ply
format ascii 1.0
element vertex 2842
property float x
property float y
property float z
element face 5696
property list uchar int vertex_indices
end_header
-41.50000 -50.00000 12.00000
-42.00000 -50.00000 11.50000
-42.00000 -50.50000 12.00000
-42.00000 -50.50000 13.00000
-41.50000 -50.00000 13.00000
-42.00000 -50.00000 13.50000
-41.50000 -49.00000 12.00000
-42.00000 -49.00000 11.50000
-41.50000 -49.00000 13.00000
-42.00000 -49.50000 14.00000
-41.50000 -49.00000 14.00000
-42.00000 -49.00000 14.50000
-41.50000 -48.00000 11.00000
-42.00000 -48.00000 10.50000
-42.00000 -48.50000 11.00000
-41.50000 -48.00000 12.00000
-41.50000 -48.00000 13.00000
-41.50000 -48.00000 14.00000
-42.00000 -48.50000 15.00000
-41.50000 -48.00000 15.00000
-42.00000 -48.00000 15.50000
-42.00000 -47.50000 11.00000
-42.00000 -47.50000 12.00000
-42.00000 -47.50000 13.00000
-42.00000 -47.50000 14.00000
-42.00000 -47.50000 15.00000
-42.50000 -51.00000 12.00000
-43.00000 -51.00000 11.50000
-43.00000 -51.50000 12.00000
-43.00000 -51.50000 13.00000
-42.50000 -51.00000 13.00000
-43.00000 -51.00000 13.50000
-42.50000 -50.00000 11.00000
-43.00000 -50.00000 10.50000
-43.00000 -50.50000 11.00000
-43.00000 -50.00000 13.50000
-42.50000 -49.00000 9.00000
-43.00000 -49.00000 8.50000
-43.00000 -49.50000 9.00000
-43.00000 -49.50000 10.00000
-42.50000 -49.00000 10.00000
-42.50000 -49.00000 11.00000
-43.00000 -49.50000 14.00000
-43.00000 -49.00000 14.50000
-42.50000 -48.00000 8.00000
-43.00000 -48.00000 7.50000
-43.00000 -48.50000 8.00000
-42.50000 -48.00000 9.00000
-42.50000 -48.00000 10.00000
-43.00000 -48.50000 15.00000
-43.00000 -48.00000 15.50000
-42.50000 -47.00000 8.00000
-43.00000 -47.00000 7.50000
-42.50000 -47.00000 9.00000
-42.50000 -47.00000 10.00000
-42.50000 -47.00000 11.00000
-42.50000 -47.00000 12.00000
-42.50000 -47.00000 13.00000
-42.50000 -47.00000 14.00000
-43.00000 -47.00000 14.50000
-43.00000 -47.50000 15.00000
-42.50000 -46.00000 8.00000
-43.00000 -46.00000 7.50000
-42.50000 -46.00000 9.00000
-42.50000 -46.00000 10.00000
-43.00000 -46.00000 10.50000
-43.00000 -46.50000 11.00000
-43.00000 -46.50000 12.00000
-43.00000 -46.50000 13.00000
-43.00000 -46.50000 14.00000
-43.00000 -45.50000 8.00000
-43.00000 -45.50000 9.00000
-43.00000 -45.50000 10.00000
-43.50000 -51.00000 11.00000
-44.00000 -51.00000 10.50000
-44.00000 -51.50000 11.00000
-44.00000 -51.50000 12.00000
-44.00000 -51.50000 13.00000
-44.00000 -51.00000 13.50000
-43.50000 -50.00000 10.00000
-44.00000 -50.00000 9.50000
-44.00000 -50.50000 10.00000
-44.00000 -50.50000 14.00000
-43.50000 -50.00000 14.00000
-44.00000 -50.00000 14.50000
-43.50000 -49.00000 8.00000
-44.00000 -49.00000 7.50000
-44.00000 -49.50000 8.00000
-44.00000 -49.50000 9.00000
-44.00000 -49.50000 15.00000
-43.50000 -49.00000 15.00000
-44.00000 -49.00000 15.50000
-43.50000 -48.00000 7.00000
-44.00000 -48.00000 6.50000
-44.00000 -48.50000 7.00000
-44.00000 -48.50000 16.00000
-43.50000 -48.00000 16.00000
-44.00000 -48.00000 16.50000
-43.50000 -47.00000 6.00000
-44.00000 -47.00000 5.50000
-44.00000 -47.50000 6.00000
-43.50000 -47.00000 7.00000
-43.50000 -47.00000 15.00000
-44.00000 -47.00000 15.50000
-44.00000 -47.50000 16.00000
-43.50000 -46.00000 5.00000
-44.00000 -46.00000 4.50000
-44.00000 -46.50000 5.00000
-43.50000 -46.00000 6.00000
-43.50000 -46.00000 7.00000
-43.50000 -46.00000 11.00000
-43.50000 -46.00000 12.00000
-44.00000 -46.00000 12.50000
-44.00000 -46.50000 13.00000
-44.00000 -46.50000 14.00000
-44.00000 -46.50000 15.00000
-43.50000 -45.00000 4.00000
-44.00000 -45.00000 3.50000
-44.00000 -45.50000 4.00000
-43.50000 -45.00000 5.00000
-43.50000 -45.00000 6.00000
-43.50000 -45.00000 7.00000
-43.50000 -45.00000 8.00000
-43.50000 -45.00000 9.00000
-43.50000 -45.00000 10.00000
-44.00000 -45.00000 10.50000
-44.00000 -45.50000 11.00000
-44.00000 -45.50000 12.00000
-43.50000 -44.00000 4.00000
-44.00000 -44.00000 3.50000
-43.50000 -44.00000 5.00000
-43.50000 -44.00000 6.00000
-43.50000 -44.00000 7.00000
-44.00000 -44.00000 7.50000
-44.00000 -44.50000 8.00000
-44.00000 -44.50000 9.00000
-44.00000 -44.50000 10.00000
-43.50000 -43.00000 3.00000
-44.00000 -43.00000 2.50000
-44.00000 -43.50000 3.00000
-43.50000 -43.00000 4.00000
-43.50000 -43.00000 5.00000
-43.50000 -43.00000 6.00000
-44.00000 -43.00000 6.50000
-44.00000 -43.50000 7.00000
-43.50000 -42.00000 3.00000
-44.00000 -42.00000 2.50000
-43.50000 -42.00000 4.00000
-43.50000 -42.00000 5.00000
-44.00000 -42.00000 5.50000
-44.00000 -42.50000 6.00000
-43.50000 -41.00000 2.00000
-44.00000 -41.00000 1.50000
-44.00000 -41.50000 2.00000
-43.50000 -41.00000 3.00000
-43.50000 -41.00000 4.00000
-44.00000 -41.00000 4.50000
-44.00000 -41.50000 5.00000
-43.50000 -40.00000 1.00000
-44.00000 -40.00000 0.50000
-44.00000 -40.50000 1.00000
-43.50000 -40.00000 2.00000
-43.50000 -40.00000 3.00000
-44.00000 -40.00000 3.50000
-44.00000 -40.50000 4.00000
-43.50000 -39.00000 1.00000
-44.00000 -39.00000 0.50000
-43.50000 -39.00000 2.00000
-43.50000 -39.00000 3.00000
-44.00000 -39.00000 3.50000
-43.50000 -38.00000 1.00000
-44.00000 -38.00000 0.50000
-43.50000 -38.00000 2.00000
-44.00000 -38.00000 2.50000
-44.00000 -38.50000 3.00000
-43.50000 -37.00000 0.00000
-44.00000 -37.00000 -0.50000
-44.00000 -37.50000 0.00000
-43.50000 -37.00000 1.00000
-44.00000 -37.00000 1.50000
-44.00000 -37.50000 2.00000
-43.50000 -36.00000 0.00000
-44.00000 -36.00000 -0.50000
-43.50000 -36.00000 1.00000
-44.00000 -36.00000 1.50000
-43.50000 -35.00000 0.00000
-44.00000 -35.00000 -0.50000
-43.50000 -35.00000 1.00000
-44.00000 -35.00000 1.50000
-43.50000 -34.00000 0.00000
-44.00000 -34.00000 -0.50000
-44.00000 -34.00000 0.50000
-44.00000 -34.50000 1.00000
-44.00000 -33.50000 0.00000
-44.50000 -51.00000 10.00000
-45.00000 -51.00000 9.50000
-45.00000 -51.50000 10.00000
-45.00000 -51.50000 11.00000
-45.00000 -51.50000 12.00000
-45.00000 -51.50000 13.00000
-45.00000 -51.00000 13.50000
-44.50000 -50.00000 8.00000
-45.00000 -50.00000 7.50000
-45.00000 -50.50000 8.00000
-45.00000 -50.50000 9.00000
-44.50000 -50.00000 9.00000
-45.00000 -50.50000 14.00000
-45.00000 -50.00000 14.50000
-44.50000 -49.00000 7.00000
-45.00000 -49.00000 6.50000
-45.00000 -49.50000 7.00000
-45.00000 -49.50000 15.00000
-45.00000 -49.50000 16.00000
-44.50000 -49.00000 16.00000
-45.00000 -49.00000 16.50000
-44.50000 -48.00000 5.00000
-45.00000 -48.00000 4.50000
-45.00000 -48.50000 5.00000
-45.00000 -48.50000 6.00000
-44.50000 -48.00000 6.00000
-45.00000 -48.50000 17.00000
-44.50000 -48.00000 17.00000
-45.00000 -48.00000 17.50000
-44.50000 -47.00000 4.00000
-45.00000 -47.00000 3.50000
-45.00000 -47.50000 4.00000
-44.50000 -47.00000 5.00000
-44.50000 -47.00000 16.00000
-45.00000 -47.00000 16.50000
-45.00000 -47.50000 17.00000
-44.50000 -46.00000 3.00000
-45.00000 -46.00000 2.50000
-45.00000 -46.50000 3.00000
-44.50000 -46.00000 4.00000
-44.50000 -46.00000 13.00000
-45.00000 -46.00000 13.50000
-45.00000 -46.50000 14.00000
-45.00000 -46.50000 15.00000
-45.00000 -46.50000 16.00000
-44.50000 -45.00000 3.00000
-45.00000 -45.00000 2.50000
-44.50000 -45.00000 11.00000
-45.00000 -45.00000 11.50000
-45.00000 -45.50000 12.00000
-45.00000 -45.50000 13.00000
-44.50000 -44.00000 2.00000
-45.00000 -44.00000 1.50000
-45.00000 -44.50000 2.00000
-44.50000 -44.00000 3.00000
-44.50000 -44.00000 8.00000
-45.00000 -44.00000 8.50000
-45.00000 -44.50000 9.00000
-45.00000 -44.50000 10.00000
-45.00000 -44.50000 11.00000
-44.50000 -43.00000 2.00000
-45.00000 -43.00000 1.50000
-44.50000 -43.00000 7.00000
-45.00000 -43.00000 7.50000
-45.00000 -43.50000 8.00000
-44.50000 -42.00000 1.00000
-45.00000 -42.00000 0.50000
-45.00000 -42.50000 1.00000
-44.50000 -42.00000 2.00000
-44.50000 -42.00000 6.00000
-45.00000 -42.00000 6.50000
-45.00000 -42.50000 7.00000
-44.50000 -41.00000 0.00000
-45.00000 -41.00000 -0.50000
-45.00000 -41.50000 0.00000
-44.50000 -41.00000 1.00000
-44.50000 -41.00000 5.00000
-44.50000 -41.00000 6.00000
-45.00000 -41.00000 6.50000
-44.50000 -40.00000 0.00000
-45.00000 -40.00000 -0.50000
-44.50000 -40.00000 4.00000
-44.50000 -40.00000 5.00000
-45.00000 -40.00000 5.50000
-45.00000 -40.50000 6.00000
-44.50000 -39.00000 -1.00000
-45.00000 -39.00000 -1.50000
-45.00000 -39.50000 -1.00000
-44.50000 -39.00000 0.00000
-44.50000 -39.00000 4.00000
-45.00000 -39.00000 4.50000
-45.00000 -39.50000 5.00000
-44.50000 -38.00000 -1.00000
-45.00000 -38.00000 -1.50000
-44.50000 -38.00000 0.00000
-44.50000 -38.00000 3.00000
-45.00000 -38.00000 3.50000
-45.00000 -38.50000 4.00000
-44.50000 -37.00000 -1.00000
-45.00000 -37.00000 -1.50000
-44.50000 -37.00000 2.00000
-44.50000 -37.00000 3.00000
-45.00000 -37.00000 3.50000
-45.00000 -36.50000 -1.00000
-45.00000 -36.00000 -0.50000
-44.50000 -36.00000 2.00000
-45.00000 -36.00000 2.50000
-45.00000 -36.50000 3.00000
-45.00000 -35.00000 -0.50000
-44.50000 -35.00000 2.00000
-45.00000 -35.00000 2.50000
-45.00000 -34.50000 0.00000
-44.50000 -34.00000 0.00000
-45.00000 -34.50000 1.00000
-45.00000 -34.50000 2.00000
-45.50000 -52.00000 12.00000
-46.00000 -52.00000 11.50000
-46.00000 -52.50000 12.00000
-46.00000 -52.00000 12.50000
-45.50000 -51.00000 9.00000
-46.00000 -51.00000 8.50000
-46.00000 -51.50000 9.00000
-46.00000 -51.50000 10.00000
-46.00000 -51.50000 11.00000
-46.00000 -51.50000 13.00000
-46.00000 -51.00000 13.50000
-46.00000 -50.00000 7.50000
-46.00000 -50.50000 8.00000
-46.00000 -50.50000 14.00000
-46.00000 -50.00000 14.50000
-45.50000 -49.00000 6.00000
-46.00000 -49.00000 5.50000
-46.00000 -49.50000 6.00000
-46.00000 -49.50000 7.00000
-45.50000 -49.00000 12.00000
-46.00000 -49.50000 12.00000
-46.00000 -49.00000 11.50000
-45.50000 -49.00000 13.00000
-46.00000 -49.50000 13.00000
-46.00000 -49.00000 13.50000
-46.00000 -49.50000 15.00000
-46.00000 -49.50000 16.00000
-46.00000 -49.50000 17.00000
-45.50000 -49.00000 17.00000
-46.00000 -49.00000 17.50000
-45.50000 -48.00000 4.00000
-46.00000 -48.00000 3.50000
-46.00000 -48.50000 4.00000
-46.00000 -48.50000 5.00000
-45.50000 -48.00000 10.00000
-46.00000 -48.50000 10.00000
-46.00000 -48.00000 9.50000
-45.50000 -48.00000 11.00000
-46.00000 -48.50000 11.00000
-45.50000 -48.00000 12.00000
-46.00000 -48.00000 12.50000
-46.00000 -48.50000 13.00000
-46.00000 -48.50000 18.00000
-45.50000 -48.00000 18.00000
-46.00000 -48.00000 18.50000
-45.50000 -47.00000 3.00000
-46.00000 -47.00000 2.50000
-46.00000 -47.50000 3.00000
-45.50000 -47.00000 8.00000
-46.00000 -47.50000 8.00000
-46.00000 -47.00000 7.50000
-46.00000 -47.00000 8.50000
-46.00000 -47.50000 10.00000
-46.00000 -47.50000 11.00000
-46.00000 -47.50000 12.00000
-45.50000 -47.00000 17.00000
-46.00000 -47.00000 17.50000
-46.00000 -47.50000 18.00000
-45.50000 -46.00000 2.00000
-46.00000 -46.00000 1.50000
-46.00000 -46.50000 2.00000
-46.00000 -46.50000 8.00000
-45.50000 -46.00000 14.00000
-46.00000 -46.00000 14.50000
-46.00000 -46.50000 15.00000
-46.00000 -46.50000 16.00000
-46.00000 -46.50000 17.00000
-45.50000 -45.00000 2.00000
-46.00000 -45.00000 1.50000
-46.00000 -45.50000 12.00000
-46.00000 -45.00000 11.50000
-46.00000 -45.50000 13.00000
-46.00000 -45.50000 14.00000
-45.50000 -44.00000 1.00000
-46.00000 -44.00000 0.50000
-46.00000 -44.50000 1.00000
-45.50000 -44.00000 9.00000
-46.00000 -44.00000 9.50000
-46.00000 -44.50000 10.00000
-46.00000 -44.50000 11.00000
-45.50000 -43.00000 1.00000
-46.00000 -43.00000 0.50000
-45.50000 -43.00000 8.00000
-46.00000 -43.00000 8.50000
-46.00000 -43.50000 9.00000
-45.50000 -42.00000 0.00000
-46.00000 -42.00000 -0.50000
-46.00000 -42.50000 0.00000
-45.50000 -42.00000 7.00000
-46.00000 -42.00000 7.50000
-46.00000 -42.50000 8.00000
-45.50000 -41.00000 -1.00000
-46.00000 -41.00000 -1.50000
-46.00000 -41.50000 -1.00000
-45.50000 -41.00000 7.00000
-46.00000 -41.00000 7.50000
-45.50000 -40.00000 -1.00000
-46.00000 -40.00000 -1.50000
-45.50000 -40.00000 6.00000
-46.00000 -40.00000 6.50000
-46.00000 -40.50000 7.00000
-45.50000 -39.00000 -2.00000
-46.00000 -39.00000 -2.50000
-46.00000 -39.50000 -2.00000
-45.50000 -39.00000 5.00000
-46.00000 -39.00000 5.50000
-46.00000 -39.50000 6.00000
-46.00000 -38.50000 -2.00000
-46.00000 -38.00000 -1.50000
-45.50000 -38.00000 4.00000
-46.00000 -38.00000 4.50000
-46.00000 -38.50000 5.00000
-46.00000 -37.00000 -1.50000
-46.00000 -37.50000 4.00000
-46.00000 -37.00000 3.50000
-46.00000 -36.50000 -1.00000
-46.00000 -36.00000 -0.50000
-45.50000 -36.00000 3.00000
-46.00000 -36.00000 3.50000
-46.00000 -35.50000 0.00000
-45.50000 -35.00000 0.00000
-46.00000 -35.00000 0.50000
-45.50000 -35.00000 3.00000
-46.00000 -35.00000 3.50000
-46.00000 -34.50000 1.00000
-46.00000 -34.50000 2.00000
-46.00000 -34.50000 3.00000
-46.50000 -52.00000 11.00000
-47.00000 -52.00000 10.50000
-47.00000 -52.50000 11.00000
-47.00000 -52.50000 12.00000
-47.00000 -52.00000 12.50000
-46.50000 -51.00000 8.00000
-47.00000 -51.00000 7.50000
-47.00000 -51.50000 8.00000
-47.00000 -51.50000 9.00000
-47.00000 -51.50000 10.00000
-47.00000 -51.50000 13.00000
-47.00000 -51.00000 13.50000
-46.50000 -50.00000 6.00000
-47.00000 -50.00000 5.50000
-47.00000 -50.50000 6.00000
-47.00000 -50.50000 7.00000
-46.50000 -50.00000 7.00000
-47.00000 -50.50000 14.00000
-47.00000 -50.50000 15.00000
-46.50000 -50.00000 15.00000
-47.00000 -50.00000 15.50000
-46.50000 -49.00000 5.00000
-47.00000 -49.00000 4.50000
-47.00000 -49.50000 5.00000
-46.50000 -49.00000 11.00000
-47.00000 -49.50000 11.00000
-47.00000 -49.00000 10.50000
-47.00000 -49.50000 12.00000
-47.00000 -49.50000 13.00000
-46.50000 -49.00000 14.00000
-47.00000 -49.50000 14.00000
-47.00000 -49.00000 14.50000
-47.00000 -49.50000 16.00000
-47.00000 -49.50000 17.00000
-47.00000 -49.50000 18.00000
-46.50000 -49.00000 18.00000
-47.00000 -49.00000 18.50000
-46.50000 -48.00000 3.00000
-47.00000 -48.00000 2.50000
-47.00000 -48.50000 3.00000
-47.00000 -48.50000 4.00000
-46.50000 -48.00000 9.00000
-47.00000 -48.50000 9.00000
-47.00000 -48.00000 8.50000
-47.00000 -48.50000 10.00000
-47.00000 -48.00000 12.50000
-47.00000 -48.50000 13.00000
-47.00000 -48.50000 14.00000
-47.00000 -48.50000 19.00000
-46.50000 -48.00000 19.00000
-47.00000 -48.00000 19.50000
-46.50000 -47.00000 2.00000
-47.00000 -47.00000 1.50000
-47.00000 -47.50000 2.00000
-47.00000 -47.50000 8.00000
-47.00000 -47.00000 7.50000
-46.50000 -47.50000 8.50000
-47.00000 -47.50000 9.00000
-47.00000 -47.00000 8.50000
-47.00000 -47.50000 10.00000
-47.00000 -47.50000 11.00000
-47.00000 -47.50000 12.00000
-47.00000 -47.50000 18.00000
-47.00000 -47.00000 17.50000
-47.00000 -47.50000 19.00000
-47.00000 -46.00000 1.50000
-46.50000 -46.00000 6.00000
-47.00000 -46.50000 6.00000
-47.00000 -46.00000 5.50000
-47.00000 -46.00000 6.50000
-47.00000 -46.50000 8.00000
-47.00000 -46.50000 15.00000
-47.00000 -46.00000 14.50000
-47.00000 -46.50000 16.00000
-47.00000 -46.50000 17.00000
-46.50000 -45.00000 1.00000
-47.00000 -45.00000 0.50000
-47.00000 -45.50000 1.00000
-46.50000 -45.00000 5.00000
-47.00000 -45.50000 5.00000
-47.00000 -45.00000 4.50000
-47.00000 -45.50000 6.00000
-47.00000 -45.00000 5.50000
-46.50000 -45.00000 12.00000
-47.00000 -45.00000 12.50000
-47.00000 -45.50000 13.00000
-47.00000 -45.50000 14.00000
-47.00000 -44.00000 0.50000
-46.50000 -44.00000 5.00000
-47.00000 -44.00000 4.50000
-47.00000 -44.00000 5.50000
-47.00000 -44.50000 10.00000
-47.00000 -44.00000 9.50000
-47.00000 -44.50000 11.00000
-47.00000 -44.50000 12.00000
-46.50000 -43.00000 0.00000
-47.00000 -43.00000 -0.50000
-47.00000 -43.50000 0.00000
-46.50000 -43.00000 4.00000
-47.00000 -43.50000 4.00000
-47.00000 -43.00000 3.50000
-47.00000 -43.50000 5.00000
-47.00000 -43.00000 4.50000
-47.00000 -43.50000 9.00000
-47.00000 -43.00000 8.50000
-46.50000 -42.00000 -1.00000
-47.00000 -42.00000 -1.50000
-47.00000 -42.50000 -1.00000
-46.50000 -42.00000 3.00000
-47.00000 -42.50000 3.00000
-47.00000 -42.00000 2.50000
-46.50000 -42.00000 4.00000
-47.00000 -42.00000 4.50000
-46.50000 -42.00000 8.00000
-47.00000 -42.00000 8.50000
-46.50000 -41.00000 -2.00000
-47.00000 -41.00000 -2.50000
-47.00000 -41.50000 -2.00000
-46.50000 -41.00000 2.00000
-47.00000 -41.50000 2.00000
-47.00000 -41.00000 1.50000
-46.50000 -41.00000 3.00000
-47.00000 -41.00000 3.50000
-47.00000 -41.50000 4.00000
-47.00000 -41.50000 8.00000
-47.00000 -41.00000 7.50000
-46.50000 -40.00000 -2.00000
-47.00000 -40.00000 -2.50000
-46.50000 -40.00000 2.00000
-47.00000 -40.00000 1.50000
-47.00000 -40.00000 2.50000
-47.00000 -40.50000 3.00000
-46.50000 -40.00000 7.00000
-47.00000 -40.00000 7.50000
-47.00000 -39.00000 -2.50000
-47.00000 -39.50000 2.00000
-46.50000 -39.00000 6.00000
-47.00000 -39.00000 6.50000
-47.00000 -39.50000 7.00000
-47.00000 -38.50000 -2.00000
-47.00000 -38.00000 -1.50000
-47.00000 -38.50000 5.00000
-47.00000 -38.00000 4.50000
-47.00000 -38.50000 6.00000
-47.00000 -37.00000 -1.50000
-46.50000 -37.00000 4.00000
-47.00000 -37.00000 4.50000
-47.00000 -36.50000 -1.00000
-47.00000 -36.00000 -0.50000
-47.00000 -36.50000 4.00000
-47.00000 -36.00000 3.50000
-47.00000 -35.50000 0.00000
-46.50000 -35.00000 1.00000
-47.00000 -35.50000 1.00000
-46.50000 -35.00000 2.00000
-47.00000 -35.50000 2.00000
-46.50000 -35.00000 3.00000
-47.00000 -35.50000 3.00000
-47.50000 -52.00000 10.00000
-48.00000 -52.00000 9.50000
-48.00000 -52.50000 10.00000
-48.00000 -52.50000 11.00000
-48.00000 -52.50000 12.00000
-48.00000 -52.00000 12.50000
-48.00000 -51.00000 7.50000
-48.00000 -51.50000 8.00000
-48.00000 -51.50000 9.00000
-48.00000 -51.50000 13.00000
-48.00000 -51.00000 13.50000
-48.00000 -50.00000 5.50000
-48.00000 -50.50000 6.00000
-48.00000 -50.50000 7.00000
-48.00000 -50.50000 14.00000
-48.00000 -50.50000 15.00000
-48.00000 -50.50000 16.00000
-47.50000 -50.00000 16.00000
-48.00000 -50.00000 16.50000
-47.50000 -49.00000 4.00000
-48.00000 -49.00000 3.50000
-48.00000 -49.50000 4.00000
-48.00000 -49.50000 5.00000
-47.50000 -49.00000 10.00000
-48.00000 -49.50000 10.00000
-48.00000 -49.00000 9.50000
-48.00000 -49.50000 11.00000
-48.00000 -49.50000 12.00000
-48.00000 -49.50000 13.00000
-48.00000 -49.50000 14.00000
-47.50000 -49.00000 15.00000
-48.00000 -49.50000 15.00000
-48.00000 -49.00000 15.50000
-48.00000 -49.50000 17.00000
-48.00000 -49.50000 18.00000
-48.00000 -49.50000 19.00000
-47.50000 -49.00000 19.00000
-48.00000 -49.00000 19.50000
-48.00000 -48.00000 2.50000
-48.00000 -48.50000 3.00000
-48.00000 -48.50000 9.00000
-48.00000 -48.00000 8.50000
-47.50000 -48.00000 12.00000
-48.00000 -48.00000 11.50000
-48.00000 -48.50000 12.00000
-48.00000 -48.50000 13.00000
-48.00000 -48.50000 14.00000
-48.00000 -48.50000 15.00000
-48.00000 -48.50000 20.00000
-47.50000 -48.00000 20.00000
-48.00000 -48.00000 20.50000
-48.00000 -47.00000 1.50000
-48.00000 -47.50000 2.00000
-47.50000 -47.00000 7.00000
-48.00000 -47.50000 7.00000
-48.00000 -47.00000 6.50000
-47.50000 -47.00000 8.00000
-48.00000 -47.00000 7.50000
-47.50000 -47.50000 8.50000
-48.00000 -47.50000 9.00000
-48.00000 -47.50000 10.00000
-48.00000 -47.50000 11.00000
-48.00000 -47.50000 18.00000
-48.00000 -47.00000 17.50000
-48.00000 -47.50000 19.00000
-48.00000 -47.50000 20.00000
-47.50000 -46.00000 1.00000
-48.00000 -46.00000 0.50000
-48.00000 -46.50000 1.00000
-47.50000 -46.00000 5.00000
-48.00000 -46.50000 5.00000
-48.00000 -46.00000 4.50000
-48.00000 -46.50000 6.00000
-47.50000 -46.50000 6.50000
-48.00000 -46.50000 7.00000
-48.00000 -46.00000 6.50000
-47.50000 -46.00000 15.00000
-48.00000 -46.00000 15.50000
-48.00000 -46.50000 16.00000
-48.00000 -46.50000 17.00000
-48.00000 -45.00000 0.50000
-48.00000 -45.00000 4.50000
-48.00000 -45.00000 5.50000
-48.00000 -45.50000 6.00000
-48.00000 -45.50000 13.00000
-48.00000 -45.00000 12.50000
-48.00000 -45.50000 14.00000
-48.00000 -45.50000 15.00000
-47.50000 -44.00000 0.00000
-48.00000 -44.00000 -0.50000
-48.00000 -44.50000 0.00000
-47.50000 -44.00000 4.00000
-48.00000 -44.50000 4.00000
-48.00000 -44.00000 3.50000
-48.00000 -44.00000 5.50000
-48.00000 -44.50000 10.00000
-48.00000 -44.00000 9.50000
-48.00000 -44.50000 11.00000
-48.00000 -44.50000 12.00000
-47.50000 -43.00000 -1.00000
-48.00000 -43.00000 -1.50000
-48.00000 -43.50000 -1.00000
-48.00000 -43.00000 3.50000
-48.00000 -43.00000 4.50000
-48.00000 -43.50000 5.00000
-47.50000 -43.00000 9.00000
-48.00000 -43.00000 9.50000
-48.00000 -42.00000 -1.50000
-48.00000 -42.50000 3.00000
-48.00000 -42.00000 2.50000
-48.00000 -42.00000 4.50000
-47.50000 -42.00000 9.00000
-48.00000 -42.00000 9.50000
-48.00000 -41.00000 -2.50000
-48.00000 -41.50000 -2.00000
-48.00000 -41.50000 2.00000
-48.00000 -41.00000 1.50000
-48.00000 -41.00000 3.50000
-48.00000 -41.50000 4.00000
-47.50000 -41.00000 8.00000
-48.00000 -41.00000 8.50000
-48.00000 -41.50000 9.00000
-48.00000 -40.00000 -2.50000
-47.50000 -40.00000 1.00000
-48.00000 -40.50000 1.00000
-48.00000 -40.00000 0.50000
-48.00000 -40.00000 2.50000
-48.00000 -40.50000 3.00000
-48.00000 -40.50000 8.00000
-48.00000 -40.00000 7.50000
-48.00000 -39.50000 -2.00000
-47.50000 -39.00000 -2.00000
-48.00000 -39.00000 -1.50000
-47.50000 -39.00000 0.00000
-48.00000 -39.50000 0.00000
-48.00000 -39.00000 -0.50000
-47.50000 -39.00000 1.00000
-48.00000 -39.50000 2.00000
-48.00000 -39.00000 1.50000
-47.50000 -39.00000 7.00000
-48.00000 -39.00000 7.50000
-48.00000 -38.00000 -1.50000
-47.50000 -38.00000 0.00000
-48.00000 -38.00000 -0.50000
-48.00000 -38.00000 0.50000
-48.00000 -38.50000 1.00000
-47.50000 -38.00000 5.00000
-48.00000 -38.00000 5.50000
-48.00000 -38.50000 6.00000
-48.00000 -38.50000 7.00000
-48.00000 -37.50000 -1.00000
-47.50000 -37.00000 -1.00000
-47.50000 -37.00000 0.00000
-48.00000 -37.00000 0.50000
-48.00000 -37.50000 5.00000
-48.00000 -37.00000 4.50000
-47.50000 -36.00000 0.00000
-48.00000 -36.50000 1.00000
-47.50000 -36.00000 1.00000
-47.50000 -36.00000 2.00000
-48.00000 -36.50000 2.00000
-48.00000 -36.00000 2.50000
-48.00000 -36.50000 4.00000
-48.00000 -36.00000 3.50000
-48.00000 -35.50000 3.00000
-48.50000 -53.00000 11.00000
-49.00000 -53.00000 10.50000
-49.00000 -53.50000 11.00000
-49.00000 -53.50000 12.00000
-48.50000 -53.00000 12.00000
-49.00000 -53.00000 12.50000
-48.50000 -52.00000 9.00000
-49.00000 -52.00000 8.50000
-49.00000 -52.50000 9.00000
-49.00000 -52.50000 10.00000
-49.00000 -52.00000 12.50000
-48.50000 -51.00000 7.00000
-49.00000 -51.00000 6.50000
-49.00000 -51.50000 7.00000
-49.00000 -51.50000 8.00000
-49.00000 -51.50000 13.00000
-49.00000 -51.00000 13.50000
-48.50000 -50.00000 5.00000
-49.00000 -50.00000 4.50000
-49.00000 -50.50000 5.00000
-49.00000 -50.50000 6.00000
-49.00000 -50.50000 14.00000
-48.50000 -50.00000 15.00000
-49.00000 -50.00000 14.50000
-48.50000 -50.00000 16.00000
-48.50000 -50.00000 20.00000
-49.00000 -50.00000 19.50000
-49.00000 -50.50000 20.00000
-49.00000 -50.00000 20.50000
-48.50000 -49.00000 3.00000
-49.00000 -49.00000 2.50000
-49.00000 -49.50000 3.00000
-49.00000 -49.50000 4.00000
-48.50000 -49.00000 9.00000
-49.00000 -49.50000 9.00000
-49.00000 -49.00000 8.50000
-49.00000 -49.50000 10.00000
-49.00000 -49.50000 11.00000
-49.00000 -49.50000 12.00000
-49.00000 -49.50000 13.00000
-49.00000 -49.50000 14.00000
-48.50000 -49.00000 16.00000
-49.00000 -49.50000 17.00000
-49.00000 -49.00000 16.50000
-49.00000 -49.50000 18.00000
-49.00000 -49.50000 19.00000
-48.50000 -49.00000 20.00000
-49.00000 -49.50000 21.00000
-48.50000 -49.00000 21.00000
-49.00000 -49.00000 21.50000
-48.50000 -48.00000 2.00000
-49.00000 -48.00000 1.50000
-49.00000 -48.50000 2.00000
-48.50000 -48.00000 8.00000
-49.00000 -48.50000 8.00000
-49.00000 -48.00000 7.50000
-48.50000 -48.00000 11.00000
-49.00000 -48.00000 10.50000
-49.00000 -48.50000 11.00000
-49.00000 -48.50000 12.00000
-49.00000 -48.50000 13.00000
-49.00000 -48.50000 14.00000
-49.00000 -48.50000 15.00000
-49.00000 -48.50000 16.00000
-49.00000 -48.50000 21.00000
-49.00000 -48.00000 20.50000
-48.50000 -47.00000 1.00000
-49.00000 -47.00000 0.50000
-49.00000 -47.50000 1.00000
-48.50000 -47.00000 6.00000
-49.00000 -47.50000 6.00000
-49.00000 -47.00000 5.50000
-49.00000 -47.50000 7.00000
-48.50000 -47.50000 7.50000
-49.00000 -47.50000 8.00000
-49.00000 -47.00000 7.50000
-49.00000 -47.50000 9.00000
-49.00000 -47.50000 10.00000
-49.00000 -47.50000 18.00000
-49.00000 -47.00000 17.50000
-49.00000 -47.50000 19.00000
-49.00000 -47.50000 20.00000
-49.00000 -46.00000 0.50000
-49.00000 -46.50000 5.00000
-49.00000 -46.00000 4.50000
-49.00000 -46.00000 6.50000
-49.00000 -46.50000 7.00000
-49.00000 -46.50000 16.00000
-49.00000 -46.00000 15.50000
-49.00000 -46.50000 17.00000
-48.50000 -45.00000 0.00000
-49.00000 -45.00000 -0.50000
-49.00000 -45.50000 0.00000
-49.00000 -45.00000 4.50000
-48.50000 -45.00000 6.00000
-49.00000 -45.00000 6.50000
-48.50000 -45.00000 12.00000
-49.00000 -45.50000 12.00000
-49.00000 -45.00000 11.50000
-49.00000 -45.50000 13.00000
-49.00000 -45.50000 14.00000
-49.00000 -45.50000 15.00000
-49.00000 -44.00000 -0.50000
-49.00000 -44.50000 4.00000
-49.00000 -44.00000 3.50000
-49.00000 -44.00000 5.50000
-49.00000 -44.50000 6.00000
-49.00000 -44.50000 10.00000
-49.00000 -44.00000 9.50000
-49.00000 -44.50000 11.00000
-49.00000 -43.00000 -1.50000
-49.00000 -43.50000 -1.00000
-48.50000 -43.00000 3.00000
-49.00000 -43.50000 3.00000
-49.00000 -43.00000 2.50000
-48.50000 -43.00000 5.00000
-49.00000 -43.00000 5.50000
-49.00000 -43.00000 9.50000
-48.50000 -42.00000 -2.00000
-49.00000 -42.00000 -2.50000
-49.00000 -42.50000 -2.00000
-49.00000 -42.00000 2.50000
-49.00000 -42.00000 4.50000
-49.00000 -42.50000 5.00000
-49.00000 -42.00000 9.50000
-48.50000 -41.00000 -3.00000
-49.00000 -41.00000 -3.50000
-49.00000 -41.50000 -3.00000
-49.00000 -41.50000 2.00000
-49.00000 -41.00000 1.50000
-49.00000 -41.00000 3.50000
-49.00000 -41.50000 4.00000
-48.50000 -41.00000 9.00000
-49.00000 -41.00000 9.50000
-49.00000 -40.50000 -3.00000
-49.00000 -40.00000 -2.50000
-48.50000 -40.00000 0.00000
-49.00000 -40.50000 0.00000
-49.00000 -40.00000 -0.50000
-49.00000 -40.50000 1.00000
-49.00000 -40.00000 2.50000
-49.00000 -40.50000 3.00000
-48.50000 -40.00000 8.00000
-49.00000 -40.00000 8.50000
-49.00000 -40.50000 9.00000
-49.00000 -39.50000 -2.00000
-48.50000 -39.00000 -1.00000
-49.00000 -39.50000 -1.00000
-49.00000 -39.00000 1.50000
-49.00000 -39.50000 2.00000
-49.00000 -39.50000 8.00000
-49.00000 -39.00000 7.50000
-48.50000 -38.00000 -1.00000
-49.00000 -38.00000 0.50000
-49.00000 -38.50000 1.00000
-48.50000 -38.00000 6.00000
-49.00000 -38.00000 6.50000
-49.00000 -38.50000 7.00000
-49.00000 -37.50000 1.00000
-48.50000 -37.00000 1.00000
-48.50000 -37.00000 2.00000
-49.00000 -37.50000 2.00000
-49.00000 -37.00000 2.50000
-48.50000 -37.00000 5.00000
-49.00000 -37.00000 5.50000
-49.00000 -37.50000 6.00000
-48.50000 -36.00000 3.00000
-49.00000 -36.50000 3.00000
-48.50000 -36.00000 4.00000
-49.00000 -36.00000 3.50000
-49.00000 -36.00000 4.50000
-49.00000 -36.50000 5.00000
-49.00000 -35.50000 4.00000
-49.50000 -53.00000 10.00000
-50.00000 -53.00000 9.50000
-50.00000 -53.50000 10.00000
-50.00000 -53.50000 11.00000
-50.00000 -53.50000 12.00000
-50.00000 -53.00000 12.50000
-49.50000 -52.00000 8.00000
-50.00000 -52.00000 7.50000
-50.00000 -52.50000 8.00000
-50.00000 -52.50000 9.00000
-50.00000 -52.00000 12.50000
-49.50000 -51.00000 6.00000
-50.00000 -51.00000 5.50000
-50.00000 -51.50000 6.00000
-50.00000 -51.50000 7.00000
-49.50000 -51.00000 13.00000
-50.00000 -51.00000 12.50000
-49.50000 -50.00000 4.00000
-50.00000 -50.00000 3.50000
-50.00000 -50.50000 4.00000
-50.00000 -50.50000 5.00000
-50.00000 -50.50000 13.00000
-49.50000 -50.00000 14.00000
-50.00000 -50.00000 13.50000
-50.00000 -50.00000 19.50000
-50.00000 -50.50000 20.00000
-50.00000 -50.00000 20.50000
-50.00000 -49.00000 2.50000
-50.00000 -49.50000 3.00000
-50.00000 -49.50000 9.00000
-50.00000 -49.00000 8.50000
-49.50000 -49.00000 10.00000
-50.00000 -49.00000 9.50000
-50.00000 -49.00000 10.50000
-50.00000 -49.50000 11.00000
-50.00000 -49.50000 12.00000
-50.00000 -49.50000 13.00000
-50.00000 -49.00000 16.50000
-50.00000 -49.50000 17.00000
-50.00000 -49.50000 18.00000
-50.00000 -49.50000 19.00000
-50.00000 -49.50000 21.00000
-50.00000 -49.00000 21.50000
-50.00000 -48.00000 1.50000
-50.00000 -48.50000 2.00000
-49.50000 -48.00000 7.00000
-50.00000 -48.50000 7.00000
-50.00000 -48.00000 6.50000
-50.00000 -48.50000 8.00000
-49.50000 -48.00000 10.00000
-50.00000 -48.00000 9.50000
-50.00000 -48.50000 11.00000
-50.00000 -48.50000 12.00000
-50.00000 -48.50000 13.00000
-50.00000 -48.50000 14.00000
-50.00000 -48.50000 15.00000
-50.00000 -48.50000 16.00000
-50.00000 -48.50000 21.00000
-50.00000 -48.00000 20.50000
-50.00000 -47.00000 0.50000
-50.00000 -47.50000 1.00000
-50.00000 -47.50000 6.00000
-50.00000 -47.00000 5.50000
-50.00000 -47.00000 7.50000
-50.00000 -47.50000 8.00000
-50.00000 -47.50000 9.00000
-49.50000 -47.00000 18.00000
-50.00000 -47.00000 18.50000
-50.00000 -47.50000 19.00000
-50.00000 -47.50000 20.00000
-50.00000 -46.00000 0.50000
-50.00000 -46.50000 5.00000
-50.00000 -46.00000 4.50000
-50.00000 -46.00000 6.50000
-50.00000 -46.50000 7.00000
-50.00000 -46.50000 16.00000
-50.00000 -46.00000 15.50000
-50.00000 -46.50000 17.00000
-50.00000 -46.50000 18.00000
-50.00000 -45.00000 -0.50000
-50.00000 -45.50000 0.00000
-50.00000 -45.00000 4.50000
-50.00000 -45.00000 6.50000
-50.00000 -45.50000 12.00000
-50.00000 -45.00000 11.50000
-50.00000 -45.50000 13.00000
-50.00000 -45.50000 14.00000
-50.00000 -45.50000 15.00000
-50.00000 -44.00000 -0.50000
-50.00000 -44.50000 4.00000
-50.00000 -44.00000 3.50000
-50.00000 -44.00000 5.50000
-50.00000 -44.50000 6.00000
-49.50000 -44.00000 10.00000
-50.00000 -44.00000 10.50000
-50.00000 -44.50000 11.00000
-50.00000 -43.00000 -1.50000
-50.00000 -43.50000 -1.00000
-50.00000 -43.50000 3.00000
-50.00000 -43.00000 2.50000
-50.00000 -43.00000 5.50000
-49.50000 -43.00000 10.00000
-50.00000 -43.00000 10.50000
-50.00000 -42.00000 -2.50000
-50.00000 -42.50000 -2.00000
-50.00000 -42.00000 2.50000
-50.00000 -42.00000 4.50000
-50.00000 -42.50000 5.00000
-50.00000 -42.50000 10.00000
-50.00000 -42.00000 9.50000
-49.50000 -41.00000 -3.00000
-50.00000 -41.00000 -2.50000
-50.00000 -41.50000 2.00000
-50.00000 -41.00000 1.50000
-50.00000 -41.00000 3.50000
-50.00000 -41.50000 4.00000
-50.00000 -41.00000 9.50000
-50.00000 -40.00000 -2.50000
-50.00000 -40.50000 0.00000
-50.00000 -40.00000 -0.50000
-50.00000 -40.50000 1.00000
-50.00000 -40.00000 2.50000
-50.00000 -40.50000 3.00000
-50.00000 -40.50000 9.00000
-50.00000 -40.00000 8.50000
-50.00000 -39.50000 -2.00000
-50.00000 -39.50000 -1.00000
-50.00000 -39.00000 1.50000
-50.00000 -39.50000 2.00000
-50.00000 -39.50000 8.00000
-50.00000 -39.00000 7.50000
-49.50000 -38.00000 1.00000
-50.00000 -38.50000 2.00000
-49.50000 -38.00000 2.00000
-50.00000 -38.00000 2.50000
-49.50000 -38.00000 7.00000
-50.00000 -38.00000 7.50000
-49.50000 -37.00000 3.00000
-50.00000 -37.50000 3.00000
-50.00000 -37.00000 3.50000
-49.50000 -37.00000 6.00000
-50.00000 -37.00000 6.50000
-50.00000 -37.50000 7.00000
-49.50000 -36.00000 4.00000
-50.00000 -36.50000 4.00000
-49.50000 -36.00000 5.00000
-50.00000 -36.00000 4.50000
-50.00000 -36.00000 5.50000
-50.00000 -36.50000 6.00000
-50.00000 -35.50000 5.00000
-50.50000 -53.00000 9.00000
-51.00000 -53.00000 8.50000
-51.00000 -53.50000 9.00000
-51.00000 -53.50000 10.00000
-51.00000 -53.50000 11.00000
-51.00000 -53.50000 12.00000
-51.00000 -53.00000 12.50000
-50.50000 -52.00000 7.00000
-51.00000 -52.00000 6.50000
-51.00000 -52.50000 7.00000
-51.00000 -52.50000 8.00000
-51.00000 -52.00000 12.50000
-50.50000 -51.00000 5.00000
-51.00000 -51.00000 4.50000
-51.00000 -51.50000 5.00000
-51.00000 -51.50000 6.00000
-51.00000 -51.00000 12.50000
-51.00000 -50.00000 3.50000
-51.00000 -50.50000 4.00000
-50.50000 -50.00000 12.00000
-51.00000 -50.50000 12.00000
-51.00000 -50.00000 11.50000
-50.50000 -50.00000 13.00000
-51.00000 -50.00000 19.50000
-51.00000 -50.50000 20.00000
-51.00000 -50.00000 20.50000
-50.50000 -49.00000 2.00000
-51.00000 -49.00000 1.50000
-51.00000 -49.50000 2.00000
-51.00000 -49.50000 3.00000
-50.50000 -49.00000 8.00000
-51.00000 -49.50000 8.00000
-51.00000 -49.00000 7.50000
-51.00000 -49.50000 9.00000
-51.00000 -49.00000 9.50000
-50.50000 -49.00000 11.00000
-51.00000 -49.00000 11.50000
-51.00000 -49.00000 16.50000
-51.00000 -49.50000 17.00000
-51.00000 -49.50000 18.00000
-51.00000 -49.50000 19.00000
-51.00000 -49.50000 21.00000
-51.00000 -49.00000 21.50000
-51.00000 -48.00000 1.50000
-50.50000 -48.00000 6.00000
-51.00000 -48.50000 6.00000
-51.00000 -48.00000 5.50000
-51.00000 -48.50000 7.00000
-51.00000 -48.00000 9.50000
-51.00000 -48.50000 12.00000
-51.00000 -48.50000 13.00000
-51.00000 -48.50000 14.00000
-51.00000 -48.50000 15.00000
-51.00000 -48.50000 16.00000
-51.00000 -48.50000 21.00000
-51.00000 -48.00000 20.50000
-51.00000 -47.00000 0.50000
-51.00000 -47.50000 1.00000
-50.50000 -47.00000 5.00000
-51.00000 -47.50000 5.00000
-51.00000 -47.00000 4.50000
-51.00000 -47.00000 7.50000
-51.00000 -47.50000 8.00000
-51.00000 -47.50000 9.00000
-51.00000 -47.50000 19.00000
-51.00000 -47.00000 18.50000
-51.00000 -47.50000 20.00000
-50.50000 -46.00000 0.00000
-51.00000 -46.00000 -0.50000
-51.00000 -46.50000 0.00000
-51.00000 -46.00000 4.50000
-50.50000 -46.00000 7.00000
-51.00000 -46.00000 7.50000
-51.00000 -46.50000 16.00000
-51.00000 -46.00000 15.50000
-51.00000 -46.50000 17.00000
-51.00000 -46.50000 18.00000
-51.00000 -45.00000 -0.50000
-50.50000 -45.00000 4.00000
-51.00000 -45.50000 4.00000
-51.00000 -45.00000 3.50000
-51.00000 -45.00000 6.50000
-51.00000 -45.50000 7.00000
-51.00000 -45.50000 12.00000
-51.00000 -45.00000 11.50000
-51.00000 -45.50000 13.00000
-51.00000 -45.50000 14.00000
-51.00000 -45.50000 15.00000
-51.00000 -44.00000 -0.50000
-51.00000 -44.00000 3.50000
-51.00000 -44.00000 5.50000
-51.00000 -44.50000 6.00000
-51.00000 -44.50000 11.00000
-51.00000 -44.00000 10.50000
-51.00000 -43.00000 -1.50000
-51.00000 -43.50000 -1.00000
-51.00000 -43.50000 3.00000
-51.00000 -43.00000 2.50000
-51.00000 -43.00000 5.50000
-51.00000 -43.00000 10.50000
-51.00000 -42.00000 -2.50000
-51.00000 -42.50000 -2.00000
-51.00000 -42.00000 2.50000
-51.00000 -42.00000 4.50000
-51.00000 -42.50000 5.00000
-50.50000 -42.00000 10.00000
-51.00000 -42.00000 10.50000
-51.00000 -41.00000 -2.50000
-51.00000 -41.50000 2.00000
-51.00000 -41.00000 1.50000
-51.00000 -41.00000 3.50000
-51.00000 -41.50000 4.00000
-51.00000 -41.50000 10.00000
-51.00000 -41.00000 9.50000
-51.00000 -40.50000 -2.00000
-50.50000 -40.00000 -2.00000
-51.00000 -40.00000 -1.50000
-51.00000 -40.50000 0.00000
-51.00000 -40.00000 -0.50000
-51.00000 -40.50000 1.00000
-51.00000 -40.00000 2.50000
-51.00000 -40.50000 3.00000
-51.00000 -40.50000 9.00000
-51.00000 -40.00000 8.50000
-51.00000 -39.50000 -1.00000
-51.00000 -39.00000 1.50000
-51.00000 -39.50000 2.00000
-50.50000 -39.00000 8.00000
-51.00000 -39.00000 8.50000
-51.00000 -38.50000 2.00000
-51.00000 -38.00000 2.50000
-51.00000 -38.50000 8.00000
-51.00000 -38.00000 7.50000
-51.00000 -37.50000 3.00000
-51.00000 -37.00000 3.50000
-51.00000 -37.50000 7.00000
-51.00000 -37.00000 6.50000
-51.00000 -36.50000 4.00000
-51.00000 -36.00000 4.50000
-51.00000 -36.50000 6.00000
-51.00000 -36.00000 5.50000
-51.00000 -35.50000 5.00000
-52.00000 -53.00000 8.50000
-52.00000 -53.50000 9.00000
-52.00000 -53.50000 10.00000
-52.00000 -53.50000 11.00000
-51.50000 -53.00000 12.00000
-52.00000 -53.00000 11.50000
-51.50000 -52.00000 6.00000
-52.00000 -52.00000 5.50000
-52.00000 -52.50000 6.00000
-52.00000 -52.50000 7.00000
-52.00000 -52.50000 8.00000
-52.00000 -52.50000 12.00000
-52.00000 -52.00000 12.50000
-51.50000 -51.00000 4.00000
-52.00000 -51.00000 3.50000
-52.00000 -51.50000 4.00000
-52.00000 -51.50000 5.00000
-52.00000 -51.00000 12.50000
-51.50000 -50.00000 3.00000
-52.00000 -50.00000 2.50000
-52.00000 -50.50000 3.00000
-52.00000 -50.50000 12.00000
-52.00000 -50.00000 11.50000
-52.00000 -50.00000 19.50000
-52.00000 -50.50000 20.00000
-52.00000 -50.00000 20.50000
-52.00000 -49.00000 1.50000
-52.00000 -49.50000 2.00000
-52.00000 -49.50000 8.00000
-52.00000 -49.00000 7.50000
-52.00000 -49.50000 9.00000
-52.00000 -49.00000 9.50000
-52.00000 -49.00000 11.50000
-51.50000 -49.00000 16.00000
-52.00000 -49.00000 15.50000
-52.00000 -49.50000 16.00000
-52.00000 -49.50000 17.00000
-52.00000 -49.50000 18.00000
-52.00000 -49.50000 19.00000
-52.00000 -49.50000 21.00000
-52.00000 -49.00000 21.50000
-51.50000 -48.00000 1.00000
-52.00000 -48.00000 0.50000
-52.00000 -48.50000 1.00000
-52.00000 -48.50000 6.00000
-52.00000 -48.00000 5.50000
-52.00000 -48.50000 7.00000
-52.00000 -48.00000 9.50000
-52.00000 -48.50000 12.00000
-52.00000 -48.50000 13.00000
-52.00000 -48.50000 14.00000
-52.00000 -48.50000 15.00000
-51.50000 -48.00000 20.00000
-52.00000 -48.50000 20.00000
-52.00000 -48.00000 19.50000
-52.00000 -48.50000 21.00000
-51.50000 -47.00000 0.00000
-52.00000 -47.00000 -0.50000
-52.00000 -47.50000 0.00000
-52.00000 -47.50000 5.00000
-52.00000 -47.00000 4.50000
-51.50000 -47.00000 8.00000
-52.00000 -47.00000 8.50000
-52.00000 -47.50000 9.00000
-51.50000 -47.00000 18.00000
-52.00000 -47.50000 18.00000
-52.00000 -47.00000 17.50000
-52.00000 -47.50000 19.00000
-52.00000 -46.00000 -0.50000
-52.00000 -46.00000 4.50000
-52.00000 -46.00000 7.50000
-52.00000 -46.50000 8.00000
-52.00000 -46.50000 16.00000
-52.00000 -46.00000 15.50000
-52.00000 -46.50000 17.00000
-52.00000 -45.00000 -0.50000
-52.00000 -45.50000 4.00000
-52.00000 -45.00000 3.50000
-52.00000 -45.00000 6.50000
-52.00000 -45.50000 7.00000
-51.50000 -45.00000 12.00000
-52.00000 -45.00000 12.50000
-52.00000 -45.50000 13.00000
-52.00000 -45.50000 14.00000
-52.00000 -45.50000 15.00000
-51.50000 -44.00000 -1.00000
-52.00000 -44.00000 -1.50000
-52.00000 -44.50000 -1.00000
-52.00000 -44.00000 3.50000
-51.50000 -44.00000 6.00000
-52.00000 -44.00000 6.50000
-51.50000 -44.00000 11.00000
-52.00000 -44.00000 11.50000
-52.00000 -44.50000 12.00000
-52.00000 -43.00000 -1.50000
-52.00000 -43.50000 3.00000
-52.00000 -43.00000 2.50000
-52.00000 -43.00000 5.50000
-52.00000 -43.50000 6.00000
-52.00000 -43.50000 11.00000
-52.00000 -43.00000 10.50000
-52.00000 -42.00000 -2.50000
-52.00000 -42.50000 -2.00000
-52.00000 -42.00000 2.50000
-52.00000 -42.00000 4.50000
-52.00000 -42.50000 5.00000
-52.00000 -42.00000 10.50000
-52.00000 -41.00000 -2.50000
-52.00000 -41.50000 2.00000
-52.00000 -41.00000 1.50000
-52.00000 -41.00000 3.50000
-52.00000 -41.50000 4.00000
-52.00000 -41.50000 10.00000
-52.00000 -41.00000 9.50000
-52.00000 -40.50000 -2.00000
-52.00000 -40.00000 -1.50000
-52.00000 -40.50000 0.00000
-52.00000 -40.00000 -0.50000
-52.00000 -40.50000 1.00000
-51.50000 -40.00000 3.00000
-52.00000 -40.00000 3.50000
-51.50000 -40.00000 9.00000
-52.00000 -40.00000 9.50000
-52.00000 -39.50000 -1.00000
-51.50000 -39.00000 2.00000
-52.00000 -39.00000 2.50000
-52.00000 -39.50000 3.00000
-52.00000 -39.50000 9.00000
-52.00000 -39.00000 8.50000
-51.50000 -38.00000 3.00000
-52.00000 -38.50000 3.00000
-52.00000 -38.00000 3.50000
-52.00000 -38.50000 8.00000
-52.00000 -38.00000 7.50000
-52.00000 -37.00000 3.50000
-51.50000 -37.00000 7.00000
-52.00000 -37.00000 7.50000
-52.00000 -36.50000 4.00000
-52.00000 -36.00000 4.50000
-51.50000 -36.00000 6.00000
-52.00000 -36.00000 6.50000
-52.00000 -36.50000 7.00000
-52.00000 -35.50000 5.00000
-52.00000 -35.50000 6.00000
-52.50000 -53.00000 8.00000
-53.00000 -53.00000 7.50000
-53.00000 -53.50000 8.00000
-53.00000 -53.50000 9.00000
-53.00000 -53.50000 10.00000
-53.00000 -53.50000 11.00000
-53.00000 -53.00000 11.50000
-53.00000 -52.00000 5.50000
-53.00000 -52.50000 6.00000
-53.00000 -52.50000 7.00000
-53.00000 -52.50000 12.00000
-53.00000 -52.00000 12.50000
-53.00000 -51.00000 3.50000
-53.00000 -51.50000 4.00000
-53.00000 -51.50000 5.00000
-53.00000 -51.00000 12.50000
-53.00000 -50.00000 2.50000
-53.00000 -50.50000 3.00000
-52.50000 -50.00000 11.00000
-53.00000 -50.50000 11.00000
-53.00000 -50.00000 10.50000
-53.00000 -50.50000 12.00000
-52.50000 -50.00000 18.00000
-53.00000 -50.00000 17.50000
-53.00000 -50.50000 18.00000
-53.00000 -50.50000 19.00000
-52.50000 -50.00000 19.00000
-53.00000 -50.00000 19.50000
-52.50000 -50.00000 20.00000
-53.00000 -49.00000 1.50000
-53.00000 -49.50000 2.00000
-53.00000 -49.50000 8.00000
-53.00000 -49.00000 7.50000
-53.00000 -49.50000 9.00000
-53.00000 -49.00000 9.50000
-52.50000 -49.00000 11.00000
-53.00000 -49.00000 10.50000
-53.00000 -49.00000 15.50000
-53.00000 -49.50000 16.00000
-53.00000 -49.50000 17.00000
-53.00000 -49.50000 20.00000
-52.50000 -49.00000 21.00000
-53.00000 -49.00000 20.50000
-53.00000 -48.00000 0.50000
-53.00000 -48.50000 1.00000
-53.00000 -48.50000 6.00000
-53.00000 -48.00000 5.50000
-53.00000 -48.50000 7.00000
-53.00000 -48.00000 9.50000
-53.00000 -48.50000 11.00000
-53.00000 -48.50000 12.00000
-53.00000 -48.50000 13.00000
-53.00000 -48.50000 14.00000
-53.00000 -48.50000 15.00000
-53.00000 -48.50000 20.00000
-53.00000 -48.00000 19.50000
-53.00000 -47.00000 -0.50000
-53.00000 -47.50000 0.00000
-53.00000 -47.50000 5.00000
-53.00000 -47.00000 4.50000
-53.00000 -47.00000 8.50000
-53.00000 -47.50000 9.00000
-53.00000 -47.50000 18.00000
-53.00000 -47.00000 17.50000
-53.00000 -47.50000 19.00000
-53.00000 -46.00000 -0.50000
-53.00000 -46.00000 4.50000
-53.00000 -46.00000 7.50000
-53.00000 -46.50000 8.00000
-53.00000 -46.50000 16.00000
-53.00000 -46.00000 15.50000
-53.00000 -46.50000 17.00000
-53.00000 -45.00000 -0.50000
-52.50000 -45.00000 4.00000
-53.00000 -45.00000 4.50000
-53.00000 -45.00000 6.50000
-53.00000 -45.50000 7.00000
-53.00000 -45.50000 13.00000
-53.00000 -45.00000 12.50000
-53.00000 -45.50000 14.00000
-53.00000 -45.50000 15.00000
-53.00000 -44.00000 -1.50000
-53.00000 -44.50000 -1.00000
-53.00000 -44.50000 4.00000
-53.00000 -44.00000 3.50000
-53.00000 -44.00000 6.50000
-53.00000 -44.50000 12.00000
-53.00000 -44.00000 11.50000
-52.50000 -43.00000 -2.00000
-53.00000 -43.00000 -2.50000
-53.00000 -43.50000 -2.00000
-53.00000 -43.50000 3.00000
-53.00000 -43.00000 2.50000
-53.00000 -43.00000 5.50000
-53.00000 -43.50000 6.00000
-52.50000 -43.00000 11.00000
-53.00000 -43.00000 11.50000
-53.00000 -42.00000 -2.50000
-53.00000 -42.00000 2.50000
-53.00000 -42.00000 4.50000
-53.00000 -42.50000 5.00000
-53.00000 -42.50000 11.00000
-53.00000 -42.00000 10.50000
-53.00000 -41.00000 -2.50000
-53.00000 -41.50000 2.00000
-53.00000 -41.00000 1.50000
-52.50000 -41.00000 4.00000
-53.00000 -41.00000 4.50000
-53.00000 -41.50000 10.00000
-53.00000 -41.00000 9.50000
-53.00000 -40.50000 -2.00000
-53.00000 -40.00000 -1.50000
-52.50000 -40.00000 0.00000
-53.00000 -40.00000 0.50000
-53.00000 -40.50000 1.00000
-53.00000 -40.00000 3.50000
-53.00000 -40.50000 4.00000
-53.00000 -40.00000 9.50000
-53.00000 -39.50000 -1.00000
-53.00000 -39.50000 0.00000
-52.50000 -39.00000 3.00000
-53.00000 -39.00000 3.50000
-53.00000 -39.50000 9.00000
-53.00000 -39.00000 8.50000
-53.00000 -38.00000 3.50000
-52.50000 -38.00000 8.00000
-53.00000 -38.00000 8.50000
-53.00000 -37.50000 4.00000
-52.50000 -37.00000 4.00000
-53.00000 -37.00000 4.50000
-53.00000 -37.50000 8.00000
-53.00000 -37.00000 7.50000
-52.50000 -36.00000 5.00000
-53.00000 -36.50000 5.00000
-53.00000 -36.00000 5.50000
-53.00000 -36.50000 7.00000
-53.00000 -36.00000 6.50000
-53.00000 -35.50000 6.00000
-53.50000 -53.00000 7.00000
-54.00000 -53.00000 6.50000
-54.00000 -53.50000 7.00000
-54.00000 -53.50000 8.00000
-54.00000 -53.50000 9.00000
-54.00000 -53.50000 10.00000
-54.00000 -53.50000 11.00000
-54.00000 -53.00000 11.50000
-54.00000 -52.00000 5.50000
-54.00000 -52.50000 6.00000
-54.00000 -52.50000 12.00000
-54.00000 -52.00000 12.50000
-54.00000 -51.00000 3.50000
-54.00000 -51.50000 4.00000
-54.00000 -51.50000 5.00000
-54.00000 -51.00000 12.50000
-54.00000 -50.00000 2.50000
-54.00000 -50.50000 3.00000
-53.50000 -50.00000 10.00000
-54.00000 -50.50000 10.00000
-54.00000 -50.00000 9.50000
-54.00000 -50.50000 11.00000
-54.00000 -50.50000 12.00000
-53.50000 -50.00000 17.00000
-54.00000 -50.00000 16.50000
-54.00000 -50.50000 17.00000
-54.00000 -50.50000 18.00000
-54.00000 -50.50000 19.00000
-54.00000 -50.00000 19.50000
-54.00000 -49.00000 1.50000
-54.00000 -49.50000 2.00000
-54.00000 -49.50000 8.00000
-54.00000 -49.00000 7.50000
-54.00000 -49.50000 9.00000
-53.50000 -49.00000 10.00000
-53.50000 -49.00000 15.00000
-54.00000 -49.00000 14.50000
-54.00000 -49.50000 15.00000
-54.00000 -49.50000 16.00000
-54.00000 -49.50000 20.00000
-54.00000 -49.00000 20.50000
-54.00000 -48.00000 0.50000
-54.00000 -48.50000 1.00000
-54.00000 -48.50000 6.00000
-54.00000 -48.00000 5.50000
-54.00000 -48.50000 7.00000
-54.00000 -48.00000 9.50000
-54.00000 -48.50000 10.00000
-54.00000 -48.50000 11.00000
-54.00000 -48.50000 12.00000
-54.00000 -48.50000 13.00000
-54.00000 -48.50000 14.00000
-53.50000 -48.00000 19.00000
-54.00000 -48.50000 19.00000
-54.00000 -48.00000 18.50000
-54.00000 -48.50000 20.00000
-54.00000 -47.00000 -0.50000
-54.00000 -47.50000 0.00000
-54.00000 -47.50000 5.00000
-54.00000 -47.00000 4.50000
-54.00000 -47.00000 8.50000
-54.00000 -47.50000 9.00000
-54.00000 -47.50000 18.00000
-54.00000 -47.00000 17.50000
-54.00000 -46.00000 -0.50000
-54.00000 -46.00000 4.50000
-54.00000 -46.00000 7.50000
-54.00000 -46.50000 8.00000
-53.50000 -46.00000 15.00000
-54.00000 -46.50000 15.00000
-54.00000 -46.00000 14.50000
-54.00000 -46.50000 16.00000
-54.00000 -46.50000 17.00000
-53.50000 -45.00000 -1.00000
-54.00000 -45.00000 -1.50000
-54.00000 -45.50000 -1.00000
-54.00000 -45.00000 4.50000
-53.50000 -45.00000 7.00000
-54.00000 -45.00000 7.50000
-54.00000 -45.50000 13.00000
-54.00000 -45.00000 12.50000
-54.00000 -45.50000 14.00000
-54.00000 -44.00000 -1.50000
-54.00000 -44.50000 4.00000
-54.00000 -44.00000 3.50000
-54.00000 -44.00000 6.50000
-54.00000 -44.50000 7.00000
-54.00000 -44.50000 12.00000
-54.00000 -44.00000 11.50000
-54.00000 -43.00000 -2.50000
-54.00000 -43.50000 -2.00000
-53.50000 -43.00000 3.00000
-54.00000 -43.00000 3.50000
-54.00000 -43.00000 5.50000
-54.00000 -43.50000 6.00000
-54.00000 -43.00000 11.50000
-54.00000 -42.00000 -2.50000
-54.00000 -42.50000 3.00000
-54.00000 -42.00000 2.50000
-53.50000 -42.00000 5.00000
-54.00000 -42.00000 5.50000
-54.00000 -42.50000 11.00000
-54.00000 -42.00000 10.50000
-54.00000 -41.00000 -2.50000
-54.00000 -41.50000 2.00000
-54.00000 -41.00000 1.50000
-54.00000 -41.00000 4.50000
-54.00000 -41.50000 5.00000
-54.00000 -41.50000 10.00000
-54.00000 -41.00000 9.50000
-54.00000 -40.50000 -2.00000
-54.00000 -40.00000 -1.50000
-54.00000 -40.50000 1.00000
-54.00000 -40.00000 0.50000
-53.50000 -40.00000 4.00000
-54.00000 -40.00000 4.50000
-54.00000 -40.00000 9.50000
-54.00000 -39.50000 -1.00000
-54.00000 -39.50000 0.00000
-54.00000 -39.00000 3.50000
-54.00000 -39.50000 4.00000
-53.50000 -39.00000 9.00000
-54.00000 -39.00000 9.50000
-54.00000 -38.00000 3.50000
-54.00000 -38.50000 9.00000
-54.00000 -38.00000 8.50000
-54.00000 -37.50000 4.00000
-54.00000 -37.00000 4.50000
-54.00000 -37.50000 8.00000
-54.00000 -37.00000 7.50000
-54.00000 -36.50000 5.00000
-54.00000 -36.00000 5.50000
-53.50000 -36.00000 7.00000
-54.00000 -36.00000 7.50000
-54.00000 -35.50000 6.00000
-54.00000 -35.50000 7.00000
-54.50000 -54.00000 10.00000
-55.00000 -54.00000 9.50000
-55.00000 -54.50000 10.00000
-55.00000 -54.00000 10.50000
-55.00000 -53.00000 6.50000
-55.00000 -53.50000 7.00000
-55.00000 -53.50000 8.00000
-55.00000 -53.50000 9.00000
-55.00000 -53.00000 10.50000
-54.50000 -53.00000 11.00000
-55.00000 -52.00000 5.50000
-55.00000 -52.50000 6.00000
-55.00000 -52.50000 11.00000
-54.50000 -52.00000 12.00000
-55.00000 -52.00000 11.50000
-55.00000 -51.00000 3.50000
-55.00000 -51.50000 4.00000
-55.00000 -51.50000 5.00000
-55.00000 -51.50000 12.00000
-55.00000 -51.00000 12.50000
-54.50000 -51.00000 18.00000
-55.00000 -51.00000 17.50000
-55.00000 -51.50000 18.00000
-55.00000 -51.00000 18.50000
-55.00000 -50.00000 2.50000
-55.00000 -50.50000 3.00000
-54.50000 -50.00000 9.00000
-55.00000 -50.50000 9.00000
-55.00000 -50.00000 8.50000
-55.00000 -50.50000 10.00000
-55.00000 -50.50000 11.00000
-55.00000 -50.50000 12.00000
-54.50000 -50.00000 16.00000
-55.00000 -50.00000 15.50000
-55.00000 -50.50000 16.00000
-55.00000 -50.50000 17.00000
-55.00000 -50.50000 19.00000
-55.00000 -50.00000 19.50000
-55.00000 -49.00000 1.50000
-55.00000 -49.50000 2.00000
-55.00000 -49.50000 8.00000
-55.00000 -49.00000 7.50000
-54.50000 -49.00000 14.00000
-55.00000 -49.00000 13.50000
-55.00000 -49.50000 14.00000
-55.00000 -49.50000 15.00000
-54.50000 -49.00000 20.00000
-55.00000 -49.00000 19.50000
-55.00000 -48.00000 0.50000
-55.00000 -48.50000 1.00000
-55.00000 -48.50000 6.00000
-55.00000 -48.00000 5.50000
-55.00000 -48.50000 7.00000
-55.00000 -48.00000 9.50000
-55.00000 -48.50000 10.00000
-55.00000 -48.50000 11.00000
-55.00000 -48.50000 12.00000
-55.00000 -48.50000 13.00000
-55.00000 -48.50000 19.00000
-55.00000 -48.00000 18.50000
-55.00000 -47.00000 -0.50000
-55.00000 -47.50000 0.00000
-54.50000 -47.00000 5.00000
-55.00000 -47.00000 5.50000
-55.00000 -47.00000 8.50000
-55.00000 -47.50000 9.00000
-54.50000 -47.00000 17.00000
-55.00000 -47.50000 17.00000
-55.00000 -47.00000 16.50000
-55.00000 -47.50000 18.00000
-55.00000 -46.00000 -0.50000
-55.00000 -46.50000 5.00000
-55.00000 -46.00000 4.50000
-54.50000 -46.00000 8.00000
-55.00000 -46.00000 8.50000
-55.00000 -46.50000 15.00000
-55.00000 -46.00000 14.50000
-55.00000 -46.50000 16.00000
-55.00000 -45.00000 -1.50000
-55.00000 -45.50000 -1.00000
-55.00000 -45.00000 4.50000
-55.00000 -45.00000 7.50000
-55.00000 -45.50000 8.00000
-55.00000 -45.50000 13.00000
-55.00000 -45.00000 12.50000
-55.00000 -45.50000 14.00000
-55.00000 -44.00000 -1.50000
-55.00000 -44.50000 4.00000
-55.00000 -44.00000 3.50000
-55.00000 -44.00000 6.50000
-55.00000 -44.50000 7.00000
-55.00000 -44.50000 12.00000
-55.00000 -44.00000 11.50000
-55.00000 -43.00000 -2.50000
-55.00000 -43.50000 -2.00000
-54.50000 -43.00000 3.00000
-55.00000 -43.50000 3.00000
-55.00000 -43.00000 2.50000
-55.00000 -43.00000 5.50000
-55.00000 -43.50000 6.00000
-55.00000 -43.00000 11.50000
-55.00000 -42.00000 -2.50000
-55.00000 -42.00000 2.50000
-55.00000 -42.00000 5.50000
-55.00000 -42.50000 11.00000
-55.00000 -42.00000 10.50000
-55.00000 -41.00000 -2.50000
-54.50000 -41.00000 2.00000
-55.00000 -41.00000 2.50000
-54.50000 -41.00000 5.00000
-55.00000 -41.00000 5.50000
-54.50000 -41.00000 10.00000
-55.00000 -41.00000 10.50000
-55.00000 -40.50000 -2.00000
-55.00000 -40.00000 -1.50000
-54.50000 -40.00000 1.00000
-55.00000 -40.00000 1.50000
-55.00000 -40.50000 2.00000
-55.00000 -40.00000 4.50000
-55.00000 -40.50000 5.00000
-55.00000 -40.50000 10.00000
-55.00000 -40.00000 9.50000
-55.00000 -39.50000 -1.00000
-55.00000 -39.50000 0.00000
-55.00000 -39.50000 1.00000
-54.50000 -39.00000 4.00000
-55.00000 -39.00000 4.50000
-55.00000 -39.00000 9.50000
-54.50000 -38.00000 4.00000
-55.00000 -38.00000 4.50000
-55.00000 -38.50000 9.00000
-55.00000 -38.00000 8.50000
-55.00000 -37.00000 4.50000
-54.50000 -37.00000 8.00000
-55.00000 -37.00000 8.50000
-55.00000 -36.50000 5.00000
-55.00000 -36.00000 5.50000
-55.00000 -36.50000 8.00000
-55.00000 -36.00000 7.50000
-55.00000 -35.50000 6.00000
-55.00000 -35.50000 7.00000
-55.50000 -54.00000 8.00000
-56.00000 -54.00000 7.50000
-56.00000 -54.50000 8.00000
-56.00000 -54.50000 9.00000
-55.50000 -54.00000 9.00000
-56.00000 -54.00000 9.50000
-55.50000 -54.00000 10.00000
-56.00000 -53.00000 6.50000
-56.00000 -53.50000 7.00000
-56.00000 -53.50000 10.00000
-56.00000 -53.00000 10.50000
-55.50000 -52.00000 5.00000
-56.00000 -52.00000 4.50000
-56.00000 -52.50000 5.00000
-56.00000 -52.50000 6.00000
-56.00000 -52.50000 11.00000
-56.00000 -52.00000 11.50000
-56.00000 -51.00000 3.50000
-56.00000 -51.50000 4.00000
-55.50000 -51.00000 10.00000
-56.00000 -51.50000 10.00000
-56.00000 -51.00000 9.50000
-55.50000 -51.00000 11.00000
-56.00000 -51.50000 11.00000
-55.50000 -51.00000 12.00000
-55.50000 -51.00000 17.00000
-56.00000 -51.00000 16.50000
-56.00000 -51.50000 17.00000
-56.00000 -51.50000 18.00000
-56.00000 -51.00000 18.50000
-56.00000 -50.00000 2.50000
-56.00000 -50.50000 3.00000
-56.00000 -50.50000 9.00000
-56.00000 -50.00000 8.50000
-56.00000 -50.00000 15.50000
-56.00000 -50.50000 16.00000
-56.00000 -50.50000 19.00000
-56.00000 -50.00000 19.50000
-56.00000 -49.00000 1.50000
-56.00000 -49.50000 2.00000
-56.00000 -49.50000 8.00000
-56.00000 -49.00000 7.50000
-55.50000 -49.00000 13.00000
-56.00000 -49.00000 12.50000
-56.00000 -49.50000 13.00000
-56.00000 -49.50000 14.00000
-56.00000 -49.50000 15.00000
-55.50000 -49.00000 19.00000
-56.00000 -49.50000 19.00000
-56.00000 -49.00000 18.50000
-56.00000 -48.00000 0.50000
-56.00000 -48.50000 1.00000
-55.50000 -48.00000 6.00000
-56.00000 -48.00000 6.50000
-56.00000 -48.50000 7.00000
-55.50000 -48.00000 10.00000
-56.00000 -48.00000 10.50000
-56.00000 -48.50000 11.00000
-56.00000 -48.50000 12.00000
-55.50000 -48.00000 18.00000
-56.00000 -48.50000 18.00000
-56.00000 -48.00000 17.50000
-56.00000 -47.00000 -0.50000
-56.00000 -47.50000 0.00000
-56.00000 -47.50000 6.00000
-56.00000 -47.00000 5.50000
-55.50000 -47.00000 9.00000
-56.00000 -47.00000 9.50000
-56.00000 -47.50000 10.00000
-56.00000 -47.50000 17.00000
-56.00000 -47.00000 16.50000
-56.00000 -46.00000 -0.50000
-56.00000 -46.50000 5.00000
-56.00000 -46.00000 4.50000
-56.00000 -46.00000 8.50000
-56.00000 -46.50000 9.00000
-55.50000 -46.00000 14.00000
-56.00000 -46.50000 14.00000
-56.00000 -46.00000 13.50000
-56.00000 -46.50000 15.00000
-56.00000 -46.50000 16.00000
-56.00000 -45.00000 -1.50000
-56.00000 -45.50000 -1.00000
-56.00000 -45.00000 4.50000
-56.00000 -45.00000 7.50000
-56.00000 -45.50000 8.00000
-56.00000 -45.50000 13.00000
-56.00000 -45.00000 12.50000
-56.00000 -44.00000 -1.50000
-56.00000 -44.50000 4.00000
-56.00000 -44.00000 3.50000
-56.00000 -44.00000 6.50000
-56.00000 -44.50000 7.00000
-56.00000 -44.50000 12.00000
-56.00000 -44.00000 11.50000
-55.50000 -43.00000 -2.00000
-56.00000 -43.00000 -1.50000
-55.50000 -43.00000 3.00000
-56.00000 -43.00000 3.50000
-56.00000 -43.00000 5.50000
-56.00000 -43.50000 6.00000
-56.00000 -43.00000 11.50000
-56.00000 -42.00000 -2.50000
-56.00000 -42.50000 -2.00000
-56.00000 -42.50000 3.00000
-56.00000 -42.00000 2.50000
-56.00000 -42.00000 5.50000
-55.50000 -42.00000 11.00000
-56.00000 -42.00000 11.50000
-56.00000 -41.50000 -2.00000
-55.50000 -41.00000 -2.00000
-56.00000 -41.00000 -1.50000
-56.00000 -41.00000 2.50000
-56.00000 -41.00000 5.50000
-56.00000 -41.50000 11.00000
-56.00000 -41.00000 10.50000
-55.50000 -40.00000 -1.00000
-56.00000 -40.50000 -1.00000
-56.00000 -40.00000 -0.50000
-56.00000 -40.50000 2.00000
-56.00000 -40.00000 1.50000
-55.50000 -40.00000 5.00000
-56.00000 -40.00000 5.50000
-56.00000 -40.50000 10.00000
-56.00000 -40.00000 9.50000
-56.00000 -39.50000 0.00000
-55.50000 -39.00000 1.00000
-56.00000 -39.00000 0.50000
-56.00000 -39.00000 1.50000
-56.00000 -39.00000 4.50000
-56.00000 -39.50000 5.00000
-56.00000 -39.00000 9.50000
-56.00000 -38.50000 1.00000
-56.00000 -38.00000 4.50000
-55.50000 -38.00000 9.00000
-56.00000 -38.00000 9.50000
-56.00000 -37.00000 4.50000
-56.00000 -37.50000 9.00000
-56.00000 -37.00000 8.50000
-56.00000 -36.50000 5.00000
-56.00000 -36.00000 5.50000
-56.00000 -36.50000 8.00000
-56.00000 -36.00000 7.50000
-56.00000 -35.50000 6.00000
-55.50000 -35.00000 7.00000
-56.00000 -35.00000 6.50000
-56.00000 -35.00000 7.50000
-56.00000 -34.50000 7.00000
-57.00000 -54.00000 7.50000
-57.00000 -54.50000 8.00000
-56.50000 -54.00000 9.00000
-57.00000 -54.00000 8.50000
-57.00000 -53.00000 6.50000
-57.00000 -53.50000 7.00000
-57.00000 -53.50000 9.00000
-57.00000 -53.50000 10.00000
-57.00000 -53.00000 10.50000
-57.00000 -52.00000 4.50000
-57.00000 -52.50000 5.00000
-57.00000 -52.50000 6.00000
-56.50000 -52.00000 11.00000
-57.00000 -52.00000 10.50000
-56.50000 -52.00000 17.00000
-57.00000 -52.00000 16.50000
-57.00000 -52.50000 17.00000
-57.00000 -52.00000 17.50000
-57.00000 -51.00000 3.50000
-57.00000 -51.50000 4.00000
-57.00000 -51.50000 10.00000
-57.00000 -51.00000 9.50000
-56.50000 -51.00000 16.00000
-57.00000 -51.00000 15.50000
-57.00000 -51.50000 16.00000
-57.00000 -51.50000 18.00000
-57.00000 -51.00000 18.50000
-57.00000 -50.00000 2.50000
-57.00000 -50.50000 3.00000
-56.50000 -50.00000 8.00000
-57.00000 -50.50000 8.00000
-57.00000 -50.00000 7.50000
-57.00000 -50.50000 9.00000
-56.50000 -50.00000 15.00000
-57.00000 -50.00000 14.50000
-57.00000 -50.50000 15.00000
-57.00000 -50.50000 19.00000
-57.00000 -50.00000 19.50000
-57.00000 -49.00000 1.50000
-57.00000 -49.50000 2.00000
-57.00000 -49.00000 7.50000
-56.50000 -49.00000 12.00000
-57.00000 -49.00000 11.50000
-57.00000 -49.50000 12.00000
-57.00000 -49.50000 13.00000
-57.00000 -49.50000 14.00000
-57.00000 -49.50000 19.00000
-57.00000 -49.00000 18.50000
-57.00000 -48.00000 0.50000
-57.00000 -48.50000 1.00000
-57.00000 -48.50000 7.00000
-57.00000 -48.00000 6.50000
-56.50000 -48.00000 10.00000
-57.00000 -48.00000 9.50000
-57.00000 -48.50000 10.00000
-57.00000 -48.50000 11.00000
-57.00000 -48.50000 18.00000
-57.00000 -48.00000 17.50000
-57.00000 -47.00000 -0.50000
-57.00000 -47.50000 0.00000
-57.00000 -47.50000 6.00000
-57.00000 -47.00000 5.50000
-57.00000 -47.00000 9.50000
-57.00000 -47.50000 17.00000
-57.00000 -47.00000 16.50000
-57.00000 -46.00000 -0.50000
-56.50000 -46.00000 5.00000
-57.00000 -46.00000 5.50000
-57.00000 -46.00000 8.50000
-57.00000 -46.50000 9.00000
-56.50000 -46.00000 13.00000
-57.00000 -46.50000 13.00000
-57.00000 -46.00000 12.50000
-57.00000 -46.50000 14.00000
-57.00000 -46.50000 15.00000
-57.00000 -46.50000 16.00000
-56.50000 -45.00000 -1.00000
-57.00000 -45.00000 -0.50000
-57.00000 -45.50000 5.00000
-57.00000 -45.00000 4.50000
-57.00000 -45.00000 7.50000
-57.00000 -45.50000 8.00000
-57.00000 -45.00000 12.50000
-57.00000 -44.00000 -1.50000
-57.00000 -44.50000 -1.00000
-57.00000 -44.50000 4.00000
-57.00000 -44.00000 3.50000
-57.00000 -44.00000 6.50000
-57.00000 -44.50000 7.00000
-57.00000 -44.50000 12.00000
-57.00000 -44.00000 11.50000
-57.00000 -43.00000 -1.50000
-57.00000 -43.00000 3.50000
-56.50000 -43.00000 6.00000
-57.00000 -43.00000 6.50000
-57.00000 -43.00000 11.50000
-56.50000 -42.00000 -2.00000
-57.00000 -42.00000 -1.50000
-57.00000 -42.50000 3.00000
-57.00000 -42.00000 2.50000
-56.50000 -42.00000 6.00000
-57.00000 -42.00000 6.50000
-57.00000 -42.00000 11.50000
-57.00000 -41.00000 -1.50000
-57.00000 -41.00000 2.50000
-57.00000 -41.00000 5.50000
-57.00000 -41.50000 6.00000
-57.00000 -41.50000 11.00000
-57.00000 -41.00000 10.50000
-57.00000 -40.50000 -1.00000
-57.00000 -40.00000 -0.50000
-56.50000 -40.00000 2.00000
-57.00000 -40.00000 2.50000
-57.00000 -40.00000 5.50000
-56.50000 -40.00000 10.00000
-57.00000 -40.00000 10.50000
-57.00000 -39.50000 0.00000
-56.50000 -39.00000 1.00000
-57.00000 -39.50000 1.00000
-57.00000 -39.50000 2.00000
-57.00000 -39.00000 4.50000
-57.00000 -39.50000 5.00000
-57.00000 -39.50000 10.00000
-57.00000 -39.00000 9.50000
-57.00000 -38.00000 4.50000
-57.00000 -38.00000 9.50000
-57.00000 -37.50000 5.00000
-56.50000 -37.00000 5.00000
-57.00000 -37.00000 5.50000
-56.50000 -37.00000 9.00000
-57.00000 -37.00000 9.50000
-57.00000 -36.00000 5.50000
-56.50000 -36.00000 8.00000
-57.00000 -36.00000 8.50000
-57.00000 -36.50000 9.00000
-57.00000 -35.50000 6.00000
-57.00000 -35.00000 6.50000
-57.00000 -35.50000 8.00000
-57.00000 -35.00000 7.50000
-57.00000 -34.50000 7.00000
-57.50000 -54.00000 8.00000
-57.50000 -53.00000 6.00000
-58.00000 -53.00000 5.50000
-58.00000 -53.50000 6.00000
-58.00000 -53.50000 7.00000
-58.00000 -53.50000 8.00000
-58.00000 -53.50000 9.00000
-57.50000 -53.00000 10.00000
-58.00000 -53.00000 9.50000
-57.50000 -52.00000 5.00000
-58.00000 -52.00000 5.50000
-58.00000 -52.50000 10.00000
-58.00000 -52.00000 10.50000
-57.50000 -52.00000 16.00000
-58.00000 -52.00000 15.50000
-58.00000 -52.50000 16.00000
-58.00000 -52.50000 17.00000
-58.00000 -52.00000 17.50000
-58.00000 -51.00000 3.50000
-58.00000 -51.50000 4.00000
-58.00000 -51.50000 5.00000
-58.00000 -51.50000 10.00000
-58.00000 -51.00000 9.50000
-57.50000 -51.00000 15.00000
-58.00000 -51.00000 14.50000
-58.00000 -51.50000 15.00000
-58.00000 -51.50000 18.00000
-58.00000 -51.00000 18.50000
-58.00000 -50.00000 2.50000
-58.00000 -50.50000 3.00000
-58.00000 -50.50000 8.00000
-58.00000 -50.00000 7.50000
-58.00000 -50.50000 9.00000
-57.50000 -50.00000 13.00000
-58.00000 -50.00000 12.50000
-58.00000 -50.50000 13.00000
-58.00000 -50.50000 14.00000
-57.50000 -50.00000 14.00000
-57.50000 -50.00000 19.00000
-58.00000 -50.00000 18.50000
-58.00000 -49.00000 1.50000
-58.00000 -49.50000 2.00000
-58.00000 -49.00000 7.50000
-57.50000 -49.00000 11.00000
-58.00000 -49.00000 10.50000
-58.00000 -49.50000 11.00000
-58.00000 -49.50000 12.00000
-57.50000 -49.00000 18.00000
-58.00000 -49.50000 18.00000
-58.00000 -49.00000 17.50000
-58.00000 -48.00000 0.50000
-58.00000 -48.50000 1.00000
-58.00000 -48.50000 7.00000
-58.00000 -48.00000 6.50000
-58.00000 -48.00000 9.50000
-58.00000 -48.50000 10.00000
-57.50000 -48.00000 17.00000
-58.00000 -48.50000 17.00000
-58.00000 -48.00000 16.50000
-57.50000 -47.00000 0.00000
-58.00000 -47.00000 0.50000
-58.00000 -47.50000 6.00000
-58.00000 -47.00000 5.50000
-58.00000 -47.00000 9.50000
-57.50000 -47.00000 16.00000
-58.00000 -47.50000 16.00000
-58.00000 -47.00000 15.50000
-58.00000 -46.00000 -0.50000
-58.00000 -46.50000 0.00000
-58.00000 -46.00000 5.50000
-58.00000 -46.00000 8.50000
-58.00000 -46.50000 9.00000
-58.00000 -46.50000 13.00000
-58.00000 -46.00000 12.50000
-58.00000 -46.50000 14.00000
-58.00000 -46.50000 15.00000
-58.00000 -45.00000 -0.50000
-58.00000 -45.50000 5.00000
-58.00000 -45.00000 4.50000
-58.00000 -45.00000 7.50000
-58.00000 -45.50000 8.00000
-58.00000 -45.50000 13.00000
-57.50000 -45.00000 13.00000
-58.00000 -45.00000 13.50000
-57.50000 -44.00000 -1.00000
-58.00000 -44.00000 -0.50000
-57.50000 -44.00000 4.00000
-58.00000 -44.00000 4.50000
-57.50000 -44.00000 7.00000
-58.00000 -44.00000 7.50000
-57.50000 -44.00000 12.00000
-58.00000 -44.00000 12.50000
-58.00000 -44.50000 13.00000
-58.00000 -43.00000 -1.50000
-58.00000 -43.50000 -1.00000
-58.00000 -43.50000 4.00000
-58.00000 -43.00000 3.50000
-58.00000 -43.00000 6.50000
-58.00000 -43.50000 7.00000
-57.50000 -43.00000 12.00000
-58.00000 -43.00000 12.50000
-58.00000 -42.00000 -1.50000
-57.50000 -42.00000 3.00000
-58.00000 -42.00000 3.50000
-58.00000 -42.00000 6.50000
-58.00000 -42.50000 12.00000
-58.00000 -42.00000 11.50000
-58.00000 -41.50000 -1.00000
-57.50000 -41.00000 -1.00000
-58.00000 -41.00000 -0.50000
-57.50000 -41.00000 3.00000
-58.00000 -41.00000 3.50000
-57.50000 -41.00000 6.00000
-58.00000 -41.00000 6.50000
-57.50000 -41.00000 11.00000
-58.00000 -41.00000 11.50000
-57.50000 -40.00000 0.00000
-58.00000 -40.50000 0.00000
-58.00000 -40.00000 0.50000
-58.00000 -40.50000 3.00000
-58.00000 -40.00000 2.50000
-58.00000 -40.00000 5.50000
-58.00000 -40.50000 6.00000
-58.00000 -40.50000 11.00000
-58.00000 -40.00000 10.50000
-58.00000 -39.50000 1.00000
-58.00000 -39.50000 2.00000
-57.50000 -39.00000 5.00000
-58.00000 -39.00000 5.50000
-57.50000 -39.00000 10.00000
-58.00000 -39.00000 10.50000
-58.00000 -38.00000 4.50000
-58.00000 -38.50000 5.00000
-58.00000 -38.50000 10.00000
-58.00000 -38.00000 9.50000
-58.00000 -37.50000 5.00000
-58.00000 -37.00000 5.50000
-58.00000 -37.00000 9.50000
-58.00000 -36.50000 6.00000
-57.50000 -36.00000 6.00000
-58.00000 -36.00000 6.50000
-58.00000 -36.50000 9.00000
-58.00000 -36.00000 8.50000
-57.50000 -35.00000 7.00000
-58.00000 -35.50000 7.00000
-57.50000 -35.00000 8.00000
-58.00000 -35.00000 7.50000
-58.00000 -35.00000 8.50000
-58.00000 -34.50000 8.00000
-58.50000 -53.00000 6.00000
-59.00000 -53.00000 6.50000
-59.00000 -53.50000 7.00000
-59.00000 -53.50000 8.00000
-58.50000 -53.00000 9.00000
-59.00000 -53.00000 8.50000
-58.50000 -53.00000 16.00000
-59.00000 -53.00000 15.50000
-59.00000 -53.50000 16.00000
-59.00000 -53.00000 16.50000
-59.00000 -52.00000 5.50000
-59.00000 -52.50000 6.00000
-59.00000 -52.50000 9.00000
-58.50000 -52.00000 10.00000
-59.00000 -52.00000 9.50000
-58.50000 -52.00000 15.00000
-59.00000 -52.00000 14.50000
-59.00000 -52.50000 15.00000
-59.00000 -52.50000 17.00000
-59.00000 -52.00000 17.50000
-58.50000 -51.00000 4.00000
-59.00000 -51.00000 4.50000
-59.00000 -51.50000 5.00000
-59.00000 -51.00000 9.50000
-58.50000 -51.00000 14.00000
-59.00000 -51.00000 13.50000
-59.00000 -51.50000 14.00000
-59.00000 -51.50000 18.00000
-59.00000 -51.00000 18.50000
-58.50000 -50.00000 3.00000
-59.00000 -50.00000 3.50000
-59.00000 -50.50000 4.00000
-58.50000 -50.00000 8.00000
-59.00000 -50.00000 8.50000
-59.00000 -50.50000 9.00000
-58.50000 -50.00000 12.00000
-59.00000 -50.00000 11.50000
-59.00000 -50.50000 12.00000
-59.00000 -50.50000 13.00000
-58.50000 -50.00000 18.00000
-59.00000 -50.50000 18.00000
-59.00000 -50.00000 17.50000
-59.00000 -49.00000 1.50000
-59.00000 -49.50000 2.00000
-59.00000 -49.50000 3.00000
-59.00000 -49.50000 8.00000
-59.00000 -49.00000 7.50000
-59.00000 -49.00000 10.50000
-59.00000 -49.50000 11.00000
-59.00000 -49.00000 17.50000
-59.00000 -48.00000 0.50000
-59.00000 -48.50000 1.00000
-59.00000 -48.50000 7.00000
-59.00000 -48.00000 6.50000
-59.00000 -48.00000 9.50000
-59.00000 -48.50000 10.00000
-59.00000 -48.50000 17.00000
-59.00000 -48.00000 16.50000
-59.00000 -47.00000 0.50000
-58.50000 -47.00000 6.00000
-59.00000 -47.00000 6.50000
-59.00000 -47.00000 9.50000
-59.00000 -47.50000 16.00000
-59.00000 -47.00000 15.50000
-59.00000 -46.00000 -0.50000
-59.00000 -46.50000 0.00000
-59.00000 -46.50000 6.00000
-59.00000 -46.00000 5.50000
-59.00000 -46.00000 8.50000
-59.00000 -46.50000 9.00000
-58.50000 -46.00000 13.00000
-58.50000 -46.00000 14.00000
-59.00000 -46.00000 14.50000
-59.00000 -46.50000 15.00000
-59.00000 -45.00000 -0.50000
-59.00000 -45.50000 5.00000
-59.00000 -45.00000 4.50000
-59.00000 -45.00000 7.50000
-59.00000 -45.50000 8.00000
-59.00000 -45.50000 14.00000
-59.00000 -45.00000 13.50000
-59.00000 -44.00000 -0.50000
-59.00000 -44.00000 4.50000
-59.00000 -44.00000 7.50000
-59.00000 -44.50000 13.00000
-59.00000 -44.00000 12.50000
-59.00000 -43.00000 -1.50000
-59.00000 -43.50000 -1.00000
-59.00000 -43.50000 4.00000
-59.00000 -43.00000 3.50000
-59.00000 -43.00000 6.50000
-59.00000 -43.50000 7.00000
-59.00000 -43.00000 12.50000
-59.00000 -42.50000 -1.00000
-58.50000 -42.00000 -1.00000
-59.00000 -42.00000 -0.50000
-59.00000 -42.00000 3.50000
-59.00000 -42.00000 6.50000
-59.00000 -42.50000 12.00000
-59.00000 -42.00000 11.50000
-58.50000 -41.00000 0.00000
-59.00000 -41.50000 0.00000
-59.00000 -41.00000 0.50000
-59.00000 -41.00000 3.50000
-59.00000 -41.00000 6.50000
-59.00000 -41.00000 11.50000
-58.50000 -40.00000 1.00000
-59.00000 -40.50000 1.00000
-58.50000 -40.00000 2.00000
-59.00000 -40.50000 2.00000
-58.50000 -40.00000 3.00000
-59.00000 -40.00000 2.50000
-59.00000 -40.00000 3.50000
-58.50000 -40.00000 6.00000
-59.00000 -40.00000 6.50000
-59.00000 -40.50000 11.00000
-59.00000 -40.00000 10.50000
-59.00000 -39.50000 3.00000
-59.00000 -39.00000 5.50000
-59.00000 -39.50000 6.00000
-59.00000 -39.00000 10.50000
-59.00000 -38.00000 4.50000
-59.00000 -38.50000 5.00000
-59.00000 -38.50000 10.00000
-59.00000 -38.00000 9.50000
-59.00000 -37.50000 5.00000
-59.00000 -37.00000 5.50000
-59.00000 -37.00000 9.50000
-59.00000 -36.50000 6.00000
-59.00000 -36.00000 6.50000
-59.00000 -36.50000 9.00000
-59.00000 -36.00000 8.50000
-59.00000 -35.50000 7.00000
-58.50000 -35.00000 8.00000
-59.00000 -35.50000 8.00000
-59.50000 -53.00000 7.00000
-59.50000 -53.00000 8.00000
-59.50000 -53.00000 16.00000
-60.00000 -52.00000 5.50000
-60.00000 -52.50000 6.00000
-60.00000 -52.50000 7.00000
-60.00000 -52.50000 8.00000
-59.50000 -52.00000 9.00000
-60.00000 -52.00000 8.50000
-59.50000 -52.00000 15.00000
-59.50000 -52.00000 16.00000
-60.00000 -52.50000 17.00000
-60.00000 -52.00000 16.50000
-60.00000 -52.00000 17.50000
-60.00000 -51.00000 4.50000
-60.00000 -51.50000 5.00000
-60.00000 -51.50000 9.00000
-60.00000 -51.00000 9.50000
-59.50000 -51.00000 13.00000
-60.00000 -51.00000 12.50000
-60.00000 -51.50000 13.00000
-60.00000 -51.50000 14.00000
-60.00000 -51.50000 15.00000
-60.00000 -51.50000 16.00000
-59.50000 -51.00000 18.00000
-60.00000 -51.00000 17.50000
-60.00000 -50.00000 3.50000
-60.00000 -50.50000 4.00000
-60.00000 -50.50000 9.00000
-60.00000 -50.00000 8.50000
-60.00000 -50.00000 11.50000
-60.00000 -50.50000 12.00000
-60.00000 -50.00000 17.50000
-60.00000 -49.00000 1.50000
-60.00000 -49.50000 2.00000
-60.00000 -49.50000 3.00000
-60.00000 -49.50000 8.00000
-60.00000 -49.00000 7.50000
-60.00000 -49.00000 10.50000
-60.00000 -49.50000 11.00000
-59.50000 -49.00000 17.00000
-60.00000 -49.50000 17.00000
-60.00000 -49.00000 16.50000
-59.50000 -48.00000 1.00000
-60.00000 -48.00000 1.50000
-60.00000 -48.50000 7.00000
-60.00000 -48.00000 6.50000
-60.00000 -48.00000 9.50000
-60.00000 -48.50000 10.00000
-59.50000 -48.00000 16.00000
-60.00000 -48.50000 16.00000
-60.00000 -48.00000 15.50000
-60.00000 -47.00000 0.50000
-60.00000 -47.50000 1.00000
-60.00000 -47.00000 6.50000
-60.00000 -47.00000 9.50000
-60.00000 -47.00000 15.50000
-59.50000 -46.00000 0.00000
-60.00000 -46.00000 0.50000
-60.00000 -46.50000 6.00000
-60.00000 -46.00000 5.50000
-60.00000 -46.00000 8.50000
-60.00000 -46.50000 9.00000
-60.00000 -46.50000 15.00000
-60.00000 -46.00000 14.50000
-59.50000 -45.00000 0.00000
-60.00000 -45.00000 0.50000
-60.00000 -45.50000 5.00000
-60.00000 -45.00000 4.50000
-59.50000 -45.00000 8.00000
-60.00000 -45.00000 8.50000
-60.00000 -45.50000 14.00000
-60.00000 -45.00000 13.50000
-60.00000 -44.00000 -0.50000
-60.00000 -44.50000 0.00000
-60.00000 -44.00000 4.50000
-60.00000 -44.00000 7.50000
-60.00000 -44.50000 8.00000
-60.00000 -44.50000 13.00000
-60.00000 -44.00000 12.50000
-59.50000 -43.00000 -1.00000
-60.00000 -43.00000 -0.50000
-59.50000 -43.00000 4.00000
-60.00000 -43.00000 4.50000
-59.50000 -43.00000 7.00000
-60.00000 -43.00000 7.50000
-60.00000 -43.00000 12.50000
-59.50000 -42.00000 0.00000
-60.00000 -42.50000 0.00000
-60.00000 -42.00000 0.50000
-60.00000 -42.50000 4.00000
-60.00000 -42.00000 3.50000
-60.00000 -42.00000 6.50000
-60.00000 -42.50000 7.00000
-60.00000 -42.50000 12.00000
-60.00000 -42.00000 11.50000
-59.50000 -41.00000 1.00000
-60.00000 -41.50000 1.00000
-59.50000 -41.00000 2.00000
-60.00000 -41.50000 2.00000
-60.00000 -41.00000 2.50000
-60.00000 -41.00000 3.50000
-60.00000 -41.00000 6.50000
-60.00000 -41.00000 11.50000
-59.50000 -40.00000 3.00000
-60.00000 -40.50000 3.00000
-60.00000 -40.00000 6.50000
-60.00000 -40.50000 11.00000
-60.00000 -40.00000 10.50000
-60.00000 -39.00000 5.50000
-60.00000 -39.50000 6.00000
-60.00000 -39.00000 10.50000
-59.50000 -38.00000 5.00000
-60.00000 -38.00000 5.50000
-59.50000 -38.00000 10.00000
-60.00000 -38.00000 10.50000
-59.50000 -37.00000 6.00000
-60.00000 -37.50000 6.00000
-60.00000 -37.00000 6.50000
-60.00000 -37.50000 10.00000
-60.00000 -37.00000 9.50000
-59.50000 -36.00000 7.00000
-60.00000 -36.50000 7.00000
-60.00000 -36.00000 7.50000
-59.50000 -36.00000 9.00000
-60.00000 -36.00000 9.50000
-60.00000 -35.50000 8.00000
-60.00000 -35.50000 9.00000
-61.00000 -52.00000 5.50000
-61.00000 -52.50000 6.00000
-60.50000 -52.00000 7.00000
-61.00000 -52.00000 6.50000
-60.50000 -52.00000 8.00000
-60.50000 -52.00000 17.00000
-60.50000 -51.00000 5.00000
-61.00000 -51.00000 5.50000
-61.00000 -51.50000 7.00000
-61.00000 -51.50000 8.00000
-60.50000 -51.00000 9.00000
-61.00000 -51.00000 8.50000
-60.50000 -51.00000 13.00000
-60.50000 -51.00000 14.00000
-60.50000 -51.00000 15.00000
-60.50000 -51.00000 16.00000
-60.50000 -51.00000 17.00000
-60.50000 -50.00000 4.00000
-61.00000 -50.00000 4.50000
-61.00000 -50.50000 5.00000
-61.00000 -50.00000 8.50000
-61.00000 -50.00000 11.50000
-61.00000 -50.50000 12.00000
-61.00000 -50.50000 13.00000
-61.00000 -50.50000 14.00000
-61.00000 -50.50000 15.00000
-61.00000 -50.50000 16.00000
-61.00000 -50.00000 16.50000
-60.50000 -50.00000 17.00000
-60.50000 -49.00000 2.00000
-61.00000 -49.00000 2.50000
-61.00000 -49.50000 3.00000
-61.00000 -49.50000 4.00000
-61.00000 -49.50000 8.00000
-61.00000 -49.00000 7.50000
-61.00000 -49.00000 10.50000
-61.00000 -49.50000 11.00000
-61.00000 -49.00000 16.50000
-61.00000 -48.00000 1.50000
-61.00000 -48.50000 2.00000
-60.50000 -48.00000 7.00000
-61.00000 -48.00000 7.50000
-61.00000 -48.00000 9.50000
-61.00000 -48.50000 10.00000
-61.00000 -48.50000 16.00000
-61.00000 -48.00000 15.50000
-60.50000 -47.00000 1.00000
-61.00000 -47.00000 1.50000
-61.00000 -47.50000 7.00000
-61.00000 -47.00000 6.50000
-61.00000 -47.00000 9.50000
-60.50000 -47.00000 15.00000
-61.00000 -47.50000 15.00000
-61.00000 -47.00000 14.50000
-61.00000 -46.00000 0.50000
-61.00000 -46.50000 1.00000
-61.00000 -46.50000 6.00000
-61.00000 -46.00000 5.50000
-61.00000 -46.00000 8.50000
-61.00000 -46.50000 9.00000
-60.50000 -46.00000 14.00000
-61.00000 -46.50000 14.00000
-61.00000 -46.00000 13.50000
-61.00000 -45.00000 0.50000
-60.50000 -45.00000 5.00000
-61.00000 -45.00000 5.50000
-61.00000 -45.00000 8.50000
-60.50000 -45.00000 13.00000
-61.00000 -45.50000 13.00000
-61.00000 -45.00000 12.50000
-60.50000 -44.00000 0.00000
-61.00000 -44.00000 0.50000
-61.00000 -44.50000 5.00000
-61.00000 -44.00000 4.50000
-61.00000 -44.00000 7.50000
-61.00000 -44.50000 8.00000
-61.00000 -44.00000 12.50000
-60.50000 -43.00000 0.00000
-61.00000 -43.00000 0.50000
-61.00000 -43.00000 4.50000
-61.00000 -43.00000 7.50000
-60.50000 -43.00000 12.00000
-61.00000 -43.50000 12.00000
-61.00000 -43.00000 11.50000
-60.50000 -42.00000 1.00000
-61.00000 -42.50000 1.00000
-60.50000 -42.00000 2.00000
-61.00000 -42.50000 2.00000
-61.00000 -42.00000 2.50000
-60.50000 -42.00000 4.00000
-61.00000 -42.00000 4.50000
-60.50000 -42.00000 7.00000
-61.00000 -42.00000 7.50000
-61.00000 -42.00000 11.50000
-60.50000 -41.00000 3.00000
-61.00000 -41.50000 3.00000
-61.00000 -41.50000 4.00000
-61.00000 -41.00000 6.50000
-61.00000 -41.50000 7.00000
-61.00000 -41.00000 11.50000
-61.00000 -40.00000 6.50000
-61.00000 -40.50000 11.00000
-61.00000 -40.00000 10.50000
-61.00000 -39.00000 5.50000
-61.00000 -39.50000 6.00000
-61.00000 -39.00000 10.50000
-61.00000 -38.50000 6.00000
-60.50000 -38.00000 6.00000
-61.00000 -38.00000 6.50000
-60.50000 -38.00000 10.00000
-61.00000 -38.50000 10.00000
-61.00000 -38.00000 9.50000
-61.00000 -37.00000 6.50000
-61.00000 -37.00000 9.50000
-61.00000 -36.50000 7.00000
-60.50000 -36.00000 8.00000
-61.00000 -36.50000 8.00000
-60.50000 -36.00000 9.00000
-61.00000 -36.50000 9.00000
-61.50000 -52.00000 6.00000
-61.50000 -51.00000 6.00000
-61.50000 -51.00000 7.00000
-61.50000 -51.00000 8.00000
-62.00000 -50.00000 4.50000
-62.00000 -50.50000 5.00000
-62.00000 -50.50000 6.00000
-62.00000 -50.50000 7.00000
-62.00000 -50.00000 7.50000
-61.50000 -50.00000 8.00000
-61.50000 -50.00000 12.00000
-61.50000 -50.00000 13.00000
-61.50000 -50.00000 14.00000
-61.50000 -50.00000 15.00000
-61.50000 -50.00000 16.00000
-61.50000 -49.00000 3.00000
-62.00000 -49.00000 3.50000
-62.00000 -49.50000 4.00000
-62.00000 -49.00000 7.50000
-62.00000 -49.00000 10.50000
-62.00000 -49.50000 11.00000
-62.00000 -49.50000 12.00000
-62.00000 -49.50000 13.00000
-62.00000 -49.50000 14.00000
-62.00000 -49.00000 14.50000
-61.50000 -49.00000 15.00000
-61.50000 -49.00000 16.00000
-61.50000 -48.00000 2.00000
-62.00000 -48.00000 2.50000
-62.00000 -48.50000 3.00000
-62.00000 -48.00000 7.50000
-62.00000 -48.00000 9.50000
-62.00000 -48.50000 10.00000
-61.50000 -48.00000 15.00000
-62.00000 -48.00000 14.50000
-62.00000 -47.00000 1.50000
-62.00000 -47.50000 2.00000
-62.00000 -47.50000 7.00000
-62.00000 -47.00000 6.50000
-62.00000 -47.00000 9.50000
-62.00000 -47.00000 14.50000
-61.50000 -46.00000 1.00000
-62.00000 -46.00000 1.50000
-61.50000 -46.00000 6.00000
-62.00000 -46.00000 6.50000
-62.00000 -46.00000 8.50000
-62.00000 -46.50000 9.00000
-62.00000 -46.50000 14.00000
-62.00000 -46.00000 13.50000
-62.00000 -45.00000 0.50000
-62.00000 -45.50000 1.00000
-62.00000 -45.50000 6.00000
-62.00000 -45.00000 5.50000
-62.00000 -45.00000 8.50000
-62.00000 -45.50000 13.00000
-62.00000 -45.00000 12.50000
-62.00000 -44.50000 1.00000
-61.50000 -44.00000 1.00000
-62.00000 -44.00000 1.50000
-62.00000 -44.50000 5.00000
-62.00000 -44.00000 4.50000
-62.00000 -44.00000 7.50000
-62.00000 -44.50000 8.00000
-61.50000 -44.00000 12.00000
-62.00000 -44.50000 12.00000
-62.00000 -44.00000 11.50000
-61.50000 -43.00000 1.00000
-62.00000 -43.50000 2.00000
-61.50000 -43.00000 2.00000
-62.00000 -43.00000 2.50000
-62.00000 -43.00000 4.50000
-62.00000 -43.00000 7.50000
-62.00000 -43.00000 11.50000
-61.50000 -42.00000 3.00000
-62.00000 -42.50000 3.00000
-61.50000 -42.00000 4.00000
-62.00000 -42.50000 4.00000
-62.00000 -42.00000 7.50000
-62.00000 -42.00000 11.50000
-62.00000 -41.00000 6.50000
-62.00000 -41.50000 7.00000
-62.00000 -41.00000 11.50000
-62.00000 -40.00000 6.50000
-62.00000 -40.50000 11.00000
-62.00000 -40.00000 10.50000
-61.50000 -39.00000 6.00000
-62.00000 -39.00000 6.50000
-62.00000 -39.00000 10.50000
-61.50000 -38.00000 7.00000
-62.00000 -38.50000 7.00000
-62.00000 -38.00000 7.50000
-62.00000 -38.50000 10.00000
-62.00000 -38.00000 9.50000
-61.50000 -37.00000 7.00000
-62.00000 -37.50000 8.00000
-61.50000 -37.00000 8.00000
-61.50000 -37.00000 9.00000
-62.00000 -37.50000 9.00000
-62.50000 -50.00000 5.00000
-62.50000 -50.00000 6.00000
-62.50000 -50.00000 7.00000
-62.50000 -49.00000 4.00000
-62.50000 -49.00000 5.00000
-62.50000 -49.00000 6.00000
-62.50000 -49.00000 7.00000
-62.50000 -49.00000 11.00000
-62.50000 -49.00000 12.00000
-62.50000 -49.00000 13.00000
-62.50000 -49.00000 14.00000
-62.50000 -48.00000 3.00000
-62.50000 -48.00000 4.00000
-63.00000 -48.00000 4.50000
-63.00000 -48.50000 5.00000
-63.00000 -48.50000 6.00000
-63.00000 -48.00000 6.50000
-62.50000 -48.00000 7.00000
-63.00000 -48.00000 9.50000
-63.00000 -48.50000 10.00000
-63.00000 -48.50000 11.00000
-63.00000 -48.00000 11.50000
-62.50000 -48.00000 12.00000
-62.50000 -48.00000 13.00000
-62.50000 -48.00000 14.00000
-62.50000 -47.00000 2.00000
-63.00000 -47.00000 2.50000
-63.00000 -47.50000 3.00000
-63.00000 -47.50000 4.00000
-62.50000 -47.00000 7.00000
-63.00000 -47.50000 7.00000
-63.00000 -47.00000 7.50000
-63.00000 -47.00000 9.50000
-63.00000 -47.50000 12.00000
-63.00000 -47.00000 12.50000
-62.50000 -47.00000 13.00000
-62.50000 -47.00000 14.00000
-62.50000 -46.00000 2.00000
-63.00000 -46.00000 2.50000
-63.00000 -46.50000 7.00000
-63.00000 -46.00000 6.50000
-63.00000 -46.00000 8.50000
-63.00000 -46.50000 9.00000
-62.50000 -46.00000 13.00000
-63.00000 -46.00000 12.50000
-62.50000 -45.00000 1.00000
-62.50000 -45.00000 2.00000
-63.00000 -45.50000 3.00000
-62.50000 -45.00000 3.00000
-63.00000 -45.00000 3.50000
-63.00000 -45.50000 6.00000
-63.00000 -45.00000 5.50000
-63.00000 -45.00000 8.50000
-63.00000 -45.00000 12.50000
-62.50000 -44.00000 2.00000
-62.50000 -44.00000 3.00000
-63.00000 -44.50000 4.00000
-62.50000 -44.00000 4.00000
-63.00000 -44.50000 5.00000
-63.00000 -44.00000 7.50000
-63.00000 -44.50000 8.00000
-63.00000 -44.50000 12.00000
-63.00000 -44.00000 11.50000
-62.50000 -43.00000 3.00000
-62.50000 -43.00000 4.00000
-63.00000 -43.00000 7.50000
-63.00000 -43.00000 11.50000
-63.00000 -42.00000 7.50000
-63.00000 -42.00000 11.50000
-63.00000 -41.00000 6.50000
-63.00000 -41.50000 7.00000
-62.50000 -41.00000 11.00000
-63.00000 -41.50000 11.00000
-63.00000 -41.00000 10.50000
-63.00000 -40.50000 7.00000
-62.50000 -40.00000 7.00000
-63.00000 -40.00000 7.50000
-63.00000 -40.00000 10.50000
-62.50000 -39.00000 7.00000
-63.00000 -39.50000 8.00000
-62.50000 -39.00000 8.00000
-63.00000 -39.00000 8.50000
-63.00000 -39.00000 10.50000
-62.50000 -38.00000 8.00000
-63.00000 -38.50000 9.00000
-62.50000 -38.00000 9.00000
-63.00000 -38.50000 10.00000
-63.50000 -48.00000 5.00000
-63.50000 -48.00000 6.00000
-63.50000 -48.00000 10.00000
-63.50000 -48.00000 11.00000
-63.50000 -47.00000 3.00000
-63.50000 -47.00000 4.00000
-63.50000 -47.00000 5.00000
-63.50000 -47.00000 6.00000
-63.50000 -47.00000 7.00000
-63.50000 -47.00000 10.00000
-63.50000 -47.00000 11.00000
-63.50000 -47.00000 12.00000
-63.50000 -46.00000 3.00000
-63.50000 -46.00000 4.00000
-63.50000 -46.00000 5.00000
-63.50000 -46.00000 6.00000
-63.50000 -46.00000 9.00000
-63.50000 -46.00000 10.00000
-63.50000 -46.00000 11.00000
-63.50000 -46.00000 12.00000
-63.50000 -45.00000 4.00000
-63.50000 -45.00000 5.00000
-64.00000 -45.00000 8.50000
-64.00000 -45.50000 9.00000
-64.00000 -45.00000 9.50000
-63.50000 -45.00000 10.00000
-63.50000 -45.00000 11.00000
-63.50000 -45.00000 12.00000
-64.00000 -44.00000 7.50000
-64.00000 -44.50000 8.00000
-63.50000 -44.00000 10.00000
-64.00000 -44.00000 9.50000
-63.50000 -44.00000 11.00000
-64.00000 -43.50000 8.00000
-63.50000 -43.00000 8.00000
-63.50000 -43.00000 9.00000
-64.00000 -43.50000 9.00000
-63.50000 -43.00000 10.00000
-63.50000 -43.00000 11.00000
-63.50000 -42.00000 8.00000
-63.50000 -42.00000 9.00000
-63.50000 -42.00000 10.00000
-63.50000 -42.00000 11.00000
-63.50000 -41.00000 7.00000
-63.50000 -41.00000 8.00000
-63.50000 -41.00000 9.00000
-63.50000 -41.00000 10.00000
-63.50000 -40.00000 8.00000
-63.50000 -40.00000 9.00000
-63.50000 -40.00000 10.00000
-63.50000 -39.00000 9.00000
-63.50000 -39.00000 10.00000
-64.50000 -45.00000 9.00000
-64.50000 -44.00000 8.00000
-64.50000 -44.00000 9.00000
3 2 1 0
3 4 3 0
3 0 3 2
3 4 5 3
3 0 1 6
3 6 1 7
3 0 8 4
3 0 6 8
3 5 4 9
3 4 10 9
3 4 8 10
3 10 11 9
3 14 13 12
3 14 12 7
3 12 6 7
3 12 15 6
3 6 16 8
3 6 15 16
3 8 17 10
3 8 16 17
3 11 10 18
3 10 19 18
3 10 17 19
3 19 20 18
3 13 21 12
3 12 21 15
3 15 21 22
3 15 22 16
3 16 22 23
3 16 23 17
3 17 23 24
3 17 24 19
3 19 24 25
3 19 25 20
3 28 27 26
3 30 29 26
3 26 29 28
3 30 31 29
3 34 33 32
3 34 32 27
3 27 32 26
3 32 1 26
3 1 2 26
3 26 2 3
3 26 3 30
3 3 5 30
3 5 31 30
3 5 35 31
3 38 37 36
3 40 39 36
3 36 39 38
3 39 40 33
3 40 32 33
3 40 41 32
3 41 7 1
3 41 1 32
3 42 35 5
3 42 5 9
3 9 11 42
3 42 11 43
3 46 45 44
3 46 44 37
3 44 36 37
3 44 47 36
3 36 48 40
3 36 47 48
3 48 13 14
3 41 48 14
3 40 48 41
3 41 14 7
3 49 43 11
3 49 11 18
3 18 20 49
3 49 20 50
3 44 45 51
3 51 45 52
3 44 53 47
3 44 51 53
3 47 54 48
3 47 53 54
3 55 21 13
3 48 55 13
3 54 55 48
3 56 22 21
3 56 21 55
3 57 23 22
3 57 22 56
3 58 24 23
3 58 23 57
3 24 58 59
3 60 24 59
3 25 24 60
3 20 25 50
3 50 25 60
3 51 52 61
3 61 52 62
3 51 63 53
3 51 61 63
3 53 64 54
3 53 63 64
3 66 55 65
3 55 64 65
3 55 54 64
3 55 66 56
3 56 66 67
3 56 67 57
3 57 67 68
3 57 68 58
3 58 68 69
3 58 69 59
3 62 70 61
3 61 70 63
3 63 70 71
3 63 71 64
3 64 71 72
3 64 72 65
3 75 74 73
3 27 28 73
3 28 75 73
3 28 76 75
3 77 28 29
3 77 76 28
3 29 31 77
3 77 31 78
3 81 80 79
3 81 79 74
3 74 79 73
3 79 33 73
3 33 34 73
3 73 34 27
3 35 83 82
3 78 35 82
3 31 35 78
3 83 84 82
3 87 86 85
3 37 38 85
3 38 87 85
3 38 88 87
3 39 79 80
3 88 39 80
3 38 39 88
3 79 39 33
3 42 83 35
3 90 89 43
3 43 89 42
3 89 84 42
3 84 83 42
3 90 91 89
3 94 93 92
3 94 92 86
3 86 92 85
3 92 45 85
3 45 46 85
3 85 46 37
3 49 90 43
3 96 95 50
3 50 95 49
3 95 91 49
3 91 90 49
3 96 97 95
3 100 99 98
3 100 98 93
3 98 92 93
3 98 101 92
3 101 52 45
3 101 45 92
3 59 102 60
3 102 103 60
3 60 103 50
3 103 104 50
3 104 96 50
3 96 104 97
3 107 106 105
3 107 105 99
3 105 98 99
3 105 108 98
3 98 109 101
3 98 108 109
3 109 62 52
3 109 52 101
3 65 110 66
3 111 67 66
3 111 66 110
3 67 111 112
3 113 67 112
3 68 67 113
3 68 114 69
3 113 114 68
3 59 69 102
3 69 115 102
3 69 114 115
3 102 115 103
3 118 117 116
3 118 116 106
3 116 105 106
3 116 119 105
3 105 120 108
3 105 119 120
3 108 121 109
3 108 120 121
3 122 70 62
3 109 122 62
3 121 122 109
3 123 71 70
3 123 70 122
3 124 72 71
3 124 71 123
3 124 125 72
3 72 125 65
3 125 126 65
3 126 110 65
3 110 126 111
3 111 126 127
3 111 127 112
3 116 117 128
3 128 117 129
3 116 130 119
3 116 128 130
3 119 131 120
3 119 130 131
3 120 132 121
3 120 131 132
3 134 122 133
3 122 132 133
3 122 121 132
3 122 134 123
3 123 134 135
3 123 135 124
3 124 135 136
3 124 136 125
3 139 138 137
3 139 137 129
3 137 128 129
3 137 140 128
3 128 141 130
3 128 140 141
3 130 142 131
3 130 141 142
3 144 132 143
3 132 142 143
3 132 131 142
3 132 144 133
3 137 138 145
3 145 138 146
3 137 147 140
3 137 145 147
3 140 148 141
3 140 147 148
3 150 142 149
3 142 148 149
3 142 141 148
3 142 150 143
3 153 152 151
3 153 151 146
3 151 145 146
3 151 154 145
3 145 155 147
3 145 154 155
3 157 148 156
3 148 155 156
3 148 147 155
3 148 157 149
3 160 159 158
3 160 158 152
3 158 151 152
3 158 161 151
3 151 162 154
3 151 161 162
3 164 155 163
3 155 162 163
3 155 154 162
3 155 164 156
3 158 159 165
3 165 159 166
3 158 167 161
3 158 165 167
3 161 168 162
3 161 167 168
3 163 162 169
3 169 162 168
3 165 166 170
3 170 166 171
3 165 172 167
3 165 170 172
3 174 168 173
3 168 172 173
3 168 167 172
3 168 174 169
3 177 176 175
3 177 175 171
3 175 170 171
3 175 178 170
3 180 172 179
3 172 178 179
3 172 170 178
3 172 180 173
3 175 176 181
3 181 176 182
3 175 183 178
3 175 181 183
3 179 178 184
3 184 178 183
3 181 182 185
3 185 182 186
3 181 187 183
3 181 185 187
3 184 183 188
3 188 183 187
3 185 186 189
3 189 186 190
3 192 187 191
3 187 189 191
3 187 185 189
3 187 192 188
3 190 193 189
3 189 193 191
3 196 195 194
3 74 75 194
3 75 196 194
3 75 197 196
3 198 75 76
3 198 197 75
3 199 76 77
3 199 198 76
3 77 78 199
3 199 78 200
3 203 202 201
3 205 204 201
3 201 204 203
3 204 205 195
3 195 205 194
3 205 80 194
3 80 81 194
3 194 81 74
3 206 200 78
3 206 78 82
3 82 84 206
3 206 84 207
3 210 209 208
3 210 208 202
3 202 208 201
3 208 86 201
3 86 87 201
3 201 87 88
3 201 88 205
3 205 88 80
3 211 207 84
3 211 84 89
3 213 212 91
3 212 89 91
3 212 211 89
3 213 214 212
3 217 216 215
3 219 218 215
3 215 218 217
3 218 219 209
3 209 219 208
3 219 93 208
3 93 94 208
3 208 94 86
3 95 213 91
3 221 220 97
3 97 220 95
3 220 214 95
3 214 213 95
3 221 222 220
3 225 224 223
3 225 223 216
3 223 215 216
3 223 226 215
3 226 99 100
3 219 226 100
3 215 226 219
3 219 100 93
3 103 227 104
3 227 228 104
3 104 228 97
3 228 229 97
3 229 221 97
3 221 229 222
3 232 231 230
3 232 230 224
3 230 223 224
3 230 233 223
3 233 106 107
3 226 233 107
3 223 233 226
3 226 107 99
3 112 234 113
3 113 234 235
3 236 113 235
3 114 113 236
3 114 237 115
3 236 237 114
3 103 115 227
3 115 238 227
3 115 237 238
3 227 238 228
3 230 231 239
3 239 231 240
3 239 117 118
3 233 239 118
3 230 239 233
3 233 118 106
3 125 241 126
3 126 241 242
3 243 126 242
3 127 126 243
3 112 127 234
3 127 244 234
3 127 243 244
3 234 244 235
3 247 246 245
3 247 245 240
3 245 239 240
3 245 248 239
3 248 129 117
3 248 117 239
3 133 249 134
3 134 249 250
3 251 134 250
3 135 134 251
3 135 252 136
3 251 252 135
3 125 136 241
3 136 253 241
3 136 252 253
3 241 253 242
3 245 246 254
3 254 246 255
3 254 138 139
3 248 254 139
3 245 254 248
3 248 139 129
3 143 256 144
3 256 257 144
3 144 257 133
3 257 258 133
3 258 249 133
3 249 258 250
3 261 260 259
3 261 259 255
3 259 254 255
3 259 262 254
3 262 146 138
3 262 138 254
3 149 263 150
3 263 264 150
3 150 264 143
3 264 265 143
3 265 256 143
3 256 265 257
3 268 267 266
3 268 266 260
3 266 259 260
3 266 269 259
3 269 152 153
3 262 269 153
3 259 269 262
3 262 153 146
3 156 270 157
3 263 149 157
3 270 263 157
3 271 263 270
3 264 263 272
3 272 263 271
3 266 267 273
3 273 267 274
3 273 159 160
3 269 273 160
3 266 273 269
3 269 160 152
3 163 275 164
3 270 156 164
3 275 270 164
3 276 270 275
3 278 271 277
3 271 276 277
3 271 270 276
3 271 278 272
3 281 280 279
3 281 279 274
3 279 273 274
3 279 282 273
3 282 166 159
3 282 159 273
3 169 283 275
3 169 275 163
3 285 276 284
3 276 283 284
3 276 275 283
3 276 285 277
3 279 280 286
3 286 280 287
3 279 288 282
3 279 286 288
3 288 171 166
3 288 166 282
3 173 289 174
3 289 290 174
3 174 290 169
3 290 291 169
3 291 283 169
3 283 291 284
3 286 287 292
3 292 287 293
3 292 176 177
3 288 292 177
3 286 292 288
3 288 177 171
3 179 294 180
3 289 173 180
3 294 289 180
3 295 289 294
3 290 289 296
3 296 289 295
3 293 297 292
3 176 292 297
3 298 176 297
3 182 176 298
3 184 299 294
3 184 294 179
3 301 295 300
3 295 299 300
3 295 294 299
3 295 301 296
3 298 186 182
3 302 186 298
3 188 303 299
3 188 299 184
3 300 299 304
3 304 299 303
3 306 190 305
3 190 302 305
3 190 186 302
3 192 191 306
3 305 192 306
3 307 192 305
3 188 192 303
3 192 308 303
3 192 307 308
3 303 308 304
3 306 193 190
3 193 306 191
3 311 310 309
3 309 312 311
3 315 314 313
3 195 196 313
3 196 315 313
3 196 316 315
3 317 196 197
3 317 316 196
3 198 309 310
3 317 198 310
3 197 198 317
3 318 312 309
3 198 318 309
3 199 318 198
3 199 200 318
3 318 200 319
3 321 320 203
3 203 320 202
3 204 313 314
3 321 204 314
3 203 204 321
3 313 204 195
3 322 319 200
3 322 200 206
3 206 207 322
3 322 207 323
3 326 325 324
3 209 210 324
3 210 326 324
3 210 327 326
3 210 202 320
3 210 320 327
3 330 329 328
3 332 331 328
3 332 328 329
3 333 331 332
3 334 323 207
3 334 207 211
3 335 211 212
3 335 334 211
3 337 336 214
3 336 212 214
3 336 335 212
3 337 338 336
3 341 340 339
3 216 217 339
3 217 341 339
3 217 342 341
3 218 324 325
3 342 218 325
3 217 218 342
3 324 218 209
3 345 344 343
3 347 346 343
3 347 343 344
3 346 347 330
3 328 346 330
3 348 346 328
3 331 350 349
3 348 331 349
3 328 331 348
3 350 331 333
3 220 337 214
3 352 351 222
3 222 351 220
3 351 338 220
3 338 337 220
3 352 353 351
3 356 355 354
3 356 354 340
3 340 354 339
3 354 224 339
3 224 225 339
3 339 225 216
3 359 358 357
3 360 357 358
3 361 345 343
3 361 343 346
3 361 346 362
3 362 346 348
3 362 348 363
3 363 348 349
3 228 364 229
3 364 365 229
3 229 365 222
3 365 366 222
3 366 352 222
3 352 366 353
3 369 368 367
3 369 367 355
3 355 367 354
3 367 231 354
3 231 232 354
3 354 232 224
3 370 359 357
3 370 357 360
3 235 371 236
3 236 371 372
3 373 236 372
3 237 236 373
3 237 374 238
3 373 374 237
3 228 238 364
3 238 375 364
3 238 374 375
3 364 375 365
3 367 368 376
3 376 368 377
3 376 240 231
3 376 231 367
3 379 378 243
3 379 243 242
3 243 380 244
3 378 380 243
3 235 244 371
3 244 381 371
3 244 380 381
3 371 381 372
3 384 383 382
3 384 382 377
3 377 382 376
3 382 246 376
3 246 247 376
3 376 247 240
3 250 385 251
3 251 385 386
3 387 251 386
3 252 251 387
3 252 388 253
3 387 388 252
3 242 253 379
3 379 253 388
3 382 383 389
3 389 383 390
3 389 255 246
3 389 246 382
3 257 391 258
3 391 392 258
3 258 392 250
3 392 393 250
3 393 385 250
3 385 393 386
3 396 395 394
3 396 394 390
3 390 394 389
3 394 260 389
3 260 261 389
3 389 261 255
3 264 397 265
3 397 398 265
3 265 398 257
3 398 399 257
3 399 391 257
3 391 399 392
3 402 401 400
3 402 400 395
3 395 400 394
3 400 267 394
3 267 268 394
3 394 268 260
3 272 403 397
3 272 397 264
3 398 397 404
3 404 397 403
3 400 401 405
3 405 401 406
3 405 274 267
3 405 267 400
3 277 407 278
3 407 408 278
3 278 408 272
3 408 409 272
3 409 403 272
3 403 409 404
3 412 411 410
3 412 410 406
3 406 410 405
3 410 280 405
3 280 281 405
3 405 281 274
3 284 413 285
3 413 414 285
3 285 414 277
3 414 415 277
3 415 407 277
3 407 415 408
3 411 416 410
3 280 410 416
3 417 280 416
3 287 280 417
3 290 418 291
3 418 419 291
3 291 419 284
3 419 420 284
3 420 413 284
3 413 420 414
3 417 293 287
3 421 293 417
3 423 422 418
3 290 423 418
3 296 423 290
3 418 422 419
3 421 424 293
3 293 424 297
3 298 297 424
3 298 424 425
3 300 426 301
3 426 427 301
3 427 296 301
3 427 423 296
3 429 302 428
3 302 425 428
3 302 298 425
3 430 429 428
3 304 431 426
3 304 426 300
3 427 426 432
3 432 426 431
3 429 305 302
3 430 433 429
3 433 305 429
3 433 307 305
3 307 434 308
3 433 434 307
3 304 308 431
3 308 435 431
3 308 434 435
3 431 435 432
3 438 437 436
3 310 311 436
3 311 438 436
3 311 439 438
3 311 312 439
3 439 312 440
3 443 442 441
3 314 315 441
3 315 443 441
3 315 444 443
3 445 315 316
3 445 444 315
3 317 436 437
3 445 317 437
3 316 317 445
3 436 317 310
3 446 440 312
3 446 312 318
3 318 319 446
3 446 319 447
3 450 449 448
3 452 451 448
3 448 451 450
3 451 452 442
3 442 452 441
3 452 320 441
3 320 321 441
3 441 321 314
3 453 447 319
3 453 319 322
3 455 454 323
3 454 322 323
3 454 453 322
3 455 456 454
3 459 458 457
3 459 457 449
3 449 457 448
3 457 325 448
3 325 326 448
3 448 326 327
3 448 327 452
3 452 327 320
3 462 461 460
3 329 330 460
3 461 329 460
3 463 329 461
3 329 464 332
3 463 464 329
3 466 465 333
3 332 466 333
3 464 466 332
3 323 334 455
3 465 466 467
3 468 456 455
3 334 468 455
3 335 468 334
3 469 335 336
3 469 468 335
3 471 470 338
3 470 336 338
3 470 469 336
3 471 472 470
3 475 474 473
3 340 341 473
3 341 475 473
3 341 476 475
3 342 457 458
3 476 342 458
3 341 342 476
3 457 342 325
3 479 478 477
3 344 345 477
3 478 344 477
3 480 344 478
3 460 347 462
3 347 480 462
3 347 344 480
3 347 460 330
3 482 481 350
3 350 481 349
3 350 333 465
3 483 350 465
3 482 350 483
3 483 465 467
3 351 471 338
3 485 484 353
3 353 484 351
3 484 472 351
3 472 471 351
3 485 486 484
3 489 488 487
3 489 487 474
3 474 487 473
3 487 355 473
3 355 356 473
3 473 356 340
3 491 490 358
3 491 358 359
3 490 492 358
3 492 479 358
3 477 358 479
3 358 477 360
3 493 360 477
3 360 493 492
3 492 494 360
3 490 494 492
3 492 493 479
3 493 477 345
3 361 493 345
3 495 493 361
3 496 361 362
3 496 495 361
3 497 362 363
3 497 496 362
3 363 349 481
3 363 481 497
3 499 498 366
3 499 366 365
3 353 366 485
3 366 500 485
3 366 498 500
3 485 500 486
3 487 488 369
3 488 368 369
3 488 501 368
3 487 369 355
3 504 503 502
3 505 502 503
3 506 491 359
3 506 359 370
3 370 360 494
3 370 494 506
3 508 507 373
3 508 373 372
3 373 509 374
3 507 509 373
3 374 510 375
3 509 510 374
3 365 375 499
3 499 375 510
3 513 512 511
3 501 513 511
3 377 501 511
3 368 501 377
3 516 515 514
3 504 502 517
3 515 518 514
3 517 502 505
3 379 519 378
3 378 519 520
3 521 378 520
3 380 378 521
3 380 522 381
3 521 522 380
3 372 381 508
3 508 381 522
3 511 512 384
3 512 383 384
3 512 523 383
3 511 384 377
3 516 514 524
3 516 524 525
3 514 518 526
3 514 526 524
3 528 527 387
3 528 387 386
3 387 529 388
3 527 529 387
3 379 388 519
3 388 530 519
3 388 529 530
3 519 530 520
3 533 532 531
3 523 533 531
3 390 523 531
3 383 523 390
3 536 535 534
3 525 524 537
3 535 538 534
3 537 524 526
3 540 539 393
3 540 393 392
3 386 393 528
3 528 393 539
3 543 542 541
3 543 541 532
3 532 541 531
3 541 395 531
3 395 396 531
3 531 396 390
3 546 545 544
3 544 545 536
3 534 544 536
3 547 544 534
3 534 538 548
3 534 548 547
3 398 549 399
3 549 550 399
3 550 392 399
3 550 540 392
3 553 552 551
3 553 551 542
3 542 551 541
3 551 401 541
3 401 402 541
3 541 402 395
3 556 555 554
3 554 555 546
3 544 554 546
3 557 554 544
3 547 559 558
3 557 547 558
3 544 547 557
3 559 547 548
3 561 560 549
3 398 561 549
3 404 561 398
3 549 560 550
3 551 552 562
3 562 552 563
3 562 406 401
3 562 401 551
3 556 554 564
3 556 564 565
3 557 567 566
3 564 557 566
3 554 557 564
3 567 557 558
3 408 568 409
3 568 569 409
3 569 404 409
3 569 561 404
3 562 563 412
3 563 411 412
3 563 570 411
3 562 412 406
3 571 565 564
3 571 564 566
3 414 572 415
3 572 573 415
3 415 573 408
3 573 574 408
3 574 568 408
3 568 574 569
3 570 575 411
3 411 575 416
3 417 416 575
3 417 575 576
3 578 577 420
3 578 420 419
3 414 420 572
3 420 579 572
3 420 577 579
3 572 579 573
3 576 421 417
3 580 421 576
3 423 581 422
3 581 582 422
3 582 419 422
3 582 578 419
3 580 583 421
3 421 583 424
3 425 424 583
3 425 583 584
3 586 585 581
3 423 586 581
3 427 586 423
3 581 585 582
3 584 587 425
3 425 587 428
3 589 588 430
3 428 589 430
3 587 589 428
3 591 590 588
3 591 588 589
3 593 592 590
3 593 590 591
3 593 586 592
3 586 432 592
3 586 427 432
3 588 433 430
3 433 588 434
3 434 588 590
3 434 590 435
3 435 590 592
3 435 592 432
3 596 595 594
3 437 438 594
3 438 596 594
3 438 597 596
3 598 438 439
3 598 597 438
3 439 440 598
3 598 440 599
3 601 600 443
3 443 600 442
3 602 443 444
3 602 601 443
3 445 594 595
3 602 445 595
3 444 445 602
3 594 445 437
3 603 599 440
3 603 440 446
3 446 447 603
3 603 447 604
3 606 605 450
3 450 605 449
3 607 450 451
3 607 606 450
3 451 442 600
3 451 600 607
3 608 604 447
3 608 447 453
3 609 453 454
3 609 608 453
3 611 610 456
3 610 454 456
3 610 609 454
3 611 612 610
3 615 614 613
3 458 459 613
3 459 615 613
3 459 616 615
3 459 449 605
3 459 605 616
3 619 618 617
3 461 462 617
3 618 461 617
3 620 461 618
3 461 621 463
3 620 621 461
3 463 622 464
3 621 622 463
3 464 623 466
3 622 623 464
3 625 624 467
3 466 625 467
3 623 625 466
3 456 468 611
3 624 625 626
3 627 612 611
3 468 627 611
3 469 627 468
3 628 469 470
3 628 627 469
3 630 629 472
3 629 470 472
3 629 628 470
3 630 631 629
3 633 632 475
3 475 632 474
3 476 613 614
3 633 476 614
3 475 476 633
3 613 476 458
3 635 634 478
3 635 478 479
3 617 480 619
3 480 634 619
3 480 478 634
3 480 617 462
3 638 637 636
3 481 482 636
3 482 638 636
3 482 639 638
3 640 482 483
3 640 639 482
3 483 467 624
3 641 483 624
3 640 483 641
3 641 624 626
3 484 630 472
3 643 642 486
3 486 642 484
3 642 631 484
3 631 630 484
3 643 644 642
3 646 645 489
3 489 645 488
3 489 474 632
3 489 632 646
3 649 648 647
3 650 490 491
3 651 647 648
3 653 652 493
3 653 494 652
3 494 653 650
3 635 650 653
3 650 635 490
3 652 490 635
3 635 479 652
3 652 479 493
3 494 490 652
3 654 493 495
3 654 653 493
3 655 495 496
3 655 654 495
3 497 636 637
3 655 497 637
3 496 497 655
3 636 497 481
3 657 656 498
3 657 498 499
3 498 658 500
3 656 658 498
3 486 500 643
3 500 659 643
3 500 658 659
3 643 659 644
3 662 661 660
3 645 662 660
3 501 645 660
3 488 645 501
3 665 664 663
3 503 504 663
3 664 503 663
3 666 503 664
3 666 667 503
3 667 649 503
3 647 503 649
3 503 647 505
3 668 505 647
3 505 668 667
3 667 669 505
3 666 669 667
3 667 668 649
3 491 506 650
3 647 651 668
3 650 506 494
3 508 670 507
3 507 670 671
3 672 507 671
3 509 507 672
3 509 673 510
3 672 673 509
3 499 510 657
3 657 510 673
3 660 661 513
3 661 512 513
3 661 674 512
3 660 513 501
3 665 663 515
3 516 665 515
3 675 665 516
3 518 515 676
3 663 676 515
3 676 663 677
3 504 677 663
3 677 504 517
3 517 505 669
3 517 669 677
3 679 678 521
3 679 521 520
3 521 680 522
3 678 680 521
3 508 522 670
3 522 681 670
3 522 680 681
3 670 681 671
3 684 683 682
3 674 684 682
3 523 674 682
3 512 674 523
3 687 686 685
3 686 675 685
3 675 525 685
3 675 516 525
3 676 526 518
3 688 526 676
3 690 689 527
3 690 527 528
3 527 691 529
3 689 691 527
3 529 692 530
3 691 692 529
3 520 530 679
3 679 530 692
3 695 694 693
3 695 693 683
3 683 693 682
3 693 532 682
3 532 533 682
3 682 533 523
3 687 685 535
3 536 687 535
3 696 687 536
3 538 535 697
3 685 697 535
3 697 685 698
3 525 698 685
3 698 525 537
3 537 526 688
3 537 688 698
3 540 699 539
3 699 700 539
3 700 528 539
3 700 690 528
3 693 694 543
3 694 542 543
3 694 701 542
3 693 543 532
3 703 702 545
3 703 545 546
3 536 545 696
3 696 545 702
3 697 548 538
3 704 548 697
3 550 705 699
3 550 699 540
3 700 699 706
3 706 699 705
3 708 707 553
3 553 707 552
3 553 542 701
3 553 701 708
3 710 709 555
3 710 555 556
3 546 555 703
3 703 555 709
3 712 711 559
3 559 711 558
3 559 548 704
3 559 704 712
3 561 713 560
3 713 714 560
3 560 714 550
3 714 715 550
3 715 705 550
3 705 715 706
3 707 563 552
3 716 563 707
3 719 718 717
3 718 710 717
3 710 565 717
3 710 556 565
3 721 720 567
3 567 720 566
3 567 558 711
3 567 711 721
3 723 722 713
3 561 723 713
3 569 723 561
3 713 722 714
3 725 570 724
3 570 716 724
3 570 563 716
3 726 725 724
3 729 728 727
3 727 728 719
3 717 727 719
3 730 727 717
3 730 717 565
3 731 730 565
3 571 731 565
3 732 730 731
3 571 566 720
3 571 720 731
3 573 733 574
3 733 734 574
3 734 569 574
3 734 723 569
3 725 575 570
3 576 575 725
3 726 576 725
3 735 576 726
3 729 727 736
3 729 736 737
3 730 739 738
3 736 730 738
3 727 730 736
3 739 730 732
3 578 740 577
3 577 740 741
3 742 577 741
3 579 577 742
3 573 579 733
3 579 743 733
3 579 742 743
3 733 743 734
3 745 580 744
3 580 735 744
3 580 576 735
3 745 744 737
3 736 745 737
3 746 745 736
3 736 738 747
3 736 747 746
3 749 748 740
3 578 749 740
3 582 749 578
3 740 748 741
3 745 583 580
3 583 745 584
3 745 750 584
3 745 746 750
3 746 747 751
3 752 746 751
3 750 746 752
3 754 753 752
3 754 752 751
3 755 753 754
3 757 756 585
3 757 585 586
3 582 585 749
3 749 585 756
3 750 587 584
3 587 750 589
3 589 750 752
3 589 752 591
3 591 752 753
3 755 758 753
3 758 591 753
3 758 593 591
3 586 593 757
3 757 593 758
3 761 760 759
3 763 762 759
3 759 762 761
3 763 764 762
3 767 766 765
3 595 596 765
3 596 767 765
3 596 768 767
3 597 759 760
3 768 597 760
3 596 597 768
3 759 597 598
3 759 598 763
3 598 599 763
3 599 764 763
3 599 769 764
3 772 771 770
3 600 601 770
3 601 772 770
3 601 773 772
3 602 765 766
3 773 602 766
3 601 602 773
3 765 602 595
3 774 769 599
3 774 599 603
3 603 604 774
3 774 604 775
3 778 777 776
3 605 606 776
3 606 778 776
3 606 779 778
3 607 770 771
3 779 607 771
3 606 607 779
3 770 607 600
3 780 775 604
3 780 604 608
3 782 780 781
3 780 609 781
3 780 608 609
3 610 783 609
3 609 783 781
3 612 783 610
3 786 785 784
3 784 787 786
3 790 789 788
3 614 615 788
3 615 790 788
3 615 791 790
3 616 776 777
3 791 616 777
3 615 616 791
3 776 616 605
3 794 793 792
3 618 619 792
3 793 618 792
3 795 618 793
3 618 796 620
3 795 796 618
3 620 797 621
3 796 797 620
3 621 798 622
3 797 798 621
3 622 799 623
3 798 799 622
3 781 625 782
3 625 799 782
3 625 623 799
3 625 781 626
3 781 800 626
3 781 783 800
3 800 783 612
3 801 800 612
3 627 801 612
3 802 800 801
3 803 627 628
3 803 801 627
3 804 628 629
3 804 803 628
3 805 784 631
3 784 804 631
3 804 629 631
3 784 785 804
3 787 784 806
3 784 807 806
3 784 805 807
3 807 808 806
3 811 810 809
3 811 809 789
3 789 809 788
3 809 632 788
3 632 633 788
3 788 633 614
3 814 813 812
3 812 813 794
3 812 794 792
3 635 812 792
3 634 635 792
3 634 792 619
3 817 816 815
3 637 638 815
3 638 817 815
3 638 818 817
3 819 638 639
3 819 818 638
3 820 639 640
3 820 819 639
3 821 640 641
3 821 820 640
3 641 626 800
3 822 641 800
3 821 641 822
3 822 800 802
3 642 805 631
3 807 805 823
3 805 644 823
3 644 824 823
3 644 805 642
3 807 823 808
3 827 826 825
3 827 825 810
3 810 825 809
3 825 645 809
3 645 646 809
3 809 646 632
3 830 829 828
3 648 649 828
3 829 648 828
3 831 648 829
3 831 832 648
3 832 814 648
3 812 648 814
3 648 812 651
3 833 651 812
3 651 833 832
3 832 834 651
3 831 834 832
3 832 833 814
3 833 812 635
3 653 833 635
3 835 833 653
3 836 653 654
3 836 835 653
3 655 815 816
3 836 655 816
3 654 655 836
3 815 655 637
3 838 837 656
3 838 656 657
3 656 839 658
3 837 839 656
3 658 840 659
3 839 840 658
3 644 659 824
3 824 659 840
3 825 826 662
3 826 661 662
3 826 841 661
3 825 662 645
3 843 842 664
3 843 664 665
3 828 666 830
3 666 842 830
3 666 664 842
3 669 666 844
3 828 844 666
3 844 828 845
3 649 845 828
3 845 649 668
3 668 651 834
3 668 834 845
3 847 846 672
3 847 672 671
3 672 848 673
3 846 848 672
3 657 673 838
3 838 673 848
3 851 850 849
3 841 851 849
3 674 841 849
3 661 841 674
3 675 843 665
3 675 852 843
3 853 676 677
3 854 853 677
3 669 854 677
3 844 854 669
3 857 856 855
3 678 679 855
3 856 678 855
3 858 678 856
3 678 859 680
3 858 859 678
3 680 860 681
3 859 860 680
3 671 681 847
3 847 681 860
3 849 850 684
3 850 683 684
3 850 861 683
3 849 684 674
3 863 862 686
3 863 686 687
3 675 686 852
3 852 686 862
3 865 864 853
3 864 676 853
3 864 688 676
3 865 853 854
3 867 866 689
3 867 689 690
3 689 868 691
3 866 868 689
3 855 692 857
3 692 868 857
3 692 691 868
3 692 855 679
3 870 869 695
3 695 869 694
3 695 683 861
3 695 861 870
3 873 872 871
3 872 863 871
3 863 696 871
3 863 687 696
3 874 697 698
3 875 874 698
3 688 875 698
3 864 875 688
3 700 867 690
3 700 876 867
3 879 878 877
3 869 879 877
3 701 869 877
3 694 869 701
3 873 871 702
3 703 873 702
3 880 873 703
3 702 871 696
3 882 881 874
3 881 697 874
3 881 704 697
3 882 874 875
3 706 876 700
3 706 883 876
3 886 885 884
3 886 884 878
3 878 884 877
3 884 707 877
3 707 708 877
3 877 708 701
3 888 887 709
3 888 709 710
3 703 709 880
3 880 709 887
3 890 889 712
3 712 889 711
3 712 704 881
3 712 881 890
3 714 891 715
3 891 892 715
3 892 706 715
3 892 883 706
3 885 893 884
3 707 884 893
3 894 707 893
3 716 707 894
3 897 896 895
3 718 719 895
3 896 718 895
3 898 718 896
3 710 718 888
3 888 718 898
3 900 899 721
3 721 899 720
3 721 711 889
3 721 889 900
3 723 901 722
3 901 902 722
3 722 902 714
3 902 903 714
3 903 891 714
3 891 903 892
3 894 904 716
3 716 904 724
3 906 905 726
3 724 906 726
3 904 906 724
3 905 906 897
3 905 897 895
3 729 905 895
3 728 729 895
3 728 895 719
3 908 907 731
3 731 907 732
3 731 720 899
3 731 899 908
3 910 909 901
3 723 910 901
3 734 910 723
3 901 909 902
3 911 735 905
3 905 735 726
3 737 911 729
3 729 911 905
3 913 912 739
3 739 912 738
3 739 732 907
3 739 907 913
3 741 914 742
3 742 914 915
3 916 742 915
3 743 742 916
3 734 743 910
3 910 743 916
3 911 744 735
3 744 911 737
3 918 747 917
3 747 912 917
3 747 738 912
3 920 919 918
3 920 918 917
3 921 919 920
3 749 922 748
3 922 923 748
3 748 923 741
3 923 924 741
3 924 914 741
3 914 924 915
3 918 751 747
3 751 918 754
3 754 918 919
3 926 925 755
3 926 755 754
3 921 926 754
3 919 921 754
3 927 756 757
3 928 925 926
3 927 929 756
3 756 929 749
3 929 930 749
3 930 922 749
3 922 930 923
3 925 758 755
3 925 928 758
3 928 931 758
3 927 757 758
3 927 758 931
3 927 931 929
3 934 933 932
3 760 761 932
3 761 934 932
3 761 935 934
3 936 761 762
3 936 935 761
3 762 764 936
3 936 764 937
3 940 939 938
3 766 767 938
3 767 940 938
3 767 941 940
3 768 932 933
3 941 768 933
3 767 768 941
3 932 768 760
3 769 937 764
3 769 942 937
3 945 944 943
3 771 772 943
3 772 945 943
3 772 946 945
3 773 938 939
3 946 773 939
3 772 773 946
3 938 773 766
3 769 774 947
3 948 769 947
3 942 769 948
3 775 947 774
3 951 950 949
3 777 778 949
3 778 951 949
3 778 952 951
3 779 943 944
3 952 779 944
3 778 779 952
3 943 779 771
3 953 948 947
3 955 953 954
3 954 953 780
3 953 947 780
3 947 775 780
3 782 954 780
3 957 956 786
3 786 956 785
3 786 787 957
3 957 787 958
3 960 959 790
3 790 959 789
3 791 949 950
3 960 791 950
3 790 791 960
3 949 791 777
3 962 961 793
3 962 793 794
3 961 964 963
3 795 961 963
3 793 961 795
3 795 963 965
3 966 795 965
3 796 795 966
3 796 967 797
3 966 967 796
3 797 968 798
3 967 968 797
3 954 799 955
3 799 968 955
3 799 798 968
3 799 954 782
3 970 969 801
3 801 969 802
3 971 801 803
3 971 970 801
3 972 803 804
3 972 971 803
3 804 785 956
3 804 956 972
3 973 958 787
3 973 787 806
3 806 808 973
3 973 808 974
3 976 975 811
3 811 975 810
3 811 789 959
3 811 959 976
3 979 978 977
3 813 814 977
3 978 813 977
3 980 813 978
3 794 813 962
3 962 813 980
3 963 964 981
3 981 964 982
3 817 983 816
3 983 963 816
3 963 981 816
3 963 983 965
3 984 817 818
3 984 983 817
3 985 818 819
3 985 984 818
3 986 819 820
3 986 985 819
3 987 820 821
3 987 986 820
3 988 821 822
3 988 987 821
3 822 802 969
3 822 969 988
3 990 989 823
3 990 823 824
3 808 823 974
3 974 823 989
3 992 991 827
3 827 991 826
3 827 810 975
3 827 975 992
3 994 993 829
3 994 829 830
3 977 831 979
3 831 993 979
3 831 829 993
3 834 831 995
3 977 995 831
3 995 977 996
3 814 996 977
3 996 814 833
3 997 833 835
3 997 996 833
3 836 981 982
3 997 836 982
3 835 836 997
3 981 836 816
3 838 998 837
3 837 998 999
3 1000 837 999
3 839 837 1000
3 839 1001 840
3 1000 1001 839
3 824 840 990
3 990 840 1001
3 991 841 826
3 1002 841 991
3 1004 1003 842
3 1004 842 843
3 830 842 994
3 994 842 1003
3 1006 1005 845
3 845 1005 844
3 845 834 995
3 845 995 1006
3 1008 1007 846
3 1008 846 847
3 846 1009 848
3 1007 1009 846
3 838 848 998
3 848 1010 998
3 848 1009 1010
3 998 1010 999
3 1012 1011 851
3 851 1011 850
3 851 841 1002
3 851 1002 1012
3 852 1004 843
3 852 1013 1004
3 1005 854 844
3 1014 854 1005
3 1016 1015 856
3 1016 856 857
3 856 1017 858
3 1015 1017 856
3 858 1018 859
3 1017 1018 858
3 859 1019 860
3 1018 1019 859
3 847 860 1008
3 1008 860 1019
3 1011 861 850
3 1020 861 1011
3 1022 1021 862
3 1022 862 863
3 852 862 1013
3 1013 862 1021
3 1024 1023 865
3 865 1023 864
3 865 854 1014
3 865 1014 1024
3 867 1025 866
3 866 1025 1026
3 1027 866 1026
3 868 866 1027
3 857 868 1016
3 1016 868 1027
3 1029 1028 870
3 870 1028 869
3 870 861 1020
3 870 1020 1029
3 1031 1030 872
3 1031 872 873
3 863 872 1022
3 1022 872 1030
3 1023 875 864
3 1032 875 1023
3 876 1033 1025
3 876 1025 867
3 1026 1025 1034
3 1034 1025 1033
3 1036 1035 879
3 879 1035 878
3 879 869 1028
3 879 1028 1036
3 880 1031 873
3 880 1037 1031
3 1039 1038 882
3 882 1038 881
3 882 875 1032
3 882 1032 1039
3 1041 1040 1033
3 876 1041 1033
3 883 1041 876
3 1033 1040 1034
3 1042 885 886
3 1043 1042 886
3 878 1043 886
3 1035 1043 878
3 1045 1044 887
3 1045 887 888
3 880 887 1037
3 1037 887 1044
3 1047 1046 890
3 890 1046 889
3 890 881 1038
3 890 1038 1047
3 892 1041 883
3 892 1048 1041
3 1042 893 885
3 894 893 1042
3 1043 894 1042
3 1049 894 1043
3 1051 1050 896
3 1051 896 897
3 896 1052 898
3 1050 1052 896
3 888 898 1045
3 1045 898 1052
3 1054 1053 900
3 900 1053 899
3 900 889 1046
3 900 1046 1054
3 1056 1055 903
3 1056 903 902
3 892 903 1048
3 1048 903 1055
3 1049 1057 894
3 894 1057 904
3 904 1058 906
3 1057 1058 904
3 897 906 1051
3 1051 906 1058
3 1060 1059 908
3 908 1059 907
3 908 899 1053
3 908 1053 1060
3 1062 1061 909
3 1062 909 910
3 902 909 1056
3 1056 909 1061
3 1063 912 913
3 907 1059 1064
3 1063 907 1064
3 1065 1063 1064
3 913 907 1063
3 1066 1065 1064
3 915 1067 916
3 1067 1068 916
3 1068 910 916
3 1068 1062 910
3 1063 917 912
3 917 1063 920
3 920 1063 1065
3 1070 1069 921
3 1070 921 920
3 1066 1070 920
3 1065 1066 920
3 1071 1069 1070
3 923 1072 924
3 1072 1073 924
3 924 1073 915
3 1073 1074 915
3 1074 1067 915
3 1067 1074 1068
3 1069 926 921
3 1076 1075 928
3 1076 928 926
3 1071 1076 926
3 1069 1071 926
3 1077 930 929
3 1078 1075 1076
3 1077 1079 930
3 930 1079 923
3 1079 1080 923
3 1080 1072 923
3 1072 1080 1073
3 1075 931 928
3 1075 1078 931
3 1078 1081 931
3 1077 929 931
3 1077 931 1081
3 1077 1081 1079
3 1084 1083 1082
3 933 934 1082
3 934 1084 1082
3 934 1085 1084
3 1086 934 935
3 1086 1085 934
3 1087 935 936
3 1087 1086 935
3 936 937 1087
3 1087 937 1088
3 1091 1090 1089
3 939 940 1089
3 940 1091 1089
3 940 1092 1091
3 941 1082 1083
3 1092 941 1083
3 940 941 1092
3 1082 941 933
3 942 1088 937
3 942 1093 1088
3 1096 1095 1094
3 944 945 1094
3 945 1096 1094
3 945 1097 1096
3 946 1089 1090
3 1097 946 1090
3 945 946 1097
3 1089 946 939
3 948 1093 942
3 948 1098 1093
3 1100 1099 951
3 951 1099 950
3 952 1094 1095
3 1100 952 1095
3 951 952 1100
3 1094 952 944
3 1103 1102 1101
3 1104 1101 953
3 1101 1098 953
3 1098 948 953
3 1098 1101 1102
3 955 1104 953
3 1106 1105 957
3 957 1105 956
3 957 958 1106
3 1106 958 1107
3 1110 1109 1108
3 959 960 1108
3 960 1110 1108
3 960 1111 1110
3 960 950 1099
3 960 1099 1111
3 1114 1113 1112
3 961 962 1112
3 1113 961 1112
3 1115 961 1113
3 964 961 1115
3 964 1115 1116
3 965 1117 966
3 1118 1103 1101
3 966 1118 1101
3 967 966 1101
3 1118 966 1117
3 967 1101 968
3 968 1101 1104
3 968 1104 955
3 1120 1119 970
3 970 1119 969
3 1121 970 971
3 1121 1120 970
3 1122 971 972
3 1122 1121 971
3 972 956 1105
3 972 1105 1122
3 1123 1107 958
3 1123 958 973
3 973 974 1123
3 1123 974 1124
3 1108 1109 976
3 1109 975 976
3 1109 1125 975
3 1108 976 959
3 1128 1127 1126
3 978 979 1126
3 1127 978 1126
3 1129 978 1127
3 1112 980 1114
3 980 1129 1114
3 980 978 1129
3 980 1112 962
3 1116 982 964
3 1130 982 1116
3 983 1117 965
3 1131 1118 1117
3 983 1131 1117
3 984 1131 983
3 1132 984 985
3 1132 1131 984
3 1133 985 986
3 1133 1132 985
3 1134 986 987
3 1134 1133 986
3 1135 987 988
3 1135 1134 987
3 988 969 1119
3 988 1119 1135
3 1137 1136 989
3 1137 989 990
3 974 989 1124
3 1124 989 1136
3 1139 1138 992
3 992 1138 991
3 992 975 1125
3 992 1125 1139
3 1142 1141 1140
3 1140 1141 1128
3 1140 1128 1126
3 994 1140 1126
3 993 994 1126
3 993 1126 979
3 1144 1143 996
3 996 1143 995
3 1145 996 997
3 1145 1144 996
3 997 982 1130
3 997 1130 1145
3 1147 1146 1000
3 1147 1000 999
3 1000 1148 1001
3 1146 1148 1000
3 990 1001 1137
3 1137 1001 1148
3 1151 1150 1149
3 1138 1151 1149
3 1002 1138 1149
3 991 1138 1002
3 1142 1140 1003
3 1004 1142 1003
3 1152 1142 1004
3 1003 1140 994
3 1153 1005 1006
3 1154 1153 1006
3 995 1154 1006
3 1143 1154 995
3 1156 1155 1007
3 1156 1007 1008
3 1007 1157 1009
3 1155 1157 1007
3 1009 1158 1010
3 1157 1158 1009
3 999 1010 1147
3 1147 1010 1158
3 1149 1150 1012
3 1150 1011 1012
3 1150 1159 1011
3 1149 1012 1002
3 1162 1161 1160
3 1161 1152 1160
3 1152 1013 1160
3 1152 1004 1013
3 1164 1163 1153
3 1163 1005 1153
3 1163 1014 1005
3 1164 1153 1154
3 1166 1165 1015
3 1166 1015 1016
3 1015 1167 1017
3 1165 1167 1015
3 1017 1168 1018
3 1167 1168 1017
3 1018 1169 1019
3 1168 1169 1018
3 1008 1019 1156
3 1156 1019 1169
3 1159 1020 1011
3 1170 1020 1159
3 1162 1160 1021
3 1022 1162 1021
3 1171 1162 1022
3 1021 1160 1013
3 1173 1172 1024
3 1024 1172 1023
3 1024 1014 1163
3 1024 1163 1173
3 1175 1174 1027
3 1175 1027 1026
3 1016 1027 1166
3 1166 1027 1174
3 1177 1176 1029
3 1029 1176 1028
3 1029 1020 1170
3 1029 1170 1177
3 1179 1178 1030
3 1179 1030 1031
3 1022 1030 1171
3 1171 1030 1178
3 1172 1032 1023
3 1180 1032 1172
3 1034 1175 1026
3 1034 1181 1175
3 1183 1182 1036
3 1036 1182 1035
3 1036 1028 1176
3 1036 1176 1183
3 1037 1179 1031
3 1037 1184 1179
3 1186 1185 1039
3 1039 1185 1038
3 1039 1032 1180
3 1039 1180 1186
3 1041 1187 1040
3 1187 1188 1040
3 1188 1034 1040
3 1188 1181 1034
3 1182 1043 1035
3 1189 1043 1182
3 1191 1190 1044
3 1191 1044 1045
3 1037 1044 1184
3 1184 1044 1190
3 1193 1192 1047
3 1047 1192 1046
3 1047 1038 1185
3 1047 1185 1193
3 1195 1194 1187
3 1041 1195 1187
3 1048 1195 1041
3 1187 1194 1188
3 1197 1049 1196
3 1049 1189 1196
3 1049 1043 1189
3 1198 1197 1196
3 1200 1199 1050
3 1200 1050 1051
3 1050 1201 1052
3 1199 1201 1050
3 1045 1052 1191
3 1191 1052 1201
3 1203 1202 1054
3 1054 1202 1053
3 1054 1046 1192
3 1054 1192 1203
3 1205 1204 1055
3 1205 1055 1056
3 1048 1055 1195
3 1195 1055 1204
3 1197 1057 1049
3 1198 1206 1197
3 1206 1057 1197
3 1206 1058 1057
3 1051 1058 1200
3 1200 1058 1206
3 1208 1207 1060
3 1060 1207 1059
3 1060 1053 1202
3 1060 1202 1208
3 1062 1209 1061
3 1209 1210 1061
3 1210 1056 1061
3 1210 1205 1056
3 1207 1211 1059
3 1059 1211 1064
3 1066 1064 1211
3 1066 1211 1212
3 1214 1213 1209
3 1062 1214 1209
3 1068 1214 1062
3 1209 1213 1210
3 1212 1215 1066
3 1066 1215 1070
3 1071 1070 1215
3 1071 1215 1216
3 1218 1217 1074
3 1218 1074 1073
3 1068 1074 1214
3 1214 1074 1217
3 1216 1219 1071
3 1071 1219 1076
3 1078 1076 1219
3 1078 1219 1220
3 1222 1221 1080
3 1222 1080 1079
3 1073 1080 1218
3 1218 1080 1221
3 1220 1223 1078
3 1078 1223 1081
3 1079 1081 1222
3 1222 1081 1223
3 1225 1224 1084
3 1084 1224 1083
3 1226 1084 1085
3 1226 1225 1084
3 1227 1085 1086
3 1227 1226 1085
3 1229 1227 1228
3 1227 1087 1228
3 1227 1086 1087
3 1088 1228 1087
3 1232 1231 1230
3 1090 1091 1230
3 1091 1232 1230
3 1091 1233 1232
3 1234 1091 1092
3 1234 1233 1091
3 1092 1083 1224
3 1092 1224 1234
3 1235 1229 1228
3 1228 1088 1235
3 1088 1236 1235
3 1088 1093 1236
3 1239 1238 1237
3 1095 1096 1237
3 1096 1239 1237
3 1096 1240 1239
3 1097 1230 1231
3 1240 1097 1231
3 1096 1097 1240
3 1230 1097 1090
3 1098 1236 1093
3 1098 1241 1236
3 1244 1243 1242
3 1244 1242 1238
3 1238 1242 1237
3 1242 1099 1237
3 1099 1100 1237
3 1237 1100 1095
3 1246 1245 1102
3 1246 1102 1103
3 1098 1102 1241
3 1241 1102 1245
3 1248 1247 1106
3 1106 1247 1105
3 1106 1107 1248
3 1248 1107 1249
3 1251 1250 1110
3 1110 1250 1109
3 1111 1242 1243
3 1251 1111 1243
3 1110 1111 1251
3 1242 1111 1099
3 1253 1252 1113
3 1253 1113 1114
3 1113 1254 1115
3 1252 1254 1113
3 1116 1115 1254
3 1116 1254 1255
3 1118 1246 1103
3 1118 1256 1246
3 1259 1258 1257
3 1119 1120 1257
3 1120 1259 1257
3 1120 1260 1259
3 1261 1120 1121
3 1261 1260 1120
3 1262 1121 1122
3 1262 1261 1121
3 1122 1105 1247
3 1122 1247 1262
3 1263 1249 1107
3 1263 1107 1123
3 1123 1124 1263
3 1263 1124 1264
3 1267 1266 1265
3 1250 1267 1265
3 1125 1250 1265
3 1109 1250 1125
3 1269 1268 1127
3 1269 1127 1128
3 1127 1270 1129
3 1268 1270 1127
3 1114 1129 1253
3 1253 1129 1270
3 1255 1130 1116
3 1271 1130 1255
3 1272 1256 1118
3 1272 1118 1131
3 1273 1131 1132
3 1273 1272 1131
3 1274 1132 1133
3 1274 1273 1132
3 1275 1133 1134
3 1275 1274 1133
3 1135 1257 1258
3 1275 1135 1258
3 1134 1135 1275
3 1257 1135 1119
3 1278 1277 1276
3 1136 1137 1276
3 1277 1136 1276
3 1279 1136 1277
3 1124 1136 1264
3 1264 1136 1279
3 1282 1281 1280
3 1282 1280 1266
3 1266 1280 1265
3 1280 1138 1265
3 1138 1139 1265
3 1265 1139 1125
3 1284 1283 1141
3 1284 1141 1142
3 1128 1141 1269
3 1269 1141 1283
3 1285 1143 1144
3 1285 1144 1286
3 1144 1287 1286
3 1144 1145 1287
3 1145 1130 1271
3 1145 1271 1287
3 1290 1289 1288
3 1146 1147 1288
3 1289 1146 1288
3 1291 1146 1289
3 1276 1148 1278
3 1148 1291 1278
3 1148 1146 1291
3 1148 1276 1137
3 1280 1281 1151
3 1281 1150 1151
3 1281 1292 1150
3 1280 1151 1138
3 1152 1284 1142
3 1152 1293 1284
3 1295 1294 1285
3 1294 1143 1285
3 1294 1154 1143
3 1295 1285 1286
3 1297 1296 1155
3 1297 1155 1156
3 1155 1298 1157
3 1296 1298 1155
3 1288 1158 1290
3 1158 1298 1290
3 1158 1157 1298
3 1158 1288 1147
3 1292 1159 1150
3 1299 1159 1292
3 1301 1300 1161
3 1301 1161 1162
3 1152 1161 1293
3 1293 1161 1300
3 1303 1302 1164
3 1164 1302 1163
3 1164 1154 1294
3 1164 1294 1303
3 1166 1304 1165
3 1165 1304 1305
3 1306 1165 1305
3 1167 1165 1306
3 1167 1307 1168
3 1306 1307 1167
3 1168 1308 1169
3 1307 1308 1168
3 1156 1169 1297
3 1297 1169 1308
3 1311 1310 1309
3 1299 1311 1309
3 1170 1299 1309
3 1159 1299 1170
3 1171 1301 1162
3 1171 1312 1301
3 1313 1172 1173
3 1314 1313 1173
3 1163 1314 1173
3 1302 1314 1163
3 1175 1315 1174
3 1315 1316 1174
3 1174 1316 1166
3 1316 1317 1166
3 1317 1304 1166
3 1304 1317 1305
3 1309 1310 1177
3 1310 1176 1177
3 1310 1318 1176
3 1309 1177 1170
3 1320 1319 1178
3 1320 1178 1179
3 1171 1178 1312
3 1312 1178 1319
3 1322 1321 1313
3 1321 1172 1313
3 1321 1180 1172
3 1322 1313 1314
3 1324 1323 1315
3 1175 1324 1315
3 1181 1324 1175
3 1315 1323 1316
3 1326 1325 1183
3 1183 1325 1182
3 1183 1176 1318
3 1183 1318 1326
3 1184 1320 1179
3 1184 1327 1320
3 1329 1328 1186
3 1186 1328 1185
3 1186 1180 1321
3 1186 1321 1329
3 1188 1324 1181
3 1188 1330 1324
3 1325 1189 1182
3 1331 1189 1325
3 1333 1332 1190
3 1333 1190 1191
3 1184 1190 1327
3 1327 1190 1332
3 1335 1334 1193
3 1193 1334 1192
3 1193 1185 1328
3 1193 1328 1335
3 1337 1336 1194
3 1337 1194 1195
3 1188 1194 1330
3 1330 1194 1336
3 1331 1338 1189
3 1189 1338 1196
3 1198 1196 1338
3 1198 1338 1339
3 1341 1340 1199
3 1341 1199 1200
3 1199 1342 1201
3 1340 1342 1199
3 1191 1201 1333
3 1333 1201 1342
3 1343 1202 1203
3 1344 1343 1203
3 1192 1344 1203
3 1334 1344 1192
3 1205 1345 1204
3 1345 1346 1204
3 1346 1195 1204
3 1346 1337 1195
3 1339 1347 1198
3 1198 1347 1206
3 1200 1206 1341
3 1341 1206 1347
3 1348 1207 1208
3 1349 1348 1208
3 1349 1208 1202
3 1350 1349 1202
3 1343 1350 1202
3 1350 1343 1344
3 1352 1351 1345
3 1205 1352 1345
3 1210 1352 1205
3 1345 1351 1346
3 1348 1211 1207
3 1354 1353 1212
3 1354 1212 1211
3 1349 1354 1211
3 1348 1349 1211
3 1355 1353 1354
3 1357 1356 1213
3 1357 1213 1214
3 1210 1213 1352
3 1352 1213 1356
3 1353 1215 1212
3 1216 1215 1353
3 1355 1216 1353
3 1358 1216 1355
3 1218 1359 1217
3 1359 1360 1217
3 1360 1214 1217
3 1360 1357 1214
3 1358 1361 1216
3 1216 1361 1219
3 1220 1219 1361
3 1220 1361 1362
3 1222 1363 1221
3 1363 1364 1221
3 1221 1364 1218
3 1364 1365 1218
3 1365 1359 1218
3 1359 1365 1360
3 1362 1366 1220
3 1220 1366 1223
3 1222 1223 1363
3 1223 1367 1363
3 1223 1366 1367
3 1363 1367 1364
3 1370 1369 1368
3 1224 1225 1368
3 1225 1370 1368
3 1225 1371 1370
3 1372 1225 1226
3 1372 1371 1225
3 1373 1226 1227
3 1373 1372 1226
3 1227 1229 1373
3 1373 1229 1374
3 1376 1375 1232
3 1232 1375 1231
3 1377 1232 1233
3 1377 1376 1232
3 1234 1368 1369
3 1377 1234 1369
3 1233 1234 1377
3 1368 1234 1224
3 1378 1374 1229
3 1378 1229 1235
3 1235 1236 1378
3 1378 1236 1379
3 1381 1380 1239
3 1239 1380 1238
3 1382 1239 1240
3 1382 1381 1239
3 1240 1231 1375
3 1240 1375 1382
3 1241 1379 1236
3 1241 1383 1379
3 1385 1384 1244
3 1244 1384 1243
3 1244 1238 1380
3 1244 1380 1385
3 1388 1387 1386
3 1245 1246 1386
3 1387 1245 1386
3 1389 1245 1387
3 1241 1245 1383
3 1383 1245 1389
3 1392 1391 1390
3 1394 1393 1390
3 1390 1393 1392
3 1394 1247 1393
3 1247 1248 1393
3 1396 1395 1393
3 1396 1393 1248
3 1249 1396 1248
3 1398 1397 1251
3 1251 1397 1250
3 1251 1243 1384
3 1251 1384 1398
3 1400 1399 1252
3 1400 1252 1253
3 1252 1401 1254
3 1399 1401 1252
3 1255 1254 1401
3 1255 1401 1402
3 1388 1386 1403
3 1388 1403 1404
3 1256 1403 1246
3 1246 1403 1386
3 1406 1405 1259
3 1259 1405 1258
3 1407 1259 1260
3 1407 1406 1259
3 1261 1390 1391
3 1407 1261 1391
3 1260 1261 1407
3 1390 1261 1262
3 1390 1262 1394
3 1396 1408 1395
3 1247 1394 1262
3 1410 1408 1409
3 1409 1408 1263
3 1408 1396 1263
3 1396 1249 1263
3 1264 1409 1263
3 1412 1411 1267
3 1267 1411 1266
3 1267 1250 1397
3 1267 1397 1412
3 1414 1413 1268
3 1414 1268 1269
3 1268 1415 1270
3 1413 1415 1268
3 1253 1270 1400
3 1400 1270 1415
3 1402 1271 1255
3 1416 1271 1402
3 1417 1404 1403
3 1417 1403 1256
3 1272 1417 1256
3 1418 1417 1272
3 1419 1272 1273
3 1419 1418 1272
3 1420 1273 1274
3 1420 1419 1273
3 1421 1274 1275
3 1421 1420 1274
3 1275 1258 1405
3 1275 1405 1421
3 1423 1422 1277
3 1423 1277 1278
3 1409 1279 1410
3 1279 1422 1410
3 1279 1277 1422
3 1279 1409 1264
3 1425 1424 1282
3 1282 1424 1281
3 1282 1266 1411
3 1282 1411 1425
3 1427 1426 1283
3 1427 1283 1284
3 1269 1283 1414
3 1414 1283 1426
3 1429 1428 1287
3 1287 1428 1286
3 1287 1271 1416
3 1287 1416 1429
3 1431 1430 1289
3 1431 1289 1290
3 1289 1432 1291
3 1430 1432 1289
3 1278 1291 1423
3 1423 1291 1432
3 1424 1292 1281
3 1433 1292 1424
3 1293 1427 1284
3 1293 1434 1427
3 1436 1435 1295
3 1295 1435 1294
3 1295 1286 1428
3 1295 1428 1436
3 1438 1437 1296
3 1438 1296 1297
3 1296 1439 1298
3 1437 1439 1296
3 1290 1298 1431
3 1431 1298 1439
3 1433 1299 1292
3 1440 1299 1433
3 1301 1441 1300
3 1441 1442 1300
3 1442 1293 1300
3 1442 1434 1293
3 1444 1443 1303
3 1303 1443 1302
3 1303 1294 1435
3 1303 1435 1444
3 1446 1445 1306
3 1446 1306 1305
3 1306 1447 1307
3 1445 1447 1306
3 1307 1448 1308
3 1447 1448 1307
3 1297 1308 1438
3 1438 1308 1448
3 1450 1449 1311
3 1311 1449 1310
3 1311 1299 1440
3 1311 1440 1450
3 1452 1451 1441
3 1301 1452 1441
3 1312 1452 1301
3 1441 1451 1442
3 1443 1314 1302
3 1453 1314 1443
3 1455 1454 1317
3 1455 1317 1316
3 1305 1317 1446
3 1446 1317 1454
3 1458 1457 1456
3 1449 1458 1456
3 1318 1449 1456
3 1310 1449 1318
3 1460 1459 1319
3 1460 1319 1320
3 1312 1319 1452
3 1452 1319 1459
3 1462 1461 1322
3 1322 1461 1321
3 1322 1314 1453
3 1322 1453 1462
3 1324 1463 1323
3 1463 1464 1323
3 1464 1316 1323
3 1464 1455 1316
3 1456 1457 1326
3 1457 1325 1326
3 1457 1465 1325
3 1456 1326 1318
3 1327 1460 1320
3 1327 1466 1460
3 1468 1467 1329
3 1329 1467 1328
3 1329 1321 1461
3 1329 1461 1468
3 1470 1469 1463
3 1324 1470 1463
3 1330 1470 1324
3 1463 1469 1464
3 1465 1331 1325
3 1471 1331 1465
3 1473 1472 1332
3 1473 1332 1333
3 1327 1332 1466
3 1466 1332 1472
3 1474 1334 1335
3 1475 1474 1335
3 1328 1475 1335
3 1467 1475 1328
3 1477 1476 1336
3 1477 1336 1337
3 1330 1336 1470
3 1470 1336 1476
3 1471 1478 1331
3 1331 1478 1338
3 1339 1338 1478
3 1339 1478 1479
3 1341 1480 1340
3 1340 1480 1481
3 1482 1340 1481
3 1342 1340 1482
3 1333 1342 1473
3 1473 1342 1482
3 1484 1483 1474
3 1483 1334 1474
3 1483 1344 1334
3 1484 1474 1475
3 1346 1477 1337
3 1346 1485 1477
3 1479 1486 1339
3 1339 1486 1347
3 1341 1347 1480
3 1347 1487 1480
3 1347 1486 1487
3 1480 1487 1481
3 1488 1349 1350
3 1489 1488 1350
3 1344 1489 1350
3 1483 1489 1344
3 1491 1490 1351
3 1491 1351 1352
3 1346 1351 1485
3 1485 1351 1490
3 1488 1354 1349
3 1355 1354 1488
3 1489 1355 1488
3 1492 1355 1489
3 1357 1493 1356
3 1493 1494 1356
3 1494 1352 1356
3 1494 1491 1352
3 1496 1358 1495
3 1358 1492 1495
3 1358 1355 1492
3 1497 1496 1495
3 1499 1498 1493
3 1357 1499 1493
3 1360 1499 1357
3 1493 1498 1494
3 1496 1361 1358
3 1501 1500 1362
3 1501 1362 1361
3 1497 1501 1361
3 1496 1497 1361
3 1502 1500 1501
3 1504 1503 1365
3 1504 1365 1364
3 1360 1365 1499
3 1499 1365 1503
3 1500 1366 1362
3 1502 1505 1500
3 1505 1366 1500
3 1505 1367 1366
3 1364 1367 1504
3 1504 1367 1505
3 1508 1507 1506
3 1369 1370 1506
3 1370 1508 1506
3 1370 1509 1508
3 1510 1370 1371
3 1510 1509 1370
3 1511 1371 1372
3 1511 1510 1371
3 1512 1372 1373
3 1512 1511 1372
3 1373 1374 1512
3 1512 1374 1513
3 1515 1514 1376
3 1376 1514 1375
3 1377 1506 1507
3 1515 1377 1507
3 1376 1377 1515
3 1506 1377 1369
3 1516 1513 1374
3 1516 1374 1378
3 1378 1379 1516
3 1516 1379 1517
3 1519 1518 1381
3 1381 1518 1380
3 1520 1381 1382
3 1520 1519 1381
3 1382 1375 1514
3 1382 1514 1520
3 1383 1517 1379
3 1383 1521 1517
3 1523 1522 1385
3 1385 1522 1384
3 1385 1380 1518
3 1385 1518 1523
3 1526 1525 1524
3 1387 1388 1524
3 1525 1387 1524
3 1527 1387 1525
3 1387 1528 1389
3 1527 1528 1387
3 1383 1389 1521
3 1521 1389 1528
3 1531 1530 1529
3 1391 1392 1529
3 1392 1531 1529
3 1392 1532 1531
3 1533 1392 1393
3 1533 1532 1392
3 1393 1395 1533
3 1533 1395 1534
3 1536 1535 1398
3 1398 1535 1397
3 1398 1384 1522
3 1398 1522 1536
3 1538 1537 1399
3 1538 1399 1400
3 1399 1539 1401
3 1537 1539 1399
3 1524 1540 1402
3 1539 1524 1402
3 1401 1539 1402
3 1526 1524 1539
3 1404 1540 1388
3 1388 1540 1524
3 1543 1542 1541
3 1405 1406 1541
3 1406 1543 1541
3 1406 1544 1543
3 1407 1529 1530
3 1544 1407 1530
3 1406 1407 1544
3 1529 1407 1391
3 1545 1534 1395
3 1545 1395 1408
3 1408 1410 1545
3 1545 1410 1546
3 1548 1547 1412
3 1412 1547 1411
3 1412 1397 1535
3 1412 1535 1548
3 1550 1549 1413
3 1550 1413 1414
3 1413 1551 1415
3 1549 1551 1413
3 1400 1415 1538
3 1538 1415 1551
3 1553 1552 1540
3 1552 1402 1540
3 1552 1416 1402
3 1553 1540 1404
3 1417 1553 1404
3 1554 1553 1417
3 1555 1417 1418
3 1555 1554 1417
3 1556 1418 1419
3 1556 1555 1418
3 1557 1419 1420
3 1557 1556 1419
3 1421 1541 1542
3 1557 1421 1542
3 1420 1421 1557
3 1541 1421 1405
3 1560 1559 1558
3 1422 1423 1558
3 1559 1422 1558
3 1561 1422 1559
3 1410 1422 1546
3 1546 1422 1561
3 1563 1562 1425
3 1425 1562 1424
3 1425 1411 1547
3 1425 1547 1563
3 1565 1564 1426
3 1565 1426 1427
3 1414 1426 1550
3 1550 1426 1564
3 1567 1566 1429
3 1429 1566 1428
3 1429 1416 1552
3 1429 1552 1567
3 1569 1568 1430
3 1569 1430 1431
3 1558 1432 1560
3 1432 1568 1560
3 1432 1430 1568
3 1432 1558 1423
3 1562 1433 1424
3 1570 1433 1562
3 1434 1565 1427
3 1434 1571 1565
3 1573 1572 1436
3 1436 1572 1435
3 1436 1428 1566
3 1436 1566 1573
3 1576 1575 1574
3 1437 1438 1574
3 1575 1437 1574
3 1577 1437 1575
3 1437 1578 1439
3 1577 1578 1437
3 1431 1439 1569
3 1569 1439 1578
3 1581 1580 1579
3 1570 1581 1579
3 1440 1570 1579
3 1433 1570 1440
3 1442 1571 1434
3 1442 1582 1571
3 1583 1443 1444
3 1584 1583 1444
3 1435 1584 1444
3 1572 1584 1435
3 1586 1585 1445
3 1586 1445 1446
3 1445 1587 1447
3 1585 1587 1445
3 1574 1448 1576
3 1448 1587 1576
3 1448 1447 1587
3 1448 1574 1438
3 1579 1580 1450
3 1580 1449 1450
3 1580 1588 1449
3 1579 1450 1440
3 1590 1589 1451
3 1590 1451 1452
3 1442 1451 1582
3 1582 1451 1589
3 1592 1591 1583
3 1591 1443 1583
3 1591 1453 1443
3 1592 1583 1584
3 1594 1593 1454
3 1594 1454 1455
3 1446 1454 1586
3 1586 1454 1593
3 1596 1595 1458
3 1458 1595 1457
3 1458 1449 1588
3 1458 1588 1596
3 1460 1597 1459
3 1597 1598 1459
3 1598 1452 1459
3 1598 1590 1452
3 1600 1599 1462
3 1462 1599 1461
3 1462 1453 1591
3 1462 1591 1600
3 1464 1594 1455
3 1464 1601 1594
3 1595 1465 1457
3 1602 1465 1595
3 1604 1603 1597
3 1460 1604 1597
3 1466 1604 1460
3 1597 1603 1598
3 1605 1467 1468
3 1606 1605 1468
3 1461 1606 1468
3 1599 1606 1461
3 1608 1607 1469
3 1608 1469 1470
3 1464 1469 1601
3 1601 1469 1607
3 1602 1471 1465
3 1609 1471 1602
3 1611 1610 1472
3 1611 1472 1473
3 1466 1472 1604
3 1604 1472 1610
3 1613 1612 1605
3 1612 1467 1605
3 1612 1475 1467
3 1613 1605 1606
3 1615 1614 1476
3 1615 1476 1477
3 1470 1476 1608
3 1608 1476 1614
3 1609 1616 1471
3 1471 1616 1478
3 1479 1478 1616
3 1479 1616 1617
3 1619 1618 1482
3 1619 1482 1481
3 1473 1482 1611
3 1611 1482 1618
3 1620 1483 1484
3 1621 1620 1484
3 1475 1621 1484
3 1612 1621 1475
3 1485 1615 1477
3 1485 1622 1615
3 1617 1623 1479
3 1479 1623 1486
3 1486 1624 1487
3 1623 1624 1486
3 1481 1487 1619
3 1619 1487 1624
3 1626 1625 1620
3 1625 1483 1620
3 1625 1489 1483
3 1626 1620 1621
3 1491 1627 1490
3 1627 1628 1490
3 1628 1485 1490
3 1628 1622 1485
3 1625 1492 1489
3 1629 1492 1625
3 1631 1630 1627
3 1491 1631 1627
3 1494 1631 1491
3 1627 1630 1628
3 1629 1632 1492
3 1492 1632 1495
3 1497 1495 1632
3 1497 1632 1633
3 1635 1634 1498
3 1635 1498 1499
3 1494 1498 1631
3 1631 1498 1634
3 1633 1636 1497
3 1497 1636 1501
3 1502 1501 1636
3 1502 1636 1637
3 1504 1638 1503
3 1638 1639 1503
3 1639 1499 1503
3 1639 1635 1499
3 1637 1640 1502
3 1502 1640 1505
3 1504 1505 1638
3 1505 1641 1638
3 1505 1640 1641
3 1638 1641 1639
3 1644 1643 1642
3 1642 1645 1644
3 1647 1646 1508
3 1508 1646 1507
3 1648 1508 1509
3 1648 1647 1508
3 1649 1509 1510
3 1649 1648 1509
3 1511 1642 1643
3 1649 1511 1643
3 1510 1511 1649
3 1511 1512 1642
3 1512 1650 1642
3 1650 1645 1642
3 1512 1651 1650
3 1513 1651 1512
3 1653 1652 1515
3 1515 1652 1514
3 1515 1507 1646
3 1515 1646 1653
3 1654 1650 1651
3 1656 1654 1655
3 1655 1654 1516
3 1654 1651 1516
3 1651 1513 1516
3 1517 1655 1516
3 1658 1657 1519
3 1519 1657 1518
3 1659 1519 1520
3 1659 1658 1519
3 1520 1514 1652
3 1520 1652 1659
3 1660 1656 1655
3 1655 1517 1660
3 1517 1661 1660
3 1517 1521 1661
3 1664 1663 1662
3 1662 1665 1664
3 1667 1666 1523
3 1523 1666 1522
3 1523 1518 1657
3 1523 1657 1667
3 1670 1669 1668
3 1525 1526 1668
3 1669 1525 1668
3 1671 1525 1669
3 1525 1672 1527
3 1671 1672 1525
3 1527 1673 1528
3 1672 1673 1527
3 1521 1528 1661
3 1661 1528 1673
3 1676 1675 1674
3 1530 1531 1674
3 1531 1676 1674
3 1531 1677 1676
3 1532 1662 1663
3 1677 1532 1663
3 1531 1532 1677
3 1678 1665 1662
3 1532 1678 1662
3 1533 1678 1532
3 1533 1534 1678
3 1678 1534 1679
3 1681 1680 1536
3 1536 1680 1535
3 1536 1522 1666
3 1536 1666 1681
3 1683 1682 1537
3 1683 1537 1538
3 1668 1539 1670
3 1539 1682 1670
3 1539 1537 1682
3 1539 1668 1526
3 1686 1685 1684
3 1542 1543 1684
3 1543 1686 1684
3 1543 1687 1686
3 1544 1674 1675
3 1687 1544 1675
3 1543 1544 1687
3 1674 1544 1530
3 1534 1545 1688
3 1689 1534 1688
3 1679 1534 1689
3 1546 1688 1545
3 1691 1690 1548
3 1548 1690 1547
3 1548 1535 1680
3 1548 1680 1691
3 1693 1692 1549
3 1693 1549 1550
3 1549 1694 1551
3 1692 1694 1549
3 1538 1551 1683
3 1683 1551 1694
3 1696 1695 1553
3 1553 1695 1552
3 1697 1553 1554
3 1697 1696 1553
3 1698 1554 1555
3 1698 1697 1554
3 1699 1555 1556
3 1699 1698 1555
3 1557 1684 1685
3 1699 1557 1685
3 1556 1557 1699
3 1684 1557 1542
3 1701 1700 1559
3 1701 1559 1560
3 1688 1561 1689
3 1561 1700 1689
3 1561 1559 1700
3 1561 1688 1546
3 1703 1702 1563
3 1563 1702 1562
3 1563 1547 1690
3 1563 1690 1703
3 1565 1704 1564
3 1704 1705 1564
3 1705 1550 1564
3 1705 1693 1550
3 1707 1706 1567
3 1567 1706 1566
3 1567 1552 1695
3 1567 1695 1707
3 1710 1709 1708
3 1568 1569 1708
3 1709 1568 1708
3 1711 1568 1709
3 1560 1568 1701
3 1701 1568 1711
3 1702 1570 1562
3 1712 1570 1702
3 1714 1713 1704
3 1565 1714 1704
3 1571 1714 1565
3 1704 1713 1705
3 1715 1572 1573
3 1716 1715 1573
3 1566 1716 1573
3 1706 1716 1566
3 1718 1717 1575
3 1718 1575 1576
3 1575 1719 1577
3 1717 1719 1575
3 1708 1578 1710
3 1578 1719 1710
3 1578 1577 1719
3 1578 1708 1569
3 1721 1720 1581
3 1581 1720 1580
3 1581 1570 1712
3 1581 1712 1721
3 1582 1714 1571
3 1582 1722 1714
3 1724 1723 1715
3 1723 1572 1715
3 1723 1584 1572
3 1724 1715 1716
3 1726 1725 1585
3 1726 1585 1586
3 1585 1727 1587
3 1725 1727 1585
3 1576 1587 1718
3 1718 1587 1727
3 1720 1588 1580
3 1728 1588 1720
3 1730 1729 1589
3 1730 1589 1590
3 1582 1589 1722
3 1722 1589 1729
3 1732 1731 1592
3 1592 1731 1591
3 1592 1584 1723
3 1592 1723 1732
3 1734 1733 1593
3 1734 1593 1594
3 1586 1593 1726
3 1726 1593 1733
3 1736 1735 1596
3 1596 1735 1595
3 1596 1588 1728
3 1596 1728 1736
3 1739 1738 1737
3 1738 1730 1737
3 1730 1598 1737
3 1730 1590 1598
3 1741 1740 1600
3 1600 1740 1599
3 1600 1591 1731
3 1600 1731 1741
3 1601 1734 1594
3 1601 1742 1734
3 1735 1602 1595
3 1743 1602 1735
3 1739 1737 1603
3 1604 1739 1603
3 1744 1739 1604
3 1603 1737 1598
3 1740 1606 1599
3 1745 1606 1740
3 1747 1746 1607
3 1747 1607 1608
3 1601 1607 1742
3 1742 1607 1746
3 1743 1609 1602
3 1748 1609 1743
3 1611 1749 1610
3 1749 1750 1610
3 1750 1604 1610
3 1750 1744 1604
3 1751 1612 1613
3 1752 1751 1613
3 1606 1752 1613
3 1745 1752 1606
3 1615 1753 1614
3 1753 1754 1614
3 1754 1608 1614
3 1754 1747 1608
3 1748 1755 1609
3 1609 1755 1616
3 1617 1616 1755
3 1617 1755 1756
3 1619 1757 1618
3 1757 1758 1618
3 1618 1758 1611
3 1758 1759 1611
3 1759 1749 1611
3 1749 1759 1750
3 1761 1760 1751
3 1760 1612 1751
3 1760 1621 1612
3 1761 1751 1752
3 1763 1762 1753
3 1615 1763 1753
3 1622 1763 1615
3 1753 1762 1754
3 1756 1764 1617
3 1617 1764 1623
3 1623 1765 1624
3 1764 1765 1623
3 1619 1624 1757
3 1624 1766 1757
3 1624 1765 1766
3 1757 1766 1758
3 1767 1625 1626
3 1768 1767 1626
3 1621 1768 1626
3 1760 1768 1621
3 1628 1763 1622
3 1628 1769 1763
3 1770 1629 1767
3 1767 1629 1625
3 1767 1768 1771
3 1767 1771 1770
3 1773 1772 1630
3 1773 1630 1631
3 1628 1630 1769
3 1769 1630 1772
3 1770 1632 1629
3 1633 1632 1770
3 1771 1633 1770
3 1774 1633 1771
3 1635 1775 1634
3 1775 1776 1634
3 1776 1631 1634
3 1776 1773 1631
3 1774 1777 1633
3 1633 1777 1636
3 1637 1636 1777
3 1637 1777 1778
3 1780 1779 1775
3 1635 1780 1775
3 1639 1780 1635
3 1775 1779 1776
3 1778 1781 1637
3 1637 1781 1640
3 1640 1782 1641
3 1781 1782 1640
3 1639 1641 1780
3 1780 1641 1782
3 1785 1784 1783
3 1787 1786 1783
3 1783 1786 1785
3 1787 1643 1786
3 1643 1644 1786
3 1789 1788 1786
3 1789 1786 1644
3 1645 1789 1644
3 1791 1790 1647
3 1647 1790 1646
3 1648 1783 1784
3 1791 1648 1784
3 1647 1648 1791
3 1783 1648 1649
3 1783 1649 1787
3 1789 1792 1788
3 1643 1787 1649
3 1789 1645 1792
3 1645 1793 1792
3 1645 1650 1793
3 1796 1795 1794
3 1652 1653 1794
3 1653 1796 1794
3 1653 1797 1796
3 1653 1646 1790
3 1653 1790 1797
3 1798 1793 1650
3 1798 1650 1654
3 1654 1656 1798
3 1798 1656 1799
3 1801 1800 1658
3 1658 1800 1657
3 1659 1794 1795
3 1801 1659 1795
3 1658 1659 1801
3 1794 1659 1652
3 1804 1803 1802
3 1806 1805 1802
3 1806 1802 1803
3 1807 1805 1660
3 1805 1799 1660
3 1799 1656 1660
3 1799 1805 1806
3 1661 1807 1660
3 1810 1809 1808
3 1663 1664 1808
3 1664 1810 1808
3 1664 1811 1810
3 1664 1665 1811
3 1811 1665 1812
3 1814 1813 1667
3 1667 1813 1666
3 1667 1657 1800
3 1667 1800 1814
3 1816 1815 1669
3 1816 1669 1670
3 1802 1671 1804
3 1671 1815 1804
3 1671 1669 1815
3 1671 1802 1672
3 1672 1802 1805
3 1672 1805 1673
3 1673 1805 1807
3 1673 1807 1661
3 1818 1817 1676
3 1676 1817 1675
3 1677 1808 1809
3 1818 1677 1809
3 1676 1677 1818
3 1808 1677 1663
3 1819 1812 1665
3 1819 1665 1678
3 1678 1679 1819
3 1819 1679 1820
3 1822 1821 1681
3 1681 1821 1680
3 1681 1666 1813
3 1681 1813 1822
3 1824 1823 1682
3 1824 1682 1683
3 1670 1682 1816
3 1816 1682 1823
3 1827 1826 1825
3 1685 1686 1825
3 1686 1827 1825
3 1686 1828 1827
3 1829 1686 1687
3 1829 1828 1686
3 1687 1675 1817
3 1687 1817 1829
3 1832 1831 1830
3 1831 1820 1830
3 1820 1689 1830
3 1820 1679 1689
3 1834 1833 1691
3 1691 1833 1690
3 1691 1680 1821
3 1691 1821 1834
3 1693 1835 1692
3 1692 1835 1836
3 1837 1692 1836
3 1694 1692 1837
3 1683 1694 1824
3 1824 1694 1837
3 1838 1695 1696
3 1838 1696 1839
3 1696 1840 1839
3 1696 1697 1840
3 1841 1697 1698
3 1841 1840 1697
3 1699 1825 1826
3 1841 1699 1826
3 1698 1699 1841
3 1825 1699 1685
3 1844 1843 1842
3 1842 1843 1832
3 1842 1832 1830
3 1701 1842 1830
3 1700 1701 1830
3 1700 1830 1689
3 1846 1845 1703
3 1703 1845 1702
3 1703 1690 1833
3 1703 1833 1846
3 1848 1847 1835
3 1693 1848 1835
3 1705 1848 1693
3 1835 1847 1836
3 1849 1706 1707
3 1850 1849 1707
3 1850 1707 1695
3 1851 1850 1695
3 1838 1851 1695
3 1851 1838 1839
3 1853 1852 1709
3 1853 1709 1710
3 1842 1711 1844
3 1711 1852 1844
3 1711 1709 1852
3 1711 1842 1701
3 1845 1712 1702
3 1854 1712 1845
3 1856 1855 1713
3 1856 1713 1714
3 1705 1713 1848
3 1848 1713 1855
3 1858 1857 1849
3 1857 1706 1849
3 1857 1716 1706
3 1858 1849 1850
3 1861 1860 1859
3 1717 1718 1859
3 1860 1717 1859
3 1862 1717 1860
3 1717 1863 1719
3 1862 1863 1717
3 1710 1719 1853
3 1853 1719 1863
3 1865 1864 1721
3 1721 1864 1720
3 1721 1712 1854
3 1721 1854 1865
3 1722 1856 1714
3 1722 1866 1856
3 1868 1867 1724
3 1724 1867 1723
3 1724 1716 1857
3 1724 1857 1868
3 1870 1869 1725
3 1870 1725 1726
3 1859 1727 1861
3 1727 1869 1861
3 1727 1725 1869
3 1727 1859 1718
3 1864 1728 1720
3 1871 1728 1864
3 1873 1872 1729
3 1873 1729 1730
3 1722 1729 1866
3 1866 1729 1872
3 1875 1874 1732
3 1732 1874 1731
3 1732 1723 1867
3 1732 1867 1875
3 1877 1876 1733
3 1877 1733 1734
3 1726 1733 1870
3 1870 1733 1876
3 1878 1735 1736
3 1879 1878 1736
3 1728 1879 1736
3 1871 1879 1728
3 1739 1880 1738
3 1880 1881 1738
3 1881 1730 1738
3 1881 1873 1730
3 1883 1882 1741
3 1741 1882 1740
3 1741 1731 1874
3 1741 1874 1883
3 1742 1877 1734
3 1742 1884 1877
3 1886 1885 1878
3 1885 1735 1878
3 1885 1743 1735
3 1886 1878 1879
3 1888 1887 1880
3 1739 1888 1880
3 1744 1888 1739
3 1880 1887 1881
3 1882 1745 1740
3 1889 1745 1882
3 1747 1890 1746
3 1890 1891 1746
3 1891 1742 1746
3 1891 1884 1742
3 1893 1748 1892
3 1748 1885 1892
3 1748 1743 1885
3 1894 1893 1892
3 1750 1888 1744
3 1750 1895 1888
3 1889 1752 1745
3 1896 1752 1889
3 1898 1897 1890
3 1747 1898 1890
3 1754 1898 1747
3 1890 1897 1891
3 1893 1755 1748
3 1900 1899 1756
3 1900 1756 1755
3 1894 1900 1755
3 1893 1894 1755
3 1901 1899 1900
3 1903 1902 1759
3 1903 1759 1758
3 1750 1759 1895
3 1895 1759 1902
3 1904 1760 1761
3 1905 1904 1761
3 1752 1905 1761
3 1896 1905 1752
3 1907 1906 1762
3 1907 1762 1763
3 1754 1762 1898
3 1898 1762 1906
3 1899 1764 1756
3 1901 1908 1899
3 1908 1764 1899
3 1908 1765 1764
3 1908 1910 1909
3 1766 1908 1909
3 1765 1908 1766
3 1909 1911 1766
3 1911 1758 1766
3 1911 1903 1758
3 1913 1912 1904
3 1912 1760 1904
3 1912 1768 1760
3 1913 1904 1905
3 1769 1907 1763
3 1769 1914 1907
3 1910 1915 1909
3 1909 1915 1911
3 1912 1771 1768
3 1916 1771 1912
3 1773 1917 1772
3 1917 1918 1772
3 1918 1769 1772
3 1918 1914 1769
3 1916 1774 1771
3 1919 1774 1916
3 1921 1920 1917
3 1773 1921 1917
3 1776 1921 1773
3 1917 1920 1918
3 1919 1922 1774
3 1774 1922 1777
3 1778 1777 1922
3 1778 1922 1923
3 1925 1924 1779
3 1925 1779 1780
3 1776 1779 1921
3 1921 1779 1924
3 1923 1926 1778
3 1778 1926 1781
3 1926 1928 1927
3 1782 1926 1927
3 1781 1926 1782
3 1927 1929 1782
3 1929 1780 1782
3 1929 1925 1780
3 1928 1930 1927
3 1927 1930 1929
3 1932 1931 1785
3 1785 1931 1784
3 1934 1932 1933
3 1932 1786 1933
3 1932 1785 1786
3 1788 1933 1786
3 1936 1935 1791
3 1791 1935 1790
3 1791 1784 1931
3 1791 1931 1936
3 1937 1934 1933
3 1937 1933 1788
3 1792 1937 1788
3 1938 1937 1792
3 1792 1793 1938
3 1938 1793 1939
3 1941 1940 1796
3 1796 1940 1795
3 1942 1796 1797
3 1942 1941 1796
3 1797 1790 1935
3 1797 1935 1942
3 1793 1798 1943
3 1944 1793 1943
3 1939 1793 1944
3 1799 1943 1798
3 1947 1946 1945
3 1945 1948 1947
3 1950 1949 1801
3 1801 1949 1800
3 1801 1795 1940
3 1801 1940 1950
3 1952 1951 1803
3 1952 1803 1804
3 1943 1806 1944
3 1806 1951 1944
3 1806 1803 1951
3 1806 1943 1799
3 1955 1954 1953
3 1955 1953 1946
3 1946 1953 1945
3 1953 1809 1945
3 1809 1810 1945
3 1956 1948 1945
3 1810 1956 1945
3 1811 1956 1810
3 1811 1812 1956
3 1956 1812 1957
3 1959 1958 1814
3 1814 1958 1813
3 1814 1800 1949
3 1814 1949 1959
3 1962 1961 1960
3 1815 1816 1960
3 1961 1815 1960
3 1963 1815 1961
3 1804 1815 1952
3 1952 1815 1963
3 1966 1965 1964
3 1966 1964 1954
3 1954 1964 1953
3 1964 1817 1953
3 1817 1818 1953
3 1953 1818 1809
3 1967 1957 1812
3 1967 1812 1819
3 1819 1820 1967
3 1967 1820 1968
3 1970 1969 1822
3 1822 1969 1821
3 1822 1813 1958
3 1822 1958 1970
3 1962 1960 1823
3 1824 1962 1823
3 1971 1962 1824
3 1823 1960 1816
3 1974 1973 1972
3 1826 1827 1972
3 1827 1974 1972
3 1827 1975 1974
3 1976 1827 1828
3 1976 1975 1827
3 1829 1964 1965
3 1976 1829 1965
3 1828 1829 1976
3 1964 1829 1817
3 1978 1977 1831
3 1978 1831 1832
3 1820 1831 1968
3 1968 1831 1977
3 1980 1979 1834
3 1834 1979 1833
3 1834 1821 1969
3 1834 1969 1980
3 1982 1981 1837
3 1982 1837 1836
3 1824 1837 1971
3 1971 1837 1981
3 1985 1984 1983
3 1839 1840 1983
3 1840 1985 1983
3 1840 1986 1985
3 1841 1972 1973
3 1986 1841 1973
3 1840 1841 1986
3 1972 1841 1826
3 1988 1987 1843
3 1988 1843 1844
3 1832 1843 1978
3 1978 1843 1987
3 1990 1989 1846
3 1846 1989 1845
3 1846 1833 1979
3 1846 1979 1990
3 1992 1991 1847
3 1992 1847 1848
3 1836 1847 1982
3 1982 1847 1991
3 1983 1984 1851
3 1984 1850 1851
3 1984 1993 1850
3 1983 1851 1839
3 1995 1994 1852
3 1995 1852 1853
3 1844 1852 1988
3 1988 1852 1994
3 1989 1854 1845
3 1996 1854 1989
3 1856 1997 1855
3 1997 1998 1855
3 1998 1848 1855
3 1998 1992 1848
3 2000 1999 1858
3 1858 1999 1857
3 1858 1850 1993
3 1858 1993 2000
3 2003 2002 2001
3 1860 1861 2001
3 2002 1860 2001
3 2004 1860 2002
3 1860 2005 1862
3 2004 2005 1860
3 1862 2006 1863
3 2005 2006 1862
3 1853 1863 1995
3 1995 1863 2006
3 2007 1864 1865
3 2008 2007 1865
3 1854 2008 1865
3 1996 2008 1854
3 2010 2009 1997
3 1856 2010 1997
3 1866 2010 1856
3 1997 2009 1998
3 2012 2011 1868
3 1868 2011 1867
3 1868 1857 1999
3 1868 1999 2012
3 2003 2001 1869
3 1870 2003 1869
3 2013 2003 1870
3 1869 2001 1861
3 2015 2014 2007
3 2014 1864 2007
3 2014 1871 1864
3 2015 2007 2008
3 2017 2016 1872
3 2017 1872 1873
3 1866 1872 2010
3 2010 1872 2016
3 2019 2018 1875
3 1875 2018 1874
3 1875 1867 2011
3 1875 2011 2019
3 2021 2020 1876
3 2021 1876 1877
3 1870 1876 2013
3 2013 1876 2020
3 2014 1879 1871
3 2022 1879 2014
3 1881 2017 1873
3 1881 2023 2017
3 2024 1882 1883
3 2025 2024 1883
3 1874 2025 1883
3 2018 2025 1874
3 1884 2021 1877
3 1884 2026 2021
3 2027 1885 1886
3 2028 2027 1886
3 1879 2028 1886
3 2022 2028 1879
3 2030 2029 1887
3 2030 1887 1888
3 1881 1887 2023
3 2023 1887 2029
3 2031 1889 2024
3 2024 1889 1882
3 2024 2025 2032
3 2024 2032 2031
3 1891 2026 1884
3 1891 2033 2026
3 2027 1892 1885
3 1894 1892 2027
3 2028 1894 2027
3 2034 1894 2028
3 1895 2030 1888
3 1895 2035 2030
3 2037 2036 2031
3 2036 1889 2031
3 2036 1896 1889
3 2037 2031 2032
3 2039 2038 1897
3 2039 1897 1898
3 1891 1897 2033
3 2033 1897 2038
3 2034 2040 1894
3 1894 2040 1900
3 1901 1900 2040
3 1901 2040 2041
3 1903 2042 1902
3 2042 2043 1902
3 2043 1895 1902
3 2043 2035 1895
3 2036 1905 1896
3 2044 1905 2036
3 1907 2045 1906
3 2045 2046 1906
3 2046 1898 1906
3 2046 2039 1898
3 2041 2047 1901
3 1901 2047 1908
3 2049 2048 1910
3 1908 2049 1910
3 2047 2049 1908
3 2049 2050 2042
3 1911 2049 2042
3 1903 1911 2042
3 2048 2049 1911
3 2042 2050 2043
3 2052 2051 1913
3 1913 2051 1912
3 1913 1905 2044
3 1913 2044 2052
3 2054 2053 2045
3 1907 2054 2045
3 1914 2054 1907
3 2045 2053 2046
3 2048 1915 1910
3 1915 2048 1911
3 2051 1916 1912
3 2055 1916 2051
3 1918 2054 1914
3 1918 2056 2054
3 2058 1919 2057
3 1919 2055 2057
3 1919 1916 2055
3 2059 2058 2057
3 1921 2060 1920
3 2060 2061 1920
3 2061 1918 1920
3 2061 2056 1918
3 2058 1922 1919
3 1923 1922 2058
3 2059 1923 2058
3 2062 1923 2059
3 1925 2063 1924
3 2063 2064 1924
3 1924 2064 1921
3 2064 2065 1921
3 2065 2060 1921
3 2060 2065 2061
3 2062 2066 1923
3 1923 2066 1926
3 1928 1926 2066
3 1928 2066 2067
3 2069 2068 2063
3 1925 2069 2063
3 1929 2069 1925
3 2063 2068 2064
3 2067 2070 1928
3 1928 2070 1930
3 1929 1930 2069
3 2069 1930 2070
3 2071 1931 1932
3 1934 2071 1932
3 2074 2073 2072
3 1935 1936 2072
3 1936 2074 2072
3 1936 2075 2074
3 1936 1931 2071
3 2076 1936 2071
3 2075 1936 2076
3 2076 2071 1934
3 1937 2076 1934
3 2077 2076 1937
3 2079 2077 2078
3 2077 1938 2078
3 2077 1937 1938
3 1939 2078 1938
3 2080 1940 1941
3 2073 2081 2072
3 2081 1941 2072
3 1941 1942 2072
3 1941 2081 2080
3 2072 1942 1935
3 2082 2079 2078
3 2078 1939 2082
3 1939 2083 2082
3 1939 1944 2083
3 2086 2085 2084
3 1946 1947 2084
3 1947 2086 2084
3 1947 2087 2086
3 1947 1948 2087
3 2087 1948 2088
3 2090 2089 1950
3 1950 2089 1949
3 1950 1940 2080
3 2091 1950 2080
3 2090 1950 2091
3 2091 2080 2081
3 2093 2092 1951
3 2093 1951 1952
3 1944 1951 2083
3 2083 1951 2092
3 2096 2095 2094
3 2096 2094 2085
3 2085 2094 2084
3 2094 1954 2084
3 1954 1955 2084
3 2084 1955 1946
3 2097 2088 1948
3 2097 1948 1956
3 1956 1957 2097
3 2097 1957 2098
3 2100 2099 1959
3 1959 2099 1958
3 1959 1949 2089
3 1959 2089 2100
3 2102 2101 1961
3 2102 1961 1962
3 1961 2103 1963
3 2101 2103 1961
3 1952 1963 2093
3 2093 1963 2103
3 2106 2105 2104
3 2108 2107 2104
3 2104 2107 2106
3 2107 2108 2095
3 2095 2108 2094
3 2108 1965 2094
3 1965 1966 2094
3 2094 1966 1954
3 1957 1967 2109
3 2110 1957 2109
3 2098 1957 2110
3 1968 2109 1967
3 2112 2111 1970
3 1970 2111 1969
3 1970 1958 2099
3 1970 2099 2112
3 1971 2102 1962
3 1971 2113 2102
3 2116 2115 2114
3 1973 1974 2114
3 1974 2116 2114
3 1974 2117 2116
3 1975 2104 2105
3 2117 1975 2105
3 1974 1975 2117
3 2104 1975 1976
3 2104 1976 2108
3 2108 1976 1965
3 2120 2119 2118
3 2118 2119 2110
3 2118 2110 2109
3 1978 2118 2109
3 1977 1978 2109
3 1977 2109 1968
3 2122 2121 1980
3 1980 2121 1979
3 1980 1969 2111
3 1980 2111 2122
3 2124 2123 1981
3 2124 1981 1982
3 1971 1981 2113
3 2113 1981 2123
3 2126 2125 1985
3 1985 2125 1984
3 1986 2114 2115
3 2126 1986 2115
3 1985 1986 2126
3 2114 1986 1973
3 2129 2128 2127
3 2127 2128 2120
3 2127 2120 2118
3 1988 2127 2118
3 1987 1988 2118
3 1987 2118 1978
3 2130 1989 1990
3 2131 2130 1990
3 1979 2131 1990
3 2121 2131 1979
3 2133 2132 1991
3 2133 1991 1992
3 1982 1991 2124
3 2124 1991 2132
3 2125 1993 1984
3 2134 1993 2125
3 2137 2136 2135
3 2135 2136 2129
3 2135 2129 2127
3 1995 2135 2127
3 1994 1995 2127
3 1994 2127 1988
3 2139 2138 2130
3 2138 1989 2130
3 2138 1996 1989
3 2139 2130 2131
3 1998 2133 1992
3 1998 2140 2133
3 2142 2141 2000
3 2000 2141 1999
3 2000 1993 2134
3 2000 2134 2142
3 2144 2143 2002
3 2144 2002 2003
3 2002 2145 2004
3 2143 2145 2002
3 2004 2146 2005
3 2145 2146 2004
3 2135 2006 2137
3 2006 2146 2137
3 2006 2005 2146
3 2006 2135 1995
3 2138 2008 1996
3 2147 2008 2138
3 2149 2148 2009
3 2149 2009 2010
3 1998 2009 2140
3 2140 2009 2148
3 2151 2150 2012
3 2012 2150 2011
3 2012 1999 2141
3 2012 2141 2151
3 2013 2153 2152
3 2144 2013 2152
3 2003 2013 2144
3 2153 2154 2152
3 2155 2014 2015
3 2156 2155 2015
3 2008 2156 2015
3 2147 2156 2008
3 2017 2157 2016
3 2157 2158 2016
3 2158 2010 2016
3 2158 2149 2010
3 2159 2018 2019
3 2160 2159 2019
3 2011 2160 2019
3 2150 2160 2011
3 2021 2161 2020
3 2161 2162 2020
3 2020 2162 2013
3 2162 2163 2013
3 2163 2153 2013
3 2153 2163 2154
3 2165 2164 2155
3 2164 2014 2155
3 2164 2022 2014
3 2165 2155 2156
3 2167 2166 2157
3 2017 2167 2157
3 2023 2167 2017
3 2157 2166 2158
3 2169 2168 2159
3 2168 2018 2159
3 2168 2025 2018
3 2169 2159 2160
3 2026 2170 2161
3 2026 2161 2021
3 2162 2161 2171
3 2171 2161 2170
3 2164 2028 2022
3 2172 2028 2164
3 2030 2173 2029
3 2173 2174 2029
3 2174 2023 2029
3 2174 2167 2023
3 2168 2032 2025
3 2175 2032 2168
3 2177 2176 2170
3 2026 2177 2170
3 2033 2177 2026
3 2170 2176 2171
3 2179 2034 2178
3 2034 2172 2178
3 2034 2028 2172
3 2180 2179 2178
3 2035 2181 2173
3 2035 2173 2030
3 2174 2173 2182
3 2182 2173 2181
3 2183 2036 2037
3 2184 2183 2037
3 2032 2184 2037
3 2175 2184 2032
3 2039 2185 2038
3 2185 2186 2038
3 2186 2033 2038
3 2186 2177 2033
3 2179 2040 2034
3 2188 2187 2041
3 2188 2041 2040
3 2180 2188 2040
3 2179 2180 2040
3 2189 2187 2188
3 2191 2190 2181
3 2035 2191 2181
3 2043 2191 2035
3 2181 2190 2182
3 2193 2192 2183
3 2192 2036 2183
3 2192 2044 2036
3 2193 2183 2184
3 2195 2194 2185
3 2039 2195 2185
3 2046 2195 2039
3 2185 2194 2186
3 2187 2047 2041
3 2189 2196 2187
3 2196 2047 2187
3 2196 2049 2047
3 2049 2197 2050
3 2196 2197 2049
3 2043 2050 2191
3 2191 2050 2197
3 2198 2051 2052
3 2199 2198 2052
3 2044 2199 2052
3 2192 2199 2044
3 2054 2200 2053
3 2200 2201 2053
3 2201 2046 2053
3 2201 2195 2046
3 2203 2202 2198
3 2202 2051 2198
3 2202 2055 2051
3 2203 2198 2199
3 2205 2204 2200
3 2054 2205 2200
3 2056 2205 2054
3 2200 2204 2201
3 2202 2206 2055
3 2055 2206 2057
3 2059 2057 2206
3 2059 2206 2207
3 2061 2205 2056
3 2061 2208 2205
3 2210 2062 2209
3 2062 2207 2209
3 2062 2059 2207
3 2211 2210 2209
3 2213 2212 2065
3 2213 2065 2064
3 2061 2065 2208
3 2208 2065 2212
3 2210 2066 2062
3 2215 2214 2067
3 2215 2067 2066
3 2211 2215 2066
3 2210 2211 2066
3 2216 2068 2069
3 2217 2214 2215
3 2216 2218 2068
3 2218 2064 2068
3 2218 2213 2064
3 2214 2070 2067
3 2214 2217 2070
3 2217 2219 2070
3 2216 2069 2070
3 2216 2070 2219
3 2216 2219 2218
3 2220 2073 2074
3 2220 2074 2221
3 2074 2222 2221
3 2074 2075 2222
3 2223 2075 2076
3 2223 2222 2075
3 2225 2223 2224
3 2223 2077 2224
3 2223 2076 2077
3 2079 2224 2077
3 2228 2227 2226
3 2226 2229 2228
3 2231 2230 2220
3 2230 2073 2220
3 2230 2081 2073
3 2231 2220 2221
3 2232 2225 2224
3 2234 2232 2233
3 2233 2232 2082
3 2232 2224 2082
3 2224 2079 2082
3 2083 2233 2082
3 2237 2236 2235
3 2237 2235 2227
3 2227 2235 2226
3 2235 2085 2226
3 2085 2086 2226
3 2238 2229 2226
3 2086 2238 2226
3 2087 2238 2086
3 2087 2088 2238
3 2238 2088 2239
3 2240 2089 2090
3 2240 2090 2241
3 2090 2242 2241
3 2090 2091 2242
3 2091 2081 2230
3 2091 2230 2242
3 2234 2233 2092
3 2093 2234 2092
3 2243 2234 2093
3 2092 2233 2083
3 2246 2245 2244
3 2246 2244 2236
3 2236 2244 2235
3 2244 2095 2235
3 2095 2096 2235
3 2235 2096 2085
3 2247 2239 2088
3 2247 2088 2097
3 2097 2098 2247
3 2247 2098 2248
3 2249 2099 2100
3 2250 2249 2100
3 2250 2100 2089
3 2251 2250 2089
3 2240 2251 2089
3 2251 2240 2241
3 2102 2252 2101
3 2101 2252 2253
3 2254 2101 2253
3 2103 2101 2254
3 2093 2103 2243
3 2243 2103 2254
3 2257 2256 2255
3 2105 2106 2255
3 2106 2257 2255
3 2106 2258 2257
3 2107 2244 2245
3 2258 2107 2245
3 2106 2107 2258
3 2244 2107 2095
3 2261 2260 2259
3 2260 2248 2259
3 2248 2110 2259
3 2248 2098 2110
3 2263 2262 2112
3 2112 2262 2111
3 2112 2099 2249
3 2264 2112 2249
3 2263 2112 2264
3 2264 2249 2250
3 2266 2265 2252
3 2102 2266 2252
3 2113 2266 2102
3 2252 2265 2253
3 2268 2267 2116
3 2116 2267 2115
3 2117 2255 2256
3 2268 2117 2256
3 2116 2117 2268
3 2255 2117 2105
3 2261 2259 2119
3 2120 2261 2119
3 2269 2261 2120
3 2119 2259 2110
3 2271 2270 2122
3 2122 2270 2121
3 2122 2111 2262
3 2122 2262 2271
3 2273 2272 2123
3 2273 2123 2124
3 2113 2123 2266
3 2266 2123 2272
3 2275 2274 2126
3 2126 2274 2125
3 2126 2115 2267
3 2126 2267 2275
3 2277 2276 2128
3 2277 2128 2129
3 2120 2128 2269
3 2269 2128 2276
3 2270 2131 2121
3 2278 2131 2270
3 2133 2279 2132
3 2279 2280 2132
3 2280 2124 2132
3 2280 2273 2124
3 2274 2134 2125
3 2281 2134 2274
3 2283 2282 2136
3 2283 2136 2137
3 2129 2136 2277
3 2277 2136 2282
3 2285 2284 2139
3 2139 2284 2138
3 2139 2131 2278
3 2139 2278 2285
3 2287 2286 2279
3 2133 2287 2279
3 2140 2287 2133
3 2279 2286 2280
3 2289 2288 2142
3 2142 2288 2141
3 2142 2134 2281
3 2142 2281 2289
3 2144 2290 2143
3 2291 2145 2143
3 2291 2143 2290
3 2145 2291 2292
3 2293 2145 2292
3 2146 2145 2293
3 2137 2146 2283
3 2283 2146 2293
3 2284 2147 2138
3 2294 2147 2284
3 2296 2295 2148
3 2296 2148 2149
3 2140 2148 2287
3 2287 2148 2295
3 2298 2297 2151
3 2151 2297 2150
3 2151 2141 2288
3 2151 2288 2298
3 2152 2290 2144
3 2291 2290 2299
3 2290 2154 2299
3 2154 2300 2299
3 2154 2290 2152
3 2291 2299 2292
3 2294 2156 2147
3 2301 2156 2294
3 2158 2296 2149
3 2158 2302 2296
3 2297 2160 2150
3 2303 2160 2297
3 2305 2304 2163
3 2305 2163 2162
3 2154 2163 2300
3 2300 2163 2304
3 2307 2306 2165
3 2165 2306 2164
3 2165 2156 2301
3 2165 2301 2307
3 2309 2308 2166
3 2309 2166 2167
3 2158 2166 2302
3 2302 2166 2308
3 2311 2310 2169
3 2169 2310 2168
3 2169 2160 2303
3 2169 2303 2311
3 2171 2305 2162
3 2171 2312 2305
3 2314 2172 2313
3 2172 2306 2313
3 2172 2164 2306
3 2315 2314 2313
3 2174 2309 2167
3 2174 2316 2309
3 2310 2175 2168
3 2317 2175 2310
3 2319 2318 2176
3 2319 2176 2177
3 2171 2176 2312
3 2312 2176 2318
3 2314 2178 2172
3 2321 2320 2180
3 2321 2180 2178
3 2315 2321 2178
3 2314 2315 2178
3 2322 2320 2321
3 2182 2316 2174
3 2182 2323 2316
3 2317 2184 2175
3 2324 2184 2317
3 2186 2319 2177
3 2186 2325 2319
3 2320 2188 2180
3 2327 2326 2189
3 2327 2189 2188
3 2322 2327 2188
3 2320 2322 2188
3 2329 2328 2326
3 2329 2326 2327
3 2330 2190 2191
3 2331 2328 2329
3 2330 2332 2190
3 2332 2182 2190
3 2332 2323 2182
3 2333 2192 2193
3 2334 2333 2193
3 2184 2334 2193
3 2324 2334 2184
3 2336 2335 2194
3 2336 2194 2195
3 2186 2194 2325
3 2325 2194 2335
3 2326 2196 2189
3 2196 2326 2197
3 2197 2326 2328
3 2328 2331 2197
3 2331 2337 2197
3 2330 2191 2197
3 2330 2197 2337
3 2330 2337 2332
3 2339 2338 2333
3 2338 2192 2333
3 2338 2199 2192
3 2339 2333 2334
3 2201 2336 2195
3 2201 2340 2336
3 2342 2341 2203
3 2203 2341 2202
3 2203 2199 2338
3 2203 2338 2342
3 2344 2343 2204
3 2344 2204 2205
3 2201 2204 2340
3 2340 2204 2343
3 2341 2345 2202
3 2202 2345 2206
3 2207 2206 2345
3 2207 2345 2346
3 2208 2344 2205
3 2208 2347 2344
3 2346 2348 2207
3 2207 2348 2209
3 2211 2209 2348
3 2211 2348 2349
3 2351 2350 2212
3 2351 2212 2213
3 2208 2212 2347
3 2347 2212 2350
3 2349 2352 2211
3 2211 2352 2215
3 2354 2353 2217
3 2215 2354 2217
3 2352 2354 2215
3 2354 2351 2353
3 2351 2218 2353
3 2351 2213 2218
3 2353 2219 2217
3 2219 2353 2218
3 2355 2221 2222
3 2223 2356 2222
3 2222 2356 2355
3 2225 2356 2223
3 2357 2227 2228
3 2229 2357 2228
3 2359 2358 2231
3 2231 2358 2230
3 2231 2221 2355
3 2360 2231 2355
3 2359 2231 2360
3 2360 2355 2356
3 2360 2356 2361
3 2363 2361 2362
3 2362 2361 2232
3 2361 2356 2232
3 2356 2225 2232
3 2234 2362 2232
3 2364 2236 2237
3 2227 2357 2237
3 2357 2364 2237
3 2357 2365 2364
3 2365 2357 2229
3 2366 2365 2229
3 2238 2366 2229
3 2367 2365 2366
3 2238 2239 2366
3 2366 2239 2368
3 2370 2369 2242
3 2242 2369 2241
3 2242 2230 2358
3 2242 2358 2370
3 2371 2363 2362
3 2362 2234 2371
3 2234 2372 2371
3 2234 2243 2372
3 2375 2374 2373
3 2245 2246 2373
3 2246 2375 2373
3 2246 2376 2375
3 2246 2236 2364
3 2377 2246 2364
3 2376 2246 2377
3 2377 2364 2365
3 2377 2365 2378
3 2378 2365 2367
3 2239 2247 2379
3 2380 2239 2379
3 2368 2239 2380
3 2248 2379 2247
3 2382 2381 2251
3 2251 2381 2250
3 2251 2241 2369
3 2251 2369 2382
3 2384 2383 2254
3 2384 2254 2253
3 2243 2254 2372
3 2372 2254 2383
3 2386 2385 2257
3 2257 2385 2256
3 2258 2373 2374
3 2386 2258 2374
3 2257 2258 2386
3 2373 2258 2245
3 2380 2379 2260
3 2261 2380 2260
3 2387 2380 2261
3 2260 2379 2248
3 2389 2388 2263
3 2263 2388 2262
3 2390 2263 2264
3 2390 2389 2263
3 2264 2250 2381
3 2264 2381 2390
3 2392 2391 2265
3 2392 2265 2266
3 2253 2265 2384
3 2384 2265 2391
3 2394 2393 2268
3 2268 2393 2267
3 2268 2256 2385
3 2268 2385 2394
3 2397 2396 2395
3 2396 2387 2395
3 2387 2269 2395
3 2387 2261 2269
3 2398 2270 2271
3 2399 2398 2271
3 2262 2399 2271
3 2388 2399 2262
3 2401 2400 2272
3 2401 2272 2273
3 2266 2272 2392
3 2392 2272 2400
3 2403 2402 2275
3 2275 2402 2274
3 2275 2267 2393
3 2275 2393 2403
3 2406 2405 2404
3 2404 2405 2397
3 2404 2397 2395
3 2277 2404 2395
3 2276 2277 2395
3 2276 2395 2269
3 2408 2407 2398
3 2407 2270 2398
3 2407 2278 2270
3 2408 2398 2399
3 2280 2401 2273
3 2280 2409 2401
3 2402 2281 2274
3 2410 2281 2402
3 2406 2404 2282
3 2283 2406 2282
3 2411 2406 2283
3 2282 2404 2277
3 2412 2284 2285
3 2413 2412 2285
3 2278 2413 2285
3 2407 2413 2278
3 2415 2414 2286
3 2415 2286 2287
3 2280 2286 2409
3 2409 2286 2414
3 2417 2416 2289
3 2289 2416 2288
3 2289 2281 2410
3 2289 2410 2417
3 2419 2418 2293
3 2419 2293 2292
3 2283 2293 2411
3 2411 2293 2418
3 2420 2294 2412
3 2412 2294 2284
3 2412 2413 2421
3 2412 2421 2420
3 2423 2422 2295
3 2423 2295 2296
3 2287 2295 2415
3 2415 2295 2422
3 2424 2297 2298
3 2425 2424 2298
3 2288 2425 2298
3 2416 2425 2288
3 2427 2426 2299
3 2427 2299 2300
3 2292 2299 2419
3 2419 2299 2426
3 2429 2428 2420
3 2428 2294 2420
3 2428 2301 2294
3 2429 2420 2421
3 2302 2423 2296
3 2302 2430 2423
3 2432 2431 2424
3 2431 2297 2424
3 2431 2303 2297
3 2432 2424 2425
3 2434 2433 2304
3 2434 2304 2305
3 2300 2304 2427
3 2427 2304 2433
3 2435 2306 2307
3 2436 2435 2307
3 2301 2436 2307
3 2428 2436 2301
3 2309 2437 2308
3 2437 2438 2308
3 2438 2302 2308
3 2438 2430 2302
3 2439 2310 2311
3 2440 2439 2311
3 2303 2440 2311
3 2431 2440 2303
3 2312 2434 2305
3 2312 2441 2434
3 2435 2313 2306
3 2443 2442 2315
3 2443 2315 2313
3 2436 2443 2313
3 2435 2436 2313
3 2444 2442 2443
3 2446 2445 2437
3 2309 2446 2437
3 2316 2446 2309
3 2437 2445 2438
3 2448 2447 2439
3 2447 2310 2439
3 2447 2317 2310
3 2448 2439 2440
3 2450 2449 2318
3 2450 2318 2319
3 2312 2318 2441
3 2441 2318 2449
3 2442 2321 2315
3 2452 2451 2322
3 2452 2322 2321
3 2444 2452 2321
3 2442 2444 2321
3 2454 2453 2451
3 2454 2451 2452
3 2455 2453 2454
3 2323 2446 2316
3 2323 2456 2446
3 2447 2324 2317
3 2457 2324 2447
3 2325 2450 2319
3 2325 2458 2450
3 2451 2327 2322
3 2327 2451 2329
3 2329 2451 2453
3 2460 2459 2331
3 2460 2331 2329
3 2455 2460 2329
3 2453 2455 2329
3 2460 2456 2459
3 2456 2332 2459
3 2456 2323 2332
3 2457 2334 2324
3 2461 2334 2457
3 2463 2462 2335
3 2463 2335 2336
3 2325 2335 2458
3 2458 2335 2462
3 2459 2337 2331
3 2337 2459 2332
3 2465 2464 2339
3 2339 2464 2338
3 2339 2334 2461
3 2339 2461 2465
3 2340 2463 2336
3 2340 2466 2463
3 2467 2341 2342
3 2468 2467 2342
3 2338 2468 2342
3 2464 2468 2338
3 2344 2469 2343
3 2469 2470 2343
3 2470 2340 2343
3 2470 2466 2340
3 2467 2345 2341
3 2472 2471 2346
3 2472 2346 2345
3 2468 2472 2345
3 2467 2468 2345
3 2473 2471 2472
3 2475 2474 2469
3 2344 2475 2469
3 2347 2475 2344
3 2469 2474 2470
3 2471 2348 2346
3 2477 2476 2349
3 2477 2349 2348
3 2473 2477 2348
3 2471 2473 2348
3 2478 2476 2477
3 2351 2479 2350
3 2479 2480 2350
3 2480 2347 2350
3 2480 2475 2347
3 2476 2352 2349
3 2478 2481 2476
3 2481 2352 2476
3 2481 2354 2352
3 2351 2354 2479
3 2354 2482 2479
3 2354 2481 2482
3 2479 2482 2480
3 2484 2483 2359
3 2359 2483 2358
3 2486 2484 2485
3 2484 2360 2485
3 2484 2359 2360
3 2361 2487 2360
3 2360 2487 2485
3 2363 2487 2361
3 2488 2367 2366
3 2368 2488 2366
3 2489 2369 2370
3 2490 2489 2370
3 2358 2490 2370
3 2483 2490 2358
3 2491 2486 2485
3 2491 2485 2487
3 2491 2487 2492
3 2494 2492 2493
3 2493 2492 2371
3 2492 2487 2371
3 2487 2363 2371
3 2372 2493 2371
3 2495 2374 2375
3 2376 2496 2375
3 2375 2496 2495
3 2377 2497 2376
3 2376 2497 2496
3 2378 2498 2377
3 2377 2498 2497
3 2367 2488 2378
3 2488 2498 2378
3 2488 2499 2498
3 2380 2499 2368
3 2368 2499 2488
3 2500 2381 2382
3 2501 2500 2382
3 2501 2382 2369
3 2502 2501 2369
3 2489 2502 2369
3 2502 2489 2490
3 2494 2493 2383
3 2384 2494 2383
3 2503 2494 2384
3 2383 2493 2372
3 2505 2504 2386
3 2386 2504 2385
3 2386 2374 2495
3 2506 2386 2495
3 2505 2386 2506
3 2506 2495 2496
3 2506 2496 2507
3 2507 2496 2497
3 2507 2497 2508
3 2508 2497 2498
3 2508 2498 2509
3 2511 2510 2509
3 2498 2511 2509
3 2499 2511 2498
3 2387 2511 2380
3 2380 2511 2499
3 2512 2388 2389
3 2512 2389 2513
3 2389 2514 2513
3 2389 2390 2514
3 2390 2381 2500
3 2515 2390 2500
3 2514 2390 2515
3 2515 2500 2501
3 2517 2516 2391
3 2517 2391 2392
3 2384 2391 2503
3 2503 2391 2516
3 2519 2518 2394
3 2394 2518 2393
3 2394 2385 2504
3 2394 2504 2519
3 2510 2511 2396
3 2397 2510 2396
3 2520 2510 2397
3 2396 2511 2387
3 2522 2521 2512
3 2521 2388 2512
3 2521 2399 2388
3 2522 2512 2513
3 2401 2523 2400
3 2523 2524 2400
3 2524 2392 2400
3 2524 2517 2392
3 2526 2525 2403
3 2403 2525 2402
3 2403 2393 2518
3 2403 2518 2526
3 2528 2527 2405
3 2528 2405 2406
3 2397 2405 2520
3 2520 2405 2527
3 2529 2407 2408
3 2530 2529 2408
3 2399 2530 2408
3 2521 2530 2399
3 2532 2531 2523
3 2401 2532 2523
3 2409 2532 2401
3 2523 2531 2524
3 2525 2410 2402
3 2533 2410 2525
3 2536 2535 2534
3 2535 2528 2534
3 2528 2411 2534
3 2528 2406 2411
3 2538 2537 2529
3 2537 2407 2529
3 2537 2413 2407
3 2538 2529 2530
3 2540 2539 2414
3 2540 2414 2415
3 2409 2414 2532
3 2532 2414 2539
3 2542 2541 2417
3 2417 2541 2416
3 2417 2410 2533
3 2417 2533 2542
3 2545 2544 2543
3 2543 2544 2536
3 2543 2536 2534
3 2419 2543 2534
3 2418 2419 2534
3 2418 2534 2411
3 2537 2421 2413
3 2546 2421 2537
3 2423 2547 2422
3 2547 2548 2422
3 2548 2415 2422
3 2548 2540 2415
3 2541 2425 2416
3 2549 2425 2541
3 2552 2551 2550
3 2550 2551 2545
3 2550 2545 2543
3 2427 2550 2543
3 2426 2427 2543
3 2426 2543 2419
3 2553 2428 2429
3 2554 2553 2429
3 2421 2554 2429
3 2546 2554 2421
3 2556 2555 2547
3 2423 2556 2547
3 2430 2556 2423
3 2547 2555 2548
3 2558 2557 2432
3 2432 2557 2431
3 2432 2425 2549
3 2432 2549 2558
3 2552 2550 2433
3 2434 2552 2433
3 2559 2552 2434
3 2433 2550 2427
3 2560 2436 2553
3 2553 2436 2428
3 2553 2554 2561
3 2553 2561 2560
3 2438 2556 2430
3 2438 2562 2556
3 2557 2440 2431
3 2563 2440 2557
3 2566 2565 2564
3 2565 2559 2564
3 2559 2441 2564
3 2559 2434 2441
3 2560 2443 2436
3 2568 2567 2444
3 2568 2444 2443
3 2561 2568 2443
3 2560 2561 2443
3 2570 2569 2567
3 2570 2567 2568
3 2571 2569 2570
3 2446 2572 2445
3 2572 2573 2445
3 2573 2438 2445
3 2573 2562 2438
3 2574 2447 2448
3 2575 2574 2448
3 2440 2575 2448
3 2563 2575 2440
3 2566 2564 2449
3 2450 2566 2449
3 2576 2566 2450
3 2449 2564 2441
3 2567 2452 2444
3 2452 2567 2454
3 2454 2567 2569
3 2578 2577 2455
3 2578 2455 2454
3 2571 2578 2454
3 2569 2571 2454
3 2578 2579 2572
3 2456 2578 2572
3 2446 2456 2572
3 2577 2578 2456
3 2572 2579 2573
3 2581 2580 2574
3 2580 2447 2574
3 2580 2457 2447
3 2581 2574 2575
3 2458 2576 2450
3 2458 2582 2576
3 2577 2460 2455
3 2460 2577 2456
3 2580 2461 2457
3 2583 2461 2580
3 2585 2584 2462
3 2585 2462 2463
3 2458 2462 2582
3 2582 2462 2584
3 2587 2586 2465
3 2465 2586 2464
3 2465 2461 2583
3 2465 2583 2587
3 2466 2585 2463
3 2466 2588 2585
3 2590 2468 2589
3 2468 2586 2589
3 2468 2464 2586
3 2591 2590 2589
3 2594 2593 2592
3 2593 2588 2592
3 2588 2470 2592
3 2588 2466 2470
3 2590 2472 2468
3 2473 2472 2590
3 2591 2473 2590
3 2595 2473 2591
3 2594 2592 2474
3 2475 2594 2474
3 2596 2594 2475
3 2474 2592 2470
3 2595 2597 2473
3 2473 2597 2477
3 2599 2598 2478
3 2477 2599 2478
3 2597 2599 2477
3 2601 2600 2598
3 2601 2598 2599
3 2601 2596 2600
3 2596 2480 2600
3 2596 2475 2480
3 2598 2481 2478
3 2481 2598 2482
3 2482 2598 2600
3 2482 2600 2480
3 2602 2483 2484
3 2486 2602 2484
3 2603 2490 2602
3 2602 2490 2483
3 2491 2604 2486
3 2604 2602 2486
3 2604 2603 2602
3 2492 2605 2491
3 2491 2605 2604
3 2494 2605 2492
3 2607 2606 2502
3 2502 2606 2501
3 2502 2490 2603
3 2608 2502 2603
3 2607 2502 2608
3 2608 2603 2604
3 2608 2604 2609
3 2611 2610 2609
3 2604 2611 2609
3 2605 2611 2604
3 2503 2611 2494
3 2494 2611 2605
3 2612 2504 2505
3 2506 2613 2505
3 2505 2613 2612
3 2507 2614 2506
3 2506 2614 2613
3 2508 2615 2507
3 2507 2615 2614
3 2509 2616 2508
3 2508 2616 2615
3 2510 2616 2509
3 2617 2513 2514
3 2617 2514 2618
3 2514 2619 2618
3 2514 2515 2619
3 2515 2501 2606
3 2515 2606 2619
3 2610 2611 2516
3 2517 2610 2516
3 2620 2610 2517
3 2516 2611 2503
3 2622 2621 2519
3 2519 2621 2518
3 2519 2504 2612
3 2623 2519 2612
3 2622 2519 2623
3 2623 2612 2613
3 2623 2613 2624
3 2624 2613 2614
3 2624 2614 2625
3 2627 2626 2625
3 2614 2627 2625
3 2615 2627 2614
3 2628 2615 2616
3 2627 2615 2628
3 2520 2628 2510
3 2510 2628 2616
3 2629 2521 2522
3 2630 2629 2522
3 2630 2522 2513
3 2631 2630 2513
3 2617 2631 2513
3 2631 2617 2618
3 2524 2620 2517
3 2524 2632 2620
3 2634 2633 2526
3 2526 2633 2525
3 2526 2518 2621
3 2526 2621 2634
3 2626 2627 2635
3 2626 2635 2636
3 2528 2635 2527
3 2635 2628 2527
3 2635 2627 2628
3 2527 2628 2520
3 2638 2637 2629
3 2637 2521 2629
3 2637 2530 2521
3 2638 2629 2630
3 2640 2639 2531
3 2640 2531 2532
3 2524 2531 2632
3 2632 2531 2639
3 2633 2533 2525
3 2641 2533 2633
3 2636 2635 2535
3 2536 2636 2535
3 2642 2636 2536
3 2535 2635 2528
3 2643 2537 2538
3 2644 2643 2538
3 2530 2644 2538
3 2637 2644 2530
3 2540 2645 2539
3 2645 2646 2539
3 2646 2532 2539
3 2646 2640 2532
3 2648 2647 2542
3 2542 2647 2541
3 2542 2533 2641
3 2542 2641 2648
3 2650 2649 2544
3 2650 2544 2545
3 2536 2544 2642
3 2642 2544 2649
3 2652 2651 2643
3 2651 2537 2643
3 2651 2546 2537
3 2652 2643 2644
3 2654 2653 2645
3 2540 2654 2645
3 2548 2654 2540
3 2645 2653 2646
3 2647 2549 2541
3 2655 2549 2647
3 2657 2656 2551
3 2657 2551 2552
3 2545 2551 2650
3 2650 2551 2656
3 2659 2554 2658
3 2554 2651 2658
3 2554 2546 2651
3 2660 2659 2658
3 2662 2661 2555
3 2662 2555 2556
3 2548 2555 2654
3 2654 2555 2661
3 2664 2663 2558
3 2558 2663 2557
3 2558 2549 2655
3 2558 2655 2664
3 2667 2666 2665
3 2666 2657 2665
3 2657 2559 2665
3 2657 2552 2559
3 2668 2561 2659
3 2659 2561 2554
3 2659 2660 2669
3 2670 2659 2669
3 2668 2659 2670
3 2671 2670 2669
3 2562 2662 2556
3 2562 2672 2662
3 2663 2563 2557
3 2673 2563 2663
3 2667 2665 2565
3 2566 2667 2565
3 2674 2667 2566
3 2565 2665 2559
3 2668 2568 2561
3 2568 2668 2570
3 2570 2668 2670
3 2676 2675 2571
3 2676 2571 2570
3 2671 2676 2570
3 2670 2671 2570
3 2678 2677 2675
3 2678 2675 2676
3 2678 2672 2677
3 2672 2573 2677
3 2672 2562 2573
3 2673 2575 2563
3 2679 2575 2673
3 2576 2674 2566
3 2576 2680 2674
3 2675 2578 2571
3 2578 2675 2579
3 2579 2675 2677
3 2579 2677 2573
3 2682 2681 2581
3 2581 2681 2580
3 2581 2575 2679
3 2581 2679 2682
3 2582 2680 2576
3 2582 2683 2680
3 2681 2583 2580
3 2684 2583 2681
3 2686 2685 2584
3 2686 2584 2585
3 2582 2584 2683
3 2683 2584 2685
3 2687 2586 2587
3 2688 2687 2587
3 2583 2688 2587
3 2684 2688 2583
3 2588 2686 2585
3 2588 2689 2686
3 2687 2589 2586
3 2691 2690 2591
3 2691 2591 2589
3 2688 2691 2589
3 2687 2688 2589
3 2692 2690 2691
3 2694 2693 2593
3 2694 2593 2594
3 2588 2593 2689
3 2689 2593 2693
3 2695 2595 2690
3 2690 2595 2591
3 2690 2692 2696
3 2697 2690 2696
3 2695 2690 2697
3 2699 2698 2697
3 2699 2697 2696
3 2699 2694 2698
3 2694 2596 2698
3 2694 2594 2596
3 2695 2597 2595
3 2597 2695 2599
3 2599 2695 2697
3 2599 2697 2601
3 2601 2697 2698
3 2601 2698 2596
3 2700 2606 2607
3 2608 2701 2607
3 2607 2701 2700
3 2609 2702 2608
3 2608 2702 2701
3 2610 2702 2609
3 2703 2618 2619
3 2606 2700 2619
3 2700 2703 2619
3 2700 2704 2703
3 2705 2700 2701
3 2704 2700 2705
3 2706 2701 2702
3 2705 2701 2706
3 2620 2706 2610
3 2610 2706 2702
3 2707 2621 2622
3 2623 2708 2622
3 2622 2708 2707
3 2624 2709 2623
3 2623 2709 2708
3 2625 2710 2624
3 2624 2710 2709
3 2626 2710 2625
3 2711 2630 2631
3 2618 2703 2631
3 2703 2711 2631
3 2703 2712 2711
3 2704 2714 2713
3 2712 2704 2713
3 2703 2704 2712
3 2714 2704 2705
3 2714 2705 2715
3 2717 2716 2715
3 2705 2717 2715
3 2706 2717 2705
3 2632 2717 2620
3 2620 2717 2706
3 2719 2718 2634
3 2634 2718 2633
3 2634 2621 2707
3 2720 2634 2707
3 2719 2634 2720
3 2722 2721 2720
3 2707 2722 2720
3 2708 2722 2707
3 2723 2708 2709
3 2722 2708 2723
3 2724 2709 2710
3 2723 2709 2724
3 2636 2724 2626
3 2626 2724 2710
3 2725 2637 2638
3 2726 2725 2638
3 2726 2638 2630
3 2727 2726 2630
3 2711 2727 2630
3 2727 2711 2712
3 2727 2712 2728
3 2728 2712 2713
3 2639 2640 2729
3 2717 2730 2716
3 2730 2717 2731
3 2717 2632 2731
3 2639 2729 2731
3 2639 2731 2632
3 2718 2641 2633
3 2732 2641 2718
3 2733 2721 2722
3 2735 2734 2733
3 2722 2735 2733
3 2723 2735 2722
3 2736 2723 2724
3 2735 2723 2736
3 2642 2736 2636
3 2636 2736 2724
3 2737 2644 2725
3 2725 2644 2637
3 2725 2726 2738
3 2725 2738 2737
3 2740 2739 2729
3 2640 2740 2729
3 2646 2740 2640
3 2729 2739 2731
3 2742 2741 2648
3 2648 2741 2647
3 2648 2641 2732
3 2648 2732 2742
3 2734 2735 2743
3 2734 2743 2744
3 2650 2743 2649
3 2743 2736 2649
3 2743 2735 2736
3 2649 2736 2642
3 2745 2651 2652
3 2644 2737 2652
3 2737 2745 2652
3 2737 2746 2745
3 2737 2738 2747
3 2748 2737 2747
3 2746 2737 2748
3 2749 2748 2747
3 2751 2750 2653
3 2751 2653 2654
3 2646 2653 2740
3 2740 2653 2750
3 2741 2655 2647
3 2752 2655 2741
3 2744 2743 2656
3 2657 2744 2656
3 2753 2744 2657
3 2656 2743 2650
3 2745 2658 2651
3 2658 2745 2660
3 2745 2754 2660
3 2745 2746 2754
3 2755 2746 2748
3 2754 2746 2755
3 2748 2749 2756
3 2757 2748 2756
3 2755 2748 2757
3 2661 2662 2757
3 2756 2661 2757
3 2758 2661 2756
3 2654 2661 2751
3 2751 2661 2758
3 2760 2759 2664
3 2664 2759 2663
3 2664 2655 2752
3 2664 2752 2760
3 2762 2761 2666
3 2762 2666 2667
3 2657 2666 2753
3 2753 2666 2761
3 2754 2669 2660
3 2669 2754 2671
3 2754 2763 2671
3 2754 2755 2763
3 2764 2755 2757
3 2763 2755 2764
3 2672 2764 2662
3 2662 2764 2757
3 2759 2673 2663
3 2765 2673 2759
3 2674 2762 2667
3 2674 2766 2762
3 2763 2676 2671
3 2676 2763 2678
3 2678 2763 2764
3 2678 2764 2672
3 2765 2679 2673
3 2767 2679 2765
3 2680 2766 2674
3 2680 2768 2766
3 2770 2769 2682
3 2682 2769 2681
3 2682 2679 2767
3 2682 2767 2770
3 2773 2772 2771
3 2772 2768 2771
3 2768 2683 2771
3 2768 2680 2683
3 2775 2684 2774
3 2684 2769 2774
3 2684 2681 2769
3 2776 2775 2774
3 2773 2771 2685
3 2686 2773 2685
3 2777 2773 2686
3 2685 2771 2683
3 2778 2688 2775
3 2775 2688 2684
3 2775 2776 2779
3 2780 2775 2779
3 2778 2775 2780
3 2781 2780 2779
3 2689 2777 2686
3 2689 2782 2777
3 2778 2691 2688
3 2691 2778 2692
3 2778 2783 2692
3 2778 2780 2783
3 2780 2781 2784
3 2785 2780 2784
3 2783 2780 2785
3 2693 2694 2785
3 2784 2693 2785
3 2786 2693 2784
3 2689 2693 2782
3 2782 2693 2786
3 2783 2696 2692
3 2696 2783 2699
3 2699 2783 2785
3 2699 2785 2694
3 2787 2713 2714
3 2715 2788 2714
3 2714 2788 2787
3 2716 2788 2715
3 2789 2718 2719
3 2720 2790 2719
3 2719 2790 2789
3 2721 2790 2720
3 2791 2726 2727
3 2728 2792 2727
3 2727 2792 2791
3 2713 2787 2728
3 2787 2792 2728
3 2787 2793 2792
3 2794 2787 2788
3 2793 2787 2794
3 2730 2795 2716
3 2795 2788 2716
3 2795 2794 2788
3 2731 2795 2730
3 2796 2732 2789
3 2789 2732 2718
3 2797 2789 2790
3 2796 2789 2797
3 2733 2798 2721
3 2798 2790 2721
3 2798 2797 2790
3 2734 2798 2733
3 2799 2738 2791
3 2791 2738 2726
3 2800 2791 2792
3 2799 2791 2800
3 2801 2792 2793
3 2800 2792 2801
3 2802 2793 2794
3 2801 2793 2802
3 2740 2802 2739
3 2802 2795 2739
3 2802 2794 2795
3 2739 2795 2731
3 2803 2741 2742
3 2732 2796 2742
3 2796 2803 2742
3 2796 2804 2803
3 2805 2796 2797
3 2804 2796 2805
3 2806 2797 2798
3 2805 2797 2806
3 2744 2806 2734
3 2734 2806 2798
3 2799 2747 2738
3 2747 2799 2749
3 2799 2807 2749
3 2799 2800 2807
3 2808 2800 2801
3 2807 2800 2808
3 2751 2808 2750
3 2808 2802 2750
3 2808 2801 2802
3 2750 2802 2740
3 2810 2809 2803
3 2809 2741 2803
3 2809 2752 2741
3 2812 2811 2810
3 2803 2812 2810
3 2804 2812 2803
3 2813 2804 2805
3 2812 2804 2813
3 2814 2805 2806
3 2813 2805 2814
3 2753 2814 2744
3 2744 2814 2806
3 2807 2756 2749
3 2756 2807 2758
3 2758 2807 2808
3 2758 2808 2751
3 2816 2815 2760
3 2760 2815 2759
3 2760 2752 2809
3 2760 2809 2816
3 2811 2812 2817
3 2811 2817 2818
3 2819 2812 2813
3 2817 2812 2819
3 2762 2819 2761
3 2819 2814 2761
3 2819 2813 2814
3 2761 2814 2753
3 2821 2765 2820
3 2765 2815 2820
3 2765 2759 2815
3 2823 2822 2821
3 2823 2821 2820
3 2822 2823 2818
3 2817 2822 2818
3 2824 2822 2817
3 2825 2817 2819
3 2824 2817 2825
3 2766 2825 2762
3 2762 2825 2819
3 2826 2767 2821
3 2821 2767 2765
3 2827 2821 2822
3 2826 2821 2827
3 2828 2822 2824
3 2827 2822 2828
3 2829 2824 2825
3 2828 2824 2829
3 2768 2829 2766
3 2766 2829 2825
3 2830 2769 2770
3 2767 2826 2770
3 2826 2830 2770
3 2826 2831 2830
3 2832 2826 2827
3 2831 2826 2832
3 2833 2827 2828
3 2832 2827 2833
3 2773 2833 2772
3 2833 2829 2772
3 2833 2828 2829
3 2772 2829 2768
3 2830 2774 2769
3 2774 2830 2776
3 2830 2834 2776
3 2830 2831 2834
3 2835 2831 2832
3 2834 2831 2835
3 2836 2832 2833
3 2835 2832 2836
3 2777 2836 2773
3 2773 2836 2833
3 2834 2779 2776
3 2779 2834 2781
3 2834 2837 2781
3 2834 2835 2837
3 2838 2835 2836
3 2837 2835 2838
3 2782 2838 2777
3 2777 2838 2836
3 2837 2784 2781
3 2784 2837 2786
3 2786 2837 2838
3 2786 2838 2782
3 2839 2809 2810
3 2811 2839 2810
3 2840 2815 2816
3 2809 2839 2816
3 2839 2840 2816
3 2839 2841 2840
3 2818 2841 2811
3 2811 2841 2839
3 2840 2820 2815
3 2820 2840 2823
3 2823 2840 2841
3 2823 2841 2818
