ply
format ascii 1.0
element vertex 11159
property float x
property float y
property float z
element face 22390
property list uchar int vertex_indices
end_header
-1.50000 6.00000 -31.00000
-2.00000 6.00000 -31.50000
-2.00000 5.50000 -31.00000
-2.00000 6.00000 -30.50000
-2.00000 6.50000 -31.00000
-2.50000 6.00000 -31.00000
-5.50000 2.00000 -11.00000
-6.00000 2.00000 -11.50000
-6.00000 1.50000 -11.00000
-6.00000 2.00000 -10.50000
-6.00000 2.50000 -11.00000
-5.50000 60.00000 -23.00000
-6.00000 60.00000 -23.50000
-6.00000 59.50000 -23.00000
-6.00000 59.50000 -22.00000
-5.50000 60.00000 -22.00000
-6.00000 59.50000 -21.00000
-5.50000 60.00000 -21.00000
-6.00000 59.50000 -20.00000
-5.50000 60.00000 -20.00000
-6.00000 59.50000 -19.00000
-5.50000 60.00000 -19.00000
-6.00000 60.00000 -18.50000
-5.50000 61.00000 -24.00000
-6.00000 61.00000 -24.50000
-6.00000 60.50000 -24.00000
-5.50000 61.00000 -23.00000
-5.50000 61.00000 -22.00000
-5.50000 61.00000 -21.00000
-5.50000 61.00000 -20.00000
-6.00000 61.00000 -19.50000
-6.00000 60.50000 -19.00000
-5.50000 62.00000 -24.00000
-6.00000 62.00000 -24.50000
-5.50000 62.00000 -23.00000
-5.50000 62.00000 -22.00000
-5.50000 62.00000 -21.00000
-6.00000 62.00000 -20.50000
-6.00000 61.50000 -20.00000
-6.00000 62.50000 -24.00000
-5.50000 63.00000 -23.00000
-6.00000 63.00000 -23.50000
-5.50000 63.00000 -22.00000
-6.00000 63.00000 -21.50000
-6.00000 62.50000 -21.00000
-6.00000 63.50000 -23.00000
-6.00000 63.50000 -22.00000
-6.50000 2.00000 -12.00000
-7.00000 2.00000 -12.50000
-7.00000 1.50000 -12.00000
-7.00000 2.00000 -11.50000
-6.50000 2.00000 -11.00000
-6.50000 3.00000 -13.00000
-7.00000 3.00000 -13.50000
-7.00000 2.50000 -13.00000
-7.00000 2.50000 -12.00000
-7.00000 3.00000 -12.50000
-7.00000 3.50000 -13.00000
-6.50000 56.00000 -22.00000
-7.00000 56.00000 -22.50000
-7.00000 55.50000 -22.00000
-7.00000 56.00000 -21.50000
-6.50000 57.00000 -24.00000
-7.00000 57.00000 -24.50000
-7.00000 56.50000 -24.00000
-7.00000 56.50000 -23.00000
-6.50000 57.00000 -23.00000
-6.50000 57.00000 -22.00000
-7.00000 57.00000 -21.50000
-6.50000 58.00000 -24.00000
-7.00000 58.00000 -24.50000
-6.50000 58.00000 -23.00000
-6.50000 58.00000 -22.00000
-7.00000 58.00000 -21.50000
-6.50000 59.00000 -25.00000
-7.00000 59.00000 -25.50000
-7.00000 58.50000 -25.00000
-6.50000 59.00000 -24.00000
-6.50000 59.00000 -23.00000
-6.50000 59.00000 -22.00000
-7.00000 58.50000 -21.00000
-6.50000 59.00000 -21.00000
-7.00000 58.50000 -20.00000
-6.50000 59.00000 -20.00000
-7.00000 58.50000 -19.00000
-6.50000 59.00000 -19.00000
-7.00000 58.50000 -18.00000
-6.50000 59.00000 -18.00000
-7.00000 59.00000 -17.50000
-6.50000 60.00000 -25.00000
-7.00000 60.00000 -25.50000
-6.50000 60.00000 -24.00000
-6.50000 60.00000 -18.00000
-7.00000 60.00000 -17.50000
-7.00000 60.50000 -25.00000
-7.00000 61.00000 -24.50000
-6.50000 61.00000 -19.00000
-7.00000 61.00000 -18.50000
-7.00000 60.50000 -18.00000
-7.00000 61.50000 -24.00000
-6.50000 62.00000 -24.00000
-7.00000 62.00000 -23.50000
-6.50000 62.00000 -20.00000
-7.00000 62.00000 -19.50000
-7.00000 61.50000 -19.00000
-6.50000 63.00000 -23.00000
-7.00000 62.50000 -23.00000
-7.00000 63.00000 -22.50000
-6.50000 63.00000 -21.00000
-7.00000 63.00000 -20.50000
-7.00000 62.50000 -20.00000
-7.00000 63.50000 -22.00000
-7.00000 63.50000 -21.00000
-7.50000 2.00000 -13.00000
-8.00000 2.00000 -13.50000
-8.00000 1.50000 -13.00000
-8.00000 1.50000 -12.00000
-8.00000 2.00000 -11.50000
-7.50000 3.00000 -14.00000
-8.00000 3.00000 -14.50000
-8.00000 2.50000 -14.00000
-7.50000 3.00000 -13.00000
-8.00000 3.00000 -13.50000
-8.00000 2.50000 -13.00000
-8.00000 2.50000 -12.00000
-8.00000 3.50000 -14.00000
-7.50000 37.00000 -28.00000
-8.00000 37.00000 -28.50000
-8.00000 36.50000 -28.00000
-8.00000 36.50000 -27.00000
-7.50000 37.00000 -27.00000
-8.00000 37.00000 -26.50000
-7.50000 38.00000 -28.00000
-8.00000 38.00000 -28.50000
-7.50000 38.00000 -27.00000
-8.00000 38.00000 -26.50000
-7.50000 39.00000 -28.00000
-8.00000 39.00000 -28.50000
-7.50000 39.00000 -27.00000
-8.00000 39.00000 -26.50000
-7.50000 40.00000 -28.00000
-8.00000 40.00000 -28.50000
-7.50000 40.00000 -27.00000
-8.00000 39.50000 -26.00000
-7.50000 40.00000 -26.00000
-8.00000 40.00000 -25.50000
-7.50000 41.00000 -28.00000
-8.00000 41.00000 -28.50000
-7.50000 41.00000 -27.00000
-7.50000 41.00000 -26.00000
-8.00000 41.00000 -25.50000
-7.50000 42.00000 -28.00000
-8.00000 42.00000 -28.50000
-7.50000 42.00000 -27.00000
-7.50000 42.00000 -26.00000
-8.00000 41.50000 -25.00000
-7.50000 42.00000 -25.00000
-8.00000 42.00000 -24.50000
-7.50000 43.00000 -28.00000
-8.00000 43.00000 -28.50000
-7.50000 43.00000 -27.00000
-7.50000 43.00000 -26.00000
-7.50000 43.00000 -25.00000
-8.00000 43.00000 -24.50000
-7.50000 44.00000 -28.00000
-8.00000 44.00000 -28.50000
-7.50000 44.00000 -27.00000
-7.50000 44.00000 -26.00000
-7.50000 44.00000 -25.00000
-8.00000 44.00000 -24.50000
-7.50000 45.00000 -28.00000
-8.00000 45.00000 -28.50000
-7.50000 45.00000 -27.00000
-7.50000 45.00000 -26.00000
-7.50000 45.00000 -25.00000
-8.00000 45.00000 -24.50000
-7.50000 46.00000 -28.00000
-8.00000 46.00000 -28.50000
-7.50000 46.00000 -27.00000
-7.50000 46.00000 -26.00000
-7.50000 46.00000 -25.00000
-8.00000 46.00000 -24.50000
-7.50000 47.00000 -28.00000
-8.00000 47.00000 -28.50000
-7.50000 47.00000 -27.00000
-7.50000 47.00000 -26.00000
-7.50000 47.00000 -25.00000
-8.00000 46.50000 -24.00000
-7.50000 47.00000 -24.00000
-8.00000 47.00000 -23.50000
-8.00000 47.50000 -28.00000
-7.50000 48.00000 -27.00000
-8.00000 48.00000 -27.50000
-7.50000 48.00000 -26.00000
-7.50000 48.00000 -25.00000
-7.50000 48.00000 -24.00000
-8.00000 48.00000 -23.50000
-7.50000 49.00000 -27.00000
-8.00000 49.00000 -27.50000
-7.50000 49.00000 -26.00000
-7.50000 49.00000 -25.00000
-7.50000 49.00000 -24.00000
-8.00000 49.00000 -23.50000
-7.50000 50.00000 -27.00000
-8.00000 50.00000 -27.50000
-7.50000 50.00000 -26.00000
-7.50000 50.00000 -25.00000
-7.50000 50.00000 -24.00000
-8.00000 49.50000 -23.00000
-7.50000 50.00000 -23.00000
-8.00000 50.00000 -22.50000
-7.50000 51.00000 -27.00000
-8.00000 51.00000 -27.50000
-7.50000 51.00000 -26.00000
-7.50000 51.00000 -25.00000
-7.50000 51.00000 -24.00000
-7.50000 51.00000 -23.00000
-8.00000 51.00000 -22.50000
-7.50000 52.00000 -27.00000
-8.00000 52.00000 -27.50000
-7.50000 52.00000 -26.00000
-7.50000 52.00000 -25.00000
-7.50000 52.00000 -24.00000
-7.50000 52.00000 -23.00000
-8.00000 51.50000 -22.00000
-7.50000 52.00000 -22.00000
-8.00000 52.00000 -21.50000
-7.50000 53.00000 -27.00000
-8.00000 53.00000 -27.50000
-7.50000 53.00000 -26.00000
-7.50000 53.00000 -25.00000
-7.50000 53.00000 -24.00000
-7.50000 53.00000 -23.00000
-7.50000 53.00000 -22.00000
-8.00000 53.00000 -21.50000
-7.50000 54.00000 -27.00000
-8.00000 54.00000 -27.50000
-7.50000 54.00000 -26.00000
-7.50000 54.00000 -25.00000
-7.50000 54.00000 -24.00000
-7.50000 54.00000 -23.00000
-7.50000 54.00000 -22.00000
-8.00000 54.00000 -21.50000
-8.00000 54.50000 -27.00000
-7.50000 55.00000 -26.00000
-8.00000 55.00000 -26.50000
-7.50000 55.00000 -25.00000
-7.50000 55.00000 -24.00000
-7.50000 55.00000 -23.00000
-7.50000 55.00000 -22.00000
-8.00000 54.50000 -21.00000
-7.50000 55.00000 -21.00000
-8.00000 55.00000 -20.50000
-7.50000 56.00000 -26.00000
-8.00000 56.00000 -26.50000
-7.50000 56.00000 -25.00000
-7.50000 56.00000 -24.00000
-7.50000 56.00000 -23.00000
-8.00000 55.50000 -21.00000
-8.00000 56.00000 -21.50000
-7.50000 57.00000 -26.00000
-8.00000 57.00000 -26.50000
-7.50000 57.00000 -25.00000
-8.00000 57.00000 -21.50000
-7.50000 58.00000 -26.00000
-8.00000 58.00000 -26.50000
-7.50000 58.00000 -25.00000
-8.00000 58.00000 -21.50000
-7.50000 58.00000 -18.00000
-8.00000 58.00000 -18.50000
-8.00000 57.50000 -18.00000
-8.00000 57.50000 -17.00000
-7.50000 58.00000 -17.00000
-8.00000 58.00000 -16.50000
-8.00000 58.50000 -26.00000
-8.00000 59.00000 -25.50000
-8.00000 58.50000 -21.00000
-8.00000 58.50000 -20.00000
-8.00000 58.50000 -19.00000
-7.50000 59.00000 -17.00000
-8.00000 58.50000 -16.00000
-7.50000 59.00000 -16.00000
-8.00000 59.00000 -15.50000
-8.00000 60.00000 -25.50000
-7.50000 60.00000 -17.00000
-8.00000 60.00000 -16.50000
-8.00000 59.50000 -16.00000
-8.00000 60.50000 -25.00000
-8.00000 61.00000 -24.50000
-7.50000 61.00000 -18.00000
-7.50000 61.00000 -17.00000
-8.00000 61.00000 -16.50000
-8.00000 61.50000 -24.00000
-8.00000 62.00000 -23.50000
-7.50000 62.00000 -19.00000
-7.50000 62.00000 -18.00000
-8.00000 62.00000 -17.50000
-8.00000 61.50000 -17.00000
-8.00000 62.50000 -23.00000
-8.00000 63.00000 -22.50000
-7.50000 63.00000 -20.00000
-8.00000 63.00000 -19.50000
-8.00000 62.50000 -19.00000
-8.00000 62.50000 -18.00000
-8.00000 63.50000 -22.00000
-7.50000 64.00000 -21.00000
-8.00000 64.00000 -21.50000
-8.00000 64.00000 -20.50000
-8.00000 63.50000 -20.00000
-8.00000 64.50000 -21.00000
-8.50000 1.00000 -13.00000
-9.00000 1.00000 -13.50000
-9.00000 0.50000 -13.00000
-9.00000 0.50000 -12.00000
-8.50000 1.00000 -12.00000
-9.00000 1.00000 -11.50000
-9.00000 2.00000 -13.50000
-9.00000 2.00000 -11.50000
-8.50000 3.00000 -14.00000
-9.00000 2.50000 -13.00000
-9.00000 2.50000 -12.00000
-8.50000 16.00000 -25.00000
-9.00000 16.00000 -25.50000
-9.00000 15.50000 -25.00000
-9.00000 16.00000 -24.50000
-8.50000 17.00000 -25.00000
-9.00000 17.00000 -25.50000
-9.00000 16.50000 -24.00000
-8.50000 17.00000 -24.00000
-9.00000 17.00000 -23.50000
-9.00000 17.50000 -25.00000
-8.50000 18.00000 -24.00000
-9.00000 18.00000 -24.50000
-9.00000 18.00000 -23.50000
-8.50000 19.00000 -24.00000
-9.00000 19.00000 -24.50000
-9.00000 19.00000 -23.50000
-9.00000 19.50000 -24.00000
-8.50000 29.00000 -26.00000
-9.00000 29.00000 -26.50000
-9.00000 28.50000 -26.00000
-9.00000 28.50000 -25.00000
-8.50000 29.00000 -25.00000
-9.00000 29.00000 -24.50000
-8.50000 30.00000 -27.00000
-9.00000 30.00000 -27.50000
-9.00000 29.50000 -27.00000
-8.50000 30.00000 -26.00000
-8.50000 30.00000 -25.00000
-9.00000 30.00000 -24.50000
-8.50000 31.00000 -27.00000
-9.00000 31.00000 -27.50000
-8.50000 31.00000 -26.00000
-8.50000 31.00000 -25.00000
-9.00000 31.00000 -24.50000
-8.50000 32.00000 -28.00000
-9.00000 32.00000 -28.50000
-9.00000 31.50000 -28.00000
-8.50000 32.00000 -27.00000
-8.50000 32.00000 -26.00000
-8.50000 32.00000 -25.00000
-9.00000 32.00000 -24.50000
-8.50000 33.00000 -28.00000
-9.00000 33.00000 -28.50000
-8.50000 33.00000 -27.00000
-8.50000 33.00000 -26.00000
-8.50000 33.00000 -25.00000
-9.00000 33.00000 -24.50000
-8.50000 34.00000 -28.00000
-9.00000 34.00000 -28.50000
-8.50000 34.00000 -27.00000
-8.50000 34.00000 -26.00000
-8.50000 34.00000 -25.00000
-9.00000 34.00000 -24.50000
-8.50000 35.00000 -28.00000
-9.00000 35.00000 -28.50000
-8.50000 35.00000 -27.00000
-8.50000 35.00000 -26.00000
-8.50000 35.00000 -25.00000
-9.00000 35.00000 -24.50000
-8.50000 36.00000 -28.00000
-9.00000 36.00000 -28.50000
-8.50000 36.00000 -27.00000
-8.50000 36.00000 -26.00000
-8.50000 36.00000 -25.00000
-9.00000 36.00000 -24.50000
-9.00000 37.00000 -28.50000
-8.50000 37.00000 -26.00000
-8.50000 37.00000 -25.00000
-9.00000 37.00000 -24.50000
-9.00000 38.00000 -28.50000
-8.50000 38.00000 -26.00000
-8.50000 38.00000 -25.00000
-9.00000 38.00000 -24.50000
-9.00000 39.00000 -28.50000
-8.50000 39.00000 -26.00000
-8.50000 39.00000 -25.00000
-9.00000 39.00000 -24.50000
-9.00000 40.00000 -28.50000
-8.50000 40.00000 -25.00000
-9.00000 40.00000 -24.50000
-9.00000 41.00000 -28.50000
-8.50000 41.00000 -25.00000
-9.00000 40.50000 -24.00000
-8.50000 41.00000 -24.00000
-9.00000 41.00000 -23.50000
-9.00000 42.00000 -28.50000
-8.50000 42.00000 -24.00000
-9.00000 42.00000 -23.50000
-9.00000 43.00000 -28.50000
-8.50000 43.00000 -24.00000
-9.00000 43.00000 -23.50000
-9.00000 44.00000 -28.50000
-8.50000 44.00000 -24.00000
-9.00000 44.00000 -23.50000
-9.00000 45.00000 -28.50000
-8.50000 45.00000 -24.00000
-9.00000 45.00000 -23.50000
-9.00000 46.00000 -28.50000
-8.50000 46.00000 -24.00000
-9.00000 45.50000 -23.00000
-8.50000 46.00000 -23.00000
-9.00000 46.00000 -22.50000
-9.00000 46.50000 -28.00000
-8.50000 47.00000 -28.00000
-9.00000 47.00000 -27.50000
-8.50000 47.00000 -23.00000
-9.00000 47.00000 -22.50000
-9.00000 48.00000 -27.50000
-8.50000 48.00000 -23.00000
-9.00000 48.00000 -22.50000
-9.00000 49.00000 -27.50000
-8.50000 49.00000 -23.00000
-9.00000 48.50000 -22.00000
-8.50000 49.00000 -22.00000
-9.00000 49.00000 -21.50000
-9.00000 50.00000 -27.50000
-8.50000 50.00000 -22.00000
-9.00000 49.50000 -21.00000
-8.50000 50.00000 -21.00000
-9.00000 49.50000 -20.00000
-8.50000 50.00000 -20.00000
-9.00000 49.50000 -19.00000
-8.50000 50.00000 -19.00000
-9.00000 50.00000 -18.50000
-9.00000 51.00000 -27.50000
-8.50000 51.00000 -22.00000
-8.50000 51.00000 -21.00000
-8.50000 51.00000 -20.00000
-9.00000 51.00000 -19.50000
-9.00000 50.50000 -19.00000
-9.00000 52.00000 -27.50000
-8.50000 52.00000 -21.00000
-8.50000 52.00000 -20.00000
-9.00000 52.00000 -19.50000
-9.00000 53.00000 -27.50000
-8.50000 53.00000 -21.00000
-8.50000 53.00000 -20.00000
-9.00000 53.00000 -19.50000
-9.00000 53.50000 -27.00000
-8.50000 54.00000 -27.00000
-9.00000 54.00000 -26.50000
-8.50000 54.00000 -21.00000
-9.00000 54.00000 -20.50000
-9.00000 53.50000 -20.00000
-9.00000 55.00000 -26.50000
-9.00000 55.00000 -20.50000
-9.00000 56.00000 -26.50000
-9.00000 55.50000 -21.00000
-9.00000 56.00000 -21.50000
-9.00000 57.00000 -26.50000
-9.00000 57.00000 -21.50000
-8.50000 57.00000 -18.00000
-9.00000 57.00000 -18.50000
-9.00000 56.50000 -18.00000
-9.00000 56.50000 -17.00000
-8.50000 57.00000 -17.00000
-9.00000 57.00000 -16.50000
-9.00000 57.50000 -26.00000
-8.50000 58.00000 -26.00000
-9.00000 58.00000 -25.50000
-9.00000 57.50000 -21.00000
-8.50000 58.00000 -21.00000
-9.00000 57.50000 -20.00000
-8.50000 58.00000 -20.00000
-9.00000 57.50000 -19.00000
-8.50000 58.00000 -19.00000
-9.00000 57.50000 -16.00000
-8.50000 58.00000 -16.00000
-9.00000 58.00000 -15.50000
-9.00000 59.00000 -25.50000
-9.00000 58.50000 -15.00000
-8.50000 59.00000 -15.00000
-9.00000 59.00000 -14.50000
-9.00000 59.50000 -25.00000
-8.50000 60.00000 -25.00000
-9.00000 60.00000 -24.50000
-8.50000 60.00000 -16.00000
-8.50000 60.00000 -15.00000
-9.00000 60.00000 -14.50000
-8.50000 61.00000 -24.00000
-9.00000 60.50000 -24.00000
-9.00000 61.00000 -23.50000
-8.50000 61.00000 -16.00000
-9.00000 61.00000 -15.50000
-9.00000 60.50000 -15.00000
-9.00000 62.00000 -23.50000
-8.50000 62.00000 -17.00000
-9.00000 62.00000 -16.50000
-9.00000 61.50000 -16.00000
-9.00000 62.50000 -23.00000
-8.50000 63.00000 -22.00000
-9.00000 62.50000 -22.00000
-9.00000 63.00000 -21.50000
-8.50000 63.00000 -19.00000
-9.00000 63.00000 -18.50000
-9.00000 62.50000 -18.00000
-9.00000 62.50000 -17.00000
-9.00000 64.00000 -21.50000
-9.00000 63.50000 -20.00000
-9.00000 64.00000 -20.50000
-9.00000 63.50000 -19.00000
-9.00000 64.50000 -21.00000
-10.00000 1.00000 -13.50000
-10.00000 0.50000 -13.00000
-10.00000 0.50000 -12.00000
-10.00000 1.00000 -11.50000
-9.50000 2.00000 -14.00000
-10.00000 2.00000 -14.50000
-10.00000 1.50000 -14.00000
-10.00000 2.00000 -11.50000
-9.50000 3.00000 -15.00000
-10.00000 3.00000 -15.50000
-10.00000 2.50000 -15.00000
-10.00000 2.50000 -14.00000
-10.00000 3.00000 -14.50000
-10.00000 2.50000 -13.00000
-10.00000 2.50000 -12.00000
-10.00000 3.50000 -15.00000
-9.50000 13.00000 -24.00000
-10.00000 13.00000 -24.50000
-10.00000 12.50000 -24.00000
-10.00000 12.50000 -23.00000
-9.50000 13.00000 -23.00000
-10.00000 13.00000 -22.50000
-9.50000 14.00000 -24.00000
-10.00000 14.00000 -24.50000
-9.50000 14.00000 -23.00000
-10.00000 13.50000 -22.00000
-9.50000 14.00000 -22.00000
-10.00000 14.00000 -21.50000
-9.50000 15.00000 -25.00000
-10.00000 15.00000 -25.50000
-10.00000 14.50000 -25.00000
-9.50000 15.00000 -24.00000
-9.50000 15.00000 -23.00000
-9.50000 15.00000 -22.00000
-10.00000 14.50000 -21.00000
-9.50000 15.00000 -21.00000
-10.00000 15.00000 -20.50000
-10.00000 16.00000 -25.50000
-9.50000 16.00000 -24.00000
-9.50000 16.00000 -23.00000
-9.50000 16.00000 -22.00000
-10.00000 16.00000 -21.50000
-10.00000 15.50000 -21.00000
-10.00000 17.00000 -25.50000
-9.50000 17.00000 -23.00000
-9.50000 17.00000 -22.00000
-10.00000 17.00000 -21.50000
-9.50000 18.00000 -25.00000
-10.00000 18.00000 -25.50000
-9.50000 18.00000 -23.00000
-10.00000 18.00000 -22.50000
-10.00000 17.50000 -22.00000
-9.50000 19.00000 -25.00000
-10.00000 19.00000 -25.50000
-9.50000 19.00000 -23.00000
-10.00000 19.00000 -22.50000
-9.50000 20.00000 -25.00000
-10.00000 20.00000 -25.50000
-9.50000 20.00000 -24.00000
-9.50000 20.00000 -23.00000
-10.00000 20.00000 -22.50000
-9.50000 21.00000 -26.00000
-10.00000 21.00000 -26.50000
-10.00000 20.50000 -26.00000
-9.50000 21.00000 -25.00000
-9.50000 21.00000 -24.00000
-9.50000 21.00000 -23.00000
-10.00000 21.00000 -22.50000
-9.50000 22.00000 -26.00000
-10.00000 22.00000 -26.50000
-9.50000 22.00000 -25.00000
-9.50000 22.00000 -24.00000
-9.50000 22.00000 -23.00000
-10.00000 22.00000 -22.50000
-9.50000 23.00000 -26.00000
-10.00000 23.00000 -26.50000
-9.50000 23.00000 -25.00000
-9.50000 23.00000 -24.00000
-9.50000 23.00000 -23.00000
-10.00000 23.00000 -22.50000
-9.50000 24.00000 -26.00000
-10.00000 24.00000 -26.50000
-9.50000 24.00000 -25.00000
-9.50000 24.00000 -24.00000
-9.50000 24.00000 -23.00000
-10.00000 24.00000 -22.50000
-9.50000 25.00000 -26.00000
-10.00000 25.00000 -26.50000
-9.50000 25.00000 -25.00000
-9.50000 25.00000 -24.00000
-10.00000 25.00000 -23.50000
-10.00000 24.50000 -23.00000
-9.50000 26.00000 -26.00000
-10.00000 26.00000 -26.50000
-9.50000 26.00000 -25.00000
-9.50000 26.00000 -24.00000
-10.00000 26.00000 -23.50000
-9.50000 27.00000 -26.00000
-10.00000 27.00000 -26.50000
-9.50000 27.00000 -25.00000
-9.50000 27.00000 -24.00000
-10.00000 27.00000 -23.50000
-9.50000 28.00000 -27.00000
-10.00000 28.00000 -27.50000
-10.00000 27.50000 -27.00000
-9.50000 28.00000 -26.00000
-9.50000 28.00000 -25.00000
-9.50000 28.00000 -24.00000
-10.00000 27.50000 -23.00000
-9.50000 28.00000 -23.00000
-10.00000 28.00000 -22.50000
-9.50000 29.00000 -27.00000
-10.00000 29.00000 -27.50000
-9.50000 29.00000 -24.00000
-9.50000 29.00000 -23.00000
-10.00000 29.00000 -22.50000
-10.00000 30.00000 -27.50000
-9.50000 30.00000 -24.00000
-9.50000 30.00000 -23.00000
-10.00000 30.00000 -22.50000
-10.00000 31.00000 -27.50000
-9.50000 31.00000 -24.00000
-9.50000 31.00000 -23.00000
-10.00000 31.00000 -22.50000
-10.00000 32.00000 -28.50000
-10.00000 31.50000 -28.00000
-9.50000 32.00000 -24.00000
-9.50000 32.00000 -23.00000
-10.00000 32.00000 -22.50000
-10.00000 33.00000 -28.50000
-9.50000 33.00000 -24.00000
-9.50000 33.00000 -23.00000
-10.00000 33.00000 -22.50000
-10.00000 34.00000 -28.50000
-9.50000 34.00000 -24.00000
-9.50000 34.00000 -23.00000
-10.00000 34.00000 -22.50000
-10.00000 35.00000 -28.50000
-9.50000 35.00000 -24.00000
-10.00000 35.00000 -23.50000
-10.00000 34.50000 -23.00000
-10.00000 36.00000 -28.50000
-9.50000 36.00000 -24.00000
-10.00000 36.00000 -23.50000
-10.00000 37.00000 -28.50000
-9.50000 37.00000 -24.00000
-10.00000 37.00000 -23.50000
-10.00000 38.00000 -28.50000
-9.50000 38.00000 -24.00000
-10.00000 38.00000 -23.50000
-10.00000 39.00000 -28.50000
-9.50000 39.00000 -24.00000
-10.00000 39.00000 -23.50000
-10.00000 40.00000 -28.50000
-9.50000 40.00000 -24.00000
-10.00000 40.00000 -23.50000
-10.00000 41.00000 -28.50000
-10.00000 40.50000 -23.00000
-9.50000 41.00000 -23.00000
-10.00000 41.00000 -22.50000
-10.00000 42.00000 -28.50000
-9.50000 42.00000 -23.00000
-10.00000 42.00000 -22.50000
-10.00000 43.00000 -28.50000
-9.50000 43.00000 -23.00000
-10.00000 43.00000 -22.50000
-10.00000 44.00000 -28.50000
-9.50000 44.00000 -23.00000
-10.00000 44.00000 -22.50000
-10.00000 45.00000 -28.50000
-9.50000 45.00000 -23.00000
-10.00000 44.50000 -22.00000
-9.50000 45.00000 -22.00000
-10.00000 45.00000 -21.50000
-10.00000 45.50000 -28.00000
-9.50000 46.00000 -28.00000
-10.00000 46.00000 -27.50000
-9.50000 46.00000 -22.00000
-10.00000 45.50000 -21.00000
-9.50000 46.00000 -21.00000
-10.00000 45.50000 -20.00000
-9.50000 46.00000 -20.00000
-10.00000 46.00000 -19.50000
-10.00000 47.00000 -27.50000
-9.50000 47.00000 -22.00000
-9.50000 47.00000 -21.00000
-9.50000 47.00000 -20.00000
-10.00000 46.50000 -19.00000
-9.50000 47.00000 -19.00000
-10.00000 47.00000 -18.50000
-10.00000 48.00000 -27.50000
-9.50000 48.00000 -22.00000
-9.50000 48.00000 -21.00000
-9.50000 48.00000 -20.00000
-9.50000 48.00000 -19.00000
-10.00000 48.00000 -18.50000
-10.00000 49.00000 -27.50000
-9.50000 49.00000 -21.00000
-9.50000 49.00000 -20.00000
-10.00000 49.00000 -19.50000
-10.00000 48.50000 -19.00000
-10.00000 50.00000 -27.50000
-10.00000 50.00000 -19.50000
-9.50000 50.00000 -19.00000
-10.00000 50.50000 -27.00000
-9.50000 51.00000 -27.00000
-10.00000 51.00000 -26.50000
-9.50000 51.00000 -20.00000
-10.00000 50.50000 -20.00000
-10.00000 51.00000 -20.50000
-9.50000 52.00000 -27.00000
-10.00000 52.00000 -26.50000
-9.50000 52.00000 -20.00000
-10.00000 52.00000 -20.50000
-9.50000 53.00000 -27.00000
-10.00000 53.00000 -26.50000
-9.50000 53.00000 -21.00000
-10.00000 52.50000 -21.00000
-10.00000 53.00000 -21.50000
-9.50000 53.00000 -20.00000
-10.00000 54.00000 -26.50000
-9.50000 54.00000 -21.00000
-10.00000 54.00000 -21.50000
-10.00000 55.00000 -26.50000
-9.50000 55.00000 -21.00000
-10.00000 55.00000 -21.50000
-10.00000 55.50000 -26.00000
-9.50000 56.00000 -26.00000
-10.00000 56.00000 -25.50000
-10.00000 56.00000 -21.50000
-9.50000 57.00000 -26.00000
-10.00000 57.00000 -25.50000
-10.00000 56.50000 -21.00000
-9.50000 57.00000 -21.00000
-10.00000 56.50000 -20.00000
-9.50000 57.00000 -20.00000
-10.00000 56.50000 -19.00000
-9.50000 57.00000 -19.00000
-10.00000 56.50000 -18.00000
-10.00000 56.50000 -17.00000
-10.00000 56.50000 -16.00000
-9.50000 57.00000 -16.00000
-10.00000 57.00000 -15.50000
-10.00000 58.00000 -25.50000
-10.00000 57.50000 -15.00000
-9.50000 58.00000 -15.00000
-10.00000 58.00000 -14.50000
-10.00000 58.50000 -25.00000
-9.50000 59.00000 -25.00000
-10.00000 59.00000 -24.50000
-10.00000 59.00000 -14.50000
-10.00000 60.00000 -24.50000
-10.00000 60.00000 -14.50000
-10.00000 60.50000 -24.00000
-10.00000 61.00000 -23.50000
-10.00000 60.50000 -15.00000
-10.00000 61.00000 -15.50000
-10.00000 61.50000 -23.00000
-9.50000 62.00000 -23.00000
-10.00000 62.00000 -22.50000
-10.00000 61.50000 -16.00000
-10.00000 62.00000 -16.50000
-10.00000 62.50000 -22.00000
-10.00000 63.00000 -21.50000
-9.50000 63.00000 -18.00000
-10.00000 63.00000 -17.50000
-10.00000 62.50000 -17.00000
-10.00000 63.50000 -21.00000
-9.50000 64.00000 -21.00000
-9.50000 64.00000 -20.00000
-10.00000 64.00000 -20.50000
-10.00000 64.00000 -19.50000
-10.00000 63.50000 -19.00000
-10.00000 63.50000 -18.00000
-10.00000 64.50000 -20.00000
-11.00000 1.00000 -13.50000
-11.00000 0.50000 -13.00000
-11.00000 0.50000 -12.00000
-11.00000 1.00000 -11.50000
-11.00000 2.00000 -14.50000
-11.00000 1.50000 -14.00000
-11.00000 2.00000 -11.50000
-11.00000 3.00000 -15.50000
-11.00000 2.50000 -15.00000
-11.00000 2.50000 -14.00000
-11.00000 3.00000 -14.50000
-11.00000 2.50000 -13.00000
-11.00000 2.50000 -12.00000
-10.50000 4.00000 -16.00000
-11.00000 4.00000 -16.50000
-11.00000 3.50000 -16.00000
-11.00000 3.50000 -15.00000
-11.00000 4.00000 -15.50000
-11.00000 4.50000 -16.00000
-10.50000 11.00000 -23.00000
-11.00000 11.00000 -23.50000
-11.00000 10.50000 -23.00000
-11.00000 10.50000 -22.00000
-10.50000 11.00000 -22.00000
-11.00000 11.00000 -21.50000
-10.50000 12.00000 -24.00000
-11.00000 12.00000 -24.50000
-11.00000 11.50000 -24.00000
-10.50000 12.00000 -23.00000
-10.50000 12.00000 -22.00000
-11.00000 12.00000 -21.50000
-11.00000 13.00000 -24.50000
-10.50000 13.00000 -22.00000
-11.00000 13.00000 -21.50000
-10.50000 14.00000 -25.00000
-11.00000 14.00000 -25.50000
-11.00000 13.50000 -25.00000
-11.00000 14.00000 -21.50000
-11.00000 15.00000 -25.50000
-11.00000 14.50000 -21.00000
-11.00000 15.00000 -20.50000
-11.00000 16.00000 -25.50000
-10.50000 16.00000 -21.00000
-11.00000 16.00000 -20.50000
-11.00000 17.00000 -25.50000
-10.50000 17.00000 -21.00000
-11.00000 17.00000 -20.50000
-10.50000 17.00000 -13.00000
-11.00000 17.00000 -13.50000
-11.00000 16.50000 -13.00000
-11.00000 17.00000 -12.50000
-10.50000 18.00000 -26.00000
-11.00000 18.00000 -26.50000
-11.00000 17.50000 -26.00000
-10.50000 18.00000 -22.00000
-10.50000 18.00000 -21.00000
-11.00000 18.00000 -20.50000
-10.50000 18.00000 -13.00000
-11.00000 18.00000 -13.50000
-11.00000 18.00000 -12.50000
-10.50000 19.00000 -26.00000
-11.00000 19.00000 -26.50000
-10.50000 19.00000 -22.00000
-11.00000 19.00000 -21.50000
-11.00000 18.50000 -21.00000
-10.50000 19.00000 -14.00000
-11.00000 19.00000 -14.50000
-11.00000 18.50000 -14.00000
-11.00000 18.50000 -13.00000
-11.00000 19.00000 -13.50000
-10.50000 20.00000 -26.00000
-11.00000 20.00000 -26.50000
-10.50000 20.00000 -22.00000
-11.00000 20.00000 -21.50000
-10.50000 20.00000 -14.00000
-11.00000 20.00000 -14.50000
-11.00000 20.00000 -13.50000
-11.00000 21.00000 -26.50000
-10.50000 21.00000 -22.00000
-11.00000 21.00000 -21.50000
-11.00000 20.50000 -14.00000
-11.00000 22.00000 -26.50000
-10.50000 22.00000 -22.00000
-11.00000 22.00000 -21.50000
-11.00000 23.00000 -26.50000
-10.50000 23.00000 -22.00000
-11.00000 23.00000 -21.50000
-11.00000 24.00000 -26.50000
-10.50000 24.00000 -22.00000
-11.00000 24.00000 -21.50000
-11.00000 25.00000 -26.50000
-10.50000 25.00000 -23.00000
-10.50000 25.00000 -22.00000
-11.00000 25.00000 -21.50000
-11.00000 26.00000 -26.50000
-10.50000 26.00000 -23.00000
-10.50000 26.00000 -22.00000
-11.00000 26.00000 -21.50000
-10.50000 27.00000 -27.00000
-11.00000 27.00000 -27.50000
-11.00000 26.50000 -27.00000
-10.50000 27.00000 -23.00000
-10.50000 27.00000 -22.00000
-11.00000 27.00000 -21.50000
-11.00000 28.00000 -27.50000
-10.50000 28.00000 -22.00000
-11.00000 28.00000 -21.50000
-11.00000 29.00000 -27.50000
-10.50000 29.00000 -22.00000
-11.00000 29.00000 -21.50000
-11.00000 30.00000 -27.50000
-10.50000 30.00000 -22.00000
-11.00000 29.50000 -21.00000
-10.50000 30.00000 -21.00000
-11.00000 30.00000 -20.50000
-11.00000 31.00000 -27.50000
-10.50000 31.00000 -22.00000
-10.50000 31.00000 -21.00000
-11.00000 31.00000 -20.50000
-10.50000 32.00000 -28.00000
-11.00000 32.00000 -27.50000
-10.50000 32.00000 -22.00000
-11.00000 32.00000 -21.50000
-11.00000 31.50000 -21.00000
-11.00000 33.00000 -28.50000
-11.00000 32.50000 -28.00000
-10.50000 33.00000 -22.00000
-11.00000 33.00000 -21.50000
-11.00000 34.00000 -28.50000
-11.00000 33.50000 -22.00000
-11.00000 34.00000 -22.50000
-11.00000 35.00000 -28.50000
-10.50000 35.00000 -23.00000
-11.00000 35.00000 -22.50000
-11.00000 36.00000 -28.50000
-10.50000 36.00000 -23.00000
-11.00000 36.00000 -22.50000
-11.00000 37.00000 -28.50000
-10.50000 37.00000 -23.00000
-11.00000 37.00000 -22.50000
-11.00000 38.00000 -28.50000
-10.50000 38.00000 -23.00000
-11.00000 38.00000 -22.50000
-11.00000 39.00000 -28.50000
-10.50000 39.00000 -23.00000
-11.00000 39.00000 -22.50000
-11.00000 40.00000 -28.50000
-10.50000 40.00000 -23.00000
-11.00000 40.00000 -22.50000
-11.00000 41.00000 -28.50000
-11.00000 40.50000 -22.00000
-10.50000 41.00000 -22.00000
-11.00000 41.00000 -21.50000
-11.00000 41.50000 -28.00000
-10.50000 42.00000 -28.00000
-11.00000 42.00000 -27.50000
-10.50000 42.00000 -22.00000
-11.00000 42.00000 -21.50000
-10.50000 42.00000 -20.00000
-11.00000 42.00000 -20.50000
-11.00000 41.50000 -20.00000
-11.00000 42.00000 -19.50000
-10.50000 43.00000 -28.00000
-11.00000 43.00000 -27.50000
-10.50000 43.00000 -22.00000
-11.00000 42.50000 -21.00000
-10.50000 43.00000 -21.00000
-10.50000 43.00000 -20.00000
-11.00000 42.50000 -19.00000
-10.50000 43.00000 -19.00000
-11.00000 43.00000 -18.50000
-10.50000 44.00000 -28.00000
-11.00000 44.00000 -27.50000
-10.50000 44.00000 -22.00000
-10.50000 44.00000 -21.00000
-10.50000 44.00000 -20.00000
-10.50000 44.00000 -19.00000
-11.00000 44.00000 -18.50000
-10.50000 45.00000 -28.00000
-11.00000 45.00000 -27.50000
-10.50000 45.00000 -21.00000
-10.50000 45.00000 -20.00000
-11.00000 45.00000 -19.50000
-11.00000 44.50000 -19.00000
-11.00000 46.00000 -27.50000
-11.00000 46.00000 -19.50000
-11.00000 47.00000 -27.50000
-10.50000 47.00000 -19.00000
-11.00000 47.00000 -19.50000
-11.00000 48.00000 -27.50000
-10.50000 48.00000 -20.00000
-11.00000 47.50000 -20.00000
-11.00000 48.00000 -20.50000
-10.50000 48.00000 -19.00000
-11.00000 48.50000 -27.00000
-10.50000 49.00000 -27.00000
-11.00000 49.00000 -26.50000
-10.50000 49.00000 -22.00000
-11.00000 48.50000 -22.00000
-11.00000 49.00000 -22.50000
-10.50000 49.00000 -21.00000
-11.00000 48.50000 -21.00000
-10.50000 49.00000 -20.00000
-10.50000 50.00000 -27.00000
-11.00000 50.00000 -26.50000
-10.50000 50.00000 -22.00000
-11.00000 50.00000 -22.50000
-10.50000 50.00000 -21.00000
-10.50000 50.00000 -20.00000
-11.00000 51.00000 -26.50000
-10.50000 51.00000 -22.00000
-11.00000 51.00000 -22.50000
-10.50000 51.00000 -21.00000
-11.00000 52.00000 -26.50000
-11.00000 51.50000 -22.00000
-11.00000 52.00000 -21.50000
-10.50000 52.00000 -21.00000
-11.00000 53.00000 -26.50000
-11.00000 53.00000 -21.50000
-11.00000 53.50000 -26.00000
-10.50000 54.00000 -26.00000
-11.00000 54.00000 -25.50000
-11.00000 54.00000 -21.50000
-10.50000 55.00000 -26.00000
-11.00000 55.00000 -25.50000
-11.00000 54.50000 -21.00000
-10.50000 55.00000 -21.00000
-11.00000 55.00000 -20.50000
-11.00000 56.00000 -25.50000
-10.50000 56.00000 -21.00000
-11.00000 55.50000 -20.00000
-10.50000 56.00000 -20.00000
-11.00000 55.50000 -19.00000
-10.50000 56.00000 -19.00000
-11.00000 55.50000 -18.00000
-10.50000 56.00000 -18.00000
-11.00000 55.50000 -17.00000
-10.50000 56.00000 -17.00000
-11.00000 56.00000 -16.50000
-11.00000 57.00000 -25.50000
-11.00000 56.50000 -16.00000
-11.00000 57.00000 -15.50000
-11.00000 57.50000 -25.00000
-10.50000 58.00000 -25.00000
-11.00000 58.00000 -24.50000
-11.00000 57.50000 -15.00000
-11.00000 58.00000 -14.50000
-11.00000 59.00000 -24.50000
-11.00000 59.00000 -14.50000
-11.00000 59.50000 -24.00000
-10.50000 60.00000 -24.00000
-11.00000 60.00000 -23.50000
-11.00000 59.50000 -14.00000
-10.50000 60.00000 -14.00000
-11.00000 60.00000 -13.50000
-10.50000 61.00000 -23.00000
-11.00000 60.50000 -23.00000
-11.00000 61.00000 -22.50000
-10.50000 61.00000 -15.00000
-11.00000 61.00000 -14.50000
-11.00000 60.50000 -14.00000
-10.50000 62.00000 -22.00000
-11.00000 61.50000 -22.00000
-11.00000 62.00000 -21.50000
-10.50000 62.00000 -16.00000
-11.00000 62.00000 -15.50000
-11.00000 61.50000 -15.00000
-11.00000 63.00000 -21.50000
-10.50000 63.00000 -17.00000
-11.00000 63.00000 -16.50000
-11.00000 62.50000 -16.00000
-11.00000 63.50000 -21.00000
-11.00000 64.00000 -20.50000
-10.50000 64.00000 -19.00000
-11.00000 64.00000 -18.50000
-11.00000 63.50000 -18.00000
-11.00000 63.50000 -17.00000
-11.00000 64.50000 -20.00000
-10.50000 65.00000 -19.00000
-11.00000 65.00000 -19.50000
-11.00000 65.00000 -18.50000
-11.00000 65.50000 -19.00000
-11.50000 0.00000 -12.00000
-12.00000 0.00000 -12.50000
-12.00000 -0.50000 -12.00000
-12.00000 0.00000 -11.50000
-11.50000 1.00000 -13.00000
-12.00000 1.00000 -12.50000
-12.00000 1.00000 -11.50000
-12.00000 2.00000 -14.50000
-12.00000 1.50000 -14.00000
-12.00000 1.50000 -13.00000
-12.00000 2.00000 -11.50000
-12.00000 3.00000 -15.50000
-12.00000 2.50000 -15.00000
-12.00000 2.50000 -14.00000
-12.00000 3.00000 -14.50000
-12.00000 2.50000 -13.00000
-12.00000 2.50000 -12.00000
-12.00000 4.00000 -16.50000
-12.00000 3.50000 -16.00000
-12.00000 3.50000 -15.00000
-12.00000 4.00000 -15.50000
-12.00000 4.50000 -16.00000
-11.50000 9.00000 -22.00000
-12.00000 9.00000 -22.50000
-12.00000 8.50000 -22.00000
-12.00000 9.00000 -21.50000
-11.50000 9.00000 -14.00000
-12.00000 9.00000 -14.50000
-12.00000 8.50000 -14.00000
-12.00000 9.00000 -13.50000
-11.50000 10.00000 -23.00000
-12.00000 10.00000 -23.50000
-12.00000 9.50000 -23.00000
-11.50000 10.00000 -22.00000
-12.00000 9.50000 -21.00000
-11.50000 10.00000 -21.00000
-12.00000 10.00000 -20.50000
-12.00000 9.50000 -14.00000
-11.50000 11.00000 -24.00000
-12.00000 11.00000 -24.50000
-12.00000 10.50000 -24.00000
-11.50000 11.00000 -21.00000
-12.00000 10.50000 -20.00000
-11.50000 11.00000 -20.00000
-12.00000 11.00000 -19.50000
-11.50000 11.00000 -16.00000
-12.00000 11.00000 -16.50000
-12.00000 10.50000 -16.00000
-12.00000 11.00000 -15.50000
-12.00000 12.00000 -24.50000
-11.50000 12.00000 -21.00000
-12.00000 12.00000 -20.50000
-12.00000 11.50000 -20.00000
-12.00000 11.50000 -16.00000
-12.00000 12.00000 -15.50000
-11.50000 12.00000 -15.00000
-12.00000 11.50000 -15.00000
-12.00000 12.00000 -14.50000
-11.50000 13.00000 -25.00000
-12.00000 13.00000 -25.50000
-12.00000 12.50000 -25.00000
-11.50000 13.00000 -21.00000
-12.00000 13.00000 -20.50000
-11.50000 13.00000 -17.00000
-12.00000 13.00000 -17.50000
-12.00000 12.50000 -17.00000
-12.00000 12.50000 -16.00000
-11.50000 13.00000 -16.00000
-11.50000 13.00000 -15.00000
-12.00000 13.00000 -14.50000
-12.00000 14.00000 -25.50000
-11.50000 14.00000 -21.00000
-12.00000 14.00000 -20.50000
-12.00000 13.50000 -17.00000
-11.50000 14.00000 -16.00000
-12.00000 14.00000 -16.50000
-11.50000 14.00000 -15.00000
-12.00000 13.50000 -14.00000
-11.50000 14.00000 -14.00000
-12.00000 14.00000 -13.50000
-12.00000 15.00000 -25.50000
-12.00000 14.50000 -20.00000
-11.50000 15.00000 -20.00000
-12.00000 15.00000 -19.50000
-12.00000 14.50000 -16.00000
-11.50000 15.00000 -15.00000
-12.00000 15.00000 -15.50000
-11.50000 15.00000 -14.00000
-12.00000 15.00000 -13.50000
-11.50000 16.00000 -26.00000
-12.00000 16.00000 -26.50000
-12.00000 15.50000 -26.00000
-11.50000 16.00000 -20.00000
-12.00000 15.50000 -19.00000
-11.50000 16.00000 -19.00000
-12.00000 16.00000 -18.50000
-11.50000 16.00000 -15.00000
-12.00000 16.00000 -15.50000
-11.50000 16.00000 -14.00000
-12.00000 15.50000 -13.00000
-11.50000 16.00000 -13.00000
-12.00000 16.00000 -12.50000
-11.50000 17.00000 -26.00000
-12.00000 17.00000 -26.50000
-11.50000 17.00000 -20.00000
-11.50000 17.00000 -19.00000
-12.00000 16.50000 -18.00000
-11.50000 17.00000 -18.00000
-12.00000 17.00000 -17.50000
-11.50000 17.00000 -15.00000
-12.00000 17.00000 -15.50000
-11.50000 17.00000 -14.00000
-12.00000 17.00000 -12.50000
-12.00000 18.00000 -26.50000
-11.50000 18.00000 -20.00000
-11.50000 18.00000 -19.00000
-11.50000 18.00000 -18.00000
-12.00000 18.00000 -17.50000
-11.50000 18.00000 -15.00000
-12.00000 18.00000 -15.50000
-11.50000 18.00000 -14.00000
-12.00000 18.00000 -12.50000
-12.00000 19.00000 -26.50000
-11.50000 19.00000 -21.00000
-11.50000 19.00000 -20.00000
-11.50000 19.00000 -19.00000
-12.00000 19.00000 -18.50000
-12.00000 18.50000 -18.00000
-11.50000 19.00000 -15.00000
-12.00000 19.00000 -15.50000
-11.50000 19.00000 -13.00000
-12.00000 19.00000 -12.50000
-12.00000 20.00000 -26.50000
-11.50000 20.00000 -21.00000
-11.50000 20.00000 -20.00000
-11.50000 20.00000 -19.00000
-12.00000 20.00000 -18.50000
-11.50000 20.00000 -16.00000
-12.00000 20.00000 -16.50000
-12.00000 19.50000 -16.00000
-11.50000 20.00000 -15.00000
-12.00000 19.50000 -13.00000
-12.00000 20.00000 -13.50000
-12.00000 21.00000 -26.50000
-11.50000 21.00000 -21.00000
-11.50000 21.00000 -20.00000
-12.00000 21.00000 -19.50000
-12.00000 20.50000 -19.00000
-11.50000 21.00000 -17.00000
-12.00000 21.00000 -17.50000
-12.00000 20.50000 -17.00000
-11.50000 21.00000 -16.00000
-11.50000 21.00000 -15.00000
-11.50000 21.00000 -14.00000
-12.00000 21.00000 -13.50000
-12.00000 22.00000 -26.50000
-11.50000 22.00000 -21.00000
-11.50000 22.00000 -20.00000
-12.00000 22.00000 -19.50000
-11.50000 22.00000 -17.00000
-12.00000 22.00000 -17.50000
-11.50000 22.00000 -16.00000
-11.50000 22.00000 -15.00000
-12.00000 22.00000 -14.50000
-12.00000 21.50000 -14.00000
-12.00000 23.00000 -26.50000
-11.50000 23.00000 -21.00000
-11.50000 23.00000 -20.00000
-12.00000 23.00000 -19.50000
-11.50000 23.00000 -17.00000
-12.00000 23.00000 -17.50000
-11.50000 23.00000 -16.00000
-12.00000 23.00000 -15.50000
-12.00000 22.50000 -15.00000
-12.00000 24.00000 -26.50000
-11.50000 24.00000 -21.00000
-11.50000 24.00000 -20.00000
-12.00000 24.00000 -19.50000
-11.50000 24.00000 -18.00000
-12.00000 24.00000 -18.50000
-12.00000 23.50000 -18.00000
-11.50000 24.00000 -17.00000
-11.50000 24.00000 -16.00000
-12.00000 24.00000 -15.50000
-12.00000 25.00000 -26.50000
-11.50000 25.00000 -21.00000
-12.00000 25.00000 -20.50000
-12.00000 24.50000 -20.00000
-11.50000 25.00000 -18.00000
-12.00000 25.00000 -18.50000
-11.50000 25.00000 -17.00000
-12.00000 25.00000 -16.50000
-12.00000 24.50000 -16.00000
-12.00000 26.00000 -26.50000
-11.50000 26.00000 -21.00000
-12.00000 26.00000 -20.50000
-11.50000 26.00000 -18.00000
-12.00000 26.00000 -18.50000
-11.50000 26.00000 -17.00000
-12.00000 26.00000 -16.50000
-12.00000 27.00000 -27.50000
-12.00000 26.50000 -27.00000
-11.50000 27.00000 -21.00000
-12.00000 27.00000 -20.50000
-11.50000 27.00000 -18.00000
-12.00000 27.00000 -18.50000
-11.50000 27.00000 -17.00000
-12.00000 27.00000 -16.50000
-12.00000 28.00000 -27.50000
-11.50000 28.00000 -21.00000
-12.00000 28.00000 -20.50000
-11.50000 28.00000 -19.00000
-12.00000 28.00000 -19.50000
-12.00000 27.50000 -19.00000
-11.50000 28.00000 -18.00000
-11.50000 28.00000 -17.00000
-12.00000 28.00000 -16.50000
-12.00000 29.00000 -27.50000
-11.50000 29.00000 -21.00000
-12.00000 29.00000 -20.50000
-11.50000 29.00000 -19.00000
-12.00000 29.00000 -19.50000
-11.50000 29.00000 -18.00000
-12.00000 29.00000 -17.50000
-12.00000 28.50000 -17.00000
-12.00000 30.00000 -27.50000
-12.00000 30.00000 -20.50000
-11.50000 30.00000 -19.00000
-12.00000 30.00000 -19.50000
-11.50000 30.00000 -18.00000
-12.00000 30.00000 -17.50000
-12.00000 31.00000 -27.50000
-12.00000 30.50000 -20.00000
-11.50000 31.00000 -20.00000
-11.50000 31.00000 -19.00000
-11.50000 31.00000 -18.00000
-12.00000 31.00000 -17.50000
-12.00000 32.00000 -27.50000
-11.50000 32.00000 -21.00000
-11.50000 32.00000 -20.00000
-11.50000 32.00000 -19.00000
-11.50000 32.00000 -18.00000
-12.00000 32.00000 -17.50000
-12.00000 33.00000 -28.50000
-12.00000 32.50000 -28.00000
-11.50000 33.00000 -21.00000
-11.50000 33.00000 -20.00000
-11.50000 33.00000 -19.00000
-11.50000 33.00000 -18.00000
-12.00000 33.00000 -17.50000
-12.00000 34.00000 -28.50000
-11.50000 34.00000 -22.00000
-11.50000 34.00000 -21.00000
-11.50000 34.00000 -20.00000
-11.50000 34.00000 -19.00000
-11.50000 34.00000 -18.00000
-12.00000 34.00000 -17.50000
-12.00000 35.00000 -28.50000
-11.50000 35.00000 -22.00000
-11.50000 35.00000 -21.00000
-11.50000 35.00000 -20.00000
-11.50000 35.00000 -19.00000
-11.50000 35.00000 -18.00000
-12.00000 35.00000 -17.50000
-12.00000 36.00000 -28.50000
-11.50000 36.00000 -22.00000
-11.50000 36.00000 -21.00000
-11.50000 36.00000 -20.00000
-11.50000 36.00000 -19.00000
-12.00000 36.00000 -18.50000
-12.00000 35.50000 -18.00000
-12.00000 37.00000 -28.50000
-11.50000 37.00000 -24.00000
-12.00000 36.50000 -24.00000
-12.00000 37.00000 -24.50000
-12.00000 37.00000 -23.50000
-11.50000 37.00000 -22.00000
-11.50000 37.00000 -21.00000
-11.50000 37.00000 -20.00000
-11.50000 37.00000 -19.00000
-12.00000 37.00000 -18.50000
-12.00000 37.50000 -28.00000
-11.50000 38.00000 -28.00000
-12.00000 38.00000 -27.50000
-11.50000 38.00000 -24.00000
-12.00000 38.00000 -24.50000
-12.00000 38.00000 -23.50000
-11.50000 38.00000 -22.00000
-11.50000 38.00000 -21.00000
-11.50000 38.00000 -20.00000
-11.50000 38.00000 -19.00000
-12.00000 38.00000 -18.50000
-11.50000 39.00000 -28.00000
-12.00000 39.00000 -27.50000
-11.50000 39.00000 -24.00000
-12.00000 39.00000 -24.50000
-12.00000 39.00000 -23.50000
-11.50000 39.00000 -22.00000
-11.50000 39.00000 -21.00000
-11.50000 39.00000 -20.00000
-11.50000 39.00000 -19.00000
-12.00000 39.00000 -18.50000
-11.50000 40.00000 -28.00000
-12.00000 40.00000 -27.50000
-11.50000 40.00000 -24.00000
-12.00000 40.00000 -24.50000
-12.00000 40.00000 -23.50000
-11.50000 40.00000 -22.00000
-11.50000 40.00000 -21.00000
-11.50000 40.00000 -20.00000
-11.50000 40.00000 -19.00000
-12.00000 40.00000 -18.50000
-11.50000 41.00000 -28.00000
-12.00000 41.00000 -27.50000
-11.50000 41.00000 -24.00000
-12.00000 41.00000 -24.50000
-12.00000 41.00000 -23.50000
-11.50000 41.00000 -21.00000
-11.50000 41.00000 -20.00000
-11.50000 41.00000 -19.00000
-12.00000 41.00000 -18.50000
-12.00000 42.00000 -27.50000
-11.50000 42.00000 -24.00000
-12.00000 42.00000 -24.50000
-12.00000 42.00000 -23.50000
-11.50000 42.00000 -21.00000
-11.50000 42.00000 -19.00000
-12.00000 42.00000 -18.50000
-12.00000 43.00000 -27.50000
-11.50000 43.00000 -24.00000
-12.00000 43.00000 -24.50000
-12.00000 42.50000 -23.00000
-11.50000 43.00000 -23.00000
-12.00000 43.00000 -22.50000
-12.00000 43.00000 -19.50000
-11.50000 43.00000 -19.00000
-12.00000 42.50000 -19.00000
-12.00000 44.00000 -27.50000
-11.50000 44.00000 -24.00000
-12.00000 44.00000 -24.50000
-11.50000 44.00000 -23.00000
-12.00000 44.00000 -22.50000
-11.50000 44.00000 -20.00000
-12.00000 43.50000 -20.00000
-12.00000 44.00000 -20.50000
-11.50000 44.00000 -19.00000
-12.00000 45.00000 -27.50000
-12.00000 44.50000 -24.00000
-12.00000 45.00000 -23.50000
-11.50000 45.00000 -23.00000
-12.00000 44.50000 -22.00000
-11.50000 45.00000 -22.00000
-11.50000 45.00000 -21.00000
-12.00000 44.50000 -21.00000
-11.50000 45.00000 -20.00000
-12.00000 45.50000 -27.00000
-11.50000 46.00000 -27.00000
-12.00000 46.00000 -26.50000
-11.50000 46.00000 -23.00000
-12.00000 46.00000 -23.50000
-11.50000 46.00000 -22.00000
-11.50000 46.00000 -21.00000
-11.50000 46.00000 -20.00000
-11.50000 47.00000 -27.00000
-12.00000 47.00000 -26.50000
-11.50000 47.00000 -23.00000
-12.00000 47.00000 -23.50000
-11.50000 47.00000 -22.00000
-11.50000 47.00000 -21.00000
-11.50000 47.00000 -20.00000
-11.50000 48.00000 -27.00000
-12.00000 48.00000 -26.50000
-12.00000 47.50000 -23.00000
-12.00000 48.00000 -22.50000
-11.50000 48.00000 -22.00000
-11.50000 48.00000 -21.00000
-12.00000 49.00000 -26.50000
-12.00000 49.00000 -22.50000
-12.00000 49.50000 -26.00000
-11.50000 50.00000 -26.00000
-12.00000 50.00000 -25.50000
-12.00000 49.50000 -22.00000
-11.50000 50.00000 -22.00000
-12.00000 50.00000 -21.50000
-11.50000 51.00000 -26.00000
-12.00000 51.00000 -25.50000
-11.50000 51.00000 -22.00000
-12.00000 50.50000 -21.00000
-11.50000 51.00000 -21.00000
-12.00000 51.00000 -20.50000
-11.50000 52.00000 -26.00000
-12.00000 52.00000 -25.50000
-11.50000 52.00000 -21.00000
-12.00000 51.50000 -20.00000
-11.50000 52.00000 -20.00000
-12.00000 52.00000 -19.50000
-11.50000 53.00000 -26.00000
-12.00000 53.00000 -25.50000
-11.50000 53.00000 -21.00000
-11.50000 53.00000 -20.00000
-12.00000 53.00000 -19.50000
-12.00000 54.00000 -25.50000
-11.50000 54.00000 -21.00000
-11.50000 54.00000 -20.00000
-12.00000 53.50000 -19.00000
-11.50000 54.00000 -19.00000
-12.00000 54.00000 -18.50000
-12.00000 54.50000 -25.00000
-11.50000 55.00000 -25.00000
-12.00000 55.00000 -24.50000
-11.50000 55.00000 -20.00000
-11.50000 55.00000 -19.00000
-12.00000 54.50000 -18.00000
-11.50000 55.00000 -18.00000
-12.00000 54.50000 -17.00000
-11.50000 55.00000 -17.00000
-12.00000 55.00000 -16.50000
-11.50000 56.00000 -25.00000
-12.00000 56.00000 -24.50000
-12.00000 55.50000 -16.00000
-11.50000 56.00000 -16.00000
-12.00000 56.00000 -15.50000
-11.50000 57.00000 -25.00000
-12.00000 57.00000 -24.50000
-12.00000 56.50000 -15.00000
-11.50000 57.00000 -15.00000
-12.00000 57.00000 -14.50000
-11.50000 58.00000 -24.00000
-12.00000 57.50000 -24.00000
-12.00000 58.00000 -23.50000
-12.00000 58.00000 -14.50000
-11.50000 59.00000 -24.00000
-12.00000 59.00000 -23.50000
-11.50000 59.00000 -15.00000
-12.00000 58.50000 -15.00000
-12.00000 59.00000 -15.50000
-12.00000 60.00000 -23.50000
-11.50000 60.00000 -15.00000
-12.00000 60.00000 -15.50000
-11.50000 60.00000 -14.00000
-12.00000 60.50000 -23.00000
-12.00000 61.00000 -22.50000
-11.50000 61.00000 -15.00000
-12.00000 61.00000 -15.50000
-11.50000 61.00000 -14.00000
-12.00000 61.00000 -14.50000
-12.00000 60.50000 -14.00000
-12.00000 61.00000 -13.50000
-12.00000 61.50000 -22.00000
-12.00000 62.00000 -21.50000
-11.50000 62.00000 -15.00000
-12.00000 61.50000 -15.00000
-12.00000 61.50000 -14.00000
-12.00000 62.00000 -14.50000
-12.00000 62.50000 -21.00000
-11.50000 63.00000 -21.00000
-12.00000 63.00000 -20.50000
-11.50000 63.00000 -16.00000
-12.00000 63.00000 -15.50000
-12.00000 62.50000 -15.00000
-12.00000 64.00000 -20.50000
-11.50000 64.00000 -18.00000
-12.00000 64.00000 -17.50000
-12.00000 63.50000 -17.00000
-12.00000 63.50000 -16.00000
-12.00000 64.50000 -20.00000
-12.00000 65.00000 -19.50000
-12.00000 64.50000 -18.00000
-12.00000 65.00000 -18.50000
-12.00000 65.50000 -19.00000
-12.50000 0.00000 -12.00000
-13.00000 1.00000 -12.50000
-13.00000 0.50000 -12.00000
-13.00000 1.00000 -11.50000
-12.50000 2.00000 -14.00000
-13.00000 2.00000 -13.50000
-13.00000 1.50000 -13.00000
-13.00000 2.00000 -11.50000
-12.50000 3.00000 -15.00000
-13.00000 2.50000 -13.00000
-13.00000 2.50000 -12.00000
-13.00000 4.00000 -16.50000
-13.00000 3.50000 -16.00000
-13.00000 4.00000 -15.50000
-13.00000 4.50000 -16.00000
-12.50000 8.00000 -21.00000
-13.00000 8.00000 -21.50000
-13.00000 7.50000 -21.00000
-13.00000 8.00000 -20.50000
-13.00000 9.00000 -22.50000
-13.00000 8.50000 -22.00000
-12.50000 9.00000 -21.00000
-13.00000 8.50000 -20.00000
-12.50000 9.00000 -20.00000
-13.00000 8.50000 -19.00000
-12.50000 9.00000 -19.00000
-13.00000 8.50000 -18.00000
-12.50000 9.00000 -18.00000
-13.00000 9.00000 -17.50000
-12.50000 9.00000 -14.00000
-12.50000 10.00000 -24.00000
-13.00000 10.00000 -24.50000
-13.00000 9.50000 -24.00000
-13.00000 9.50000 -23.00000
-12.50000 10.00000 -20.00000
-12.50000 10.00000 -19.00000
-12.50000 10.00000 -18.00000
-13.00000 9.50000 -17.00000
-12.50000 10.00000 -17.00000
-13.00000 10.00000 -16.50000
-13.00000 11.00000 -24.50000
-12.50000 11.00000 -19.00000
-12.50000 11.00000 -18.00000
-12.50000 11.00000 -17.00000
-13.00000 10.50000 -16.00000
-13.00000 11.00000 -15.50000
-12.50000 12.00000 -25.00000
-13.00000 12.00000 -25.50000
-13.00000 11.50000 -25.00000
-12.50000 12.00000 -20.00000
-13.00000 12.00000 -19.50000
-13.00000 11.50000 -19.00000
-12.50000 12.00000 -18.00000
-13.00000 12.00000 -18.50000
-12.50000 12.00000 -17.00000
-12.50000 12.00000 -16.00000
-12.50000 11.50000 -15.50000
-13.00000 11.50000 -15.00000
-13.00000 12.00000 -14.50000
-13.00000 13.00000 -25.50000
-12.50000 13.00000 -20.00000
-13.00000 13.00000 -19.50000
-13.00000 12.50000 -18.00000
-13.00000 13.00000 -17.50000
-13.00000 12.50000 -14.00000
-12.50000 13.00000 -14.00000
-13.00000 13.00000 -13.50000
-13.00000 14.00000 -25.50000
-12.50000 14.00000 -20.00000
-13.00000 13.50000 -19.00000
-12.50000 14.00000 -19.00000
-13.00000 14.00000 -18.50000
-12.50000 14.00000 -17.00000
-13.00000 14.00000 -17.50000
-13.00000 14.00000 -13.50000
-12.50000 14.00000 -11.00000
-13.00000 14.00000 -11.50000
-13.00000 13.50000 -11.00000
-13.00000 14.00000 -10.50000
-13.00000 15.00000 -25.50000
-12.50000 15.00000 -19.00000
-13.00000 14.50000 -18.00000
-12.50000 15.00000 -18.00000
-12.50000 15.00000 -17.00000
-12.50000 15.00000 -16.00000
-13.00000 15.00000 -13.50000
-13.00000 14.50000 -11.00000
-12.50000 16.00000 -26.00000
-13.00000 16.00000 -25.50000
-12.50000 16.00000 -18.00000
-12.50000 16.00000 -17.00000
-12.50000 16.00000 -16.00000
-13.00000 15.50000 -13.00000
-13.00000 16.00000 -12.50000
-13.00000 17.00000 -26.50000
-13.00000 16.50000 -26.00000
-12.50000 17.00000 -23.00000
-13.00000 16.50000 -23.00000
-13.00000 17.00000 -23.50000
-13.00000 17.00000 -22.50000
-12.50000 17.00000 -17.00000
-12.50000 17.00000 -16.00000
-13.00000 17.00000 -12.50000
-13.00000 18.00000 -26.50000
-12.50000 18.00000 -23.00000
-13.00000 18.00000 -23.50000
-13.00000 17.50000 -22.00000
-12.50000 18.00000 -22.00000
-13.00000 18.00000 -21.50000
-12.50000 18.00000 -17.00000
-12.50000 18.00000 -16.00000
-13.00000 18.00000 -12.50000
-13.00000 19.00000 -26.50000
-12.50000 19.00000 -23.00000
-13.00000 19.00000 -23.50000
-13.00000 19.00000 -22.50000
-13.00000 18.50000 -22.00000
-12.50000 19.00000 -18.00000
-12.50000 19.00000 -17.00000
-13.00000 19.00000 -16.50000
-13.00000 18.50000 -16.00000
-13.00000 19.00000 -15.50000
-13.00000 19.00000 -12.50000
-13.00000 20.00000 -26.50000
-12.50000 20.00000 -23.00000
-13.00000 20.00000 -23.50000
-13.00000 20.00000 -22.50000
-12.50000 20.00000 -18.00000
-13.00000 20.00000 -17.50000
-13.00000 19.50000 -17.00000
-13.00000 20.00000 -16.50000
-13.00000 19.50000 -16.00000
-13.00000 19.50000 -13.00000
-13.00000 20.00000 -13.50000
-13.00000 21.00000 -26.50000
-12.50000 21.00000 -23.00000
-13.00000 21.00000 -23.50000
-13.00000 21.00000 -22.50000
-12.50000 21.00000 -19.00000
-13.00000 21.00000 -18.50000
-13.00000 20.50000 -18.00000
-12.50000 21.00000 -17.00000
-13.00000 21.00000 -16.50000
-13.00000 21.00000 -13.50000
-13.00000 22.00000 -26.50000
-12.50000 22.00000 -23.00000
-13.00000 22.00000 -23.50000
-13.00000 22.00000 -22.50000
-12.50000 22.00000 -19.00000
-13.00000 22.00000 -18.50000
-13.00000 22.00000 -17.50000
-13.00000 21.50000 -17.00000
-13.00000 21.50000 -14.00000
-13.00000 22.00000 -14.50000
-13.00000 23.00000 -26.50000
-12.50000 23.00000 -24.00000
-13.00000 22.50000 -24.00000
-13.00000 23.00000 -24.50000
-12.50000 23.00000 -23.00000
-13.00000 23.00000 -22.50000
-12.50000 23.00000 -19.00000
-13.00000 23.00000 -18.50000
-13.00000 23.00000 -17.50000
-13.00000 22.50000 -15.00000
-13.00000 23.00000 -15.50000
-13.00000 24.00000 -26.50000
-12.50000 24.00000 -24.00000
-13.00000 24.00000 -24.50000
-12.50000 24.00000 -23.00000
-13.00000 24.00000 -22.50000
-12.50000 24.00000 -19.00000
-13.00000 23.50000 -18.00000
-13.00000 24.00000 -15.50000
-13.00000 25.00000 -26.50000
-12.50000 25.00000 -24.00000
-13.00000 25.00000 -24.50000
-12.50000 25.00000 -23.00000
-13.00000 25.00000 -22.50000
-12.50000 25.00000 -20.00000
-12.50000 25.00000 -19.00000
-12.50000 25.00000 -16.00000
-13.00000 25.00000 -15.50000
-13.00000 26.00000 -26.50000
-12.50000 26.00000 -24.00000
-13.00000 26.00000 -24.50000
-12.50000 26.00000 -23.00000
-13.00000 26.00000 -22.50000
-12.50000 26.00000 -20.00000
-12.50000 26.00000 -19.00000
-13.00000 25.50000 -16.00000
-13.00000 26.00000 -16.50000
-12.50000 27.00000 -27.00000
-13.00000 27.00000 -26.50000
-12.50000 27.00000 -24.00000
-13.00000 27.00000 -24.50000
-12.50000 27.00000 -23.00000
-13.00000 27.00000 -22.50000
-12.50000 27.00000 -20.00000
-12.50000 27.00000 -19.00000
-13.00000 27.00000 -16.50000
-12.50000 28.00000 -27.00000
-13.00000 28.00000 -26.50000
-12.50000 28.00000 -24.00000
-13.00000 28.00000 -24.50000
-12.50000 28.00000 -23.00000
-13.00000 28.00000 -22.50000
-12.50000 28.00000 -20.00000
-13.00000 28.00000 -16.50000
-13.00000 29.00000 -27.50000
-13.00000 28.50000 -27.00000
-12.50000 29.00000 -24.00000
-13.00000 29.00000 -24.50000
-12.50000 29.00000 -23.00000
-13.00000 29.00000 -22.50000
-12.50000 29.00000 -20.00000
-13.00000 28.50000 -17.00000
-13.00000 29.00000 -17.50000
-13.00000 30.00000 -27.50000
-12.50000 30.00000 -24.00000
-13.00000 30.00000 -24.50000
-12.50000 30.00000 -23.00000
-13.00000 30.00000 -22.50000
-12.50000 30.00000 -20.00000
-13.00000 30.00000 -17.50000
-13.00000 31.00000 -27.50000
-12.50000 31.00000 -24.00000
-13.00000 31.00000 -24.50000
-12.50000 31.00000 -23.00000
-13.00000 31.00000 -22.50000
-13.00000 31.00000 -17.50000
-13.00000 32.00000 -27.50000
-12.50000 32.00000 -24.00000
-13.00000 32.00000 -24.50000
-12.50000 32.00000 -23.00000
-13.00000 32.00000 -22.50000
-13.00000 32.00000 -17.50000
-12.50000 33.00000 -28.00000
-13.00000 33.00000 -27.50000
-12.50000 33.00000 -24.00000
-13.00000 33.00000 -24.50000
-12.50000 33.00000 -23.00000
-13.00000 33.00000 -22.50000
-12.50000 33.00000 -18.00000
-13.00000 32.50000 -18.00000
-13.00000 33.00000 -18.50000
-12.50000 34.00000 -28.00000
-13.00000 34.00000 -27.50000
-12.50000 34.00000 -24.00000
-13.00000 34.00000 -24.50000
-12.50000 34.00000 -23.00000
-13.00000 34.00000 -22.50000
-12.50000 34.00000 -18.00000
-13.00000 34.00000 -18.50000
-12.50000 35.00000 -28.00000
-13.00000 35.00000 -27.50000
-12.50000 35.00000 -24.00000
-13.00000 35.00000 -24.50000
-12.50000 35.00000 -23.00000
-13.00000 35.00000 -22.50000
-12.50000 35.00000 -18.00000
-13.00000 35.00000 -18.50000
-12.50000 36.00000 -28.00000
-13.00000 36.00000 -27.50000
-12.50000 36.00000 -24.00000
-13.00000 36.00000 -24.50000
-12.50000 36.00000 -23.00000
-13.00000 36.00000 -22.50000
-13.00000 36.00000 -18.50000
-12.50000 37.00000 -28.00000
-13.00000 37.00000 -27.50000
-13.00000 37.00000 -24.50000
-12.50000 37.00000 -23.00000
-13.00000 37.00000 -22.50000
-13.00000 37.00000 -18.50000
-13.00000 38.00000 -27.50000
-13.00000 37.50000 -24.00000
-12.50000 38.00000 -24.00000
-13.00000 38.00000 -23.50000
-12.50000 38.00000 -23.00000
-13.00000 38.00000 -22.50000
-13.00000 38.00000 -18.50000
-13.00000 39.00000 -27.50000
-12.50000 39.00000 -24.00000
-13.00000 39.00000 -23.50000
-12.50000 39.00000 -23.00000
-13.00000 39.00000 -22.50000
-12.50000 39.00000 -19.00000
-13.00000 38.50000 -19.00000
-13.00000 39.00000 -19.50000
-13.00000 40.00000 -27.50000
-12.50000 40.00000 -24.00000
-13.00000 40.00000 -23.50000
-12.50000 40.00000 -23.00000
-13.00000 40.00000 -22.50000
-12.50000 40.00000 -19.00000
-13.00000 40.00000 -19.50000
-13.00000 40.50000 -27.00000
-12.50000 41.00000 -27.00000
-13.00000 41.00000 -26.50000
-12.50000 41.00000 -24.00000
-12.50000 40.50000 -23.50000
-13.00000 40.50000 -23.00000
-12.50000 41.00000 -20.00000
-13.00000 40.50000 -20.00000
-13.00000 41.00000 -20.50000
-12.50000 41.00000 -19.00000
-12.50000 42.00000 -27.00000
-13.00000 42.00000 -26.50000
-12.50000 42.00000 -24.00000
-12.50000 42.00000 -22.00000
-13.00000 41.50000 -22.00000
-13.00000 42.00000 -22.50000
-12.50000 42.00000 -21.00000
-13.00000 41.50000 -21.00000
-12.50000 42.00000 -20.00000
-12.50000 42.00000 -19.00000
-12.50000 43.00000 -27.00000
-13.00000 43.00000 -26.50000
-12.50000 43.00000 -24.00000
-13.00000 42.50000 -23.00000
-13.00000 43.00000 -23.50000
-12.50000 43.00000 -22.00000
-12.50000 43.00000 -21.00000
-12.50000 43.00000 -20.00000
-12.50000 44.00000 -27.00000
-13.00000 44.00000 -26.50000
-12.50000 44.00000 -24.00000
-13.00000 43.50000 -23.00000
-12.50000 44.00000 -23.00000
-13.00000 44.00000 -22.50000
-12.50000 44.00000 -22.00000
-12.50000 44.00000 -21.00000
-12.50000 45.00000 -27.00000
-13.00000 45.00000 -26.50000
-12.50000 45.00000 -23.00000
-13.00000 45.00000 -22.50000
-12.50000 46.00000 -26.00000
-13.00000 45.50000 -26.00000
-13.00000 46.00000 -25.50000
-12.50000 46.00000 -23.00000
-13.00000 46.00000 -22.50000
-12.50000 47.00000 -26.00000
-13.00000 47.00000 -25.50000
-12.50000 47.00000 -23.00000
-13.00000 47.00000 -22.50000
-12.50000 48.00000 -26.00000
-13.00000 48.00000 -25.50000
-13.00000 47.50000 -22.00000
-12.50000 48.00000 -22.00000
-13.00000 48.00000 -21.50000
-12.50000 49.00000 -26.00000
-13.00000 49.00000 -25.50000
-12.50000 49.00000 -22.00000
-13.00000 48.50000 -21.00000
-12.50000 49.00000 -21.00000
-13.00000 49.00000 -20.50000
-13.00000 50.00000 -25.50000
-12.50000 50.00000 -21.00000
-13.00000 49.50000 -20.00000
-12.50000 50.00000 -20.00000
-13.00000 50.00000 -19.50000
-13.00000 51.00000 -25.50000
-12.50000 51.00000 -20.00000
-13.00000 50.50000 -19.00000
-12.50000 51.00000 -19.00000
-13.00000 51.00000 -18.50000
-13.00000 51.50000 -25.00000
-12.50000 52.00000 -25.00000
-13.00000 52.00000 -24.50000
-12.50000 52.00000 -19.00000
-13.00000 52.00000 -18.50000
-12.50000 53.00000 -25.00000
-13.00000 53.00000 -24.50000
-12.50000 53.00000 -19.00000
-13.00000 52.50000 -18.00000
-12.50000 53.00000 -18.00000
-13.00000 53.00000 -17.50000
-12.50000 54.00000 -25.00000
-13.00000 54.00000 -24.50000
-12.50000 54.00000 -18.00000
-13.00000 53.50000 -17.00000
-12.50000 54.00000 -17.00000
-13.00000 53.50000 -16.00000
-12.50000 54.00000 -16.00000
-13.00000 54.00000 -15.50000
-12.50000 55.00000 -24.00000
-13.00000 54.50000 -24.00000
-13.00000 55.00000 -23.50000
-12.50000 55.00000 -16.00000
-13.00000 54.50000 -15.00000
-12.50000 55.00000 -15.00000
-13.00000 55.00000 -14.50000
-12.50000 56.00000 -24.00000
-13.00000 56.00000 -23.50000
-12.50000 56.00000 -15.00000
-13.00000 56.00000 -14.50000
-12.50000 57.00000 -24.00000
-13.00000 57.00000 -23.50000
-13.00000 57.00000 -14.50000
-13.00000 58.00000 -23.50000
-13.00000 58.00000 -14.50000
-13.00000 58.50000 -23.00000
-12.50000 59.00000 -23.00000
-13.00000 59.00000 -22.50000
-13.00000 58.50000 -15.00000
-13.00000 59.00000 -15.50000
-12.50000 60.00000 -23.00000
-13.00000 60.00000 -22.50000
-13.00000 60.00000 -15.50000
-12.50000 61.00000 -22.00000
-13.00000 60.50000 -22.00000
-13.00000 61.00000 -21.50000
-13.00000 61.00000 -15.50000
-12.50000 61.00000 -14.00000
-13.00000 62.00000 -21.50000
-12.50000 62.00000 -15.00000
-13.00000 62.00000 -15.50000
-13.00000 62.50000 -21.00000
-13.00000 63.00000 -20.50000
-13.00000 63.00000 -15.50000
-13.00000 63.50000 -20.00000
-12.50000 64.00000 -20.00000
-13.00000 64.00000 -19.50000
-12.50000 64.00000 -17.00000
-13.00000 64.00000 -16.50000
-13.00000 63.50000 -16.00000
-12.50000 65.00000 -19.00000
-13.00000 64.50000 -19.00000
-12.50000 65.00000 -18.00000
-13.00000 65.00000 -18.50000
-13.00000 65.00000 -17.50000
-13.00000 64.50000 -17.00000
-13.00000 65.50000 -18.00000
-14.00000 1.00000 -12.50000
-14.00000 0.50000 -12.00000
-14.00000 1.00000 -11.50000
-13.50000 2.00000 -14.00000
-14.00000 2.00000 -14.50000
-14.00000 1.50000 -14.00000
-14.00000 1.50000 -13.00000
-14.00000 2.00000 -11.50000
-14.00000 2.50000 -14.00000
-14.00000 2.50000 -13.00000
-14.00000 2.50000 -12.00000
-13.50000 4.00000 -17.00000
-14.00000 4.00000 -17.50000
-14.00000 3.50000 -17.00000
-14.00000 3.50000 -16.00000
-14.00000 4.00000 -15.50000
-14.00000 4.50000 -17.00000
-14.00000 4.50000 -16.00000
-13.50000 6.00000 -20.00000
-14.00000 6.00000 -20.50000
-14.00000 5.50000 -20.00000
-14.00000 6.00000 -19.50000
-13.50000 7.00000 -20.00000
-14.00000 7.00000 -20.50000
-14.00000 7.00000 -19.50000
-14.00000 8.00000 -21.50000
-14.00000 7.50000 -21.00000
-13.50000 8.00000 -20.00000
-14.00000 7.50000 -19.00000
-13.50000 8.00000 -19.00000
-14.00000 7.50000 -18.00000
-13.50000 8.00000 -18.00000
-14.00000 8.00000 -17.50000
-13.50000 9.00000 -24.00000
-14.00000 9.00000 -24.50000
-14.00000 8.50000 -24.00000
-14.00000 8.50000 -23.00000
-13.50000 9.00000 -23.00000
-14.00000 8.50000 -22.00000
-14.00000 8.50000 -17.00000
-13.50000 9.00000 -17.00000
-14.00000 9.00000 -16.50000
-13.50000 10.00000 -25.00000
-14.00000 10.00000 -25.50000
-14.00000 9.50000 -25.00000
-14.00000 9.50000 -16.00000
-13.50000 10.00000 -16.00000
-14.00000 10.00000 -15.50000
-13.50000 11.00000 -25.00000
-14.00000 11.00000 -25.50000
-14.00000 11.00000 -15.50000
-14.00000 12.00000 -25.50000
-13.50000 12.00000 -19.00000
-14.00000 11.50000 -15.00000
-14.00000 12.00000 -14.50000
-14.00000 13.00000 -25.50000
-13.50000 13.00000 -19.00000
-14.00000 12.50000 -18.00000
-14.00000 13.00000 -18.50000
-14.00000 13.00000 -17.50000
-14.00000 12.50000 -14.00000
-14.00000 13.00000 -13.50000
-14.00000 14.00000 -25.50000
-14.00000 13.50000 -18.00000
-13.50000 14.00000 -18.00000
-14.00000 14.00000 -13.50000
-13.50000 14.00000 -11.00000
-14.00000 15.00000 -25.50000
-14.00000 15.00000 -13.50000
-14.00000 16.00000 -25.50000
-13.50000 16.00000 -23.00000
-14.00000 15.50000 -23.00000
-14.00000 16.00000 -23.50000
-13.50000 16.00000 -22.00000
-14.00000 15.50000 -22.00000
-14.00000 16.00000 -21.50000
-13.50000 16.00000 -13.00000
-14.00000 16.00000 -13.50000
-13.50000 17.00000 -26.00000
-14.00000 17.00000 -25.50000
-14.00000 17.00000 -23.50000
-13.50000 17.00000 -22.00000
-14.00000 16.50000 -21.00000
-13.50000 17.00000 -21.00000
-14.00000 17.00000 -20.50000
-13.50000 17.00000 -13.00000
-14.00000 17.00000 -13.50000
-14.00000 18.00000 -26.50000
-14.00000 17.50000 -26.00000
-14.00000 18.00000 -23.50000
-13.50000 18.00000 -21.00000
-14.00000 18.00000 -20.50000
-13.50000 18.00000 -13.00000
-14.00000 18.00000 -13.50000
-14.00000 19.00000 -26.50000
-14.00000 19.00000 -23.50000
-13.50000 19.00000 -22.00000
-13.50000 19.00000 -21.00000
-14.00000 19.00000 -20.50000
-13.50000 19.00000 -16.00000
-13.50000 19.00000 -13.00000
-14.00000 19.00000 -13.50000
-14.00000 20.00000 -26.50000
-14.00000 20.00000 -23.50000
-13.50000 20.00000 -22.00000
-13.50000 20.00000 -21.00000
-14.00000 20.00000 -20.50000
-13.50000 20.00000 -17.00000
-14.00000 20.00000 -13.50000
-14.00000 21.00000 -26.50000
-14.00000 21.00000 -23.50000
-13.50000 21.00000 -22.00000
-13.50000 21.00000 -21.00000
-14.00000 21.00000 -20.50000
-13.50000 21.00000 -18.00000
-13.50000 21.00000 -17.00000
-13.50000 21.00000 -14.00000
-14.00000 20.50000 -14.00000
-14.00000 21.00000 -14.50000
-14.00000 22.00000 -26.50000
-14.00000 22.00000 -23.50000
-13.50000 22.00000 -22.00000
-14.00000 22.00000 -21.50000
-14.00000 21.50000 -21.00000
-13.50000 22.00000 -18.00000
-14.00000 22.00000 -14.50000
-14.00000 23.00000 -26.50000
-14.00000 22.50000 -24.00000
-14.00000 23.00000 -24.50000
-13.50000 23.00000 -22.00000
-14.00000 23.00000 -21.50000
-13.50000 23.00000 -18.00000
-14.00000 22.50000 -15.00000
-14.00000 23.00000 -15.50000
-14.00000 24.00000 -26.50000
-14.00000 24.00000 -24.50000
-13.50000 24.00000 -22.00000
-14.00000 24.00000 -21.50000
-14.00000 24.00000 -15.50000
-14.00000 25.00000 -26.50000
-14.00000 25.00000 -24.50000
-13.50000 25.00000 -22.00000
-14.00000 25.00000 -21.50000
-13.50000 25.00000 -16.00000
-14.00000 24.50000 -16.00000
-14.00000 25.00000 -16.50000
-14.00000 26.00000 -26.50000
-14.00000 26.00000 -24.50000
-13.50000 26.00000 -22.00000
-14.00000 26.00000 -21.50000
-14.00000 26.00000 -16.50000
-14.00000 27.00000 -26.50000
-14.00000 27.00000 -24.50000
-13.50000 27.00000 -22.00000
-14.00000 27.00000 -21.50000
-14.00000 27.00000 -16.50000
-14.00000 28.00000 -26.50000
-14.00000 28.00000 -24.50000
-13.50000 28.00000 -22.00000
-14.00000 28.00000 -21.50000
-13.50000 28.00000 -17.00000
-14.00000 27.50000 -17.00000
-14.00000 28.00000 -17.50000
-13.50000 29.00000 -27.00000
-14.00000 29.00000 -26.50000
-14.00000 29.00000 -24.50000
-13.50000 29.00000 -22.00000
-14.00000 29.00000 -21.50000
-14.00000 29.00000 -17.50000
-13.50000 30.00000 -27.00000
-14.00000 30.00000 -26.50000
-14.00000 29.50000 -24.00000
-13.50000 30.00000 -24.00000
-14.00000 30.00000 -23.50000
-13.50000 30.00000 -22.00000
-14.00000 30.00000 -21.50000
-13.50000 30.00000 -18.00000
-14.00000 29.50000 -18.00000
-14.00000 30.00000 -18.50000
-13.50000 31.00000 -27.00000
-14.00000 31.00000 -26.50000
-13.50000 31.00000 -24.00000
-14.00000 31.00000 -23.50000
-13.50000 31.00000 -22.00000
-14.00000 31.00000 -21.50000
-13.50000 31.00000 -18.00000
-14.00000 31.00000 -18.50000
-14.00000 32.00000 -27.50000
-14.00000 31.50000 -27.00000
-13.50000 32.00000 -24.00000
-14.00000 32.00000 -23.50000
-13.50000 32.00000 -22.00000
-14.00000 32.00000 -21.50000
-13.50000 32.00000 -18.00000
-14.00000 32.00000 -18.50000
-14.00000 33.00000 -27.50000
-14.00000 32.50000 -24.00000
-14.00000 33.00000 -24.50000
-13.50000 33.00000 -22.00000
-14.00000 33.00000 -21.50000
-14.00000 33.00000 -18.50000
-14.00000 34.00000 -27.50000
-14.00000 34.00000 -24.50000
-13.50000 34.00000 -22.00000
-14.00000 34.00000 -21.50000
-13.50000 34.00000 -19.00000
-14.00000 33.50000 -19.00000
-14.00000 34.00000 -19.50000
-14.00000 35.00000 -27.50000
-14.00000 35.00000 -24.50000
-13.50000 35.00000 -22.00000
-14.00000 34.50000 -21.00000
-13.50000 35.00000 -21.00000
-14.00000 35.00000 -20.50000
-13.50000 35.00000 -19.00000
-14.00000 35.00000 -19.50000
-14.00000 36.00000 -27.50000
-14.00000 35.50000 -24.00000
-13.50000 36.00000 -24.00000
-14.00000 36.00000 -23.50000
-13.50000 36.00000 -22.00000
-13.50000 36.00000 -21.00000
-14.00000 35.50000 -20.00000
-13.50000 36.00000 -20.00000
-13.50000 36.00000 -19.00000
-14.00000 36.50000 -27.00000
-13.50000 37.00000 -27.00000
-14.00000 37.00000 -26.50000
-13.50000 37.00000 -24.00000
-14.00000 37.00000 -23.50000
-13.50000 37.00000 -22.00000
-13.50000 37.00000 -21.00000
-13.50000 37.00000 -20.00000
-13.50000 37.00000 -19.00000
-13.50000 38.00000 -27.00000
-14.00000 38.00000 -26.50000
-14.00000 38.00000 -23.50000
-13.50000 38.00000 -22.00000
-13.50000 38.00000 -21.00000
-13.50000 38.00000 -20.00000
-13.50000 38.00000 -19.00000
-13.50000 39.00000 -27.00000
-14.00000 39.00000 -26.50000
-14.00000 39.00000 -23.50000
-13.50000 39.00000 -22.00000
-13.50000 39.00000 -21.00000
-13.50000 39.00000 -20.00000
-13.50000 40.00000 -27.00000
-14.00000 40.00000 -26.50000
-14.00000 39.50000 -23.00000
-13.50000 40.00000 -23.00000
-14.00000 40.00000 -22.50000
-13.50000 40.00000 -22.00000
-13.50000 40.00000 -21.00000
-13.50000 40.00000 -20.00000
-14.00000 41.00000 -26.50000
-14.00000 41.00000 -22.50000
-13.50000 40.50000 -22.50000
-13.50000 41.00000 -22.00000
-13.50000 41.00000 -21.00000
-14.00000 41.50000 -26.00000
-13.50000 42.00000 -26.00000
-14.00000 42.00000 -25.50000
-14.00000 42.00000 -22.50000
-13.50000 43.00000 -26.00000
-14.00000 43.00000 -25.50000
-13.50000 43.00000 -23.00000
-14.00000 43.00000 -22.50000
-13.50000 44.00000 -26.00000
-14.00000 44.00000 -25.50000
-14.00000 43.50000 -22.00000
-13.50000 44.00000 -22.00000
-14.00000 44.00000 -21.50000
-13.50000 45.00000 -26.00000
-14.00000 45.00000 -25.50000
-13.50000 45.00000 -22.00000
-14.00000 45.00000 -21.50000
-14.00000 46.00000 -25.50000
-13.50000 46.00000 -22.00000
-14.00000 45.50000 -21.00000
-13.50000 46.00000 -21.00000
-14.00000 46.00000 -20.50000
-14.00000 46.50000 -25.00000
-13.50000 47.00000 -25.00000
-14.00000 47.00000 -24.50000
-13.50000 47.00000 -22.00000
-13.50000 47.00000 -21.00000
-14.00000 46.50000 -20.00000
-13.50000 47.00000 -20.00000
-14.00000 46.50000 -19.00000
-13.50000 47.00000 -19.00000
-14.00000 47.00000 -18.50000
-13.50000 48.00000 -25.00000
-14.00000 48.00000 -24.50000
-13.50000 48.00000 -21.00000
-13.50000 48.00000 -20.00000
-13.50000 48.00000 -19.00000
-14.00000 48.00000 -18.50000
-13.50000 49.00000 -25.00000
-14.00000 49.00000 -24.50000
-13.50000 49.00000 -20.00000
-13.50000 49.00000 -19.00000
-14.00000 49.00000 -18.50000
-13.50000 50.00000 -25.00000
-14.00000 50.00000 -24.50000
-13.50000 50.00000 -19.00000
-14.00000 50.00000 -18.50000
-13.50000 51.00000 -25.00000
-14.00000 50.50000 -24.00000
-13.50000 51.00000 -24.00000
-14.00000 51.00000 -23.50000
-14.00000 50.50000 -18.00000
-13.50000 51.00000 -18.00000
-14.00000 51.00000 -17.50000
-13.50000 52.00000 -24.00000
-14.00000 52.00000 -23.50000
-13.50000 52.00000 -18.00000
-14.00000 51.50000 -17.00000
-13.50000 52.00000 -17.00000
-14.00000 52.00000 -16.50000
-13.50000 53.00000 -24.00000
-14.00000 53.00000 -23.50000
-13.50000 53.00000 -17.00000
-14.00000 52.50000 -16.00000
-13.50000 53.00000 -16.00000
-14.00000 52.50000 -15.00000
-13.50000 53.00000 -15.00000
-14.00000 53.00000 -14.50000
-13.50000 54.00000 -24.00000
-14.00000 54.00000 -23.50000
-13.50000 54.00000 -15.00000
-14.00000 54.00000 -14.50000
-13.50000 55.00000 -23.00000
-14.00000 54.50000 -23.00000
-14.00000 55.00000 -22.50000
-14.00000 54.50000 -14.00000
-13.50000 55.00000 -14.00000
-14.00000 55.00000 -13.50000
-13.50000 56.00000 -23.00000
-14.00000 56.00000 -22.50000
-13.50000 56.00000 -14.00000
-14.00000 56.00000 -13.50000
-13.50000 57.00000 -23.00000
-14.00000 57.00000 -22.50000
-13.50000 57.00000 -14.00000
-14.00000 57.00000 -13.50000
-13.50000 58.00000 -23.00000
-14.00000 58.00000 -22.50000
-14.00000 57.50000 -14.00000
-14.00000 58.00000 -14.50000
-13.50000 59.00000 -22.00000
-14.00000 58.50000 -22.00000
-14.00000 59.00000 -21.50000
-13.50000 59.00000 -15.00000
-14.00000 59.00000 -14.50000
-13.50000 60.00000 -22.00000
-14.00000 60.00000 -21.50000
-14.00000 59.50000 -15.00000
-14.00000 60.00000 -15.50000
-13.50000 61.00000 -21.00000
-14.00000 60.50000 -21.00000
-14.00000 61.00000 -20.50000
-14.00000 61.00000 -15.50000
-13.50000 62.00000 -21.00000
-14.00000 62.00000 -20.50000
-14.00000 62.00000 -15.50000
-14.00000 63.00000 -20.50000
-13.50000 63.00000 -16.00000
-14.00000 62.50000 -16.00000
-14.00000 63.00000 -16.50000
-14.00000 63.50000 -20.00000
-14.00000 64.00000 -19.50000
-13.50000 64.00000 -17.00000
-14.00000 63.50000 -17.00000
-14.00000 64.00000 -17.50000
-14.00000 64.50000 -19.00000
-14.00000 65.00000 -18.50000
-14.00000 65.00000 -17.50000
-14.00000 65.50000 -18.00000
-15.00000 1.00000 -12.50000
-15.00000 0.50000 -12.00000
-15.00000 1.00000 -11.50000
-15.00000 2.00000 -14.50000
-15.00000 1.50000 -14.00000
-15.00000 1.50000 -13.00000
-15.00000 1.50000 -11.00000
-14.50000 2.00000 -11.00000
-15.00000 2.00000 -10.50000
-14.50000 3.00000 -15.00000
-15.00000 3.00000 -15.50000
-15.00000 2.50000 -15.00000
-15.00000 2.50000 -14.00000
-15.00000 3.00000 -14.50000
-15.00000 2.50000 -13.00000
-15.00000 2.50000 -12.00000
-15.00000 2.50000 -11.00000
-15.00000 4.00000 -17.50000
-15.00000 3.50000 -17.00000
-15.00000 3.50000 -16.00000
-15.00000 3.50000 -15.00000
-15.00000 4.00000 -15.50000
-14.50000 5.00000 -19.00000
-15.00000 5.00000 -19.50000
-15.00000 4.50000 -19.00000
-15.00000 4.50000 -18.00000
-14.50000 5.00000 -18.00000
-15.00000 4.50000 -17.00000
-15.00000 5.00000 -17.50000
-14.50000 5.00000 -16.00000
-15.00000 5.00000 -16.50000
-15.00000 5.00000 -15.50000
-15.00000 6.00000 -20.50000
-15.00000 5.50000 -20.00000
-14.50000 6.00000 -19.00000
-15.00000 6.00000 -18.50000
-15.00000 5.50000 -18.00000
-15.00000 5.50000 -16.00000
-14.50000 7.00000 -21.00000
-15.00000 7.00000 -21.50000
-15.00000 6.50000 -21.00000
-14.50000 7.00000 -19.00000
-15.00000 6.50000 -18.00000
-14.50000 7.00000 -18.00000
-15.00000 6.50000 -17.00000
-14.50000 7.00000 -17.00000
-15.00000 7.00000 -16.50000
-14.50000 8.00000 -23.00000
-15.00000 8.00000 -23.50000
-15.00000 7.50000 -23.00000
-15.00000 7.50000 -22.00000
-14.50000 8.00000 -22.00000
-14.50000 8.00000 -17.00000
-15.00000 8.00000 -16.50000
-14.50000 9.00000 -25.00000
-15.00000 9.00000 -25.50000
-15.00000 8.50000 -25.00000
-15.00000 8.50000 -24.00000
-15.00000 9.00000 -16.50000
-15.00000 10.00000 -25.50000
-15.00000 9.50000 -16.00000
-15.00000 10.00000 -15.50000
-15.00000 11.00000 -25.50000
-15.00000 10.50000 -15.00000
-14.50000 11.00000 -15.00000
-15.00000 11.00000 -14.50000
-15.00000 12.00000 -25.50000
-15.00000 12.00000 -14.50000
-15.00000 13.00000 -25.50000
-14.50000 13.00000 -18.00000
-15.00000 12.50000 -14.00000
-15.00000 13.00000 -13.50000
-15.00000 14.00000 -25.50000
-14.50000 14.00000 -22.00000
-15.00000 13.50000 -22.00000
-15.00000 14.00000 -22.50000
-15.00000 14.00000 -21.50000
-15.00000 14.00000 -13.50000
-15.00000 15.00000 -25.50000
-14.50000 15.00000 -22.00000
-15.00000 15.00000 -22.50000
-15.00000 14.50000 -21.00000
-14.50000 15.00000 -21.00000
-15.00000 15.00000 -20.50000
-15.00000 15.00000 -13.50000
-15.00000 16.00000 -25.50000
-14.50000 16.00000 -23.00000
-15.00000 16.00000 -22.50000
-14.50000 16.00000 -21.00000
-15.00000 15.50000 -20.00000
-14.50000 16.00000 -20.00000
-15.00000 16.00000 -19.50000
-15.00000 16.00000 -13.50000
-15.00000 17.00000 -25.50000
-14.50000 17.00000 -23.00000
-15.00000 17.00000 -22.50000
-14.50000 17.00000 -20.00000
-15.00000 16.50000 -19.00000
-14.50000 17.00000 -19.00000
-15.00000 17.00000 -18.50000
-14.50000 17.00000 -14.00000
-15.00000 16.50000 -14.00000
-15.00000 17.00000 -14.50000
-14.50000 18.00000 -26.00000
-15.00000 18.00000 -25.50000
-14.50000 18.00000 -23.00000
-15.00000 18.00000 -22.50000
-14.50000 18.00000 -20.00000
-14.50000 18.00000 -19.00000
-15.00000 17.50000 -18.00000
-14.50000 18.00000 -18.00000
-15.00000 18.00000 -17.50000
-14.50000 18.00000 -14.00000
-15.00000 18.00000 -14.50000
-14.50000 19.00000 -26.00000
-15.00000 19.00000 -25.50000
-14.50000 19.00000 -23.00000
-15.00000 19.00000 -22.50000
-14.50000 19.00000 -20.00000
-14.50000 19.00000 -19.00000
-15.00000 19.00000 -18.50000
-15.00000 18.50000 -18.00000
-14.50000 19.00000 -14.00000
-15.00000 19.00000 -14.50000
-14.50000 20.00000 -26.00000
-15.00000 20.00000 -25.50000
-14.50000 20.00000 -23.00000
-15.00000 20.00000 -22.50000
-14.50000 20.00000 -20.00000
-14.50000 20.00000 -19.00000
-15.00000 20.00000 -18.50000
-14.50000 20.00000 -14.00000
-15.00000 20.00000 -14.50000
-15.00000 21.00000 -26.50000
-15.00000 20.50000 -26.00000
-15.00000 20.50000 -23.00000
-15.00000 21.00000 -23.50000
-14.50000 21.00000 -20.00000
-15.00000 21.00000 -19.50000
-15.00000 20.50000 -19.00000
-14.50000 21.00000 -15.00000
-15.00000 20.50000 -15.00000
-15.00000 21.00000 -15.50000
-15.00000 22.00000 -26.50000
-15.00000 22.00000 -23.50000
-14.50000 22.00000 -21.00000
-14.50000 22.00000 -20.00000
-15.00000 22.00000 -19.50000
-14.50000 22.00000 -15.00000
-15.00000 22.00000 -15.50000
-15.00000 23.00000 -26.50000
-14.50000 23.00000 -24.00000
-15.00000 23.00000 -23.50000
-14.50000 23.00000 -21.00000
-14.50000 23.00000 -20.00000
-15.00000 23.00000 -19.50000
-14.50000 23.00000 -16.00000
-15.00000 22.50000 -16.00000
-15.00000 23.00000 -16.50000
-15.00000 24.00000 -26.50000
-14.50000 24.00000 -24.00000
-15.00000 24.00000 -23.50000
-14.50000 24.00000 -21.00000
-15.00000 24.00000 -20.50000
-15.00000 23.50000 -20.00000
-14.50000 24.00000 -16.00000
-15.00000 24.00000 -16.50000
-15.00000 25.00000 -26.50000
-14.50000 25.00000 -24.00000
-15.00000 25.00000 -23.50000
-14.50000 25.00000 -21.00000
-15.00000 25.00000 -20.50000
-14.50000 25.00000 -17.00000
-15.00000 24.50000 -17.00000
-15.00000 25.00000 -17.50000
-15.00000 26.00000 -26.50000
-14.50000 26.00000 -24.00000
-15.00000 26.00000 -23.50000
-14.50000 26.00000 -21.00000
-15.00000 26.00000 -20.50000
-14.50000 26.00000 -17.00000
-15.00000 26.00000 -17.50000
-15.00000 27.00000 -26.50000
-14.50000 27.00000 -24.00000
-15.00000 27.00000 -23.50000
-14.50000 27.00000 -21.00000
-15.00000 27.00000 -20.50000
-14.50000 27.00000 -18.00000
-15.00000 26.50000 -18.00000
-15.00000 27.00000 -18.50000
-14.50000 27.00000 -17.00000
-15.00000 28.00000 -26.50000
-14.50000 28.00000 -24.00000
-15.00000 28.00000 -23.50000
-14.50000 28.00000 -21.00000
-15.00000 27.50000 -20.00000
-14.50000 28.00000 -20.00000
-15.00000 28.00000 -19.50000
-14.50000 28.00000 -18.00000
-15.00000 28.00000 -18.50000
-15.00000 29.00000 -26.50000
-14.50000 29.00000 -24.00000
-15.00000 29.00000 -23.50000
-14.50000 29.00000 -21.00000
-14.50000 29.00000 -20.00000
-15.00000 28.50000 -19.00000
-14.50000 29.00000 -19.00000
-14.50000 29.00000 -18.00000
-15.00000 30.00000 -26.50000
-15.00000 30.00000 -23.50000
-14.50000 30.00000 -21.00000
-14.50000 30.00000 -20.00000
-14.50000 30.00000 -19.00000
-15.00000 31.00000 -26.50000
-15.00000 31.00000 -23.50000
-14.50000 31.00000 -21.00000
-14.50000 31.00000 -20.00000
-14.50000 31.00000 -19.00000
-14.50000 32.00000 -27.00000
-15.00000 32.00000 -26.50000
-15.00000 32.00000 -23.50000
-14.50000 32.00000 -21.00000
-14.50000 32.00000 -20.00000
-14.50000 32.00000 -19.00000
-14.50000 33.00000 -27.00000
-15.00000 33.00000 -26.50000
-14.50000 33.00000 -24.00000
-15.00000 33.00000 -23.50000
-14.50000 33.00000 -21.00000
-14.50000 33.00000 -20.00000
-14.50000 33.00000 -19.00000
-14.50000 34.00000 -27.00000
-15.00000 34.00000 -26.50000
-14.50000 34.00000 -24.00000
-15.00000 34.00000 -23.50000
-14.50000 34.00000 -21.00000
-14.50000 34.00000 -20.00000
-14.50000 35.00000 -27.00000
-15.00000 35.00000 -26.50000
-14.50000 35.00000 -24.00000
-15.00000 35.00000 -23.50000
-14.50000 35.00000 -20.00000
-14.50000 36.00000 -27.00000
-15.00000 36.00000 -26.50000
-15.00000 36.00000 -23.50000
-15.00000 37.00000 -26.50000
-15.00000 36.50000 -23.00000
-14.50000 37.00000 -23.00000
-15.00000 37.00000 -22.50000
-15.00000 37.50000 -26.00000
-14.50000 38.00000 -26.00000
-15.00000 38.00000 -25.50000
-14.50000 38.00000 -23.00000
-15.00000 38.00000 -22.50000
-14.50000 39.00000 -26.00000
-15.00000 39.00000 -25.50000
-14.50000 39.00000 -23.00000
-15.00000 39.00000 -22.50000
-14.50000 40.00000 -26.00000
-15.00000 40.00000 -25.50000
-15.00000 40.00000 -22.50000
-14.50000 41.00000 -26.00000
-15.00000 41.00000 -25.50000
-15.00000 40.50000 -22.00000
-14.50000 41.00000 -22.00000
-15.00000 41.00000 -21.50000
-15.00000 42.00000 -25.50000
-14.50000 42.00000 -22.00000
-15.00000 41.50000 -21.00000
-14.50000 42.00000 -21.00000
-15.00000 42.00000 -20.50000
-15.00000 42.50000 -25.00000
-14.50000 43.00000 -25.00000
-15.00000 43.00000 -24.50000
-14.50000 43.00000 -22.00000
-14.50000 43.00000 -21.00000
-15.00000 43.00000 -20.50000
-14.50000 44.00000 -25.00000
-15.00000 44.00000 -24.50000
-14.50000 44.00000 -21.00000
-15.00000 43.50000 -20.00000
-14.50000 44.00000 -20.00000
-15.00000 43.50000 -19.00000
-14.50000 44.00000 -19.00000
-15.00000 43.50000 -18.00000
-14.50000 44.00000 -18.00000
-15.00000 43.50000 -17.00000
-14.50000 44.00000 -17.00000
-15.00000 44.00000 -16.50000
-14.50000 45.00000 -25.00000
-15.00000 45.00000 -24.50000
-14.50000 45.00000 -21.00000
-14.50000 45.00000 -20.00000
-14.50000 45.00000 -19.00000
-14.50000 45.00000 -18.00000
-14.50000 45.00000 -17.00000
-15.00000 45.00000 -16.50000
-14.50000 46.00000 -25.00000
-15.00000 46.00000 -24.50000
-14.50000 46.00000 -20.00000
-14.50000 46.00000 -19.00000
-14.50000 46.00000 -18.00000
-14.50000 46.00000 -17.00000
-15.00000 46.00000 -16.50000
-14.50000 47.00000 -24.00000
-15.00000 46.50000 -24.00000
-15.00000 47.00000 -23.50000
-14.50000 47.00000 -18.00000
-14.50000 47.00000 -17.00000
-15.00000 47.00000 -16.50000
-14.50000 48.00000 -24.00000
-15.00000 48.00000 -23.50000
-14.50000 48.00000 -18.00000
-15.00000 48.00000 -17.50000
-15.00000 47.50000 -17.00000
-14.50000 49.00000 -24.00000
-15.00000 49.00000 -23.50000
-14.50000 49.00000 -18.00000
-15.00000 49.00000 -17.50000
-14.50000 50.00000 -24.00000
-15.00000 50.00000 -23.50000
-14.50000 50.00000 -18.00000
-15.00000 50.00000 -17.50000
-15.00000 51.00000 -23.50000
-15.00000 50.50000 -17.00000
-14.50000 51.00000 -17.00000
-15.00000 50.50000 -16.00000
-14.50000 51.00000 -16.00000
-15.00000 51.00000 -15.50000
-15.00000 51.50000 -23.00000
-14.50000 52.00000 -23.00000
-15.00000 52.00000 -22.50000
-14.50000 52.00000 -16.00000
-15.00000 51.50000 -15.00000
-14.50000 52.00000 -15.00000
-15.00000 52.00000 -14.50000
-14.50000 53.00000 -23.00000
-15.00000 53.00000 -22.50000
-15.00000 52.50000 -14.00000
-14.50000 53.00000 -14.00000
-15.00000 53.00000 -13.50000
-14.50000 54.00000 -23.00000
-15.00000 54.00000 -22.50000
-14.50000 54.00000 -14.00000
-15.00000 54.00000 -13.50000
-14.50000 55.00000 -22.00000
-15.00000 54.50000 -22.00000
-15.00000 55.00000 -21.50000
-15.00000 55.00000 -13.50000
-14.50000 56.00000 -22.00000
-15.00000 56.00000 -21.50000
-15.00000 56.00000 -13.50000
-14.50000 57.00000 -22.00000
-15.00000 57.00000 -21.50000
-15.00000 56.50000 -13.00000
-14.50000 57.00000 -13.00000
-15.00000 57.00000 -12.50000
-14.50000 58.00000 -22.00000
-15.00000 58.00000 -21.50000
-14.50000 58.00000 -14.00000
-15.00000 58.00000 -13.50000
-15.00000 57.50000 -13.00000
-14.50000 59.00000 -21.00000
-15.00000 58.50000 -21.00000
-15.00000 59.00000 -20.50000
-14.50000 59.00000 -14.00000
-15.00000 59.00000 -13.50000
-14.50000 60.00000 -21.00000
-15.00000 60.00000 -20.50000
-14.50000 60.00000 -15.00000
-15.00000 60.00000 -14.50000
-15.00000 59.50000 -14.00000
-15.00000 61.00000 -20.50000
-14.50000 61.00000 -16.00000
-15.00000 60.50000 -16.00000
-15.00000 61.00000 -16.50000
-15.00000 60.50000 -15.00000
-15.00000 61.50000 -20.00000
-14.50000 62.00000 -20.00000
-15.00000 62.00000 -19.50000
-14.50000 62.00000 -16.00000
-15.00000 62.00000 -16.50000
-14.50000 63.00000 -20.00000
-15.00000 63.00000 -19.50000
-14.50000 63.00000 -17.00000
-15.00000 62.50000 -17.00000
-15.00000 63.00000 -17.50000
-14.50000 64.00000 -19.00000
-15.00000 63.50000 -19.00000
-15.00000 64.00000 -18.50000
-15.00000 64.00000 -17.50000
-14.50000 65.00000 -18.00000
-15.00000 64.50000 -18.00000
-16.00000 1.00000 -12.50000
-16.00000 0.50000 -12.00000
-16.00000 1.00000 -11.50000
-16.00000 2.00000 -14.50000
-16.00000 1.50000 -14.00000
-16.00000 1.50000 -13.00000
-15.50000 2.00000 -11.00000
-16.00000 2.00000 -11.50000
-15.50000 3.00000 -16.00000
-16.00000 3.00000 -16.50000
-16.00000 2.50000 -16.00000
-16.00000 2.50000 -15.00000
-16.00000 2.50000 -14.00000
-16.00000 3.00000 -14.50000
-16.00000 2.50000 -13.00000
-16.00000 2.50000 -12.00000
-16.00000 4.00000 -17.50000
-16.00000 3.50000 -17.00000
-15.50000 3.50000 -15.50000
-16.00000 4.00000 -15.50000
-16.00000 3.50000 -15.00000
-16.00000 5.00000 -19.50000
-16.00000 4.50000 -19.00000
-16.00000 4.50000 -18.00000
-15.50000 4.50000 -17.50000
-15.50000 5.00000 -17.00000
-16.00000 5.00000 -15.50000
-16.00000 6.00000 -20.50000
-16.00000 5.50000 -20.00000
-15.50000 6.00000 -18.00000
-15.50000 6.00000 -17.00000
-15.50000 6.00000 -16.00000
-16.00000 6.00000 -15.50000
-15.50000 7.00000 -22.00000
-16.00000 7.00000 -22.50000
-16.00000 6.50000 -22.00000
-16.00000 6.50000 -21.00000
-16.00000 6.50000 -16.00000
-16.00000 7.00000 -16.50000
-15.50000 8.00000 -24.00000
-16.00000 8.00000 -24.50000
-16.00000 7.50000 -24.00000
-16.00000 7.50000 -23.00000
-16.00000 8.00000 -16.50000
-16.00000 9.00000 -25.50000
-16.00000 8.50000 -25.00000
-16.00000 8.50000 -16.00000
-15.50000 9.00000 -16.00000
-16.00000 9.00000 -15.50000
-15.50000 10.00000 -26.00000
-16.00000 10.00000 -26.50000
-16.00000 9.50000 -26.00000
-16.00000 10.00000 -15.50000
-15.50000 11.00000 -26.00000
-16.00000 11.00000 -26.50000
-16.00000 10.50000 -15.00000
-16.00000 11.00000 -14.50000
-15.50000 12.00000 -26.00000
-16.00000 12.00000 -26.50000
-16.00000 12.00000 -14.50000
-16.00000 12.50000 -26.00000
-16.00000 13.00000 -25.50000
-15.50000 13.00000 -22.00000
-16.00000 12.50000 -22.00000
-16.00000 13.00000 -22.50000
-16.00000 13.00000 -21.50000
-15.50000 13.00000 -14.00000
-16.00000 13.00000 -14.50000
-16.00000 14.00000 -25.50000
-16.00000 14.00000 -22.50000
-15.50000 14.00000 -21.00000
-16.00000 13.50000 -21.00000
-16.00000 14.00000 -20.50000
-15.50000 14.00000 -14.00000
-16.00000 14.00000 -14.50000
-16.00000 15.00000 -25.50000
-16.00000 15.00000 -22.50000
-15.50000 15.00000 -20.00000
-16.00000 14.50000 -20.00000
-16.00000 15.00000 -19.50000
-15.50000 15.00000 -14.00000
-16.00000 15.00000 -14.50000
-16.00000 16.00000 -25.50000
-16.00000 16.00000 -22.50000
-15.50000 16.00000 -19.00000
-16.00000 15.50000 -19.00000
-16.00000 16.00000 -18.50000
-15.50000 16.00000 -15.00000
-16.00000 15.50000 -15.00000
-16.00000 16.00000 -15.50000
-15.50000 16.00000 -14.00000
-16.00000 17.00000 -25.50000
-16.00000 17.00000 -22.50000
-15.50000 17.00000 -18.00000
-16.00000 16.50000 -18.00000
-15.50000 17.00000 -17.00000
-16.00000 16.50000 -17.00000
-15.50000 17.00000 -16.00000
-16.00000 16.50000 -16.00000
-15.50000 17.00000 -15.00000
-16.00000 18.00000 -25.50000
-16.00000 18.00000 -22.50000
-15.50000 18.00000 -17.00000
-15.50000 18.00000 -16.00000
-15.50000 18.00000 -15.00000
-16.00000 19.00000 -25.50000
-16.00000 19.00000 -22.50000
-15.50000 19.00000 -18.00000
-15.50000 19.00000 -17.00000
-15.50000 19.00000 -16.00000
-15.50000 19.00000 -15.00000
-16.00000 20.00000 -25.50000
-16.00000 20.00000 -22.50000
-15.50000 20.00000 -18.00000
-15.50000 20.00000 -17.00000
-15.50000 20.00000 -16.00000
-15.50000 20.00000 -15.00000
-15.50000 21.00000 -26.00000
-16.00000 21.00000 -25.50000
-15.50000 21.00000 -23.00000
-16.00000 21.00000 -22.50000
-15.50000 21.00000 -19.00000
-15.50000 21.00000 -18.00000
-15.50000 21.00000 -17.00000
-15.50000 21.00000 -16.00000
-16.00000 22.00000 -26.50000
-16.00000 21.50000 -26.00000
-15.50000 22.00000 -23.00000
-16.00000 22.00000 -22.50000
-15.50000 22.00000 -19.00000
-15.50000 22.00000 -18.00000
-15.50000 22.00000 -17.00000
-15.50000 22.00000 -16.00000
-16.00000 23.00000 -26.50000
-15.50000 23.00000 -23.00000
-16.00000 23.00000 -22.50000
-15.50000 23.00000 -19.00000
-15.50000 23.00000 -18.00000
-15.50000 23.00000 -17.00000
-16.00000 24.00000 -26.50000
-15.50000 24.00000 -23.00000
-16.00000 24.00000 -22.50000
-15.50000 24.00000 -20.00000
-15.50000 24.00000 -19.00000
-15.50000 24.00000 -18.00000
-15.50000 24.00000 -17.00000
-16.00000 25.00000 -26.50000
-15.50000 25.00000 -23.00000
-16.00000 25.00000 -22.50000
-15.50000 25.00000 -20.00000
-15.50000 25.00000 -19.00000
-15.50000 25.00000 -18.00000
-16.00000 26.00000 -26.50000
-15.50000 26.00000 -23.00000
-16.00000 26.00000 -22.50000
-15.50000 26.00000 -20.00000
-15.50000 26.00000 -19.00000
-15.50000 26.00000 -18.00000
-16.00000 27.00000 -26.50000
-15.50000 27.00000 -23.00000
-16.00000 27.00000 -22.50000
-15.50000 27.00000 -20.00000
-15.50000 27.00000 -19.00000
-16.00000 28.00000 -26.50000
-15.50000 28.00000 -23.00000
-16.00000 28.00000 -22.50000
-15.50000 28.00000 -19.00000
-16.00000 28.50000 -26.00000
-15.50000 29.00000 -26.00000
-16.00000 29.00000 -25.50000
-15.50000 29.00000 -23.00000
-16.00000 29.00000 -22.50000
-16.00000 30.00000 -26.50000
-16.00000 29.50000 -26.00000
-15.50000 30.00000 -23.00000
-16.00000 30.00000 -22.50000
-16.00000 31.00000 -26.50000
-15.50000 31.00000 -23.00000
-16.00000 31.00000 -22.50000
-16.00000 32.00000 -26.50000
-15.50000 32.00000 -23.00000
-16.00000 32.00000 -22.50000
-16.00000 33.00000 -26.50000
-15.50000 33.00000 -23.00000
-16.00000 33.00000 -22.50000
-16.00000 34.00000 -26.50000
-15.50000 34.00000 -23.00000
-16.00000 34.00000 -22.50000
-16.00000 35.00000 -26.50000
-15.50000 35.00000 -23.00000
-16.00000 35.00000 -22.50000
-16.00000 35.50000 -26.00000
-15.50000 36.00000 -26.00000
-16.00000 36.00000 -25.50000
-15.50000 36.00000 -23.00000
-16.00000 35.50000 -22.00000
-15.50000 36.00000 -22.00000
-16.00000 36.00000 -21.50000
-15.50000 37.00000 -26.00000
-16.00000 37.00000 -25.50000
-15.50000 37.00000 -22.00000
-16.00000 37.00000 -21.50000
-16.00000 38.00000 -25.50000
-15.50000 38.00000 -22.00000
-16.00000 37.50000 -21.00000
-15.50000 38.00000 -21.00000
-16.00000 38.00000 -20.50000
-16.00000 39.00000 -25.50000
-15.50000 39.00000 -22.00000
-15.50000 39.00000 -21.00000
-16.00000 38.50000 -20.00000
-15.50000 39.00000 -20.00000
-16.00000 39.00000 -19.50000
-16.00000 39.50000 -25.00000
-15.50000 40.00000 -25.00000
-16.00000 40.00000 -24.50000
-15.50000 40.00000 -22.00000
-15.50000 40.00000 -21.00000
-15.50000 40.00000 -20.00000
-16.00000 39.50000 -19.00000
-15.50000 40.00000 -19.00000
-16.00000 39.50000 -18.00000
-15.50000 40.00000 -18.00000
-16.00000 40.00000 -17.50000
-15.50000 41.00000 -25.00000
-16.00000 41.00000 -24.50000
-15.50000 41.00000 -21.00000
-15.50000 41.00000 -20.00000
-15.50000 41.00000 -19.00000
-15.50000 41.00000 -18.00000
-16.00000 40.50000 -17.00000
-15.50000 41.00000 -17.00000
-16.00000 41.00000 -16.50000
-15.50000 42.00000 -25.00000
-16.00000 42.00000 -24.50000
-15.50000 42.00000 -20.00000
-15.50000 42.00000 -19.00000
-15.50000 42.00000 -18.00000
-15.50000 42.00000 -17.00000
-16.00000 42.00000 -16.50000
-15.50000 43.00000 -24.00000
-16.00000 42.50000 -24.00000
-16.00000 43.00000 -23.50000
-15.50000 43.00000 -20.00000
-15.50000 43.00000 -19.00000
-15.50000 43.00000 -18.00000
-15.50000 43.00000 -17.00000
-16.00000 42.50000 -16.00000
-15.50000 43.00000 -16.00000
-16.00000 43.00000 -15.50000
-15.50000 44.00000 -24.00000
-16.00000 44.00000 -23.50000
-15.50000 44.00000 -16.00000
-16.00000 44.00000 -15.50000
-15.50000 45.00000 -24.00000
-16.00000 45.00000 -23.50000
-15.50000 45.00000 -16.00000
-16.00000 45.00000 -15.50000
-15.50000 46.00000 -24.00000
-16.00000 46.00000 -23.50000
-15.50000 46.00000 -16.00000
-16.00000 46.00000 -15.50000
-15.50000 47.00000 -23.00000
-16.00000 46.50000 -23.00000
-16.00000 47.00000 -22.50000
-16.00000 46.50000 -16.00000
-16.00000 47.00000 -16.50000
-15.50000 48.00000 -23.00000
-16.00000 48.00000 -22.50000
-15.50000 48.00000 -17.00000
-16.00000 48.00000 -16.50000
-15.50000 49.00000 -23.00000
-16.00000 49.00000 -22.50000
-16.00000 48.50000 -17.00000
-16.00000 49.00000 -17.50000
-15.50000 50.00000 -23.00000
-16.00000 50.00000 -22.50000
-16.00000 50.00000 -17.50000
-15.50000 51.00000 -23.00000
-16.00000 50.50000 -22.00000
-15.50000 51.00000 -22.00000
-16.00000 51.00000 -21.50000
-16.00000 50.50000 -17.00000
-16.00000 50.50000 -16.00000
-16.00000 50.50000 -15.00000
-15.50000 51.00000 -15.00000
-16.00000 51.00000 -14.50000
-15.50000 52.00000 -22.00000
-16.00000 52.00000 -21.50000
-16.00000 51.50000 -14.00000
-15.50000 52.00000 -14.00000
-16.00000 52.00000 -13.50000
-15.50000 53.00000 -22.00000
-16.00000 53.00000 -21.50000
-16.00000 53.00000 -13.50000
-15.50000 54.00000 -22.00000
-16.00000 53.50000 -21.00000
-15.50000 54.00000 -21.00000
-16.00000 54.00000 -20.50000
-16.00000 54.00000 -13.50000
-15.50000 55.00000 -21.00000
-16.00000 55.00000 -20.50000
-16.00000 54.50000 -13.00000
-15.50000 55.00000 -13.00000
-16.00000 55.00000 -12.50000
-15.50000 56.00000 -21.00000
-16.00000 56.00000 -20.50000
-15.50000 56.00000 -13.00000
-16.00000 56.00000 -12.50000
-15.50000 57.00000 -21.00000
-16.00000 57.00000 -20.50000
-16.00000 57.00000 -12.50000
-15.50000 58.00000 -21.00000
-16.00000 58.00000 -20.50000
-15.50000 58.00000 -13.00000
-16.00000 58.00000 -12.50000
-16.00000 59.00000 -20.50000
-16.00000 58.50000 -13.00000
-16.00000 59.00000 -13.50000
-16.00000 60.00000 -20.50000
-15.50000 60.00000 -14.00000
-16.00000 60.00000 -13.50000
-16.00000 60.50000 -20.00000
-15.50000 61.00000 -20.00000
-16.00000 61.00000 -19.50000
-16.00000 60.50000 -16.00000
-16.00000 61.00000 -16.50000
-16.00000 60.50000 -15.00000
-16.00000 60.50000 -14.00000
-16.00000 62.00000 -19.50000
-15.50000 62.00000 -17.00000
-16.00000 61.50000 -17.00000
-16.00000 62.00000 -17.50000
-16.00000 62.50000 -19.00000
-15.50000 63.00000 -19.00000
-15.50000 63.00000 -18.00000
-16.00000 62.50000 -18.00000
-15.50000 64.00000 -18.00000
-17.00000 1.00000 -12.50000
-17.00000 0.50000 -12.00000
-17.00000 1.00000 -11.50000
-16.50000 2.00000 -21.00000
-17.00000 2.00000 -21.50000
-17.00000 1.50000 -21.00000
-17.00000 2.00000 -20.50000
-17.00000 2.00000 -14.50000
-17.00000 1.50000 -14.00000
-17.00000 1.50000 -13.00000
-17.00000 2.00000 -11.50000
-17.00000 2.50000 -21.00000
-17.00000 3.00000 -16.50000
-17.00000 2.50000 -16.00000
-17.00000 2.50000 -15.00000
-17.00000 2.50000 -14.00000
-17.00000 3.00000 -14.50000
-17.00000 2.50000 -13.00000
-17.00000 2.50000 -12.00000
-16.50000 4.00000 -18.00000
-17.00000 4.00000 -18.50000
-17.00000 3.50000 -18.00000
-17.00000 3.50000 -17.00000
-16.50000 4.00000 -15.00000
-17.00000 4.00000 -14.50000
-17.00000 5.00000 -19.50000
-17.00000 4.50000 -19.00000
-17.00000 4.50000 -15.00000
-17.00000 5.00000 -15.50000
-16.50000 6.00000 -21.00000
-17.00000 6.00000 -21.50000
-17.00000 5.50000 -21.00000
-17.00000 5.50000 -20.00000
-17.00000 6.00000 -15.50000
-16.50000 7.00000 -23.00000
-17.00000 7.00000 -23.50000
-17.00000 6.50000 -23.00000
-17.00000 6.50000 -22.00000
-16.50000 7.00000 -16.00000
-17.00000 7.00000 -15.50000
-16.50000 8.00000 -25.00000
-17.00000 8.00000 -25.50000
-17.00000 7.50000 -25.00000
-17.00000 7.50000 -24.00000
-16.50000 8.00000 -16.00000
-17.00000 8.00000 -15.50000
-16.50000 9.00000 -26.00000
-17.00000 9.00000 -26.50000
-17.00000 8.50000 -26.00000
-17.00000 9.00000 -15.50000
-17.00000 10.00000 -26.50000
-17.00000 10.00000 -15.50000
-17.00000 11.00000 -26.50000
-16.50000 11.00000 -23.00000
-17.00000 10.50000 -23.00000
-17.00000 11.00000 -23.50000
-17.00000 11.00000 -22.50000
-16.50000 11.00000 -15.00000
-17.00000 11.00000 -15.50000
-17.00000 12.00000 -26.50000
-16.50000 12.00000 -23.00000
-17.00000 12.00000 -23.50000
-17.00000 11.50000 -22.00000
-16.50000 12.00000 -22.00000
-17.00000 12.00000 -21.50000
-17.00000 11.50000 -15.00000
-17.00000 12.00000 -14.50000
-16.50000 13.00000 -26.00000
-17.00000 13.00000 -26.50000
-16.50000 13.00000 -23.00000
-17.00000 13.00000 -23.50000
-16.50000 13.00000 -21.00000
-17.00000 12.50000 -21.00000
-17.00000 13.00000 -20.50000
-17.00000 13.00000 -14.50000
-17.00000 13.50000 -26.00000
-17.00000 14.00000 -25.50000
-17.00000 13.50000 -23.00000
-17.00000 14.00000 -22.50000
-16.50000 14.00000 -20.00000
-17.00000 13.50000 -20.00000
-17.00000 14.00000 -19.50000
-16.50000 14.00000 -15.00000
-17.00000 13.50000 -15.00000
-17.00000 14.00000 -15.50000
-17.00000 15.00000 -25.50000
-17.00000 15.00000 -22.50000
-16.50000 15.00000 -19.00000
-17.00000 14.50000 -19.00000
-16.50000 15.00000 -18.00000
-17.00000 14.50000 -18.00000
-17.00000 15.00000 -17.50000
-16.50000 15.00000 -16.00000
-17.00000 14.50000 -16.00000
-17.00000 15.00000 -16.50000
-16.50000 15.00000 -15.00000
-17.00000 16.00000 -25.50000
-17.00000 16.00000 -22.50000
-16.50000 16.00000 -18.00000
-17.00000 15.50000 -17.00000
-16.50000 16.00000 -17.00000
-16.50000 16.00000 -16.00000
-17.00000 17.00000 -25.50000
-17.00000 16.50000 -22.00000
-16.50000 17.00000 -22.00000
-17.00000 17.00000 -21.50000
-17.00000 18.00000 -25.50000
-16.50000 18.00000 -22.00000
-17.00000 18.00000 -21.50000
-17.00000 19.00000 -25.50000
-16.50000 19.00000 -22.00000
-17.00000 19.00000 -21.50000
-17.00000 20.00000 -25.50000
-16.50000 20.00000 -22.00000
-17.00000 20.00000 -21.50000
-17.00000 21.00000 -25.50000
-17.00000 20.50000 -22.00000
-17.00000 21.00000 -22.50000
-16.50000 22.00000 -26.00000
-17.00000 22.00000 -25.50000
-17.00000 22.00000 -22.50000
-16.50000 23.00000 -26.00000
-17.00000 23.00000 -25.50000
-17.00000 23.00000 -22.50000
-17.00000 24.00000 -26.50000
-17.00000 23.50000 -26.00000
-17.00000 24.00000 -22.50000
-17.00000 25.00000 -26.50000
-17.00000 25.00000 -22.50000
-17.00000 25.50000 -26.00000
-16.50000 26.00000 -26.00000
-17.00000 26.00000 -25.50000
-17.00000 25.50000 -22.00000
-16.50000 26.00000 -22.00000
-17.00000 26.00000 -21.50000
-16.50000 27.00000 -26.00000
-17.00000 27.00000 -25.50000
-16.50000 27.00000 -22.00000
-17.00000 27.00000 -21.50000
-16.50000 28.00000 -26.00000
-17.00000 28.00000 -25.50000
-16.50000 28.00000 -22.00000
-17.00000 28.00000 -21.50000
-17.00000 29.00000 -25.50000
-16.50000 29.00000 -22.00000
-17.00000 29.00000 -21.50000
-16.50000 30.00000 -26.00000
-17.00000 30.00000 -25.50000
-16.50000 30.00000 -22.00000
-17.00000 30.00000 -21.50000
-16.50000 31.00000 -26.00000
-17.00000 31.00000 -25.50000
-16.50000 31.00000 -22.00000
-17.00000 31.00000 -21.50000
-16.50000 32.00000 -26.00000
-17.00000 32.00000 -25.50000
-16.50000 32.00000 -22.00000
-17.00000 32.00000 -21.50000
-16.50000 33.00000 -26.00000
-17.00000 33.00000 -25.50000
-16.50000 33.00000 -22.00000
-17.00000 33.00000 -21.50000
-16.50000 34.00000 -26.00000
-17.00000 34.00000 -25.50000
-16.50000 34.00000 -22.00000
-17.00000 34.00000 -21.50000
-16.50000 35.00000 -26.00000
-17.00000 35.00000 -25.50000
-16.50000 35.00000 -22.00000
-17.00000 34.50000 -21.00000
-16.50000 35.00000 -21.00000
-17.00000 35.00000 -20.50000
-17.00000 36.00000 -25.50000
-16.50000 36.00000 -21.00000
-17.00000 35.50000 -20.00000
-16.50000 36.00000 -20.00000
-17.00000 36.00000 -19.50000
-17.00000 37.00000 -25.50000
-16.50000 37.00000 -21.00000
-16.50000 37.00000 -20.00000
-17.00000 37.00000 -19.50000
-17.00000 37.50000 -25.00000
-16.50000 38.00000 -25.00000
-17.00000 38.00000 -24.50000
-16.50000 38.00000 -20.00000
-17.00000 37.50000 -19.00000
-16.50000 38.00000 -19.00000
-17.00000 38.00000 -18.50000
-16.50000 39.00000 -25.00000
-17.00000 39.00000 -24.50000
-16.50000 39.00000 -19.00000
-17.00000 38.50000 -18.00000
-16.50000 39.00000 -18.00000
-17.00000 39.00000 -17.50000
-16.50000 40.00000 -24.00000
-17.00000 39.50000 -24.00000
-17.00000 40.00000 -23.50000
-17.00000 39.50000 -17.00000
-16.50000 40.00000 -17.00000
-17.00000 40.00000 -16.50000
-16.50000 41.00000 -24.00000
-17.00000 41.00000 -23.50000
-17.00000 41.00000 -16.50000
-16.50000 42.00000 -24.00000
-17.00000 42.00000 -23.50000
-17.00000 41.50000 -16.00000
-16.50000 42.00000 -16.00000
-17.00000 42.00000 -15.50000
-17.00000 43.00000 -23.50000
-17.00000 43.00000 -15.50000
-17.00000 43.50000 -23.00000
-16.50000 44.00000 -23.00000
-17.00000 44.00000 -22.50000
-17.00000 44.00000 -15.50000
-16.50000 45.00000 -23.00000
-17.00000 45.00000 -22.50000
-16.50000 45.00000 -19.00000
-17.00000 44.50000 -19.00000
-17.00000 45.00000 -19.50000
-17.00000 45.00000 -18.50000
-17.00000 45.00000 -15.50000
-16.50000 46.00000 -23.00000
-17.00000 46.00000 -22.50000
-17.00000 45.50000 -19.00000
-16.50000 46.00000 -16.00000
-17.00000 45.50000 -16.00000
-17.00000 46.00000 -16.50000
-16.50000 47.00000 -22.00000
-17.00000 46.50000 -22.00000
-17.00000 47.00000 -21.50000
-17.00000 47.00000 -16.50000
-16.50000 48.00000 -22.00000
-17.00000 48.00000 -21.50000
-16.50000 48.00000 -17.00000
-17.00000 47.50000 -17.00000
-17.00000 48.00000 -17.50000
-16.50000 49.00000 -22.00000
-17.00000 49.00000 -21.50000
-17.00000 49.00000 -17.50000
-16.50000 50.00000 -22.00000
-17.00000 50.00000 -21.50000
-17.00000 49.50000 -17.00000
-16.50000 50.00000 -17.00000
-17.00000 49.50000 -16.00000
-16.50000 50.00000 -16.00000
-17.00000 49.50000 -15.00000
-16.50000 50.00000 -15.00000
-17.00000 49.50000 -14.00000
-16.50000 50.00000 -14.00000
-17.00000 50.00000 -13.50000
-17.00000 51.00000 -21.50000
-16.50000 51.00000 -14.00000
-17.00000 51.00000 -13.50000
-17.00000 52.00000 -21.50000
-17.00000 52.00000 -13.50000
-17.00000 52.50000 -21.00000
-16.50000 53.00000 -21.00000
-17.00000 53.00000 -20.50000
-17.00000 53.00000 -13.50000
-17.00000 54.00000 -20.50000
-17.00000 53.50000 -13.00000
-16.50000 54.00000 -13.00000
-17.00000 54.00000 -12.50000
-17.00000 54.50000 -20.00000
-16.50000 55.00000 -20.00000
-17.00000 55.00000 -19.50000
-17.00000 55.00000 -12.50000
-16.50000 56.00000 -20.00000
-17.00000 56.00000 -19.50000
-17.00000 56.00000 -12.50000
-16.50000 57.00000 -20.00000
-17.00000 57.00000 -19.50000
-17.00000 57.00000 -12.50000
-16.50000 58.00000 -20.00000
-17.00000 58.00000 -19.50000
-17.00000 58.00000 -12.50000
-16.50000 59.00000 -20.00000
-17.00000 59.00000 -19.50000
-16.50000 59.00000 -13.00000
-17.00000 59.00000 -12.50000
-16.50000 60.00000 -20.00000
-17.00000 60.00000 -19.50000
-16.50000 60.00000 -15.00000
-17.00000 59.50000 -15.00000
-17.00000 60.00000 -15.50000
-16.50000 60.00000 -14.00000
-17.00000 59.50000 -14.00000
-17.00000 59.50000 -13.00000
-17.00000 61.00000 -19.50000
-16.50000 61.00000 -17.00000
-17.00000 60.50000 -17.00000
-17.00000 61.00000 -17.50000
-17.00000 60.50000 -16.00000
-17.00000 61.50000 -19.00000
-16.50000 62.00000 -19.00000
-16.50000 62.00000 -18.00000
-17.00000 61.50000 -18.00000
-18.00000 1.00000 -12.50000
-18.00000 0.50000 -12.00000
-18.00000 1.00000 -11.50000
-17.50000 2.00000 -21.00000
-18.00000 2.00000 -14.50000
-18.00000 1.50000 -14.00000
-18.00000 1.50000 -13.00000
-17.50000 1.50000 -12.50000
-18.00000 1.50000 -12.00000
-17.50000 2.00000 -12.00000
-18.00000 2.00000 -12.50000
-18.00000 3.00000 -16.50000
-18.00000 2.50000 -16.00000
-18.00000 2.50000 -15.00000
-17.50000 2.50000 -14.50000
-17.50000 3.00000 -14.00000
-18.00000 3.00000 -13.50000
-18.00000 2.50000 -13.00000
-18.00000 4.00000 -18.50000
-18.00000 3.50000 -18.00000
-18.00000 3.50000 -17.00000
-18.00000 3.50000 -14.00000
-18.00000 4.00000 -14.50000
-18.00000 5.00000 -19.50000
-18.00000 4.50000 -19.00000
-17.50000 5.00000 -15.00000
-18.00000 5.00000 -14.50000
-18.00000 6.00000 -21.50000
-18.00000 5.50000 -21.00000
-18.00000 5.50000 -20.00000
-17.50000 6.00000 -15.00000
-18.00000 6.00000 -14.50000
-17.50000 7.00000 -24.00000
-18.00000 7.00000 -24.50000
-18.00000 6.50000 -24.00000
-18.00000 6.50000 -23.00000
-18.00000 6.50000 -22.00000
-18.00000 6.50000 -15.00000
-18.00000 7.00000 -15.50000
-18.00000 8.00000 -25.50000
-18.00000 7.50000 -25.00000
-18.00000 8.00000 -15.50000
-18.00000 9.00000 -26.50000
-18.00000 8.50000 -26.00000
-18.00000 9.00000 -15.50000
-17.50000 10.00000 -27.00000
-18.00000 10.00000 -27.50000
-18.00000 9.50000 -27.00000
-18.00000 10.00000 -15.50000
-17.50000 11.00000 -27.00000
-18.00000 11.00000 -27.50000
-18.00000 10.50000 -23.00000
-18.00000 11.00000 -23.50000
-17.50000 11.00000 -22.00000
-18.00000 10.50000 -22.00000
-18.00000 11.00000 -21.50000
-18.00000 11.00000 -15.50000
-18.00000 11.50000 -27.00000
-18.00000 12.00000 -26.50000
-18.00000 12.00000 -23.50000
-17.50000 12.00000 -21.00000
-18.00000 11.50000 -21.00000
-18.00000 12.00000 -20.50000
-17.50000 12.00000 -15.00000
-18.00000 12.00000 -15.50000
-18.00000 13.00000 -26.50000
-18.00000 12.50000 -23.00000
-17.50000 13.00000 -23.00000
-18.00000 13.00000 -22.50000
-17.50000 13.00000 -20.00000
-18.00000 12.50000 -20.00000
-18.00000 13.00000 -19.50000
-17.50000 13.00000 -15.00000
-18.00000 13.00000 -15.50000
-17.50000 14.00000 -26.00000
-18.00000 14.00000 -26.50000
-18.00000 14.00000 -22.50000
-17.50000 14.00000 -19.00000
-18.00000 13.50000 -19.00000
-17.50000 14.00000 -18.00000
-18.00000 13.50000 -18.00000
-18.00000 14.00000 -17.50000
-17.50000 14.00000 -16.00000
-18.00000 13.50000 -16.00000
-18.00000 14.00000 -16.50000
-18.00000 14.50000 -26.00000
-18.00000 15.00000 -25.50000
-18.00000 14.50000 -22.00000
-17.50000 15.00000 -22.00000
-18.00000 15.00000 -21.50000
-17.50000 15.00000 -17.00000
-18.00000 14.50000 -17.00000
-18.00000 16.00000 -25.50000
-17.50000 16.00000 -22.00000
-18.00000 15.50000 -21.00000
-17.50000 16.00000 -21.00000
-18.00000 16.00000 -20.50000
-18.00000 17.00000 -25.50000
-17.50000 17.00000 -21.00000
-18.00000 17.00000 -20.50000
-18.00000 18.00000 -25.50000
-17.50000 18.00000 -21.00000
-18.00000 17.50000 -20.00000
-17.50000 18.00000 -20.00000
-18.00000 18.00000 -19.50000
-18.00000 19.00000 -25.50000
-17.50000 19.00000 -21.00000
-17.50000 19.00000 -20.00000
-18.00000 19.00000 -19.50000
-18.00000 20.00000 -25.50000
-17.50000 20.00000 -21.00000
-17.50000 20.00000 -20.00000
-18.00000 19.50000 -19.00000
-17.50000 20.00000 -19.00000
-18.00000 20.00000 -18.50000
-18.00000 21.00000 -25.50000
-17.50000 21.00000 -22.00000
-17.50000 21.00000 -21.00000
-17.50000 21.00000 -20.00000
-17.50000 21.00000 -19.00000
-18.00000 21.00000 -18.50000
-18.00000 22.00000 -25.50000
-17.50000 22.00000 -22.00000
-17.50000 22.00000 -21.00000
-17.50000 22.00000 -20.00000
-18.00000 22.00000 -19.50000
-18.00000 21.50000 -19.00000
-18.00000 23.00000 -25.50000
-17.50000 23.00000 -22.00000
-18.00000 23.00000 -21.50000
-18.00000 22.50000 -21.00000
-18.00000 22.50000 -20.00000
-17.50000 24.00000 -26.00000
-18.00000 24.00000 -25.50000
-18.00000 23.50000 -22.00000
-18.00000 24.00000 -22.50000
-17.50000 25.00000 -26.00000
-18.00000 25.00000 -25.50000
-18.00000 24.50000 -22.00000
-17.50000 25.00000 -22.00000
-18.00000 25.00000 -21.50000
-18.00000 26.00000 -25.50000
-18.00000 26.00000 -21.50000
-18.00000 27.00000 -25.50000
-18.00000 27.00000 -21.50000
-18.00000 28.00000 -25.50000
-18.00000 28.00000 -21.50000
-18.00000 29.00000 -25.50000
-18.00000 28.50000 -21.00000
-17.50000 29.00000 -21.00000
-18.00000 29.00000 -20.50000
-18.00000 30.00000 -25.50000
-17.50000 30.00000 -21.00000
-18.00000 30.00000 -20.50000
-18.00000 30.50000 -25.00000
-17.50000 31.00000 -25.00000
-18.00000 31.00000 -24.50000
-17.50000 31.00000 -21.00000
-18.00000 31.00000 -20.50000
-18.00000 32.00000 -25.50000
-18.00000 31.50000 -25.00000
-17.50000 32.00000 -21.00000
-18.00000 32.00000 -20.50000
-18.00000 33.00000 -25.50000
-17.50000 33.00000 -21.00000
-18.00000 33.00000 -20.50000
-18.00000 33.50000 -25.00000
-17.50000 34.00000 -25.00000
-18.00000 34.00000 -24.50000
-17.50000 34.00000 -21.00000
-18.00000 34.00000 -20.50000
-17.50000 35.00000 -25.00000
-18.00000 35.00000 -24.50000
-18.00000 34.50000 -20.00000
-17.50000 35.00000 -20.00000
-18.00000 35.00000 -19.50000
-17.50000 36.00000 -25.00000
-18.00000 36.00000 -24.50000
-18.00000 35.50000 -19.00000
-17.50000 36.00000 -19.00000
-18.00000 36.00000 -18.50000
-17.50000 37.00000 -25.00000
-18.00000 37.00000 -24.50000
-17.50000 37.00000 -19.00000
-18.00000 37.00000 -18.50000
-17.50000 38.00000 -24.00000
-18.00000 37.50000 -24.00000
-18.00000 38.00000 -23.50000
-18.00000 37.50000 -18.00000
-17.50000 38.00000 -18.00000
-18.00000 38.00000 -17.50000
-17.50000 39.00000 -24.00000
-18.00000 39.00000 -23.50000
-18.00000 38.50000 -17.00000
-17.50000 39.00000 -17.00000
-18.00000 39.00000 -16.50000
-18.00000 40.00000 -23.50000
-18.00000 40.00000 -16.50000
-18.00000 40.50000 -23.00000
-17.50000 41.00000 -23.00000
-18.00000 41.00000 -22.50000
-18.00000 41.00000 -16.50000
-17.50000 42.00000 -23.00000
-18.00000 42.00000 -22.50000
-18.00000 41.50000 -16.00000
-18.00000 42.00000 -15.50000
-17.50000 43.00000 -23.00000
-18.00000 42.50000 -22.00000
-17.50000 43.00000 -22.00000
-18.00000 43.00000 -21.50000
-18.00000 43.00000 -15.50000
-17.50000 44.00000 -22.00000
-18.00000 44.00000 -21.50000
-18.00000 44.00000 -15.50000
-17.50000 45.00000 -22.00000
-18.00000 45.00000 -21.50000
-17.50000 45.00000 -19.00000
-18.00000 45.00000 -15.50000
-17.50000 46.00000 -22.00000
-18.00000 46.00000 -21.50000
-18.00000 45.50000 -16.00000
-18.00000 46.00000 -16.50000
-17.50000 47.00000 -21.00000
-18.00000 46.50000 -21.00000
-18.00000 47.00000 -20.50000
-18.00000 47.00000 -16.50000
-17.50000 48.00000 -21.00000
-18.00000 48.00000 -20.50000
-18.00000 47.50000 -17.00000
-18.00000 48.00000 -17.50000
-17.50000 49.00000 -21.00000
-18.00000 49.00000 -20.50000
-18.00000 48.50000 -17.00000
-17.50000 49.00000 -17.00000
-18.00000 49.00000 -16.50000
-17.50000 49.00000 -14.00000
-18.00000 49.00000 -14.50000
-18.00000 48.50000 -14.00000
-18.00000 48.50000 -13.00000
-17.50000 49.00000 -13.00000
-18.00000 49.00000 -12.50000
-17.50000 50.00000 -21.00000
-18.00000 50.00000 -20.50000
-18.00000 49.50000 -16.00000
-18.00000 49.50000 -15.00000
-17.50000 50.00000 -13.00000
-18.00000 50.00000 -12.50000
-17.50000 51.00000 -21.00000
-18.00000 51.00000 -20.50000
-17.50000 51.00000 -13.00000
-18.00000 51.00000 -12.50000
-17.50000 52.00000 -21.00000
-18.00000 52.00000 -20.50000
-17.50000 52.00000 -13.00000
-18.00000 52.00000 -12.50000
-17.50000 53.00000 -20.00000
-18.00000 52.50000 -20.00000
-18.00000 53.00000 -19.50000
-17.50000 53.00000 -13.00000
-18.00000 53.00000 -12.50000
-17.50000 54.00000 -20.00000
-18.00000 54.00000 -19.50000
-18.00000 54.00000 -12.50000
-18.00000 55.00000 -19.50000
-18.00000 55.00000 -12.50000
-18.00000 56.00000 -19.50000
-18.00000 56.00000 -12.50000
-18.00000 57.00000 -19.50000
-18.00000 57.00000 -12.50000
-18.00000 58.00000 -19.50000
-18.00000 58.00000 -12.50000
-18.00000 58.50000 -19.00000
-17.50000 59.00000 -19.00000
-18.00000 59.00000 -18.50000
-17.50000 59.00000 -14.00000
-18.00000 58.50000 -14.00000
-18.00000 59.00000 -14.50000
-18.00000 59.00000 -13.50000
-18.00000 59.00000 -12.50000
-17.50000 60.00000 -19.00000
-18.00000 60.00000 -18.50000
-17.50000 60.00000 -17.00000
-18.00000 59.50000 -17.00000
-18.00000 60.00000 -17.50000
-17.50000 60.00000 -16.00000
-18.00000 59.50000 -16.00000
-18.00000 59.50000 -15.00000
-18.00000 59.50000 -13.00000
-17.50000 61.00000 -19.00000
-18.00000 60.50000 -18.00000
-17.50000 61.00000 -18.00000
-18.50000 -2.00000 -12.00000
-19.00000 -2.00000 -12.50000
-19.00000 -2.50000 -12.00000
-19.00000 -2.00000 -11.50000
-18.50000 -1.00000 -12.00000
-19.00000 -1.00000 -12.50000
-19.00000 -1.00000 -11.50000
-18.50000 0.00000 -12.00000
-19.00000 0.00000 -12.50000
-19.00000 0.00000 -11.50000
-18.50000 1.00000 -13.00000
-19.00000 1.00000 -13.50000
-19.00000 0.50000 -13.00000
-19.00000 1.00000 -11.50000
-19.00000 2.00000 -14.50000
-19.00000 1.50000 -14.00000
-18.50000 1.50000 -12.50000
-19.00000 2.00000 -12.50000
-19.00000 1.50000 -12.00000
-19.00000 3.00000 -16.50000
-19.00000 2.50000 -16.00000
-19.00000 2.50000 -15.00000
-19.00000 2.50000 -13.00000
-19.00000 3.00000 -13.50000
-18.50000 4.00000 -18.00000
-19.00000 4.00000 -17.50000
-19.00000 3.50000 -17.00000
-19.00000 3.50000 -14.00000
-19.00000 4.00000 -14.50000
-19.00000 5.00000 -19.50000
-19.00000 4.50000 -19.00000
-19.00000 4.50000 -18.00000
-19.00000 5.00000 -14.50000
-19.00000 6.00000 -21.50000
-19.00000 5.50000 -21.00000
-19.00000 5.50000 -20.00000
-19.00000 6.00000 -14.50000
-18.50000 7.00000 -24.00000
-19.00000 7.00000 -23.50000
-19.00000 6.50000 -23.00000
-19.00000 6.50000 -22.00000
-18.50000 7.00000 -15.00000
-19.00000 7.00000 -14.50000
-19.00000 8.00000 -25.50000
-19.00000 7.50000 -25.00000
-19.00000 7.50000 -24.00000
-19.00000 7.50000 -15.00000
-19.00000 8.00000 -15.50000
-19.00000 9.00000 -26.50000
-19.00000 8.50000 -26.00000
-18.50000 9.00000 -16.00000
-19.00000 8.50000 -16.00000
-19.00000 9.00000 -16.50000
-19.00000 10.00000 -27.50000
-19.00000 9.50000 -27.00000
-18.50000 10.00000 -16.00000
-19.00000 10.00000 -16.50000
-19.00000 11.00000 -27.50000
-18.50000 11.00000 -23.00000
-18.50000 11.00000 -22.00000
-18.50000 11.00000 -16.00000
-19.00000 11.00000 -16.50000
-18.50000 12.00000 -27.00000
-19.00000 12.00000 -27.50000
-18.50000 12.00000 -23.00000
-19.00000 12.00000 -22.50000
-19.00000 11.50000 -22.00000
-19.00000 11.50000 -21.00000
-19.00000 12.00000 -20.50000
-18.50000 12.00000 -16.00000
-19.00000 12.00000 -16.50000
-19.00000 12.50000 -27.00000
-19.00000 13.00000 -26.50000
-19.00000 13.00000 -22.50000
-19.00000 12.50000 -20.00000
-18.50000 13.00000 -19.00000
-19.00000 12.50000 -19.00000
-18.50000 13.00000 -18.00000
-19.00000 12.50000 -18.00000
-18.50000 13.00000 -17.00000
-19.00000 12.50000 -17.00000
-18.50000 13.00000 -16.00000
-19.00000 14.00000 -26.50000
-19.00000 13.50000 -22.00000
-18.50000 14.00000 -22.00000
-19.00000 14.00000 -21.50000
-18.50000 14.00000 -17.00000
-19.00000 14.50000 -26.00000
-19.00000 15.00000 -25.50000
-19.00000 14.50000 -21.00000
-18.50000 15.00000 -21.00000
-19.00000 15.00000 -20.50000
-19.00000 16.00000 -25.50000
-19.00000 15.50000 -20.00000
-18.50000 16.00000 -20.00000
-19.00000 16.00000 -19.50000
-19.00000 17.00000 -25.50000
-18.50000 17.00000 -20.00000
-19.00000 16.50000 -19.00000
-18.50000 17.00000 -19.00000
-19.00000 17.00000 -18.50000
-19.00000 18.00000 -25.50000
-18.50000 18.00000 -19.00000
-19.00000 18.00000 -18.50000
-19.00000 19.00000 -25.50000
-18.50000 19.00000 -19.00000
-19.00000 18.50000 -18.00000
-18.50000 19.00000 -18.00000
-19.00000 19.00000 -17.50000
-19.00000 20.00000 -25.50000
-18.50000 20.00000 -18.00000
-19.00000 20.00000 -17.50000
-19.00000 21.00000 -25.50000
-18.50000 21.00000 -18.00000
-19.00000 21.00000 -17.50000
-19.00000 22.00000 -25.50000
-18.50000 22.00000 -19.00000
-18.50000 22.00000 -18.00000
-19.00000 21.50000 -17.00000
-18.50000 22.00000 -17.00000
-19.00000 22.00000 -16.50000
-19.00000 23.00000 -25.50000
-18.50000 23.00000 -21.00000
-18.50000 23.00000 -20.00000
-18.50000 23.00000 -19.00000
-18.50000 23.00000 -18.00000
-18.50000 23.00000 -17.00000
-19.00000 23.00000 -16.50000
-19.00000 24.00000 -25.50000
-18.50000 24.00000 -22.00000
-18.50000 24.00000 -21.00000
-18.50000 24.00000 -20.00000
-18.50000 24.00000 -19.00000
-18.50000 24.00000 -18.00000
-18.50000 24.00000 -17.00000
-19.00000 24.00000 -16.50000
-19.00000 25.00000 -25.50000
-19.00000 25.00000 -22.50000
-18.50000 25.00000 -22.00000
-19.00000 24.50000 -22.00000
-19.00000 24.50000 -21.00000
-18.50000 25.00000 -20.00000
-19.00000 25.00000 -20.50000
-18.50000 25.00000 -19.00000
-18.50000 25.00000 -18.00000
-18.50000 25.00000 -17.00000
-19.00000 25.00000 -16.50000
-19.00000 26.00000 -25.50000
-19.00000 25.50000 -22.00000
-19.00000 26.00000 -21.50000
-19.00000 25.50000 -20.00000
-19.00000 25.50000 -19.00000
-18.50000 26.00000 -18.00000
-19.00000 26.00000 -18.50000
-18.50000 26.00000 -17.00000
-19.00000 26.00000 -16.50000
-19.00000 27.00000 -25.50000
-19.00000 27.00000 -21.50000
-19.00000 26.50000 -18.00000
-18.50000 27.00000 -17.00000
-19.00000 27.00000 -17.50000
-19.00000 26.50000 -16.00000
-18.50000 27.00000 -16.00000
-19.00000 27.00000 -15.50000
-19.00000 28.00000 -25.50000
-19.00000 28.00000 -21.50000
-18.50000 28.00000 -17.00000
-19.00000 28.00000 -17.50000
-18.50000 28.00000 -16.00000
-19.00000 27.50000 -15.00000
-18.50000 28.00000 -15.00000
-19.00000 28.00000 -14.50000
-19.00000 28.50000 -25.00000
-18.50000 29.00000 -25.00000
-19.00000 29.00000 -24.50000
-18.50000 29.00000 -21.00000
-19.00000 29.00000 -21.50000
-18.50000 29.00000 -17.00000
-19.00000 29.00000 -17.50000
-18.50000 29.00000 -16.00000
-18.50000 29.00000 -15.00000
-19.00000 29.00000 -14.50000
-18.50000 30.00000 -25.00000
-19.00000 30.00000 -24.50000
-19.00000 29.50000 -21.00000
-19.00000 30.00000 -20.50000
-18.50000 30.00000 -17.00000
-19.00000 30.00000 -17.50000
-18.50000 30.00000 -16.00000
-18.50000 30.00000 -15.00000
-19.00000 30.00000 -14.50000
-19.00000 31.00000 -24.50000
-19.00000 31.00000 -20.50000
-18.50000 31.00000 -17.00000
-19.00000 31.00000 -17.50000
-18.50000 31.00000 -16.00000
-18.50000 31.00000 -15.00000
-19.00000 30.50000 -14.00000
-18.50000 31.00000 -14.00000
-19.00000 31.00000 -13.50000
-18.50000 32.00000 -25.00000
-19.00000 32.00000 -24.50000
-19.00000 32.00000 -20.50000
-19.00000 31.50000 -17.00000
-18.50000 32.00000 -16.00000
-19.00000 32.00000 -16.50000
-18.50000 32.00000 -15.00000
-18.50000 32.00000 -14.00000
-19.00000 32.00000 -13.50000
-18.50000 33.00000 -25.00000
-19.00000 33.00000 -24.50000
-19.00000 33.00000 -20.50000
-18.50000 33.00000 -16.00000
-19.00000 33.00000 -16.50000
-18.50000 33.00000 -15.00000
-18.50000 33.00000 -14.00000
-19.00000 33.00000 -13.50000
-19.00000 34.00000 -24.50000
-19.00000 34.00000 -20.50000
-19.00000 33.50000 -16.00000
-18.50000 34.00000 -15.00000
-19.00000 34.00000 -15.50000
-18.50000 34.00000 -14.00000
-19.00000 34.00000 -13.50000
-19.00000 34.50000 -24.00000
-18.50000 35.00000 -24.00000
-19.00000 35.00000 -23.50000
-19.00000 34.50000 -20.00000
-19.00000 35.00000 -19.50000
-19.00000 34.50000 -15.00000
-18.50000 35.00000 -14.00000
-19.00000 35.00000 -14.50000
-19.00000 35.00000 -13.50000
-18.50000 36.00000 -24.00000
-19.00000 36.00000 -23.50000
-19.00000 35.50000 -19.00000
-19.00000 36.00000 -18.50000
-19.00000 35.50000 -14.00000
-18.50000 37.00000 -24.00000
-19.00000 37.00000 -23.50000
-19.00000 37.00000 -18.50000
-19.00000 38.00000 -23.50000
-19.00000 37.50000 -18.00000
-19.00000 38.00000 -17.50000
-19.00000 38.50000 -23.00000
-18.50000 39.00000 -23.00000
-19.00000 39.00000 -22.50000
-18.50000 39.00000 -17.00000
-19.00000 39.00000 -17.50000
-18.50000 40.00000 -23.00000
-19.00000 40.00000 -22.50000
-19.00000 39.50000 -17.00000
-19.00000 40.00000 -16.50000
-18.50000 41.00000 -22.00000
-19.00000 40.50000 -22.00000
-19.00000 41.00000 -21.50000
-19.00000 41.00000 -16.50000
-18.50000 42.00000 -22.00000
-19.00000 42.00000 -21.50000
-18.50000 42.00000 -16.00000
-19.00000 42.00000 -16.50000
-19.00000 43.00000 -21.50000
-19.00000 42.50000 -16.00000
-19.00000 43.00000 -15.50000
-19.00000 43.50000 -21.00000
-18.50000 44.00000 -21.00000
-19.00000 44.00000 -20.50000
-18.50000 44.00000 -16.00000
-19.00000 43.50000 -16.00000
-19.00000 44.00000 -16.50000
-18.50000 45.00000 -21.00000
-19.00000 45.00000 -20.50000
-18.50000 45.00000 -16.00000
-19.00000 45.00000 -16.50000
-18.50000 46.00000 -21.00000
-19.00000 46.00000 -20.50000
-19.00000 46.00000 -16.50000
-19.00000 47.00000 -20.50000
-19.00000 47.00000 -16.50000
-18.50000 47.00000 -13.00000
-19.00000 47.00000 -13.50000
-19.00000 46.50000 -13.00000
-19.00000 47.00000 -12.50000
-19.00000 48.00000 -20.50000
-18.50000 48.00000 -17.00000
-19.00000 48.00000 -16.50000
-18.50000 48.00000 -15.00000
-19.00000 48.00000 -15.50000
-19.00000 47.50000 -15.00000
-19.00000 47.50000 -14.00000
-18.50000 48.00000 -14.00000
-18.50000 48.00000 -13.00000
-19.00000 47.50000 -12.00000
-18.50000 48.00000 -12.00000
-19.00000 48.00000 -11.50000
-19.00000 49.00000 -20.50000
-19.00000 48.50000 -16.00000
-18.50000 49.00000 -16.00000
-18.50000 49.00000 -15.00000
-18.50000 49.00000 -12.00000
-19.00000 49.00000 -11.50000
-19.00000 50.00000 -20.50000
-18.50000 50.00000 -12.00000
-19.00000 49.50000 -11.00000
-18.50000 50.00000 -11.00000
-19.00000 50.00000 -10.50000
-19.00000 51.00000 -20.50000
-18.50000 51.00000 -12.00000
-19.00000 51.00000 -11.50000
-19.00000 50.50000 -11.00000
-19.00000 51.50000 -20.00000
-18.50000 52.00000 -20.00000
-19.00000 52.00000 -19.50000
-18.50000 52.00000 -12.00000
-19.00000 52.00000 -11.50000
-19.00000 53.00000 -19.50000
-18.50000 53.00000 -12.00000
-19.00000 53.00000 -11.50000
-19.00000 53.50000 -19.00000
-18.50000 54.00000 -19.00000
-19.00000 54.00000 -18.50000
-19.00000 53.50000 -12.00000
-19.00000 54.00000 -12.50000
-18.50000 55.00000 -19.00000
-19.00000 55.00000 -18.50000
-19.00000 55.00000 -12.50000
-18.50000 56.00000 -19.00000
-19.00000 56.00000 -18.50000
-19.00000 56.00000 -12.50000
-18.50000 57.00000 -19.00000
-19.00000 57.00000 -18.50000
-19.00000 57.00000 -12.50000
-18.50000 58.00000 -19.00000
-19.00000 58.00000 -18.50000
-19.00000 58.00000 -12.50000
-19.00000 59.00000 -18.50000
-18.50000 59.00000 -16.00000
-19.00000 58.50000 -16.00000
-19.00000 59.00000 -16.50000
-18.50000 59.00000 -15.00000
-19.00000 58.50000 -15.00000
-19.00000 58.50000 -14.00000
-18.50000 59.00000 -13.00000
-19.00000 58.50000 -13.00000
-19.00000 60.00000 -18.50000
-19.00000 59.50000 -17.00000
-19.00000 60.00000 -17.50000
-19.00000 60.50000 -18.00000
-20.00000 -2.00000 -12.50000
-20.00000 -2.50000 -12.00000
-20.00000 -2.00000 -11.50000
-20.00000 -1.00000 -12.50000
-20.00000 -1.00000 -11.50000
-20.00000 0.00000 -12.50000
-20.00000 0.00000 -11.50000
-20.00000 1.00000 -13.50000
-20.00000 0.50000 -13.00000
-20.00000 1.00000 -11.50000
-20.00000 2.00000 -14.50000
-20.00000 1.50000 -14.00000
-20.00000 1.50000 -12.00000
-20.00000 2.00000 -12.50000
-20.00000 3.00000 -16.50000
-20.00000 2.50000 -16.00000
-20.00000 2.50000 -15.00000
-20.00000 2.50000 -13.00000
-20.00000 3.00000 -13.50000
-20.00000 4.00000 -17.50000
-20.00000 3.50000 -17.00000
-19.50000 4.00000 -14.00000
-20.00000 4.00000 -13.50000
-20.00000 5.00000 -19.50000
-20.00000 4.50000 -19.00000
-20.00000 4.50000 -18.00000
-20.00000 4.50000 -14.00000
-20.00000 5.00000 -14.50000
-20.00000 6.00000 -21.50000
-20.00000 5.50000 -21.00000
-20.00000 5.50000 -20.00000
-20.00000 6.00000 -14.50000
-20.00000 7.00000 -23.50000
-20.00000 6.50000 -23.00000
-20.00000 6.50000 -22.00000
-20.00000 7.00000 -14.50000
-20.00000 8.00000 -25.50000
-20.00000 7.50000 -25.00000
-20.00000 7.50000 -24.00000
-20.00000 7.50000 -15.00000
-20.00000 8.00000 -15.50000
-20.00000 9.00000 -26.50000
-20.00000 8.50000 -26.00000
-20.00000 8.50000 -16.00000
-20.00000 9.00000 -16.50000
-20.00000 10.00000 -27.50000
-20.00000 9.50000 -27.00000
-19.50000 10.00000 -17.00000
-20.00000 9.50000 -17.00000
-20.00000 10.00000 -17.50000
-20.00000 11.00000 -27.50000
-19.50000 11.00000 -17.00000
-20.00000 11.00000 -17.50000
-20.00000 12.00000 -27.50000
-20.00000 11.50000 -22.00000
-20.00000 12.00000 -22.50000
-20.00000 11.50000 -21.00000
-19.50000 12.00000 -20.00000
-20.00000 11.50000 -20.00000
-19.50000 12.00000 -19.00000
-20.00000 11.50000 -19.00000
-19.50000 12.00000 -18.00000
-20.00000 11.50000 -18.00000
-19.50000 12.00000 -17.00000
-19.50000 13.00000 -27.00000
-20.00000 13.00000 -27.50000
-20.00000 12.50000 -22.00000
-19.50000 13.00000 -22.00000
-20.00000 13.00000 -21.50000
-20.00000 13.50000 -27.00000
-20.00000 14.00000 -26.50000
-20.00000 13.50000 -21.00000
-19.50000 14.00000 -21.00000
-20.00000 14.00000 -20.50000
-19.50000 15.00000 -26.00000
-20.00000 15.00000 -26.50000
-20.00000 14.50000 -20.00000
-19.50000 15.00000 -20.00000
-20.00000 15.00000 -19.50000
-20.00000 15.50000 -26.00000
-20.00000 16.00000 -25.50000
-20.00000 16.00000 -19.50000
-20.00000 17.00000 -25.50000
-20.00000 16.50000 -19.00000
-20.00000 17.00000 -18.50000
-20.00000 17.50000 -25.00000
-19.50000 18.00000 -25.00000
-20.00000 18.00000 -24.50000
-19.50000 18.00000 -22.00000
-20.00000 17.50000 -22.00000
-20.00000 18.00000 -22.50000
-20.00000 18.00000 -21.50000
-20.00000 17.50000 -18.00000
-19.50000 18.00000 -18.00000
-20.00000 18.00000 -17.50000
-19.50000 19.00000 -25.00000
-20.00000 19.00000 -24.50000
-19.50000 19.00000 -22.00000
-20.00000 19.00000 -22.50000
-20.00000 19.00000 -21.50000
-20.00000 19.00000 -17.50000
-20.00000 20.00000 -25.50000
-20.00000 19.50000 -25.00000
-20.00000 19.50000 -22.00000
-20.00000 19.50000 -17.00000
-19.50000 20.00000 -17.00000
-20.00000 20.00000 -16.50000
-20.00000 21.00000 -25.50000
-19.50000 21.00000 -17.00000
-20.00000 21.00000 -16.50000
-20.00000 22.00000 -25.50000
-20.00000 21.50000 -16.00000
-19.50000 22.00000 -16.00000
-20.00000 22.00000 -15.50000
-20.00000 23.00000 -25.50000
-19.50000 23.00000 -16.00000
-20.00000 23.00000 -15.50000
-20.00000 24.00000 -25.50000
-19.50000 24.00000 -16.00000
-20.00000 23.50000 -15.00000
-19.50000 24.00000 -15.00000
-20.00000 24.00000 -14.50000
-20.00000 25.00000 -25.50000
-19.50000 25.00000 -22.00000
-19.50000 25.00000 -21.00000
-19.50000 25.00000 -16.00000
-19.50000 25.00000 -15.00000
-20.00000 25.00000 -14.50000
-20.00000 26.00000 -25.50000
-20.00000 25.50000 -21.00000
-20.00000 26.00000 -21.50000
-19.50000 26.00000 -20.00000
-20.00000 26.00000 -20.50000
-19.50000 26.00000 -19.00000
-19.50000 26.00000 -16.00000
-19.50000 26.00000 -15.00000
-20.00000 26.00000 -14.50000
-20.00000 26.50000 -25.00000
-19.50000 27.00000 -25.00000
-20.00000 27.00000 -24.50000
-20.00000 27.00000 -21.50000
-20.00000 26.50000 -20.00000
-19.50000 27.00000 -19.00000
-20.00000 27.00000 -19.50000
-19.50000 27.00000 -18.00000
-19.50000 27.00000 -15.00000
-20.00000 26.50000 -14.00000
-19.50000 27.00000 -14.00000
-20.00000 27.00000 -13.50000
-19.50000 28.00000 -25.00000
-20.00000 28.00000 -24.50000
-20.00000 28.00000 -21.50000
-19.50000 28.00000 -19.00000
-20.00000 28.00000 -19.50000
-19.50000 28.00000 -18.00000
-19.50000 28.00000 -14.00000
-20.00000 28.00000 -13.50000
-20.00000 29.00000 -24.50000
-20.00000 29.00000 -21.50000
-20.00000 28.50000 -19.00000
-19.50000 29.00000 -18.00000
-20.00000 29.00000 -18.50000
-19.50000 29.00000 -14.00000
-20.00000 28.50000 -13.00000
-19.50000 29.00000 -13.00000
-20.00000 29.00000 -12.50000
-20.00000 30.00000 -24.50000
-19.50000 30.00000 -21.00000
-20.00000 30.00000 -21.50000
-19.50000 30.00000 -18.00000
-20.00000 30.00000 -18.50000
-19.50000 30.00000 -14.00000
-19.50000 30.00000 -13.00000
-20.00000 30.00000 -12.50000
-20.00000 31.00000 -24.50000
-19.50000 31.00000 -21.00000
-20.00000 31.00000 -21.50000
-19.50000 31.00000 -18.00000
-20.00000 31.00000 -18.50000
-19.50000 31.00000 -13.00000
-20.00000 30.50000 -12.00000
-19.50000 31.00000 -12.00000
-20.00000 31.00000 -11.50000
-20.00000 32.00000 -24.50000
-20.00000 31.50000 -21.00000
-20.00000 32.00000 -20.50000
-20.00000 31.50000 -18.00000
-19.50000 32.00000 -17.00000
-20.00000 32.00000 -17.50000
-19.50000 32.00000 -13.00000
-19.50000 32.00000 -12.00000
-20.00000 32.00000 -11.50000
-20.00000 33.00000 -24.50000
-20.00000 33.00000 -20.50000
-19.50000 33.00000 -17.00000
-20.00000 33.00000 -17.50000
-19.50000 33.00000 -13.00000
-19.50000 33.00000 -12.00000
-20.00000 33.00000 -11.50000
-20.00000 33.50000 -24.00000
-19.50000 34.00000 -24.00000
-20.00000 34.00000 -23.50000
-20.00000 34.00000 -20.50000
-20.00000 33.50000 -17.00000
-19.50000 34.00000 -16.00000
-20.00000 34.00000 -16.50000
-19.50000 34.00000 -13.00000
-19.50000 34.00000 -12.00000
-20.00000 34.00000 -11.50000
-20.00000 35.00000 -23.50000
-20.00000 34.50000 -20.00000
-20.00000 35.00000 -19.50000
-19.50000 35.00000 -16.00000
-20.00000 35.00000 -16.50000
-19.50000 35.00000 -15.00000
-19.50000 35.00000 -13.00000
-19.50000 35.00000 -12.00000
-20.00000 35.00000 -11.50000
-20.00000 36.00000 -23.50000
-20.00000 35.50000 -19.00000
-20.00000 36.00000 -18.50000
-20.00000 35.50000 -16.00000
-19.50000 36.00000 -15.00000
-20.00000 36.00000 -15.50000
-19.50000 36.00000 -14.00000
-19.50000 36.00000 -13.00000
-19.50000 36.00000 -12.00000
-20.00000 36.00000 -11.50000
-20.00000 36.50000 -23.00000
-19.50000 37.00000 -23.00000
-20.00000 37.00000 -22.50000
-20.00000 37.00000 -18.50000
-20.00000 36.50000 -15.00000
-19.50000 37.00000 -14.00000
-20.00000 37.00000 -14.50000
-19.50000 37.00000 -13.00000
-19.50000 37.00000 -12.00000
-20.00000 37.00000 -11.50000
-19.50000 38.00000 -23.00000
-20.00000 38.00000 -22.50000
-19.50000 38.00000 -18.00000
-20.00000 38.00000 -18.50000
-19.50000 38.00000 -14.00000
-20.00000 38.00000 -14.50000
-19.50000 38.00000 -13.00000
-20.00000 38.00000 -12.50000
-20.00000 37.50000 -12.00000
-20.00000 39.00000 -22.50000
-20.00000 38.50000 -18.00000
-20.00000 39.00000 -17.50000
-20.00000 38.50000 -14.00000
-20.00000 38.50000 -13.00000
-20.00000 39.50000 -22.00000
-19.50000 40.00000 -22.00000
-20.00000 40.00000 -21.50000
-19.50000 40.00000 -17.00000
-20.00000 40.00000 -17.50000
-20.00000 41.00000 -21.50000
-19.50000 41.00000 -17.00000
-20.00000 41.00000 -17.50000
-20.00000 41.50000 -21.00000
-19.50000 42.00000 -21.00000
-20.00000 42.00000 -20.50000
-20.00000 41.50000 -17.00000
-20.00000 42.00000 -16.50000
-19.50000 43.00000 -21.00000
-20.00000 43.00000 -20.50000
-19.50000 43.00000 -16.00000
-20.00000 43.00000 -16.50000
-20.00000 44.00000 -20.50000
-20.00000 44.00000 -16.50000
-19.50000 44.00000 -13.00000
-20.00000 44.00000 -13.50000
-20.00000 43.50000 -13.00000
-20.00000 43.50000 -12.00000
-19.50000 44.00000 -12.00000
-20.00000 44.00000 -11.50000
-20.00000 45.00000 -20.50000
-20.00000 45.00000 -16.50000
-19.50000 45.00000 -14.00000
-20.00000 45.00000 -14.50000
-20.00000 44.50000 -14.00000
-19.50000 45.00000 -13.00000
-19.50000 45.00000 -12.00000
-20.00000 45.00000 -11.50000
-20.00000 46.00000 -20.50000
-20.00000 46.00000 -16.50000
-19.50000 46.00000 -15.00000
-20.00000 46.00000 -15.50000
-20.00000 45.50000 -15.00000
-19.50000 46.00000 -14.00000
-19.50000 46.00000 -13.00000
-19.50000 46.00000 -12.00000
-20.00000 45.50000 -11.00000
-19.50000 46.00000 -11.00000
-20.00000 46.00000 -10.50000
-20.00000 47.00000 -20.50000
-20.00000 46.50000 -16.00000
-19.50000 47.00000 -16.00000
-19.50000 47.00000 -15.00000
-19.50000 47.00000 -14.00000
-19.50000 47.00000 -12.00000
-19.50000 47.00000 -11.00000
-20.00000 47.00000 -10.50000
-20.00000 48.00000 -20.50000
-19.50000 48.00000 -16.00000
-19.50000 48.00000 -11.00000
-20.00000 48.00000 -10.50000
-20.00000 49.00000 -20.50000
-19.50000 49.00000 -11.00000
-20.00000 49.00000 -10.50000
-20.00000 49.50000 -20.00000
-19.50000 50.00000 -20.00000
-20.00000 50.00000 -19.50000
-20.00000 50.00000 -10.50000
-19.50000 51.00000 -20.00000
-20.00000 51.00000 -19.50000
-19.50000 51.00000 -14.00000
-20.00000 50.50000 -14.00000
-20.00000 51.00000 -14.50000
-20.00000 51.00000 -13.50000
-19.50000 51.00000 -11.00000
-20.00000 51.00000 -10.50000
-19.50000 52.00000 -19.00000
-20.00000 51.50000 -19.00000
-20.00000 52.00000 -18.50000
-19.50000 52.00000 -14.00000
-20.00000 52.00000 -14.50000
-20.00000 52.00000 -13.50000
-19.50000 52.00000 -11.00000
-20.00000 52.00000 -10.50000
-19.50000 53.00000 -19.00000
-20.00000 53.00000 -18.50000
-20.00000 52.50000 -14.00000
-20.00000 52.50000 -11.00000
-20.00000 53.00000 -11.50000
-20.00000 54.00000 -18.50000
-19.50000 54.00000 -12.00000
-20.00000 54.00000 -11.50000
-20.00000 55.00000 -18.50000
-20.00000 54.50000 -12.00000
-20.00000 55.00000 -12.50000
-20.00000 56.00000 -18.50000
-20.00000 56.00000 -12.50000
-20.00000 57.00000 -18.50000
-20.00000 57.00000 -12.50000
-20.00000 58.00000 -18.50000
-20.00000 58.00000 -12.50000
-20.00000 59.00000 -18.50000
-19.50000 59.00000 -17.00000
-20.00000 58.50000 -17.00000
-20.00000 59.00000 -17.50000
-20.00000 58.50000 -16.00000
-20.00000 58.50000 -15.00000
-20.00000 58.50000 -14.00000
-20.00000 58.50000 -13.00000
-20.00000 59.50000 -18.00000
-19.50000 60.00000 -18.00000
-20.50000 -2.00000 -12.00000
-21.00000 -1.00000 -12.50000
-21.00000 -1.50000 -12.00000
-21.00000 -1.00000 -11.50000
-21.00000 0.00000 -12.50000
-21.00000 0.00000 -11.50000
-21.00000 1.00000 -13.50000
-21.00000 0.50000 -13.00000
-20.50000 0.50000 -12.50000
-21.00000 0.50000 -12.00000
-20.50000 1.00000 -12.00000
-21.00000 1.00000 -12.50000
-21.00000 2.00000 -14.50000
-21.00000 1.50000 -14.00000
-21.00000 2.00000 -12.50000
-21.00000 3.00000 -16.50000
-21.00000 2.50000 -16.00000
-21.00000 2.50000 -15.00000
-21.00000 2.50000 -13.00000
-21.00000 3.00000 -13.50000
-21.00000 4.00000 -17.50000
-21.00000 3.50000 -17.00000
-21.00000 4.00000 -13.50000
-20.50000 5.00000 -19.00000
-21.00000 5.00000 -18.50000
-21.00000 4.50000 -18.00000
-20.50000 5.00000 -14.00000
-21.00000 5.00000 -13.50000
-20.50000 6.00000 -21.00000
-21.00000 6.00000 -20.50000
-21.00000 5.50000 -20.00000
-21.00000 5.50000 -19.00000
-20.50000 6.00000 -14.00000
-21.00000 6.00000 -13.50000
-21.00000 7.00000 -23.50000
-21.00000 6.50000 -23.00000
-21.00000 6.50000 -22.00000
-21.00000 6.50000 -21.00000
-20.50000 7.00000 -14.00000
-21.00000 7.00000 -13.50000
-21.00000 8.00000 -25.50000
-21.00000 7.50000 -25.00000
-21.00000 7.50000 -24.00000
-20.50000 8.00000 -15.00000
-21.00000 8.00000 -14.50000
-21.00000 7.50000 -14.00000
-21.00000 9.00000 -26.50000
-21.00000 8.50000 -26.00000
-20.50000 9.00000 -17.00000
-21.00000 8.50000 -17.00000
-21.00000 9.00000 -17.50000
-21.00000 8.50000 -16.00000
-21.00000 8.50000 -15.00000
-21.00000 10.00000 -27.50000
-21.00000 9.50000 -27.00000
-20.50000 10.00000 -19.00000
-21.00000 9.50000 -19.00000
-21.00000 10.00000 -19.50000
-20.50000 10.00000 -18.00000
-21.00000 9.50000 -18.00000
-21.00000 11.00000 -27.50000
-20.50000 11.00000 -21.00000
-21.00000 10.50000 -21.00000
-21.00000 11.00000 -21.50000
-20.50000 11.00000 -20.00000
-21.00000 10.50000 -20.00000
-20.50000 11.00000 -19.00000
-20.50000 11.00000 -18.00000
-21.00000 12.00000 -27.50000
-21.00000 11.50000 -22.00000
-21.00000 12.00000 -22.50000
-21.00000 13.00000 -27.50000
-21.00000 12.50000 -22.00000
-21.00000 13.00000 -21.50000
-20.50000 14.00000 -27.00000
-21.00000 14.00000 -27.50000
-21.00000 13.50000 -21.00000
-21.00000 14.00000 -20.50000
-21.00000 14.50000 -27.00000
-21.00000 15.00000 -26.50000
-21.00000 14.50000 -20.00000
-21.00000 15.00000 -19.50000
-20.50000 16.00000 -26.00000
-21.00000 16.00000 -26.50000
-21.00000 16.00000 -19.50000
-21.00000 16.50000 -26.00000
-21.00000 17.00000 -25.50000
-21.00000 16.50000 -19.00000
-21.00000 17.00000 -18.50000
-21.00000 17.50000 -25.00000
-21.00000 18.00000 -24.50000
-20.50000 18.00000 -22.00000
-21.00000 17.50000 -18.00000
-21.00000 18.00000 -17.50000
-21.00000 19.00000 -24.50000
-20.50000 19.00000 -22.00000
-21.00000 19.00000 -17.50000
-20.50000 20.00000 -25.00000
-21.00000 20.00000 -24.50000
-21.00000 20.00000 -21.50000
-20.50000 20.00000 -21.00000
-21.00000 19.50000 -21.00000
-21.00000 20.00000 -20.50000
-21.00000 19.50000 -17.00000
-21.00000 20.00000 -16.50000
-20.50000 21.00000 -25.00000
-21.00000 21.00000 -24.50000
-20.50000 21.00000 -21.00000
-21.00000 21.00000 -21.50000
-21.00000 20.50000 -20.00000
-20.50000 21.00000 -20.00000
-21.00000 21.00000 -19.50000
-21.00000 21.00000 -16.50000
-20.50000 22.00000 -25.00000
-21.00000 22.00000 -24.50000
-21.00000 21.50000 -21.00000
-21.00000 22.00000 -20.50000
-20.50000 22.00000 -20.00000
-21.00000 21.50000 -19.00000
-20.50000 22.00000 -19.00000
-21.00000 22.00000 -18.50000
-21.00000 21.50000 -16.00000
-21.00000 22.00000 -15.50000
-20.50000 23.00000 -25.00000
-21.00000 23.00000 -24.50000
-21.00000 22.50000 -20.00000
-21.00000 23.00000 -19.50000
-20.50000 23.00000 -19.00000
-21.00000 22.50000 -18.00000
-20.50000 23.00000 -18.00000
-21.00000 23.00000 -17.50000
-21.00000 22.50000 -15.00000
-20.50000 23.00000 -15.00000
-21.00000 23.00000 -14.50000
-20.50000 24.00000 -25.00000
-21.00000 24.00000 -24.50000
-21.00000 23.50000 -19.00000
-21.00000 24.00000 -18.50000
-20.50000 24.00000 -18.00000
-21.00000 24.00000 -17.50000
-21.00000 24.00000 -14.50000
-20.50000 25.00000 -25.00000
-21.00000 25.00000 -24.50000
-20.50000 25.00000 -18.00000
-21.00000 25.00000 -18.50000
-21.00000 25.00000 -17.50000
-21.00000 24.50000 -14.00000
-20.50000 25.00000 -14.00000
-21.00000 25.00000 -13.50000
-20.50000 26.00000 -25.00000
-21.00000 26.00000 -24.50000
-20.50000 26.00000 -21.00000
-21.00000 25.50000 -18.00000
-20.50000 26.00000 -14.00000
-21.00000 26.00000 -13.50000
-21.00000 27.00000 -24.50000
-20.50000 27.00000 -21.00000
-20.50000 27.00000 -20.00000
-21.00000 26.50000 -13.00000
-20.50000 27.00000 -13.00000
-21.00000 27.00000 -12.50000
-21.00000 28.00000 -24.50000
-20.50000 28.00000 -21.00000
-20.50000 28.00000 -20.00000
-20.50000 28.00000 -13.00000
-21.00000 28.00000 -12.50000
-21.00000 29.00000 -24.50000
-20.50000 29.00000 -21.00000
-21.00000 29.00000 -20.50000
-21.00000 28.50000 -20.00000
-20.50000 29.00000 -19.00000
-21.00000 29.00000 -19.50000
-21.00000 28.50000 -12.00000
-20.50000 29.00000 -12.00000
-21.00000 29.00000 -11.50000
-21.00000 30.00000 -24.50000
-21.00000 29.50000 -21.00000
-21.00000 30.00000 -21.50000
-20.50000 30.00000 -19.00000
-21.00000 30.00000 -19.50000
-20.50000 30.00000 -12.00000
-21.00000 30.00000 -11.50000
-21.00000 31.00000 -24.50000
-21.00000 30.50000 -21.00000
-20.50000 31.00000 -21.00000
-21.00000 31.00000 -20.50000
-21.00000 30.50000 -19.00000
-21.00000 31.00000 -18.50000
-21.00000 30.50000 -11.00000
-20.50000 31.00000 -11.00000
-21.00000 31.00000 -10.50000
-21.00000 31.50000 -24.00000
-20.50000 32.00000 -24.00000
-21.00000 32.00000 -23.50000
-21.00000 32.00000 -20.50000
-20.50000 32.00000 -18.00000
-21.00000 32.00000 -18.50000
-20.50000 32.00000 -11.00000
-21.00000 32.00000 -10.50000
-20.50000 33.00000 -24.00000
-21.00000 33.00000 -23.50000
-21.00000 33.00000 -20.50000
-21.00000 32.50000 -18.00000
-21.00000 33.00000 -17.50000
-20.50000 33.00000 -11.00000
-21.00000 32.50000 -10.00000
-20.50000 33.00000 -10.00000
-21.00000 33.00000 -9.50000
-21.00000 34.00000 -23.50000
-21.00000 34.00000 -20.50000
-20.50000 34.00000 -17.00000
-21.00000 34.00000 -17.50000
-20.50000 34.00000 -11.00000
-20.50000 34.00000 -10.00000
-21.00000 34.00000 -9.50000
-21.00000 35.00000 -23.50000
-21.00000 34.50000 -20.00000
-21.00000 35.00000 -19.50000
-20.50000 35.00000 -17.00000
-21.00000 35.00000 -17.50000
-20.50000 35.00000 -11.00000
-20.50000 35.00000 -10.00000
-21.00000 35.00000 -9.50000
-21.00000 35.50000 -23.00000
-20.50000 36.00000 -23.00000
-21.00000 36.00000 -22.50000
-20.50000 36.00000 -19.00000
-21.00000 36.00000 -19.50000
-21.00000 35.50000 -17.00000
-20.50000 36.00000 -16.00000
-21.00000 36.00000 -16.50000
-20.50000 36.00000 -11.00000
-20.50000 36.00000 -10.00000
-21.00000 36.00000 -9.50000
-21.00000 37.00000 -22.50000
-21.00000 36.50000 -19.00000
-21.00000 37.00000 -18.50000
-21.00000 36.50000 -16.00000
-20.50000 37.00000 -15.00000
-21.00000 37.00000 -15.50000
-20.50000 37.00000 -11.00000
-21.00000 37.00000 -10.50000
-21.00000 36.50000 -10.00000
-21.00000 37.50000 -22.00000
-20.50000 38.00000 -22.00000
-21.00000 38.00000 -21.50000
-21.00000 38.00000 -18.50000
-20.50000 38.00000 -15.00000
-21.00000 38.00000 -15.50000
-20.50000 38.00000 -12.00000
-21.00000 38.00000 -11.50000
-21.00000 37.50000 -11.00000
-20.50000 39.00000 -22.00000
-21.00000 39.00000 -21.50000
-20.50000 39.00000 -18.00000
-21.00000 39.00000 -18.50000
-20.50000 39.00000 -15.00000
-21.00000 39.00000 -15.50000
-20.50000 39.00000 -14.00000
-20.50000 39.00000 -13.00000
-20.50000 39.00000 -12.00000
-21.00000 39.00000 -11.50000
-21.00000 40.00000 -21.50000
-21.00000 39.50000 -18.00000
-21.00000 40.00000 -17.50000
-21.00000 39.50000 -15.00000
-20.50000 40.00000 -14.00000
-21.00000 40.00000 -14.50000
-20.50000 40.00000 -13.00000
-20.50000 40.00000 -12.00000
-21.00000 40.00000 -11.50000
-21.00000 41.00000 -21.50000
-21.00000 41.00000 -17.50000
-20.50000 41.00000 -14.00000
-21.00000 41.00000 -14.50000
-20.50000 41.00000 -13.00000
-20.50000 41.00000 -12.00000
-21.00000 41.00000 -11.50000
-21.00000 41.50000 -21.00000
-21.00000 42.00000 -20.50000
-20.50000 42.00000 -17.00000
-21.00000 42.00000 -17.50000
-20.50000 42.00000 -14.00000
-21.00000 42.00000 -14.50000
-20.50000 42.00000 -13.00000
-20.50000 42.00000 -12.00000
-21.00000 41.50000 -11.00000
-20.50000 42.00000 -11.00000
-21.00000 42.00000 -10.50000
-21.00000 43.00000 -20.50000
-20.50000 43.00000 -17.00000
-21.00000 43.00000 -17.50000
-20.50000 43.00000 -14.00000
-21.00000 43.00000 -14.50000
-20.50000 43.00000 -13.00000
-20.50000 43.00000 -12.00000
-20.50000 43.00000 -11.00000
-21.00000 43.00000 -10.50000
-21.00000 44.00000 -20.50000
-21.00000 43.50000 -17.00000
-21.00000 44.00000 -16.50000
-20.50000 44.00000 -15.00000
-21.00000 44.00000 -15.50000
-21.00000 43.50000 -15.00000
-20.50000 44.00000 -14.00000
-20.50000 44.00000 -11.00000
-21.00000 44.00000 -10.50000
-21.00000 45.00000 -20.50000
-21.00000 44.50000 -16.00000
-20.50000 45.00000 -16.00000
-20.50000 45.00000 -15.00000
-20.50000 45.00000 -11.00000
-21.00000 44.50000 -10.00000
-20.50000 45.00000 -10.00000
-21.00000 45.00000 -9.50000
-21.00000 45.50000 -20.00000
-20.50000 46.00000 -20.00000
-21.00000 46.00000 -19.50000
-20.50000 46.00000 -16.00000
-20.50000 46.00000 -10.00000
-21.00000 46.00000 -9.50000
-20.50000 47.00000 -20.00000
-21.00000 47.00000 -19.50000
-20.50000 47.00000 -13.00000
-21.00000 46.50000 -13.00000
-21.00000 47.00000 -13.50000
-21.00000 47.00000 -12.50000
-20.50000 47.00000 -10.00000
-21.00000 47.00000 -9.50000
-20.50000 48.00000 -20.00000
-21.00000 48.00000 -19.50000
-20.50000 48.00000 -13.00000
-21.00000 48.00000 -13.50000
-21.00000 48.00000 -12.50000
-20.50000 48.00000 -10.00000
-21.00000 48.00000 -9.50000
-20.50000 49.00000 -20.00000
-21.00000 49.00000 -19.50000
-20.50000 49.00000 -14.00000
-21.00000 48.50000 -14.00000
-21.00000 49.00000 -14.50000
-20.50000 49.00000 -13.00000
-21.00000 49.00000 -12.50000
-20.50000 49.00000 -10.00000
-21.00000 49.00000 -9.50000
-21.00000 50.00000 -19.50000
-20.50000 50.00000 -14.00000
-21.00000 50.00000 -14.50000
-20.50000 50.00000 -13.00000
-21.00000 50.00000 -12.50000
-20.50000 50.00000 -10.00000
-21.00000 50.00000 -9.50000
-21.00000 50.50000 -19.00000
-20.50000 51.00000 -19.00000
-21.00000 51.00000 -18.50000
-21.00000 51.00000 -14.50000
-20.50000 51.00000 -13.00000
-21.00000 51.00000 -12.50000
-21.00000 50.50000 -10.00000
-21.00000 51.00000 -10.50000
-21.00000 52.00000 -18.50000
-21.00000 52.00000 -14.50000
-21.00000 52.00000 -13.50000
-21.00000 51.50000 -13.00000
-21.00000 52.00000 -10.50000
-21.00000 53.00000 -18.50000
-21.00000 52.50000 -14.00000
-20.50000 53.00000 -11.00000
-21.00000 53.00000 -10.50000
-21.00000 54.00000 -18.50000
-21.00000 53.50000 -11.00000
-21.00000 54.00000 -11.50000
-21.00000 55.00000 -18.50000
-21.00000 54.50000 -12.00000
-21.00000 55.00000 -12.50000
-21.00000 56.00000 -18.50000
-21.00000 56.00000 -12.50000
-21.00000 56.50000 -18.00000
-20.50000 57.00000 -18.00000
-21.00000 57.00000 -17.50000
-21.00000 57.00000 -12.50000
-20.50000 58.00000 -18.00000
-21.00000 58.00000 -17.50000
-20.50000 58.00000 -14.00000
-21.00000 57.50000 -14.00000
-21.00000 58.00000 -14.50000
-20.50000 58.00000 -13.00000
-21.00000 57.50000 -13.00000
-20.50000 59.00000 -18.00000
-21.00000 58.50000 -17.00000
-21.00000 58.50000 -16.00000
-21.00000 58.50000 -15.00000
-21.50000 -1.00000 -12.00000
-22.00000 0.00000 -12.50000
-22.00000 -0.50000 -12.00000
-22.00000 0.00000 -11.50000
-21.50000 1.00000 -14.00000
-22.00000 1.00000 -14.50000
-22.00000 0.50000 -14.00000
-22.00000 0.50000 -13.00000
-22.00000 0.50000 -12.00000
-22.00000 1.00000 -12.50000
-22.00000 2.00000 -14.50000
-22.00000 2.00000 -12.50000
-21.50000 3.00000 -16.00000
-22.00000 3.00000 -15.50000
-22.00000 2.50000 -15.00000
-22.00000 2.50000 -13.00000
-22.00000 3.00000 -13.50000
-21.50000 4.00000 -17.00000
-22.00000 4.00000 -16.50000
-22.00000 3.50000 -16.00000
-22.00000 4.00000 -13.50000
-22.00000 5.00000 -18.50000
-22.00000 4.50000 -18.00000
-22.00000 4.50000 -17.00000
-22.00000 5.00000 -13.50000
-22.00000 6.00000 -20.50000
-22.00000 5.50000 -20.00000
-22.00000 5.50000 -19.00000
-22.00000 6.00000 -13.50000
-22.00000 7.00000 -23.50000
-22.00000 6.50000 -23.00000
-22.00000 6.50000 -22.00000
-22.00000 6.50000 -21.00000
-22.00000 7.00000 -13.50000
-21.50000 8.00000 -25.00000
-22.00000 8.00000 -24.50000
-22.00000 7.50000 -24.00000
-21.50000 8.00000 -14.00000
-22.00000 8.00000 -13.50000
-22.00000 9.00000 -26.50000
-22.00000 8.50000 -26.00000
-22.00000 8.50000 -25.00000
-21.50000 9.00000 -17.00000
-21.50000 9.00000 -16.00000
-21.50000 9.00000 -15.00000
-22.00000 9.00000 -14.50000
-22.00000 8.50000 -14.00000
-21.50000 10.00000 -27.00000
-22.00000 10.00000 -26.50000
-21.50000 10.00000 -20.00000
-22.00000 9.50000 -20.00000
-22.00000 10.00000 -20.50000
-22.00000 9.50000 -19.00000
-22.00000 9.50000 -18.00000
-22.00000 9.50000 -17.00000
-22.00000 9.50000 -16.00000
-22.00000 9.50000 -15.00000
-22.00000 11.00000 -27.50000
-22.00000 10.50000 -27.00000
-21.50000 11.00000 -22.00000
-22.00000 10.50000 -22.00000
-22.00000 11.00000 -22.50000
-22.00000 10.50000 -21.00000
-22.00000 12.00000 -27.50000
-22.00000 12.00000 -22.50000
-22.00000 13.00000 -27.50000
-22.00000 12.50000 -22.00000
-22.00000 13.00000 -21.50000
-22.00000 14.00000 -27.50000
-21.50000 14.00000 -21.00000
-22.00000 14.00000 -21.50000
-21.50000 15.00000 -27.00000
-22.00000 15.00000 -27.50000
-22.00000 14.50000 -21.00000
-21.50000 15.00000 -20.00000
-22.00000 15.00000 -20.50000
-22.00000 15.50000 -27.00000
-22.00000 16.00000 -26.50000
-22.00000 15.50000 -20.00000
-22.00000 16.00000 -19.50000
-21.50000 17.00000 -26.00000
-22.00000 17.00000 -26.50000
-22.00000 16.50000 -19.00000
-22.00000 17.00000 -18.50000
-22.00000 17.50000 -26.00000
-21.50000 18.00000 -25.00000
-22.00000 18.00000 -25.50000
-21.50000 18.00000 -18.00000
-22.00000 18.00000 -18.50000
-21.50000 19.00000 -25.00000
-22.00000 19.00000 -25.50000
-22.00000 18.50000 -18.00000
-22.00000 19.00000 -17.50000
-22.00000 19.50000 -25.00000
-22.00000 20.00000 -24.50000
-21.50000 20.00000 -21.00000
-21.50000 20.00000 -17.00000
-22.00000 20.00000 -17.50000
-22.00000 21.00000 -24.50000
-21.50000 21.00000 -21.00000
-21.50000 21.00000 -20.00000
-22.00000 20.50000 -17.00000
-22.00000 21.00000 -16.50000
-22.00000 22.00000 -24.50000
-21.50000 22.00000 -20.00000
-21.50000 22.00000 -19.00000
-22.00000 21.50000 -16.00000
-22.00000 22.00000 -15.50000
-22.00000 23.00000 -24.50000
-22.00000 22.50000 -19.00000
-22.00000 23.00000 -19.50000
-21.50000 23.00000 -18.00000
-22.00000 23.00000 -18.50000
-21.50000 23.00000 -15.00000
-22.00000 23.00000 -15.50000
-22.00000 24.00000 -24.50000
-21.50000 24.00000 -19.00000
-22.00000 24.00000 -19.50000
-22.00000 23.50000 -18.00000
-22.00000 24.00000 -17.50000
-22.00000 23.50000 -15.00000
-22.00000 24.00000 -14.50000
-22.00000 25.00000 -24.50000
-21.50000 25.00000 -19.00000
-22.00000 25.00000 -19.50000
-22.00000 24.50000 -17.00000
-21.50000 25.00000 -17.00000
-22.00000 25.00000 -16.50000
-22.00000 24.50000 -14.00000
-22.00000 25.00000 -13.50000
-22.00000 26.00000 -24.50000
-22.00000 25.50000 -19.00000
-21.50000 26.00000 -18.00000
-22.00000 26.00000 -18.50000
-21.50000 26.00000 -17.00000
-22.00000 26.00000 -16.50000
-22.00000 26.00000 -13.50000
-22.00000 27.00000 -24.50000
-22.00000 26.50000 -18.00000
-22.00000 27.00000 -17.50000
-21.50000 27.00000 -17.00000
-22.00000 26.50000 -16.00000
-21.50000 27.00000 -16.00000
-22.00000 27.00000 -15.50000
-22.00000 26.50000 -13.00000
-22.00000 27.00000 -12.50000
-22.00000 28.00000 -24.50000
-21.50000 28.00000 -17.00000
-22.00000 28.00000 -17.50000
-21.50000 28.00000 -16.00000
-22.00000 28.00000 -15.50000
-22.00000 27.50000 -12.00000
-21.50000 28.00000 -12.00000
-22.00000 28.00000 -11.50000
-22.00000 29.00000 -24.50000
-21.50000 29.00000 -20.00000
-22.00000 28.50000 -17.00000
-22.00000 29.00000 -16.50000
-21.50000 29.00000 -16.00000
-22.00000 28.50000 -15.00000
-21.50000 29.00000 -15.00000
-22.00000 29.00000 -14.50000
-22.00000 29.00000 -11.50000
-22.00000 29.50000 -24.00000
-21.50000 30.00000 -24.00000
-22.00000 30.00000 -23.50000
-21.50000 30.00000 -21.00000
-21.50000 30.00000 -20.00000
-21.50000 30.00000 -16.00000
-22.00000 30.00000 -16.50000
-21.50000 30.00000 -15.00000
-22.00000 30.00000 -14.50000
-22.00000 29.50000 -11.00000
-21.50000 30.00000 -11.00000
-22.00000 30.00000 -10.50000
-21.50000 31.00000 -24.00000
-22.00000 31.00000 -23.50000
-21.50000 31.00000 -20.00000
-21.50000 31.00000 -19.00000
-22.00000 30.50000 -16.00000
-22.00000 31.00000 -15.50000
-21.50000 31.00000 -15.00000
-22.00000 30.50000 -14.00000
-21.50000 31.00000 -14.00000
-22.00000 31.00000 -13.50000
-22.00000 31.00000 -10.50000
-22.00000 32.00000 -23.50000
-22.00000 31.50000 -20.00000
-22.00000 32.00000 -20.50000
-21.50000 32.00000 -19.00000
-22.00000 32.00000 -19.50000
-21.50000 32.00000 -15.00000
-22.00000 32.00000 -15.50000
-21.50000 32.00000 -14.00000
-22.00000 32.00000 -13.50000
-22.00000 31.50000 -10.00000
-21.50000 32.00000 -10.00000
-22.00000 32.00000 -9.50000
-22.00000 33.00000 -23.50000
-22.00000 33.00000 -20.50000
-22.00000 32.50000 -19.00000
-21.50000 33.00000 -18.00000
-22.00000 33.00000 -18.50000
-22.00000 32.50000 -15.00000
-22.00000 33.00000 -14.50000
-21.50000 33.00000 -14.00000
-22.00000 33.00000 -13.50000
-22.00000 33.00000 -9.50000
-22.00000 34.00000 -23.50000
-22.00000 33.50000 -20.00000
-21.50000 34.00000 -20.00000
-22.00000 34.00000 -19.50000
-21.50000 34.00000 -18.00000
-22.00000 34.00000 -18.50000
-21.50000 34.00000 -14.00000
-22.00000 34.00000 -14.50000
-22.00000 33.50000 -13.00000
-21.50000 34.00000 -13.00000
-22.00000 34.00000 -12.50000
-22.00000 34.00000 -9.50000
-22.00000 34.50000 -23.00000
-21.50000 35.00000 -23.00000
-22.00000 35.00000 -22.50000
-22.00000 35.00000 -19.50000
-22.00000 34.50000 -18.00000
-22.00000 35.00000 -17.50000
-22.00000 34.50000 -14.00000
-22.00000 34.50000 -13.00000
-22.00000 34.50000 -9.00000
-21.50000 35.00000 -9.00000
-22.00000 35.00000 -8.50000
-22.00000 36.00000 -22.50000
-22.00000 36.00000 -19.50000
-21.50000 36.00000 -17.00000
-22.00000 36.00000 -17.50000
-22.00000 35.50000 -9.00000
-22.00000 36.00000 -9.50000
-22.00000 37.00000 -22.50000
-22.00000 36.50000 -19.00000
-22.00000 37.00000 -18.50000
-22.00000 36.50000 -17.00000
-21.50000 37.00000 -16.00000
-22.00000 37.00000 -16.50000
-21.50000 37.00000 -10.00000
-22.00000 37.00000 -9.50000
-22.00000 37.50000 -22.00000
-22.00000 38.00000 -21.50000
-22.00000 38.00000 -18.50000
-21.50000 38.00000 -16.00000
-22.00000 38.00000 -16.50000
-21.50000 38.00000 -11.00000
-22.00000 38.00000 -10.50000
-22.00000 37.50000 -10.00000
-22.00000 39.00000 -21.50000
-22.00000 39.00000 -18.50000
-22.00000 38.50000 -16.00000
-22.00000 39.00000 -15.50000
-22.00000 38.50000 -11.00000
-22.00000 39.00000 -11.50000
-22.00000 40.00000 -21.50000
-21.50000 40.00000 -18.00000
-22.00000 40.00000 -18.50000
-21.50000 40.00000 -15.00000
-22.00000 40.00000 -15.50000
-22.00000 40.00000 -11.50000
-22.00000 40.50000 -21.00000
-21.50000 41.00000 -21.00000
-22.00000 41.00000 -20.50000
-21.50000 41.00000 -18.00000
-22.00000 41.00000 -18.50000
-21.50000 41.00000 -15.00000
-22.00000 41.00000 -15.50000
-22.00000 40.50000 -11.00000
-21.50000 41.00000 -11.00000
-22.00000 41.00000 -10.50000
-22.00000 42.00000 -20.50000
-22.00000 41.50000 -18.00000
-22.00000 42.00000 -17.50000
-21.50000 42.00000 -15.00000
-22.00000 42.00000 -15.50000
-22.00000 42.00000 -10.50000
-22.00000 43.00000 -20.50000
-22.00000 43.00000 -17.50000
-21.50000 43.00000 -15.00000
-22.00000 43.00000 -15.50000
-22.00000 42.50000 -10.00000
-21.50000 43.00000 -10.00000
-22.00000 43.00000 -9.50000
-22.00000 44.00000 -20.50000
-22.00000 43.50000 -17.00000
-22.00000 43.50000 -16.00000
-21.50000 44.00000 -16.00000
-21.50000 44.00000 -13.00000
-22.00000 43.50000 -13.00000
-22.00000 44.00000 -13.50000
-21.50000 44.00000 -12.00000
-22.00000 43.50000 -12.00000
-22.00000 44.00000 -11.50000
-21.50000 44.00000 -10.00000
-22.00000 44.00000 -9.50000
-22.00000 44.50000 -20.00000
-21.50000 45.00000 -20.00000
-22.00000 45.00000 -19.50000
-21.50000 45.00000 -13.00000
-22.00000 45.00000 -13.50000
-21.50000 45.00000 -12.00000
-22.00000 45.00000 -11.50000
-22.00000 45.00000 -9.50000
-22.00000 46.00000 -19.50000
-21.50000 46.00000 -13.00000
-22.00000 46.00000 -13.50000
-21.50000 46.00000 -12.00000
-22.00000 46.00000 -11.50000
-22.00000 46.00000 -9.50000
-22.00000 47.00000 -19.50000
-21.50000 47.00000 -14.00000
-22.00000 46.50000 -14.00000
-22.00000 47.00000 -14.50000
-21.50000 47.00000 -12.00000
-22.00000 47.00000 -11.50000
-22.00000 47.00000 -9.50000
-22.00000 48.00000 -19.50000
-21.50000 48.00000 -14.00000
-22.00000 48.00000 -14.50000
-21.50000 48.00000 -12.00000
-22.00000 48.00000 -11.50000
-22.00000 48.00000 -9.50000
-22.00000 48.50000 -19.00000
-21.50000 49.00000 -19.00000
-22.00000 49.00000 -18.50000
-21.50000 49.00000 -15.00000
-22.00000 48.50000 -15.00000
-22.00000 49.00000 -15.50000
-21.50000 49.00000 -12.00000
-22.00000 49.00000 -11.50000
-22.00000 49.00000 -9.50000
-21.50000 50.00000 -19.00000
-22.00000 49.50000 -18.00000
-21.50000 50.00000 -18.00000
-22.00000 50.00000 -17.50000
-21.50000 50.00000 -15.00000
-22.00000 50.00000 -15.50000
-22.00000 50.00000 -12.50000
-22.00000 49.50000 -12.00000
-22.00000 50.00000 -9.50000
-21.50000 51.00000 -18.00000
-22.00000 51.00000 -17.50000
-22.00000 50.50000 -15.00000
-22.00000 51.00000 -14.50000
-21.50000 51.00000 -13.00000
-22.00000 51.00000 -13.50000
-22.00000 50.50000 -13.00000
-22.00000 50.50000 -10.00000
-22.00000 51.00000 -10.50000
-21.50000 52.00000 -18.00000
-22.00000 52.00000 -17.50000
-22.00000 51.50000 -14.00000
-21.50000 52.00000 -14.00000
-22.00000 52.00000 -10.50000
-21.50000 53.00000 -18.00000
-22.00000 53.00000 -17.50000
-22.00000 53.00000 -10.50000
-21.50000 54.00000 -18.00000
-22.00000 54.00000 -17.50000
-22.00000 53.50000 -11.00000
-22.00000 54.00000 -11.50000
-21.50000 55.00000 -18.00000
-22.00000 55.00000 -17.50000
-22.00000 54.50000 -12.00000
-22.00000 55.00000 -12.50000
-21.50000 56.00000 -18.00000
-22.00000 56.00000 -17.50000
-22.00000 56.00000 -12.50000
-22.00000 57.00000 -17.50000
-22.00000 57.00000 -12.50000
-22.00000 57.50000 -17.00000
-21.50000 58.00000 -17.00000
-21.50000 58.00000 -16.00000
-22.00000 57.50000 -16.00000
-21.50000 58.00000 -15.00000
-22.00000 57.50000 -15.00000
-22.00000 57.50000 -14.00000
-22.00000 57.50000 -13.00000
-23.00000 0.00000 -12.50000
-23.00000 -0.50000 -12.00000
-23.00000 0.00000 -11.50000
-22.50000 1.00000 -14.00000
-23.00000 1.00000 -13.50000
-23.00000 0.50000 -13.00000
-22.50000 0.50000 -12.50000
-22.50000 1.00000 -12.00000
-23.00000 1.00000 -11.50000
-22.50000 2.00000 -14.00000
-23.00000 2.00000 -13.50000
-23.00000 1.50000 -12.00000
-23.00000 2.00000 -12.50000
-23.00000 3.00000 -15.50000
-23.00000 2.50000 -15.00000
-23.00000 2.50000 -14.00000
-22.50000 3.00000 -13.00000
-23.00000 3.00000 -12.50000
-23.00000 4.00000 -16.50000
-23.00000 3.50000 -16.00000
-23.00000 3.50000 -13.00000
-23.00000 4.00000 -13.50000
-22.50000 5.00000 -18.00000
-23.00000 5.00000 -17.50000
-23.00000 4.50000 -17.00000
-23.00000 5.00000 -13.50000
-22.50000 6.00000 -20.00000
-23.00000 6.00000 -19.50000
-23.00000 5.50000 -19.00000
-23.00000 5.50000 -18.00000
-23.00000 6.00000 -13.50000
-23.00000 7.00000 -23.50000
-23.00000 6.50000 -23.00000
-23.00000 6.50000 -22.00000
-23.00000 6.50000 -21.00000
-23.00000 6.50000 -20.00000
-23.00000 7.00000 -13.50000
-23.00000 8.00000 -24.50000
-23.00000 7.50000 -24.00000
-23.00000 8.00000 -13.50000
-22.50000 9.00000 -26.00000
-23.00000 9.00000 -25.50000
-23.00000 8.50000 -25.00000
-23.00000 8.50000 -14.00000
-23.00000 9.00000 -14.50000
-23.00000 10.00000 -26.50000
-23.00000 9.50000 -26.00000
-23.00000 9.50000 -20.00000
-23.00000 10.00000 -20.50000
-23.00000 9.50000 -19.00000
-23.00000 9.50000 -18.00000
-23.00000 9.50000 -17.00000
-23.00000 9.50000 -16.00000
-23.00000 9.50000 -15.00000
-23.00000 11.00000 -27.50000
-23.00000 10.50000 -27.00000
-23.00000 10.50000 -22.00000
-23.00000 11.00000 -22.50000
-23.00000 10.50000 -21.00000
-23.00000 12.00000 -27.50000
-22.50000 12.00000 -23.00000
-23.00000 11.50000 -23.00000
-23.00000 12.00000 -23.50000
-23.00000 13.00000 -27.50000
-22.50000 13.00000 -23.00000
-23.00000 13.00000 -23.50000
-22.50000 13.00000 -22.00000
-23.00000 14.00000 -27.50000
-23.00000 13.50000 -23.00000
-23.00000 14.00000 -22.50000
-22.50000 14.00000 -22.00000
-23.00000 15.00000 -27.50000
-23.00000 14.50000 -22.00000
-22.50000 15.00000 -21.00000
-23.00000 15.00000 -21.50000
-22.50000 16.00000 -27.00000
-23.00000 16.00000 -27.50000
-23.00000 15.50000 -21.00000
-22.50000 16.00000 -20.00000
-23.00000 16.00000 -20.50000
-23.00000 16.50000 -27.00000
-23.00000 17.00000 -26.50000
-23.00000 16.50000 -20.00000
-22.50000 17.00000 -19.00000
-23.00000 17.00000 -19.50000
-23.00000 17.50000 -26.00000
-23.00000 18.00000 -25.50000
-22.50000 18.00000 -19.00000
-23.00000 18.00000 -19.50000
-23.00000 19.00000 -25.50000
-23.00000 18.50000 -19.00000
-22.50000 19.00000 -18.00000
-23.00000 19.00000 -18.50000
-23.00000 19.50000 -25.00000
-23.00000 20.00000 -24.50000
-22.50000 20.00000 -18.00000
-23.00000 20.00000 -18.50000
-23.00000 21.00000 -24.50000
-23.00000 20.50000 -18.00000
-22.50000 21.00000 -17.00000
-23.00000 21.00000 -17.50000
-23.00000 22.00000 -24.50000
-23.00000 21.50000 -17.00000
-22.50000 22.00000 -16.00000
-23.00000 22.00000 -16.50000
-23.00000 23.00000 -24.50000
-22.50000 23.00000 -19.00000
-23.00000 22.50000 -16.00000
-23.00000 23.00000 -15.50000
-23.00000 24.00000 -24.50000
-22.50000 24.00000 -19.00000
-22.50000 24.00000 -18.00000
-23.00000 23.50000 -15.00000
-23.00000 24.00000 -14.50000
-23.00000 25.00000 -24.50000
-23.00000 24.50000 -19.00000
-23.00000 25.00000 -19.50000
-23.00000 24.50000 -18.00000
-22.50000 25.00000 -17.00000
-23.00000 25.00000 -17.50000
-22.50000 25.00000 -14.00000
-23.00000 25.00000 -14.50000
-23.00000 26.00000 -24.50000
-22.50000 26.00000 -19.00000
-23.00000 26.00000 -19.50000
-23.00000 25.50000 -17.00000
-23.00000 26.00000 -16.50000
-23.00000 25.50000 -14.00000
-23.00000 26.00000 -13.50000
-23.00000 26.50000 -24.00000
-22.50000 27.00000 -24.00000
-23.00000 27.00000 -23.50000
-23.00000 26.50000 -19.00000
-22.50000 27.00000 -18.00000
-23.00000 27.00000 -18.50000
-23.00000 26.50000 -16.00000
-23.00000 27.00000 -15.50000
-23.00000 26.50000 -13.00000
-23.00000 27.00000 -12.50000
-22.50000 28.00000 -24.00000
-23.00000 28.00000 -23.50000
-22.50000 28.00000 -18.00000
-23.00000 28.00000 -18.50000
-23.00000 28.00000 -15.50000
-23.00000 27.50000 -12.00000
-23.00000 28.00000 -11.50000
-22.50000 29.00000 -24.00000
-23.00000 29.00000 -23.50000
-23.00000 28.50000 -18.00000
-22.50000 29.00000 -17.00000
-23.00000 29.00000 -17.50000
-23.00000 28.50000 -15.00000
-23.00000 29.00000 -14.50000
-23.00000 29.00000 -11.50000
-23.00000 30.00000 -23.50000
-23.00000 29.50000 -17.00000
-23.00000 30.00000 -16.50000
-23.00000 29.50000 -14.00000
-22.50000 30.00000 -14.00000
-23.00000 30.00000 -13.50000
-23.00000 29.50000 -11.00000
-23.00000 30.00000 -10.50000
-23.00000 31.00000 -23.50000
-22.50000 31.00000 -16.00000
-23.00000 31.00000 -16.50000
-23.00000 31.00000 -13.50000
-23.00000 31.00000 -10.50000
-23.00000 32.00000 -23.50000
-22.50000 32.00000 -20.00000
-23.00000 31.50000 -16.00000
-23.00000 32.00000 -15.50000
-23.00000 31.50000 -13.00000
-22.50000 32.00000 -13.00000
-23.00000 32.00000 -12.50000
-23.00000 31.50000 -10.00000
-23.00000 32.00000 -9.50000
-23.00000 33.00000 -23.50000
-22.50000 33.00000 -20.00000
-22.50000 33.00000 -19.00000
-22.50000 33.00000 -15.00000
-23.00000 33.00000 -15.50000
-22.50000 33.00000 -13.00000
-23.00000 33.00000 -12.50000
-23.00000 32.50000 -9.00000
-22.50000 33.00000 -9.00000
-23.00000 33.00000 -8.50000
-23.00000 33.50000 -23.00000
-22.50000 34.00000 -23.00000
-23.00000 34.00000 -22.50000
-22.50000 34.00000 -19.00000
-23.00000 33.50000 -15.00000
-23.00000 34.00000 -14.50000
-22.50000 34.00000 -12.00000
-23.00000 33.50000 -12.00000
-23.00000 34.00000 -11.50000
-22.50000 34.00000 -9.00000
-23.00000 34.00000 -8.50000
-23.00000 35.00000 -22.50000
-22.50000 35.00000 -19.00000
-22.50000 35.00000 -18.00000
-22.50000 35.00000 -14.00000
-23.00000 35.00000 -14.50000
-22.50000 35.00000 -13.00000
-22.50000 35.00000 -12.00000
-23.00000 35.00000 -11.50000
-23.00000 35.00000 -8.50000
-23.00000 36.00000 -22.50000
-22.50000 36.00000 -19.00000
-22.50000 36.00000 -18.00000
-23.00000 35.50000 -14.00000
-23.00000 36.00000 -13.50000
-22.50000 36.00000 -13.00000
-22.50000 36.00000 -12.00000
-23.00000 36.00000 -11.50000
-22.50000 36.00000 -9.00000
-23.00000 36.00000 -8.50000
-23.00000 36.50000 -22.00000
-22.50000 37.00000 -22.00000
-23.00000 37.00000 -21.50000
-23.00000 36.50000 -18.00000
-23.00000 37.00000 -18.50000
-22.50000 37.00000 -17.00000
-23.00000 37.00000 -17.50000
-23.00000 36.50000 -13.00000
-23.00000 36.50000 -12.00000
-22.50000 37.00000 -9.00000
-23.00000 37.00000 -8.50000
-23.00000 38.00000 -21.50000
-23.00000 38.00000 -18.50000
-22.50000 38.00000 -17.00000
-23.00000 38.00000 -17.50000
-22.50000 38.00000 -10.00000
-23.00000 38.00000 -9.50000
-23.00000 37.50000 -9.00000
-23.00000 39.00000 -21.50000
-23.00000 39.00000 -18.50000
-23.00000 38.50000 -17.00000
-22.50000 39.00000 -16.00000
-23.00000 39.00000 -16.50000
-23.00000 38.50000 -11.00000
-23.00000 39.00000 -11.50000
-23.00000 38.50000 -10.00000
-23.00000 40.00000 -21.50000
-23.00000 39.50000 -18.00000
-22.50000 40.00000 -18.00000
-23.00000 40.00000 -17.50000
-22.50000 40.00000 -16.00000
-23.00000 40.00000 -16.50000
-23.00000 40.00000 -11.50000
-23.00000 40.50000 -21.00000
-23.00000 41.00000 -20.50000
-22.50000 41.00000 -18.00000
-23.00000 41.00000 -17.50000
-22.50000 41.00000 -16.00000
-23.00000 41.00000 -16.50000
-23.00000 40.50000 -11.00000
-23.00000 41.00000 -10.50000
-23.00000 42.00000 -20.50000
-23.00000 41.50000 -17.00000
-22.50000 42.00000 -17.00000
-22.50000 42.00000 -16.00000
-22.50000 42.00000 -13.00000
-23.00000 41.50000 -13.00000
-23.00000 42.00000 -13.50000
-23.00000 42.00000 -12.50000
-23.00000 41.50000 -10.00000
-22.50000 42.00000 -10.00000
-23.00000 42.00000 -9.50000
-23.00000 43.00000 -20.50000
-22.50000 43.00000 -17.00000
-22.50000 43.00000 -16.00000
-22.50000 43.00000 -14.00000
-23.00000 42.50000 -14.00000
-23.00000 43.00000 -14.50000
-22.50000 43.00000 -13.00000
-23.00000 42.50000 -12.00000
-22.50000 43.00000 -12.00000
-23.00000 43.00000 -11.50000
-23.00000 43.00000 -9.50000
-23.00000 43.50000 -20.00000
-22.50000 44.00000 -20.00000
-23.00000 44.00000 -19.50000
-22.50000 44.00000 -14.00000
-23.00000 44.00000 -14.50000
-23.00000 44.00000 -11.50000
-23.00000 44.00000 -9.50000
-23.00000 45.00000 -19.50000
-22.50000 45.00000 -14.00000
-23.00000 45.00000 -14.50000
-23.00000 44.50000 -11.00000
-22.50000 45.00000 -11.00000
-23.00000 45.00000 -10.50000
-23.00000 44.50000 -9.00000
-22.50000 45.00000 -9.00000
-23.00000 45.00000 -8.50000
-23.00000 46.00000 -19.50000
-22.50000 46.00000 -14.00000
-23.00000 46.00000 -14.50000
-22.50000 46.00000 -11.00000
-23.00000 46.00000 -10.50000
-22.50000 46.00000 -9.00000
-23.00000 46.00000 -8.50000
-23.00000 46.50000 -19.00000
-22.50000 47.00000 -19.00000
-23.00000 47.00000 -18.50000
-22.50000 47.00000 -15.00000
-23.00000 46.50000 -15.00000
-23.00000 47.00000 -15.50000
-23.00000 47.00000 -11.50000
-23.00000 46.50000 -11.00000
-23.00000 46.50000 -9.00000
-23.00000 47.00000 -9.50000
-22.50000 48.00000 -19.00000
-23.00000 48.00000 -18.50000
-22.50000 48.00000 -16.00000
-23.00000 47.50000 -16.00000
-23.00000 48.00000 -16.50000
-22.50000 48.00000 -15.00000
-23.00000 48.00000 -11.50000
-23.00000 48.00000 -9.50000
-22.50000 49.00000 -18.00000
-23.00000 48.50000 -18.00000
-22.50000 49.00000 -17.00000
-23.00000 48.50000 -17.00000
-22.50000 49.00000 -16.00000
-22.50000 49.00000 -12.00000
-23.00000 49.00000 -12.50000
-23.00000 48.50000 -12.00000
-23.00000 49.00000 -9.50000
-22.50000 50.00000 -17.00000
-22.50000 50.00000 -16.00000
-22.50000 50.00000 -15.00000
-23.00000 49.50000 -15.00000
-23.00000 50.00000 -15.50000
-23.00000 49.50000 -14.00000
-22.50000 50.00000 -14.00000
-23.00000 49.50000 -13.00000
-22.50000 50.00000 -13.00000
-22.50000 50.00000 -10.00000
-23.00000 49.50000 -10.00000
-23.00000 50.00000 -10.50000
-22.50000 51.00000 -17.00000
-23.00000 51.00000 -16.50000
-23.00000 50.50000 -16.00000
-22.50000 51.00000 -14.00000
-23.00000 51.00000 -10.50000
-22.50000 52.00000 -17.00000
-23.00000 52.00000 -16.50000
-23.00000 52.00000 -10.50000
-23.00000 53.00000 -17.50000
-23.00000 52.50000 -17.00000
-22.50000 53.00000 -11.00000
-23.00000 52.50000 -11.00000
-23.00000 53.00000 -11.50000
-23.00000 54.00000 -17.50000
-23.00000 54.00000 -11.50000
-23.00000 55.00000 -17.50000
-22.50000 55.00000 -12.00000
-23.00000 55.00000 -11.50000
-23.00000 56.00000 -17.50000
-23.00000 55.50000 -12.00000
-23.00000 56.00000 -12.50000
-23.00000 57.00000 -17.50000
-22.50000 57.00000 -14.00000
-23.00000 56.50000 -14.00000
-23.00000 57.00000 -14.50000
-22.50000 57.00000 -13.00000
-23.00000 56.50000 -13.00000
-23.00000 57.50000 -17.00000
-23.00000 57.50000 -16.00000
-23.00000 57.50000 -15.00000
-23.50000 0.00000 -12.00000
-23.50000 1.00000 -13.00000
-24.00000 1.00000 -12.50000
-24.00000 0.50000 -12.00000
-24.00000 1.00000 -11.50000
-23.50000 2.00000 -13.00000
-23.50000 1.50000 -12.50000
-24.00000 2.00000 -12.50000
-23.50000 2.00000 -12.00000
-24.00000 2.00000 -11.50000
-23.50000 3.00000 -15.00000
-24.00000 3.00000 -14.50000
-24.00000 2.50000 -14.00000
-23.50000 3.00000 -13.00000
-24.00000 3.00000 -13.50000
-24.00000 2.50000 -12.00000
-23.50000 4.00000 -16.00000
-23.50000 4.00000 -15.00000
-24.00000 4.00000 -14.50000
-24.00000 4.00000 -13.50000
-24.00000 5.00000 -17.50000
-24.00000 4.50000 -17.00000
-23.50000 5.00000 -16.00000
-24.00000 5.00000 -16.50000
-23.50000 5.00000 -15.00000
-24.00000 5.00000 -14.50000
-24.00000 5.00000 -13.50000
-24.00000 6.00000 -19.50000
-24.00000 5.50000 -19.00000
-24.00000 5.50000 -18.00000
-23.50000 6.00000 -16.00000
-24.00000 6.00000 -16.50000
-23.50000 6.00000 -15.00000
-24.00000 5.50000 -14.00000
-23.50000 6.00000 -14.00000
-23.50000 7.00000 -23.00000
-24.00000 7.00000 -22.50000
-24.00000 6.50000 -22.00000
-24.00000 6.50000 -21.00000
-24.00000 6.50000 -20.00000
-23.50000 7.00000 -16.00000
-24.00000 7.00000 -16.50000
-23.50000 7.00000 -15.00000
-23.50000 7.00000 -14.00000
-24.00000 8.00000 -24.50000
-24.00000 7.50000 -24.00000
-24.00000 7.50000 -23.00000
-24.00000 7.50000 -16.00000
-24.00000 8.00000 -15.50000
-23.50000 8.00000 -15.00000
-23.50000 8.00000 -14.00000
-24.00000 9.00000 -25.50000
-24.00000 8.50000 -25.00000
-23.50000 9.00000 -15.00000
-24.00000 9.00000 -15.50000
-24.00000 10.00000 -26.50000
-24.00000 9.50000 -26.00000
-23.50000 10.00000 -20.00000
-23.50000 10.00000 -19.00000
-23.50000 10.00000 -18.00000
-23.50000 10.00000 -17.00000
-24.00000 10.00000 -16.50000
-24.00000 9.50000 -16.00000
-24.00000 11.00000 -27.50000
-24.00000 10.50000 -27.00000
-23.50000 11.00000 -22.00000
-23.50000 11.00000 -21.00000
-23.50000 11.00000 -20.00000
-23.50000 11.00000 -19.00000
-24.00000 11.00000 -18.50000
-24.00000 10.50000 -18.00000
-24.00000 10.50000 -17.00000
-24.00000 12.00000 -27.50000
-23.50000 12.00000 -23.00000
-24.00000 12.00000 -22.50000
-24.00000 11.50000 -22.00000
-23.50000 12.00000 -21.00000
-24.00000 12.00000 -21.50000
-23.50000 12.00000 -20.00000
-23.50000 12.00000 -19.00000
-24.00000 12.00000 -18.50000
-24.00000 13.00000 -27.50000
-24.00000 12.50000 -23.00000
-24.00000 13.00000 -23.50000
-24.00000 12.50000 -21.00000
-24.00000 12.50000 -20.00000
-23.50000 13.00000 -19.00000
-24.00000 13.00000 -19.50000
-24.00000 12.50000 -18.00000
-23.50000 13.00000 -18.00000
-24.00000 13.00000 -17.50000
-23.50000 14.00000 -28.00000
-24.00000 14.00000 -28.50000
-24.00000 13.50000 -28.00000
-23.50000 14.00000 -23.00000
-24.00000 14.00000 -23.50000
-24.00000 13.50000 -19.00000
-23.50000 14.00000 -18.00000
-24.00000 14.00000 -18.50000
-24.00000 13.50000 -17.00000
-23.50000 14.00000 -17.00000
-24.00000 14.00000 -16.50000
-23.50000 15.00000 -28.00000
-24.00000 15.00000 -28.50000
-24.00000 14.50000 -23.00000
-23.50000 15.00000 -22.00000
-24.00000 15.00000 -22.50000
-24.00000 14.50000 -18.00000
-23.50000 15.00000 -17.00000
-24.00000 15.00000 -17.50000
-24.00000 14.50000 -16.00000
-23.50000 15.00000 -16.00000
-24.00000 15.00000 -15.50000
-24.00000 15.50000 -28.00000
-24.00000 16.00000 -27.50000
-24.00000 15.50000 -22.00000
-23.50000 16.00000 -21.00000
-24.00000 16.00000 -21.50000
-23.50000 16.00000 -17.00000
-24.00000 16.00000 -17.50000
-23.50000 16.00000 -16.00000
-24.00000 15.50000 -15.00000
-23.50000 16.00000 -15.00000
-24.00000 16.00000 -14.50000
-23.50000 17.00000 -27.00000
-24.00000 17.00000 -27.50000
-23.50000 17.00000 -21.00000
-24.00000 17.00000 -21.50000
-23.50000 17.00000 -20.00000
-24.00000 16.50000 -17.00000
-24.00000 16.50000 -16.00000
-23.50000 17.00000 -15.00000
-24.00000 17.00000 -15.50000
-24.00000 16.50000 -14.00000
-23.50000 17.00000 -14.00000
-24.00000 17.00000 -13.50000
-24.00000 17.50000 -27.00000
-23.50000 18.00000 -26.00000
-24.00000 18.00000 -26.50000
-24.00000 17.50000 -21.00000
-24.00000 18.00000 -20.50000
-23.50000 18.00000 -20.00000
-24.00000 17.50000 -15.00000
-23.50000 18.00000 -14.00000
-24.00000 18.00000 -14.50000
-24.00000 18.00000 -13.50000
-24.00000 18.50000 -26.00000
-24.00000 19.00000 -25.50000
-24.00000 18.50000 -20.00000
-23.50000 19.00000 -19.00000
-24.00000 19.00000 -19.50000
-24.00000 18.50000 -14.00000
-23.50000 20.00000 -25.00000
-24.00000 20.00000 -25.50000
-23.50000 20.00000 -19.00000
-24.00000 20.00000 -19.50000
-24.00000 20.50000 -25.00000
-24.00000 21.00000 -24.50000
-24.00000 20.50000 -19.00000
-23.50000 21.00000 -18.00000
-24.00000 21.00000 -18.50000
-24.00000 22.00000 -24.50000
-24.00000 21.50000 -18.00000
-23.50000 22.00000 -17.00000
-24.00000 22.00000 -17.50000
-24.00000 23.00000 -24.50000
-24.00000 22.50000 -17.00000
-23.50000 23.00000 -16.00000
-24.00000 23.00000 -16.50000
-24.00000 24.00000 -24.50000
-24.00000 23.50000 -16.00000
-23.50000 24.00000 -15.00000
-24.00000 24.00000 -15.50000
-24.00000 25.00000 -24.50000
-23.50000 25.00000 -19.00000
-23.50000 25.00000 -18.00000
-24.00000 24.50000 -15.00000
-24.00000 25.00000 -14.50000
-24.00000 25.50000 -24.00000
-23.50000 26.00000 -24.00000
-24.00000 26.00000 -23.50000
-23.50000 26.00000 -19.00000
-23.50000 26.00000 -18.00000
-23.50000 26.00000 -17.00000
-24.00000 25.50000 -14.00000
-24.00000 26.00000 -13.50000
-23.50000 27.00000 -23.00000
-24.00000 26.50000 -23.00000
-24.00000 27.00000 -22.50000
-24.00000 27.00000 -19.50000
-23.50000 27.00000 -19.00000
-24.00000 26.50000 -19.00000
-24.00000 26.50000 -18.00000
-23.50000 27.00000 -17.00000
-24.00000 27.00000 -17.50000
-23.50000 27.00000 -16.00000
-24.00000 26.50000 -13.00000
-24.00000 27.00000 -12.50000
-24.00000 28.00000 -23.50000
-24.00000 27.50000 -23.00000
-23.50000 28.00000 -19.00000
-24.00000 28.00000 -19.50000
-24.00000 27.50000 -17.00000
-23.50000 28.00000 -16.00000
-24.00000 28.00000 -16.50000
-24.00000 27.50000 -12.00000
-24.00000 28.00000 -11.50000
-24.00000 29.00000 -23.50000
-23.50000 29.00000 -19.00000
-24.00000 29.00000 -19.50000
-23.50000 29.00000 -18.00000
-24.00000 28.50000 -16.00000
-24.00000 28.50000 -15.00000
-24.00000 29.00000 -14.50000
-24.00000 28.50000 -11.00000
-23.50000 29.00000 -11.00000
-24.00000 29.00000 -10.50000
-24.00000 30.00000 -23.50000
-24.00000 29.50000 -19.00000
-24.00000 30.00000 -18.50000
-23.50000 30.00000 -18.00000
-23.50000 30.00000 -17.00000
-23.50000 30.00000 -14.00000
-24.00000 30.00000 -14.50000
-24.00000 30.00000 -10.50000
-24.00000 31.00000 -23.50000
-24.00000 30.50000 -18.00000
-24.00000 31.00000 -17.50000
-23.50000 31.00000 -17.00000
-24.00000 30.50000 -14.00000
-24.00000 31.00000 -13.50000
-24.00000 31.00000 -10.50000
-24.00000 31.50000 -23.00000
-23.50000 32.00000 -23.00000
-24.00000 32.00000 -22.50000
-24.00000 31.50000 -17.00000
-23.50000 32.00000 -16.00000
-24.00000 32.00000 -16.50000
-23.50000 32.00000 -13.00000
-24.00000 32.00000 -13.50000
-24.00000 31.50000 -10.00000
-24.00000 32.00000 -9.50000
-23.50000 33.00000 -23.00000
-24.00000 33.00000 -22.50000
-24.00000 32.50000 -16.00000
-24.00000 33.00000 -15.50000
-24.00000 32.50000 -13.00000
-24.00000 33.00000 -12.50000
-24.00000 32.50000 -9.00000
-24.00000 33.00000 -8.50000
-24.00000 34.00000 -22.50000
-23.50000 34.00000 -15.00000
-24.00000 34.00000 -15.50000
-24.00000 33.50000 -12.00000
-24.00000 34.00000 -11.50000
-24.00000 34.00000 -8.50000
-24.00000 35.00000 -22.50000
-23.50000 35.00000 -15.00000
-24.00000 35.00000 -15.50000
-24.00000 34.50000 -11.00000
-23.50000 35.00000 -11.00000
-24.00000 35.00000 -10.50000
-24.00000 34.50000 -8.00000
-23.50000 35.00000 -8.00000
-24.00000 35.00000 -7.50000
-24.00000 35.50000 -22.00000
-23.50000 36.00000 -22.00000
-24.00000 36.00000 -21.50000
-24.00000 35.50000 -15.00000
-23.50000 36.00000 -14.00000
-24.00000 36.00000 -14.50000
-23.50000 36.00000 -11.00000
-24.00000 36.00000 -10.50000
-23.50000 36.00000 -8.00000
-24.00000 36.00000 -7.50000
-24.00000 37.00000 -21.50000
-23.50000 37.00000 -18.00000
-24.00000 36.50000 -14.00000
-24.00000 36.50000 -13.00000
-24.00000 36.50000 -12.00000
-24.00000 36.50000 -11.00000
-23.50000 37.00000 -8.00000
-24.00000 37.00000 -7.50000
-24.00000 38.00000 -21.50000
-23.50000 38.00000 -18.00000
-24.00000 37.50000 -9.00000
-24.00000 38.00000 -9.50000
-24.00000 37.50000 -8.00000
-24.00000 39.00000 -21.50000
-23.50000 39.00000 -18.00000
-23.50000 39.00000 -17.00000
-23.50000 39.00000 -12.00000
-24.00000 38.50000 -12.00000
-24.00000 39.00000 -12.50000
-24.00000 38.50000 -11.00000
-24.00000 38.50000 -10.00000
-24.00000 39.50000 -21.00000
-23.50000 40.00000 -21.00000
-24.00000 40.00000 -20.50000
-23.50000 40.00000 -17.00000
-23.50000 40.00000 -12.00000
-24.00000 40.00000 -12.50000
-24.00000 41.00000 -20.50000
-23.50000 41.00000 -17.00000
-24.00000 40.50000 -12.00000
-23.50000 41.00000 -11.00000
-24.00000 41.00000 -11.50000
-24.00000 42.00000 -20.50000
-23.50000 42.00000 -14.00000
-24.00000 41.50000 -14.00000
-24.00000 42.00000 -14.50000
-23.50000 42.00000 -13.00000
-24.00000 42.00000 -13.50000
-24.00000 41.50000 -11.00000
-23.50000 42.00000 -10.00000
-24.00000 42.00000 -10.50000
-24.00000 43.00000 -20.50000
-24.00000 43.00000 -14.50000
-24.00000 42.50000 -13.00000
-24.00000 42.50000 -12.00000
-24.00000 43.00000 -11.50000
-24.00000 42.50000 -10.00000
-24.00000 43.00000 -9.50000
-24.00000 43.50000 -20.00000
-24.00000 44.00000 -19.50000
-23.50000 44.00000 -15.00000
-24.00000 43.50000 -15.00000
-24.00000 44.00000 -15.50000
-24.00000 44.00000 -11.50000
-24.00000 44.00000 -9.50000
-24.00000 45.00000 -19.50000
-23.50000 45.00000 -15.00000
-24.00000 45.00000 -15.50000
-23.50000 45.00000 -11.00000
-24.00000 45.00000 -11.50000
-24.00000 44.50000 -9.00000
-24.00000 45.00000 -8.50000
-24.00000 45.50000 -19.00000
-23.50000 46.00000 -19.00000
-24.00000 46.00000 -18.50000
-23.50000 46.00000 -16.00000
-24.00000 45.50000 -16.00000
-24.00000 46.00000 -16.50000
-23.50000 46.00000 -15.00000
-23.50000 46.00000 -11.00000
-24.00000 46.00000 -11.50000
-23.50000 46.00000 -9.00000
-24.00000 45.50000 -9.00000
-24.00000 46.00000 -9.50000
-23.50000 47.00000 -18.00000
-24.00000 46.50000 -18.00000
-23.50000 47.00000 -17.00000
-24.00000 46.50000 -17.00000
-23.50000 47.00000 -16.00000
-23.50000 47.00000 -12.00000
-24.00000 47.00000 -12.50000
-24.00000 46.50000 -12.00000
-24.00000 47.00000 -9.50000
-23.50000 48.00000 -18.00000
-23.50000 48.00000 -17.00000
-23.50000 48.00000 -14.00000
-24.00000 48.00000 -14.50000
-24.00000 47.50000 -14.00000
-24.00000 47.50000 -13.00000
-23.50000 48.00000 -13.00000
-23.50000 48.00000 -12.00000
-24.00000 48.00000 -9.50000
-23.50000 49.00000 -15.00000
-24.00000 49.00000 -15.50000
-24.00000 48.50000 -15.00000
-23.50000 49.00000 -14.00000
-23.50000 49.00000 -13.00000
-23.50000 49.00000 -10.00000
-24.00000 48.50000 -10.00000
-24.00000 49.00000 -10.50000
-23.50000 50.00000 -16.00000
-24.00000 50.00000 -16.50000
-24.00000 49.50000 -16.00000
-23.50000 50.00000 -11.00000
-24.00000 49.50000 -11.00000
-24.00000 50.00000 -11.50000
-24.00000 51.00000 -16.50000
-23.50000 51.00000 -11.00000
-24.00000 51.00000 -11.50000
-24.00000 52.00000 -16.50000
-23.50000 52.00000 -11.00000
-24.00000 52.00000 -11.50000
-24.00000 53.00000 -17.50000
-24.00000 52.50000 -17.00000
-24.00000 53.00000 -11.50000
-24.00000 54.00000 -17.50000
-23.50000 54.00000 -12.00000
-24.00000 53.50000 -12.00000
-24.00000 54.00000 -12.50000
-24.00000 54.50000 -17.00000
-23.50000 55.00000 -17.00000
-24.00000 55.00000 -16.50000
-23.50000 55.00000 -12.00000
-24.00000 55.00000 -12.50000
-23.50000 56.00000 -17.00000
-24.00000 56.00000 -16.50000
-23.50000 56.00000 -12.00000
-24.00000 55.50000 -12.00000
-24.00000 56.00000 -11.50000
-23.50000 57.00000 -17.00000
-24.00000 56.50000 -16.00000
-23.50000 57.00000 -16.00000
-23.50000 57.00000 -15.00000
-24.00000 56.50000 -15.00000
-24.00000 56.50000 -14.00000
-24.00000 56.50000 -13.00000
-24.00000 56.50000 -12.00000
-24.50000 1.00000 -12.00000
-24.50000 2.00000 -12.00000
-24.50000 3.00000 -14.00000
-24.50000 4.00000 -14.00000
-24.50000 5.00000 -17.00000
-24.50000 5.00000 -14.00000
-24.50000 6.00000 -19.00000
-24.50000 6.00000 -18.00000
-24.50000 6.00000 -17.00000
-24.50000 7.00000 -22.00000
-25.00000 7.00000 -21.50000
-25.00000 6.50000 -21.00000
-25.00000 6.50000 -20.00000
-25.00000 6.50000 -19.00000
-25.00000 6.50000 -18.00000
-25.00000 7.00000 -17.50000
-24.50000 7.00000 -17.00000
-24.50000 8.00000 -24.00000
-25.00000 8.00000 -23.50000
-25.00000 7.50000 -23.00000
-25.00000 7.50000 -22.00000
-24.50000 8.00000 -17.00000
-25.00000 8.00000 -17.50000
-24.50000 8.00000 -16.00000
-25.00000 9.00000 -25.50000
-25.00000 8.50000 -25.00000
-25.00000 8.50000 -24.00000
-24.50000 9.00000 -17.00000
-25.00000 9.00000 -17.50000
-24.50000 9.00000 -16.00000
-25.00000 10.00000 -26.50000
-25.00000 9.50000 -26.00000
-24.50000 10.00000 -17.00000
-25.00000 10.00000 -17.50000
-24.50000 11.00000 -27.00000
-25.00000 11.00000 -26.50000
-24.50000 11.00000 -18.00000
-25.00000 11.00000 -17.50000
-25.00000 12.00000 -27.50000
-25.00000 11.50000 -27.00000
-24.50000 12.00000 -22.00000
-24.50000 12.00000 -18.00000
-25.00000 11.50000 -17.00000
-24.50000 12.00000 -17.00000
-25.00000 12.00000 -16.50000
-25.00000 13.00000 -27.50000
-25.00000 12.50000 -23.00000
-25.00000 13.00000 -23.50000
-25.00000 12.50000 -22.00000
-24.50000 13.00000 -21.00000
-25.00000 13.00000 -21.50000
-24.50000 13.00000 -20.00000
-24.50000 13.00000 -17.00000
-25.00000 13.00000 -16.50000
-24.50000 14.00000 -28.00000
-25.00000 14.00000 -27.50000
-24.50000 14.00000 -24.00000
-25.00000 13.50000 -24.00000
-25.00000 14.00000 -24.50000
-25.00000 13.50000 -21.00000
-24.50000 14.00000 -20.00000
-25.00000 14.00000 -20.50000
-24.50000 14.00000 -19.00000
-25.00000 13.50000 -16.00000
-24.50000 14.00000 -16.00000
-25.00000 13.50000 -15.00000
-24.50000 14.00000 -15.00000
-25.00000 14.00000 -14.50000
-25.00000 15.00000 -28.50000
-25.00000 14.50000 -28.00000
-25.00000 14.50000 -24.00000
-24.50000 15.00000 -23.00000
-25.00000 15.00000 -23.50000
-24.50000 15.00000 -20.00000
-25.00000 15.00000 -20.50000
-24.50000 15.00000 -19.00000
-24.50000 15.00000 -18.00000
-24.50000 15.00000 -15.00000
-25.00000 14.50000 -14.00000
-24.50000 15.00000 -14.00000
-25.00000 15.00000 -13.50000
-25.00000 15.50000 -28.00000
-25.00000 16.00000 -27.50000
-24.50000 16.00000 -23.00000
-25.00000 16.00000 -23.50000
-24.50000 16.00000 -22.00000
-25.00000 15.50000 -20.00000
-24.50000 16.00000 -19.00000
-25.00000 16.00000 -19.50000
-24.50000 16.00000 -18.00000
-24.50000 16.00000 -14.00000
-25.00000 15.50000 -13.00000
-24.50000 16.00000 -13.00000
-25.00000 16.00000 -12.50000
-25.00000 17.00000 -27.50000
-25.00000 16.50000 -23.00000
-25.00000 17.00000 -22.50000
-24.50000 17.00000 -22.00000
-25.00000 16.50000 -19.00000
-24.50000 17.00000 -18.00000
-25.00000 17.00000 -18.50000
-24.50000 17.00000 -17.00000
-24.50000 17.00000 -16.00000
-24.50000 17.00000 -13.00000
-25.00000 16.50000 -12.00000
-24.50000 17.00000 -12.00000
-25.00000 17.00000 -11.50000
-25.00000 17.50000 -27.00000
-25.00000 18.00000 -26.50000
-25.00000 17.50000 -22.00000
-24.50000 18.00000 -21.00000
-25.00000 18.00000 -21.50000
-25.00000 17.50000 -18.00000
-25.00000 17.50000 -17.00000
-24.50000 18.00000 -16.00000
-25.00000 18.00000 -16.50000
-24.50000 18.00000 -15.00000
-24.50000 18.00000 -13.00000
-24.50000 18.00000 -12.00000
-25.00000 17.50000 -11.00000
-24.50000 18.00000 -11.00000
-25.00000 18.00000 -10.50000
-24.50000 19.00000 -26.00000
-25.00000 19.00000 -26.50000
-25.00000 18.50000 -21.00000
-24.50000 19.00000 -20.00000
-25.00000 19.00000 -20.50000
-25.00000 18.50000 -16.00000
-24.50000 19.00000 -15.00000
-25.00000 19.00000 -15.50000
-24.50000 19.00000 -14.00000
-24.50000 19.00000 -13.00000
-24.50000 19.00000 -12.00000
-24.50000 19.00000 -11.00000
-25.00000 18.50000 -10.00000
-24.50000 19.00000 -10.00000
-25.00000 19.00000 -9.50000
-25.00000 19.50000 -26.00000
-25.00000 20.00000 -25.50000
-24.50000 20.00000 -20.00000
-25.00000 20.00000 -20.50000
-25.00000 19.50000 -15.00000
-24.50000 20.00000 -14.00000
-25.00000 20.00000 -14.50000
-24.50000 20.00000 -13.00000
-24.50000 20.00000 -12.00000
-24.50000 20.00000 -11.00000
-24.50000 20.00000 -10.00000
-25.00000 19.50000 -9.00000
-24.50000 20.00000 -9.00000
-25.00000 19.50000 -8.00000
-24.50000 20.00000 -8.00000
-25.00000 20.00000 -7.50000
-25.00000 20.50000 -25.00000
-25.00000 21.00000 -24.50000
-25.00000 20.50000 -20.00000
-24.50000 21.00000 -19.00000
-25.00000 21.00000 -19.50000
-25.00000 20.50000 -14.00000
-25.00000 20.50000 -13.00000
-24.50000 21.00000 -12.00000
-25.00000 21.00000 -12.50000
-24.50000 21.00000 -11.00000
-24.50000 21.00000 -10.00000
-24.50000 21.00000 -9.00000
-24.50000 21.00000 -8.00000
-25.00000 20.50000 -7.00000
-24.50000 21.00000 -7.00000
-25.00000 21.00000 -6.50000
-25.00000 22.00000 -24.50000
-25.00000 21.50000 -19.00000
-24.50000 22.00000 -18.00000
-25.00000 22.00000 -18.50000
-25.00000 21.50000 -12.00000
-25.00000 21.50000 -11.00000
-24.50000 22.00000 -10.00000
-25.00000 22.00000 -10.50000
-24.50000 22.00000 -9.00000
-24.50000 22.00000 -8.00000
-24.50000 22.00000 -7.00000
-25.00000 22.00000 -6.50000
-25.00000 23.00000 -24.50000
-25.00000 22.50000 -18.00000
-24.50000 23.00000 -17.00000
-25.00000 23.00000 -17.50000
-25.00000 22.50000 -10.00000
-25.00000 22.50000 -9.00000
-25.00000 22.50000 -8.00000
-24.50000 23.00000 -7.00000
-25.00000 23.00000 -7.50000
-25.00000 23.00000 -6.50000
-25.00000 24.00000 -24.50000
-25.00000 23.50000 -17.00000
-24.50000 24.00000 -16.00000
-25.00000 24.00000 -16.50000
-25.00000 23.50000 -7.00000
-25.00000 25.00000 -24.50000
-25.00000 24.50000 -16.00000
-24.50000 25.00000 -15.00000
-25.00000 25.00000 -15.50000
-25.00000 25.50000 -24.00000
-25.00000 26.00000 -23.50000
-25.00000 25.50000 -15.00000
-24.50000 26.00000 -14.00000
-25.00000 26.00000 -14.50000
-25.00000 26.50000 -23.00000
-25.00000 27.00000 -22.50000
-24.50000 27.00000 -19.00000
-24.50000 27.00000 -18.00000
-25.00000 26.50000 -14.00000
-24.50000 27.00000 -13.00000
-25.00000 27.00000 -13.50000
-24.50000 28.00000 -23.00000
-25.00000 28.00000 -22.50000
-25.00000 27.50000 -19.00000
-25.00000 28.00000 -19.50000
-24.50000 28.00000 -18.00000
-25.00000 28.00000 -18.50000
-24.50000 28.00000 -17.00000
-25.00000 27.50000 -13.00000
-24.50000 28.00000 -12.00000
-25.00000 28.00000 -12.50000
-24.50000 29.00000 -23.00000
-25.00000 28.50000 -22.00000
-24.50000 29.00000 -22.00000
-24.50000 29.00000 -21.00000
-25.00000 28.50000 -21.00000
-24.50000 29.00000 -20.00000
-25.00000 28.50000 -20.00000
-25.00000 28.50000 -18.00000
-25.00000 28.50000 -17.00000
-24.50000 29.00000 -16.00000
-25.00000 29.00000 -16.50000
-24.50000 29.00000 -15.00000
-25.00000 28.50000 -12.00000
-24.50000 29.00000 -11.00000
-25.00000 29.00000 -11.50000
-24.50000 30.00000 -23.00000
-24.50000 30.00000 -22.00000
-24.50000 30.00000 -21.00000
-24.50000 30.00000 -20.00000
-24.50000 30.00000 -19.00000
-25.00000 29.50000 -16.00000
-25.00000 29.50000 -15.00000
-25.00000 30.00000 -14.50000
-25.00000 29.50000 -11.00000
-25.00000 30.00000 -10.50000
-24.50000 31.00000 -23.00000
-25.00000 31.00000 -22.50000
-25.00000 30.50000 -22.00000
-25.00000 30.50000 -21.00000
-25.00000 30.50000 -20.00000
-25.00000 31.00000 -19.50000
-24.50000 31.00000 -19.00000
-24.50000 31.00000 -18.00000
-24.50000 31.00000 -14.00000
-25.00000 31.00000 -14.50000
-25.00000 31.00000 -10.50000
-25.00000 32.00000 -22.50000
-25.00000 31.50000 -19.00000
-25.00000 32.00000 -18.50000
-24.50000 32.00000 -18.00000
-24.50000 32.00000 -17.00000
-24.50000 32.00000 -14.00000
-25.00000 32.00000 -14.50000
-25.00000 31.50000 -10.00000
-25.00000 32.00000 -9.50000
-25.00000 33.00000 -22.50000
-25.00000 32.50000 -18.00000
-25.00000 32.50000 -17.00000
-24.50000 33.00000 -16.00000
-25.00000 33.00000 -16.50000
-24.50000 33.00000 -14.00000
-25.00000 33.00000 -14.50000
-24.50000 33.00000 -13.00000
-25.00000 32.50000 -9.00000
-25.00000 33.00000 -8.50000
-25.00000 34.00000 -22.50000
-24.50000 34.00000 -16.00000
-25.00000 34.00000 -16.50000
-25.00000 33.50000 -14.00000
-25.00000 33.50000 -13.00000
-24.50000 34.00000 -12.00000
-25.00000 34.00000 -12.50000
-25.00000 34.00000 -8.50000
-25.00000 34.50000 -22.00000
-24.50000 35.00000 -22.00000
-25.00000 35.00000 -21.50000
-24.50000 35.00000 -16.00000
-25.00000 35.00000 -16.50000
-25.00000 34.50000 -12.00000
-25.00000 34.50000 -11.00000
-25.00000 35.00000 -10.50000
-25.00000 34.50000 -8.00000
-25.00000 35.00000 -7.50000
-25.00000 36.00000 -21.50000
-25.00000 35.50000 -16.00000
-24.50000 36.00000 -15.00000
-25.00000 36.00000 -15.50000
-25.00000 35.50000 -10.00000
-24.50000 36.00000 -10.00000
-25.00000 36.00000 -9.50000
-25.00000 36.00000 -7.50000
-25.00000 37.00000 -21.50000
-25.00000 36.50000 -15.00000
-25.00000 36.50000 -14.00000
-25.00000 36.50000 -13.00000
-25.00000 36.50000 -12.00000
-25.00000 36.50000 -11.00000
-25.00000 36.50000 -10.00000
-25.00000 37.00000 -7.50000
-25.00000 38.00000 -21.50000
-24.50000 38.00000 -9.00000
-25.00000 38.00000 -8.50000
-25.00000 37.50000 -8.00000
-25.00000 38.50000 -21.00000
-24.50000 39.00000 -21.00000
-25.00000 39.00000 -20.50000
-25.00000 38.50000 -12.00000
-25.00000 39.00000 -12.50000
-25.00000 38.50000 -11.00000
-25.00000 38.50000 -10.00000
-25.00000 38.50000 -9.00000
-25.00000 40.00000 -20.50000
-25.00000 40.00000 -12.50000
-25.00000 41.00000 -20.50000
-25.00000 40.50000 -12.00000
-25.00000 41.00000 -11.50000
-25.00000 41.50000 -20.00000
-24.50000 42.00000 -20.00000
-25.00000 42.00000 -19.50000
-24.50000 42.00000 -14.00000
-25.00000 41.50000 -11.00000
-25.00000 42.00000 -10.50000
-24.50000 43.00000 -20.00000
-25.00000 43.00000 -19.50000
-24.50000 43.00000 -15.00000
-25.00000 42.50000 -15.00000
-25.00000 43.00000 -15.50000
-25.00000 42.50000 -14.00000
-25.00000 42.50000 -13.00000
-24.50000 43.00000 -12.00000
-25.00000 43.00000 -12.50000
-24.50000 43.00000 -10.00000
-25.00000 43.00000 -10.50000
-25.00000 44.00000 -19.50000
-24.50000 44.00000 -16.00000
-25.00000 43.50000 -16.00000
-25.00000 44.00000 -16.50000
-25.00000 43.50000 -12.00000
-25.00000 44.00000 -11.50000
-25.00000 43.50000 -10.00000
-25.00000 44.00000 -9.50000
-25.00000 44.50000 -19.00000
-24.50000 45.00000 -19.00000
-24.50000 45.00000 -18.00000
-25.00000 44.50000 -18.00000
-24.50000 45.00000 -17.00000
-25.00000 44.50000 -17.00000
-24.50000 45.00000 -16.00000
-24.50000 45.00000 -12.00000
-25.00000 45.00000 -12.50000
-25.00000 44.50000 -12.00000
-24.50000 45.00000 -9.00000
-25.00000 45.00000 -9.50000
-24.50000 46.00000 -18.00000
-24.50000 46.00000 -17.00000
-24.50000 46.00000 -13.00000
-25.00000 46.00000 -13.50000
-25.00000 45.50000 -13.00000
-24.50000 46.00000 -12.00000
-25.00000 46.00000 -9.50000
-24.50000 47.00000 -14.00000
-25.00000 47.00000 -14.50000
-25.00000 46.50000 -14.00000
-24.50000 47.00000 -13.00000
-24.50000 47.00000 -10.00000
-25.00000 46.50000 -10.00000
-25.00000 47.00000 -10.50000
-24.50000 48.00000 -15.00000
-25.00000 48.00000 -15.50000
-25.00000 47.50000 -15.00000
-24.50000 48.00000 -11.00000
-25.00000 47.50000 -11.00000
-25.00000 48.00000 -11.50000
-24.50000 48.00000 -10.00000
-24.50000 49.00000 -16.00000
-25.00000 49.00000 -16.50000
-25.00000 48.50000 -16.00000
-24.50000 49.00000 -11.00000
-25.00000 49.00000 -11.50000
-25.00000 50.00000 -16.50000
-24.50000 50.00000 -12.00000
-25.00000 49.50000 -12.00000
-25.00000 50.00000 -12.50000
-25.00000 51.00000 -16.50000
-24.50000 51.00000 -12.00000
-25.00000 51.00000 -12.50000
-24.50000 52.00000 -17.00000
-25.00000 52.00000 -17.50000
-25.00000 51.50000 -17.00000
-24.50000 52.00000 -12.00000
-25.00000 52.00000 -12.50000
-24.50000 53.00000 -17.00000
-25.00000 52.50000 -17.00000
-25.00000 53.00000 -16.50000
-24.50000 53.00000 -12.00000
-25.00000 53.00000 -12.50000
-24.50000 54.00000 -17.00000
-25.00000 54.00000 -16.50000
-25.00000 54.00000 -12.50000
-25.00000 55.00000 -16.50000
-25.00000 55.00000 -12.50000
-25.00000 56.00000 -16.50000
-24.50000 56.00000 -12.00000
-25.00000 56.00000 -12.50000
-25.00000 56.50000 -16.00000
-25.00000 56.50000 -15.00000
-25.00000 56.50000 -14.00000
-25.00000 56.50000 -13.00000
-25.50000 7.00000 -21.00000
-26.00000 7.00000 -20.50000
-26.00000 6.50000 -20.00000
-25.50000 7.00000 -19.00000
-26.00000 7.00000 -19.50000
-25.50000 7.00000 -18.00000
-25.50000 8.00000 -23.00000
-26.00000 8.00000 -22.50000
-26.00000 7.50000 -22.00000
-26.00000 7.50000 -21.00000
-26.00000 7.50000 -19.00000
-26.00000 8.00000 -18.50000
-25.50000 8.00000 -18.00000
-25.50000 9.00000 -25.00000
-26.00000 9.00000 -24.50000
-26.00000 8.50000 -24.00000
-26.00000 8.50000 -23.00000
-25.50000 9.00000 -18.00000
-26.00000 9.00000 -18.50000
-25.50000 10.00000 -26.00000
-26.00000 10.00000 -25.50000
-26.00000 9.50000 -25.00000
-25.50000 10.00000 -18.00000
-26.00000 10.00000 -18.50000
-26.00000 11.00000 -26.50000
-26.00000 10.50000 -26.00000
-25.50000 11.00000 -18.00000
-26.00000 11.00000 -18.50000
-25.50000 12.00000 -27.00000
-26.00000 12.00000 -26.50000
-26.00000 11.50000 -18.00000
-25.50000 12.00000 -17.00000
-26.00000 12.00000 -17.50000
-26.00000 13.00000 -27.50000
-26.00000 12.50000 -27.00000
-25.50000 13.00000 -23.00000
-25.50000 13.00000 -22.00000
-25.50000 13.00000 -17.00000
-26.00000 13.00000 -17.50000
-26.00000 14.00000 -27.50000
-26.00000 13.50000 -24.00000
-26.00000 14.00000 -24.50000
-26.00000 13.50000 -23.00000
-25.50000 14.00000 -22.00000
-26.00000 14.00000 -22.50000
-25.50000 14.00000 -21.00000
-26.00000 13.50000 -17.00000
-26.00000 13.50000 -16.00000
-25.50000 14.00000 -15.00000
-26.00000 14.00000 -15.50000
-25.50000 15.00000 -28.00000
-26.00000 15.00000 -27.50000
-25.50000 15.00000 -24.00000
-26.00000 15.00000 -24.50000
-26.00000 14.50000 -22.00000
-25.50000 15.00000 -21.00000
-26.00000 15.00000 -21.50000
-26.00000 14.50000 -15.00000
-25.50000 15.00000 -14.00000
-26.00000 15.00000 -14.50000
-26.00000 16.00000 -28.50000
-25.50000 16.00000 -28.00000
-26.00000 15.50000 -28.00000
-26.00000 15.50000 -24.00000
-26.00000 16.00000 -23.50000
-26.00000 15.50000 -21.00000
-25.50000 16.00000 -20.00000
-26.00000 16.00000 -20.50000
-26.00000 15.50000 -14.00000
-26.00000 15.50000 -13.00000
-26.00000 15.50000 -12.00000
-25.50000 16.00000 -12.00000
-26.00000 16.00000 -11.50000
-26.00000 16.50000 -28.00000
-26.00000 17.00000 -27.50000
-25.50000 17.00000 -23.00000
-26.00000 17.00000 -23.50000
-26.00000 16.50000 -20.00000
-25.50000 17.00000 -19.00000
-26.00000 17.00000 -19.50000
-26.00000 16.50000 -11.00000
-25.50000 17.00000 -11.00000
-26.00000 16.50000 -10.00000
-25.50000 17.00000 -10.00000
-26.00000 17.00000 -9.50000
-25.50000 18.00000 -27.00000
-26.00000 18.00000 -27.50000
-26.00000 17.50000 -23.00000
-25.50000 18.00000 -22.00000
-26.00000 18.00000 -22.50000
-26.00000 17.50000 -19.00000
-25.50000 18.00000 -18.00000
-26.00000 18.00000 -18.50000
-25.50000 18.00000 -17.00000
-25.50000 18.00000 -10.00000
-26.00000 17.50000 -9.00000
-25.50000 18.00000 -9.00000
-26.00000 17.50000 -8.00000
-25.50000 18.00000 -8.00000
-26.00000 18.00000 -7.50000
-26.00000 18.50000 -27.00000
-26.00000 19.00000 -26.50000
-26.00000 18.50000 -22.00000
-25.50000 19.00000 -21.00000
-26.00000 19.00000 -21.50000
-26.00000 18.50000 -18.00000
-25.50000 19.00000 -17.00000
-26.00000 19.00000 -17.50000
-25.50000 19.00000 -16.00000
-25.50000 19.00000 -9.00000
-25.50000 19.00000 -8.00000
-26.00000 18.50000 -7.00000
-25.50000 19.00000 -7.00000
-26.00000 19.00000 -6.50000
-26.00000 19.50000 -26.00000
-26.00000 20.00000 -25.50000
-25.50000 20.00000 -21.00000
-26.00000 20.00000 -21.50000
-26.00000 19.50000 -17.00000
-26.00000 19.50000 -16.00000
-25.50000 20.00000 -15.00000
-26.00000 20.00000 -15.50000
-25.50000 20.00000 -7.00000
-26.00000 19.50000 -6.00000
-25.50000 20.00000 -6.00000
-26.00000 19.50000 -5.00000
-25.50000 20.00000 -5.00000
-26.00000 20.00000 -4.50000
-25.50000 21.00000 -25.00000
-26.00000 21.00000 -25.50000
-26.00000 20.50000 -21.00000
-25.50000 21.00000 -20.00000
-26.00000 21.00000 -20.50000
-26.00000 20.50000 -15.00000
-25.50000 21.00000 -14.00000
-26.00000 21.00000 -14.50000
-25.50000 21.00000 -13.00000
-25.50000 21.00000 -6.00000
-25.50000 21.00000 -5.00000
-26.00000 20.50000 -4.00000
-25.50000 21.00000 -4.00000
-26.00000 21.00000 -3.50000
-26.00000 21.50000 -25.00000
-26.00000 22.00000 -24.50000
-26.00000 21.50000 -20.00000
-25.50000 22.00000 -19.00000
-26.00000 22.00000 -19.50000
-26.00000 21.50000 -14.00000
-26.00000 21.50000 -13.00000
-25.50000 22.00000 -12.00000
-26.00000 22.00000 -12.50000
-25.50000 22.00000 -11.00000
-25.50000 22.00000 -6.00000
-25.50000 22.00000 -5.00000
-25.50000 22.00000 -4.00000
-26.00000 22.00000 -3.50000
-26.00000 23.00000 -24.50000
-26.00000 22.50000 -19.00000
-25.50000 23.00000 -18.00000
-26.00000 23.00000 -18.50000
-26.00000 22.50000 -12.00000
-26.00000 22.50000 -11.00000
-25.50000 23.00000 -10.00000
-26.00000 23.00000 -10.50000
-25.50000 23.00000 -9.00000
-25.50000 23.00000 -8.00000
-25.50000 23.00000 -6.00000
-25.50000 23.00000 -5.00000
-25.50000 23.00000 -4.00000
-26.00000 22.50000 -3.00000
-25.50000 23.00000 -3.00000
-26.00000 23.00000 -2.50000
-26.00000 24.00000 -24.50000
-26.00000 23.50000 -18.00000
-25.50000 24.00000 -17.00000
-26.00000 24.00000 -17.50000
-26.00000 23.50000 -10.00000
-26.00000 23.50000 -9.00000
-25.50000 24.00000 -8.00000
-26.00000 24.00000 -8.50000
-25.50000 24.00000 -7.00000
-25.50000 24.00000 -6.00000
-25.50000 24.00000 -5.00000
-25.50000 24.00000 -4.00000
-25.50000 24.00000 -3.00000
-26.00000 23.50000 -2.00000
-25.50000 24.00000 -2.00000
-26.00000 24.00000 -1.50000
-26.00000 25.00000 -24.50000
-26.00000 24.50000 -17.00000
-25.50000 25.00000 -16.00000
-26.00000 25.00000 -16.50000
-26.00000 24.50000 -8.00000
-25.50000 25.00000 -7.00000
-26.00000 25.00000 -7.50000
-25.50000 25.00000 -6.00000
-25.50000 25.00000 -5.00000
-25.50000 25.00000 -4.00000
-25.50000 25.00000 -3.00000
-25.50000 25.00000 -2.00000
-26.00000 25.00000 -1.50000
-25.50000 25.00000 7.00000
-26.00000 25.00000 6.50000
-26.00000 24.50000 7.00000
-26.00000 25.00000 7.50000
-26.00000 25.50000 -24.00000
-26.00000 26.00000 -23.50000
-26.00000 25.50000 -16.00000
-25.50000 26.00000 -15.00000
-26.00000 26.00000 -15.50000
-26.00000 25.50000 -7.00000
-26.00000 25.50000 -6.00000
-25.50000 26.00000 -5.00000
-26.00000 26.00000 -5.50000
-25.50000 26.00000 -4.00000
-25.50000 26.00000 -3.00000
-25.50000 26.00000 -2.00000
-26.00000 25.50000 -1.00000
-25.50000 26.00000 -1.00000
-26.00000 26.00000 -0.50000
-26.00000 25.50000 7.00000
-25.50000 27.00000 -23.00000
-26.00000 27.00000 -23.50000
-26.00000 26.50000 -15.00000
-26.00000 26.50000 -14.00000
-26.00000 27.00000 -13.50000
-26.00000 26.50000 -5.00000
-25.50000 27.00000 -4.00000
-26.00000 27.00000 -4.50000
-25.50000 27.00000 -3.00000
-25.50000 27.00000 -2.00000
-25.50000 27.00000 -1.00000
-26.00000 26.50000 0.00000
-25.50000 27.00000 0.00000
-26.00000 26.50000 1.00000
-25.50000 27.00000 1.00000
-26.00000 27.00000 1.50000
-26.00000 27.50000 -23.00000
-26.00000 28.00000 -22.50000
-25.50000 28.00000 -19.00000
-26.00000 27.50000 -13.00000
-26.00000 28.00000 -12.50000
-26.00000 27.50000 -4.00000
-26.00000 27.50000 -3.00000
-26.00000 27.50000 -2.00000
-26.00000 27.50000 -1.00000
-26.00000 27.50000 0.00000
-26.00000 27.50000 1.00000
-25.50000 29.00000 -22.00000
-26.00000 29.00000 -22.50000
-25.50000 29.00000 -21.00000
-25.50000 29.00000 -20.00000
-25.50000 29.00000 -19.00000
-25.50000 29.00000 -18.00000
-25.50000 29.00000 -17.00000
-26.00000 28.50000 -12.00000
-26.00000 29.00000 -11.50000
-26.00000 29.50000 -22.00000
-26.00000 29.50000 -21.00000
-26.00000 29.50000 -20.00000
-26.00000 29.50000 -19.00000
-26.00000 29.50000 -18.00000
-26.00000 29.50000 -17.00000
-25.50000 30.00000 -16.00000
-26.00000 30.00000 -16.50000
-25.50000 30.00000 -15.00000
-25.50000 30.00000 -11.00000
-26.00000 30.00000 -11.50000
-25.50000 31.00000 -22.00000
-25.50000 31.00000 -21.00000
-25.50000 31.00000 -20.00000
-26.00000 30.50000 -16.00000
-25.50000 31.00000 -15.00000
-26.00000 31.00000 -15.50000
-25.50000 31.00000 -11.00000
-26.00000 31.00000 -11.50000
-25.50000 32.00000 -22.00000
-25.50000 32.00000 -21.00000
-25.50000 32.00000 -20.00000
-25.50000 32.00000 -19.00000
-25.50000 32.00000 -15.00000
-26.00000 32.00000 -15.50000
-26.00000 31.50000 -11.00000
-25.50000 32.00000 -10.00000
-26.00000 32.00000 -10.50000
-25.50000 33.00000 -22.00000
-26.00000 33.00000 -21.50000
-26.00000 32.50000 -21.00000
-26.00000 32.50000 -20.00000
-26.00000 33.00000 -19.50000
-25.50000 33.00000 -19.00000
-25.50000 33.00000 -18.00000
-25.50000 33.00000 -17.00000
-25.50000 33.00000 -15.00000
-26.00000 33.00000 -15.50000
-26.00000 32.50000 -10.00000
-25.50000 33.00000 -9.00000
-26.00000 33.00000 -9.50000
-25.50000 34.00000 -22.00000
-26.00000 34.00000 -21.50000
-26.00000 33.50000 -19.00000
-26.00000 33.50000 -18.00000
-26.00000 34.00000 -17.50000
-25.50000 34.00000 -17.00000
-26.00000 33.50000 -15.00000
-25.50000 34.00000 -14.00000
-26.00000 34.00000 -14.50000
-25.50000 34.00000 -13.00000
-26.00000 33.50000 -9.00000
-26.00000 34.00000 -8.50000
-26.00000 35.00000 -21.50000
-25.50000 35.00000 -17.00000
-26.00000 35.00000 -17.50000
-26.00000 34.50000 -14.00000
-26.00000 34.50000 -13.00000
-26.00000 34.50000 -12.00000
-26.00000 34.50000 -11.00000
-26.00000 35.00000 -10.50000
-26.00000 34.50000 -8.00000
-26.00000 35.00000 -7.50000
-26.00000 36.00000 -21.50000
-26.00000 35.50000 -17.00000
-25.50000 36.00000 -16.00000
-26.00000 36.00000 -16.50000
-26.00000 35.50000 -10.00000
-26.00000 36.00000 -9.50000
-26.00000 36.00000 -7.50000
-26.00000 37.00000 -21.50000
-26.00000 36.50000 -16.00000
-26.00000 36.50000 -15.00000
-26.00000 36.50000 -14.00000
-26.00000 36.50000 -13.00000
-26.00000 36.50000 -12.00000
-26.00000 36.50000 -11.00000
-26.00000 36.50000 -10.00000
-26.00000 37.00000 -7.50000
-26.00000 37.50000 -21.00000
-25.50000 38.00000 -21.00000
-26.00000 38.00000 -20.50000
-25.50000 38.00000 -8.00000
-26.00000 38.00000 -7.50000
-26.00000 39.00000 -20.50000
-25.50000 39.00000 -14.00000
-26.00000 38.50000 -14.00000
-26.00000 39.00000 -14.50000
-25.50000 39.00000 -13.00000
-26.00000 38.50000 -13.00000
-26.00000 38.50000 -12.00000
-26.00000 38.50000 -11.00000
-26.00000 38.50000 -10.00000
-26.00000 38.50000 -9.00000
-26.00000 38.50000 -8.00000
-26.00000 40.00000 -20.50000
-25.50000 40.00000 -14.00000
-26.00000 40.00000 -14.50000
-25.50000 40.00000 -13.00000
-26.00000 40.50000 -20.00000
-25.50000 41.00000 -20.00000
-26.00000 41.00000 -19.50000
-26.00000 40.50000 -14.00000
-26.00000 40.50000 -13.00000
-25.50000 41.00000 -12.00000
-26.00000 41.00000 -12.50000
-26.00000 42.00000 -19.50000
-26.00000 41.50000 -12.00000
-25.50000 42.00000 -11.00000
-26.00000 42.00000 -11.50000
-26.00000 43.00000 -19.50000
-25.50000 43.00000 -15.00000
-25.50000 43.00000 -14.00000
-25.50000 43.00000 -13.00000
-25.50000 43.00000 -11.00000
-26.00000 43.00000 -11.50000
-26.00000 43.50000 -19.00000
-25.50000 44.00000 -19.00000
-25.50000 44.00000 -18.00000
-26.00000 43.50000 -18.00000
-26.00000 44.00000 -17.50000
-26.00000 43.50000 -16.00000
-26.00000 44.00000 -16.50000
-26.00000 43.50000 -15.00000
-25.50000 44.00000 -14.00000
-26.00000 44.00000 -14.50000
-25.50000 44.00000 -13.00000
-25.50000 44.00000 -12.00000
-26.00000 43.50000 -11.00000
-25.50000 44.00000 -10.00000
-26.00000 44.00000 -10.50000
-26.00000 44.50000 -17.00000
-25.50000 45.00000 -14.00000
-26.00000 45.00000 -14.50000
-25.50000 45.00000 -13.00000
-25.50000 45.00000 -10.00000
-26.00000 45.00000 -10.50000
-25.50000 46.00000 -15.00000
-26.00000 46.00000 -15.50000
-26.00000 45.50000 -15.00000
-25.50000 46.00000 -14.00000
-25.50000 46.00000 -10.00000
-26.00000 46.00000 -10.50000
-25.50000 47.00000 -16.00000
-26.00000 47.00000 -16.50000
-26.00000 46.50000 -16.00000
-25.50000 47.00000 -15.00000
-25.50000 47.00000 -12.00000
-26.00000 46.50000 -12.00000
-26.00000 47.00000 -12.50000
-25.50000 47.00000 -11.00000
-26.00000 46.50000 -11.00000
-25.50000 48.00000 -16.00000
-26.00000 48.00000 -16.50000
-25.50000 48.00000 -12.00000
-26.00000 48.00000 -12.50000
-25.50000 49.00000 -17.00000
-26.00000 49.00000 -17.50000
-26.00000 48.50000 -17.00000
-25.50000 49.00000 -13.00000
-26.00000 48.50000 -13.00000
-26.00000 49.00000 -13.50000
-25.50000 49.00000 -12.00000
-25.50000 50.00000 -17.00000
-26.00000 50.00000 -17.50000
-25.50000 50.00000 -13.00000
-26.00000 50.00000 -13.50000
-25.50000 51.00000 -17.00000
-26.00000 51.00000 -17.50000
-25.50000 51.00000 -13.00000
-26.00000 51.00000 -13.50000
-26.00000 52.00000 -17.50000
-25.50000 52.00000 -13.00000
-26.00000 52.00000 -13.50000
-25.50000 53.00000 -17.00000
-26.00000 53.00000 -17.50000
-25.50000 53.00000 -13.00000
-26.00000 53.00000 -13.50000
-26.00000 53.50000 -17.00000
-26.00000 54.00000 -16.50000
-25.50000 54.00000 -13.00000
-26.00000 54.00000 -13.50000
-26.00000 55.00000 -16.50000
-26.00000 54.50000 -13.00000
-26.00000 55.00000 -12.50000
-26.00000 55.50000 -16.00000
-25.50000 56.00000 -16.00000
-25.50000 56.00000 -15.00000
-26.00000 55.50000 -15.00000
-25.50000 56.00000 -14.00000
-26.00000 55.50000 -14.00000
-25.50000 56.00000 -13.00000
-26.00000 55.50000 -13.00000
-26.50000 7.00000 -20.00000
-26.50000 8.00000 -22.00000
-27.00000 8.00000 -21.50000
-27.00000 7.50000 -21.00000
-27.00000 7.50000 -20.00000
-26.50000 8.00000 -19.00000
-27.00000 8.00000 -19.50000
-26.50000 9.00000 -24.00000
-27.00000 9.00000 -23.50000
-27.00000 8.50000 -23.00000
-27.00000 8.50000 -22.00000
-26.50000 9.00000 -19.00000
-27.00000 9.00000 -19.50000
-26.50000 10.00000 -25.00000
-27.00000 10.00000 -24.50000
-27.00000 9.50000 -24.00000
-26.50000 10.00000 -19.00000
-27.00000 10.00000 -19.50000
-26.50000 11.00000 -26.00000
-27.00000 11.00000 -25.50000
-27.00000 10.50000 -25.00000
-26.50000 11.00000 -19.00000
-27.00000 11.00000 -19.50000
-27.00000 12.00000 -26.50000
-27.00000 11.50000 -26.00000
-27.00000 11.50000 -19.00000
-26.50000 12.00000 -18.00000
-27.00000 12.00000 -18.50000
-27.00000 13.00000 -27.50000
-27.00000 12.50000 -27.00000
-26.50000 13.00000 -18.00000
-27.00000 13.00000 -18.50000
-27.00000 14.00000 -27.50000
-26.50000 14.00000 -24.00000
-26.50000 14.00000 -23.00000
-26.50000 14.00000 -18.00000
-27.00000 14.00000 -18.50000
-26.50000 14.00000 -17.00000
-26.50000 14.00000 -16.00000
-27.00000 15.00000 -27.50000
-27.00000 14.50000 -24.00000
-27.00000 15.00000 -24.50000
-27.00000 14.50000 -23.00000
-26.50000 15.00000 -22.00000
-27.00000 15.00000 -22.50000
-26.50000 15.00000 -18.00000
-27.00000 15.00000 -18.50000
-27.00000 15.00000 -17.50000
-27.00000 14.50000 -17.00000
-27.00000 15.00000 -16.50000
-26.50000 15.00000 -16.00000
-26.50000 15.00000 -15.00000
-27.00000 16.00000 -28.50000
-27.00000 15.50000 -28.00000
-26.50000 16.00000 -24.00000
-27.00000 16.00000 -24.50000
-27.00000 15.50000 -22.00000
-26.50000 16.00000 -21.00000
-27.00000 16.00000 -21.50000
-27.00000 15.50000 -18.00000
-27.00000 16.00000 -17.50000
-26.50000 16.00000 -17.00000
-27.00000 15.50000 -17.00000
-27.00000 15.50000 -16.00000
-27.00000 16.00000 -16.50000
-27.00000 15.50000 -15.00000
-26.50000 16.00000 -14.00000
-27.00000 16.00000 -14.50000
-26.50000 16.00000 -13.00000
-26.50000 16.00000 -12.00000
-27.00000 16.50000 -28.00000
-27.00000 17.00000 -27.50000
-27.00000 16.50000 -24.00000
-27.00000 17.00000 -23.50000
-27.00000 16.50000 -21.00000
-26.50000 17.00000 -20.00000
-27.00000 17.00000 -20.50000
-27.00000 16.50000 -17.00000
-27.00000 17.00000 -16.50000
-26.50000 17.00000 -16.00000
-27.00000 16.50000 -16.00000
-27.00000 17.00000 -15.50000
-27.00000 16.50000 -14.00000
-27.00000 16.50000 -13.00000
-27.00000 16.50000 -12.00000
-26.50000 17.00000 -11.00000
-27.00000 17.00000 -11.50000
-26.50000 17.00000 -10.00000
-27.00000 18.00000 -27.50000
-26.50000 18.00000 -23.00000
-27.00000 18.00000 -23.50000
-27.00000 17.50000 -20.00000
-26.50000 18.00000 -19.00000
-27.00000 18.00000 -19.50000
-27.00000 17.50000 -16.00000
-27.00000 17.50000 -11.00000
-27.00000 17.50000 -10.00000
-27.00000 17.50000 -9.00000
-27.00000 17.50000 -8.00000
-27.00000 18.00000 -7.50000
-27.00000 18.50000 -27.00000
-27.00000 19.00000 -26.50000
-27.00000 18.50000 -23.00000
-26.50000 19.00000 -22.00000
-27.00000 19.00000 -22.50000
-27.00000 18.50000 -19.00000
-26.50000 19.00000 -18.00000
-27.00000 19.00000 -18.50000
-27.00000 18.50000 -7.00000
-27.00000 18.50000 -6.00000
-26.50000 19.00000 -6.00000
-27.00000 18.50000 -5.00000
-26.50000 19.00000 -5.00000
-27.00000 19.00000 -4.50000
-26.50000 20.00000 -26.00000
-27.00000 20.00000 -26.50000
-27.00000 19.50000 -22.00000
-27.00000 20.00000 -21.50000
-27.00000 19.50000 -18.00000
-26.50000 20.00000 -17.00000
-27.00000 20.00000 -17.50000
-26.50000 20.00000 -16.00000
-27.00000 19.50000 -4.00000
-26.50000 20.00000 -4.00000
-27.00000 20.00000 -3.50000
-27.00000 20.50000 -26.00000
-27.00000 21.00000 -25.50000
-26.50000 21.00000 -21.00000
-27.00000 21.00000 -21.50000
-27.00000 20.50000 -17.00000
-27.00000 20.50000 -16.00000
-26.50000 21.00000 -15.00000
-27.00000 21.00000 -15.50000
-27.00000 21.00000 -3.50000
-27.00000 21.50000 -25.00000
-27.00000 22.00000 -24.50000
-27.00000 21.50000 -21.00000
-26.50000 22.00000 -20.00000
-27.00000 22.00000 -20.50000
-27.00000 21.50000 -15.00000
-27.00000 21.50000 -14.00000
-26.50000 22.00000 -13.00000
-27.00000 22.00000 -13.50000
-27.00000 21.50000 -3.00000
-26.50000 22.00000 -3.00000
-27.00000 22.00000 -2.50000
-27.00000 23.00000 -24.50000
-27.00000 22.50000 -20.00000
-26.50000 23.00000 -19.00000
-27.00000 23.00000 -19.50000
-27.00000 22.50000 -13.00000
-27.00000 22.50000 -12.00000
-26.50000 23.00000 -11.00000
-27.00000 23.00000 -11.50000
-27.00000 23.00000 -2.50000
-27.00000 24.00000 -24.50000
-27.00000 23.50000 -19.00000
-26.50000 24.00000 -18.00000
-27.00000 24.00000 -18.50000
-27.00000 23.50000 -11.00000
-27.00000 23.50000 -10.00000
-26.50000 24.00000 -9.00000
-27.00000 24.00000 -9.50000
-27.00000 23.50000 -2.00000
-27.00000 23.50000 -1.00000
-26.50000 24.00000 -1.00000
-27.00000 24.00000 -0.50000
-27.00000 25.00000 -24.50000
-27.00000 24.50000 -18.00000
-26.50000 25.00000 -17.00000
-27.00000 25.00000 -17.50000
-27.00000 24.50000 -9.00000
-26.50000 25.00000 -8.00000
-27.00000 25.00000 -8.50000
-26.50000 25.00000 -1.00000
-27.00000 24.50000 0.00000
-26.50000 25.00000 0.00000
-27.00000 24.50000 1.00000
-26.50000 25.00000 1.00000
-27.00000 24.50000 2.00000
-26.50000 25.00000 2.00000
-27.00000 25.00000 2.50000
-26.50000 25.00000 6.00000
-27.00000 25.00000 5.50000
-27.00000 24.50000 6.00000
-27.00000 24.50000 7.00000
-27.00000 25.00000 7.50000
-27.00000 25.50000 -24.00000
-27.00000 26.00000 -23.50000
-27.00000 25.50000 -17.00000
-26.50000 26.00000 -16.00000
-27.00000 26.00000 -16.50000
-27.00000 25.50000 -8.00000
-26.50000 26.00000 -7.00000
-27.00000 26.00000 -7.50000
-26.50000 26.00000 -6.00000
-26.50000 26.00000 0.00000
-26.50000 26.00000 1.00000
-26.50000 26.00000 2.00000
-27.00000 25.50000 3.00000
-26.50000 26.00000 3.00000
-27.00000 25.50000 4.00000
-26.50000 26.00000 4.00000
-27.00000 25.50000 5.00000
-26.50000 26.00000 5.00000
-26.50000 26.00000 6.00000
-27.00000 25.50000 7.00000
-27.00000 26.00000 6.50000
-27.00000 27.00000 -23.50000
-27.00000 26.50000 -16.00000
-27.00000 26.50000 -15.00000
-26.50000 27.00000 -14.00000
-27.00000 27.00000 -14.50000
-27.00000 26.50000 -7.00000
-27.00000 26.50000 -6.00000
-26.50000 27.00000 -5.00000
-27.00000 27.00000 -5.50000
-26.50000 27.00000 2.00000
-26.50000 27.00000 3.00000
-26.50000 27.00000 4.00000
-26.50000 27.00000 5.00000
-26.50000 27.00000 6.00000
-27.00000 27.00000 6.50000
-26.50000 28.00000 -23.00000
-27.00000 28.00000 -23.50000
-27.00000 27.50000 -14.00000
-26.50000 28.00000 -13.00000
-27.00000 28.00000 -13.50000
-27.00000 27.50000 -5.00000
-26.50000 28.00000 -4.00000
-27.00000 28.00000 -4.50000
-26.50000 28.00000 -3.00000
-26.50000 28.00000 -2.00000
-26.50000 28.00000 -1.00000
-26.50000 28.00000 0.00000
-26.50000 28.00000 1.00000
-26.50000 28.00000 2.00000
-26.50000 28.00000 3.00000
-26.50000 28.00000 4.00000
-26.50000 28.00000 5.00000
-27.00000 28.00000 5.50000
-27.00000 27.50000 6.00000
-27.00000 28.50000 -23.00000
-27.00000 29.00000 -22.50000
-27.00000 28.50000 -13.00000
-26.50000 29.00000 -12.00000
-27.00000 29.00000 -12.50000
-27.00000 28.50000 -4.00000
-27.00000 28.50000 -3.00000
-26.50000 29.00000 -2.00000
-27.00000 29.00000 -2.50000
-26.50000 29.00000 -1.00000
-26.50000 29.00000 0.00000
-26.50000 29.00000 1.00000
-26.50000 29.00000 2.00000
-26.50000 29.00000 3.00000
-26.50000 29.00000 4.00000
-27.00000 29.00000 4.50000
-27.00000 28.50000 5.00000
-26.50000 30.00000 -22.00000
-27.00000 30.00000 -22.50000
-26.50000 30.00000 -21.00000
-26.50000 30.00000 -20.00000
-26.50000 30.00000 -19.00000
-27.00000 30.00000 -18.50000
-27.00000 29.50000 -18.00000
-26.50000 30.00000 -17.00000
-27.00000 30.00000 -17.50000
-26.50000 30.00000 -12.00000
-27.00000 30.00000 -12.50000
-27.00000 29.50000 -2.00000
-27.00000 29.50000 -1.00000
-27.00000 29.50000 0.00000
-27.00000 29.50000 1.00000
-27.00000 29.50000 2.00000
-27.00000 29.50000 3.00000
-27.00000 29.50000 4.00000
-27.00000 30.50000 -22.00000
-27.00000 30.50000 -21.00000
-27.00000 30.50000 -20.00000
-27.00000 30.50000 -19.00000
-27.00000 30.50000 -17.00000
-26.50000 31.00000 -16.00000
-27.00000 31.00000 -16.50000
-26.50000 31.00000 -12.00000
-27.00000 31.00000 -12.50000
-26.50000 32.00000 -16.00000
-27.00000 32.00000 -16.50000
-27.00000 31.50000 -12.00000
-26.50000 32.00000 -11.00000
-27.00000 32.00000 -11.50000
-26.50000 33.00000 -21.00000
-26.50000 33.00000 -20.00000
-26.50000 33.00000 -16.00000
-27.00000 33.00000 -16.50000
-27.00000 32.50000 -11.00000
-27.00000 32.50000 -10.00000
-27.00000 33.00000 -9.50000
-26.50000 34.00000 -21.00000
-26.50000 34.00000 -20.00000
-26.50000 34.00000 -19.00000
-26.50000 34.00000 -18.00000
-27.00000 33.50000 -16.00000
-26.50000 34.00000 -15.00000
-27.00000 34.00000 -15.50000
-27.00000 33.50000 -9.00000
-27.00000 34.00000 -8.50000
-26.50000 35.00000 -21.00000
-27.00000 35.00000 -20.50000
-27.00000 34.50000 -20.00000
-27.00000 34.50000 -19.00000
-27.00000 35.00000 -18.50000
-26.50000 35.00000 -18.00000
-27.00000 34.50000 -15.00000
-27.00000 34.50000 -14.00000
-26.50000 35.00000 -13.00000
-27.00000 35.00000 -13.50000
-26.50000 35.00000 -12.00000
-26.50000 35.00000 -11.00000
-27.00000 34.50000 -8.00000
-27.00000 35.00000 -7.50000
-26.50000 36.00000 -21.00000
-27.00000 36.00000 -20.50000
-27.00000 35.50000 -18.00000
-27.00000 35.50000 -17.00000
-27.00000 36.00000 -16.50000
-27.00000 35.50000 -13.00000
-27.00000 35.50000 -12.00000
-27.00000 35.50000 -11.00000
-27.00000 35.50000 -10.00000
-27.00000 36.00000 -9.50000
-27.00000 35.50000 -7.00000
-26.50000 36.00000 -7.00000
-27.00000 36.00000 -6.50000
-26.50000 37.00000 -21.00000
-27.00000 37.00000 -20.50000
-27.00000 36.50000 -16.00000
-27.00000 36.50000 -15.00000
-27.00000 36.50000 -14.00000
-27.00000 36.50000 -13.00000
-27.00000 36.50000 -12.00000
-27.00000 36.50000 -11.00000
-27.00000 36.50000 -10.00000
-26.50000 37.00000 -7.00000
-27.00000 37.00000 -6.50000
-27.00000 38.00000 -20.50000
-26.50000 38.00000 -7.00000
-27.00000 38.00000 -6.50000
-27.00000 39.00000 -20.50000
-26.50000 39.00000 -15.00000
-27.00000 38.50000 -15.00000
-27.00000 39.00000 -15.50000
-27.00000 38.50000 -14.00000
-27.00000 38.50000 -13.00000
-27.00000 38.50000 -12.00000
-27.00000 38.50000 -11.00000
-26.50000 39.00000 -10.00000
-27.00000 39.00000 -10.50000
-26.50000 39.00000 -9.00000
-26.50000 39.00000 -8.00000
-27.00000 39.00000 -7.50000
-27.00000 38.50000 -7.00000
-27.00000 39.50000 -20.00000
-26.50000 40.00000 -20.00000
-27.00000 40.00000 -19.50000
-26.50000 40.00000 -15.00000
-27.00000 40.00000 -15.50000
-27.00000 39.50000 -10.00000
-27.00000 39.50000 -9.00000
-27.00000 39.50000 -8.00000
-27.00000 41.00000 -19.50000
-27.00000 40.50000 -15.00000
-26.50000 41.00000 -14.00000
-27.00000 41.00000 -14.50000
-26.50000 41.00000 -13.00000
-27.00000 42.00000 -19.50000
-27.00000 41.50000 -14.00000
-27.00000 42.00000 -13.50000
-26.50000 42.00000 -13.00000
-26.50000 42.00000 -12.00000
-27.00000 42.50000 -19.00000
-26.50000 43.00000 -19.00000
-27.00000 43.00000 -18.50000
-27.00000 42.50000 -13.00000
-27.00000 43.00000 -12.50000
-26.50000 43.00000 -12.00000
-27.00000 44.00000 -18.50000
-26.50000 44.00000 -18.00000
-26.50000 44.00000 -16.00000
-26.50000 44.00000 -15.00000
-26.50000 44.00000 -12.00000
-27.00000 44.00000 -12.50000
-26.50000 44.00000 -11.00000
-27.00000 44.50000 -18.00000
-26.50000 45.00000 -17.00000
-27.00000 45.00000 -17.50000
-26.50000 45.00000 -16.00000
-26.50000 45.00000 -15.00000
-26.50000 45.00000 -12.00000
-27.00000 45.00000 -12.50000
-26.50000 45.00000 -11.00000
-26.50000 46.00000 -17.00000
-27.00000 46.00000 -17.50000
-26.50000 46.00000 -16.00000
-26.50000 46.00000 -13.00000
-27.00000 45.50000 -13.00000
-27.00000 46.00000 -13.50000
-26.50000 46.00000 -12.00000
-26.50000 46.00000 -11.00000
-26.50000 47.00000 -17.00000
-27.00000 47.00000 -17.50000
-26.50000 47.00000 -13.00000
-27.00000 47.00000 -13.50000
-26.50000 48.00000 -17.00000
-27.00000 48.00000 -17.50000
-26.50000 48.00000 -13.00000
-27.00000 48.00000 -13.50000
-27.00000 49.00000 -17.50000
-27.00000 49.00000 -13.50000
-27.00000 50.00000 -17.50000
-26.50000 50.00000 -14.00000
-27.00000 49.50000 -14.00000
-27.00000 50.00000 -14.50000
-27.00000 51.00000 -17.50000
-27.00000 50.50000 -14.00000
-27.00000 51.00000 -13.50000
-27.00000 52.00000 -17.50000
-27.00000 52.00000 -13.50000
-27.00000 53.00000 -17.50000
-27.00000 53.00000 -13.50000
-26.50000 54.00000 -17.00000
-27.00000 54.00000 -17.50000
-27.00000 54.00000 -13.50000
-27.00000 54.50000 -17.00000
-27.00000 55.00000 -16.50000
-26.50000 55.00000 -13.00000
-27.00000 55.00000 -13.50000
-27.00000 55.50000 -16.00000
-27.00000 55.50000 -15.00000
-27.00000 55.50000 -14.00000
-27.50000 8.00000 -21.00000
-27.50000 8.00000 -20.00000
-27.50000 9.00000 -23.00000
-27.50000 9.00000 -22.00000
-28.00000 9.00000 -21.50000
-28.00000 8.50000 -21.00000
-28.00000 9.00000 -20.50000
-27.50000 9.00000 -20.00000
-27.50000 10.00000 -24.00000
-28.00000 10.00000 -23.50000
-28.00000 9.50000 -23.00000
-28.00000 9.50000 -22.00000
-28.00000 9.50000 -20.00000
-28.00000 10.00000 -19.50000
-28.00000 11.00000 -25.50000
-28.00000 10.50000 -25.00000
-28.00000 10.50000 -24.00000
-28.00000 11.00000 -19.50000
-28.00000 12.00000 -26.50000
-28.00000 11.50000 -26.00000
-27.50000 12.00000 -19.00000
-28.00000 12.00000 -19.50000
-27.50000 13.00000 -27.00000
-28.00000 13.00000 -26.50000
-28.00000 12.50000 -19.00000
-28.00000 13.00000 -18.50000
-28.00000 14.00000 -27.50000
-28.00000 13.50000 -27.00000
-27.50000 14.00000 -19.00000
-28.00000 13.50000 -19.00000
-28.00000 14.00000 -19.50000
-28.00000 15.00000 -27.50000
-27.50000 15.00000 -24.00000
-27.50000 15.00000 -23.00000
-27.50000 15.00000 -19.00000
-28.00000 15.00000 -19.50000
-27.50000 15.00000 -17.00000
-27.50000 16.00000 -28.00000
-28.00000 16.00000 -27.50000
-28.00000 15.50000 -24.00000
-28.00000 16.00000 -24.50000
-28.00000 15.50000 -23.00000
-27.50000 16.00000 -22.00000
-28.00000 16.00000 -22.50000
-28.00000 15.50000 -19.00000
-27.50000 16.00000 -18.00000
-28.00000 16.00000 -18.50000
-27.50000 16.00000 -16.00000
-27.50000 16.00000 -15.00000
-28.00000 17.00000 -27.50000
-28.00000 16.50000 -24.00000
-28.00000 17.00000 -23.50000
-28.00000 16.50000 -22.00000
-27.50000 17.00000 -21.00000
-28.00000 17.00000 -21.50000
-27.50000 17.00000 -18.00000
-28.00000 17.00000 -18.50000
-27.50000 17.00000 -17.00000
-27.50000 17.00000 -15.00000
-27.50000 17.00000 -14.00000
-27.50000 17.00000 -13.00000
-27.50000 17.00000 -12.00000
-28.00000 18.00000 -27.50000
-28.00000 18.00000 -23.50000
-28.00000 17.50000 -21.00000
-27.50000 18.00000 -20.00000
-28.00000 18.00000 -20.50000
-28.00000 17.50000 -18.00000
-28.00000 17.50000 -17.00000
-27.50000 18.00000 -16.00000
-28.00000 18.00000 -16.50000
-27.50000 18.00000 -15.00000
-27.50000 18.00000 -14.00000
-28.00000 18.00000 -13.50000
-28.00000 17.50000 -13.00000
-28.00000 17.50000 -12.00000
-28.00000 17.50000 -11.00000
-28.00000 17.50000 -10.00000
-28.00000 17.50000 -9.00000
-27.50000 18.00000 -8.00000
-28.00000 18.00000 -8.50000
-27.50000 19.00000 -27.00000
-28.00000 19.00000 -27.50000
-28.00000 18.50000 -23.00000
-28.00000 19.00000 -22.50000
-28.00000 18.50000 -20.00000
-27.50000 19.00000 -19.00000
-28.00000 19.00000 -19.50000
-28.00000 18.50000 -16.00000
-28.00000 18.50000 -15.00000
-28.00000 19.00000 -14.50000
-27.50000 19.00000 -14.00000
-28.00000 18.50000 -13.00000
-27.50000 19.00000 -13.00000
-28.00000 19.00000 -12.50000
-28.00000 18.50000 -8.00000
-28.00000 18.50000 -7.00000
-28.00000 18.50000 -6.00000
-27.50000 19.00000 -5.00000
-28.00000 19.00000 -5.50000
-28.00000 19.50000 -27.00000
-28.00000 20.00000 -26.50000
-27.50000 20.00000 -22.00000
-28.00000 20.00000 -22.50000
-28.00000 19.50000 -19.00000
-27.50000 20.00000 -18.00000
-28.00000 20.00000 -18.50000
-28.00000 19.50000 -14.00000
-28.00000 19.50000 -13.00000
-28.00000 19.50000 -5.00000
-28.00000 19.50000 -4.00000
-28.00000 20.00000 -3.50000
-28.00000 20.50000 -26.00000
-28.00000 21.00000 -25.50000
-28.00000 20.50000 -22.00000
-28.00000 21.00000 -21.50000
-28.00000 20.50000 -18.00000
-28.00000 20.50000 -17.00000
-27.50000 21.00000 -16.00000
-28.00000 21.00000 -16.50000
-28.00000 20.50000 -3.00000
-27.50000 21.00000 -3.00000
-28.00000 21.00000 -2.50000
-27.50000 22.00000 -25.00000
-28.00000 22.00000 -25.50000
-28.00000 21.50000 -21.00000
-28.00000 22.00000 -20.50000
-28.00000 21.50000 -16.00000
-27.50000 22.00000 -15.00000
-28.00000 22.00000 -15.50000
-27.50000 22.00000 -14.00000
-28.00000 22.00000 -2.50000
-28.00000 22.50000 -25.00000
-28.00000 23.00000 -24.50000
-27.50000 23.00000 -20.00000
-28.00000 23.00000 -20.50000
-28.00000 22.50000 -15.00000
-28.00000 22.50000 -14.00000
-27.50000 23.00000 -13.00000
-28.00000 23.00000 -13.50000
-27.50000 23.00000 -12.00000
-27.50000 23.00000 -7.00000
-28.00000 22.50000 -7.00000
-28.00000 23.00000 -7.50000
-27.50000 23.00000 -6.00000
-28.00000 22.50000 -6.00000
-28.00000 23.00000 -5.50000
-28.00000 22.50000 -2.00000
-27.50000 23.00000 -2.00000
-28.00000 23.00000 -1.50000
-28.00000 24.00000 -24.50000
-28.00000 23.50000 -20.00000
-27.50000 24.00000 -19.00000
-28.00000 24.00000 -19.50000
-28.00000 23.50000 -13.00000
-28.00000 23.50000 -12.00000
-28.00000 23.50000 -11.00000
-27.50000 24.00000 -10.00000
-28.00000 24.00000 -10.50000
-28.00000 23.50000 -7.00000
-28.00000 24.00000 -6.50000
-27.50000 24.00000 -6.00000
-28.00000 24.00000 -5.50000
-28.00000 23.50000 -1.00000
-28.00000 23.50000 0.00000
-27.50000 24.00000 0.00000
-28.00000 23.50000 1.00000
-27.50000 24.00000 1.00000
-28.00000 24.00000 1.50000
-28.00000 24.50000 -24.00000
-27.50000 25.00000 -24.00000
-28.00000 25.00000 -23.50000
-28.00000 24.50000 -19.00000
-27.50000 25.00000 -18.00000
-28.00000 25.00000 -18.50000
-28.00000 24.50000 -10.00000
-27.50000 25.00000 -9.00000
-28.00000 25.00000 -9.50000
-28.00000 24.50000 -6.00000
-28.00000 24.50000 2.00000
-28.00000 24.50000 3.00000
-27.50000 25.00000 3.00000
-28.00000 24.50000 4.00000
-27.50000 25.00000 4.00000
-28.00000 24.50000 5.00000
-27.50000 25.00000 5.00000
-28.00000 24.50000 6.00000
-28.00000 24.50000 7.00000
-28.00000 25.00000 7.50000
-28.00000 26.00000 -23.50000
-28.00000 25.50000 -18.00000
-27.50000 26.00000 -17.00000
-28.00000 26.00000 -17.50000
-28.00000 25.50000 -9.00000
-28.00000 25.50000 -8.00000
-28.00000 26.00000 -7.50000
-28.00000 25.50000 7.00000
-28.00000 26.00000 6.50000
-28.00000 27.00000 -23.50000
-28.00000 26.50000 -17.00000
-28.00000 26.50000 -16.00000
-27.50000 27.00000 -15.00000
-28.00000 27.00000 -15.50000
-28.00000 26.50000 -7.00000
-27.50000 27.00000 -6.00000
-28.00000 27.00000 -6.50000
-27.50000 27.00000 6.00000
-28.00000 26.50000 6.00000
-28.00000 27.00000 5.50000
-28.00000 28.00000 -23.50000
-28.00000 27.50000 -15.00000
-28.00000 27.50000 -14.00000
-28.00000 28.00000 -13.50000
-28.00000 27.50000 -6.00000
-27.50000 28.00000 -5.00000
-28.00000 28.00000 -5.50000
-27.50000 28.00000 5.00000
-28.00000 27.50000 5.00000
-28.00000 28.00000 4.50000
-27.50000 29.00000 -23.00000
-28.00000 29.00000 -23.50000
-27.50000 29.00000 -13.00000
-28.00000 29.00000 -13.50000
-28.00000 28.50000 -5.00000
-27.50000 29.00000 -4.00000
-28.00000 29.00000 -4.50000
-27.50000 29.00000 -3.00000
-27.50000 29.00000 4.00000
-28.00000 28.50000 4.00000
-28.00000 29.00000 3.50000
-28.00000 29.50000 -23.00000
-28.00000 30.00000 -22.50000
-27.50000 30.00000 -18.00000
-28.00000 29.50000 -13.00000
-28.00000 30.00000 -12.50000
-28.00000 29.50000 -4.00000
-28.00000 29.50000 -3.00000
-27.50000 30.00000 -2.00000
-28.00000 30.00000 -2.50000
-27.50000 30.00000 -1.00000
-27.50000 30.00000 0.00000
-27.50000 30.00000 1.00000
-27.50000 30.00000 2.00000
-28.00000 30.00000 2.50000
-28.00000 29.50000 3.00000
-27.50000 31.00000 -22.00000
-28.00000 31.00000 -22.50000
-27.50000 31.00000 -21.00000
-27.50000 31.00000 -20.00000
-27.50000 31.00000 -19.00000
-27.50000 31.00000 -18.00000
-27.50000 31.00000 -17.00000
-28.00000 31.00000 -12.50000
-28.00000 30.50000 -2.00000
-28.00000 30.50000 -1.00000
-28.00000 30.50000 0.00000
-28.00000 30.50000 1.00000
-28.00000 30.50000 2.00000
-28.00000 31.50000 -22.00000
-28.00000 31.50000 -21.00000
-27.50000 32.00000 -20.00000
-28.00000 32.00000 -20.50000
-27.50000 32.00000 -19.00000
-27.50000 32.00000 -18.00000
-27.50000 32.00000 -17.00000
-27.50000 32.00000 -12.00000
-28.00000 32.00000 -12.50000
-28.00000 32.50000 -20.00000
-28.00000 32.50000 -19.00000
-27.50000 33.00000 -18.00000
-28.00000 33.00000 -18.50000
-27.50000 33.00000 -17.00000
-28.00000 32.50000 -12.00000
-28.00000 32.50000 -11.00000
-27.50000 33.00000 -10.00000
-28.00000 33.00000 -10.50000
-28.00000 33.50000 -18.00000
-28.00000 33.50000 -17.00000
-27.50000 34.00000 -16.00000
-28.00000 34.00000 -16.50000
-28.00000 33.50000 -10.00000
-28.00000 33.50000 -9.00000
-28.00000 34.00000 -8.50000
-27.50000 35.00000 -20.00000
-27.50000 35.00000 -19.00000
-28.00000 34.50000 -16.00000
-28.00000 34.50000 -15.00000
-27.50000 35.00000 -14.00000
-28.00000 35.00000 -14.50000
-28.00000 34.50000 -8.00000
-28.00000 35.00000 -7.50000
-27.50000 36.00000 -20.00000
-27.50000 36.00000 -19.00000
-27.50000 36.00000 -18.00000
-27.50000 36.00000 -17.00000
-27.50000 36.00000 -15.00000
-28.00000 36.00000 -15.50000
-28.00000 35.50000 -15.00000
-27.50000 36.00000 -14.00000
-27.50000 36.00000 -13.00000
-28.00000 36.00000 -12.50000
-28.00000 35.50000 -12.00000
-28.00000 35.50000 -11.00000
-28.00000 35.50000 -10.00000
-28.00000 36.00000 -9.50000
-28.00000 35.50000 -7.00000
-28.00000 36.00000 -6.50000
-28.00000 37.00000 -20.50000
-28.00000 36.50000 -20.00000
-28.00000 36.50000 -19.00000
-28.00000 36.50000 -18.00000
-28.00000 36.50000 -17.00000
-28.00000 36.50000 -16.00000
-28.00000 36.50000 -12.00000
-28.00000 36.50000 -11.00000
-27.50000 37.00000 -10.00000
-28.00000 37.00000 -10.50000
-28.00000 36.50000 -9.00000
-27.50000 37.00000 -9.00000
-28.00000 37.00000 -8.50000
-28.00000 37.00000 -6.50000
-28.00000 38.00000 -20.50000
-28.00000 37.50000 -10.00000
-28.00000 37.50000 -9.00000
-28.00000 38.00000 -6.50000
-28.00000 38.50000 -20.00000
-27.50000 39.00000 -20.00000
-28.00000 39.00000 -19.50000
-28.00000 38.50000 -15.00000
-28.00000 39.00000 -15.50000
-28.00000 38.50000 -14.00000
-28.00000 38.50000 -13.00000
-28.00000 38.50000 -12.00000
-27.50000 39.00000 -11.00000
-28.00000 39.00000 -11.50000
-27.50000 39.00000 -7.00000
-28.00000 39.00000 -6.50000
-28.00000 40.00000 -19.50000
-27.50000 40.00000 -16.00000
-28.00000 39.50000 -16.00000
-28.00000 40.00000 -16.50000
-28.00000 39.50000 -11.00000
-27.50000 40.00000 -10.00000
-28.00000 40.00000 -10.50000
-27.50000 40.00000 -9.00000
-27.50000 40.00000 -8.00000
-28.00000 40.00000 -7.50000
-28.00000 39.50000 -7.00000
-28.00000 41.00000 -19.50000
-28.00000 40.50000 -16.00000
-27.50000 41.00000 -15.00000
-28.00000 41.00000 -15.50000
-28.00000 40.50000 -10.00000
-27.50000 41.00000 -9.00000
-28.00000 41.00000 -9.50000
-28.00000 41.00000 -8.50000
-28.00000 40.50000 -8.00000
-28.00000 42.00000 -19.50000
-28.00000 41.50000 -15.00000
-27.50000 42.00000 -14.00000
-28.00000 42.00000 -14.50000
-28.00000 41.50000 -9.00000
-28.00000 42.50000 -19.00000
-28.00000 43.00000 -18.50000
-27.50000 43.00000 -14.00000
-28.00000 43.00000 -14.50000
-27.50000 43.00000 -13.00000
-28.00000 44.00000 -18.50000
-28.00000 43.50000 -14.00000
-28.00000 44.00000 -13.50000
-27.50000 44.00000 -13.00000
-27.50000 45.00000 -18.00000
-28.00000 45.00000 -18.50000
-27.50000 45.00000 -13.00000
-28.00000 45.00000 -13.50000
-28.00000 45.50000 -18.00000
-28.00000 46.00000 -17.50000
-28.00000 46.00000 -13.50000
-28.00000 47.00000 -17.50000
-27.50000 47.00000 -14.00000
-28.00000 46.50000 -14.00000
-28.00000 47.00000 -14.50000
-27.50000 47.00000 -11.00000
-28.00000 47.00000 -11.50000
-28.00000 46.50000 -11.00000
-28.00000 46.50000 -10.00000
-27.50000 47.00000 -10.00000
-28.00000 47.00000 -9.50000
-28.00000 48.00000 -17.50000
-28.00000 47.50000 -14.00000
-28.00000 48.00000 -13.50000
-27.50000 48.00000 -12.00000
-28.00000 48.00000 -12.50000
-28.00000 47.50000 -12.00000
-27.50000 48.00000 -11.00000
-27.50000 48.00000 -10.00000
-28.00000 48.00000 -9.50000
-28.00000 49.00000 -17.50000
-28.00000 48.50000 -13.00000
-27.50000 49.00000 -13.00000
-27.50000 49.00000 -12.00000
-27.50000 49.00000 -11.00000
-27.50000 49.00000 -10.00000
-28.00000 49.00000 -9.50000
-28.00000 50.00000 -17.50000
-27.50000 50.00000 -14.00000
-27.50000 50.00000 -13.00000
-27.50000 50.00000 -12.00000
-27.50000 50.00000 -11.00000
-27.50000 50.00000 -10.00000
-28.00000 50.00000 -9.50000
-28.00000 51.00000 -17.50000
-27.50000 51.00000 -13.00000
-27.50000 51.00000 -12.00000
-27.50000 51.00000 -11.00000
-27.50000 51.00000 -10.00000
-28.00000 51.00000 -9.50000
-28.00000 52.00000 -17.50000
-27.50000 52.00000 -13.00000
-27.50000 52.00000 -12.00000
-27.50000 52.00000 -11.00000
-27.50000 52.00000 -10.00000
-28.00000 52.00000 -9.50000
-28.00000 53.00000 -17.50000
-27.50000 53.00000 -13.00000
-27.50000 53.00000 -12.00000
-27.50000 53.00000 -11.00000
-27.50000 53.00000 -10.00000
-28.00000 53.00000 -9.50000
-28.00000 53.50000 -17.00000
-27.50000 54.00000 -17.00000
-28.00000 54.00000 -16.50000
-27.50000 54.00000 -13.00000
-27.50000 54.00000 -12.00000
-27.50000 54.00000 -11.00000
-27.50000 54.00000 -10.00000
-28.00000 54.00000 -9.50000
-27.50000 55.00000 -16.00000
-28.00000 54.50000 -16.00000
-27.50000 55.00000 -15.00000
-28.00000 54.50000 -15.00000
-27.50000 55.00000 -14.00000
-28.00000 54.50000 -14.00000
-28.00000 54.50000 -13.00000
-28.00000 54.50000 -12.00000
-28.00000 54.50000 -11.00000
-28.00000 54.50000 -10.00000
-28.50000 9.00000 -21.00000
-28.50000 10.00000 -23.00000
-28.50000 10.00000 -22.00000
-28.50000 10.00000 -21.00000
-28.50000 10.00000 -20.00000
-28.50000 11.00000 -25.00000
-28.50000 11.00000 -24.00000
-29.00000 11.00000 -23.50000
-29.00000 10.50000 -23.00000
-29.00000 10.50000 -22.00000
-29.00000 10.50000 -21.00000
-29.00000 11.00000 -20.50000
-28.50000 11.00000 -20.00000
-28.50000 12.00000 -26.00000
-29.00000 12.00000 -25.50000
-29.00000 11.50000 -25.00000
-29.00000 11.50000 -24.00000
-29.00000 11.50000 -20.00000
-29.00000 12.00000 -19.50000
-29.00000 13.00000 -26.50000
-29.00000 12.50000 -26.00000
-28.50000 13.00000 -20.00000
-29.00000 12.50000 -20.00000
-29.00000 13.00000 -20.50000
-28.50000 13.00000 -19.00000
-28.50000 14.00000 -27.00000
-29.00000 14.00000 -26.50000
-29.00000 13.50000 -20.00000
-29.00000 14.00000 -19.50000
-29.00000 15.00000 -27.50000
-29.00000 14.50000 -27.00000
-29.00000 15.00000 -19.50000
-29.00000 16.00000 -27.50000
-28.50000 16.00000 -24.00000
-28.50000 16.00000 -23.00000
-29.00000 15.50000 -19.00000
-29.00000 16.00000 -18.50000
-29.00000 17.00000 -27.50000
-29.00000 16.50000 -23.00000
-29.00000 17.00000 -23.50000
-28.50000 17.00000 -22.00000
-29.00000 17.00000 -22.50000
-29.00000 17.00000 -18.50000
-29.00000 18.00000 -27.50000
-29.00000 18.00000 -23.50000
-29.00000 17.50000 -22.00000
-28.50000 18.00000 -21.00000
-29.00000 18.00000 -21.50000
-29.00000 17.50000 -18.00000
-29.00000 17.50000 -17.00000
-29.00000 18.00000 -16.50000
-28.50000 18.00000 -13.00000
-28.50000 18.00000 -12.00000
-28.50000 18.00000 -11.00000
-28.50000 18.00000 -10.00000
-28.50000 18.00000 -9.00000
-29.00000 19.00000 -27.50000
-28.50000 19.00000 -23.00000
-29.00000 19.00000 -23.50000
-29.00000 18.50000 -21.00000
-28.50000 19.00000 -20.00000
-29.00000 19.00000 -20.50000
-29.00000 18.50000 -16.00000
-28.50000 19.00000 -15.00000
-29.00000 19.00000 -15.50000
-29.00000 18.50000 -12.00000
-29.00000 19.00000 -12.50000
-29.00000 18.50000 -11.00000
-29.00000 18.50000 -10.00000
-29.00000 18.50000 -9.00000
-28.50000 19.00000 -8.00000
-29.00000 19.00000 -8.50000
-28.50000 19.00000 -7.00000
-28.50000 19.00000 -6.00000
-29.00000 19.50000 -27.00000
-29.00000 20.00000 -26.50000
-29.00000 19.50000 -23.00000
-29.00000 20.00000 -22.50000
-29.00000 19.50000 -20.00000
-29.00000 19.50000 -19.00000
-29.00000 20.00000 -18.50000
-29.00000 19.50000 -15.00000
-29.00000 19.50000 -14.00000
-28.50000 20.00000 -13.00000
-29.00000 20.00000 -13.50000
-29.00000 19.50000 -12.00000
-28.50000 20.00000 -12.00000
-29.00000 20.00000 -11.50000
-28.50000 20.00000 -9.00000
-29.00000 19.50000 -9.00000
-29.00000 20.00000 -9.50000
-28.50000 20.00000 -8.00000
-28.50000 20.00000 -7.00000
-28.50000 20.00000 -6.00000
-28.50000 20.00000 -5.00000
-28.50000 20.00000 -4.00000
-28.50000 21.00000 -26.00000
-29.00000 21.00000 -26.50000
-29.00000 20.50000 -22.00000
-29.00000 21.00000 -21.50000
-29.00000 20.50000 -18.00000
-28.50000 21.00000 -17.00000
-29.00000 21.00000 -17.50000
-29.00000 20.50000 -13.00000
-29.00000 20.50000 -12.00000
-28.50000 21.00000 -9.00000
-29.00000 21.00000 -9.50000
-28.50000 21.00000 -8.00000
-28.50000 21.00000 -7.00000
-29.00000 21.00000 -6.50000
-29.00000 20.50000 -6.00000
-29.00000 21.00000 -5.50000
-28.50000 21.00000 -5.00000
-28.50000 21.00000 -4.00000
-28.50000 21.00000 -3.00000
-29.00000 21.50000 -26.00000
-29.00000 22.00000 -25.50000
-29.00000 21.50000 -21.00000
-29.00000 22.00000 -20.50000
-29.00000 21.50000 -17.00000
-28.50000 22.00000 -16.00000
-29.00000 22.00000 -16.50000
-29.00000 21.50000 -9.00000
-29.00000 22.00000 -8.50000
-28.50000 22.00000 -8.00000
-28.50000 22.00000 -7.00000
-29.00000 21.50000 -6.00000
-28.50000 22.00000 -6.00000
-29.00000 21.50000 -5.00000
-29.00000 22.00000 -5.50000
-29.00000 21.50000 -4.00000
-29.00000 22.00000 -3.50000
-28.50000 22.00000 -3.00000
-29.00000 22.50000 -25.00000
-29.00000 23.00000 -24.50000
-29.00000 23.00000 -20.50000
-29.00000 22.50000 -16.00000
-29.00000 22.50000 -15.00000
-28.50000 23.00000 -14.00000
-29.00000 23.00000 -14.50000
-29.00000 22.50000 -8.00000
-29.00000 23.00000 -7.50000
-29.00000 23.00000 -5.50000
-29.00000 22.50000 -3.00000
-29.00000 22.50000 -2.00000
-29.00000 23.00000 -1.50000
-29.00000 23.50000 -24.00000
-28.50000 24.00000 -24.00000
-29.00000 24.00000 -23.50000
-29.00000 23.50000 -20.00000
-29.00000 24.00000 -19.50000
-29.00000 23.50000 -14.00000
-29.00000 23.50000 -13.00000
-28.50000 24.00000 -12.00000
-29.00000 24.00000 -12.50000
-28.50000 24.00000 -11.00000
-28.50000 24.00000 -7.00000
-29.00000 24.00000 -7.50000
-29.00000 23.50000 -5.00000
-28.50000 24.00000 -5.00000
-29.00000 24.00000 -4.50000
-29.00000 23.50000 -1.00000
-29.00000 23.50000 0.00000
-29.00000 23.50000 1.00000
-29.00000 23.50000 2.00000
-28.50000 24.00000 2.00000
-29.00000 23.50000 3.00000
-28.50000 24.00000 3.00000
-29.00000 23.50000 4.00000
-28.50000 24.00000 4.00000
-29.00000 24.00000 4.50000
-29.00000 25.00000 -23.50000
-28.50000 25.00000 -19.00000
-29.00000 25.00000 -19.50000
-29.00000 24.50000 -12.00000
-29.00000 24.50000 -11.00000
-29.00000 24.50000 -10.00000
-29.00000 25.00000 -9.50000
-29.00000 24.50000 -7.00000
-28.50000 25.00000 -6.00000
-29.00000 25.00000 -6.50000
-28.50000 25.00000 -5.00000
-29.00000 25.00000 -4.50000
-29.00000 24.50000 5.00000
-29.00000 24.50000 6.00000
-28.50000 25.00000 7.00000
-29.00000 25.00000 6.50000
-29.00000 26.00000 -23.50000
-28.50000 26.00000 -19.00000
-29.00000 26.00000 -19.50000
-28.50000 26.00000 -18.00000
-29.00000 25.50000 -9.00000
-28.50000 26.00000 -8.00000
-29.00000 26.00000 -8.50000
-29.00000 25.50000 -6.00000
-29.00000 25.50000 -5.00000
-29.00000 26.00000 -4.50000
-28.50000 26.00000 -4.00000
-29.00000 25.50000 -4.00000
-29.00000 26.00000 -3.50000
-28.50000 26.00000 6.00000
-29.00000 25.50000 6.00000
-29.00000 26.00000 5.50000
-29.00000 27.00000 -23.50000
-29.00000 26.50000 -19.00000
-29.00000 26.50000 -18.00000
-29.00000 26.50000 -17.00000
-29.00000 26.50000 -16.00000
-29.00000 27.00000 -15.50000
-29.00000 26.50000 -8.00000
-28.50000 27.00000 -7.00000
-29.00000 27.00000 -7.50000
-29.00000 26.50000 -4.00000
-28.50000 27.00000 -1.00000
-29.00000 26.50000 -1.00000
-29.00000 27.00000 -1.50000
-28.50000 27.00000 0.00000
-29.00000 26.50000 0.00000
-28.50000 27.00000 1.00000
-29.00000 26.50000 1.00000
-29.00000 27.00000 1.50000
-29.00000 27.00000 5.50000
-29.00000 28.00000 -23.50000
-29.00000 27.50000 -15.00000
-28.50000 28.00000 -14.00000
-29.00000 28.00000 -14.50000
-29.00000 27.50000 -7.00000
-28.50000 28.00000 -6.00000
-29.00000 28.00000 -6.50000
-29.00000 27.50000 -1.00000
-29.00000 27.50000 0.00000
-29.00000 27.50000 1.00000
-29.00000 27.50000 5.00000
-29.00000 28.00000 4.50000
-29.00000 29.00000 -23.50000
-29.00000 28.50000 -14.00000
-29.00000 29.00000 -13.50000
-29.00000 28.50000 -6.00000
-28.50000 29.00000 -5.00000
-29.00000 29.00000 -5.50000
-29.00000 28.50000 4.00000
-29.00000 29.00000 3.50000
-29.00000 29.50000 -23.00000
-29.00000 30.00000 -22.50000
-28.50000 30.00000 -13.00000
-29.00000 30.00000 -13.50000
-29.00000 29.50000 -5.00000
-29.00000 29.50000 -4.00000
-28.50000 30.00000 -3.00000
-29.00000 30.00000 -3.50000
-28.50000 30.00000 2.00000
-29.00000 29.50000 2.00000
-29.00000 30.00000 1.50000
-29.00000 29.50000 3.00000
-29.00000 31.00000 -22.50000
-28.50000 31.00000 -13.00000
-29.00000 31.00000 -13.50000
-29.00000 30.50000 -3.00000
-29.00000 30.50000 -2.00000
-29.00000 30.50000 -1.00000
-29.00000 30.50000 0.00000
-28.50000 31.00000 1.00000
-29.00000 31.00000 0.50000
-29.00000 31.00000 1.50000
-29.00000 31.50000 -22.00000
-28.50000 32.00000 -21.00000
-29.00000 32.00000 -21.50000
-28.50000 32.00000 -13.00000
-29.00000 32.00000 -13.50000
-29.00000 31.50000 1.00000
-28.50000 33.00000 -21.00000
-29.00000 33.00000 -21.50000
-28.50000 33.00000 -20.00000
-28.50000 33.00000 -19.00000
-29.00000 32.50000 -13.00000
-29.00000 32.50000 -12.00000
-29.00000 32.50000 -11.00000
-29.00000 33.00000 -10.50000
-29.00000 33.50000 -21.00000
-29.00000 33.50000 -20.00000
-28.50000 34.00000 -19.00000
-29.00000 34.00000 -19.50000
-28.50000 34.00000 -18.00000
-28.50000 34.00000 -17.00000
-29.00000 33.50000 -10.00000
-29.00000 33.50000 -9.00000
-29.00000 33.50000 -8.00000
-28.50000 34.00000 -8.00000
-29.00000 34.00000 -7.50000
-29.00000 34.50000 -19.00000
-29.00000 34.50000 -18.00000
-29.00000 34.50000 -17.00000
-29.00000 34.50000 -16.00000
-28.50000 35.00000 -15.00000
-29.00000 35.00000 -15.50000
-29.00000 35.00000 -7.50000
-29.00000 36.00000 -15.50000
-28.50000 36.00000 -13.00000
-29.00000 35.50000 -13.00000
-29.00000 36.00000 -13.50000
-29.00000 35.50000 -12.00000
-29.00000 35.50000 -11.00000
-29.00000 35.50000 -10.00000
-29.00000 36.00000 -9.50000
-29.00000 35.50000 -7.00000
-29.00000 36.00000 -6.50000
-28.50000 37.00000 -20.00000
-29.00000 37.00000 -19.50000
-29.00000 36.50000 -19.00000
-29.00000 36.50000 -18.00000
-29.00000 36.50000 -17.00000
-29.00000 36.50000 -16.00000
-29.00000 36.50000 -13.00000
-29.00000 36.50000 -12.00000
-29.00000 36.50000 -11.00000
-29.00000 37.00000 -10.50000
-29.00000 36.50000 -9.00000
-29.00000 37.00000 -8.50000
-29.00000 37.00000 -6.50000
-28.50000 38.00000 -20.00000
-29.00000 38.00000 -19.50000
-28.50000 38.00000 -10.00000
-29.00000 38.00000 -10.50000
-28.50000 38.00000 -9.00000
-29.00000 38.00000 -8.50000
-29.00000 38.00000 -6.50000
-29.00000 39.00000 -19.50000
-28.50000 39.00000 -15.00000
-29.00000 39.00000 -14.50000
-29.00000 38.50000 -14.00000
-28.50000 39.00000 -13.00000
-29.00000 39.00000 -13.50000
-28.50000 39.00000 -12.00000
-29.00000 38.50000 -10.00000
-29.00000 38.50000 -9.00000
-29.00000 39.00000 -6.50000
-29.00000 40.00000 -19.50000
-29.00000 39.50000 -16.00000
-29.00000 40.00000 -16.50000
-29.00000 39.50000 -15.00000
-29.00000 39.50000 -13.00000
-29.00000 39.50000 -12.00000
-28.50000 40.00000 -11.00000
-29.00000 40.00000 -11.50000
-28.50000 40.00000 -7.00000
-29.00000 40.00000 -6.50000
-29.00000 41.00000 -19.50000
-29.00000 40.50000 -16.00000
-29.00000 41.00000 -15.50000
-28.50000 41.00000 -11.00000
-29.00000 41.00000 -11.50000
-28.50000 41.00000 -10.00000
-28.50000 41.00000 -8.00000
-29.00000 41.00000 -7.50000
-29.00000 40.50000 -7.00000
-29.00000 42.00000 -19.50000
-29.00000 41.50000 -15.00000
-29.00000 42.00000 -14.50000
-28.50000 42.00000 -11.00000
-29.00000 42.00000 -11.50000
-28.50000 42.00000 -10.00000
-28.50000 42.00000 -9.00000
-29.00000 42.00000 -8.50000
-29.00000 41.50000 -8.00000
-29.00000 42.50000 -19.00000
-29.00000 43.00000 -18.50000
-29.00000 43.00000 -14.50000
-28.50000 43.00000 -12.00000
-29.00000 43.00000 -12.50000
-29.00000 42.50000 -12.00000
-28.50000 43.00000 -11.00000
-28.50000 43.00000 -10.00000
-28.50000 43.00000 -9.00000
-29.00000 43.00000 -8.50000
-29.00000 44.00000 -18.50000
-28.50000 44.00000 -14.00000
-29.00000 44.00000 -14.50000
-29.00000 43.50000 -13.00000
-29.00000 44.00000 -13.50000
-28.50000 44.00000 -13.00000
-28.50000 44.00000 -12.00000
-28.50000 44.00000 -11.00000
-28.50000 44.00000 -10.00000
-28.50000 44.00000 -9.00000
-29.00000 44.00000 -8.50000
-29.00000 45.00000 -18.50000
-29.00000 44.50000 -14.00000
-28.50000 44.50000 -13.50000
-28.50000 45.00000 -13.00000
-28.50000 45.00000 -12.00000
-28.50000 45.00000 -11.00000
-28.50000 45.00000 -10.00000
-28.50000 45.00000 -9.00000
-29.00000 45.00000 -8.50000
-29.00000 45.50000 -18.00000
-29.00000 46.00000 -17.50000
-28.50000 46.00000 -13.00000
-28.50000 46.00000 -12.00000
-28.50000 46.00000 -11.00000
-28.50000 46.00000 -10.00000
-28.50000 46.00000 -9.00000
-29.00000 46.00000 -8.50000
-29.00000 47.00000 -17.50000
-28.50000 47.00000 -14.00000
-28.50000 47.00000 -13.00000
-28.50000 47.00000 -12.00000
-28.50000 47.00000 -9.00000
-29.00000 47.00000 -8.50000
-29.00000 48.00000 -17.50000
-28.50000 48.00000 -13.00000
-28.50000 48.00000 -9.00000
-29.00000 48.00000 -8.50000
-29.00000 49.00000 -17.50000
-28.50000 49.00000 -9.00000
-29.00000 49.00000 -8.50000
-29.00000 49.50000 -17.00000
-28.50000 50.00000 -17.00000
-29.00000 50.00000 -16.50000
-28.50000 50.00000 -9.00000
-29.00000 50.00000 -8.50000
-28.50000 51.00000 -17.00000
-29.00000 51.00000 -16.50000
-28.50000 51.00000 -9.00000
-29.00000 51.00000 -8.50000
-28.50000 52.00000 -17.00000
-29.00000 52.00000 -16.50000
-28.50000 52.00000 -9.00000
-29.00000 52.00000 -8.50000
-28.50000 53.00000 -17.00000
-29.00000 53.00000 -16.50000
-28.50000 53.00000 -9.00000
-29.00000 53.00000 -8.50000
-29.00000 54.00000 -16.50000
-28.50000 54.00000 -9.00000
-29.00000 54.00000 -8.50000
-29.00000 54.50000 -16.00000
-29.00000 54.50000 -15.00000
-29.00000 54.50000 -14.00000
-29.00000 54.50000 -13.00000
-29.00000 54.50000 -12.00000
-29.00000 54.50000 -11.00000
-29.00000 54.50000 -10.00000
-29.00000 54.50000 -9.00000
-29.50000 11.00000 -23.00000
-29.50000 11.00000 -22.00000
-29.50000 11.00000 -21.00000
-29.50000 12.00000 -25.00000
-29.50000 12.00000 -24.00000
-30.00000 12.00000 -23.50000
-30.00000 11.50000 -23.00000
-30.00000 11.50000 -22.00000
-30.00000 12.00000 -21.50000
-29.50000 12.00000 -21.00000
-29.50000 12.00000 -20.00000
-29.50000 13.00000 -26.00000
-30.00000 13.00000 -25.50000
-30.00000 12.50000 -25.00000
-30.00000 12.50000 -24.00000
-29.50000 13.00000 -21.00000
-30.00000 13.00000 -21.50000
-30.00000 14.00000 -26.50000
-30.00000 13.50000 -26.00000
-30.00000 13.50000 -21.00000
-29.50000 14.00000 -20.00000
-30.00000 14.00000 -20.50000
-29.50000 15.00000 -27.00000
-30.00000 15.00000 -26.50000
-30.00000 14.50000 -20.00000
-30.00000 15.00000 -19.50000
-30.00000 16.00000 -27.50000
-30.00000 15.50000 -27.00000
-29.50000 16.00000 -19.00000
-30.00000 16.00000 -19.50000
-30.00000 17.00000 -27.50000
-29.50000 17.00000 -23.00000
-30.00000 16.50000 -19.00000
-30.00000 17.00000 -18.50000
-30.00000 18.00000 -27.50000
-30.00000 17.50000 -23.00000
-30.00000 18.00000 -23.50000
-30.00000 17.50000 -22.00000
-30.00000 18.00000 -21.50000
-30.00000 17.50000 -18.00000
-30.00000 17.50000 -17.00000
-30.00000 18.00000 -16.50000
-30.00000 19.00000 -27.50000
-30.00000 19.00000 -23.50000
-30.00000 18.50000 -21.00000
-30.00000 19.00000 -20.50000
-30.00000 18.50000 -16.00000
-30.00000 19.00000 -15.50000
-29.50000 19.00000 -12.00000
-29.50000 19.00000 -11.00000
-29.50000 19.00000 -10.00000
-29.50000 19.00000 -9.00000
-30.00000 19.50000 -27.00000
-30.00000 20.00000 -26.50000
-30.00000 19.50000 -23.00000
-30.00000 20.00000 -22.50000
-30.00000 19.50000 -20.00000
-29.50000 20.00000 -19.00000
-30.00000 20.00000 -19.50000
-30.00000 19.50000 -15.00000
-30.00000 19.50000 -14.00000
-30.00000 20.00000 -13.50000
-30.00000 20.00000 -12.50000
-29.50000 20.00000 -12.00000
-30.00000 19.50000 -12.00000
-30.00000 19.50000 -11.00000
-29.50000 19.50000 -11.50000
-30.00000 20.00000 -10.50000
-29.50000 20.00000 -10.00000
-30.00000 21.00000 -26.50000
-30.00000 20.50000 -22.00000
-30.00000 21.00000 -21.50000
-30.00000 20.50000 -19.00000
-30.00000 20.50000 -18.00000
-30.00000 21.00000 -17.50000
-30.00000 20.50000 -13.00000
-30.00000 20.50000 -10.00000
-30.00000 21.00000 -9.50000
-29.50000 21.00000 -6.00000
-30.00000 21.50000 -26.00000
-30.00000 22.00000 -25.50000
-29.50000 22.00000 -21.00000
-30.00000 22.00000 -21.50000
-30.00000 21.50000 -17.00000
-30.00000 22.00000 -16.50000
-30.00000 21.50000 -9.00000
-30.00000 22.00000 -8.50000
-29.50000 22.00000 -5.00000
-29.50000 22.00000 -4.00000
-30.00000 22.50000 -25.00000
-30.00000 23.00000 -24.50000
-30.00000 22.50000 -21.00000
-30.00000 23.00000 -20.50000
-30.00000 22.50000 -16.00000
-29.50000 23.00000 -15.00000
-30.00000 23.00000 -15.50000
-30.00000 22.50000 -8.00000
-30.00000 23.00000 -7.50000
-29.50000 23.00000 -5.00000
-29.50000 23.00000 -4.00000
-29.50000 23.00000 -3.00000
-29.50000 23.00000 -2.00000
-30.00000 23.50000 -24.00000
-30.00000 24.00000 -23.50000
-30.00000 23.50000 -20.00000
-30.00000 24.00000 -19.50000
-30.00000 23.50000 -15.00000
-30.00000 23.50000 -14.00000
-29.50000 24.00000 -13.00000
-30.00000 24.00000 -13.50000
-30.00000 24.00000 -7.50000
-30.00000 23.50000 -4.00000
-30.00000 24.00000 -4.50000
-30.00000 23.50000 -3.00000
-30.00000 23.50000 -2.00000
-29.50000 24.00000 -1.00000
-30.00000 24.00000 -1.50000
-29.50000 24.00000 0.00000
-30.00000 24.00000 0.50000
-30.00000 23.50000 1.00000
-30.00000 23.50000 2.00000
-29.50000 24.00000 3.00000
-30.00000 24.00000 2.50000
-29.50000 24.00000 4.00000
-30.00000 25.00000 -23.50000
-30.00000 25.00000 -19.50000
-30.00000 24.50000 -13.00000
-30.00000 24.50000 -12.00000
-30.00000 24.50000 -11.00000
-29.50000 25.00000 -10.00000
-30.00000 25.00000 -10.50000
-30.00000 24.50000 -7.00000
-30.00000 25.00000 -6.50000
-30.00000 25.00000 -4.50000
-30.00000 24.50000 -1.00000
-30.00000 24.50000 0.00000
-30.00000 24.50000 3.00000
-30.00000 24.50000 4.00000
-30.00000 24.50000 5.00000
-29.50000 25.00000 6.00000
-30.00000 25.00000 5.50000
-30.00000 26.00000 -23.50000
-30.00000 26.00000 -19.50000
-30.00000 25.50000 -10.00000
-29.50000 26.00000 -9.00000
-30.00000 26.00000 -9.50000
-30.00000 25.50000 -6.00000
-29.50000 26.00000 -5.00000
-30.00000 26.00000 -5.50000
-30.00000 25.50000 -4.00000
-29.50000 26.00000 -3.00000
-30.00000 25.50000 -3.00000
-29.50000 26.00000 -2.00000
-30.00000 25.50000 -2.00000
-29.50000 26.00000 -1.00000
-30.00000 25.50000 -1.00000
-30.00000 26.00000 -0.50000
-30.00000 26.00000 5.50000
-30.00000 27.00000 -23.50000
-30.00000 26.50000 -19.00000
-29.50000 27.00000 -18.00000
-30.00000 27.00000 -18.50000
-29.50000 27.00000 -17.00000
-29.50000 27.00000 -16.00000
-30.00000 26.50000 -9.00000
-29.50000 27.00000 -8.00000
-30.00000 27.00000 -8.50000
-30.00000 26.50000 -5.00000
-29.50000 27.00000 -4.00000
-30.00000 27.00000 -4.50000
-29.50000 27.00000 -3.00000
-29.50000 27.00000 -2.00000
-30.00000 26.50000 0.00000
-30.00000 26.50000 1.00000
-29.50000 27.00000 2.00000
-30.00000 26.50000 2.00000
-30.00000 27.00000 2.50000
-29.50000 27.00000 5.00000
-30.00000 26.50000 5.00000
-30.00000 27.00000 4.50000
-30.00000 28.00000 -23.50000
-30.00000 27.50000 -18.00000
-30.00000 27.50000 -17.00000
-30.00000 27.50000 -16.00000
-29.50000 28.00000 -15.00000
-30.00000 28.00000 -15.50000
-30.00000 27.50000 -8.00000
-29.50000 28.00000 -7.00000
-30.00000 28.00000 -7.50000
-30.00000 27.50000 -4.00000
-30.00000 27.50000 -3.00000
-30.00000 27.50000 -2.00000
-30.00000 27.50000 -1.00000
-30.00000 27.50000 0.00000
-29.50000 28.00000 1.00000
-30.00000 28.00000 0.50000
-29.50000 28.00000 2.00000
-30.00000 27.50000 3.00000
-29.50000 28.00000 3.00000
-29.50000 28.00000 4.00000
-30.00000 27.50000 4.00000
-30.00000 29.00000 -23.50000
-30.00000 28.50000 -15.00000
-29.50000 29.00000 -14.00000
-30.00000 29.00000 -14.50000
-30.00000 28.50000 -7.00000
-30.00000 28.50000 -6.00000
-30.00000 29.00000 -5.50000
-30.00000 28.50000 1.00000
-30.00000 29.00000 1.50000
-29.50000 29.00000 2.00000
-29.50000 29.00000 3.00000
-30.00000 29.50000 -23.00000
-30.00000 30.00000 -22.50000
-29.50000 30.00000 -14.00000
-30.00000 30.00000 -14.50000
-30.00000 29.50000 -5.00000
-29.50000 30.00000 -4.00000
-30.00000 30.00000 -4.50000
-30.00000 30.00000 1.50000
-30.00000 31.00000 -22.50000
-29.50000 31.00000 -14.00000
-30.00000 31.00000 -14.50000
-30.00000 30.50000 -4.00000
-30.00000 30.50000 -3.00000
-30.00000 30.50000 -2.00000
-30.00000 30.50000 -1.00000
-30.00000 30.50000 0.00000
-29.50000 31.00000 1.00000
-30.00000 30.50000 1.00000
-29.50000 32.00000 -22.00000
-30.00000 32.00000 -22.50000
-29.50000 32.00000 -14.00000
-30.00000 32.00000 -14.50000
-30.00000 32.50000 -22.00000
-30.00000 33.00000 -21.50000
-30.00000 32.50000 -14.00000
-30.00000 32.50000 -13.00000
-30.00000 32.50000 -12.00000
-30.00000 32.50000 -11.00000
-30.00000 32.50000 -10.00000
-29.50000 33.00000 -10.00000
-30.00000 33.00000 -9.50000
-30.00000 33.50000 -21.00000
-29.50000 34.00000 -20.00000
-30.00000 34.00000 -20.50000
-30.00000 33.50000 -9.00000
-30.00000 33.50000 -8.00000
-30.00000 34.00000 -7.50000
-30.00000 34.50000 -20.00000
-29.50000 35.00000 -19.00000
-30.00000 35.00000 -19.50000
-29.50000 35.00000 -18.00000
-29.50000 35.00000 -17.00000
-29.50000 35.00000 -16.00000
-30.00000 34.50000 -7.00000
-29.50000 35.00000 -7.00000
-30.00000 35.00000 -6.50000
-30.00000 35.50000 -19.00000
-30.00000 35.50000 -18.00000
-30.00000 35.50000 -17.00000
-29.50000 36.00000 -16.00000
-30.00000 36.00000 -16.50000
-29.50000 36.00000 -13.00000
-29.50000 36.00000 -12.00000
-29.50000 36.00000 -11.00000
-30.00000 36.00000 -10.50000
-30.00000 35.50000 -10.00000
-29.50000 36.00000 -9.00000
-30.00000 35.50000 -9.00000
-30.00000 36.00000 -8.50000
-30.00000 36.00000 -6.50000
-29.50000 37.00000 -19.00000
-30.00000 37.00000 -18.50000
-30.00000 36.50000 -18.00000
-30.00000 36.50000 -17.00000
-29.50000 36.50000 -11.50000
-29.50000 37.00000 -11.00000
-30.00000 37.00000 -11.50000
-30.00000 36.50000 -11.00000
-30.00000 37.00000 -8.50000
-30.00000 37.00000 -6.50000
-30.00000 38.00000 -19.50000
-30.00000 37.50000 -19.00000
-30.00000 37.50000 -11.00000
-30.00000 38.00000 -10.50000
-30.00000 37.50000 -8.00000
-29.50000 38.00000 -8.00000
-30.00000 38.00000 -7.50000
-30.00000 38.00000 -6.50000
-30.00000 39.00000 -19.50000
-29.50000 39.00000 -14.00000
-29.50000 39.00000 -10.00000
-30.00000 39.00000 -10.50000
-29.50000 39.00000 -9.00000
-30.00000 39.00000 -8.50000
-30.00000 38.50000 -8.00000
-30.00000 39.00000 -6.50000
-30.00000 40.00000 -19.50000
-29.50000 40.00000 -16.00000
-29.50000 40.00000 -15.00000
-30.00000 40.00000 -14.50000
-30.00000 39.50000 -14.00000
-29.50000 40.00000 -13.00000
-30.00000 40.00000 -13.50000
-29.50000 40.00000 -12.00000
-30.00000 39.50000 -10.00000
-30.00000 40.00000 -9.50000
-29.50000 40.00000 -9.00000
-30.00000 40.00000 -8.50000
-30.00000 40.00000 -6.50000
-30.00000 41.00000 -19.50000
-30.00000 40.50000 -15.00000
-30.00000 41.00000 -15.50000
-29.50000 41.00000 -13.00000
-30.00000 41.00000 -13.50000
-29.50000 41.00000 -12.00000
-30.00000 40.50000 -9.00000
-29.50000 41.00000 -7.00000
-30.00000 41.00000 -6.50000
-30.00000 42.00000 -19.50000
-30.00000 41.50000 -15.00000
-30.00000 42.00000 -14.50000
-29.50000 42.00000 -13.00000
-30.00000 42.00000 -13.50000
-29.50000 42.00000 -12.00000
-29.50000 42.00000 -8.00000
-30.00000 42.00000 -7.50000
-30.00000 41.50000 -7.00000
-30.00000 42.50000 -19.00000
-30.00000 43.00000 -18.50000
-30.00000 42.50000 -14.00000
-29.50000 43.00000 -14.00000
-29.50000 43.00000 -13.00000
-30.00000 42.50000 -8.00000
-30.00000 43.00000 -8.50000
-30.00000 44.00000 -18.50000
-29.50000 44.00000 -14.00000
-30.00000 44.00000 -8.50000
-30.00000 45.00000 -18.50000
-29.50000 45.00000 -12.00000
-30.00000 44.50000 -12.00000
-30.00000 45.00000 -12.50000
-29.50000 45.00000 -11.00000
-30.00000 44.50000 -11.00000
-30.00000 45.00000 -10.50000
-30.00000 45.00000 -8.50000
-30.00000 45.50000 -18.00000
-30.00000 46.00000 -17.50000
-29.50000 46.00000 -12.00000
-30.00000 46.00000 -12.50000
-29.50000 46.00000 -11.00000
-30.00000 46.00000 -10.50000
-30.00000 46.00000 -8.50000
-30.00000 47.00000 -17.50000
-29.50000 47.00000 -12.00000
-30.00000 47.00000 -12.50000
-29.50000 47.00000 -11.00000
-30.00000 47.00000 -10.50000
-30.00000 47.00000 -8.50000
-30.00000 48.00000 -17.50000
-29.50000 48.00000 -13.00000
-30.00000 47.50000 -13.00000
-30.00000 48.00000 -13.50000
-29.50000 48.00000 -12.00000
-29.50000 48.00000 -11.00000
-30.00000 48.00000 -10.50000
-30.00000 48.00000 -8.50000
-30.00000 48.50000 -17.00000
-29.50000 49.00000 -17.00000
-30.00000 49.00000 -16.50000
-29.50000 49.00000 -13.00000
-30.00000 49.00000 -13.50000
-29.50000 49.00000 -12.00000
-29.50000 49.00000 -11.00000
-30.00000 49.00000 -10.50000
-30.00000 49.00000 -8.50000
-30.00000 50.00000 -16.50000
-29.50000 50.00000 -14.00000
-30.00000 49.50000 -14.00000
-30.00000 50.00000 -14.50000
-29.50000 50.00000 -13.00000
-29.50000 50.00000 -12.00000
-29.50000 50.00000 -11.00000
-30.00000 50.00000 -10.50000
-30.00000 50.00000 -8.50000
-30.00000 50.50000 -16.00000
-29.50000 51.00000 -16.00000
-30.00000 51.00000 -15.50000
-29.50000 51.00000 -14.00000
-30.00000 51.00000 -14.50000
-29.50000 51.00000 -13.00000
-29.50000 51.00000 -12.00000
-29.50000 51.00000 -11.00000
-30.00000 51.00000 -10.50000
-30.00000 51.00000 -8.50000
-29.50000 52.00000 -16.00000
-30.00000 52.00000 -15.50000
-29.50000 52.00000 -14.00000
-30.00000 52.00000 -14.50000
-29.50000 52.00000 -13.00000
-29.50000 52.00000 -12.00000
-29.50000 52.00000 -11.00000
-30.00000 52.00000 -10.50000
-30.00000 52.00000 -8.50000
-30.00000 53.00000 -16.50000
-30.00000 52.50000 -16.00000
-30.00000 52.50000 -14.00000
-30.00000 52.50000 -13.00000
-30.00000 53.00000 -12.50000
-29.50000 53.00000 -12.00000
-30.00000 53.00000 -11.50000
-30.00000 52.50000 -11.00000
-30.00000 53.00000 -8.50000
-30.00000 53.50000 -16.00000
-29.50000 54.00000 -16.00000
-29.50000 54.00000 -15.00000
-30.00000 53.50000 -15.00000
-29.50000 54.00000 -14.00000
-30.00000 53.50000 -14.00000
-29.50000 54.00000 -13.00000
-30.00000 53.50000 -13.00000
-29.50000 54.00000 -12.00000
-30.00000 53.50000 -11.00000
-29.50000 54.00000 -11.00000
-29.50000 54.00000 -10.00000
-30.00000 53.50000 -10.00000
-29.50000 54.00000 -9.00000
-30.00000 53.50000 -9.00000
-30.50000 12.00000 -23.00000
-30.50000 12.00000 -22.00000
-30.50000 13.00000 -25.00000
-30.50000 13.00000 -24.00000
-30.50000 13.00000 -23.00000
-30.50000 13.00000 -22.00000
-30.50000 14.00000 -26.00000
-31.00000 14.00000 -25.50000
-31.00000 13.50000 -25.00000
-31.00000 13.50000 -24.00000
-31.00000 13.50000 -23.00000
-31.00000 13.50000 -22.00000
-30.50000 14.00000 -21.00000
-31.00000 14.00000 -21.50000
-31.00000 15.00000 -26.50000
-31.00000 14.50000 -26.00000
-31.00000 14.50000 -21.00000
-30.50000 15.00000 -20.00000
-31.00000 15.00000 -20.50000
-30.50000 16.00000 -27.00000
-31.00000 16.00000 -26.50000
-31.00000 15.50000 -20.00000
-31.00000 16.00000 -19.50000
-31.00000 17.00000 -27.50000
-31.00000 16.50000 -27.00000
-31.00000 16.50000 -19.00000
-31.00000 17.00000 -18.50000
-31.00000 18.00000 -27.50000
-30.50000 18.00000 -23.00000
-31.00000 18.00000 -22.50000
-31.00000 17.50000 -22.00000
-31.00000 18.00000 -21.50000
-31.00000 17.50000 -18.00000
-31.00000 17.50000 -17.00000
-31.00000 18.00000 -16.50000
-31.00000 19.00000 -27.50000
-30.50000 19.00000 -23.00000
-31.00000 19.00000 -22.50000
-31.00000 18.50000 -21.00000
-31.00000 19.00000 -20.50000
-31.00000 18.50000 -16.00000
-31.00000 18.50000 -15.00000
-30.50000 19.00000 -15.00000
-31.00000 19.00000 -14.50000
-31.00000 19.50000 -27.00000
-31.00000 20.00000 -26.50000
-31.00000 20.00000 -22.50000
-31.00000 19.50000 -20.00000
-31.00000 20.00000 -19.50000
-31.00000 19.50000 -14.00000
-31.00000 19.50000 -13.00000
-30.50000 20.00000 -13.00000
-31.00000 19.50000 -12.00000
-31.00000 19.50000 -11.00000
-31.00000 20.00000 -10.50000
-31.00000 20.50000 -26.00000
-30.50000 21.00000 -26.00000
-31.00000 21.00000 -25.50000
-31.00000 20.50000 -22.00000
-31.00000 21.00000 -21.50000
-31.00000 20.50000 -19.00000
-31.00000 20.50000 -18.00000
-31.00000 21.00000 -17.50000
-31.00000 20.50000 -10.00000
-31.00000 21.00000 -9.50000
-31.00000 22.00000 -25.50000
-31.00000 21.50000 -21.00000
-30.50000 22.00000 -21.00000
-31.00000 22.00000 -20.50000
-30.50000 22.00000 -17.00000
-31.00000 22.00000 -17.50000
-31.00000 21.50000 -9.00000
-31.00000 22.00000 -8.50000
-31.00000 22.50000 -25.00000
-31.00000 23.00000 -24.50000
-31.00000 23.00000 -20.50000
-31.00000 22.50000 -17.00000
-31.00000 22.50000 -16.00000
-31.00000 23.00000 -15.50000
-31.00000 22.50000 -8.00000
-31.00000 23.00000 -7.50000
-31.00000 23.50000 -24.00000
-31.00000 24.00000 -23.50000
-31.00000 23.50000 -20.00000
-31.00000 24.00000 -19.50000
-31.00000 23.50000 -15.00000
-30.50000 24.00000 -14.00000
-31.00000 24.00000 -14.50000
-31.00000 24.00000 -7.50000
-30.50000 24.00000 -4.00000
-30.50000 24.00000 -3.00000
-30.50000 24.00000 -2.00000
-30.50000 24.00000 1.00000
-30.50000 24.00000 2.00000
-31.00000 24.50000 -23.00000
-30.50000 25.00000 -23.00000
-31.00000 25.00000 -22.50000
-31.00000 24.50000 -19.00000
-30.50000 25.00000 -19.00000
-31.00000 25.00000 -18.50000
-31.00000 24.50000 -14.00000
-31.00000 24.50000 -13.00000
-31.00000 24.50000 -12.00000
-31.00000 24.50000 -11.00000
-31.00000 25.00000 -10.50000
-31.00000 24.50000 -7.00000
-31.00000 25.00000 -6.50000
-30.50000 25.00000 -4.00000
-30.50000 25.00000 -3.00000
-30.50000 25.00000 -2.00000
-30.50000 25.00000 -1.00000
-30.50000 25.00000 0.00000
-30.50000 25.00000 1.00000
-30.50000 25.00000 2.00000
-30.50000 25.00000 3.00000
-30.50000 25.00000 4.00000
-30.50000 25.00000 5.00000
-30.50000 26.00000 -23.00000
-31.00000 26.00000 -22.50000
-30.50000 26.00000 -19.00000
-31.00000 26.00000 -18.50000
-31.00000 25.50000 -10.00000
-31.00000 26.00000 -9.50000
-31.00000 25.50000 -6.00000
-31.00000 26.00000 -5.50000
-30.50000 26.00000 0.00000
-31.00000 26.00000 0.50000
-31.00000 25.50000 1.00000
-31.00000 26.00000 1.50000
-30.50000 26.00000 2.00000
-30.50000 26.00000 3.00000
-30.50000 26.00000 4.00000
-30.50000 26.00000 5.00000
-31.00000 27.00000 -23.50000
-31.00000 26.50000 -23.00000
-31.00000 27.00000 -18.50000
-31.00000 26.50000 -9.00000
-31.00000 27.00000 -8.50000
-31.00000 26.50000 -5.00000
-31.00000 27.00000 -4.50000
-31.00000 26.50000 1.00000
-30.50000 27.00000 3.00000
-30.50000 27.00000 4.00000
-31.00000 28.00000 -23.50000
-31.00000 27.50000 -18.00000
-30.50000 28.00000 -17.00000
-31.00000 28.00000 -17.50000
-30.50000 28.00000 -16.00000
-31.00000 27.50000 -8.00000
-31.00000 28.00000 -7.50000
-31.00000 27.50000 -4.00000
-31.00000 27.50000 -3.00000
-31.00000 27.50000 -2.00000
-31.00000 27.50000 -1.00000
-31.00000 27.50000 0.00000
-31.00000 28.00000 0.50000
-31.00000 29.00000 -23.50000
-31.00000 28.50000 -17.00000
-31.00000 29.00000 -16.50000
-30.50000 29.00000 -16.00000
-30.50000 29.00000 -15.00000
-31.00000 28.50000 -7.00000
-30.50000 29.00000 -6.00000
-31.00000 29.00000 -6.50000
-30.50000 29.00000 1.00000
-31.00000 29.00000 0.50000
-31.00000 29.50000 -23.00000
-31.00000 30.00000 -22.50000
-30.50000 30.00000 -16.00000
-31.00000 30.00000 -16.50000
-30.50000 30.00000 -15.00000
-31.00000 29.50000 -6.00000
-30.50000 30.00000 -5.00000
-31.00000 30.00000 -5.50000
-30.50000 30.00000 0.00000
-31.00000 29.50000 0.00000
-31.00000 30.00000 -0.50000
-30.50000 30.00000 1.00000
-31.00000 31.00000 -22.50000
-30.50000 31.00000 -16.00000
-31.00000 31.00000 -16.50000
-30.50000 31.00000 -15.00000
-31.00000 30.50000 -5.00000
-31.00000 30.50000 -4.00000
-31.00000 30.50000 -3.00000
-31.00000 30.50000 -2.00000
-31.00000 30.50000 -1.00000
-31.00000 32.00000 -22.50000
-31.00000 31.50000 -16.00000
-31.00000 32.00000 -15.50000
-30.50000 32.00000 -15.00000
-31.00000 32.50000 -22.00000
-31.00000 33.00000 -21.50000
-31.00000 32.50000 -15.00000
-31.00000 32.50000 -14.00000
-31.00000 32.50000 -13.00000
-31.00000 32.50000 -12.00000
-31.00000 32.50000 -11.00000
-31.00000 32.50000 -10.00000
-31.00000 32.50000 -9.00000
-30.50000 33.00000 -9.00000
-31.00000 33.00000 -8.50000
-30.50000 34.00000 -21.00000
-31.00000 34.00000 -21.50000
-31.00000 33.50000 -8.00000
-31.00000 34.00000 -7.50000
-31.00000 34.50000 -21.00000
-30.50000 35.00000 -20.00000
-31.00000 35.00000 -20.50000
-31.00000 34.50000 -7.00000
-31.00000 35.00000 -6.50000
-31.00000 35.50000 -20.00000
-31.00000 35.50000 -19.00000
-30.50000 36.00000 -18.00000
-31.00000 36.00000 -18.50000
-30.50000 36.00000 -17.00000
-31.00000 35.50000 -10.00000
-31.00000 36.00000 -10.50000
-31.00000 35.50000 -9.00000
-31.00000 36.00000 -8.50000
-31.00000 36.00000 -6.50000
-30.50000 37.00000 -18.00000
-31.00000 36.50000 -18.00000
-30.50000 36.50000 -17.50000
-31.00000 37.00000 -17.50000
-31.00000 36.50000 -11.00000
-31.00000 37.00000 -11.50000
-31.00000 37.00000 -8.50000
-31.00000 37.00000 -6.50000
-30.50000 38.00000 -19.00000
-31.00000 38.00000 -18.50000
-31.00000 37.50000 -18.00000
-31.00000 37.50000 -11.00000
-31.00000 38.00000 -10.50000
-31.00000 37.50000 -8.00000
-31.00000 38.00000 -7.50000
-31.00000 38.00000 -6.50000
-31.00000 39.00000 -19.50000
-31.00000 38.50000 -19.00000
-31.00000 39.00000 -10.50000
-31.00000 39.00000 -8.50000
-31.00000 38.50000 -8.00000
-31.00000 39.00000 -6.50000
-31.00000 40.00000 -19.50000
-30.50000 40.00000 -14.00000
-30.50000 40.00000 -10.00000
-31.00000 40.00000 -10.50000
-31.00000 40.00000 -8.50000
-31.00000 40.00000 -6.50000
-31.00000 41.00000 -19.50000
-30.50000 41.00000 -15.00000
-30.50000 41.00000 -14.00000
-30.50000 41.00000 -10.00000
-31.00000 41.00000 -10.50000
-31.00000 40.50000 -9.00000
-31.00000 41.00000 -9.50000
-30.50000 41.00000 -7.00000
-31.00000 40.50000 -7.00000
-31.00000 41.00000 -7.50000
-31.00000 41.50000 -19.00000
-30.50000 42.00000 -19.00000
-31.00000 42.00000 -18.50000
-30.50000 42.00000 -14.00000
-31.00000 41.50000 -10.00000
-31.00000 42.00000 -7.50000
-31.00000 43.00000 -18.50000
-30.50000 43.00000 -11.00000
-31.00000 42.50000 -11.00000
-31.00000 43.00000 -11.50000
-31.00000 43.00000 -10.50000
-31.00000 42.50000 -8.00000
-31.00000 43.00000 -8.50000
-31.00000 44.00000 -18.50000
-30.50000 44.00000 -13.00000
-31.00000 43.50000 -13.00000
-31.00000 44.00000 -13.50000
-30.50000 44.00000 -12.00000
-31.00000 43.50000 -12.00000
-30.50000 44.00000 -11.00000
-31.00000 44.00000 -10.50000
-31.00000 44.00000 -8.50000
-31.00000 44.50000 -18.00000
-30.50000 45.00000 -18.00000
-31.00000 45.00000 -17.50000
-30.50000 45.00000 -13.00000
-31.00000 45.00000 -13.50000
-31.00000 45.00000 -10.50000
-31.00000 45.00000 -8.50000
-31.00000 46.00000 -17.50000
-30.50000 46.00000 -14.00000
-31.00000 45.50000 -14.00000
-31.00000 46.00000 -14.50000
-30.50000 46.00000 -13.00000
-31.00000 45.50000 -10.00000
-30.50000 46.00000 -10.00000
-30.50000 46.00000 -9.00000
-31.00000 45.50000 -9.00000
-31.00000 46.50000 -17.00000
-30.50000 47.00000 -17.00000
-31.00000 47.00000 -16.50000
-30.50000 47.00000 -15.00000
-31.00000 46.50000 -15.00000
-31.00000 47.00000 -15.50000
-30.50000 47.00000 -14.00000
-30.50000 47.00000 -13.00000
-30.50000 47.00000 -10.00000
-30.50000 47.00000 -9.00000
-30.50000 48.00000 -17.00000
-31.00000 47.50000 -16.00000
-30.50000 48.00000 -16.00000
-30.50000 48.00000 -15.00000
-30.50000 48.00000 -14.00000
-30.50000 48.00000 -10.00000
-30.50000 48.00000 -9.00000
-30.50000 49.00000 -16.00000
-30.50000 49.00000 -15.00000
-30.50000 49.00000 -14.00000
-30.50000 49.00000 -10.00000
-30.50000 49.00000 -9.00000
-30.50000 50.00000 -16.00000
-30.50000 50.00000 -15.00000
-30.50000 50.00000 -10.00000
-30.50000 50.00000 -9.00000
-30.50000 51.00000 -15.00000
-30.50000 51.00000 -10.00000
-30.50000 51.00000 -9.00000
-30.50000 52.00000 -15.00000
-30.50000 52.00000 -10.00000
-30.50000 52.00000 -9.00000
-30.50000 53.00000 -16.00000
-30.50000 53.00000 -15.00000
-30.50000 53.00000 -14.00000
-30.50000 53.00000 -13.00000
-30.50000 53.00000 -11.00000
-31.00000 53.00000 -10.50000
-31.00000 52.50000 -10.00000
-31.00000 53.00000 -9.50000
-30.50000 53.00000 -9.00000
-31.00000 53.50000 -10.00000
-31.50000 14.00000 -25.00000
-31.50000 14.00000 -24.00000
-31.50000 14.00000 -23.00000
-31.50000 14.00000 -22.00000
-31.50000 15.00000 -26.00000
-32.00000 15.00000 -25.50000
-32.00000 14.50000 -25.00000
-32.00000 14.50000 -24.00000
-32.00000 14.50000 -23.00000
-32.00000 14.50000 -22.00000
-32.00000 14.50000 -21.00000
-32.00000 15.00000 -20.50000
-32.00000 16.00000 -26.50000
-32.00000 15.50000 -26.00000
-32.00000 15.50000 -20.00000
-32.00000 15.50000 -19.00000
-31.50000 16.00000 -19.00000
-32.00000 16.00000 -18.50000
-31.50000 17.00000 -27.00000
-32.00000 17.00000 -26.50000
-32.00000 16.50000 -18.00000
-31.50000 17.00000 -18.00000
-32.00000 17.00000 -17.50000
-31.50000 18.00000 -27.00000
-32.00000 18.00000 -26.50000
-31.50000 18.00000 -22.00000
-32.00000 17.50000 -17.00000
-32.00000 17.50000 -16.00000
-31.50000 18.00000 -16.00000
-32.00000 18.00000 -15.50000
-31.50000 19.00000 -27.00000
-32.00000 19.00000 -26.50000
-32.00000 18.50000 -22.00000
-32.00000 19.00000 -22.50000
-31.50000 19.00000 -21.00000
-32.00000 19.00000 -21.50000
-32.00000 18.50000 -15.00000
-32.00000 18.50000 -14.00000
-31.50000 19.00000 -14.00000
-32.00000 19.00000 -13.50000
-32.00000 20.00000 -26.50000
-32.00000 20.00000 -22.50000
-32.00000 19.50000 -21.00000
-32.00000 19.50000 -20.00000
-31.50000 20.00000 -19.00000
-32.00000 19.50000 -19.00000
-32.00000 20.00000 -18.50000
-32.00000 19.50000 -13.00000
-32.00000 19.50000 -12.00000
-32.00000 19.50000 -11.00000
-32.00000 20.00000 -10.50000
-32.00000 20.50000 -26.00000
-32.00000 21.00000 -25.50000
-32.00000 20.50000 -22.00000
-32.00000 21.00000 -21.50000
-32.00000 20.50000 -18.00000
-32.00000 21.00000 -17.50000
-32.00000 20.50000 -10.00000
-32.00000 21.00000 -9.50000
-32.00000 22.00000 -25.50000
-32.00000 21.50000 -21.00000
-32.00000 22.00000 -20.50000
-32.00000 21.50000 -17.00000
-31.50000 22.00000 -17.00000
-32.00000 22.00000 -16.50000
-32.00000 21.50000 -9.00000
-32.00000 22.00000 -8.50000
-32.00000 22.50000 -25.00000
-32.00000 23.00000 -24.50000
-32.00000 22.50000 -20.00000
-31.50000 23.00000 -20.00000
-32.00000 23.00000 -19.50000
-32.00000 22.50000 -16.00000
-32.00000 23.00000 -15.50000
-32.00000 22.50000 -8.00000
-32.00000 23.00000 -7.50000
-32.00000 23.50000 -24.00000
-32.00000 24.00000 -23.50000
-32.00000 23.50000 -19.00000
-31.50000 24.00000 -19.00000
-32.00000 24.00000 -18.50000
-32.00000 23.50000 -15.00000
-32.00000 24.00000 -14.50000
-32.00000 24.00000 -7.50000
-32.00000 24.50000 -23.00000
-32.00000 25.00000 -22.50000
-32.00000 25.00000 -18.50000
-32.00000 24.50000 -14.00000
-32.00000 24.50000 -13.00000
-32.00000 24.50000 -12.00000
-32.00000 24.50000 -11.00000
-32.00000 25.00000 -10.50000
-31.50000 25.00000 -7.00000
-32.00000 25.00000 -7.50000
-32.00000 26.00000 -22.50000
-32.00000 26.00000 -18.50000
-32.00000 25.50000 -10.00000
-32.00000 26.00000 -9.50000
-32.00000 25.50000 -7.00000
-31.50000 26.00000 -6.00000
-32.00000 26.00000 -6.50000
-31.50000 26.00000 1.00000
-31.50000 27.00000 -23.00000
-32.00000 27.00000 -22.50000
-32.00000 27.00000 -18.50000
-31.50000 27.00000 -9.00000
-32.00000 27.00000 -9.50000
-32.00000 26.50000 -6.00000
-32.00000 26.50000 -5.00000
-32.00000 27.00000 -4.50000
-31.50000 27.00000 -2.00000
-32.00000 27.00000 -2.50000
-32.00000 26.50000 -2.00000
-32.00000 26.50000 -1.00000
-31.50000 27.00000 -1.00000
-32.00000 27.00000 -0.50000
-31.50000 28.00000 -23.00000
-32.00000 28.00000 -22.50000
-31.50000 28.00000 -18.00000
-32.00000 28.00000 -18.50000
-32.00000 27.50000 -9.00000
-31.50000 28.00000 -8.00000
-32.00000 28.00000 -8.50000
-32.00000 27.50000 -4.00000
-32.00000 27.50000 -3.00000
-32.00000 28.00000 -0.50000
-31.50000 28.00000 0.00000
-32.00000 29.00000 -23.50000
-32.00000 28.50000 -23.00000
-31.50000 29.00000 -18.00000
-32.00000 29.00000 -18.50000
-31.50000 29.00000 -17.00000
-32.00000 28.50000 -8.00000
-32.00000 28.50000 -7.00000
-32.00000 29.00000 -6.50000
-31.50000 29.00000 0.00000
-32.00000 29.00000 -0.50000
-32.00000 29.50000 -23.00000
-32.00000 30.00000 -22.50000
-31.50000 30.00000 -18.00000
-32.00000 30.00000 -18.50000
-31.50000 30.00000 -17.00000
-32.00000 29.50000 -6.00000
-32.00000 30.00000 -5.50000
-31.50000 30.00000 -2.00000
-32.00000 29.50000 -2.00000
-32.00000 30.00000 -2.50000
-31.50000 30.00000 -1.00000
-32.00000 29.50000 -1.00000
-32.00000 31.00000 -22.50000
-32.00000 30.50000 -18.00000
-32.00000 31.00000 -17.50000
-31.50000 31.00000 -17.00000
-32.00000 30.50000 -5.00000
-32.00000 30.50000 -4.00000
-32.00000 30.50000 -3.00000
-32.00000 32.00000 -22.50000
-31.50000 32.00000 -17.00000
-32.00000 32.00000 -17.50000
-31.50000 32.00000 -16.00000
-31.50000 32.00000 -13.00000
-32.00000 32.00000 -13.50000
-32.00000 31.50000 -13.00000
-32.00000 31.50000 -12.00000
-31.50000 32.00000 -12.00000
-32.00000 31.50000 -11.00000
-31.50000 32.00000 -11.00000
-32.00000 31.50000 -10.00000
-31.50000 32.00000 -10.00000
-32.00000 32.00000 -9.50000
-32.00000 32.50000 -22.00000
-32.00000 33.00000 -21.50000
-32.00000 32.50000 -17.00000
-32.00000 32.50000 -16.00000
-32.00000 32.50000 -15.00000
-32.00000 32.50000 -14.00000
-32.00000 32.50000 -9.00000
-32.00000 33.00000 -8.50000
-32.00000 34.00000 -21.50000
-32.00000 33.50000 -8.00000
-32.00000 34.00000 -7.50000
-32.00000 34.50000 -21.00000
-32.00000 35.00000 -20.50000
-32.00000 34.50000 -7.00000
-32.00000 35.00000 -6.50000
-32.00000 35.50000 -20.00000
-31.50000 36.00000 -19.00000
-32.00000 36.00000 -19.50000
-31.50000 36.00000 -13.00000
-32.00000 35.50000 -13.00000
-32.00000 36.00000 -13.50000
-31.50000 36.00000 -12.00000
-32.00000 35.50000 -12.00000
-31.50000 36.00000 -11.00000
-32.00000 35.50000 -11.00000
-32.00000 35.50000 -10.00000
-32.00000 35.50000 -9.00000
-32.00000 36.00000 -8.50000
-32.00000 36.00000 -6.50000
-32.00000 36.50000 -19.00000
-32.00000 36.50000 -18.00000
-31.50000 37.00000 -17.00000
-32.00000 36.50000 -17.00000
-31.50000 37.00000 -16.00000
-32.00000 36.50000 -16.00000
-31.50000 37.00000 -15.00000
-32.00000 36.50000 -15.00000
-31.50000 37.00000 -14.00000
-32.00000 36.50000 -14.00000
-31.50000 37.00000 -13.00000
-31.50000 37.00000 -12.00000
-32.00000 37.00000 -8.50000
-32.00000 37.00000 -6.50000
-31.50000 38.00000 -18.00000
-31.50000 38.00000 -17.00000
-32.00000 38.00000 -16.50000
-32.00000 37.50000 -16.00000
-32.00000 37.50000 -15.00000
-32.00000 37.50000 -14.00000
-32.00000 37.50000 -13.00000
-32.00000 37.50000 -12.00000
-31.50000 38.00000 -11.00000
-32.00000 38.00000 -11.50000
-31.50000 38.00000 -8.00000
-32.00000 38.00000 -8.50000
-32.00000 38.00000 -6.50000
-31.50000 39.00000 -19.00000
-32.00000 39.00000 -18.50000
-32.00000 38.50000 -18.00000
-32.00000 38.50000 -17.00000
-31.50000 39.00000 -11.00000
-32.00000 39.00000 -11.50000
-32.00000 39.00000 -8.50000
-32.00000 39.00000 -6.50000
-31.50000 40.00000 -19.00000
-32.00000 40.00000 -18.50000
-32.00000 39.50000 -11.00000
-32.00000 40.00000 -10.50000
-31.50000 40.00000 -9.00000
-32.00000 40.00000 -9.50000
-32.00000 39.50000 -9.00000
-32.00000 40.00000 -6.50000
-31.50000 41.00000 -19.00000
-32.00000 41.00000 -18.50000
-31.50000 41.00000 -11.00000
-32.00000 40.50000 -11.00000
-32.00000 41.00000 -11.50000
-32.00000 41.00000 -10.50000
-32.00000 40.50000 -10.00000
-31.50000 41.00000 -10.00000
-32.00000 40.50000 -7.00000
-32.00000 41.00000 -7.50000
-32.00000 42.00000 -18.50000
-32.00000 41.50000 -11.00000
-31.50000 42.00000 -8.00000
-32.00000 41.50000 -8.00000
-32.00000 42.00000 -8.50000
-32.00000 42.50000 -18.00000
-31.50000 43.00000 -18.00000
-32.00000 43.00000 -17.50000
-31.50000 43.00000 -14.00000
-32.00000 42.50000 -14.00000
-32.00000 43.00000 -14.50000
-31.50000 43.00000 -13.00000
-32.00000 42.50000 -13.00000
-31.50000 43.00000 -12.00000
-32.00000 42.50000 -12.00000
-31.50000 43.00000 -11.00000
-32.00000 43.00000 -11.50000
-32.00000 42.50000 -10.00000
-32.00000 43.00000 -10.50000
-31.50000 43.00000 -10.00000
-31.50000 43.00000 -9.00000
-32.00000 42.50000 -9.00000
-31.50000 44.00000 -18.00000
-32.00000 44.00000 -17.50000
-31.50000 44.00000 -14.00000
-32.00000 44.00000 -14.50000
-32.00000 43.50000 -11.00000
-31.50000 44.00000 -10.00000
-31.50000 44.00000 -9.00000
-31.50000 45.00000 -17.00000
-32.00000 44.50000 -17.00000
-32.00000 45.00000 -16.50000
-31.50000 45.00000 -14.00000
-32.00000 45.00000 -14.50000
-31.50000 45.00000 -10.00000
-31.50000 45.00000 -9.00000
-31.50000 46.00000 -17.00000
-32.00000 46.00000 -16.50000
-31.50000 46.00000 -15.00000
-32.00000 45.50000 -15.00000
-32.00000 46.00000 -15.50000
-31.50000 47.00000 -16.00000
-32.00000 46.50000 -16.00000
-31.50000 53.00000 -10.00000
-32.50000 15.00000 -25.00000
-32.50000 15.00000 -24.00000
-33.00000 15.00000 -23.50000
-33.00000 14.50000 -23.00000
-33.00000 14.50000 -22.00000
-33.00000 14.50000 -21.00000
-33.00000 15.00000 -20.50000
-32.50000 16.00000 -26.00000
-32.50000 16.00000 -25.00000
-33.00000 16.00000 -24.50000
-33.00000 15.50000 -24.00000
-33.00000 15.50000 -20.00000
-33.00000 15.50000 -19.00000
-33.00000 16.00000 -18.50000
-32.50000 17.00000 -26.00000
-33.00000 17.00000 -25.50000
-33.00000 16.50000 -25.00000
-33.00000 16.50000 -18.00000
-33.00000 17.00000 -17.50000
-33.00000 18.00000 -26.50000
-33.00000 17.50000 -26.00000
-33.00000 17.50000 -17.00000
-33.00000 17.50000 -16.00000
-33.00000 18.00000 -15.50000
-33.00000 19.00000 -26.50000
-32.50000 19.00000 -22.00000
-33.00000 18.50000 -15.00000
-33.00000 18.50000 -14.00000
-33.00000 18.50000 -13.00000
-32.50000 19.00000 -13.00000
-33.00000 19.00000 -12.50000
-33.00000 19.50000 -26.00000
-32.50000 20.00000 -26.00000
-33.00000 20.00000 -25.50000
-32.50000 20.00000 -22.00000
-33.00000 19.50000 -21.00000
-33.00000 20.00000 -21.50000
-33.00000 19.50000 -20.00000
-33.00000 19.50000 -19.00000
-33.00000 20.00000 -18.50000
-33.00000 19.50000 -12.00000
-33.00000 19.50000 -11.00000
-33.00000 20.00000 -10.50000
-33.00000 21.00000 -25.50000
-33.00000 21.00000 -21.50000
-33.00000 20.50000 -18.00000
-33.00000 21.00000 -17.50000
-33.00000 20.50000 -10.00000
-33.00000 21.00000 -9.50000
-33.00000 22.00000 -25.50000
-33.00000 21.50000 -21.00000
-33.00000 22.00000 -20.50000
-33.00000 21.50000 -17.00000
-33.00000 22.00000 -16.50000
-33.00000 21.50000 -9.00000
-33.00000 22.00000 -8.50000
-33.00000 22.50000 -25.00000
-33.00000 23.00000 -24.50000
-33.00000 22.50000 -20.00000
-33.00000 23.00000 -19.50000
-33.00000 22.50000 -16.00000
-33.00000 23.00000 -15.50000
-32.50000 23.00000 -8.00000
-33.00000 23.00000 -8.50000
-33.00000 23.50000 -24.00000
-33.00000 24.00000 -23.50000
-33.00000 23.50000 -19.00000
-33.00000 24.00000 -18.50000
-33.00000 23.50000 -15.00000
-32.50000 24.00000 -14.00000
-33.00000 23.50000 -14.00000
-32.50000 24.00000 -13.00000
-33.00000 23.50000 -13.00000
-32.50000 24.00000 -12.00000
-33.00000 23.50000 -12.00000
-33.00000 24.00000 -11.50000
-33.00000 23.50000 -8.00000
-33.00000 24.00000 -7.50000
-33.00000 24.50000 -23.00000
-33.00000 25.00000 -22.50000
-33.00000 24.50000 -18.00000
-32.50000 25.00000 -18.00000
-33.00000 25.00000 -17.50000
-33.00000 24.50000 -11.00000
-33.00000 25.00000 -10.50000
-33.00000 25.00000 -7.50000
-33.00000 25.50000 -22.00000
-32.50000 26.00000 -22.00000
-33.00000 26.00000 -21.50000
-32.50000 26.00000 -18.00000
-33.00000 26.00000 -17.50000
-32.50000 26.00000 -10.00000
-33.00000 26.00000 -10.50000
-33.00000 25.50000 -7.00000
-33.00000 26.00000 -6.50000
-33.00000 27.00000 -22.50000
-33.00000 26.50000 -22.00000
-32.50000 27.00000 -18.00000
-33.00000 27.00000 -17.50000
-33.00000 26.50000 -10.00000
-33.00000 27.00000 -9.50000
-33.00000 26.50000 -6.00000
-33.00000 26.50000 -5.00000
-33.00000 26.50000 -4.00000
-32.50000 27.00000 -4.00000
-33.00000 26.50000 -3.00000
-32.50000 27.00000 -3.00000
-33.00000 26.50000 -2.00000
-32.50000 27.00000 -1.00000
-33.00000 27.00000 -1.50000
-33.00000 28.00000 -22.50000
-33.00000 27.50000 -18.00000
-33.00000 28.00000 -18.50000
-33.00000 27.50000 -9.00000
-33.00000 28.00000 -8.50000
-32.50000 28.00000 -1.00000
-33.00000 28.00000 -1.50000
-32.50000 29.00000 -23.00000
-33.00000 29.00000 -22.50000
-33.00000 29.00000 -18.50000
-33.00000 28.50000 -8.00000
-33.00000 28.50000 -7.00000
-33.00000 29.00000 -6.50000
-32.50000 29.00000 -1.00000
-33.00000 29.00000 -1.50000
-33.00000 30.00000 -22.50000
-33.00000 30.00000 -18.50000
-33.00000 29.50000 -6.00000
-32.50000 30.00000 -5.00000
-33.00000 29.50000 -5.00000
-32.50000 30.00000 -4.00000
-33.00000 29.50000 -4.00000
-32.50000 30.00000 -3.00000
-33.00000 29.50000 -3.00000
-33.00000 29.50000 -2.00000
-33.00000 31.00000 -22.50000
-32.50000 31.00000 -18.00000
-33.00000 31.00000 -18.50000
-32.50000 31.00000 -14.00000
-33.00000 31.00000 -14.50000
-33.00000 30.50000 -14.00000
-33.00000 30.50000 -13.00000
-32.50000 31.00000 -13.00000
-33.00000 30.50000 -12.00000
-32.50000 31.00000 -12.00000
-33.00000 30.50000 -11.00000
-32.50000 31.00000 -11.00000
-33.00000 31.00000 -10.50000
-33.00000 32.00000 -22.50000
-33.00000 31.50000 -18.00000
-33.00000 32.00000 -17.50000
-32.50000 32.00000 -16.00000
-33.00000 32.00000 -16.50000
-33.00000 31.50000 -16.00000
-33.00000 31.50000 -15.00000
-32.50000 32.00000 -15.00000
-32.50000 32.00000 -14.00000
-33.00000 31.50000 -10.00000
-33.00000 32.00000 -9.50000
-33.00000 32.50000 -22.00000
-33.00000 33.00000 -21.50000
-33.00000 32.50000 -17.00000
-33.00000 32.50000 -9.00000
-33.00000 33.00000 -8.50000
-33.00000 34.00000 -21.50000
-33.00000 33.50000 -8.00000
-33.00000 34.00000 -7.50000
-33.00000 34.50000 -21.00000
-33.00000 35.00000 -20.50000
-32.50000 35.00000 -12.00000
-33.00000 34.50000 -12.00000
-33.00000 35.00000 -12.50000
-32.50000 35.00000 -11.00000
-33.00000 34.50000 -11.00000
-32.50000 35.00000 -10.00000
-33.00000 34.50000 -10.00000
-33.00000 35.00000 -9.50000
-33.00000 34.50000 -7.00000
-33.00000 35.00000 -6.50000
-33.00000 35.50000 -20.00000
-32.50000 36.00000 -19.00000
-33.00000 35.50000 -19.00000
-33.00000 36.00000 -18.50000
-32.50000 36.00000 -14.00000
-33.00000 35.50000 -14.00000
-33.00000 36.00000 -14.50000
-33.00000 35.50000 -13.00000
-33.00000 35.50000 -9.00000
-33.00000 36.00000 -8.50000
-33.00000 36.00000 -6.50000
-33.00000 36.50000 -18.00000
-33.00000 36.50000 -17.00000
-33.00000 36.50000 -16.00000
-33.00000 36.50000 -15.00000
-33.00000 37.00000 -8.50000
-33.00000 37.00000 -6.50000
-32.50000 38.00000 -16.00000
-32.50000 38.00000 -15.00000
-32.50000 38.00000 -14.00000
-33.00000 38.00000 -13.50000
-33.00000 37.50000 -13.00000
-33.00000 37.50000 -12.00000
-33.00000 38.00000 -11.50000
-33.00000 38.00000 -8.50000
-33.00000 38.00000 -6.50000
-32.50000 39.00000 -18.00000
-32.50000 39.00000 -17.00000
-33.00000 39.00000 -16.50000
-33.00000 38.50000 -16.00000
-33.00000 38.50000 -15.00000
-33.00000 38.50000 -14.00000
-33.00000 39.00000 -11.50000
-32.50000 39.00000 -9.00000
-33.00000 39.00000 -9.50000
-33.00000 38.50000 -9.00000
-33.00000 39.00000 -6.50000
-32.50000 40.00000 -18.00000
-33.00000 40.00000 -17.50000
-33.00000 39.50000 -17.00000
-33.00000 39.50000 -11.00000
-33.00000 39.50000 -10.00000
-32.50000 40.00000 -10.00000
-32.50000 40.00000 -9.00000
-33.00000 40.00000 -9.50000
-33.00000 39.50000 -9.00000
-32.50000 39.50000 -8.50000
-33.00000 39.50000 -8.00000
-32.50000 40.00000 -8.00000
-32.50000 40.00000 -7.00000
-33.00000 39.50000 -7.00000
-32.50000 41.00000 -18.00000
-33.00000 41.00000 -17.50000
-32.50000 41.00000 -13.00000
-33.00000 40.50000 -13.00000
-33.00000 41.00000 -13.50000
-32.50000 41.00000 -12.00000
-33.00000 40.50000 -12.00000
-32.50000 41.00000 -11.00000
-33.00000 41.00000 -11.50000
-33.00000 40.50000 -10.00000
-33.00000 41.00000 -10.50000
-32.50000 41.00000 -10.00000
-32.50000 41.00000 -9.00000
-32.50000 41.00000 -8.00000
-32.50000 42.00000 -18.00000
-33.00000 42.00000 -17.50000
-32.50000 42.00000 -15.00000
-33.00000 41.50000 -15.00000
-33.00000 42.00000 -15.50000
-32.50000 42.00000 -14.00000
-33.00000 41.50000 -14.00000
-32.50000 42.00000 -13.00000
-32.50000 42.00000 -12.00000
-33.00000 41.50000 -11.00000
-32.50000 42.00000 -11.00000
-32.50000 42.00000 -10.00000
-32.50000 42.00000 -9.00000
-32.50000 43.00000 -17.00000
-33.00000 42.50000 -17.00000
-33.00000 43.00000 -16.50000
-32.50000 43.00000 -15.00000
-33.00000 43.00000 -15.50000
-32.50000 43.00000 -11.00000
-32.50000 44.00000 -17.00000
-33.00000 43.50000 -16.00000
-32.50000 44.00000 -16.00000
-32.50000 44.00000 -15.00000
-32.50000 45.00000 -16.00000
-32.50000 45.00000 -15.00000
-32.50000 46.00000 -16.00000
-33.50000 15.00000 -23.00000
-33.50000 15.00000 -22.00000
-33.50000 15.00000 -21.00000
-33.50000 16.00000 -24.00000
-33.50000 16.00000 -23.00000
-34.00000 16.00000 -22.50000
-34.00000 15.50000 -22.00000
-34.00000 15.50000 -21.00000
-34.00000 15.50000 -20.00000
-34.00000 15.50000 -19.00000
-34.00000 16.00000 -18.50000
-33.50000 17.00000 -25.00000
-34.00000 17.00000 -24.50000
-34.00000 16.50000 -24.00000
-34.00000 16.50000 -23.00000
-34.00000 16.50000 -18.00000
-34.00000 16.50000 -17.00000
-33.50000 17.00000 -17.00000
-34.00000 17.00000 -16.50000
-33.50000 18.00000 -26.00000
-34.00000 18.00000 -25.50000
-34.00000 17.50000 -25.00000
-34.00000 17.50000 -16.00000
-34.00000 17.50000 -15.00000
-33.50000 18.00000 -15.00000
-34.00000 18.00000 -14.50000
-33.50000 19.00000 -26.00000
-34.00000 19.00000 -25.50000
-34.00000 18.50000 -14.00000
-34.00000 18.50000 -13.00000
-34.00000 18.50000 -12.00000
-33.50000 19.00000 -12.00000
-34.00000 19.00000 -11.50000
-34.00000 20.00000 -25.50000
-33.50000 20.00000 -21.00000
-34.00000 20.00000 -20.50000
-34.00000 19.50000 -20.00000
-34.00000 19.50000 -19.00000
-33.50000 20.00000 -18.00000
-34.00000 19.50000 -18.00000
-34.00000 20.00000 -17.50000
-34.00000 19.50000 -11.00000
-34.00000 20.00000 -10.50000
-34.00000 21.00000 -25.50000
-33.50000 21.00000 -21.00000
-34.00000 21.00000 -20.50000
-33.50000 21.00000 -17.00000
-34.00000 20.50000 -17.00000
-34.00000 21.00000 -16.50000
-34.00000 20.50000 -10.00000
-34.00000 21.00000 -9.50000
-34.00000 21.50000 -25.00000
-33.50000 22.00000 -25.00000
-34.00000 22.00000 -24.50000
-34.00000 21.50000 -20.00000
-33.50000 22.00000 -20.00000
-34.00000 22.00000 -19.50000
-33.50000 22.00000 -16.00000
-34.00000 21.50000 -16.00000
-34.00000 22.00000 -15.50000
-34.00000 21.50000 -9.00000
-34.00000 22.00000 -8.50000
-34.00000 23.00000 -24.50000
-34.00000 22.50000 -19.00000
-33.50000 23.00000 -19.00000
-34.00000 23.00000 -18.50000
-33.50000 23.00000 -15.00000
-34.00000 22.50000 -15.00000
-34.00000 23.00000 -14.50000
-34.00000 23.00000 -8.50000
-34.00000 23.50000 -24.00000
-34.00000 24.00000 -23.50000
-34.00000 23.50000 -18.00000
-33.50000 24.00000 -18.00000
-34.00000 24.00000 -17.50000
-34.00000 23.50000 -14.00000
-34.00000 23.50000 -13.00000
-34.00000 23.50000 -12.00000
-34.00000 24.00000 -11.50000
-33.50000 24.00000 -8.00000
-34.00000 24.00000 -8.50000
-34.00000 24.50000 -23.00000
-34.00000 25.00000 -22.50000
-34.00000 25.00000 -17.50000
-33.50000 25.00000 -11.00000
-34.00000 25.00000 -11.50000
-34.00000 24.50000 -8.00000
-34.00000 25.00000 -7.50000
-34.00000 25.50000 -22.00000
-34.00000 26.00000 -21.50000
-34.00000 26.00000 -17.50000
-34.00000 25.50000 -11.00000
-34.00000 26.00000 -10.50000
-34.00000 25.50000 -7.00000
-34.00000 25.50000 -6.00000
-33.50000 26.00000 -6.00000
-34.00000 25.50000 -5.00000
-33.50000 26.00000 -5.00000
-34.00000 25.50000 -4.00000
-33.50000 26.00000 -4.00000
-34.00000 25.50000 -3.00000
-33.50000 26.00000 -3.00000
-34.00000 25.50000 -2.00000
-33.50000 26.00000 -2.00000
-34.00000 26.00000 -1.50000
-33.50000 27.00000 -22.00000
-34.00000 27.00000 -21.50000
-34.00000 27.00000 -17.50000
-34.00000 26.50000 -10.00000
-34.00000 27.00000 -9.50000
-33.50000 26.50000 -2.50000
-33.50000 27.00000 -2.00000
-34.00000 27.00000 -2.50000
-34.00000 26.50000 -2.00000
-34.00000 28.00000 -22.50000
-34.00000 27.50000 -22.00000
-34.00000 27.50000 -18.00000
-34.00000 28.00000 -18.50000
-34.00000 27.50000 -9.00000
-34.00000 28.00000 -8.50000
-33.50000 28.00000 -2.00000
-34.00000 28.00000 -2.50000
-34.00000 29.00000 -22.50000
-34.00000 29.00000 -18.50000
-34.00000 28.50000 -8.00000
-34.00000 28.50000 -7.00000
-34.00000 29.00000 -6.50000
-33.50000 29.00000 -3.00000
-34.00000 28.50000 -3.00000
-34.00000 29.00000 -3.50000
-33.50000 29.00000 -2.00000
-34.00000 30.00000 -22.50000
-34.00000 30.00000 -18.50000
-33.50000 30.00000 -15.00000
-34.00000 30.00000 -15.50000
-34.00000 29.50000 -15.00000
-34.00000 29.50000 -14.00000
-33.50000 30.00000 -14.00000
-34.00000 29.50000 -13.00000
-33.50000 30.00000 -13.00000
-34.00000 29.50000 -12.00000
-33.50000 30.00000 -12.00000
-34.00000 30.00000 -11.50000
-34.00000 29.50000 -6.00000
-34.00000 29.50000 -5.00000
-34.00000 29.50000 -4.00000
-34.00000 31.00000 -22.50000
-34.00000 31.00000 -18.50000
-33.50000 31.00000 -16.00000
-34.00000 31.00000 -16.50000
-34.00000 30.50000 -16.00000
-33.50000 31.00000 -15.00000
-34.00000 30.50000 -11.00000
-34.00000 31.00000 -10.50000
-34.00000 32.00000 -22.50000
-34.00000 31.50000 -18.00000
-34.00000 31.50000 -17.00000
-33.50000 32.00000 -17.00000
-34.00000 31.50000 -10.00000
-34.00000 32.00000 -9.50000
-34.00000 32.50000 -22.00000
-34.00000 33.00000 -21.50000
-34.00000 32.50000 -9.00000
-34.00000 33.00000 -8.50000
-34.00000 33.50000 -21.00000
-33.50000 34.00000 -21.00000
-34.00000 34.00000 -20.50000
-33.50000 34.00000 -11.00000
-34.00000 33.50000 -11.00000
-34.00000 34.00000 -11.50000
-34.00000 34.00000 -10.50000
-34.00000 33.50000 -8.00000
-34.00000 34.00000 -7.50000
-34.00000 35.00000 -20.50000
-33.50000 35.00000 -13.00000
-34.00000 34.50000 -13.00000
-34.00000 35.00000 -13.50000
-34.00000 34.50000 -12.00000
-34.00000 34.50000 -10.00000
-34.00000 35.00000 -9.50000
-33.50000 35.00000 -7.00000
-34.00000 35.00000 -7.50000
-34.00000 35.50000 -20.00000
-34.00000 35.50000 -19.00000
-33.50000 36.00000 -18.00000
-34.00000 35.50000 -18.00000
-34.00000 36.00000 -17.50000
-33.50000 36.00000 -16.00000
-34.00000 35.50000 -16.00000
-34.00000 36.00000 -16.50000
-33.50000 36.00000 -15.00000
-34.00000 35.50000 -15.00000
-34.00000 35.50000 -14.00000
-33.50000 36.00000 -9.00000
-34.00000 36.00000 -9.50000
-34.00000 35.50000 -7.00000
-34.00000 36.00000 -6.50000
-34.00000 36.50000 -17.00000
-33.50000 37.00000 -9.00000
-34.00000 37.00000 -9.50000
-34.00000 37.00000 -6.50000
-34.00000 38.00000 -13.50000
-34.00000 37.50000 -13.00000
-33.50000 38.00000 -12.00000
-34.00000 38.00000 -12.50000
-34.00000 37.50000 -9.00000
-34.00000 37.50000 -8.00000
-33.50000 38.00000 -8.00000
-34.00000 38.00000 -7.50000
-34.00000 38.00000 -6.50000
-33.50000 39.00000 -16.00000
-34.00000 39.00000 -15.50000
-34.00000 38.50000 -15.00000
-34.00000 38.50000 -14.00000
-33.50000 39.00000 -12.00000
-34.00000 39.00000 -12.50000
-33.50000 39.00000 -9.00000
-33.50000 39.00000 -8.00000
-34.00000 38.50000 -7.00000
-33.50000 39.00000 -7.00000
-33.50000 40.00000 -17.00000
-34.00000 40.00000 -16.50000
-34.00000 39.50000 -16.00000
-33.50000 40.00000 -12.00000
-34.00000 40.00000 -12.50000
-33.50000 40.00000 -11.00000
-33.50000 40.00000 -10.00000
-33.50000 41.00000 -17.00000
-34.00000 40.50000 -16.00000
-33.50000 41.00000 -16.00000
-33.50000 41.00000 -15.00000
-34.00000 40.50000 -15.00000
-33.50000 41.00000 -14.00000
-34.00000 40.50000 -14.00000
-34.00000 40.50000 -13.00000
-33.50000 41.00000 -11.00000
-33.50000 42.00000 -17.00000
-33.50000 42.00000 -16.00000
-33.50000 43.00000 -16.00000
-34.50000 16.00000 -22.00000
-35.00000 16.00000 -21.50000
-35.00000 15.50000 -21.00000
-35.00000 15.50000 -20.00000
-35.00000 15.50000 -19.00000
-35.00000 16.00000 -18.50000
-34.50000 17.00000 -24.00000
-35.00000 17.00000 -23.50000
-35.00000 16.50000 -23.00000
-35.00000 16.50000 -22.00000
-35.00000 16.50000 -18.00000
-35.00000 16.50000 -17.00000
-35.00000 17.00000 -16.50000
-34.50000 18.00000 -25.00000
-35.00000 18.00000 -24.50000
-35.00000 17.50000 -24.00000
-35.00000 17.50000 -16.00000
-35.00000 17.50000 -15.00000
-35.00000 17.50000 -14.00000
-34.50000 18.00000 -14.00000
-35.00000 18.00000 -13.50000
-34.50000 19.00000 -25.00000
-35.00000 19.00000 -24.50000
-35.00000 18.50000 -13.00000
-35.00000 18.50000 -12.00000
-35.00000 19.00000 -11.50000
-34.50000 20.00000 -25.00000
-35.00000 20.00000 -24.50000
-35.00000 19.50000 -20.00000
-35.00000 20.00000 -20.50000
-35.00000 19.50000 -19.00000
-35.00000 19.50000 -18.00000
-35.00000 20.00000 -17.50000
-35.00000 19.50000 -11.00000
-35.00000 20.00000 -10.50000
-34.50000 21.00000 -25.00000
-35.00000 21.00000 -24.50000
-35.00000 21.00000 -20.50000
-35.00000 20.50000 -17.00000
-34.50000 21.00000 -16.00000
-35.00000 20.50000 -16.00000
-35.00000 21.00000 -15.50000
-35.00000 20.50000 -10.00000
-35.00000 21.00000 -9.50000
-35.00000 22.00000 -24.50000
-35.00000 21.50000 -20.00000
-35.00000 22.00000 -19.50000
-34.50000 22.00000 -15.00000
-35.00000 21.50000 -15.00000
-35.00000 22.00000 -14.50000
-34.50000 22.00000 -9.00000
-35.00000 22.00000 -9.50000
-35.00000 22.50000 -24.00000
-34.50000 23.00000 -24.00000
-35.00000 23.00000 -23.50000
-35.00000 22.50000 -19.00000
-35.00000 23.00000 -18.50000
-34.50000 23.00000 -14.00000
-35.00000 22.50000 -14.00000
-35.00000 23.00000 -13.50000
-35.00000 22.50000 -9.00000
-35.00000 23.00000 -8.50000
-34.50000 24.00000 -23.00000
-35.00000 23.50000 -23.00000
-35.00000 24.00000 -22.50000
-35.00000 23.50000 -18.00000
-35.00000 24.00000 -17.50000
-35.00000 23.50000 -13.00000
-35.00000 23.50000 -12.00000
-35.00000 24.00000 -11.50000
-35.00000 24.00000 -8.50000
-35.00000 25.00000 -22.50000
-35.00000 24.50000 -17.00000
-34.50000 25.00000 -17.00000
-35.00000 25.00000 -16.50000
-35.00000 25.00000 -11.50000
-35.00000 24.50000 -8.00000
-35.00000 25.00000 -7.50000
-35.00000 25.50000 -22.00000
-34.50000 26.00000 -21.00000
-35.00000 25.50000 -21.00000
-35.00000 26.00000 -20.50000
-35.00000 25.50000 -17.00000
-35.00000 26.00000 -17.50000
-35.00000 25.50000 -11.00000
-35.00000 26.00000 -10.50000
-35.00000 25.50000 -7.00000
-35.00000 25.50000 -6.00000
-35.00000 25.50000 -5.00000
-35.00000 25.50000 -4.00000
-35.00000 25.50000 -3.00000
-34.50000 26.00000 -2.00000
-35.00000 26.00000 -2.50000
-35.00000 27.00000 -21.50000
-35.00000 26.50000 -21.00000
-35.00000 27.00000 -17.50000
-35.00000 26.50000 -10.00000
-35.00000 27.00000 -9.50000
-35.00000 27.00000 -2.50000
-35.00000 28.00000 -22.50000
-35.00000 27.50000 -22.00000
-35.00000 27.50000 -18.00000
-35.00000 28.00000 -18.50000
-35.00000 27.50000 -9.00000
-35.00000 28.00000 -8.50000
-34.50000 28.00000 -3.00000
-35.00000 27.50000 -3.00000
-35.00000 28.00000 -3.50000
-35.00000 29.00000 -22.50000
-35.00000 29.00000 -18.50000
-34.50000 29.00000 -16.00000
-35.00000 29.00000 -16.50000
-35.00000 28.50000 -16.00000
-35.00000 28.50000 -15.00000
-34.50000 29.00000 -15.00000
-35.00000 28.50000 -14.00000
-34.50000 29.00000 -14.00000
-35.00000 28.50000 -13.00000
-34.50000 29.00000 -13.00000
-35.00000 29.00000 -12.50000
-35.00000 28.50000 -8.00000
-35.00000 28.50000 -7.00000
-34.50000 29.00000 -6.00000
-35.00000 28.50000 -6.00000
-34.50000 29.00000 -5.00000
-35.00000 28.50000 -5.00000
-34.50000 29.00000 -4.00000
-35.00000 28.50000 -4.00000
-35.00000 30.00000 -22.50000
-35.00000 30.00000 -18.50000
-34.50000 30.00000 -16.00000
-35.00000 30.00000 -16.50000
-35.00000 29.50000 -12.00000
-35.00000 30.00000 -11.50000
-35.00000 31.00000 -22.50000
-35.00000 30.50000 -18.00000
-34.50000 31.00000 -18.00000
-35.00000 30.50000 -17.00000
-34.50000 31.00000 -17.00000
-35.00000 30.50000 -11.00000
-35.00000 31.00000 -10.50000
-35.00000 31.50000 -22.00000
-34.50000 32.00000 -22.00000
-35.00000 32.00000 -21.50000
-35.00000 31.50000 -10.00000
-35.00000 32.00000 -9.50000
-35.00000 33.00000 -21.50000
-34.50000 33.00000 -13.00000
-35.00000 32.50000 -13.00000
-35.00000 33.00000 -13.50000
-34.50000 33.00000 -12.00000
-35.00000 32.50000 -12.00000
-35.00000 33.00000 -11.50000
-35.00000 32.50000 -9.00000
-35.00000 33.00000 -8.50000
-35.00000 33.50000 -21.00000
-35.00000 34.00000 -20.50000
-34.50000 34.00000 -13.00000
-35.00000 34.00000 -13.50000
-34.50000 34.00000 -12.00000
-35.00000 33.50000 -11.00000
-35.00000 34.00000 -10.50000
-35.00000 33.50000 -8.00000
-35.00000 34.00000 -7.50000
-35.00000 34.50000 -20.00000
-34.50000 35.00000 -20.00000
-35.00000 35.00000 -19.50000
-34.50000 35.00000 -15.00000
-35.00000 34.50000 -15.00000
-35.00000 35.00000 -15.50000
-34.50000 35.00000 -14.00000
-35.00000 34.50000 -14.00000
-34.50000 35.00000 -10.00000
-35.00000 35.00000 -10.50000
-35.00000 35.00000 -7.50000
-35.00000 35.50000 -19.00000
-35.00000 35.50000 -18.00000
-34.50000 36.00000 -17.00000
-35.00000 35.50000 -17.00000
-35.00000 35.50000 -16.00000
-35.00000 35.50000 -10.00000
-35.00000 35.50000 -9.00000
-34.50000 36.00000 -9.00000
-35.00000 36.00000 -8.50000
-34.50000 36.00000 -7.00000
-35.00000 36.00000 -7.50000
-34.50000 37.00000 -9.00000
-35.00000 36.50000 -8.00000
-34.50000 37.00000 -8.00000
-34.50000 37.00000 -7.00000
-34.50000 38.00000 -13.00000
-34.50000 38.00000 -7.00000
-34.50000 39.00000 -15.00000
-34.50000 39.00000 -14.00000
-34.50000 39.00000 -13.00000
-34.50000 40.00000 -16.00000
-34.50000 40.00000 -15.00000
-34.50000 40.00000 -14.00000
-34.50000 40.00000 -13.00000
-35.50000 16.00000 -21.00000
-35.50000 16.00000 -20.00000
-35.50000 16.00000 -19.00000
-35.50000 17.00000 -23.00000
-35.50000 17.00000 -22.00000
-36.00000 17.00000 -21.50000
-36.00000 16.50000 -21.00000
-36.00000 16.50000 -20.00000
-36.00000 16.50000 -19.00000
-36.00000 16.50000 -18.00000
-36.00000 16.50000 -17.00000
-36.00000 16.50000 -16.00000
-35.50000 17.00000 -16.00000
-36.00000 17.00000 -15.50000
-35.50000 18.00000 -24.00000
-36.00000 18.00000 -23.50000
-36.00000 17.50000 -23.00000
-36.00000 17.50000 -22.00000
-36.00000 17.50000 -15.00000
-36.00000 17.50000 -14.00000
-36.00000 18.00000 -13.50000
-35.50000 19.00000 -24.00000
-36.00000 19.00000 -23.50000
-36.00000 18.50000 -13.00000
-36.00000 18.50000 -12.00000
-36.00000 19.00000 -11.50000
-36.00000 20.00000 -24.50000
-36.00000 19.50000 -24.00000
-35.50000 20.00000 -20.00000
-35.50000 20.00000 -19.00000
-36.00000 20.00000 -18.50000
-36.00000 19.50000 -18.00000
-35.50000 20.00000 -17.00000
-36.00000 19.50000 -17.00000
-36.00000 20.00000 -16.50000
-36.00000 19.50000 -11.00000
-36.00000 20.00000 -10.50000
-36.00000 21.00000 -24.50000
-35.50000 21.00000 -20.00000
-36.00000 21.00000 -19.50000
-36.00000 20.50000 -19.00000
-36.00000 20.50000 -16.00000
-35.50000 21.00000 -15.00000
-36.00000 20.50000 -15.00000
-36.00000 21.00000 -14.50000
-36.00000 20.50000 -10.00000
-36.00000 21.00000 -9.50000
-36.00000 21.50000 -24.00000
-35.50000 22.00000 -24.00000
-36.00000 22.00000 -23.50000
-36.00000 21.50000 -19.00000
-35.50000 22.00000 -19.00000
-36.00000 22.00000 -18.50000
-35.50000 22.00000 -14.00000
-36.00000 21.50000 -14.00000
-36.00000 22.00000 -13.50000
-36.00000 22.00000 -9.50000
-36.00000 23.00000 -23.50000
-36.00000 22.50000 -18.00000
-35.50000 23.00000 -18.00000
-36.00000 23.00000 -17.50000
-35.50000 23.00000 -13.00000
-36.00000 22.50000 -13.00000
-36.00000 23.00000 -12.50000
-36.00000 22.50000 -9.00000
-36.00000 23.00000 -8.50000
-36.00000 23.50000 -23.00000
-36.00000 24.00000 -22.50000
-36.00000 23.50000 -17.00000
-35.50000 24.00000 -17.00000
-36.00000 24.00000 -16.50000
-36.00000 23.50000 -12.00000
-36.00000 24.00000 -11.50000
-36.00000 24.00000 -8.50000
-36.00000 24.50000 -22.00000
-35.50000 25.00000 -22.00000
-36.00000 25.00000 -21.50000
-36.00000 25.00000 -16.50000
-36.00000 25.00000 -11.50000
-36.00000 24.50000 -8.00000
-36.00000 24.50000 -7.00000
-35.50000 25.00000 -7.00000
-36.00000 24.50000 -6.00000
-35.50000 25.00000 -6.00000
-36.00000 24.50000 -5.00000
-35.50000 25.00000 -5.00000
-36.00000 24.50000 -4.00000
-35.50000 25.00000 -4.00000
-36.00000 24.50000 -3.00000
-35.50000 25.00000 -3.00000
-36.00000 25.00000 -2.50000
-36.00000 25.50000 -21.00000
-36.00000 26.00000 -20.50000
-35.50000 26.00000 -17.00000
-36.00000 26.00000 -16.50000
-36.00000 25.50000 -11.00000
-36.00000 26.00000 -10.50000
-35.50000 25.50000 -3.50000
-35.50000 26.00000 -3.00000
-36.00000 26.00000 -3.50000
-36.00000 25.50000 -3.00000
-35.50000 27.00000 -21.00000
-36.00000 27.00000 -20.50000
-36.00000 26.50000 -17.00000
-36.00000 27.00000 -17.50000
-36.00000 26.50000 -10.00000
-36.00000 27.00000 -9.50000
-35.50000 27.00000 -3.00000
-36.00000 27.00000 -3.50000
-35.50000 28.00000 -22.00000
-36.00000 28.00000 -21.50000
-36.00000 27.50000 -21.00000
-36.00000 27.50000 -18.00000
-36.00000 28.00000 -18.50000
-35.50000 28.00000 -16.00000
-36.00000 28.00000 -16.50000
-36.00000 27.50000 -16.00000
-36.00000 27.50000 -15.00000
-35.50000 28.00000 -15.00000
-36.00000 27.50000 -14.00000
-35.50000 28.00000 -14.00000
-36.00000 27.50000 -13.00000
-35.50000 28.00000 -13.00000
-36.00000 28.00000 -12.50000
-36.00000 27.50000 -9.00000
-36.00000 28.00000 -8.50000
-35.50000 28.00000 -4.00000
-36.00000 27.50000 -4.00000
-36.00000 28.00000 -4.50000
-35.50000 29.00000 -22.00000
-36.00000 29.00000 -21.50000
-36.00000 29.00000 -18.50000
-35.50000 29.00000 -17.00000
-36.00000 29.00000 -17.50000
-36.00000 28.50000 -17.00000
-36.00000 28.50000 -12.00000
-35.50000 29.00000 -12.00000
-36.00000 29.00000 -11.50000
-36.00000 28.50000 -8.00000
-36.00000 28.50000 -7.00000
-36.00000 28.50000 -6.00000
-36.00000 28.50000 -5.00000
-36.00000 30.00000 -22.50000
-36.00000 29.50000 -22.00000
-36.00000 29.50000 -18.00000
-35.50000 30.00000 -18.00000
-35.50000 30.00000 -17.00000
-36.00000 29.50000 -11.00000
-35.50000 30.00000 -11.00000
-36.00000 30.00000 -10.50000
-36.00000 31.00000 -22.50000
-36.00000 31.00000 -10.50000
-36.00000 31.50000 -22.00000
-36.00000 32.00000 -21.50000
-35.50000 32.00000 -14.00000
-36.00000 31.50000 -14.00000
-36.00000 32.00000 -14.50000
-35.50000 32.00000 -13.00000
-36.00000 31.50000 -13.00000
-35.50000 32.00000 -12.00000
-36.00000 31.50000 -12.00000
-36.00000 32.00000 -11.50000
-36.00000 31.50000 -10.00000
-36.00000 32.00000 -9.50000
-36.00000 32.50000 -21.00000
-35.50000 33.00000 -21.00000
-36.00000 33.00000 -20.50000
-35.50000 33.00000 -14.00000
-36.00000 33.00000 -14.50000
-36.00000 33.00000 -11.50000
-36.00000 32.50000 -9.00000
-36.00000 33.00000 -8.50000
-35.50000 34.00000 -20.00000
-36.00000 33.50000 -20.00000
-36.00000 34.00000 -19.50000
-35.50000 34.00000 -15.00000
-36.00000 33.50000 -15.00000
-36.00000 34.00000 -15.50000
-35.50000 34.00000 -14.00000
-36.00000 33.50000 -11.00000
-35.50000 34.00000 -10.00000
-36.00000 33.50000 -10.00000
-35.50000 34.00000 -9.00000
-36.00000 33.50000 -9.00000
-35.50000 34.00000 -8.00000
-35.50000 35.00000 -19.00000
-36.00000 34.50000 -19.00000
-35.50000 35.00000 -18.00000
-36.00000 34.50000 -18.00000
-35.50000 35.00000 -17.00000
-36.00000 34.50000 -17.00000
-35.50000 35.00000 -16.00000
-36.00000 34.50000 -16.00000
-35.50000 35.00000 -10.00000
-35.50000 35.00000 -9.00000
-35.50000 35.00000 -8.00000
-35.50000 36.00000 -8.00000
-36.50000 17.00000 -21.00000
-37.00000 17.00000 -20.50000
-37.00000 16.50000 -20.00000
-37.00000 16.50000 -19.00000
-37.00000 16.50000 -18.00000
-37.00000 16.50000 -17.00000
-37.00000 16.50000 -16.00000
-37.00000 17.00000 -15.50000
-36.50000 18.00000 -23.00000
-36.50000 18.00000 -22.00000
-37.00000 18.00000 -21.50000
-37.00000 17.50000 -21.00000
-37.00000 17.50000 -15.00000
-37.00000 17.50000 -14.00000
-37.00000 17.50000 -13.00000
-36.50000 18.00000 -13.00000
-37.00000 18.00000 -12.50000
-36.50000 19.00000 -23.00000
-37.00000 19.00000 -22.50000
-37.00000 18.50000 -22.00000
-37.00000 18.50000 -12.00000
-37.00000 19.00000 -11.50000
-36.50000 20.00000 -24.00000
-37.00000 20.00000 -23.50000
-37.00000 19.50000 -23.00000
-36.50000 20.00000 -18.00000
-37.00000 20.00000 -17.50000
-37.00000 19.50000 -17.00000
-36.50000 20.00000 -16.00000
-37.00000 19.50000 -16.00000
-37.00000 20.00000 -15.50000
-37.00000 19.50000 -11.00000
-37.00000 20.00000 -10.50000
-36.50000 21.00000 -24.00000
-37.00000 21.00000 -23.50000
-36.50000 21.00000 -19.00000
-37.00000 21.00000 -18.50000
-37.00000 20.50000 -18.00000
-37.00000 20.50000 -15.00000
-37.00000 21.00000 -14.50000
-36.50000 21.00000 -10.00000
-37.00000 21.00000 -10.50000
-37.00000 22.00000 -23.50000
-37.00000 21.50000 -18.00000
-36.50000 22.00000 -18.00000
-37.00000 22.00000 -17.50000
-37.00000 21.50000 -14.00000
-37.00000 22.00000 -13.50000
-37.00000 21.50000 -10.00000
-37.00000 22.00000 -9.50000
-37.00000 22.50000 -23.00000
-36.50000 23.00000 -23.00000
-37.00000 23.00000 -22.50000
-37.00000 22.50000 -17.00000
-36.50000 23.00000 -17.00000
-37.00000 23.00000 -16.50000
-37.00000 22.50000 -13.00000
-37.00000 23.00000 -12.50000
-37.00000 22.50000 -9.00000
-37.00000 23.00000 -8.50000
-37.00000 24.00000 -22.50000
-37.00000 24.00000 -16.50000
-37.00000 23.50000 -12.00000
-37.00000 24.00000 -11.50000
-37.00000 23.50000 -8.00000
-36.50000 24.00000 -8.00000
-37.00000 24.00000 -7.50000
-36.50000 24.00000 -5.00000
-37.00000 24.00000 -5.50000
-37.00000 23.50000 -5.00000
-37.00000 23.50000 -4.00000
-36.50000 24.00000 -4.00000
-37.00000 24.00000 -3.50000
-37.00000 24.50000 -22.00000
-37.00000 25.00000 -21.50000
-37.00000 25.00000 -16.50000
-37.00000 24.50000 -11.00000
-36.50000 25.00000 -11.00000
-37.00000 25.00000 -10.50000
-37.00000 24.50000 -7.00000
-37.00000 24.50000 -6.00000
-37.00000 25.00000 -3.50000
-36.50000 25.00000 -3.00000
-37.00000 25.50000 -21.00000
-37.00000 26.00000 -20.50000
-37.00000 25.50000 -16.00000
-36.50000 26.00000 -16.00000
-37.00000 26.00000 -15.50000
-37.00000 26.00000 -10.50000
-37.00000 26.00000 -3.50000
-37.00000 27.00000 -20.50000
-36.50000 27.00000 -17.00000
-36.50000 27.00000 -16.00000
-37.00000 26.50000 -15.00000
-36.50000 27.00000 -15.00000
-37.00000 26.50000 -14.00000
-36.50000 27.00000 -14.00000
-37.00000 27.00000 -13.50000
-37.00000 26.50000 -10.00000
-36.50000 27.00000 -9.00000
-37.00000 26.50000 -9.00000
-37.00000 27.00000 -8.50000
-36.50000 27.00000 -4.00000
-37.00000 26.50000 -4.00000
-37.00000 27.00000 -4.50000
-37.00000 28.00000 -21.50000
-37.00000 27.50000 -21.00000
-36.50000 28.00000 -18.00000
-36.50000 28.00000 -17.00000
-37.00000 27.50000 -13.00000
-37.00000 28.00000 -12.50000
-36.50000 28.00000 -8.00000
-37.00000 27.50000 -8.00000
-36.50000 28.00000 -7.00000
-37.00000 27.50000 -7.00000
-36.50000 28.00000 -6.00000
-37.00000 27.50000 -6.00000
-36.50000 28.00000 -5.00000
-37.00000 27.50000 -5.00000
-37.00000 29.00000 -21.50000
-36.50000 29.00000 -18.00000
-37.00000 28.50000 -12.00000
-37.00000 29.00000 -11.50000
-36.50000 30.00000 -22.00000
-37.00000 30.00000 -21.50000
-36.50000 30.00000 -14.00000
-37.00000 29.50000 -14.00000
-37.00000 30.00000 -14.50000
-37.00000 30.00000 -13.50000
-37.00000 29.50000 -11.00000
-37.00000 30.00000 -10.50000
-36.50000 31.00000 -22.00000
-37.00000 31.00000 -21.50000
-36.50000 31.00000 -15.00000
-37.00000 30.50000 -15.00000
-37.00000 31.00000 -15.50000
-36.50000 31.00000 -14.00000
-37.00000 30.50000 -13.00000
-36.50000 31.00000 -13.00000
-37.00000 31.00000 -12.50000
-37.00000 30.50000 -10.00000
-36.50000 31.00000 -10.00000
-37.00000 31.00000 -9.50000
-37.00000 32.00000 -21.50000
-36.50000 32.00000 -16.00000
-37.00000 31.50000 -16.00000
-37.00000 32.00000 -16.50000
-36.50000 32.00000 -15.00000
-37.00000 31.50000 -12.00000
-37.00000 32.00000 -11.50000
-37.00000 32.00000 -9.50000
-37.00000 32.50000 -21.00000
-36.50000 33.00000 -20.00000
-37.00000 32.50000 -20.00000
-37.00000 33.00000 -19.50000
-36.50000 33.00000 -17.00000
-37.00000 32.50000 -17.00000
-37.00000 33.00000 -17.50000
-36.50000 33.00000 -16.00000
-36.50000 33.00000 -15.00000
-37.00000 32.50000 -11.00000
-36.50000 33.00000 -11.00000
-36.50000 33.00000 -10.00000
-37.00000 32.50000 -10.00000
-36.50000 33.00000 -9.00000
-36.50000 34.00000 -19.00000
-37.00000 33.50000 -19.00000
-36.50000 34.00000 -18.00000
-37.00000 33.50000 -18.00000
-36.50000 34.00000 -17.00000
-36.50000 34.00000 -16.00000
-37.50000 17.00000 -20.00000
-37.50000 17.00000 -19.00000
-38.00000 17.00000 -18.50000
-38.00000 16.50000 -18.00000
-38.00000 16.50000 -17.00000
-38.00000 16.50000 -16.00000
-38.00000 16.50000 -15.00000
-37.50000 17.00000 -15.00000
-38.00000 17.00000 -14.50000
-37.50000 18.00000 -21.00000
-38.00000 18.00000 -20.50000
-38.00000 17.50000 -20.00000
-38.00000 17.50000 -19.00000
-38.00000 17.50000 -14.00000
-38.00000 17.50000 -13.00000
-38.00000 18.00000 -12.50000
-37.50000 19.00000 -22.00000
-38.00000 19.00000 -21.50000
-38.00000 18.50000 -21.00000
-38.00000 18.50000 -12.00000
-38.00000 19.00000 -11.50000
-37.50000 20.00000 -23.00000
-38.00000 20.00000 -22.50000
-38.00000 19.50000 -22.00000
-37.50000 20.00000 -17.00000
-37.50000 20.00000 -16.00000
-37.50000 20.00000 -11.00000
-38.00000 20.00000 -11.50000
-37.50000 21.00000 -23.00000
-38.00000 21.00000 -22.50000
-37.50000 21.00000 -18.00000
-37.50000 21.00000 -17.00000
-38.00000 21.00000 -16.50000
-38.00000 20.50000 -16.00000
-38.00000 20.50000 -15.00000
-37.50000 21.00000 -14.00000
-38.00000 20.50000 -14.00000
-38.00000 21.00000 -13.50000
-38.00000 20.50000 -11.00000
-38.00000 21.00000 -10.50000
-37.50000 22.00000 -23.00000
-38.00000 22.00000 -22.50000
-37.50000 22.00000 -17.00000
-38.00000 22.00000 -16.50000
-37.50000 22.00000 -13.00000
-38.00000 21.50000 -13.00000
-38.00000 22.00000 -12.50000
-38.00000 21.50000 -10.00000
-38.00000 22.00000 -9.50000
-38.00000 23.00000 -22.50000
-38.00000 23.00000 -16.50000
-38.00000 23.00000 -12.50000
-38.00000 22.50000 -9.00000
-38.00000 23.00000 -8.50000
-38.00000 23.50000 -22.00000
-37.50000 24.00000 -22.00000
-38.00000 24.00000 -21.50000
-38.00000 23.50000 -16.00000
-37.50000 24.00000 -16.00000
-38.00000 24.00000 -15.50000
-38.00000 23.50000 -12.00000
-38.00000 24.00000 -11.50000
-38.00000 23.50000 -8.00000
-38.00000 23.50000 -7.00000
-37.50000 24.00000 -7.00000
-38.00000 23.50000 -6.00000
-37.50000 24.00000 -6.00000
-38.00000 23.50000 -5.00000
-38.00000 23.50000 -4.00000
-38.00000 24.00000 -3.50000
-38.00000 25.00000 -21.50000
-37.50000 25.00000 -16.00000
-38.00000 25.00000 -15.50000
-38.00000 24.50000 -11.00000
-38.00000 25.00000 -10.50000
-38.00000 25.00000 -3.50000
-38.00000 25.50000 -21.00000
-38.00000 26.00000 -20.50000
-38.00000 25.50000 -15.00000
-37.50000 26.00000 -15.00000
-38.00000 25.50000 -14.00000
-37.50000 26.00000 -14.00000
-38.00000 26.00000 -13.50000
-38.00000 25.50000 -10.00000
-37.50000 26.00000 -10.00000
-38.00000 26.00000 -9.50000
-37.50000 26.00000 -4.00000
-38.00000 25.50000 -4.00000
-38.00000 26.00000 -4.50000
-38.00000 27.00000 -20.50000
-38.00000 26.50000 -13.00000
-37.50000 27.00000 -13.00000
-38.00000 27.00000 -12.50000
-38.00000 26.50000 -9.00000
-37.50000 27.00000 -8.00000
-38.00000 26.50000 -8.00000
-37.50000 27.00000 -7.00000
-38.00000 26.50000 -7.00000
-37.50000 27.00000 -6.00000
-38.00000 26.50000 -6.00000
-37.50000 27.00000 -5.00000
-38.00000 26.50000 -5.00000
-38.00000 28.00000 -21.50000
-38.00000 27.50000 -21.00000
-38.00000 27.50000 -12.00000
-37.50000 28.00000 -12.00000
-38.00000 28.00000 -11.50000
-38.00000 29.00000 -21.50000
-38.00000 28.50000 -11.00000
-37.50000 29.00000 -11.00000
-38.00000 29.00000 -10.50000
-38.00000 30.00000 -21.50000
-37.50000 30.00000 -15.00000
-38.00000 29.50000 -15.00000
-38.00000 30.00000 -15.50000
-38.00000 29.50000 -14.00000
-37.50000 30.00000 -13.00000
-38.00000 29.50000 -13.00000
-38.00000 30.00000 -12.50000
-38.00000 30.00000 -10.50000
-38.00000 31.00000 -21.50000
-37.50000 31.00000 -16.00000
-38.00000 30.50000 -16.00000
-38.00000 31.00000 -16.50000
-38.00000 31.00000 -12.50000
-38.00000 30.50000 -10.00000
-38.00000 31.00000 -9.50000
-38.00000 31.50000 -21.00000
-37.50000 32.00000 -21.00000
-38.00000 32.00000 -20.50000
-37.50000 32.00000 -17.00000
-38.00000 31.50000 -17.00000
-38.00000 32.00000 -17.50000
-38.00000 31.50000 -12.00000
-37.50000 32.00000 -11.00000
-38.00000 31.50000 -11.00000
-37.50000 32.00000 -10.00000
-38.00000 31.50000 -10.00000
-38.00000 32.50000 -20.00000
-37.50000 33.00000 -19.00000
-38.00000 32.50000 -19.00000
-37.50000 33.00000 -18.00000
-38.00000 32.50000 -18.00000
-38.50000 17.00000 -18.00000
-39.00000 17.00000 -17.50000
-39.00000 16.50000 -17.00000
-39.00000 16.50000 -16.00000
-39.00000 16.50000 -15.00000
-39.00000 16.50000 -14.00000
-38.50000 17.00000 -14.00000
-39.00000 17.00000 -13.50000
-38.50000 18.00000 -20.00000
-39.00000 18.00000 -19.50000
-39.00000 17.50000 -19.00000
-39.00000 17.50000 -18.00000
-39.00000 17.50000 -13.00000
-39.00000 18.00000 -12.50000
-38.50000 19.00000 -21.00000
-39.00000 19.00000 -20.50000
-39.00000 18.50000 -20.00000
-39.00000 18.50000 -12.00000
-39.00000 19.00000 -11.50000
-38.50000 20.00000 -22.00000
-39.00000 20.00000 -21.50000
-39.00000 19.50000 -21.00000
-39.00000 19.50000 -11.00000
-38.50000 20.00000 -11.00000
-39.00000 20.00000 -10.50000
-38.50000 21.00000 -22.00000
-39.00000 21.00000 -21.50000
-39.00000 20.50000 -16.00000
-39.00000 21.00000 -16.50000
-39.00000 20.50000 -15.00000
-39.00000 20.50000 -14.00000
-39.00000 21.00000 -13.50000
-39.00000 21.00000 -10.50000
-38.50000 22.00000 -22.00000
-39.00000 22.00000 -21.50000
-39.00000 22.00000 -16.50000
-39.00000 21.50000 -13.00000
-39.00000 22.00000 -12.50000
-39.00000 21.50000 -10.00000
-39.00000 22.00000 -9.50000
-38.50000 23.00000 -22.00000
-39.00000 23.00000 -21.50000
-39.00000 22.50000 -16.00000
-38.50000 23.00000 -16.00000
-39.00000 23.00000 -15.50000
-39.00000 22.50000 -12.00000
-38.50000 23.00000 -12.00000
-39.00000 23.00000 -11.50000
-39.00000 22.50000 -9.00000
-39.00000 22.50000 -8.00000
-38.50000 23.00000 -8.00000
-39.00000 22.50000 -7.00000
-38.50000 23.00000 -7.00000
-39.00000 22.50000 -6.00000
-38.50000 23.00000 -6.00000
-39.00000 22.50000 -5.00000
-38.50000 23.00000 -5.00000
-39.00000 22.50000 -4.00000
-38.50000 23.00000 -4.00000
-39.00000 23.00000 -3.50000
-39.00000 24.00000 -21.50000
-39.00000 24.00000 -15.50000
-38.50000 24.00000 -11.00000
-39.00000 23.50000 -11.00000
-39.00000 24.00000 -10.50000
-38.50000 23.50000 -4.50000
-38.50000 24.00000 -4.00000
-39.00000 24.00000 -4.50000
-39.00000 23.50000 -4.00000
-39.00000 24.50000 -21.00000
-38.50000 25.00000 -21.00000
-39.00000 25.00000 -20.50000
-39.00000 24.50000 -15.00000
-38.50000 25.00000 -15.00000
-39.00000 24.50000 -14.00000
-38.50000 25.00000 -14.00000
-39.00000 25.00000 -13.50000
-39.00000 25.00000 -10.50000
-38.50000 25.00000 -4.00000
-39.00000 25.00000 -4.50000
-39.00000 26.00000 -20.50000
-39.00000 25.50000 -13.00000
-38.50000 26.00000 -13.00000
-39.00000 26.00000 -12.50000
-39.00000 25.50000 -10.00000
-38.50000 26.00000 -9.00000
-39.00000 25.50000 -9.00000
-38.50000 26.00000 -8.00000
-39.00000 25.50000 -8.00000
-38.50000 26.00000 -7.00000
-39.00000 25.50000 -7.00000
-38.50000 26.00000 -6.00000
-39.00000 25.50000 -6.00000
-38.50000 26.00000 -5.00000
-39.00000 25.50000 -5.00000
-39.00000 27.00000 -20.50000
-39.00000 26.50000 -12.00000
-38.50000 27.00000 -12.00000
-39.00000 27.00000 -11.50000
-38.50000 28.00000 -21.00000
-39.00000 28.00000 -20.50000
-39.00000 27.50000 -11.00000
-38.50000 28.00000 -11.00000
-39.00000 28.00000 -10.50000
-39.00000 29.00000 -21.50000
-39.00000 28.50000 -21.00000
-38.50000 29.00000 -15.00000
-39.00000 28.50000 -15.00000
-39.00000 29.00000 -15.50000
-38.50000 29.00000 -14.00000
-39.00000 28.50000 -14.00000
-38.50000 29.00000 -13.00000
-39.00000 28.50000 -13.00000
-39.00000 29.00000 -12.50000
-39.00000 29.00000 -10.50000
-39.00000 29.50000 -21.00000
-38.50000 30.00000 -21.00000
-39.00000 30.00000 -20.50000
-38.50000 30.00000 -16.00000
-39.00000 29.50000 -16.00000
-39.00000 30.00000 -16.50000
-38.50000 30.00000 -12.00000
-39.00000 29.50000 -12.00000
-38.50000 30.00000 -11.00000
-39.00000 29.50000 -11.00000
-38.50000 31.00000 -21.00000
-39.00000 30.50000 -20.00000
-38.50000 31.00000 -20.00000
-38.50000 31.00000 -19.00000
-39.00000 30.50000 -19.00000
-38.50000 31.00000 -18.00000
-39.00000 30.50000 -18.00000
-38.50000 31.00000 -17.00000
-39.00000 30.50000 -17.00000
-38.50000 31.00000 -12.00000
-38.50000 31.00000 -11.00000
-38.50000 31.00000 -10.00000
-38.50000 32.00000 -20.00000
-38.50000 32.00000 -19.00000
-38.50000 32.00000 -18.00000
-39.50000 17.00000 -17.00000
-40.00000 17.00000 -16.50000
-40.00000 16.50000 -16.00000
-40.00000 16.50000 -15.00000
-40.00000 16.50000 -14.00000
-40.00000 17.00000 -13.50000
-39.50000 18.00000 -19.00000
-39.50000 18.00000 -18.00000
-40.00000 18.00000 -17.50000
-40.00000 17.50000 -17.00000
-40.00000 17.50000 -13.00000
-40.00000 18.00000 -12.50000
-39.50000 19.00000 -20.00000
-40.00000 19.00000 -19.50000
-40.00000 18.50000 -19.00000
-40.00000 18.50000 -18.00000
-40.00000 18.50000 -12.00000
-40.00000 19.00000 -11.50000
-39.50000 20.00000 -21.00000
-39.50000 20.00000 -20.00000
-40.00000 20.00000 -19.50000
-40.00000 19.50000 -11.00000
-40.00000 20.00000 -10.50000
-39.50000 21.00000 -21.00000
-40.00000 21.00000 -20.50000
-40.00000 20.50000 -20.00000
-39.50000 21.00000 -16.00000
-40.00000 21.00000 -15.50000
-40.00000 20.50000 -15.00000
-40.00000 20.50000 -14.00000
-40.00000 21.00000 -13.50000
-40.00000 20.50000 -10.00000
-39.50000 21.00000 -10.00000
-40.00000 21.00000 -9.50000
-39.50000 22.00000 -21.00000
-40.00000 22.00000 -20.50000
-39.50000 22.00000 -16.00000
-40.00000 22.00000 -15.50000
-40.00000 21.50000 -13.00000
-40.00000 22.00000 -12.50000
-40.00000 21.50000 -9.00000
-39.50000 22.00000 -9.00000
-40.00000 21.50000 -8.00000
-39.50000 22.00000 -8.00000
-40.00000 21.50000 -7.00000
-39.50000 22.00000 -7.00000
-40.00000 21.50000 -6.00000
-39.50000 22.00000 -6.00000
-40.00000 22.00000 -5.50000
-39.50000 23.00000 -21.00000
-40.00000 23.00000 -20.50000
-40.00000 23.00000 -15.50000
-40.00000 22.50000 -12.00000
-40.00000 23.00000 -11.50000
-40.00000 22.50000 -5.00000
-39.50000 23.00000 -4.00000
-40.00000 23.00000 -4.50000
-39.50000 24.00000 -21.00000
-40.00000 24.00000 -20.50000
-40.00000 23.50000 -15.00000
-39.50000 24.00000 -15.00000
-40.00000 24.00000 -14.50000
-40.00000 23.50000 -11.00000
-40.00000 24.00000 -10.50000
-39.50000 24.00000 -5.00000
-40.00000 23.50000 -5.00000
-40.00000 24.00000 -5.50000
-40.00000 25.00000 -20.50000
-40.00000 24.50000 -14.00000
-40.00000 24.50000 -13.00000
-39.50000 25.00000 -13.00000
-40.00000 25.00000 -12.50000
-40.00000 24.50000 -10.00000
-39.50000 25.00000 -10.00000
-39.50000 25.00000 -9.00000
-40.00000 24.50000 -9.00000
-39.50000 25.00000 -8.00000
-40.00000 24.50000 -8.00000
-39.50000 25.00000 -7.00000
-40.00000 24.50000 -7.00000
-40.00000 25.00000 -6.50000
-39.50000 25.00000 -5.00000
-40.00000 25.00000 -5.50000
-40.00000 26.00000 -20.50000
-40.00000 25.50000 -12.00000
-39.50000 26.00000 -12.00000
-40.00000 26.00000 -11.50000
-40.00000 25.50000 -6.00000
-40.00000 27.00000 -20.50000
-40.00000 26.50000 -11.00000
-39.50000 27.00000 -11.00000
-40.00000 27.00000 -10.50000
-40.00000 28.00000 -20.50000
-39.50000 28.00000 -16.00000
-40.00000 27.50000 -16.00000
-40.00000 28.00000 -16.50000
-39.50000 28.00000 -15.00000
-40.00000 27.50000 -15.00000
-39.50000 28.00000 -14.00000
-40.00000 27.50000 -14.00000
-39.50000 28.00000 -13.00000
-40.00000 27.50000 -13.00000
-40.00000 28.00000 -12.50000
-40.00000 28.00000 -10.50000
-39.50000 29.00000 -21.00000
-40.00000 29.00000 -20.50000
-39.50000 29.00000 -17.00000
-40.00000 28.50000 -17.00000
-40.00000 29.00000 -17.50000
-39.50000 29.00000 -16.00000
-39.50000 29.00000 -12.00000
-40.00000 28.50000 -12.00000
-39.50000 29.00000 -11.00000
-40.00000 28.50000 -11.00000
-39.50000 30.00000 -20.00000
-40.00000 29.50000 -20.00000
-39.50000 30.00000 -19.00000
-40.00000 29.50000 -19.00000
-39.50000 30.00000 -18.00000
-40.00000 29.50000 -18.00000
-39.50000 30.00000 -17.00000
-40.50000 17.00000 -16.00000
-40.50000 17.00000 -15.00000
-40.50000 17.00000 -14.00000
-40.50000 18.00000 -17.00000
-41.00000 18.00000 -16.50000
-41.00000 17.50000 -16.00000
-41.00000 17.50000 -15.00000
-41.00000 17.50000 -14.00000
-41.00000 17.50000 -13.00000
-41.00000 17.50000 -12.00000
-40.50000 18.00000 -12.00000
-41.00000 18.00000 -11.50000
-40.50000 19.00000 -19.00000
-40.50000 19.00000 -18.00000
-41.00000 19.00000 -17.50000
-41.00000 18.50000 -17.00000
-41.00000 18.50000 -11.00000
-40.50000 19.00000 -11.00000
-41.00000 19.00000 -10.50000
-40.50000 20.00000 -19.00000
-41.00000 20.00000 -18.50000
-41.00000 19.50000 -18.00000
-41.00000 19.50000 -10.00000
-40.50000 20.00000 -10.00000
-41.00000 20.00000 -9.50000
-40.50000 21.00000 -20.00000
-41.00000 21.00000 -19.50000
-41.00000 20.50000 -19.00000
-40.50000 21.00000 -15.00000
-41.00000 21.00000 -14.50000
-41.00000 20.50000 -14.00000
-41.00000 21.00000 -13.50000
-41.00000 20.50000 -9.00000
-40.50000 21.00000 -9.00000
-41.00000 20.50000 -8.00000
-40.50000 21.00000 -8.00000
-41.00000 20.50000 -7.00000
-40.50000 21.00000 -7.00000
-41.00000 21.00000 -6.50000
-40.50000 22.00000 -20.00000
-41.00000 22.00000 -19.50000
-41.00000 21.50000 -15.00000
-41.00000 22.00000 -15.50000
-41.00000 21.50000 -13.00000
-40.50000 22.00000 -12.00000
-41.00000 21.50000 -12.00000
-41.00000 22.00000 -11.50000
-41.00000 21.50000 -6.00000
-41.00000 22.00000 -5.50000
-41.00000 23.00000 -20.50000
-41.00000 22.50000 -20.00000
-41.00000 23.00000 -15.50000
-40.50000 23.00000 -11.00000
-41.00000 22.50000 -11.00000
-41.00000 23.00000 -10.50000
-40.50000 23.00000 -5.00000
-41.00000 23.00000 -5.50000
-41.00000 24.00000 -20.50000
-41.00000 23.50000 -15.00000
-41.00000 23.50000 -14.00000
-40.50000 24.00000 -14.00000
-41.00000 23.50000 -13.00000
-40.50000 24.00000 -13.00000
-41.00000 24.00000 -12.50000
-40.50000 24.00000 -10.00000
-41.00000 23.50000 -10.00000
-41.00000 24.00000 -9.50000
-40.50000 24.00000 -6.00000
-41.00000 23.50000 -6.00000
-41.00000 24.00000 -6.50000
-41.00000 24.50000 -20.00000
-40.50000 25.00000 -20.00000
-41.00000 25.00000 -19.50000
-41.00000 24.50000 -12.00000
-40.50000 25.00000 -12.00000
-41.00000 25.00000 -11.50000
-41.00000 24.50000 -9.00000
-41.00000 24.50000 -8.00000
-41.00000 24.50000 -7.00000
-40.50000 25.00000 -6.00000
-40.50000 26.00000 -20.00000
-41.00000 26.00000 -19.50000
-41.00000 25.50000 -11.00000
-40.50000 26.00000 -11.00000
-41.00000 26.00000 -10.50000
-40.50000 27.00000 -20.00000
-41.00000 27.00000 -19.50000
-40.50000 27.00000 -15.00000
-41.00000 26.50000 -15.00000
-41.00000 27.00000 -15.50000
-40.50000 27.00000 -14.00000
-41.00000 26.50000 -14.00000
-40.50000 27.00000 -13.00000
-41.00000 26.50000 -13.00000
-41.00000 27.00000 -12.50000
-41.00000 27.00000 -10.50000
-40.50000 28.00000 -20.00000
-41.00000 27.50000 -19.00000
-40.50000 28.00000 -19.00000
-40.50000 28.00000 -18.00000
-41.00000 27.50000 -18.00000
-40.50000 28.00000 -17.00000
-41.00000 27.50000 -17.00000
-41.00000 27.50000 -16.00000
-40.50000 28.00000 -12.00000
-41.00000 27.50000 -12.00000
-40.50000 28.00000 -11.00000
-41.00000 27.50000 -11.00000
-40.50000 29.00000 -20.00000
-40.50000 29.00000 -19.00000
-40.50000 29.00000 -18.00000
-41.50000 18.00000 -16.00000
-42.00000 18.00000 -15.50000
-42.00000 17.50000 -15.00000
-42.00000 17.50000 -14.00000
-42.00000 17.50000 -13.00000
-42.00000 17.50000 -12.00000
-42.00000 18.00000 -11.50000
-41.50000 19.00000 -17.00000
-42.00000 19.00000 -16.50000
-42.00000 18.50000 -16.00000
-42.00000 18.50000 -11.00000
-42.00000 18.50000 -10.00000
-41.50000 19.00000 -10.00000
-42.00000 19.00000 -9.50000
-41.50000 20.00000 -18.00000
-42.00000 20.00000 -17.50000
-42.00000 19.50000 -17.00000
-42.00000 19.50000 -9.00000
-41.50000 20.00000 -9.00000
-42.00000 19.50000 -8.00000
-41.50000 20.00000 -8.00000
-42.00000 19.50000 -7.00000
-41.50000 20.00000 -7.00000
-42.00000 20.00000 -6.50000
-41.50000 21.00000 -19.00000
-42.00000 21.00000 -18.50000
-42.00000 20.50000 -18.00000
-41.50000 21.00000 -14.00000
-42.00000 20.50000 -6.00000
-41.50000 21.00000 -6.00000
-42.00000 21.00000 -5.50000
-42.00000 22.00000 -19.50000
-42.00000 21.50000 -19.00000
-41.50000 22.00000 -15.00000
-42.00000 22.00000 -14.50000
-42.00000 21.50000 -14.00000
-42.00000 21.50000 -13.00000
-42.00000 21.50000 -12.00000
-42.00000 22.00000 -11.50000
-42.00000 22.00000 -6.50000
-41.50000 22.00000 -6.00000
-42.00000 21.50000 -6.00000
-41.50000 23.00000 -20.00000
-42.00000 23.00000 -19.50000
-41.50000 23.00000 -15.00000
-42.00000 22.50000 -14.00000
-41.50000 23.00000 -14.00000
-42.00000 23.00000 -13.50000
-42.00000 22.50000 -11.00000
-42.00000 23.00000 -10.50000
-41.50000 23.00000 -7.00000
-42.00000 22.50000 -7.00000
-42.00000 23.00000 -7.50000
-41.50000 23.00000 -6.00000
-41.50000 24.00000 -20.00000
-42.00000 24.00000 -19.50000
-42.00000 23.50000 -13.00000
-42.00000 23.50000 -12.00000
-41.50000 24.00000 -12.00000
-42.00000 24.00000 -11.50000
-42.00000 23.50000 -10.00000
-41.50000 24.00000 -9.00000
-42.00000 23.50000 -9.00000
-41.50000 24.00000 -8.00000
-42.00000 23.50000 -8.00000
-41.50000 24.00000 -7.00000
-42.00000 25.00000 -19.50000
-42.00000 24.50000 -11.00000
-41.50000 25.00000 -11.00000
-42.00000 25.00000 -10.50000
-42.00000 26.00000 -19.50000
-42.00000 26.00000 -10.50000
-42.00000 26.50000 -19.00000
-41.50000 27.00000 -19.00000
-42.00000 27.00000 -18.50000
-41.50000 27.00000 -17.00000
-42.00000 26.50000 -17.00000
-42.00000 27.00000 -17.50000
-41.50000 27.00000 -16.00000
-42.00000 26.50000 -16.00000
-42.00000 26.50000 -15.00000
-42.00000 26.50000 -14.00000
-42.00000 26.50000 -13.00000
-41.50000 27.00000 -12.00000
-42.00000 26.50000 -12.00000
-41.50000 27.00000 -11.00000
-42.00000 26.50000 -11.00000
-42.00000 27.50000 -18.00000
-42.50000 18.00000 -15.00000
-42.50000 18.00000 -14.00000
-43.00000 18.00000 -13.50000
-43.00000 17.50000 -13.00000
-43.00000 17.50000 -12.00000
-43.00000 17.50000 -11.00000
-42.50000 18.00000 -11.00000
-43.00000 18.00000 -10.50000
-42.50000 19.00000 -16.00000
-43.00000 19.00000 -15.50000
-43.00000 18.50000 -15.00000
-43.00000 18.50000 -14.00000
-43.00000 18.50000 -10.00000
-43.00000 18.50000 -9.00000
-42.50000 19.00000 -9.00000
-43.00000 18.50000 -8.00000
-42.50000 19.00000 -8.00000
-43.00000 19.00000 -7.50000
-42.50000 20.00000 -17.00000
-43.00000 20.00000 -16.50000
-43.00000 19.50000 -16.00000
-43.00000 19.50000 -7.00000
-43.00000 20.00000 -6.50000
-42.50000 21.00000 -18.00000
-43.00000 21.00000 -17.50000
-43.00000 20.50000 -17.00000
-42.50000 21.00000 -6.00000
-43.00000 21.00000 -6.50000
-42.50000 22.00000 -19.00000
-43.00000 22.00000 -18.50000
-43.00000 21.50000 -18.00000
-42.50000 22.00000 -14.00000
-42.50000 22.00000 -13.00000
-43.00000 22.00000 -12.50000
-43.00000 21.50000 -12.00000
-42.50000 22.00000 -11.00000
-43.00000 21.50000 -11.00000
-43.00000 22.00000 -10.50000
-42.50000 22.00000 -7.00000
-43.00000 21.50000 -7.00000
-43.00000 22.00000 -7.50000
-42.50000 23.00000 -19.00000
-43.00000 23.00000 -18.50000
-42.50000 23.00000 -13.00000
-43.00000 23.00000 -12.50000
-42.50000 23.00000 -10.00000
-43.00000 22.50000 -10.00000
-42.50000 23.00000 -9.00000
-43.00000 22.50000 -9.00000
-42.50000 23.00000 -8.00000
-43.00000 22.50000 -8.00000
-43.00000 24.00000 -19.50000
-43.00000 23.50000 -19.00000
-43.00000 23.50000 -12.00000
-43.00000 24.00000 -11.50000
-43.00000 25.00000 -19.50000
-43.00000 24.50000 -11.00000
-43.00000 25.00000 -10.50000
-43.00000 25.50000 -19.00000
-42.50000 26.00000 -19.00000
-43.00000 26.00000 -18.50000
-42.50000 26.00000 -15.00000
-43.00000 25.50000 -15.00000
-43.00000 26.00000 -15.50000
-42.50000 26.00000 -14.00000
-43.00000 25.50000 -14.00000
-42.50000 26.00000 -13.00000
-43.00000 25.50000 -13.00000
-42.50000 26.00000 -12.00000
-43.00000 25.50000 -12.00000
-42.50000 26.00000 -11.00000
-43.00000 25.50000 -11.00000
-42.50000 27.00000 -18.00000
-43.00000 26.50000 -18.00000
-43.00000 26.50000 -17.00000
-43.00000 26.50000 -16.00000
-43.50000 18.00000 -13.00000
-43.50000 18.00000 -12.00000
-44.00000 18.00000 -11.50000
-44.00000 17.50000 -11.00000
-44.00000 17.50000 -10.00000
-43.50000 18.00000 -10.00000
-44.00000 18.00000 -9.50000
-43.50000 19.00000 -15.00000
-44.00000 19.00000 -14.50000
-44.00000 18.50000 -14.00000
-44.00000 18.50000 -13.00000
-44.00000 18.50000 -12.00000
-44.00000 18.50000 -9.00000
-44.00000 18.50000 -8.00000
-44.00000 19.00000 -7.50000
-43.50000 20.00000 -16.00000
-44.00000 20.00000 -15.50000
-44.00000 19.50000 -15.00000
-43.50000 20.00000 -7.00000
-44.00000 20.00000 -7.50000
-43.50000 21.00000 -17.00000
-44.00000 21.00000 -16.50000
-44.00000 20.50000 -16.00000
-43.50000 21.00000 -8.00000
-44.00000 20.50000 -8.00000
-44.00000 21.00000 -8.50000
-43.50000 21.00000 -7.00000
-43.50000 22.00000 -18.00000
-44.00000 22.00000 -17.50000
-44.00000 21.50000 -17.00000
-43.50000 22.00000 -12.00000
-44.00000 22.00000 -11.50000
-44.00000 21.50000 -11.00000
-43.50000 22.00000 -10.00000
-44.00000 21.50000 -10.00000
-44.00000 22.00000 -9.50000
-43.50000 22.00000 -8.00000
-44.00000 22.00000 -8.50000
-43.50000 23.00000 -18.00000
-44.00000 23.00000 -17.50000
-43.50000 23.00000 -12.00000
-44.00000 23.00000 -11.50000
-44.00000 22.50000 -9.00000
-43.50000 24.00000 -19.00000
-44.00000 24.00000 -18.50000
-44.00000 23.50000 -18.00000
-44.00000 24.00000 -11.50000
-43.50000 25.00000 -19.00000
-44.00000 25.00000 -18.50000
-43.50000 25.00000 -12.00000
-44.00000 24.50000 -12.00000
-44.00000 25.00000 -12.50000
-43.50000 25.00000 -11.00000
-43.50000 26.00000 -18.00000
-44.00000 25.50000 -18.00000
-44.00000 26.00000 -17.50000
-44.00000 25.50000 -15.00000
-44.00000 26.00000 -15.50000
-44.00000 25.50000 -14.00000
-44.00000 25.50000 -13.00000
-44.00000 26.50000 -17.00000
-44.00000 26.50000 -16.00000
-44.50000 18.00000 -11.00000
-44.50000 18.00000 -10.00000
-44.50000 19.00000 -14.00000
-44.50000 19.00000 -13.00000
-45.00000 19.00000 -12.50000
-45.00000 18.50000 -12.00000
-45.00000 18.50000 -11.00000
-45.00000 18.50000 -10.00000
-45.00000 18.50000 -9.00000
-45.00000 18.50000 -8.00000
-45.00000 19.00000 -7.50000
-44.50000 20.00000 -15.00000
-45.00000 20.00000 -14.50000
-45.00000 19.50000 -14.00000
-45.00000 19.50000 -13.00000
-44.50000 20.00000 -8.00000
-45.00000 19.50000 -8.00000
-45.00000 20.00000 -8.50000
-44.50000 21.00000 -16.00000
-45.00000 21.00000 -15.50000
-45.00000 20.50000 -15.00000
-44.50000 21.00000 -9.00000
-45.00000 20.50000 -9.00000
-45.00000 21.00000 -9.50000
-44.50000 22.00000 -17.00000
-45.00000 22.00000 -16.50000
-45.00000 21.50000 -16.00000
-44.50000 22.00000 -11.00000
-45.00000 22.00000 -10.50000
-45.00000 21.50000 -10.00000
-44.50000 22.00000 -9.00000
-45.00000 23.00000 -17.50000
-45.00000 22.50000 -17.00000
-45.00000 22.50000 -11.00000
-45.00000 23.00000 -11.50000
-44.50000 24.00000 -18.00000
-45.00000 24.00000 -17.50000
-44.50000 24.00000 -12.00000
-45.00000 23.50000 -12.00000
-45.00000 24.00000 -12.50000
-44.50000 25.00000 -18.00000
-45.00000 25.00000 -17.50000
-44.50000 25.00000 -14.00000
-45.00000 24.50000 -14.00000
-45.00000 25.00000 -14.50000
-44.50000 25.00000 -13.00000
-45.00000 24.50000 -13.00000
-44.50000 26.00000 -17.00000
-45.00000 25.50000 -17.00000
-44.50000 26.00000 -16.00000
-45.00000 25.50000 -16.00000
-45.00000 25.50000 -15.00000
-45.50000 19.00000 -12.00000
-46.00000 19.00000 -11.50000
-46.00000 18.50000 -11.00000
-46.00000 18.50000 -10.00000
-45.50000 19.00000 -9.00000
-46.00000 19.00000 -9.50000
-45.50000 19.00000 -8.00000
-45.50000 20.00000 -14.00000
-45.50000 20.00000 -13.00000
-46.00000 20.00000 -12.50000
-46.00000 19.50000 -12.00000
-45.50000 20.00000 -10.00000
-46.00000 19.50000 -10.00000
-46.00000 20.00000 -10.50000
-45.50000 20.00000 -9.00000
-45.50000 21.00000 -15.00000
-46.00000 21.00000 -14.50000
-46.00000 20.50000 -14.00000
-46.00000 20.50000 -13.00000
-45.50000 21.00000 -10.00000
-46.00000 21.00000 -10.50000
-45.50000 22.00000 -16.00000
-46.00000 22.00000 -15.50000
-46.00000 21.50000 -15.00000
-45.50000 22.00000 -11.00000
-46.00000 21.50000 -11.00000
-46.00000 22.00000 -11.50000
-45.50000 23.00000 -17.00000
-46.00000 23.00000 -16.50000
-46.00000 22.50000 -16.00000
-45.50000 23.00000 -12.00000
-46.00000 22.50000 -12.00000
-46.00000 23.00000 -12.50000
-45.50000 24.00000 -17.00000
-46.00000 24.00000 -16.50000
-45.50000 24.00000 -13.00000
-46.00000 23.50000 -13.00000
-46.00000 24.00000 -13.50000
-45.50000 25.00000 -17.00000
-46.00000 24.50000 -16.00000
-45.50000 25.00000 -16.00000
-45.50000 25.00000 -15.00000
-46.00000 24.50000 -15.00000
-46.00000 24.50000 -14.00000
-46.50000 19.00000 -11.00000
-46.50000 19.00000 -10.00000
-46.50000 20.00000 -12.00000
-47.00000 20.00000 -11.50000
-47.00000 19.50000 -11.00000
-47.00000 20.00000 -10.50000
-46.50000 21.00000 -14.00000
-46.50000 21.00000 -13.00000
-47.00000 21.00000 -12.50000
-47.00000 20.50000 -12.00000
-47.00000 21.00000 -11.50000
-46.50000 21.00000 -11.00000
-47.00000 20.50000 -11.00000
-46.50000 22.00000 -15.00000
-47.00000 22.00000 -14.50000
-47.00000 21.50000 -14.00000
-47.00000 21.50000 -13.00000
-47.00000 22.00000 -12.50000
-46.50000 22.00000 -12.00000
-47.00000 21.50000 -12.00000
-46.50000 23.00000 -16.00000
-47.00000 23.00000 -15.50000
-47.00000 22.50000 -15.00000
-46.50000 23.00000 -13.00000
-47.00000 22.50000 -13.00000
-47.00000 23.00000 -13.50000
-46.50000 24.00000 -16.00000
-47.00000 23.50000 -15.00000
-46.50000 24.00000 -15.00000
-46.50000 24.00000 -14.00000
-47.00000 23.50000 -14.00000
-47.50000 20.00000 -11.00000
-47.50000 21.00000 -12.00000
-47.50000 22.00000 -14.00000
-47.50000 22.00000 -13.00000
-47.50000 23.00000 -15.00000
-47.50000 23.00000 -14.00000
3 2 1 0
3 0 3 2
3 1 4 0
3 0 4 3
3 5 1 2
3 3 5 2
3 5 4 1
3 4 5 3
3 8 7 6
3 6 9 8
3 7 10 6
3 6 10 9
3 13 12 11
3 15 14 11
3 11 14 13
3 17 16 15
3 15 16 14
3 19 18 17
3 17 18 16
3 21 20 19
3 19 20 18
3 21 22 20
3 25 24 23
3 25 23 12
3 23 11 12
3 23 26 11
3 11 27 15
3 11 26 27
3 15 28 17
3 15 27 28
3 17 29 19
3 17 28 29
3 31 21 30
3 21 29 30
3 21 19 29
3 21 31 22
3 23 24 32
3 32 24 33
3 23 34 26
3 23 32 34
3 26 35 27
3 26 34 35
3 27 36 28
3 27 35 36
3 38 29 37
3 29 36 37
3 29 28 36
3 29 38 30
3 33 39 32
3 41 40 39
3 40 32 39
3 40 34 32
3 34 42 35
3 34 40 42
3 44 36 43
3 36 42 43
3 36 35 42
3 36 44 37
3 41 45 40
3 40 45 42
3 42 45 46
3 42 46 43
3 49 48 47
3 47 7 49
3 7 8 49
3 51 50 49
3 51 49 8
3 9 51 8
3 54 53 52
3 56 55 52
3 55 47 52
3 48 54 52
3 48 52 47
3 50 51 55
3 51 10 55
3 7 47 55
3 7 55 10
3 10 51 9
3 53 57 52
3 52 57 56
3 60 59 58
3 58 61 60
3 64 63 62
3 66 65 62
3 62 65 64
3 65 66 59
3 66 58 59
3 66 67 58
3 61 58 68
3 68 58 67
3 62 63 69
3 69 63 70
3 62 71 66
3 62 69 71
3 66 72 67
3 66 71 72
3 68 67 73
3 73 67 72
3 76 75 74
3 76 74 70
3 74 69 70
3 74 77 69
3 69 78 71
3 69 77 78
3 71 79 72
3 71 78 79
3 73 72 80
3 72 81 80
3 72 79 81
3 83 82 81
3 81 82 80
3 85 84 83
3 83 84 82
3 87 86 85
3 85 86 84
3 87 88 86
3 74 75 89
3 89 75 90
3 74 91 77
3 74 89 91
3 91 12 13
3 78 91 13
3 77 91 78
3 78 13 14
3 78 14 79
3 79 14 16
3 79 16 81
3 81 16 18
3 81 18 83
3 83 18 20
3 83 20 85
3 85 20 22
3 92 85 22
3 87 85 92
3 88 87 93
3 93 87 92
3 90 94 89
3 95 24 25
3 89 95 25
3 91 89 25
3 94 95 89
3 91 25 12
3 30 96 31
3 96 97 31
3 31 97 22
3 97 98 22
3 98 92 22
3 92 98 93
3 100 33 99
3 33 95 99
3 33 24 95
3 101 100 99
3 37 102 38
3 102 103 38
3 38 103 30
3 103 104 30
3 104 96 30
3 96 104 97
3 100 39 33
3 106 105 41
3 106 41 39
3 101 106 39
3 100 101 39
3 107 105 106
3 43 108 44
3 108 109 44
3 44 109 37
3 109 110 37
3 110 102 37
3 102 110 103
3 105 45 41
3 107 111 105
3 111 45 105
3 111 46 45
3 43 46 108
3 46 112 108
3 46 111 112
3 108 112 109
3 115 114 113
3 48 49 113
3 49 115 113
3 49 116 115
3 49 50 116
3 116 50 117
3 120 119 118
3 121 54 113
3 54 121 53
3 118 53 121
3 122 118 121
3 118 122 120
3 123 120 122
3 120 123 114
3 113 114 123
3 121 113 123
3 54 48 113
3 56 121 55
3 123 55 121
3 55 123 124
3 50 55 117
3 117 55 124
3 119 125 118
3 122 121 125
3 121 57 125
3 53 118 125
3 53 125 57
3 57 121 56
3 128 127 126
3 130 129 126
3 126 129 128
3 130 131 129
3 126 127 132
3 132 127 133
3 126 134 130
3 126 132 134
3 131 130 135
3 135 130 134
3 132 133 136
3 136 133 137
3 132 138 134
3 132 136 138
3 135 134 139
3 139 134 138
3 136 137 140
3 140 137 141
3 136 142 138
3 136 140 142
3 139 138 143
3 138 144 143
3 138 142 144
3 144 145 143
3 140 141 146
3 146 141 147
3 140 148 142
3 140 146 148
3 142 149 144
3 142 148 149
3 145 144 150
3 150 144 149
3 146 147 151
3 151 147 152
3 146 153 148
3 146 151 153
3 148 154 149
3 148 153 154
3 150 149 155
3 149 156 155
3 149 154 156
3 156 157 155
3 151 152 158
3 158 152 159
3 151 160 153
3 151 158 160
3 153 161 154
3 153 160 161
3 154 162 156
3 154 161 162
3 157 156 163
3 163 156 162
3 158 159 164
3 164 159 165
3 158 166 160
3 158 164 166
3 160 167 161
3 160 166 167
3 161 168 162
3 161 167 168
3 163 162 169
3 169 162 168
3 164 165 170
3 170 165 171
3 164 172 166
3 164 170 172
3 166 173 167
3 166 172 173
3 167 174 168
3 167 173 174
3 169 168 175
3 175 168 174
3 170 171 176
3 176 171 177
3 170 178 172
3 170 176 178
3 172 179 173
3 172 178 179
3 173 180 174
3 173 179 180
3 175 174 181
3 181 174 180
3 176 177 182
3 182 177 183
3 176 184 178
3 176 182 184
3 178 185 179
3 178 184 185
3 179 186 180
3 179 185 186
3 181 180 187
3 180 188 187
3 180 186 188
3 188 189 187
3 183 190 182
3 192 191 190
3 191 182 190
3 191 184 182
3 184 193 185
3 184 191 193
3 185 194 186
3 185 193 194
3 186 195 188
3 186 194 195
3 189 188 196
3 196 188 195
3 191 192 197
3 197 192 198
3 191 199 193
3 191 197 199
3 193 200 194
3 193 199 200
3 194 201 195
3 194 200 201
3 196 195 202
3 202 195 201
3 197 198 203
3 203 198 204
3 197 205 199
3 197 203 205
3 199 206 200
3 199 205 206
3 200 207 201
3 200 206 207
3 202 201 208
3 201 209 208
3 201 207 209
3 209 210 208
3 203 204 211
3 211 204 212
3 203 213 205
3 203 211 213
3 205 214 206
3 205 213 214
3 206 215 207
3 206 214 215
3 207 216 209
3 207 215 216
3 210 209 217
3 217 209 216
3 211 212 218
3 218 212 219
3 211 220 213
3 211 218 220
3 213 221 214
3 213 220 221
3 214 222 215
3 214 221 222
3 215 223 216
3 215 222 223
3 217 216 224
3 216 225 224
3 216 223 225
3 225 226 224
3 218 219 227
3 227 219 228
3 218 229 220
3 218 227 229
3 220 230 221
3 220 229 230
3 221 231 222
3 221 230 231
3 222 232 223
3 222 231 232
3 223 233 225
3 223 232 233
3 226 225 234
3 234 225 233
3 227 228 235
3 235 228 236
3 227 237 229
3 227 235 237
3 229 238 230
3 229 237 238
3 230 239 231
3 230 238 239
3 231 240 232
3 231 239 240
3 232 241 233
3 232 240 241
3 234 233 242
3 242 233 241
3 236 243 235
3 245 244 243
3 244 235 243
3 244 237 235
3 237 246 238
3 237 244 246
3 238 247 239
3 238 246 247
3 239 248 240
3 239 247 248
3 240 249 241
3 240 248 249
3 242 241 250
3 241 251 250
3 241 249 251
3 251 252 250
3 244 245 253
3 253 245 254
3 244 255 246
3 244 253 255
3 246 256 247
3 246 255 256
3 247 257 248
3 247 256 257
3 257 59 60
3 249 257 60
3 248 257 249
3 251 249 258
3 249 61 258
3 61 259 258
3 61 249 60
3 251 258 252
3 253 254 260
3 260 254 261
3 253 262 255
3 253 260 262
3 262 63 64
3 256 262 64
3 255 262 256
3 256 64 65
3 256 65 257
3 257 65 59
3 68 259 61
3 68 263 259
3 260 261 264
3 264 261 265
3 260 266 262
3 260 264 266
3 266 70 63
3 266 63 262
3 73 263 68
3 73 267 263
3 270 269 268
3 272 271 268
3 268 271 270
3 272 273 271
3 265 274 264
3 275 75 76
3 264 275 76
3 266 264 76
3 274 275 264
3 266 76 70
3 276 267 73
3 276 73 80
3 277 80 82
3 277 276 80
3 278 82 84
3 278 277 82
3 86 268 269
3 278 86 269
3 84 86 278
3 268 86 88
3 279 268 88
3 272 268 279
3 273 272 280
3 272 281 280
3 272 279 281
3 281 282 280
3 275 90 75
3 283 90 275
3 93 284 279
3 93 279 88
3 286 281 285
3 281 284 285
3 281 279 284
3 281 286 282
3 283 287 90
3 90 287 94
3 95 94 287
3 95 287 288
3 97 289 98
3 284 93 98
3 289 284 98
3 290 284 289
3 285 284 291
3 291 284 290
3 288 292 95
3 95 292 99
3 101 99 292
3 101 292 293
3 103 294 104
3 289 97 104
3 294 289 104
3 295 289 294
3 297 290 296
3 290 295 296
3 290 289 295
3 290 297 291
3 293 298 101
3 101 298 106
3 107 106 298
3 107 298 299
3 109 300 110
3 300 301 110
3 110 301 103
3 301 302 103
3 302 294 103
3 294 302 295
3 295 302 303
3 295 303 296
3 299 304 107
3 107 304 111
3 304 306 305
3 112 304 305
3 111 304 112
3 305 307 112
3 112 307 109
3 307 308 109
3 308 300 109
3 300 308 301
3 306 309 305
3 305 309 307
3 312 311 310
3 314 313 310
3 310 313 312
3 314 315 313
3 310 311 115
3 311 114 115
3 311 316 114
3 310 115 116
3 310 116 314
3 116 117 314
3 117 315 314
3 117 317 315
3 318 119 120
3 123 122 319
3 318 319 122
3 319 318 316
3 120 316 318
3 316 120 114
3 123 320 124
3 319 320 123
3 117 124 317
3 317 124 320
3 318 125 119
3 125 318 122
3 323 322 321
3 321 324 323
3 321 322 325
3 325 322 326
3 324 321 327
3 321 328 327
3 321 325 328
3 328 329 327
3 326 330 325
3 332 331 330
3 331 325 330
3 331 328 325
3 329 328 333
3 333 328 331
3 331 332 334
3 334 332 335
3 333 331 336
3 336 331 334
3 335 337 334
3 334 337 336
3 340 339 338
3 342 341 338
3 338 341 340
3 342 343 341
3 346 345 344
3 346 344 339
3 344 338 339
3 344 347 338
3 338 348 342
3 338 347 348
3 343 342 349
3 349 342 348
3 344 345 350
3 350 345 351
3 344 352 347
3 344 350 352
3 347 353 348
3 347 352 353
3 349 348 354
3 354 348 353
3 357 356 355
3 357 355 351
3 355 350 351
3 355 358 350
3 350 359 352
3 350 358 359
3 352 360 353
3 352 359 360
3 354 353 361
3 361 353 360
3 355 356 362
3 362 356 363
3 355 364 358
3 355 362 364
3 358 365 359
3 358 364 365
3 359 366 360
3 359 365 366
3 361 360 367
3 367 360 366
3 362 363 368
3 368 363 369
3 362 370 364
3 362 368 370
3 364 371 365
3 364 370 371
3 365 372 366
3 365 371 372
3 367 366 373
3 373 366 372
3 368 369 374
3 374 369 375
3 368 376 370
3 368 374 376
3 370 377 371
3 370 376 377
3 371 378 372
3 371 377 378
3 373 372 379
3 379 372 378
3 374 375 380
3 380 375 381
3 374 382 376
3 374 380 382
3 376 383 377
3 376 382 383
3 377 384 378
3 377 383 384
3 379 378 385
3 385 378 384
3 380 381 128
3 381 127 128
3 381 386 127
3 380 128 129
3 380 129 382
3 382 129 131
3 387 382 131
3 383 382 387
3 383 388 384
3 383 387 388
3 385 384 389
3 389 384 388
3 386 133 127
3 390 133 386
3 135 391 387
3 135 387 131
3 387 392 388
3 387 391 392
3 389 388 393
3 393 388 392
3 390 137 133
3 394 137 390
3 139 395 391
3 139 391 135
3 391 396 392
3 391 395 396
3 393 392 397
3 397 392 396
3 394 141 137
3 398 141 394
3 143 395 139
3 395 143 145
3 399 395 145
3 396 395 399
3 397 396 400
3 400 396 399
3 398 147 141
3 401 147 398
3 150 402 399
3 150 399 145
3 400 399 403
3 399 404 403
3 399 402 404
3 404 405 403
3 401 152 147
3 406 152 401
3 155 402 150
3 402 155 157
3 407 402 157
3 404 402 407
3 405 404 408
3 408 404 407
3 406 159 152
3 409 159 406
3 163 410 407
3 163 407 157
3 408 407 411
3 411 407 410
3 409 165 159
3 412 165 409
3 169 413 410
3 169 410 163
3 411 410 414
3 414 410 413
3 412 171 165
3 415 171 412
3 175 416 413
3 175 413 169
3 414 413 417
3 417 413 416
3 415 177 171
3 418 177 415
3 181 419 416
3 181 416 175
3 417 416 420
3 416 421 420
3 416 419 421
3 421 422 420
3 424 183 423
3 183 418 423
3 183 177 418
3 425 424 423
3 187 419 181
3 419 187 189
3 426 419 189
3 421 419 426
3 422 421 427
3 427 421 426
3 424 190 183
3 192 190 424
3 425 192 424
3 428 192 425
3 196 429 426
3 196 426 189
3 427 426 430
3 430 426 429
3 428 198 192
3 431 198 428
3 202 432 429
3 202 429 196
3 430 429 433
3 429 434 433
3 429 432 434
3 434 435 433
3 431 204 198
3 436 204 431
3 208 432 202
3 432 208 210
3 437 432 210
3 434 432 437
3 435 434 438
3 434 439 438
3 434 437 439
3 441 440 439
3 439 440 438
3 443 442 441
3 441 442 440
3 443 444 442
3 436 212 204
3 445 212 436
3 217 446 437
3 217 437 210
3 437 447 439
3 437 446 447
3 439 448 441
3 439 447 448
3 450 443 449
3 443 448 449
3 443 441 448
3 443 450 444
3 445 219 212
3 451 219 445
3 224 446 217
3 446 224 226
3 452 446 226
3 447 446 452
3 447 453 448
3 447 452 453
3 449 448 454
3 454 448 453
3 451 228 219
3 455 228 451
3 234 456 452
3 234 452 226
3 452 457 453
3 452 456 457
3 454 453 458
3 458 453 457
3 460 236 459
3 236 455 459
3 236 228 455
3 461 460 459
3 242 462 456
3 242 456 234
3 464 457 463
3 457 462 463
3 457 456 462
3 457 464 458
3 460 243 236
3 245 243 460
3 461 245 460
3 465 245 461
3 250 462 242
3 250 252 462
3 252 463 462
3 252 466 463
3 465 254 245
3 467 254 465
3 469 468 258
3 469 258 259
3 252 258 466
3 466 258 468
3 467 261 254
3 470 261 467
3 263 469 259
3 263 471 469
3 474 473 472
3 476 475 472
3 472 475 474
3 476 477 475
3 479 265 478
3 265 470 478
3 265 261 470
3 480 479 478
3 267 482 481
3 471 267 481
3 263 267 471
3 484 483 482
3 482 483 481
3 486 485 484
3 484 485 483
3 485 486 473
3 473 486 472
3 486 269 472
3 269 270 472
3 472 270 271
3 472 271 476
3 488 487 273
3 273 487 271
3 487 477 271
3 477 476 271
3 488 489 487
3 479 274 265
3 275 274 479
3 480 275 479
3 490 275 480
3 276 482 267
3 482 276 277
3 482 277 484
3 484 277 278
3 484 278 486
3 486 278 269
3 280 488 273
3 492 491 282
3 282 491 280
3 491 489 280
3 489 488 280
3 492 493 491
3 495 283 494
3 283 490 494
3 283 275 490
3 496 495 494
3 285 497 286
3 492 282 286
3 497 492 286
3 498 492 497
3 493 492 499
3 499 492 498
3 495 287 283
3 501 500 288
3 501 288 287
3 496 501 287
3 495 496 287
3 502 500 501
3 291 503 497
3 291 497 285
3 505 498 504
3 498 503 504
3 498 497 503
3 498 505 499
3 500 292 288
3 293 292 500
3 502 293 500
3 506 293 502
3 296 507 297
3 507 508 297
3 297 508 291
3 508 509 291
3 509 503 291
3 503 509 504
3 506 510 293
3 293 510 298
3 512 511 299
3 298 512 299
3 510 512 298
3 513 511 512
3 301 514 302
3 302 514 515
3 516 302 515
3 303 302 516
3 296 303 507
3 303 517 507
3 303 516 517
3 507 517 508
3 511 304 299
3 306 304 511
3 513 306 511
3 518 306 513
3 520 519 308
3 520 308 307
3 301 308 514
3 308 521 514
3 308 519 521
3 514 521 515
3 518 522 306
3 306 522 309
3 307 309 520
3 520 309 522
3 524 523 312
3 312 523 311
3 525 312 313
3 525 524 312
3 313 315 525
3 525 315 526
3 529 528 527
3 523 529 527
3 316 523 527
3 311 523 316
3 317 526 315
3 317 530 526
3 533 532 531
3 535 534 531
3 534 527 531
3 528 533 531
3 528 531 527
3 527 534 316
3 534 319 316
3 534 536 319
3 319 537 320
3 536 537 319
3 317 320 530
3 530 320 537
3 532 538 531
3 531 538 535
3 541 540 539
3 543 542 539
3 539 542 541
3 543 544 542
3 539 540 545
3 545 540 546
3 539 547 543
3 539 545 547
3 544 543 548
3 543 549 548
3 543 547 549
3 549 550 548
3 553 552 551
3 553 551 546
3 551 545 546
3 551 554 545
3 545 555 547
3 545 554 555
3 547 556 549
3 547 555 556
3 550 549 557
3 549 558 557
3 549 556 558
3 558 559 557
3 551 552 323
3 552 322 323
3 552 560 322
3 551 323 324
3 561 551 324
3 554 551 561
3 554 562 555
3 554 561 562
3 555 563 556
3 555 562 563
3 565 558 564
3 558 563 564
3 558 556 563
3 558 565 559
3 560 326 322
3 566 326 560
3 327 561 324
3 561 327 329
3 567 561 329
3 562 561 567
3 562 568 563
3 562 567 568
3 564 563 569
3 569 563 568
3 330 326 570
3 326 571 570
3 326 566 571
3 570 332 330
3 333 572 567
3 333 567 329
3 574 568 573
3 568 572 573
3 568 567 572
3 568 574 569
3 570 571 575
3 575 571 576
3 575 335 332
3 575 332 570
3 336 577 572
3 336 572 333
3 573 572 578
3 578 572 577
3 575 576 579
3 579 576 580
3 581 337 335
3 575 581 335
3 579 581 575
3 577 336 337
3 581 577 337
3 582 577 581
3 578 577 583
3 583 577 582
3 586 585 584
3 586 584 580
3 584 579 580
3 584 587 579
3 579 588 581
3 579 587 588
3 581 589 582
3 581 588 589
3 583 582 590
3 590 582 589
3 584 585 591
3 591 585 592
3 584 593 587
3 584 591 593
3 587 594 588
3 587 593 594
3 588 595 589
3 588 594 595
3 590 589 596
3 596 589 595
3 591 592 597
3 597 592 598
3 591 599 593
3 591 597 599
3 593 600 594
3 593 599 600
3 594 601 595
3 594 600 601
3 596 595 602
3 602 595 601
3 597 598 603
3 603 598 604
3 597 605 599
3 597 603 605
3 599 606 600
3 599 605 606
3 600 607 601
3 600 606 607
3 602 601 608
3 608 601 607
3 603 604 609
3 609 604 610
3 603 611 605
3 603 609 611
3 605 612 606
3 605 611 612
3 614 607 613
3 607 612 613
3 607 606 612
3 607 614 608
3 609 610 615
3 615 610 616
3 609 617 611
3 609 615 617
3 611 618 612
3 611 617 618
3 613 612 619
3 619 612 618
3 615 616 620
3 620 616 621
3 615 622 617
3 615 620 622
3 617 623 618
3 617 622 623
3 619 618 624
3 624 618 623
3 627 626 625
3 627 625 621
3 625 620 621
3 625 628 620
3 620 629 622
3 620 628 629
3 622 630 623
3 622 629 630
3 624 623 631
3 623 632 631
3 623 630 632
3 632 633 631
3 625 626 634
3 634 626 635
3 634 339 340
3 628 634 340
3 625 634 628
3 628 340 341
3 628 341 629
3 629 341 343
3 636 629 343
3 630 629 636
3 630 637 632
3 630 636 637
3 633 632 638
3 638 632 637
3 634 635 346
3 635 345 346
3 635 639 345
3 634 346 339
3 349 640 636
3 349 636 343
3 636 641 637
3 636 640 641
3 638 637 642
3 642 637 641
3 639 351 345
3 643 351 639
3 354 644 640
3 354 640 349
3 640 645 641
3 640 644 645
3 642 641 646
3 646 641 645
3 648 647 357
3 357 647 356
3 357 351 643
3 357 643 648
3 361 649 644
3 361 644 354
3 644 650 645
3 644 649 650
3 646 645 651
3 651 645 650
3 647 363 356
3 652 363 647
3 367 653 649
3 367 649 361
3 649 654 650
3 649 653 654
3 651 650 655
3 655 650 654
3 652 369 363
3 656 369 652
3 373 657 653
3 373 653 367
3 653 658 654
3 653 657 658
3 655 654 659
3 659 654 658
3 656 375 369
3 660 375 656
3 379 661 657
3 379 657 373
3 663 658 662
3 658 661 662
3 658 657 661
3 658 663 659
3 660 381 375
3 664 381 660
3 385 665 661
3 385 661 379
3 662 661 666
3 666 661 665
3 664 386 381
3 667 386 664
3 389 668 665
3 389 665 385
3 666 665 669
3 669 665 668
3 667 390 386
3 670 390 667
3 393 671 668
3 393 668 389
3 669 668 672
3 672 668 671
3 670 394 390
3 673 394 670
3 397 674 671
3 397 671 393
3 672 671 675
3 675 671 674
3 673 398 394
3 676 398 673
3 400 677 674
3 400 674 397
3 675 674 678
3 678 674 677
3 676 401 398
3 679 401 676
3 403 677 400
3 681 680 405
3 405 680 403
3 680 678 403
3 678 677 403
3 681 682 680
3 679 406 401
3 683 406 679
3 408 684 681
3 408 681 405
3 682 681 685
3 685 681 684
3 683 409 406
3 686 409 683
3 411 687 684
3 411 684 408
3 685 684 688
3 688 684 687
3 686 412 409
3 689 412 686
3 414 690 687
3 414 687 411
3 688 687 691
3 691 687 690
3 689 415 412
3 692 415 689
3 417 693 690
3 417 690 414
3 691 690 694
3 690 695 694
3 690 693 695
3 695 696 694
3 698 418 697
3 418 692 697
3 418 415 692
3 699 698 697
3 420 693 417
3 693 420 422
3 700 693 422
3 695 693 700
3 696 695 701
3 695 702 701
3 695 700 702
3 704 703 702
3 702 703 701
3 704 705 703
3 698 423 418
3 425 423 698
3 699 425 698
3 706 425 699
3 427 707 700
3 427 700 422
3 700 708 702
3 700 707 708
3 702 709 704
3 702 708 709
3 705 704 710
3 704 711 710
3 704 709 711
3 711 712 710
3 706 428 425
3 713 428 706
3 430 714 707
3 430 707 427
3 707 715 708
3 707 714 715
3 708 716 709
3 708 715 716
3 709 717 711
3 709 716 717
3 712 711 718
3 718 711 717
3 713 431 428
3 719 431 713
3 433 714 430
3 714 433 435
3 720 714 435
3 715 714 720
3 715 721 716
3 715 720 721
3 723 717 722
3 717 721 722
3 717 716 721
3 717 723 718
3 719 436 431
3 724 436 719
3 438 720 435
3 720 438 440
3 720 440 721
3 440 442 721
3 442 725 721
3 725 722 721
3 442 726 725
3 444 726 442
3 728 445 727
3 445 724 727
3 445 436 724
3 729 728 727
3 732 731 730
3 730 731 725
3 730 725 726
3 449 730 726
3 450 449 726
3 450 726 444
3 733 451 728
3 728 451 445
3 728 729 734
3 728 734 733
3 732 730 735
3 732 735 736
3 454 735 449
3 449 735 730
3 737 455 733
3 733 455 451
3 733 734 738
3 733 738 737
3 741 740 739
3 739 740 736
3 735 739 736
3 742 739 735
3 458 742 454
3 454 742 735
3 737 459 455
3 461 459 737
3 738 461 737
3 743 461 738
3 741 739 744
3 741 744 745
3 463 744 464
3 744 742 464
3 744 739 742
3 464 742 458
3 743 465 461
3 746 465 743
3 745 744 747
3 745 747 748
3 466 747 463
3 463 747 744
3 750 467 749
3 467 746 749
3 467 465 746
3 751 750 749
3 748 747 468
3 469 748 468
3 752 748 469
3 468 747 466
3 753 470 750
3 750 470 467
3 750 751 754
3 750 754 753
3 471 756 755
3 752 471 755
3 469 471 752
3 758 757 756
3 756 757 755
3 760 759 758
3 758 759 757
3 473 474 760
3 474 759 760
3 474 761 759
3 762 474 475
3 762 761 474
3 764 763 477
3 763 475 477
3 763 762 475
3 764 765 763
3 753 478 470
3 480 478 753
3 754 480 753
3 766 480 754
3 481 756 471
3 756 481 483
3 756 483 758
3 758 483 485
3 758 485 760
3 760 485 473
3 487 764 477
3 768 767 489
3 489 767 487
3 767 765 487
3 765 764 487
3 768 769 767
3 771 490 770
3 490 766 770
3 490 480 766
3 772 771 770
3 491 768 489
3 491 493 768
3 493 769 768
3 493 773 769
3 771 494 490
3 496 494 771
3 772 496 771
3 774 496 772
3 499 773 493
3 499 775 773
3 774 776 496
3 496 776 501
3 502 501 776
3 502 776 777
3 779 778 505
3 779 505 504
3 499 505 775
3 775 505 778
3 781 506 780
3 506 777 780
3 506 502 777
3 782 781 780
3 784 783 509
3 784 509 508
3 504 509 779
3 779 509 783
3 781 510 506
3 782 785 781
3 785 510 781
3 785 512 510
3 513 512 785
3 513 785 786
3 515 787 516
3 516 787 788
3 789 516 788
3 517 516 789
3 508 517 784
3 784 517 789
3 791 518 790
3 518 786 790
3 518 513 786
3 792 519 520
3 793 791 790
3 519 792 794
3 795 519 794
3 521 519 795
3 515 521 787
3 521 796 787
3 521 795 796
3 787 796 788
3 791 522 518
3 791 793 522
3 793 797 522
3 792 520 522
3 792 522 797
3 792 797 794
3 799 798 524
3 524 798 523
3 800 524 525
3 800 799 524
3 525 526 800
3 800 526 801
3 803 802 529
3 529 802 528
3 529 523 798
3 529 798 803
3 530 801 526
3 530 804 801
3 806 805 533
3 533 805 532
3 534 535 807
3 808 807 535
3 802 533 528
3 533 802 806
3 534 809 536
3 807 809 534
3 536 810 537
3 809 810 536
3 530 537 804
3 804 537 810
3 813 812 811
3 538 815 814
3 815 538 811
3 532 811 538
3 811 532 813
3 805 813 532
3 535 538 808
3 808 538 814
3 812 816 811
3 811 816 815
3 819 818 817
3 821 820 817
3 817 820 819
3 821 822 820
3 825 824 823
3 825 823 818
3 823 817 818
3 823 826 817
3 817 827 821
3 817 826 827
3 822 821 828
3 828 821 827
3 823 824 541
3 824 540 541
3 824 829 540
3 823 541 542
3 823 542 826
3 826 542 544
3 830 826 544
3 827 826 830
3 828 827 831
3 831 827 830
3 834 833 832
3 829 834 832
3 546 829 832
3 540 829 546
3 548 830 544
3 548 550 830
3 550 831 830
3 550 835 831
3 832 833 553
3 833 552 553
3 833 836 552
3 832 553 546
3 837 835 550
3 837 550 557
3 557 559 837
3 837 559 838
3 836 560 552
3 839 560 836
3 564 840 565
3 840 841 565
3 841 559 565
3 841 838 559
3 839 566 560
3 842 566 839
3 569 843 840
3 569 840 564
3 841 840 844
3 844 840 843
3 847 846 845
3 845 848 847
3 851 850 849
3 842 851 849
3 571 842 849
3 566 842 571
3 573 852 574
3 843 569 574
3 852 843 574
3 853 843 852
3 844 843 854
3 854 843 853
3 845 846 855
3 855 846 856
3 848 845 857
3 857 845 855
3 849 850 858
3 858 850 859
3 858 576 571
3 858 571 849
3 578 860 852
3 578 852 573
3 862 853 861
3 853 860 861
3 853 852 860
3 853 862 854
3 865 864 863
3 867 866 863
3 866 855 863
3 856 865 863
3 856 863 855
3 855 866 857
3 858 859 868
3 868 859 869
3 868 580 576
3 868 576 858
3 583 870 860
3 583 860 578
3 861 860 871
3 871 860 870
3 863 864 872
3 872 864 873
3 867 863 874
3 874 863 872
3 868 869 586
3 869 585 586
3 869 875 585
3 868 586 580
3 590 876 870
3 590 870 583
3 871 870 877
3 877 870 876
3 873 878 872
3 872 878 874
3 875 592 585
3 879 592 875
3 596 880 876
3 596 876 590
3 877 876 881
3 881 876 880
3 879 598 592
3 882 598 879
3 602 883 880
3 602 880 596
3 881 880 884
3 884 880 883
3 882 604 598
3 885 604 882
3 608 886 883
3 608 883 602
3 884 883 887
3 887 883 886
3 885 610 604
3 888 610 885
3 613 889 614
3 886 608 614
3 889 886 614
3 890 886 889
3 887 886 891
3 891 886 890
3 888 616 610
3 892 616 888
3 619 893 889
3 619 889 613
3 889 894 890
3 889 893 894
3 891 890 895
3 895 890 894
3 898 897 896
3 892 898 896
3 621 892 896
3 616 892 621
3 624 899 893
3 624 893 619
3 893 900 894
3 893 899 900
3 895 894 901
3 901 894 900
3 896 897 627
3 897 626 627
3 897 902 626
3 896 627 621
3 631 899 624
3 899 631 633
3 903 899 633
3 900 899 903
3 901 900 904
3 904 900 903
3 902 635 626
3 905 635 902
3 638 906 903
3 638 903 633
3 904 903 907
3 907 903 906
3 905 639 635
3 908 639 905
3 642 909 906
3 642 906 638
3 907 906 910
3 906 911 910
3 906 909 911
3 911 912 910
3 908 643 639
3 913 643 908
3 646 914 909
3 646 909 642
3 909 915 911
3 909 914 915
3 912 911 916
3 916 911 915
3 917 647 648
3 918 917 648
3 643 918 648
3 913 918 643
3 651 919 914
3 651 914 646
3 921 915 920
3 915 919 920
3 915 914 919
3 915 921 916
3 923 922 917
3 922 647 917
3 922 652 647
3 923 917 918
3 655 924 919
3 655 919 651
3 920 919 925
3 925 919 924
3 922 656 652
3 926 656 922
3 928 927 924
3 655 928 924
3 659 928 655
3 924 927 925
3 926 660 656
3 929 660 926
3 662 930 663
3 930 931 663
3 931 659 663
3 931 928 659
3 929 664 660
3 932 664 929
3 666 933 930
3 666 930 662
3 931 930 934
3 934 930 933
3 932 667 664
3 935 667 932
3 669 936 933
3 669 933 666
3 934 933 937
3 937 933 936
3 935 670 667
3 938 670 935
3 672 939 936
3 672 936 669
3 937 936 940
3 940 936 939
3 938 673 670
3 941 673 938
3 675 942 939
3 675 939 672
3 940 939 943
3 943 939 942
3 941 676 673
3 944 676 941
3 678 945 942
3 678 942 675
3 943 942 946
3 946 942 945
3 944 679 676
3 947 679 944
3 680 945 678
3 949 948 682
3 682 948 680
3 948 946 680
3 946 945 680
3 949 950 948
3 952 683 951
3 683 947 951
3 683 679 947
3 953 952 951
3 685 954 949
3 685 949 682
3 950 949 955
3 955 949 954
3 958 957 956
3 956 959 958
3 960 686 952
3 952 686 683
3 952 953 961
3 952 961 960
3 688 962 954
3 688 954 685
3 955 954 963
3 954 964 963
3 954 962 964
3 963 964 957
3 964 956 957
3 964 965 956
3 959 956 966
3 956 967 966
3 956 965 967
3 967 968 966
3 969 689 960
3 960 689 686
3 960 961 970
3 960 970 969
3 691 971 962
3 691 962 688
3 962 972 964
3 962 971 972
3 964 973 965
3 964 972 973
3 965 974 967
3 965 973 974
3 968 967 975
3 975 967 974
3 976 692 969
3 969 692 689
3 969 970 977
3 969 977 976
3 694 971 691
3 971 694 696
3 978 971 696
3 972 971 978
3 972 979 973
3 972 978 979
3 981 974 980
3 974 979 980
3 974 973 979
3 974 981 975
3 976 697 692
3 699 697 976
3 977 699 976
3 982 699 977
3 701 978 696
3 978 701 703
3 978 703 979
3 703 705 979
3 705 980 979
3 705 983 980
3 982 706 699
3 984 706 982
3 705 710 985
3 986 705 985
3 983 705 986
3 712 985 710
3 984 713 706
3 987 713 984
3 990 989 988
3 988 989 986
3 985 988 986
3 991 988 985
3 718 991 712
3 712 991 985
3 993 719 992
3 719 987 992
3 719 713 987
3 994 993 992
3 997 996 995
3 999 998 995
3 999 995 996
3 998 999 990
3 988 998 990
3 1000 998 988
3 722 1000 723
3 1000 991 723
3 1000 988 991
3 723 991 718
3 1001 724 993
3 993 724 719
3 993 994 1002
3 993 1002 1001
3 997 995 1003
3 997 1003 1004
3 1005 995 998
3 1003 995 1005
3 1006 998 1000
3 1005 998 1006
3 725 1006 722
3 722 1006 1000
3 1001 727 724
3 729 727 1001
3 1002 729 1001
3 1007 729 1002
3 1004 1003 1008
3 1004 1008 1009
3 1010 1003 1005
3 1008 1003 1010
3 732 1010 731
3 1010 1006 731
3 1010 1005 1006
3 731 1006 725
3 1007 734 729
3 1011 734 1007
3 1012 1009 1008
3 1014 1013 1012
3 1008 1014 1012
3 1010 1014 1008
3 736 1014 732
3 732 1014 1010
3 1011 738 734
3 1015 738 1011
3 1013 1014 740
3 741 1013 740
3 1016 1013 741
3 740 1014 736
3 1018 743 1017
3 743 1015 1017
3 743 738 1015
3 1019 1018 1017
3 745 1016 741
3 745 1020 1016
3 1021 746 1018
3 1018 746 743
3 1018 1019 1022
3 1018 1022 1021
3 748 1024 1023
3 1020 748 1023
3 745 748 1020
3 1024 1025 1023
3 1021 749 746
3 751 749 1021
3 1022 751 1021
3 1026 751 1022
3 752 1027 1024
3 752 1024 748
3 1025 1024 1028
3 1024 1029 1028
3 1024 1027 1029
3 1031 1030 1029
3 1029 1030 1028
3 1033 1032 1031
3 1031 1032 1030
3 1035 1034 1033
3 1033 1034 1032
3 1035 1036 1034
3 1026 754 751
3 1037 754 1026
3 755 1027 752
3 1027 755 757
3 1027 757 1029
3 1029 757 759
3 1029 759 1031
3 1031 759 761
3 1031 761 1033
3 1033 761 762
3 1033 762 1035
3 1038 1036 1035
3 762 1038 1035
3 763 1038 762
3 763 765 1038
3 1038 765 1039
3 1041 766 1040
3 766 1037 1040
3 766 754 1037
3 1042 1041 1040
3 1043 1039 765
3 1043 765 767
3 767 769 1043
3 1043 769 1044
3 1041 770 766
3 772 770 1041
3 1042 772 1041
3 1045 772 1042
3 773 1044 769
3 773 1046 1044
3 1048 774 1047
3 774 1045 1047
3 774 772 1045
3 1049 1048 1047
3 775 1051 1050
3 1046 775 1050
3 773 775 1046
3 1051 1052 1050
3 1048 776 774
3 1054 1053 777
3 1054 777 776
3 1049 1054 776
3 1048 1049 776
3 1055 1053 1054
3 779 1056 778
3 1056 1057 778
3 778 1057 775
3 1057 1058 775
3 1058 1051 775
3 1051 1058 1052
3 1053 780 777
3 1060 1059 782
3 1060 782 780
3 1055 1060 780
3 1053 1055 780
3 1061 1059 1060
3 784 1062 783
3 1062 1063 783
3 783 1063 779
3 1063 1064 779
3 1064 1056 779
3 1056 1064 1057
3 1059 785 782
3 786 785 1059
3 1061 786 1059
3 1065 786 1061
3 788 1066 789
3 1066 1067 789
3 789 1067 784
3 1067 1068 784
3 1068 1062 784
3 1062 1068 1063
3 1065 1069 786
3 786 1069 790
3 793 790 1069
3 793 1069 1070
3 794 1071 795
3 795 1071 1072
3 1073 795 1072
3 796 795 1073
3 788 796 1066
3 796 1074 1066
3 796 1073 1074
3 1066 1074 1067
3 1070 1075 793
3 793 1075 797
3 797 1075 794
3 1075 1076 794
3 1076 1071 794
3 1076 1075 1077
3 1072 1071 1078
3 1078 1071 1076
3 1077 1079 1076
3 1076 1079 1078
3 1082 1081 1080
3 1080 1083 1082
3 1084 798 799
3 1081 1085 1080
3 1085 799 1080
3 799 800 1080
3 799 1085 1084
3 800 801 1080
3 801 1083 1080
3 801 1086 1083
3 1088 1087 803
3 803 1087 802
3 803 798 1084
3 1089 803 1084
3 1088 803 1089
3 1089 1084 1085
3 804 1086 801
3 804 1090 1086
3 1092 1091 806
3 806 1091 805
3 807 808 1093
3 1094 1093 808
3 1087 806 802
3 806 1087 1092
3 807 1095 809
3 1093 1095 807
3 809 1096 810
3 1095 1096 809
3 804 810 1090
3 1090 810 1096
3 1098 1097 813
3 813 1097 812
3 814 815 1099
3 1100 1099 815
3 1091 813 805
3 813 1091 1098
3 808 814 1094
3 1094 814 1099
3 1097 1101 812
3 812 1101 816
3 815 816 1100
3 1100 816 1101
3 1104 1103 1102
3 1102 1105 1104
3 1108 1107 1106
3 1106 1109 1108
3 1112 1111 1110
3 1112 1110 1103
3 1110 1102 1103
3 1110 1113 1102
3 1105 1102 1114
3 1102 1115 1114
3 1102 1113 1115
3 1115 1116 1114
3 1107 1117 1106
3 1106 1117 1109
3 1120 1119 1118
3 1120 1118 1111
3 1111 1118 1110
3 1118 818 1110
3 818 819 1110
3 1110 819 820
3 1110 820 1113
3 1113 820 822
3 1121 1113 822
3 1115 1113 1121
3 1116 1115 1122
3 1115 1123 1122
3 1115 1121 1123
3 1123 1124 1122
3 1127 1126 1125
3 1125 1128 1127
3 1118 1119 825
3 1119 824 825
3 1119 1129 824
3 1118 825 818
3 828 1130 1121
3 828 1121 822
3 1132 1123 1131
3 1123 1130 1131
3 1123 1121 1130
3 1123 1132 1124
3 1126 1133 1125
3 1133 1134 1125
3 1134 1135 1125
3 1136 1128 1125
3 1136 1125 1135
3 1135 1137 1136
3 1140 1139 1138
3 1129 1140 1138
3 829 1129 1138
3 824 1129 829
3 831 1141 1130
3 831 1130 828
3 1131 1130 1142
3 1142 1130 1141
3 1145 1144 1143
3 1147 1146 1143
3 1143 1146 1145
3 1146 1147 1134
3 1147 1135 1134
3 1147 1148 1135
3 1137 1135 1149
3 1149 1135 1148
3 1138 1139 834
3 1139 833 834
3 1139 1150 833
3 1138 834 829
3 835 1151 1141
3 835 1141 831
3 1142 1141 1152
3 1152 1141 1151
3 1144 1153 1143
3 1155 1154 1153
3 1154 1143 1153
3 1154 1147 1143
3 1147 1156 1148
3 1147 1154 1156
3 1149 1148 1157
3 1148 1158 1157
3 1148 1156 1158
3 1158 1159 1157
3 1150 836 833
3 1160 836 1150
3 837 1151 835
3 1162 1161 838
3 838 1161 837
3 1161 1152 837
3 1152 1151 837
3 1162 1163 1161
3 1155 1164 1154
3 1166 1165 1164
3 1165 1154 1164
3 1165 1156 1154
3 1156 1167 1158
3 1156 1165 1167
3 1159 1158 1168
3 1168 1158 1167
3 1171 1170 1169
3 1160 1171 1169
3 839 1160 1169
3 836 1160 839
3 841 1172 1162
3 841 1162 838
3 1163 1162 1173
3 1162 1174 1173
3 1162 1172 1174
3 1174 1175 1173
3 1165 1166 1176
3 1176 1166 1177
3 1165 1178 1167
3 1165 1176 1178
3 1168 1167 1179
3 1167 1180 1179
3 1167 1178 1180
3 1180 1181 1179
3 1169 1170 1182
3 1182 1170 1183
3 1182 842 839
3 1182 839 1169
3 844 1184 1172
3 844 1172 841
3 1172 1185 1174
3 1172 1184 1185
3 1175 1174 1186
3 1174 1187 1186
3 1174 1185 1187
3 1187 1188 1186
3 1176 1177 1189
3 1189 1177 1190
3 1176 1191 1178
3 1176 1189 1191
3 1191 846 847
3 1180 1191 847
3 1178 1191 1180
3 847 848 1180
3 848 1181 1180
3 848 1192 1181
3 1182 1183 851
3 1183 850 851
3 1183 1193 850
3 1182 851 842
3 854 1194 1184
3 854 1184 844
3 1184 1195 1185
3 1184 1194 1195
3 1185 1196 1187
3 1185 1195 1196
3 1188 1187 1197
3 1197 1187 1196
3 1189 1190 1198
3 1198 1190 1199
3 1189 1200 1191
3 1189 1198 1200
3 1200 856 846
3 1200 846 1191
3 857 1192 848
3 857 1201 1192
3 1193 859 850
3 1202 859 1193
3 861 1203 862
3 1194 854 862
3 1203 1194 862
3 1204 1194 1203
3 1194 1205 1195
3 1194 1204 1205
3 1207 1196 1206
3 1196 1205 1206
3 1196 1195 1205
3 1196 1207 1197
3 1198 1199 1208
3 1208 1199 1209
3 1208 864 865
3 1200 1208 865
3 1198 1208 1200
3 856 1200 865
3 866 867 1210
3 1210 1211 866
3 1211 857 866
3 1211 1201 857
3 1202 869 859
3 1212 869 1202
3 871 1213 1203
3 871 1203 861
3 1203 1214 1204
3 1203 1213 1214
3 1204 1215 1205
3 1204 1214 1215
3 1206 1205 1216
3 1216 1205 1215
3 1219 1218 1217
3 1219 1217 1209
3 1217 1208 1209
3 1217 1220 1208
3 1220 873 864
3 1220 864 1208
3 1222 1221 1210
3 867 1222 1210
3 874 1222 867
3 1210 1221 1211
3 1212 875 869
3 1223 875 1212
3 877 1224 1213
3 877 1213 871
3 1213 1225 1214
3 1213 1224 1225
3 1227 1215 1226
3 1215 1225 1226
3 1215 1214 1225
3 1215 1227 1216
3 1230 1229 1228
3 1230 1228 1218
3 1228 1217 1218
3 1228 1231 1217
3 1217 1232 1220
3 1217 1231 1232
3 1233 878 873
3 1220 1233 873
3 1232 1233 1220
3 1233 1234 878
3 1234 874 878
3 1234 1222 874
3 1223 879 875
3 1235 879 1223
3 881 1236 1224
3 881 1224 877
3 1224 1237 1225
3 1224 1236 1237
3 1226 1225 1238
3 1238 1225 1237
3 1228 1229 1239
3 1239 1229 1240
3 1228 1241 1231
3 1228 1239 1241
3 1231 1242 1232
3 1231 1241 1242
3 1244 1233 1243
3 1233 1242 1243
3 1233 1232 1242
3 1233 1244 1234
3 1235 882 879
3 1245 882 1235
3 884 1246 1236
3 884 1236 881
3 1236 1247 1237
3 1236 1246 1247
3 1238 1237 1248
3 1248 1237 1247
3 1239 1240 1249
3 1249 1240 1250
3 1239 1251 1241
3 1239 1249 1251
3 1253 1242 1252
3 1242 1251 1252
3 1242 1241 1251
3 1242 1253 1243
3 1245 885 882
3 1254 885 1245
3 887 1255 1246
3 887 1246 884
3 1246 1256 1247
3 1246 1255 1256
3 1248 1247 1257
3 1257 1247 1256
3 1260 1259 1258
3 1260 1258 1250
3 1258 1249 1250
3 1258 1261 1249
3 1249 1262 1251
3 1249 1261 1262
3 1252 1251 1263
3 1263 1251 1262
3 1254 888 885
3 1264 888 1254
3 891 1265 1255
3 891 1255 887
3 1267 1256 1266
3 1256 1265 1266
3 1256 1255 1265
3 1256 1267 1257
3 1258 1259 1268
3 1268 1259 1269
3 1258 1270 1261
3 1258 1268 1270
3 1272 1262 1271
3 1262 1270 1271
3 1262 1261 1270
3 1262 1272 1263
3 1264 892 888
3 1273 892 1264
3 895 1274 1265
3 895 1265 891
3 1266 1265 1275
3 1275 1265 1274
3 1268 1269 1276
3 1276 1269 1277
3 1268 1278 1270
3 1268 1276 1278
3 1271 1270 1279
3 1279 1270 1278
3 1281 1280 898
3 898 1280 897
3 898 892 1273
3 898 1273 1281
3 901 1282 1274
3 901 1274 895
3 1275 1274 1283
3 1283 1274 1282
3 1276 1277 1284
3 1284 1277 1285
3 1276 1286 1278
3 1276 1284 1286
3 1279 1278 1287
3 1287 1278 1286
3 1280 902 897
3 1288 902 1280
3 904 1289 1282
3 904 1282 901
3 1283 1282 1290
3 1290 1282 1289
3 1293 1292 1291
3 1293 1291 1285
3 1291 1284 1285
3 1291 1294 1284
3 1284 1295 1286
3 1284 1294 1295
3 1287 1286 1296
3 1296 1286 1295
3 1288 905 902
3 1297 905 1288
3 907 1298 1289
3 907 1289 904
3 1290 1289 1299
3 1299 1289 1298
3 1291 1292 1300
3 1300 1292 1301
3 1291 1302 1294
3 1291 1300 1302
3 1304 1295 1303
3 1295 1302 1303
3 1295 1294 1302
3 1295 1304 1296
3 1297 908 905
3 1305 908 1297
3 910 1298 907
3 910 912 1298
3 912 1299 1298
3 912 1306 1299
3 1300 1301 1307
3 1307 1301 1308
3 1300 1309 1302
3 1300 1307 1309
3 1303 1302 1310
3 1310 1302 1309
3 1305 913 908
3 1311 913 1305
3 916 1313 1312
3 1306 916 1312
3 912 916 1306
3 1312 1313 1308
3 1313 1307 1308
3 1313 1314 1307
3 1307 1315 1309
3 1307 1314 1315
3 1310 1309 1316
3 1316 1309 1315
3 1311 918 913
3 1317 918 1311
3 920 1318 921
3 1313 916 921
3 1318 1313 921
3 1319 1313 1318
3 1313 1320 1314
3 1313 1319 1320
3 1314 1321 1315
3 1314 1320 1321
3 1316 1315 1322
3 1322 1315 1321
3 1324 1323 923
3 923 1323 922
3 923 918 1317
3 923 1317 1324
3 925 1325 1318
3 925 1318 920
3 1318 1326 1319
3 1318 1325 1326
3 1319 1327 1320
3 1319 1326 1327
3 1320 1328 1321
3 1320 1327 1328
3 1322 1321 1329
3 1329 1321 1328
3 1323 926 922
3 1330 926 1323
3 928 1331 927
3 1325 925 927
3 1331 1325 927
3 1332 1325 1331
3 1325 1333 1326
3 1325 1332 1333
3 1326 1334 1327
3 1326 1333 1334
3 1327 1335 1328
3 1327 1334 1335
3 1329 1328 1336
3 1336 1328 1335
3 1330 929 926
3 1337 929 1330
3 931 1338 1331
3 931 1331 928
3 1331 1339 1332
3 1331 1338 1339
3 1332 1340 1333
3 1332 1339 1340
3 1333 1341 1334
3 1333 1340 1341
3 1334 1342 1335
3 1334 1341 1342
3 1336 1335 1343
3 1343 1335 1342
3 1337 932 929
3 1344 932 1337
3 934 1345 1338
3 934 1338 931
3 1338 1346 1339
3 1338 1345 1346
3 1339 1347 1340
3 1339 1346 1347
3 1340 1348 1341
3 1340 1347 1348
3 1350 1342 1349
3 1342 1348 1349
3 1342 1341 1348
3 1342 1350 1343
3 1344 935 932
3 1351 935 1344
3 1354 1353 1352
3 1355 1352 1353
3 937 1356 1345
3 937 1345 934
3 1345 1357 1346
3 1345 1356 1357
3 1346 1358 1347
3 1346 1357 1358
3 1347 1359 1348
3 1347 1358 1359
3 1349 1348 1360
3 1360 1348 1359
3 1362 938 1361
3 938 1351 1361
3 938 935 1351
3 1363 1362 1361
3 1354 1352 1364
3 1354 1364 1365
3 1352 1355 1366
3 1352 1366 1364
3 940 1367 1356
3 940 1356 937
3 1356 1368 1357
3 1356 1367 1368
3 1357 1369 1358
3 1357 1368 1369
3 1358 1370 1359
3 1358 1369 1370
3 1360 1359 1371
3 1371 1359 1370
3 1372 941 1362
3 1362 941 938
3 1362 1363 1373
3 1362 1373 1372
3 1365 1364 1374
3 1365 1374 1375
3 1364 1366 1376
3 1364 1376 1374
3 943 1377 1367
3 943 1367 940
3 1367 1378 1368
3 1367 1377 1378
3 1368 1379 1369
3 1368 1378 1379
3 1369 1380 1370
3 1369 1379 1380
3 1371 1370 1381
3 1381 1370 1380
3 1382 944 1372
3 1372 944 941
3 1372 1373 1383
3 1372 1383 1382
3 1375 1374 1384
3 1375 1384 1385
3 1374 1376 1386
3 1374 1386 1384
3 946 1387 1377
3 946 1377 943
3 1377 1388 1378
3 1377 1387 1388
3 1378 1389 1379
3 1378 1388 1389
3 1379 1390 1380
3 1379 1389 1390
3 1381 1380 1391
3 1391 1380 1390
3 1392 947 1382
3 1382 947 944
3 1382 1383 1393
3 1382 1393 1392
3 1385 1384 1394
3 1385 1394 1395
3 1384 1386 1396
3 1384 1396 1394
3 948 1387 946
3 1387 948 950
3 1397 1387 950
3 1388 1387 1397
3 1388 1398 1389
3 1388 1397 1398
3 1389 1399 1390
3 1389 1398 1399
3 1391 1390 1400
3 1400 1390 1399
3 1392 951 947
3 953 951 1392
3 1393 953 1392
3 1401 953 1393
3 1395 1394 1402
3 1395 1402 1403
3 1394 1396 1404
3 1394 1404 1402
3 955 1405 1397
3 955 1397 950
3 1405 957 958
3 1398 1405 958
3 1397 1405 1398
3 1398 958 959
3 1406 1398 959
3 1399 1398 1406
3 1400 1399 1407
3 1407 1399 1406
3 1401 961 953
3 1408 961 1401
3 1403 1402 1409
3 1403 1409 1410
3 1402 1404 1411
3 1412 1402 1411
3 1409 1402 1412
3 1413 1412 1411
3 963 1405 955
3 1405 963 957
3 1406 959 966
3 1416 1415 1414
3 1415 1416 968
3 1416 1407 968
3 1406 966 968
3 1406 968 1407
3 1408 970 961
3 1417 970 1408
3 1410 1409 1418
3 1410 1418 1419
3 1420 1409 1412
3 1418 1409 1420
3 1412 1413 1421
3 1412 1421 1420
3 1424 1423 1422
3 1422 1423 1414
3 1415 1422 1414
3 1425 1422 1415
3 975 1425 968
3 968 1425 1415
3 1417 977 970
3 1426 977 1417
3 1427 1419 1418
3 1429 1428 1427
3 1418 1429 1427
3 1420 1429 1418
3 1420 1421 1430
3 1431 1420 1430
3 1429 1420 1431
3 1433 1432 1431
3 1433 1431 1430
3 1432 1433 1424
3 1422 1432 1424
3 1434 1432 1422
3 980 1434 981
3 1434 1425 981
3 1434 1422 1425
3 981 1425 975
3 1436 982 1435
3 982 1426 1435
3 982 977 1426
3 1437 1436 1435
3 1428 1429 1438
3 1428 1438 1439
3 1440 1429 1431
3 1438 1429 1440
3 1441 1431 1432
3 1440 1431 1441
3 1442 1432 1434
3 1441 1432 1442
3 983 1442 980
3 980 1442 1434
3 1443 984 1436
3 1436 984 982
3 1436 1437 1444
3 1436 1444 1443
3 1439 1438 1445
3 1439 1445 1446
3 1447 1438 1440
3 1445 1438 1447
3 1448 1440 1441
3 1447 1440 1448
3 1449 1441 1442
3 1448 1441 1449
3 986 1449 983
3 983 1449 1442
3 1450 987 1443
3 1443 987 984
3 1443 1444 1451
3 1443 1451 1450
3 1452 1446 1445
3 1454 1453 1452
3 1445 1454 1452
3 1447 1454 1445
3 1455 1447 1448
3 1454 1447 1455
3 990 1455 989
3 1455 1449 989
3 1455 1448 1449
3 989 1449 986
3 1450 992 987
3 994 992 1450
3 1451 994 1450
3 1456 994 1451
3 1453 1454 996
3 997 1453 996
3 1457 1453 997
3 996 1454 999
3 999 1454 1455
3 999 1455 990
3 1459 1002 1458
3 1002 1456 1458
3 1002 994 1456
3 1460 1459 1458
3 1004 1462 1461
3 1457 1004 1461
3 997 1004 1457
3 1462 1463 1461
3 1464 1007 1459
3 1459 1007 1002
3 1459 1460 1465
3 1459 1465 1464
3 1009 1466 1462
3 1009 1462 1004
3 1463 1462 1467
3 1462 1468 1467
3 1462 1466 1468
3 1468 1469 1467
3 1470 1011 1464
3 1464 1011 1007
3 1464 1465 1471
3 1464 1471 1470
3 1012 1466 1009
3 1466 1012 1013
3 1472 1466 1013
3 1468 1466 1472
3 1469 1468 1473
3 1468 1474 1473
3 1468 1472 1474
3 1474 1475 1473
3 1476 1015 1470
3 1470 1015 1011
3 1470 1471 1477
3 1470 1477 1476
3 1016 1478 1472
3 1016 1472 1013
3 1472 1479 1474
3 1472 1478 1479
3 1475 1474 1480
3 1480 1474 1479
3 1476 1017 1015
3 1019 1017 1476
3 1477 1019 1476
3 1481 1019 1477
3 1020 1482 1478
3 1020 1478 1016
3 1478 1483 1479
3 1478 1482 1483
3 1480 1479 1484
3 1479 1485 1484
3 1479 1483 1485
3 1485 1486 1484
3 1488 1022 1487
3 1022 1481 1487
3 1022 1019 1481
3 1489 1488 1487
3 1023 1482 1020
3 1482 1023 1025
3 1490 1482 1025
3 1483 1482 1490
3 1483 1491 1485
3 1483 1490 1491
3 1486 1485 1492
3 1485 1493 1492
3 1485 1491 1493
3 1495 1494 1493
3 1493 1494 1492
3 1495 1496 1494
3 1497 1026 1488
3 1488 1026 1022
3 1488 1489 1498
3 1488 1498 1497
3 1028 1490 1025
3 1490 1028 1030
3 1490 1030 1491
3 1491 1030 1032
3 1491 1032 1493
3 1493 1032 1034
3 1493 1034 1495
3 1500 1499 1036
3 1036 1499 1034
3 1499 1496 1034
3 1496 1495 1034
3 1500 1501 1499
3 1502 1037 1497
3 1497 1037 1026
3 1497 1498 1503
3 1497 1503 1502
3 1038 1500 1036
3 1505 1504 1039
3 1039 1504 1038
3 1504 1501 1038
3 1501 1500 1038
3 1505 1506 1504
3 1502 1040 1037
3 1508 1507 1042
3 1508 1042 1040
3 1503 1508 1040
3 1502 1503 1040
3 1509 1507 1508
3 1043 1505 1039
3 1043 1044 1505
3 1044 1506 1505
3 1044 1510 1506
3 1511 1045 1507
3 1507 1045 1042
3 1507 1509 1512
3 1507 1512 1511
3 1515 1514 1513
3 1514 1510 1513
3 1510 1046 1513
3 1510 1044 1046
3 1511 1047 1045
3 1049 1047 1511
3 1512 1049 1511
3 1516 1049 1512
3 1515 1513 1517
3 1515 1517 1518
3 1050 1519 1046
3 1519 1513 1046
3 1519 1517 1513
3 1052 1519 1050
3 1516 1520 1049
3 1049 1520 1054
3 1055 1054 1520
3 1055 1520 1521
3 1518 1517 1522
3 1518 1522 1523
3 1524 1058 1057
3 1526 1525 1519
3 1522 1519 1525
3 1519 1522 1517
3 1526 1519 1527
3 1519 1052 1527
3 1058 1524 1527
3 1058 1527 1052
3 1521 1528 1055
3 1055 1528 1060
3 1061 1060 1528
3 1061 1528 1529
3 1064 1063 1530
3 1522 1531 1523
3 1522 1064 1530
3 1064 1522 1057
3 1524 1057 1522
3 1525 1524 1522
3 1524 1525 1532
3 1531 1532 1525
3 1532 1531 1533
3 1530 1533 1531
3 1522 1530 1531
3 1524 1532 1527
3 1535 1065 1534
3 1065 1529 1534
3 1065 1061 1529
3 1536 1535 1534
3 1067 1537 1068
3 1537 1538 1068
3 1068 1538 1063
3 1538 1539 1063
3 1539 1530 1063
3 1530 1539 1533
3 1535 1069 1065
3 1070 1069 1535
3 1536 1070 1535
3 1540 1070 1536
3 1072 1541 1073
3 1073 1541 1542
3 1543 1073 1542
3 1074 1073 1543
3 1067 1074 1537
3 1074 1544 1537
3 1074 1543 1544
3 1537 1544 1538
3 1540 1545 1070
3 1070 1545 1075
3 1077 1075 1545
3 1077 1545 1546
3 1548 1547 1541
3 1072 1548 1541
3 1078 1548 1072
3 1541 1547 1542
3 1546 1549 1077
3 1077 1549 1079
3 1078 1079 1548
3 1548 1079 1549
3 1550 1081 1082
3 1083 1550 1082
3 1552 1551 1550
3 1551 1081 1550
3 1551 1085 1081
3 1550 1083 1552
3 1083 1553 1552
3 1083 1086 1553
3 1554 1087 1088
3 1554 1088 1555
3 1088 1556 1555
3 1088 1089 1556
3 1089 1085 1551
3 1089 1551 1556
3 1090 1553 1086
3 1090 1557 1553
3 1558 1091 1092
3 1092 1087 1558
3 1087 1554 1558
3 1093 1094 1558
3 1093 1558 1554
3 1555 1559 1554
3 1559 1093 1554
3 1559 1095 1093
3 1095 1560 1096
3 1559 1560 1095
3 1090 1096 1557
3 1557 1096 1560
3 1562 1561 1098
3 1098 1561 1097
3 1098 1091 1562
3 1558 1562 1091
3 1562 1558 1563
3 1099 1563 1558
3 1563 1099 1100
3 1099 1558 1094
3 1561 1564 1097
3 1097 1564 1101
3 1100 1101 1563
3 1563 1101 1564
3 1567 1566 1565
3 1565 1568 1567
3 1570 1569 1104
3 1104 1569 1103
3 1571 1565 1105
3 1565 1570 1105
3 1570 1104 1105
3 1565 1566 1570
3 1568 1565 1572
3 1565 1573 1572
3 1565 1571 1573
3 1575 1574 1573
3 1573 1574 1572
3 1577 1576 1575
3 1575 1576 1574
3 1577 1578 1576
3 1579 1107 1108
3 1109 1579 1108
3 1582 1581 1580
3 1111 1112 1580
3 1112 1582 1580
3 1112 1583 1582
3 1112 1103 1569
3 1112 1569 1583
3 1114 1571 1105
3 1571 1114 1116
3 1584 1571 1116
3 1573 1571 1584
3 1573 1585 1575
3 1573 1584 1585
3 1575 1586 1577
3 1575 1585 1586
3 1578 1577 1587
3 1577 1588 1587
3 1577 1586 1588
3 1588 1589 1587
3 1579 1117 1107
3 1117 1579 1109
3 1580 1581 1120
3 1581 1119 1120
3 1581 1590 1119
3 1580 1120 1111
3 1122 1584 1116
3 1584 1122 1124
3 1591 1584 1124
3 1585 1584 1591
3 1585 1592 1586
3 1585 1591 1592
3 1586 1593 1588
3 1586 1592 1593
3 1127 1594 1126
3 1594 1588 1126
3 1588 1593 1126
3 1588 1594 1589
3 1127 1128 1594
3 1594 1128 1595
3 1598 1597 1596
3 1590 1598 1596
3 1129 1590 1596
3 1119 1590 1129
3 1131 1599 1132
3 1599 1600 1132
3 1132 1600 1124
3 1600 1601 1124
3 1601 1591 1124
3 1603 1602 1601
3 1602 1591 1601
3 1602 1592 1591
3 1592 1604 1593
3 1592 1602 1604
3 1605 1133 1126
3 1593 1605 1126
3 1604 1605 1593
3 1607 1606 1136
3 1607 1134 1606
3 1134 1607 1605
3 1595 1605 1607
3 1605 1595 1133
3 1606 1133 1595
3 1595 1128 1606
3 1606 1128 1136
3 1134 1133 1606
3 1136 1137 1607
3 1607 1137 1608
3 1596 1597 1140
3 1597 1139 1140
3 1597 1609 1139
3 1596 1140 1129
3 1142 1610 1599
3 1142 1599 1131
3 1600 1599 1611
3 1611 1599 1610
3 1603 1612 1602
3 1613 1144 1145
3 1602 1613 1145
3 1604 1602 1145
3 1612 1613 1602
3 1604 1145 1146
3 1604 1146 1605
3 1605 1146 1134
3 1149 1615 1614
3 1608 1149 1614
3 1137 1149 1608
3 1615 1616 1614
3 1609 1150 1139
3 1617 1150 1609
3 1152 1618 1610
3 1152 1610 1142
3 1611 1610 1619
3 1610 1620 1619
3 1610 1618 1620
3 1620 1621 1619
3 1153 1144 1622
3 1144 1623 1622
3 1144 1613 1623
3 1622 1155 1153
3 1157 1615 1149
3 1157 1159 1615
3 1159 1616 1615
3 1159 1624 1616
3 1627 1626 1625
3 1625 1628 1627
3 1617 1160 1150
3 1629 1160 1617
3 1161 1618 1152
3 1618 1161 1163
3 1630 1618 1163
3 1620 1618 1630
3 1621 1620 1631
3 1620 1632 1631
3 1620 1630 1632
3 1631 1632 1623
3 1632 1622 1623
3 1632 1633 1622
3 1634 1164 1155
3 1622 1634 1155
3 1633 1634 1622
3 1634 1166 1164
3 1168 1624 1159
3 1168 1635 1624
3 1626 1636 1625
3 1625 1636 1628
3 1637 1170 1171
3 1638 1637 1171
3 1160 1638 1171
3 1629 1638 1160
3 1173 1630 1163
3 1630 1173 1175
3 1639 1630 1175
3 1632 1630 1639
3 1632 1640 1633
3 1632 1639 1640
3 1633 1641 1634
3 1633 1640 1641
3 1641 1177 1166
3 1641 1166 1634
3 1642 1635 1168
3 1642 1168 1179
3 1179 1181 1642
3 1642 1181 1643
3 1645 1644 1637
3 1644 1170 1637
3 1644 1183 1170
3 1645 1637 1638
3 1648 1647 1646
3 1649 1646 1647
3 1186 1639 1175
3 1639 1186 1188
3 1650 1639 1188
3 1640 1639 1650
3 1640 1651 1641
3 1640 1650 1651
3 1651 1190 1177
3 1651 1177 1641
3 1192 1643 1181
3 1192 1652 1643
3 1644 1193 1183
3 1653 1193 1644
3 1648 1646 1654
3 1648 1654 1655
3 1646 1649 1656
3 1657 1646 1656
3 1654 1646 1657
3 1658 1657 1656
3 1197 1659 1650
3 1197 1650 1188
3 1650 1660 1651
3 1650 1659 1660
3 1660 1199 1190
3 1660 1190 1651
3 1201 1652 1192
3 1201 1661 1652
3 1653 1202 1193
3 1662 1202 1653
3 1655 1654 1663
3 1655 1663 1664
3 1657 1666 1665
3 1663 1657 1665
3 1654 1657 1663
3 1666 1657 1658
3 1206 1667 1207
3 1659 1197 1207
3 1667 1659 1207
3 1668 1659 1667
3 1670 1660 1669
3 1660 1668 1669
3 1660 1659 1668
3 1199 1660 1670
3 1671 1199 1670
3 1209 1199 1671
3 1211 1661 1201
3 1211 1672 1661
3 1662 1212 1202
3 1673 1212 1662
3 1664 1663 1674
3 1664 1674 1675
3 1663 1665 1676
3 1663 1676 1674
3 1216 1677 1667
3 1216 1667 1206
3 1679 1668 1678
3 1668 1677 1678
3 1668 1667 1677
3 1218 1679 1680
3 1679 1218 1668
3 1219 1668 1218
3 1668 1219 1669
3 1681 1669 1219
3 1219 1209 1671
3 1219 1671 1681
3 1683 1682 1221
3 1683 1221 1222
3 1211 1221 1672
3 1672 1221 1682
3 1673 1223 1212
3 1684 1223 1673
3 1675 1674 1685
3 1675 1685 1686
3 1674 1676 1687
3 1674 1687 1685
3 1226 1688 1227
3 1688 1689 1227
3 1227 1689 1216
3 1689 1690 1216
3 1690 1677 1216
3 1691 1229 1230
3 1690 1678 1677
3 1692 1691 1230
3 1218 1692 1230
3 1680 1692 1218
3 1234 1683 1222
3 1234 1693 1683
3 1684 1235 1223
3 1694 1235 1684
3 1686 1685 1695
3 1686 1695 1696
3 1685 1687 1697
3 1685 1697 1695
3 1238 1698 1688
3 1238 1688 1226
3 1689 1688 1699
3 1699 1688 1698
3 1701 1700 1691
3 1700 1229 1691
3 1700 1240 1229
3 1701 1691 1692
3 1703 1702 1244
3 1703 1244 1243
3 1234 1244 1693
3 1693 1244 1702
3 1694 1245 1235
3 1704 1245 1694
3 1707 1706 1705
3 1705 1706 1696
3 1695 1705 1696
3 1708 1705 1695
3 1695 1697 1709
3 1695 1709 1708
3 1248 1710 1698
3 1248 1698 1238
3 1699 1698 1711
3 1711 1698 1710
3 1700 1250 1240
3 1712 1250 1700
3 1714 1713 1253
3 1714 1253 1252
3 1243 1253 1703
3 1703 1253 1713
3 1704 1254 1245
3 1715 1254 1704
3 1707 1705 1716
3 1707 1716 1717
3 1718 1705 1708
3 1716 1705 1718
3 1708 1709 1719
3 1708 1719 1718
3 1257 1720 1710
3 1257 1710 1248
3 1260 1721 1259
3 1721 1710 1259
3 1710 1720 1259
3 1710 1721 1711
3 1260 1250 1712
3 1260 1712 1721
3 1263 1714 1252
3 1263 1722 1714
3 1715 1264 1254
3 1723 1264 1715
3 1717 1716 1724
3 1717 1724 1725
3 1726 1716 1718
3 1724 1716 1726
3 1718 1719 1727
3 1718 1727 1726
3 1266 1728 1267
3 1720 1257 1267
3 1728 1720 1267
3 1729 1720 1728
3 1729 1269 1259
3 1729 1259 1720
3 1271 1730 1272
3 1730 1731 1272
3 1731 1263 1272
3 1731 1722 1263
3 1723 1273 1264
3 1732 1273 1723
3 1725 1724 1733
3 1725 1733 1734
3 1735 1724 1726
3 1733 1724 1735
3 1726 1727 1736
3 1726 1736 1735
3 1275 1737 1728
3 1275 1728 1266
3 1728 1738 1729
3 1728 1737 1738
3 1738 1277 1269
3 1738 1269 1729
3 1740 1739 1730
3 1271 1740 1730
3 1279 1740 1271
3 1730 1739 1731
3 1741 1280 1281
3 1742 1741 1281
3 1273 1742 1281
3 1732 1742 1273
3 1734 1733 1743
3 1734 1743 1744
3 1745 1733 1735
3 1743 1733 1745
3 1735 1736 1746
3 1735 1746 1745
3 1283 1747 1737
3 1283 1737 1275
3 1737 1748 1738
3 1737 1747 1748
3 1748 1285 1277
3 1748 1277 1738
3 1287 1740 1279
3 1287 1749 1740
3 1750 1288 1741
3 1741 1288 1280
3 1741 1742 1751
3 1741 1751 1750
3 1744 1743 1752
3 1744 1752 1753
3 1754 1743 1745
3 1752 1743 1754
3 1745 1746 1755
3 1745 1755 1754
3 1290 1756 1747
3 1290 1747 1283
3 1756 1292 1293
3 1748 1756 1293
3 1747 1756 1748
3 1748 1293 1285
3 1296 1749 1287
3 1296 1757 1749
3 1759 1758 1750
3 1758 1288 1750
3 1758 1297 1288
3 1759 1750 1751
3 1753 1752 1760
3 1753 1760 1761
3 1762 1752 1754
3 1760 1752 1762
3 1754 1755 1763
3 1754 1763 1762
3 1299 1764 1756
3 1299 1756 1290
3 1764 1301 1292
3 1764 1292 1756
3 1766 1765 1304
3 1766 1304 1303
3 1296 1304 1757
3 1757 1304 1765
3 1758 1305 1297
3 1767 1305 1758
3 1761 1760 1768
3 1761 1768 1769
3 1770 1760 1762
3 1768 1760 1770
3 1762 1763 1771
3 1762 1771 1770
3 1306 1772 1764
3 1306 1764 1299
3 1772 1308 1301
3 1772 1301 1764
3 1310 1766 1303
3 1310 1773 1766
3 1767 1311 1305
3 1774 1311 1767
3 1769 1768 1775
3 1769 1775 1776
3 1777 1768 1770
3 1775 1768 1777
3 1770 1771 1778
3 1770 1778 1777
3 1312 1772 1306
3 1772 1312 1308
3 1316 1773 1310
3 1316 1779 1773
3 1774 1317 1311
3 1780 1317 1774
3 1776 1775 1781
3 1776 1781 1782
3 1783 1775 1777
3 1781 1775 1783
3 1777 1778 1784
3 1777 1784 1783
3 1322 1779 1316
3 1322 1785 1779
3 1786 1323 1324
3 1787 1786 1324
3 1317 1787 1324
3 1780 1787 1317
3 1782 1781 1788
3 1782 1788 1789
3 1790 1781 1783
3 1788 1781 1790
3 1783 1784 1791
3 1783 1791 1790
3 1794 1793 1792
3 1793 1785 1792
3 1785 1329 1792
3 1785 1322 1329
3 1795 1330 1786
3 1786 1330 1323
3 1786 1787 1796
3 1786 1796 1795
3 1789 1788 1797
3 1789 1797 1798
3 1799 1788 1790
3 1797 1788 1799
3 1790 1791 1800
3 1790 1800 1799
3 1794 1792 1801
3 1794 1801 1802
3 1336 1801 1329
3 1329 1801 1792
3 1803 1337 1795
3 1795 1337 1330
3 1795 1796 1804
3 1795 1804 1803
3 1798 1797 1805
3 1798 1805 1806
3 1807 1797 1799
3 1805 1797 1807
3 1799 1800 1808
3 1799 1808 1807
3 1802 1801 1809
3 1802 1809 1810
3 1343 1809 1336
3 1336 1809 1801
3 1811 1344 1803
3 1803 1344 1337
3 1803 1804 1812
3 1803 1812 1811
3 1806 1805 1813
3 1806 1813 1814
3 1815 1805 1807
3 1813 1805 1815
3 1807 1808 1816
3 1807 1816 1815
3 1810 1809 1350
3 1349 1810 1350
3 1817 1810 1349
3 1350 1809 1343
3 1818 1351 1811
3 1811 1351 1344
3 1811 1812 1819
3 1811 1819 1818
3 1814 1813 1353
3 1354 1814 1353
3 1820 1814 1354
3 1353 1813 1355
3 1813 1821 1355
3 1813 1815 1821
3 1815 1816 1822
3 1815 1822 1821
3 1360 1817 1349
3 1360 1823 1817
3 1818 1361 1351
3 1363 1361 1818
3 1819 1363 1818
3 1824 1363 1819
3 1365 1826 1825
3 1820 1365 1825
3 1354 1365 1820
3 1355 1826 1366
3 1826 1355 1825
3 1821 1825 1355
3 1825 1821 1827
3 1828 1827 1821
3 1821 1822 1829
3 1821 1829 1828
3 1371 1823 1360
3 1371 1830 1823
3 1824 1373 1363
3 1831 1373 1824
3 1375 1832 1826
3 1375 1826 1365
3 1832 1366 1826
3 1366 1832 1376
3 1827 1828 1833
3 1834 1833 1828
3 1828 1829 1835
3 1828 1835 1834
3 1838 1837 1836
3 1837 1830 1836
3 1830 1381 1836
3 1830 1371 1381
3 1831 1383 1373
3 1839 1383 1831
3 1385 1840 1832
3 1385 1832 1375
3 1840 1376 1832
3 1376 1840 1386
3 1833 1834 1841
3 1842 1841 1834
3 1834 1835 1843
3 1834 1843 1842
3 1838 1836 1844
3 1838 1844 1845
3 1391 1844 1381
3 1381 1844 1836
3 1847 1393 1846
3 1393 1839 1846
3 1393 1383 1839
3 1848 1847 1846
3 1395 1849 1840
3 1395 1840 1385
3 1386 1850 1396
3 1850 1842 1396
3 1851 1396 1842
3 1396 1851 1849
3 1841 1849 1851
3 1849 1841 1850
3 1850 1840 1849
3 1386 1840 1850
3 1850 1841 1842
3 1851 1842 1843
3 1854 1853 1852
3 1852 1853 1845
3 1844 1852 1845
3 1855 1852 1844
3 1400 1855 1391
3 1391 1855 1844
3 1856 1401 1847
3 1847 1401 1393
3 1847 1848 1857
3 1847 1857 1856
3 1403 1858 1849
3 1403 1849 1395
3 1858 1404 1396
3 1858 1396 1849
3 1861 1860 1859
3 1863 1862 1859
3 1863 1859 1860
3 1862 1863 1854
3 1852 1862 1854
3 1864 1862 1852
3 1865 1852 1855
3 1864 1852 1865
3 1407 1865 1400
3 1400 1865 1855
3 1866 1408 1856
3 1856 1408 1401
3 1856 1857 1867
3 1856 1867 1866
3 1410 1868 1858
3 1410 1858 1403
3 1858 1868 1404
3 1868 1869 1404
3 1869 1411 1404
3 1868 1870 1869
3 1859 1871 1413
3 1869 1859 1413
3 1411 1869 1413
3 1861 1859 1869
3 1872 1859 1862
3 1871 1859 1872
3 1873 1862 1864
3 1872 1862 1873
3 1414 1873 1416
3 1873 1865 1416
3 1873 1864 1865
3 1416 1865 1407
3 1874 1417 1866
3 1866 1417 1408
3 1866 1867 1875
3 1866 1875 1874
3 1419 1876 1868
3 1419 1868 1410
3 1870 1868 1877
3 1868 1878 1877
3 1868 1876 1878
3 1413 1878 1421
3 1878 1413 1877
3 1871 1877 1413
3 1877 1871 1879
3 1880 1879 1871
3 1881 1871 1872
3 1880 1871 1881
3 1424 1881 1423
3 1881 1873 1423
3 1881 1872 1873
3 1423 1873 1414
3 1882 1426 1874
3 1874 1426 1417
3 1874 1875 1883
3 1874 1883 1882
3 1427 1876 1419
3 1876 1427 1428
3 1884 1876 1428
3 1878 1876 1884
3 1879 1880 1885
3 1430 1885 1880
3 1885 1430 1884
3 1421 1884 1430
3 1884 1421 1878
3 1430 1880 1433
3 1433 1880 1881
3 1433 1881 1424
3 1882 1435 1426
3 1887 1886 1437
3 1887 1437 1435
3 1883 1887 1435
3 1882 1883 1435
3 1888 1886 1887
3 1439 1889 1884
3 1439 1884 1428
3 1885 1884 1890
3 1890 1884 1889
3 1891 1444 1886
3 1886 1444 1437
3 1886 1888 1892
3 1886 1892 1891
3 1446 1893 1889
3 1446 1889 1439
3 1890 1889 1894
3 1894 1889 1893
3 1895 1451 1891
3 1891 1451 1444
3 1891 1892 1896
3 1891 1896 1895
3 1452 1893 1446
3 1898 1897 1453
3 1453 1897 1452
3 1897 1894 1452
3 1894 1893 1452
3 1898 1899 1897
3 1900 1456 1895
3 1895 1456 1451
3 1895 1896 1901
3 1895 1901 1900
3 1457 1902 1898
3 1457 1898 1453
3 1899 1898 1903
3 1898 1904 1903
3 1898 1902 1904
3 1904 1905 1903
3 1900 1458 1456
3 1460 1458 1900
3 1901 1460 1900
3 1906 1460 1901
3 1461 1902 1457
3 1902 1461 1463
3 1907 1902 1463
3 1904 1902 1907
3 1905 1904 1908
3 1904 1909 1908
3 1904 1907 1909
3 1909 1910 1908
3 1906 1465 1460
3 1911 1465 1906
3 1467 1907 1463
3 1907 1467 1469
3 1912 1907 1469
3 1909 1907 1912
3 1910 1909 1913
3 1909 1914 1913
3 1909 1912 1914
3 1914 1915 1913
3 1917 1471 1916
3 1471 1911 1916
3 1471 1465 1911
3 1918 1917 1916
3 1473 1912 1469
3 1912 1473 1475
3 1919 1912 1475
3 1914 1912 1919
3 1915 1914 1920
3 1920 1914 1919
3 1921 1477 1917
3 1917 1477 1471
3 1917 1918 1922
3 1917 1922 1921
3 1480 1923 1919
3 1480 1919 1475
3 1920 1919 1924
3 1919 1925 1924
3 1919 1923 1925
3 1925 1926 1924
3 1927 1481 1921
3 1921 1481 1477
3 1921 1922 1928
3 1921 1928 1927
3 1484 1923 1480
3 1923 1484 1486
3 1929 1923 1486
3 1925 1923 1929
3 1926 1925 1930
3 1925 1931 1930
3 1925 1929 1931
3 1933 1932 1931
3 1931 1932 1930
3 1933 1934 1932
3 1927 1487 1481
3 1936 1935 1489
3 1936 1489 1487
3 1928 1936 1487
3 1927 1928 1487
3 1937 1935 1936
3 1492 1929 1486
3 1929 1492 1494
3 1929 1494 1931
3 1931 1494 1496
3 1938 1931 1496
3 1933 1931 1938
3 1934 1933 1939
3 1933 1940 1939
3 1933 1938 1940
3 1940 1941 1939
3 1942 1498 1935
3 1935 1498 1489
3 1935 1937 1943
3 1935 1943 1942
3 1499 1938 1496
3 1938 1499 1501
3 1944 1938 1501
3 1940 1938 1944
3 1941 1940 1945
3 1945 1940 1944
3 1946 1503 1942
3 1942 1503 1498
3 1942 1943 1947
3 1942 1947 1946
3 1504 1944 1501
3 1504 1506 1944
3 1506 1945 1944
3 1506 1948 1945
3 1946 1508 1503
3 1509 1508 1946
3 1947 1509 1946
3 1949 1509 1947
3 1510 1948 1506
3 1510 1950 1948
3 1952 1512 1951
3 1512 1949 1951
3 1512 1509 1949
3 1953 1952 1951
3 1955 1954 1514
3 1955 1514 1515
3 1510 1514 1950
3 1950 1514 1954
3 1956 1516 1952
3 1952 1516 1512
3 1952 1953 1957
3 1952 1957 1956
3 1518 1955 1515
3 1518 1958 1955
3 1956 1520 1516
3 1960 1959 1521
3 1960 1521 1520
3 1957 1960 1520
3 1956 1957 1520
3 1961 1959 1960
3 1523 1958 1518
3 1523 1962 1958
3 1963 1525 1526
3 1527 1963 1526
3 1959 1528 1521
3 1529 1528 1959
3 1961 1529 1959
3 1964 1529 1961
3 1523 1531 1965
3 1966 1523 1965
3 1962 1523 1966
3 1531 1525 1965
3 1525 1963 1965
3 1532 1533 1965
3 1532 1965 1963
3 1532 1963 1527
3 1964 1967 1529
3 1529 1967 1534
3 1536 1534 1967
3 1536 1967 1968
3 1966 1965 1539
3 1538 1966 1539
3 1969 1966 1538
3 1539 1965 1533
3 1971 1540 1970
3 1540 1968 1970
3 1540 1536 1968
3 1972 1971 1970
3 1542 1973 1543
3 1543 1973 1974
3 1975 1543 1974
3 1544 1543 1975
3 1538 1544 1969
3 1969 1544 1975
3 1971 1545 1540
3 1977 1976 1546
3 1977 1546 1545
3 1972 1977 1545
3 1971 1972 1545
3 1978 1547 1548
3 1979 1976 1977
3 1978 1980 1547
3 1547 1980 1542
3 1980 1981 1542
3 1981 1973 1542
3 1973 1981 1974
3 1976 1549 1546
3 1976 1979 1549
3 1979 1982 1549
3 1978 1548 1549
3 1978 1549 1982
3 1978 1982 1980
3 1984 1983 1552
3 1552 1983 1551
3 1552 1553 1984
3 1984 1553 1985
3 1988 1987 1986
3 1555 1556 1986
3 1556 1988 1986
3 1556 1989 1988
3 1556 1551 1983
3 1556 1983 1989
3 1557 1985 1553
3 1557 1990 1985
3 1987 1991 1986
3 1986 1991 1555
3 1991 1559 1555
3 1991 1992 1559
3 1559 1993 1560
3 1992 1993 1559
3 1557 1560 1990
3 1990 1560 1993
3 1996 1995 1994
3 1561 1562 1994
3 1562 1996 1994
3 1562 1997 1996
3 1562 1563 1997
3 1997 1563 1998
3 1995 1999 1994
3 1994 1999 1561
3 1999 1564 1561
3 1999 2000 1564
3 1563 1564 1998
3 1998 1564 2000
3 2003 2002 2001
3 2001 2004 2003
3 2001 2002 2005
3 2005 2002 2006
3 2004 2001 2007
3 2007 2001 2005
3 2009 2008 1567
3 1567 2008 1566
3 2010 2005 1568
3 2005 2009 1568
3 2009 1567 1568
3 2005 2006 2009
3 2007 2005 2011
3 2005 2012 2011
3 2005 2010 2012
3 2014 2013 2012
3 2012 2013 2011
3 2014 2015 2013
3 2018 2017 2016
3 2020 2019 2016
3 2016 2019 2018
3 1569 1570 2020
3 1570 2019 2020
3 1570 2021 2019
3 1570 1566 2008
3 1570 2008 2021
3 1572 2010 1568
3 2010 1572 1574
3 2010 1574 2012
3 2012 1574 1576
3 2012 1576 2014
3 2023 2022 1578
3 1578 2022 1576
3 2022 2015 1576
3 2015 2014 1576
3 2023 2024 2022
3 2027 2026 2025
3 2027 2025 2017
3 2017 2025 2016
3 2025 1581 2016
3 1581 1582 2016
3 2016 1582 1583
3 2016 1583 2020
3 2020 1583 1569
3 1587 2023 1578
3 2029 2028 1589
3 1589 2028 1587
3 2028 2024 1587
3 2024 2023 1587
3 2029 2030 2028
3 2025 2026 2031
3 2031 2026 2032
3 2031 1590 1581
3 2031 1581 2025
3 1594 2029 1589
3 1594 1595 2029
3 1595 2030 2029
3 1595 2033 2030
3 2031 2032 1598
3 2032 1597 1598
3 2032 2034 1597
3 2031 1598 1590
3 1600 2035 1601
3 2035 1603 1601
3 2036 2033 1595
3 2036 1595 1607
3 1607 1608 2036
3 2036 1608 2037
3 2034 1609 1597
3 2038 1609 2034
3 1611 2039 2035
3 1611 2035 1600
3 2035 2039 1603
3 2039 2040 1603
3 2040 1612 1603
3 2039 2041 2040
3 1613 1612 2040
3 1613 2040 2042
3 2043 2037 1608
3 2043 1608 1614
3 1614 1616 2043
3 2043 1616 2044
3 2038 1617 1609
3 2045 1617 2038
3 1619 2039 1611
3 2047 2046 1621
3 1621 2046 1619
3 2046 2041 1619
3 2041 2039 1619
3 2042 2046 2047
3 1623 2042 2047
3 1613 2042 1623
3 1624 2044 1616
3 1624 2048 2044
3 2049 1626 1627
3 1628 2049 1627
3 2045 1629 1617
3 2050 1629 2045
3 1631 2047 1621
3 2047 1631 1623
3 1635 2048 1624
3 1635 2051 2048
3 2049 1636 1626
3 1636 2049 1628
3 2050 1638 1629
3 2052 1638 2050
3 2055 2054 2053
3 2057 2056 2053
3 2057 2053 2054
3 2058 2056 2057
3 1635 1642 2059
3 2060 1635 2059
3 2051 1635 2060
3 1643 2059 1642
3 2061 1644 1645
3 2062 2061 1645
3 1638 2062 1645
3 2052 2062 1638
3 2055 2053 1647
3 1648 2055 1647
3 2063 2055 1648
3 1647 2053 1649
3 2053 2064 1649
3 2053 2056 2064
3 2056 2058 2065
3 2066 2056 2065
3 2064 2056 2066
3 2067 2066 2065
3 2060 2059 2068
3 2060 2068 2069
3 1652 2068 1643
3 1643 2068 2059
3 2071 2070 2061
3 2070 1644 2061
3 2070 1653 1644
3 2071 2061 2062
3 1655 2063 1648
3 1655 2072 2063
3 2064 1656 1649
3 1656 2064 1658
3 2064 2073 1658
3 2064 2066 2073
3 2066 2067 2074
3 2066 2074 2073
3 2069 2068 2075
3 2069 2075 2076
3 1661 2075 1652
3 1652 2075 2068
3 2070 1662 1653
3 2077 1662 2070
3 1664 2072 1655
3 1664 2078 2072
3 2079 1665 1666
3 1658 2073 1666
3 2073 2079 1666
3 2073 2080 2079
3 2073 2074 2081
3 2073 2081 2080
3 1669 2082 1670
3 2082 1671 1670
3 2076 2075 2083
3 2076 2083 2084
3 1672 2083 1661
3 1661 2083 2075
3 2077 1673 1662
3 2085 1673 2077
3 1675 2078 1664
3 1675 2086 2078
3 2087 1676 2079
3 2079 1676 1665
3 2088 2079 2080
3 2087 2079 2088
3 2080 2081 2089
3 2080 2089 2088
3 1678 2090 1679
3 1681 2082 1669
3 1680 1679 2090
3 2082 1681 1671
3 2084 2083 1682
3 1683 2084 1682
3 2091 2084 1683
3 1682 2083 1672
3 2085 1684 1673
3 2092 1684 2085
3 1686 2086 1675
3 1686 2093 2086
3 2094 1687 2087
3 2087 1687 1676
3 2095 2087 2088
3 2094 2087 2095
3 2088 2089 2096
3 2088 2096 2095
3 1689 2097 1690
3 2090 1678 1690
3 2097 2090 1690
3 2098 2090 2097
3 2098 1692 1680
3 2098 1680 2090
3 2101 2100 2099
3 2100 2091 2099
3 2091 1693 2099
3 2091 1683 1693
3 2092 1694 1684
3 2102 1694 2092
3 1696 2093 1686
3 1696 2103 2093
3 2104 1697 2094
3 2094 1697 1687
3 2095 2106 2105
3 2104 2095 2105
3 2094 2095 2104
3 2106 2095 2096
3 1699 2107 2097
3 1699 2097 1689
3 2107 1700 1701
3 2098 2107 1701
3 2097 2107 2098
3 2098 1701 1692
3 2101 2099 1702
3 1703 2101 1702
3 2108 2101 1703
3 1702 2099 1693
3 2102 1704 1694
3 2109 1704 2102
3 2111 2110 1706
3 2111 1706 1707
3 1696 1706 2103
3 2103 1706 2110
3 2112 1709 2104
3 2104 1709 1697
3 2104 2105 2113
3 2104 2113 2112
3 1711 2114 2107
3 1711 2107 1699
3 2114 1712 1700
3 2114 1700 2107
3 2116 2115 1713
3 2116 1713 1714
3 1703 1713 2108
3 2108 1713 2115
3 2109 1715 1704
3 2117 1715 2109
3 1717 2111 1707
3 1717 2118 2111
3 2119 1719 2112
3 2112 1719 1709
3 2112 2113 2120
3 2112 2120 2119
3 1721 2114 1711
3 2114 1721 1712
3 1722 2116 1714
3 1722 2121 2116
3 2117 1723 1715
3 2122 1723 2117
3 1725 2118 1717
3 1725 2123 2118
3 2124 1727 2119
3 2119 1727 1719
3 2119 2120 2125
3 2119 2125 2124
3 2128 2127 2126
3 2127 2121 2126
3 2121 1731 2126
3 2121 1722 1731
3 2122 1732 1723
3 2129 1732 2122
3 1734 2123 1725
3 1734 2130 2123
3 2131 1736 2124
3 2124 1736 1727
3 2124 2125 2132
3 2124 2132 2131
3 2128 2126 1739
3 1740 2128 1739
3 2133 2128 1740
3 1739 2126 1731
3 2129 1742 1732
3 2134 1742 2129
3 1744 2130 1734
3 1744 2135 2130
3 2136 1746 2131
3 2131 1746 1736
3 2131 2132 2137
3 2131 2137 2136
3 1749 2133 1740
3 1749 2138 2133
3 2134 1751 1742
3 2139 1751 2134
3 1753 2135 1744
3 1753 2140 2135
3 2141 1755 2136
3 2136 1755 1746
3 2136 2137 2142
3 2136 2142 2141
3 2145 2144 2143
3 2144 2138 2143
3 2138 1757 2143
3 2138 1749 1757
3 2146 1758 1759
3 2147 2146 1759
3 1751 2147 1759
3 2139 2147 1751
3 1761 2140 1753
3 1761 2148 2140
3 2149 1763 2141
3 2141 1763 1755
3 2141 2142 2150
3 2141 2150 2149
3 2145 2143 1765
3 1766 2145 1765
3 2151 2145 1766
3 1765 2143 1757
3 2152 1767 2146
3 2146 1767 1758
3 2146 2147 2153
3 2146 2153 2152
3 1769 2155 2154
3 2148 1769 2154
3 1761 1769 2148
3 2155 2156 2154
3 2157 1771 2149
3 2149 1771 1763
3 2149 2150 2158
3 2149 2158 2157
3 2161 2160 2159
3 2160 2151 2159
3 2151 1773 2159
3 2151 1766 1773
3 2162 1774 2152
3 2152 1774 1767
3 2152 2153 2163
3 2152 2163 2162
3 1776 2164 2155
3 1776 2155 1769
3 2156 2155 2165
3 2165 2155 2164
3 2166 1778 2157
3 2157 1778 1771
3 2157 2158 2167
3 2157 2167 2166
3 2161 2159 2168
3 2161 2168 2169
3 1779 2168 1773
3 1773 2168 2159
3 2171 2170 2162
3 2170 1774 2162
3 2170 1780 1774
3 2171 2162 2163
3 1782 2172 2164
3 1782 2164 1776
3 2165 2164 2173
3 2173 2164 2172
3 2174 1784 2166
3 2166 1784 1778
3 2166 2167 2175
3 2166 2175 2174
3 2169 2168 2176
3 2169 2176 2177
3 1785 2176 1779
3 1779 2176 2168
3 2170 1787 1780
3 2178 1787 2170
3 2180 2179 2172
3 1782 2180 2172
3 1789 2180 1782
3 2172 2179 2173
3 2181 1791 2174
3 2174 1791 1784
3 2174 2175 2182
3 2174 2182 2181
3 2177 2176 1793
3 1794 2177 1793
3 2183 2177 1794
3 1793 2176 1785
3 2178 1796 1787
3 2184 1796 2178
3 1798 2180 1789
3 1798 2185 2180
3 2186 1800 2181
3 2181 1800 1791
3 2181 2182 2187
3 2181 2187 2186
3 2190 2189 2188
3 2189 2183 2188
3 2183 1802 2188
3 2183 1794 1802
3 2184 1804 1796
3 2191 1804 2184
3 1806 2185 1798
3 1806 2192 2185
3 2193 1808 2186
3 2186 1808 1800
3 2186 2187 2194
3 2195 2186 2194
3 2193 2186 2195
3 2196 2195 2194
3 2190 2188 2197
3 2190 2197 2198
3 1810 2197 1802
3 1802 2197 2188
3 2191 1812 1804
3 2199 1812 2191
3 1814 2201 2200
3 2192 1814 2200
3 1806 1814 2192
3 2201 2202 2200
3 2203 1816 2193
3 2193 1816 1808
3 2204 2193 2195
3 2203 2193 2204
3 2195 2196 2205
3 2206 2195 2205
3 2204 2195 2206
3 2206 2205 2198
3 2197 2206 2198
3 2207 2206 2197
3 1817 2207 1810
3 1810 2207 2197
3 2209 1819 2208
3 1819 2199 2208
3 1819 1812 2199
3 2210 2209 2208
3 1820 2211 2201
3 1820 2201 1814
3 2202 2201 2212
3 2212 2201 2211
3 2213 1822 2203
3 2203 1822 1816
3 2214 2203 2204
3 2213 2203 2214
3 2215 2204 2206
3 2214 2204 2215
3 2216 2206 2207
3 2215 2206 2216
3 1823 2216 1817
3 1817 2216 2207
3 2217 1824 2209
3 2209 1824 1819
3 2209 2210 2218
3 2209 2218 2217
3 1825 2211 1820
3 1825 1827 2211
3 1827 2212 2211
3 1827 2219 2212
3 2220 1829 2213
3 2213 1829 1822
3 2221 2213 2214
3 2220 2213 2221
3 2222 2214 2215
3 2221 2214 2222
3 2223 2215 2216
3 2222 2215 2223
3 1830 2223 1823
3 1823 2223 2216
3 2224 1831 2217
3 2217 1831 1824
3 2217 2218 2225
3 2217 2225 2224
3 1833 2219 1827
3 1833 2226 2219
3 2227 1835 2220
3 2220 1835 1829
3 2228 2220 2221
3 2227 2220 2228
3 2229 2221 2222
3 2228 2221 2229
3 1838 2229 1837
3 2229 2223 1837
3 2229 2222 2223
3 1837 2223 1830
3 2230 1839 2224
3 2224 1839 1831
3 2224 2225 2231
3 2224 2231 2230
3 1841 2233 2232
3 2226 1841 2232
3 1833 1841 2226
3 1835 2233 1843
3 2233 1835 2232
3 2227 2232 1835
3 2232 2227 2234
3 2235 2234 2227
3 2236 2227 2228
3 2235 2227 2236
3 2237 2228 2229
3 2236 2228 2237
3 1845 2237 1838
3 1838 2237 2229
3 2230 1846 1839
3 1848 1846 2230
3 2231 1848 2230
3 2238 1848 2231
3 1851 2233 1841
3 2234 2240 2239
3 2240 2233 2239
3 1851 2239 2233
3 2239 1851 2241
3 1843 2241 1851
3 2241 1843 2240
3 2240 2235 2241
3 2234 2235 2240
3 2240 1843 2233
3 2242 2235 2236
3 2241 2235 2242
3 1854 2242 1853
3 2242 2237 1853
3 2242 2236 2237
3 1853 2237 1845
3 2244 1857 2243
3 1857 2238 2243
3 1857 1848 2238
3 2245 2244 2243
3 2239 2241 1860
3 1861 2239 1860
3 2246 2239 1861
3 1860 2241 1863
3 1863 2241 2242
3 1863 2242 1854
3 2247 1867 2244
3 2244 1867 1857
3 2244 2245 2248
3 2244 2248 2247
3 1870 2249 1869
3 2249 2250 1869
3 2250 1861 1869
3 2250 2246 1861
3 2251 1875 2247
3 2247 1875 1867
3 2247 2248 2252
3 2247 2252 2251
3 1877 2249 1870
3 2254 2253 1879
3 1879 2253 1877
3 2253 2250 1877
3 2250 2249 1877
3 2254 2255 2253
3 2256 1883 2251
3 2251 1883 1875
3 2251 2252 2257
3 2251 2257 2256
3 1885 2258 2254
3 1885 2254 1879
3 2255 2254 2259
3 2259 2254 2258
3 2256 1887 1883
3 1888 1887 2256
3 2257 1888 2256
3 2260 1888 2257
3 1890 2261 2258
3 1890 2258 1885
3 2259 2258 2262
3 2258 2263 2262
3 2258 2261 2263
3 2263 2264 2262
3 2266 1892 2265
3 1892 2260 2265
3 1892 1888 2260
3 2267 2266 2265
3 1894 2268 2261
3 1894 2261 1890
3 2261 2269 2263
3 2261 2268 2269
3 2264 2263 2270
3 2263 2271 2270
3 2263 2269 2271
3 2273 2272 2271
3 2271 2272 2270
3 2273 2274 2272
3 2275 1896 2266
3 2266 1896 1892
3 2266 2267 2276
3 2266 2276 2275
3 1897 2268 1894
3 2268 1897 1899
3 2277 2268 1899
3 2269 2268 2277
3 2269 2278 2271
3 2269 2277 2278
3 2271 2279 2273
3 2271 2278 2279
3 2274 2273 2280
3 2280 2273 2279
3 2281 1901 2275
3 2275 1901 1896
3 2275 2276 2282
3 2275 2282 2281
3 1903 2277 1899
3 2277 1903 1905
3 2283 2277 1905
3 2278 2277 2283
3 2278 2284 2279
3 2278 2283 2284
3 2280 2279 2285
3 2285 2279 2284
3 2286 1906 2281
3 2281 1906 1901
3 2281 2282 2287
3 2281 2287 2286
3 1908 2283 1905
3 2283 1908 1910
3 2288 2283 1910
3 2284 2283 2288
3 2285 2284 2289
3 2289 2284 2288
3 2290 1911 2286
3 2286 1911 1906
3 2286 2287 2291
3 2292 2286 2291
3 2290 2286 2292
3 2293 2292 2291
3 1913 2288 1910
3 2295 2294 1915
3 1915 2294 1913
3 2294 2289 1913
3 2289 2288 1913
3 2295 2296 2294
3 2290 1916 1911
3 1916 2290 1918
3 2290 2297 1918
3 2290 2292 2297
3 2292 2293 2298
3 2292 2298 2297
3 1920 2299 2295
3 1920 2295 1915
3 2296 2295 2300
3 2295 2301 2300
3 2295 2299 2301
3 2301 2302 2300
3 2303 1922 2297
3 2297 1922 1918
3 2297 2298 2304
3 2297 2304 2303
3 1924 2299 1920
3 2299 1924 1926
3 2305 2299 1926
3 2301 2299 2305
3 2302 2301 2306
3 2301 2307 2306
3 2301 2305 2307
3 2309 2308 2307
3 2307 2308 2306
3 2309 2310 2308
3 2311 1928 2303
3 2303 1928 1922
3 2303 2304 2312
3 2303 2312 2311
3 1930 2305 1926
3 2305 1930 1932
3 2305 1932 2307
3 2307 1932 1934
3 2313 2307 1934
3 2309 2307 2313
3 2310 2309 2314
3 2314 2309 2313
3 2311 1936 1928
3 2316 2315 1937
3 2316 1937 1936
3 2312 2316 1936
3 2311 2312 1936
3 2317 2315 2316
3 1939 2313 1934
3 2319 2318 1941
3 1941 2318 1939
3 2318 2314 1939
3 2314 2313 1939
3 2319 2320 2318
3 2321 1943 2315
3 2315 1943 1937
3 2315 2317 2322
3 2315 2322 2321
3 1945 2323 2319
3 1945 2319 1941
3 2320 2319 2324
3 2324 2319 2323
3 2325 1947 2321
3 2321 1947 1943
3 2321 2322 2326
3 2321 2326 2325
3 1948 2327 2323
3 1948 2323 1945
3 2324 2323 2328
3 2328 2323 2327
3 2329 1949 2325
3 2325 1949 1947
3 2325 2326 2330
3 2325 2330 2329
3 2332 2331 2327
3 1948 2332 2327
3 1950 2332 1948
3 2327 2331 2328
3 2329 1951 1949
3 2334 2333 1953
3 2334 1953 1951
3 2330 2334 1951
3 2329 2330 1951
3 2335 2333 2334
3 1955 2336 1954
3 2336 2337 1954
3 2337 1950 1954
3 2337 2332 1950
3 2338 1957 2333
3 2333 1957 1953
3 2333 2335 2339
3 2333 2339 2338
3 2341 2340 2336
3 1955 2341 2336
3 1958 2341 1955
3 2336 2340 2337
3 2338 1960 1957
3 2343 2342 1961
3 2343 1961 1960
3 2339 2343 1960
3 2338 2339 1960
3 2344 2342 2343
3 1962 2341 1958
3 1962 2345 2341
3 2346 1964 2342
3 2342 1964 1961
3 2342 2344 2347
3 2342 2347 2346
3 1966 2345 1962
3 1966 2348 2345
3 2346 1967 1964
3 1968 1967 2346
3 2347 1968 2346
3 2349 1968 2347
3 2352 2351 2350
3 2351 2348 2350
3 2348 1969 2350
3 2348 1966 1969
3 2349 2353 1968
3 1968 2353 1970
3 1972 1970 2353
3 1972 2353 2354
3 2357 2356 2355
3 2355 2356 2352
3 2355 2352 2350
3 1974 2355 2350
3 1975 1974 2350
3 1975 2350 1969
3 2354 2358 1972
3 1972 2358 1977
3 1979 1977 2358
3 1979 2358 2359
3 2357 2355 1981
3 1980 2357 1981
3 2360 2357 1980
3 1981 2355 1974
3 2359 2361 1979
3 1979 2361 1982
3 1980 1982 2360
3 2360 1982 2361
3 2363 2362 1984
3 1984 2362 1983
3 1984 1985 2363
3 2363 1985 2364
3 2366 2365 1988
3 1988 2365 1987
3 2367 1988 1989
3 2367 2366 1988
3 1989 1983 2362
3 1989 2362 2367
3 1990 2369 2368
3 2364 1990 2368
3 1985 1990 2364
3 2369 2370 2368
3 2373 2372 2371
3 1991 2375 2374
3 2375 1991 2371
3 1987 2371 1991
3 2371 1987 2373
3 2365 2373 1987
3 1991 2376 1992
3 2374 2376 1991
3 1992 2377 1993
3 2376 2377 1992
3 1990 1993 2369
3 1993 2378 2369
3 1993 2377 2378
3 2369 2378 2370
3 2380 2379 1996
3 1996 2379 1995
3 2381 1996 1997
3 2381 2380 1996
3 1997 2372 2381
3 2372 1997 2371
3 1998 2371 1997
3 2371 1998 2382
3 2383 2382 1998
3 2371 2382 2375
3 2386 2385 2384
3 2388 2387 2384
3 2384 2387 2386
3 1999 2390 2389
3 2390 1999 2388
3 1995 2388 1999
3 2388 1995 2387
3 2379 2387 1995
3 2389 2392 2391
3 2000 2389 2391
3 1999 2389 2000
3 2391 2393 2000
3 2393 1998 2000
3 2393 2383 1998
3 2395 2394 2003
3 2003 2394 2002
3 2396 2384 2004
3 2384 2395 2004
3 2395 2003 2004
3 2384 2385 2395
3 2398 2388 2397
3 2388 2396 2397
3 2388 2384 2396
3 2388 2398 2390
3 2392 2399 2391
3 2391 2399 2393
3 2402 2401 2400
3 2394 2402 2400
3 2006 2394 2400
3 2002 2394 2006
3 2007 2403 2396
3 2007 2396 2004
3 2397 2396 2404
3 2396 2405 2404
3 2396 2403 2405
3 2407 2406 2405
3 2405 2406 2404
3 2407 2408 2406
3 2411 2410 2409
3 2413 2412 2409
3 2409 2412 2411
3 2412 2413 2401
3 2401 2413 2400
3 2413 2008 2400
3 2008 2009 2400
3 2400 2009 2006
3 2011 2403 2007
3 2403 2011 2013
3 2403 2013 2405
3 2405 2013 2015
3 2414 2405 2015
3 2407 2405 2414
3 2408 2407 2415
3 2415 2407 2414
3 2418 2417 2416
3 2017 2018 2416
3 2018 2418 2416
3 2018 2419 2418
3 2019 2409 2410
3 2419 2019 2410
3 2018 2019 2419
3 2409 2019 2021
3 2409 2021 2413
3 2413 2021 2008
3 2022 2414 2015
3 2022 2024 2414
3 2024 2415 2414
3 2024 2420 2415
3 2416 2417 2027
3 2417 2026 2027
3 2417 2421 2026
3 2416 2027 2017
3 2422 2420 2024
3 2422 2024 2028
3 2028 2030 2422
3 2422 2030 2423
3 2421 2032 2026
3 2424 2032 2421
3 2033 2426 2425
3 2423 2033 2425
3 2030 2033 2423
3 2426 2427 2425
3 2424 2034 2032
3 2428 2034 2424
3 2036 2426 2033
3 2036 2037 2426
3 2037 2427 2426
3 2037 2429 2427
3 2428 2038 2034
3 2430 2038 2428
3 2041 2431 2040
3 2431 2042 2040
3 2432 2429 2037
3 2432 2037 2043
3 2043 2044 2432
3 2432 2044 2433
3 2430 2045 2038
3 2434 2045 2430
3 2437 2436 2435
3 2438 2435 2436
3 2046 2431 2041
3 2431 2046 2042
3 2048 2433 2044
3 2048 2439 2433
3 2434 2050 2045
3 2440 2050 2434
3 2437 2435 2441
3 2437 2441 2442
3 2435 2438 2443
3 2444 2435 2443
3 2441 2435 2444
3 2445 2444 2443
3 2051 2439 2048
3 2051 2446 2439
3 2440 2052 2050
3 2447 2052 2440
3 2055 2448 2054
3 2449 2442 2441
3 2054 2449 2441
3 2057 2054 2441
3 2449 2054 2448
3 2057 2441 2058
3 2441 2450 2058
3 2441 2444 2450
3 2444 2445 2451
3 2452 2444 2451
3 2450 2444 2452
3 2453 2452 2451
3 2060 2446 2051
3 2060 2454 2446
3 2447 2062 2052
3 2455 2062 2447
3 2063 2456 2448
3 2063 2448 2055
3 2449 2448 2457
3 2457 2448 2456
3 2450 2065 2058
3 2065 2450 2067
3 2450 2458 2067
3 2450 2452 2458
3 2452 2453 2459
3 2460 2452 2459
3 2458 2452 2460
3 2461 2460 2459
3 2464 2463 2462
3 2463 2454 2462
3 2454 2069 2462
3 2454 2060 2069
3 2465 2070 2071
3 2466 2465 2071
3 2062 2466 2071
3 2455 2466 2062
3 2072 2467 2456
3 2072 2456 2063
3 2457 2456 2468
3 2468 2456 2467
3 2469 2074 2458
3 2458 2074 2067
3 2470 2458 2460
3 2469 2458 2470
3 2460 2461 2471
3 2472 2460 2471
3 2470 2460 2472
3 2473 2472 2471
3 2464 2462 2474
3 2464 2474 2475
3 2076 2474 2069
3 2069 2474 2462
3 2476 2077 2465
3 2465 2077 2070
3 2465 2466 2477
3 2465 2477 2476
3 2078 2478 2467
3 2078 2467 2072
3 2468 2467 2479
3 2479 2467 2478
3 2480 2081 2469
3 2469 2081 2074
3 2481 2469 2470
3 2480 2469 2481
3 2472 2483 2482
3 2481 2472 2482
3 2470 2472 2481
3 2483 2472 2473
3 2475 2474 2484
3 2475 2484 2485
3 2084 2484 2076
3 2076 2484 2474
3 2486 2085 2476
3 2476 2085 2077
3 2476 2477 2487
3 2476 2487 2486
3 2086 2488 2478
3 2086 2478 2078
3 2479 2478 2489
3 2489 2478 2488
3 2490 2089 2480
3 2480 2089 2081
3 2491 2480 2481
3 2490 2480 2491
3 2481 2482 2492
3 2481 2492 2491
3 2485 2484 2493
3 2485 2493 2494
3 2091 2493 2084
3 2084 2493 2484
3 2496 2495 2486
3 2495 2085 2486
3 2495 2092 2085
3 2496 2486 2487
3 2498 2497 2488
3 2086 2498 2488
3 2093 2498 2086
3 2488 2497 2489
3 2499 2096 2490
3 2490 2096 2089
3 2491 2501 2500
3 2499 2491 2500
3 2490 2491 2499
3 2501 2491 2492
3 2504 2503 2502
3 2502 2503 2494
3 2502 2494 2493
3 2101 2502 2493
3 2100 2101 2493
3 2100 2493 2091
3 2495 2102 2092
3 2505 2102 2495
3 2103 2498 2093
3 2103 2506 2498
3 2507 2105 2106
3 2096 2499 2106
3 2499 2507 2106
3 2499 2508 2507
3 2499 2500 2509
3 2499 2509 2508
3 2504 2502 2510
3 2504 2510 2511
3 2108 2510 2101
3 2101 2510 2502
3 2505 2109 2102
3 2512 2109 2505
3 2111 2513 2110
3 2513 2514 2110
3 2514 2103 2110
3 2514 2506 2103
3 2515 2113 2507
3 2507 2113 2105
3 2516 2507 2508
3 2515 2507 2516
3 2508 2509 2517
3 2508 2517 2516
3 2520 2519 2518
3 2518 2519 2511
3 2518 2511 2510
3 2116 2518 2510
3 2115 2116 2510
3 2115 2510 2108
3 2512 2117 2109
3 2521 2117 2512
3 2118 2522 2513
3 2118 2513 2111
3 2514 2513 2523
3 2523 2513 2522
3 2524 2120 2515
3 2515 2120 2113
3 2516 2526 2525
3 2524 2516 2525
3 2515 2516 2524
3 2526 2516 2517
3 2520 2518 2527
3 2520 2527 2528
3 2121 2527 2116
3 2116 2527 2518
3 2521 2122 2117
3 2529 2122 2521
3 2123 2530 2522
3 2123 2522 2118
3 2523 2522 2531
3 2531 2522 2530
3 2532 2125 2524
3 2524 2125 2120
3 2524 2525 2533
3 2524 2533 2532
3 2536 2535 2534
3 2534 2535 2528
3 2534 2528 2527
3 2128 2534 2527
3 2127 2128 2527
3 2127 2527 2121
3 2529 2129 2122
3 2537 2129 2529
3 2130 2538 2530
3 2130 2530 2123
3 2531 2530 2539
3 2539 2530 2538
3 2540 2132 2532
3 2532 2132 2125
3 2532 2533 2541
3 2532 2541 2540
3 2536 2534 2542
3 2536 2542 2543
3 2133 2542 2128
3 2128 2542 2534
3 2537 2134 2129
3 2544 2134 2537
3 2135 2545 2538
3 2135 2538 2130
3 2539 2538 2546
3 2546 2538 2545
3 2547 2137 2540
3 2540 2137 2132
3 2540 2541 2548
3 2540 2548 2547
3 2551 2550 2549
3 2549 2550 2543
3 2542 2549 2543
3 2552 2549 2542
3 2138 2552 2133
3 2133 2552 2542
3 2544 2139 2134
3 2553 2139 2544
3 2140 2554 2545
3 2140 2545 2135
3 2546 2545 2555
3 2555 2545 2554
3 2556 2142 2547
3 2547 2142 2137
3 2547 2548 2557
3 2558 2547 2557
3 2556 2547 2558
3 2559 2558 2557
3 2551 2549 2560
3 2551 2560 2561
3 2145 2560 2144
3 2560 2552 2144
3 2560 2549 2552
3 2144 2552 2138
3 2553 2147 2139
3 2562 2147 2553
3 2148 2563 2554
3 2148 2554 2140
3 2555 2554 2564
3 2564 2554 2563
3 2565 2150 2556
3 2556 2150 2142
3 2566 2556 2558
3 2565 2556 2566
3 2558 2559 2567
3 2568 2558 2567
3 2566 2558 2568
3 2568 2567 2561
3 2560 2568 2561
3 2569 2568 2560
3 2151 2569 2145
3 2145 2569 2560
3 2562 2153 2147
3 2570 2153 2562
3 2154 2563 2148
3 2154 2156 2563
3 2156 2564 2563
3 2156 2571 2564
3 2572 2158 2565
3 2565 2158 2150
3 2573 2565 2566
3 2572 2565 2573
3 2574 2566 2568
3 2573 2566 2574
3 2161 2574 2160
3 2574 2569 2160
3 2574 2568 2569
3 2160 2569 2151
3 2570 2163 2153
3 2575 2163 2570
3 2165 2571 2156
3 2165 2576 2571
3 2577 2167 2572
3 2572 2167 2158
3 2578 2572 2573
3 2577 2572 2578
3 2579 2573 2574
3 2578 2573 2579
3 2169 2579 2161
3 2161 2579 2574
3 2580 2170 2171
3 2581 2580 2171
3 2163 2581 2171
3 2575 2581 2163
3 2173 2576 2165
3 2173 2582 2576
3 2583 2175 2577
3 2577 2175 2167
3 2584 2577 2578
3 2583 2577 2584
3 2585 2578 2579
3 2584 2578 2585
3 2177 2585 2169
3 2169 2585 2579
3 2586 2178 2580
3 2580 2178 2170
3 2580 2581 2587
3 2580 2587 2586
3 2180 2588 2179
3 2588 2589 2179
3 2589 2173 2179
3 2589 2582 2173
3 2590 2182 2583
3 2583 2182 2175
3 2591 2583 2584
3 2590 2583 2591
3 2592 2584 2585
3 2591 2584 2592
3 2183 2592 2177
3 2177 2592 2585
3 2593 2184 2586
3 2586 2184 2178
3 2586 2587 2594
3 2586 2594 2593
3 2185 2595 2588
3 2185 2588 2180
3 2589 2588 2596
3 2596 2588 2595
3 2597 2187 2590
3 2590 2187 2182
3 2598 2590 2591
3 2597 2590 2598
3 2190 2598 2189
3 2598 2592 2189
3 2598 2591 2592
3 2189 2592 2183
3 2599 2191 2593
3 2593 2191 2184
3 2593 2594 2600
3 2593 2600 2599
3 2192 2601 2595
3 2192 2595 2185
3 2596 2595 2602
3 2602 2595 2601
3 2597 2194 2187
3 2194 2597 2196
3 2597 2603 2196
3 2597 2598 2603
3 2198 2603 2190
3 2190 2603 2598
3 2604 2199 2599
3 2599 2199 2191
3 2599 2600 2605
3 2599 2605 2604
3 2200 2601 2192
3 2200 2202 2601
3 2202 2602 2601
3 2202 2606 2602
3 2603 2205 2196
3 2205 2603 2198
3 2604 2208 2199
3 2210 2208 2604
3 2605 2210 2604
3 2607 2210 2605
3 2212 2609 2608
3 2606 2212 2608
3 2202 2212 2606
3 2609 2610 2608
3 2612 2218 2611
3 2218 2607 2611
3 2218 2210 2607
3 2613 2612 2611
3 2219 2614 2609
3 2219 2609 2212
3 2610 2609 2615
3 2615 2609 2614
3 2616 2225 2612
3 2612 2225 2218
3 2612 2613 2617
3 2612 2617 2616
3 2226 2618 2614
3 2226 2614 2219
3 2615 2614 2619
3 2619 2614 2618
3 2620 2231 2616
3 2616 2231 2225
3 2616 2617 2621
3 2616 2621 2620
3 2232 2618 2226
3 2232 2234 2618
3 2234 2619 2618
3 2234 2622 2619
3 2623 2238 2620
3 2620 2238 2231
3 2620 2621 2624
3 2620 2624 2623
3 2239 2626 2625
3 2622 2239 2625
3 2234 2239 2622
3 2626 2627 2625
3 2623 2243 2238
3 2245 2243 2623
3 2624 2245 2623
3 2628 2245 2624
3 2246 2629 2626
3 2246 2626 2239
3 2627 2626 2630
3 2626 2631 2630
3 2626 2629 2631
3 2631 2632 2630
3 2634 2248 2633
3 2248 2628 2633
3 2248 2245 2628
3 2635 2634 2633
3 2250 2636 2629
3 2250 2629 2246
3 2629 2637 2631
3 2629 2636 2637
3 2632 2631 2638
3 2638 2631 2637
3 2639 2252 2634
3 2634 2252 2248
3 2634 2635 2640
3 2634 2640 2639
3 2253 2636 2250
3 2636 2253 2255
3 2641 2636 2255
3 2637 2636 2641
3 2638 2637 2642
3 2637 2643 2642
3 2637 2641 2643
3 2645 2644 2643
3 2643 2644 2642
3 2647 2646 2645
3 2645 2646 2644
3 2649 2648 2647
3 2647 2648 2646
3 2649 2650 2648
3 2651 2257 2639
3 2639 2257 2252
3 2639 2640 2652
3 2639 2652 2651
3 2259 2653 2641
3 2259 2641 2255
3 2641 2654 2643
3 2641 2653 2654
3 2643 2655 2645
3 2643 2654 2655
3 2645 2656 2647
3 2645 2655 2656
3 2647 2657 2649
3 2647 2656 2657
3 2650 2649 2658
3 2658 2649 2657
3 2659 2260 2651
3 2651 2260 2257
3 2651 2652 2660
3 2651 2660 2659
3 2262 2653 2259
3 2653 2262 2264
3 2661 2653 2264
3 2654 2653 2661
3 2654 2662 2655
3 2654 2661 2662
3 2655 2663 2656
3 2655 2662 2663
3 2656 2664 2657
3 2656 2663 2664
3 2658 2657 2665
3 2665 2657 2664
3 2659 2265 2260
3 2667 2666 2267
3 2667 2267 2265
3 2660 2667 2265
3 2659 2660 2265
3 2668 2666 2667
3 2270 2661 2264
3 2661 2270 2272
3 2661 2272 2662
3 2662 2272 2274
3 2669 2662 2274
3 2663 2662 2669
3 2663 2670 2664
3 2663 2669 2670
3 2665 2664 2671
3 2671 2664 2670
3 2672 2276 2666
3 2666 2276 2267
3 2666 2668 2673
3 2666 2673 2672
3 2280 2674 2669
3 2280 2669 2274
3 2676 2670 2675
3 2670 2674 2675
3 2670 2669 2674
3 2670 2676 2671
3 2677 2282 2672
3 2672 2282 2276
3 2672 2673 2678
3 2672 2678 2677
3 2285 2679 2674
3 2285 2674 2280
3 2675 2674 2680
3 2680 2674 2679
3 2681 2287 2677
3 2677 2287 2282
3 2677 2678 2682
3 2677 2682 2681
3 2289 2683 2679
3 2289 2679 2285
3 2680 2679 2684
3 2684 2679 2683
3 2681 2291 2287
3 2293 2291 2681
3 2682 2293 2681
3 2685 2293 2682
3 2294 2683 2289
3 2687 2686 2296
3 2296 2686 2294
3 2686 2684 2294
3 2684 2683 2294
3 2689 2688 2687
3 2687 2688 2686
3 2689 2690 2688
3 2692 2298 2691
3 2298 2685 2691
3 2298 2293 2685
3 2693 2692 2691
3 2300 2687 2296
3 2687 2300 2302
3 2694 2687 2302
3 2689 2687 2694
3 2690 2689 2695
3 2689 2696 2695
3 2689 2694 2696
3 2696 2697 2695
3 2698 2304 2692
3 2692 2304 2298
3 2692 2693 2699
3 2692 2699 2698
3 2306 2694 2302
3 2694 2306 2308
3 2694 2308 2696
3 2701 2700 2310
3 2310 2700 2308
3 2700 2697 2308
3 2697 2696 2308
3 2701 2702 2700
3 2703 2312 2698
3 2698 2312 2304
3 2698 2699 2704
3 2698 2704 2703
3 2314 2705 2701
3 2314 2701 2310
3 2702 2701 2706
3 2706 2701 2705
3 2703 2316 2312
3 2708 2707 2317
3 2708 2317 2316
3 2704 2708 2316
3 2703 2704 2316
3 2709 2707 2708
3 2318 2705 2314
3 2318 2320 2705
3 2320 2706 2705
3 2320 2710 2706
3 2711 2322 2707
3 2707 2322 2317
3 2707 2709 2712
3 2707 2712 2711
3 2324 2710 2320
3 2324 2713 2710
3 2714 2326 2711
3 2711 2326 2322
3 2711 2712 2715
3 2711 2715 2714
3 2328 2717 2716
3 2713 2328 2716
3 2324 2328 2713
3 2717 2718 2716
3 2719 2330 2714
3 2714 2330 2326
3 2714 2715 2720
3 2714 2720 2719
3 2332 2721 2331
3 2721 2722 2331
3 2331 2722 2328
3 2722 2723 2328
3 2723 2717 2328
3 2717 2723 2718
3 2719 2334 2330
3 2725 2724 2335
3 2725 2335 2334
3 2720 2725 2334
3 2719 2720 2334
3 2726 2724 2725
3 2337 2727 2721
3 2337 2721 2332
3 2722 2721 2728
3 2728 2721 2727
3 2729 2339 2724
3 2724 2339 2335
3 2724 2726 2730
3 2724 2730 2729
3 2341 2731 2340
3 2731 2732 2340
3 2340 2732 2337
3 2732 2733 2337
3 2733 2727 2337
3 2727 2733 2728
3 2729 2343 2339
3 2344 2343 2729
3 2730 2344 2729
3 2734 2344 2730
3 2737 2736 2735
3 2736 2738 2731
3 2345 2736 2731
3 2341 2345 2731
3 2735 2736 2345
3 2731 2738 2732
3 2740 2347 2739
3 2347 2734 2739
3 2347 2344 2734
3 2741 2740 2739
3 2737 2735 2742
3 2737 2742 2743
3 2348 2742 2345
3 2345 2742 2735
3 2744 2349 2740
3 2740 2349 2347
3 2740 2741 2745
3 2740 2745 2744
3 2748 2747 2746
3 2746 2747 2743
3 2746 2743 2742
3 2352 2746 2742
3 2351 2352 2742
3 2351 2742 2348
3 2744 2353 2349
3 2750 2749 2354
3 2750 2354 2353
3 2745 2750 2353
3 2744 2745 2353
3 2751 2749 2750
3 2748 2746 2356
3 2357 2748 2356
3 2752 2748 2357
3 2356 2746 2352
3 2749 2358 2354
3 2754 2753 2359
3 2754 2359 2358
3 2751 2754 2358
3 2749 2751 2358
3 2754 2752 2753
3 2752 2360 2753
3 2752 2357 2360
3 2753 2361 2359
3 2361 2753 2360
3 2756 2755 2363
3 2363 2755 2362
3 2363 2364 2756
3 2756 2364 2757
3 2759 2758 2366
3 2366 2758 2365
3 2760 2366 2367
3 2760 2759 2366
3 2367 2362 2755
3 2367 2755 2760
3 2364 2368 2761
3 2762 2364 2761
3 2757 2364 2762
3 2370 2761 2368
3 2765 2764 2763
3 2372 2373 2763
3 2373 2765 2763
3 2373 2766 2765
3 2374 2375 2767
3 2768 2767 2375
3 2758 2373 2365
3 2373 2758 2766
3 2374 2769 2376
3 2767 2769 2374
3 2376 2770 2377
3 2769 2770 2376
3 2761 2378 2762
3 2378 2770 2762
3 2378 2377 2770
3 2378 2761 2370
3 2772 2771 2380
3 2380 2771 2379
3 2381 2763 2764
3 2772 2381 2764
3 2380 2381 2772
3 2774 2773 2383
3 2774 2381 2773
3 2381 2774 2763
3 2775 2763 2774
3 2763 2775 2372
3 2773 2372 2775
3 2775 2382 2773
3 2773 2382 2383
3 2381 2372 2773
3 2375 2382 2768
3 2768 2382 2775
3 2777 2776 2386
3 2386 2776 2385
3 2778 2386 2387
3 2778 2777 2386
3 2771 2779 2379
3 2771 2389 2779
3 2389 2771 2780
3 2778 2780 2771
3 2780 2778 2390
3 2779 2390 2778
3 2778 2387 2779
3 2779 2387 2379
3 2389 2390 2779
3 2780 2392 2389
3 2393 2774 2383
3 2393 2781 2774
3 2783 2782 2395
3 2395 2782 2394
3 2395 2385 2776
3 2395 2776 2783
3 2397 2784 2398
3 2780 2390 2398
3 2784 2780 2398
3 2785 2780 2784
3 2786 2399 2392
3 2780 2786 2392
3 2785 2786 2780
3 2786 2787 2399
3 2787 2393 2399
3 2787 2781 2393
3 2790 2789 2788
3 2401 2402 2788
3 2402 2790 2788
3 2402 2791 2790
3 2402 2394 2782
3 2402 2782 2791
3 2404 2784 2397
3 2784 2404 2406
3 2784 2406 2785
3 2786 2785 2792
3 2785 2408 2792
3 2408 2793 2792
3 2408 2785 2406
3 2786 2792 2787
3 2796 2795 2794
3 2410 2411 2794
3 2411 2796 2794
3 2411 2797 2796
3 2412 2788 2789
3 2797 2412 2789
3 2411 2412 2797
3 2788 2412 2401
3 2415 2793 2408
3 2415 2798 2793
3 2800 2799 2418
3 2418 2799 2417
3 2419 2794 2795
3 2800 2419 2795
3 2418 2419 2800
3 2794 2419 2410
3 2420 2802 2801
3 2798 2420 2801
3 2415 2420 2798
3 2802 2803 2801
3 2806 2805 2804
3 2799 2806 2804
3 2421 2799 2804
3 2417 2799 2421
3 2422 2802 2420
3 2422 2423 2802
3 2423 2803 2802
3 2423 2807 2803
3 2804 2805 2808
3 2808 2805 2809
3 2808 2424 2421
3 2808 2421 2804
3 2810 2807 2423
3 2810 2423 2425
3 2425 2427 2810
3 2810 2427 2811
3 2808 2809 2812
3 2812 2809 2813
3 2812 2428 2424
3 2812 2424 2808
3 2429 2811 2427
3 2429 2814 2811
3 2813 2815 2812
3 2428 2812 2815
3 2816 2428 2815
3 2430 2428 2816
3 2819 2818 2817
3 2820 2817 2818
3 2429 2432 2821
3 2822 2429 2821
3 2814 2429 2822
3 2433 2821 2432
3 2816 2434 2430
3 2823 2434 2816
3 2819 2817 2436
3 2437 2819 2436
3 2824 2819 2437
3 2826 2825 2438
3 2826 2438 2436
3 2820 2826 2436
3 2817 2820 2436
3 2827 2825 2826
3 2822 2821 2828
3 2822 2828 2829
3 2439 2828 2433
3 2433 2828 2821
3 2823 2440 2434
3 2830 2440 2823
3 2442 2824 2437
3 2442 2831 2824
3 2825 2443 2438
3 2833 2832 2445
3 2833 2445 2443
3 2827 2833 2443
3 2825 2827 2443
3 2834 2832 2833
3 2829 2828 2835
3 2829 2835 2836
3 2446 2835 2439
3 2439 2835 2828
3 2830 2447 2440
3 2837 2447 2830
3 2449 2831 2442
3 2449 2838 2831
3 2832 2451 2445
3 2840 2839 2453
3 2840 2453 2451
3 2834 2840 2451
3 2832 2834 2451
3 2841 2839 2840
3 2844 2843 2842
3 2842 2843 2836
3 2835 2842 2836
3 2845 2842 2835
3 2454 2845 2446
3 2446 2845 2835
3 2837 2455 2447
3 2846 2455 2837
3 2457 2838 2449
3 2457 2847 2838
3 2839 2459 2453
3 2849 2848 2461
3 2849 2461 2459
3 2841 2849 2459
3 2839 2841 2459
3 2851 2850 2848
3 2851 2848 2849
3 2853 2852 2850
3 2853 2850 2851
3 2852 2853 2844
3 2842 2852 2844
3 2854 2852 2842
3 2464 2854 2463
3 2854 2845 2463
3 2854 2842 2845
3 2463 2845 2454
3 2846 2466 2455
3 2855 2466 2846
3 2468 2847 2457
3 2468 2856 2847
3 2848 2471 2461
3 2471 2848 2473
3 2848 2857 2473
3 2848 2850 2857
3 2858 2850 2852
3 2857 2850 2858
3 2859 2852 2854
3 2858 2852 2859
3 2475 2859 2464
3 2464 2859 2854
3 2855 2477 2466
3 2860 2477 2855
3 2479 2856 2468
3 2479 2861 2856
3 2862 2482 2483
3 2473 2857 2483
3 2857 2862 2483
3 2857 2863 2862
3 2864 2857 2858
3 2863 2857 2864
3 2865 2858 2859
3 2864 2858 2865
3 2485 2865 2475
3 2475 2865 2859
3 2860 2487 2477
3 2866 2487 2860
3 2489 2861 2479
3 2489 2867 2861
3 2868 2492 2862
3 2862 2492 2482
3 2869 2862 2863
3 2868 2862 2869
3 2870 2863 2864
3 2869 2863 2870
3 2871 2864 2865
3 2870 2864 2871
3 2494 2871 2485
3 2485 2871 2865
3 2872 2495 2496
3 2873 2872 2496
3 2487 2873 2496
3 2866 2873 2487
3 2498 2874 2497
3 2874 2875 2497
3 2875 2489 2497
3 2875 2867 2489
3 2876 2500 2501
3 2492 2868 2501
3 2868 2876 2501
3 2868 2877 2876
3 2878 2868 2869
3 2877 2868 2878
3 2879 2869 2870
3 2878 2869 2879
3 2504 2879 2503
3 2879 2871 2503
3 2879 2870 2871
3 2503 2871 2494
3 2881 2880 2872
3 2880 2495 2872
3 2880 2505 2495
3 2881 2872 2873
3 2506 2882 2874
3 2506 2874 2498
3 2875 2874 2883
3 2883 2874 2882
3 2884 2509 2876
3 2876 2509 2500
3 2885 2876 2877
3 2884 2876 2885
3 2886 2877 2878
3 2885 2877 2886
3 2887 2878 2879
3 2886 2878 2887
3 2511 2887 2504
3 2504 2887 2879
3 2880 2512 2505
3 2888 2512 2880
3 2514 2889 2882
3 2514 2882 2506
3 2883 2882 2890
3 2890 2882 2889
3 2891 2517 2884
3 2884 2517 2509
3 2892 2884 2885
3 2891 2884 2892
3 2893 2885 2886
3 2892 2885 2893
3 2520 2893 2519
3 2893 2887 2519
3 2893 2886 2887
3 2519 2887 2511
3 2888 2521 2512
3 2894 2521 2888
3 2523 2895 2889
3 2523 2889 2514
3 2890 2889 2896
3 2896 2889 2895
3 2897 2525 2526
3 2517 2891 2526
3 2891 2897 2526
3 2891 2898 2897
3 2899 2891 2892
3 2898 2891 2899
3 2900 2892 2893
3 2899 2892 2900
3 2528 2900 2520
3 2520 2900 2893
3 2894 2529 2521
3 2901 2529 2894
3 2531 2902 2895
3 2531 2895 2523
3 2896 2895 2903
3 2903 2895 2902
3 2904 2533 2897
3 2897 2533 2525
3 2905 2897 2898
3 2904 2897 2905
3 2906 2898 2899
3 2905 2898 2906
3 2536 2906 2535
3 2906 2900 2535
3 2906 2899 2900
3 2535 2900 2528
3 2901 2537 2529
3 2907 2537 2901
3 2539 2908 2902
3 2539 2902 2531
3 2903 2902 2909
3 2909 2902 2908
3 2910 2541 2904
3 2904 2541 2533
3 2911 2904 2905
3 2910 2904 2911
3 2912 2905 2906
3 2911 2905 2912
3 2543 2912 2536
3 2536 2912 2906
3 2907 2544 2537
3 2913 2544 2907
3 2546 2914 2908
3 2546 2908 2539
3 2909 2908 2915
3 2915 2908 2914
3 2916 2548 2910
3 2910 2548 2541
3 2917 2910 2911
3 2916 2910 2917
3 2551 2917 2550
3 2917 2912 2550
3 2917 2911 2912
3 2550 2912 2543
3 2913 2553 2544
3 2918 2553 2913
3 2555 2919 2914
3 2555 2914 2546
3 2915 2914 2920
3 2920 2914 2919
3 2916 2557 2548
3 2557 2916 2559
3 2916 2921 2559
3 2916 2917 2921
3 2561 2921 2551
3 2551 2921 2917
3 2923 2562 2922
3 2562 2918 2922
3 2562 2553 2918
3 2924 2923 2922
3 2564 2925 2919
3 2564 2919 2555
3 2920 2919 2926
3 2926 2919 2925
3 2921 2567 2559
3 2567 2921 2561
3 2928 2927 2923
3 2927 2562 2923
3 2927 2570 2562
3 2928 2923 2924
3 2571 2929 2925
3 2571 2925 2564
3 2926 2925 2930
3 2930 2925 2929
3 2927 2575 2570
3 2931 2575 2927
3 2576 2932 2929
3 2576 2929 2571
3 2930 2929 2933
3 2933 2929 2932
3 2931 2581 2575
3 2934 2581 2931
3 2582 2935 2932
3 2582 2932 2576
3 2933 2932 2936
3 2936 2932 2935
3 2934 2587 2581
3 2937 2587 2934
3 2589 2938 2935
3 2589 2935 2582
3 2936 2935 2939
3 2939 2935 2938
3 2937 2594 2587
3 2940 2594 2937
3 2596 2941 2938
3 2596 2938 2589
3 2939 2938 2942
3 2942 2938 2941
3 2940 2600 2594
3 2943 2600 2940
3 2602 2944 2941
3 2602 2941 2596
3 2942 2941 2945
3 2945 2941 2944
3 2947 2605 2946
3 2605 2943 2946
3 2605 2600 2943
3 2948 2947 2946
3 2606 2949 2944
3 2606 2944 2602
3 2945 2944 2950
3 2944 2951 2950
3 2944 2949 2951
3 2951 2952 2950
3 2953 2607 2947
3 2947 2607 2605
3 2947 2948 2954
3 2947 2954 2953
3 2608 2949 2606
3 2949 2608 2610
3 2955 2949 2610
3 2951 2949 2955
3 2952 2951 2956
3 2956 2951 2955
3 2953 2611 2607
3 2613 2611 2953
3 2954 2613 2953
3 2957 2613 2954
3 2615 2958 2955
3 2615 2955 2610
3 2956 2955 2959
3 2955 2960 2959
3 2955 2958 2960
3 2960 2961 2959
3 2957 2617 2613
3 2962 2617 2957
3 2619 2963 2958
3 2619 2958 2615
3 2958 2964 2960
3 2958 2963 2964
3 2961 2960 2965
3 2960 2966 2965
3 2960 2964 2966
3 2966 2967 2965
3 2969 2621 2968
3 2621 2962 2968
3 2621 2617 2962
3 2970 2969 2968
3 2622 2971 2963
3 2622 2963 2619
3 2963 2972 2964
3 2963 2971 2972
3 2964 2973 2966
3 2964 2972 2973
3 2967 2966 2974
3 2966 2975 2974
3 2966 2973 2975
3 2977 2976 2975
3 2975 2976 2974
3 2977 2978 2976
3 2979 2624 2969
3 2969 2624 2621
3 2969 2970 2980
3 2969 2980 2979
3 2625 2971 2622
3 2971 2625 2627
3 2981 2971 2627
3 2972 2971 2981
3 2972 2982 2973
3 2972 2981 2982
3 2973 2983 2975
3 2973 2982 2983
3 2975 2984 2977
3 2975 2983 2984
3 2978 2977 2985
3 2977 2986 2985
3 2977 2984 2986
3 2986 2987 2985
3 2988 2628 2979
3 2979 2628 2624
3 2979 2980 2989
3 2979 2989 2988
3 2630 2981 2627
3 2981 2630 2632
3 2990 2981 2632
3 2982 2981 2990
3 2982 2991 2983
3 2982 2990 2991
3 2983 2992 2984
3 2983 2991 2992
3 2984 2993 2986
3 2984 2992 2993
3 2987 2986 2994
3 2994 2986 2993
3 2988 2633 2628
3 2996 2995 2635
3 2996 2635 2633
3 2989 2996 2633
3 2988 2989 2633
3 2997 2995 2996
3 2638 2998 2990
3 2638 2990 2632
3 2990 2999 2991
3 2990 2998 2999
3 2991 3000 2992
3 2991 2999 3000
3 2992 3001 2993
3 2992 3000 3001
3 2994 2993 3002
3 2993 3003 3002
3 2993 3001 3003
3 3003 3004 3002
3 3005 2640 2995
3 2995 2640 2635
3 2995 2997 3006
3 2995 3006 3005
3 2642 2998 2638
3 2998 2642 2644
3 2998 2644 2999
3 2999 2644 2646
3 2999 2646 3000
3 3000 2646 2648
3 3000 2648 3001
3 3001 2648 2650
3 3007 3001 2650
3 3003 3001 3007
3 3004 3003 3008
3 3008 3003 3007
3 3009 2652 3005
3 3005 2652 2640
3 3005 3006 3010
3 3005 3010 3009
3 2658 3011 3007
3 2658 3007 2650
3 3008 3007 3012
3 3012 3007 3011
3 3013 2660 3009
3 3009 2660 2652
3 3009 3010 3014
3 3009 3014 3013
3 2665 3015 3011
3 2665 3011 2658
3 3012 3011 3016
3 3016 3011 3015
3 3013 2667 2660
3 3018 3017 2668
3 3018 2668 2667
3 3014 3018 2667
3 3013 3014 2667
3 3019 3017 3018
3 3021 3020 3015
3 2665 3021 3015
3 2671 3021 2665
3 3015 3020 3016
3 3022 2673 3017
3 3017 2673 2668
3 3017 3019 3023
3 3017 3023 3022
3 2675 3024 2676
3 3024 3025 2676
3 3025 2671 2676
3 3025 3021 2671
3 3026 2678 3022
3 3022 2678 2673
3 3022 3023 3027
3 3022 3027 3026
3 3029 3028 3024
3 2675 3029 3024
3 2680 3029 2675
3 3024 3028 3025
3 3030 2682 3026
3 3026 2682 2678
3 3026 3027 3031
3 3026 3031 3030
3 2684 3029 2680
3 2684 3032 3029
3 3033 2685 3030
3 3030 2685 2682
3 3030 3031 3034
3 3035 3030 3034
3 3033 3030 3035
3 3036 3035 3034
3 3037 3032 2684
3 3037 2684 2686
3 3038 2686 2688
3 3038 3037 2686
3 3040 3039 2690
3 3039 2688 2690
3 3039 3038 2688
3 3040 3041 3039
3 3033 2691 2685
3 2691 3033 2693
3 3033 3042 2693
3 3033 3035 3042
3 3035 3036 3043
3 3035 3043 3042
3 2695 3040 2690
3 3045 3044 2697
3 2697 3044 2695
3 3044 3041 2695
3 3041 3040 2695
3 3045 3046 3044
3 3047 2699 3042
3 3042 2699 2693
3 3042 3043 3048
3 3042 3048 3047
3 2700 3045 2697
3 2700 2702 3045
3 2702 3046 3045
3 2702 3049 3046
3 3050 2704 3047
3 3047 2704 2699
3 3047 3048 3051
3 3052 3047 3051
3 3050 3047 3052
3 3053 3052 3051
3 2706 3049 2702
3 2706 3054 3049
3 3050 2708 2704
3 2708 3050 2709
3 3050 3055 2709
3 3050 3052 3055
3 3052 3053 3056
3 3052 3056 3055
3 2710 3058 3057
3 3054 2710 3057
3 2706 2710 3054
3 3058 3059 3057
3 3060 2712 3055
3 3055 2712 2709
3 3055 3056 3061
3 3055 3061 3060
3 2713 3062 3058
3 2713 3058 2710
3 3059 3058 3063
3 3063 3058 3062
3 3064 2715 3060
3 3060 2715 2712
3 3060 3061 3065
3 3060 3065 3064
3 2716 3062 2713
3 2716 2718 3062
3 2718 3063 3062
3 2718 3066 3063
3 3067 2720 3064
3 3064 2720 2715
3 3064 3065 3068
3 3064 3068 3067
3 2722 3069 2723
3 3069 3070 2723
3 3070 2718 2723
3 3070 3066 2718
3 3067 2725 2720
3 2726 2725 3067
3 3068 2726 3067
3 3071 2726 3068
3 3073 3072 3069
3 2722 3073 3069
3 2728 3073 2722
3 3069 3072 3070
3 3071 2730 2726
3 3074 2730 3071
3 2732 3075 2733
3 3075 3076 2733
3 3076 2728 2733
3 3076 3073 2728
3 3078 2734 3077
3 2734 3074 3077
3 2734 2730 3074
3 3079 3078 3077
3 3081 3080 2736
3 3081 2736 2737
3 2736 3082 2738
3 3080 3082 2736
3 2732 2738 3075
3 2738 3083 3075
3 2738 3082 3083
3 3075 3083 3076
3 3078 2739 2734
3 2741 2739 3078
3 3079 2741 3078
3 3084 2741 3079
3 3087 3086 3085
3 3086 3081 3085
3 3081 2743 3085
3 3081 2737 2743
3 3089 2745 3088
3 2745 3084 3088
3 2745 2741 3084
3 3091 3090 3089
3 3091 3089 3088
3 3090 3091 3087
3 3090 3087 3085
3 2748 3090 3085
3 2747 2748 3085
3 2747 3085 2743
3 3089 2750 2745
3 2750 3089 2751
3 3089 3092 2751
3 3089 3090 3092
3 2752 3092 2748
3 2748 3092 3090
3 3092 2754 2751
3 2754 3092 2752
3 3094 3093 2756
3 2756 3093 2755
3 2756 2757 3094
3 3094 2757 3095
3 3098 3097 3096
3 3096 3099 3098
3 3101 3100 2759
3 2759 3100 2758
3 3102 2759 2760
3 3102 3101 2759
3 2760 2755 3093
3 2760 3093 3102
3 2762 3095 2757
3 2762 3103 3095
3 3097 3104 3096
3 3096 3104 3099
3 3106 3105 2765
3 2765 3105 2764
3 3107 2765 2766
3 3107 3106 2765
3 2767 2768 3108
3 3109 3108 2768
3 3100 2766 2758
3 2766 3100 3107
3 2767 3110 2769
3 3108 3110 2767
3 2769 3111 2770
3 3110 3111 2769
3 2762 2770 3103
3 3103 2770 3111
3 3114 3113 3112
3 2771 2772 3112
3 2772 3114 3112
3 2772 3115 3114
3 2772 2764 3105
3 2772 3105 3115
3 2774 3116 2775
3 3116 3117 2775
3 3117 2768 2775
3 3117 3109 2768
3 3119 3118 2777
3 2777 3118 2776
3 2778 3112 3113
3 3119 2778 3113
3 2777 2778 3119
3 3112 2778 2771
3 3121 3120 3116
3 2774 3121 3116
3 2781 3121 2774
3 3116 3120 3117
3 3124 3123 3122
3 2782 2783 3122
3 2783 3124 3122
3 2783 3125 3124
3 2783 2776 3118
3 2783 3118 3125
3 2787 3121 2781
3 2787 3126 3121
3 3129 3128 3127
3 2789 2790 3127
3 2790 3129 3127
3 2790 3130 3129
3 2791 3122 3123
3 3130 2791 3123
3 2790 2791 3130
3 3122 2791 2782
3 2793 3131 2792
3 3131 3132 2792
3 3132 2787 2792
3 3132 3126 2787
3 3135 3134 3133
3 2795 2796 3133
3 2796 3135 3133
3 2796 3136 3135
3 2797 3127 3128
3 3136 2797 3128
3 2796 2797 3136
3 3127 2797 2789
3 2798 3137 3131
3 2798 3131 2793
3 3132 3131 3138
3 3138 3131 3137
3 3141 3140 3139
3 3141 3139 3134
3 3134 3139 3133
3 3139 2799 3133
3 2799 2800 3133
3 3133 2800 2795
3 2801 3137 2798
3 2801 2803 3137
3 2803 3138 3137
3 2803 3142 3138
3 3139 3140 2806
3 3140 2805 2806
3 3140 3143 2805
3 3139 2806 2799
3 2807 3142 2803
3 2807 3144 3142
3 3143 2809 2805
3 3145 2809 3143
3 3148 3147 3146
3 3149 3146 3147
3 2807 2810 3150
3 3151 2807 3150
3 3144 2807 3151
3 2811 3150 2810
3 3145 2813 2809
3 3152 2813 3145
3 3148 3146 3153
3 3148 3153 3154
3 3146 3149 3155
3 3156 3146 3155
3 3153 3146 3156
3 3157 3156 3155
3 3158 3151 3150
3 3150 2811 3158
3 2811 3159 3158
3 2811 2814 3159
3 2815 2813 3160
3 2813 3161 3160
3 2813 3152 3161
3 3160 2816 2815
3 3154 3153 3162
3 3154 3162 3163
3 2819 3162 2818
3 3162 3156 2818
3 3162 3153 3156
3 3165 3164 2820
3 3165 2820 2818
3 3157 3165 2818
3 3156 3157 2818
3 3166 3164 3165
3 2822 3159 2814
3 2822 3167 3159
3 3161 3168 3160
3 2816 3160 3168
3 3169 2816 3168
3 2823 2816 3169
3 3170 3163 3162
3 3162 2819 3170
3 2819 3171 3170
3 2819 2824 3171
3 3164 2826 2820
3 3173 3172 2827
3 3173 2827 2826
3 3166 3173 2826
3 3164 3166 2826
3 3174 3172 3173
3 3177 3176 3175
3 3176 3167 3175
3 3167 2829 3175
3 3167 2822 2829
3 3169 2830 2823
3 3178 2830 3169
3 2831 3171 2824
3 2831 3179 3171
3 3172 2833 2827
3 3181 3180 2834
3 3181 2834 2833
3 3174 3181 2833
3 3172 3174 2833
3 3183 3182 3180
3 3183 3180 3181
3 3184 3182 3183
3 3187 3186 3185
3 3185 3186 3177
3 3175 3185 3177
3 3188 3185 3175
3 2836 3188 2829
3 2829 3188 3175
3 3178 2837 2830
3 3189 2837 3178
3 2838 3179 2831
3 2838 3190 3179
3 3180 2840 2834
3 2840 3180 2841
3 3180 3191 2841
3 3180 3182 3191
3 3182 3184 3192
3 3193 3182 3192
3 3191 3182 3193
3 3193 3192 3187
3 3185 3193 3187
3 3194 3193 3185
3 2844 3194 2843
3 3194 3188 2843
3 3194 3185 3188
3 2843 3188 2836
3 3189 2846 2837
3 3195 2846 3189
3 2847 3197 3196
3 3190 2847 3196
3 2838 2847 3190
3 3197 3198 3196
3 3191 2849 2841
3 2849 3191 2851
3 2851 3191 3193
3 2851 3193 2853
3 2853 3193 3194
3 2853 3194 2844
3 3195 2855 2846
3 3199 2855 3195
3 2856 3200 3197
3 2856 3197 2847
3 3198 3197 3201
3 3201 3197 3200
3 3199 2860 2855
3 3202 2860 3199
3 2861 3203 3200
3 2861 3200 2856
3 3201 3200 3204
3 3204 3200 3203
3 3202 2866 2860
3 3205 2866 3202
3 2867 3206 3203
3 2867 3203 2861
3 3204 3203 3207
3 3207 3203 3206
3 3205 2873 2866
3 3208 2873 3205
3 3210 3209 3206
3 2867 3210 3206
3 2875 3210 2867
3 3206 3209 3207
3 3211 2880 2881
3 3212 3211 2881
3 2873 3212 2881
3 3208 3212 2873
3 2883 3210 2875
3 2883 3213 3210
3 3214 2888 3211
3 3211 2888 2880
3 3211 3212 3215
3 3211 3215 3214
3 2890 3213 2883
3 2890 3216 3213
3 3218 3217 3214
3 3217 2888 3214
3 3217 2894 2888
3 3218 3214 3215
3 2896 3216 2890
3 2896 3219 3216
3 3217 2901 2894
3 3220 2901 3217
3 2903 3219 2896
3 2903 3221 3219
3 3223 2907 3222
3 2907 3220 3222
3 2907 2901 3220
3 3224 3223 3222
3 2909 3226 3225
3 3221 2909 3225
3 2903 2909 3221
3 3226 3227 3225
3 3228 2913 3223
3 3223 2913 2907
3 3223 3224 3229
3 3223 3229 3228
3 2915 3230 3226
3 2915 3226 2909
3 3227 3226 3231
3 3231 3226 3230
3 3232 2918 3228
3 3228 2918 2913
3 3228 3229 3233
3 3228 3233 3232
3 2920 3234 3230
3 2920 3230 2915
3 3231 3230 3235
3 3235 3230 3234
3 3232 2922 2918
3 2924 2922 3232
3 3233 2924 3232
3 3236 2924 3233
3 2926 3237 3234
3 2926 3234 2920
3 3235 3234 3238
3 3238 3234 3237
3 3239 2927 2928
3 3240 3239 2928
3 2924 3240 2928
3 3236 3240 2924
3 2930 3241 3237
3 2930 3237 2926
3 3238 3237 3242
3 3242 3237 3241
3 3243 2931 3239
3 3239 2931 2927
3 3239 3240 3244
3 3239 3244 3243
3 2933 3245 3241
3 2933 3241 2930
3 3242 3241 3246
3 3246 3241 3245
3 3247 2934 3243
3 3243 2934 2931
3 3243 3244 3248
3 3243 3248 3247
3 2936 3249 3245
3 2936 3245 2933
3 3246 3245 3250
3 3250 3245 3249
3 3251 2937 3247
3 3247 2937 2934
3 3247 3248 3252
3 3247 3252 3251
3 2939 3253 3249
3 2939 3249 2936
3 3250 3249 3254
3 3254 3249 3253
3 3255 2940 3251
3 3251 2940 2937
3 3251 3252 3256
3 3251 3256 3255
3 2942 3257 3253
3 2942 3253 2939
3 3254 3253 3258
3 3258 3253 3257
3 3259 2943 3255
3 3255 2943 2940
3 3255 3256 3260
3 3255 3260 3259
3 2945 3261 3257
3 2945 3257 2942
3 3258 3257 3262
3 3257 3263 3262
3 3257 3261 3263
3 3263 3264 3262
3 3259 2946 2943
3 2948 2946 3259
3 3260 2948 3259
3 3265 2948 3260
3 2950 3261 2945
3 3261 2950 2952
3 3266 3261 2952
3 3263 3261 3266
3 3264 3263 3267
3 3263 3268 3267
3 3263 3266 3268
3 3268 3269 3267
3 3265 2954 2948
3 3270 2954 3265
3 2956 3271 3266
3 2956 3266 2952
3 3266 3272 3268
3 3266 3271 3272
3 3269 3268 3273
3 3273 3268 3272
3 3275 2957 3274
3 2957 3270 3274
3 2957 2954 3270
3 3276 3275 3274
3 2959 3271 2956
3 3271 2959 2961
3 3277 3271 2961
3 3272 3271 3277
3 3273 3272 3278
3 3272 3279 3278
3 3272 3277 3279
3 3279 3280 3278
3 3281 2962 3275
3 3275 2962 2957
3 3275 3276 3282
3 3275 3282 3281
3 2965 3277 2961
3 3277 2965 2967
3 3283 3277 2967
3 3279 3277 3283
3 3280 3279 3284
3 3279 3285 3284
3 3279 3283 3285
3 3285 3286 3284
3 3281 2968 2962
3 3288 3287 2970
3 3288 2970 2968
3 3282 3288 2968
3 3281 3282 2968
3 3289 3287 3288
3 2974 3283 2967
3 3283 2974 2976
3 3283 2976 3285
3 3291 3290 2978
3 2978 3290 2976
3 3290 3286 2976
3 3286 3285 2976
3 3291 3292 3290
3 3293 2980 3287
3 3287 2980 2970
3 3287 3289 3294
3 3287 3294 3293
3 2985 3291 2978
3 2985 2987 3291
3 2987 3292 3291
3 2987 3295 3292
3 3296 2989 3293
3 3293 2989 2980
3 3293 3294 3297
3 3293 3297 3296
3 2994 3299 3298
3 3295 2994 3298
3 2987 2994 3295
3 3299 3300 3298
3 3296 2996 2989
3 2997 2996 3296
3 3297 2997 3296
3 3301 2997 3297
3 3002 3299 2994
3 3002 3004 3299
3 3004 3300 3299
3 3004 3302 3300
3 3304 3006 3303
3 3006 3301 3303
3 3006 2997 3301
3 3305 3304 3303
3 3008 3302 3004
3 3008 3306 3302
3 3307 3010 3304
3 3304 3010 3006
3 3304 3305 3308
3 3304 3308 3307
3 3311 3310 3309
3 3312 3309 3310
3 3012 3306 3008
3 3012 3313 3306
3 3314 3014 3307
3 3307 3014 3010
3 3307 3308 3315
3 3307 3315 3314
3 3316 3311 3309
3 3316 3309 3312
3 3319 3318 3317
3 3318 3313 3317
3 3313 3016 3317
3 3313 3012 3016
3 3314 3018 3014
3 3321 3320 3019
3 3321 3019 3018
3 3315 3321 3018
3 3314 3315 3018
3 3322 3320 3321
3 3319 3317 3020
3 3021 3319 3020
3 3323 3319 3021
3 3020 3317 3016
3 3324 3023 3320
3 3320 3023 3019
3 3320 3322 3325
3 3320 3325 3324
3 3328 3327 3326
3 3327 3323 3326
3 3323 3025 3326
3 3323 3021 3025
3 3329 3027 3324
3 3324 3027 3023
3 3324 3325 3330
3 3324 3330 3329
3 3328 3326 3028
3 3029 3328 3028
3 3331 3328 3029
3 3028 3326 3025
3 3332 3031 3329
3 3329 3031 3027
3 3329 3330 3333
3 3329 3333 3332
3 3032 3335 3334
3 3331 3032 3334
3 3029 3032 3331
3 3337 3336 3335
3 3335 3336 3334
3 3339 3338 3337
3 3337 3338 3336
3 3341 3340 3339
3 3339 3340 3338
3 3341 3342 3340
3 3332 3034 3031
3 3036 3034 3332
3 3333 3036 3332
3 3343 3036 3333
3 3037 3335 3032
3 3335 3037 3038
3 3335 3038 3337
3 3337 3038 3039
3 3337 3039 3339
3 3339 3039 3041
3 3344 3339 3041
3 3341 3339 3344
3 3342 3341 3345
3 3345 3341 3344
3 3343 3043 3036
3 3346 3043 3343
3 3044 3344 3041
3 3044 3046 3344
3 3046 3345 3344
3 3046 3347 3345
3 3349 3048 3348
3 3048 3346 3348
3 3048 3043 3346
3 3350 3349 3348
3 3049 3347 3046
3 3049 3351 3347
3 3349 3051 3048
3 3053 3051 3349
3 3350 3053 3349
3 3352 3053 3350
3 3054 3354 3353
3 3351 3054 3353
3 3049 3054 3351
3 3354 3355 3353
3 3357 3056 3356
3 3056 3352 3356
3 3056 3053 3352
3 3358 3357 3356
3 3057 3354 3054
3 3057 3059 3354
3 3059 3355 3354
3 3059 3359 3355
3 3360 3061 3357
3 3357 3061 3056
3 3357 3358 3361
3 3357 3361 3360
3 3063 3359 3059
3 3063 3362 3359
3 3363 3065 3360
3 3360 3065 3061
3 3360 3361 3364
3 3360 3364 3363
3 3066 3362 3063
3 3066 3365 3362
3 3366 3068 3363
3 3363 3068 3065
3 3363 3364 3367
3 3363 3367 3366
3 3070 3365 3066
3 3070 3368 3365
3 3369 3071 3366
3 3366 3071 3068
3 3366 3367 3370
3 3366 3370 3369
3 3073 3371 3072
3 3371 3372 3072
3 3372 3070 3072
3 3372 3368 3070
3 3373 3074 3369
3 3369 3074 3071
3 3369 3370 3374
3 3369 3374 3373
3 3377 3376 3375
3 3379 3378 3375
3 3379 3375 3376
3 3379 3380 3371
3 3076 3379 3371
3 3073 3076 3371
3 3378 3379 3076
3 3371 3380 3372
3 3373 3077 3074
3 3079 3077 3373
3 3374 3079 3373
3 3381 3079 3374
3 3384 3383 3382
3 3080 3081 3382
3 3383 3080 3382
3 3385 3080 3383
3 3375 3082 3377
3 3082 3385 3377
3 3082 3080 3385
3 3082 3375 3083
3 3083 3375 3378
3 3083 3378 3076
3 3387 3084 3386
3 3084 3381 3386
3 3084 3079 3381
3 3389 3388 3387
3 3389 3387 3386
3 3388 3389 3384
3 3388 3384 3382
3 3087 3388 3382
3 3086 3087 3382
3 3086 3382 3081
3 3387 3088 3084
3 3088 3387 3091
3 3091 3387 3388
3 3091 3388 3087
3 3391 3390 3094
3 3094 3390 3093
3 3094 3095 3391
3 3391 3095 3392
3 3393 3097 3098
3 3099 3393 3098
3 3395 3394 3101
3 3101 3394 3100
3 3396 3101 3102
3 3396 3395 3101
3 3390 3397 3093
3 3397 3398 3093
3 3399 3093 3398
3 3093 3399 3102
3 3400 3102 3399
3 3102 3400 3397
3 3397 3396 3102
3 3390 3396 3397
3 3397 3400 3398
3 3398 3392 3399
3 3392 3103 3399
3 3392 3095 3103
3 3393 3104 3097
3 3104 3393 3099
3 3402 3401 3106
3 3106 3401 3105
3 3403 3106 3107
3 3403 3402 3106
3 3394 3404 3100
3 3394 3108 3404
3 3108 3394 3405
3 3403 3405 3394
3 3405 3403 3109
3 3404 3109 3403
3 3403 3107 3404
3 3404 3107 3100
3 3108 3109 3404
3 3108 3405 3406
3 3407 3108 3406
3 3110 3108 3407
3 3399 3111 3400
3 3111 3407 3400
3 3111 3110 3407
3 3111 3399 3103
3 3409 3408 3114
3 3114 3408 3113
3 3410 3114 3115
3 3410 3409 3114
3 3115 3105 3401
3 3115 3401 3410
3 3412 3411 3405
3 3109 3412 3405
3 3117 3412 3109
3 3405 3411 3406
3 3414 3413 3119
3 3119 3413 3118
3 3119 3113 3408
3 3119 3408 3414
3 3121 3415 3120
3 3415 3416 3120
3 3416 3117 3120
3 3416 3412 3117
3 3418 3417 3124
3 3124 3417 3123
3 3419 3124 3125
3 3419 3418 3124
3 3125 3118 3413
3 3125 3413 3419
3 3126 3420 3415
3 3126 3415 3121
3 3416 3415 3421
3 3421 3415 3420
3 3424 3423 3422
3 3128 3129 3422
3 3129 3424 3422
3 3129 3425 3424
3 3426 3129 3130
3 3426 3425 3129
3 3130 3123 3417
3 3130 3417 3426
3 3428 3427 3420
3 3126 3428 3420
3 3132 3428 3126
3 3420 3427 3421
3 3430 3429 3135
3 3135 3429 3134
3 3136 3422 3423
3 3430 3136 3423
3 3135 3136 3430
3 3422 3136 3128
3 3138 3428 3132
3 3138 3431 3428
3 3433 3432 3141
3 3141 3432 3140
3 3141 3134 3429
3 3141 3429 3433
3 3142 3431 3138
3 3142 3434 3431
3 3437 3436 3435
3 3432 3437 3435
3 3143 3432 3435
3 3140 3432 3143
3 3144 3434 3142
3 3144 3438 3434
3 3435 3436 3439
3 3439 3436 3440
3 3439 3145 3143
3 3439 3143 3435
3 3442 3441 3147
3 3442 3147 3148
3 3444 3443 3149
3 3147 3444 3149
3 3441 3444 3147
3 3445 3443 3444
3 3151 3438 3144
3 3151 3446 3438
3 3440 3447 3439
3 3145 3439 3447
3 3448 3145 3447
3 3152 3145 3448
3 3154 3442 3148
3 3154 3449 3442
3 3443 3155 3149
3 3451 3450 3157
3 3451 3157 3155
3 3445 3451 3155
3 3443 3445 3155
3 3452 3450 3451
3 3151 3158 3453
3 3454 3151 3453
3 3446 3151 3454
3 3159 3453 3158
3 3448 3161 3152
3 3455 3161 3448
3 3163 3457 3456
3 3449 3163 3456
3 3154 3163 3449
3 3457 3458 3456
3 3450 3165 3157
3 3460 3459 3166
3 3460 3166 3165
3 3452 3460 3165
3 3450 3452 3165
3 3461 3459 3460
3 3454 3453 3462
3 3454 3462 3463
3 3167 3462 3159
3 3159 3462 3453
3 3168 3161 3464
3 3161 3465 3464
3 3161 3455 3465
3 3464 3169 3168
3 3170 3457 3163
3 3170 3171 3457
3 3171 3458 3457
3 3171 3466 3458
3 3459 3173 3166
3 3468 3467 3174
3 3468 3174 3173
3 3461 3468 3173
3 3459 3461 3173
3 3470 3469 3467
3 3470 3467 3468
3 3471 3469 3470
3 3474 3473 3472
3 3472 3473 3463
3 3472 3463 3462
3 3177 3472 3462
3 3176 3177 3462
3 3176 3462 3167
3 3465 3475 3464
3 3169 3464 3475
3 3476 3169 3475
3 3178 3169 3476
3 3179 3478 3477
3 3466 3179 3477
3 3171 3179 3466
3 3478 3479 3477
3 3467 3181 3174
3 3181 3467 3183
3 3183 3467 3469
3 3481 3480 3184
3 3481 3184 3183
3 3471 3481 3183
3 3469 3471 3183
3 3480 3481 3474
3 3480 3474 3472
3 3187 3480 3472
3 3186 3187 3472
3 3186 3472 3177
3 3476 3189 3178
3 3482 3189 3476
3 3190 3483 3478
3 3190 3478 3179
3 3479 3478 3484
3 3478 3485 3484
3 3478 3483 3485
3 3485 3486 3484
3 3480 3192 3184
3 3192 3480 3187
3 3482 3195 3189
3 3487 3195 3482
3 3196 3483 3190
3 3483 3196 3198
3 3488 3483 3198
3 3485 3483 3488
3 3486 3485 3489
3 3489 3485 3488
3 3487 3199 3195
3 3490 3199 3487
3 3201 3491 3488
3 3201 3488 3198
3 3489 3488 3492
3 3488 3493 3492
3 3488 3491 3493
3 3493 3494 3492
3 3490 3202 3199
3 3495 3202 3490
3 3204 3496 3491
3 3204 3491 3201
3 3491 3497 3493
3 3491 3496 3497
3 3494 3493 3498
3 3498 3493 3497
3 3495 3205 3202
3 3499 3205 3495
3 3207 3500 3496
3 3207 3496 3204
3 3496 3501 3497
3 3496 3500 3501
3 3498 3497 3502
3 3497 3503 3502
3 3497 3501 3503
3 3503 3504 3502
3 3499 3208 3205
3 3505 3208 3499
3 3210 3506 3209
3 3500 3207 3209
3 3506 3500 3209
3 3507 3500 3506
3 3500 3508 3501
3 3500 3507 3508
3 3501 3509 3503
3 3501 3508 3509
3 3504 3503 3510
3 3510 3503 3509
3 3505 3212 3208
3 3511 3212 3505
3 3213 3512 3506
3 3213 3506 3210
3 3506 3513 3507
3 3506 3512 3513
3 3507 3514 3508
3 3507 3513 3514
3 3516 3509 3515
3 3509 3514 3515
3 3509 3508 3514
3 3509 3516 3510
3 3511 3215 3212
3 3517 3215 3511
3 3216 3518 3512
3 3216 3512 3213
3 3520 3513 3519
3 3513 3518 3519
3 3513 3512 3518
3 3513 3520 3514
3 3514 3520 3521
3 3514 3521 3515
3 3522 3217 3218
3 3523 3522 3218
3 3215 3523 3218
3 3517 3523 3215
3 3525 3524 3518
3 3216 3525 3518
3 3219 3525 3216
3 3518 3524 3519
3 3526 3220 3522
3 3522 3220 3217
3 3522 3523 3527
3 3522 3527 3526
3 3221 3529 3528
3 3525 3221 3528
3 3219 3221 3525
3 3529 3530 3528
3 3526 3222 3220
3 3224 3222 3526
3 3527 3224 3526
3 3531 3224 3527
3 3225 3529 3221
3 3225 3227 3529
3 3227 3530 3529
3 3227 3532 3530
3 3531 3229 3224
3 3533 3229 3531
3 3231 3532 3227
3 3231 3534 3532
3 3533 3233 3229
3 3535 3233 3533
3 3235 3534 3231
3 3235 3536 3534
3 3535 3236 3233
3 3537 3236 3535
3 3238 3539 3538
3 3536 3238 3538
3 3235 3238 3536
3 3539 3540 3538
3 3537 3240 3236
3 3541 3240 3537
3 3242 3542 3539
3 3242 3539 3238
3 3540 3539 3543
3 3543 3539 3542
3 3545 3244 3544
3 3244 3541 3544
3 3244 3240 3541
3 3546 3545 3544
3 3246 3547 3542
3 3246 3542 3242
3 3543 3542 3548
3 3548 3542 3547
3 3550 3549 3545
3 3549 3244 3545
3 3549 3248 3244
3 3550 3545 3546
3 3250 3551 3547
3 3250 3547 3246
3 3548 3547 3552
3 3552 3547 3551
3 3549 3252 3248
3 3553 3252 3549
3 3254 3554 3551
3 3254 3551 3250
3 3552 3551 3555
3 3555 3551 3554
3 3557 3256 3556
3 3256 3553 3556
3 3256 3252 3553
3 3558 3557 3556
3 3258 3559 3554
3 3258 3554 3254
3 3555 3554 3560
3 3560 3554 3559
3 3561 3260 3557
3 3557 3260 3256
3 3557 3558 3562
3 3557 3562 3561
3 3262 3559 3258
3 3564 3563 3264
3 3264 3563 3262
3 3563 3560 3262
3 3560 3559 3262
3 3564 3565 3563
3 3566 3265 3561
3 3561 3265 3260
3 3561 3562 3567
3 3561 3567 3566
3 3267 3564 3264
3 3569 3568 3269
3 3269 3568 3267
3 3568 3565 3267
3 3565 3564 3267
3 3569 3570 3568
3 3571 3270 3566
3 3566 3270 3265
3 3566 3567 3572
3 3566 3572 3571
3 3273 3573 3569
3 3273 3569 3269
3 3570 3569 3574
3 3574 3569 3573
3 3571 3274 3270
3 3576 3575 3276
3 3576 3276 3274
3 3572 3576 3274
3 3571 3572 3274
3 3577 3575 3576
3 3278 3573 3273
3 3579 3578 3280
3 3280 3578 3278
3 3578 3574 3278
3 3574 3573 3278
3 3579 3580 3578
3 3581 3282 3575
3 3575 3282 3276
3 3575 3577 3582
3 3575 3582 3581
3 3284 3579 3280
3 3584 3583 3286
3 3286 3583 3284
3 3583 3580 3284
3 3580 3579 3284
3 3584 3585 3583
3 3581 3288 3282
3 3289 3288 3581
3 3582 3289 3581
3 3586 3289 3582
3 3290 3584 3286
3 3290 3292 3584
3 3292 3585 3584
3 3292 3587 3585
3 3589 3294 3588
3 3294 3586 3588
3 3294 3289 3586
3 3590 3589 3588
3 3295 3587 3292
3 3295 3591 3587
3 3592 3297 3589
3 3589 3297 3294
3 3589 3590 3593
3 3589 3593 3592
3 3594 3591 3295
3 3594 3295 3298
3 3298 3300 3594
3 3594 3300 3595
3 3596 3301 3592
3 3592 3301 3297
3 3592 3593 3597
3 3598 3592 3597
3 3596 3592 3598
3 3599 3598 3597
3 3302 3595 3300
3 3302 3600 3595
3 3596 3303 3301
3 3303 3596 3305
3 3596 3601 3305
3 3596 3598 3601
3 3598 3599 3602
3 3598 3602 3601
3 3306 3600 3302
3 3306 3603 3600
3 3604 3308 3601
3 3601 3308 3305
3 3601 3602 3605
3 3601 3605 3604
3 3311 3606 3310
3 3606 3312 3310
3 3313 3603 3306
3 3313 3607 3603
3 3608 3315 3604
3 3604 3315 3308
3 3604 3605 3609
3 3604 3609 3608
3 3316 3606 3311
3 3606 3316 3312
3 3611 3610 3318
3 3611 3318 3319
3 3313 3318 3607
3 3607 3318 3610
3 3608 3321 3315
3 3613 3612 3322
3 3613 3322 3321
3 3609 3613 3321
3 3608 3609 3321
3 3614 3612 3613
3 3323 3611 3319
3 3323 3615 3611
3 3616 3325 3612
3 3612 3325 3322
3 3612 3614 3617
3 3612 3617 3616
3 3619 3618 3327
3 3619 3327 3328
3 3323 3327 3615
3 3615 3327 3618
3 3620 3330 3616
3 3616 3330 3325
3 3616 3617 3621
3 3616 3621 3620
3 3331 3623 3622
3 3619 3331 3622
3 3328 3331 3619
3 3623 3624 3622
3 3627 3626 3625
3 3629 3628 3625
3 3625 3628 3627
3 3629 3630 3628
3 3631 3333 3620
3 3620 3333 3330
3 3620 3621 3632
3 3620 3632 3631
3 3334 3623 3331
3 3633 3624 3623
3 3334 3633 3623
3 3336 3633 3334
3 3634 3336 3338
3 3634 3633 3336
3 3340 3625 3626
3 3634 3340 3626
3 3338 3340 3634
3 3625 3340 3342
3 3635 3625 3342
3 3629 3625 3635
3 3630 3629 3636
3 3636 3629 3635
3 3637 3343 3631
3 3631 3343 3333
3 3631 3632 3638
3 3631 3638 3637
3 3345 3639 3635
3 3345 3635 3342
3 3636 3635 3640
3 3640 3635 3639
3 3641 3346 3637
3 3637 3346 3343
3 3637 3638 3642
3 3637 3642 3641
3 3347 3643 3639
3 3347 3639 3345
3 3640 3639 3644
3 3644 3639 3643
3 3641 3348 3346
3 3646 3645 3350
3 3646 3350 3348
3 3642 3646 3348
3 3641 3642 3348
3 3647 3645 3646
3 3351 3648 3643
3 3351 3643 3347
3 3644 3643 3649
3 3649 3643 3648
3 3650 3352 3645
3 3645 3352 3350
3 3645 3647 3651
3 3645 3651 3650
3 3353 3648 3351
3 3353 3355 3648
3 3355 3649 3648
3 3355 3652 3649
3 3650 3356 3352
3 3358 3356 3650
3 3651 3358 3650
3 3653 3358 3651
3 3359 3652 3355
3 3359 3654 3652
3 3653 3361 3358
3 3655 3361 3653
3 3362 3654 3359
3 3362 3656 3654
3 3655 3364 3361
3 3657 3364 3655
3 3365 3656 3362
3 3365 3658 3656
3 3657 3367 3364
3 3659 3367 3657
3 3368 3658 3365
3 3368 3660 3658
3 3662 3370 3661
3 3370 3659 3661
3 3370 3367 3659
3 3663 3662 3661
3 3666 3665 3664
3 3667 3664 3665
3 3372 3660 3368
3 3372 3668 3660
3 3669 3374 3662
3 3662 3374 3370
3 3662 3663 3670
3 3662 3670 3669
3 3673 3672 3671
3 3675 3674 3671
3 3675 3671 3672
3 3376 3377 3674
3 3675 3376 3674
3 3676 3376 3675
3 3664 3379 3666
3 3379 3676 3666
3 3379 3376 3676
3 3667 3677 3664
3 3677 3379 3664
3 3677 3380 3379
3 3372 3380 3668
3 3668 3380 3677
3 3678 3381 3669
3 3669 3381 3374
3 3669 3670 3679
3 3680 3669 3679
3 3678 3669 3680
3 3680 3679 3673
3 3680 3673 3671
3 3384 3680 3671
3 3383 3384 3671
3 3383 3671 3385
3 3385 3671 3674
3 3385 3674 3377
3 3678 3386 3381
3 3386 3678 3389
3 3389 3678 3680
3 3389 3680 3384
3 3683 3682 3681
3 3681 3684 3683
3 3681 3682 3685
3 3685 3682 3686
3 3684 3681 3687
3 3687 3681 3685
3 3685 3686 3688
3 3688 3686 3689
3 3687 3685 3690
3 3690 3685 3688
3 3693 3692 3691
3 3693 3691 3689
3 3689 3691 3688
3 3691 3390 3688
3 3390 3391 3688
3 3391 3392 3688
3 3392 3690 3688
3 3392 3694 3690
3 3696 3695 3395
3 3395 3695 3394
3 3396 3691 3692
3 3696 3396 3692
3 3395 3396 3696
3 3698 3697 3400
3 3698 3396 3697
3 3396 3698 3691
3 3699 3691 3698
3 3691 3699 3390
3 3697 3390 3699
3 3699 3398 3697
3 3697 3398 3400
3 3396 3390 3697
3 3392 3398 3694
3 3694 3398 3699
3 3701 3700 3402
3 3402 3700 3401
3 3702 3402 3403
3 3702 3701 3402
3 3403 3394 3695
3 3403 3695 3702
3 3704 3703 3407
3 3704 3407 3406
3 3400 3407 3698
3 3698 3407 3703
3 3705 3408 3409
3 3705 3409 3706
3 3409 3707 3706
3 3409 3410 3707
3 3410 3401 3700
3 3410 3700 3707
3 3709 3708 3411
3 3709 3411 3412
3 3406 3411 3704
3 3704 3411 3708
3 3711 3710 3414
3 3414 3710 3413
3 3414 3408 3705
3 3712 3414 3705
3 3711 3414 3712
3 3712 3705 3706
3 3416 3709 3412
3 3416 3713 3709
3 3715 3714 3418
3 3418 3714 3417
3 3716 3418 3419
3 3716 3715 3418
3 3419 3413 3710
3 3419 3710 3716
3 3421 3713 3416
3 3421 3717 3713
3 3718 3423 3424
3 3718 3424 3719
3 3424 3720 3719
3 3424 3425 3720
3 3721 3425 3426
3 3721 3720 3425
3 3426 3417 3714
3 3426 3714 3721
3 3428 3722 3427
3 3722 3723 3427
3 3723 3421 3427
3 3723 3717 3421
3 3725 3724 3430
3 3430 3724 3429
3 3430 3423 3718
3 3726 3430 3718
3 3725 3430 3726
3 3726 3718 3719
3 3728 3727 3722
3 3428 3728 3722
3 3431 3728 3428
3 3722 3727 3723
3 3730 3729 3433
3 3433 3729 3432
3 3433 3429 3724
3 3433 3724 3730
3 3733 3732 3731
3 3732 3728 3731
3 3728 3434 3731
3 3728 3431 3434
3 3735 3734 3437
3 3437 3734 3436
3 3437 3432 3729
3 3437 3729 3735
3 3733 3731 3736
3 3733 3736 3737
3 3438 3736 3434
3 3434 3736 3731
3 3734 3440 3436
3 3738 3440 3734
3 3442 3739 3441
3 3740 3444 3441
3 3740 3441 3739
3 3740 3445 3444
3 3737 3736 3741
3 3737 3741 3742
3 3446 3741 3438
3 3438 3741 3736
3 3447 3440 3743
3 3440 3744 3743
3 3440 3738 3744
3 3743 3448 3447
3 3449 3745 3739
3 3449 3739 3442
3 3747 3740 3746
3 3740 3745 3746
3 3740 3739 3745
3 3740 3747 3445
3 3747 3451 3445
3 3747 3748 3451
3 3452 3451 3748
3 3452 3748 3749
3 3742 3741 3750
3 3742 3750 3751
3 3454 3750 3446
3 3446 3750 3741
3 3744 3752 3743
3 3448 3743 3752
3 3753 3448 3752
3 3455 3448 3753
3 3456 3745 3449
3 3456 3458 3745
3 3458 3746 3745
3 3458 3754 3746
3 3749 3755 3452
3 3452 3755 3460
3 3757 3756 3461
3 3460 3757 3461
3 3755 3757 3460
3 3759 3758 3756
3 3759 3756 3757
3 3761 3760 3758
3 3761 3758 3759
3 3760 3761 3751
3 3750 3760 3751
3 3762 3760 3750
3 3463 3762 3454
3 3454 3762 3750
3 3753 3465 3455
3 3763 3465 3753
3 3466 3765 3764
3 3754 3466 3764
3 3458 3466 3754
3 3765 3766 3764
3 3756 3468 3461
3 3468 3756 3470
3 3470 3756 3758
3 3470 3758 3471
3 3758 3767 3471
3 3758 3760 3767
3 3474 3767 3473
3 3767 3762 3473
3 3767 3760 3762
3 3473 3762 3463
3 3763 3768 3465
3 3465 3768 3475
3 3476 3475 3768
3 3476 3768 3769
3 3477 3765 3466
3 3771 3770 3479
3 3479 3770 3477
3 3770 3766 3477
3 3766 3765 3477
3 3771 3772 3770
3 3767 3481 3471
3 3481 3767 3474
3 3769 3482 3476
3 3773 3482 3769
3 3484 3771 3479
3 3775 3774 3486
3 3486 3774 3484
3 3774 3772 3484
3 3772 3771 3484
3 3775 3776 3774
3 3773 3487 3482
3 3777 3487 3773
3 3489 3778 3775
3 3489 3775 3486
3 3776 3775 3779
3 3775 3780 3779
3 3775 3778 3780
3 3780 3781 3779
3 3777 3490 3487
3 3782 3490 3777
3 3492 3778 3489
3 3778 3492 3494
3 3783 3778 3494
3 3780 3778 3783
3 3781 3780 3784
3 3784 3780 3783
3 3782 3495 3490
3 3785 3495 3782
3 3498 3786 3783
3 3498 3783 3494
3 3784 3783 3787
3 3783 3788 3787
3 3783 3786 3788
3 3788 3789 3787
3 3785 3499 3495
3 3790 3499 3785
3 3502 3786 3498
3 3786 3502 3504
3 3791 3786 3504
3 3788 3786 3791
3 3789 3788 3792
3 3792 3788 3791
3 3790 3505 3499
3 3793 3505 3790
3 3510 3794 3791
3 3510 3791 3504
3 3792 3791 3795
3 3795 3791 3794
3 3793 3511 3505
3 3796 3511 3793
3 3515 3797 3516
3 3794 3510 3516
3 3797 3794 3516
3 3798 3794 3797
3 3795 3794 3799
3 3794 3800 3799
3 3794 3798 3800
3 3800 3801 3799
3 3796 3517 3511
3 3802 3517 3796
3 3519 3803 3520
3 3804 3521 3520
3 3804 3520 3803
3 3797 3515 3521
3 3804 3797 3521
3 3805 3797 3804
3 3797 3806 3798
3 3797 3805 3806
3 3798 3807 3800
3 3798 3806 3807
3 3801 3800 3808
3 3808 3800 3807
3 3802 3523 3517
3 3809 3523 3802
3 3525 3810 3524
3 3803 3519 3524
3 3810 3803 3524
3 3811 3803 3810
3 3803 3812 3804
3 3803 3811 3812
3 3804 3813 3805
3 3804 3812 3813
3 3805 3814 3806
3 3805 3813 3814
3 3806 3815 3807
3 3806 3814 3815
3 3808 3807 3816
3 3816 3807 3815
3 3809 3527 3523
3 3817 3527 3809
3 3810 3525 3528
3 3820 3819 3818
3 3821 3819 3820
3 3819 3821 3530
3 3811 3530 3821
3 3530 3811 3528
3 3810 3528 3811
3 3823 3822 3821
3 3822 3811 3821
3 3822 3812 3811
3 3812 3824 3813
3 3812 3822 3824
3 3813 3825 3814
3 3813 3824 3825
3 3814 3826 3815
3 3814 3825 3826
3 3816 3815 3827
3 3827 3815 3826
3 3817 3531 3527
3 3828 3531 3817
3 3829 3818 3819
3 3819 3530 3829
3 3530 3830 3829
3 3530 3532 3830
3 3823 3831 3822
3 3822 3831 3824
3 3824 3831 3832
3 3834 3833 3832
3 3833 3824 3832
3 3833 3825 3824
3 3825 3835 3826
3 3825 3833 3835
3 3827 3826 3836
3 3836 3826 3835
3 3828 3533 3531
3 3837 3533 3828
3 3534 3830 3532
3 3534 3838 3830
3 3834 3839 3833
3 3841 3840 3839
3 3840 3833 3839
3 3840 3835 3833
3 3836 3835 3842
3 3835 3843 3842
3 3835 3840 3843
3 3843 3844 3842
3 3837 3535 3533
3 3845 3535 3837
3 3536 3838 3534
3 3536 3846 3838
3 3840 3841 3847
3 3847 3841 3848
3 3840 3849 3843
3 3840 3847 3849
3 3844 3843 3850
3 3843 3851 3850
3 3843 3849 3851
3 3851 3852 3850
3 3854 3537 3853
3 3537 3845 3853
3 3537 3535 3845
3 3855 3854 3853
3 3536 3538 3856
3 3857 3536 3856
3 3846 3536 3857
3 3540 3856 3538
3 3847 3848 3858
3 3858 3848 3859
3 3847 3860 3849
3 3847 3858 3860
3 3849 3861 3851
3 3849 3860 3861
3 3852 3851 3862
3 3862 3851 3861
3 3863 3541 3854
3 3854 3541 3537
3 3854 3855 3864
3 3854 3864 3863
3 3865 3857 3856
3 3856 3540 3865
3 3540 3866 3865
3 3540 3543 3866
3 3858 3859 3867
3 3867 3859 3868
3 3858 3869 3860
3 3858 3867 3869
3 3860 3870 3861
3 3860 3869 3870
3 3862 3861 3871
3 3871 3861 3870
3 3863 3544 3541
3 3546 3544 3863
3 3864 3546 3863
3 3872 3546 3864
3 3548 3866 3543
3 3548 3873 3866
3 3867 3868 3874
3 3874 3868 3875
3 3867 3876 3869
3 3867 3874 3876
3 3869 3877 3870
3 3869 3876 3877
3 3871 3870 3878
3 3870 3879 3878
3 3870 3877 3879
3 3879 3880 3878
3 3881 3549 3550
3 3882 3881 3550
3 3546 3882 3550
3 3872 3882 3546
3 3552 3873 3548
3 3552 3883 3873
3 3875 3884 3874
3 3886 3885 3884
3 3885 3874 3884
3 3885 3876 3874
3 3876 3887 3877
3 3876 3885 3887
3 3877 3888 3879
3 3877 3887 3888
3 3880 3879 3889
3 3889 3879 3888
3 3890 3553 3881
3 3881 3553 3549
3 3881 3882 3891
3 3881 3891 3890
3 3555 3883 3552
3 3555 3892 3883
3 3885 3886 3893
3 3893 3886 3894
3 3885 3895 3887
3 3885 3893 3895
3 3887 3896 3888
3 3887 3895 3896
3 3889 3888 3897
3 3897 3888 3896
3 3890 3556 3553
3 3558 3556 3890
3 3891 3558 3890
3 3898 3558 3891
3 3560 3892 3555
3 3560 3899 3892
3 3894 3900 3893
3 3902 3901 3900
3 3901 3893 3900
3 3901 3895 3893
3 3895 3903 3896
3 3895 3901 3903
3 3897 3896 3904
3 3904 3896 3903
3 3906 3562 3905
3 3562 3898 3905
3 3562 3558 3898
3 3907 3906 3905
3 3908 3899 3560
3 3908 3560 3563
3 3563 3565 3908
3 3908 3565 3909
3 3902 3910 3901
3 3912 3911 3910
3 3911 3901 3910
3 3911 3903 3901
3 3904 3903 3913
3 3913 3903 3911
3 3914 3567 3906
3 3906 3567 3562
3 3906 3907 3915
3 3906 3915 3914
3 3916 3909 3565
3 3916 3565 3568
3 3568 3570 3916
3 3916 3570 3917
3 3912 3918 3911
3 3911 3918 3913
3 3919 3572 3914
3 3914 3572 3567
3 3914 3915 3920
3 3914 3920 3919
3 3574 3917 3570
3 3574 3921 3917
3 3919 3576 3572
3 3577 3576 3919
3 3920 3577 3919
3 3922 3577 3920
3 3923 3921 3574
3 3923 3574 3578
3 3578 3580 3923
3 3923 3580 3924
3 3926 3582 3925
3 3582 3922 3925
3 3582 3577 3922
3 3927 3926 3925
3 3580 3583 3928
3 3929 3580 3928
3 3924 3580 3929
3 3585 3928 3583
3 3930 3586 3926
3 3926 3586 3582
3 3926 3927 3931
3 3926 3931 3930
3 3932 3929 3928
3 3928 3585 3932
3 3585 3933 3932
3 3585 3587 3933
3 3930 3588 3586
3 3935 3934 3590
3 3935 3590 3588
3 3931 3935 3588
3 3930 3931 3588
3 3936 3934 3935
3 3591 3933 3587
3 3591 3937 3933
3 3938 3593 3934
3 3934 3593 3590
3 3934 3936 3939
3 3934 3939 3938
3 3591 3594 3940
3 3941 3591 3940
3 3937 3591 3941
3 3595 3940 3594
3 3938 3597 3593
3 3599 3597 3938
3 3939 3599 3938
3 3942 3599 3939
3 3943 3941 3940
3 3940 3595 3943
3 3595 3944 3943
3 3595 3600 3944
3 3946 3602 3945
3 3602 3942 3945
3 3602 3599 3942
3 3947 3946 3945
3 3950 3949 3948
3 3949 3944 3948
3 3944 3603 3948
3 3944 3600 3603
3 3951 3605 3946
3 3946 3605 3602
3 3946 3947 3952
3 3946 3952 3951
3 3950 3948 3953
3 3950 3953 3954
3 3607 3953 3603
3 3603 3953 3948
3 3955 3609 3951
3 3951 3609 3605
3 3951 3952 3956
3 3951 3956 3955
3 3954 3953 3610
3 3611 3954 3610
3 3957 3954 3611
3 3610 3953 3607
3 3955 3613 3609
3 3614 3613 3955
3 3956 3614 3955
3 3958 3614 3956
3 3615 3957 3611
3 3615 3959 3957
3 3962 3961 3960
3 3960 3963 3962
3 3958 3617 3614
3 3964 3617 3958
3 3619 3965 3618
3 3965 3966 3618
3 3966 3615 3618
3 3966 3959 3615
3 3969 3968 3967
3 3971 3970 3967
3 3967 3970 3969
3 3970 3971 3961
3 3971 3960 3961
3 3971 3972 3960
3 3963 3960 3973
3 3960 3974 3973
3 3960 3972 3974
3 3974 3975 3973
3 3964 3621 3617
3 3976 3621 3964
3 3622 3965 3619
3 3978 3977 3624
3 3624 3977 3622
3 3977 3966 3622
3 3966 3965 3622
3 3977 3978 3968
3 3978 3967 3968
3 3978 3979 3967
3 3979 3626 3627
3 3971 3979 3627
3 3967 3979 3971
3 3971 3627 3628
3 3971 3628 3972
3 3972 3628 3630
3 3980 3972 3630
3 3974 3972 3980
3 3975 3974 3981
3 3981 3974 3980
3 3976 3632 3621
3 3982 3632 3976
3 3633 3978 3624
3 3978 3633 3634
3 3978 3634 3979
3 3979 3634 3626
3 3636 3983 3980
3 3636 3980 3630
3 3981 3980 3984
3 3980 3985 3984
3 3980 3983 3985
3 3985 3986 3984
3 3982 3638 3632
3 3987 3638 3982
3 3640 3988 3983
3 3640 3983 3636
3 3990 3985 3989
3 3985 3988 3989
3 3985 3983 3988
3 3985 3990 3986
3 3992 3642 3991
3 3642 3987 3991
3 3642 3638 3987
3 3993 3992 3991
3 3644 3994 3988
3 3644 3988 3640
3 3989 3988 3995
3 3995 3988 3994
3 3992 3646 3642
3 3647 3646 3992
3 3993 3647 3992
3 3996 3647 3993
3 3649 3997 3994
3 3649 3994 3644
3 3995 3994 3998
3 3998 3994 3997
3 4000 3651 3999
3 3651 3996 3999
3 3651 3647 3996
3 4001 4000 3999
3 4003 4002 3997
3 3649 4003 3997
3 3652 4003 3649
3 3997 4002 3998
3 4004 3653 4000
3 4000 3653 3651
3 4000 4001 4005
3 4000 4005 4004
3 3654 4003 3652
3 3654 4006 4003
3 4007 3655 4004
3 4004 3655 3653
3 4004 4005 4008
3 4004 4008 4007
3 3656 4006 3654
3 3656 4009 4006
3 4010 3657 4007
3 4007 3657 3655
3 4007 4008 4011
3 4007 4011 4010
3 3658 4009 3656
3 3658 4012 4009
3 4013 3659 4010
3 4010 3659 3657
3 4010 4011 4014
3 4010 4014 4013
3 3660 4012 3658
3 3660 4015 4012
3 4013 3661 3659
3 3663 3661 4013
3 4014 3663 4013
3 4016 3663 4014
3 4019 4018 4017
3 4021 4020 4017
3 4021 4017 4018
3 3665 3666 4020
3 4021 3665 4020
3 4022 3665 4021
3 4024 4023 3667
3 3665 4024 3667
3 4022 4024 3665
3 4024 4015 4023
3 4015 3668 4023
3 4015 3660 3668
3 4016 3670 3663
3 4025 3670 4016
3 4027 4026 3672
3 4027 3672 3673
3 4017 3675 4019
3 3675 4026 4019
3 3675 3672 4026
3 3675 4017 3676
3 3676 4017 4020
3 3676 4020 3666
3 4023 3677 3667
3 3677 4023 3668
3 4025 4028 3670
3 3670 4028 3679
3 3673 3679 4027
3 4027 3679 4028
3 4030 4029 3683
3 3683 4029 3682
3 3683 3684 4030
3 4030 3684 4031
3 4029 3686 3682
3 4032 3686 4029
3 3687 4031 3684
3 3687 4033 4031
3 4032 3689 3686
3 4034 3689 4032
3 3690 4033 3687
3 3690 4035 4033
3 4037 4036 3693
3 3693 4036 3692
3 3693 3689 4034
3 3693 4034 4037
3 3694 4035 3690
3 3694 4038 4035
3 4040 4039 3696
3 3696 4039 3695
3 3696 3692 4036
3 3696 4036 4040
3 4042 4041 3699
3 4042 3699 3698
3 3694 3699 4038
3 4038 3699 4041
3 4044 4043 3701
3 3701 4043 3700
3 4045 3701 3702
3 4045 4044 3701
3 3702 3695 4039
3 3702 4039 4045
3 4047 4046 3703
3 4047 3703 3704
3 3698 3703 4042
3 4042 3703 4046
3 4049 4048 3707
3 3707 4048 3706
3 3707 3700 4043
3 3707 4043 4049
3 3709 4050 3708
3 4050 4051 3708
3 4051 3704 3708
3 4051 4047 3704
3 4053 4052 3711
3 3711 4052 3710
3 4054 3711 3712
3 4054 4053 3711
3 3712 3706 4048
3 3712 4048 4054
3 4056 4055 4050
3 3709 4056 4050
3 3713 4056 3709
3 4050 4055 4051
3 4058 4057 3715
3 3715 4057 3714
3 4059 3715 3716
3 4059 4058 3715
3 3716 3710 4052
3 3716 4052 4059
3 3717 4056 3713
3 3717 4060 4056
3 4062 4061 3720
3 3720 4061 3719
3 4063 3720 3721
3 4063 4062 3720
3 3721 3714 4057
3 3721 4057 4063
3 3723 4060 3717
3 3723 4064 4060
3 4066 4065 3725
3 3725 4065 3724
3 4067 3725 3726
3 4067 4066 3725
3 3726 3719 4061
3 3726 4061 4067
3 4069 4068 3727
3 4069 3727 3728
3 3723 3727 4064
3 4064 3727 4068
3 4071 4070 3730
3 3730 4070 3729
3 3730 3724 4065
3 3730 4065 4071
3 4073 4072 3732
3 4073 3732 3733
3 3728 3732 4069
3 4069 3732 4072
3 4075 4074 3735
3 3735 4074 3734
3 3735 3729 4070
3 3735 4070 4075
3 4078 4077 4076
3 4077 4073 4076
3 4073 3737 4076
3 4073 3733 3737
3 4074 3738 3734
3 4079 3738 4074
3 4078 4076 4080
3 4078 4080 4081
3 3742 4080 3737
3 3737 4080 4076
3 4079 3744 3738
3 4082 3744 4079
3 4084 4083 3747
3 4084 3747 3746
3 3747 4085 3748
3 4083 4085 3747
3 4087 4086 3749
3 3748 4087 3749
3 4085 4087 3748
3 4089 4088 4086
3 4089 4086 4087
3 4091 4090 4088
3 4091 4088 4089
3 4090 4091 4081
3 4080 4090 4081
3 4092 4090 4080
3 3751 4092 3742
3 3742 4092 4080
3 3752 3744 4093
3 3744 4094 4093
3 3744 4082 4094
3 4093 3753 3752
3 3754 4096 4095
3 4084 3754 4095
3 3746 3754 4084
3 4096 4097 4095
3 4086 3755 3749
3 3755 4086 3757
3 3757 4086 4088
3 3757 4088 3759
3 3759 4088 4090
3 3759 4090 3761
3 3761 4090 4092
3 3761 4092 3751
3 4094 4098 4093
3 3753 4093 4098
3 4099 3753 4098
3 3763 3753 4099
3 3764 4096 3754
3 4101 4100 3766
3 3766 4100 3764
3 4100 4097 3764
3 4097 4096 3764
3 4101 4102 4100
3 3768 3763 4103
3 3763 4104 4103
3 3763 4099 4104
3 4103 3769 3768
3 3770 4101 3766
3 4106 4105 3772
3 3772 4105 3770
3 4105 4102 3770
3 4102 4101 3770
3 4106 4107 4105
3 4104 4108 4103
3 3769 4103 4108
3 4109 3769 4108
3 3773 3769 4109
3 3774 4106 3772
3 3774 3776 4106
3 3776 4107 4106
3 3776 4110 4107
3 4109 3777 3773
3 4111 3777 4109
3 4112 4110 3776
3 4112 3776 3779
3 3779 3781 4112
3 4112 3781 4113
3 4115 3782 4114
3 3782 4111 4114
3 3782 3777 4111
3 4116 4115 4114
3 4119 4118 4117
3 4120 4117 4118
3 3784 4122 4121
3 4113 3784 4121
3 3781 3784 4113
3 4122 4123 4121
3 4124 3785 4115
3 4115 3785 3782
3 4115 4116 4125
3 4115 4125 4124
3 4119 4117 4126
3 4119 4126 4127
3 4117 4120 4128
3 4117 4128 4126
3 3787 4122 3784
3 3787 3789 4122
3 3789 4123 4122
3 3789 4129 4123
3 4131 4130 4124
3 4130 3785 4124
3 4130 3790 3785
3 4131 4124 4125
3 4132 4127 4126
3 4132 4126 4128
3 3792 4134 4133
3 4129 3792 4133
3 3789 3792 4129
3 4134 4135 4133
3 4130 3793 3790
3 4136 3793 4130
3 3795 4137 4134
3 3795 4134 3792
3 4135 4134 4138
3 4138 4134 4137
3 4136 3796 3793
3 4139 3796 4136
3 3799 4137 3795
3 4141 4140 3801
3 3801 4140 3799
3 4140 4138 3799
3 4138 4137 3799
3 4141 4142 4140
3 4139 3802 3796
3 4143 3802 4139
3 3808 4144 4141
3 3808 4141 3801
3 4142 4141 4145
3 4145 4141 4144
3 4143 3809 3802
3 4146 3809 4143
3 3816 4147 4144
3 3816 4144 3808
3 4145 4144 4148
3 4144 4149 4148
3 4144 4147 4149
3 4149 4150 4148
3 4146 3817 3809
3 4151 3817 4146
3 3818 4152 3820
3 4153 3821 3820
3 4153 3820 4152
3 4153 3823 3821
3 3827 4154 4147
3 3827 4147 3816
3 4147 4155 4149
3 4147 4154 4155
3 4150 4149 4156
3 4156 4149 4155
3 4151 3828 3817
3 4157 3828 4151
3 3829 4152 3818
3 4153 4152 4158
3 4152 3830 4158
3 3830 4159 4158
3 3830 4152 3829
3 4158 4161 4160
3 4158 4160 3831
3 4153 4158 3831
3 3823 4153 3831
3 4162 3832 3831
3 4162 3831 4160
3 4162 3834 3832
3 3836 4163 4154
3 3836 4154 3827
3 4154 4164 4155
3 4154 4163 4164
3 4156 4155 4165
3 4165 4155 4164
3 4167 3837 4166
3 3837 4157 4166
3 3837 3828 4157
3 4168 4167 4166
3 3838 4159 3830
3 3838 4169 4159
3 4161 4170 4160
3 4172 4171 4170
3 4171 4160 4170
3 4171 4162 4160
3 4173 3839 3834
3 4162 4173 3834
3 4171 4173 4162
3 4173 3841 3839
3 3842 4163 3836
3 4163 3842 3844
3 4174 4163 3844
3 4164 4163 4174
3 4165 4164 4175
3 4164 4176 4175
3 4164 4174 4176
3 4176 4177 4175
3 4178 3845 4167
3 4167 3845 3837
3 4167 4168 4179
3 4167 4179 4178
3 3846 4169 3838
3 3846 4180 4169
3 4171 4172 4181
3 4181 4172 4182
3 4171 4183 4173
3 4171 4181 4183
3 4183 3848 3841
3 4183 3841 4173
3 3850 4174 3844
3 4174 3850 3852
3 4184 4174 3852
3 4176 4174 4184
3 4177 4176 4185
3 4185 4176 4184
3 4178 3853 3845
3 3855 3853 4178
3 4179 3855 4178
3 4186 3855 4179
3 3857 4180 3846
3 3857 4187 4180
3 4182 4188 4181
3 4190 4189 4188
3 4189 4181 4188
3 4189 4183 4181
3 4189 3859 3848
3 4189 3848 4183
3 3862 4191 4184
3 3862 4184 3852
3 4185 4184 4192
3 4184 4193 4192
3 4184 4191 4193
3 4193 4194 4192
3 4186 3864 3855
3 4195 3864 4186
3 3857 3865 4196
3 4197 3857 4196
3 4187 3857 4197
3 3866 4196 3865
3 4189 4190 4198
3 4198 4190 4199
3 4198 3868 3859
3 4198 3859 4189
3 3871 4200 4191
3 3871 4191 3862
3 4191 4201 4193
3 4191 4200 4201
3 4194 4193 4202
3 4202 4193 4201
3 4195 3872 3864
3 4203 3872 4195
3 4197 4196 4204
3 4197 4204 4205
3 3873 4204 3866
3 3866 4204 4196
3 4198 4199 4206
3 4206 4199 4207
3 4206 3875 3868
3 4206 3868 4198
3 3878 4200 3871
3 4200 3878 3880
3 4208 4200 3880
3 4201 4200 4208
3 4202 4201 4209
3 4201 4210 4209
3 4201 4208 4210
3 4210 4211 4209
3 4203 3882 3872
3 4212 3882 4203
3 4213 4205 4204
3 4204 3873 4213
3 3873 4214 4213
3 3873 3883 4214
3 4207 4215 4206
3 4215 4217 4216
3 4215 4216 3884
3 4206 4215 3884
3 3875 4206 3884
3 4216 3886 3884
3 3889 4218 4208
3 3889 4208 3880
3 4208 4219 4210
3 4208 4218 4219
3 4211 4210 4220
3 4220 4210 4219
3 4212 3891 3882
3 4221 3891 4212
3 3892 4214 3883
3 3892 4222 4214
3 4216 4217 4223
3 4223 4217 4224
3 4223 3894 3886
3 4223 3886 4216
3 3897 4225 4218
3 3897 4218 3889
3 4218 4226 4219
3 4218 4225 4226
3 4220 4219 4227
3 4227 4219 4226
3 4229 3898 4228
3 3898 4221 4228
3 3898 3891 4221
3 4230 4229 4228
3 3899 4222 3892
3 3899 4231 4222
3 4224 4232 4223
3 4232 4234 4233
3 4232 4233 3900
3 4223 4232 3900
3 3894 4223 3900
3 4233 3902 3900
3 3904 4235 4225
3 3904 4225 3897
3 4225 4236 4226
3 4225 4235 4236
3 4227 4226 4237
3 4237 4226 4236
3 4229 3905 3898
3 3907 3905 4229
3 4230 3907 4229
3 4238 3907 4230
3 4239 4231 3899
3 4239 3899 3908
3 3908 3909 4239
3 4239 3909 4240
3 4233 4234 4241
3 4241 4234 4242
3 4243 3910 3902
3 4233 4243 3902
3 4241 4243 4233
3 4243 3912 3910
3 3913 4244 4235
3 3913 4235 3904
3 4235 4245 4236
3 4235 4244 4245
3 4237 4236 4246
3 4246 4236 4245
3 4238 3915 3907
3 4247 3915 4238
3 4248 4240 3909
3 4248 3909 3916
3 3916 3917 4248
3 4248 3917 4249
3 4242 4250 4241
3 4252 4251 4250
3 4251 4241 4250
3 4251 4243 4241
3 4253 3918 3912
3 4243 4253 3912
3 4251 4253 4243
3 4244 3913 3918
3 4253 4244 3918
3 4254 4244 4253
3 4244 4255 4245
3 4244 4254 4255
3 4246 4245 4256
3 4256 4245 4255
3 4258 3920 4257
3 3920 4247 4257
3 3920 3915 4247
3 4259 4258 4257
3 3921 4249 3917
3 3921 4260 4249
3 4252 4261 4251
3 4263 4262 4261
3 4262 4251 4261
3 4262 4253 4251
3 4253 4264 4254
3 4253 4262 4264
3 4254 4265 4255
3 4254 4264 4265
3 4256 4255 4266
3 4266 4255 4265
3 4267 3922 4258
3 4258 3922 3920
3 4258 4259 4268
3 4258 4268 4267
3 3921 3923 4269
3 4270 3921 4269
3 4260 3921 4270
3 3924 4269 3923
3 4262 4263 4271
3 4271 4263 4272
3 4262 4273 4264
3 4262 4271 4273
3 4275 4265 4274
3 4265 4273 4274
3 4265 4264 4273
3 4265 4275 4266
3 4267 3925 3922
3 3927 3925 4267
3 4268 3927 4267
3 4276 3927 4268
3 4277 4270 4269
3 4269 3924 4277
3 3924 4278 4277
3 3924 3929 4278
3 4272 4279 4271
3 4271 4279 4273
3 4273 4279 4280
3 4273 4280 4274
3 4282 3931 4281
3 3931 4276 4281
3 3931 3927 4276
3 4283 4282 4281
3 3929 3932 4284
3 4285 3929 4284
3 4278 3929 4285
3 3933 4284 3932
3 4282 3935 3931
3 3936 3935 4282
3 4283 3936 4282
3 4286 3936 4283
3 4285 4284 4287
3 4285 4287 4288
3 3937 4287 3933
3 3933 4287 4284
3 4290 3939 4289
3 3939 4286 4289
3 3939 3936 4286
3 4291 4290 4289
3 4292 4288 4287
3 4287 3937 4292
3 3937 4293 4292
3 3937 3941 4293
3 4294 3942 4290
3 4290 3942 3939
3 4290 4291 4295
3 4290 4295 4294
3 3941 3943 4296
3 4297 3941 4296
3 4293 3941 4297
3 3944 4296 3943
3 4294 3945 3942
3 3947 3945 4294
3 4295 3947 4294
3 4298 3947 4295
3 4297 4296 3949
3 3950 4297 3949
3 4299 4297 3950
3 3949 4296 3944
3 4302 4301 4300
3 4304 4303 4300
3 4300 4303 4302
3 4304 4305 4303
3 4298 3952 3947
3 4306 3952 4298
3 3954 4299 3950
3 3954 4307 4299
3 4310 4309 4308
3 4310 4308 4301
3 4308 4300 4301
3 4308 4311 4300
3 4300 4312 4304
3 4300 4311 4312
3 4305 4304 4313
3 4313 4304 4312
3 4306 3956 3952
3 4314 3956 4306
3 3957 4307 3954
3 3957 4315 4307
3 4318 4317 4316
3 4318 4316 4309
3 4316 4308 4309
3 4316 4319 4308
3 4308 4320 4311
3 4308 4319 4320
3 4311 4321 4312
3 4311 4320 4321
3 4313 4312 4322
3 4312 4323 4322
3 4312 4321 4323
3 4323 4324 4322
3 4314 3958 3956
3 4325 3958 4314
3 3959 4327 4326
3 4315 3959 4326
3 3957 3959 4315
3 4326 4327 4317
3 4327 4316 4317
3 4327 4328 4316
3 4316 4329 4319
3 4316 4328 4329
3 4329 3961 3962
3 4320 4329 3962
3 4319 4329 4320
3 4320 3962 3963
3 4330 4320 3963
3 4321 4320 4330
3 4321 4331 4323
3 4321 4330 4331
3 4324 4323 4332
3 4332 4323 4331
3 4325 3964 3958
3 4333 3964 4325
3 3966 4334 4327
3 3966 4327 3959
3 4334 3968 3969
3 4328 4334 3969
3 4327 4334 4328
3 4328 3969 3970
3 4328 3970 4329
3 4329 3970 3961
3 3973 4330 3963
3 4330 3973 3975
3 4335 4330 3975
3 4331 4330 4335
3 4332 4331 4336
3 4336 4331 4335
3 4333 3976 3964
3 4337 3976 4333
3 3977 4334 3966
3 4334 3977 3968
3 3981 4338 4335
3 3981 4335 3975
3 4336 4335 4339
3 4339 4335 4338
3 4341 3982 4340
3 3982 4337 4340
3 3982 3976 4337
3 4342 4341 4340
3 3984 4338 3981
3 3984 3986 4338
3 3986 4339 4338
3 3986 4343 4339
3 4344 3987 4341
3 4341 3987 3982
3 4341 4342 4345
3 4341 4345 4344
3 4348 4347 4346
3 4349 4346 4347
3 3989 4350 3990
3 4350 4351 3990
3 4351 3986 3990
3 4351 4343 3986
3 4344 3991 3987
3 4353 4352 3993
3 4353 3993 3991
3 4345 4353 3991
3 4344 4345 3991
3 4354 4352 4353
3 4348 4346 4355
3 4348 4355 4356
3 4346 4349 4357
3 4346 4357 4355
3 3995 4358 4350
3 3995 4350 3989
3 4351 4350 4359
3 4359 4350 4358
3 4360 3996 4352
3 4352 3996 3993
3 4352 4354 4361
3 4352 4361 4360
3 4362 4356 4355
3 4362 4355 4357
3 4364 4363 4358
3 3995 4364 4358
3 3998 4364 3995
3 4358 4363 4359
3 4360 3999 3996
3 4001 3999 4360
3 4361 4001 4360
3 4365 4001 4361
3 4003 4366 4002
3 4366 4367 4002
3 4367 3998 4002
3 4367 4364 3998
3 4365 4005 4001
3 4368 4005 4365
3 4370 4369 4366
3 4003 4370 4366
3 4006 4370 4003
3 4366 4369 4367
3 4368 4008 4005
3 4371 4008 4368
3 4009 4370 4006
3 4009 4372 4370
3 4371 4011 4008
3 4373 4011 4371
3 4012 4372 4009
3 4012 4374 4372
3 4373 4014 4011
3 4375 4014 4373
3 4015 4374 4012
3 4015 4376 4374
3 4375 4016 4014
3 4377 4016 4375
3 4380 4379 4378
3 4018 4019 4378
3 4379 4018 4378
3 4381 4018 4379
3 4018 4382 4021
3 4381 4382 4018
3 4021 4383 4022
3 4382 4383 4021
3 4022 4384 4024
3 4383 4384 4022
3 4015 4024 4376
3 4376 4024 4384
3 4386 4025 4385
3 4025 4377 4385
3 4025 4016 4377
3 4386 4385 4380
3 4386 4380 4378
3 4027 4386 4378
3 4026 4027 4378
3 4026 4378 4019
3 4386 4028 4025
3 4028 4386 4027
3 4387 4029 4030
3 4031 4387 4030
3 4389 4388 4387
3 4388 4029 4387
3 4388 4032 4029
3 4387 4031 4389
3 4031 4390 4389
3 4031 4033 4390
3 4388 4034 4032
3 4391 4034 4388
3 4035 4390 4033
3 4035 4392 4390
3 4394 4393 4037
3 4037 4393 4036
3 4391 4395 4034
3 4395 4396 4034
3 4397 4034 4396
3 4034 4397 4037
3 4398 4037 4397
3 4037 4398 4395
3 4395 4394 4037
3 4391 4394 4395
3 4395 4398 4396
3 4396 4392 4397
3 4392 4038 4397
3 4392 4035 4038
3 4400 4399 4040
3 4040 4399 4039
3 4040 4036 4393
3 4040 4393 4400
3 4398 4397 4041
3 4042 4398 4041
3 4401 4398 4042
3 4041 4397 4038
3 4403 4402 4044
3 4044 4402 4043
3 4404 4044 4045
3 4404 4403 4044
3 4045 4039 4399
3 4045 4399 4404
3 4406 4405 4046
3 4406 4046 4047
3 4042 4046 4401
3 4401 4046 4405
3 4408 4407 4049
3 4049 4407 4048
3 4049 4043 4402
3 4049 4402 4408
3 4051 4406 4047
3 4051 4409 4406
3 4410 4052 4053
3 4410 4053 4411
3 4053 4412 4411
3 4053 4054 4412
3 4054 4048 4407
3 4054 4407 4412
3 4056 4413 4055
3 4413 4414 4055
3 4414 4051 4055
3 4414 4409 4051
3 4415 4057 4058
3 4415 4058 4416
3 4058 4417 4416
3 4058 4059 4417
3 4059 4052 4410
3 4418 4059 4410
3 4417 4059 4418
3 4418 4410 4411
3 4060 4419 4413
3 4060 4413 4056
3 4414 4413 4420
3 4420 4413 4419
3 4422 4421 4062
3 4062 4421 4061
3 4423 4062 4063
3 4423 4422 4062
3 4063 4057 4415
3 4424 4063 4415
3 4423 4063 4424
3 4424 4415 4416
3 4064 4425 4419
3 4064 4419 4060
3 4420 4419 4426
3 4426 4419 4425
3 4428 4427 4066
3 4066 4427 4065
3 4429 4066 4067
3 4429 4428 4066
3 4067 4061 4421
3 4067 4421 4429
3 4069 4430 4068
3 4430 4431 4068
3 4068 4431 4064
3 4431 4432 4064
3 4432 4425 4064
3 4425 4432 4426
3 4434 4433 4071
3 4071 4433 4070
3 4071 4065 4427
3 4071 4427 4434
3 4437 4436 4435
3 4072 4073 4435
3 4436 4072 4435
3 4438 4072 4436
3 4069 4072 4430
3 4072 4439 4430
3 4072 4438 4439
3 4430 4439 4431
3 4441 4440 4075
3 4075 4440 4074
3 4075 4070 4433
3 4075 4433 4441
3 4444 4443 4442
3 4446 4445 4442
3 4446 4442 4443
3 4445 4446 4437
3 4445 4437 4435
3 4078 4445 4435
3 4077 4078 4435
3 4077 4435 4073
3 4440 4079 4074
3 4447 4079 4440
3 4450 4449 4448
3 4452 4451 4448
3 4452 4448 4449
3 4451 4452 4444
3 4442 4451 4444
3 4453 4451 4442
3 4454 4442 4445
3 4453 4442 4454
3 4081 4454 4078
3 4078 4454 4445
3 4447 4082 4079
3 4455 4082 4447
3 4457 4456 4083
3 4457 4083 4084
3 4448 4085 4450
3 4085 4456 4450
3 4085 4083 4456
3 4085 4448 4087
3 4087 4448 4451
3 4087 4451 4089
3 4089 4451 4453
3 4089 4453 4091
3 4091 4453 4454
3 4091 4454 4081
3 4455 4094 4082
3 4458 4094 4455
3 4459 4457 4084
3 4459 4084 4095
3 4095 4097 4459
3 4459 4097 4460
3 4098 4094 4461
3 4094 4462 4461
3 4094 4458 4462
3 4461 4099 4098
3 4463 4460 4097
3 4463 4097 4100
3 4100 4102 4463
3 4463 4102 4464
3 4462 4465 4461
3 4099 4461 4465
3 4466 4099 4465
3 4104 4099 4466
3 4467 4464 4102
3 4467 4102 4105
3 4105 4107 4467
3 4467 4107 4468
3 4108 4104 4469
3 4104 4470 4469
3 4104 4466 4470
3 4469 4109 4108
3 4110 4468 4107
3 4110 4471 4468
3 4470 4472 4469
3 4109 4469 4472
3 4473 4109 4472
3 4111 4109 4473
3 4474 4471 4110
3 4474 4110 4112
3 4112 4113 4474
3 4474 4113 4475
3 4473 4476 4111
3 4111 4476 4114
3 4116 4114 4476
3 4116 4476 4477
3 4119 4478 4118
3 4478 4120 4118
3 4479 4475 4113
3 4479 4113 4121
3 4121 4123 4479
3 4479 4123 4480
3 4477 4125 4116
3 4481 4125 4477
3 4127 4482 4478
3 4127 4478 4119
3 4482 4128 4120
3 4482 4120 4478
3 4129 4480 4123
3 4129 4483 4480
3 4484 4130 4131
3 4485 4484 4131
3 4125 4485 4131
3 4481 4485 4125
3 4132 4482 4127
3 4128 4482 4132
3 4488 4487 4486
3 4489 4487 4488
3 4490 4483 4129
3 4490 4129 4133
3 4133 4135 4490
3 4490 4135 4491
3 4492 4136 4484
3 4484 4136 4130
3 4484 4485 4493
3 4484 4493 4492
3 4486 4487 4494
3 4486 4494 4495
3 4487 4489 4496
3 4497 4487 4496
3 4494 4487 4497
3 4498 4497 4496
3 4138 4491 4135
3 4138 4499 4491
3 4500 4139 4492
3 4492 4139 4136
3 4492 4493 4501
3 4492 4501 4500
3 4502 4495 4494
3 4504 4503 4502
3 4494 4504 4502
3 4497 4504 4494
3 4497 4498 4505
3 4506 4497 4505
3 4504 4497 4506
3 4507 4506 4505
3 4508 4499 4138
3 4508 4138 4140
3 4140 4142 4508
3 4508 4142 4509
3 4510 4143 4500
3 4500 4143 4139
3 4500 4501 4511
3 4500 4511 4510
3 4512 4503 4504
3 4514 4513 4512
3 4504 4514 4512
3 4506 4514 4504
3 4506 4507 4515
3 4516 4506 4515
3 4514 4506 4516
3 4517 4516 4515
3 4145 4519 4518
3 4509 4145 4518
3 4142 4145 4509
3 4519 4520 4518
3 4521 4146 4510
3 4510 4146 4143
3 4510 4511 4522
3 4510 4522 4521
3 4523 4513 4514
3 4525 4524 4523
3 4514 4525 4523
3 4516 4525 4514
3 4516 4517 4526
3 4516 4526 4525
3 4148 4519 4145
3 4148 4150 4519
3 4150 4520 4519
3 4150 4527 4520
3 4528 4151 4521
3 4521 4151 4146
3 4521 4522 4529
3 4521 4529 4528
3 4524 4525 4530
3 4524 4530 4531
3 4525 4526 4532
3 4525 4532 4530
3 4156 4534 4533
3 4527 4156 4533
3 4150 4156 4527
3 4534 4535 4533
3 4536 4157 4528
3 4528 4157 4151
3 4528 4529 4537
3 4528 4537 4536
3 4159 4538 4158
3 4538 4161 4158
3 4539 4531 4530
3 4539 4530 4532
3 4165 4540 4534
3 4165 4534 4156
3 4535 4534 4541
3 4541 4534 4540
3 4536 4166 4157
3 4168 4166 4536
3 4537 4168 4536
3 4542 4168 4537
3 4169 4543 4538
3 4169 4538 4159
3 4544 4170 4161
3 4538 4544 4161
3 4543 4544 4538
3 4544 4172 4170
3 4175 4540 4165
3 4546 4545 4177
3 4177 4545 4175
3 4545 4541 4175
3 4541 4540 4175
3 4546 4547 4545
3 4542 4179 4168
3 4548 4179 4542
3 4180 4549 4543
3 4180 4543 4169
3 4543 4550 4544
3 4543 4549 4550
3 4550 4182 4172
3 4550 4172 4544
3 4185 4551 4546
3 4185 4546 4177
3 4547 4546 4552
3 4552 4546 4551
3 4548 4186 4179
3 4553 4186 4548
3 4187 4554 4549
3 4187 4549 4180
3 4556 4550 4555
3 4550 4554 4555
3 4550 4549 4554
3 4556 4558 4557
3 4556 4557 4188
3 4550 4556 4188
3 4182 4550 4188
3 4557 4190 4188
3 4192 4551 4185
3 4560 4559 4194
3 4194 4559 4192
3 4559 4552 4192
3 4552 4551 4192
3 4560 4561 4559
3 4553 4195 4186
3 4562 4195 4553
3 4564 4563 4554
3 4187 4564 4554
3 4197 4564 4187
3 4554 4563 4555
3 4557 4558 4565
3 4565 4558 4566
3 4565 4199 4190
3 4565 4190 4557
3 4202 4567 4560
3 4202 4560 4194
3 4561 4560 4568
3 4568 4560 4567
3 4562 4203 4195
3 4569 4203 4562
3 4205 4571 4570
3 4564 4205 4570
3 4197 4205 4564
3 4571 4572 4570
3 4566 4573 4565
3 4199 4565 4573
3 4574 4199 4573
3 4207 4199 4574
3 4209 4567 4202
3 4576 4575 4211
3 4211 4575 4209
3 4575 4568 4209
3 4568 4567 4209
3 4576 4577 4575
3 4579 4212 4578
3 4212 4569 4578
3 4212 4203 4569
3 4580 4579 4578
3 4213 4571 4205
3 4213 4214 4571
3 4214 4572 4571
3 4214 4581 4572
3 4215 4207 4582
3 4207 4583 4582
3 4207 4574 4583
3 4582 4217 4215
3 4220 4584 4576
3 4220 4576 4211
3 4577 4576 4585
3 4585 4576 4584
3 4586 4221 4579
3 4579 4221 4212
3 4579 4580 4587
3 4579 4587 4586
3 4222 4581 4214
3 4222 4588 4581
3 4583 4589 4582
3 4217 4582 4589
3 4590 4217 4589
3 4224 4217 4590
3 4227 4591 4584
3 4227 4584 4220
3 4585 4584 4592
3 4584 4593 4592
3 4584 4591 4593
3 4593 4594 4592
3 4586 4228 4221
3 4230 4228 4586
3 4587 4230 4586
3 4595 4230 4587
3 4231 4588 4222
3 4231 4596 4588
3 4232 4224 4597
3 4224 4598 4597
3 4224 4590 4598
3 4597 4234 4232
3 4237 4599 4591
3 4237 4591 4227
3 4591 4600 4593
3 4591 4599 4600
3 4594 4593 4601
3 4601 4593 4600
3 4595 4238 4230
3 4602 4238 4595
3 4603 4596 4231
3 4603 4231 4239
3 4239 4240 4603
3 4603 4240 4604
3 4597 4598 4605
3 4605 4598 4606
3 4605 4242 4234
3 4605 4234 4597
3 4246 4607 4599
3 4246 4599 4237
3 4599 4608 4600
3 4599 4607 4608
3 4601 4600 4609
3 4609 4600 4608
3 4611 4247 4610
3 4247 4602 4610
3 4247 4238 4602
3 4612 4611 4610
3 4240 4248 4613
3 4614 4240 4613
3 4604 4240 4614
3 4249 4613 4248
3 4606 4615 4605
3 4615 4617 4616
3 4615 4616 4250
3 4605 4615 4250
3 4242 4605 4250
3 4616 4252 4250
3 4256 4618 4607
3 4256 4607 4246
3 4607 4619 4608
3 4607 4618 4619
3 4609 4608 4620
3 4620 4608 4619
3 4611 4257 4247
3 4259 4257 4611
3 4612 4259 4611
3 4621 4259 4612
3 4622 4614 4613
3 4613 4249 4622
3 4249 4623 4622
3 4249 4260 4623
3 4617 4624 4616
3 4624 4626 4625
3 4624 4625 4261
3 4616 4624 4261
3 4252 4616 4261
3 4625 4263 4261
3 4266 4627 4618
3 4266 4618 4256
3 4629 4619 4628
3 4619 4627 4628
3 4619 4618 4627
3 4619 4629 4620
3 4631 4268 4630
3 4268 4621 4630
3 4268 4259 4621
3 4632 4631 4630
3 4270 4623 4260
3 4270 4633 4623
3 4625 4626 4634
3 4634 4626 4635
3 4634 4272 4263
3 4634 4263 4625
3 4274 4636 4275
3 4636 4637 4275
3 4275 4637 4266
3 4637 4638 4266
3 4638 4627 4266
3 4627 4638 4628
3 4639 4276 4631
3 4631 4276 4268
3 4631 4632 4640
3 4631 4640 4639
3 4270 4277 4641
3 4642 4270 4641
3 4633 4270 4642
3 4278 4641 4277
3 4634 4635 4643
3 4643 4635 4644
3 4645 4279 4272
3 4634 4645 4272
3 4643 4645 4634
3 4646 4280 4279
3 4646 4279 4645
3 4636 4274 4280
3 4646 4636 4280
3 4647 4636 4646
3 4637 4636 4648
3 4648 4636 4647
3 4639 4281 4276
3 4283 4281 4639
3 4640 4283 4639
3 4649 4283 4640
3 4650 4642 4641
3 4641 4278 4650
3 4278 4651 4650
3 4278 4285 4651
3 4644 4652 4643
3 4654 4653 4652
3 4653 4643 4652
3 4653 4645 4643
3 4645 4655 4646
3 4645 4653 4655
3 4646 4656 4647
3 4646 4655 4656
3 4648 4647 4657
3 4657 4647 4656
3 4649 4286 4283
3 4658 4286 4649
3 4288 4651 4285
3 4288 4659 4651
3 4653 4654 4660
3 4660 4654 4661
3 4653 4662 4655
3 4653 4660 4662
3 4655 4663 4656
3 4655 4662 4663
3 4657 4656 4664
3 4664 4656 4663
3 4658 4665 4286
3 4286 4665 4289
3 4291 4289 4665
3 4291 4665 4666
3 4288 4292 4667
3 4668 4288 4667
3 4659 4288 4668
3 4293 4667 4292
3 4660 4661 4669
3 4669 4661 4670
3 4660 4671 4662
3 4660 4669 4671
3 4662 4672 4663
3 4662 4671 4672
3 4664 4663 4673
3 4663 4674 4673
3 4663 4672 4674
3 4674 4675 4673
3 4666 4295 4291
3 4676 4295 4666
3 4668 4667 4677
3 4668 4677 4678
3 4297 4677 4293
3 4293 4677 4667
3 4669 4670 4679
3 4679 4670 4680
3 4669 4681 4671
3 4669 4679 4681
3 4671 4682 4672
3 4671 4681 4682
3 4672 4683 4674
3 4672 4682 4683
3 4675 4674 4684
3 4684 4674 4683
3 4676 4298 4295
3 4685 4298 4676
3 4686 4678 4677
3 4677 4297 4686
3 4297 4687 4686
3 4297 4299 4687
3 4690 4689 4688
3 4690 4688 4680
3 4688 4679 4680
3 4688 4691 4679
3 4691 4301 4302
3 4681 4691 4302
3 4679 4691 4681
3 4681 4302 4303
3 4681 4303 4682
3 4682 4303 4305
3 4692 4682 4305
3 4683 4682 4692
3 4684 4683 4693
3 4693 4683 4692
3 4685 4306 4298
3 4694 4306 4685
3 4307 4696 4695
3 4687 4307 4695
3 4299 4307 4687
3 4695 4696 4689
3 4696 4688 4689
3 4696 4697 4688
3 4697 4309 4310
3 4691 4697 4310
3 4688 4697 4691
3 4691 4310 4301
3 4313 4698 4692
3 4313 4692 4305
3 4693 4692 4699
3 4692 4700 4699
3 4692 4698 4700
3 4700 4701 4699
3 4703 4314 4702
3 4314 4694 4702
3 4314 4306 4694
3 4704 4703 4702
3 4315 4705 4696
3 4315 4696 4307
3 4705 4317 4318
3 4697 4705 4318
3 4696 4705 4697
3 4697 4318 4309
3 4322 4698 4313
3 4698 4322 4324
3 4706 4698 4324
3 4700 4698 4706
3 4701 4700 4707
3 4707 4700 4706
3 4708 4325 4703
3 4703 4325 4314
3 4703 4704 4709
3 4703 4709 4708
3 4326 4705 4315
3 4705 4326 4317
3 4712 4711 4710
3 4713 4710 4711
3 4332 4714 4706
3 4332 4706 4324
3 4707 4706 4715
3 4715 4706 4714
3 4716 4333 4708
3 4708 4333 4325
3 4708 4709 4717
3 4708 4717 4716
3 4712 4710 4718
3 4712 4718 4719
3 4710 4713 4720
3 4710 4720 4718
3 4336 4721 4714
3 4336 4714 4332
3 4715 4714 4722
3 4722 4714 4721
3 4723 4337 4716
3 4716 4337 4333
3 4716 4717 4724
3 4716 4724 4723
3 4727 4726 4725
3 4725 4726 4719
3 4718 4725 4719
3 4728 4725 4718
3 4718 4720 4729
3 4718 4729 4728
3 4339 4730 4721
3 4339 4721 4336
3 4722 4721 4731
3 4731 4721 4730
3 4723 4340 4337
3 4342 4340 4723
3 4724 4342 4723
3 4732 4342 4724
3 4727 4725 4733
3 4727 4733 4734
3 4735 4725 4728
3 4733 4725 4735
3 4728 4729 4736
3 4728 4736 4735
3 4343 4737 4730
3 4343 4730 4339
3 4731 4730 4738
3 4738 4730 4737
3 4740 4345 4739
3 4345 4732 4739
3 4345 4342 4732
3 4741 4740 4739
3 4734 4733 4347
3 4348 4734 4347
3 4742 4734 4348
3 4347 4733 4349
3 4733 4743 4349
3 4733 4735 4743
3 4735 4736 4744
3 4735 4744 4743
3 4746 4745 4737
3 4343 4746 4737
3 4351 4746 4343
3 4737 4745 4738
3 4740 4353 4345
3 4354 4353 4740
3 4741 4354 4740
3 4747 4354 4741
3 4356 4742 4348
3 4356 4748 4742
3 4750 4749 4743
3 4749 4349 4743
3 4749 4357 4349
3 4750 4743 4744
3 4359 4746 4351
3 4359 4751 4746
3 4747 4361 4354
3 4752 4361 4747
3 4753 4748 4356
3 4753 4356 4362
3 4362 4357 4749
3 4362 4749 4753
3 4364 4754 4363
3 4754 4755 4363
3 4755 4359 4363
3 4755 4751 4359
3 4752 4365 4361
3 4756 4365 4752
3 4758 4757 4754
3 4364 4758 4754
3 4367 4758 4364
3 4754 4757 4755
3 4756 4368 4365
3 4759 4368 4756
3 4761 4760 4369
3 4761 4369 4370
3 4367 4369 4758
3 4758 4369 4760
3 4759 4371 4368
3 4762 4371 4759
3 4372 4761 4370
3 4372 4763 4761
3 4765 4373 4764
3 4373 4762 4764
3 4373 4371 4762
3 4766 4765 4764
3 4374 4763 4372
3 4374 4767 4763
3 4768 4375 4765
3 4765 4375 4373
3 4765 4766 4769
3 4765 4769 4768
3 4772 4771 4770
3 4774 4773 4770
3 4774 4770 4771
3 4774 4767 4773
3 4767 4376 4773
3 4767 4374 4376
3 4775 4377 4768
3 4768 4377 4375
3 4776 4379 4380
3 4768 4776 4380
3 4775 4768 4380
3 4776 4768 4769
3 4379 4777 4381
3 4776 4777 4379
3 4381 4778 4382
3 4777 4778 4381
3 4770 4383 4772
3 4383 4778 4772
3 4383 4382 4778
3 4383 4770 4384
3 4384 4770 4773
3 4384 4773 4376
3 4775 4385 4377
3 4385 4775 4380
3 4779 4388 4389
3 4390 4779 4389
3 4781 4780 4779
3 4780 4388 4779
3 4780 4391 4388
3 4779 4390 4781
3 4390 4782 4781
3 4390 4392 4782
3 4785 4784 4783
3 4393 4394 4783
3 4394 4785 4783
3 4394 4786 4785
3 4396 4398 4787
3 4788 4787 4398
3 4780 4394 4391
3 4394 4780 4786
3 4392 4396 4782
3 4782 4396 4787
3 4783 4784 4400
3 4784 4399 4400
3 4784 4789 4399
3 4783 4400 4393
3 4401 4788 4398
3 4401 4790 4788
3 4791 4402 4403
3 4791 4403 4792
3 4403 4793 4792
3 4403 4404 4793
3 4404 4399 4789
3 4404 4789 4793
3 4795 4794 4405
3 4795 4405 4406
3 4401 4405 4790
3 4790 4405 4794
3 4796 4407 4408
3 4797 4796 4408
3 4797 4408 4402
3 4798 4797 4402
3 4791 4798 4402
3 4798 4791 4792
3 4409 4795 4406
3 4409 4799 4795
3 4801 4800 4412
3 4412 4800 4411
3 4412 4407 4796
3 4802 4412 4796
3 4801 4412 4802
3 4802 4796 4797
3 4414 4799 4409
3 4414 4803 4799
3 4805 4804 4417
3 4417 4804 4416
3 4806 4417 4418
3 4806 4805 4417
3 4418 4411 4800
3 4418 4800 4806
3 4420 4803 4414
3 4420 4807 4803
3 4809 4808 4422
3 4422 4808 4421
3 4810 4422 4423
3 4810 4809 4422
3 4811 4423 4424
3 4811 4810 4423
3 4424 4416 4804
3 4424 4804 4811
3 4426 4807 4420
3 4426 4812 4807
3 4813 4427 4428
3 4813 4428 4814
3 4428 4815 4814
3 4428 4429 4815
3 4429 4421 4808
3 4429 4808 4815
3 4431 4816 4432
3 4816 4817 4432
3 4817 4426 4432
3 4817 4812 4426
3 4819 4818 4434
3 4434 4818 4433
3 4434 4427 4813
3 4820 4434 4813
3 4819 4434 4820
3 4820 4813 4814
3 4437 4821 4436
3 4822 4438 4436
3 4822 4436 4821
3 4823 4439 4438
3 4823 4438 4822
3 4823 4824 4439
3 4439 4824 4431
3 4824 4825 4431
3 4825 4816 4431
3 4816 4825 4817
3 4826 4440 4441
3 4827 4826 4441
3 4433 4827 4441
3 4818 4827 4433
3 4830 4829 4828
3 4443 4444 4828
3 4829 4443 4828
3 4831 4443 4829
3 4443 4832 4446
3 4831 4832 4443
3 4437 4446 4821
3 4446 4833 4821
3 4446 4832 4833
3 4821 4833 4822
3 4822 4833 4834
3 4822 4834 4823
3 4823 4834 4835
3 4823 4835 4824
3 4837 4836 4826
3 4836 4440 4826
3 4836 4447 4440
3 4837 4826 4827
3 4840 4839 4838
3 4449 4450 4838
3 4839 4449 4838
3 4841 4449 4839
3 4828 4452 4830
3 4452 4841 4830
3 4452 4449 4841
3 4452 4828 4444
3 4836 4455 4447
3 4842 4455 4836
3 4840 4838 4456
3 4457 4840 4456
3 4843 4840 4457
3 4456 4838 4450
3 4842 4458 4455
3 4844 4458 4842
3 4845 4843 4457
3 4845 4457 4459
3 4459 4460 4845
3 4845 4460 4846
3 4844 4462 4458
3 4847 4462 4844
3 4460 4463 4848
3 4849 4460 4848
3 4846 4460 4849
3 4464 4848 4463
3 4465 4462 4850
3 4462 4851 4850
3 4462 4847 4851
3 4850 4466 4465
3 4852 4849 4848
3 4854 4852 4853
3 4853 4852 4467
3 4852 4848 4467
3 4848 4464 4467
3 4468 4853 4467
3 4851 4855 4850
3 4466 4850 4855
3 4856 4466 4855
3 4470 4466 4856
3 4857 4854 4853
3 4853 4468 4857
3 4468 4858 4857
3 4468 4471 4858
3 4472 4470 4859
3 4470 4860 4859
3 4470 4856 4860
3 4859 4473 4472
3 4861 4858 4471
3 4861 4471 4474
3 4474 4475 4861
3 4861 4475 4862
3 4860 4863 4859
3 4863 4865 4864
3 4863 4864 4476
3 4859 4863 4476
3 4473 4859 4476
3 4864 4477 4476
3 4475 4479 4866
3 4867 4475 4866
3 4862 4475 4867
3 4480 4866 4479
3 4864 4865 4868
3 4868 4865 4869
3 4868 4481 4477
3 4868 4477 4864
3 4870 4867 4866
3 4866 4480 4870
3 4480 4871 4870
3 4480 4483 4871
3 4869 4872 4868
3 4481 4868 4872
3 4873 4481 4872
3 4485 4481 4873
3 4486 4874 4488
3 4874 4489 4488
3 4483 4490 4875
3 4876 4483 4875
3 4871 4483 4876
3 4491 4875 4490
3 4873 4493 4485
3 4877 4493 4873
3 4495 4878 4874
3 4495 4874 4486
3 4879 4496 4489
3 4874 4879 4489
3 4878 4879 4874
3 4879 4498 4496
3 4880 4876 4875
3 4875 4491 4880
3 4491 4881 4880
3 4491 4499 4881
3 4877 4501 4493
3 4882 4501 4877
3 4502 4878 4495
3 4878 4502 4503
3 4883 4878 4503
3 4879 4878 4883
3 4884 4505 4498
3 4879 4884 4498
3 4883 4884 4879
3 4884 4507 4505
3 4885 4881 4499
3 4885 4499 4508
3 4508 4509 4885
3 4885 4509 4886
3 4882 4511 4501
3 4887 4511 4882
3 4512 4883 4503
3 4884 4883 4888
3 4883 4513 4888
3 4513 4889 4888
3 4513 4883 4512
3 4888 4891 4890
3 4888 4890 4515
3 4884 4888 4515
3 4507 4884 4515
3 4890 4517 4515
3 4509 4518 4892
3 4893 4509 4892
3 4886 4509 4893
3 4520 4892 4518
3 4887 4522 4511
3 4894 4522 4887
3 4513 4523 4895
3 4896 4513 4895
3 4889 4513 4896
3 4891 4897 4890
3 4895 4523 4524
3 4517 4890 4897
3 4898 4517 4897
3 4526 4517 4898
3 4899 4893 4892
3 4892 4520 4899
3 4520 4900 4899
3 4520 4527 4900
3 4894 4529 4522
3 4901 4529 4894
3 4896 4895 4902
3 4896 4902 4903
3 4531 4902 4524
3 4524 4902 4895
3 4905 4532 4904
3 4532 4898 4904
3 4532 4526 4898
3 4906 4905 4904
3 4907 4900 4527
3 4907 4527 4533
3 4533 4535 4907
3 4907 4535 4908
3 4901 4537 4529
3 4909 4537 4901
3 4910 4903 4902
3 4912 4910 4911
3 4911 4910 4539
3 4910 4902 4539
3 4902 4531 4539
3 4532 4905 4539
3 4905 4911 4539
3 4905 4913 4911
3 4905 4906 4914
3 4905 4914 4913
3 4541 4908 4535
3 4541 4915 4908
3 4909 4542 4537
3 4916 4542 4909
3 4917 4912 4911
3 4919 4918 4917
3 4911 4919 4917
3 4913 4919 4911
3 4913 4914 4920
3 4921 4913 4920
3 4919 4913 4921
3 4922 4921 4920
3 4923 4915 4541
3 4923 4541 4545
3 4545 4547 4923
3 4923 4547 4924
3 4916 4548 4542
3 4925 4548 4916
3 4918 4919 4926
3 4918 4926 4927
3 4928 4919 4921
3 4926 4919 4928
3 4921 4922 4929
3 4921 4929 4928
3 4552 4931 4930
3 4924 4552 4930
3 4547 4552 4924
3 4931 4932 4930
3 4925 4553 4548
3 4933 4553 4925
3 4555 4934 4556
3 4934 4558 4556
3 4935 4927 4926
3 4937 4936 4935
3 4926 4937 4935
3 4928 4937 4926
3 4928 4929 4938
3 4939 4928 4938
3 4937 4928 4939
3 4940 4939 4938
3 4559 4931 4552
3 4559 4561 4931
3 4561 4932 4931
3 4561 4941 4932
3 4943 4562 4942
3 4562 4933 4942
3 4562 4553 4933
3 4944 4943 4942
3 4564 4945 4563
3 4934 4555 4563
3 4945 4934 4563
3 4946 4934 4945
3 4946 4566 4558
3 4946 4558 4934
3 4936 4937 4947
3 4936 4947 4948
3 4949 4937 4939
3 4947 4937 4949
3 4939 4940 4950
3 4939 4950 4949
3 4568 4952 4951
3 4941 4568 4951
3 4561 4568 4941
3 4952 4953 4951
3 4954 4569 4943
3 4943 4569 4562
3 4943 4944 4955
3 4943 4955 4954
3 4570 4945 4564
3 4945 4570 4572
3 4956 4945 4572
3 4946 4945 4956
3 4957 4573 4566
3 4946 4957 4566
3 4956 4957 4946
3 4957 4574 4573
3 4958 4948 4947
3 4960 4959 4958
3 4947 4960 4958
3 4949 4960 4947
3 4949 4950 4961
3 4962 4949 4961
3 4960 4949 4962
3 4963 4962 4961
3 4575 4952 4568
3 4575 4577 4952
3 4577 4953 4952
3 4577 4964 4953
3 4954 4578 4569
3 4580 4578 4954
3 4955 4580 4954
3 4965 4580 4955
3 4967 4966 4956
3 4572 4967 4956
3 4581 4967 4572
3 4969 4968 4966
3 4968 4956 4966
3 4968 4957 4956
3 4968 4583 4574
3 4968 4574 4957
3 4959 4960 4970
3 4959 4970 4971
3 4972 4960 4962
3 4970 4960 4972
3 4962 4963 4973
3 4962 4973 4972
3 4585 4975 4974
3 4964 4585 4974
3 4577 4585 4964
3 4975 4976 4974
3 4965 4587 4580
3 4977 4587 4965
3 4588 4967 4581
3 4588 4978 4967
3 4969 4979 4968
3 4979 4981 4980
3 4979 4980 4589
3 4968 4979 4589
3 4583 4968 4589
3 4980 4590 4589
3 4982 4971 4970
3 4984 4983 4982
3 4970 4984 4982
3 4972 4984 4970
3 4972 4973 4985
3 4972 4985 4984
3 4592 4975 4585
3 4592 4594 4975
3 4594 4976 4975
3 4594 4986 4976
3 4977 4595 4587
3 4987 4595 4977
3 4596 4989 4988
3 4978 4596 4988
3 4588 4596 4978
3 4989 4990 4988
3 4980 4981 4991
3 4991 4981 4992
3 4991 4598 4590
3 4991 4590 4980
3 4983 4984 4993
3 4983 4993 4994
3 4984 4985 4995
3 4996 4984 4995
3 4993 4984 4996
3 4997 4996 4995
3 4601 4986 4594
3 4601 4998 4986
3 5000 4602 4999
3 4602 4987 4999
3 4602 4595 4987
3 5001 5000 4999
3 4603 4989 4596
3 4603 4604 4989
3 4604 4990 4989
3 4604 5002 4990
3 4992 5003 4991
3 4598 4991 5003
3 5004 4598 5003
3 4606 4598 5004
3 5005 4994 4993
3 5005 4993 4996
3 5005 4996 5006
3 5006 4996 4997
3 4609 5008 5007
3 4998 4609 5007
3 4601 4609 4998
3 5008 5009 5007
3 5000 4610 4602
3 4612 4610 5000
3 5001 4612 5000
3 5010 4612 5001
3 4614 5002 4604
3 4614 5011 5002
3 4615 4606 5012
3 4606 5013 5012
3 4606 5004 5013
3 5012 4617 4615
3 5015 5014 5008
3 4609 5015 5008
3 4620 5015 4609
3 5008 5014 5009
3 5010 4621 4612
3 5016 4621 5010
3 5017 5011 4614
3 5017 4614 4622
3 4622 4623 5017
3 5017 4623 5018
3 5013 5019 5012
3 5019 5021 5020
3 5019 5020 4624
3 5012 5019 4624
3 4617 5012 4624
3 5020 4626 4624
3 4628 5022 4629
3 5022 5023 4629
3 5023 4620 4629
3 5023 5015 4620
3 5016 5024 4621
3 4621 5024 4630
3 4632 4630 5024
3 4632 5024 5025
3 4633 5018 4623
3 4633 5026 5018
3 5020 5021 5027
3 5027 5021 5028
3 5027 4635 4626
3 5027 4626 5020
3 4637 5029 4638
3 5029 5030 4638
3 4638 5030 4628
3 5030 5031 4628
3 5031 5022 4628
3 5022 5031 5023
3 5025 4640 4632
3 5032 4640 5025
3 4642 5026 4633
3 4642 5033 5026
3 5028 5034 5027
3 4635 5027 5034
3 5035 4635 5034
3 4644 4635 5035
3 5037 5036 5029
3 4637 5037 5029
3 4648 5037 4637
3 5029 5036 5030
3 5032 4649 4640
3 5038 4649 5032
3 4642 4650 5039
3 5040 4642 5039
3 5033 4642 5040
3 4651 5039 4650
3 4652 4644 5041
3 4644 5042 5041
3 4644 5035 5042
3 5041 4654 4652
3 4657 5037 4648
3 4657 5043 5037
3 5045 4658 5044
3 4658 5038 5044
3 4658 4649 5038
3 5046 5045 5044
3 5040 5039 5047
3 5040 5047 5048
3 4659 5047 4651
3 4651 5047 5039
3 5041 5042 5049
3 5049 5042 5050
3 5049 4661 4654
3 5049 4654 5041
3 4664 5052 5051
3 5043 4664 5051
3 4657 4664 5043
3 5052 5053 5051
3 5045 4665 4658
3 4666 4665 5045
3 5046 4666 5045
3 5054 4666 5046
3 5055 5048 5047
3 5047 4659 5055
3 4659 5056 5055
3 4659 4668 5056
3 5049 5050 5057
3 5057 5050 5058
3 5057 4670 4661
3 5057 4661 5049
3 4673 5052 4664
3 4673 4675 5052
3 4675 5053 5052
3 4675 5059 5053
3 5054 4676 4666
3 5060 4676 5054
3 4678 5056 4668
3 4678 5061 5056
3 5057 5058 5062
3 5062 5058 5063
3 5062 4680 4670
3 5062 4670 5057
3 4684 5065 5064
3 5059 4684 5064
3 4675 4684 5059
3 5065 5066 5064
3 5060 4685 4676
3 5067 4685 5060
3 5068 5061 4678
3 5068 4678 4686
3 5070 5069 4687
3 5069 4686 4687
3 5069 5068 4686
3 5069 5070 5063
3 5063 5070 5062
3 5070 4689 5062
3 4689 4690 5062
3 5062 4690 4680
3 5073 5072 5071
3 5075 5074 5071
3 5075 5071 5072
3 5076 5074 5075
3 4693 5077 5065
3 4693 5065 4684
3 5066 5065 5078
3 5078 5065 5077
3 5080 4694 5079
3 4694 5067 5079
3 4694 4685 5067
3 5081 5080 5079
3 4695 5070 4687
3 5070 4695 4689
3 5073 5071 5082
3 5073 5082 5083
3 5084 5071 5074
3 5082 5071 5084
3 5074 5076 5085
3 5074 5085 5084
3 4699 5077 4693
3 4699 4701 5077
3 4701 5078 5077
3 4701 5086 5078
3 5080 4702 4694
3 4704 4702 5080
3 5081 4704 5080
3 5087 4704 5081
3 5083 5082 5088
3 5083 5088 5089
3 5090 5082 5084
3 5088 5082 5090
3 5084 5085 5091
3 5084 5091 5090
3 4707 5086 4701
3 4707 5092 5086
3 5087 4709 4704
3 5093 4709 5087
3 5096 5095 5094
3 5094 5095 5089
3 5094 5089 5088
3 4712 5094 5088
3 4711 4712 5088
3 4711 5088 4713
3 5088 5097 4713
3 5088 5090 5097
3 5090 5091 5098
3 5090 5098 5097
3 4715 5092 4707
3 4715 5099 5092
3 5093 4717 4709
3 5100 4717 5093
3 5096 5094 5101
3 5096 5101 5102
3 4719 5101 4712
3 4712 5101 5094
3 5103 4720 5097
3 5097 4720 4713
3 5097 5098 5104
3 5097 5104 5103
3 4722 5099 4715
3 4722 5105 5099
3 5107 4724 5106
3 4724 5100 5106
3 4724 4717 5100
3 5108 5107 5106
3 5111 5110 5109
3 5109 5110 5102
3 5109 5102 5101
3 4727 5109 5101
3 4726 4727 5101
3 4726 5101 4719
3 5112 4729 5103
3 5103 4729 4720
3 5103 5104 5113
3 5103 5113 5112
3 4731 5105 4722
3 4731 5114 5105
3 5115 4732 5107
3 5107 4732 4724
3 5107 5108 5116
3 5117 5107 5116
3 5115 5107 5117
3 5118 5117 5116
3 5111 5109 5119
3 5111 5119 5120
3 4734 5119 4727
3 4727 5119 5109
3 5122 5121 5112
3 5121 4729 5112
3 5121 4736 4729
3 5122 5112 5113
3 4738 5114 4731
3 4738 5123 5114
3 5115 4739 4732
3 4739 5115 4741
3 5115 5124 4741
3 5115 5117 5124
3 5117 5118 5125
3 5117 5125 5124
3 5126 5120 5119
3 5119 4734 5126
3 4734 5127 5126
3 4734 4742 5127
3 5130 5129 5128
3 5121 5130 5128
3 4744 5121 5128
3 4736 5121 4744
3 5132 5131 4745
3 5132 4745 4746
3 4738 4745 5123
3 5123 4745 5131
3 5133 4747 5124
3 5124 4747 4741
3 5124 5125 5134
3 5124 5134 5133
3 4748 5136 5135
3 5127 4748 5135
3 4742 4748 5127
3 5135 5136 5129
3 5129 5136 5128
3 5136 4749 5128
3 4749 4750 5128
3 5128 4750 4744
3 4751 5132 4746
3 4751 5137 5132
3 5138 4752 5133
3 5133 4752 4747
3 5133 5134 5139
3 5133 5139 5138
3 4753 5136 4748
3 5136 4753 4749
3 4755 5137 4751
3 4755 5140 5137
3 5141 4756 5138
3 5138 4756 4752
3 5138 5139 5142
3 5138 5142 5141
3 5144 5143 4757
3 5144 4757 4758
3 4755 4757 5140
3 5140 4757 5143
3 5145 4759 5141
3 5141 4759 4756
3 5141 5142 5146
3 5141 5146 5145
3 5148 5147 4760
3 5148 4760 4761
3 4758 4760 5144
3 5144 4760 5147
3 5149 4762 5145
3 5145 4762 4759
3 5145 5146 5150
3 5145 5150 5149
3 4763 5148 4761
3 4763 5151 5148
3 5149 4764 4762
3 4766 4764 5149
3 5150 4766 5149
3 5152 4766 5150
3 4767 5151 4763
3 4767 5153 5151
3 5155 4769 5154
3 4769 5152 5154
3 4769 4766 5152
3 5157 5156 5155
3 5157 5155 5154
3 5159 5158 5156
3 5159 5156 5157
3 4771 4772 5158
3 5159 4771 5158
3 5160 4771 5159
3 4771 5161 4774
3 5160 5161 4771
3 4767 4774 5153
3 5153 4774 5161
3 5155 4776 4769
3 4776 5155 4777
3 4777 5155 5156
3 4777 5156 4778
3 4778 5156 5158
3 4778 5158 4772
3 5163 5162 4781
3 4781 5162 4780
3 4781 4782 5163
3 5163 4782 5164
3 5165 4784 4785
3 5165 4785 5166
3 4785 5167 5166
3 4785 4786 5167
3 5162 5168 4780
3 5162 4787 5168
3 4787 5162 5169
3 5167 5169 5162
3 5169 5167 4788
3 5168 4788 5167
3 5167 4786 5168
3 5168 4786 4780
3 4787 4788 5168
3 5169 5170 4787
3 5170 4782 4787
3 5170 5164 4782
3 5171 4789 5165
3 5165 4789 4784
3 5165 5166 5172
3 5165 5172 5171
3 5174 5173 5169
3 4788 5174 5169
3 4790 5174 4788
3 5169 5173 5170
3 5176 5175 4793
3 4793 5175 4792
3 4793 4789 5171
3 5177 4793 5171
3 5176 4793 5177
3 4794 4795 5178
3 5171 5172 5177
3 5178 5179 4794
3 5179 4790 4794
3 5179 5174 4790
3 5181 5180 4798
3 4798 5180 4797
3 4798 4792 5175
3 4798 5175 5181
3 5183 5182 5178
3 4795 5183 5178
3 4799 5183 4795
3 5178 5182 5179
3 5184 4800 4801
3 5184 4801 5185
3 4801 5186 5185
3 4801 4802 5186
3 4802 4797 5180
3 4802 5180 5186
3 4803 5183 4799
3 4803 5187 5183
3 5188 4804 4805
3 5188 4805 5189
3 4805 5190 5189
3 4805 4806 5190
3 4806 4800 5184
3 5191 4806 5184
3 5190 4806 5191
3 5191 5184 5185
3 4807 5187 4803
3 4807 5192 5187
3 5194 5193 4809
3 4809 5193 4808
3 5195 4809 4810
3 5195 5194 4809
3 5196 4810 4811
3 5196 5195 4810
3 4811 4804 5188
3 5197 4811 5188
3 5196 4811 5197
3 5197 5188 5189
3 4812 5192 4807
3 4812 5198 5192
3 5200 5199 4815
3 4815 5199 4814
3 4815 4808 5193
3 4815 5193 5200
3 4817 5198 4812
3 4817 5201 5198
3 5202 4818 4819
3 5202 4819 5203
3 4819 5204 5203
3 4819 4820 5204
3 4820 4814 5199
3 4820 5199 5204
3 5206 5205 4825
3 5206 4825 4824
3 4817 4825 5201
3 5201 4825 5205
3 5208 5207 5202
3 5207 4818 5202
3 5207 4827 4818
3 5208 5202 5203
3 5210 5209 4829
3 5210 4829 4830
3 4829 5211 4831
3 5209 5211 4829
3 4831 5212 4832
3 5211 5212 4831
3 4832 5213 4833
3 5212 5213 4832
3 4833 5214 4834
3 5213 5214 4833
3 4834 5215 4835
3 5214 5215 4834
3 4824 4835 5206
3 5206 4835 5215
3 5217 5216 4837
3 4837 5216 4836
3 4837 4827 5207
3 4837 5207 5217
3 5219 5218 4839
3 5219 4839 4840
3 4839 5220 4841
3 5218 5220 4839
3 4830 4841 5210
3 5210 4841 5220
3 5216 4842 4836
3 5221 4842 5216
3 5224 5223 5222
3 5223 5219 5222
3 5219 4843 5222
3 5219 4840 4843
3 5221 4844 4842
3 5225 4844 5221
3 5224 5222 5226
3 5224 5226 5227
3 4845 5228 4843
3 5228 5222 4843
3 5228 5226 5222
3 4846 5228 4845
3 5225 4847 4844
3 5229 4847 5225
3 5230 5227 5226
3 5232 5231 5230
3 5226 5232 5230
3 5228 5232 5226
3 4849 5232 4846
3 4846 5232 5228
3 5229 4851 4847
3 5233 4851 5229
3 5234 5231 5232
3 5236 5234 5235
3 5235 5234 4852
3 5234 5232 4852
3 5232 4849 4852
3 4854 5235 4852
3 4855 4851 5237
3 4851 5238 5237
3 4851 5233 5238
3 5237 4856 4855
3 5239 5236 5235
3 5241 5239 5240
3 5240 5239 4857
3 5239 5235 4857
3 5235 4854 4857
3 4858 5240 4857
3 5238 5242 5237
3 4856 5237 5242
3 5243 4856 5242
3 4860 4856 5243
3 5244 5241 5240
3 5246 5244 5245
3 5245 5244 4861
3 5244 5240 4861
3 5240 4858 4861
3 4862 5245 4861
3 5243 5247 4860
3 4860 5247 4863
3 4865 4863 5247
3 4865 5247 5248
3 5246 5245 5249
3 5246 5249 5250
3 4867 5249 4862
3 4862 5249 5245
3 5248 4869 4865
3 5251 4869 5248
3 5252 5250 5249
3 5254 5252 5253
3 5253 5252 4870
3 5252 5249 4870
3 5249 4867 4870
3 4871 5253 4870
3 5251 5255 4869
3 4869 5255 4872
3 4873 4872 5255
3 4873 5255 5256
3 5254 5253 5257
3 5254 5257 5258
3 4876 5257 4871
3 4871 5257 5253
3 5256 4877 4873
3 5259 4877 5256
3 5260 5258 5257
3 5262 5260 5261
3 5261 5260 4880
3 5260 5257 4880
3 5257 4876 4880
3 4881 5261 4880
3 5259 4882 4877
3 5263 4882 5259
3 5264 5262 5261
3 5266 5264 5265
3 5265 5264 4885
3 5264 5261 4885
3 5261 4881 4885
3 4886 5265 4885
3 5263 4887 4882
3 5267 4887 5263
3 4889 5268 4888
3 5268 4891 4888
3 5269 5266 5265
3 5265 4886 5269
3 4886 5270 5269
3 4886 4893 5270
3 5267 4894 4887
3 5271 4894 5267
3 4896 5272 5268
3 4896 5268 4889
3 5273 4897 4891
3 5268 5273 4891
3 5272 5273 5268
3 5273 4898 4897
3 5274 5270 4893
3 5274 4893 4899
3 4899 4900 5274
3 5274 4900 5275
3 5271 4901 4894
3 5276 4901 5271
3 5278 5277 5272
3 4896 5278 5272
3 4903 5278 4896
3 5272 5277 5273
3 5273 5277 5279
3 5279 5281 5280
3 5279 5280 4904
3 5273 5279 4904
3 4898 5273 4904
3 5280 4906 4904
3 4900 4907 5282
3 5283 4900 5282
3 5275 4900 5283
3 4908 5282 4907
3 5276 4909 4901
3 5284 4909 5276
3 4903 4910 5285
3 5286 4903 5285
3 5278 4903 5286
3 4912 5285 4910
3 5281 5287 5280
3 4906 5280 5287
3 5288 4906 5287
3 4914 4906 5288
3 5289 5283 5282
3 5282 4908 5289
3 4908 5290 5289
3 4908 4915 5290
3 5292 4916 5291
3 4916 5284 5291
3 4916 4909 5284
3 5293 5292 5291
3 5294 5286 5285
3 5296 5294 5295
3 5295 5294 4917
3 5294 5285 4917
3 5285 4912 4917
3 4918 5295 4917
3 5288 5297 4914
3 4914 5297 4920
3 4922 4920 5297
3 4922 5297 5298
3 5299 5290 4915
3 5299 4915 4923
3 4923 4924 5299
3 5299 4924 5300
3 5301 4925 5292
3 5292 4925 4916
3 5292 5293 5302
3 5292 5302 5301
3 5296 5295 5303
3 5296 5303 5304
3 4927 5303 4918
3 4918 5303 5295
3 5298 4929 4922
3 5305 4929 5298
3 5306 5300 4924
3 5306 4924 4930
3 4930 4932 5306
3 5306 4932 5307
3 5308 4933 5301
3 5301 4933 4925
3 5301 5302 5309
3 5301 5309 5308
3 5310 5304 5303
3 5312 5310 5311
3 5311 5310 4935
3 5310 5303 4935
3 5303 4927 4935
3 4936 5311 4935
3 5305 5313 4929
3 4929 5313 4938
3 4940 4938 5313
3 4940 5313 5314
3 4941 5307 4932
3 4941 5315 5307
3 5308 4942 4933
3 4944 4942 5308
3 5309 4944 5308
3 5316 4944 5309
3 5317 5312 5311
3 5311 4936 5317
3 4936 5318 5317
3 4936 4948 5318
3 5320 4950 5319
3 4950 5314 5319
3 4950 4940 5314
3 5321 5320 5319
3 5322 5315 4941
3 5322 4941 4951
3 4951 4953 5322
3 5322 4953 5323
3 5316 4955 4944
3 5324 4955 5316
3 4948 4958 5325
3 5326 4948 5325
3 5318 4948 5326
3 4959 5325 4958
3 5320 4961 4950
3 4963 4961 5320
3 5321 4963 5320
3 5327 4963 5321
3 4964 5323 4953
3 4964 5328 5323
3 5324 4965 4955
3 5329 4965 5324
3 4967 5330 4966
3 5330 4969 4966
3 5331 5326 5325
3 5325 4959 5331
3 4959 5332 5331
3 4959 4971 5332
3 5334 4973 5333
3 4973 5327 5333
3 4973 4963 5327
3 5335 5334 5333
3 5336 5328 4964
3 5336 4964 4974
3 4974 4976 5336
3 5336 4976 5337
3 5329 4977 4965
3 5338 4977 5329
3 4978 5339 5330
3 4978 5330 4967
3 5340 4979 4969
3 5330 5340 4969
3 5339 5340 5330
3 5340 4981 4979
3 4971 4982 5341
3 5342 4971 5341
3 5332 4971 5342
3 4983 5341 4982
3 5343 4985 5334
3 5334 4985 4973
3 5334 5335 5344
3 5334 5344 5343
3 4986 5346 5345
3 5337 4986 5345
3 4976 4986 5337
3 5346 5347 5345
3 5349 4987 5348
3 4987 5338 5348
3 4987 4977 5338
3 5350 5349 5348
3 4988 5339 4978
3 5339 4988 4990
3 5351 5339 4990
3 5340 5339 5351
3 5351 4992 4981
3 5351 4981 5340
3 5352 5342 5341
3 5341 4983 5352
3 4983 5353 5352
3 4983 4994 5353
3 5343 4995 4985
3 5355 5354 4997
3 5355 4997 4995
3 5344 5355 4995
3 5343 5344 4995
3 5356 5354 5355
3 4998 5357 5346
3 4998 5346 4986
3 5347 5346 5358
3 5358 5346 5357
3 5349 4999 4987
3 5001 4999 5349
3 5350 5001 5349
3 5359 5001 5350
3 5002 5360 5351
3 5002 5351 4990
3 5361 5003 4992
3 5351 5361 4992
3 5360 5361 5351
3 5361 5004 5003
3 4994 5005 5362
3 5363 4994 5362
3 5353 4994 5363
3 5006 5364 5005
3 5005 5364 5362
3 4997 5354 5006
3 5354 5364 5006
3 5354 5365 5364
3 5354 5356 5366
3 5354 5366 5365
3 5007 5357 4998
3 5007 5009 5357
3 5009 5358 5357
3 5009 5367 5358
3 5359 5010 5001
3 5368 5010 5359
3 5011 5369 5360
3 5011 5360 5002
3 5360 5370 5361
3 5360 5369 5370
3 5370 5013 5004
3 5370 5004 5361
3 5371 5363 5362
3 5373 5372 5371
3 5362 5373 5371
3 5364 5373 5362
3 5374 5364 5365
3 5373 5364 5374
3 5365 5366 5375
3 5365 5375 5374
3 5015 5376 5014
3 5376 5377 5014
3 5377 5009 5014
3 5377 5367 5009
3 5379 5016 5378
3 5016 5368 5378
3 5016 5010 5368
3 5380 5379 5378
3 5017 5369 5011
3 5370 5369 5381
3 5369 5018 5381
3 5018 5382 5381
3 5018 5369 5017
3 5381 5384 5383
3 5381 5383 5019
3 5370 5381 5019
3 5013 5370 5019
3 5383 5021 5019
3 5385 5372 5373
3 5385 5373 5374
3 5385 5374 5386
3 5386 5374 5375
3 5023 5387 5376
3 5023 5376 5015
3 5377 5376 5388
3 5388 5376 5387
3 5379 5024 5016
3 5025 5024 5379
3 5380 5025 5379
3 5389 5025 5380
3 5026 5382 5018
3 5026 5390 5382
3 5383 5384 5391
3 5391 5384 5392
3 5391 5028 5021
3 5391 5021 5383
3 5030 5393 5031
3 5393 5394 5031
3 5031 5394 5023
3 5394 5395 5023
3 5395 5387 5023
3 5387 5395 5388
3 5389 5032 5025
3 5396 5032 5389
3 5033 5390 5026
3 5033 5397 5390
3 5392 5398 5391
3 5398 5400 5399
3 5398 5399 5034
3 5391 5398 5034
3 5028 5391 5034
3 5399 5035 5034
3 5402 5401 5036
3 5402 5036 5037
3 5030 5036 5393
3 5036 5403 5393
3 5036 5401 5403
3 5393 5403 5394
3 5396 5038 5032
3 5404 5038 5396
3 5040 5406 5405
3 5397 5040 5405
3 5033 5040 5397
3 5406 5407 5405
3 5399 5400 5408
3 5408 5400 5409
3 5408 5042 5035
3 5408 5035 5399
3 5043 5402 5037
3 5043 5410 5402
3 5404 5411 5038
3 5038 5411 5044
3 5046 5044 5411
3 5046 5411 5412
3 5048 5413 5406
3 5048 5406 5040
3 5407 5406 5414
3 5414 5406 5413
3 5408 5409 5415
3 5415 5409 5416
3 5415 5050 5042
3 5415 5042 5408
3 5417 5410 5043
3 5417 5043 5051
3 5051 5053 5417
3 5417 5053 5418
3 5412 5054 5046
3 5419 5054 5412
3 5055 5413 5048
3 5421 5420 5056
3 5056 5420 5055
3 5420 5414 5055
3 5414 5413 5055
3 5420 5421 5416
3 5421 5415 5416
3 5421 5422 5415
3 5422 5058 5050
3 5422 5050 5415
3 5425 5424 5423
3 5426 5423 5424
3 5059 5428 5427
3 5418 5059 5427
3 5053 5059 5418
3 5428 5429 5427
3 5419 5060 5054
3 5430 5060 5419
3 5061 5431 5421
3 5061 5421 5056
3 5421 5432 5422
3 5421 5431 5432
3 5432 5063 5058
3 5432 5058 5422
3 5435 5434 5433
3 5433 5434 5425
3 5423 5433 5425
3 5436 5433 5423
3 5423 5426 5437
3 5438 5423 5437
3 5436 5423 5438
3 5439 5438 5437
3 5064 5428 5059
3 5064 5066 5428
3 5066 5429 5428
3 5066 5440 5429
3 5442 5067 5441
3 5067 5430 5441
3 5067 5060 5430
3 5443 5442 5441
3 5068 5431 5061
3 5431 5068 5069
3 5431 5069 5432
3 5432 5069 5063
3 5435 5433 5444
3 5435 5444 5445
3 5073 5444 5072
3 5444 5436 5072
3 5444 5433 5436
3 5072 5436 5075
3 5075 5436 5438
3 5076 5075 5438
3 5439 5076 5438
3 5446 5076 5439
3 5078 5440 5066
3 5078 5447 5440
3 5442 5079 5067
3 5081 5079 5442
3 5443 5081 5442
3 5448 5081 5443
3 5445 5444 5449
3 5445 5449 5450
3 5083 5449 5073
3 5073 5449 5444
3 5452 5085 5451
3 5085 5446 5451
3 5085 5076 5446
3 5453 5452 5451
3 5086 5455 5454
3 5447 5086 5454
3 5078 5086 5447
3 5455 5456 5454
3 5448 5087 5081
3 5457 5087 5448
3 5450 5449 5458
3 5450 5458 5459
3 5089 5458 5083
3 5083 5458 5449
3 5460 5091 5452
3 5452 5091 5085
3 5452 5453 5461
3 5452 5461 5460
3 5092 5462 5455
3 5092 5455 5086
3 5456 5455 5463
3 5463 5455 5462
3 5465 5093 5464
3 5093 5457 5464
3 5093 5087 5457
3 5466 5465 5464
3 5469 5468 5467
3 5467 5468 5459
3 5467 5459 5458
3 5096 5467 5458
3 5095 5096 5458
3 5095 5458 5089
3 5471 5470 5460
3 5470 5091 5460
3 5470 5098 5091
3 5471 5460 5461
3 5473 5472 5462
3 5092 5473 5462
3 5099 5473 5092
3 5462 5472 5463
3 5474 5100 5465
3 5465 5100 5093
3 5465 5466 5475
3 5465 5475 5474
3 5478 5477 5476
3 5476 5477 5469
3 5467 5476 5469
3 5479 5476 5467
3 5102 5479 5096
3 5096 5479 5467
3 5470 5104 5098
3 5480 5104 5470
3 5105 5473 5099
3 5105 5481 5473
3 5474 5106 5100
3 5483 5482 5108
3 5483 5108 5106
3 5475 5483 5106
3 5474 5475 5106
3 5485 5484 5482
3 5485 5482 5483
3 5484 5485 5478
3 5476 5484 5478
3 5486 5484 5476
3 5111 5486 5110
3 5486 5479 5110
3 5486 5476 5479
3 5110 5479 5102
3 5489 5488 5487
3 5480 5489 5487
3 5113 5480 5487
3 5104 5480 5113
3 5114 5481 5105
3 5114 5490 5481
3 5482 5116 5108
3 5116 5482 5118
3 5482 5491 5118
3 5482 5484 5491
3 5492 5484 5486
3 5491 5484 5492
3 5120 5493 5111
3 5494 5111 5493
3 5111 5494 5486
3 5495 5486 5494
3 5486 5495 5492
3 5497 5496 5493
3 5493 5496 5494
3 5499 5498 5497
3 5497 5498 5496
3 5498 5499 5488
3 5488 5499 5487
3 5499 5121 5487
3 5121 5122 5487
3 5487 5122 5113
3 5502 5501 5500
3 5501 5490 5500
3 5490 5123 5500
3 5490 5114 5123
3 5503 5125 5491
3 5491 5125 5118
3 5492 5505 5504
3 5503 5492 5504
3 5491 5492 5503
3 5120 5126 5493
3 5492 5495 5505
3 5493 5126 5127
3 5506 5493 5127
3 5497 5493 5506
3 5506 5129 5130
3 5499 5506 5130
3 5497 5506 5499
3 5499 5130 5121
3 5502 5500 5131
3 5132 5502 5131
3 5507 5502 5132
3 5131 5500 5123
3 5508 5134 5503
3 5503 5134 5125
3 5503 5504 5509
3 5503 5509 5508
3 5135 5506 5127
3 5506 5135 5129
3 5137 5507 5132
3 5137 5510 5507
3 5512 5511 5508
3 5511 5134 5508
3 5511 5139 5134
3 5512 5508 5509
3 5515 5514 5513
3 5514 5510 5513
3 5510 5140 5513
3 5510 5137 5140
3 5511 5142 5139
3 5516 5142 5511
3 5515 5513 5143
3 5144 5515 5143
3 5517 5515 5144
3 5143 5513 5140
3 5516 5146 5142
3 5518 5146 5516
3 5148 5519 5147
3 5519 5520 5147
3 5520 5144 5147
3 5520 5517 5144
3 5518 5150 5146
3 5521 5150 5518
3 5523 5522 5519
3 5148 5523 5519
3 5151 5523 5148
3 5519 5522 5520
3 5521 5152 5150
3 5524 5152 5521
3 5527 5526 5525
3 5529 5528 5525
3 5529 5525 5526
3 5529 5523 5528
3 5523 5153 5528
3 5523 5151 5153
3 5524 5530 5152
3 5152 5530 5154
3 5154 5531 5157
3 5530 5531 5154
3 5157 5532 5159
3 5531 5532 5157
3 5525 5160 5527
3 5160 5532 5527
3 5160 5159 5532
3 5160 5525 5161
3 5161 5525 5528
3 5161 5528 5153
3 5533 5162 5163
3 5164 5533 5163
3 5534 5166 5167
3 5535 5534 5167
3 5535 5167 5162
3 5536 5535 5162
3 5533 5536 5162
3 5533 5164 5536
3 5164 5537 5536
3 5164 5170 5537
3 5538 5172 5534
3 5534 5172 5166
3 5540 5539 5535
3 5539 5541 5535
3 5173 5535 5541
3 5535 5173 5534
3 5174 5534 5173
3 5534 5174 5539
3 5539 5538 5534
3 5540 5538 5539
3 5539 5174 5541
3 5541 5542 5173
3 5542 5170 5173
3 5542 5537 5170
3 5543 5175 5176
3 5543 5176 5544
3 5176 5545 5544
3 5176 5177 5545
3 5545 5177 5172
3 5546 5545 5172
3 5538 5546 5172
3 5545 5546 5547
3 5179 5541 5174
3 5541 5179 5548
3 5546 5548 5179
3 5548 5546 5540
3 5538 5540 5546
3 5541 5548 5542
3 5549 5180 5181
3 5175 5543 5181
3 5543 5549 5181
3 5543 5550 5549
3 5543 5544 5551
3 5543 5551 5550
3 5547 5546 5182
3 5183 5547 5182
3 5552 5547 5183
3 5182 5546 5179
3 5554 5553 5186
3 5186 5553 5185
3 5554 5186 5180
3 5555 5554 5180
3 5549 5555 5180
3 5554 5555 5556
3 5557 5549 5550
3 5555 5549 5557
3 5550 5551 5558
3 5550 5558 5557
3 5187 5552 5183
3 5187 5559 5552
3 5561 5560 5190
3 5190 5560 5189
3 5562 5190 5191
3 5562 5561 5190
3 5191 5185 5553
3 5191 5553 5562
3 5556 5555 5563
3 5556 5563 5564
3 5565 5555 5557
3 5563 5555 5565
3 5557 5558 5566
3 5567 5557 5566
3 5565 5557 5567
3 5566 5559 5567
3 5559 5192 5567
3 5559 5187 5192
3 5568 5193 5194
3 5568 5194 5569
3 5194 5570 5569
3 5194 5195 5570
3 5571 5195 5196
3 5571 5570 5195
3 5572 5196 5197
3 5572 5571 5196
3 5197 5189 5560
3 5197 5560 5572
3 5564 5563 5573
3 5564 5573 5574
3 5575 5563 5565
3 5573 5563 5575
3 5576 5565 5567
3 5575 5565 5576
3 5198 5576 5192
3 5192 5576 5567
3 5578 5577 5200
3 5200 5577 5199
3 5200 5193 5568
3 5579 5200 5568
3 5578 5200 5579
3 5579 5568 5569
3 5580 5574 5573
3 5582 5581 5580
3 5573 5582 5580
3 5575 5582 5573
3 5583 5575 5576
3 5582 5575 5583
3 5201 5583 5198
3 5198 5583 5576
3 5585 5584 5204
3 5204 5584 5203
3 5204 5199 5577
3 5204 5577 5585
3 5581 5582 5586
3 5581 5586 5587
3 5206 5586 5205
3 5586 5583 5205
3 5586 5582 5583
3 5205 5583 5201
3 5589 5588 5208
3 5208 5588 5207
3 5208 5203 5584
3 5208 5584 5589
3 5210 5590 5209
3 5591 5211 5209
3 5591 5209 5590
3 5592 5212 5211
3 5592 5211 5591
3 5593 5213 5212
3 5593 5212 5592
3 5213 5593 5594
3 5595 5213 5594
3 5214 5213 5595
3 5586 5215 5587
3 5215 5595 5587
3 5215 5214 5595
3 5215 5586 5206
3 5597 5596 5217
3 5217 5596 5216
3 5217 5207 5588
3 5217 5588 5597
3 5219 5598 5218
3 5599 5220 5218
3 5599 5218 5598
3 5590 5210 5220
3 5599 5590 5220
3 5600 5590 5599
3 5590 5601 5591
3 5590 5600 5601
3 5603 5592 5602
3 5592 5601 5602
3 5592 5591 5601
3 5592 5603 5593
3 5593 5603 5604
3 5593 5604 5594
3 5596 5221 5216
3 5605 5221 5596
3 5224 5606 5223
3 5606 5607 5223
3 5223 5607 5219
3 5607 5608 5219
3 5608 5598 5219
3 5610 5609 5608
3 5609 5598 5608
3 5609 5599 5598
3 5599 5611 5600
3 5599 5609 5611
3 5600 5612 5601
3 5600 5611 5612
3 5602 5601 5613
3 5613 5601 5612
3 5605 5225 5221
3 5614 5225 5605
3 5616 5615 5606
3 5224 5616 5606
3 5227 5616 5224
3 5606 5615 5607
3 5610 5617 5609
3 5609 5617 5611
3 5611 5617 5618
3 5620 5619 5618
3 5619 5611 5618
3 5619 5612 5611
3 5613 5612 5621
3 5612 5622 5621
3 5612 5619 5622
3 5622 5623 5621
3 5626 5625 5624
3 5614 5626 5624
3 5229 5614 5624
3 5225 5614 5229
3 5227 5230 5627
3 5628 5227 5627
3 5616 5227 5628
3 5231 5627 5230
3 5620 5629 5619
3 5631 5630 5629
3 5630 5619 5629
3 5630 5622 5619
3 5623 5622 5632
3 5622 5633 5632
3 5622 5630 5633
3 5633 5634 5632
3 5624 5625 5635
3 5635 5625 5636
3 5635 5233 5229
3 5635 5229 5624
3 5637 5628 5627
3 5639 5637 5638
3 5638 5637 5234
3 5637 5627 5234
3 5627 5231 5234
3 5236 5638 5234
3 5631 5640 5630
3 5642 5641 5640
3 5641 5630 5640
3 5641 5633 5630
3 5634 5633 5643
3 5633 5644 5643
3 5633 5641 5644
3 5644 5645 5643
3 5636 5646 5635
3 5233 5635 5646
3 5647 5233 5646
3 5238 5233 5647
3 5648 5639 5638
3 5650 5648 5649
3 5649 5648 5239
3 5648 5638 5239
3 5638 5236 5239
3 5241 5649 5239
3 5641 5642 5651
3 5651 5642 5652
3 5641 5653 5644
3 5641 5651 5653
3 5645 5644 5654
3 5644 5655 5654
3 5644 5653 5655
3 5655 5656 5654
3 5242 5238 5657
3 5238 5658 5657
3 5238 5647 5658
3 5657 5243 5242
3 5650 5649 5659
3 5650 5659 5660
3 5244 5661 5241
3 5661 5649 5241
3 5661 5659 5649
3 5246 5661 5244
3 5652 5662 5651
3 5651 5662 5653
3 5653 5662 5663
3 5665 5664 5663
3 5664 5653 5663
3 5664 5655 5653
3 5656 5655 5666
3 5655 5667 5666
3 5655 5664 5667
3 5667 5668 5666
3 5658 5669 5657
3 5669 5671 5670
3 5669 5670 5247
3 5657 5669 5247
3 5243 5657 5247
3 5670 5248 5247
3 5672 5660 5659
3 5674 5673 5672
3 5659 5674 5672
3 5661 5674 5659
3 5250 5674 5246
3 5246 5674 5661
3 5665 5675 5664
3 5677 5676 5675
3 5676 5664 5675
3 5676 5667 5664
3 5668 5667 5678
3 5678 5667 5676
3 5671 5679 5670
3 5248 5670 5679
3 5680 5248 5679
3 5251 5248 5680
3 5681 5673 5674
3 5683 5681 5682
3 5682 5681 5252
3 5681 5674 5252
3 5674 5250 5252
3 5254 5682 5252
3 5677 5684 5676
3 5676 5684 5678
3 5255 5251 5685
3 5251 5686 5685
3 5251 5680 5686
3 5685 5256 5255
3 5683 5682 5687
3 5683 5687 5688
3 5258 5687 5254
3 5254 5687 5682
3 5686 5689 5685
3 5256 5685 5689
3 5690 5256 5689
3 5259 5256 5690
3 5691 5688 5687
3 5693 5691 5692
3 5692 5691 5260
3 5691 5687 5260
3 5687 5258 5260
3 5262 5692 5260
3 5690 5263 5259
3 5694 5263 5690
3 5695 5693 5692
3 5697 5695 5696
3 5696 5695 5264
3 5695 5692 5264
3 5692 5262 5264
3 5266 5696 5264
3 5694 5267 5263
3 5698 5267 5694
3 5699 5697 5696
3 5701 5699 5700
3 5700 5699 5269
3 5699 5696 5269
3 5696 5266 5269
3 5270 5700 5269
3 5698 5271 5267
3 5702 5271 5698
3 5703 5701 5700
3 5705 5703 5704
3 5704 5703 5274
3 5703 5700 5274
3 5700 5270 5274
3 5275 5704 5274
3 5702 5276 5271
3 5706 5276 5702
3 5278 5707 5277
3 5708 5279 5277
3 5708 5277 5707
3 5708 5281 5279
3 5709 5705 5704
3 5704 5275 5709
3 5275 5710 5709
3 5275 5283 5710
3 5712 5284 5711
3 5284 5706 5711
3 5284 5276 5706
3 5713 5712 5711
3 5286 5714 5707
3 5286 5707 5278
3 5707 5715 5708
3 5707 5714 5715
3 5716 5287 5281
3 5708 5716 5281
3 5715 5716 5708
3 5716 5288 5287
3 5717 5710 5283
3 5717 5283 5289
3 5289 5290 5717
3 5717 5290 5718
3 5712 5291 5284
3 5720 5719 5293
3 5720 5293 5291
3 5713 5720 5291
3 5712 5713 5291
3 5721 5719 5720
3 5714 5286 5294
3 5724 5723 5722
3 5725 5723 5724
3 5723 5725 5296
3 5715 5296 5725
3 5296 5715 5294
3 5714 5294 5715
3 5727 5726 5725
3 5726 5715 5725
3 5726 5716 5715
3 5728 5297 5288
3 5716 5728 5288
3 5726 5728 5716
3 5728 5298 5297
3 5729 5718 5290
3 5729 5290 5299
3 5299 5300 5729
3 5729 5300 5730
3 5732 5731 5719
3 5731 5293 5719
3 5731 5302 5293
3 5732 5719 5721
3 5722 5723 5733
3 5722 5733 5734
3 5304 5733 5296
3 5296 5733 5723
3 5727 5735 5726
3 5737 5736 5735
3 5736 5726 5735
3 5736 5728 5726
3 5736 5305 5298
3 5736 5298 5728
3 5738 5730 5300
3 5738 5300 5306
3 5306 5307 5738
3 5738 5307 5739
3 5731 5309 5302
3 5740 5309 5731
3 5734 5733 5741
3 5734 5741 5742
3 5310 5743 5304
3 5743 5733 5304
3 5743 5741 5733
3 5312 5743 5310
3 5737 5744 5736
3 5736 5744 5305
3 5744 5313 5305
3 5744 5745 5313
3 5314 5313 5745
3 5314 5745 5746
3 5315 5748 5747
3 5739 5315 5747
3 5307 5315 5739
3 5748 5749 5747
3 5740 5316 5309
3 5750 5316 5740
3 5751 5742 5741
3 5753 5752 5751
3 5741 5753 5751
3 5743 5753 5741
3 5317 5754 5312
3 5754 5743 5312
3 5754 5753 5743
3 5318 5754 5317
3 5319 5314 5755
3 5314 5756 5755
3 5314 5746 5756
3 5755 5321 5319
3 5322 5748 5315
3 5322 5323 5748
3 5323 5749 5748
3 5323 5757 5749
3 5750 5324 5316
3 5758 5324 5750
3 5759 5752 5753
3 5761 5760 5759
3 5753 5761 5759
3 5754 5761 5753
3 5326 5761 5318
3 5318 5761 5754
3 5756 5762 5755
3 5321 5755 5762
3 5763 5321 5762
3 5327 5321 5763
3 5328 5757 5323
3 5328 5764 5757
3 5766 5329 5765
3 5329 5758 5765
3 5329 5324 5758
3 5767 5766 5765
3 5768 5760 5761
3 5770 5768 5769
3 5769 5768 5331
3 5768 5761 5331
3 5761 5326 5331
3 5332 5769 5331
3 5333 5327 5771
3 5327 5772 5771
3 5327 5763 5772
3 5771 5335 5333
3 5773 5764 5328
3 5773 5328 5336
3 5336 5337 5773
3 5773 5337 5774
3 5775 5338 5766
3 5766 5338 5329
3 5766 5767 5776
3 5766 5776 5775
3 5777 5770 5769
3 5769 5332 5777
3 5332 5778 5777
3 5332 5342 5778
3 5772 5779 5771
3 5335 5771 5779
3 5780 5335 5779
3 5344 5335 5780
3 5781 5774 5337
3 5781 5337 5345
3 5345 5347 5781
3 5781 5347 5782
3 5775 5348 5338
3 5350 5348 5775
3 5776 5350 5775
3 5783 5350 5776
3 5342 5352 5784
3 5785 5342 5784
3 5778 5342 5785
3 5353 5784 5352
3 5780 5786 5344
3 5344 5786 5355
3 5356 5355 5786
3 5356 5786 5787
3 5358 5782 5347
3 5358 5788 5782
3 5783 5359 5350
3 5789 5359 5783
3 5785 5784 5790
3 5785 5790 5791
3 5363 5790 5353
3 5353 5790 5784
3 5793 5366 5792
3 5366 5787 5792
3 5366 5356 5787
3 5794 5793 5792
3 5367 5796 5795
3 5788 5367 5795
3 5358 5367 5788
3 5796 5797 5795
3 5799 5368 5798
3 5368 5789 5798
3 5368 5359 5789
3 5800 5799 5798
3 5801 5791 5790
3 5803 5801 5802
3 5802 5801 5371
3 5801 5790 5371
3 5790 5363 5371
3 5372 5802 5371
3 5804 5375 5793
3 5793 5375 5366
3 5793 5794 5805
3 5793 5805 5804
3 5377 5806 5796
3 5377 5796 5367
3 5797 5796 5807
3 5807 5796 5806
3 5799 5378 5368
3 5380 5378 5799
3 5800 5380 5799
3 5808 5380 5800
3 5382 5809 5381
3 5809 5384 5381
3 5810 5803 5802
3 5810 5802 5372
3 5385 5810 5372
3 5811 5810 5385
3 5812 5385 5386
3 5812 5811 5385
3 5386 5375 5804
3 5813 5386 5804
3 5812 5386 5813
3 5813 5804 5805
3 5388 5814 5806
3 5388 5806 5377
3 5807 5806 5815
3 5815 5806 5814
3 5808 5389 5380
3 5816 5389 5808
3 5390 5817 5809
3 5390 5809 5382
3 5817 5392 5384
3 5817 5384 5809
3 5819 5818 5395
3 5819 5395 5394
3 5388 5395 5814
3 5395 5820 5814
3 5395 5818 5820
3 5814 5820 5815
3 5816 5396 5389
3 5821 5396 5816
3 5397 5822 5817
3 5397 5817 5390
3 5823 5398 5392
3 5817 5823 5392
3 5822 5823 5817
3 5823 5400 5398
3 5826 5825 5824
3 5401 5402 5824
3 5825 5401 5824
3 5827 5401 5825
3 5401 5828 5403
3 5827 5828 5401
3 5394 5403 5819
3 5819 5403 5828
3 5830 5404 5829
3 5404 5821 5829
3 5404 5396 5821
3 5831 5830 5829
3 5405 5822 5397
3 5822 5405 5407
3 5832 5822 5407
3 5823 5822 5832
3 5832 5409 5400
3 5832 5400 5823
3 5826 5824 5833
3 5826 5833 5834
3 5410 5833 5402
3 5402 5833 5824
3 5830 5411 5404
3 5412 5411 5830
3 5831 5412 5830
3 5835 5412 5831
3 5414 5836 5832
3 5414 5832 5407
3 5836 5416 5409
3 5836 5409 5832
3 5837 5834 5833
3 5839 5837 5838
3 5838 5837 5417
3 5837 5833 5417
3 5833 5410 5417
3 5418 5838 5417
3 5835 5419 5412
3 5840 5419 5835
3 5420 5836 5414
3 5836 5420 5416
3 5843 5842 5841
3 5844 5424 5425
3 5845 5841 5842
3 5844 5426 5424
3 5846 5839 5838
3 5848 5846 5847
3 5847 5846 5427
3 5846 5838 5427
3 5838 5418 5427
3 5429 5847 5427
3 5840 5430 5419
3 5849 5430 5840
3 5843 5841 5434
3 5435 5843 5434
3 5850 5843 5435
3 5841 5845 5434
3 5845 5851 5434
3 5844 5425 5434
3 5844 5434 5851
3 5844 5851 5426
3 5851 5437 5426
3 5851 5852 5437
3 5439 5437 5852
3 5439 5852 5853
3 5854 5848 5847
3 5847 5429 5854
3 5429 5855 5854
3 5429 5440 5855
3 5849 5856 5430
3 5430 5856 5441
3 5443 5441 5856
3 5443 5856 5857
3 5860 5859 5858
3 5859 5850 5858
3 5850 5445 5858
3 5850 5435 5445
3 5853 5446 5439
3 5861 5446 5853
3 5447 5855 5440
3 5447 5862 5855
3 5857 5448 5443
3 5863 5448 5857
3 5860 5858 5864
3 5860 5864 5865
3 5450 5864 5445
3 5445 5864 5858
3 5451 5446 5866
3 5446 5867 5866
3 5446 5861 5867
3 5866 5453 5451
3 5868 5862 5447
3 5868 5447 5454
3 5454 5456 5868
3 5868 5456 5869
3 5871 5457 5870
3 5457 5863 5870
3 5457 5448 5863
3 5872 5871 5870
3 5875 5874 5873
3 5873 5874 5865
3 5864 5873 5865
3 5876 5873 5864
3 5459 5876 5450
3 5450 5876 5864
3 5866 5867 5877
3 5877 5867 5878
3 5877 5461 5453
3 5877 5453 5866
3 5881 5880 5879
3 5880 5869 5879
3 5869 5463 5879
3 5869 5456 5463
3 5871 5464 5457
3 5883 5882 5466
3 5883 5466 5464
3 5872 5883 5464
3 5871 5872 5464
3 5885 5884 5882
3 5885 5882 5883
3 5884 5885 5875
3 5873 5884 5875
3 5886 5884 5873
3 5469 5886 5468
3 5886 5876 5468
3 5886 5873 5876
3 5468 5876 5459
3 5889 5888 5887
3 5889 5887 5878
3 5878 5887 5877
3 5887 5470 5877
3 5470 5471 5877
3 5877 5471 5461
3 5881 5879 5472
3 5473 5881 5472
3 5890 5881 5473
3 5472 5879 5463
3 5891 5475 5882
3 5882 5475 5466
3 5892 5882 5884
3 5891 5882 5892
3 5478 5892 5477
3 5892 5886 5477
3 5892 5884 5886
3 5477 5886 5469
3 5895 5894 5893
3 5897 5896 5893
3 5893 5896 5895
3 5896 5897 5888
3 5897 5887 5888
3 5897 5898 5887
3 5898 5480 5470
3 5898 5470 5887
3 5481 5890 5473
3 5481 5899 5890
3 5891 5483 5475
3 5483 5891 5485
3 5485 5891 5892
3 5485 5892 5478
3 5902 5901 5900
3 5902 5900 5894
3 5900 5893 5894
3 5900 5903 5893
3 5893 5904 5897
3 5893 5903 5904
3 5904 5488 5489
3 5898 5904 5489
3 5897 5904 5898
3 5898 5489 5480
3 5907 5906 5905
3 5906 5899 5905
3 5899 5490 5905
3 5899 5481 5490
3 5910 5909 5908
3 5910 5908 5901
3 5901 5908 5900
3 5908 5495 5900
3 5495 5494 5900
3 5900 5494 5496
3 5900 5496 5903
3 5903 5496 5498
3 5903 5498 5904
3 5904 5498 5488
3 5913 5912 5911
3 5911 5912 5907
3 5911 5907 5905
3 5502 5911 5905
3 5501 5502 5905
3 5501 5905 5490
3 5908 5909 5505
3 5909 5504 5505
3 5909 5914 5504
3 5908 5505 5495
3 5913 5911 5915
3 5913 5915 5916
3 5507 5915 5502
3 5502 5915 5911
3 5914 5509 5504
3 5917 5509 5914
3 5916 5915 5918
3 5916 5918 5919
3 5510 5918 5507
3 5507 5918 5915
3 5921 5920 5512
3 5512 5920 5511
3 5512 5509 5917
3 5512 5917 5921
3 5919 5918 5514
3 5515 5919 5514
3 5922 5919 5515
3 5514 5918 5510
3 5920 5516 5511
3 5923 5516 5920
3 5926 5925 5924
3 5925 5922 5924
3 5922 5517 5924
3 5922 5515 5517
3 5928 5518 5927
3 5518 5923 5927
3 5518 5516 5923
3 5929 5928 5927
3 5926 5924 5930
3 5926 5930 5931
3 5520 5930 5517
3 5517 5930 5924
3 5932 5521 5928
3 5928 5521 5518
3 5928 5929 5933
3 5928 5933 5932
3 5522 5523 5934
3 5930 5935 5931
3 5935 5930 5936
3 5930 5520 5936
3 5522 5934 5936
3 5522 5936 5520
3 5937 5524 5932
3 5932 5524 5521
3 5932 5933 5938
3 5939 5932 5938
3 5937 5932 5939
3 5941 5940 5939
3 5941 5939 5938
3 5526 5527 5940
3 5941 5526 5940
3 5942 5526 5941
3 5526 5943 5529
3 5942 5943 5526
3 5523 5529 5934
3 5529 5944 5934
3 5529 5943 5944
3 5934 5944 5936
3 5937 5530 5524
3 5530 5937 5531
3 5531 5937 5939
3 5531 5939 5532
3 5532 5939 5940
3 5532 5940 5527
3 5945 5535 5536
3 5537 5945 5536
3 5946 5540 5945
3 5945 5540 5535
3 5542 5946 5537
3 5537 5946 5945
3 5947 5544 5545
3 5547 5947 5545
3 5946 5548 5540
3 5548 5946 5542
3 5948 5551 5947
3 5947 5551 5544
3 5552 5948 5547
3 5547 5948 5947
3 5949 5553 5554
3 5556 5949 5554
3 5950 5558 5948
3 5948 5558 5551
3 5559 5950 5552
3 5552 5950 5948
3 5951 5560 5561
3 5562 5952 5561
3 5561 5952 5951
3 5553 5949 5562
3 5949 5952 5562
3 5949 5953 5952
3 5564 5953 5556
3 5556 5953 5949
3 5950 5566 5558
3 5566 5950 5559
3 5954 5569 5570
3 5954 5570 5955
3 5570 5956 5955
3 5570 5571 5956
3 5957 5571 5572
3 5957 5956 5571
3 5572 5560 5951
3 5958 5572 5951
3 5957 5572 5958
3 5958 5951 5952
3 5958 5952 5959
3 5961 5960 5959
3 5952 5961 5959
3 5953 5961 5952
3 5574 5961 5564
3 5564 5961 5953
3 5962 5577 5578
3 5962 5578 5963
3 5578 5964 5963
3 5578 5579 5964
3 5579 5569 5954
3 5965 5579 5954
3 5964 5579 5965
3 5965 5954 5955
3 5960 5961 5966
3 5960 5966 5967
3 5580 5968 5574
3 5968 5961 5574
3 5968 5966 5961
3 5581 5968 5580
3 5970 5969 5585
3 5585 5969 5584
3 5585 5577 5962
3 5971 5585 5962
3 5970 5585 5971
3 5971 5962 5963
3 5967 5966 5972
3 5967 5972 5973
3 5974 5966 5968
3 5972 5966 5974
3 5587 5974 5581
3 5581 5974 5968
3 5976 5975 5589
3 5589 5975 5588
3 5589 5584 5969
3 5589 5969 5976
3 5973 5972 5977
3 5973 5977 5978
3 5594 5977 5595
3 5977 5974 5595
3 5977 5972 5974
3 5595 5974 5587
3 5979 5596 5597
3 5980 5979 5597
3 5588 5980 5597
3 5975 5980 5588
3 5602 5981 5603
3 5982 5978 5977
3 5603 5982 5977
3 5604 5603 5977
3 5982 5603 5981
3 5604 5977 5594
3 5984 5983 5979
3 5983 5596 5979
3 5983 5605 5596
3 5984 5979 5980
3 5607 5985 5608
3 5985 5610 5608
3 5613 5986 5981
3 5613 5981 5602
3 5982 5981 5987
3 5981 5988 5987
3 5981 5986 5988
3 5988 5989 5987
3 5983 5614 5605
3 5990 5614 5983
3 5992 5991 5615
3 5992 5615 5616
3 5607 5615 5985
3 5615 5993 5985
3 5615 5991 5993
3 5993 5995 5994
3 5993 5994 5617
3 5985 5993 5617
3 5610 5985 5617
3 5996 5618 5617
3 5996 5617 5994
3 5996 5620 5618
3 5621 5986 5613
3 5986 5621 5623
3 5997 5986 5623
3 5988 5986 5997
3 5989 5988 5998
3 5998 5988 5997
3 5999 5625 5626
3 6000 5999 5626
3 5614 6000 5626
3 5990 6000 5614
3 6003 6002 6001
3 6002 5992 6001
3 5992 5628 6001
3 5992 5616 5628
3 5995 6004 5994
3 6006 6005 6004
3 6005 5994 6004
3 6005 5996 5994
3 6007 5629 5620
3 5996 6007 5620
3 6005 6007 5996
3 6007 5631 5629
3 5632 5997 5623
3 6009 6008 5634
3 5634 6008 5632
3 6008 5998 5632
3 5998 5997 5632
3 6011 6010 6009
3 6009 6010 6008
3 6011 6012 6010
3 6014 6013 5999
3 6013 5625 5999
3 6013 5636 5625
3 6014 5999 6000
3 6015 6003 6001
3 6017 6015 6016
3 6016 6015 5637
3 6015 6001 5637
3 6001 5628 5637
3 5639 6016 5637
3 6005 6006 6018
3 6018 6006 6019
3 6005 6020 6007
3 6005 6018 6020
3 6021 5640 5631
3 6007 6021 5631
3 6020 6021 6007
3 6021 5642 5640
3 5643 6009 5634
3 6009 5643 5645
3 6022 6009 5645
3 6011 6009 6022
3 6012 6011 6023
3 6011 6024 6023
3 6011 6022 6024
3 6024 6025 6023
3 6013 6026 5636
3 5636 6026 5646
3 5647 5646 6026
3 5647 6026 6027
3 6017 6016 6028
3 6017 6028 6029
3 5648 6030 5639
3 6030 6016 5639
3 6030 6028 6016
3 5650 6030 5648
3 6019 6031 6018
3 6033 6032 6031
3 6032 6018 6031
3 6032 6020 6018
3 6020 6034 6021
3 6020 6032 6034
3 6034 5652 5642
3 6034 5642 6021
3 5654 6022 5645
3 6022 5654 5656
3 6035 6022 5656
3 6024 6022 6035
3 6025 6024 6036
3 6024 6037 6036
3 6024 6035 6037
3 6037 6038 6036
3 6027 5658 5647
3 6039 5658 6027
3 6040 6029 6028
3 6042 6041 6040
3 6028 6042 6040
3 6030 6042 6028
3 5660 6042 5650
3 5650 6042 6030
3 6033 6043 6032
3 6045 6044 6043
3 6044 6032 6043
3 6044 6034 6032
3 6046 5662 5652
3 6034 6046 5652
3 6044 6046 6034
3 6047 5663 5662
3 6047 5662 6046
3 6047 5665 5663
3 5666 6035 5656
3 6035 5666 5668
3 6048 6035 5668
3 6037 6035 6048
3 6038 6037 6049
3 6037 6050 6049
3 6037 6048 6050
3 6050 6051 6049
3 6039 6052 5658
3 5658 6052 5669
3 5671 5669 6052
3 5671 6052 6053
3 6054 6041 6042
3 6056 6054 6055
3 6055 6054 5672
3 6054 6042 5672
3 6042 5660 5672
3 5673 6055 5672
3 6045 6057 6044
3 6044 6057 6046
3 6046 6057 6058
3 6060 6059 6058
3 6059 6046 6058
3 6059 6047 6046
3 6061 5675 5665
3 6047 6061 5665
3 6059 6061 6047
3 6061 5677 5675
3 5678 6062 6048
3 5678 6048 5668
3 6048 6063 6050
3 6048 6062 6063
3 6051 6050 6064
3 6050 6065 6064
3 6050 6063 6065
3 6065 6066 6064
3 5679 5671 6067
3 5671 6068 6067
3 5671 6053 6068
3 6067 5680 5679
3 6069 6056 6055
3 6071 6069 6070
3 6070 6069 5681
3 6069 6055 5681
3 6055 5673 5681
3 5683 6070 5681
3 6060 6072 6059
3 6074 6073 6072
3 6073 6059 6072
3 6073 6061 6059
3 6075 5684 5677
3 6061 6075 5677
3 6073 6075 6061
3 6062 5678 5684
3 6075 6062 5684
3 6076 6062 6075
3 6062 6077 6063
3 6062 6076 6077
3 6063 6078 6065
3 6063 6077 6078
3 6066 6065 6079
3 6065 6080 6079
3 6065 6078 6080
3 6080 6081 6079
3 6068 6082 6067
3 5680 6067 6082
3 6083 5680 6082
3 5686 5680 6083
3 6071 6070 6084
3 6071 6084 6085
3 5688 6084 5683
3 5683 6084 6070
3 6074 6086 6073
3 6088 6087 6086
3 6087 6073 6086
3 6087 6075 6073
3 6075 6089 6076
3 6075 6087 6089
3 6076 6090 6077
3 6076 6089 6090
3 6077 6091 6078
3 6077 6090 6091
3 6078 6092 6080
3 6078 6091 6092
3 6081 6080 6093
3 6080 6094 6093
3 6080 6092 6094
3 6096 6095 6094
3 6094 6095 6093
3 6096 6097 6095
3 6083 6098 5686
3 5686 6098 5689
3 5690 5689 6098
3 5690 6098 6099
3 6100 6085 6084
3 6102 6100 6101
3 6101 6100 5691
3 6100 6084 5691
3 6084 5688 5691
3 5693 6101 5691
3 6088 6103 6087
3 6087 6103 6089
3 6089 6103 6104
3 6106 6105 6104
3 6105 6089 6104
3 6105 6090 6089
3 6090 6107 6091
3 6090 6105 6107
3 6091 6108 6092
3 6091 6107 6108
3 6092 6109 6094
3 6092 6108 6109
3 6094 6110 6096
3 6094 6109 6110
3 6097 6096 6111
3 6096 6112 6111
3 6096 6110 6112
3 6112 6113 6111
3 6099 5694 5690
3 6114 5694 6099
3 6115 6102 6101
3 6117 6115 6116
3 6116 6115 5695
3 6115 6101 5695
3 6101 5693 5695
3 5697 6116 5695
3 6106 6118 6105
3 6105 6118 6107
3 6107 6118 6119
3 6121 6120 6119
3 6120 6107 6119
3 6120 6108 6107
3 6108 6122 6109
3 6108 6120 6122
3 6109 6123 6110
3 6109 6122 6123
3 6110 6124 6112
3 6110 6123 6124
3 6113 6112 6125
3 6125 6112 6124
3 6114 5698 5694
3 6126 5698 6114
3 6127 6117 6116
3 6129 6127 6128
3 6128 6127 5699
3 6127 6116 5699
3 6116 5697 5699
3 5701 6128 5699
3 6121 6130 6120
3 6120 6130 6122
3 6122 6130 6131
3 6122 6131 6123
3 6123 6131 6132
3 6134 6133 6132
3 6133 6123 6132
3 6133 6124 6123
3 6125 6124 6135
3 6135 6124 6133
3 6126 5702 5698
3 6136 5702 6126
3 6137 6129 6128
3 6139 6137 6138
3 6138 6137 5703
3 6137 6128 5703
3 6128 5701 5703
3 5705 6138 5703
3 6134 6140 6133
3 6133 6140 6135
3 6136 5706 5702
3 6141 5706 6136
3 6142 6139 6138
3 6144 6142 6143
3 6143 6142 5709
3 6142 6138 5709
3 6138 5705 5709
3 5710 6143 5709
3 6141 6145 5706
3 5706 6145 5711
3 5713 5711 6145
3 5713 6145 6146
3 6147 6144 6143
3 6149 6147 6148
3 6148 6147 5717
3 6147 6143 5717
3 6143 5710 5717
3 5718 6148 5717
3 6146 6150 5713
3 5713 6150 5720
3 5721 5720 6150
3 5721 6150 6151
3 5722 6152 5724
3 6153 5725 5724
3 6153 5724 6152
3 6153 5727 5725
3 6154 6149 6148
3 6156 6154 6155
3 6155 6154 5729
3 6154 6148 5729
3 6148 5718 5729
3 5730 6155 5729
3 6157 5731 5732
3 6158 6157 5732
3 5721 6158 5732
3 6151 6158 5721
3 6160 6159 6152
3 5722 6160 6152
3 5734 6160 5722
3 6162 6161 6159
3 6161 6152 6159
3 6161 6153 6152
3 6163 5735 5727
3 6153 6163 5727
3 6161 6163 6153
3 6163 5737 5735
3 6164 6156 6155
3 6166 6164 6165
3 6165 6164 5738
3 6164 6155 5738
3 6155 5730 5738
3 5739 6165 5738
3 6167 5740 6157
3 6157 5740 5731
3 6157 6158 6168
3 6169 6157 6168
3 6167 6157 6169
3 6171 6170 6169
3 6171 6169 6168
3 6173 6172 6170
3 6173 6170 6171
3 6173 6160 6172
3 6160 5742 6172
3 6160 5734 5742
3 6162 6174 6161
3 6161 6174 6163
3 6163 6174 6175
3 6175 6177 6176
3 6175 6176 5744
3 6163 6175 5744
3 5737 6163 5744
3 6178 5745 5744
3 6178 5744 6176
3 6178 5746 5745
3 6179 6166 6165
3 6181 6179 6180
3 6180 6179 5747
3 6179 6165 5747
3 6165 5739 5747
3 5749 6180 5747
3 6182 5750 6167
3 6167 5750 5740
3 6183 6167 6169
3 6182 6167 6183
3 6184 6169 6170
3 6183 6169 6184
3 6185 6170 6172
3 6184 6170 6185
3 5751 6186 5742
3 6186 6172 5742
3 6186 6185 6172
3 5752 6186 5751
3 6177 6187 6176
3 6176 6187 6178
3 6178 6187 6188
3 5746 6178 6188
3 6189 5746 6188
3 5756 5746 6189
3 6190 6181 6180
3 6180 5749 6190
3 5749 6191 6190
3 5749 5757 6191
3 6192 5758 6182
3 6182 5758 5750
3 6183 6194 6193
3 6192 6183 6193
3 6182 6183 6192
3 6194 6183 6184
3 6194 6184 6195
3 6195 6184 6185
3 6195 6185 6196
3 6198 6197 6196
3 6185 6198 6196
3 6186 6198 6185
3 5759 6199 5752
3 6199 6186 5752
3 6199 6198 6186
3 5760 6199 5759
3 5762 5756 6200
3 5756 6201 6200
3 5756 6189 6201
3 6200 5763 5762
3 5764 6191 5757
3 5764 6202 6191
3 6192 5765 5758
3 5767 5765 6192
3 6193 5767 6192
3 6203 5767 6193
3 6204 6197 6198
3 6206 6205 6204
3 6198 6206 6204
3 6199 6206 6198
3 5768 6207 5760
3 6207 6199 5760
3 6207 6206 6199
3 5770 6207 5768
3 6200 6201 6208
3 6208 6201 6209
3 6208 5772 5763
3 6208 5763 6200
3 6210 6202 5764
3 6210 5764 5773
3 5773 5774 6210
3 6210 5774 6211
3 6203 5776 5767
3 6212 5776 6203
3 6213 6205 6206
3 6213 6206 6207
3 6213 6207 6214
3 6216 6214 6215
3 6215 6214 5777
3 6214 6207 5777
3 6207 5770 5777
3 5778 6215 5777
3 6208 6209 6217
3 6217 6209 6218
3 6219 5779 5772
3 6208 6219 5772
3 6217 6219 6208
3 6219 5780 5779
3 6220 6211 5774
3 6220 5774 5781
3 5781 5782 6220
3 6220 5782 6221
3 6212 5783 5776
3 6222 5783 6212
3 6216 6215 6223
3 6216 6223 6224
3 5785 6223 5778
3 5778 6223 6215
3 6218 6225 6217
3 6217 6225 6219
3 6219 6225 6226
3 6226 6228 6227
3 6226 6227 5786
3 6219 6226 5786
3 5780 6219 5786
3 6227 5787 5786
3 5788 6221 5782
3 5788 6229 6221
3 6231 5789 6230
3 5789 6222 6230
3 5789 5783 6222
3 6232 6231 6230
3 6224 6223 6233
3 6224 6233 6234
3 5791 6233 5785
3 5785 6233 6223
3 6228 6235 6227
3 6227 6235 5787
3 6235 5792 5787
3 6235 6236 5792
3 5794 5792 6236
3 5794 6236 6237
3 6238 6229 5788
3 6238 5788 5795
3 5795 5797 6238
3 6238 5797 6239
3 6231 5798 5789
3 5800 5798 6231
3 6232 5800 6231
3 6240 5800 6232
3 6241 6234 6233
3 6243 6241 6242
3 6242 6241 5801
3 6241 6233 5801
3 6233 5791 5801
3 5803 6242 5801
3 6245 5805 6244
3 5805 6237 6244
3 5805 5794 6237
3 6246 6245 6244
3 5807 6239 5797
3 5807 6247 6239
3 6240 5808 5800
3 6248 5808 6240
3 6249 6243 6242
3 6249 6242 5803
3 5810 6249 5803
3 6250 6249 5810
3 6251 5810 5811
3 6251 6250 5810
3 6252 5811 5812
3 6252 6251 5811
3 6253 5812 5813
3 6253 6252 5812
3 5813 5805 6245
3 6254 5813 6245
3 6253 5813 6254
3 6254 6245 6246
3 5815 6247 5807
3 5815 6255 6247
3 6248 5816 5808
3 6256 5816 6248
3 5819 6257 5818
3 5818 6257 6258
3 6259 5818 6258
3 5820 5818 6259
3 5815 5820 6255
3 6255 5820 6259
3 6261 5821 6260
3 5821 6256 6260
3 5821 5816 6256
3 6262 6261 6260
3 6264 6263 5825
3 6264 5825 5826
3 5825 6265 5827
3 6263 6265 5825
3 5827 6266 5828
3 6265 6266 5827
3 5819 5828 6257
3 5828 6267 6257
3 5828 6266 6267
3 6257 6267 6258
3 6261 5829 5821
3 5831 5829 6261
3 6262 5831 6261
3 6268 5831 6262
3 5834 6264 5826
3 5834 6269 6264
3 6268 5835 5831
3 6270 5835 6268
3 6271 6269 5834
3 6271 5834 5837
3 5837 5839 6271
3 6271 5839 6272
3 6274 5840 6273
3 5840 6270 6273
3 5840 5835 6270
3 6275 6274 6273
3 5843 6276 5842
3 6276 5845 5842
3 6277 6272 5839
3 6277 5839 5846
3 5846 5848 6277
3 6277 5848 6278
3 6279 5849 6274
3 6274 5849 5840
3 6274 6275 6280
3 6274 6280 6279
3 6283 6282 6281
3 6282 6284 6276
3 5850 6282 6276
3 5843 5850 6276
3 6281 6282 5850
3 6276 6284 5845
3 6284 5851 5845
3 6284 6285 5851
3 6285 6287 6286
3 5852 6285 6286
3 5851 6285 5852
3 6286 5853 5852
3 5848 5854 6288
3 6289 5848 6288
3 6278 5848 6289
3 5855 6288 5854
3 6279 5856 5849
3 5857 5856 6279
3 6280 5857 6279
3 6290 5857 6280
3 6293 6292 6291
3 6291 6292 6283
3 6291 6283 6281
3 5860 6291 6281
3 5859 5860 6281
3 5859 6281 5850
3 6287 6294 6286
3 5853 6286 6294
3 6295 5853 6294
3 5861 5853 6295
3 6296 6289 6288
3 6288 5855 6296
3 5855 6297 6296
3 5855 5862 6297
3 6299 5863 6298
3 5863 6290 6298
3 5863 5857 6290
3 6301 6300 6299
3 6301 6299 6298
3 6303 6302 6300
3 6303 6300 6301
3 6302 6303 6293
3 6291 6302 6293
3 6304 6302 6291
3 5865 6304 5860
3 5860 6304 6291
3 6307 6306 6305
3 6295 6307 6305
3 5867 6295 6305
3 5861 6295 5867
3 5862 5868 6308
3 6309 5862 6308
3 6297 5862 6309
3 5869 6308 5868
3 6299 5870 5863
3 5870 6299 5872
3 6299 6310 5872
3 6299 6300 6310
3 6311 6300 6302
3 6310 6300 6311
3 5875 6311 5874
3 6311 6304 5874
3 6311 6302 6304
3 5874 6304 5865
3 6314 6313 6312
3 6314 6312 6306
3 6312 6305 6306
3 6312 6315 6305
3 6315 5878 5867
3 6315 5867 6305
3 6309 6308 5880
3 5881 6309 5880
3 6316 6309 5881
3 5880 6308 5869
3 6310 5883 5872
3 5883 6310 5885
3 5885 6310 6311
3 5885 6311 5875
3 6319 6318 6317
3 6319 6317 6313
3 6317 6312 6313
3 6317 6320 6312
3 6320 5888 5889
3 6315 6320 5889
3 6312 6320 6315
3 6315 5889 5878
3 6323 6322 6321
3 6322 6316 6321
3 6316 5890 6321
3 6316 5881 5890
3 6326 6325 6324
3 6326 6324 6318
3 6318 6324 6317
3 6324 5894 6317
3 5894 5895 6317
3 6317 5895 5896
3 6317 5896 6320
3 6320 5896 5888
3 6329 6328 6327
3 6327 6328 6323
3 6321 6327 6323
3 6330 6327 6321
3 5899 6330 5890
3 5890 6330 6321
3 6333 6332 6331
3 6333 6331 6325
3 6325 6331 6324
3 6331 5901 6324
3 5901 5902 6324
3 6324 5902 5894
3 6329 6327 6334
3 6329 6334 6335
3 5907 6334 5906
3 6334 6330 5906
3 6334 6327 6330
3 5906 6330 5899
3 6331 6332 5910
3 6332 5909 5910
3 6332 6336 5909
3 6331 5910 5901
3 6339 6338 6337
3 6337 6338 6335
3 6337 6335 6334
3 5913 6337 6334
3 5912 5913 6334
3 5912 6334 5907
3 6336 5914 5909
3 6340 5914 6336
3 6339 6337 6341
3 6339 6341 6342
3 5916 6341 5913
3 5913 6341 6337
3 6345 6344 6343
3 6340 6345 6343
3 5917 6340 6343
3 5914 6340 5917
3 6342 6341 6346
3 6342 6346 6347
3 5919 6346 5916
3 5916 6346 6341
3 6349 6348 6344
3 6348 5920 6344
3 5921 6343 6344
3 5921 6344 5920
3 5921 5917 6343
3 6348 6349 6350
3 6347 6346 6351
3 6347 6351 6352
3 5922 6351 5919
3 5919 6351 6346
3 6353 5923 6348
3 6348 5923 5920
3 6348 6350 6354
3 6348 6354 6353
3 6352 6351 5925
3 5926 6352 5925
3 6355 6352 5926
3 5925 6351 5922
3 6353 5927 5923
3 5929 5927 6353
3 6354 5929 6353
3 6356 5929 6354
3 5931 6355 5926
3 5931 6357 6355
3 6356 5933 5929
3 6358 5933 6356
3 5931 5935 6359
3 6360 5931 6359
3 6357 5931 6360
3 5936 6359 5935
3 6358 6361 5933
3 5933 6361 5938
3 5938 6362 5941
3 6361 6362 5938
3 5941 6363 5942
3 6362 6363 5941
3 5942 6364 5943
3 6363 6364 5942
3 6359 5944 6360
3 5944 6364 6360
3 5944 5943 6364
3 5944 6359 5936
3 6365 5955 5956
3 6365 5956 6366
3 5956 6367 6366
3 5956 5957 6367
3 6369 6367 6368
3 6367 5958 6368
3 6367 5957 5958
3 5959 6370 5958
3 5958 6370 6368
3 5960 6370 5959
3 6371 5963 5964
3 6371 5964 6372
3 5964 6373 6372
3 5964 5965 6373
3 5965 5955 6365
3 6374 5965 6365
3 6373 5965 6374
3 6374 6365 6366
3 6375 6369 6368
3 6377 6376 6375
3 6368 6377 6375
3 6370 6377 6368
3 5967 6377 5960
3 5960 6377 6370
3 6378 5969 5970
3 6378 5970 6379
3 5970 6380 6379
3 5970 5971 6380
3 5971 5963 6371
3 6381 5971 6371
3 6380 5971 6381
3 6381 6371 6372
3 6376 6377 6382
3 6376 6382 6383
3 5973 6382 5967
3 5967 6382 6377
3 6384 5975 5976
3 6385 6384 5976
3 6385 5976 5969
3 6386 6385 5969
3 6378 6386 5969
3 6386 6378 6379
3 6383 6382 6387
3 6383 6387 6388
3 5978 6387 5973
3 5973 6387 6382
3 6390 6389 6384
3 6389 5975 6384
3 6389 5980 5975
3 6390 6384 6385
3 6388 6387 6391
3 6388 6391 6392
3 5982 6391 5978
3 5978 6391 6387
3 6393 5983 5984
3 6394 6393 5984
3 5980 6394 5984
3 6389 6394 5980
3 6395 6392 6391
3 6397 6395 6396
3 6396 6395 5987
3 6395 6391 5987
3 6391 5982 5987
3 5989 6396 5987
3 6399 6398 6393
3 6398 5983 6393
3 6398 5990 5983
3 6399 6393 6394
3 5992 6400 5991
3 6401 5993 5991
3 6401 5991 6400
3 6401 5995 5993
3 6397 6396 6402
3 6397 6402 6403
3 5998 6402 5989
3 5989 6402 6396
3 6398 6000 5990
3 6404 6000 6398
3 6406 6405 6002
3 6406 6002 6003
3 5992 6002 6400
3 6002 6407 6400
3 6002 6405 6407
3 6409 6408 6407
3 6408 6400 6407
3 6408 6401 6400
3 6410 6004 5995
3 6401 6410 5995
3 6408 6410 6401
3 6410 6006 6004
3 6411 6403 6402
3 6411 6402 5998
3 6008 6411 5998
3 6412 6411 6008
3 6414 6412 6413
3 6412 6010 6413
3 6412 6008 6010
3 6012 6413 6010
3 6415 6013 6014
3 6416 6415 6014
3 6000 6416 6014
3 6404 6416 6000
3 6003 6015 6417
3 6418 6003 6417
3 6406 6003 6418
3 6017 6417 6015
3 6409 6419 6408
3 6421 6420 6419
3 6420 6408 6419
3 6420 6410 6408
3 6420 6019 6006
3 6420 6006 6410
3 6422 6414 6413
3 6424 6422 6423
3 6423 6422 6023
3 6422 6413 6023
3 6413 6012 6023
3 6025 6423 6023
3 6426 6026 6425
3 6026 6013 6425
3 6425 6013 6415
3 6427 6425 6415
3 6415 6416 6427
3 6026 6426 6027
3 6428 6418 6417
3 6417 6017 6428
3 6017 6429 6428
3 6017 6029 6429
3 6421 6430 6420
3 6430 6432 6431
3 6430 6431 6031
3 6420 6430 6031
3 6019 6420 6031
3 6431 6033 6031
3 6433 6424 6423
3 6433 6423 6025
3 6036 6433 6025
3 6434 6433 6036
3 6436 6435 6038
3 6435 6036 6038
3 6435 6434 6036
3 6436 6437 6435
3 6425 6438 6426
3 6027 6426 6438
3 6439 6027 6438
3 6039 6027 6439
3 6029 6040 6440
3 6441 6029 6440
3 6429 6029 6441
3 6041 6440 6040
3 6432 6442 6431
3 6442 6444 6443
3 6442 6443 6043
3 6431 6442 6043
3 6033 6431 6043
3 6443 6045 6043
3 6049 6436 6038
3 6446 6445 6051
3 6051 6445 6049
3 6445 6437 6049
3 6437 6436 6049
3 6448 6447 6446
3 6446 6447 6445
3 6448 6449 6447
3 6052 6039 6450
3 6039 6451 6450
3 6039 6439 6451
3 6450 6053 6052
3 6452 6441 6440
3 6454 6452 6453
3 6453 6452 6054
3 6452 6440 6054
3 6440 6041 6054
3 6056 6453 6054
3 6444 6455 6443
3 6455 6457 6456
3 6455 6456 6057
3 6443 6455 6057
3 6045 6443 6057
3 6458 6058 6057
3 6458 6057 6456
3 6458 6060 6058
3 6064 6446 6051
3 6446 6064 6066
3 6459 6446 6066
3 6448 6446 6459
3 6449 6448 6460
3 6448 6461 6460
3 6448 6459 6461
3 6463 6462 6461
3 6461 6462 6460
3 6463 6464 6462
3 6451 6465 6450
3 6053 6450 6465
3 6466 6053 6465
3 6068 6053 6466
3 6467 6454 6453
3 6469 6467 6468
3 6468 6467 6069
3 6467 6453 6069
3 6453 6056 6069
3 6071 6468 6069
3 6457 6470 6456
3 6472 6471 6470
3 6471 6456 6470
3 6471 6458 6456
3 6473 6072 6060
3 6458 6473 6060
3 6471 6473 6458
3 6473 6074 6072
3 6079 6459 6066
3 6459 6079 6081
3 6474 6459 6081
3 6461 6459 6474
3 6461 6475 6463
3 6461 6474 6475
3 6464 6463 6476
3 6463 6477 6476
3 6463 6475 6477
3 6477 6478 6476
3 6466 6479 6068
3 6068 6479 6082
3 6083 6082 6479
3 6083 6479 6480
3 6469 6468 6481
3 6469 6481 6482
3 6085 6481 6071
3 6071 6481 6468
3 6472 6483 6471
3 6471 6483 6473
3 6473 6483 6484
3 6484 6486 6485
3 6484 6485 6086
3 6473 6484 6086
3 6074 6473 6086
3 6485 6088 6086
3 6093 6474 6081
3 6474 6093 6095
3 6474 6095 6475
3 6475 6095 6097
3 6487 6475 6097
3 6477 6475 6487
3 6478 6477 6488
3 6477 6489 6488
3 6477 6487 6489
3 6491 6490 6489
3 6489 6490 6488
3 6491 6492 6490
3 6098 6083 6493
3 6083 6494 6493
3 6083 6480 6494
3 6493 6099 6098
3 6495 6482 6481
3 6497 6495 6496
3 6496 6495 6100
3 6495 6481 6100
3 6481 6085 6100
3 6102 6496 6100
3 6486 6498 6485
3 6498 6500 6499
3 6498 6499 6103
3 6485 6498 6103
3 6088 6485 6103
3 6501 6104 6103
3 6501 6103 6499
3 6501 6106 6104
3 6111 6487 6097
3 6487 6111 6113
3 6502 6487 6113
3 6489 6487 6502
3 6489 6503 6491
3 6489 6502 6503
3 6492 6491 6504
3 6491 6505 6504
3 6491 6503 6505
3 6505 6506 6504
3 6494 6507 6493
3 6099 6493 6507
3 6508 6099 6507
3 6114 6099 6508
3 6509 6497 6496
3 6511 6509 6510
3 6510 6509 6115
3 6509 6496 6115
3 6496 6102 6115
3 6117 6510 6115
3 6500 6512 6499
3 6499 6512 6501
3 6501 6512 6513
3 6513 6515 6514
3 6513 6514 6118
3 6501 6513 6118
3 6106 6501 6118
3 6516 6119 6118
3 6516 6118 6514
3 6516 6121 6119
3 6125 6517 6502
3 6125 6502 6113
3 6502 6518 6503
3 6502 6517 6518
3 6503 6519 6505
3 6503 6518 6519
3 6506 6505 6520
3 6520 6505 6519
3 6508 6126 6114
3 6521 6126 6508
3 6522 6511 6510
3 6524 6522 6523
3 6523 6522 6127
3 6522 6510 6127
3 6510 6117 6127
3 6129 6523 6127
3 6515 6525 6514
3 6514 6525 6516
3 6516 6525 6526
3 6526 6528 6527
3 6526 6527 6130
3 6516 6526 6130
3 6121 6516 6130
3 6529 6131 6130
3 6529 6130 6527
3 6530 6132 6131
3 6530 6131 6529
3 6530 6134 6132
3 6135 6531 6517
3 6135 6517 6125
3 6517 6532 6518
3 6517 6531 6532
3 6518 6533 6519
3 6518 6532 6533
3 6520 6519 6534
3 6519 6535 6534
3 6519 6533 6535
3 6535 6536 6534
3 6521 6136 6126
3 6537 6136 6521
3 6538 6524 6523
3 6540 6538 6539
3 6539 6538 6137
3 6538 6523 6137
3 6523 6129 6137
3 6139 6539 6137
3 6528 6541 6527
3 6527 6541 6529
3 6529 6541 6542
3 6544 6543 6542
3 6543 6529 6542
3 6543 6530 6529
3 6545 6140 6134
3 6530 6545 6134
3 6543 6545 6530
3 6531 6135 6140
3 6545 6531 6140
3 6546 6531 6545
3 6531 6547 6532
3 6531 6546 6547
3 6532 6548 6533
3 6532 6547 6548
3 6533 6549 6535
3 6533 6548 6549
3 6536 6535 6550
3 6535 6551 6550
3 6535 6549 6551
3 6551 6552 6550
3 6537 6141 6136
3 6553 6141 6537
3 6554 6540 6539
3 6556 6554 6555
3 6555 6554 6142
3 6554 6539 6142
3 6539 6139 6142
3 6144 6555 6142
3 6544 6557 6543
3 6559 6558 6557
3 6558 6543 6557
3 6558 6545 6543
3 6545 6560 6546
3 6545 6558 6560
3 6546 6561 6547
3 6546 6560 6561
3 6547 6562 6548
3 6547 6561 6562
3 6548 6563 6549
3 6548 6562 6563
3 6549 6564 6551
3 6549 6563 6564
3 6552 6551 6565
3 6565 6551 6564
3 6568 6567 6566
3 6566 6569 6568
3 6553 6570 6141
3 6141 6570 6145
3 6146 6145 6570
3 6146 6570 6571
3 6572 6556 6555
3 6574 6572 6573
3 6573 6572 6147
3 6572 6555 6147
3 6555 6144 6147
3 6149 6573 6147
3 6559 6575 6558
3 6558 6575 6560
3 6560 6575 6576
3 6578 6577 6576
3 6577 6560 6576
3 6577 6561 6560
3 6561 6579 6562
3 6561 6577 6579
3 6562 6580 6563
3 6562 6579 6580
3 6563 6581 6564
3 6563 6580 6581
3 6565 6564 6582
3 6564 6583 6582
3 6564 6581 6583
3 6583 6584 6582
3 6567 6585 6566
3 6566 6585 6569
3 6150 6146 6586
3 6146 6587 6586
3 6146 6571 6587
3 6586 6151 6150
3 6588 6574 6573
3 6588 6573 6149
3 6154 6588 6149
3 6589 6588 6154
3 6154 6156 6589
3 6589 6156 6590
3 6578 6591 6577
3 6593 6592 6591
3 6592 6577 6591
3 6592 6579 6577
3 6579 6594 6580
3 6579 6592 6594
3 6580 6595 6581
3 6580 6594 6595
3 6581 6596 6583
3 6581 6595 6596
3 6584 6583 6597
3 6583 6598 6597
3 6583 6596 6598
3 6600 6599 6598
3 6598 6599 6597
3 6600 6601 6599
3 6587 6602 6586
3 6151 6586 6602
3 6603 6151 6602
3 6158 6151 6603
3 6160 6604 6159
3 6604 6162 6159
3 6605 6590 6156
3 6605 6156 6164
3 6164 6166 6605
3 6605 6166 6606
3 6593 6607 6592
3 6592 6607 6594
3 6594 6607 6608
3 6594 6608 6595
3 6595 6608 6609
3 6595 6609 6596
3 6596 6609 6610
3 6596 6610 6598
3 6598 6610 6611
3 6598 6611 6600
3 6600 6611 6612
3 6600 6612 6601
3 6168 6158 6613
3 6158 6614 6613
3 6158 6603 6614
3 6615 6171 6168
3 6615 6168 6613
3 6616 6173 6171
3 6616 6171 6615
3 6604 6160 6173
3 6616 6604 6173
3 6617 6604 6616
3 6618 6174 6162
3 6604 6618 6162
3 6617 6618 6604
3 6619 6175 6174
3 6619 6174 6618
3 6619 6177 6175
3 6620 6606 6166
3 6620 6166 6179
3 6179 6181 6620
3 6620 6181 6621
3 6614 6622 6613
3 6613 6622 6615
3 6615 6622 6623
3 6615 6623 6616
3 6616 6623 6624
3 6616 6624 6617
3 6617 6624 6625
3 6617 6625 6618
3 6618 6625 6626
3 6618 6626 6619
3 6619 6626 6627
3 6627 6629 6628
3 6627 6628 6187
3 6619 6627 6187
3 6177 6619 6187
3 6630 6188 6187
3 6630 6187 6628
3 6630 6189 6188
3 6181 6190 6631
3 6632 6181 6631
3 6621 6181 6632
3 6191 6631 6190
3 6633 6193 6194
3 6195 6634 6194
3 6194 6634 6633
3 6196 6635 6195
3 6195 6635 6634
3 6197 6635 6196
3 6629 6636 6628
3 6638 6637 6636
3 6637 6628 6636
3 6637 6630 6628
3 6637 6201 6189
3 6637 6189 6630
3 6632 6631 6639
3 6632 6639 6640
3 6202 6639 6191
3 6191 6639 6631
3 6641 6203 6633
3 6633 6203 6193
3 6642 6633 6634
3 6641 6633 6642
3 6643 6634 6635
3 6642 6634 6643
3 6204 6644 6197
3 6644 6635 6197
3 6644 6643 6635
3 6205 6644 6204
3 6637 6638 6645
3 6645 6638 6646
3 6645 6209 6201
3 6645 6201 6637
3 6647 6640 6639
3 6649 6647 6648
3 6648 6647 6210
3 6647 6639 6210
3 6639 6202 6210
3 6211 6648 6210
3 6650 6212 6641
3 6641 6212 6203
3 6642 6652 6651
3 6650 6642 6651
3 6641 6642 6650
3 6652 6642 6643
3 6652 6643 6653
3 6655 6654 6653
3 6643 6655 6653
3 6644 6655 6643
3 6213 6656 6205
3 6656 6644 6205
3 6656 6655 6644
3 6214 6657 6213
3 6213 6657 6656
3 6216 6657 6214
3 6645 6646 6658
3 6658 6646 6659
3 6658 6218 6209
3 6658 6209 6645
3 6660 6649 6648
3 6662 6660 6661
3 6661 6660 6220
3 6660 6648 6220
3 6648 6211 6220
3 6221 6661 6220
3 6663 6222 6650
3 6650 6222 6212
3 6650 6651 6664
3 6650 6664 6663
3 6665 6654 6655
3 6665 6655 6656
3 6665 6656 6666
3 6668 6667 6666
3 6656 6668 6666
3 6657 6668 6656
3 6224 6668 6216
3 6216 6668 6657
3 6659 6669 6658
3 6669 6671 6670
3 6669 6670 6225
3 6658 6669 6225
3 6218 6658 6225
3 6672 6226 6225
3 6672 6225 6670
3 6672 6228 6226
3 6673 6662 6661
3 6661 6221 6673
3 6221 6674 6673
3 6221 6229 6674
3 6663 6230 6222
3 6232 6230 6663
3 6664 6232 6663
3 6675 6232 6664
3 6667 6668 6676
3 6667 6676 6677
3 6234 6676 6224
3 6224 6676 6668
3 6671 6678 6670
3 6670 6678 6672
3 6672 6678 6679
3 6672 6679 6228
3 6679 6235 6228
3 6679 6680 6235
3 6235 6681 6236
3 6680 6681 6235
3 6237 6236 6681
3 6237 6681 6682
3 6683 6674 6229
3 6683 6229 6238
3 6238 6239 6683
3 6683 6239 6684
3 6675 6240 6232
3 6685 6240 6675
3 6686 6677 6676
3 6688 6686 6687
3 6687 6686 6241
3 6686 6676 6241
3 6676 6234 6241
3 6243 6687 6241
3 6682 6689 6237
3 6237 6689 6244
3 6246 6244 6689
3 6246 6689 6690
3 6247 6684 6239
3 6247 6691 6684
3 6685 6248 6240
3 6692 6248 6685
3 6693 6688 6687
3 6693 6687 6243
3 6249 6693 6243
3 6694 6693 6249
3 6695 6249 6250
3 6695 6694 6249
3 6696 6250 6251
3 6696 6695 6250
3 6697 6251 6252
3 6697 6696 6251
3 6698 6252 6253
3 6698 6697 6252
3 6699 6253 6254
3 6699 6698 6253
3 6254 6246 6690
3 6254 6690 6699
3 6255 6691 6247
3 6255 6700 6691
3 6702 6256 6701
3 6256 6692 6701
3 6256 6248 6692
3 6703 6702 6701
3 6258 6704 6259
3 6704 6705 6259
3 6705 6255 6259
3 6705 6700 6255
3 6702 6260 6256
3 6262 6260 6702
3 6703 6262 6702
3 6706 6262 6703
3 6709 6708 6707
3 6711 6710 6707
3 6711 6707 6708
3 6263 6264 6710
3 6711 6263 6710
3 6712 6263 6711
3 6263 6713 6265
3 6712 6713 6263
3 6265 6714 6266
3 6713 6714 6265
3 6266 6715 6267
3 6714 6715 6266
3 6258 6267 6704
3 6267 6716 6704
3 6267 6715 6716
3 6704 6716 6705
3 6706 6268 6262
3 6717 6268 6706
3 6709 6707 6718
3 6709 6718 6719
3 6720 6707 6710
3 6718 6707 6720
3 6269 6720 6264
3 6264 6720 6710
3 6722 6270 6721
3 6270 6717 6721
3 6270 6268 6717
3 6723 6722 6721
3 6724 6719 6718
3 6724 6718 6720
3 6724 6720 6725
3 6727 6725 6726
3 6726 6725 6271
3 6725 6720 6271
3 6720 6269 6271
3 6272 6726 6271
3 6722 6273 6270
3 6275 6273 6722
3 6723 6275 6722
3 6728 6275 6723
3 6729 6727 6726
3 6731 6729 6730
3 6730 6729 6277
3 6729 6726 6277
3 6726 6272 6277
3 6278 6730 6277
3 6728 6280 6275
3 6732 6280 6728
3 6283 6733 6282
3 6734 6284 6282
3 6734 6282 6733
3 6735 6285 6284
3 6735 6284 6734
3 6735 6287 6285
3 6731 6730 6736
3 6731 6736 6737
3 6289 6736 6278
3 6278 6736 6730
3 6739 6290 6738
3 6290 6732 6738
3 6290 6280 6732
3 6741 6740 6739
3 6741 6739 6738
3 6742 6740 6741
3 6744 6743 6292
3 6744 6292 6293
3 6283 6292 6733
3 6292 6745 6733
3 6292 6743 6745
3 6747 6746 6745
3 6746 6733 6745
3 6746 6734 6733
3 6734 6748 6735
3 6734 6746 6748
3 6749 6294 6287
3 6735 6749 6287
3 6748 6749 6735
3 6736 6750 6737
3 6295 6294 6749
3 6752 6750 6751
3 6751 6750 6296
3 6750 6736 6296
3 6736 6289 6296
3 6297 6751 6296
3 6739 6298 6290
3 6298 6739 6301
3 6301 6739 6740
3 6742 6753 6740
3 6753 6301 6740
3 6753 6303 6301
3 6293 6303 6744
3 6744 6303 6753
3 6746 6747 6754
3 6754 6747 6755
3 6746 6756 6748
3 6746 6754 6756
3 6756 6306 6307
3 6749 6756 6307
3 6748 6756 6749
3 6749 6307 6295
3 6752 6751 6757
3 6752 6757 6758
3 6309 6757 6297
3 6297 6757 6751
3 6761 6760 6759
3 6761 6759 6755
3 6759 6754 6755
3 6759 6762 6754
3 6762 6313 6314
3 6756 6762 6314
3 6754 6762 6756
3 6756 6314 6306
3 6758 6757 6763
3 6758 6763 6764
3 6316 6763 6309
3 6309 6763 6757
3 6767 6766 6765
3 6767 6765 6760
3 6765 6759 6760
3 6765 6768 6759
3 6768 6318 6319
3 6762 6768 6319
3 6759 6768 6762
3 6762 6319 6313
3 6771 6770 6769
3 6773 6772 6769
3 6773 6769 6770
3 6772 6773 6764
3 6772 6764 6763
3 6323 6772 6763
3 6322 6323 6763
3 6322 6763 6316
3 6765 6766 6774
3 6774 6766 6775
3 6774 6325 6326
3 6768 6774 6326
3 6765 6774 6768
3 6768 6326 6318
3 6771 6769 6776
3 6771 6776 6777
3 6329 6776 6328
3 6776 6772 6328
3 6776 6769 6772
3 6328 6772 6323
3 6780 6779 6778
3 6780 6778 6775
3 6775 6778 6774
3 6778 6332 6774
3 6332 6333 6774
3 6774 6333 6325
3 6783 6782 6781
3 6781 6782 6777
3 6776 6781 6777
3 6784 6781 6776
3 6335 6784 6329
3 6329 6784 6776
3 6778 6779 6785
3 6785 6779 6786
3 6785 6336 6332
3 6785 6332 6778
3 6783 6781 6787
3 6783 6787 6788
3 6339 6787 6338
3 6787 6784 6338
3 6787 6781 6784
3 6338 6784 6335
3 6785 6786 6789
3 6789 6786 6790
3 6789 6340 6336
3 6789 6336 6785
3 6788 6787 6791
3 6788 6791 6792
3 6342 6791 6339
3 6339 6791 6787
3 6789 6790 6345
3 6790 6344 6345
3 6790 6793 6344
3 6789 6345 6340
3 6792 6791 6794
3 6792 6794 6795
3 6347 6794 6342
3 6342 6794 6791
3 6349 6344 6796
3 6344 6797 6796
3 6344 6793 6797
3 6796 6350 6349
3 6795 6794 6798
3 6795 6798 6799
3 6352 6798 6347
3 6347 6798 6794
3 6797 6800 6796
3 6350 6796 6800
3 6801 6350 6800
3 6354 6350 6801
3 6799 6798 6802
3 6799 6802 6803
3 6355 6802 6352
3 6352 6802 6798
3 6801 6356 6354
3 6804 6356 6801
3 6805 6803 6802
3 6802 6355 6805
3 6355 6806 6805
3 6355 6357 6806
3 6808 6358 6807
3 6358 6804 6807
3 6358 6356 6804
3 6810 6809 6808
3 6810 6808 6807
3 6812 6811 6809
3 6812 6809 6810
3 6814 6813 6811
3 6814 6811 6812
3 6814 6806 6813
3 6806 6360 6813
3 6806 6357 6360
3 6808 6361 6358
3 6361 6808 6362
3 6362 6808 6809
3 6362 6809 6363
3 6363 6809 6811
3 6363 6811 6364
3 6364 6811 6813
3 6364 6813 6360
3 6815 6366 6367
3 6369 6815 6367
3 6816 6372 6373
3 6816 6373 6817
3 6373 6818 6817
3 6373 6374 6818
3 6374 6366 6815
3 6819 6374 6815
3 6818 6374 6819
3 6821 6819 6820
3 6820 6819 6375
3 6819 6815 6375
3 6815 6369 6375
3 6376 6820 6375
3 6822 6379 6380
3 6822 6380 6823
3 6380 6824 6823
3 6380 6381 6824
3 6381 6372 6816
3 6825 6381 6816
3 6824 6381 6825
3 6825 6816 6817
3 6821 6820 6826
3 6821 6826 6827
3 6383 6826 6376
3 6376 6826 6820
3 6828 6385 6386
3 6829 6828 6386
3 6829 6386 6379
3 6830 6829 6379
3 6822 6830 6379
3 6830 6822 6823
3 6827 6826 6831
3 6827 6831 6832
3 6388 6831 6383
3 6383 6831 6826
3 6833 6389 6390
3 6834 6833 6390
3 6834 6390 6385
3 6835 6834 6385
3 6828 6835 6385
3 6835 6828 6829
3 6832 6831 6836
3 6832 6836 6837
3 6392 6836 6388
3 6388 6836 6831
3 6839 6838 6833
3 6838 6389 6833
3 6838 6394 6389
3 6839 6833 6834
3 6840 6837 6836
3 6842 6840 6841
3 6841 6840 6395
3 6840 6836 6395
3 6836 6392 6395
3 6397 6841 6395
3 6844 6843 6399
3 6399 6843 6398
3 6399 6394 6838
3 6399 6838 6844
3 6842 6841 6845
3 6842 6845 6846
3 6403 6845 6397
3 6397 6845 6841
3 6843 6404 6398
3 6847 6404 6843
3 6406 6848 6405
3 6849 6407 6405
3 6849 6405 6848
3 6849 6409 6407
3 6846 6845 6850
3 6846 6850 6851
3 6411 6852 6403
3 6852 6845 6403
3 6852 6850 6845
3 6412 6853 6411
3 6411 6853 6852
3 6414 6853 6412
3 6847 6416 6404
3 6854 6416 6847
3 6856 6855 6848
3 6406 6856 6848
3 6418 6856 6406
3 6848 6855 6849
3 6849 6855 6857
3 6857 6859 6858
3 6857 6858 6419
3 6849 6857 6419
3 6409 6849 6419
3 6858 6421 6419
3 6851 6850 6860
3 6851 6860 6861
3 6852 6863 6862
3 6860 6852 6862
3 6850 6852 6860
3 6865 6864 6863
3 6852 6865 6863
3 6853 6865 6852
3 6422 6866 6414
3 6866 6853 6414
3 6866 6865 6853
3 6424 6866 6422
3 6868 6867 6427
3 6427 6867 6425
3 6427 6416 6854
3 6427 6854 6868
3 6418 6428 6869
3 6870 6418 6869
3 6856 6418 6870
3 6429 6869 6428
3 6859 6871 6858
3 6871 6873 6872
3 6871 6872 6430
3 6858 6871 6430
3 6421 6858 6430
3 6872 6432 6430
3 6874 6861 6860
3 6877 6876 6875
3 6862 6874 6860
3 6864 6865 6878
3 6877 6879 6876
3 6878 6865 6866
3 6878 6866 6880
3 6882 6880 6881
3 6881 6880 6433
3 6880 6866 6433
3 6866 6424 6433
3 6434 6883 6433
3 6433 6883 6881
3 6435 6884 6434
3 6434 6884 6883
3 6437 6884 6435
3 6867 6885 6425
3 6425 6885 6438
3 6439 6438 6885
3 6439 6885 6886
3 6887 6870 6869
3 6869 6429 6887
3 6429 6888 6887
3 6429 6441 6888
3 6873 6889 6872
3 6889 6891 6890
3 6889 6890 6442
3 6872 6889 6442
3 6432 6872 6442
3 6890 6444 6442
3 6892 6875 6876
3 6895 6894 6893
3 6879 6892 6876
3 6896 6894 6895
3 6897 6882 6881
3 6897 6881 6883
3 6897 6883 6898
3 6898 6883 6884
3 6898 6884 6899
3 6901 6899 6900
3 6900 6899 6445
3 6899 6884 6445
3 6884 6437 6445
3 6447 6902 6445
3 6445 6902 6900
3 6449 6902 6447
3 6886 6451 6439
3 6903 6451 6886
3 6441 6452 6904
3 6905 6441 6904
3 6888 6441 6905
3 6454 6904 6452
3 6891 6906 6890
3 6906 6908 6907
3 6906 6907 6455
3 6890 6906 6455
3 6444 6890 6455
3 6907 6457 6455
3 6909 6893 6894
3 6909 6894 6896
3 6910 6901 6900
3 6910 6900 6902
3 6910 6902 6911
3 6911 6902 6449
3 6460 6911 6449
3 6912 6911 6460
3 6913 6460 6462
3 6913 6912 6460
3 6462 6464 6913
3 6913 6464 6914
3 6903 6915 6451
3 6451 6915 6465
3 6466 6465 6915
3 6466 6915 6916
3 6917 6905 6904
3 6919 6917 6918
3 6918 6917 6467
3 6917 6904 6467
3 6904 6454 6467
3 6469 6918 6467
3 6908 6920 6907
3 6920 6922 6921
3 6920 6921 6470
3 6907 6920 6470
3 6457 6907 6470
3 6921 6472 6470
3 6923 6914 6464
3 6923 6464 6476
3 6925 6924 6478
3 6924 6476 6478
3 6924 6923 6476
3 6927 6926 6925
3 6925 6926 6924
3 6927 6928 6926
3 6479 6466 6929
3 6466 6930 6929
3 6466 6916 6930
3 6929 6480 6479
3 6931 6919 6918
3 6918 6469 6931
3 6469 6932 6931
3 6469 6482 6932
3 6922 6933 6921
3 6933 6935 6934
3 6933 6934 6483
3 6921 6933 6483
3 6472 6921 6483
3 6936 6484 6483
3 6936 6483 6934
3 6936 6486 6484
3 6488 6925 6478
3 6925 6488 6490
3 6925 6490 6927
3 6938 6937 6492
3 6492 6937 6490
3 6937 6928 6490
3 6928 6927 6490
3 6938 6939 6937
3 6930 6940 6929
3 6480 6929 6940
3 6941 6480 6940
3 6494 6480 6941
3 6482 6495 6942
3 6943 6482 6942
3 6932 6482 6943
3 6497 6942 6495
3 6935 6944 6934
3 6934 6944 6936
3 6936 6944 6945
3 6945 6947 6946
3 6945 6946 6498
3 6936 6945 6498
3 6486 6936 6498
3 6946 6500 6498
3 6504 6938 6492
3 6504 6506 6938
3 6506 6939 6938
3 6506 6948 6939
3 6941 6949 6494
3 6494 6949 6507
3 6508 6507 6949
3 6508 6949 6950
3 6951 6943 6942
3 6953 6951 6952
3 6952 6951 6509
3 6951 6942 6509
3 6942 6497 6509
3 6511 6952 6509
3 6947 6954 6946
3 6946 6954 6500
3 6954 6512 6500
3 6954 6955 6512
3 6955 6957 6956
3 6513 6955 6956
3 6512 6955 6513
3 6956 6515 6513
3 6520 6959 6958
3 6948 6520 6958
3 6506 6520 6948
3 6959 6960 6958
3 6950 6521 6508
3 6961 6521 6950
3 6962 6953 6952
3 6964 6962 6963
3 6963 6962 6522
3 6962 6952 6522
3 6952 6511 6522
3 6524 6963 6522
3 6957 6965 6956
3 6956 6965 6515
3 6965 6525 6515
3 6965 6966 6525
3 6966 6968 6967
3 6526 6966 6967
3 6525 6966 6526
3 6967 6528 6526
3 6534 6959 6520
3 6534 6536 6959
3 6536 6960 6959
3 6536 6969 6960
3 6961 6537 6521
3 6970 6537 6961
3 6971 6964 6963
3 6973 6971 6972
3 6972 6971 6538
3 6971 6963 6538
3 6963 6524 6538
3 6540 6972 6538
3 6968 6974 6967
3 6967 6974 6528
3 6974 6541 6528
3 6974 6975 6541
3 6975 6977 6976
3 6542 6975 6976
3 6541 6975 6542
3 6976 6544 6542
3 6978 6969 6536
3 6978 6536 6550
3 6980 6979 6552
3 6979 6550 6552
3 6979 6978 6550
3 6980 6981 6979
3 6970 6553 6537
3 6982 6553 6970
3 6983 6973 6972
3 6985 6983 6984
3 6984 6983 6554
3 6983 6972 6554
3 6972 6540 6554
3 6556 6984 6554
3 6977 6986 6976
3 6986 6988 6987
3 6986 6987 6557
3 6976 6986 6557
3 6544 6976 6557
3 6987 6559 6557
3 6565 6989 6980
3 6565 6980 6552
3 6981 6980 6990
3 6980 6991 6990
3 6980 6989 6991
3 6993 6992 6991
3 6991 6992 6990
3 6995 6994 6993
3 6993 6994 6992
3 6995 6996 6994
3 6999 6998 6997
3 6567 6568 6997
3 6568 6999 6997
3 6568 7000 6999
3 6568 6569 7000
3 7000 6569 7001
3 6982 7002 6553
3 6553 7002 6570
3 6571 6570 7002
3 6571 7002 7003
3 7004 6985 6984
3 7006 7004 7005
3 7005 7004 6572
3 7004 6984 6572
3 6984 6556 6572
3 6574 7005 6572
3 6988 7007 6987
3 7007 7009 7008
3 7007 7008 6575
3 6987 7007 6575
3 6559 6987 6575
3 7010 6576 6575
3 7010 6575 7008
3 7010 6578 6576
3 6582 6989 6565
3 6989 6582 6584
3 7011 6989 6584
3 6991 6989 7011
3 6991 7012 6993
3 6991 7011 7012
3 6993 7013 6995
3 6993 7012 7013
3 6996 6995 7014
3 6995 7015 7014
3 6995 7013 7015
3 7017 7016 7015
3 7015 7016 7014
3 7019 7018 7017
3 7017 7018 7016
3 7018 7019 6998
3 7019 6997 6998
3 7019 7020 6997
3 6997 7020 6567
3 7020 7021 6567
3 7021 6585 6567
3 7020 7022 7021
3 6569 6585 7001
3 7001 6585 7021
3 7003 6587 6571
3 7023 6587 7003
3 7024 7006 7005
3 7024 7005 6574
3 6588 7024 6574
3 7025 7024 6588
3 7027 7025 7026
3 7025 6589 7026
3 7025 6588 6589
3 6590 7026 6589
3 7009 7028 7008
3 7008 7028 7010
3 7010 7028 7029
3 7029 7031 7030
3 7029 7030 6591
3 7010 7029 6591
3 6578 7010 6591
3 7030 6593 6591
3 6597 7011 6584
3 7011 6597 6599
3 7011 6599 7012
3 7012 6599 6601
3 7032 7012 6601
3 7013 7012 7032
3 7013 7033 7015
3 7013 7032 7033
3 7015 7034 7017
3 7015 7033 7034
3 7017 7035 7019
3 7017 7034 7035
3 7019 7036 7020
3 7019 7035 7036
3 7022 7020 7037
3 7037 7020 7036
3 6602 6587 7038
3 6587 7039 7038
3 6587 7023 7039
3 7038 6603 6602
3 7040 7027 7026
3 7042 7040 7041
3 7041 7040 6605
3 7040 7026 6605
3 7026 6590 6605
3 6606 7041 6605
3 7031 7043 7030
3 7043 7045 7044
3 7043 7044 6607
3 7030 7043 6607
3 6593 7030 6607
3 7046 6608 6607
3 7046 6607 7044
3 7047 6609 6608
3 7047 6608 7046
3 7048 6610 6609
3 7048 6609 7047
3 7049 6611 6610
3 7049 6610 7048
3 7050 6612 6611
3 7050 6611 7049
3 7032 6601 6612
3 7050 7032 6612
3 7051 7032 7050
3 7032 7052 7033
3 7032 7051 7052
3 7033 7053 7034
3 7033 7052 7053
3 7034 7054 7035
3 7034 7053 7054
3 7056 7036 7055
3 7036 7054 7055
3 7036 7035 7054
3 7036 7056 7037
3 7039 7057 7038
3 6603 7038 7057
3 7058 6603 7057
3 6614 6603 7058
3 7059 7042 7041
3 7061 7059 7060
3 7060 7059 6620
3 7059 7041 6620
3 7041 6606 6620
3 6621 7060 6620
3 7045 7062 7044
3 7044 7062 7046
3 7046 7062 7063
3 7065 7064 7063
3 7064 7046 7063
3 7064 7047 7046
3 7047 7066 7048
3 7047 7064 7066
3 7048 7067 7049
3 7048 7066 7067
3 7049 7068 7050
3 7049 7067 7068
3 7050 7069 7051
3 7050 7068 7069
3 7051 7070 7052
3 7051 7069 7070
3 7052 7071 7053
3 7052 7070 7071
3 7073 7054 7072
3 7054 7071 7072
3 7054 7053 7071
3 7054 7073 7055
3 6622 6614 7074
3 6614 7075 7074
3 6614 7058 7075
3 7076 6623 6622
3 7076 6622 7074
3 7077 6624 6623
3 7077 6623 7076
3 7078 6625 6624
3 7078 6624 7077
3 6625 7078 7079
3 7080 6625 7079
3 6626 6625 7080
3 7080 7082 7081
3 6627 7080 7081
3 6626 7080 6627
3 7081 6629 6627
3 7061 7060 7083
3 7061 7083 7084
3 6632 7083 6621
3 6621 7083 7060
3 7065 7085 7064
3 7064 7085 7066
3 7066 7085 7086
3 7066 7086 7067
3 7067 7086 7087
3 7067 7087 7068
3 7068 7087 7088
3 7068 7088 7069
3 7069 7088 7089
3 7069 7089 7070
3 7070 7089 7090
3 7070 7090 7071
3 7071 7090 7091
3 7071 7091 7072
3 7075 7092 7074
3 7074 7092 7076
3 7076 7092 7093
3 7076 7093 7077
3 7077 7093 7094
3 7077 7094 7078
3 7078 7094 7095
3 7078 7095 7079
3 7082 7096 7081
3 7096 7098 7097
3 7096 7097 6636
3 7081 7096 6636
3 6629 7081 6636
3 7097 6638 6636
3 7084 7083 7099
3 7084 7099 7100
3 6640 7099 6632
3 6632 7099 7083
3 7097 7098 7101
3 7101 7098 7102
3 7101 6646 6638
3 7101 6638 7097
3 7103 7100 7099
3 7105 7103 7104
3 7104 7103 6647
3 7103 7099 6647
3 7099 6640 6647
3 6649 7104 6647
3 7106 6651 6652
3 6653 7107 6652
3 6652 7107 7106
3 6654 7107 6653
3 7101 7102 7108
3 7108 7102 7109
3 7108 6659 6646
3 7108 6646 7101
3 7110 7105 7104
3 7110 7104 6649
3 6660 7110 6649
3 7111 7110 6660
3 6660 6662 7111
3 7111 6662 7112
3 7113 6664 7106
3 7106 6664 6651
3 7114 7106 7107
3 7113 7106 7114
3 6665 7115 6654
3 7115 7107 6654
3 7115 7114 7107
3 6666 7116 6665
3 6665 7116 7115
3 6667 7116 6666
3 7109 7117 7108
3 7117 7119 7118
3 7117 7118 6669
3 7108 7117 6669
3 6659 7108 6669
3 7118 6671 6669
3 7120 7112 6662
3 7120 6662 6673
3 6673 6674 7120
3 7120 6674 7121
3 7122 6675 7113
3 7113 6675 6664
3 7114 7124 7123
3 7122 7114 7123
3 7113 7114 7122
3 7124 7114 7115
3 7124 7115 7125
3 7127 7126 7125
3 7115 7127 7125
3 7116 7127 7115
3 6677 7127 6667
3 6667 7127 7116
3 7119 7128 7118
3 7118 7128 6671
3 7128 6678 6671
3 7128 7129 6678
3 7129 7131 7130
3 6679 7129 7130
3 6678 7129 6679
3 7132 6680 6679
3 7132 6679 7130
3 7133 6681 6680
3 7133 6680 7132
3 7133 6682 6681
3 7134 7121 6674
3 7134 6674 6683
3 6683 6684 7134
3 7134 6684 7135
3 7136 6685 7122
3 7122 6685 6675
3 7122 7123 7137
3 7122 7137 7136
3 7138 7126 7127
3 7138 7127 6677
3 6686 7138 6677
3 7139 7138 6686
3 6686 6688 7139
3 7139 6688 7140
3 7131 7141 7130
3 7130 7141 7132
3 7132 7141 7142
3 7132 7142 7133
3 7133 7142 7143
3 7133 7143 6682
3 7143 6689 6682
3 7143 7144 6689
3 6690 6689 7144
3 6690 7144 7145
3 6691 7147 7146
3 7135 6691 7146
3 6684 6691 7135
3 7147 7148 7146
3 7149 6692 7136
3 7136 6692 6685
3 7136 7137 7150
3 7136 7150 7149
3 7151 7140 6688
3 7151 6688 6693
3 7152 6693 6694
3 7152 7151 6693
3 7153 6694 6695
3 7153 7152 6694
3 7154 6695 6696
3 7154 7153 6695
3 7155 6696 6697
3 7155 7154 6696
3 7156 6697 6698
3 7156 7155 6697
3 7157 6698 6699
3 7157 7156 6698
3 6699 6690 7145
3 6699 7145 7157
3 6700 7158 7147
3 6700 7147 6691
3 7148 7147 7159
3 7159 7147 7158
3 7149 6701 6692
3 6703 6701 7149
3 7150 6703 7149
3 7160 6703 7150
3 6705 7161 7158
3 6705 7158 6700
3 7159 7158 7162
3 7162 7158 7161
3 7160 6706 6703
3 7163 6706 7160
3 7166 7165 7164
3 6708 6709 7164
3 7165 6708 7164
3 7167 6708 7165
3 6708 7168 6711
3 7167 7168 6708
3 6711 7169 6712
3 7168 7169 6711
3 6712 7170 6713
3 7169 7170 6712
3 7170 7172 7171
3 6714 7170 7171
3 6713 7170 6714
3 7173 6715 6714
3 7173 6714 7171
3 7174 6716 6715
3 7174 6715 7173
3 7174 7175 6716
3 6716 7175 6705
3 7175 7176 6705
3 7176 7161 6705
3 7161 7176 7162
3 7178 6717 7177
3 6717 7163 7177
3 6717 6706 7163
3 7179 7178 7177
3 7166 7164 7180
3 7166 7180 7181
3 6719 7180 6709
3 6709 7180 7164
3 7172 7182 7171
3 7171 7182 7173
3 7173 7182 7183
3 7173 7183 7174
3 7174 7183 7184
3 7174 7184 7175
3 7178 6721 6717
3 6723 6721 7178
3 7179 6723 7178
3 7185 6723 7179
3 7186 7181 7180
3 7188 7186 7187
3 7187 7186 6724
3 7186 7180 6724
3 7180 6719 6724
3 6725 7189 6724
3 6724 7189 7187
3 6727 7189 6725
3 7185 6728 6723
3 7190 6728 7185
3 7191 7188 7187
3 7193 7192 7191
3 7187 7193 7191
3 7189 7193 7187
3 6729 7194 6727
3 7194 7189 6727
3 7194 7193 7189
3 6731 7194 6729
3 7196 6732 7195
3 6732 7190 7195
3 6732 6728 7190
3 7197 7196 7195
3 7198 7192 7193
3 7200 7199 7198
3 7193 7200 7198
3 7194 7200 7193
3 6737 7200 6731
3 6731 7200 7194
3 7196 6738 6732
3 6741 6738 7196
3 7201 6741 7196
3 7197 7201 7196
3 7202 6741 7201
3 7202 6742 6741
3 6744 7203 6743
3 7204 6745 6743
3 7204 6743 7203
3 7204 6747 6745
3 7199 7200 7205
3 7199 7205 7206
3 6750 7207 6737
3 7207 7200 6737
3 7207 7205 7200
3 6752 7207 6750
3 7201 7208 7202
3 7208 7210 7209
3 7208 7209 6753
3 7202 7208 6753
3 6742 7202 6753
3 7203 6744 6753
3 7209 7203 6753
3 7211 7203 7209
3 7203 7212 7204
3 7203 7211 7212
3 7212 6755 6747
3 7212 6747 7204
3 7206 7205 7213
3 7206 7213 7214
3 7215 7205 7207
3 7213 7205 7215
3 6758 7215 6752
3 6752 7215 7207
3 7209 7210 7216
3 7216 7210 7217
3 7209 7218 7211
3 7209 7216 7218
3 7218 6760 6761
3 7212 7218 6761
3 7211 7218 7212
3 7212 6761 6755
3 7221 7220 7219
3 7219 7220 7214
3 7213 7219 7214
3 7222 7219 7213
3 7223 7213 7215
3 7222 7213 7223
3 6764 7223 6758
3 6758 7223 7215
3 7216 7217 7224
3 7224 7217 7225
3 7224 6766 6767
3 7218 7224 6767
3 7216 7224 7218
3 7218 6767 6760
3 7221 7219 7226
3 7221 7226 7227
3 6771 7226 6770
3 7226 7222 6770
3 7226 7219 7222
3 6770 7222 6773
3 6773 7222 7223
3 6773 7223 6764
3 7224 7225 7228
3 7228 7225 7229
3 7228 6775 6766
3 7228 6766 7224
3 7227 7226 7230
3 7227 7230 7231
3 6777 7230 6771
3 6771 7230 7226
3 7228 7229 6780
3 7229 6779 6780
3 7229 7232 6779
3 7228 6780 6775
3 7231 7230 6782
3 6783 7231 6782
3 7233 7231 6783
3 6782 7230 6777
3 7232 6786 6779
3 7234 6786 7232
3 7237 7236 7235
3 7236 7233 7235
3 7233 6788 7235
3 7233 6783 6788
3 7234 6790 6786
3 7238 6790 7234
3 7239 7237 7235
3 7235 6788 7239
3 6788 7240 7239
3 6788 6792 7240
3 7238 6793 6790
3 7241 6793 7238
3 6795 7240 6792
3 6795 7242 7240
3 7241 6797 6793
3 7243 6797 7241
3 6799 7242 6795
3 6799 7244 7242
3 6800 6797 7245
3 6797 7246 7245
3 6797 7243 7246
3 7245 6801 6800
3 6803 7244 6799
3 6803 7247 7244
3 7246 7248 7245
3 6801 7245 7248
3 7249 6801 7248
3 6804 6801 7249
3 6803 6805 7250
3 7251 6803 7250
3 7247 6803 7251
3 6806 7250 6805
3 7249 7252 6804
3 6804 7252 6807
3 6807 7253 6810
3 7252 7253 6807
3 6810 7254 6812
3 7253 7254 6810
3 7250 6814 7251
3 6814 7254 7251
3 6814 6812 7254
3 6814 7250 6806
3 7255 6817 6818
3 6819 7256 6818
3 6818 7256 7255
3 6821 7256 6819
3 7257 6823 6824
3 6825 7258 6824
3 6824 7258 7257
3 7259 7258 6825
3 7259 6825 6817
3 7260 7259 6817
3 7255 7260 6817
3 7262 7261 7260
3 7255 7262 7260
3 7256 7262 7255
3 6827 7262 6821
3 6821 7262 7256
3 7263 6829 6830
3 7264 7263 6830
3 7264 6830 6823
3 7265 7264 6823
3 7257 7265 6823
3 7265 7257 7258
3 7265 7258 7266
3 7266 7258 7259
3 7267 7261 7262
3 7262 6827 7267
3 6827 7268 7267
3 6827 6832 7268
3 7270 7269 6835
3 6835 7269 6834
3 6835 6829 7263
3 7271 6835 7263
3 7270 6835 7271
3 7271 7263 7264
3 6837 7268 6832
3 6837 7272 7268
3 7274 7273 6839
3 6839 7273 6838
3 6839 6834 7269
3 6839 7269 7274
3 6837 6840 7275
3 7276 6837 7275
3 7272 6837 7276
3 6842 7275 6840
3 7277 6843 6844
3 7278 7277 6844
3 6838 7278 6844
3 7273 7278 6838
3 7279 7276 7275
3 7275 6842 7279
3 6842 7280 7279
3 6842 6846 7280
3 7282 7281 7277
3 7281 6843 7277
3 7281 6847 6843
3 7282 7277 7278
3 7285 7284 7283
3 7284 7280 7283
3 7280 6851 7283
3 7280 6846 6851
3 7281 6854 6847
3 7286 6854 7281
3 6856 7287 6855
3 7288 6857 6855
3 7288 6855 7287
3 7288 6859 6857
3 7285 7283 7289
3 7285 7289 7290
3 6861 7289 6851
3 6851 7289 7283
3 7291 6862 6863
3 6864 7291 6863
3 7292 6867 6868
3 7293 7292 6868
3 6854 7293 6868
3 7286 7293 6854
3 7295 7294 7287
3 6856 7295 7287
3 6870 7295 6856
3 7287 7294 7288
3 7288 7294 7296
3 7296 7298 7297
3 7296 7297 6871
3 7288 7296 6871
3 6859 7288 6871
3 7297 6873 6871
3 7299 7290 7289
3 7301 7299 7300
3 7300 7299 6874
3 7299 7289 6874
3 7289 6861 6874
3 6874 6862 7300
3 6862 7291 7300
3 6877 6875 7300
3 6877 7300 7291
3 6879 6877 7302
3 6877 7291 7302
3 6864 6878 7302
3 6864 7302 7291
3 6880 7303 6878
3 6878 7303 7302
3 6882 7303 6880
3 7292 6885 6867
3 6886 6885 7292
3 7293 6886 7292
3 7304 6886 7293
3 7305 7295 6870
3 7305 6870 6887
3 6887 6888 7305
3 7305 6888 7306
3 7298 7307 7297
3 7307 7309 7308
3 7307 7308 6889
3 7297 7307 6889
3 6873 7297 6889
3 7308 6891 6889
3 7301 7300 7310
3 7301 7310 7311
3 6892 7312 6875
3 7312 7300 6875
3 7312 7310 7300
3 6892 6879 7312
3 6879 7302 7312
3 6895 6893 7312
3 6895 7312 7302
3 6895 7302 6896
3 7302 7313 6896
3 7302 7303 7313
3 6897 7314 6882
3 7314 7303 6882
3 7314 7313 7303
3 6898 7315 6897
3 6897 7315 7314
3 6899 7316 6898
3 6898 7316 7315
3 6901 7316 6899
3 7304 6903 6886
3 7317 6903 7304
3 6905 7306 6888
3 6905 7318 7306
3 7309 7319 7308
3 7319 7321 7320
3 7319 7320 6906
3 7308 7319 6906
3 6891 7308 6906
3 7320 6908 6906
3 7322 7311 7310
3 7322 7310 7312
3 7322 7312 7323
3 7325 7323 7324
3 7324 7323 6909
3 7323 7312 6909
3 7312 6893 6909
3 6896 7313 6909
3 7313 7324 6909
3 7313 7326 7324
3 7327 7313 7314
3 7326 7313 7327
3 7315 7329 7328
3 7327 7315 7328
3 7314 7315 7327
3 7329 7315 7316
3 7329 7316 7330
3 7330 7316 6901
3 6910 7330 6901
3 7331 7330 6910
3 7332 6910 6911
3 7332 7331 6910
3 7333 6911 6912
3 7333 7332 6911
3 7335 7333 7334
3 7333 6913 7334
3 7333 6912 6913
3 6914 7334 6913
3 6915 6903 7336
3 6903 7337 7336
3 6903 7317 7337
3 7336 6916 6915
3 7338 7318 6905
3 7338 6905 6917
3 6917 6919 7338
3 7338 6919 7339
3 7321 7340 7320
3 7340 7342 7341
3 7340 7341 6920
3 7320 7340 6920
3 6908 7320 6920
3 7341 6922 6920
3 7343 7325 7324
3 7343 7324 7326
3 7343 7326 7344
3 7346 7345 7344
3 7326 7346 7344
3 7327 7346 7326
3 7327 7328 7347
3 7348 7327 7347
3 7346 7327 7348
3 7349 7348 7347
3 7350 7335 7334
3 7350 7334 6914
3 6923 7350 6914
3 7351 7350 6923
3 7352 6923 6924
3 7352 7351 6923
3 7354 7352 7353
3 7352 6926 7353
3 7352 6924 6926
3 6928 7353 6926
3 7337 7355 7336
3 6916 7336 7355
3 7356 6916 7355
3 6930 6916 7356
3 6919 6931 7357
3 7358 6919 7357
3 7339 6919 7358
3 6932 7357 6931
3 7342 7359 7341
3 7359 7361 7360
3 7359 7360 6933
3 7341 7359 6933
3 6922 7341 6933
3 7360 6935 6933
3 7362 7345 7346
3 7362 7346 7348
3 7362 7348 7363
3 7363 7348 7349
3 7364 7354 7353
3 7364 7353 6928
3 6937 7364 6928
3 7365 7364 6937
3 6937 6939 7365
3 7365 6939 7366
3 7356 7367 6930
3 6930 7367 6940
3 6941 6940 7367
3 6941 7367 7368
3 7369 7358 7357
3 7357 6932 7369
3 6932 7370 7369
3 6932 6943 7370
3 7361 7371 7360
3 7360 7371 6935
3 7371 6944 6935
3 7371 7372 6944
3 7372 7374 7373
3 6945 7372 7373
3 6944 7372 6945
3 7373 6947 6945
3 6948 7376 7375
3 7366 6948 7375
3 6939 6948 7366
3 7376 7377 7375
3 6949 6941 7378
3 6941 7379 7378
3 6941 7368 7379
3 7378 6950 6949
3 7380 7370 6943
3 7380 6943 6951
3 6951 6953 7380
3 7380 6953 7381
3 7374 7382 7373
3 7382 7384 7383
3 7382 7383 6954
3 7373 7382 6954
3 6947 7373 6954
3 7385 6955 6954
3 7385 6954 7383
3 7385 6957 6955
3 6958 7376 6948
3 6958 6960 7376
3 6960 7377 7376
3 6960 7386 7377
3 7379 7387 7378
3 6950 7378 7387
3 7388 6950 7387
3 6961 6950 7388
3 6953 6962 7389
3 7390 6953 7389
3 7381 6953 7390
3 6964 7389 6962
3 7384 7391 7383
3 7383 7391 7385
3 7385 7391 7392
3 7392 7394 7393
3 7392 7393 6965
3 7385 7392 6965
3 6957 7385 6965
3 7395 6966 6965
3 7395 6965 7393
3 7395 6968 6966
3 7398 7397 7396
3 7400 7399 7396
3 7400 7396 7397
3 7401 7399 7400
3 6969 7403 7402
3 7386 6969 7402
3 6960 6969 7386
3 7403 7404 7402
3 7388 6970 6961
3 7405 6970 7388
3 7406 7390 7389
3 7408 7406 7407
3 7407 7406 6971
3 7406 7389 6971
3 7389 6964 6971
3 6973 7407 6971
3 7394 7409 7393
3 7393 7409 7395
3 7395 7409 7410
3 7395 7410 6968
3 7410 6974 6968
3 7410 7411 6974
3 7411 7413 7412
3 6975 7411 7412
3 6974 7411 6975
3 7412 6977 6975
3 7414 7398 7396
3 7416 7415 7414
3 7396 7416 7414
3 7399 7416 7396
3 7399 7401 7417
3 7399 7417 7416
3 6978 7403 6969
3 7418 7404 7403
3 6978 7418 7403
3 6979 7418 6978
3 7420 7419 6981
3 7419 6979 6981
3 7419 7418 6979
3 7422 7421 7420
3 7420 7421 7419
3 7422 7423 7421
3 7425 6982 7424
3 6982 7405 7424
3 6982 6970 7405
3 7426 7425 7424
3 7427 7408 7407
3 7429 7427 7428
3 7428 7427 6983
3 7427 7407 6983
3 7407 6973 6983
3 6985 7428 6983
3 7413 7430 7412
3 7430 7432 7431
3 7430 7431 6986
3 7412 7430 6986
3 6977 7412 6986
3 7431 6988 6986
3 7433 7415 7416
3 7433 7416 7417
3 6990 7420 6981
3 7420 6990 6992
3 7420 6992 7422
3 7434 7423 7422
3 6992 7434 7422
3 6994 7434 6992
3 7436 7435 6996
3 7435 6994 6996
3 7435 7434 6994
3 7438 7437 7436
3 7436 7437 7435
3 7440 7439 7438
3 7438 7439 7437
3 6998 6999 7440
3 6999 7439 7440
3 6999 7441 7439
3 7442 6999 7000
3 7442 7441 6999
3 7000 7001 7442
3 7442 7001 7443
3 7425 7002 6982
3 7003 7002 7425
3 7426 7003 7425
3 7444 7003 7426
3 7445 7429 7428
3 7447 7445 7446
3 7446 7445 7004
3 7445 7428 7004
3 7428 6985 7004
3 7006 7446 7004
3 7432 7448 7431
3 7431 7448 6988
3 7448 7007 6988
3 7448 7449 7007
3 7009 7007 7449
3 7009 7449 7450
3 7014 7436 6996
3 7436 7014 7016
3 7436 7016 7438
3 7438 7016 7018
3 7438 7018 7440
3 7440 7018 6998
3 7452 7451 7021
3 7452 7021 7022
3 7001 7021 7443
3 7443 7021 7451
3 7444 7023 7003
3 7453 7023 7444
3 7454 7447 7446
3 7454 7446 7006
3 7024 7454 7006
3 7455 7454 7024
3 7457 7455 7456
3 7455 7025 7456
3 7455 7024 7025
3 7027 7456 7025
3 7450 7458 7009
3 7009 7458 7028
3 7458 7460 7459
3 7029 7458 7459
3 7028 7458 7029
3 7459 7031 7029
3 7463 7462 7461
3 7462 7452 7461
3 7452 7037 7461
3 7452 7022 7037
3 7453 7039 7023
3 7464 7039 7453
3 7465 7457 7456
3 7465 7456 7027
3 7040 7465 7027
3 7466 7465 7040
3 7040 7042 7466
3 7466 7042 7467
3 7460 7468 7459
3 7468 7470 7469
3 7468 7469 7043
3 7459 7468 7043
3 7031 7459 7043
3 7469 7045 7043
3 7473 7472 7471
3 7471 7472 7463
3 7471 7463 7461
3 7055 7471 7461
3 7056 7055 7461
3 7056 7461 7037
3 7057 7039 7474
3 7039 7475 7474
3 7039 7464 7475
3 7474 7058 7057
3 7042 7059 7476
3 7477 7042 7476
3 7467 7042 7477
3 7061 7476 7059
3 7470 7478 7469
3 7478 7480 7479
3 7478 7479 7062
3 7469 7478 7062
3 7045 7469 7062
3 7481 7063 7062
3 7481 7062 7479
3 7481 7065 7063
3 7484 7483 7482
3 7482 7483 7473
3 7482 7473 7471
3 7072 7482 7471
3 7073 7072 7471
3 7073 7471 7055
3 7475 7485 7474
3 7058 7474 7485
3 7486 7058 7485
3 7075 7058 7486
3 7079 7487 7080
3 7487 7082 7080
3 7488 7477 7476
3 7476 7061 7488
3 7061 7489 7488
3 7061 7084 7489
3 7480 7490 7479
3 7479 7490 7481
3 7481 7490 7491
3 7491 7493 7492
3 7491 7492 7085
3 7481 7491 7085
3 7065 7481 7085
3 7494 7086 7085
3 7494 7085 7492
3 7495 7087 7086
3 7495 7086 7494
3 7496 7088 7087
3 7496 7087 7495
3 7497 7089 7088
3 7497 7088 7496
3 7089 7497 7498
3 7499 7089 7498
3 7090 7089 7499
3 7482 7091 7484
3 7091 7499 7484
3 7091 7090 7499
3 7091 7482 7072
3 7092 7075 7500
3 7075 7501 7500
3 7075 7486 7501
3 7502 7093 7092
3 7502 7092 7500
3 7503 7094 7093
3 7503 7093 7502
3 7504 7095 7094
3 7504 7094 7503
3 7487 7079 7095
3 7504 7487 7095
3 7505 7487 7504
3 7506 7096 7082
3 7487 7506 7082
3 7505 7506 7487
3 7506 7098 7096
3 7100 7489 7084
3 7100 7507 7489
3 7493 7508 7492
3 7492 7508 7494
3 7494 7508 7509
3 7494 7509 7495
3 7495 7509 7510
3 7495 7510 7496
3 7496 7510 7511
3 7496 7511 7497
3 7497 7511 7512
3 7497 7512 7498
3 7501 7513 7500
3 7500 7513 7502
3 7502 7513 7514
3 7516 7515 7514
3 7515 7502 7514
3 7515 7503 7502
3 7503 7517 7504
3 7503 7515 7517
3 7504 7518 7505
3 7504 7517 7518
3 7505 7519 7506
3 7505 7518 7519
3 7519 7102 7098
3 7519 7098 7506
3 7100 7103 7520
3 7521 7100 7520
3 7507 7100 7521
3 7105 7520 7103
3 7516 7522 7515
3 7515 7522 7517
3 7517 7522 7523
3 7525 7524 7523
3 7524 7517 7523
3 7524 7518 7517
3 7518 7526 7519
3 7518 7524 7526
3 7526 7109 7102
3 7526 7102 7519
3 7527 7521 7520
3 7527 7520 7105
3 7110 7527 7105
3 7528 7527 7110
3 7530 7528 7529
3 7528 7111 7529
3 7528 7110 7111
3 7112 7529 7111
3 7525 7531 7524
3 7524 7531 7526
3 7526 7531 7532
3 7532 7534 7533
3 7532 7533 7117
3 7526 7532 7117
3 7109 7526 7117
3 7533 7119 7117
3 7535 7530 7529
3 7535 7529 7112
3 7120 7535 7112
3 7536 7535 7120
3 7120 7121 7536
3 7536 7121 7537
3 7538 7123 7124
3 7125 7539 7124
3 7124 7539 7538
3 7126 7539 7125
3 7534 7540 7533
3 7533 7540 7119
3 7540 7128 7119
3 7540 7541 7128
3 7541 7543 7542
3 7129 7541 7542
3 7128 7541 7129
3 7542 7131 7129
3 7544 7537 7121
3 7544 7121 7134
3 7134 7135 7544
3 7544 7135 7545
3 7546 7137 7538
3 7538 7137 7123
3 7547 7538 7539
3 7546 7538 7547
3 7138 7548 7126
3 7548 7539 7126
3 7548 7547 7539
3 7139 7549 7138
3 7138 7549 7548
3 7140 7549 7139
3 7552 7551 7550
3 7552 7550 7543
3 7550 7542 7543
3 7550 7553 7542
3 7554 7141 7131
3 7542 7554 7131
3 7553 7554 7542
3 7141 7554 7555
3 7556 7141 7555
3 7142 7141 7556
3 7142 7557 7143
3 7556 7557 7142
3 7143 7558 7144
3 7557 7558 7143
3 7145 7144 7558
3 7145 7558 7559
3 7560 7545 7135
3 7560 7135 7146
3 7146 7148 7560
3 7560 7148 7561
3 7563 7562 7546
3 7562 7137 7546
3 7562 7150 7137
3 7563 7546 7547
3 7563 7547 7564
3 7564 7547 7548
3 7564 7548 7565
3 7565 7548 7549
3 7565 7549 7566
3 7566 7549 7140
3 7151 7566 7140
3 7567 7566 7151
3 7152 7550 7551
3 7567 7152 7551
3 7151 7152 7567
3 7550 7152 7153
3 7550 7153 7553
3 7553 7153 7154
3 7553 7154 7554
3 7568 7555 7554
3 7154 7568 7554
3 7155 7568 7154
3 7569 7155 7156
3 7569 7568 7155
3 7571 7569 7570
3 7569 7157 7570
3 7569 7156 7157
3 7145 7559 7572
3 7570 7145 7572
3 7573 7570 7572
3 7157 7145 7570
3 7574 7573 7572
3 7159 7561 7148
3 7159 7575 7561
3 7562 7160 7150
3 7576 7160 7562
3 7577 7571 7570
3 7577 7570 7573
3 7577 7573 7578
3 7578 7573 7574
3 7162 7575 7159
3 7162 7579 7575
3 7581 7163 7580
3 7163 7576 7580
3 7163 7160 7576
3 7582 7581 7580
3 7584 7583 7165
3 7584 7165 7166
3 7165 7585 7167
3 7583 7585 7165
3 7167 7586 7168
3 7585 7586 7167
3 7168 7587 7169
3 7586 7587 7168
3 7587 7589 7588
3 7170 7587 7588
3 7169 7587 7170
3 7588 7172 7170
3 7175 7590 7176
3 7590 7591 7176
3 7591 7162 7176
3 7591 7579 7162
3 7581 7177 7163
3 7179 7177 7581
3 7582 7179 7581
3 7592 7179 7582
3 7595 7594 7593
3 7594 7584 7593
3 7584 7181 7593
3 7584 7166 7181
3 7589 7596 7588
3 7596 7598 7597
3 7596 7597 7182
3 7588 7596 7182
3 7172 7588 7182
3 7599 7183 7182
3 7599 7182 7597
3 7600 7184 7183
3 7600 7183 7599
3 7600 7601 7184
3 7184 7601 7175
3 7601 7602 7175
3 7602 7590 7175
3 7590 7602 7591
3 7592 7185 7179
3 7603 7185 7592
3 7604 7595 7593
3 7606 7604 7605
3 7605 7604 7186
3 7604 7593 7186
3 7593 7181 7186
3 7188 7605 7186
3 7598 7607 7597
3 7609 7608 7607
3 7608 7597 7607
3 7608 7599 7597
3 7611 7600 7610
3 7600 7608 7610
3 7600 7599 7608
3 7600 7611 7601
3 7603 7190 7185
3 7612 7190 7603
3 7613 7606 7605
3 7615 7613 7614
3 7614 7613 7191
3 7613 7605 7191
3 7605 7188 7191
3 7192 7614 7191
3 7609 7616 7608
3 7608 7616 7610
3 7612 7617 7190
3 7190 7617 7195
3 7197 7195 7617
3 7197 7617 7618
3 7615 7614 7619
3 7615 7619 7620
3 7198 7621 7192
3 7621 7614 7192
3 7621 7619 7614
3 7199 7621 7198
3 7618 7201 7197
3 7622 7201 7618
3 7623 7620 7619
3 7625 7624 7623
3 7619 7625 7623
3 7621 7625 7619
3 7206 7625 7199
3 7199 7625 7621
3 7208 7201 7626
3 7201 7627 7626
3 7201 7622 7627
3 7626 7210 7208
3 7624 7625 7628
3 7624 7628 7629
3 7214 7628 7206
3 7206 7628 7625
3 7627 7630 7626
3 7210 7626 7630
3 7631 7210 7630
3 7217 7210 7631
3 7629 7628 7220
3 7221 7629 7220
3 7632 7629 7221
3 7220 7628 7214
3 7631 7225 7217
3 7633 7225 7631
3 7636 7635 7634
3 7635 7632 7634
3 7632 7227 7634
3 7632 7221 7227
3 7639 7638 7637
3 7641 7640 7637
3 7637 7640 7639
3 7641 7642 7640
3 7633 7229 7225
3 7643 7229 7633
3 7644 7636 7634
3 7634 7227 7644
3 7227 7645 7644
3 7227 7231 7645
3 7648 7647 7646
3 7648 7646 7638
3 7646 7637 7638
3 7646 7649 7637
3 7637 7650 7641
3 7637 7649 7650
3 7642 7641 7651
3 7651 7641 7650
3 7643 7232 7229
3 7652 7232 7643
3 7233 7654 7653
3 7645 7233 7653
3 7231 7233 7645
3 7653 7654 7647
3 7654 7646 7647
3 7654 7655 7646
3 7646 7656 7649
3 7646 7655 7656
3 7649 7657 7650
3 7649 7656 7657
3 7651 7650 7658
3 7658 7650 7657
3 7652 7234 7232
3 7659 7234 7652
3 7237 7660 7236
3 7654 7233 7236
3 7660 7654 7236
3 7661 7654 7660
3 7654 7662 7655
3 7654 7661 7662
3 7655 7663 7656
3 7655 7662 7663
3 7656 7664 7657
3 7656 7663 7664
3 7658 7657 7665
3 7665 7657 7664
3 7659 7238 7234
3 7666 7238 7659
3 7239 7660 7237
3 7660 7239 7240
3 7667 7660 7240
3 7661 7660 7667
3 7661 7668 7662
3 7661 7667 7668
3 7662 7669 7663
3 7662 7668 7669
3 7663 7670 7664
3 7663 7669 7670
3 7665 7664 7671
3 7671 7664 7670
3 7666 7241 7238
3 7672 7241 7666
3 7242 7673 7667
3 7242 7667 7240
3 7667 7674 7668
3 7667 7673 7674
3 7668 7675 7669
3 7668 7674 7675
3 7669 7676 7670
3 7669 7675 7676
3 7671 7670 7677
3 7677 7670 7676
3 7672 7243 7241
3 7678 7243 7672
3 7244 7679 7673
3 7244 7673 7242
3 7673 7680 7674
3 7673 7679 7680
3 7674 7681 7675
3 7674 7680 7681
3 7675 7682 7676
3 7675 7681 7682
3 7677 7676 7683
3 7683 7676 7682
3 7685 7246 7684
3 7246 7678 7684
3 7246 7243 7678
3 7686 7685 7684
3 7247 7687 7679
3 7247 7679 7244
3 7679 7688 7680
3 7679 7687 7688
3 7680 7689 7681
3 7680 7688 7689
3 7681 7690 7682
3 7681 7689 7690
3 7683 7682 7691
3 7691 7682 7690
3 7685 7248 7246
3 7693 7692 7249
3 7693 7249 7248
3 7686 7693 7248
3 7685 7686 7248
3 7695 7694 7692
3 7695 7692 7693
3 7697 7696 7694
3 7697 7694 7695
3 7697 7698 7687
3 7251 7697 7687
3 7247 7251 7687
3 7696 7697 7251
3 7687 7698 7688
3 7688 7698 7699
3 7688 7699 7689
3 7689 7699 7700
3 7689 7700 7690
3 7690 7700 7701
3 7690 7701 7691
3 7692 7252 7249
3 7252 7692 7253
3 7253 7692 7694
3 7253 7694 7254
3 7254 7694 7696
3 7254 7696 7251
3 7702 7259 7260
3 7261 7702 7260
3 7703 7264 7265
3 7266 7704 7265
3 7265 7704 7703
3 7259 7702 7266
3 7702 7704 7266
3 7702 7705 7704
3 7267 7706 7261
3 7706 7702 7261
3 7706 7705 7702
3 7268 7706 7267
3 7707 7269 7270
3 7271 7708 7270
3 7270 7708 7707
3 7709 7708 7271
3 7709 7271 7264
3 7710 7709 7264
3 7703 7710 7264
3 7710 7703 7704
3 7710 7704 7711
3 7711 7704 7705
3 7711 7705 7712
3 7714 7713 7712
3 7705 7714 7712
3 7706 7714 7705
3 7272 7714 7268
3 7268 7714 7706
3 7715 7273 7274
3 7716 7715 7274
3 7716 7274 7269
3 7717 7716 7269
3 7707 7717 7269
3 7717 7707 7708
3 7717 7708 7718
3 7718 7708 7709
3 7719 7713 7714
3 7714 7272 7719
3 7272 7720 7719
3 7272 7276 7720
3 7722 7721 7715
3 7721 7273 7715
3 7721 7278 7273
3 7722 7715 7716
3 7725 7724 7723
3 7726 7723 7279
3 7723 7720 7279
3 7720 7276 7279
3 7720 7723 7724
3 7280 7726 7279
3 7727 7281 7282
3 7728 7727 7282
3 7278 7728 7282
3 7721 7728 7278
3 7729 7725 7723
3 7285 7730 7284
3 7730 7723 7284
3 7723 7726 7284
3 7730 7729 7723
3 7284 7726 7280
3 7732 7731 7727
3 7731 7281 7727
3 7731 7286 7281
3 7732 7727 7728
3 7290 7730 7285
3 7290 7733 7730
3 7731 7293 7286
3 7734 7293 7731
3 7295 7735 7294
3 7736 7296 7294
3 7736 7294 7735
3 7736 7298 7296
3 7737 7733 7290
3 7737 7290 7299
3 7299 7301 7737
3 7737 7301 7738
3 7734 7304 7293
3 7739 7304 7734
3 7305 7735 7295
3 7736 7735 7740
3 7735 7306 7740
3 7306 7741 7740
3 7306 7735 7305
3 7740 7743 7742
3 7740 7742 7307
3 7736 7740 7307
3 7298 7736 7307
3 7742 7309 7307
3 7311 7738 7301
3 7311 7744 7738
3 7739 7317 7304
3 7745 7317 7739
3 7318 7741 7306
3 7318 7746 7741
3 7743 7747 7742
3 7747 7749 7748
3 7747 7748 7319
3 7742 7747 7319
3 7309 7742 7319
3 7748 7321 7319
3 7750 7744 7311
3 7750 7311 7322
3 7751 7322 7323
3 7751 7750 7322
3 7323 7325 7751
3 7751 7325 7752
3 7753 7328 7329
3 7330 7754 7329
3 7329 7754 7753
3 7331 7755 7330
3 7330 7755 7754
3 7332 7756 7331
3 7331 7756 7755
3 7333 7757 7332
3 7332 7757 7756
3 7335 7757 7333
3 7745 7337 7317
3 7758 7337 7745
3 7318 7338 7759
3 7760 7318 7759
3 7746 7318 7760
3 7339 7759 7338
3 7749 7761 7748
3 7761 7763 7762
3 7761 7762 7340
3 7748 7761 7340
3 7321 7748 7340
3 7762 7342 7340
3 7764 7752 7325
3 7764 7325 7343
3 7766 7764 7765
3 7764 7344 7765
3 7764 7343 7344
3 7345 7765 7344
3 7753 7347 7328
3 7753 7754 7767
3 7349 7753 7767
3 7768 7349 7767
3 7753 7349 7347
3 7767 7754 7755
3 7767 7755 7769
3 7769 7755 7756
3 7769 7756 7770
3 7770 7756 7757
3 7770 7757 7771
3 7773 7771 7772
3 7772 7771 7350
3 7771 7757 7350
3 7757 7335 7350
3 7351 7774 7350
3 7350 7774 7772
3 7352 7775 7351
3 7351 7775 7774
3 7354 7775 7352
3 7758 7776 7337
3 7337 7776 7355
3 7356 7355 7776
3 7356 7776 7777
3 7778 7760 7759
3 7759 7339 7778
3 7339 7779 7778
3 7339 7358 7779
3 7763 7780 7762
3 7762 7780 7342
3 7780 7359 7342
3 7780 7781 7359
3 7361 7359 7781
3 7361 7781 7782
3 7783 7766 7765
3 7783 7765 7345
3 7362 7783 7345
3 7784 7783 7362
3 7786 7784 7785
3 7784 7363 7785
3 7784 7362 7363
3 7349 7768 7787
3 7785 7349 7787
3 7788 7785 7787
3 7363 7349 7785
3 7789 7788 7787
3 7792 7791 7790
3 7790 7791 7773
3 7772 7790 7773
3 7793 7790 7772
3 7794 7772 7774
3 7793 7772 7794
3 7795 7774 7775
3 7794 7774 7795
3 7364 7796 7354
3 7796 7775 7354
3 7796 7795 7775
3 7365 7797 7364
3 7364 7797 7796
3 7366 7797 7365
3 7367 7356 7798
3 7356 7799 7798
3 7356 7777 7799
3 7798 7368 7367
3 7800 7779 7358
3 7800 7358 7369
3 7369 7370 7800
3 7800 7370 7801
3 7782 7802 7361
3 7361 7802 7371
3 7802 7804 7803
3 7372 7802 7803
3 7371 7802 7372
3 7803 7374 7372
3 7805 7786 7785
3 7805 7785 7788
3 7805 7788 7806
3 7806 7788 7789
3 7792 7790 7807
3 7792 7807 7808
3 7809 7790 7793
3 7807 7790 7809
3 7810 7793 7794
3 7809 7793 7810
3 7795 7812 7811
3 7810 7795 7811
3 7794 7795 7810
3 7814 7813 7812
3 7795 7814 7812
3 7796 7814 7795
3 7815 7796 7797
3 7814 7796 7815
3 7375 7816 7366
3 7816 7797 7366
3 7816 7815 7797
3 7377 7816 7375
3 7799 7817 7798
3 7368 7798 7817
3 7818 7368 7817
3 7379 7368 7818
3 7819 7801 7370
3 7819 7370 7380
3 7380 7381 7819
3 7819 7381 7820
3 7804 7821 7803
3 7821 7823 7822
3 7821 7822 7382
3 7803 7821 7382
3 7374 7803 7382
3 7822 7384 7382
3 7824 7808 7807
3 7826 7825 7824
3 7807 7826 7824
3 7809 7826 7807
3 7827 7809 7810
3 7826 7809 7827
3 7810 7811 7828
3 7829 7810 7828
3 7827 7810 7829
3 7813 7814 7830
3 7828 7831 7829
3 7830 7814 7815
3 7830 7815 7832
3 7834 7833 7832
3 7815 7834 7832
3 7816 7834 7815
3 7386 7834 7377
3 7377 7834 7816
3 7818 7835 7379
3 7379 7835 7387
3 7388 7387 7835
3 7388 7835 7836
3 7390 7820 7381
3 7390 7837 7820
3 7823 7838 7822
3 7822 7838 7384
3 7838 7391 7384
3 7838 7839 7391
3 7839 7841 7840
3 7392 7839 7840
3 7391 7839 7392
3 7840 7394 7392
3 7842 7825 7826
3 7398 7843 7397
3 7843 7826 7397
3 7826 7827 7397
3 7843 7842 7826
3 7397 7827 7400
3 7400 7827 7829
3 7401 7400 7829
3 7831 7401 7829
3 7844 7401 7831
3 7845 7833 7834
3 7845 7834 7386
3 7402 7845 7386
3 7846 7845 7402
3 7402 7404 7846
3 7846 7404 7847
3 7849 7405 7848
3 7405 7836 7848
3 7405 7388 7836
3 7850 7849 7848
3 7851 7837 7390
3 7851 7390 7406
3 7406 7408 7851
3 7851 7408 7852
3 7841 7853 7840
3 7840 7853 7394
3 7853 7409 7394
3 7853 7854 7409
3 7854 7856 7855
3 7410 7854 7855
3 7409 7854 7410
3 7857 7411 7410
3 7857 7410 7855
3 7857 7413 7411
3 7398 7414 7858
3 7859 7398 7858
3 7843 7398 7859
3 7415 7858 7414
3 7861 7417 7860
3 7417 7844 7860
3 7417 7401 7844
3 7862 7861 7860
3 7863 7847 7404
3 7863 7404 7418
3 7864 7418 7419
3 7864 7863 7418
3 7865 7419 7421
3 7865 7864 7419
3 7867 7866 7423
3 7866 7421 7423
3 7866 7865 7421
3 7869 7868 7867
3 7867 7868 7866
3 7871 7870 7869
3 7869 7870 7868
3 7871 7872 7870
3 7849 7424 7405
3 7426 7424 7849
3 7850 7426 7849
3 7873 7426 7850
3 7408 7427 7874
3 7875 7408 7874
3 7852 7408 7875
3 7429 7874 7427
3 7856 7876 7855
3 7855 7876 7857
3 7857 7876 7877
3 7857 7877 7413
3 7877 7430 7413
3 7877 7878 7430
3 7432 7430 7878
3 7432 7878 7879
3 7880 7859 7858
3 7882 7880 7881
3 7881 7880 7433
3 7880 7858 7433
3 7858 7415 7433
3 7417 7861 7433
3 7861 7881 7433
3 7861 7883 7881
3 7861 7862 7884
3 7861 7884 7883
3 7434 7867 7423
3 7867 7434 7435
3 7867 7435 7869
3 7869 7435 7437
3 7869 7437 7871
3 7885 7872 7871
3 7437 7885 7871
3 7439 7885 7437
3 7886 7439 7441
3 7886 7885 7439
3 7888 7886 7887
3 7886 7442 7887
3 7886 7441 7442
3 7443 7887 7442
3 7873 7444 7426
3 7889 7444 7873
3 7875 7874 7890
3 7875 7890 7891
3 7445 7892 7429
3 7892 7874 7429
3 7892 7890 7874
3 7447 7892 7445
3 7879 7893 7432
3 7432 7893 7448
3 7893 7895 7894
3 7449 7893 7894
3 7448 7893 7449
3 7894 7450 7449
3 7896 7882 7881
3 7896 7881 7883
3 7896 7883 7897
3 7900 7899 7898
3 7884 7897 7883
3 7901 7899 7900
3 7904 7903 7902
3 7902 7903 7888
3 7902 7888 7887
3 7452 7902 7887
3 7451 7452 7887
3 7451 7887 7443
3 7889 7453 7444
3 7905 7453 7889
3 7906 7891 7890
3 7906 7890 7892
3 7906 7892 7907
3 7907 7892 7447
3 7454 7907 7447
3 7908 7907 7454
3 7909 7454 7455
3 7909 7908 7454
3 7455 7457 7909
3 7909 7457 7910
3 7895 7911 7894
3 7911 7913 7912
3 7911 7912 7458
3 7894 7911 7458
3 7450 7894 7458
3 7912 7460 7458
3 7914 7898 7899
3 7914 7899 7901
3 7917 7916 7915
3 7919 7918 7915
3 7919 7915 7916
3 7921 7920 7918
3 7921 7918 7919
3 7922 7920 7921
3 7904 7902 7462
3 7463 7904 7462
3 7923 7904 7463
3 7462 7902 7452
3 7905 7464 7453
3 7924 7464 7905
3 7925 7910 7457
3 7925 7457 7465
3 7927 7925 7926
3 7925 7466 7926
3 7925 7465 7466
3 7467 7926 7466
3 7913 7928 7912
3 7928 7930 7929
3 7928 7929 7468
3 7912 7928 7468
3 7460 7912 7468
3 7929 7470 7468
3 7931 7917 7915
3 7931 7915 7918
3 7931 7918 7932
3 7932 7918 7920
3 7932 7920 7933
3 7933 7920 7922
3 7935 7934 7472
3 7935 7472 7473
3 7463 7472 7923
3 7923 7472 7934
3 7924 7475 7464
3 7936 7475 7924
3 7937 7927 7926
3 7926 7467 7937
3 7467 7938 7937
3 7467 7477 7938
3 7930 7939 7929
3 7939 7941 7940
3 7939 7940 7478
3 7929 7939 7478
3 7470 7929 7478
3 7940 7480 7478
3 7943 7942 7483
3 7943 7483 7484
3 7473 7483 7935
3 7935 7483 7942
3 7936 7944 7475
3 7475 7944 7485
3 7486 7485 7944
3 7486 7944 7945
3 7477 7488 7946
3 7947 7477 7946
3 7938 7477 7947
3 7489 7946 7488
3 7941 7948 7940
3 7940 7948 7480
3 7948 7490 7480
3 7948 7949 7490
3 7949 7951 7950
3 7491 7949 7950
3 7490 7949 7491
3 7950 7493 7491
3 7954 7953 7952
3 7499 7498 7952
3 7953 7499 7952
3 7955 7499 7953
3 7484 7499 7943
3 7943 7499 7955
3 7945 7501 7486
3 7956 7501 7945
3 7947 7946 7957
3 7947 7957 7958
3 7507 7957 7489
3 7489 7957 7946
3 7951 7959 7950
3 7950 7959 7493
3 7959 7508 7493
3 7959 7960 7508
3 7508 7961 7509
3 7960 7961 7508
3 7509 7962 7510
3 7961 7962 7509
3 7962 7964 7963
3 7511 7962 7963
3 7510 7962 7511
3 7965 7954 7952
3 7511 7965 7952
3 7512 7511 7952
3 7965 7511 7963
3 7512 7952 7498
3 7956 7966 7501
3 7501 7966 7513
3 7966 7968 7967
3 7514 7966 7967
3 7513 7966 7514
3 7967 7516 7514
3 7958 7957 7969
3 7958 7969 7970
3 7521 7969 7507
3 7507 7969 7957
3 7964 7971 7963
3 7963 7971 7965
3 7967 7968 7972
3 7972 7968 7973
3 7974 7522 7516
3 7967 7974 7516
3 7972 7974 7967
3 7975 7523 7522
3 7975 7522 7974
3 7975 7525 7523
3 7976 7970 7969
3 7976 7969 7521
3 7527 7976 7521
3 7977 7976 7527
3 7978 7527 7528
3 7978 7977 7527
3 7528 7530 7978
3 7978 7530 7979
3 7973 7980 7972
3 7972 7980 7974
3 7974 7980 7981
3 7983 7982 7981
3 7982 7974 7981
3 7982 7975 7974
3 7984 7531 7525
3 7975 7984 7525
3 7982 7984 7975
3 7985 7532 7531
3 7985 7531 7984
3 7985 7534 7532
3 7986 7979 7530
3 7986 7530 7535
3 7987 7535 7536
3 7987 7986 7535
3 7989 7988 7537
3 7988 7536 7537
3 7988 7987 7536
3 7989 7990 7988
3 7983 7991 7982
3 7982 7991 7984
3 7984 7991 7992
3 7984 7992 7985
3 7985 7992 7993
3 7985 7993 7534
3 7993 7540 7534
3 7993 7994 7540
3 7994 7996 7995
3 7541 7994 7995
3 7540 7994 7541
3 7995 7543 7541
3 7544 7989 7537
3 7544 7545 7989
3 7545 7990 7989
3 7545 7997 7990
3 7995 7996 7552
3 7996 7551 7552
3 7996 7998 7551
3 7995 7552 7543
3 8001 8000 7999
3 7556 7555 7999
3 8000 7556 7999
3 8002 7556 8000
3 7556 8003 7557
3 8002 8003 7556
3 7557 8004 7558
3 8003 8004 7557
3 7559 7558 8004
3 7559 8004 8005
3 8006 7997 7545
3 8006 7545 7560
3 7560 7561 8006
3 8006 7561 8007
3 8008 7562 7563
3 8008 7563 8009
3 7563 8010 8009
3 7563 7564 8010
3 8011 7564 7565
3 8011 8010 7564
3 8012 7565 7566
3 8012 8011 7565
3 8013 7566 7567
3 8013 8012 7566
3 7567 7551 7998
3 7567 7998 8013
3 8014 8001 7999
3 8014 7999 7555
3 7568 8014 7555
3 8015 8014 7568
3 8016 7568 7569
3 8016 8015 7568
3 7569 7571 8016
3 8016 7571 8017
3 8005 8018 7559
3 7559 8018 7572
3 7574 7572 8018
3 7574 8018 8019
3 7575 8007 7561
3 7575 8020 8007
3 8021 7576 8008
3 8008 7576 7562
3 8008 8009 8022
3 8008 8022 8021
3 7571 7577 8023
3 8024 7571 8023
3 8017 7571 8024
3 7578 8025 7577
3 7577 8025 8023
3 8026 8025 7578
3 7574 8026 7578
3 8019 8026 7574
3 7579 8020 7575
3 7579 8027 8020
3 8021 7580 7576
3 7582 7580 8021
3 8022 7582 8021
3 8028 7582 8022
3 7584 8029 7583
3 7583 8029 8030
3 8031 7583 8030
3 7585 7583 8031
3 8031 8033 8032
3 7586 8031 8032
3 7585 8031 7586
3 8034 7587 7586
3 8034 7586 8032
3 8034 7589 7587
3 8035 8024 8023
3 8035 8023 8025
3 8035 8025 8036
3 8036 8025 8026
3 7591 8027 7579
3 7591 8037 8027
3 8028 7592 7582
3 8038 7592 8028
3 8040 8039 7594
3 8040 7594 7595
3 7584 7594 8029
3 7594 8041 8029
3 7594 8039 8041
3 8029 8041 8030
3 8033 8042 8032
3 8032 8042 8034
3 8034 8042 8043
3 8043 8045 8044
3 8043 8044 7596
3 8034 8043 7596
3 7589 8034 7596
3 8044 7598 7596
3 7601 8046 7602
3 8046 8047 7602
3 8047 7591 7602
3 8047 8037 7591
3 8038 7603 7592
3 8048 7603 8038
3 8049 8040 7595
3 8049 7595 7604
3 7604 7606 8049
3 8049 7606 8050
3 8044 8045 8051
3 8051 8045 8052
3 8053 7607 7598
3 8044 8053 7598
3 8051 8053 8044
3 8053 7609 7607
3 7610 8054 7611
3 8054 8055 7611
3 7611 8055 7601
3 8055 8056 7601
3 8056 8046 7601
3 8046 8056 8047
3 8048 7612 7603
3 8057 7612 8048
3 8058 8050 7606
3 8058 7606 7613
3 7613 7615 8058
3 8058 7615 8059
3 8051 8052 8060
3 8060 8052 8061
3 8051 8062 8053
3 8051 8060 8062
3 8063 7616 7609
3 8053 8063 7609
3 8062 8063 8053
3 8063 8064 7616
3 7616 8064 7610
3 8064 8065 7610
3 8065 8054 7610
3 8054 8065 8055
3 8057 8066 7612
3 7612 8066 7617
3 7618 7617 8066
3 7618 8066 8067
3 7620 8059 7615
3 7620 8068 8059
3 8071 8070 8069
3 8071 8069 8061
3 8069 8060 8061
3 8069 8072 8060
3 8060 8073 8062
3 8060 8072 8073
3 8062 8074 8063
3 8062 8073 8074
3 8064 8063 8075
3 8075 8063 8074
3 8067 7622 7618
3 8076 7622 8067
3 7620 7623 8077
3 8078 7620 8077
3 8068 7620 8078
3 8080 8077 8079
3 8077 7623 8079
3 7624 8081 8079
3 7624 8079 7623
3 8079 8081 8070
3 8081 8069 8070
3 8081 8082 8069
3 8069 8083 8072
3 8069 8082 8083
3 8072 8084 8073
3 8072 8083 8084
3 8073 8085 8074
3 8073 8084 8085
3 8075 8074 8086
3 8086 8074 8085
3 8076 7627 7622
3 8087 7627 8076
3 8088 8078 8077
3 7629 8089 7624
3 7629 8077 8089
3 8077 7629 8088
3 8090 8088 7629
3 8088 8090 8080
3 8089 8080 8090
3 8090 8081 8089
3 8089 8081 7624
3 8077 8080 8089
3 8081 8091 8082
3 8081 8090 8091
3 8082 8092 8083
3 8082 8091 8092
3 8083 8093 8084
3 8083 8092 8093
3 8084 8094 8085
3 8084 8093 8094
3 8086 8085 8095
3 8095 8085 8094
3 8087 8096 7627
3 7627 8096 7630
3 7631 7630 8096
3 7631 8096 8097
3 7632 8098 8090
3 7632 8090 7629
3 8090 8099 8091
3 8090 8098 8099
3 8091 8100 8092
3 8091 8099 8100
3 8092 8101 8093
3 8092 8100 8101
3 8093 8102 8094
3 8093 8101 8102
3 8095 8094 8103
3 8103 8094 8102
3 8097 7633 7631
3 8104 7633 8097
3 7636 8105 7635
3 8098 7632 7635
3 8105 8098 7635
3 8106 8098 8105
3 8098 8107 8099
3 8098 8106 8107
3 8107 7638 7639
3 8100 8107 7639
3 8099 8107 8100
3 8100 7639 7640
3 8100 7640 8101
3 8101 7640 7642
3 8108 8101 7642
3 8102 8101 8108
3 8103 8102 8109
3 8109 8102 8108
3 8104 7643 7633
3 8110 7643 8104
3 7644 8105 7636
3 8105 7644 7645
3 8111 8105 7645
3 8106 8105 8111
3 8111 7647 7648
3 8107 8111 7648
3 8106 8111 8107
3 8107 7648 7638
3 7651 8112 8108
3 7651 8108 7642
3 8109 8108 8113
3 8113 8108 8112
3 8110 7652 7643
3 8114 7652 8110
3 7653 8111 7645
3 8111 7653 7647
3 7658 8115 8112
3 7658 8112 7651
3 8113 8112 8116
3 8116 8112 8115
3 8118 7659 8117
3 7659 8114 8117
3 7659 7652 8114
3 8119 8118 8117
3 7665 8120 8115
3 7665 8115 7658
3 8116 8115 8121
3 8121 8115 8120
3 8122 7666 8118
3 8118 7666 7659
3 8118 8119 8123
3 8118 8123 8122
3 7671 8124 8120
3 7671 8120 7665
3 8121 8120 8125
3 8125 8120 8124
3 8126 7672 8122
3 8122 7672 7666
3 8122 8123 8127
3 8122 8127 8126
3 7677 8128 8124
3 7677 8124 7671
3 8125 8124 8129
3 8129 8124 8128
3 8130 7678 8126
3 8126 7678 7672
3 8126 8127 8131
3 8126 8131 8130
3 7683 8132 8128
3 7683 8128 7677
3 8129 8128 8133
3 8133 8128 8132
3 8130 7684 7678
3 7686 7684 8130
3 8131 7686 8130
3 8134 7686 8131
3 7691 8135 8132
3 7691 8132 7683
3 8133 8132 8136
3 8136 8132 8135
3 8134 8137 7686
3 7686 8137 7693
3 7693 8138 7695
3 8137 8138 7693
3 7695 8139 7697
3 8138 8139 7695
3 7697 8140 7698
3 8139 8140 7697
3 7698 8141 7699
3 8140 8141 7698
3 7699 8142 7700
3 8141 8142 7699
3 7700 8143 7701
3 8142 8143 7700
3 7691 7701 8135
3 7701 8144 8135
3 7701 8143 8144
3 8135 8144 8136
3 8145 7709 7710
3 7711 8146 7710
3 7710 8146 8145
3 7712 8147 7711
3 7711 8147 8146
3 7713 8147 7712
3 8148 7716 7717
3 7718 8149 7717
3 7717 8149 8148
3 8150 8149 7718
3 8150 7718 7709
3 8151 8150 7709
3 8145 8151 7709
3 8151 8145 8146
3 8151 8146 8152
3 8154 8153 8152
3 8146 8154 8152
3 8147 8154 8146
3 7719 8155 7713
3 8155 8147 7713
3 8155 8154 8147
3 7720 8155 7719
3 8156 7721 7722
3 8157 8156 7722
3 8157 7722 7716
3 8158 8157 7716
3 8148 8158 7716
3 8158 8148 8149
3 8158 8149 8159
3 8159 8149 8150
3 8153 8154 8160
3 8153 8160 8161
3 7725 8160 7724
3 8160 8155 7724
3 8160 8154 8155
3 7724 8155 7720
3 8163 8162 8156
3 8162 7721 8156
3 8162 7728 7721
3 8163 8156 8157
3 8164 8161 8160
3 8166 8164 8165
3 8165 8164 7729
3 8164 8160 7729
3 8160 7725 7729
3 7730 8165 7729
3 8167 7731 7732
3 8168 8167 7732
3 7728 8168 7732
3 8162 8168 7728
3 8169 8166 8165
3 8165 7730 8169
3 7730 8170 8169
3 7730 7733 8170
3 8172 8171 8167
3 8171 7731 8167
3 8171 7734 7731
3 8172 8167 8168
3 7733 7737 8173
3 8174 7733 8173
3 8170 7733 8174
3 7738 8173 7737
3 8171 7739 7734
3 8175 7739 8171
3 7741 8176 7740
3 8176 7743 7740
3 8177 8174 8173
3 8173 7738 8177
3 7738 8178 8177
3 7738 7744 8178
3 8175 7745 7739
3 8179 7745 8175
3 8181 8180 8176
3 7741 8181 8176
3 7746 8181 7741
3 8176 8180 7743
3 8180 7747 7743
3 8180 8182 7747
3 7749 7747 8182
3 7749 8182 8183
3 8184 8178 7744
3 8184 7744 7750
3 8185 7750 7751
3 8185 8184 7750
3 7751 7752 8185
3 8185 7752 8186
3 8179 7758 7745
3 8187 7758 8179
3 7760 8181 7746
3 7760 8188 8181
3 8183 8189 7749
3 7749 8189 7761
3 7763 7761 8189
3 7763 8189 8190
3 8191 8186 7752
3 8191 7752 7764
3 7764 7766 8191
3 8191 7766 8192
3 8193 7768 7767
3 7769 8194 7767
3 7767 8194 8193
3 7770 8195 7769
3 7769 8195 8194
3 7771 8196 7770
3 7770 8196 8195
3 7773 8196 7771
3 8187 8197 7758
3 7758 8197 7776
3 7777 7776 8197
3 7777 8197 8198
3 8199 8188 7760
3 8199 7760 7778
3 7778 7779 8199
3 8199 7779 8200
3 8190 8201 7763
3 7763 8201 7780
3 8201 8203 8202
3 7781 8201 8202
3 7780 8201 7781
3 8202 7782 7781
3 8204 8192 7766
3 8204 7766 7783
3 8205 7783 7784
3 8205 8204 7783
3 7784 7786 8205
3 8205 7786 8206
3 8208 7787 8207
3 7787 7768 8207
3 8207 7768 8193
3 8209 8207 8193
3 8209 8211 8210
3 8211 8208 8210
3 7789 8210 8208
3 8210 7789 8194
3 7787 8194 7789
3 8194 7787 8211
3 8211 8193 8194
3 8209 8193 8211
3 8211 7787 8208
3 8213 8212 8210
3 8194 8213 8210
3 8195 8213 8194
3 7792 8213 7791
3 8213 8196 7791
3 8213 8195 8196
3 7791 8196 7773
3 8198 7799 7777
3 8214 7799 8198
3 8215 8200 7779
3 8215 7779 7800
3 7800 7801 8215
3 8215 7801 8216
3 8203 8217 8202
3 8202 8217 7782
3 8217 7802 7782
3 8217 8218 7802
3 7804 7802 8218
3 7804 8218 8219
3 8220 8206 7786
3 8220 7786 7805
3 7806 8208 8207
3 8220 7806 8207
3 7805 7806 8220
3 8208 7806 7789
3 8221 8212 8213
3 8213 7792 8221
3 7792 8222 8221
3 7792 7808 8222
3 8223 7811 7812
3 7813 8223 7812
3 8214 8224 7799
3 7799 8224 7817
3 7818 7817 8224
3 7818 8224 8225
3 7801 7819 8226
3 8227 7801 8226
3 8216 7801 8227
3 7820 8226 7819
3 8219 8228 7804
3 7804 8228 7821
3 7823 7821 8228
3 7823 8228 8229
3 8230 8222 7808
3 8230 7808 7824
3 7824 7825 8230
3 8230 7825 8231
3 8223 7828 7811
3 7831 7828 8232
3 7828 8223 8232
3 7813 7830 8232
3 7813 8232 8223
3 7832 8233 7830
3 7830 8233 8232
3 7833 8233 7832
3 8225 8234 7818
3 7818 8234 7835
3 7836 7835 8234
3 7836 8234 8235
3 8236 8227 8226
3 8226 7820 8236
3 7820 8237 8236
3 7820 7837 8237
3 8229 8238 7823
3 7823 8238 7838
3 8238 8240 8239
3 7839 8238 8239
3 7838 8238 7839
3 8239 7841 7839
3 8241 8231 7825
3 8241 7825 7842
3 7842 7843 8241
3 8241 7843 8242
3 8243 7844 8232
3 8232 7844 7831
3 8244 8232 8233
3 8243 8232 8244
3 7845 8245 7833
3 8245 8233 7833
3 8245 8244 8233
3 7846 8246 7845
3 7845 8246 8245
3 7847 8246 7846
3 8235 8247 7836
3 7836 8247 7848
3 7850 7848 8247
3 7850 8247 8248
3 8249 8237 7837
3 8249 7837 7851
3 7851 7852 8249
3 8249 7852 8250
3 8240 8251 8239
3 8239 8251 7841
3 8251 7853 7841
3 8251 8252 7853
3 8252 8254 8253
3 7854 8252 8253
3 7853 8252 7854
3 8253 7856 7854
3 7859 8242 7843
3 7859 8255 8242
3 8243 7860 7844
3 8243 8244 8256
3 7862 8243 8256
3 8257 7862 8256
3 8243 7862 7860
3 8256 8244 8245
3 8256 8245 8258
3 8258 8245 8246
3 8258 8246 8259
3 8261 8259 8260
3 8260 8259 7863
3 8259 8246 7863
3 8246 7847 7863
3 7864 8262 7863
3 7863 8262 8260
3 8262 7864 8263
3 7864 8264 8263
3 7864 7865 8264
3 8265 7865 7866
3 8265 8264 7865
3 8267 8265 8266
3 8265 7868 8266
3 8265 7866 7868
3 7870 8268 7868
3 7868 8268 8266
3 7872 8268 7870
3 8248 7873 7850
3 8269 7873 8248
3 7875 8250 7852
3 7875 8270 8250
3 8254 8271 8253
3 8253 8271 7856
3 8271 7876 7856
3 8271 8272 7876
3 7876 8273 7877
3 8272 8273 7876
3 8273 8275 8274
3 7878 8273 8274
3 7877 8273 7878
3 8274 7879 7878
3 8276 8255 7859
3 8276 7859 7880
3 7880 7882 8276
3 8276 7882 8277
3 8257 7884 7862
3 8278 7884 8257
3 8279 8261 8260
3 8279 8260 8262
3 8279 8262 8280
3 8280 8262 8263
3 8281 8267 8266
3 8281 8266 8268
3 8281 8268 8282
3 8282 8268 7872
3 7885 8282 7872
3 8283 8282 7885
3 8285 8283 8284
3 8283 7886 8284
3 8283 7885 7886
3 7888 8284 7886
3 8269 7889 7873
3 8286 7889 8269
3 7891 8270 7875
3 7891 8287 8270
3 8275 8288 8274
3 8288 8290 8289
3 8288 8289 7893
3 8274 8288 7893
3 7879 8274 7893
3 8289 7895 7893
3 8291 8277 7882
3 8291 7882 7896
3 8293 8291 8292
3 8291 7897 8292
3 8291 7896 7897
3 7900 7898 8294
3 8292 8294 7898
3 8294 8292 8278
3 7897 8278 8292
3 8278 7897 7884
3 8296 8295 7901
3 7900 8296 7901
3 8294 8296 7900
3 8298 8297 8295
3 8298 8295 8296
3 8300 8299 8297
3 8300 8297 8298
3 8301 8299 8300
3 8285 8284 7903
3 7904 8285 7903
3 8302 8285 7904
3 7903 8284 7888
3 8286 7905 7889
3 8303 7905 8286
3 8304 8287 7891
3 8304 7891 7906
3 8306 8304 8305
3 8304 7907 8305
3 8304 7906 7907
3 7908 8307 7907
3 7907 8307 8305
3 7909 8308 7908
3 7908 8308 8307
3 7910 8308 7909
3 8290 8309 8289
3 8309 8311 8310
3 8309 8310 7911
3 8289 8309 7911
3 7895 8289 7911
3 8310 7913 7911
3 8312 8293 8292
3 8314 8312 8313
3 8313 8312 7914
3 8312 8292 7914
3 8292 7898 7914
3 7901 8295 7914
3 8295 8313 7914
3 8295 8315 8313
3 8316 8295 8297
3 8315 8295 8316
3 7917 8316 7916
3 8316 8299 7916
3 8316 8297 8299
3 8301 8317 8299
3 8317 7916 8299
3 8317 7919 7916
3 7919 8318 7921
3 8317 8318 7919
3 8320 8319 7922
3 7921 8320 7922
3 8318 8320 7921
3 8321 8319 8320
3 8324 8323 8322
3 8323 8302 8322
3 8302 7923 8322
3 8302 7904 7923
3 8303 7924 7905
3 8325 7924 8303
3 8326 8306 8305
3 8326 8305 8307
3 8326 8307 8327
3 8327 8307 8308
3 8327 8308 8328
3 8330 8328 8329
3 8329 8328 7925
3 8328 8308 7925
3 8308 7910 7925
3 7927 8329 7925
3 8311 8331 8310
3 8331 8333 8332
3 8331 8332 7928
3 8310 8331 7928
3 7913 8310 7928
3 8332 7930 7928
3 8334 8314 8313
3 8334 8313 8315
3 8334 8315 8335
3 8335 8315 8316
3 8335 8316 8336
3 8336 8316 7917
3 7931 8336 7917
3 8337 8336 7931
3 8338 7931 7932
3 8338 8337 7931
3 8340 8338 8339
3 8338 7933 8339
3 8338 7932 7933
3 7922 8319 7933
3 8319 8339 7933
3 8319 8341 8339
3 8319 8321 8342
3 8343 8319 8342
3 8341 8319 8343
3 8345 8344 8343
3 8345 8343 8342
3 8344 8345 8324
3 8344 8324 8322
3 7935 8344 8322
3 7934 7935 8322
3 7934 8322 7923
3 8325 7936 7924
3 8346 7936 8325
3 8347 8330 8329
3 8349 8347 8348
3 8348 8347 7937
3 8347 8329 7937
3 8329 7927 7937
3 7938 8348 7937
3 8333 8350 8332
3 8332 8350 7930
3 8350 7939 7930
3 8350 8351 7939
3 7941 7939 8351
3 7941 8351 8352
3 8353 8340 8339
3 8355 8354 8353
3 8339 8355 8353
3 8341 8355 8339
3 8356 8341 8343
3 8355 8341 8356
3 7943 8356 7942
3 8356 8344 7942
3 8356 8343 8344
3 7942 8344 7935
3 8346 8357 7936
3 7936 8357 7944
3 7945 7944 8357
3 7945 8357 8358
3 8349 8348 8359
3 8349 8359 8360
3 7947 8359 7938
3 7938 8359 8348
3 8352 8361 7941
3 7941 8361 7948
3 8361 8363 8362
3 7949 8361 8362
3 7948 8361 7949
3 8362 7951 7949
3 8354 8355 7953
3 7954 8354 7953
3 8364 8354 7954
3 7953 8355 7955
3 7955 8355 8356
3 7955 8356 7943
3 8358 7956 7945
3 8365 7956 8358
3 8360 8359 8366
3 8360 8366 8367
3 7958 8366 7947
3 7947 8366 8359
3 8363 8368 8362
3 8362 8368 7951
3 8368 7959 7951
3 8368 8369 7959
3 7959 8370 7960
3 8369 8370 7959
3 7960 8371 7961
3 8370 8371 7960
3 7961 8372 7962
3 8371 8372 7961
3 8374 8373 7964
3 7962 8374 7964
3 8372 8374 7962
3 8374 8364 8373
3 8364 7965 8373
3 8364 7954 7965
3 7966 7956 8375
3 7956 8376 8375
3 7956 8365 8376
3 8375 7968 7966
3 8367 8366 8377
3 8367 8377 8378
3 7970 8377 7958
3 7958 8377 8366
3 8373 7971 7964
3 7971 8373 7965
3 8376 8379 8375
3 7968 8375 8379
3 8380 7968 8379
3 7973 7968 8380
3 8381 8378 8377
3 8381 8377 7970
3 7976 8381 7970
3 8382 8381 7976
3 8383 7976 7977
3 8383 8382 7976
3 8384 7977 7978
3 8384 8383 7977
3 8386 8385 7979
3 8385 7978 7979
3 8385 8384 7978
3 8386 8387 8385
3 8380 8388 7973
3 7973 8388 7980
3 8388 8390 8389
3 7981 8388 8389
3 7980 8388 7981
3 8389 7983 7981
3 7986 8386 7979
3 8391 8387 8386
3 7986 8391 8386
3 7987 8391 7986
3 8392 7987 7988
3 8392 8391 7987
3 7988 7990 8392
3 8392 7990 8393
3 8390 8394 8389
3 8394 8396 8395
3 8394 8395 7991
3 8389 8394 7991
3 7983 8389 7991
3 8397 7992 7991
3 8397 7991 8395
3 8398 7993 7992
3 8398 7992 8397
3 8399 7994 7993
3 8399 7993 8398
3 8399 7996 7994
3 7997 8401 8400
3 8393 7997 8400
3 7990 7997 8393
3 8401 8402 8400
3 8396 8403 8395
3 8395 8403 8397
3 8397 8403 8404
3 8397 8404 8398
3 8398 8404 8405
3 8407 8406 8405
3 8406 8398 8405
3 8406 8399 8398
3 8406 7998 7996
3 8406 7996 8399
3 8001 8408 8000
3 8409 8002 8000
3 8409 8000 8408
3 8410 8003 8002
3 8410 8002 8409
3 8003 8410 8411
3 8412 8003 8411
3 8004 8003 8412
3 8414 8413 8005
3 8004 8414 8005
3 8412 8414 8004
3 8415 8413 8414
3 8006 8401 7997
3 8006 8007 8401
3 8007 8402 8401
3 8007 8416 8402
3 8417 8009 8010
3 8417 8010 8418
3 8010 8419 8418
3 8010 8011 8419
3 8420 8011 8012
3 8420 8419 8011
3 8013 8406 8407
3 8420 8013 8407
3 8012 8013 8420
3 8406 8013 7998
3 8014 8408 8001
3 8408 8014 8015
3 8408 8015 8409
3 8016 8421 8015
3 8421 8422 8015
3 8423 8015 8422
3 8015 8423 8409
3 8424 8409 8423
3 8409 8424 8421
3 8421 8410 8409
3 8016 8410 8421
3 8421 8424 8422
3 8422 8424 8017
3 8424 8411 8017
3 8410 8016 8017
3 8410 8017 8411
3 8413 8018 8005
3 8019 8018 8413
3 8415 8019 8413
3 8425 8019 8415
3 8020 8416 8007
3 8020 8426 8416
3 8428 8427 8417
3 8427 8009 8417
3 8427 8022 8009
3 8428 8417 8418
3 8429 8423 8422
3 8422 8017 8429
3 8017 8430 8429
3 8017 8024 8430
3 8432 8026 8431
3 8026 8425 8431
3 8026 8019 8425
3 8433 8432 8431
3 8027 8426 8020
3 8027 8434 8426
3 8427 8028 8022
3 8435 8028 8427
3 8030 8436 8031
3 8436 8033 8031
3 8024 8035 8437
3 8438 8024 8437
3 8430 8024 8438
3 8036 8439 8035
3 8035 8439 8437
3 8440 8439 8036
3 8440 8036 8026
3 8441 8440 8026
3 8432 8441 8026
3 8441 8432 8433
3 8037 8434 8027
3 8037 8442 8434
3 8435 8038 8028
3 8443 8038 8435
3 8040 8444 8039
3 8445 8041 8039
3 8445 8039 8444
3 8445 8446 8041
3 8041 8446 8030
3 8446 8447 8030
3 8447 8436 8030
3 8447 8449 8448
3 8447 8448 8042
3 8436 8447 8042
3 8033 8436 8042
3 8450 8043 8042
3 8450 8042 8448
3 8450 8045 8043
3 8451 8438 8437
3 8453 8452 8451
3 8437 8453 8451
3 8439 8453 8437
3 8439 8440 8454
3 8439 8454 8453
3 8047 8442 8037
3 8047 8455 8442
3 8443 8048 8038
3 8456 8048 8443
3 8049 8444 8040
3 8445 8444 8457
3 8444 8050 8457
3 8050 8458 8457
3 8050 8444 8049
3 8445 8457 8446
3 8448 8449 8459
3 8459 8449 8460
3 8448 8461 8450
3 8448 8459 8461
3 8461 8052 8045
3 8461 8045 8450
3 8462 8452 8453
3 8462 8453 8454
3 8055 8463 8056
3 8463 8464 8056
3 8464 8047 8056
3 8464 8455 8047
3 8456 8057 8048
3 8465 8057 8456
3 8466 8458 8050
3 8466 8050 8058
3 8058 8059 8466
3 8466 8059 8467
3 8459 8460 8468
3 8468 8460 8469
3 8459 8470 8461
3 8459 8468 8470
3 8470 8061 8052
3 8470 8052 8461
3 8064 8471 8065
3 8471 8472 8065
3 8065 8472 8055
3 8472 8473 8055
3 8473 8463 8055
3 8463 8473 8464
3 8465 8474 8057
3 8057 8474 8066
3 8067 8066 8474
3 8067 8474 8475
3 8068 8477 8476
3 8467 8068 8476
3 8059 8068 8467
3 8476 8477 8469
3 8477 8468 8469
3 8477 8478 8468
3 8478 8070 8071
3 8470 8478 8071
3 8468 8478 8470
3 8470 8071 8061
3 8480 8479 8471
3 8064 8480 8471
3 8075 8480 8064
3 8471 8479 8472
3 8475 8076 8067
3 8481 8076 8475
3 8078 8482 8477
3 8078 8477 8068
3 8482 8080 8079
3 8478 8482 8079
3 8477 8482 8478
3 8478 8079 8070
3 8086 8480 8075
3 8086 8483 8480
3 8481 8087 8076
3 8484 8087 8481
3 8088 8482 8078
3 8482 8088 8080
3 8487 8486 8485
3 8489 8488 8485
3 8489 8485 8486
3 8490 8488 8489
3 8095 8483 8086
3 8095 8491 8483
3 8484 8492 8087
3 8087 8492 8096
3 8097 8096 8492
3 8097 8492 8493
3 8487 8485 8494
3 8487 8494 8495
3 8496 8485 8488
3 8494 8485 8496
3 8488 8490 8497
3 8488 8497 8496
3 8103 8491 8095
3 8103 8498 8491
3 8493 8104 8097
3 8499 8104 8493
3 8495 8494 8500
3 8495 8500 8501
3 8502 8494 8496
3 8500 8494 8502
3 8496 8497 8503
3 8496 8503 8502
3 8109 8498 8103
3 8109 8504 8498
3 8499 8110 8104
3 8505 8110 8499
3 8508 8507 8506
3 8506 8507 8501
3 8500 8506 8501
3 8509 8506 8500
3 8510 8500 8502
3 8509 8500 8510
3 8502 8503 8511
3 8502 8511 8510
3 8113 8504 8109
3 8113 8512 8504
3 8514 8114 8513
3 8114 8505 8513
3 8114 8110 8505
3 8515 8514 8513
3 8508 8506 8516
3 8508 8516 8517
3 8518 8506 8509
3 8516 8506 8518
3 8519 8509 8510
3 8518 8509 8519
3 8510 8511 8520
3 8510 8520 8519
3 8116 8512 8113
3 8116 8521 8512
3 8514 8117 8114
3 8119 8117 8514
3 8515 8119 8514
3 8522 8119 8515
3 8525 8524 8523
3 8523 8524 8517
3 8516 8523 8517
3 8526 8523 8516
3 8527 8516 8518
3 8526 8516 8527
3 8528 8518 8519
3 8527 8518 8528
3 8519 8520 8529
3 8519 8529 8528
3 8121 8521 8116
3 8121 8530 8521
3 8532 8123 8531
3 8123 8522 8531
3 8123 8119 8522
3 8533 8532 8531
3 8525 8523 8534
3 8525 8534 8535
3 8536 8523 8526
3 8534 8523 8536
3 8537 8526 8527
3 8536 8526 8537
3 8538 8527 8528
3 8537 8527 8538
3 8528 8529 8539
3 8528 8539 8538
3 8125 8530 8121
3 8125 8540 8530
3 8541 8127 8532
3 8532 8127 8123
3 8532 8533 8542
3 8532 8542 8541
3 8535 8534 8543
3 8535 8543 8544
3 8545 8534 8536
3 8543 8534 8545
3 8546 8536 8537
3 8545 8536 8546
3 8547 8537 8538
3 8546 8537 8547
3 8538 8539 8548
3 8538 8548 8547
3 8129 8540 8125
3 8129 8549 8540
3 8551 8550 8541
3 8550 8127 8541
3 8550 8131 8127
3 8551 8541 8542
3 8552 8544 8543
3 8552 8543 8545
3 8552 8545 8553
3 8555 8554 8553
3 8545 8555 8553
3 8546 8555 8545
3 8547 8557 8556
3 8555 8547 8556
3 8546 8547 8555
3 8557 8547 8548
3 8133 8549 8129
3 8133 8558 8549
3 8560 8134 8559
3 8134 8550 8559
3 8134 8131 8550
3 8562 8561 8560
3 8562 8560 8559
3 8564 8563 8561
3 8564 8561 8562
3 8566 8565 8563
3 8566 8563 8564
3 8565 8566 8554
3 8555 8565 8554
3 8567 8565 8555
3 8555 8556 8568
3 8569 8555 8568
3 8567 8555 8569
3 8571 8570 8569
3 8571 8569 8568
3 8573 8572 8570
3 8573 8570 8571
3 8573 8558 8572
3 8558 8136 8572
3 8558 8133 8136
3 8560 8137 8134
3 8137 8560 8138
3 8138 8560 8561
3 8138 8561 8139
3 8139 8561 8563
3 8139 8563 8140
3 8140 8563 8565
3 8140 8565 8141
3 8141 8565 8567
3 8141 8567 8142
3 8142 8567 8569
3 8142 8569 8143
3 8143 8569 8570
3 8143 8570 8144
3 8144 8570 8572
3 8144 8572 8136
3 8574 8150 8151
3 8152 8575 8151
3 8151 8575 8574
3 8153 8575 8152
3 8576 8157 8158
3 8159 8577 8158
3 8158 8577 8576
3 8150 8574 8159
3 8574 8577 8159
3 8574 8578 8577
3 8579 8574 8575
3 8578 8574 8579
3 8161 8579 8153
3 8153 8579 8575
3 8580 8162 8163
3 8581 8580 8163
3 8581 8163 8157
3 8582 8581 8157
3 8576 8582 8157
3 8582 8576 8577
3 8582 8577 8583
3 8583 8577 8578
3 8583 8578 8584
3 8584 8578 8579
3 8584 8579 8585
3 8587 8585 8586
3 8586 8585 8164
3 8585 8579 8164
3 8579 8161 8164
3 8166 8586 8164
3 8589 8588 8580
3 8588 8162 8580
3 8588 8168 8162
3 8589 8580 8581
3 8590 8587 8586
3 8592 8590 8591
3 8591 8590 8169
3 8590 8586 8169
3 8586 8166 8169
3 8170 8591 8169
3 8593 8171 8172
3 8594 8593 8172
3 8168 8594 8172
3 8588 8594 8168
3 8595 8592 8591
3 8591 8170 8595
3 8170 8596 8595
3 8170 8174 8596
3 8598 8597 8593
3 8597 8171 8593
3 8597 8175 8171
3 8598 8593 8594
3 8599 8596 8174
3 8599 8174 8177
3 8177 8178 8599
3 8599 8178 8600
3 8597 8179 8175
3 8601 8179 8597
3 8181 8602 8180
3 8180 8602 8603
3 8604 8180 8603
3 8182 8180 8604
3 8183 8182 8604
3 8183 8604 8605
3 8606 8600 8178
3 8606 8178 8184
3 8607 8184 8185
3 8607 8606 8184
3 8185 8186 8607
3 8607 8186 8608
3 8601 8187 8179
3 8609 8187 8601
3 8188 8610 8602
3 8188 8602 8181
3 8603 8602 8611
3 8611 8602 8610
3 8605 8612 8183
3 8183 8612 8189
3 8190 8189 8612
3 8190 8612 8613
3 8614 8608 8186
3 8614 8186 8191
3 8616 8615 8192
3 8615 8191 8192
3 8615 8614 8191
3 8616 8617 8615
3 8609 8618 8187
3 8187 8618 8197
3 8198 8197 8618
3 8198 8618 8619
3 8199 8610 8188
3 8199 8200 8610
3 8200 8611 8610
3 8200 8620 8611
3 8613 8621 8190
3 8190 8621 8201
3 8203 8201 8621
3 8203 8621 8622
3 8204 8616 8192
3 8623 8617 8616
3 8204 8623 8616
3 8205 8623 8204
3 8625 8624 8206
3 8624 8205 8206
3 8624 8623 8205
3 8207 8209 8625
3 8209 8624 8625
3 8209 8626 8624
3 8627 8209 8210
3 8627 8626 8209
3 8210 8212 8627
3 8627 8212 8628
3 8630 8214 8629
3 8214 8619 8629
3 8214 8198 8619
3 8631 8630 8629
3 8632 8620 8200
3 8632 8200 8215
3 8215 8216 8632
3 8632 8216 8633
3 8622 8634 8203
3 8203 8634 8217
3 8217 8635 8218
3 8634 8635 8217
3 8219 8218 8635
3 8219 8635 8636
3 8220 8625 8206
3 8625 8220 8207
3 8637 8628 8212
3 8637 8212 8221
3 8221 8222 8637
3 8637 8222 8638
3 8630 8224 8214
3 8225 8224 8630
3 8631 8225 8630
3 8639 8225 8631
3 8227 8641 8640
3 8633 8227 8640
3 8216 8227 8633
3 8641 8642 8640
3 8228 8219 8643
3 8219 8644 8643
3 8219 8636 8644
3 8643 8229 8228
3 8645 8638 8222
3 8645 8222 8230
3 8230 8231 8645
3 8645 8231 8646
3 8639 8647 8225
3 8225 8647 8234
3 8235 8234 8647
3 8235 8647 8648
3 8236 8641 8227
3 8236 8237 8641
3 8237 8642 8641
3 8237 8649 8642
3 8644 8650 8643
3 8643 8650 8229
3 8650 8238 8229
3 8650 8651 8238
3 8240 8238 8651
3 8240 8651 8652
3 8653 8646 8231
3 8653 8231 8241
3 8241 8242 8653
3 8653 8242 8654
3 8648 8655 8235
3 8235 8655 8247
3 8248 8247 8655
3 8248 8655 8656
3 8657 8649 8237
3 8657 8237 8249
3 8249 8250 8657
3 8657 8250 8658
3 8652 8659 8240
3 8240 8659 8251
3 8659 8661 8660
3 8252 8659 8660
3 8251 8659 8252
3 8660 8254 8252
3 8255 8654 8242
3 8255 8662 8654
3 8663 8257 8256
3 8258 8664 8256
3 8256 8664 8663
3 8259 8665 8258
3 8258 8665 8664
3 8261 8665 8259
3 8666 8263 8264
3 8265 8667 8264
3 8264 8667 8666
3 8267 8667 8265
3 8669 8269 8668
3 8269 8656 8668
3 8269 8248 8656
3 8670 8669 8668
3 8270 8672 8671
3 8658 8270 8671
3 8250 8270 8658
3 8672 8673 8671
3 8661 8674 8660
3 8660 8674 8254
3 8674 8271 8254
3 8674 8675 8271
3 8271 8676 8272
3 8675 8676 8271
3 8272 8677 8273
3 8676 8677 8272
3 8275 8273 8677
3 8275 8677 8678
3 8679 8662 8255
3 8679 8255 8276
3 8276 8277 8679
3 8679 8277 8680
3 8681 8278 8663
3 8663 8278 8257
3 8682 8663 8664
3 8681 8663 8682
3 8683 8664 8665
3 8682 8664 8683
3 8279 8684 8261
3 8684 8665 8261
3 8684 8683 8665
3 8280 8685 8279
3 8279 8685 8684
3 8263 8666 8280
3 8666 8685 8280
3 8666 8686 8685
3 8687 8666 8667
3 8686 8666 8687
3 8281 8688 8267
3 8688 8667 8267
3 8688 8687 8667
3 8282 8689 8281
3 8281 8689 8688
3 8283 8690 8282
3 8282 8690 8689
3 8285 8690 8283
3 8691 8286 8669
3 8669 8286 8269
3 8669 8670 8692
3 8669 8692 8691
3 8287 8693 8672
3 8287 8672 8270
3 8673 8672 8694
3 8694 8672 8693
3 8678 8695 8275
3 8275 8695 8288
3 8290 8288 8695
3 8290 8695 8696
3 8697 8680 8277
3 8697 8277 8291
3 8291 8293 8697
3 8697 8293 8698
3 8681 8294 8278
3 8294 8681 8296
3 8296 8681 8682
3 8296 8682 8298
3 8298 8682 8683
3 8298 8683 8300
3 8300 8683 8684
3 8300 8684 8301
3 8684 8699 8301
3 8684 8685 8699
3 8686 8701 8700
3 8699 8686 8700
3 8685 8686 8699
3 8703 8702 8701
3 8686 8703 8701
3 8687 8703 8686
3 8704 8687 8688
3 8703 8687 8704
3 8705 8688 8689
3 8704 8688 8705
3 8706 8689 8690
3 8705 8689 8706
3 8302 8706 8285
3 8285 8706 8690
3 8708 8707 8691
3 8707 8286 8691
3 8707 8303 8286
3 8708 8691 8692
3 8304 8693 8287
3 8304 8306 8693
3 8306 8694 8693
3 8306 8709 8694
3 8696 8710 8290
3 8290 8710 8309
3 8311 8309 8710
3 8311 8710 8711
3 8712 8698 8293
3 8712 8293 8312
3 8312 8314 8712
3 8712 8314 8713
3 8699 8317 8301
3 8700 8714 8699
3 8714 8317 8699
3 8714 8318 8317
3 8703 8320 8702
3 8320 8714 8702
3 8320 8318 8714
3 8320 8703 8321
3 8703 8715 8321
3 8703 8704 8715
3 8716 8704 8705
3 8715 8704 8716
3 8324 8716 8323
3 8716 8706 8323
3 8716 8705 8706
3 8323 8706 8302
3 8707 8325 8303
3 8717 8325 8707
3 8718 8709 8306
3 8718 8306 8326
3 8720 8718 8719
3 8718 8327 8719
3 8718 8326 8327
3 8328 8721 8327
3 8327 8721 8719
3 8330 8721 8328
3 8711 8722 8311
3 8311 8722 8331
3 8333 8331 8722
3 8333 8722 8723
3 8724 8713 8314
3 8724 8314 8334
3 8725 8334 8335
3 8725 8724 8334
3 8726 8335 8336
3 8726 8725 8335
3 8727 8336 8337
3 8727 8726 8336
3 8728 8337 8338
3 8728 8727 8337
3 8338 8340 8728
3 8728 8340 8729
3 8715 8342 8321
3 8342 8715 8345
3 8345 8715 8716
3 8345 8716 8324
3 8717 8346 8325
3 8730 8346 8717
3 8731 8720 8719
3 8733 8732 8731
3 8719 8733 8731
3 8721 8733 8719
3 8347 8734 8330
3 8734 8721 8330
3 8734 8733 8721
3 8349 8734 8347
3 8723 8735 8333
3 8333 8735 8350
3 8735 8737 8736
3 8351 8735 8736
3 8350 8735 8351
3 8736 8352 8351
3 8340 8353 8738
3 8739 8340 8738
3 8729 8340 8739
3 8354 8738 8353
3 8730 8740 8346
3 8346 8740 8357
3 8358 8357 8740
3 8358 8740 8741
3 8732 8733 8742
3 8732 8742 8743
3 8744 8733 8734
3 8742 8733 8744
3 8360 8744 8349
3 8349 8744 8734
3 8737 8745 8736
3 8745 8747 8746
3 8745 8746 8361
3 8736 8745 8361
3 8352 8736 8361
3 8746 8363 8361
3 8750 8749 8748
3 8748 8749 8739
3 8738 8748 8739
3 8751 8748 8738
3 8364 8751 8354
3 8354 8751 8738
3 8741 8365 8358
3 8752 8365 8741
3 8743 8742 8753
3 8743 8753 8754
3 8755 8742 8744
3 8753 8742 8755
3 8367 8755 8360
3 8360 8755 8744
3 8747 8756 8746
3 8746 8756 8363
3 8756 8368 8363
3 8756 8757 8368
3 8368 8758 8369
3 8757 8758 8368
3 8369 8759 8370
3 8758 8759 8369
3 8370 8760 8371
3 8759 8760 8370
3 8748 8372 8750
3 8372 8760 8750
3 8372 8371 8760
3 8372 8748 8374
3 8374 8748 8751
3 8374 8751 8364
3 8752 8376 8365
3 8761 8376 8752
3 8762 8754 8753
3 8764 8763 8762
3 8753 8764 8762
3 8755 8764 8753
3 8378 8764 8367
3 8367 8764 8755
3 8761 8765 8376
3 8376 8765 8379
3 8380 8379 8765
3 8380 8765 8766
3 8767 8763 8764
3 8767 8764 8378
3 8381 8767 8378
3 8768 8767 8381
3 8769 8381 8382
3 8769 8768 8381
3 8770 8382 8383
3 8770 8769 8382
3 8771 8383 8384
3 8771 8770 8383
3 8772 8384 8385
3 8772 8771 8384
3 8774 8773 8387
3 8773 8385 8387
3 8773 8772 8385
3 8774 8775 8773
3 8388 8380 8776
3 8380 8777 8776
3 8380 8766 8777
3 8776 8390 8388
3 8391 8774 8387
3 8778 8775 8774
3 8391 8778 8774
3 8392 8778 8391
3 8392 8393 8778
3 8778 8393 8779
3 8777 8780 8776
3 8780 8782 8781
3 8780 8781 8394
3 8776 8780 8394
3 8390 8776 8394
3 8781 8396 8394
3 8783 8779 8393
3 8783 8393 8400
3 8400 8402 8783
3 8783 8402 8784
3 8782 8785 8781
3 8781 8785 8396
3 8785 8403 8396
3 8785 8786 8403
3 8786 8788 8787
3 8404 8786 8787
3 8403 8786 8404
3 8789 8405 8404
3 8789 8404 8787
3 8789 8407 8405
3 8791 8790 8412
3 8791 8412 8411
3 8412 8792 8414
3 8790 8792 8412
3 8415 8414 8792
3 8415 8792 8793
3 8416 8784 8402
3 8416 8794 8784
3 8796 8795 8788
3 8795 8418 8788
3 8419 8787 8788
3 8419 8788 8418
3 8420 8797 8419
3 8420 8795 8797
3 8795 8420 8798
3 8789 8798 8420
3 8798 8789 8796
3 8797 8796 8789
3 8789 8787 8797
3 8797 8787 8419
3 8795 8796 8797
3 8789 8420 8407
3 8800 8799 8424
3 8800 8424 8423
3 8411 8424 8791
3 8791 8424 8799
3 8793 8425 8415
3 8801 8425 8793
3 8426 8794 8416
3 8426 8802 8794
3 8803 8427 8428
3 8804 8803 8428
3 8804 8428 8418
3 8805 8804 8418
3 8795 8805 8418
3 8805 8795 8798
3 8806 8800 8423
3 8806 8423 8429
3 8429 8430 8806
3 8806 8430 8807
3 8801 8808 8425
3 8425 8808 8431
3 8433 8431 8808
3 8433 8808 8809
3 8434 8802 8426
3 8434 8810 8802
3 8812 8811 8803
3 8811 8427 8803
3 8811 8435 8427
3 8812 8803 8804
3 8438 8807 8430
3 8438 8813 8807
3 8815 8814 8441
3 8441 8814 8440
3 8441 8433 8809
3 8441 8809 8815
3 8442 8810 8434
3 8442 8816 8810
3 8811 8443 8435
3 8817 8443 8811
3 8446 8818 8447
3 8818 8449 8447
3 8438 8451 8819
3 8820 8438 8819
3 8813 8438 8820
3 8452 8819 8451
3 8814 8454 8440
3 8821 8454 8814
3 8455 8816 8442
3 8455 8822 8816
3 8817 8456 8443
3 8823 8456 8817
3 8458 8824 8457
3 8818 8446 8457
3 8824 8818 8457
3 8825 8818 8824
3 8825 8460 8449
3 8825 8449 8818
3 8820 8819 8826
3 8820 8826 8827
3 8826 8819 8452
3 8828 8826 8452
3 8462 8828 8452
3 8829 8826 8828
3 8462 8454 8821
3 8462 8821 8828
3 8832 8831 8830
3 8831 8822 8830
3 8822 8464 8830
3 8822 8455 8464
3 8834 8465 8833
3 8465 8823 8833
3 8465 8456 8823
3 8835 8834 8833
3 8466 8824 8458
3 8824 8466 8467
3 8836 8824 8467
3 8825 8824 8836
3 8836 8469 8460
3 8836 8460 8825
3 8837 8827 8826
3 8837 8826 8829
3 8832 8830 8473
3 8472 8832 8473
3 8838 8832 8472
3 8473 8830 8464
3 8834 8474 8465
3 8475 8474 8834
3 8835 8475 8834
3 8839 8475 8835
3 8476 8836 8467
3 8836 8476 8469
3 8842 8841 8840
3 8843 8840 8841
3 8845 8844 8479
3 8845 8479 8480
3 8472 8479 8838
3 8838 8479 8844
3 8839 8481 8475
3 8846 8481 8839
3 8849 8848 8847
3 8851 8850 8847
3 8851 8847 8848
3 8850 8851 8842
3 8840 8850 8842
3 8852 8850 8840
3 8840 8843 8853
3 8840 8853 8852
3 8483 8845 8480
3 8483 8854 8845
3 8856 8484 8855
3 8484 8846 8855
3 8484 8481 8846
3 8857 8856 8855
3 8849 8847 8858
3 8849 8858 8859
3 8487 8858 8486
3 8858 8850 8486
3 8858 8847 8850
3 8486 8850 8489
3 8489 8850 8852
3 8490 8489 8852
3 8853 8490 8852
3 8860 8490 8853
3 8491 8854 8483
3 8491 8861 8854
3 8856 8492 8484
3 8493 8492 8856
3 8857 8493 8856
3 8862 8493 8857
3 8865 8864 8863
3 8863 8864 8859
3 8858 8863 8859
3 8866 8863 8858
3 8495 8866 8487
3 8487 8866 8858
3 8868 8497 8867
3 8497 8860 8867
3 8497 8490 8860
3 8870 8869 8868
3 8870 8868 8867
3 8870 8861 8869
3 8861 8498 8869
3 8861 8491 8498
3 8872 8499 8871
3 8499 8862 8871
3 8499 8493 8862
3 8873 8872 8871
3 8876 8875 8874
3 8874 8875 8865
3 8863 8874 8865
3 8877 8874 8863
3 8878 8863 8866
3 8877 8863 8878
3 8501 8878 8495
3 8495 8878 8866
3 8879 8503 8868
3 8868 8503 8497
3 8880 8868 8869
3 8879 8868 8880
3 8504 8880 8498
3 8498 8880 8869
3 8881 8505 8872
3 8872 8505 8499
3 8872 8873 8882
3 8883 8872 8882
3 8881 8872 8883
3 8883 8882 8876
3 8874 8883 8876
3 8884 8883 8874
3 8885 8874 8877
3 8884 8874 8885
3 8508 8885 8507
3 8885 8878 8507
3 8885 8877 8878
3 8507 8878 8501
3 8886 8511 8879
3 8879 8511 8503
3 8887 8879 8880
3 8886 8879 8887
3 8512 8887 8504
3 8504 8887 8880
3 8881 8513 8505
3 8513 8881 8515
3 8881 8888 8515
3 8881 8883 8888
3 8889 8883 8884
3 8888 8883 8889
3 8890 8884 8885
3 8889 8884 8890
3 8517 8890 8508
3 8508 8890 8885
3 8891 8520 8886
3 8886 8520 8511
3 8892 8886 8887
3 8891 8886 8892
3 8521 8892 8512
3 8512 8892 8887
3 8893 8522 8888
3 8888 8522 8515
3 8894 8888 8889
3 8893 8888 8894
3 8525 8894 8524
3 8894 8890 8524
3 8894 8889 8890
3 8524 8890 8517
3 8895 8529 8891
3 8891 8529 8520
3 8896 8891 8892
3 8895 8891 8896
3 8530 8896 8521
3 8521 8896 8892
3 8893 8531 8522
3 8531 8893 8533
3 8893 8897 8533
3 8893 8894 8897
3 8535 8897 8525
3 8525 8897 8894
3 8898 8539 8895
3 8895 8539 8529
3 8899 8895 8896
3 8898 8895 8899
3 8540 8899 8530
3 8530 8899 8896
3 8900 8542 8897
3 8897 8542 8533
3 8544 8900 8535
3 8535 8900 8897
3 8901 8548 8898
3 8898 8548 8539
3 8902 8898 8899
3 8901 8898 8902
3 8549 8902 8540
3 8540 8902 8899
3 8903 8550 8551
3 8542 8900 8551
3 8900 8903 8551
3 8900 8904 8903
3 8552 8905 8544
3 8905 8900 8544
3 8905 8904 8900
3 8553 8906 8552
3 8552 8906 8905
3 8554 8906 8553
3 8907 8556 8557
3 8908 8907 8557
3 8908 8557 8548
3 8909 8908 8548
3 8901 8909 8548
3 8911 8910 8909
3 8901 8911 8909
3 8902 8911 8901
3 8558 8911 8549
3 8549 8911 8902
3 8903 8559 8550
3 8559 8903 8562
3 8562 8903 8904
3 8562 8904 8564
3 8564 8904 8905
3 8564 8905 8566
3 8566 8905 8906
3 8566 8906 8554
3 8907 8568 8556
3 8908 8912 8907
3 8912 8568 8907
3 8912 8571 8568
3 8911 8573 8910
3 8573 8912 8910
3 8573 8571 8912
3 8573 8911 8558
3 8913 8581 8582
3 8583 8914 8582
3 8582 8914 8913
3 8584 8915 8583
3 8583 8915 8914
3 8585 8916 8584
3 8584 8916 8915
3 8587 8916 8585
3 8917 8588 8589
3 8918 8917 8589
3 8918 8589 8581
3 8919 8918 8581
3 8913 8919 8581
3 8919 8913 8914
3 8919 8914 8920
3 8920 8914 8915
3 8920 8915 8921
3 8921 8915 8916
3 8921 8916 8922
3 8922 8916 8587
3 8590 8922 8587
3 8923 8922 8590
3 8590 8592 8923
3 8923 8592 8924
3 8926 8925 8917
3 8925 8588 8917
3 8925 8594 8588
3 8926 8917 8918
3 8927 8924 8592
3 8927 8592 8595
3 8929 8928 8596
3 8928 8595 8596
3 8928 8927 8595
3 8929 8930 8928
3 8931 8597 8598
3 8932 8931 8598
3 8594 8932 8598
3 8925 8932 8594
3 8599 8929 8596
3 8934 8933 8600
3 8600 8933 8599
3 8933 8930 8599
3 8930 8929 8599
3 8934 8935 8933
3 8936 8601 8931
3 8931 8601 8597
3 8931 8932 8937
3 8931 8937 8936
3 8603 8938 8604
3 8938 8605 8604
3 8606 8934 8600
3 8939 8935 8934
3 8606 8939 8934
3 8607 8939 8606
3 8941 8940 8608
3 8940 8607 8608
3 8940 8939 8607
3 8941 8942 8940
3 8943 8609 8936
3 8936 8609 8601
3 8936 8937 8944
3 8936 8944 8943
3 8946 8945 8938
3 8603 8946 8938
3 8611 8946 8603
3 8945 8948 8947
3 8945 8947 8612
3 8938 8945 8612
3 8605 8938 8612
3 8947 8613 8612
3 8614 8941 8608
3 8949 8942 8941
3 8614 8949 8941
3 8615 8949 8614
3 8951 8950 8617
3 8950 8615 8617
3 8950 8949 8615
3 8951 8952 8950
3 8943 8618 8609
3 8619 8618 8943
3 8944 8619 8943
3 8953 8619 8944
3 8620 8946 8611
3 8620 8954 8946
3 8948 8955 8947
3 8947 8955 8613
3 8955 8621 8613
3 8955 8956 8621
3 8958 8957 8622
3 8621 8958 8622
3 8956 8958 8621
3 8959 8957 8958
3 8623 8951 8617
3 8960 8952 8951
3 8623 8960 8951
3 8624 8960 8623
3 8961 8624 8626
3 8961 8960 8624
3 8962 8626 8627
3 8962 8961 8626
3 8627 8628 8962
3 8962 8628 8963
3 8953 8964 8619
3 8619 8964 8629
3 8631 8629 8964
3 8631 8964 8965
3 8966 8954 8620
3 8966 8620 8632
3 8632 8633 8966
3 8966 8633 8967
3 8957 8634 8622
3 8959 8968 8957
3 8968 8634 8957
3 8968 8635 8634
3 8636 8635 8968
3 8636 8968 8969
3 8970 8963 8628
3 8970 8628 8637
3 8637 8638 8970
3 8970 8638 8971
3 8965 8639 8631
3 8972 8639 8965
3 8973 8967 8633
3 8973 8633 8640
3 8640 8642 8973
3 8973 8642 8974
3 8976 8644 8975
3 8644 8969 8975
3 8644 8636 8969
3 8977 8976 8975
3 8978 8971 8638
3 8978 8638 8645
3 8645 8646 8978
3 8978 8646 8979
3 8972 8980 8639
3 8639 8980 8647
3 8648 8647 8980
3 8648 8980 8981
3 8649 8983 8982
3 8974 8649 8982
3 8642 8649 8974
3 8983 8984 8982
3 8976 8650 8644
3 8977 8985 8976
3 8985 8650 8976
3 8985 8651 8650
3 8652 8651 8985
3 8652 8985 8986
3 8987 8979 8646
3 8987 8646 8653
3 8653 8654 8987
3 8987 8654 8988
3 8981 8989 8648
3 8648 8989 8655
3 8656 8655 8989
3 8656 8989 8990
3 8657 8983 8649
3 8992 8991 8658
3 8658 8991 8657
3 8991 8984 8657
3 8984 8983 8657
3 8992 8993 8991
3 8986 8994 8652
3 8652 8994 8659
3 8661 8659 8994
3 8661 8994 8995
3 8662 8988 8654
3 8662 8996 8988
3 8990 8997 8656
3 8656 8997 8668
3 8670 8668 8997
3 8670 8997 8998
3 8671 8992 8658
3 8671 8673 8992
3 8673 8993 8992
3 8673 8999 8993
3 8995 9000 8661
3 8661 9000 8674
3 8674 9001 8675
3 9000 9001 8674
3 8675 9002 8676
3 9001 9002 8675
3 8676 9003 8677
3 9002 9003 8676
3 8678 8677 9003
3 8678 9003 9004
3 8662 8679 9005
3 9006 8662 9005
3 8996 8662 9006
3 8680 9005 8679
3 8998 8692 8670
3 9007 8692 8998
3 8694 8999 8673
3 8694 9008 8999
3 9004 9009 8678
3 8678 9009 8695
3 8696 8695 9009
3 8696 9009 9010
3 9011 9006 9005
3 9013 9011 9012
3 9012 9011 8697
3 9011 9005 8697
3 9005 8680 8697
3 8698 9012 8697
3 9014 8700 8701
3 8702 9014 8701
3 9015 8707 8708
3 9016 9015 8708
3 8692 9016 8708
3 9007 9016 8692
3 8709 9008 8694
3 8709 9017 9008
3 8710 8696 9018
3 8696 9019 9018
3 8696 9010 9019
3 9018 8711 8710
3 9020 9013 9012
3 9020 9012 8698
3 8712 9020 8698
3 9021 9020 8712
3 8712 8713 9021
3 9021 8713 9022
3 9025 9024 9023
3 9027 9026 9023
3 9023 9026 9025
3 9027 9028 9026
3 9014 8714 8700
3 8714 9014 8702
3 9029 8717 9015
3 9015 8717 8707
3 9015 9016 9030
3 9015 9030 9029
3 8709 8718 9031
3 9032 8709 9031
3 9017 8709 9032
3 8720 9031 8718
3 9019 9033 9018
3 9033 9035 9034
3 9033 9034 8722
3 9018 9033 8722
3 8711 9018 8722
3 9034 8723 8722
3 9036 9022 8713
3 9036 8713 8724
3 9037 8724 8725
3 9037 9036 8724
3 8726 9023 9024
3 9037 8726 9024
3 8725 8726 9037
3 9023 8726 8727
3 9023 8727 9027
3 8727 8728 9027
3 8728 9038 9027
3 9038 9028 9027
3 8728 9039 9038
3 8729 9039 8728
3 9041 9040 9029
3 9040 8717 9029
3 9040 8730 8717
3 9041 9029 9030
3 9032 9031 9042
3 9032 9042 9043
3 8731 9044 8720
3 9044 9031 8720
3 9044 9042 9031
3 8732 9044 8731
3 9035 9045 9034
3 9034 9045 8723
3 9045 8735 8723
3 9045 9046 8735
3 8737 8735 9046
3 8737 9046 9047
3 9038 9039 9048
3 9038 9048 9049
3 8739 9048 8729
3 8729 9048 9039
3 9040 9050 8730
3 8730 9050 8740
3 8741 8740 9050
3 8741 9050 9051
3 9043 9042 9052
3 9043 9052 9053
3 9054 9042 9044
3 9052 9042 9054
3 8743 9054 8732
3 8732 9054 9044
3 9047 9055 8737
3 8737 9055 8745
3 8747 8745 9055
3 8747 9055 9056
3 9059 9058 9057
3 9061 9060 9057
3 9061 9057 9058
3 9060 9061 9049
3 9060 9049 9048
3 8750 9060 9048
3 8749 8750 9048
3 8749 9048 8739
3 9051 8752 8741
3 9062 8752 9051
3 9063 9053 9052
3 9065 9064 9063
3 9052 9065 9063
3 9054 9065 9052
3 8754 9065 8743
3 8743 9065 9054
3 9056 9066 8747
3 8747 9066 8756
3 8756 9067 8757
3 9066 9067 8756
3 8757 9068 8758
3 9067 9068 8757
3 9057 8759 9059
3 8759 9068 9059
3 8759 8758 9068
3 8759 9057 8760
3 8760 9057 9060
3 8760 9060 8750
3 9062 8761 8752
3 9069 8761 9062
3 9064 9065 9070
3 9064 9070 9071
3 8762 9072 8754
3 9072 9065 8754
3 9072 9070 9065
3 8763 9072 8762
3 9075 9074 9073
3 9077 9076 9073
3 9073 9076 9075
3 9079 9078 9077
3 9077 9078 9076
3 9081 9080 9079
3 9079 9080 9078
3 9081 9082 9080
3 9069 9083 8761
3 8761 9083 8765
3 8766 8765 9083
3 8766 9083 9084
3 9085 9071 9070
3 9085 9070 9072
3 9085 9072 9086
3 9086 9072 8763
3 8767 9086 8763
3 9087 9086 8767
3 9088 8767 8768
3 9088 9087 8767
3 8769 9073 9074
3 9088 8769 9074
3 8768 8769 9088
3 9073 8769 8770
3 9073 8770 9077
3 9077 8770 8771
3 9077 8771 9079
3 9079 8771 8772
3 9079 8772 9081
3 9089 9082 9081
3 8772 9089 9081
3 8773 9089 8772
3 8773 8775 9089
3 9089 8775 9090
3 9084 8777 8766
3 9091 8777 9084
3 9092 9090 8775
3 9092 8775 8778
3 8778 8779 9092
3 9092 8779 9093
3 9091 9094 8777
3 8777 9094 8780
3 8782 8780 9094
3 8782 9094 9095
3 9096 9093 8779
3 9096 8779 8783
3 8783 8784 9096
3 9096 8784 9097
3 9095 9098 8782
3 8782 9098 8785
3 9098 9100 9099
3 8786 9098 9099
3 8785 9098 8786
3 9099 8788 8786
3 9103 9102 9101
3 9105 9104 9101
3 9105 9101 9102
3 9107 9106 9104
3 9107 9104 9105
3 8790 8791 9106
3 9107 8790 9106
3 9108 8790 9107
3 8790 9109 8792
3 9108 9109 8790
3 8793 8792 9109
3 8793 9109 9110
3 8794 9097 8784
3 8794 9111 9097
3 9100 9112 9099
3 9099 9112 8788
3 9112 8796 8788
3 9112 9113 8796
3 9115 9114 8798
3 8796 9115 8798
3 9113 9115 8796
3 9117 9116 9114
3 9117 9114 9115
3 9119 9118 9116
3 9119 9116 9117
3 9121 9120 9118
3 9121 9118 9119
3 9120 9121 9103
3 9101 9120 9103
3 9122 9120 9101
3 9123 9101 9104
3 9122 9101 9123
3 8800 9123 8799
3 9123 9106 8799
3 9123 9104 9106
3 8799 9106 8791
3 9110 8801 8793
3 9124 8801 9110
3 8802 9111 8794
3 8802 9125 9111
3 9126 8804 8805
3 8798 9114 8805
3 9114 9126 8805
3 9114 9127 9126
3 9116 9129 9128
3 9127 9116 9128
3 9114 9116 9127
3 9129 9116 9118
3 9129 9118 9130
3 9130 9118 9120
3 9130 9120 9131
3 9131 9120 9122
3 9131 9122 9132
3 9132 9122 9123
3 9132 9123 9133
3 9135 9133 9134
3 9134 9133 8806
3 9133 9123 8806
3 9123 8800 8806
3 8807 9134 8806
3 8808 8801 9136
3 8801 9137 9136
3 8801 9124 9137
3 9136 8809 8808
3 8810 9125 8802
3 8810 9138 9125
3 9139 8811 8812
3 9140 9139 8812
3 9140 8812 8804
3 9141 9140 8804
3 9126 9141 8804
3 9141 9126 9127
3 9141 9127 9142
3 9142 9127 9128
3 9135 9134 9143
3 9135 9143 9144
3 8813 9143 8807
3 8807 9143 9134
3 9136 9137 8815
3 9137 8814 8815
3 9137 9145 8814
3 9136 8815 8809
3 8816 9138 8810
3 8816 9146 9138
3 9147 8817 9139
3 9139 8817 8811
3 9139 9140 9148
3 9139 9148 9147
3 9149 9144 9143
3 9143 8813 9149
3 8813 9150 9149
3 8813 8820 9150
3 9153 9152 9151
3 9145 9153 9151
3 8821 9145 9151
3 8814 9145 8821
3 8822 9146 8816
3 8822 9154 9146
3 9155 8823 9147
3 9147 8823 8817
3 9147 9148 9156
3 9147 9156 9155
3 9159 9158 9157
3 9157 9158 9160
3 9150 9162 9161
3 9162 9150 8827
3 8820 8827 9150
3 9161 9162 9152
3 9152 9162 9151
3 9162 8829 9151
3 8829 8828 9151
3 9151 8828 8821
3 9164 9163 8831
3 9164 8831 8832
3 8822 8831 9154
3 9154 8831 9163
3 9155 8833 8823
3 8835 8833 9155
3 9156 8835 9155
3 9165 8835 9156
3 9166 9159 9157
3 8827 8837 9162
3 9157 9160 9166
3 9162 8837 8829
3 9169 9168 9167
3 9168 9164 9167
3 9164 8838 9167
3 9164 8832 8838
3 9171 8839 9170
3 8839 9165 9170
3 8839 8835 9165
3 9172 9171 9170
3 9175 9174 9173
3 9177 9176 9173
3 9177 9173 9174
3 9179 9178 9176
3 9179 9176 9177
3 9180 8841 8842
3 9181 9178 9179
3 8843 8841 9180
3 9184 9183 9182
3 9186 9185 9184
3 9186 9184 9182
3 9185 9186 9169
3 9185 9169 9167
3 8845 9185 9167
3 8844 8845 9167
3 8844 9167 8838
3 9187 8846 9171
3 9171 8846 8839
3 9171 9172 9188
3 9171 9188 9187
3 9175 9173 9189
3 9175 9189 9190
3 8849 9189 8848
3 9189 9176 8848
3 9189 9173 9176
3 8848 9176 8851
3 8851 9176 9178
3 9178 9181 8851
3 9181 9191 8851
3 9180 8842 8851
3 9180 8851 9191
3 8843 9180 8853
3 9191 8853 9180
3 8853 9191 9192
3 9183 9192 9191
3 9192 9183 9184
3 9193 9184 9185
3 9192 9184 9193
3 8854 9193 8845
3 8845 9193 9185
3 9187 8855 8846
3 9195 9194 8857
3 9195 8857 8855
3 9188 9195 8855
3 9187 9188 8855
3 9196 9194 9195
3 9190 9189 9197
3 9190 9197 9198
3 8859 9197 8849
3 8849 9197 9189
3 9199 8860 9192
3 9192 8860 8853
3 9200 9192 9193
3 9199 9192 9200
3 8861 9200 8854
3 8854 9200 9193
3 9201 8862 9194
3 9194 8862 8857
3 9194 9196 9202
3 9194 9202 9201
3 9205 9204 9203
3 9203 9204 9198
3 9203 9198 9197
3 8865 9203 9197
3 8864 8865 9197
3 8864 9197 8859
3 9199 8867 8860
3 8867 9199 8870
3 8870 9199 9200
3 8870 9200 8861
3 9201 8871 8862
3 9207 9206 8873
3 9207 8873 8871
3 9202 9207 8871
3 9201 9202 8871
3 9206 9207 9205
3 9206 9205 9203
3 8876 9206 9203
3 8875 8876 9203
3 8875 9203 8865
3 9206 8882 8873
3 8882 9206 8876
3 9208 8908 8909
3 8910 9208 8909
3 9208 8912 8908
3 8912 9208 8910
3 9209 8918 8919
3 8920 9210 8919
3 8919 9210 9209
3 9210 8920 9211
3 8920 9212 9211
3 8920 8921 9212
3 9213 8921 8922
3 9213 9212 8921
3 9214 8922 8923
3 9214 9213 8922
3 8923 8924 9214
3 9214 8924 9215
3 9216 8925 8926
3 8918 9209 8926
3 9209 9216 8926
3 9209 9217 9216
3 9210 9219 9218
3 9217 9210 9218
3 9209 9210 9217
3 9219 9210 9211
3 9220 9215 8924
3 9220 8924 8927
3 9221 8927 8928
3 9221 9220 8927
3 8928 8930 9221
3 9221 8930 9222
3 9223 8932 9216
3 9216 8932 8925
3 9217 9225 9224
3 9223 9217 9224
3 9216 9217 9223
3 9225 9217 9218
3 9226 9222 8930
3 9226 8930 8933
3 8933 8935 9226
3 9226 8935 9227
3 9229 9228 9223
3 9228 8932 9223
3 9228 8937 8932
3 9229 9223 9224
3 9230 9227 8935
3 9230 8935 8939
3 9231 8939 8940
3 9231 9230 8939
3 8940 8942 9231
3 9231 8942 9232
3 9228 8944 8937
3 9233 8944 9228
3 8946 9234 8945
3 9234 8948 8945
3 9235 9232 8942
3 9235 8942 8949
3 9236 8949 8950
3 9236 9235 8949
3 9238 9237 8952
3 9237 8950 8952
3 9237 9236 8950
3 9238 9239 9237
3 9241 8953 9240
3 8953 9233 9240
3 8953 8944 9233
3 9242 9241 9240
3 8954 9243 9234
3 8954 9234 8946
3 9234 9243 8948
3 9243 9244 8948
3 9244 8955 8948
3 9243 9245 9244
3 8955 9246 8956
3 9244 9246 8955
3 8956 9247 8958
3 9246 9247 8956
3 8959 8958 9247
3 8959 9247 9248
3 8960 9238 8952
3 9249 9239 9238
3 8960 9249 9238
3 8961 9249 8960
3 9250 8961 8962
3 9250 9249 8961
3 8962 8963 9250
3 9250 8963 9251
3 9241 8964 8953
3 8965 8964 9241
3 9242 8965 9241
3 9252 8965 9242
3 8966 9243 8954
3 8966 8967 9243
3 8967 9245 9243
3 8967 9253 9245
3 9248 9254 8959
3 8959 9254 8968
3 8969 8968 9254
3 8969 9254 9255
3 9256 9251 8963
3 9256 8963 8970
3 8970 8971 9256
3 9256 8971 9257
3 9252 8972 8965
3 9258 8972 9252
3 9259 9253 8967
3 9259 8967 8973
3 8973 8974 9259
3 9259 8974 9260
3 9255 9261 8969
3 8969 9261 8975
3 8977 8975 9261
3 8977 9261 9262
3 9263 9257 8971
3 9263 8971 8978
3 8978 8979 9263
3 9263 8979 9264
3 9258 9265 8972
3 8972 9265 8980
3 8981 8980 9265
3 8981 9265 9266
3 9267 9260 8974
3 9267 8974 8982
3 8982 8984 9267
3 9267 8984 9268
3 9262 9269 8977
3 8977 9269 8985
3 8986 8985 9269
3 8986 9269 9270
3 8979 8987 9271
3 9272 8979 9271
3 9264 8979 9272
3 8988 9271 8987
3 9266 9273 8981
3 8981 9273 8989
3 8990 8989 9273
3 8990 9273 9274
3 9275 9268 8984
3 9275 8984 8991
3 8991 8993 9275
3 9275 8993 9276
3 9270 9277 8986
3 8986 9277 8994
3 9279 9278 8995
3 8994 9279 8995
3 9277 9279 8994
3 9281 9280 9278
3 9281 9278 9279
3 9283 9282 9280
3 9283 9280 9281
3 9284 9282 9283
3 9285 9272 9271
3 9271 8988 9285
3 8988 9286 9285
3 8988 8996 9286
3 9274 9287 8990
3 8990 9287 8997
3 8998 8997 9287
3 8998 9287 9288
3 8999 9290 9289
3 9276 8999 9289
3 8993 8999 9276
3 9290 9291 9289
3 9278 9000 8995
3 9000 9278 9001
3 9001 9278 9280
3 9001 9280 9002
3 9002 9280 9282
3 9284 9292 9282
3 9292 9002 9282
3 9292 9003 9002
3 9004 9003 9292
3 9004 9292 9293
3 9006 9286 8996
3 9006 9294 9286
3 9296 9007 9295
3 9007 9288 9295
3 9007 8998 9288
3 9297 9296 9295
3 9008 9298 9290
3 9008 9290 8999
3 9291 9290 9299
3 9299 9290 9298
3 9009 9004 9300
3 9004 9301 9300
3 9004 9293 9301
3 9300 9010 9009
3 9302 9294 9006
3 9302 9006 9011
3 9011 9013 9302
3 9302 9013 9303
3 9305 9304 9296
3 9304 9007 9296
3 9304 9016 9007
3 9305 9296 9297
3 9017 9306 9298
3 9017 9298 9008
3 9299 9298 9307
3 9307 9298 9306
3 9301 9308 9300
3 9010 9300 9308
3 9309 9010 9308
3 9019 9010 9309
3 9310 9303 9013
3 9310 9013 9020
3 9311 9020 9021
3 9311 9310 9020
3 9313 9312 9022
3 9312 9021 9022
3 9312 9311 9021
3 9315 9314 9313
3 9313 9314 9312
3 9024 9025 9315
3 9025 9314 9315
3 9025 9316 9314
3 9318 9316 9317
3 9316 9026 9317
3 9316 9025 9026
3 9028 9317 9026
3 9304 9030 9016
3 9319 9030 9304
3 9321 9320 9306
3 9017 9321 9306
3 9032 9321 9017
3 9306 9320 9307
3 9309 9322 9019
3 9019 9322 9033
3 9035 9033 9322
3 9035 9322 9323
3 9036 9313 9022
3 9313 9036 9037
3 9313 9037 9315
3 9315 9037 9024
3 9318 9317 9324
3 9318 9324 9325
3 9038 9324 9028
3 9028 9324 9317
3 9326 9040 9041
3 9327 9326 9041
3 9030 9327 9041
3 9319 9327 9030
3 9043 9321 9032
3 9043 9328 9321
3 9323 9329 9035
3 9035 9329 9045
3 9045 9330 9046
3 9329 9330 9045
3 9047 9046 9330
3 9047 9330 9331
3 9325 9324 9332
3 9325 9332 9333
3 9049 9332 9038
3 9038 9332 9324
3 9326 9050 9040
3 9051 9050 9326
3 9327 9051 9326
3 9334 9051 9327
3 9053 9328 9043
3 9053 9335 9328
3 9331 9336 9047
3 9047 9336 9055
3 9338 9337 9056
3 9055 9338 9056
3 9336 9338 9055
3 9340 9339 9337
3 9340 9337 9338
3 9342 9341 9339
3 9342 9339 9340
3 9058 9059 9341
3 9342 9058 9341
3 9343 9058 9342
3 9332 9061 9333
3 9061 9343 9333
3 9061 9058 9343
3 9061 9332 9049
3 9334 9062 9051
3 9344 9062 9334
3 9053 9063 9345
3 9346 9053 9345
3 9335 9053 9346
3 9064 9345 9063
3 9349 9348 9347
3 9351 9350 9347
3 9347 9350 9349
3 9353 9352 9351
3 9351 9352 9350
3 9355 9354 9353
3 9353 9354 9352
3 9355 9356 9354
3 9337 9066 9056
3 9066 9337 9067
3 9067 9337 9339
3 9067 9339 9068
3 9068 9339 9341
3 9068 9341 9059
3 9344 9069 9062
3 9357 9069 9344
3 9358 9346 9345
3 9345 9064 9358
3 9064 9359 9358
3 9064 9071 9359
3 9362 9361 9360
3 9364 9363 9360
3 9360 9363 9362
3 9363 9364 9348
3 9364 9347 9348
3 9364 9365 9347
3 9365 9074 9075
3 9351 9365 9075
3 9347 9365 9351
3 9351 9075 9076
3 9351 9076 9353
3 9353 9076 9078
3 9353 9078 9355
3 9366 9356 9355
3 9078 9366 9355
3 9080 9366 9078
3 9080 9082 9366
3 9366 9082 9367
3 9357 9368 9069
3 9069 9368 9083
3 9084 9083 9368
3 9084 9368 9369
3 9370 9359 9071
3 9370 9071 9085
3 9086 9360 9361
3 9370 9086 9361
3 9085 9086 9370
3 9360 9086 9087
3 9360 9087 9364
3 9364 9087 9088
3 9364 9088 9365
3 9365 9088 9074
3 9371 9367 9082
3 9371 9082 9089
3 9089 9090 9371
3 9371 9090 9372
3 9369 9091 9084
3 9373 9091 9369
3 9374 9372 9090
3 9374 9090 9092
3 9092 9093 9374
3 9374 9093 9375
3 9373 9376 9091
3 9091 9376 9094
3 9095 9094 9376
3 9095 9376 9377
3 9380 9379 9378
3 9382 9381 9378
3 9382 9378 9379
3 9384 9383 9381
3 9384 9381 9382
3 9385 9383 9384
3 9386 9375 9093
3 9386 9093 9096
3 9096 9097 9386
3 9386 9097 9387
3 9377 9388 9095
3 9095 9388 9098
3 9390 9389 9100
3 9098 9390 9100
3 9388 9390 9098
3 9391 9389 9390
3 9394 9393 9392
3 9102 9103 9392
3 9393 9102 9392
3 9395 9102 9393
3 9378 9105 9380
3 9105 9395 9380
3 9105 9102 9395
3 9105 9378 9107
3 9107 9378 9381
3 9107 9381 9108
3 9108 9381 9383
3 9385 9396 9383
3 9396 9108 9383
3 9396 9109 9108
3 9110 9109 9396
3 9110 9396 9397
3 9111 9387 9097
3 9111 9398 9387
3 9389 9112 9100
3 9391 9399 9389
3 9399 9112 9389
3 9399 9113 9112
3 9113 9400 9115
3 9399 9400 9113
3 9115 9401 9117
3 9400 9401 9115
3 9117 9402 9119
3 9401 9402 9117
3 9392 9121 9394
3 9121 9402 9394
3 9121 9119 9402
3 9121 9392 9103
3 9397 9124 9110
3 9403 9124 9397
3 9125 9398 9111
3 9125 9404 9398
3 9405 9128 9129
3 9130 9406 9129
3 9129 9406 9405
3 9131 9407 9130
3 9130 9407 9406
3 9407 9131 9408
3 9131 9409 9408
3 9131 9132 9409
3 9410 9132 9133
3 9410 9409 9132
3 9133 9135 9410
3 9410 9135 9411
3 9403 9137 9124
3 9412 9137 9403
3 9138 9404 9125
3 9138 9413 9404
3 9414 9140 9141
3 9142 9415 9141
3 9141 9415 9414
3 9416 9415 9142
3 9416 9142 9128
3 9417 9416 9128
3 9405 9417 9128
3 9417 9405 9406
3 9417 9406 9418
3 9418 9406 9407
3 9418 9407 9419
3 9419 9407 9408
3 9144 9411 9135
3 9144 9420 9411
3 9423 9422 9421
3 9412 9423 9421
3 9145 9412 9421
3 9137 9412 9145
3 9146 9413 9138
3 9146 9424 9413
3 9425 9148 9414
3 9414 9148 9140
3 9415 9427 9426
3 9425 9415 9426
3 9414 9415 9425
3 9427 9415 9416
3 9428 9420 9144
3 9428 9144 9149
3 9430 9429 9150
3 9429 9149 9150
3 9429 9428 9149
3 9431 9153 9421
3 9153 9431 9152
3 9430 9152 9431
3 9432 9430 9431
3 9430 9432 9429
3 9433 9429 9432
3 9429 9433 9422
3 9421 9422 9433
3 9431 9421 9433
3 9435 9434 9433
3 9435 9421 9434
3 9421 9435 9145
3 9436 9145 9435
3 9145 9436 9153
3 9434 9153 9436
3 9436 9431 9434
3 9434 9431 9433
3 9421 9153 9434
3 9438 9437 9436
3 9438 9436 9435
3 9438 9424 9437
3 9424 9154 9437
3 9424 9146 9154
3 9439 9156 9425
3 9425 9156 9148
3 9425 9426 9440
3 9425 9440 9439
3 9443 9442 9441
3 9445 9444 9441
3 9445 9441 9442
3 9446 9158 9159
3 9447 9444 9445
3 9450 9449 9448
3 9446 9160 9158
3 9430 9150 9161
3 9430 9161 9152
3 9448 9432 9450
3 9431 9450 9432
3 9450 9431 9451
3 9452 9431 9436
3 9451 9431 9452
3 9164 9452 9163
3 9452 9437 9163
3 9452 9436 9437
3 9163 9437 9154
3 9453 9165 9439
3 9439 9165 9156
3 9439 9440 9454
3 9439 9454 9453
3 9457 9456 9455
3 9459 9458 9455
3 9459 9455 9456
3 9458 9459 9443
3 9441 9458 9443
3 9460 9458 9441
3 9461 9441 9444
3 9460 9441 9461
3 9446 9159 9166
3 9447 9462 9444
3 9463 9444 9462
3 9444 9463 9461
3 9446 9166 9160
3 9462 9449 9463
3 9450 9463 9449
3 9463 9450 9464
3 9465 9450 9451
3 9464 9450 9465
3 9169 9465 9168
3 9465 9452 9168
3 9465 9451 9452
3 9168 9452 9164
3 9453 9170 9165
3 9467 9466 9172
3 9467 9172 9170
3 9454 9467 9170
3 9453 9454 9170
3 9468 9466 9467
3 9457 9455 9469
3 9457 9469 9470
3 9175 9469 9174
3 9469 9458 9174
3 9469 9455 9458
3 9174 9458 9177
3 9177 9458 9460
3 9177 9460 9179
3 9179 9460 9461
3 9179 9461 9181
3 9461 9471 9181
3 9461 9463 9471
3 9183 9471 9182
3 9471 9464 9182
3 9471 9463 9464
3 9182 9464 9186
3 9186 9464 9465
3 9186 9465 9169
3 9472 9188 9466
3 9466 9188 9172
3 9466 9468 9473
3 9474 9466 9473
3 9472 9466 9474
3 9474 9473 9470
3 9469 9474 9470
3 9475 9474 9469
3 9190 9475 9175
3 9175 9475 9469
3 9471 9191 9181
3 9191 9471 9183
3 9472 9195 9188
3 9195 9472 9196
3 9472 9476 9196
3 9472 9474 9476
3 9477 9474 9475
3 9476 9474 9477
3 9198 9477 9190
3 9190 9477 9475
3 9478 9202 9476
3 9476 9202 9196
3 9205 9478 9204
3 9478 9477 9204
3 9478 9476 9477
3 9204 9477 9198
3 9478 9207 9202
3 9207 9478 9205
3 9479 9211 9212
3 9213 9480 9212
3 9212 9480 9479
3 9214 9481 9213
3 9213 9481 9480
3 9215 9481 9214
3 9482 9218 9219
3 9211 9479 9219
3 9479 9482 9219
3 9479 9483 9482
3 9480 9485 9484
3 9483 9480 9484
3 9479 9480 9483
3 9485 9480 9481
3 9485 9481 9486
3 9486 9481 9215
3 9220 9486 9215
3 9487 9486 9220
3 9488 9220 9221
3 9488 9487 9220
3 9221 9222 9488
3 9488 9222 9489
3 9490 9224 9225
3 9491 9490 9225
3 9491 9225 9218
3 9492 9491 9218
3 9482 9492 9218
3 9492 9482 9483
3 9492 9483 9493
3 9493 9483 9484
3 9494 9489 9222
3 9494 9222 9226
3 9496 9495 9227
3 9495 9226 9227
3 9495 9494 9226
3 9496 9497 9495
3 9498 9228 9229
3 9499 9498 9229
3 9499 9229 9224
3 9500 9499 9224
3 9490 9500 9224
3 9500 9490 9491
3 9230 9496 9227
3 9501 9497 9496
3 9230 9501 9496
3 9231 9501 9230
3 9503 9502 9232
3 9502 9231 9232
3 9502 9501 9231
3 9503 9504 9502
3 9505 9233 9498
3 9498 9233 9228
3 9498 9499 9506
3 9498 9506 9505
3 9235 9503 9232
3 9507 9504 9503
3 9235 9507 9503
3 9236 9507 9235
3 9508 9236 9237
3 9508 9507 9236
3 9510 9509 9239
3 9509 9237 9239
3 9509 9508 9237
3 9510 9511 9509
3 9505 9240 9233
3 9242 9240 9505
3 9506 9242 9505
3 9512 9242 9506
3 9245 9513 9244
3 9244 9513 9514
3 9515 9244 9514
3 9246 9244 9515
3 9246 9516 9247
3 9515 9516 9246
3 9518 9517 9248
3 9247 9518 9248
3 9516 9518 9247
3 9519 9517 9518
3 9249 9510 9239
3 9520 9511 9510
3 9249 9520 9510
3 9250 9520 9249
3 9250 9251 9520
3 9520 9251 9521
3 9512 9252 9242
3 9522 9252 9512
3 9253 9523 9513
3 9253 9513 9245
3 9514 9513 9524
3 9524 9513 9523
3 9517 9254 9248
3 9526 9525 9255
3 9526 9255 9254
3 9519 9526 9254
3 9517 9519 9254
3 9527 9525 9526
3 9528 9521 9251
3 9528 9251 9256
3 9256 9257 9528
3 9528 9257 9529
3 9531 9258 9530
3 9258 9522 9530
3 9258 9252 9522
3 9532 9531 9530
3 9259 9523 9253
3 9534 9533 9260
3 9260 9533 9259
3 9533 9524 9259
3 9524 9523 9259
3 9534 9535 9533
3 9525 9261 9255
3 9537 9536 9262
3 9537 9262 9261
3 9527 9537 9261
3 9525 9527 9261
3 9538 9536 9537
3 9539 9529 9257
3 9539 9257 9263
3 9263 9264 9539
3 9539 9264 9540
3 9531 9265 9258
3 9266 9265 9531
3 9532 9266 9531
3 9541 9266 9532
3 9267 9534 9260
3 9543 9542 9268
3 9268 9542 9267
3 9542 9535 9267
3 9535 9534 9267
3 9543 9544 9542
3 9536 9269 9262
3 9546 9545 9270
3 9546 9270 9269
3 9538 9546 9269
3 9536 9538 9269
3 9547 9545 9546
3 9272 9540 9264
3 9272 9548 9540
3 9541 9549 9266
3 9266 9549 9273
3 9274 9273 9549
3 9274 9549 9550
3 9275 9543 9268
3 9552 9551 9276
3 9276 9551 9275
3 9551 9544 9275
3 9544 9543 9275
3 9552 9553 9551
3 9545 9277 9270
3 9547 9554 9545
3 9554 9277 9545
3 9554 9279 9277
3 9279 9555 9281
3 9554 9555 9279
3 9281 9556 9283
3 9555 9556 9281
3 9284 9283 9556
3 9284 9556 9557
3 9272 9285 9558
3 9559 9272 9558
3 9548 9272 9559
3 9286 9558 9285
3 9550 9560 9274
3 9274 9560 9287
3 9288 9287 9560
3 9288 9560 9561
3 9289 9552 9276
3 9289 9291 9552
3 9291 9553 9552
3 9291 9562 9553
3 9292 9284 9563
3 9284 9564 9563
3 9284 9557 9564
3 9563 9293 9292
3 9565 9559 9558
3 9558 9286 9565
3 9286 9566 9565
3 9286 9294 9566
3 9561 9567 9288
3 9288 9567 9295
3 9297 9295 9567
3 9297 9567 9568
3 9299 9562 9291
3 9299 9569 9562
3 9564 9570 9563
3 9293 9563 9570
3 9571 9293 9570
3 9301 9293 9571
3 9572 9566 9294
3 9572 9294 9302
3 9574 9573 9303
3 9573 9302 9303
3 9573 9572 9302
3 9576 9575 9574
3 9574 9575 9573
3 9578 9577 9576
3 9576 9577 9575
3 9580 9579 9578
3 9578 9579 9577
3 9582 9581 9580
3 9580 9581 9579
3 9582 9583 9581
3 9584 9304 9305
3 9585 9584 9305
3 9297 9585 9305
3 9568 9585 9297
3 9307 9569 9299
3 9307 9586 9569
3 9571 9587 9301
3 9301 9587 9308
3 9309 9308 9587
3 9309 9587 9588
3 9310 9574 9303
3 9574 9310 9311
3 9574 9311 9576
3 9576 9311 9312
3 9576 9312 9578
3 9578 9312 9314
3 9578 9314 9580
3 9316 9589 9314
3 9589 9590 9314
3 9591 9314 9590
3 9314 9591 9580
3 9592 9580 9591
3 9580 9592 9589
3 9589 9582 9580
3 9316 9582 9589
3 9589 9592 9590
3 9590 9592 9318
3 9592 9583 9318
3 9582 9316 9318
3 9582 9318 9583
3 9594 9593 9584
3 9593 9304 9584
3 9593 9319 9304
3 9594 9584 9585
3 9596 9595 9320
3 9596 9320 9321
3 9307 9320 9586
3 9586 9320 9595
3 9588 9597 9309
3 9309 9597 9322
3 9323 9322 9597
3 9323 9597 9598
3 9591 9590 9599
3 9591 9599 9600
3 9325 9599 9318
3 9318 9599 9590
3 9593 9327 9319
3 9601 9327 9593
3 9328 9596 9321
3 9328 9602 9596
3 9598 9603 9323
3 9323 9603 9329
3 9329 9604 9330
3 9603 9604 9329
3 9331 9330 9604
3 9331 9604 9605
3 9608 9607 9606
3 9606 9607 9600
3 9599 9606 9600
3 9609 9606 9599
3 9333 9609 9325
3 9325 9609 9599
3 9601 9334 9327
3 9610 9334 9601
3 9335 9602 9328
3 9335 9611 9602
3 9614 9613 9612
3 9616 9615 9612
3 9612 9615 9614
3 9618 9617 9616
3 9616 9617 9615
3 9620 9619 9618
3 9618 9619 9617
3 9620 9621 9619
3 9605 9622 9331
3 9331 9622 9336
3 9336 9623 9338
3 9622 9623 9336
3 9338 9624 9340
3 9623 9624 9338
3 9606 9342 9608
3 9342 9624 9608
3 9342 9340 9624
3 9342 9606 9343
3 9343 9606 9609
3 9343 9609 9333
3 9610 9344 9334
3 9625 9344 9610
3 9346 9611 9335
3 9346 9626 9611
3 9629 9628 9627
3 9629 9627 9613
3 9627 9612 9613
3 9627 9630 9612
3 9630 9348 9349
3 9616 9630 9349
3 9612 9630 9616
3 9616 9349 9350
3 9616 9350 9618
3 9618 9350 9352
3 9618 9352 9620
3 9631 9621 9620
3 9352 9631 9620
3 9354 9631 9352
3 9354 9356 9631
3 9631 9356 9632
3 9625 9357 9344
3 9633 9357 9625
3 9634 9626 9346
3 9634 9346 9358
3 9636 9635 9359
3 9635 9358 9359
3 9635 9634 9358
3 9635 9636 9628
3 9628 9636 9627
3 9636 9361 9627
3 9361 9362 9627
3 9627 9362 9363
3 9627 9363 9630
3 9630 9363 9348
3 9637 9632 9356
3 9637 9356 9366
3 9366 9367 9637
3 9637 9367 9638
3 9633 9639 9357
3 9357 9639 9368
3 9369 9368 9639
3 9369 9639 9640
3 9370 9636 9359
3 9636 9370 9361
3 9641 9638 9367
3 9641 9367 9371
3 9371 9372 9641
3 9641 9372 9642
3 9644 9373 9643
3 9373 9640 9643
3 9373 9369 9640
3 9645 9644 9643
3 9648 9647 9646
3 9649 9646 9647
3 9650 9642 9372
3 9650 9372 9374
3 9374 9375 9650
3 9650 9375 9651
3 9644 9376 9373
3 9377 9376 9644
3 9645 9377 9644
3 9652 9377 9645
3 9655 9654 9653
3 9379 9380 9653
3 9654 9379 9653
3 9656 9379 9654
3 9646 9382 9648
3 9382 9656 9648
3 9382 9379 9656
3 9649 9657 9646
3 9657 9382 9646
3 9657 9384 9382
3 9385 9384 9657
3 9385 9657 9658
3 9375 9386 9659
3 9660 9375 9659
3 9651 9375 9660
3 9387 9659 9386
3 9652 9661 9377
3 9377 9661 9388
3 9388 9662 9390
3 9661 9662 9388
3 9664 9663 9391
3 9390 9664 9391
3 9662 9664 9390
3 9665 9663 9664
3 9668 9667 9666
3 9670 9669 9666
3 9670 9666 9667
3 9393 9394 9669
3 9670 9393 9669
3 9671 9393 9670
3 9653 9395 9655
3 9395 9671 9655
3 9395 9393 9671
3 9395 9653 9380
3 9396 9385 9672
3 9385 9673 9672
3 9385 9658 9673
3 9672 9397 9396
3 9674 9660 9659
3 9659 9387 9674
3 9387 9675 9674
3 9387 9398 9675
3 9663 9399 9391
3 9665 9676 9663
3 9676 9399 9663
3 9676 9400 9399
3 9666 9401 9668
3 9401 9676 9668
3 9401 9400 9676
3 9401 9666 9402
3 9402 9666 9669
3 9402 9669 9394
3 9672 9673 9677
3 9677 9673 9678
3 9677 9403 9397
3 9677 9397 9672
3 9404 9675 9398
3 9404 9679 9675
3 9681 9680 9409
3 9409 9680 9408
3 9683 9681 9682
3 9681 9410 9682
3 9681 9409 9410
3 9411 9682 9410
3 9678 9684 9677
3 9412 9403 9677
3 9685 9412 9677
3 9684 9685 9677
3 9412 9685 9686
3 9687 9686 9685
3 9413 9679 9404
3 9413 9688 9679
3 9689 9416 9417
3 9689 9417 9690
3 9417 9691 9690
3 9417 9418 9691
3 9692 9418 9419
3 9692 9691 9418
3 9419 9408 9680
3 9419 9680 9692
3 9683 9682 9693
3 9683 9693 9694
3 9420 9693 9411
3 9411 9693 9682
3 9695 9422 9423
3 9412 9686 9423
3 9686 9695 9423
3 9686 9696 9695
3 9686 9687 9697
3 9698 9686 9697
3 9696 9686 9698
3 9697 9688 9698
3 9688 9424 9698
3 9688 9413 9424
3 9699 9426 9427
3 9700 9699 9427
3 9700 9427 9416
3 9701 9700 9416
3 9689 9701 9416
3 9701 9689 9690
3 9694 9693 9702
3 9694 9702 9703
3 9428 9704 9420
3 9704 9693 9420
3 9704 9702 9693
3 9429 9705 9428
3 9428 9705 9704
3 9429 9422 9705
3 9422 9695 9705
3 9433 9432 9705
3 9433 9705 9695
3 9433 9695 9435
3 9435 9695 9696
3 9435 9696 9438
3 9438 9696 9698
3 9438 9698 9424
3 9706 9440 9699
3 9699 9440 9426
3 9699 9700 9707
3 9708 9699 9707
3 9706 9699 9708
3 9710 9709 9708
3 9710 9708 9707
3 9712 9711 9709
3 9712 9709 9710
3 9442 9443 9711
3 9712 9442 9711
3 9713 9442 9712
3 9702 9445 9703
3 9445 9713 9703
3 9445 9442 9713
3 9445 9702 9447
3 9702 9714 9447
3 9702 9704 9714
3 9449 9714 9448
3 9714 9705 9448
3 9714 9704 9705
3 9448 9705 9432
3 9715 9454 9706
3 9706 9454 9440
3 9716 9706 9708
3 9715 9706 9716
3 9457 9716 9456
3 9716 9709 9456
3 9716 9708 9709
3 9456 9709 9459
3 9459 9709 9711
3 9459 9711 9443
3 9714 9462 9447
3 9462 9714 9449
3 9715 9467 9454
3 9467 9715 9468
3 9715 9717 9468
3 9715 9716 9717
3 9470 9717 9457
3 9457 9717 9716
3 9717 9473 9468
3 9473 9717 9470
3 9718 9484 9485
3 9718 9485 9719
3 9485 9720 9719
3 9485 9486 9720
3 9721 9486 9487
3 9721 9720 9486
3 9722 9487 9488
3 9722 9721 9487
3 9488 9489 9722
3 9722 9489 9723
3 9724 9491 9492
3 9724 9492 9725
3 9492 9726 9725
3 9492 9493 9726
3 9493 9484 9718
3 9727 9493 9718
3 9726 9493 9727
3 9727 9718 9719
3 9728 9723 9489
3 9728 9489 9494
3 9729 9494 9495
3 9729 9728 9494
3 9495 9497 9729
3 9729 9497 9730
3 9731 9499 9500
3 9732 9731 9500
3 9732 9500 9491
3 9733 9732 9491
3 9724 9733 9491
3 9733 9724 9725
3 9734 9730 9497
3 9734 9497 9501
3 9735 9501 9502
3 9735 9734 9501
3 9737 9736 9504
3 9736 9502 9504
3 9736 9735 9502
3 9737 9738 9736
3 9739 9506 9731
3 9731 9506 9499
3 9731 9732 9740
3 9731 9740 9739
3 9507 9737 9504
3 9741 9738 9737
3 9507 9741 9737
3 9508 9741 9507
3 9742 9508 9509
3 9742 9741 9508
3 9509 9511 9742
3 9742 9511 9743
3 9744 9512 9739
3 9739 9512 9506
3 9739 9740 9745
3 9739 9745 9744
3 9747 9746 9515
3 9747 9515 9514
3 9515 9748 9516
3 9746 9748 9515
3 9516 9749 9518
3 9748 9749 9516
3 9519 9518 9749
3 9519 9749 9750
3 9751 9743 9511
3 9751 9511 9520
3 9520 9521 9751
3 9751 9521 9752
3 9753 9522 9744
3 9744 9522 9512
3 9744 9745 9754
3 9744 9754 9753
3 9524 9747 9514
3 9524 9755 9747
3 9750 9756 9519
3 9519 9756 9526
3 9758 9757 9527
3 9526 9758 9527
3 9756 9758 9526
3 9759 9757 9758
3 9760 9752 9521
3 9760 9521 9528
3 9528 9529 9760
3 9760 9529 9761
3 9753 9530 9522
3 9532 9530 9753
3 9754 9532 9753
3 9762 9532 9754
3 9763 9755 9524
3 9763 9524 9533
3 9533 9535 9763
3 9763 9535 9764
3 9757 9537 9527
3 9766 9765 9538
3 9766 9538 9537
3 9759 9766 9537
3 9757 9759 9537
3 9767 9765 9766
3 9529 9539 9768
3 9769 9529 9768
3 9761 9529 9769
3 9540 9768 9539
3 9771 9541 9770
3 9541 9762 9770
3 9541 9532 9762
3 9772 9771 9770
3 9773 9764 9535
3 9773 9535 9542
3 9542 9544 9773
3 9773 9544 9774
3 9765 9546 9538
3 9776 9775 9547
3 9776 9547 9546
3 9767 9776 9546
3 9765 9767 9546
3 9777 9775 9776
3 9778 9769 9768
3 9768 9540 9778
3 9540 9779 9778
3 9540 9548 9779
3 9771 9549 9541
3 9781 9780 9550
3 9781 9550 9549
3 9772 9781 9549
3 9771 9772 9549
3 9782 9780 9781
3 9783 9774 9544
3 9783 9544 9551
3 9551 9553 9783
3 9783 9553 9784
3 9775 9554 9547
3 9777 9785 9775
3 9785 9554 9775
3 9785 9555 9554
3 9555 9786 9556
3 9785 9786 9555
3 9557 9556 9786
3 9557 9786 9787
3 9559 9779 9548
3 9559 9788 9779
3 9780 9560 9550
3 9561 9560 9780
3 9782 9561 9780
3 9789 9561 9782
3 9562 9791 9790
3 9784 9562 9790
3 9553 9562 9784
3 9791 9792 9790
3 9787 9564 9557
3 9793 9564 9787
3 9794 9788 9559
3 9794 9559 9565
3 9565 9566 9794
3 9794 9566 9795
3 9789 9796 9561
3 9561 9796 9567
3 9798 9797 9568
3 9567 9798 9568
3 9796 9798 9567
3 9799 9797 9798
3 9801 9800 9791
3 9562 9801 9791
3 9569 9801 9562
3 9791 9800 9792
3 9793 9802 9564
3 9564 9802 9570
3 9571 9570 9802
3 9571 9802 9803
3 9804 9795 9566
3 9804 9566 9572
3 9805 9572 9573
3 9805 9804 9572
3 9806 9573 9575
3 9806 9805 9573
3 9807 9575 9577
3 9807 9806 9575
3 9808 9577 9579
3 9808 9807 9577
3 9810 9808 9809
3 9808 9581 9809
3 9808 9579 9581
3 9583 9809 9581
3 9812 9811 9797
3 9811 9568 9797
3 9811 9585 9568
3 9812 9797 9799
3 9586 9801 9569
3 9586 9813 9801
3 9803 9814 9571
3 9571 9814 9587
3 9588 9587 9814
3 9588 9814 9815
3 9810 9809 9592
3 9591 9810 9592
3 9816 9810 9591
3 9592 9809 9583
3 9818 9817 9594
3 9594 9817 9593
3 9594 9585 9811
3 9594 9811 9818
3 9820 9819 9595
3 9820 9595 9596
3 9586 9595 9813
3 9813 9595 9819
3 9815 9821 9588
3 9588 9821 9597
3 9598 9597 9821
3 9598 9821 9822
3 9825 9824 9823
3 9824 9816 9823
3 9816 9600 9823
3 9816 9591 9600
3 9817 9601 9593
3 9826 9601 9817
3 9602 9820 9596
3 9602 9827 9820
3 9830 9829 9828
3 9832 9831 9828
3 9828 9831 9830
3 9834 9833 9832
3 9832 9833 9831
3 9836 9835 9834
3 9834 9835 9833
3 9836 9837 9835
3 9822 9838 9598
3 9598 9838 9603
3 9603 9839 9604
3 9838 9839 9603
3 9841 9840 9605
3 9604 9841 9605
3 9839 9841 9604
3 9843 9842 9840
3 9843 9840 9841
3 9845 9844 9842
3 9845 9842 9843
3 9844 9845 9825
3 9844 9825 9823
3 9608 9844 9823
3 9607 9608 9823
3 9607 9823 9600
3 9826 9610 9601
3 9846 9610 9826
3 9611 9827 9602
3 9611 9847 9827
3 9828 9829 9848
3 9848 9829 9849
3 9848 9613 9614
3 9832 9848 9614
3 9828 9848 9832
3 9832 9614 9615
3 9832 9615 9834
3 9834 9615 9617
3 9834 9617 9836
3 9850 9837 9836
3 9617 9850 9836
3 9619 9850 9617
3 9619 9621 9850
3 9850 9621 9851
3 9840 9622 9605
3 9622 9840 9623
3 9623 9840 9842
3 9623 9842 9624
3 9624 9842 9844
3 9624 9844 9608
3 9846 9625 9610
3 9852 9625 9846
3 9626 9854 9853
3 9847 9626 9853
3 9611 9626 9847
3 9856 9855 9854
3 9854 9855 9853
3 9855 9856 9849
3 9849 9856 9848
3 9856 9628 9848
3 9628 9629 9848
3 9848 9629 9613
3 9857 9851 9621
3 9857 9621 9631
3 9631 9632 9857
3 9857 9632 9858
3 9860 9633 9859
3 9633 9852 9859
3 9633 9625 9852
3 9861 9860 9859
3 9634 9854 9626
3 9854 9634 9635
3 9854 9635 9856
3 9856 9635 9628
3 9862 9858 9632
3 9862 9632 9637
3 9637 9638 9862
3 9862 9638 9863
3 9860 9639 9633
3 9640 9639 9860
3 9861 9640 9860
3 9864 9640 9861
3 9867 9866 9865
3 9869 9868 9865
3 9869 9865 9866
3 9870 9868 9869
3 9871 9863 9638
3 9871 9638 9641
3 9641 9642 9871
3 9871 9642 9872
3 9864 9873 9640
3 9640 9873 9643
3 9645 9643 9873
3 9645 9873 9874
3 9867 9865 9875
3 9867 9875 9876
3 9877 9865 9868
3 9875 9865 9877
3 9878 9647 9648
3 9868 9878 9648
3 9877 9868 9648
3 9878 9868 9870
3 9649 9647 9878
3 9649 9878 9879
3 9880 9872 9642
3 9880 9642 9650
3 9650 9651 9880
3 9880 9651 9881
3 9883 9652 9882
3 9652 9874 9882
3 9652 9645 9874
3 9884 9883 9882
3 9887 9886 9885
3 9889 9888 9885
3 9889 9885 9886
3 9888 9889 9876
3 9888 9876 9875
3 9655 9888 9875
3 9654 9655 9875
3 9654 9875 9656
3 9656 9875 9877
3 9656 9877 9648
3 9657 9649 9890
3 9649 9891 9890
3 9649 9879 9891
3 9890 9658 9657
3 9660 9881 9651
3 9660 9892 9881
3 9883 9661 9652
3 9884 9893 9883
3 9893 9661 9883
3 9893 9662 9661
3 9662 9894 9664
3 9893 9894 9662
3 9896 9895 9665
3 9664 9896 9665
3 9894 9896 9664
3 9667 9668 9895
3 9896 9667 9895
3 9897 9667 9896
3 9885 9670 9887
3 9670 9897 9887
3 9670 9667 9897
3 9670 9885 9671
3 9671 9885 9888
3 9671 9888 9655
3 9891 9898 9890
3 9673 9658 9890
3 9899 9673 9890
3 9898 9899 9890
3 9673 9899 9900
3 9901 9900 9899
3 9660 9674 9902
3 9903 9660 9902
3 9892 9660 9903
3 9675 9902 9674
3 9895 9676 9665
3 9676 9895 9668
3 9904 9678 9900
3 9900 9678 9673
3 9900 9901 9905
3 9906 9900 9905
3 9904 9900 9906
3 9906 9905 9903
3 9902 9906 9903
3 9907 9906 9902
3 9679 9907 9675
3 9675 9907 9902
3 9908 9680 9681
3 9683 9908 9681
3 9904 9684 9678
3 9684 9904 9685
3 9685 9904 9906
3 9685 9906 9687
3 9906 9909 9687
3 9906 9907 9909
3 9688 9909 9679
3 9679 9909 9907
3 9910 9690 9691
3 9692 9911 9691
3 9691 9911 9910
3 9680 9908 9692
3 9908 9911 9692
3 9908 9912 9911
3 9694 9912 9683
3 9683 9912 9908
3 9909 9697 9687
3 9697 9909 9688
3 9913 9700 9701
3 9690 9910 9701
3 9910 9913 9701
3 9910 9914 9913
3 9915 9910 9911
3 9914 9910 9915
3 9916 9911 9912
3 9915 9911 9916
3 9703 9916 9694
3 9694 9916 9912
3 9913 9707 9700
3 9707 9913 9710
3 9710 9913 9914
3 9710 9914 9712
3 9712 9914 9915
3 9712 9915 9713
3 9713 9915 9916
3 9713 9916 9703
3 9917 9719 9720
3 9721 9918 9720
3 9720 9918 9917
3 9722 9919 9721
3 9721 9919 9918
3 9723 9919 9722
3 9920 9725 9726
3 9727 9921 9726
3 9726 9921 9920
3 9922 9921 9727
3 9922 9727 9719
3 9923 9922 9719
3 9917 9923 9719
3 9923 9917 9918
3 9923 9918 9924
3 9924 9918 9919
3 9924 9919 9925
3 9925 9919 9723
3 9728 9925 9723
3 9926 9925 9728
3 9927 9728 9729
3 9927 9926 9728
3 9929 9928 9730
3 9928 9729 9730
3 9928 9927 9729
3 9929 9930 9928
3 9931 9732 9733
3 9932 9931 9733
3 9932 9733 9725
3 9933 9932 9725
3 9920 9933 9725
3 9933 9920 9921
3 9933 9921 9934
3 9934 9921 9922
3 9734 9929 9730
3 9935 9930 9929
3 9734 9935 9929
3 9735 9935 9734
3 9936 9735 9736
3 9936 9935 9735
3 9736 9738 9936
3 9936 9738 9937
3 9938 9740 9931
3 9931 9740 9732
3 9931 9932 9939
3 9931 9939 9938
3 9940 9937 9738
3 9940 9738 9741
3 9941 9741 9742
3 9941 9940 9741
3 9742 9743 9941
3 9941 9743 9942
3 9944 9943 9938
3 9943 9740 9938
3 9943 9745 9740
3 9944 9938 9939
3 9747 9945 9746
3 9946 9748 9746
3 9946 9746 9945
3 9748 9946 9947
3 9948 9748 9947
3 9749 9748 9948
3 9950 9949 9750
3 9749 9950 9750
3 9948 9950 9749
3 9951 9949 9950
3 9952 9942 9743
3 9952 9743 9751
3 9751 9752 9952
3 9952 9752 9953
3 9943 9754 9745
3 9954 9754 9943
3 9755 9955 9945
3 9755 9945 9747
3 9957 9946 9956
3 9946 9955 9956
3 9946 9945 9955
3 9946 9957 9947
3 9949 9756 9750
3 9951 9958 9949
3 9958 9756 9949
3 9958 9758 9756
3 9960 9959 9759
3 9758 9960 9759
3 9958 9960 9758
3 9961 9959 9960
3 9962 9953 9752
3 9962 9752 9760
3 9760 9761 9962
3 9962 9761 9963
3 9965 9762 9964
3 9762 9954 9964
3 9762 9754 9954
3 9966 9965 9964
3 9763 9955 9755
3 9968 9967 9764
3 9764 9967 9763
3 9967 9956 9763
3 9956 9955 9763
3 9968 9969 9967
3 9959 9766 9759
3 9971 9970 9767
3 9971 9767 9766
3 9961 9971 9766
3 9959 9961 9766
3 9972 9970 9971
3 9769 9963 9761
3 9769 9973 9963
3 9965 9770 9762
3 9772 9770 9965
3 9966 9772 9965
3 9974 9772 9966
3 9773 9968 9764
3 9976 9975 9774
3 9774 9975 9773
3 9975 9969 9773
3 9969 9968 9773
3 9976 9977 9975
3 9970 9776 9767
3 9979 9978 9777
3 9979 9777 9776
3 9972 9979 9776
3 9970 9972 9776
3 9980 9978 9979
3 9981 9973 9769
3 9981 9769 9778
3 9778 9779 9981
3 9981 9779 9982
3 9974 9983 9772
3 9772 9983 9781
3 9782 9781 9983
3 9782 9983 9984
3 9783 9976 9774
3 9986 9985 9784
3 9784 9985 9783
3 9985 9977 9783
3 9977 9976 9783
3 9986 9987 9985
3 9978 9785 9777
3 9980 9988 9978
3 9988 9785 9978
3 9988 9786 9785
3 9787 9786 9988
3 9787 9988 9989
3 9788 9982 9779
3 9788 9990 9982
3 9992 9789 9991
3 9789 9984 9991
3 9789 9782 9984
3 9993 9992 9991
3 9790 9986 9784
3 9790 9792 9986
3 9792 9987 9986
3 9792 9994 9987
3 9989 9793 9787
3 9995 9793 9989
3 9996 9990 9788
3 9996 9788 9794
3 9998 9997 9795
3 9997 9794 9795
3 9997 9996 9794
3 10000 9999 9998
3 9998 9999 9997
3 10002 10001 10000
3 10000 10001 9999
3 10004 10003 10002
3 10002 10003 10001
3 10006 10005 10004
3 10004 10005 10003
3 10006 10007 10005
3 9992 9796 9789
3 9993 10008 9992
3 10008 9796 9992
3 10008 9798 9796
3 9799 9798 10008
3 9799 10008 10009
3 9801 10010 9800
3 10010 10011 9800
3 10011 9792 9800
3 10011 9994 9792
3 9995 10012 9793
3 9793 10012 9802
3 9803 9802 10012
3 9803 10012 10013
3 9804 9998 9795
3 9998 9804 9805
3 9998 9805 10000
3 10000 9805 9806
3 10000 9806 10002
3 10002 9806 9807
3 10002 9807 10004
3 9808 10014 9807
3 10014 10015 9807
3 10016 9807 10015
3 9807 10016 10004
3 10017 10004 10016
3 10004 10017 10014
3 10014 10006 10004
3 9808 10006 10014
3 10014 10017 10015
3 10015 10017 9810
3 10017 10007 9810
3 10006 9808 9810
3 10006 9810 10007
3 10018 9811 9812
3 10019 10018 9812
3 9799 10019 9812
3 10009 10019 9799
3 10021 10020 10010
3 9801 10021 10010
3 9813 10021 9801
3 10010 10020 10011
3 10013 10022 9803
3 9803 10022 9814
3 9815 9814 10022
3 9815 10022 10023
3 10016 10015 10024
3 10016 10024 10025
3 9816 10024 9810
3 9810 10024 10015
3 10026 9817 9818
3 10027 10026 9818
3 10027 9818 9811
3 10028 10027 9811
3 10018 10028 9811
3 10028 10018 10019
3 10030 10029 9819
3 10030 9819 9820
3 9813 9819 10021
3 10021 9819 10029
3 10033 10032 10031
3 10035 10034 10031
3 10031 10034 10033
3 10037 10036 10035
3 10035 10036 10034
3 10039 10038 10037
3 10037 10038 10036
3 10039 10040 10038
3 10023 10041 9815
3 9815 10041 9821
3 9822 9821 10041
3 9822 10041 10042
3 10045 10044 10043
3 10043 10044 10025
3 10043 10025 10024
3 9825 10043 10024
3 9824 9825 10024
3 9824 10024 9816
3 10046 9826 10026
3 10026 9826 9817
3 10026 10027 10047
3 10026 10047 10046
3 9827 10030 9820
3 9827 10048 10030
3 10051 10050 10049
3 10051 10049 10032
3 10032 10049 10031
3 10049 9829 10031
3 9829 9830 10031
3 10031 9830 9831
3 10031 9831 10035
3 10035 9831 9833
3 10035 9833 10037
3 10037 9833 9835
3 10037 9835 10039
3 10053 10052 9837
3 9837 10052 9835
3 10052 10040 9835
3 10040 10039 9835
3 10053 10054 10052
3 10042 10055 9822
3 9822 10055 9838
3 9838 10056 9839
3 10055 10056 9838
3 9839 10057 9841
3 10056 10057 9839
3 9841 10058 9843
3 10057 10058 9841
3 10043 9845 10045
3 9845 10058 10045
3 9845 9843 10058
3 9845 10043 9825
3 10060 10059 10046
3 10059 9826 10046
3 10059 9846 9826
3 10060 10046 10047
3 9847 10062 10061
3 10048 9847 10061
3 9827 9847 10048
3 10061 10062 10050
3 10062 10049 10050
3 10062 10063 10049
3 10063 9849 9829
3 10063 9829 10049
3 9850 10053 9837
3 10065 10064 9851
3 9851 10064 9850
3 10064 10054 9850
3 10054 10053 9850
3 10065 10066 10064
3 10059 9852 9846
3 10067 9852 10059
3 9853 10062 9847
3 10062 9853 9855
3 10062 9855 10063
3 10063 9855 9849
3 9857 10065 9851
3 9857 9858 10065
3 9858 10066 10065
3 9858 10068 10066
3 10067 10069 9852
3 9852 10069 9859
3 9861 9859 10069
3 9861 10069 10070
3 10073 10072 10071
3 10075 10074 10071
3 10075 10071 10072
3 10077 10076 10074
3 10077 10074 10075
3 10078 10076 10077
3 10079 10068 9858
3 10079 9858 9862
3 9862 9863 10079
3 10079 9863 10080
3 10082 9864 10081
3 9864 10070 10081
3 9864 9861 10070
3 10083 10082 10081
3 10073 10071 10084
3 10073 10084 10085
3 9867 10084 9866
3 10084 10074 9866
3 10084 10071 10074
3 9866 10074 9869
3 9869 10074 10076
3 9870 9869 10076
3 10078 9870 10076
3 10086 9870 10078
3 10087 10080 9863
3 10087 9863 9871
3 9871 9872 10087
3 10087 9872 10088
3 10082 9873 9864
3 10090 10089 9874
3 10090 9874 9873
3 10083 10090 9873
3 10082 10083 9873
3 10091 10089 10090
3 10094 10093 10092
3 10092 10093 10085
3 10084 10092 10085
3 10095 10092 10084
3 9876 10095 9867
3 9867 10095 10084
3 10086 10096 9870
3 9870 10096 9878
3 10098 10097 9879
3 9878 10098 9879
3 10096 10098 9878
3 10100 10099 10097
3 10100 10097 10098
3 10101 10099 9880
3 10099 10088 9880
3 10088 9872 9880
3 10088 10099 10100
3 9881 10101 9880
3 10089 9882 9874
3 10103 10102 9884
3 10103 9884 9882
3 10091 10103 9882
3 10089 10091 9882
3 10105 10104 10102
3 10105 10102 10103
3 10107 10106 10104
3 10107 10104 10105
3 10109 10108 10106
3 10109 10106 10107
3 10108 10109 10094
3 10108 10094 10092
3 9887 10108 10092
3 9886 9887 10092
3 9886 10092 9889
3 9889 10092 10095
3 9889 10095 9876
3 10110 9891 10097
3 10097 9891 9879
3 10111 10097 10099
3 10110 10097 10111
3 10112 10099 10101
3 10111 10099 10112
3 9892 10112 9881
3 9881 10112 10101
3 10102 9893 9884
3 9893 10102 9894
3 9894 10102 10104
3 9894 10104 9896
3 9896 10104 10106
3 9896 10106 9897
3 9897 10106 10108
3 9897 10108 9887
3 10110 9898 9891
3 9898 10110 9899
3 9899 10110 10111
3 9899 10111 9901
3 10111 10113 9901
3 10111 10112 10113
3 9903 10113 9892
3 9892 10113 10112
3 10113 9905 9901
3 9905 10113 9903
3 10114 9922 9923
3 10114 9923 10115
3 9923 10116 10115
3 9923 9924 10116
3 10117 9924 9925
3 10117 10116 9924
3 10118 9925 9926
3 10118 10117 9925
3 10119 9926 9927
3 10119 10118 9926
3 10120 9927 9928
3 10120 10119 9927
3 9928 9930 10120
3 10120 9930 10121
3 10122 9932 9933
3 9934 10123 9933
3 9933 10123 10122
3 10124 10123 9934
3 10124 9934 9922
3 10125 10124 9922
3 10114 10125 9922
3 10125 10114 10115
3 10126 10121 9930
3 10126 9930 9935
3 10127 9935 9936
3 10127 10126 9935
3 10129 10128 9937
3 10128 9936 9937
3 10128 10127 9936
3 10129 10130 10128
3 10131 9939 10122
3 10122 9939 9932
3 10123 10133 10132
3 10131 10123 10132
3 10122 10123 10131
3 10133 10123 10124
3 9940 10129 9937
3 10134 10130 10129
3 9940 10134 10129
3 9941 10134 9940
3 9941 9942 10134
3 10134 9942 10135
3 10136 9943 9944
3 10137 10136 9944
3 10137 9944 9939
3 10138 10137 9939
3 10131 10138 9939
3 10138 10131 10132
3 9947 10139 9948
3 9948 10139 10140
3 10141 9948 10140
3 9950 9948 10141
3 10143 10142 9951
3 9950 10143 9951
3 10141 10143 9950
3 10144 10142 10143
3 10145 10135 9942
3 10145 9942 9952
3 9952 9953 10145
3 10145 9953 10146
3 10147 9954 10136
3 10136 9954 9943
3 10136 10137 10148
3 10136 10148 10147
3 9956 10149 9957
3 10149 10150 9957
3 9957 10150 9947
3 10150 10151 9947
3 10151 10139 9947
3 10139 10151 10140
3 10142 9958 9951
3 10144 10152 10142
3 10152 9958 10142
3 10152 9960 9958
3 9961 9960 10152
3 9961 10152 10153
3 9953 9962 10154
3 10155 9953 10154
3 10146 9953 10155
3 9963 10154 9962
3 10147 9964 9954
3 9966 9964 10147
3 10148 9966 10147
3 10156 9966 10148
3 9967 10149 9956
3 10158 10157 9969
3 9969 10157 9967
3 10157 10150 9967
3 10150 10149 9967
3 10158 10159 10157
3 10153 10160 9961
3 9961 10160 9971
3 9972 9971 10160
3 9972 10160 10161
3 10162 10155 10154
3 10154 9963 10162
3 9963 10163 10162
3 9963 9973 10163
3 10165 9974 10164
3 9974 10156 10164
3 9974 9966 10156
3 10166 10165 10164
3 9975 10158 9969
3 10168 10167 9977
3 9977 10167 9975
3 10167 10159 9975
3 10159 10158 9975
3 10168 10169 10167
3 10161 10170 9972
3 9972 10170 9979
3 9980 9979 10170
3 9980 10170 10171
3 10172 10163 9973
3 10172 9973 9981
3 9981 9982 10172
3 10172 9982 10173
3 10165 9983 9974
3 9984 9983 10165
3 10166 9984 10165
3 10174 9984 10166
3 9985 10168 9977
3 9985 9987 10168
3 9987 10169 10168
3 9987 10175 10169
3 10171 10176 9980
3 9980 10176 9988
3 9989 9988 10176
3 9989 10176 10177
3 9990 10179 10178
3 10173 9990 10178
3 9982 9990 10173
3 10179 10180 10178
3 10183 10182 10181
3 10185 10184 10181
3 10181 10184 10183
3 10185 10186 10184
3 10174 10187 9984
3 9984 10187 9991
3 9993 9991 10187
3 9993 10187 10188
3 9994 10175 9987
3 9994 10189 10175
3 10191 9995 10190
3 9995 10177 10190
3 9995 9989 10177
3 10192 10191 10190
3 9996 10179 9990
3 10193 10180 10179
3 9996 10193 10179
3 9997 10193 9996
3 10194 9997 9999
3 10194 10193 9997
3 10001 10181 10182
3 10194 10001 10182
3 9999 10001 10194
3 10181 10001 10003
3 10181 10003 10185
3 10003 10005 10185
3 10005 10195 10185
3 10195 10186 10185
3 10005 10196 10195
3 10007 10196 10005
3 10188 10197 9993
3 9993 10197 10008
3 10009 10008 10197
3 10009 10197 10198
3 10011 10200 10199
3 10189 10011 10199
3 9994 10011 10189
3 10200 10201 10199
3 10191 10012 9995
3 10013 10012 10191
3 10192 10013 10191
3 10202 10013 10192
3 10195 10196 10017
3 10016 10195 10017
3 10203 10195 10016
3 10017 10196 10007
3 10198 10019 10009
3 10204 10019 10198
3 10021 10205 10020
3 10200 10011 10020
3 10205 10200 10020
3 10206 10200 10205
3 10201 10200 10207
3 10200 10208 10207
3 10200 10206 10208
3 10210 10209 10208
3 10208 10209 10207
3 10210 10211 10209
3 10202 10212 10013
3 10013 10212 10022
3 10214 10213 10023
3 10022 10214 10023
3 10212 10214 10022
3 10215 10213 10214
3 10218 10217 10216
3 10217 10203 10216
3 10203 10025 10216
3 10203 10016 10025
3 10220 10219 10028
3 10028 10219 10027
3 10028 10019 10204
3 10028 10204 10220
3 10030 10221 10029
3 10205 10021 10029
3 10221 10205 10029
3 10222 10205 10221
3 10222 10032 10033
3 10206 10222 10033
3 10205 10222 10206
3 10206 10033 10034
3 10206 10034 10208
3 10208 10034 10036
3 10208 10036 10210
3 10223 10211 10210
3 10036 10223 10210
3 10038 10223 10036
3 10038 10040 10223
3 10223 10040 10224
3 10213 10041 10023
3 10226 10225 10042
3 10226 10042 10041
3 10215 10226 10041
3 10213 10215 10041
3 10228 10227 10225
3 10228 10225 10226
3 10230 10229 10227
3 10230 10227 10228
3 10232 10231 10229
3 10232 10229 10230
3 10231 10232 10218
3 10231 10218 10216
3 10045 10231 10216
3 10044 10045 10216
3 10044 10216 10025
3 10219 10047 10027
3 10233 10047 10219
3 10048 10234 10221
3 10048 10221 10030
3 10234 10050 10051
3 10222 10234 10051
3 10221 10234 10222
3 10222 10051 10032
3 10235 10224 10040
3 10235 10040 10052
3 10052 10054 10235
3 10235 10054 10236
3 10225 10055 10042
3 10055 10225 10056
3 10056 10225 10227
3 10056 10227 10057
3 10057 10227 10229
3 10057 10229 10058
3 10058 10229 10231
3 10058 10231 10045
3 10237 10059 10060
3 10238 10237 10060
3 10047 10238 10060
3 10233 10238 10047
3 10061 10234 10048
3 10234 10061 10050
3 10241 10240 10239
3 10242 10239 10240
3 10243 10236 10054
3 10243 10054 10064
3 10064 10066 10243
3 10243 10066 10244
3 10245 10067 10237
3 10237 10067 10059
3 10237 10238 10246
3 10237 10246 10245
3 10249 10248 10247
3 10247 10248 10241
3 10239 10247 10241
3 10250 10247 10239
3 10239 10242 10251
3 10252 10239 10251
3 10250 10239 10252
3 10253 10252 10251
3 10068 10255 10254
3 10244 10068 10254
3 10066 10068 10244
3 10255 10256 10254
3 10245 10069 10067
3 10070 10069 10245
3 10246 10070 10245
3 10257 10070 10246
3 10260 10259 10258
3 10258 10259 10249
3 10247 10258 10249
3 10261 10258 10247
3 10073 10261 10072
3 10261 10250 10072
3 10261 10247 10250
3 10072 10250 10075
3 10075 10250 10252
3 10253 10262 10252
3 10262 10075 10252
3 10262 10077 10075
3 10078 10077 10262
3 10078 10262 10263
3 10079 10255 10068
3 10079 10080 10255
3 10080 10256 10255
3 10080 10264 10256
3 10257 10265 10070
3 10070 10265 10081
3 10267 10266 10083
3 10081 10267 10083
3 10265 10267 10081
3 10268 10266 10267
3 10271 10270 10269
3 10269 10270 10260
3 10258 10269 10260
3 10272 10269 10258
3 10273 10258 10261
3 10272 10258 10273
3 10085 10273 10073
3 10073 10273 10261
3 10275 10086 10274
3 10086 10263 10274
3 10086 10078 10263
3 10277 10276 10275
3 10277 10275 10274
3 10278 10276 10087
3 10276 10264 10087
3 10264 10080 10087
3 10264 10276 10277
3 10088 10278 10087
3 10266 10090 10083
3 10280 10279 10091
3 10280 10091 10090
3 10268 10280 10090
3 10266 10268 10090
3 10282 10281 10279
3 10282 10279 10280
3 10281 10282 10271
3 10269 10281 10271
3 10283 10281 10269
3 10284 10269 10272
3 10283 10269 10284
3 10094 10284 10093
3 10284 10273 10093
3 10284 10272 10273
3 10093 10273 10085
3 10275 10096 10086
3 10096 10275 10098
3 10098 10275 10276
3 10098 10276 10100
3 10100 10276 10278
3 10100 10278 10088
3 10279 10103 10091
3 10103 10279 10105
3 10105 10279 10281
3 10105 10281 10107
3 10107 10281 10283
3 10107 10283 10109
3 10109 10283 10284
3 10109 10284 10094
3 10285 10115 10116
3 10117 10286 10116
3 10116 10286 10285
3 10286 10117 10287
3 10117 10288 10287
3 10117 10118 10288
3 10289 10118 10119
3 10289 10288 10118
3 10290 10119 10120
3 10290 10289 10119
3 10292 10291 10121
3 10291 10120 10121
3 10291 10290 10120
3 10292 10293 10291
3 10294 10124 10125
3 10295 10294 10125
3 10295 10125 10115
3 10296 10295 10115
3 10285 10296 10115
3 10296 10285 10286
3 10296 10286 10297
3 10297 10286 10287
3 10126 10292 10121
3 10298 10293 10292
3 10126 10298 10292
3 10127 10298 10126
3 10299 10127 10128
3 10299 10298 10127
3 10128 10130 10299
3 10299 10130 10300
3 10301 10132 10133
3 10302 10301 10133
3 10302 10133 10124
3 10303 10302 10124
3 10294 10303 10124
3 10303 10294 10295
3 10304 10300 10130
3 10304 10130 10134
3 10134 10135 10304
3 10304 10135 10305
3 10306 10137 10138
3 10307 10306 10138
3 10307 10138 10132
3 10308 10307 10132
3 10301 10308 10132
3 10308 10301 10302
3 10140 10309 10141
3 10310 10143 10141
3 10310 10141 10309
3 10310 10144 10143
3 10135 10145 10311
3 10312 10135 10311
3 10305 10135 10312
3 10146 10311 10145
3 10313 10148 10306
3 10306 10148 10137
3 10306 10307 10314
3 10306 10314 10313
3 10150 10315 10151
3 10309 10140 10151
3 10315 10309 10151
3 10316 10309 10315
3 10318 10310 10317
3 10310 10316 10317
3 10310 10309 10316
3 10310 10318 10144
3 10318 10152 10144
3 10318 10319 10152
3 10321 10320 10153
3 10152 10321 10153
3 10319 10321 10152
3 10322 10320 10321
3 10323 10312 10311
3 10311 10146 10323
3 10146 10324 10323
3 10146 10155 10324
3 10325 10156 10313
3 10313 10156 10148
3 10313 10314 10326
3 10313 10326 10325
3 10157 10315 10150
3 10315 10157 10159
3 10327 10315 10159
3 10316 10315 10327
3 10317 10316 10328
3 10328 10316 10327
3 10320 10160 10153
3 10330 10329 10161
3 10330 10161 10160
3 10322 10330 10160
3 10320 10322 10160
3 10331 10329 10330
3 10332 10324 10155
3 10332 10155 10162
3 10162 10163 10332
3 10332 10163 10333
3 10325 10164 10156
3 10166 10164 10325
3 10326 10166 10325
3 10334 10166 10326
3 10167 10327 10159
3 10167 10169 10327
3 10169 10328 10327
3 10169 10335 10328
3 10329 10170 10161
3 10171 10170 10329
3 10331 10171 10329
3 10336 10171 10331
3 10337 10333 10163
3 10337 10163 10172
3 10172 10173 10337
3 10337 10173 10338
3 10340 10174 10339
3 10174 10334 10339
3 10174 10166 10334
3 10341 10340 10339
3 10175 10343 10342
3 10335 10175 10342
3 10169 10175 10335
3 10343 10344 10342
3 10336 10345 10171
3 10171 10345 10176
3 10177 10176 10345
3 10177 10345 10346
3 10347 10338 10173
3 10347 10173 10178
3 10349 10348 10180
3 10348 10178 10180
3 10348 10347 10178
3 10351 10350 10349
3 10349 10350 10348
3 10182 10183 10351
3 10183 10350 10351
3 10183 10352 10350
3 10353 10183 10184
3 10353 10352 10183
3 10184 10186 10353
3 10353 10186 10354
3 10340 10187 10174
3 10188 10187 10340
3 10341 10188 10340
3 10355 10188 10341
3 10189 10356 10343
3 10189 10343 10175
3 10344 10343 10357
3 10357 10343 10356
3 10346 10358 10177
3 10177 10358 10190
3 10192 10190 10358
3 10192 10358 10359
3 10193 10349 10180
3 10349 10193 10194
3 10349 10194 10351
3 10351 10194 10182
3 10195 10354 10186
3 10195 10360 10354
3 10355 10361 10188
3 10188 10361 10197
3 10198 10197 10361
3 10198 10361 10362
3 10199 10356 10189
3 10364 10363 10201
3 10201 10363 10199
3 10363 10357 10199
3 10357 10356 10199
3 10366 10365 10364
3 10364 10365 10363
3 10366 10367 10365
3 10369 10202 10368
3 10202 10359 10368
3 10202 10192 10359
3 10370 10369 10368
3 10373 10372 10371
3 10372 10360 10371
3 10360 10203 10371
3 10360 10195 10203
3 10362 10204 10198
3 10374 10204 10362
3 10207 10364 10201
3 10364 10207 10209
3 10364 10209 10366
3 10376 10375 10211
3 10211 10375 10209
3 10375 10367 10209
3 10367 10366 10209
3 10376 10377 10375
3 10369 10212 10202
3 10370 10378 10369
3 10378 10212 10369
3 10378 10214 10212
3 10380 10379 10215
3 10214 10380 10215
3 10378 10380 10214
3 10382 10381 10379
3 10382 10379 10380
3 10384 10383 10381
3 10384 10381 10382
3 10386 10385 10383
3 10386 10383 10384
3 10385 10386 10373
3 10385 10373 10371
3 10218 10385 10371
3 10217 10218 10371
3 10217 10371 10203
3 10388 10387 10220
3 10220 10387 10219
3 10220 10204 10374
3 10220 10374 10388
3 10223 10376 10211
3 10390 10389 10224
3 10224 10389 10223
3 10389 10377 10223
3 10377 10376 10223
3 10390 10391 10389
3 10379 10226 10215
3 10226 10379 10228
3 10228 10379 10381
3 10228 10381 10230
3 10230 10381 10383
3 10230 10383 10232
3 10232 10383 10385
3 10232 10385 10218
3 10387 10233 10219
3 10392 10233 10387
3 10235 10390 10224
3 10394 10393 10236
3 10236 10393 10235
3 10393 10391 10235
3 10391 10390 10235
3 10394 10395 10393
3 10392 10238 10233
3 10396 10238 10392
3 10399 10398 10397
3 10240 10241 10397
3 10398 10240 10397
3 10400 10240 10398
3 10402 10401 10242
3 10240 10402 10242
3 10400 10402 10240
3 10403 10401 10402
3 10243 10394 10236
3 10243 10244 10394
3 10244 10395 10394
3 10244 10404 10395
3 10396 10246 10238
3 10405 10246 10396
3 10408 10407 10406
3 10406 10407 10399
3 10406 10399 10397
3 10249 10406 10397
3 10248 10249 10397
3 10248 10397 10241
3 10401 10251 10242
3 10253 10251 10401
3 10403 10253 10401
3 10409 10253 10403
3 10410 10404 10244
3 10410 10244 10254
3 10254 10256 10410
3 10410 10256 10411
3 10413 10257 10412
3 10257 10405 10412
3 10257 10246 10405
3 10414 10413 10412
3 10417 10416 10415
3 10415 10416 10408
3 10415 10408 10406
3 10260 10415 10406
3 10259 10260 10406
3 10259 10406 10249
3 10409 10418 10253
3 10253 10418 10262
3 10420 10419 10263
3 10262 10420 10263
3 10418 10420 10262
3 10422 10421 10419
3 10422 10419 10420
3 10422 10411 10421
3 10411 10264 10421
3 10411 10256 10264
3 10413 10265 10257
3 10414 10423 10413
3 10423 10265 10413
3 10423 10267 10265
3 10425 10424 10268
3 10267 10425 10268
3 10423 10425 10267
3 10427 10426 10424
3 10427 10424 10425
3 10426 10427 10417
3 10426 10417 10415
3 10271 10426 10415
3 10270 10271 10415
3 10270 10415 10260
3 10419 10274 10263
3 10274 10419 10277
3 10277 10419 10421
3 10277 10421 10264
3 10424 10280 10268
3 10280 10424 10282
3 10282 10424 10426
3 10282 10426 10271
3 10428 10287 10288
3 10428 10288 10429
3 10288 10430 10429
3 10288 10289 10430
3 10431 10289 10290
3 10431 10430 10289
3 10432 10290 10291
3 10432 10431 10290
3 10434 10433 10293
3 10433 10291 10293
3 10433 10432 10291
3 10434 10435 10433
3 10436 10295 10296
3 10436 10296 10437
3 10296 10438 10437
3 10296 10297 10438
3 10297 10287 10428
3 10439 10297 10428
3 10438 10297 10439
3 10439 10428 10429
3 10298 10434 10293
3 10440 10435 10434
3 10298 10440 10434
3 10299 10440 10298
3 10299 10300 10440
3 10440 10300 10441
3 10442 10302 10303
3 10443 10442 10303
3 10443 10303 10295
3 10444 10443 10295
3 10436 10444 10295
3 10444 10436 10437
3 10445 10441 10300
3 10445 10300 10304
3 10304 10305 10445
3 10445 10305 10446
3 10447 10307 10308
3 10448 10447 10308
3 10448 10308 10302
3 10449 10448 10302
3 10442 10449 10302
3 10449 10442 10443
3 10312 10451 10450
3 10446 10312 10450
3 10305 10312 10446
3 10451 10452 10450
3 10453 10314 10447
3 10447 10314 10307
3 10447 10448 10454
3 10447 10454 10453
3 10456 10455 10318
3 10456 10318 10317
3 10318 10457 10319
3 10455 10457 10318
3 10319 10458 10321
3 10457 10458 10319
3 10322 10321 10458
3 10322 10458 10459
3 10323 10451 10312
3 10323 10324 10451
3 10324 10452 10451
3 10324 10460 10452
3 10461 10326 10453
3 10453 10326 10314
3 10453 10454 10462
3 10453 10462 10461
3 10328 10456 10317
3 10328 10463 10456
3 10459 10464 10322
3 10322 10464 10330
3 10331 10330 10464
3 10331 10464 10465
3 10466 10460 10324
3 10466 10324 10332
3 10332 10333 10466
3 10466 10333 10467
3 10468 10334 10461
3 10461 10334 10326
3 10461 10462 10469
3 10461 10469 10468
3 10335 10471 10470
3 10463 10335 10470
3 10328 10335 10463
3 10471 10472 10470
3 10474 10336 10473
3 10336 10465 10473
3 10336 10331 10465
3 10475 10474 10473
3 10476 10467 10333
3 10476 10333 10337
3 10478 10477 10338
3 10477 10337 10338
3 10477 10476 10337
3 10480 10479 10478
3 10478 10479 10477
3 10482 10481 10480
3 10480 10481 10479
3 10484 10483 10482
3 10482 10483 10481
3 10486 10485 10484
3 10484 10485 10483
3 10486 10487 10485
3 10468 10339 10334
3 10341 10339 10468
3 10469 10341 10468
3 10488 10341 10469
3 10342 10471 10335
3 10342 10344 10471
3 10344 10472 10471
3 10344 10489 10472
3 10474 10345 10336
3 10491 10490 10346
3 10491 10346 10345
3 10475 10491 10345
3 10474 10475 10345
3 10492 10490 10491
3 10347 10478 10338
3 10478 10347 10348
3 10478 10348 10480
3 10480 10348 10350
3 10480 10350 10482
3 10482 10350 10352
3 10482 10352 10484
3 10353 10493 10352
3 10493 10494 10352
3 10495 10352 10494
3 10352 10495 10484
3 10496 10484 10495
3 10484 10496 10493
3 10493 10486 10484
3 10353 10486 10493
3 10493 10496 10494
3 10494 10496 10354
3 10496 10487 10354
3 10486 10353 10354
3 10486 10354 10487
3 10498 10355 10497
3 10355 10488 10497
3 10355 10341 10488
3 10499 10498 10497
3 10357 10501 10500
3 10489 10357 10500
3 10344 10357 10489
3 10503 10502 10501
3 10501 10502 10500
3 10503 10504 10502
3 10490 10358 10346
3 10359 10358 10490
3 10492 10359 10490
3 10505 10359 10492
3 10495 10494 10506
3 10495 10506 10507
3 10360 10506 10354
3 10354 10506 10494
3 10498 10361 10355
3 10362 10361 10498
3 10499 10362 10498
3 10508 10362 10499
3 10363 10501 10357
3 10501 10363 10365
3 10501 10365 10503
3 10510 10509 10367
3 10367 10509 10365
3 10509 10504 10365
3 10504 10503 10365
3 10510 10511 10509
3 10505 10512 10359
3 10359 10512 10368
3 10514 10513 10370
3 10368 10514 10370
3 10512 10514 10368
3 10516 10515 10513
3 10516 10513 10514
3 10518 10517 10515
3 10518 10515 10516
3 10520 10519 10517
3 10520 10517 10518
3 10522 10521 10519
3 10522 10519 10520
3 10521 10522 10507
3 10521 10507 10506
3 10373 10521 10506
3 10372 10373 10506
3 10372 10506 10360
3 10508 10374 10362
3 10523 10374 10508
3 10375 10510 10367
3 10525 10524 10377
3 10377 10524 10375
3 10524 10511 10375
3 10511 10510 10375
3 10525 10526 10524
3 10513 10378 10370
3 10378 10513 10380
3 10380 10513 10515
3 10380 10515 10382
3 10382 10515 10517
3 10382 10517 10384
3 10384 10517 10519
3 10384 10519 10386
3 10386 10519 10521
3 10386 10521 10373
3 10527 10387 10388
3 10528 10527 10388
3 10374 10528 10388
3 10523 10528 10374
3 10389 10525 10377
3 10530 10529 10391
3 10391 10529 10389
3 10529 10526 10389
3 10526 10525 10389
3 10530 10531 10529
3 10533 10532 10527
3 10532 10387 10527
3 10532 10392 10387
3 10533 10527 10528
3 10536 10535 10534
3 10538 10537 10534
3 10538 10534 10535
3 10540 10539 10537
3 10540 10537 10538
3 10541 10539 10540
3 10393 10530 10391
3 10393 10395 10530
3 10395 10531 10530
3 10395 10542 10531
3 10544 10396 10543
3 10396 10532 10543
3 10396 10392 10532
3 10545 10544 10543
3 10548 10547 10546
3 10546 10547 10536
3 10546 10536 10534
3 10399 10546 10534
3 10398 10399 10534
3 10398 10534 10400
3 10400 10534 10537
3 10400 10537 10402
3 10402 10537 10539
3 10550 10549 10403
3 10550 10403 10402
3 10541 10550 10402
3 10539 10541 10402
3 10552 10551 10549
3 10552 10549 10550
3 10552 10542 10551
3 10542 10404 10551
3 10542 10395 10404
3 10553 10405 10544
3 10544 10405 10396
3 10544 10545 10554
3 10555 10544 10554
3 10553 10544 10555
3 10557 10556 10555
3 10557 10555 10554
3 10559 10558 10556
3 10559 10556 10557
3 10561 10560 10558
3 10561 10558 10559
3 10560 10561 10548
3 10560 10548 10546
3 10408 10560 10546
3 10407 10408 10546
3 10407 10546 10399
3 10562 10409 10549
3 10549 10409 10403
3 10563 10549 10551
3 10562 10549 10563
3 10410 10564 10404
3 10564 10551 10404
3 10564 10563 10551
3 10411 10564 10410
3 10553 10412 10405
3 10412 10553 10414
3 10553 10565 10414
3 10553 10555 10565
3 10566 10555 10556
3 10565 10555 10566
3 10567 10556 10558
3 10566 10556 10567
3 10417 10567 10416
3 10567 10560 10416
3 10567 10558 10560
3 10416 10560 10408
3 10562 10418 10409
3 10418 10562 10420
3 10420 10562 10563
3 10420 10563 10422
3 10422 10563 10564
3 10422 10564 10411
3 10565 10423 10414
3 10423 10565 10425
3 10425 10565 10566
3 10425 10566 10427
3 10427 10566 10567
3 10427 10567 10417
3 10568 10429 10430
3 10568 10430 10569
3 10430 10570 10569
3 10430 10431 10570
3 10571 10431 10432
3 10571 10570 10431
3 10572 10432 10433
3 10572 10571 10432
3 10433 10435 10572
3 10572 10435 10573
3 10574 10437 10438
3 10439 10575 10438
3 10438 10575 10574
3 10576 10575 10439
3 10576 10439 10429
3 10577 10576 10429
3 10568 10577 10429
3 10577 10568 10569
3 10578 10573 10435
3 10578 10435 10440
3 10440 10441 10578
3 10578 10441 10579
3 10580 10443 10444
3 10581 10580 10444
3 10581 10444 10437
3 10582 10581 10437
3 10574 10582 10437
3 10582 10574 10575
3 10582 10575 10583
3 10583 10575 10576
3 10584 10579 10441
3 10584 10441 10445
3 10445 10446 10584
3 10584 10446 10585
3 10586 10448 10449
3 10443 10580 10449
3 10580 10586 10449
3 10580 10587 10586
3 10580 10581 10588
3 10580 10588 10587
3 10589 10585 10446
3 10589 10446 10450
3 10450 10452 10589
3 10589 10452 10590
3 10591 10454 10586
3 10586 10454 10448
3 10587 10593 10592
3 10591 10587 10592
3 10586 10587 10591
3 10593 10587 10588
3 10456 10594 10455
3 10455 10594 10595
3 10596 10455 10595
3 10457 10455 10596
3 10457 10597 10458
3 10596 10597 10457
3 10459 10458 10597
3 10459 10597 10598
3 10460 10600 10599
3 10590 10460 10599
3 10452 10460 10590
3 10600 10601 10599
3 10602 10462 10591
3 10591 10462 10454
3 10591 10592 10603
3 10591 10603 10602
3 10463 10604 10594
3 10463 10594 10456
3 10595 10594 10605
3 10605 10594 10604
3 10598 10606 10459
3 10459 10606 10464
3 10465 10464 10606
3 10465 10606 10607
3 10466 10600 10460
3 10609 10608 10467
3 10467 10608 10466
3 10608 10601 10466
3 10601 10600 10466
3 10611 10610 10609
3 10609 10610 10608
3 10613 10612 10611
3 10611 10612 10610
3 10615 10614 10613
3 10613 10614 10612
3 10615 10616 10614
3 10617 10469 10602
3 10602 10469 10462
3 10602 10603 10618
3 10602 10618 10617
3 10470 10604 10463
3 10470 10472 10604
3 10472 10605 10604
3 10472 10619 10605
3 10607 10620 10465
3 10465 10620 10473
3 10475 10473 10620
3 10475 10620 10621
3 10476 10609 10467
3 10609 10476 10477
3 10609 10477 10611
3 10611 10477 10479
3 10611 10479 10613
3 10613 10479 10481
3 10613 10481 10615
3 10622 10616 10615
3 10481 10622 10615
3 10483 10622 10481
3 10624 10622 10623
3 10622 10485 10623
3 10622 10483 10485
3 10487 10623 10485
3 10625 10488 10617
3 10617 10488 10469
3 10617 10618 10626
3 10617 10626 10625
3 10489 10628 10627
3 10619 10489 10627
3 10472 10489 10619
3 10628 10629 10627
3 10621 10630 10475
3 10475 10630 10491
3 10492 10491 10630
3 10492 10630 10631
3 10634 10633 10632
3 10632 10633 10624
3 10632 10624 10623
3 10495 10632 10623
3 10496 10495 10623
3 10496 10623 10487
3 10625 10497 10488
3 10499 10497 10625
3 10626 10499 10625
3 10635 10499 10626
3 10500 10628 10489
3 10636 10629 10628
3 10500 10636 10628
3 10502 10636 10500
3 10638 10637 10504
3 10637 10502 10504
3 10637 10636 10502
3 10638 10639 10637
3 10641 10505 10640
3 10505 10631 10640
3 10505 10492 10631
3 10643 10642 10641
3 10643 10641 10640
3 10645 10644 10642
3 10645 10642 10643
3 10647 10646 10644
3 10647 10644 10645
3 10648 10646 10647
3 10634 10632 10649
3 10634 10649 10650
3 10507 10649 10495
3 10495 10649 10632
3 10635 10508 10499
3 10651 10508 10635
3 10509 10638 10504
3 10653 10652 10511
3 10511 10652 10509
3 10652 10639 10509
3 10639 10638 10509
3 10653 10654 10652
3 10641 10512 10505
3 10512 10641 10514
3 10514 10641 10642
3 10514 10642 10516
3 10516 10642 10644
3 10516 10644 10518
3 10518 10644 10646
3 10648 10655 10646
3 10655 10518 10646
3 10655 10520 10518
3 10649 10522 10650
3 10522 10655 10650
3 10522 10520 10655
3 10522 10649 10507
3 10651 10523 10508
3 10656 10523 10651
3 10524 10653 10511
3 10658 10657 10526
3 10526 10657 10524
3 10657 10654 10524
3 10654 10653 10524
3 10658 10659 10657
3 10656 10528 10523
3 10660 10528 10656
3 10663 10662 10661
3 10665 10664 10661
3 10665 10661 10662
3 10667 10666 10664
3 10667 10664 10665
3 10669 10668 10666
3 10669 10666 10667
3 10670 10668 10669
3 10529 10658 10526
3 10529 10531 10658
3 10531 10659 10658
3 10531 10671 10659
3 10672 10532 10533
3 10673 10672 10533
3 10528 10673 10533
3 10660 10673 10528
3 10676 10675 10674
3 10674 10675 10663
3 10661 10674 10663
3 10677 10674 10661
3 10536 10677 10535
3 10677 10664 10535
3 10677 10661 10664
3 10535 10664 10538
3 10538 10664 10666
3 10538 10666 10540
3 10540 10666 10668
3 10679 10678 10541
3 10679 10541 10540
3 10670 10679 10540
3 10668 10670 10540
3 10681 10680 10678
3 10681 10678 10679
3 10681 10671 10680
3 10671 10542 10680
3 10671 10531 10542
3 10672 10543 10532
3 10683 10682 10545
3 10683 10545 10543
3 10673 10683 10543
3 10672 10673 10543
3 10685 10684 10682
3 10685 10682 10683
3 10687 10686 10684
3 10687 10684 10685
3 10686 10687 10676
3 10674 10686 10676
3 10688 10686 10674
3 10548 10688 10547
3 10688 10677 10547
3 10688 10674 10677
3 10547 10677 10536
3 10678 10550 10541
3 10550 10678 10552
3 10552 10678 10680
3 10552 10680 10542
3 10682 10554 10545
3 10554 10682 10557
3 10557 10682 10684
3 10557 10684 10559
3 10559 10684 10686
3 10559 10686 10561
3 10561 10686 10688
3 10561 10688 10548
3 10689 10569 10570
3 10571 10690 10570
3 10570 10690 10689
3 10572 10691 10571
3 10571 10691 10690
3 10573 10691 10572
3 10692 10576 10577
3 10693 10692 10577
3 10693 10577 10569
3 10694 10693 10569
3 10689 10694 10569
3 10694 10689 10690
3 10694 10690 10695
3 10695 10690 10691
3 10695 10691 10696
3 10696 10691 10573
3 10578 10696 10573
3 10697 10696 10578
3 10699 10698 10579
3 10698 10578 10579
3 10698 10697 10578
3 10699 10700 10698
3 10701 10581 10582
3 10583 10702 10582
3 10582 10702 10701
3 10703 10702 10583
3 10703 10583 10576
3 10704 10703 10576
3 10692 10704 10576
3 10704 10692 10693
3 10584 10699 10579
3 10706 10705 10585
3 10585 10705 10584
3 10705 10700 10584
3 10700 10699 10584
3 10706 10707 10705
3 10708 10588 10701
3 10701 10588 10581
3 10702 10710 10709
3 10708 10702 10709
3 10701 10702 10708
3 10710 10702 10703
3 10589 10706 10585
3 10712 10711 10590
3 10590 10711 10589
3 10711 10707 10589
3 10707 10706 10589
3 10712 10713 10711
3 10714 10592 10593
3 10715 10714 10593
3 10715 10593 10588
3 10716 10715 10588
3 10708 10716 10588
3 10716 10708 10709
3 10595 10717 10596
3 10596 10717 10718
3 10719 10596 10718
3 10597 10596 10719
3 10598 10597 10719
3 10598 10719 10720
3 10599 10712 10590
3 10722 10721 10601
3 10601 10721 10599
3 10721 10713 10599
3 10713 10712 10599
3 10724 10723 10722
3 10722 10723 10721
3 10726 10725 10724
3 10724 10725 10723
3 10726 10727 10725
3 10728 10603 10714
3 10714 10603 10592
3 10714 10715 10729
3 10714 10729 10728
3 10731 10730 10717
3 10595 10731 10717
3 10605 10731 10595
3 10717 10730 10718
3 10720 10732 10598
3 10598 10732 10606
3 10734 10733 10607
3 10606 10734 10607
3 10732 10734 10606
3 10735 10733 10734
3 10608 10722 10601
3 10722 10608 10610
3 10722 10610 10724
3 10724 10610 10612
3 10724 10612 10726
3 10736 10727 10726
3 10612 10736 10726
3 10614 10736 10612
3 10614 10616 10736
3 10736 10616 10737
3 10739 10738 10728
3 10738 10603 10728
3 10738 10618 10603
3 10739 10728 10729
3 10619 10731 10605
3 10619 10740 10731
3 10733 10620 10607
3 10742 10741 10621
3 10742 10621 10620
3 10735 10742 10620
3 10733 10735 10620
3 10743 10741 10742
3 10616 10622 10744
3 10745 10616 10744
3 10737 10616 10745
3 10624 10744 10622
3 10738 10626 10618
3 10746 10626 10738
3 10747 10740 10619
3 10747 10619 10627
3 10749 10748 10629
3 10748 10627 10629
3 10748 10747 10627
3 10751 10750 10749
3 10749 10750 10748
3 10751 10752 10750
3 10741 10630 10621
3 10754 10753 10631
3 10754 10631 10630
3 10743 10754 10630
3 10741 10743 10630
3 10755 10753 10754
3 10758 10757 10756
3 10756 10757 10745
3 10756 10745 10744
3 10634 10756 10744
3 10633 10634 10744
3 10633 10744 10624
3 10760 10635 10759
3 10635 10746 10759
3 10635 10626 10746
3 10761 10760 10759
3 10636 10749 10629
3 10749 10636 10637
3 10749 10637 10751
3 10763 10762 10639
3 10639 10762 10637
3 10762 10752 10637
3 10752 10751 10637
3 10763 10764 10762
3 10753 10640 10631
3 10755 10765 10753
3 10765 10640 10753
3 10765 10643 10640
3 10643 10766 10645
3 10765 10766 10643
3 10645 10767 10647
3 10766 10767 10645
3 10756 10768 10648
3 10767 10756 10648
3 10647 10767 10648
3 10758 10756 10767
3 10650 10768 10634
3 10634 10768 10756
3 10769 10651 10760
3 10760 10651 10635
3 10760 10761 10770
3 10760 10770 10769
3 10652 10763 10639
3 10772 10771 10654
3 10654 10771 10652
3 10771 10764 10652
3 10764 10763 10652
3 10772 10773 10771
3 10768 10655 10648
3 10655 10768 10650
3 10774 10656 10769
3 10769 10656 10651
3 10769 10770 10775
3 10769 10775 10774
3 10778 10777 10776
3 10780 10779 10776
3 10780 10776 10777
3 10782 10781 10779
3 10782 10779 10780
3 10783 10781 10782
3 10657 10772 10654
3 10657 10659 10772
3 10659 10773 10772
3 10659 10784 10773
3 10785 10660 10774
3 10774 10660 10656
3 10774 10775 10786
3 10787 10774 10786
3 10785 10774 10787
3 10789 10788 10787
3 10789 10787 10786
3 10791 10790 10788
3 10791 10788 10789
3 10662 10663 10790
3 10791 10662 10790
3 10792 10662 10791
3 10776 10665 10778
3 10665 10792 10778
3 10665 10662 10792
3 10665 10776 10667
3 10667 10776 10779
3 10667 10779 10669
3 10669 10779 10781
3 10794 10793 10670
3 10794 10670 10669
3 10783 10794 10669
3 10781 10783 10669
3 10796 10795 10793
3 10796 10793 10794
3 10796 10784 10795
3 10784 10671 10795
3 10784 10659 10671
3 10797 10673 10785
3 10785 10673 10660
3 10798 10785 10787
3 10797 10785 10798
3 10799 10787 10788
3 10798 10787 10799
3 10676 10799 10675
3 10799 10790 10675
3 10799 10788 10790
3 10675 10790 10663
3 10793 10679 10670
3 10679 10793 10681
3 10681 10793 10795
3 10681 10795 10671
3 10797 10683 10673
3 10683 10797 10685
3 10685 10797 10798
3 10685 10798 10687
3 10687 10798 10799
3 10687 10799 10676
3 10800 10693 10694
3 10800 10694 10801
3 10694 10802 10801
3 10694 10695 10802
3 10803 10695 10696
3 10803 10802 10695
3 10804 10696 10697
3 10804 10803 10696
3 10805 10697 10698
3 10805 10804 10697
3 10698 10700 10805
3 10805 10700 10806
3 10807 10703 10704
3 10808 10807 10704
3 10808 10704 10693
3 10809 10808 10693
3 10800 10809 10693
3 10809 10800 10801
3 10810 10806 10700
3 10810 10700 10705
3 10812 10811 10707
3 10811 10705 10707
3 10811 10810 10705
3 10812 10813 10811
3 10814 10709 10710
3 10815 10814 10710
3 10815 10710 10703
3 10816 10815 10703
3 10807 10816 10703
3 10816 10807 10808
3 10711 10812 10707
3 10818 10817 10713
3 10713 10817 10711
3 10817 10813 10711
3 10813 10812 10711
3 10820 10819 10818
3 10818 10819 10817
3 10822 10821 10820
3 10820 10821 10819
3 10822 10823 10821
3 10824 10715 10716
3 10825 10824 10716
3 10825 10716 10709
3 10826 10825 10709
3 10814 10826 10709
3 10826 10814 10815
3 10718 10827 10719
3 10827 10720 10719
3 10721 10818 10713
3 10818 10721 10723
3 10818 10723 10820
3 10820 10723 10725
3 10820 10725 10822
3 10829 10828 10727
3 10727 10828 10725
3 10828 10823 10725
3 10823 10822 10725
3 10829 10830 10828
3 10832 10831 10824
3 10831 10715 10824
3 10831 10729 10715
3 10832 10824 10825
3 10731 10833 10730
3 10833 10834 10730
3 10730 10834 10718
3 10834 10835 10718
3 10835 10827 10718
3 10827 10835 10720
3 10835 10732 10720
3 10835 10836 10732
3 10732 10837 10734
3 10836 10837 10732
3 10735 10734 10837
3 10735 10837 10838
3 10829 10727 10736
3 10841 10840 10839
3 10840 10841 10737
3 10841 10830 10737
3 10829 10736 10737
3 10829 10737 10830
3 10842 10738 10739
3 10843 10842 10739
3 10729 10843 10739
3 10831 10843 10729
3 10740 10844 10833
3 10740 10833 10731
3 10834 10833 10845
3 10833 10846 10845
3 10833 10844 10846
3 10846 10847 10845
3 10838 10848 10735
3 10735 10848 10742
3 10743 10742 10848
3 10743 10848 10849
3 10852 10851 10850
3 10850 10851 10839
3 10840 10850 10839
3 10853 10850 10840
3 10745 10853 10737
3 10737 10853 10840
3 10854 10746 10842
3 10842 10746 10738
3 10842 10843 10855
3 10842 10855 10854
3 10747 10844 10740
3 10844 10747 10748
3 10844 10748 10846
3 10856 10847 10846
3 10748 10856 10846
3 10750 10856 10748
3 10858 10857 10752
3 10857 10750 10752
3 10857 10856 10750
3 10858 10859 10857
3 10849 10860 10743
3 10743 10860 10754
3 10862 10861 10755
3 10754 10862 10755
3 10860 10862 10754
3 10864 10863 10861
3 10864 10861 10862
3 10863 10864 10852
3 10850 10863 10852
3 10865 10863 10850
3 10758 10865 10757
3 10865 10853 10757
3 10865 10850 10853
3 10757 10853 10745
3 10854 10759 10746
3 10761 10759 10854
3 10855 10761 10854
3 10866 10761 10855
3 10762 10858 10752
3 10868 10867 10764
3 10764 10867 10762
3 10867 10859 10762
3 10859 10858 10762
3 10868 10869 10867
3 10861 10765 10755
3 10765 10861 10766
3 10766 10861 10863
3 10766 10863 10767
3 10767 10863 10865
3 10767 10865 10758
3 10866 10770 10761
3 10870 10770 10866
3 10771 10868 10764
3 10771 10773 10868
3 10773 10869 10868
3 10773 10871 10869
3 10873 10775 10872
3 10775 10870 10872
3 10775 10770 10870
3 10874 10873 10872
3 10877 10876 10875
3 10879 10878 10875
3 10879 10875 10876
3 10777 10778 10878
3 10879 10777 10878
3 10880 10777 10879
3 10777 10881 10780
3 10880 10881 10777
3 10780 10882 10782
3 10881 10882 10780
3 10884 10883 10783
3 10782 10884 10783
3 10882 10884 10782
3 10886 10885 10883
3 10886 10883 10884
3 10886 10871 10885
3 10871 10784 10885
3 10871 10773 10784
3 10873 10786 10775
3 10874 10887 10873
3 10887 10786 10873
3 10887 10789 10786
3 10875 10791 10877
3 10791 10887 10877
3 10791 10789 10887
3 10791 10875 10792
3 10792 10875 10878
3 10792 10878 10778
3 10883 10794 10783
3 10794 10883 10796
3 10796 10883 10885
3 10796 10885 10784
3 10888 10801 10802
3 10803 10889 10802
3 10802 10889 10888
3 10889 10803 10890
3 10803 10891 10890
3 10803 10804 10891
3 10892 10804 10805
3 10892 10891 10804
3 10894 10893 10806
3 10893 10805 10806
3 10893 10892 10805
3 10894 10895 10893
3 10896 10808 10809
3 10897 10896 10809
3 10897 10809 10801
3 10898 10897 10801
3 10888 10898 10801
3 10898 10888 10889
3 10898 10889 10899
3 10899 10889 10890
3 10810 10894 10806
3 10900 10895 10894
3 10810 10900 10894
3 10811 10900 10810
3 10902 10901 10813
3 10901 10811 10813
3 10901 10900 10811
3 10904 10903 10902
3 10902 10903 10901
3 10904 10905 10903
3 10906 10815 10816
3 10907 10906 10816
3 10907 10816 10808
3 10908 10907 10808
3 10896 10908 10808
3 10908 10896 10897
3 10817 10902 10813
3 10902 10817 10819
3 10902 10819 10904
3 10909 10905 10904
3 10819 10909 10904
3 10821 10909 10819
3 10821 10823 10909
3 10909 10823 10910
3 10911 10825 10826
3 10912 10911 10826
3 10912 10826 10815
3 10913 10912 10815
3 10906 10913 10815
3 10913 10906 10907
3 10823 10828 10914
3 10915 10823 10914
3 10910 10823 10915
3 10830 10914 10828
3 10916 10831 10832
3 10917 10916 10832
3 10917 10832 10825
3 10918 10917 10825
3 10911 10918 10825
3 10918 10911 10912
3 10834 10919 10835
3 10920 10836 10835
3 10920 10835 10919
3 10836 10920 10921
3 10922 10836 10921
3 10837 10836 10922
3 10924 10923 10838
3 10837 10924 10838
3 10922 10924 10837
3 10925 10923 10924
3 10928 10927 10926
3 10926 10927 10915
3 10926 10915 10914
3 10839 10926 10914
3 10841 10839 10914
3 10841 10914 10830
3 10929 10843 10916
3 10916 10843 10831
3 10916 10917 10930
3 10916 10930 10929
3 10845 10919 10834
3 10919 10845 10847
3 10931 10919 10847
3 10920 10919 10931
3 10921 10920 10932
3 10932 10920 10931
3 10923 10848 10838
3 10934 10933 10849
3 10934 10849 10848
3 10925 10934 10848
3 10923 10925 10848
3 10936 10935 10933
3 10936 10933 10934
3 10938 10937 10935
3 10938 10935 10936
3 10937 10938 10928
3 10937 10928 10926
3 10852 10937 10926
3 10851 10852 10926
3 10851 10926 10839
3 10940 10939 10929
3 10939 10843 10929
3 10939 10855 10843
3 10940 10929 10930
3 10856 10931 10847
3 10941 10932 10931
3 10856 10941 10931
3 10857 10941 10856
3 10857 10859 10941
3 10941 10859 10942
3 10933 10860 10849
3 10860 10933 10862
3 10862 10933 10935
3 10862 10935 10864
3 10864 10935 10937
3 10864 10937 10852
3 10939 10866 10855
3 10943 10866 10939
3 10944 10942 10859
3 10944 10859 10867
3 10867 10869 10944
3 10944 10869 10945
3 10947 10870 10946
3 10870 10943 10946
3 10870 10866 10943
3 10948 10947 10946
3 10951 10950 10949
3 10953 10952 10949
3 10953 10949 10950
3 10955 10954 10952
3 10955 10952 10953
3 10957 10956 10954
3 10957 10954 10955
3 10959 10958 10956
3 10959 10956 10957
3 10959 10945 10958
3 10945 10871 10958
3 10945 10869 10871
3 10947 10872 10870
3 10961 10960 10874
3 10961 10874 10872
3 10948 10961 10872
3 10947 10948 10872
3 10876 10877 10960
3 10961 10876 10960
3 10962 10876 10961
3 10876 10963 10879
3 10962 10963 10876
3 10949 10880 10951
3 10880 10963 10951
3 10880 10879 10963
3 10880 10949 10881
3 10881 10949 10952
3 10881 10952 10882
3 10882 10952 10954
3 10882 10954 10884
3 10884 10954 10956
3 10884 10956 10886
3 10886 10956 10958
3 10886 10958 10871
3 10960 10887 10874
3 10887 10960 10877
3 10964 10890 10891
3 10892 10965 10891
3 10891 10965 10964
3 10965 10892 10966
3 10892 10967 10966
3 10892 10893 10967
3 10969 10968 10895
3 10968 10893 10895
3 10968 10967 10893
3 10969 10970 10968
3 10971 10897 10898
3 10971 10898 10972
3 10898 10973 10972
3 10898 10899 10973
3 10899 10890 10964
3 10974 10899 10964
3 10973 10899 10974
3 10974 10964 10965
3 10974 10965 10975
3 10975 10965 10966
3 10900 10969 10895
3 10976 10970 10969
3 10900 10976 10969
3 10901 10976 10900
3 10977 10901 10903
3 10977 10976 10901
3 10903 10905 10977
3 10977 10905 10978
3 10979 10907 10908
3 10980 10979 10908
3 10980 10908 10897
3 10981 10980 10897
3 10971 10981 10897
3 10981 10971 10972
3 10905 10909 10982
3 10983 10905 10982
3 10978 10905 10983
3 10910 10982 10909
3 10984 10912 10913
3 10985 10984 10913
3 10985 10913 10907
3 10986 10985 10907
3 10979 10986 10907
3 10986 10979 10980
3 10989 10988 10987
3 10987 10988 10983
3 10982 10987 10983
3 10990 10987 10982
3 10915 10990 10910
3 10910 10990 10982
3 10991 10917 10918
3 10992 10991 10918
3 10992 10918 10912
3 10993 10992 10912
3 10984 10993 10912
3 10993 10984 10985
3 10921 10994 10922
3 10922 10994 10995
3 10996 10922 10995
3 10924 10922 10996
3 10998 10997 10925
3 10924 10998 10925
3 10996 10998 10924
3 10999 10997 10998
3 10989 10987 11000
3 10989 11000 11001
3 10928 11000 10927
3 11000 10990 10927
3 11000 10987 10990
3 10927 10990 10915
3 11002 10930 10991
3 10991 10930 10917
3 10991 10992 11003
3 10991 11003 11002
3 10932 11004 10994
3 10932 10994 10921
3 10995 10994 11005
3 11005 10994 11004
3 10997 10934 10925
3 10999 11006 10997
3 11006 10934 10997
3 11006 10936 10934
3 11000 10938 11001
3 10938 11006 11001
3 10938 10936 11006
3 10938 11000 10928
3 11007 10939 10940
3 11008 11007 10940
3 11008 10940 10930
3 11009 11008 10930
3 11002 11009 10930
3 11009 11002 11003
3 10941 11004 10932
3 10941 10942 11004
3 10942 11005 11004
3 10942 11010 11005
3 11011 10943 11007
3 11007 10943 10939
3 11007 11008 11012
3 11007 11012 11011
3 11015 11014 11013
3 11016 11013 10944
3 11013 11010 10944
3 11010 10942 10944
3 11010 11013 11014
3 10945 11016 10944
3 11011 10946 10943
3 11018 11017 10948
3 11018 10948 10946
3 11012 11018 10946
3 11011 11012 10946
3 11019 11017 11018
3 11021 11020 10950
3 11021 10950 10951
3 10950 11022 10953
3 11020 11022 10950
3 10953 11023 10955
3 11022 11023 10953
3 11013 10957 11015
3 10957 11023 11015
3 10957 10955 11023
3 10957 11013 10959
3 10959 11013 11016
3 10959 11016 10945
3 11017 10961 10948
3 11019 11024 11017
3 11024 10961 11017
3 11024 10962 10961
3 10962 11025 10963
3 11024 11025 10962
3 10951 10963 11021
3 11021 10963 11025
3 11026 10966 10967
3 10968 11027 10967
3 10967 11027 11026
3 10970 11027 10968
3 11028 10972 10973
3 10974 11029 10973
3 10973 11029 11028
3 11029 10974 11030
3 10974 11031 11030
3 10974 10975 11031
3 10975 10966 11026
3 11032 10975 11026
3 11031 10975 11032
3 11032 11026 11027
3 11032 11027 11033
3 11033 11027 10970
3 10976 11033 10970
3 11034 11033 10976
3 11035 10976 10977
3 11035 11034 10976
3 10977 10978 11035
3 11035 10978 11036
3 11037 10980 10981
3 11038 11037 10981
3 11038 10981 10972
3 11039 11038 10972
3 11028 11039 10972
3 11039 11028 11029
3 11039 11029 11040
3 11040 11029 11030
3 11043 11042 11041
3 11042 11036 11041
3 11036 10983 11041
3 11036 10978 10983
3 11044 10985 10986
3 11045 11044 10986
3 11045 10986 10980
3 11046 11045 10980
3 11037 11046 10980
3 11046 11037 11038
3 11049 11048 11047
3 11047 11048 11043
3 11047 11043 11041
3 10989 11047 11041
3 10988 10989 11041
3 10988 11041 10983
3 11050 10992 10993
3 11051 11050 10993
3 11051 10993 10985
3 11052 11051 10985
3 11044 11052 10985
3 11052 11044 11045
3 10995 11053 10996
3 10996 11053 11054
3 11055 10996 11054
3 10998 10996 11055
3 11047 11056 10999
3 11055 11047 10999
3 10998 11055 10999
3 11049 11047 11055
3 11001 11056 10989
3 10989 11056 11047
3 11058 11057 11050
3 11057 10992 11050
3 11057 11003 10992
3 11058 11050 11051
3 11060 11059 11053
3 10995 11060 11053
3 11005 11060 10995
3 11053 11059 11054
3 11056 11006 10999
3 11006 11056 11001
3 11061 11008 11009
3 11062 11061 11009
3 11003 11062 11009
3 11057 11062 11003
3 11065 11064 11063
3 11064 11060 11063
3 11060 11010 11063
3 11060 11005 11010
3 11066 11012 11061
3 11061 11012 11008
3 11061 11062 11067
3 11061 11067 11066
3 11070 11069 11068
3 11072 11071 11068
3 11072 11068 11069
3 11071 11072 11065
3 11071 11065 11063
3 11015 11071 11063
3 11014 11015 11063
3 11014 11063 11010
3 11066 11018 11012
3 11074 11073 11019
3 11074 11019 11018
3 11067 11074 11018
3 11066 11067 11018
3 11076 11075 11073
3 11076 11073 11074
3 11020 11021 11075
3 11076 11020 11075
3 11077 11020 11076
3 11068 11022 11070
3 11022 11077 11070
3 11022 11020 11077
3 11022 11068 11023
3 11023 11068 11071
3 11023 11071 11015
3 11073 11024 11019
3 11024 11073 11025
3 11025 11073 11075
3 11025 11075 11021
3 11078 11030 11031
3 11078 11031 11079
3 11031 11080 11079
3 11031 11032 11080
3 11081 11032 11033
3 11081 11080 11032
3 11083 11081 11082
3 11081 11034 11082
3 11081 11033 11034
3 11035 11084 11034
3 11034 11084 11082
3 11036 11084 11035
3 11085 11038 11039
3 11040 11086 11039
3 11039 11086 11085
3 11087 11086 11040
3 11087 11040 11030
3 11088 11087 11030
3 11078 11088 11030
3 11088 11078 11079
3 11091 11090 11089
3 11089 11090 11083
3 11082 11089 11083
3 11092 11089 11082
3 11043 11092 11042
3 11092 11084 11042
3 11092 11082 11084
3 11042 11084 11036
3 11093 11045 11046
3 11094 11093 11046
3 11094 11046 11038
3 11095 11094 11038
3 11085 11095 11038
3 11095 11085 11086
3 11095 11086 11096
3 11096 11086 11087
3 11091 11089 11097
3 11091 11097 11098
3 11049 11097 11048
3 11097 11092 11048
3 11097 11089 11092
3 11048 11092 11043
3 11099 11051 11052
3 11100 11099 11052
3 11100 11052 11045
3 11101 11100 11045
3 11093 11101 11045
3 11101 11093 11094
3 11104 11103 11102
3 11102 11103 11098
3 11102 11098 11097
3 11054 11102 11097
3 11055 11054 11097
3 11055 11097 11049
3 11105 11057 11058
3 11106 11105 11058
3 11106 11058 11051
3 11107 11106 11051
3 11099 11107 11051
3 11107 11099 11100
3 11110 11109 11108
3 11108 11109 11104
3 11108 11104 11102
3 11060 11108 11102
3 11059 11060 11102
3 11059 11102 11054
3 11111 11062 11105
3 11105 11062 11057
3 11105 11106 11112
3 11105 11112 11111
3 11115 11114 11113
3 11113 11114 11110
3 11113 11110 11108
3 11065 11113 11108
3 11064 11065 11108
3 11064 11108 11060
3 11116 11067 11111
3 11111 11067 11062
3 11111 11112 11117
3 11118 11111 11117
3 11116 11111 11118
3 11120 11119 11118
3 11120 11118 11117
3 11069 11070 11119
3 11120 11069 11119
3 11121 11069 11120
3 11113 11072 11115
3 11072 11121 11115
3 11072 11069 11121
3 11072 11113 11065
3 11116 11074 11067
3 11074 11116 11076
3 11076 11116 11118
3 11076 11118 11077
3 11077 11118 11119
3 11077 11119 11070
3 11122 11079 11080
3 11081 11123 11080
3 11080 11123 11122
3 11083 11123 11081
3 11124 11087 11088
3 11125 11124 11088
3 11125 11088 11079
3 11126 11125 11079
3 11122 11126 11079
3 11091 11127 11090
3 11127 11122 11090
3 11122 11123 11090
3 11127 11126 11122
3 11090 11123 11083
3 11128 11094 11095
3 11096 11129 11095
3 11095 11129 11128
3 11130 11129 11096
3 11130 11096 11087
3 11131 11130 11087
3 11124 11131 11087
3 11134 11133 11132
3 11125 11131 11124
3 11134 11127 11133
3 11127 11098 11133
3 11127 11091 11098
3 11135 11100 11101
3 11136 11135 11101
3 11136 11101 11094
3 11137 11136 11094
3 11128 11137 11094
3 11137 11128 11129
3 11137 11129 11138
3 11141 11140 11139
3 11130 11138 11129
3 11140 11141 11132
3 11140 11132 11133
3 11104 11140 11133
3 11103 11104 11133
3 11103 11133 11098
3 11142 11106 11107
3 11143 11142 11107
3 11143 11107 11100
3 11144 11143 11100
3 11135 11144 11100
3 11144 11135 11136
3 11147 11146 11145
3 11145 11146 11139
3 11145 11139 11140
3 11110 11145 11140
3 11109 11110 11140
3 11109 11140 11104
3 11148 11112 11142
3 11142 11112 11106
3 11142 11143 11149
3 11150 11142 11149
3 11148 11142 11150
3 11152 11151 11150
3 11152 11150 11149
3 11151 11152 11147
3 11151 11147 11145
3 11115 11151 11145
3 11114 11115 11145
3 11114 11145 11110
3 11148 11117 11112
3 11117 11148 11120
3 11120 11148 11150
3 11120 11150 11121
3 11121 11150 11151
3 11121 11151 11115
3 11153 11125 11126
3 11127 11153 11126
3 11154 11130 11131
3 11131 11125 11154
3 11125 11153 11154
3 11134 11132 11154
3 11134 11154 11153
3 11134 11153 11127
3 11155 11136 11137
3 11138 11156 11137
3 11137 11156 11155
3 11138 11130 11156
3 11130 11154 11156
3 11141 11139 11156
3 11141 11156 11154
3 11141 11154 11132
3 11157 11143 11144
3 11136 11155 11144
3 11155 11157 11144
3 11155 11158 11157
3 11147 11158 11146
3 11158 11156 11146
3 11158 11155 11156
3 11146 11156 11139
3 11157 11149 11143
3 11149 11157 11152
3 11152 11157 11158
3 11152 11158 11147
