ply
format ascii 1.0
element vertex 3246
property float x
property float y
property float z
element face 6504
property list uchar int vertex_indices
end_header
-30.50000 46.00000 -10.00000
-31.00000 46.00000 -10.50000
-31.00000 45.50000 -10.00000
-31.00000 45.50000 -9.00000
-30.50000 46.00000 -9.00000
-31.00000 46.00000 -8.50000
-30.50000 47.00000 -10.00000
-31.00000 47.00000 -10.50000
-30.50000 47.00000 -9.00000
-31.00000 47.00000 -8.50000
-30.50000 48.00000 -10.00000
-31.00000 48.00000 -10.50000
-31.00000 48.00000 -9.50000
-31.00000 47.50000 -9.00000
-30.50000 49.00000 -10.00000
-31.00000 49.00000 -10.50000
-31.00000 49.00000 -9.50000
-30.50000 50.00000 -11.00000
-31.00000 50.00000 -11.50000
-31.00000 49.50000 -11.00000
-30.50000 50.00000 -10.00000
-31.00000 50.00000 -9.50000
-30.50000 51.00000 -11.00000
-31.00000 51.00000 -11.50000
-30.50000 51.00000 -10.00000
-31.00000 51.00000 -9.50000
-30.50000 52.00000 -11.00000
-31.00000 52.00000 -11.50000
-30.50000 52.00000 -10.00000
-31.00000 52.00000 -9.50000
-30.50000 53.00000 -11.00000
-31.00000 53.00000 -11.50000
-31.00000 53.00000 -10.50000
-31.00000 52.50000 -10.00000
-31.00000 53.50000 -11.00000
-31.50000 43.00000 -10.00000
-32.00000 43.00000 -10.50000
-32.00000 42.50000 -10.00000
-32.00000 42.50000 -9.00000
-31.50000 43.00000 -9.00000
-32.00000 43.00000 -8.50000
-31.50000 44.00000 -11.00000
-32.00000 44.00000 -11.50000
-32.00000 43.50000 -11.00000
-31.50000 44.00000 -10.00000
-32.00000 44.00000 -9.50000
-32.00000 43.50000 -9.00000
-31.50000 45.00000 -11.00000
-32.00000 45.00000 -11.50000
-31.50000 45.00000 -10.00000
-32.00000 45.00000 -9.50000
-31.50000 46.00000 -11.00000
-32.00000 46.00000 -11.50000
-32.00000 46.00000 -9.50000
-31.50000 46.00000 -9.00000
-31.50000 47.00000 -11.00000
-32.00000 47.00000 -11.50000
-31.50000 47.00000 -9.00000
-32.00000 47.00000 -9.50000
-31.50000 48.00000 -12.00000
-32.00000 48.00000 -12.50000
-32.00000 47.50000 -12.00000
-31.50000 48.00000 -11.00000
-32.00000 48.00000 -9.50000
-31.50000 49.00000 -12.00000
-32.00000 49.00000 -12.50000
-31.50000 49.00000 -11.00000
-32.00000 49.00000 -9.50000
-31.50000 50.00000 -13.00000
-32.00000 50.00000 -13.50000
-32.00000 49.50000 -13.00000
-31.50000 50.00000 -12.00000
-32.00000 50.00000 -9.50000
-31.50000 51.00000 -13.00000
-32.00000 51.00000 -13.50000
-31.50000 51.00000 -12.00000
-32.00000 51.00000 -9.50000
-31.50000 52.00000 -14.00000
-32.00000 52.00000 -14.50000
-32.00000 51.50000 -14.00000
-31.50000 52.00000 -13.00000
-31.50000 52.00000 -12.00000
-32.00000 52.00000 -9.50000
-31.50000 53.00000 -14.00000
-32.00000 53.00000 -14.50000
-31.50000 53.00000 -13.00000
-31.50000 53.00000 -12.00000
-31.50000 53.00000 -10.00000
-32.00000 53.00000 -9.50000
-32.00000 53.50000 -14.00000
-32.00000 53.50000 -13.00000
-32.00000 53.50000 -12.00000
-32.00000 53.50000 -11.00000
-32.00000 53.50000 -10.00000
-32.50000 40.00000 -9.00000
-33.00000 40.00000 -9.50000
-33.00000 39.50000 -9.00000
-33.00000 39.50000 -8.00000
-32.50000 40.00000 -8.00000
-33.00000 40.00000 -7.50000
-32.50000 41.00000 -10.00000
-33.00000 41.00000 -10.50000
-33.00000 40.50000 -10.00000
-32.50000 41.00000 -9.00000
-32.50000 41.00000 -8.00000
-33.00000 41.00000 -7.50000
-32.50000 42.00000 -11.00000
-33.00000 42.00000 -11.50000
-33.00000 41.50000 -11.00000
-32.50000 42.00000 -10.00000
-32.50000 42.00000 -9.00000
-33.00000 42.00000 -8.50000
-33.00000 41.50000 -8.00000
-32.50000 43.00000 -11.00000
-33.00000 43.00000 -11.50000
-32.50000 42.50000 -9.50000
-32.50000 43.00000 -9.00000
-33.00000 43.00000 -9.50000
-33.00000 42.50000 -9.00000
-32.50000 44.00000 -16.00000
-33.00000 44.00000 -16.50000
-33.00000 43.50000 -16.00000
-33.00000 43.50000 -15.00000
-32.50000 44.00000 -15.00000
-33.00000 44.00000 -14.50000
-32.50000 44.00000 -12.00000
-33.00000 44.00000 -12.50000
-33.00000 43.50000 -12.00000
-33.00000 44.00000 -9.50000
-32.50000 45.00000 -16.00000
-33.00000 45.00000 -16.50000
-32.50000 45.00000 -15.00000
-33.00000 44.50000 -14.00000
-32.50000 45.00000 -14.00000
-33.00000 45.00000 -13.50000
-32.50000 45.00000 -12.00000
-33.00000 45.00000 -12.50000
-33.00000 45.00000 -9.50000
-32.50000 46.00000 -16.00000
-33.00000 46.00000 -16.50000
-32.50000 46.00000 -15.00000
-32.50000 46.00000 -14.00000
-33.00000 45.50000 -13.00000
-32.50000 46.00000 -13.00000
-32.50000 46.00000 -12.00000
-33.00000 46.00000 -9.50000
-32.50000 47.00000 -16.00000
-33.00000 47.00000 -16.50000
-32.50000 47.00000 -15.00000
-32.50000 47.00000 -14.00000
-32.50000 47.00000 -13.00000
-32.50000 47.00000 -12.00000
-32.50000 47.00000 -10.00000
-33.00000 46.50000 -10.00000
-33.00000 47.00000 -10.50000
-32.50000 48.00000 -16.00000
-33.00000 48.00000 -16.50000
-32.50000 48.00000 -15.00000
-32.50000 48.00000 -14.00000
-32.50000 48.00000 -13.00000
-32.50000 48.00000 -10.00000
-33.00000 48.00000 -10.50000
-32.50000 49.00000 -16.00000
-33.00000 49.00000 -16.50000
-32.50000 49.00000 -15.00000
-32.50000 49.00000 -14.00000
-32.50000 49.00000 -13.00000
-32.50000 49.00000 -10.00000
-33.00000 49.00000 -10.50000
-32.50000 50.00000 -16.00000
-33.00000 50.00000 -16.50000
-32.50000 50.00000 -15.00000
-32.50000 50.00000 -14.00000
-32.50000 50.00000 -10.00000
-33.00000 50.00000 -10.50000
-32.50000 51.00000 -16.00000
-33.00000 51.00000 -16.50000
-32.50000 51.00000 -15.00000
-32.50000 51.00000 -14.00000
-32.50000 51.00000 -10.00000
-33.00000 51.00000 -10.50000
-32.50000 52.00000 -16.00000
-33.00000 52.00000 -16.50000
-32.50000 52.00000 -15.00000
-32.50000 52.00000 -10.00000
-33.00000 52.00000 -10.50000
-32.50000 53.00000 -16.00000
-33.00000 53.00000 -16.50000
-32.50000 53.00000 -15.00000
-32.50000 53.00000 -10.00000
-33.00000 53.00000 -10.50000
-33.00000 53.50000 -16.00000
-33.00000 53.50000 -15.00000
-33.00000 53.50000 -14.00000
-33.00000 53.50000 -13.00000
-33.00000 53.50000 -12.00000
-33.00000 53.50000 -11.00000
-33.50000 38.00000 -12.00000
-34.00000 38.00000 -12.50000
-34.00000 37.50000 -12.00000
-34.00000 37.50000 -11.00000
-33.50000 38.00000 -11.00000
-34.00000 37.50000 -10.00000
-33.50000 38.00000 -10.00000
-34.00000 37.50000 -9.00000
-33.50000 38.00000 -9.00000
-34.00000 37.50000 -8.00000
-33.50000 38.00000 -8.00000
-34.00000 38.00000 -7.50000
-33.50000 39.00000 -12.00000
-34.00000 39.00000 -12.50000
-33.50000 39.00000 -11.00000
-33.50000 39.00000 -10.00000
-33.50000 39.00000 -9.00000
-33.50000 39.00000 -8.00000
-34.00000 39.00000 -7.50000
-33.50000 40.00000 -12.00000
-34.00000 40.00000 -12.50000
-33.50000 40.00000 -11.00000
-33.50000 40.00000 -10.00000
-34.00000 40.00000 -7.50000
-33.50000 41.00000 -17.00000
-34.00000 41.00000 -17.50000
-34.00000 40.50000 -17.00000
-34.00000 40.50000 -16.00000
-33.50000 41.00000 -16.00000
-34.00000 40.50000 -15.00000
-33.50000 41.00000 -15.00000
-34.00000 40.50000 -14.00000
-33.50000 41.00000 -14.00000
-34.00000 40.50000 -13.00000
-33.50000 41.00000 -13.00000
-33.50000 41.00000 -12.00000
-33.50000 41.00000 -11.00000
-33.50000 41.00000 -8.00000
-34.00000 40.50000 -8.00000
-34.00000 41.00000 -8.50000
-33.50000 42.00000 -17.00000
-34.00000 42.00000 -17.50000
-33.50000 42.00000 -16.00000
-33.50000 42.00000 -15.00000
-33.50000 42.00000 -14.00000
-33.50000 42.00000 -13.00000
-33.50000 42.00000 -12.00000
-33.50000 42.00000 -9.00000
-34.00000 41.50000 -9.00000
-34.00000 42.00000 -9.50000
-33.50000 43.00000 -17.00000
-34.00000 43.00000 -17.50000
-33.50000 43.00000 -16.00000
-33.50000 43.00000 -15.00000
-33.50000 43.00000 -14.00000
-33.50000 43.00000 -13.00000
-33.50000 43.00000 -12.00000
-33.50000 43.00000 -10.00000
-34.00000 42.50000 -10.00000
-34.00000 43.00000 -10.50000
-33.50000 44.00000 -17.00000
-34.00000 44.00000 -17.50000
-33.50000 44.00000 -14.00000
-33.50000 44.00000 -13.00000
-33.50000 44.00000 -10.00000
-34.00000 44.00000 -10.50000
-33.50000 45.00000 -17.00000
-34.00000 45.00000 -17.50000
-33.50000 45.00000 -13.00000
-33.50000 45.00000 -10.00000
-34.00000 45.00000 -10.50000
-33.50000 46.00000 -17.00000
-34.00000 46.00000 -17.50000
-33.50000 46.00000 -10.00000
-34.00000 46.00000 -10.50000
-33.50000 47.00000 -17.00000
-34.00000 47.00000 -17.50000
-34.00000 47.00000 -10.50000
-34.00000 47.50000 -17.00000
-34.00000 48.00000 -16.50000
-34.00000 48.00000 -10.50000
-34.00000 49.00000 -16.50000
-33.50000 49.00000 -11.00000
-34.00000 48.50000 -11.00000
-34.00000 49.00000 -11.50000
-34.00000 50.00000 -16.50000
-33.50000 50.00000 -11.00000
-34.00000 50.00000 -11.50000
-34.00000 51.00000 -16.50000
-33.50000 51.00000 -12.00000
-34.00000 50.50000 -12.00000
-34.00000 51.00000 -12.50000
-33.50000 51.00000 -11.00000
-34.00000 52.00000 -16.50000
-33.50000 52.00000 -12.00000
-34.00000 52.00000 -12.50000
-33.50000 52.00000 -11.00000
-34.00000 53.00000 -16.50000
-34.00000 52.50000 -12.00000
-34.00000 53.00000 -11.50000
-33.50000 53.00000 -11.00000
-34.00000 53.50000 -16.00000
-33.50000 54.00000 -15.00000
-34.00000 54.00000 -15.50000
-33.50000 54.00000 -14.00000
-33.50000 54.00000 -13.00000
-33.50000 54.00000 -12.00000
-34.00000 54.00000 -11.50000
-34.00000 54.50000 -15.00000
-34.00000 54.50000 -14.00000
-34.00000 54.50000 -13.00000
-34.00000 54.50000 -12.00000
-34.50000 36.00000 -10.00000
-35.00000 36.00000 -10.50000
-35.00000 35.50000 -10.00000
-35.00000 35.50000 -9.00000
-34.50000 36.00000 -9.00000
-35.00000 36.00000 -8.50000
-34.50000 37.00000 -12.00000
-35.00000 37.00000 -12.50000
-35.00000 36.50000 -12.00000
-35.00000 36.50000 -11.00000
-34.50000 37.00000 -11.00000
-34.50000 37.00000 -10.00000
-34.50000 37.00000 -9.00000
-35.00000 36.50000 -8.00000
-34.50000 37.00000 -8.00000
-35.00000 37.00000 -7.50000
-34.50000 38.00000 -14.00000
-35.00000 38.00000 -14.50000
-35.00000 37.50000 -14.00000
-35.00000 37.50000 -13.00000
-34.50000 38.00000 -13.00000
-35.00000 38.00000 -7.50000
-34.50000 39.00000 -16.00000
-35.00000 39.00000 -16.50000
-35.00000 38.50000 -16.00000
-35.00000 38.50000 -15.00000
-34.50000 39.00000 -15.00000
-34.50000 39.00000 -14.00000
-34.50000 39.00000 -13.00000
-34.50000 38.50000 -12.50000
-34.50000 39.00000 -12.00000
-35.00000 38.50000 -12.00000
-35.00000 39.00000 -12.50000
-34.50000 39.00000 -11.00000
-35.00000 38.50000 -11.00000
-35.00000 39.00000 -10.50000
-35.00000 39.00000 -7.50000
-34.50000 40.00000 -18.00000
-35.00000 40.00000 -18.50000
-35.00000 39.50000 -18.00000
-35.00000 39.50000 -17.00000
-34.50000 40.00000 -17.00000
-34.50000 40.00000 -16.00000
-34.50000 40.00000 -15.00000
-34.50000 40.00000 -14.00000
-34.50000 40.00000 -13.00000
-34.50000 39.50000 -12.50000
-35.00000 39.50000 -12.00000
-35.00000 39.50000 -11.00000
-34.50000 40.00000 -8.00000
-35.00000 39.50000 -8.00000
-35.00000 40.00000 -8.50000
-34.50000 41.00000 -18.00000
-35.00000 41.00000 -18.50000
-35.00000 41.00000 -8.50000
-34.50000 42.00000 -18.00000
-35.00000 42.00000 -18.50000
-34.50000 42.00000 -10.00000
-35.00000 41.50000 -10.00000
-35.00000 42.00000 -10.50000
-35.00000 41.50000 -9.00000
-34.50000 43.00000 -18.00000
-35.00000 43.00000 -18.50000
-35.00000 43.00000 -10.50000
-34.50000 44.00000 -18.00000
-35.00000 44.00000 -18.50000
-35.00000 44.00000 -10.50000
-34.50000 45.00000 -18.00000
-35.00000 45.00000 -18.50000
-35.00000 45.00000 -10.50000
-35.00000 45.50000 -18.00000
-35.00000 46.00000 -17.50000
-35.00000 46.00000 -10.50000
-35.00000 47.00000 -17.50000
-35.00000 47.00000 -10.50000
-34.50000 48.00000 -17.00000
-35.00000 48.00000 -17.50000
-35.00000 48.00000 -10.50000
-35.00000 48.50000 -17.00000
-35.00000 49.00000 -16.50000
-34.50000 49.00000 -11.00000
-35.00000 49.00000 -10.50000
-35.00000 50.00000 -16.50000
-34.50000 50.00000 -12.00000
-35.00000 49.50000 -12.00000
-35.00000 50.00000 -12.50000
-35.00000 49.50000 -11.00000
-35.00000 51.00000 -16.50000
-35.00000 51.00000 -12.50000
-34.50000 51.00000 -9.00000
-35.00000 51.00000 -9.50000
-35.00000 50.50000 -9.00000
-35.00000 51.00000 -8.50000
-35.00000 52.00000 -16.50000
-34.50000 52.00000 -13.00000
-35.00000 51.50000 -13.00000
-35.00000 52.00000 -13.50000
-35.00000 51.50000 -9.00000
-35.00000 53.00000 -16.50000
-34.50000 53.00000 -13.00000
-35.00000 53.00000 -13.50000
-34.50000 53.00000 -12.00000
-34.50000 54.00000 -16.00000
-35.00000 54.00000 -16.50000
-35.00000 53.50000 -13.00000
-35.00000 54.00000 -12.50000
-34.50000 54.00000 -12.00000
-35.00000 54.50000 -16.00000
-35.00000 54.50000 -15.00000
-35.00000 54.50000 -14.00000
-35.00000 54.50000 -13.00000
-35.50000 34.00000 -10.00000
-36.00000 34.00000 -10.50000
-36.00000 33.50000 -10.00000
-36.00000 33.50000 -9.00000
-35.50000 34.00000 -9.00000
-36.00000 34.00000 -8.50000
-35.50000 35.00000 -10.00000
-36.00000 35.00000 -10.50000
-35.50000 35.00000 -9.00000
-36.00000 35.00000 -8.50000
-35.50000 36.00000 -12.00000
-36.00000 36.00000 -12.50000
-36.00000 35.50000 -12.00000
-36.00000 35.50000 -11.00000
-35.50000 36.00000 -11.00000
-36.00000 36.00000 -8.50000
-35.50000 37.00000 -14.00000
-36.00000 37.00000 -14.50000
-36.00000 36.50000 -14.00000
-36.00000 36.50000 -13.00000
-35.50000 37.00000 -13.00000
-36.00000 36.50000 -8.00000
-36.00000 37.00000 -7.50000
-35.50000 38.00000 -18.00000
-36.00000 38.00000 -18.50000
-36.00000 37.50000 -18.00000
-36.00000 37.50000 -17.00000
-35.50000 38.00000 -17.00000
-36.00000 37.50000 -16.00000
-35.50000 38.00000 -16.00000
-36.00000 37.50000 -15.00000
-35.50000 38.00000 -15.00000
-36.00000 38.00000 -7.50000
-35.50000 39.00000 -19.00000
-36.00000 39.00000 -19.50000
-36.00000 38.50000 -19.00000
-35.50000 39.00000 -18.00000
-35.50000 39.00000 -17.00000
-35.50000 39.00000 -13.00000
-36.00000 38.50000 -13.00000
-36.00000 39.00000 -13.50000
-36.00000 38.50000 -12.00000
-35.50000 39.00000 -11.00000
-36.00000 39.00000 -11.50000
-35.50000 39.00000 -8.00000
-36.00000 38.50000 -8.00000
-36.00000 39.00000 -8.50000
-35.50000 40.00000 -19.00000
-36.00000 40.00000 -19.50000
-36.00000 39.50000 -13.00000
-36.00000 39.50000 -12.00000
-36.00000 40.00000 -8.50000
-35.50000 41.00000 -19.00000
-36.00000 41.00000 -19.50000
-35.50000 41.00000 -9.00000
-36.00000 40.50000 -9.00000
-36.00000 41.00000 -9.50000
-36.00000 41.50000 -19.00000
-36.00000 42.00000 -18.50000
-36.00000 41.50000 -10.00000
-36.00000 42.00000 -10.50000
-36.00000 43.00000 -18.50000
-35.50000 43.00000 -11.00000
-36.00000 42.50000 -11.00000
-36.00000 43.00000 -11.50000
-36.00000 44.00000 -18.50000
-35.50000 44.00000 -11.00000
-36.00000 44.00000 -11.50000
-36.00000 45.00000 -18.50000
-35.50000 45.00000 -11.00000
-36.00000 45.00000 -11.50000
-35.50000 46.00000 -18.00000
-36.00000 46.00000 -18.50000
-36.00000 45.50000 -11.00000
-36.00000 46.00000 -10.50000
-36.00000 46.50000 -18.00000
-36.00000 47.00000 -17.50000
-36.00000 47.00000 -10.50000
-36.00000 48.00000 -17.50000
-36.00000 47.50000 -10.00000
-35.50000 48.00000 -10.00000
-36.00000 48.00000 -9.50000
-35.50000 49.00000 -17.00000
-36.00000 49.00000 -17.50000
-35.50000 49.00000 -10.00000
-36.00000 48.50000 -9.00000
-35.50000 49.00000 -9.00000
-36.00000 49.00000 -8.50000
-35.50000 50.00000 -17.00000
-36.00000 50.00000 -17.50000
-35.50000 50.00000 -12.00000
-35.50000 50.00000 -11.00000
-35.50000 50.00000 -10.00000
-35.50000 50.00000 -9.00000
-36.00000 49.50000 -8.00000
-35.50000 50.00000 -8.00000
-36.00000 50.00000 -7.50000
-36.00000 50.50000 -17.00000
-36.00000 51.00000 -16.50000
-35.50000 51.00000 -12.00000
-35.50000 51.00000 -11.00000
-35.50000 51.00000 -10.00000
-35.50000 51.00000 -8.00000
-36.00000 51.00000 -7.50000
-36.00000 52.00000 -16.50000
-36.00000 51.50000 -13.00000
-36.00000 52.00000 -13.50000
-36.00000 51.50000 -12.00000
-35.50000 52.00000 -11.00000
-36.00000 52.00000 -11.50000
-35.50000 52.00000 -10.00000
-35.50000 52.00000 -9.00000
-36.00000 52.00000 -8.50000
-36.00000 51.50000 -8.00000
-36.00000 53.00000 -16.50000
-36.00000 53.00000 -13.50000
-36.00000 52.50000 -11.00000
-36.00000 52.50000 -10.00000
-36.00000 52.50000 -9.00000
-36.00000 54.00000 -16.50000
-35.50000 54.00000 -14.00000
-36.00000 53.50000 -14.00000
-36.00000 54.00000 -14.50000
-35.50000 54.00000 -13.00000
-36.00000 54.50000 -16.00000
-36.00000 54.50000 -15.00000
-36.50000 33.00000 -11.00000
-37.00000 33.00000 -11.50000
-37.00000 32.50000 -11.00000
-37.00000 32.50000 -10.00000
-36.50000 33.00000 -10.00000
-37.00000 33.00000 -9.50000
-36.50000 34.00000 -11.00000
-37.00000 34.00000 -11.50000
-37.00000 33.50000 -9.00000
-37.00000 34.00000 -8.50000
-36.50000 35.00000 -12.00000
-37.00000 35.00000 -12.50000
-37.00000 34.50000 -12.00000
-36.50000 35.00000 -11.00000
-37.00000 35.00000 -8.50000
-36.50000 36.00000 -14.00000
-37.00000 36.00000 -14.50000
-37.00000 35.50000 -14.00000
-37.00000 35.50000 -13.00000
-36.50000 36.00000 -13.00000
-37.00000 36.00000 -8.50000
-36.50000 37.00000 -19.00000
-37.00000 37.00000 -19.50000
-37.00000 36.50000 -19.00000
-37.00000 36.50000 -18.00000
-36.50000 37.00000 -18.00000
-37.00000 36.50000 -17.00000
-36.50000 37.00000 -17.00000
-37.00000 36.50000 -16.00000
-36.50000 37.00000 -16.00000
-37.00000 36.50000 -15.00000
-36.50000 37.00000 -15.00000
-36.50000 37.00000 -8.00000
-37.00000 37.00000 -8.50000
-36.50000 38.00000 -19.00000
-37.00000 38.00000 -19.50000
-36.50000 38.00000 -13.00000
-37.00000 37.50000 -13.00000
-37.00000 38.00000 -13.50000
-37.00000 38.00000 -12.50000
-36.50000 38.00000 -8.00000
-37.00000 38.00000 -8.50000
-37.00000 39.00000 -19.50000
-36.50000 39.00000 -13.00000
-37.00000 38.50000 -13.00000
-36.50000 38.50000 -12.50000
-36.50000 39.00000 -12.00000
-37.00000 39.00000 -8.50000
-37.00000 40.00000 -19.50000
-36.50000 40.00000 -9.00000
-37.00000 39.50000 -9.00000
-37.00000 40.00000 -9.50000
-37.00000 41.00000 -19.50000
-36.50000 41.00000 -10.00000
-37.00000 40.50000 -10.00000
-37.00000 41.00000 -10.50000
-36.50000 42.00000 -19.00000
-37.00000 42.00000 -19.50000
-36.50000 42.00000 -11.00000
-37.00000 41.50000 -11.00000
-37.00000 42.00000 -11.50000
-36.50000 43.00000 -19.00000
-37.00000 43.00000 -19.50000
-37.00000 43.00000 -11.50000
-37.00000 43.50000 -19.00000
-37.00000 44.00000 -18.50000
-36.50000 44.00000 -12.00000
-37.00000 43.50000 -12.00000
-37.00000 44.00000 -12.50000
-37.00000 45.00000 -18.50000
-37.00000 44.50000 -12.00000
-37.00000 45.00000 -11.50000
-37.00000 46.00000 -18.50000
-36.50000 46.00000 -11.00000
-37.00000 46.00000 -11.50000
-37.00000 46.50000 -18.00000
-37.00000 47.00000 -17.50000
-37.00000 46.50000 -11.00000
-37.00000 47.00000 -10.50000
-37.00000 48.00000 -17.50000
-37.00000 47.50000 -10.00000
-37.00000 48.00000 -9.50000
-37.00000 49.00000 -17.50000
-37.00000 48.50000 -9.00000
-37.00000 49.00000 -8.50000
-37.00000 50.00000 -17.50000
-37.00000 49.50000 -8.00000
-37.00000 50.00000 -7.50000
-37.00000 50.50000 -17.00000
-37.00000 51.00000 -16.50000
-37.00000 51.00000 -7.50000
-37.00000 52.00000 -16.50000
-36.50000 52.00000 -13.00000
-36.50000 52.00000 -12.00000
-37.00000 51.50000 -8.00000
-37.00000 52.00000 -8.50000
-37.00000 53.00000 -16.50000
-36.50000 53.00000 -13.00000
-36.50000 53.00000 -12.00000
-36.50000 53.00000 -11.00000
-36.50000 53.00000 -10.00000
-37.00000 53.00000 -9.50000
-37.00000 52.50000 -9.00000
-37.00000 54.00000 -16.50000
-36.50000 54.00000 -14.00000
-37.00000 54.00000 -13.50000
-37.00000 53.50000 -13.00000
-37.00000 53.50000 -12.00000
-37.00000 53.50000 -11.00000
-37.00000 53.50000 -10.00000
-37.00000 54.50000 -16.00000
-37.00000 54.50000 -15.00000
-37.00000 54.50000 -14.00000
-37.50000 32.00000 -12.00000
-38.00000 32.00000 -12.50000
-38.00000 31.50000 -12.00000
-38.00000 31.50000 -11.00000
-37.50000 32.00000 -11.00000
-38.00000 31.50000 -10.00000
-37.50000 32.00000 -10.00000
-38.00000 32.00000 -9.50000
-37.50000 33.00000 -12.00000
-38.00000 33.00000 -12.50000
-38.00000 33.00000 -9.50000
-37.50000 34.00000 -14.00000
-38.00000 34.00000 -14.50000
-38.00000 33.50000 -14.00000
-38.00000 33.50000 -13.00000
-37.50000 34.00000 -13.00000
-37.50000 34.00000 -12.00000
-37.50000 34.00000 -9.00000
-38.00000 34.00000 -9.50000
-37.50000 35.00000 -18.00000
-38.00000 35.00000 -18.50000
-38.00000 34.50000 -18.00000
-38.00000 34.50000 -17.00000
-37.50000 35.00000 -17.00000
-38.00000 34.50000 -16.00000
-37.50000 35.00000 -16.00000
-38.00000 34.50000 -15.00000
-37.50000 35.00000 -15.00000
-37.50000 35.00000 -14.00000
-37.50000 35.00000 -13.00000
-37.50000 35.00000 -9.00000
-38.00000 35.00000 -9.50000
-37.50000 36.00000 -20.00000
-38.00000 36.00000 -20.50000
-38.00000 35.50000 -20.00000
-38.00000 35.50000 -19.00000
-37.50000 36.00000 -19.00000
-37.50000 36.00000 -18.00000
-37.50000 36.00000 -17.00000
-37.50000 36.00000 -16.00000
-37.50000 36.00000 -15.00000
-37.50000 36.00000 -9.00000
-38.00000 36.00000 -9.50000
-37.50000 37.00000 -20.00000
-38.00000 37.00000 -20.50000
-38.00000 36.50000 -9.00000
-38.00000 37.00000 -8.50000
-37.50000 38.00000 -20.00000
-38.00000 38.00000 -20.50000
-37.50000 38.00000 -13.00000
-37.50000 38.00000 -9.00000
-38.00000 37.50000 -9.00000
-38.00000 38.00000 -9.50000
-37.50000 39.00000 -20.00000
-38.00000 39.00000 -20.50000
-37.50000 39.00000 -9.00000
-38.00000 39.00000 -9.50000
-37.50000 40.00000 -20.00000
-38.00000 40.00000 -20.50000
-37.50000 40.00000 -10.00000
-38.00000 39.50000 -10.00000
-38.00000 40.00000 -10.50000
-38.00000 40.50000 -20.00000
-38.00000 41.00000 -19.50000
-37.50000 41.00000 -11.00000
-38.00000 40.50000 -11.00000
-38.00000 41.00000 -11.50000
-38.00000 42.00000 -19.50000
-37.50000 42.00000 -12.00000
-38.00000 41.50000 -12.00000
-38.00000 42.00000 -12.50000
-38.00000 43.00000 -19.50000
-37.50000 43.00000 -13.00000
-38.00000 42.50000 -13.00000
-38.00000 43.00000 -13.50000
-37.50000 43.00000 -12.00000
-37.50000 44.00000 -19.00000
-38.00000 44.00000 -19.50000
-37.50000 44.00000 -13.00000
-38.00000 44.00000 -13.50000
-38.00000 44.50000 -19.00000
-38.00000 45.00000 -18.50000
-38.00000 44.50000 -13.00000
-37.50000 45.00000 -12.00000
-38.00000 45.00000 -12.50000
-38.00000 46.00000 -18.50000
-38.00000 45.50000 -12.00000
-38.00000 46.00000 -11.50000
-38.00000 46.50000 -18.00000
-38.00000 47.00000 -17.50000
-38.00000 46.50000 -11.00000
-38.00000 47.00000 -10.50000
-38.00000 48.00000 -17.50000
-38.00000 47.50000 -10.00000
-38.00000 48.00000 -9.50000
-38.00000 49.00000 -17.50000
-37.50000 49.00000 -9.00000
-38.00000 49.00000 -9.50000
-38.00000 49.50000 -17.00000
-37.50000 50.00000 -17.00000
-38.00000 50.00000 -16.50000
-38.00000 49.50000 -9.00000
-37.50000 50.00000 -8.00000
-38.00000 50.00000 -8.50000
-38.00000 51.00000 -16.50000
-37.50000 51.00000 -11.00000
-38.00000 50.50000 -11.00000
-38.00000 51.00000 -11.50000
-38.00000 51.00000 -10.50000
-38.00000 50.50000 -8.00000
-38.00000 51.00000 -7.50000
-38.00000 52.00000 -16.50000
-37.50000 52.00000 -11.00000
-38.00000 52.00000 -11.50000
-38.00000 51.50000 -10.00000
-37.50000 52.00000 -10.00000
-38.00000 52.00000 -9.50000
-38.00000 51.50000 -8.00000
-38.00000 52.00000 -8.50000
-38.00000 53.00000 -16.50000
-38.00000 52.50000 -11.00000
-38.00000 53.00000 -10.50000
-37.50000 53.00000 -10.00000
-38.00000 52.50000 -9.00000
-38.00000 54.00000 -16.50000
-37.50000 54.00000 -13.00000
-38.00000 54.00000 -12.50000
-38.00000 53.50000 -12.00000
-38.00000 53.50000 -11.00000
-38.00000 54.50000 -16.00000
-38.00000 54.50000 -15.00000
-38.00000 54.50000 -14.00000
-38.00000 54.50000 -13.00000
-38.50000 24.00000 -4.00000
-39.00000 24.00000 -4.50000
-39.00000 23.50000 -4.00000
-39.00000 24.00000 -3.50000
-39.00000 24.50000 -4.00000
-38.50000 30.00000 -12.00000
-39.00000 30.00000 -12.50000
-39.00000 29.50000 -12.00000
-39.00000 29.50000 -11.00000
-38.50000 30.00000 -11.00000
-39.00000 30.00000 -10.50000
-38.50000 31.00000 -12.00000
-39.00000 31.00000 -12.50000
-38.50000 31.00000 -11.00000
-39.00000 31.00000 -10.50000
-38.50000 32.00000 -13.00000
-39.00000 32.00000 -13.50000
-39.00000 31.50000 -13.00000
-39.00000 32.00000 -10.50000
-38.50000 32.00000 -10.00000
-38.50000 33.00000 -16.00000
-39.00000 33.00000 -16.50000
-39.00000 32.50000 -16.00000
-39.00000 32.50000 -15.00000
-38.50000 33.00000 -15.00000
-39.00000 32.50000 -14.00000
-38.50000 33.00000 -14.00000
-38.50000 33.00000 -13.00000
-38.50000 33.00000 -10.00000
-39.00000 33.00000 -10.50000
-38.50000 34.00000 -19.00000
-39.00000 34.00000 -19.50000
-39.00000 33.50000 -19.00000
-39.00000 33.50000 -18.00000
-38.50000 34.00000 -18.00000
-39.00000 33.50000 -17.00000
-38.50000 34.00000 -17.00000
-38.50000 34.00000 -16.00000
-38.50000 34.00000 -15.00000
-38.50000 34.00000 -10.00000
-39.00000 34.00000 -10.50000
-38.50000 35.00000 -20.00000
-39.00000 35.00000 -20.50000
-39.00000 34.50000 -20.00000
-38.50000 35.00000 -19.00000
-38.50000 35.00000 -10.00000
-39.00000 35.00000 -10.50000
-39.00000 36.00000 -20.50000
-38.50000 36.00000 -10.00000
-39.00000 36.00000 -10.50000
-39.00000 37.00000 -20.50000
-39.00000 36.50000 -10.00000
-38.50000 37.00000 -9.00000
-39.00000 37.00000 -9.50000
-39.00000 38.00000 -20.50000
-38.50000 38.00000 -10.00000
-39.00000 37.50000 -10.00000
-39.00000 38.00000 -10.50000
-39.00000 39.00000 -20.50000
-38.50000 39.00000 -10.00000
-39.00000 39.00000 -10.50000
-39.00000 40.00000 -20.50000
-38.50000 40.00000 -11.00000
-39.00000 39.50000 -11.00000
-39.00000 40.00000 -11.50000
-38.50000 41.00000 -20.00000
-39.00000 41.00000 -20.50000
-38.50000 41.00000 -12.00000
-39.00000 40.50000 -12.00000
-39.00000 41.00000 -12.50000
-39.00000 41.50000 -20.00000
-39.00000 42.00000 -19.50000
-38.50000 42.00000 -13.00000
-39.00000 41.50000 -13.00000
-39.00000 42.00000 -13.50000
-39.00000 43.00000 -19.50000
-39.00000 43.00000 -13.50000
-39.00000 44.00000 -19.50000
-39.00000 44.00000 -13.50000
-38.50000 45.00000 -19.00000
-39.00000 45.00000 -19.50000
-38.50000 45.00000 -13.00000
-39.00000 45.00000 -13.50000
-38.50000 45.00000 -7.00000
-39.00000 45.00000 -7.50000
-39.00000 44.50000 -7.00000
-39.00000 45.00000 -6.50000
-39.00000 45.50000 -19.00000
-39.00000 46.00000 -18.50000
-39.00000 45.50000 -13.00000
-38.50000 46.00000 -12.00000
-39.00000 46.00000 -12.50000
-38.50000 46.00000 -7.00000
-39.00000 46.00000 -7.50000
-39.00000 46.00000 -6.50000
-38.50000 47.00000 -18.00000
-39.00000 47.00000 -18.50000
-39.00000 46.50000 -12.00000
-38.50000 47.00000 -11.00000
-39.00000 47.00000 -11.50000
-39.00000 46.50000 -7.00000
-39.00000 47.50000 -18.00000
-39.00000 48.00000 -17.50000
-39.00000 47.50000 -11.00000
-38.50000 48.00000 -10.00000
-39.00000 48.00000 -10.50000
-39.00000 49.00000 -17.50000
-39.00000 48.50000 -10.00000
-39.00000 49.00000 -9.50000
-39.00000 49.50000 -17.00000
-39.00000 50.00000 -16.50000
-39.00000 49.50000 -9.00000
-39.00000 50.00000 -8.50000
-39.00000 51.00000 -16.50000
-38.50000 51.00000 -11.00000
-38.50000 51.00000 -8.00000
-39.00000 51.00000 -8.50000
-39.00000 52.00000 -16.50000
-38.50000 52.00000 -11.00000
-38.50000 52.00000 -10.00000
-39.00000 52.00000 -8.50000
-39.00000 53.00000 -16.50000
-39.00000 53.00000 -11.50000
-38.50000 53.00000 -11.00000
-39.00000 52.50000 -11.00000
-39.00000 52.50000 -10.00000
-39.00000 52.50000 -9.00000
-39.00000 53.50000 -16.00000
-38.50000 54.00000 -16.00000
-39.00000 54.00000 -15.50000
-38.50000 54.00000 -12.00000
-38.50000 53.50000 -11.50000
-39.00000 53.50000 -11.00000
-38.50000 54.00000 -11.00000
-39.00000 54.00000 -10.50000
-39.00000 54.50000 -15.00000
-39.00000 54.50000 -14.00000
-39.00000 54.50000 -13.00000
-39.00000 54.50000 -12.00000
-39.00000 54.50000 -11.00000
-39.50000 23.00000 -4.00000
-40.00000 23.00000 -4.50000
-40.00000 22.50000 -4.00000
-40.00000 23.00000 -3.50000
-39.50000 24.00000 -5.00000
-40.00000 24.00000 -5.50000
-40.00000 23.50000 -5.00000
-40.00000 24.00000 -3.50000
-39.50000 25.00000 -5.00000
-40.00000 25.00000 -5.50000
-39.50000 25.00000 -4.00000
-40.00000 25.00000 -3.50000
-40.00000 25.50000 -5.00000
-40.00000 25.50000 -4.00000
-39.50000 29.00000 -12.00000
-40.00000 29.00000 -12.50000
-40.00000 28.50000 -12.00000
-40.00000 28.50000 -11.00000
-39.50000 29.00000 -11.00000
-40.00000 29.00000 -10.50000
-40.00000 30.00000 -12.50000
-40.00000 30.00000 -10.50000
-39.50000 31.00000 -14.00000
-40.00000 31.00000 -14.50000
-40.00000 30.50000 -14.00000
-40.00000 30.50000 -13.00000
-39.50000 31.00000 -13.00000
-40.00000 31.00000 -10.50000
-39.50000 32.00000 -17.00000
-40.00000 32.00000 -17.50000
-40.00000 31.50000 -17.00000
-40.00000 31.50000 -16.00000
-39.50000 32.00000 -16.00000
-40.00000 31.50000 -15.00000
-39.50000 32.00000 -15.00000
-39.50000 32.00000 -14.00000
-40.00000 32.00000 -10.50000
-39.50000 33.00000 -19.00000
-40.00000 33.00000 -19.50000
-40.00000 32.50000 -19.00000
-40.00000 32.50000 -18.00000
-39.50000 33.00000 -18.00000
-39.50000 33.00000 -17.00000
-40.00000 33.00000 -10.50000
-39.50000 34.00000 -20.00000
-40.00000 34.00000 -20.50000
-40.00000 33.50000 -20.00000
-39.50000 34.00000 -11.00000
-40.00000 33.50000 -11.00000
-40.00000 34.00000 -11.50000
-40.00000 35.00000 -20.50000
-39.50000 35.00000 -11.00000
-40.00000 35.00000 -11.50000
-39.50000 36.00000 -21.00000
-40.00000 36.00000 -21.50000
-40.00000 35.50000 -21.00000
-39.50000 36.00000 -11.00000
-40.00000 36.00000 -11.50000
-39.50000 37.00000 -21.00000
-40.00000 37.00000 -21.50000
-39.50000 37.00000 -11.00000
-40.00000 37.00000 -11.50000
-39.50000 37.00000 -10.00000
-39.50000 38.00000 -21.00000
-40.00000 38.00000 -21.50000
-39.50000 38.00000 -11.00000
-40.00000 38.00000 -11.50000
-40.00000 38.50000 -21.00000
-40.00000 39.00000 -20.50000
-39.50000 39.00000 -12.00000
-40.00000 38.50000 -12.00000
-40.00000 39.00000 -12.50000
-39.50000 39.00000 -11.00000
-40.00000 40.00000 -20.50000
-39.50000 40.00000 -13.00000
-40.00000 39.50000 -13.00000
-40.00000 40.00000 -13.50000
-39.50000 40.00000 -12.00000
-40.00000 41.00000 -20.50000
-39.50000 41.00000 -14.00000
-40.00000 40.50000 -14.00000
-40.00000 41.00000 -14.50000
-39.50000 41.00000 -13.00000
-39.50000 42.00000 -20.00000
-40.00000 42.00000 -20.50000
-39.50000 42.00000 -14.00000
-40.00000 42.00000 -14.50000
-40.00000 42.50000 -20.00000
-40.00000 43.00000 -19.50000
-39.50000 43.00000 -14.00000
-40.00000 43.00000 -14.50000
-39.50000 43.00000 -9.00000
-40.00000 43.00000 -9.50000
-40.00000 42.50000 -9.00000
-40.00000 42.50000 -8.00000
-39.50000 43.00000 -8.00000
-40.00000 43.00000 -7.50000
-40.00000 44.00000 -19.50000
-39.50000 44.00000 -14.00000
-40.00000 44.00000 -14.50000
-39.50000 44.00000 -9.00000
-40.00000 44.00000 -9.50000
-39.50000 44.00000 -8.00000
-40.00000 43.50000 -7.00000
-39.50000 44.00000 -7.00000
-40.00000 44.00000 -6.50000
-40.00000 45.00000 -19.50000
-40.00000 44.50000 -14.00000
-40.00000 45.00000 -13.50000
-39.50000 45.00000 -9.00000
-40.00000 45.00000 -9.50000
-39.50000 45.00000 -8.00000
-40.00000 44.50000 -6.00000
-39.50000 45.00000 -6.00000
-40.00000 45.00000 -5.50000
-40.00000 45.50000 -19.00000
-40.00000 46.00000 -18.50000
-39.50000 46.00000 -13.00000
-40.00000 46.00000 -13.50000
-40.00000 45.50000 -9.00000
-39.50000 46.00000 -8.00000
-40.00000 46.00000 -8.50000
-39.50000 46.00000 -6.00000
-40.00000 46.00000 -5.50000
-40.00000 47.00000 -18.50000
-40.00000 46.50000 -13.00000
-39.50000 47.00000 -12.00000
-40.00000 47.00000 -12.50000
-40.00000 46.50000 -8.00000
-39.50000 47.00000 -7.00000
-40.00000 47.00000 -7.50000
-40.00000 47.00000 -6.50000
-40.00000 46.50000 -6.00000
-40.00000 47.50000 -18.00000
-40.00000 48.00000 -17.50000
-40.00000 47.50000 -12.00000
-39.50000 48.00000 -11.00000
-40.00000 48.00000 -11.50000
-40.00000 47.50000 -7.00000
-40.00000 49.00000 -17.50000
-40.00000 48.50000 -11.00000
-39.50000 49.00000 -10.00000
-40.00000 49.00000 -10.50000
-40.00000 49.50000 -17.00000
-40.00000 50.00000 -16.50000
-40.00000 49.50000 -10.00000
-39.50000 50.00000 -9.00000
-40.00000 50.00000 -9.50000
-40.00000 51.00000 -16.50000
-40.00000 50.50000 -9.00000
-40.00000 51.00000 -8.50000
-40.00000 52.00000 -16.50000
-40.00000 52.00000 -8.50000
-40.00000 52.50000 -16.00000
-39.50000 53.00000 -16.00000
-40.00000 53.00000 -15.50000
-39.50000 53.00000 -11.00000
-39.50000 53.00000 -10.00000
-40.00000 53.00000 -9.50000
-40.00000 52.50000 -9.00000
-40.00000 54.00000 -15.50000
-40.00000 53.50000 -10.00000
-40.00000 54.00000 -10.50000
-40.00000 54.50000 -15.00000
-40.00000 54.50000 -14.00000
-40.00000 54.50000 -13.00000
-40.00000 54.50000 -12.00000
-40.00000 54.50000 -11.00000
-40.50000 22.00000 -5.00000
-41.00000 22.00000 -5.50000
-41.00000 21.50000 -5.00000
-41.00000 22.00000 -4.50000
-40.50000 23.00000 -5.00000
-41.00000 23.00000 -5.50000
-41.00000 22.50000 -4.00000
-41.00000 23.00000 -3.50000
-40.50000 24.00000 -6.00000
-41.00000 24.00000 -6.50000
-41.00000 23.50000 -6.00000
-41.00000 24.00000 -3.50000
-41.00000 24.50000 -6.00000
-41.00000 25.00000 -5.50000
-41.00000 25.00000 -3.50000
-40.50000 26.00000 -5.00000
-41.00000 26.00000 -5.50000
-41.00000 26.00000 -4.50000
-41.00000 25.50000 -4.00000
-41.00000 26.50000 -5.00000
-40.50000 28.00000 -12.00000
-41.00000 28.00000 -12.50000
-41.00000 27.50000 -12.00000
-41.00000 27.50000 -11.00000
-40.50000 28.00000 -11.00000
-41.00000 28.00000 -10.50000
-41.00000 29.00000 -12.50000
-41.00000 29.00000 -10.50000
-40.50000 30.00000 -15.00000
-41.00000 30.00000 -15.50000
-41.00000 29.50000 -15.00000
-41.00000 29.50000 -14.00000
-40.50000 30.00000 -14.00000
-41.00000 29.50000 -13.00000
-40.50000 30.00000 -13.00000
-41.00000 30.00000 -10.50000
-40.50000 31.00000 -18.00000
-41.00000 31.00000 -18.50000
-41.00000 30.50000 -18.00000
-41.00000 30.50000 -17.00000
-40.50000 31.00000 -17.00000
-41.00000 30.50000 -16.00000
-40.50000 31.00000 -16.00000
-40.50000 31.00000 -15.00000
-41.00000 31.00000 -10.50000
-40.50000 32.00000 -19.00000
-41.00000 32.00000 -19.50000
-41.00000 31.50000 -19.00000
-40.50000 32.00000 -18.00000
-40.50000 32.00000 -11.00000
-41.00000 31.50000 -11.00000
-41.00000 32.00000 -11.50000
-40.50000 33.00000 -20.00000
-41.00000 33.00000 -20.50000
-41.00000 32.50000 -20.00000
-40.50000 33.00000 -11.00000
-41.00000 33.00000 -11.50000
-41.00000 34.00000 -20.50000
-40.50000 34.00000 -12.00000
-41.00000 33.50000 -12.00000
-41.00000 34.00000 -12.50000
-40.50000 35.00000 -21.00000
-41.00000 35.00000 -21.50000
-41.00000 34.50000 -21.00000
-40.50000 35.00000 -12.00000
-41.00000 35.00000 -12.50000
-41.00000 36.00000 -21.50000
-40.50000 36.00000 -12.00000
-41.00000 36.00000 -12.50000
-41.00000 37.00000 -21.50000
-40.50000 37.00000 -12.00000
-41.00000 37.00000 -12.50000
-41.00000 38.00000 -21.50000
-40.50000 38.00000 -12.00000
-41.00000 38.00000 -12.50000
-40.50000 39.00000 -21.00000
-41.00000 39.00000 -21.50000
-40.50000 39.00000 -14.00000
-41.00000 38.50000 -14.00000
-41.00000 39.00000 -14.50000
-40.50000 39.00000 -13.00000
-41.00000 38.50000 -13.00000
-41.00000 39.50000 -21.00000
-41.00000 40.00000 -20.50000
-40.50000 40.00000 -16.00000
-41.00000 39.50000 -16.00000
-41.00000 40.00000 -16.50000
-40.50000 40.00000 -15.00000
-41.00000 39.50000 -15.00000
-40.50000 40.00000 -14.00000
-41.00000 41.00000 -20.50000
-40.50000 41.00000 -16.00000
-41.00000 41.00000 -16.50000
-40.50000 41.00000 -15.00000
-41.00000 42.00000 -20.50000
-41.00000 41.50000 -16.00000
-41.00000 42.00000 -15.50000
-40.50000 42.00000 -15.00000
-40.50000 42.00000 -9.00000
-41.00000 42.00000 -9.50000
-41.00000 41.50000 -9.00000
-41.00000 42.00000 -8.50000
-40.50000 43.00000 -20.00000
-41.00000 43.00000 -20.50000
-40.50000 43.00000 -15.00000
-41.00000 43.00000 -15.50000
-40.50000 43.00000 -10.00000
-41.00000 43.00000 -10.50000
-41.00000 42.50000 -10.00000
-41.00000 42.50000 -8.00000
-41.00000 43.00000 -7.50000
-41.00000 43.50000 -20.00000
-41.00000 44.00000 -19.50000
-41.00000 43.50000 -15.00000
-41.00000 44.00000 -14.50000
-40.50000 44.00000 -10.00000
-41.00000 44.00000 -10.50000
-40.50000 44.00000 -7.00000
-41.00000 44.00000 -7.50000
-41.00000 45.00000 -19.50000
-40.50000 45.00000 -14.00000
-41.00000 45.00000 -14.50000
-40.50000 45.00000 -10.00000
-41.00000 45.00000 -10.50000
-41.00000 44.50000 -7.00000
-40.50000 45.00000 -6.00000
-41.00000 45.00000 -6.50000
-41.00000 45.50000 -19.00000
-41.00000 46.00000 -18.50000
-41.00000 45.50000 -14.00000
-41.00000 46.00000 -13.50000
-41.00000 45.50000 -10.00000
-40.50000 46.00000 -9.00000
-41.00000 46.00000 -9.50000
-41.00000 45.50000 -6.00000
-41.00000 46.00000 -5.50000
-41.00000 47.00000 -18.50000
-40.50000 47.00000 -13.00000
-41.00000 47.00000 -13.50000
-40.50000 47.00000 -9.00000
-41.00000 47.00000 -9.50000
-40.50000 47.00000 -8.00000
-40.50000 47.00000 -6.00000
-41.00000 47.00000 -5.50000
-41.00000 47.50000 -18.00000
-41.00000 48.00000 -17.50000
-41.00000 47.50000 -13.00000
-40.50000 48.00000 -12.00000
-41.00000 48.00000 -12.50000
-41.00000 47.50000 -9.00000
-41.00000 47.50000 -8.00000
-40.50000 48.00000 -7.00000
-41.00000 48.00000 -7.50000
-40.50000 48.00000 -6.00000
-41.00000 48.00000 -5.50000
-41.00000 49.00000 -17.50000
-41.00000 48.50000 -12.00000
-40.50000 49.00000 -11.00000
-41.00000 49.00000 -11.50000
-41.00000 48.50000 -7.00000
-41.00000 48.50000 -6.00000
-41.00000 49.50000 -17.00000
-41.00000 50.00000 -16.50000
-41.00000 49.50000 -11.00000
-40.50000 50.00000 -10.00000
-41.00000 50.00000 -10.50000
-41.00000 51.00000 -16.50000
-41.00000 50.50000 -10.00000
-41.00000 50.50000 -9.00000
-41.00000 51.00000 -8.50000
-41.00000 51.50000 -16.00000
-40.50000 52.00000 -16.00000
-41.00000 52.00000 -15.50000
-41.00000 52.00000 -8.50000
-41.00000 53.00000 -15.50000
-41.00000 52.50000 -9.00000
-41.00000 53.00000 -9.50000
-41.00000 53.50000 -15.00000
-40.50000 54.00000 -15.00000
-41.00000 54.00000 -14.50000
-41.00000 53.50000 -10.00000
-41.00000 54.00000 -10.50000
-41.00000 54.50000 -14.00000
-40.50000 55.00000 -13.00000
-41.00000 55.00000 -13.50000
-41.00000 55.00000 -12.50000
-41.00000 54.50000 -12.00000
-41.00000 54.50000 -11.00000
-41.00000 55.50000 -13.00000
-41.50000 22.00000 -6.00000
-42.00000 22.00000 -6.50000
-42.00000 21.50000 -6.00000
-42.00000 21.50000 -5.00000
-42.00000 22.00000 -4.50000
-41.50000 23.00000 -7.00000
-42.00000 23.00000 -7.50000
-42.00000 22.50000 -7.00000
-41.50000 23.00000 -6.00000
-41.50000 23.00000 -4.00000
-42.00000 23.00000 -4.50000
-41.50000 24.00000 -7.00000
-42.00000 24.00000 -7.50000
-42.00000 23.50000 -4.00000
-42.00000 24.00000 -3.50000
-42.00000 24.50000 -7.00000
-41.50000 25.00000 -6.00000
-42.00000 25.00000 -6.50000
-42.00000 25.00000 -3.50000
-41.50000 26.00000 -6.00000
-42.00000 26.00000 -6.50000
-41.50000 26.00000 -4.00000
-42.00000 26.00000 -3.50000
-41.50000 27.00000 -12.00000
-42.00000 27.00000 -12.50000
-42.00000 26.50000 -12.00000
-42.00000 26.50000 -11.00000
-41.50000 27.00000 -11.00000
-42.00000 27.00000 -10.50000
-41.50000 27.00000 -6.00000
-42.00000 27.00000 -6.50000
-42.00000 26.50000 -5.00000
-42.00000 27.00000 -5.50000
-42.00000 26.50000 -4.00000
-42.00000 28.00000 -12.50000
-42.00000 28.00000 -10.50000
-42.00000 27.50000 -6.00000
-41.50000 29.00000 -15.00000
-42.00000 29.00000 -15.50000
-42.00000 28.50000 -15.00000
-42.00000 28.50000 -14.00000
-41.50000 29.00000 -14.00000
-42.00000 28.50000 -13.00000
-41.50000 29.00000 -13.00000
-42.00000 29.00000 -10.50000
-41.50000 30.00000 -18.00000
-42.00000 30.00000 -18.50000
-42.00000 29.50000 -18.00000
-42.00000 29.50000 -17.00000
-41.50000 30.00000 -17.00000
-42.00000 29.50000 -16.00000
-41.50000 30.00000 -16.00000
-41.50000 30.00000 -11.00000
-42.00000 29.50000 -11.00000
-42.00000 30.00000 -11.50000
-41.50000 31.00000 -19.00000
-42.00000 31.00000 -19.50000
-42.00000 30.50000 -19.00000
-41.50000 31.00000 -11.00000
-42.00000 31.00000 -11.50000
-41.50000 32.00000 -20.00000
-42.00000 32.00000 -20.50000
-42.00000 31.50000 -20.00000
-42.00000 32.00000 -11.50000
-42.00000 33.00000 -20.50000
-41.50000 33.00000 -12.00000
-42.00000 32.50000 -12.00000
-42.00000 33.00000 -12.50000
-41.50000 34.00000 -21.00000
-42.00000 34.00000 -21.50000
-42.00000 33.50000 -21.00000
-41.50000 34.00000 -16.00000
-42.00000 33.50000 -16.00000
-42.00000 34.00000 -16.50000
-42.00000 34.00000 -15.50000
-41.50000 34.00000 -13.00000
-42.00000 33.50000 -13.00000
-42.00000 34.00000 -13.50000
-42.00000 35.00000 -21.50000
-41.50000 35.00000 -17.00000
-42.00000 34.50000 -17.00000
-42.00000 35.00000 -17.50000
-41.50000 35.00000 -16.00000
-42.00000 34.50000 -15.00000
-41.50000 35.00000 -15.00000
-42.00000 35.00000 -14.50000
-41.50000 35.00000 -13.00000
-42.00000 35.00000 -13.50000
-42.00000 36.00000 -21.50000
-41.50000 36.00000 -17.00000
-42.00000 36.00000 -17.50000
-41.50000 36.00000 -16.00000
-42.00000 36.00000 -15.50000
-42.00000 35.50000 -15.00000
-41.50000 36.00000 -13.00000
-42.00000 36.00000 -13.50000
-42.00000 37.00000 -21.50000
-42.00000 36.50000 -17.00000
-42.00000 37.00000 -16.50000
-41.50000 37.00000 -16.00000
-42.00000 36.50000 -15.00000
-41.50000 37.00000 -15.00000
-42.00000 37.00000 -14.50000
-41.50000 37.00000 -13.00000
-42.00000 37.00000 -13.50000
-42.00000 38.00000 -21.50000
-41.50000 38.00000 -16.00000
-42.00000 38.00000 -16.50000
-41.50000 38.00000 -15.00000
-42.00000 37.50000 -14.00000
-41.50000 38.00000 -14.00000
-41.50000 38.00000 -13.00000
-42.00000 39.00000 -21.50000
-41.50000 39.00000 -16.00000
-42.00000 39.00000 -16.50000
-41.50000 39.00000 -15.00000
-41.50000 40.00000 -21.00000
-42.00000 40.00000 -21.50000
-42.00000 40.00000 -16.50000
-42.00000 40.50000 -21.00000
-42.00000 41.00000 -20.50000
-42.00000 41.00000 -16.50000
-41.50000 41.00000 -11.00000
-42.00000 41.00000 -11.50000
-42.00000 40.50000 -11.00000
-42.00000 40.50000 -10.00000
-41.50000 41.00000 -10.00000
-42.00000 40.50000 -9.00000
-41.50000 41.00000 -9.00000
-42.00000 41.00000 -8.50000
-42.00000 42.00000 -20.50000
-41.50000 42.00000 -16.00000
-42.00000 42.00000 -16.50000
-41.50000 42.00000 -11.00000
-42.00000 42.00000 -11.50000
-41.50000 42.00000 -10.00000
-42.00000 42.00000 -8.50000
-42.00000 43.00000 -20.50000
-41.50000 43.00000 -16.00000
-42.00000 43.00000 -16.50000
-41.50000 43.00000 -12.00000
-42.00000 43.00000 -12.50000
-42.00000 42.50000 -12.00000
-41.50000 43.00000 -11.00000
-41.50000 43.00000 -8.00000
-42.00000 43.00000 -8.50000
-42.00000 43.50000 -20.00000
-42.00000 44.00000 -19.50000
-42.00000 43.50000 -16.00000
-41.50000 44.00000 -15.00000
-42.00000 44.00000 -15.50000
-42.00000 43.50000 -12.00000
-41.50000 44.00000 -11.00000
-42.00000 44.00000 -11.50000
-41.50000 44.00000 -8.00000
-42.00000 44.00000 -8.50000
-42.00000 45.00000 -19.50000
-41.50000 45.00000 -15.00000
-42.00000 45.00000 -15.50000
-41.50000 45.00000 -11.00000
-42.00000 45.00000 -11.50000
-42.00000 44.50000 -8.00000
-41.50000 45.00000 -7.00000
-42.00000 45.00000 -7.50000
-41.50000 46.00000 -19.00000
-42.00000 46.00000 -19.50000
-42.00000 45.50000 -15.00000
-41.50000 46.00000 -14.00000
-42.00000 46.00000 -14.50000
-42.00000 45.50000 -11.00000
-41.50000 46.00000 -10.00000
-42.00000 46.00000 -10.50000
-42.00000 45.50000 -7.00000
-41.50000 46.00000 -6.00000
-42.00000 46.00000 -6.50000
-42.00000 46.50000 -19.00000
-42.00000 47.00000 -18.50000
-42.00000 46.50000 -14.00000
-42.00000 47.00000 -13.50000
-42.00000 46.50000 -10.00000
-42.00000 47.00000 -9.50000
-42.00000 46.50000 -6.00000
-42.00000 47.00000 -5.50000
-42.00000 47.50000 -18.00000
-42.00000 48.00000 -17.50000
-42.00000 47.50000 -13.00000
-42.00000 48.00000 -12.50000
-42.00000 47.50000 -9.00000
-41.50000 48.00000 -8.00000
-42.00000 48.00000 -8.50000
-42.00000 48.00000 -5.50000
-42.00000 49.00000 -17.50000
-42.00000 48.50000 -12.00000
-42.00000 49.00000 -11.50000
-42.00000 48.50000 -8.00000
-41.50000 49.00000 -7.00000
-42.00000 49.00000 -7.50000
-41.50000 49.00000 -6.00000
-42.00000 49.00000 -5.50000
-42.00000 49.50000 -17.00000
-42.00000 50.00000 -16.50000
-42.00000 49.50000 -11.00000
-42.00000 50.00000 -10.50000
-42.00000 49.50000 -7.00000
-42.00000 49.50000 -6.00000
-42.00000 51.00000 -16.50000
-42.00000 50.50000 -10.00000
-42.00000 50.50000 -9.00000
-42.00000 50.50000 -8.00000
-41.50000 51.00000 -8.00000
-42.00000 51.00000 -7.50000
-42.00000 51.50000 -16.00000
-42.00000 52.00000 -15.50000
-42.00000 51.50000 -8.00000
-42.00000 52.00000 -8.50000
-42.00000 52.50000 -15.00000
-41.50000 53.00000 -15.00000
-42.00000 53.00000 -14.50000
-41.50000 53.00000 -9.00000
-42.00000 53.00000 -8.50000
-41.50000 54.00000 -14.00000
-42.00000 53.50000 -14.00000
-42.00000 54.00000 -13.50000
-41.50000 54.00000 -10.00000
-42.00000 54.00000 -9.50000
-42.00000 53.50000 -9.00000
-41.50000 55.00000 -13.00000
-42.00000 54.50000 -13.00000
-42.00000 54.50000 -12.00000
-42.00000 54.50000 -11.00000
-42.00000 54.50000 -10.00000
-42.50000 21.00000 -6.00000
-43.00000 21.00000 -6.50000
-43.00000 20.50000 -6.00000
-43.00000 21.00000 -5.50000
-42.50000 22.00000 -7.00000
-43.00000 22.00000 -7.50000
-43.00000 21.50000 -7.00000
-43.00000 21.50000 -5.00000
-43.00000 22.00000 -4.50000
-42.50000 23.00000 -8.00000
-43.00000 23.00000 -8.50000
-43.00000 22.50000 -8.00000
-43.00000 23.00000 -4.50000
-43.00000 23.50000 -8.00000
-43.00000 24.00000 -7.50000
-43.00000 23.50000 -4.00000
-43.00000 24.00000 -3.50000
-43.00000 24.50000 -7.00000
-43.00000 25.00000 -6.50000
-43.00000 25.00000 -3.50000
-42.50000 26.00000 -13.00000
-43.00000 26.00000 -13.50000
-43.00000 25.50000 -13.00000
-43.00000 25.50000 -12.00000
-42.50000 26.00000 -12.00000
-43.00000 25.50000 -11.00000
-42.50000 26.00000 -11.00000
-43.00000 26.00000 -10.50000
-42.50000 26.00000 -7.00000
-43.00000 26.00000 -7.50000
-43.00000 25.50000 -7.00000
-43.00000 26.00000 -3.50000
-42.50000 27.00000 -13.00000
-43.00000 27.00000 -13.50000
-43.00000 27.00000 -10.50000
-42.50000 27.00000 -7.00000
-43.00000 27.00000 -7.50000
-42.50000 27.00000 -5.00000
-43.00000 27.00000 -4.50000
-43.00000 26.50000 -4.00000
-42.50000 28.00000 -15.00000
-43.00000 28.00000 -15.50000
-43.00000 27.50000 -15.00000
-43.00000 27.50000 -14.00000
-42.50000 28.00000 -14.00000
-42.50000 28.00000 -13.00000
-42.50000 28.00000 -11.00000
-43.00000 27.50000 -11.00000
-43.00000 28.00000 -11.50000
-43.00000 27.50000 -7.00000
-43.00000 27.50000 -6.00000
-43.00000 27.50000 -5.00000
-42.50000 29.00000 -18.00000
-43.00000 29.00000 -18.50000
-43.00000 28.50000 -18.00000
-43.00000 28.50000 -17.00000
-42.50000 29.00000 -17.00000
-43.00000 28.50000 -16.00000
-42.50000 29.00000 -16.00000
-42.50000 29.00000 -11.00000
-43.00000 29.00000 -11.50000
-42.50000 30.00000 -19.00000
-43.00000 30.00000 -19.50000
-43.00000 29.50000 -19.00000
-43.00000 30.00000 -11.50000
-43.00000 31.00000 -19.50000
-42.50000 31.00000 -12.00000
-43.00000 30.50000 -12.00000
-43.00000 31.00000 -12.50000
-43.00000 32.00000 -20.50000
-43.00000 31.50000 -20.00000
-42.50000 32.00000 -12.00000
-43.00000 32.00000 -12.50000
-43.00000 33.00000 -20.50000
-42.50000 33.00000 -15.00000
-43.00000 32.50000 -15.00000
-43.00000 33.00000 -15.50000
-42.50000 33.00000 -14.00000
-43.00000 32.50000 -14.00000
-42.50000 33.00000 -13.00000
-43.00000 32.50000 -13.00000
-43.00000 34.00000 -21.50000
-43.00000 33.50000 -21.00000
-43.00000 33.50000 -16.00000
-43.00000 34.00000 -16.50000
-42.50000 34.00000 -15.00000
-42.50000 34.00000 -14.00000
-43.00000 35.00000 -21.50000
-43.00000 34.50000 -17.00000
-43.00000 35.00000 -17.50000
-42.50000 35.00000 -14.00000
-43.00000 36.00000 -21.50000
-43.00000 36.00000 -17.50000
-42.50000 36.00000 -15.00000
-42.50000 36.00000 -14.00000
-43.00000 37.00000 -21.50000
-42.50000 37.00000 -17.00000
-43.00000 37.00000 -17.50000
-42.50000 37.00000 -14.00000
-43.00000 38.00000 -21.50000
-43.00000 37.50000 -17.00000
-43.00000 38.00000 -16.50000
-43.00000 39.00000 -21.50000
-43.00000 39.00000 -16.50000
-43.00000 40.00000 -21.50000
-43.00000 40.00000 -16.50000
-42.50000 40.00000 -11.00000
-43.00000 40.00000 -11.50000
-43.00000 39.50000 -11.00000
-43.00000 39.50000 -10.00000
-42.50000 40.00000 -10.00000
-43.00000 39.50000 -9.00000
-42.50000 40.00000 -9.00000
-43.00000 40.00000 -8.50000
-43.00000 40.50000 -21.00000
-43.00000 41.00000 -20.50000
-43.00000 41.00000 -16.50000
-42.50000 41.00000 -12.00000
-43.00000 41.00000 -12.50000
-43.00000 40.50000 -12.00000
-42.50000 40.50000 -9.50000
-42.50000 41.00000 -9.00000
-43.00000 41.00000 -9.50000
-43.00000 40.50000 -9.00000
-43.00000 42.00000 -20.50000
-43.00000 42.00000 -16.50000
-42.50000 42.00000 -13.00000
-43.00000 42.00000 -13.50000
-43.00000 41.50000 -13.00000
-42.50000 42.00000 -12.00000
-42.50000 42.00000 -10.00000
-43.00000 41.50000 -10.00000
-43.00000 42.00000 -10.50000
-42.50000 42.00000 -9.00000
-43.00000 43.00000 -20.50000
-43.00000 43.00000 -16.50000
-42.50000 43.00000 -13.00000
-43.00000 43.00000 -13.50000
-42.50000 43.00000 -10.00000
-43.00000 43.00000 -10.50000
-42.50000 43.00000 -9.00000
-43.00000 43.50000 -20.00000
-43.00000 44.00000 -19.50000
-43.00000 43.50000 -16.00000
-43.00000 44.00000 -15.50000
-42.50000 44.00000 -13.00000
-43.00000 44.00000 -13.50000
-42.50000 44.00000 -12.00000
-43.00000 43.50000 -10.00000
-43.00000 44.00000 -9.50000
-42.50000 44.00000 -9.00000
-43.00000 45.00000 -19.50000
-43.00000 45.00000 -15.50000
-43.00000 44.50000 -13.00000
-42.50000 45.00000 -12.00000
-43.00000 45.00000 -12.50000
-43.00000 44.50000 -9.00000
-42.50000 45.00000 -8.00000
-43.00000 45.00000 -8.50000
-43.00000 45.50000 -19.00000
-42.50000 46.00000 -19.00000
-43.00000 46.00000 -18.50000
-43.00000 45.50000 -15.00000
-43.00000 46.00000 -14.50000
-43.00000 45.50000 -12.00000
-42.50000 46.00000 -11.00000
-43.00000 46.00000 -11.50000
-43.00000 45.50000 -8.00000
-42.50000 46.00000 -7.00000
-43.00000 46.00000 -7.50000
-43.00000 47.00000 -18.50000
-43.00000 46.50000 -14.00000
-43.00000 47.00000 -13.50000
-43.00000 46.50000 -11.00000
-42.50000 47.00000 -10.00000
-43.00000 47.00000 -10.50000
-43.00000 46.50000 -7.00000
-42.50000 47.00000 -6.00000
-43.00000 47.00000 -6.50000
-43.00000 47.50000 -18.00000
-43.00000 48.00000 -17.50000
-43.00000 47.50000 -13.00000
-43.00000 48.00000 -12.50000
-43.00000 47.50000 -10.00000
-42.50000 48.00000 -9.00000
-43.00000 48.00000 -9.50000
-43.00000 47.50000 -6.00000
-43.00000 47.50000 -5.00000
-42.50000 48.00000 -5.00000
-43.00000 48.00000 -4.50000
-43.00000 49.00000 -17.50000
-43.00000 48.50000 -12.00000
-43.00000 49.00000 -11.50000
-43.00000 48.50000 -9.00000
-42.50000 49.00000 -8.00000
-43.00000 49.00000 -8.50000
-43.00000 48.50000 -5.00000
-43.00000 49.00000 -5.50000
-43.00000 49.50000 -17.00000
-43.00000 50.00000 -16.50000
-43.00000 49.50000 -11.00000
-43.00000 49.50000 -10.00000
-42.50000 50.00000 -10.00000
-43.00000 50.00000 -9.50000
-42.50000 50.00000 -8.00000
-43.00000 50.00000 -8.50000
-42.50000 50.00000 -7.00000
-43.00000 50.00000 -6.50000
-43.00000 49.50000 -6.00000
-43.00000 50.50000 -16.00000
-42.50000 51.00000 -16.00000
-43.00000 51.00000 -15.50000
-43.00000 50.50000 -9.00000
-43.00000 50.50000 -7.00000
-43.00000 51.00000 -7.50000
-42.50000 52.00000 -15.00000
-43.00000 51.50000 -15.00000
-43.00000 52.00000 -14.50000
-42.50000 52.00000 -8.00000
-43.00000 52.00000 -7.50000
-42.50000 53.00000 -14.00000
-43.00000 52.50000 -14.00000
-43.00000 53.00000 -13.50000
-43.00000 52.50000 -8.00000
-43.00000 53.00000 -8.50000
-42.50000 54.00000 -13.00000
-43.00000 53.50000 -13.00000
-42.50000 54.00000 -12.00000
-43.00000 53.50000 -12.00000
-43.00000 54.00000 -11.50000
-43.00000 53.50000 -9.00000
-43.00000 54.00000 -9.50000
-43.00000 54.50000 -11.00000
-43.00000 54.50000 -10.00000
-43.50000 20.00000 -7.00000
-44.00000 20.00000 -7.50000
-44.00000 19.50000 -7.00000
-44.00000 20.00000 -6.50000
-43.50000 21.00000 -8.00000
-44.00000 21.00000 -8.50000
-44.00000 20.50000 -8.00000
-43.50000 21.00000 -7.00000
-44.00000 20.50000 -6.00000
-44.00000 21.00000 -5.50000
-43.50000 22.00000 -8.00000
-44.00000 22.00000 -8.50000
-43.50000 22.00000 -5.00000
-44.00000 22.00000 -5.50000
-44.00000 23.00000 -8.50000
-44.00000 22.50000 -5.00000
-44.00000 23.00000 -4.50000
-44.00000 23.50000 -8.00000
-44.00000 24.00000 -7.50000
-43.50000 24.00000 -4.00000
-44.00000 24.00000 -4.50000
-43.50000 25.00000 -12.00000
-44.00000 25.00000 -12.50000
-44.00000 24.50000 -12.00000
-44.00000 24.50000 -11.00000
-43.50000 25.00000 -11.00000
-44.00000 25.00000 -10.50000
-43.50000 25.00000 -7.00000
-44.00000 25.00000 -7.50000
-43.50000 25.00000 -4.00000
-44.00000 25.00000 -4.50000
-43.50000 26.00000 -15.00000
-44.00000 26.00000 -15.50000
-44.00000 25.50000 -15.00000
-44.00000 25.50000 -14.00000
-43.50000 26.00000 -14.00000
-44.00000 25.50000 -13.00000
-44.00000 26.00000 -10.50000
-44.00000 26.00000 -7.50000
-43.50000 26.00000 -4.00000
-44.00000 26.00000 -4.50000
-43.50000 27.00000 -16.00000
-44.00000 27.00000 -16.50000
-44.00000 26.50000 -16.00000
-43.50000 27.00000 -15.00000
-43.50000 27.00000 -14.00000
-43.50000 27.00000 -11.00000
-44.00000 26.50000 -11.00000
-44.00000 27.00000 -11.50000
-43.50000 27.00000 -8.00000
-44.00000 27.00000 -8.50000
-44.00000 26.50000 -8.00000
-44.00000 27.00000 -4.50000
-43.50000 28.00000 -17.00000
-44.00000 28.00000 -17.50000
-44.00000 27.50000 -17.00000
-43.50000 28.00000 -16.00000
-44.00000 28.00000 -11.50000
-43.50000 28.00000 -8.00000
-44.00000 28.00000 -8.50000
-43.50000 28.00000 -7.00000
-43.50000 28.00000 -6.00000
-44.00000 28.00000 -5.50000
-44.00000 27.50000 -5.00000
-44.00000 29.00000 -18.50000
-44.00000 28.50000 -18.00000
-43.50000 29.00000 -12.00000
-44.00000 28.50000 -12.00000
-44.00000 29.00000 -12.50000
-44.00000 28.50000 -8.00000
-44.00000 28.50000 -7.00000
-44.00000 28.50000 -6.00000
-44.00000 30.00000 -19.50000
-44.00000 29.50000 -19.00000
-43.50000 30.00000 -12.00000
-44.00000 30.00000 -12.50000
-44.00000 31.00000 -19.50000
-43.50000 31.00000 -13.00000
-44.00000 30.50000 -13.00000
-44.00000 31.00000 -13.50000
-44.00000 32.00000 -20.50000
-44.00000 31.50000 -20.00000
-43.50000 32.00000 -14.00000
-44.00000 31.50000 -14.00000
-44.00000 32.00000 -14.50000
-43.50000 32.00000 -13.00000
-44.00000 33.00000 -20.50000
-44.00000 32.50000 -15.00000
-44.00000 33.00000 -15.50000
-43.50000 34.00000 -21.00000
-44.00000 34.00000 -20.50000
-44.00000 33.50000 -16.00000
-44.00000 34.00000 -16.50000
-44.00000 35.00000 -21.50000
-44.00000 34.50000 -21.00000
-43.50000 35.00000 -17.00000
-44.00000 35.00000 -16.50000
-44.00000 36.00000 -21.50000
-43.50000 36.00000 -17.00000
-44.00000 36.00000 -16.50000
-44.00000 37.00000 -21.50000
-43.50000 37.00000 -17.00000
-44.00000 37.00000 -16.50000
-44.00000 38.00000 -21.50000
-44.00000 38.00000 -16.50000
-44.00000 39.00000 -21.50000
-44.00000 39.00000 -16.50000
-44.00000 40.00000 -21.50000
-44.00000 40.00000 -16.50000
-43.50000 40.00000 -13.00000
-44.00000 40.00000 -13.50000
-44.00000 39.50000 -13.00000
-44.00000 39.50000 -12.00000
-43.50000 40.00000 -12.00000
-44.00000 39.50000 -11.00000
-44.00000 39.50000 -10.00000
-43.50000 40.00000 -9.00000
-44.00000 40.00000 -9.50000
-44.00000 40.50000 -21.00000
-44.00000 41.00000 -20.50000
-44.00000 41.00000 -16.50000
-43.50000 41.00000 -13.00000
-44.00000 41.00000 -13.50000
-44.00000 41.00000 -11.50000
-43.50000 41.00000 -11.00000
-44.00000 40.50000 -11.00000
-44.00000 41.00000 -10.50000
-44.00000 41.00000 -9.50000
-44.00000 42.00000 -20.50000
-44.00000 42.00000 -16.50000
-43.50000 42.00000 -14.00000
-44.00000 42.00000 -14.50000
-44.00000 41.50000 -14.00000
-44.00000 42.00000 -12.50000
-43.50000 42.00000 -12.00000
-44.00000 41.50000 -12.00000
-43.50000 42.00000 -11.00000
-44.00000 41.50000 -10.00000
-44.00000 43.00000 -20.50000
-44.00000 42.50000 -16.00000
-43.50000 43.00000 -16.00000
-44.00000 42.50000 -15.00000
-43.50000 43.00000 -15.00000
-43.50000 43.00000 -14.00000
-44.00000 42.50000 -12.00000
-44.00000 43.00000 -11.50000
-43.50000 43.00000 -11.00000
-44.00000 43.50000 -20.00000
-44.00000 44.00000 -19.50000
-43.50000 44.00000 -15.00000
-43.50000 44.00000 -14.00000
-44.00000 43.50000 -11.00000
-43.50000 44.00000 -10.00000
-44.00000 44.00000 -10.50000
-44.00000 45.00000 -19.50000
-43.50000 45.00000 -15.00000
-43.50000 45.00000 -14.00000
-43.50000 45.00000 -13.00000
-44.00000 44.50000 -10.00000
-43.50000 45.00000 -9.00000
-44.00000 45.00000 -9.50000
-44.00000 45.50000 -19.00000
-44.00000 46.00000 -18.50000
-43.50000 46.00000 -14.00000
-44.00000 46.00000 -13.50000
-44.00000 45.50000 -13.00000
-43.50000 46.00000 -12.00000
-44.00000 46.00000 -12.50000
-44.00000 45.50000 -9.00000
-43.50000 46.00000 -8.00000
-44.00000 46.00000 -8.50000
-44.00000 47.00000 -18.50000
-44.00000 46.50000 -13.00000
-43.50000 47.00000 -13.00000
-44.00000 46.50000 -12.00000
-44.00000 47.00000 -12.50000
-43.50000 47.00000 -11.00000
-44.00000 47.00000 -11.50000
-44.00000 46.50000 -8.00000
-44.00000 46.50000 -7.00000
-44.00000 47.00000 -6.50000
-44.00000 47.50000 -18.00000
-44.00000 48.00000 -17.50000
-44.00000 47.50000 -12.00000
-43.50000 48.00000 -12.00000
-44.00000 47.50000 -11.00000
-44.00000 48.00000 -11.50000
-43.50000 48.00000 -10.00000
-44.00000 48.00000 -10.50000
-44.00000 47.50000 -6.00000
-43.50000 48.00000 -5.00000
-44.00000 48.00000 -5.50000
-44.00000 48.50000 -17.00000
-43.50000 49.00000 -17.00000
-44.00000 49.00000 -16.50000
-44.00000 48.50000 -11.00000
-43.50000 49.00000 -11.00000
-43.50000 49.00000 -10.00000
-43.50000 49.00000 -9.00000
-43.50000 49.00000 -5.00000
-44.00000 48.50000 -5.00000
-44.00000 49.00000 -4.50000
-43.50000 50.00000 -16.00000
-44.00000 49.50000 -16.00000
-44.00000 50.00000 -15.50000
-43.50000 50.00000 -9.00000
-43.50000 50.00000 -6.00000
-44.00000 50.00000 -5.50000
-44.00000 49.50000 -5.00000
-43.50000 51.00000 -15.00000
-44.00000 50.50000 -15.00000
-44.00000 51.00000 -14.50000
-44.00000 50.50000 -7.00000
-44.00000 51.00000 -7.50000
-44.00000 50.50000 -6.00000
-43.50000 52.00000 -14.00000
-44.00000 51.50000 -14.00000
-44.00000 52.00000 -13.50000
-44.00000 52.00000 -7.50000
-43.50000 53.00000 -13.00000
-44.00000 52.50000 -13.00000
-44.00000 53.00000 -12.50000
-43.50000 53.00000 -8.00000
-44.00000 53.00000 -7.50000
-44.00000 53.50000 -12.00000
-43.50000 54.00000 -11.00000
-44.00000 53.50000 -11.00000
-43.50000 54.00000 -10.00000
-44.00000 53.50000 -10.00000
-44.00000 53.50000 -9.00000
-44.00000 53.50000 -8.00000
-44.50000 20.00000 -8.00000
-45.00000 20.00000 -8.50000
-45.00000 19.50000 -8.00000
-45.00000 19.50000 -7.00000
-45.00000 20.00000 -6.50000
-44.50000 21.00000 -9.00000
-45.00000 21.00000 -9.50000
-45.00000 20.50000 -9.00000
-44.50000 21.00000 -6.00000
-45.00000 21.00000 -6.50000
-44.50000 22.00000 -10.00000
-45.00000 22.00000 -10.50000
-45.00000 21.50000 -10.00000
-44.50000 22.00000 -9.00000
-45.00000 21.50000 -6.00000
-45.00000 22.00000 -5.50000
-45.00000 22.50000 -10.00000
-45.00000 22.50000 -9.00000
-45.00000 23.00000 -8.50000
-44.50000 23.00000 -5.00000
-45.00000 23.00000 -5.50000
-44.50000 24.00000 -12.00000
-45.00000 24.00000 -12.50000
-45.00000 23.50000 -12.00000
-45.00000 24.00000 -11.50000
-44.50000 24.00000 -8.00000
-45.00000 24.00000 -8.50000
-44.50000 24.00000 -5.00000
-45.00000 24.00000 -5.50000
-44.50000 25.00000 -14.00000
-45.00000 25.00000 -14.50000
-45.00000 24.50000 -14.00000
-45.00000 24.50000 -13.00000
-44.50000 25.00000 -13.00000
-45.00000 25.00000 -11.50000
-44.50000 25.00000 -11.00000
-44.50000 25.00000 -8.00000
-45.00000 25.00000 -8.50000
-44.50000 25.00000 -5.00000
-45.00000 25.00000 -5.50000
-44.50000 26.00000 -16.00000
-45.00000 26.00000 -16.50000
-45.00000 25.50000 -16.00000
-45.00000 25.50000 -15.00000
-44.50000 26.00000 -11.00000
-45.00000 26.00000 -11.50000
-44.50000 26.00000 -8.00000
-45.00000 26.00000 -8.50000
-45.00000 25.50000 -5.00000
-45.00000 26.00000 -4.50000
-44.50000 27.00000 -17.00000
-45.00000 27.00000 -17.50000
-45.00000 26.50000 -17.00000
-45.00000 27.00000 -11.50000
-45.00000 27.00000 -8.50000
-45.00000 27.00000 -4.50000
-45.00000 28.00000 -17.50000
-44.50000 28.00000 -12.00000
-45.00000 27.50000 -12.00000
-45.00000 28.00000 -12.50000
-45.00000 28.00000 -8.50000
-45.00000 27.50000 -5.00000
-45.00000 28.00000 -5.50000
-45.00000 29.00000 -18.50000
-45.00000 28.50000 -18.00000
-45.00000 29.00000 -12.50000
-44.50000 29.00000 -9.00000
-45.00000 29.00000 -9.50000
-45.00000 28.50000 -9.00000
-44.50000 29.00000 -8.00000
-45.00000 29.00000 -7.50000
-45.00000 28.50000 -7.00000
-45.00000 28.50000 -6.00000
-45.00000 30.00000 -19.50000
-45.00000 29.50000 -19.00000
-45.00000 30.00000 -12.50000
-45.00000 29.50000 -9.00000
-45.00000 29.50000 -8.00000
-45.00000 31.00000 -19.50000
-45.00000 30.50000 -13.00000
-45.00000 31.00000 -13.50000
-44.50000 32.00000 -20.00000
-45.00000 32.00000 -19.50000
-45.00000 31.50000 -14.00000
-45.00000 32.00000 -14.50000
-45.00000 33.00000 -20.50000
-45.00000 32.50000 -20.00000
-44.50000 33.00000 -15.00000
-45.00000 33.00000 -14.50000
-45.00000 34.00000 -20.50000
-44.50000 34.00000 -16.00000
-45.00000 34.00000 -15.50000
-45.00000 33.50000 -15.00000
-44.50000 35.00000 -21.00000
-45.00000 35.00000 -20.50000
-44.50000 35.00000 -16.00000
-45.00000 35.00000 -15.50000
-44.50000 36.00000 -21.00000
-45.00000 36.00000 -20.50000
-45.00000 35.50000 -16.00000
-45.00000 36.00000 -16.50000
-44.50000 37.00000 -21.00000
-45.00000 37.00000 -20.50000
-45.00000 37.00000 -16.50000
-44.50000 38.00000 -21.00000
-45.00000 38.00000 -20.50000
-45.00000 38.00000 -16.50000
-44.50000 39.00000 -21.00000
-45.00000 39.00000 -20.50000
-45.00000 39.00000 -16.50000
-44.50000 39.00000 -12.00000
-45.00000 39.00000 -12.50000
-45.00000 38.50000 -12.00000
-45.00000 39.00000 -11.50000
-44.50000 40.00000 -21.00000
-45.00000 40.00000 -20.50000
-45.00000 40.00000 -16.50000
-44.50000 40.00000 -14.00000
-45.00000 40.00000 -14.50000
-45.00000 39.50000 -14.00000
-45.00000 39.50000 -13.00000
-45.00000 39.50000 -11.00000
-45.00000 39.50000 -10.00000
-45.00000 40.00000 -9.50000
-45.00000 41.00000 -20.50000
-45.00000 41.00000 -16.50000
-44.50000 41.00000 -15.00000
-45.00000 41.00000 -15.50000
-45.00000 40.50000 -15.00000
-44.50000 41.00000 -14.00000
-44.50000 41.00000 -12.00000
-45.00000 40.50000 -12.00000
-45.00000 41.00000 -12.50000
-45.00000 40.50000 -11.00000
-44.50000 41.00000 -10.00000
-45.00000 40.50000 -10.00000
-45.00000 42.00000 -20.50000
-45.00000 41.50000 -16.00000
-44.50000 42.00000 -16.00000
-44.50000 42.00000 -15.00000
-45.00000 42.00000 -12.50000
-45.00000 42.50000 -20.00000
-44.50000 43.00000 -20.00000
-45.00000 43.00000 -19.50000
-44.50000 43.00000 -12.00000
-45.00000 43.00000 -12.50000
-45.00000 44.00000 -19.50000
-44.50000 44.00000 -12.00000
-45.00000 44.00000 -12.50000
-44.50000 44.00000 -11.00000
-45.00000 45.00000 -19.50000
-45.00000 44.50000 -12.00000
-45.00000 44.50000 -11.00000
-44.50000 45.00000 -10.00000
-45.00000 45.00000 -10.50000
-45.00000 45.50000 -19.00000
-45.00000 46.00000 -18.50000
-44.50000 46.00000 -13.00000
-45.00000 45.50000 -10.00000
-44.50000 46.00000 -9.00000
-45.00000 46.00000 -9.50000
-45.00000 46.50000 -18.00000
-44.50000 47.00000 -18.00000
-45.00000 47.00000 -17.50000
-44.50000 47.00000 -12.00000
-45.00000 46.50000 -9.00000
-45.00000 46.50000 -8.00000
-44.50000 47.00000 -7.00000
-45.00000 47.00000 -7.50000
-44.50000 48.00000 -17.00000
-45.00000 47.50000 -17.00000
-45.00000 48.00000 -16.50000
-44.50000 48.00000 -11.00000
-45.00000 47.50000 -7.00000
-45.00000 47.50000 -6.00000
-45.00000 48.00000 -5.50000
-45.00000 49.00000 -16.50000
-45.00000 48.50000 -5.00000
-45.00000 49.00000 -4.50000
-45.00000 49.50000 -16.00000
-45.00000 50.00000 -15.50000
-44.50000 50.00000 -5.00000
-45.00000 50.00000 -4.50000
-45.00000 50.50000 -15.00000
-44.50000 51.00000 -14.00000
-45.00000 50.50000 -14.00000
-45.00000 51.00000 -13.50000
-44.50000 51.00000 -7.00000
-45.00000 51.00000 -6.50000
-45.00000 50.50000 -6.00000
-45.00000 50.50000 -5.00000
-44.50000 52.00000 -13.00000
-45.00000 51.50000 -13.00000
-45.00000 52.00000 -12.50000
-45.00000 51.50000 -7.00000
-45.00000 52.00000 -7.50000
-44.50000 53.00000 -12.00000
-45.00000 52.50000 -12.00000
-44.50000 53.00000 -11.00000
-45.00000 52.50000 -11.00000
-45.00000 53.00000 -10.50000
-45.00000 53.00000 -7.50000
-45.00000 53.50000 -10.00000
-45.00000 53.50000 -9.00000
-45.00000 53.50000 -8.00000
-45.50000 19.00000 -9.00000
-46.00000 19.00000 -9.50000
-46.00000 18.50000 -9.00000
-46.00000 18.50000 -8.00000
-45.50000 19.00000 -8.00000
-46.00000 19.00000 -7.50000
-45.50000 20.00000 -10.00000
-46.00000 20.00000 -10.50000
-46.00000 19.50000 -10.00000
-45.50000 20.00000 -9.00000
-46.00000 19.50000 -7.00000
-46.00000 20.00000 -6.50000
-45.50000 21.00000 -10.00000
-46.00000 21.00000 -10.50000
-46.00000 21.00000 -6.50000
-45.50000 22.00000 -11.00000
-46.00000 22.00000 -11.50000
-46.00000 21.50000 -11.00000
-45.50000 22.00000 -6.00000
-46.00000 22.00000 -6.50000
-45.50000 23.00000 -12.00000
-46.00000 23.00000 -12.50000
-46.00000 22.50000 -12.00000
-45.50000 23.00000 -11.00000
-45.50000 23.00000 -10.00000
-45.50000 23.00000 -9.00000
-46.00000 22.50000 -6.00000
-46.00000 23.00000 -5.50000
-45.50000 24.00000 -13.00000
-46.00000 24.00000 -13.50000
-46.00000 23.50000 -13.00000
-45.50000 24.00000 -11.00000
-46.00000 24.00000 -10.50000
-46.00000 23.50000 -10.00000
-45.50000 24.00000 -9.00000
-46.00000 24.00000 -9.50000
-46.00000 24.00000 -5.50000
-45.50000 25.00000 -16.00000
-46.00000 25.00000 -16.50000
-46.00000 24.50000 -16.00000
-46.00000 24.50000 -15.00000
-45.50000 25.00000 -15.00000
-46.00000 24.50000 -14.00000
-46.00000 24.50000 -11.00000
-46.00000 25.00000 -11.50000
-46.00000 24.50000 -9.00000
-46.00000 25.00000 -8.50000
-46.00000 25.00000 -5.50000
-46.00000 26.00000 -16.50000
-46.00000 26.00000 -11.50000
-46.00000 26.00000 -8.50000
-45.50000 26.00000 -5.00000
-46.00000 26.00000 -5.50000
-46.00000 27.00000 -17.50000
-46.00000 26.50000 -17.00000
-46.00000 27.00000 -11.50000
-46.00000 27.00000 -8.50000
-45.50000 27.00000 -5.00000
-46.00000 27.00000 -5.50000
-46.00000 28.00000 -17.50000
-46.00000 27.50000 -12.00000
-46.00000 28.00000 -12.50000
-46.00000 28.00000 -8.50000
-46.00000 28.00000 -5.50000
-46.00000 29.00000 -18.50000
-46.00000 28.50000 -18.00000
-46.00000 29.00000 -12.50000
-46.00000 29.00000 -9.50000
-46.00000 28.50000 -9.00000
-45.50000 29.00000 -7.00000
-46.00000 29.00000 -6.50000
-46.00000 28.50000 -6.00000
-45.50000 30.00000 -19.00000
-46.00000 30.00000 -18.50000
-45.50000 30.00000 -13.00000
-46.00000 29.50000 -13.00000
-46.00000 30.00000 -13.50000
-45.50000 30.00000 -9.00000
-46.00000 30.00000 -9.50000
-46.00000 30.00000 -8.50000
-46.00000 29.50000 -8.00000
-46.00000 29.50000 -7.00000
-45.50000 31.00000 -19.00000
-46.00000 31.00000 -18.50000
-46.00000 31.00000 -13.50000
-45.50000 31.00000 -10.00000
-46.00000 31.00000 -10.50000
-46.00000 30.50000 -10.00000
-46.00000 30.50000 -9.00000
-46.00000 31.00000 -9.50000
-46.00000 32.00000 -19.50000
-46.00000 31.50000 -19.00000
-46.00000 31.50000 -14.00000
-46.00000 32.00000 -14.50000
-46.00000 31.50000 -10.00000
-45.50000 33.00000 -20.00000
-46.00000 33.00000 -19.50000
-46.00000 33.00000 -14.50000
-45.50000 34.00000 -20.00000
-46.00000 34.00000 -19.50000
-45.50000 34.00000 -15.00000
-46.00000 34.00000 -14.50000
-46.00000 35.00000 -20.50000
-46.00000 34.50000 -20.00000
-45.50000 35.00000 -15.00000
-46.00000 35.00000 -14.50000
-46.00000 36.00000 -20.50000
-45.50000 36.00000 -16.00000
-46.00000 36.00000 -15.50000
-46.00000 35.50000 -15.00000
-46.00000 37.00000 -20.50000
-45.50000 37.00000 -16.00000
-46.00000 37.00000 -15.50000
-46.00000 38.00000 -20.50000
-45.50000 38.00000 -16.00000
-46.00000 38.00000 -15.50000
-46.00000 39.00000 -20.50000
-45.50000 39.00000 -16.00000
-46.00000 38.50000 -15.00000
-45.50000 39.00000 -15.00000
-46.00000 38.50000 -14.00000
-45.50000 39.00000 -14.00000
-46.00000 38.50000 -13.00000
-45.50000 39.00000 -13.00000
-46.00000 38.50000 -12.00000
-46.00000 39.00000 -11.50000
-46.00000 40.00000 -20.50000
-45.50000 40.00000 -16.00000
-45.50000 40.00000 -15.00000
-46.00000 39.50000 -11.00000
-45.50000 40.00000 -10.00000
-46.00000 40.00000 -10.50000
-46.00000 41.00000 -20.50000
-45.50000 41.00000 -16.00000
-46.00000 40.50000 -12.00000
-46.00000 41.00000 -12.50000
-46.00000 40.50000 -11.00000
-46.00000 41.50000 -20.00000
-45.50000 42.00000 -20.00000
-46.00000 42.00000 -19.50000
-45.50000 42.00000 -13.00000
-46.00000 41.50000 -13.00000
-46.00000 42.00000 -13.50000
-46.00000 43.00000 -19.50000
-45.50000 43.00000 -13.00000
-46.00000 43.00000 -13.50000
-46.00000 44.00000 -19.50000
-45.50000 44.00000 -13.00000
-46.00000 44.00000 -13.50000
-46.00000 44.50000 -19.00000
-45.50000 45.00000 -19.00000
-46.00000 45.00000 -18.50000
-46.00000 44.50000 -13.00000
-46.00000 44.50000 -12.00000
-45.50000 45.00000 -11.00000
-46.00000 45.00000 -11.50000
-45.50000 46.00000 -18.00000
-46.00000 45.50000 -18.00000
-46.00000 46.00000 -17.50000
-46.00000 45.50000 -11.00000
-45.50000 46.00000 -10.00000
-46.00000 46.00000 -10.50000
-46.00000 47.00000 -17.50000
-46.00000 46.50000 -10.00000
-46.00000 46.50000 -9.00000
-45.50000 47.00000 -8.00000
-46.00000 47.00000 -8.50000
-46.00000 47.50000 -17.00000
-46.00000 48.00000 -16.50000
-46.00000 47.50000 -8.00000
-45.50000 48.00000 -7.00000
-46.00000 48.00000 -7.50000
-45.50000 48.00000 -6.00000
-46.00000 48.50000 -16.00000
-45.50000 49.00000 -16.00000
-46.00000 49.00000 -15.50000
-46.00000 48.50000 -7.00000
-46.00000 48.50000 -6.00000
-45.50000 49.00000 -5.00000
-46.00000 49.00000 -5.50000
-45.50000 50.00000 -15.00000
-46.00000 49.50000 -15.00000
-45.50000 50.00000 -14.00000
-46.00000 49.50000 -14.00000
-46.00000 50.00000 -13.50000
-46.00000 49.50000 -5.00000
-46.00000 50.00000 -4.50000
-45.50000 51.00000 -13.00000
-46.00000 50.50000 -13.00000
-46.00000 51.00000 -12.50000
-45.50000 51.00000 -6.00000
-46.00000 51.00000 -5.50000
-46.00000 50.50000 -5.00000
-45.50000 52.00000 -12.00000
-46.00000 51.50000 -12.00000
-45.50000 52.00000 -11.00000
-46.00000 51.50000 -11.00000
-46.00000 52.00000 -10.50000
-45.50000 52.00000 -7.00000
-46.00000 52.00000 -6.50000
-46.00000 51.50000 -6.00000
-45.50000 53.00000 -10.00000
-46.00000 52.50000 -10.00000
-45.50000 53.00000 -9.00000
-46.00000 52.50000 -9.00000
-45.50000 53.00000 -8.00000
-46.00000 52.50000 -8.00000
-46.00000 52.50000 -7.00000
-46.50000 19.00000 -9.00000
-46.50000 19.00000 -8.00000
-47.00000 20.00000 -10.50000
-47.00000 19.50000 -10.00000
-47.00000 19.50000 -9.00000
-47.00000 19.50000 -8.00000
-46.50000 20.00000 -7.00000
-47.00000 20.00000 -7.50000
-46.50000 21.00000 -11.00000
-47.00000 21.00000 -11.50000
-47.00000 20.50000 -11.00000
-46.50000 21.00000 -7.00000
-47.00000 21.00000 -7.50000
-46.50000 22.00000 -12.00000
-47.00000 22.00000 -12.50000
-47.00000 21.50000 -12.00000
-47.00000 21.50000 -7.00000
-47.00000 22.00000 -6.50000
-46.50000 23.00000 -13.00000
-47.00000 23.00000 -13.50000
-47.00000 22.50000 -13.00000
-46.50000 23.00000 -6.00000
-47.00000 23.00000 -6.50000
-46.50000 24.00000 -15.00000
-47.00000 24.00000 -15.50000
-47.00000 23.50000 -15.00000
-47.00000 23.50000 -14.00000
-46.50000 24.00000 -14.00000
-46.50000 24.00000 -10.00000
-46.50000 24.00000 -6.00000
-47.00000 24.00000 -6.50000
-47.00000 25.00000 -16.50000
-47.00000 24.50000 -16.00000
-46.50000 25.00000 -11.00000
-46.50000 25.00000 -10.00000
-46.50000 25.00000 -9.00000
-47.00000 24.50000 -6.00000
-47.00000 25.00000 -5.50000
-47.00000 26.00000 -16.50000
-46.50000 26.00000 -11.00000
-47.00000 26.00000 -10.50000
-47.00000 25.50000 -10.00000
-46.50000 26.00000 -9.00000
-47.00000 26.00000 -9.50000
-47.00000 26.00000 -5.50000
-46.50000 27.00000 -17.00000
-47.00000 27.00000 -16.50000
-47.00000 26.50000 -11.00000
-47.00000 27.00000 -11.50000
-46.50000 27.00000 -9.00000
-47.00000 27.00000 -9.50000
-47.00000 27.00000 -5.50000
-47.00000 28.00000 -17.50000
-47.00000 27.50000 -17.00000
-46.50000 28.00000 -12.00000
-47.00000 28.00000 -11.50000
-46.50000 28.00000 -9.00000
-47.00000 28.00000 -9.50000
-47.00000 28.00000 -5.50000
-46.50000 29.00000 -18.00000
-47.00000 29.00000 -17.50000
-46.50000 29.00000 -12.00000
-47.00000 29.00000 -11.50000
-47.00000 29.00000 -9.50000
-47.00000 28.50000 -6.00000
-47.00000 29.00000 -6.50000
-47.00000 30.00000 -18.50000
-47.00000 29.50000 -18.00000
-46.50000 30.00000 -13.00000
-47.00000 30.00000 -12.50000
-47.00000 29.50000 -12.00000
-47.00000 30.00000 -9.50000
-47.00000 29.50000 -8.00000
-47.00000 30.00000 -8.50000
-47.00000 29.50000 -7.00000
-47.00000 31.00000 -18.50000
-46.50000 31.00000 -13.00000
-47.00000 31.00000 -12.50000
-47.00000 31.00000 -10.50000
-47.00000 30.50000 -10.00000
-47.00000 30.50000 -9.00000
-47.00000 31.00000 -9.50000
-46.50000 32.00000 -19.00000
-47.00000 32.00000 -18.50000
-46.50000 32.00000 -14.00000
-47.00000 32.00000 -13.50000
-47.00000 31.50000 -13.00000
-47.00000 31.50000 -10.00000
-47.00000 33.00000 -19.50000
-47.00000 32.50000 -19.00000
-46.50000 33.00000 -14.00000
-47.00000 33.00000 -13.50000
-47.00000 34.00000 -19.50000
-46.50000 34.00000 -14.00000
-47.00000 34.00000 -13.50000
-46.50000 34.00000 -11.00000
-47.00000 34.00000 -11.50000
-47.00000 33.50000 -11.00000
-47.00000 34.00000 -10.50000
-46.50000 35.00000 -20.00000
-47.00000 35.00000 -19.50000
-47.00000 34.50000 -14.00000
-47.00000 35.00000 -14.50000
-46.50000 35.00000 -12.00000
-47.00000 35.00000 -12.50000
-47.00000 34.50000 -12.00000
-47.00000 34.50000 -11.00000
-47.00000 35.00000 -11.50000
-46.50000 36.00000 -20.00000
-47.00000 36.00000 -19.50000
-46.50000 36.00000 -15.00000
-47.00000 36.00000 -14.50000
-47.00000 35.50000 -12.00000
-47.00000 37.00000 -20.50000
-47.00000 36.50000 -20.00000
-46.50000 37.00000 -15.00000
-47.00000 37.00000 -14.50000
-47.00000 38.00000 -20.50000
-46.50000 38.00000 -15.00000
-47.00000 37.50000 -14.00000
-46.50000 38.00000 -14.00000
-47.00000 38.00000 -13.50000
-47.00000 38.50000 -20.00000
-46.50000 39.00000 -20.00000
-47.00000 39.00000 -19.50000
-47.00000 38.50000 -13.00000
-47.00000 38.50000 -12.00000
-47.00000 39.00000 -11.50000
-46.50000 40.00000 -20.00000
-47.00000 40.00000 -19.50000
-46.50000 40.00000 -11.00000
-47.00000 40.00000 -11.50000
-46.50000 41.00000 -20.00000
-47.00000 41.00000 -19.50000
-46.50000 41.00000 -13.00000
-47.00000 40.50000 -13.00000
-47.00000 41.00000 -13.50000
-46.50000 41.00000 -12.00000
-47.00000 41.00000 -12.50000
-47.00000 41.00000 -11.50000
-47.00000 42.00000 -19.50000
-47.00000 42.00000 -13.50000
-47.00000 41.50000 -12.00000
-47.00000 42.50000 -19.00000
-46.50000 43.00000 -19.00000
-47.00000 43.00000 -18.50000
-47.00000 43.00000 -13.50000
-46.50000 44.00000 -19.00000
-47.00000 44.00000 -18.50000
-47.00000 44.00000 -13.50000
-46.50000 45.00000 -18.00000
-47.00000 44.50000 -18.00000
-47.00000 45.00000 -17.50000
-47.00000 44.50000 -13.00000
-46.50000 45.00000 -12.00000
-47.00000 45.00000 -12.50000
-46.50000 46.00000 -17.00000
-47.00000 45.50000 -17.00000
-47.00000 46.00000 -16.50000
-47.00000 45.50000 -12.00000
-46.50000 46.00000 -11.00000
-47.00000 46.00000 -11.50000
-46.50000 47.00000 -17.00000
-47.00000 47.00000 -16.50000
-47.00000 46.50000 -11.00000
-46.50000 47.00000 -10.00000
-47.00000 47.00000 -10.50000
-46.50000 47.00000 -9.00000
-46.50000 48.00000 -16.00000
-47.00000 47.50000 -16.00000
-46.50000 48.00000 -15.00000
-47.00000 47.50000 -15.00000
-47.00000 48.00000 -14.50000
-47.00000 47.50000 -10.00000
-47.00000 47.50000 -9.00000
-46.50000 48.00000 -8.00000
-47.00000 48.00000 -8.50000
-46.50000 49.00000 -15.00000
-47.00000 48.50000 -14.00000
-46.50000 49.00000 -14.00000
-47.00000 49.00000 -13.50000
-47.00000 48.50000 -8.00000
-46.50000 49.00000 -7.00000
-47.00000 49.00000 -7.50000
-46.50000 49.00000 -6.00000
-46.50000 50.00000 -13.00000
-47.00000 49.50000 -13.00000
-46.50000 50.00000 -12.00000
-47.00000 49.50000 -12.00000
-47.00000 50.00000 -11.50000
-47.00000 49.50000 -7.00000
-47.00000 50.00000 -6.50000
-46.50000 50.00000 -6.00000
-46.50000 50.00000 -5.00000
-46.50000 51.00000 -12.00000
-47.00000 50.50000 -11.00000
-46.50000 51.00000 -11.00000
-46.50000 51.00000 -10.00000
-47.00000 50.50000 -10.00000
-46.50000 51.00000 -9.00000
-47.00000 50.50000 -9.00000
-47.00000 51.00000 -8.50000
-46.50000 51.00000 -6.00000
-47.00000 51.00000 -6.50000
-46.50000 52.00000 -10.00000
-46.50000 52.00000 -9.00000
-47.00000 51.50000 -8.00000
-46.50000 52.00000 -8.00000
-46.50000 52.00000 -7.00000
-47.00000 51.50000 -7.00000
-47.50000 20.00000 -10.00000
-47.50000 20.00000 -9.00000
-47.50000 20.00000 -8.00000
-48.00000 21.00000 -11.50000
-48.00000 20.50000 -11.00000
-48.00000 20.50000 -10.00000
-48.00000 20.50000 -9.00000
-48.00000 20.50000 -8.00000
-48.00000 21.00000 -7.50000
-48.00000 22.00000 -12.50000
-48.00000 21.50000 -12.00000
-47.50000 22.00000 -7.00000
-48.00000 22.00000 -7.50000
-47.50000 23.00000 -14.00000
-48.00000 23.00000 -14.50000
-48.00000 22.50000 -14.00000
-48.00000 22.50000 -13.00000
-48.00000 22.50000 -7.00000
-48.00000 23.00000 -6.50000
-48.00000 24.00000 -15.50000
-48.00000 23.50000 -15.00000
-48.00000 24.00000 -6.50000
-47.50000 25.00000 -16.00000
-48.00000 25.00000 -15.50000
-47.50000 25.00000 -6.00000
-48.00000 25.00000 -6.50000
-47.50000 26.00000 -16.00000
-48.00000 26.00000 -15.50000
-47.50000 26.00000 -10.00000
-47.50000 26.00000 -6.00000
-48.00000 26.00000 -6.50000
-48.00000 27.00000 -16.50000
-48.00000 26.50000 -16.00000
-47.50000 27.00000 -11.00000
-47.50000 27.00000 -10.00000
-47.50000 27.00000 -6.00000
-48.00000 27.00000 -6.50000
-47.50000 28.00000 -17.00000
-48.00000 28.00000 -16.50000
-47.50000 28.00000 -11.00000
-47.50000 28.00000 -10.00000
-47.50000 28.00000 -6.00000
-48.00000 28.00000 -6.50000
-48.00000 29.00000 -17.50000
-48.00000 28.50000 -17.00000
-47.50000 29.00000 -11.00000
-48.00000 29.00000 -10.50000
-48.00000 28.50000 -10.00000
-48.00000 29.00000 -9.50000
-48.00000 29.00000 -6.50000
-47.50000 30.00000 -18.00000
-48.00000 30.00000 -17.50000
-47.50000 30.00000 -12.00000
-47.50000 30.00000 -11.00000
-48.00000 30.00000 -10.50000
-48.00000 30.00000 -9.50000
-47.50000 30.00000 -8.00000
-48.00000 30.00000 -7.50000
-48.00000 29.50000 -7.00000
-47.50000 31.00000 -18.00000
-48.00000 31.00000 -17.50000
-47.50000 31.00000 -12.00000
-48.00000 31.00000 -11.50000
-48.00000 30.50000 -11.00000
-47.50000 31.00000 -10.00000
-48.00000 30.50000 -9.00000
-48.00000 30.50000 -8.00000
-48.00000 32.00000 -18.50000
-48.00000 31.50000 -18.00000
-47.50000 32.00000 -13.00000
-48.00000 32.00000 -12.50000
-48.00000 31.50000 -12.00000
-47.50000 33.00000 -19.00000
-48.00000 33.00000 -18.50000
-47.50000 33.00000 -13.00000
-48.00000 33.00000 -12.50000
-47.50000 34.00000 -19.00000
-48.00000 34.00000 -18.50000
-47.50000 34.00000 -13.00000
-48.00000 33.50000 -12.00000
-47.50000 34.00000 -12.00000
-48.00000 34.00000 -11.50000
-47.50000 34.00000 -11.00000
-48.00000 35.00000 -19.50000
-48.00000 34.50000 -19.00000
-47.50000 35.00000 -14.00000
-47.50000 35.00000 -13.00000
-48.00000 34.50000 -11.00000
-47.50000 35.00000 -11.00000
-48.00000 35.00000 -10.50000
-48.00000 36.00000 -19.50000
-47.50000 36.00000 -14.00000
-47.50000 36.00000 -13.00000
-47.50000 36.00000 -12.00000
-48.00000 36.00000 -11.50000
-48.00000 35.50000 -11.00000
-47.50000 37.00000 -20.00000
-48.00000 37.00000 -19.50000
-47.50000 37.00000 -14.00000
-47.50000 37.00000 -13.00000
-48.00000 37.00000 -12.50000
-48.00000 36.50000 -12.00000
-47.50000 38.00000 -20.00000
-48.00000 38.00000 -19.50000
-47.50000 38.00000 -13.00000
-48.00000 38.00000 -12.50000
-48.00000 39.00000 -19.50000
-48.00000 38.50000 -12.00000
-48.00000 39.00000 -11.50000
-48.00000 39.50000 -19.00000
-47.50000 40.00000 -19.00000
-48.00000 40.00000 -18.50000
-48.00000 40.00000 -11.50000
-47.50000 41.00000 -19.00000
-48.00000 41.00000 -18.50000
-47.50000 41.00000 -13.00000
-48.00000 41.00000 -11.50000
-47.50000 42.00000 -19.00000
-48.00000 42.00000 -18.50000
-47.50000 42.00000 -13.00000
-47.50000 42.00000 -12.00000
-48.00000 42.00000 -11.50000
-47.50000 43.00000 -18.00000
-48.00000 42.50000 -18.00000
-48.00000 43.00000 -17.50000
-48.00000 42.50000 -13.00000
-48.00000 43.00000 -13.50000
-48.00000 42.50000 -12.00000
-47.50000 44.00000 -18.00000
-48.00000 44.00000 -17.50000
-48.00000 44.00000 -13.50000
-47.50000 45.00000 -17.00000
-48.00000 44.50000 -17.00000
-48.00000 45.00000 -16.50000
-47.50000 45.00000 -13.00000
-48.00000 45.00000 -13.50000
-47.50000 46.00000 -16.00000
-48.00000 45.50000 -16.00000
-48.00000 46.00000 -15.50000
-48.00000 45.50000 -13.00000
-47.50000 46.00000 -12.00000
-48.00000 46.00000 -12.50000
-47.50000 47.00000 -16.00000
-48.00000 46.50000 -15.00000
-47.50000 47.00000 -15.00000
-48.00000 47.00000 -14.50000
-47.50000 47.00000 -12.00000
-48.00000 47.00000 -12.50000
-47.50000 47.00000 -11.00000
-47.50000 48.00000 -14.00000
-48.00000 47.50000 -14.00000
-47.50000 48.00000 -13.00000
-48.00000 47.50000 -13.00000
-47.50000 48.00000 -12.00000
-47.50000 48.00000 -11.00000
-47.50000 48.00000 -10.00000
-47.50000 48.00000 -9.00000
-47.50000 49.00000 -13.00000
-47.50000 49.00000 -12.00000
-47.50000 49.00000 -11.00000
-47.50000 49.00000 -10.00000
-47.50000 49.00000 -9.00000
-47.50000 49.00000 -8.00000
-47.50000 50.00000 -11.00000
-47.50000 50.00000 -10.00000
-47.50000 50.00000 -9.00000
-47.50000 50.00000 -8.00000
-47.50000 50.00000 -7.00000
-47.50000 51.00000 -8.00000
-47.50000 51.00000 -7.00000
-48.50000 21.00000 -11.00000
-48.50000 21.00000 -10.00000
-48.50000 21.00000 -9.00000
-48.50000 21.00000 -8.00000
-48.50000 22.00000 -12.00000
-48.50000 22.00000 -11.00000
-49.00000 22.00000 -10.50000
-49.00000 21.50000 -10.00000
-49.00000 21.50000 -9.00000
-49.00000 22.00000 -8.50000
-48.50000 22.00000 -8.00000
-48.50000 23.00000 -14.00000
-48.50000 23.00000 -13.00000
-49.00000 23.00000 -12.50000
-49.00000 22.50000 -12.00000
-49.00000 22.50000 -11.00000
-49.00000 22.50000 -8.00000
-48.50000 23.00000 -7.00000
-49.00000 23.00000 -7.50000
-48.50000 24.00000 -15.00000
-48.50000 24.00000 -14.00000
-49.00000 24.00000 -13.50000
-49.00000 23.50000 -13.00000
-49.00000 23.50000 -7.00000
-49.00000 24.00000 -6.50000
-48.50000 25.00000 -15.00000
-49.00000 25.00000 -14.50000
-49.00000 24.50000 -14.00000
-49.00000 25.00000 -6.50000
-48.50000 26.00000 -15.00000
-49.00000 26.00000 -14.50000
-49.00000 26.00000 -6.50000
-48.50000 27.00000 -16.00000
-49.00000 27.00000 -15.50000
-49.00000 26.50000 -15.00000
-49.00000 27.00000 -6.50000
-48.50000 28.00000 -16.00000
-49.00000 28.00000 -15.50000
-49.00000 28.00000 -6.50000
-48.50000 29.00000 -17.00000
-49.00000 29.00000 -16.50000
-49.00000 28.50000 -16.00000
-48.50000 29.00000 -10.00000
-49.00000 29.00000 -6.50000
-48.50000 30.00000 -17.00000
-49.00000 30.00000 -16.50000
-48.50000 30.00000 -10.00000
-49.00000 29.50000 -7.00000
-49.00000 30.00000 -7.50000
-49.00000 31.00000 -17.50000
-49.00000 30.50000 -17.00000
-48.50000 31.00000 -11.00000
-48.50000 31.00000 -10.00000
-48.50000 31.00000 -9.00000
-49.00000 31.00000 -8.50000
-49.00000 30.50000 -8.00000
-48.50000 32.00000 -18.00000
-49.00000 32.00000 -17.50000
-48.50000 32.00000 -12.00000
-48.50000 32.00000 -11.00000
-49.00000 32.00000 -10.50000
-49.00000 31.50000 -10.00000
-49.00000 31.50000 -9.00000
-48.50000 33.00000 -18.00000
-49.00000 33.00000 -17.50000
-48.50000 33.00000 -12.00000
-49.00000 33.00000 -11.50000
-49.00000 32.50000 -11.00000
-49.00000 34.00000 -18.50000
-49.00000 33.50000 -18.00000
-49.00000 34.00000 -11.50000
-48.50000 35.00000 -19.00000
-49.00000 35.00000 -18.50000
-49.00000 34.50000 -11.00000
-49.00000 35.00000 -10.50000
-48.50000 36.00000 -19.00000
-49.00000 36.00000 -18.50000
-48.50000 36.00000 -11.00000
-49.00000 36.00000 -10.50000
-48.50000 37.00000 -19.00000
-49.00000 37.00000 -18.50000
-48.50000 37.00000 -12.00000
-49.00000 37.00000 -11.50000
-49.00000 36.50000 -11.00000
-48.50000 38.00000 -19.00000
-49.00000 38.00000 -18.50000
-48.50000 38.00000 -12.00000
-49.00000 38.00000 -11.50000
-48.50000 39.00000 -19.00000
-49.00000 39.00000 -18.50000
-49.00000 39.00000 -11.50000
-48.50000 40.00000 -18.00000
-49.00000 39.50000 -18.00000
-49.00000 40.00000 -17.50000
-49.00000 40.00000 -11.50000
-48.50000 41.00000 -18.00000
-49.00000 41.00000 -17.50000
-49.00000 41.00000 -11.50000
-48.50000 42.00000 -18.00000
-49.00000 42.00000 -17.50000
-48.50000 42.00000 -12.00000
-49.00000 41.50000 -12.00000
-49.00000 42.00000 -12.50000
-48.50000 43.00000 -17.00000
-49.00000 42.50000 -17.00000
-49.00000 43.00000 -16.50000
-48.50000 43.00000 -13.00000
-49.00000 43.00000 -12.50000
-48.50000 44.00000 -17.00000
-49.00000 43.50000 -16.00000
-48.50000 44.00000 -16.00000
-49.00000 44.00000 -15.50000
-48.50000 44.00000 -14.00000
-49.00000 43.50000 -14.00000
-49.00000 44.00000 -14.50000
-49.00000 43.50000 -13.00000
-48.50000 45.00000 -16.00000
-49.00000 44.50000 -15.00000
-48.50000 45.00000 -15.00000
-48.50000 45.00000 -14.00000
-48.50000 46.00000 -15.00000
-48.50000 46.00000 -14.00000
-48.50000 46.00000 -13.00000
-48.50000 47.00000 -14.00000
-48.50000 47.00000 -13.00000
-49.50000 22.00000 -10.00000
-49.50000 22.00000 -9.00000
-49.50000 23.00000 -12.00000
-49.50000 23.00000 -11.00000
-49.50000 23.00000 -10.00000
-49.50000 23.00000 -9.00000
-49.50000 23.00000 -8.00000
-49.50000 24.00000 -13.00000
-49.50000 24.00000 -12.00000
-49.50000 24.00000 -11.00000
-50.00000 24.00000 -10.50000
-50.00000 23.50000 -10.00000
-50.00000 23.50000 -9.00000
-50.00000 24.00000 -8.50000
-49.50000 24.00000 -8.00000
-49.50000 24.00000 -7.00000
-49.50000 25.00000 -14.00000
-49.50000 25.00000 -13.00000
-50.00000 25.00000 -12.50000
-50.00000 24.50000 -12.00000
-50.00000 24.50000 -11.00000
-50.00000 24.50000 -8.00000
-50.00000 25.00000 -7.50000
-49.50000 25.00000 -7.00000
-49.50000 26.00000 -14.00000
-50.00000 26.00000 -13.50000
-50.00000 25.50000 -13.00000
-49.50000 26.00000 -7.00000
-50.00000 26.00000 -7.50000
-49.50000 27.00000 -15.00000
-49.50000 27.00000 -14.00000
-50.00000 27.00000 -13.50000
-49.50000 27.00000 -7.00000
-50.00000 27.00000 -7.50000
-49.50000 28.00000 -15.00000
-50.00000 28.00000 -14.50000
-50.00000 27.50000 -14.00000
-49.50000 28.00000 -7.00000
-50.00000 28.00000 -7.50000
-49.50000 29.00000 -16.00000
-50.00000 29.00000 -15.50000
-50.00000 28.50000 -15.00000
-49.50000 29.00000 -7.00000
-50.00000 29.00000 -7.50000
-49.50000 30.00000 -16.00000
-50.00000 30.00000 -15.50000
-50.00000 30.00000 -7.50000
-49.50000 31.00000 -17.00000
-50.00000 31.00000 -16.50000
-50.00000 30.50000 -16.00000
-50.00000 30.50000 -8.00000
-50.00000 31.00000 -8.50000
-49.50000 32.00000 -17.00000
-50.00000 32.00000 -16.50000
-49.50000 32.00000 -10.00000
-49.50000 32.00000 -9.00000
-50.00000 32.00000 -8.50000
-49.50000 33.00000 -17.00000
-50.00000 33.00000 -16.50000
-49.50000 33.00000 -11.00000
-49.50000 33.00000 -10.00000
-50.00000 33.00000 -9.50000
-50.00000 32.50000 -9.00000
-49.50000 34.00000 -18.00000
-50.00000 34.00000 -17.50000
-50.00000 33.50000 -17.00000
-49.50000 34.00000 -11.00000
-49.50000 34.00000 -10.00000
-50.00000 34.00000 -9.50000
-49.50000 35.00000 -18.00000
-50.00000 35.00000 -17.50000
-50.00000 34.50000 -10.00000
-50.00000 35.00000 -10.50000
-49.50000 36.00000 -18.00000
-50.00000 36.00000 -17.50000
-50.00000 36.00000 -10.50000
-49.50000 37.00000 -18.00000
-50.00000 37.00000 -17.50000
-49.50000 37.00000 -11.00000
-50.00000 37.00000 -10.50000
-49.50000 38.00000 -18.00000
-50.00000 38.00000 -17.50000
-50.00000 37.50000 -11.00000
-50.00000 38.00000 -11.50000
-49.50000 39.00000 -18.00000
-50.00000 39.00000 -17.50000
-50.00000 39.00000 -11.50000
-49.50000 40.00000 -17.00000
-50.00000 39.50000 -17.00000
-50.00000 40.00000 -16.50000
-50.00000 40.00000 -11.50000
-49.50000 41.00000 -17.00000
-50.00000 41.00000 -16.50000
-49.50000 41.00000 -12.00000
-50.00000 40.50000 -12.00000
-50.00000 41.00000 -12.50000
-49.50000 42.00000 -17.00000
-50.00000 41.50000 -16.00000
-49.50000 42.00000 -16.00000
-50.00000 42.00000 -15.50000
-50.00000 42.00000 -12.50000
-49.50000 43.00000 -16.00000
-50.00000 42.50000 -15.00000
-49.50000 43.00000 -15.00000
-49.50000 43.00000 -14.00000
-50.00000 42.50000 -14.00000
-50.00000 43.00000 -13.50000
-50.00000 43.00000 -12.50000
-49.50000 44.00000 -15.00000
-50.00000 43.50000 -13.00000
-50.50000 24.00000 -10.00000
-50.50000 24.00000 -9.00000
-50.50000 25.00000 -12.00000
-50.50000 25.00000 -11.00000
-50.50000 25.00000 -10.00000
-50.50000 25.00000 -9.00000
-50.50000 25.00000 -8.00000
-50.50000 26.00000 -13.00000
-50.50000 26.00000 -12.00000
-51.00000 26.00000 -11.50000
-51.00000 25.50000 -11.00000
-51.00000 25.50000 -10.00000
-51.00000 25.50000 -9.00000
-51.00000 26.00000 -8.50000
-50.50000 26.00000 -8.00000
-50.50000 27.00000 -13.00000
-51.00000 27.00000 -12.50000
-51.00000 26.50000 -12.00000
-51.00000 26.50000 -8.00000
-51.00000 27.00000 -7.50000
-50.50000 28.00000 -14.00000
-50.50000 28.00000 -13.00000
-51.00000 28.00000 -12.50000
-51.00000 28.00000 -7.50000
-50.50000 29.00000 -15.00000
-50.50000 29.00000 -14.00000
-51.00000 29.00000 -13.50000
-51.00000 28.50000 -13.00000
-51.00000 29.00000 -7.50000
-50.50000 30.00000 -15.00000
-51.00000 30.00000 -14.50000
-51.00000 29.50000 -14.00000
-51.00000 30.00000 -7.50000
-50.50000 31.00000 -16.00000
-50.50000 31.00000 -15.00000
-51.00000 31.00000 -14.50000
-50.50000 31.00000 -8.00000
-51.00000 31.00000 -7.50000
-50.50000 32.00000 -16.00000
-51.00000 32.00000 -15.50000
-51.00000 31.50000 -15.00000
-51.00000 31.50000 -8.00000
-51.00000 32.00000 -8.50000
-50.50000 33.00000 -16.00000
-51.00000 33.00000 -15.50000
-51.00000 32.50000 -9.00000
-51.00000 33.00000 -9.50000
-50.50000 34.00000 -17.00000
-50.50000 34.00000 -16.00000
-51.00000 34.00000 -15.50000
-51.00000 34.00000 -9.50000
-50.50000 35.00000 -17.00000
-51.00000 35.00000 -16.50000
-51.00000 34.50000 -16.00000
-51.00000 34.50000 -10.00000
-51.00000 35.00000 -10.50000
-50.50000 36.00000 -17.00000
-51.00000 36.00000 -16.50000
-51.00000 36.00000 -10.50000
-50.50000 37.00000 -17.00000
-51.00000 37.00000 -16.50000
-51.00000 37.00000 -10.50000
-50.50000 38.00000 -17.00000
-51.00000 37.50000 -16.00000
-50.50000 38.00000 -16.00000
-51.00000 38.00000 -15.50000
-51.00000 37.50000 -11.00000
-51.00000 38.00000 -11.50000
-50.50000 39.00000 -17.00000
-50.50000 39.00000 -16.00000
-51.00000 39.00000 -15.50000
-51.00000 39.00000 -11.50000
-50.50000 40.00000 -16.00000
-51.00000 40.00000 -15.50000
-50.50000 40.00000 -12.00000
-51.00000 39.50000 -12.00000
-51.00000 40.00000 -12.50000
-50.50000 41.00000 -16.00000
-51.00000 40.50000 -15.00000
-50.50000 41.00000 -15.00000
-51.00000 41.00000 -14.50000
-51.00000 41.00000 -12.50000
-50.50000 42.00000 -15.00000
-51.00000 41.50000 -14.00000
-50.50000 42.00000 -14.00000
-51.00000 42.00000 -13.50000
-51.00000 42.00000 -12.50000
-50.50000 43.00000 -13.00000
-51.00000 42.50000 -13.00000
-51.50000 26.00000 -11.00000
-51.50000 26.00000 -10.00000
-51.50000 26.00000 -9.00000
-51.50000 27.00000 -12.00000
-51.50000 27.00000 -11.00000
-51.50000 27.00000 -10.00000
-51.50000 27.00000 -9.00000
-51.50000 27.00000 -8.00000
-51.50000 28.00000 -12.00000
-51.50000 28.00000 -11.00000
-52.00000 28.00000 -10.50000
-52.00000 27.50000 -10.00000
-52.00000 28.00000 -9.50000
-51.50000 28.00000 -9.00000
-51.50000 28.00000 -8.00000
-51.50000 29.00000 -13.00000
-51.50000 29.00000 -12.00000
-52.00000 29.00000 -11.50000
-52.00000 28.50000 -11.00000
-52.00000 28.50000 -9.00000
-52.00000 29.00000 -8.50000
-51.50000 29.00000 -8.00000
-51.50000 30.00000 -14.00000
-51.50000 30.00000 -13.00000
-52.00000 30.00000 -12.50000
-52.00000 29.50000 -12.00000
-51.50000 30.00000 -8.00000
-52.00000 30.00000 -8.50000
-51.50000 31.00000 -14.00000
-52.00000 31.00000 -13.50000
-52.00000 30.50000 -13.00000
-51.50000 31.00000 -8.00000
-52.00000 31.00000 -8.50000
-51.50000 32.00000 -15.00000
-51.50000 32.00000 -14.00000
-52.00000 32.00000 -13.50000
-52.00000 32.00000 -8.50000
-51.50000 33.00000 -15.00000
-52.00000 33.00000 -14.50000
-52.00000 32.50000 -14.00000
-51.50000 33.00000 -9.00000
-52.00000 33.00000 -8.50000
-51.50000 34.00000 -15.00000
-52.00000 34.00000 -14.50000
-52.00000 33.50000 -9.00000
-52.00000 34.00000 -9.50000
-51.50000 35.00000 -16.00000
-51.50000 35.00000 -15.00000
-52.00000 35.00000 -14.50000
-51.50000 35.00000 -10.00000
-52.00000 35.00000 -9.50000
-51.50000 36.00000 -16.00000
-51.50000 36.00000 -15.00000
-52.00000 36.00000 -14.50000
-52.00000 35.50000 -10.00000
-52.00000 36.00000 -10.50000
-51.50000 37.00000 -16.00000
-51.50000 37.00000 -15.00000
-52.00000 37.00000 -14.50000
-52.00000 37.00000 -10.50000
-51.50000 38.00000 -15.00000
-52.00000 38.00000 -14.50000
-52.00000 37.50000 -11.00000
-52.00000 38.00000 -11.50000
-51.50000 39.00000 -15.00000
-52.00000 38.50000 -14.00000
-51.50000 39.00000 -14.00000
-52.00000 39.00000 -13.50000
-52.00000 39.00000 -11.50000
-51.50000 40.00000 -15.00000
-51.50000 40.00000 -14.00000
-52.00000 39.50000 -13.00000
-51.50000 40.00000 -13.00000
-52.00000 39.50000 -12.00000
-51.50000 41.00000 -14.00000
-51.50000 41.00000 -13.00000
-51.50000 42.00000 -13.00000
-52.50000 28.00000 -10.00000
-52.50000 29.00000 -11.00000
-52.50000 29.00000 -10.00000
-52.50000 29.00000 -9.00000
-52.50000 30.00000 -12.00000
-52.50000 30.00000 -11.00000
-52.50000 30.00000 -10.00000
-52.50000 30.00000 -9.00000
-52.50000 31.00000 -13.00000
-52.50000 31.00000 -12.00000
-52.50000 31.00000 -11.00000
-52.50000 31.00000 -10.00000
-52.50000 31.00000 -9.00000
-52.50000 32.00000 -13.00000
-52.50000 32.00000 -12.00000
-53.00000 32.00000 -11.50000
-53.00000 31.50000 -11.00000
-53.00000 31.50000 -10.00000
-53.00000 32.00000 -9.50000
-52.50000 32.00000 -9.00000
-52.50000 33.00000 -14.00000
-52.50000 33.00000 -13.00000
-52.50000 33.00000 -12.00000
-53.00000 33.00000 -11.50000
-53.00000 32.50000 -9.00000
-53.00000 33.00000 -8.50000
-52.50000 34.00000 -14.00000
-52.50000 34.00000 -13.00000
-53.00000 34.00000 -12.50000
-53.00000 33.50000 -12.00000
-53.00000 33.50000 -9.00000
-53.00000 34.00000 -9.50000
-52.50000 35.00000 -14.00000
-52.50000 35.00000 -13.00000
-53.00000 35.00000 -12.50000
-53.00000 35.00000 -9.50000
-52.50000 36.00000 -14.00000
-52.50000 36.00000 -13.00000
-53.00000 36.00000 -12.50000
-53.00000 35.50000 -10.00000
-53.00000 36.00000 -10.50000
-52.50000 37.00000 -14.00000
-52.50000 37.00000 -13.00000
-53.00000 36.50000 -12.00000
-52.50000 37.00000 -12.00000
-53.00000 37.00000 -11.50000
-53.00000 37.00000 -10.50000
-52.50000 38.00000 -14.00000
-52.50000 38.00000 -13.00000
-52.50000 38.00000 -12.00000
-53.00000 37.50000 -11.00000
-52.50000 39.00000 -13.00000
-52.50000 39.00000 -12.00000
-53.50000 32.00000 -11.00000
-53.50000 32.00000 -10.00000
-53.50000 33.00000 -11.00000
-53.50000 33.00000 -10.00000
-53.50000 33.00000 -9.00000
-53.50000 34.00000 -12.00000
-53.50000 34.00000 -11.00000
-53.50000 34.00000 -10.00000
-53.50000 35.00000 -12.00000
-53.50000 35.00000 -11.00000
-53.50000 35.00000 -10.00000
-53.50000 36.00000 -12.00000
-53.50000 36.00000 -11.00000
-53.50000 37.00000 -11.00000
3 2 1 0
3 4 3 0
3 0 3 2
3 4 5 3
3 0 1 6
3 6 1 7
3 0 8 4
3 0 6 8
3 5 4 9
3 9 4 8
3 6 7 10
3 10 7 11
3 13 8 12
3 8 10 12
3 8 6 10
3 8 13 9
3 10 11 14
3 14 11 15
3 12 10 16
3 16 10 14
3 19 18 17
3 19 17 15
3 17 14 15
3 17 20 14
3 16 14 21
3 21 14 20
3 17 18 22
3 22 18 23
3 17 24 20
3 17 22 24
3 21 20 25
3 25 20 24
3 22 23 26
3 26 23 27
3 22 28 24
3 22 26 28
3 25 24 29
3 29 24 28
3 26 27 30
3 30 27 31
3 33 28 32
3 28 30 32
3 28 26 30
3 28 33 29
3 31 34 30
3 30 34 32
3 37 36 35
3 39 38 35
3 35 38 37
3 39 40 38
3 43 42 41
3 43 41 36
3 41 35 36
3 41 44 35
3 46 39 45
3 39 44 45
3 39 35 44
3 39 46 40
3 41 42 47
3 47 42 48
3 41 49 44
3 41 47 49
3 45 44 50
3 50 44 49
3 47 48 51
3 51 48 52
3 51 1 2
3 49 51 2
3 47 51 49
3 2 3 49
3 3 53 49
3 53 50 49
3 3 54 53
3 5 54 3
3 51 52 55
3 55 52 56
3 55 7 1
3 55 1 51
3 53 54 57
3 53 57 58
3 9 57 5
3 5 57 54
3 61 60 59
3 61 59 56
3 59 55 56
3 59 62 55
3 62 11 7
3 62 7 55
3 58 57 13
3 12 58 13
3 63 58 12
3 13 57 9
3 59 60 64
3 64 60 65
3 59 66 62
3 59 64 66
3 66 15 11
3 66 11 62
3 16 63 12
3 16 67 63
3 70 69 68
3 70 68 65
3 68 64 65
3 68 71 64
3 71 18 19
3 66 71 19
3 64 71 66
3 66 19 15
3 21 67 16
3 21 72 67
3 68 69 73
3 73 69 74
3 68 75 71
3 68 73 75
3 75 23 18
3 75 18 71
3 25 72 21
3 25 76 72
3 79 78 77
3 79 77 74
3 77 73 74
3 77 80 73
3 73 81 75
3 73 80 81
3 81 27 23
3 81 23 75
3 29 76 25
3 29 82 76
3 77 78 83
3 83 78 84
3 77 85 80
3 77 83 85
3 80 86 81
3 80 85 86
3 86 31 27
3 86 27 81
3 32 87 33
3 87 88 33
3 88 29 33
3 88 82 29
3 84 89 83
3 83 89 85
3 85 89 90
3 85 90 86
3 86 90 91
3 86 91 31
3 91 34 31
3 91 92 34
3 32 34 87
3 34 93 87
3 34 92 93
3 87 93 88
3 96 95 94
3 98 97 94
3 94 97 96
3 98 99 97
3 102 101 100
3 102 100 95
3 100 94 95
3 100 103 94
3 94 104 98
3 94 103 104
3 99 98 105
3 105 98 104
3 108 107 106
3 108 106 101
3 106 100 101
3 106 109 100
3 100 110 103
3 100 109 110
3 112 104 111
3 104 110 111
3 104 103 110
3 104 112 105
3 106 107 113
3 113 107 114
3 113 36 37
3 109 113 37
3 106 113 109
3 38 115 37
3 115 116 37
3 117 37 116
3 37 117 109
3 118 109 117
3 109 118 115
3 115 110 109
3 38 110 115
3 115 118 116
3 116 118 40
3 118 111 40
3 110 38 40
3 110 40 111
3 121 120 119
3 123 122 119
3 119 122 121
3 123 124 122
3 127 126 125
3 127 125 114
3 114 125 113
3 125 42 113
3 42 43 113
3 113 43 36
3 117 116 46
3 45 117 46
3 128 117 45
3 46 116 40
3 119 120 129
3 129 120 130
3 119 131 123
3 119 129 131
3 124 123 132
3 123 133 132
3 123 131 133
3 133 134 132
3 125 126 135
3 135 126 136
3 135 48 42
3 135 42 125
3 50 128 45
3 50 137 128
3 129 130 138
3 138 130 139
3 129 140 131
3 129 138 140
3 131 141 133
3 131 140 141
3 134 133 142
3 133 143 142
3 133 141 143
3 142 143 136
3 143 135 136
3 143 144 135
3 144 52 48
3 144 48 135
3 53 137 50
3 53 145 137
3 138 139 146
3 146 139 147
3 138 148 140
3 138 146 148
3 140 149 141
3 140 148 149
3 141 150 143
3 141 149 150
3 143 151 144
3 143 150 151
3 151 56 52
3 151 52 144
3 154 153 152
3 153 145 152
3 145 58 152
3 145 53 58
3 146 147 155
3 155 147 156
3 146 157 148
3 146 155 157
3 148 158 149
3 148 157 158
3 149 159 150
3 149 158 159
3 159 60 61
3 151 159 61
3 150 159 151
3 151 61 56
3 154 152 160
3 154 160 161
3 63 160 58
3 58 160 152
3 155 156 162
3 162 156 163
3 155 164 157
3 155 162 164
3 157 165 158
3 157 164 165
3 158 166 159
3 158 165 166
3 166 65 60
3 166 60 159
3 161 160 167
3 161 167 168
3 67 167 63
3 63 167 160
3 162 163 169
3 169 163 170
3 162 171 164
3 162 169 171
3 164 172 165
3 164 171 172
3 172 69 70
3 166 172 70
3 165 172 166
3 166 70 65
3 168 167 173
3 168 173 174
3 72 173 67
3 67 173 167
3 169 170 175
3 175 170 176
3 169 177 171
3 169 175 177
3 171 178 172
3 171 177 178
3 178 74 69
3 178 69 172
3 174 173 179
3 174 179 180
3 76 179 72
3 72 179 173
3 175 176 181
3 181 176 182
3 175 183 177
3 175 181 183
3 183 78 79
3 178 183 79
3 177 183 178
3 178 79 74
3 180 179 184
3 180 184 185
3 82 184 76
3 76 184 179
3 181 182 186
3 186 182 187
3 181 188 183
3 181 186 188
3 188 84 78
3 188 78 183
3 185 184 189
3 185 189 190
3 88 189 82
3 82 189 184
3 187 191 186
3 186 191 188
3 188 191 192
3 188 192 84
3 192 89 84
3 192 193 89
3 89 194 90
3 193 194 89
3 90 195 91
3 194 195 90
3 91 196 92
3 195 196 91
3 189 93 190
3 93 196 190
3 93 92 196
3 93 189 88
3 199 198 197
3 201 200 197
3 197 200 199
3 203 202 201
3 201 202 200
3 205 204 203
3 203 204 202
3 207 206 205
3 205 206 204
3 207 208 206
3 197 198 209
3 209 198 210
3 197 211 201
3 197 209 211
3 201 212 203
3 201 211 212
3 203 213 205
3 203 212 213
3 205 214 207
3 205 213 214
3 208 207 215
3 215 207 214
3 209 210 216
3 216 210 217
3 209 218 211
3 209 216 218
3 211 219 212
3 211 218 219
3 219 95 96
3 213 219 96
3 212 219 213
3 213 96 97
3 213 97 214
3 97 99 214
3 99 215 214
3 99 220 215
3 223 222 221
3 225 224 221
3 221 224 223
3 227 226 225
3 225 226 224
3 229 228 227
3 227 228 226
3 231 230 229
3 229 230 228
3 230 231 217
3 231 216 217
3 231 232 216
3 216 233 218
3 216 232 233
3 233 101 102
3 219 233 102
3 218 233 219
3 219 102 95
3 236 235 234
3 235 220 234
3 220 105 234
3 220 99 105
3 221 222 237
3 237 222 238
3 221 239 225
3 221 237 239
3 225 240 227
3 225 239 240
3 227 241 229
3 227 240 241
3 229 242 231
3 229 241 242
3 231 243 232
3 231 242 243
3 243 107 108
3 233 243 108
3 232 243 233
3 233 108 101
3 246 245 244
3 244 245 236
3 244 236 234
3 111 244 234
3 112 111 234
3 112 234 105
3 237 238 247
3 247 238 248
3 237 249 239
3 237 247 249
3 239 250 240
3 239 249 250
3 240 251 241
3 240 250 251
3 241 252 242
3 241 251 252
3 242 253 243
3 242 252 253
3 253 114 107
3 253 107 243
3 256 255 254
3 254 255 246
3 254 246 244
3 117 254 244
3 118 117 244
3 118 244 111
3 247 248 257
3 257 248 258
3 257 120 121
3 249 257 121
3 247 257 249
3 249 121 122
3 249 122 250
3 250 122 124
3 259 250 124
3 251 250 259
3 251 260 252
3 251 259 260
3 260 126 127
3 253 260 127
3 252 260 253
3 253 127 114
3 256 254 261
3 256 261 262
3 128 261 117
3 117 261 254
3 257 258 263
3 263 258 264
3 263 130 120
3 263 120 257
3 132 259 124
3 259 132 134
3 265 259 134
3 260 259 265
3 265 136 126
3 265 126 260
3 262 261 266
3 262 266 267
3 137 266 128
3 128 266 261
3 263 264 268
3 268 264 269
3 268 139 130
3 268 130 263
3 142 265 134
3 265 142 136
3 267 266 270
3 267 270 271
3 145 270 137
3 137 270 266
3 268 269 272
3 272 269 273
3 272 147 139
3 272 139 268
3 271 270 153
3 154 271 153
3 274 271 154
3 153 270 145
3 273 275 272
3 147 272 275
3 276 147 275
3 156 147 276
3 161 274 154
3 161 277 274
3 276 163 156
3 278 163 276
3 281 280 279
3 280 277 279
3 277 168 279
3 277 161 168
3 278 170 163
3 282 170 278
3 281 279 283
3 281 283 284
3 174 283 168
3 168 283 279
3 282 176 170
3 285 176 282
3 288 287 286
3 286 287 284
3 283 286 284
3 289 286 283
3 180 289 174
3 174 289 283
3 285 182 176
3 290 182 285
3 288 286 291
3 288 291 292
3 293 286 289
3 291 286 293
3 185 293 180
3 180 293 289
3 290 187 182
3 294 187 290
3 295 292 291
3 297 296 295
3 291 297 295
3 293 297 291
3 190 297 185
3 185 297 293
3 294 298 187
3 187 298 191
3 298 300 299
3 192 298 299
3 191 298 192
3 301 193 192
3 301 192 299
3 302 194 193
3 302 193 301
3 303 195 194
3 303 194 302
3 304 296 297
3 195 304 297
3 196 195 297
3 304 195 303
3 196 297 190
3 300 305 299
3 299 305 301
3 301 305 306
3 301 306 302
3 302 306 307
3 302 307 303
3 303 307 308
3 303 308 304
3 311 310 309
3 313 312 309
3 309 312 311
3 313 314 312
3 317 316 315
3 319 318 315
3 315 318 317
3 318 319 310
3 319 309 310
3 319 320 309
3 309 321 313
3 309 320 321
3 314 313 322
3 313 323 322
3 313 321 323
3 323 324 322
3 327 326 325
3 329 328 325
3 325 328 327
3 328 329 316
3 316 329 315
3 329 198 315
3 198 199 315
3 315 199 200
3 315 200 319
3 319 200 202
3 319 202 320
3 320 202 204
3 320 204 321
3 321 204 206
3 321 206 323
3 206 208 323
3 208 324 323
3 208 330 324
3 333 332 331
3 335 334 331
3 331 334 333
3 334 335 326
3 335 325 326
3 335 336 325
3 325 337 329
3 325 336 337
3 198 338 210
3 198 339 338
3 339 198 340
3 329 340 198
3 340 329 341
3 338 341 329
3 329 337 338
3 338 337 210
3 339 341 338
3 343 342 339
3 343 339 340
3 344 342 343
3 215 330 208
3 215 345 330
3 348 347 346
3 350 349 346
3 346 349 348
3 349 350 332
3 350 331 332
3 350 351 331
3 331 352 335
3 331 351 352
3 335 353 336
3 335 352 353
3 336 354 337
3 336 353 354
3 210 355 217
3 355 339 217
3 356 217 339
3 217 356 354
3 341 354 356
3 354 341 355
3 355 337 354
3 210 337 355
3 355 341 339
3 356 339 342
3 356 342 357
3 357 342 344
3 360 359 358
3 359 345 358
3 345 220 358
3 345 215 220
3 346 347 361
3 361 347 362
3 361 222 223
3 350 361 223
3 346 361 350
3 350 223 224
3 350 224 351
3 351 224 226
3 351 226 352
3 352 226 228
3 352 228 353
3 353 228 230
3 353 230 354
3 354 230 217
3 360 358 235
3 236 360 235
3 363 360 236
3 235 358 220
3 361 362 364
3 364 362 365
3 364 238 222
3 364 222 361
3 368 367 366
3 245 246 366
3 367 245 366
3 369 245 367
3 236 245 363
3 363 245 369
3 364 365 370
3 370 365 371
3 370 248 238
3 370 238 364
3 368 366 255
3 256 368 255
3 372 368 256
3 255 366 246
3 370 371 373
3 373 371 374
3 373 258 248
3 373 248 370
3 262 372 256
3 262 375 372
3 373 374 376
3 376 374 377
3 376 264 258
3 376 258 373
3 267 375 262
3 267 378 375
3 377 379 376
3 264 376 379
3 380 264 379
3 269 264 380
3 271 378 267
3 271 381 378
3 380 273 269
3 382 273 380
3 274 381 271
3 274 383 381
3 275 273 384
3 273 385 384
3 273 382 385
3 384 276 275
3 277 383 274
3 277 386 383
3 385 387 384
3 276 384 387
3 388 276 387
3 278 276 388
3 281 389 280
3 389 390 280
3 390 277 280
3 390 386 277
3 388 282 278
3 391 282 388
3 394 393 392
3 393 395 389
3 284 393 389
3 281 284 389
3 392 393 284
3 389 395 390
3 391 285 282
3 396 285 391
3 394 392 287
3 288 394 287
3 397 394 288
3 287 392 284
3 400 399 398
3 398 401 400
3 396 290 285
3 402 290 396
3 405 404 403
3 404 397 403
3 397 292 403
3 397 288 292
3 399 406 398
3 398 406 401
3 402 294 290
3 407 294 402
3 405 403 408
3 405 408 409
3 295 410 292
3 410 403 292
3 410 408 403
3 296 410 295
3 298 294 411
3 294 412 411
3 294 407 412
3 411 300 298
3 413 409 408
3 415 414 413
3 408 415 413
3 410 415 408
3 304 415 296
3 296 415 410
3 412 416 411
3 411 416 300
3 416 305 300
3 416 417 305
3 305 418 306
3 417 418 305
3 306 419 307
3 418 419 306
3 415 308 414
3 308 419 414
3 308 307 419
3 308 415 304
3 422 421 420
3 424 423 420
3 420 423 422
3 424 425 423
3 420 421 426
3 426 421 427
3 420 428 424
3 420 426 428
3 425 424 429
3 429 424 428
3 432 431 430
3 434 433 430
3 430 433 432
3 433 434 427
3 427 434 426
3 434 310 426
3 310 311 426
3 426 311 312
3 426 312 428
3 312 314 428
3 314 429 428
3 314 435 429
3 438 437 436
3 440 439 436
3 436 439 438
3 439 440 431
3 431 440 430
3 440 316 430
3 316 317 430
3 430 317 318
3 430 318 434
3 434 318 310
3 441 435 314
3 441 314 322
3 322 324 441
3 441 324 442
3 445 444 443
3 447 446 443
3 443 446 445
3 449 448 447
3 447 448 446
3 451 450 449
3 449 450 448
3 450 451 437
3 437 451 436
3 451 326 436
3 326 327 436
3 436 327 328
3 436 328 440
3 440 328 316
3 330 442 324
3 330 452 442
3 455 454 453
3 455 453 444
3 453 443 444
3 453 456 443
3 443 457 447
3 443 456 457
3 457 332 333
3 449 457 333
3 447 457 449
3 449 333 334
3 449 334 451
3 451 334 326
3 460 459 458
3 340 341 458
3 459 340 458
3 461 340 459
3 461 463 462
3 343 461 462
3 340 461 343
3 462 344 343
3 466 465 464
3 465 452 464
3 452 345 464
3 452 330 345
3 453 454 467
3 467 454 468
3 467 347 348
3 456 467 348
3 453 467 456
3 456 348 349
3 456 349 457
3 457 349 332
3 469 460 458
3 469 458 341
3 356 469 341
3 470 469 356
3 357 462 463
3 470 357 463
3 356 357 470
3 462 357 344
3 466 464 359
3 360 466 359
3 471 466 360
3 359 464 345
3 467 468 472
3 472 468 473
3 472 362 347
3 472 347 467
3 476 475 474
3 475 471 474
3 471 363 474
3 471 360 363
3 473 477 472
3 362 472 477
3 478 362 477
3 365 362 478
3 480 479 367
3 480 367 368
3 474 369 476
3 369 479 476
3 369 367 479
3 369 474 363
3 478 371 365
3 481 371 478
3 484 483 482
3 483 480 482
3 480 372 482
3 480 368 372
3 481 374 371
3 485 374 481
3 484 482 486
3 484 486 487
3 375 486 372
3 372 486 482
3 485 377 374
3 488 377 485
3 487 486 489
3 487 489 490
3 378 489 375
3 375 489 486
3 379 377 491
3 377 492 491
3 377 488 492
3 491 380 379
3 493 490 489
3 489 378 493
3 378 494 493
3 378 381 494
3 492 495 491
3 380 491 495
3 496 380 495
3 382 380 496
3 383 494 381
3 383 497 494
3 496 385 382
3 498 385 496
3 386 500 499
3 497 386 499
3 383 386 497
3 500 501 499
3 387 385 502
3 385 503 502
3 385 498 503
3 502 388 387
3 390 504 500
3 390 500 386
3 501 500 505
3 500 506 505
3 500 504 506
3 506 507 505
3 502 503 508
3 508 503 509
3 508 391 388
3 508 388 502
3 394 510 393
3 511 395 393
3 511 393 510
3 504 390 395
3 511 504 395
3 512 504 511
3 504 513 506
3 504 512 513
3 507 506 514
3 506 515 514
3 506 513 515
3 515 516 514
3 509 517 508
3 391 508 517
3 518 391 517
3 396 391 518
3 397 519 510
3 397 510 394
3 510 520 511
3 510 519 520
3 511 521 512
3 511 520 521
3 521 399 400
3 513 521 400
3 512 521 513
3 513 400 401
3 522 513 401
3 515 513 522
3 516 515 523
3 523 515 522
3 518 402 396
3 524 402 518
3 526 525 404
3 526 404 405
3 397 404 519
3 404 527 519
3 404 525 527
3 529 528 527
3 528 519 527
3 528 520 519
3 520 530 521
3 520 528 530
3 531 406 399
3 521 531 399
3 530 531 521
3 531 532 406
3 406 532 401
3 532 533 401
3 533 522 401
3 522 533 523
3 524 407 402
3 534 407 524
3 409 526 405
3 409 535 526
3 529 536 528
3 528 536 530
3 530 536 537
3 530 537 531
3 531 537 538
3 531 538 532
3 534 412 407
3 539 412 534
3 542 541 540
3 543 540 413
3 540 535 413
3 535 409 413
3 535 540 541
3 414 543 413
3 539 544 412
3 412 544 416
3 416 545 417
3 544 545 416
3 540 418 542
3 418 545 542
3 418 417 545
3 418 540 419
3 419 540 543
3 419 543 414
3 548 547 546
3 550 549 546
3 546 549 548
3 550 551 549
3 546 547 552
3 552 547 553
3 552 421 422
3 550 552 422
3 546 552 550
3 554 551 550
3 422 554 550
3 423 554 422
3 423 425 554
3 554 425 555
3 558 557 556
3 558 556 553
3 556 552 553
3 556 559 552
3 559 427 421
3 559 421 552
3 429 555 425
3 429 560 555
3 563 562 561
3 565 564 561
3 561 564 563
3 564 565 557
3 557 565 556
3 565 431 556
3 431 432 556
3 556 432 433
3 556 433 559
3 559 433 427
3 435 560 429
3 435 566 560
3 569 568 567
3 571 570 567
3 567 570 569
3 573 572 571
3 571 572 570
3 575 574 573
3 573 574 572
3 577 576 575
3 575 576 574
3 576 577 562
3 562 577 561
3 577 437 561
3 437 438 561
3 561 438 439
3 561 439 565
3 565 439 431
3 435 441 578
3 579 435 578
3 566 435 579
3 442 578 441
3 567 568 580
3 580 568 581
3 580 444 445
3 571 580 445
3 567 580 571
3 571 445 446
3 571 446 573
3 573 446 448
3 573 448 575
3 575 448 450
3 575 450 577
3 577 450 437
3 584 583 582
3 585 582 583
3 579 578 586
3 579 586 587
3 452 586 442
3 442 586 578
3 580 581 455
3 581 454 455
3 581 588 454
3 580 455 444
3 459 460 589
3 582 590 584
3 459 591 461
3 591 582 461
3 585 461 582
3 461 585 592
3 590 592 585
3 592 590 591
3 591 589 592
3 459 589 591
3 591 590 582
3 592 463 461
3 587 586 465
3 466 587 465
3 593 587 466
3 465 586 452
3 588 468 454
3 594 468 588
3 469 589 460
3 589 469 470
3 589 470 592
3 592 470 463
3 597 596 595
3 596 593 595
3 593 471 595
3 593 466 471
3 594 473 468
3 598 473 594
3 601 600 599
3 599 600 597
3 599 597 595
3 476 599 595
3 475 476 595
3 475 595 471
3 477 473 602
3 473 603 602
3 473 598 603
3 602 478 477
3 606 605 604
3 604 605 601
3 604 601 599
3 480 604 599
3 479 480 599
3 479 599 476
3 602 603 607
3 607 603 608
3 607 481 478
3 607 478 602
3 606 604 483
3 484 606 483
3 609 606 484
3 483 604 480
3 608 610 607
3 481 607 610
3 611 481 610
3 485 481 611
3 614 613 612
3 613 609 612
3 609 487 612
3 609 484 487
3 611 488 485
3 615 488 611
3 616 614 612
3 612 487 616
3 487 617 616
3 487 490 617
3 615 492 488
3 618 492 615
3 490 493 619
3 620 490 619
3 617 490 620
3 494 619 493
3 618 621 492
3 492 621 495
3 496 495 621
3 496 621 622
3 623 620 619
3 619 494 623
3 494 624 623
3 494 497 624
3 622 498 496
3 625 498 622
3 626 624 497
3 626 497 499
3 499 501 626
3 626 501 627
3 625 503 498
3 628 503 625
3 629 627 501
3 629 501 505
3 505 507 629
3 629 507 630
3 628 509 503
3 631 509 628
3 632 630 507
3 632 507 514
3 514 516 632
3 632 516 633
3 631 634 509
3 509 634 517
3 518 517 634
3 518 634 635
3 523 633 516
3 523 636 633
3 635 524 518
3 637 524 635
3 526 638 525
3 639 527 525
3 639 525 638
3 639 529 527
3 641 640 533
3 641 533 532
3 523 533 636
3 636 533 640
3 637 534 524
3 642 534 637
3 535 643 638
3 535 638 526
3 638 644 639
3 638 643 644
3 645 536 529
3 639 645 529
3 644 645 639
3 646 537 536
3 646 536 645
3 537 646 647
3 648 537 647
3 538 537 648
3 532 538 641
3 641 538 648
3 642 539 534
3 649 539 642
3 542 650 541
3 650 651 541
3 541 651 535
3 651 652 535
3 652 643 535
3 643 652 644
3 644 652 653
3 644 653 645
3 645 653 654
3 645 654 646
3 646 654 655
3 646 655 647
3 649 656 539
3 539 656 544
3 544 657 545
3 656 657 544
3 542 545 650
3 545 658 650
3 545 657 658
3 650 658 651
3 661 660 659
3 663 662 659
3 659 662 661
3 665 664 663
3 663 664 662
3 665 666 664
3 659 660 667
3 667 660 668
3 667 547 548
3 663 667 548
3 659 667 663
3 663 548 549
3 663 549 665
3 549 551 665
3 551 666 665
3 551 669 666
3 672 671 670
3 674 673 670
3 670 673 672
3 673 674 668
3 674 667 668
3 674 675 667
3 675 553 547
3 675 547 667
3 551 554 676
3 677 551 676
3 669 551 677
3 555 676 554
3 680 679 678
3 682 681 678
3 678 681 680
3 684 683 682
3 682 683 681
3 686 685 684
3 684 685 683
3 685 686 671
3 686 670 671
3 686 687 670
3 670 688 674
3 670 687 688
3 688 557 558
3 675 688 558
3 674 688 675
3 675 558 553
3 677 676 689
3 677 689 690
3 560 689 555
3 555 689 676
3 693 692 691
3 695 694 691
3 691 694 693
3 694 695 679
3 695 678 679
3 695 696 678
3 678 697 682
3 678 696 697
3 682 698 684
3 682 697 698
3 684 699 686
3 684 698 699
3 699 562 563
3 687 699 563
3 686 699 687
3 687 563 564
3 687 564 688
3 688 564 557
3 690 689 700
3 690 700 701
3 566 700 560
3 560 700 689
3 691 692 702
3 702 692 703
3 702 568 569
3 695 702 569
3 691 702 695
3 695 569 570
3 695 570 696
3 696 570 572
3 696 572 697
3 697 572 574
3 697 574 698
3 698 574 576
3 698 576 699
3 699 576 562
3 704 701 700
3 700 566 704
3 566 705 704
3 566 579 705
3 702 703 706
3 706 703 707
3 706 581 568
3 706 568 702
3 584 708 583
3 708 585 583
3 711 710 709
3 710 705 709
3 705 587 709
3 705 579 587
3 706 707 712
3 712 707 713
3 712 588 581
3 712 581 706
3 590 708 584
3 708 590 585
3 711 709 714
3 711 714 715
3 593 714 587
3 587 714 709
3 712 713 716
3 716 713 717
3 716 594 588
3 716 588 712
3 720 719 718
3 718 719 715
3 718 715 714
3 597 718 714
3 596 597 714
3 596 714 593
3 717 721 716
3 594 716 721
3 722 594 721
3 598 594 722
3 725 724 723
3 723 724 720
3 723 720 718
3 601 723 718
3 600 601 718
3 600 718 597
3 722 603 598
3 726 603 722
3 729 728 727
3 727 728 725
3 727 725 723
3 606 727 723
3 605 606 723
3 605 723 601
3 726 608 603
3 730 608 726
3 733 732 731
3 731 732 729
3 727 731 729
3 734 731 727
3 609 734 606
3 606 734 727
3 610 608 735
3 608 736 735
3 608 730 736
3 735 611 610
3 733 731 737
3 733 737 738
3 614 737 613
3 737 734 613
3 737 731 734
3 613 734 609
3 736 739 735
3 611 735 739
3 740 611 739
3 615 611 740
3 741 738 737
3 743 741 742
3 742 741 616
3 741 737 616
3 737 614 616
3 617 742 616
3 740 618 615
3 744 618 740
3 745 743 742
3 742 617 745
3 617 746 745
3 617 620 746
3 744 747 618
3 618 747 621
3 622 621 747
3 622 747 748
3 749 746 620
3 749 620 623
3 623 624 749
3 749 624 750
3 748 625 622
3 751 625 748
3 752 750 624
3 752 624 626
3 626 627 752
3 752 627 753
3 751 628 625
3 754 628 751
3 627 629 755
3 756 627 755
3 753 627 756
3 630 755 629
3 758 631 757
3 631 754 757
3 631 628 754
3 759 758 757
3 760 756 755
3 762 760 761
3 761 760 632
3 760 755 632
3 755 630 632
3 633 761 632
3 758 634 631
3 635 634 758
3 759 635 758
3 763 635 759
3 766 765 764
3 767 764 765
3 768 762 761
3 761 633 768
3 633 769 768
3 633 636 769
3 763 637 635
3 770 637 763
3 766 764 771
3 766 771 772
3 764 767 773
3 774 764 773
3 771 764 774
3 775 774 773
3 777 776 640
3 777 640 641
3 636 640 769
3 769 640 776
3 770 642 637
3 778 642 770
3 779 772 771
3 781 780 779
3 771 781 779
3 774 781 771
3 782 648 647
3 774 782 647
3 781 774 647
3 782 774 775
3 641 648 777
3 777 648 782
3 778 649 642
3 783 649 778
3 651 784 652
3 652 784 785
3 786 652 785
3 653 652 786
3 653 787 654
3 786 787 653
3 781 655 780
3 655 787 780
3 655 654 787
3 655 781 647
3 783 788 649
3 649 788 656
3 656 789 657
3 788 789 656
3 657 790 658
3 789 790 657
3 651 658 784
3 658 791 784
3 658 790 791
3 784 791 785
3 794 793 792
3 792 795 794
3 793 796 792
3 792 796 795
3 799 798 797
3 801 800 797
3 797 800 799
3 801 802 800
3 797 798 803
3 803 798 804
3 797 805 801
3 797 803 805
3 802 801 806
3 806 801 805
3 809 808 807
3 809 807 804
3 804 807 803
3 807 660 803
3 660 661 803
3 803 661 662
3 803 662 805
3 662 664 805
3 664 810 805
3 810 806 805
3 664 811 810
3 666 811 664
3 814 813 812
3 816 815 812
3 812 815 814
3 818 817 816
3 816 817 815
3 817 818 808
3 818 807 808
3 818 819 807
3 819 668 660
3 819 660 807
3 810 811 820
3 810 820 821
3 669 820 666
3 666 820 811
3 824 823 822
3 826 825 822
3 822 825 824
3 828 827 826
3 826 827 825
3 827 828 813
3 828 812 813
3 828 829 812
3 812 830 816
3 812 829 830
3 830 671 672
3 818 830 672
3 816 830 818
3 818 672 673
3 818 673 819
3 819 673 668
3 821 820 831
3 821 831 832
3 677 831 669
3 669 831 820
3 835 834 833
3 835 833 823
3 833 822 823
3 833 836 822
3 836 679 680
3 826 836 680
3 822 836 826
3 826 680 681
3 826 681 828
3 828 681 683
3 828 683 829
3 829 683 685
3 829 685 830
3 830 685 671
3 832 831 837
3 832 837 838
3 690 837 677
3 677 837 831
3 833 834 693
3 834 692 693
3 834 839 692
3 833 693 694
3 833 694 836
3 836 694 679
3 838 837 840
3 838 840 841
3 701 840 690
3 690 840 837
3 839 703 692
3 842 703 839
3 843 841 840
3 845 843 844
3 844 843 704
3 843 840 704
3 840 701 704
3 705 844 704
3 842 707 703
3 846 707 842
3 849 848 847
3 847 848 845
3 847 845 844
3 711 847 844
3 710 711 844
3 710 844 705
3 846 713 707
3 850 713 846
3 849 847 851
3 849 851 852
3 715 851 711
3 711 851 847
3 850 717 713
3 853 717 850
3 856 855 854
3 854 855 852
3 854 852 851
3 720 854 851
3 719 720 851
3 719 851 715
3 721 717 857
3 717 858 857
3 717 853 858
3 857 722 721
3 861 860 859
3 859 860 856
3 859 856 854
3 725 859 854
3 724 725 854
3 724 854 720
3 858 862 857
3 722 857 862
3 863 722 862
3 726 722 863
3 866 865 864
3 864 865 861
3 864 861 859
3 729 864 859
3 728 729 859
3 728 859 725
3 863 730 726
3 867 730 863
3 866 864 732
3 733 866 732
3 868 866 733
3 732 864 729
3 867 736 730
3 869 736 867
3 738 868 733
3 738 870 868
3 739 736 871
3 736 872 871
3 736 869 872
3 871 740 739
3 738 741 873
3 874 738 873
3 870 738 874
3 743 873 741
3 877 876 875
3 875 878 877
3 872 879 871
3 740 871 879
3 880 740 879
3 744 740 880
3 881 874 873
3 883 881 882
3 882 881 745
3 881 873 745
3 873 743 745
3 746 882 745
3 875 876 884
3 884 876 885
3 878 875 886
3 886 875 884
3 747 744 887
3 744 888 887
3 744 880 888
3 887 748 747
3 889 883 882
3 891 889 890
3 890 889 749
3 889 882 749
3 882 746 749
3 750 890 749
3 885 892 884
3 884 892 886
3 888 893 887
3 748 887 893
3 894 748 893
3 751 748 894
3 895 891 890
3 897 895 896
3 896 895 752
3 895 890 752
3 890 750 752
3 753 896 752
3 894 754 751
3 898 754 894
3 899 897 896
3 896 753 899
3 753 900 899
3 753 756 900
3 898 901 754
3 754 901 757
3 759 757 901
3 759 901 902
3 903 900 756
3 903 756 760
3 760 762 903
3 903 762 904
3 902 763 759
3 905 763 902
3 766 906 765
3 906 767 765
3 762 768 907
3 908 762 907
3 904 762 908
3 769 907 768
3 905 770 763
3 909 770 905
3 772 910 906
3 772 906 766
3 911 773 767
3 906 911 767
3 910 911 906
3 911 775 773
3 908 907 776
3 777 908 776
3 912 908 777
3 776 907 769
3 909 778 770
3 913 778 909
3 910 772 779
3 916 915 914
3 917 915 916
3 915 917 780
3 911 780 917
3 780 911 779
3 910 779 911
3 911 917 775
3 917 782 775
3 917 918 782
3 777 782 912
3 912 782 918
3 920 783 919
3 783 913 919
3 783 778 913
3 921 920 919
3 785 922 786
3 786 923 787
3 786 915 923
3 915 786 914
3 922 914 786
3 914 922 924
3 923 924 922
3 922 925 923
3 923 925 787
3 915 924 923
3 924 915 926
3 915 780 926
3 787 925 926
3 787 926 780
3 920 788 783
3 921 927 920
3 927 788 920
3 927 789 788
3 789 928 790
3 927 928 789
3 790 929 791
3 928 929 790
3 785 791 922
3 791 930 922
3 791 929 930
3 922 930 925
3 925 930 931
3 925 931 926
3 934 933 932
3 932 935 934
3 938 937 936
3 938 936 933
3 933 936 932
3 936 793 932
3 793 794 932
3 794 795 932
3 795 935 932
3 795 939 935
3 936 937 940
3 940 937 941
3 942 796 793
3 936 942 793
3 940 942 936
3 942 943 796
3 943 795 796
3 943 939 795
3 941 944 940
3 940 944 942
3 942 944 945
3 942 945 943
3 948 947 946
3 950 949 946
3 946 949 948
3 950 951 949
3 946 947 799
3 947 798 799
3 947 952 798
3 946 799 800
3 946 800 950
3 800 802 950
3 802 951 950
3 802 953 951
3 956 955 954
3 958 957 954
3 954 957 956
3 952 957 958
3 804 952 958
3 798 952 804
3 806 953 802
3 806 959 953
3 962 961 960
3 964 963 960
3 960 963 962
3 966 965 964
3 964 965 963
3 965 966 955
3 966 954 955
3 966 967 954
3 967 808 809
3 958 967 809
3 954 967 958
3 958 809 804
3 810 959 806
3 810 968 959
3 971 970 969
3 973 972 969
3 969 972 971
3 972 973 961
3 973 960 961
3 973 974 960
3 974 813 814
3 964 974 814
3 960 974 964
3 964 814 815
3 964 815 966
3 966 815 817
3 966 817 967
3 967 817 808
3 821 968 810
3 821 975 968
3 978 977 976
3 978 976 970
3 970 976 969
3 976 823 969
3 823 824 969
3 969 824 825
3 969 825 973
3 973 825 827
3 973 827 974
3 974 827 813
3 981 980 979
3 980 975 979
3 975 832 979
3 975 821 832
3 976 977 835
3 977 834 835
3 977 982 834
3 976 835 823
3 981 979 983
3 981 983 984
3 838 983 832
3 832 983 979
3 987 986 985
3 982 987 985
3 839 982 985
3 834 982 839
3 984 983 988
3 984 988 989
3 841 988 838
3 838 988 983
3 985 986 990
3 990 986 991
3 990 842 839
3 990 839 985
3 989 988 992
3 989 992 993
3 843 994 841
3 994 988 841
3 994 992 988
3 845 994 843
3 990 991 995
3 995 991 996
3 995 846 842
3 995 842 990
3 993 992 997
3 993 997 998
3 849 997 848
3 997 994 848
3 997 992 994
3 848 994 845
3 996 999 995
3 846 995 999
3 1000 846 999
3 850 846 1000
3 1003 1002 1001
3 1001 1002 998
3 997 1001 998
3 1004 1001 997
3 852 1004 849
3 849 1004 997
3 1000 853 850
3 1005 853 1000
3 1008 1007 1006
3 1006 1007 1003
3 1001 1006 1003
3 1009 1006 1001
3 856 1009 855
3 1009 1004 855
3 1009 1001 1004
3 855 1004 852
3 1005 858 853
3 1010 858 1005
3 1013 1012 1011
3 1011 1012 1008
3 1006 1011 1008
3 1014 1011 1006
3 861 1014 860
3 1014 1009 860
3 1014 1006 1009
3 860 1009 856
3 862 858 1015
3 858 1016 1015
3 858 1010 1016
3 1015 863 862
3 1013 1011 1017
3 1013 1017 1018
3 866 1017 865
3 1017 1014 865
3 1017 1011 1014
3 865 1014 861
3 1016 1019 1015
3 863 1015 1019
3 1020 863 1019
3 867 863 1020
3 1018 1017 1021
3 1018 1021 1022
3 868 1021 866
3 866 1021 1017
3 1025 1024 1023
3 1027 1026 1023
3 1023 1026 1025
3 1027 1028 1026
3 1020 869 867
3 1029 869 1020
3 1022 1021 1030
3 1022 1030 1031
3 870 1030 868
3 868 1030 1021
3 1023 1024 1032
3 1032 1024 1033
3 1023 1034 1027
3 1023 1032 1034
3 1028 1027 1035
3 1027 1036 1035
3 1027 1034 1036
3 1036 1037 1035
3 1029 872 869
3 1038 872 1029
3 1039 1031 1030
3 1030 870 1039
3 870 1040 1039
3 870 874 1040
3 1032 1033 1041
3 1041 1033 1042
3 1032 1043 1034
3 1032 1041 1043
3 1043 876 877
3 1036 1043 877
3 1034 1043 1036
3 1045 1044 878
3 878 1044 877
3 1044 1037 877
3 1037 1036 877
3 1045 1046 1044
3 1038 1047 872
3 872 1047 879
3 880 879 1047
3 880 1047 1048
3 874 881 1049
3 1050 874 1049
3 1040 874 1050
3 883 1049 881
3 1042 1051 1041
3 1053 1052 1051
3 1052 1041 1051
3 1052 1043 1041
3 1052 885 876
3 1052 876 1043
3 886 1054 1045
3 886 1045 878
3 1046 1045 1055
3 1055 1045 1054
3 1048 888 880
3 1056 888 1048
3 1057 1050 1049
3 1059 1057 1058
3 1058 1057 889
3 1057 1049 889
3 1049 883 889
3 891 1058 889
3 1053 1060 1052
3 1060 1062 1061
3 1060 1061 892
3 1052 1060 892
3 885 1052 892
3 1061 1063 892
3 892 1063 886
3 1063 1064 886
3 1064 1054 886
3 1054 1064 1055
3 1056 1065 888
3 888 1065 893
3 894 893 1065
3 894 1065 1066
3 1067 1059 1058
3 1069 1067 1068
3 1068 1067 895
3 1067 1058 895
3 1058 891 895
3 897 1068 895
3 1062 1070 1061
3 1061 1070 1063
3 1066 898 894
3 1071 898 1066
3 1072 1069 1068
3 1074 1072 1073
3 1073 1072 899
3 1072 1068 899
3 1068 897 899
3 900 1073 899
3 1071 1075 898
3 898 1075 901
3 902 901 1075
3 902 1075 1076
3 1077 1074 1073
3 1079 1077 1078
3 1078 1077 903
3 1077 1073 903
3 1073 900 903
3 904 1078 903
3 1076 905 902
3 1080 905 1076
3 1081 1079 1078
3 1078 904 1081
3 904 1082 1081
3 904 908 1082
3 1080 909 905
3 1083 909 1080
3 912 1082 908
3 912 1084 1082
3 1086 913 1085
3 913 1083 1085
3 913 909 1083
3 1087 1086 1085
3 914 1088 916
3 1089 917 916
3 1089 916 1088
3 917 1089 1090
3 1091 917 1090
3 918 917 1091
3 912 918 1084
3 1084 918 1091
3 1086 919 913
3 921 919 1086
3 1087 921 1086
3 1092 921 1087
3 924 1088 914
3 1089 1088 1093
3 1088 926 1093
3 926 1094 1093
3 926 1088 924
3 1089 1093 1090
3 1092 1095 921
3 921 1095 927
3 927 1096 928
3 1095 1096 927
3 928 1097 929
3 1096 1097 928
3 929 1098 930
3 1097 1098 929
3 930 1099 931
3 1098 1099 930
3 926 931 1094
3 1094 931 1099
3 1102 1101 1100
3 1100 1103 1102
3 1100 1101 1104
3 1104 1101 1105
3 934 1106 933
3 1106 1100 933
3 1100 1104 933
3 1100 1106 1103
3 934 935 1106
3 1106 935 1107
3 1110 1109 1108
3 1110 1108 1105
3 1105 1108 1104
3 1108 937 1104
3 937 938 1104
3 1104 938 933
3 939 1107 935
3 939 1111 1107
3 1109 1112 1108
3 937 1108 1112
3 1113 937 1112
3 941 937 1113
3 943 1111 939
3 943 1114 1111
3 944 941 1115
3 941 1116 1115
3 941 1113 1116
3 944 1115 1117
3 1118 944 1117
3 945 944 1118
3 943 945 1114
3 1114 945 1118
3 1116 1119 1115
3 1115 1119 1117
3 1122 1121 1120
3 1124 1123 1120
3 1120 1123 1122
3 1124 1125 1123
3 1120 1121 948
3 1121 947 948
3 1121 1126 947
3 1120 948 949
3 1120 949 1124
3 949 951 1124
3 951 1125 1124
3 951 1127 1125
3 1130 1129 1128
3 1132 1131 1128
3 1128 1131 1130
3 1134 1133 1132
3 1132 1133 1131
3 1126 1133 1134
3 952 1126 1134
3 947 1126 952
3 953 1127 951
3 953 1135 1127
3 1138 1137 1136
3 1140 1139 1136
3 1136 1139 1138
3 1142 1141 1140
3 1140 1141 1139
3 1141 1142 1129
3 1142 1128 1129
3 1142 1143 1128
3 1143 955 956
3 1132 1143 956
3 1128 1143 1132
3 1132 956 957
3 1132 957 1134
3 1134 957 952
3 959 1135 953
3 959 1144 1135
3 1147 1146 1145
3 1147 1145 1137
3 1145 1136 1137
3 1145 1148 1136
3 1148 961 962
3 1140 1148 962
3 1136 1148 1140
3 1140 962 963
3 1140 963 1142
3 1142 963 965
3 1142 965 1143
3 1143 965 955
3 1151 1150 1149
3 1150 1144 1149
3 1144 968 1149
3 1144 959 968
3 1154 1153 1152
3 1154 1152 1146
3 1146 1152 1145
3 1152 970 1145
3 970 971 1145
3 1145 971 972
3 1145 972 1148
3 1148 972 961
3 1151 1149 1155
3 1151 1155 1156
3 975 1155 968
3 968 1155 1149
3 1152 1153 978
3 1153 977 978
3 1153 1157 977
3 1152 978 970
3 1160 1159 1158
3 1158 1159 1156
3 1158 1156 1155
3 981 1158 1155
3 980 981 1155
3 980 1155 975
3 1163 1162 1161
3 1157 1163 1161
3 982 1157 1161
3 977 1157 982
3 1160 1158 1164
3 1160 1164 1165
3 984 1164 981
3 981 1164 1158
3 1161 1162 987
3 1162 986 987
3 1162 1166 986
3 1161 987 982
3 1165 1164 1167
3 1165 1167 1168
3 989 1167 984
3 984 1167 1164
3 1166 991 986
3 1169 991 1166
3 1168 1167 1170
3 1168 1170 1171
3 993 1170 989
3 989 1170 1167
3 1169 996 991
3 1172 996 1169
3 1171 1170 1173
3 1171 1173 1174
3 998 1173 993
3 993 1173 1170
3 999 996 1175
3 996 1176 1175
3 996 1172 1176
3 1175 1000 999
3 1179 1178 1177
3 1181 1180 1177
3 1181 1177 1178
3 1180 1181 1174
3 1180 1174 1173
3 1003 1180 1173
3 1002 1003 1173
3 1002 1173 998
3 1176 1182 1175
3 1000 1175 1182
3 1183 1000 1182
3 1005 1000 1183
3 1186 1185 1184
3 1188 1187 1184
3 1188 1184 1185
3 1187 1188 1179
3 1177 1187 1179
3 1189 1187 1177
3 1008 1189 1007
3 1189 1180 1007
3 1189 1177 1180
3 1007 1180 1003
3 1183 1010 1005
3 1190 1010 1183
3 1186 1184 1191
3 1186 1191 1192
3 1193 1184 1187
3 1191 1184 1193
3 1013 1193 1012
3 1193 1189 1012
3 1193 1187 1189
3 1012 1189 1008
3 1190 1016 1010
3 1194 1016 1190
3 1195 1192 1191
3 1197 1196 1195
3 1191 1197 1195
3 1193 1197 1191
3 1018 1197 1013
3 1013 1197 1193
3 1200 1199 1198
3 1198 1201 1200
3 1019 1016 1202
3 1016 1203 1202
3 1016 1194 1203
3 1202 1020 1019
3 1196 1197 1204
3 1196 1204 1205
3 1022 1204 1018
3 1018 1204 1197
3 1208 1207 1206
3 1208 1206 1199
3 1199 1206 1198
3 1206 1024 1198
3 1024 1025 1198
3 1209 1201 1198
3 1025 1209 1198
3 1026 1209 1025
3 1026 1028 1209
3 1209 1028 1210
3 1203 1211 1202
3 1020 1202 1211
3 1212 1020 1211
3 1029 1020 1212
3 1213 1205 1204
3 1204 1022 1213
3 1022 1214 1213
3 1022 1031 1214
3 1206 1207 1215
3 1215 1207 1216
3 1215 1033 1024
3 1215 1024 1206
3 1028 1035 1217
3 1218 1028 1217
3 1210 1028 1218
3 1037 1217 1035
3 1212 1038 1029
3 1219 1038 1212
3 1031 1039 1220
3 1221 1031 1220
3 1214 1031 1221
3 1040 1220 1039
3 1215 1216 1222
3 1222 1216 1223
3 1222 1042 1033
3 1222 1033 1215
3 1224 1218 1217
3 1226 1224 1225
3 1225 1224 1044
3 1224 1217 1044
3 1217 1037 1044
3 1046 1225 1044
3 1219 1227 1038
3 1038 1227 1047
3 1048 1047 1227
3 1048 1227 1228
3 1229 1221 1220
3 1220 1040 1229
3 1040 1230 1229
3 1040 1050 1230
3 1223 1231 1222
3 1231 1233 1232
3 1231 1232 1051
3 1222 1231 1051
3 1042 1222 1051
3 1232 1053 1051
3 1234 1226 1225
3 1225 1046 1234
3 1046 1235 1234
3 1046 1055 1235
3 1228 1056 1048
3 1236 1056 1228
3 1050 1057 1237
3 1238 1050 1237
3 1230 1050 1238
3 1059 1237 1057
3 1232 1233 1239
3 1239 1233 1240
3 1241 1060 1053
3 1232 1241 1053
3 1239 1241 1232
3 1241 1062 1060
3 1063 1242 1064
3 1242 1243 1064
3 1243 1055 1064
3 1243 1235 1055
3 1236 1244 1056
3 1056 1244 1065
3 1066 1065 1244
3 1066 1244 1245
3 1246 1238 1237
3 1248 1246 1247
3 1247 1246 1067
3 1246 1237 1067
3 1237 1059 1067
3 1069 1247 1067
3 1240 1249 1239
3 1239 1249 1241
3 1241 1249 1250
3 1250 1252 1251
3 1250 1251 1070
3 1241 1250 1070
3 1062 1241 1070
3 1242 1063 1070
3 1251 1242 1070
3 1253 1242 1251
3 1243 1242 1254
3 1254 1242 1253
3 1245 1071 1066
3 1255 1071 1245
3 1256 1248 1247
3 1258 1256 1257
3 1257 1256 1072
3 1256 1247 1072
3 1247 1069 1072
3 1074 1257 1072
3 1252 1259 1251
3 1251 1259 1253
3 1253 1259 1260
3 1253 1260 1254
3 1255 1261 1071
3 1071 1261 1075
3 1076 1075 1261
3 1076 1261 1262
3 1263 1258 1257
3 1265 1263 1264
3 1264 1263 1077
3 1263 1257 1077
3 1257 1074 1077
3 1079 1264 1077
3 1262 1080 1076
3 1266 1080 1262
3 1267 1265 1264
3 1267 1264 1079
3 1081 1267 1079
3 1268 1267 1081
3 1081 1082 1268
3 1268 1082 1269
3 1271 1083 1270
3 1083 1266 1270
3 1083 1080 1266
3 1272 1271 1270
3 1084 1269 1082
3 1084 1273 1269
3 1271 1085 1083
3 1087 1085 1271
3 1272 1087 1271
3 1274 1087 1272
3 1276 1275 1091
3 1276 1091 1090
3 1084 1091 1273
3 1273 1091 1275
3 1278 1092 1277
3 1092 1274 1277
3 1092 1087 1274
3 1279 1278 1277
3 1281 1280 1093
3 1281 1093 1094
3 1090 1093 1276
3 1276 1093 1280
3 1278 1095 1092
3 1279 1282 1278
3 1282 1095 1278
3 1282 1096 1095
3 1282 1284 1283
3 1097 1282 1283
3 1096 1282 1097
3 1097 1283 1285
3 1286 1097 1285
3 1098 1097 1286
3 1098 1287 1099
3 1286 1287 1098
3 1094 1099 1281
3 1281 1099 1287
3 1284 1288 1283
3 1283 1288 1285
3 1291 1290 1289
3 1101 1102 1289
3 1102 1291 1289
3 1102 1292 1291
3 1102 1103 1292
3 1292 1103 1293
3 1296 1295 1294
3 1296 1294 1290
3 1294 1289 1290
3 1294 1297 1289
3 1297 1105 1101
3 1297 1101 1289
3 1103 1106 1298
3 1299 1103 1298
3 1293 1103 1299
3 1107 1298 1106
3 1294 1295 1300
3 1300 1295 1301
3 1300 1109 1110
3 1297 1300 1110
3 1294 1300 1297
3 1297 1110 1105
3 1302 1299 1298
3 1298 1107 1302
3 1107 1303 1302
3 1107 1111 1303
3 1301 1304 1300
3 1304 1306 1305
3 1304 1305 1112
3 1300 1304 1112
3 1109 1300 1112
3 1305 1113 1112
3 1114 1303 1111
3 1114 1307 1303
3 1305 1306 1308
3 1308 1306 1309
3 1308 1116 1113
3 1308 1113 1305
3 1117 1310 1118
3 1310 1311 1118
3 1311 1114 1118
3 1311 1307 1114
3 1314 1313 1312
3 1316 1315 1312
3 1312 1315 1314
3 1316 1317 1315
3 1308 1309 1318
3 1318 1309 1319
3 1308 1318 1116
3 1318 1320 1116
3 1320 1119 1116
3 1318 1321 1320
3 1117 1119 1310
3 1119 1322 1310
3 1119 1320 1322
3 1310 1322 1311
3 1312 1313 1122
3 1313 1121 1122
3 1313 1323 1121
3 1312 1122 1123
3 1312 1123 1316
3 1123 1125 1316
3 1125 1317 1316
3 1125 1324 1317
3 1319 1325 1318
3 1318 1325 1321
3 1328 1327 1326
3 1330 1329 1326
3 1326 1329 1328
3 1332 1331 1330
3 1330 1331 1329
3 1323 1331 1332
3 1126 1323 1332
3 1121 1323 1126
3 1127 1324 1125
3 1127 1333 1324
3 1336 1335 1334
3 1338 1337 1334
3 1334 1337 1336
3 1340 1339 1338
3 1338 1339 1337
3 1339 1340 1327
3 1327 1340 1326
3 1340 1129 1326
3 1129 1130 1326
3 1326 1130 1131
3 1326 1131 1330
3 1330 1131 1133
3 1330 1133 1332
3 1332 1133 1126
3 1343 1342 1341
3 1342 1333 1341
3 1333 1135 1341
3 1333 1127 1135
3 1346 1345 1344
3 1346 1344 1335
3 1335 1344 1334
3 1344 1137 1334
3 1137 1138 1334
3 1334 1138 1139
3 1334 1139 1338
3 1338 1139 1141
3 1338 1141 1340
3 1340 1141 1129
3 1343 1341 1347
3 1343 1347 1348
3 1144 1347 1135
3 1135 1347 1341
3 1351 1350 1349
3 1351 1349 1345
3 1345 1349 1344
3 1349 1146 1344
3 1146 1147 1344
3 1344 1147 1137
3 1348 1347 1150
3 1151 1348 1150
3 1352 1348 1151
3 1150 1347 1144
3 1349 1350 1154
3 1350 1153 1154
3 1350 1353 1153
3 1349 1154 1146
3 1356 1355 1354
3 1355 1352 1354
3 1352 1156 1354
3 1352 1151 1156
3 1359 1358 1357
3 1353 1359 1357
3 1157 1353 1357
3 1153 1353 1157
3 1362 1361 1360
3 1363 1360 1361
3 1366 1365 1364
3 1364 1365 1356
3 1364 1356 1354
3 1160 1364 1354
3 1159 1160 1354
3 1159 1354 1156
3 1357 1358 1163
3 1358 1162 1163
3 1358 1367 1162
3 1357 1163 1157
3 1370 1369 1368
3 1368 1369 1362
3 1360 1368 1362
3 1371 1368 1360
3 1360 1363 1372
3 1373 1360 1372
3 1371 1360 1373
3 1374 1373 1372
3 1366 1364 1375
3 1366 1375 1376
3 1165 1375 1160
3 1160 1375 1364
3 1367 1166 1162
3 1377 1166 1367
3 1370 1368 1378
3 1370 1378 1379
3 1380 1368 1371
3 1378 1368 1380
3 1373 1382 1381
3 1380 1373 1381
3 1371 1373 1380
3 1382 1373 1374
3 1376 1375 1383
3 1376 1383 1384
3 1168 1383 1165
3 1165 1383 1375
3 1377 1169 1166
3 1385 1169 1377
3 1386 1379 1378
3 1388 1387 1386
3 1378 1388 1386
3 1380 1388 1378
3 1380 1381 1389
3 1390 1380 1389
3 1388 1380 1390
3 1391 1390 1389
3 1384 1383 1392
3 1384 1392 1393
3 1171 1392 1168
3 1168 1392 1383
3 1385 1172 1169
3 1394 1172 1385
3 1387 1388 1395
3 1387 1395 1396
3 1397 1388 1390
3 1395 1388 1397
3 1390 1391 1398
3 1399 1390 1398
3 1397 1390 1399
3 1399 1398 1393
3 1392 1399 1393
3 1400 1399 1392
3 1174 1400 1171
3 1171 1400 1392
3 1394 1176 1172
3 1401 1176 1394
3 1396 1395 1402
3 1396 1402 1403
3 1404 1395 1397
3 1402 1395 1404
3 1179 1404 1178
3 1404 1399 1178
3 1404 1397 1399
3 1178 1399 1181
3 1181 1399 1400
3 1181 1400 1174
3 1182 1176 1405
3 1176 1406 1405
3 1176 1401 1406
3 1405 1183 1182
3 1403 1402 1185
3 1186 1403 1185
3 1407 1403 1186
3 1185 1402 1188
3 1188 1402 1404
3 1188 1404 1179
3 1406 1408 1405
3 1183 1405 1408
3 1409 1183 1408
3 1190 1183 1409
3 1192 1407 1186
3 1192 1410 1407
3 1413 1412 1411
3 1415 1414 1411
3 1411 1414 1413
3 1417 1416 1415
3 1415 1416 1414
3 1417 1418 1416
3 1409 1194 1190
3 1419 1194 1409
3 1192 1195 1420
3 1421 1192 1420
3 1410 1192 1421
3 1196 1420 1195
3 1411 1412 1422
3 1422 1412 1423
3 1411 1424 1415
3 1411 1422 1424
3 1424 1199 1200
3 1417 1424 1200
3 1415 1424 1417
3 1200 1201 1417
3 1201 1418 1417
3 1201 1425 1418
3 1419 1203 1194
3 1426 1203 1419
3 1421 1420 1427
3 1421 1427 1428
3 1205 1427 1196
3 1196 1427 1420
3 1431 1430 1429
3 1431 1429 1423
3 1429 1422 1423
3 1429 1432 1422
3 1432 1207 1208
3 1424 1432 1208
3 1422 1432 1424
3 1424 1208 1199
3 1201 1209 1433
3 1434 1201 1433
3 1425 1201 1434
3 1210 1433 1209
3 1426 1435 1203
3 1203 1435 1211
3 1212 1211 1435
3 1212 1435 1436
3 1437 1428 1427
3 1439 1437 1438
3 1438 1437 1213
3 1437 1427 1213
3 1427 1205 1213
3 1214 1438 1213
3 1430 1440 1429
3 1442 1441 1440
3 1441 1429 1440
3 1441 1432 1429
3 1441 1216 1207
3 1441 1207 1432
3 1434 1433 1443
3 1434 1443 1444
3 1218 1443 1210
3 1210 1443 1433
3 1436 1219 1212
3 1445 1219 1436
3 1439 1438 1446
3 1439 1446 1447
3 1221 1446 1214
3 1214 1446 1438
3 1441 1442 1448
3 1448 1442 1449
3 1448 1223 1216
3 1448 1216 1441
3 1450 1444 1443
3 1452 1450 1451
3 1451 1450 1224
3 1450 1443 1224
3 1443 1218 1224
3 1226 1451 1224
3 1227 1219 1453
3 1219 1454 1453
3 1219 1445 1454
3 1453 1228 1227
3 1455 1447 1446
3 1457 1455 1456
3 1456 1455 1229
3 1455 1446 1229
3 1446 1221 1229
3 1230 1456 1229
3 1449 1458 1448
3 1458 1460 1459
3 1458 1459 1231
3 1448 1458 1231
3 1223 1448 1231
3 1459 1233 1231
3 1461 1452 1451
3 1463 1461 1462
3 1462 1461 1234
3 1461 1451 1234
3 1451 1226 1234
3 1235 1462 1234
3 1454 1464 1453
3 1228 1453 1464
3 1465 1228 1464
3 1236 1228 1465
3 1466 1457 1456
3 1456 1230 1466
3 1230 1467 1466
3 1230 1238 1467
3 1460 1468 1459
3 1233 1459 1468
3 1469 1233 1468
3 1240 1233 1469
3 1470 1463 1462
3 1462 1235 1470
3 1235 1471 1470
3 1235 1243 1471
3 1465 1472 1236
3 1236 1472 1244
3 1245 1244 1472
3 1245 1472 1473
3 1474 1467 1238
3 1474 1238 1246
3 1246 1248 1474
3 1474 1248 1475
3 1469 1476 1240
3 1240 1476 1249
3 1476 1478 1477
3 1250 1476 1477
3 1249 1476 1250
3 1477 1252 1250
3 1254 1471 1243
3 1254 1479 1471
3 1473 1255 1245
3 1480 1255 1473
3 1481 1475 1248
3 1481 1248 1256
3 1256 1258 1481
3 1481 1258 1482
3 1478 1483 1477
3 1483 1485 1484
3 1483 1484 1259
3 1477 1483 1259
3 1252 1477 1259
3 1486 1260 1259
3 1486 1259 1484
3 1486 1487 1260
3 1487 1254 1260
3 1487 1479 1254
3 1480 1488 1255
3 1255 1488 1261
3 1262 1261 1488
3 1262 1488 1489
3 1490 1482 1258
3 1490 1258 1263
3 1263 1265 1490
3 1490 1265 1491
3 1485 1492 1484
3 1484 1492 1486
3 1486 1492 1493
3 1486 1493 1487
3 1489 1266 1262
3 1494 1266 1489
3 1495 1491 1265
3 1495 1265 1267
3 1496 1267 1268
3 1496 1495 1267
3 1498 1497 1269
3 1497 1268 1269
3 1497 1496 1268
3 1498 1499 1497
3 1494 1500 1266
3 1266 1500 1270
3 1272 1270 1500
3 1272 1500 1501
3 1503 1502 1498
3 1269 1503 1498
3 1273 1503 1269
3 1498 1502 1499
3 1505 1274 1504
3 1274 1501 1504
3 1274 1272 1501
3 1506 1505 1504
3 1276 1507 1275
3 1507 1508 1275
3 1508 1273 1275
3 1508 1503 1273
3 1505 1277 1274
3 1510 1509 1279
3 1510 1279 1277
3 1506 1510 1277
3 1505 1506 1277
3 1511 1509 1510
3 1281 1512 1280
3 1512 1513 1280
3 1280 1513 1276
3 1513 1514 1276
3 1514 1507 1276
3 1507 1514 1508
3 1509 1282 1279
3 1516 1515 1284
3 1516 1284 1282
3 1511 1516 1282
3 1509 1511 1282
3 1286 1285 1515
3 1516 1286 1515
3 1517 1286 1516
3 1286 1518 1287
3 1517 1518 1286
3 1281 1287 1512
3 1287 1519 1512
3 1287 1518 1519
3 1512 1519 1513
3 1515 1288 1284
3 1288 1515 1285
3 1522 1521 1520
3 1520 1523 1522
3 1526 1525 1524
3 1526 1524 1521
3 1521 1524 1520
3 1524 1290 1520
3 1290 1291 1520
3 1527 1523 1520
3 1291 1527 1520
3 1292 1527 1291
3 1292 1293 1527
3 1527 1293 1528
3 1531 1530 1529
3 1531 1529 1525
3 1525 1529 1524
3 1529 1295 1524
3 1295 1296 1524
3 1524 1296 1290
3 1299 1528 1293
3 1299 1532 1528
3 1530 1533 1529
3 1295 1529 1533
3 1534 1295 1533
3 1301 1295 1534
3 1535 1532 1299
3 1535 1299 1302
3 1302 1303 1535
3 1535 1303 1536
3 1534 1537 1301
3 1301 1537 1304
3 1306 1304 1537
3 1306 1537 1538
3 1307 1536 1303
3 1307 1539 1536
3 1542 1541 1540
3 1544 1543 1540
3 1540 1543 1542
3 1546 1545 1544
3 1544 1545 1543
3 1546 1547 1545
3 1550 1549 1548
3 1538 1550 1548
3 1309 1538 1548
3 1306 1538 1309
3 1311 1539 1307
3 1311 1551 1539
3 1540 1541 1552
3 1552 1541 1553
3 1552 1313 1314
3 1544 1552 1314
3 1540 1552 1544
3 1544 1314 1315
3 1544 1315 1546
3 1315 1317 1546
3 1317 1547 1546
3 1317 1554 1547
3 1548 1549 1555
3 1555 1549 1556
3 1555 1319 1309
3 1555 1309 1548
3 1321 1557 1320
3 1320 1557 1558
3 1559 1320 1558
3 1322 1320 1559
3 1311 1322 1551
3 1551 1322 1559
3 1562 1561 1560
3 1564 1563 1560
3 1560 1563 1562
3 1563 1564 1553
3 1564 1552 1553
3 1564 1565 1552
3 1565 1323 1313
3 1565 1313 1552
3 1568 1567 1566
3 1567 1554 1566
3 1554 1324 1566
3 1554 1317 1324
3 1556 1569 1555
3 1555 1569 1319
3 1569 1325 1319
3 1569 1570 1325
3 1321 1325 1557
3 1325 1571 1557
3 1325 1570 1571
3 1557 1571 1558
3 1574 1573 1572
3 1576 1575 1572
3 1572 1575 1574
3 1578 1577 1576
3 1576 1577 1575
3 1577 1578 1561
3 1561 1578 1560
3 1578 1327 1560
3 1327 1328 1560
3 1560 1328 1329
3 1560 1329 1564
3 1564 1329 1331
3 1564 1331 1565
3 1565 1331 1323
3 1568 1566 1579
3 1568 1579 1580
3 1333 1579 1324
3 1324 1579 1566
3 1583 1582 1581
3 1583 1581 1573
3 1573 1581 1572
3 1581 1335 1572
3 1335 1336 1572
3 1572 1336 1337
3 1572 1337 1576
3 1576 1337 1339
3 1576 1339 1578
3 1578 1339 1327
3 1580 1579 1342
3 1343 1580 1342
3 1584 1580 1343
3 1342 1579 1333
3 1581 1582 1346
3 1582 1345 1346
3 1582 1585 1345
3 1581 1346 1335
3 1588 1587 1586
3 1587 1584 1586
3 1584 1348 1586
3 1584 1343 1348
3 1590 1589 1351
3 1351 1589 1350
3 1351 1345 1585
3 1351 1585 1590
3 1588 1586 1591
3 1588 1591 1592
3 1352 1591 1348
3 1348 1591 1586
3 1589 1353 1350
3 1593 1353 1589
3 1596 1595 1594
3 1598 1597 1594
3 1598 1594 1595
3 1600 1599 1597
3 1600 1597 1598
3 1599 1600 1592
3 1599 1592 1591
3 1356 1599 1591
3 1355 1356 1591
3 1355 1591 1352
3 1602 1601 1359
3 1359 1601 1358
3 1359 1353 1593
3 1359 1593 1602
3 1604 1603 1361
3 1604 1361 1362
3 1594 1605 1363
3 1603 1594 1363
3 1361 1603 1363
3 1596 1594 1603
3 1606 1594 1597
3 1605 1594 1606
3 1366 1606 1365
3 1606 1599 1365
3 1606 1597 1599
3 1365 1599 1356
3 1601 1367 1358
3 1607 1367 1601
3 1609 1608 1369
3 1609 1369 1370
3 1362 1369 1604
3 1604 1369 1608
3 1605 1372 1363
3 1372 1605 1374
3 1605 1610 1374
3 1605 1606 1610
3 1376 1610 1366
3 1366 1610 1606
3 1607 1377 1367
3 1611 1377 1607
3 1379 1609 1370
3 1379 1612 1609
3 1613 1381 1382
3 1374 1610 1382
3 1610 1613 1382
3 1610 1614 1613
3 1384 1614 1376
3 1376 1614 1610
3 1611 1385 1377
3 1615 1385 1611
3 1379 1386 1616
3 1617 1379 1616
3 1612 1379 1617
3 1387 1616 1386
3 1613 1389 1381
3 1389 1613 1391
3 1613 1618 1391
3 1613 1614 1618
3 1393 1618 1384
3 1384 1618 1614
3 1615 1394 1385
3 1619 1394 1615
3 1620 1617 1616
3 1616 1387 1620
3 1387 1621 1620
3 1387 1396 1621
3 1618 1398 1391
3 1398 1618 1393
3 1619 1401 1394
3 1622 1401 1619
3 1403 1621 1396
3 1403 1623 1621
3 1622 1406 1401
3 1624 1406 1622
3 1407 1623 1403
3 1407 1625 1623
3 1628 1627 1626
3 1630 1629 1626
3 1626 1629 1628
3 1632 1631 1630
3 1630 1631 1629
3 1632 1633 1631
3 1624 1634 1406
3 1406 1634 1408
3 1409 1408 1634
3 1409 1634 1635
3 1410 1625 1407
3 1410 1636 1625
3 1639 1638 1637
3 1639 1637 1627
3 1627 1637 1626
3 1637 1412 1626
3 1412 1413 1626
3 1626 1413 1414
3 1626 1414 1630
3 1416 1640 1414
3 1640 1641 1414
3 1642 1414 1641
3 1414 1642 1630
3 1643 1630 1642
3 1630 1643 1640
3 1640 1632 1630
3 1416 1632 1640
3 1640 1643 1641
3 1641 1643 1418
3 1643 1633 1418
3 1632 1416 1418
3 1632 1418 1633
3 1635 1419 1409
3 1644 1419 1635
3 1421 1636 1410
3 1421 1645 1636
3 1648 1647 1646
3 1648 1646 1638
3 1646 1637 1638
3 1646 1649 1637
3 1649 1423 1412
3 1649 1412 1637
3 1652 1651 1650
3 1650 1651 1642
3 1641 1650 1642
3 1653 1650 1641
3 1425 1653 1418
3 1418 1653 1641
3 1644 1426 1419
3 1654 1426 1644
3 1428 1645 1421
3 1428 1655 1645
3 1646 1647 1656
3 1656 1647 1657
3 1656 1430 1431
3 1649 1656 1431
3 1646 1656 1649
3 1649 1431 1423
3 1652 1650 1658
3 1652 1658 1659
3 1660 1650 1653
3 1658 1650 1660
3 1434 1660 1425
3 1425 1660 1653
3 1654 1661 1426
3 1426 1661 1435
3 1436 1435 1661
3 1436 1661 1662
3 1663 1655 1428
3 1663 1428 1437
3 1437 1439 1663
3 1663 1439 1664
3 1656 1657 1665
3 1665 1657 1666
3 1667 1440 1430
3 1656 1667 1430
3 1665 1667 1656
3 1667 1442 1440
3 1668 1659 1658
3 1670 1669 1668
3 1658 1670 1668
3 1660 1670 1658
3 1444 1670 1434
3 1434 1670 1660
3 1662 1445 1436
3 1671 1445 1662
3 1447 1664 1439
3 1447 1672 1664
3 1666 1673 1665
3 1675 1674 1673
3 1674 1665 1673
3 1674 1667 1665
3 1674 1449 1442
3 1674 1442 1667
3 1676 1669 1670
3 1678 1676 1677
3 1677 1676 1450
3 1676 1670 1450
3 1670 1444 1450
3 1452 1677 1450
3 1680 1454 1679
3 1454 1671 1679
3 1454 1445 1671
3 1681 1680 1679
3 1682 1672 1447
3 1682 1447 1455
3 1455 1457 1682
3 1682 1457 1683
3 1675 1684 1674
3 1684 1686 1685
3 1684 1685 1458
3 1674 1684 1458
3 1449 1674 1458
3 1685 1460 1458
3 1687 1678 1677
3 1689 1687 1688
3 1688 1687 1461
3 1687 1677 1461
3 1677 1452 1461
3 1463 1688 1461
3 1680 1464 1454
3 1465 1464 1680
3 1681 1465 1680
3 1690 1465 1681
3 1691 1683 1457
3 1691 1457 1466
3 1466 1467 1691
3 1691 1467 1692
3 1686 1693 1685
3 1693 1695 1694
3 1693 1694 1468
3 1685 1693 1468
3 1460 1685 1468
3 1694 1469 1468
3 1696 1689 1688
3 1698 1696 1697
3 1697 1696 1470
3 1696 1688 1470
3 1688 1463 1470
3 1471 1697 1470
3 1690 1699 1465
3 1465 1699 1472
3 1473 1472 1699
3 1473 1699 1700
3 1701 1692 1467
3 1701 1467 1474
3 1474 1475 1701
3 1701 1475 1702
3 1695 1703 1694
3 1703 1705 1704
3 1703 1704 1476
3 1694 1703 1476
3 1469 1694 1476
3 1704 1478 1476
3 1706 1698 1697
3 1471 1479 1697
3 1479 1707 1697
3 1707 1706 1697
3 1707 1479 1708
3 1708 1709 1707
3 1700 1480 1473
3 1710 1480 1700
3 1711 1702 1475
3 1711 1475 1481
3 1481 1482 1711
3 1711 1482 1712
3 1705 1713 1704
3 1713 1715 1714
3 1713 1714 1483
3 1704 1713 1483
3 1478 1704 1483
3 1714 1485 1483
3 1717 1716 1708
3 1479 1717 1708
3 1487 1717 1479
3 1708 1716 1709
3 1710 1718 1480
3 1480 1718 1488
3 1489 1488 1718
3 1489 1718 1719
3 1720 1712 1482
3 1720 1482 1490
3 1722 1721 1491
3 1721 1490 1491
3 1721 1720 1490
3 1722 1723 1721
3 1714 1715 1724
3 1724 1715 1725
3 1726 1492 1485
3 1714 1726 1485
3 1724 1726 1714
3 1492 1726 1727
3 1728 1492 1727
3 1493 1492 1728
3 1487 1493 1717
3 1717 1493 1728
3 1730 1494 1729
3 1494 1719 1729
3 1494 1489 1719
3 1731 1730 1729
3 1495 1722 1491
3 1732 1723 1722
3 1495 1732 1722
3 1496 1732 1495
3 1497 1724 1725
3 1732 1497 1725
3 1496 1497 1732
3 1726 1724 1733
3 1724 1499 1733
3 1499 1734 1733
3 1499 1724 1497
3 1726 1733 1727
3 1730 1500 1494
3 1736 1735 1501
3 1736 1501 1500
3 1731 1736 1500
3 1730 1731 1500
3 1737 1735 1736
3 1503 1738 1502
3 1738 1739 1502
3 1739 1499 1502
3 1739 1734 1499
3 1735 1504 1501
3 1741 1740 1506
3 1741 1506 1504
3 1737 1741 1504
3 1735 1737 1504
3 1742 1740 1741
3 1744 1743 1738
3 1503 1744 1738
3 1508 1744 1503
3 1738 1743 1739
3 1740 1510 1506
3 1746 1745 1511
3 1746 1511 1510
3 1742 1746 1510
3 1740 1742 1510
3 1748 1747 1745
3 1748 1745 1746
3 1749 1747 1748
3 1751 1750 1514
3 1751 1514 1513
3 1508 1514 1744
3 1744 1514 1750
3 1745 1516 1511
3 1516 1745 1517
3 1517 1745 1747
3 1749 1752 1747
3 1752 1517 1747
3 1752 1518 1517
3 1518 1753 1519
3 1752 1753 1518
3 1513 1519 1751
3 1751 1519 1753
3 1756 1755 1754
3 1754 1757 1756
3 1760 1759 1758
3 1760 1758 1755
3 1758 1754 1755
3 1758 1761 1754
3 1522 1762 1521
3 1762 1754 1521
3 1754 1761 1521
3 1754 1762 1757
3 1522 1523 1762
3 1762 1523 1763
3 1758 1759 1764
3 1764 1759 1765
3 1764 1525 1526
3 1761 1764 1526
3 1758 1764 1761
3 1761 1526 1521
3 1523 1527 1766
3 1767 1523 1766
3 1763 1523 1767
3 1528 1766 1527
3 1764 1765 1531
3 1765 1530 1531
3 1765 1768 1530
3 1764 1531 1525
3 1769 1767 1766
3 1766 1528 1769
3 1528 1770 1769
3 1528 1532 1770
3 1768 1771 1530
3 1530 1771 1533
3 1534 1533 1771
3 1534 1771 1772
3 1532 1535 1773
3 1774 1532 1773
3 1770 1532 1774
3 1536 1773 1535
3 1777 1776 1775
3 1779 1778 1775
3 1775 1778 1777
3 1779 1780 1778
3 1537 1534 1781
3 1534 1782 1781
3 1534 1772 1782
3 1781 1538 1537
3 1774 1773 1783
3 1774 1783 1784
3 1539 1783 1536
3 1536 1783 1773
3 1787 1786 1785
3 1789 1788 1785
3 1785 1788 1787
3 1541 1542 1789
3 1542 1788 1789
3 1542 1790 1788
3 1543 1775 1776
3 1790 1543 1776
3 1542 1543 1790
3 1775 1543 1545
3 1775 1545 1779
3 1545 1547 1779
3 1547 1780 1779
3 1547 1791 1780
3 1781 1782 1550
3 1782 1549 1550
3 1782 1792 1549
3 1781 1550 1538
3 1784 1783 1793
3 1784 1793 1794
3 1551 1793 1539
3 1539 1793 1783
3 1797 1796 1795
3 1797 1795 1786
3 1795 1785 1786
3 1795 1798 1785
3 1785 1799 1789
3 1785 1798 1799
3 1799 1553 1541
3 1799 1541 1789
3 1802 1801 1800
3 1801 1791 1800
3 1791 1554 1800
3 1791 1547 1554
3 1805 1804 1803
3 1792 1805 1803
3 1556 1792 1803
3 1549 1792 1556
3 1794 1793 1559
3 1558 1794 1559
3 1806 1794 1558
3 1559 1793 1551
3 1809 1808 1807
3 1809 1807 1796
3 1807 1795 1796
3 1807 1810 1795
3 1810 1561 1562
3 1798 1810 1562
3 1795 1810 1798
3 1798 1562 1563
3 1798 1563 1799
3 1799 1563 1553
3 1802 1800 1567
3 1568 1802 1567
3 1811 1802 1568
3 1567 1800 1554
3 1803 1804 1812
3 1812 1804 1813
3 1814 1569 1556
3 1803 1814 1556
3 1812 1814 1803
3 1815 1570 1569
3 1815 1569 1814
3 1570 1815 1816
3 1817 1570 1816
3 1571 1570 1817
3 1558 1571 1806
3 1806 1571 1817
3 1819 1818 1574
3 1574 1818 1573
3 1575 1807 1808
3 1819 1575 1808
3 1574 1575 1819
3 1807 1575 1577
3 1807 1577 1810
3 1810 1577 1561
3 1822 1821 1820
3 1821 1811 1820
3 1811 1580 1820
3 1811 1568 1580
3 1813 1823 1812
3 1812 1823 1814
3 1814 1823 1824
3 1814 1824 1815
3 1815 1824 1825
3 1815 1825 1816
3 1827 1826 1583
3 1583 1826 1582
3 1583 1573 1818
3 1583 1818 1827
3 1822 1820 1828
3 1822 1828 1829
3 1584 1828 1580
3 1580 1828 1820
3 1826 1585 1582
3 1830 1585 1826
3 1833 1832 1831
3 1831 1832 1829
3 1831 1829 1828
3 1588 1831 1828
3 1587 1588 1828
3 1587 1828 1584
3 1835 1834 1590
3 1590 1834 1589
3 1590 1585 1830
3 1590 1830 1835
3 1838 1837 1836
3 1836 1837 1833
3 1831 1836 1833
3 1839 1836 1831
3 1592 1839 1588
3 1588 1839 1831
3 1834 1593 1589
3 1840 1593 1834
3 1842 1841 1595
3 1842 1595 1596
3 1836 1598 1838
3 1598 1841 1838
3 1598 1595 1841
3 1598 1836 1600
3 1600 1836 1839
3 1600 1839 1592
3 1843 1601 1602
3 1844 1843 1602
3 1593 1844 1602
3 1840 1844 1593
3 1846 1845 1603
3 1846 1603 1604
3 1596 1603 1842
3 1842 1603 1845
3 1848 1847 1843
3 1847 1601 1843
3 1847 1607 1601
3 1848 1843 1844
3 1609 1849 1608
3 1849 1850 1608
3 1850 1604 1608
3 1850 1846 1604
3 1847 1611 1607
3 1851 1611 1847
3 1612 1852 1849
3 1612 1849 1609
3 1850 1849 1853
3 1853 1849 1852
3 1851 1615 1611
3 1854 1615 1851
3 1617 1855 1852
3 1617 1852 1612
3 1853 1852 1856
3 1856 1852 1855
3 1854 1619 1615
3 1857 1619 1854
3 1620 1855 1617
3 1620 1621 1855
3 1621 1856 1855
3 1621 1858 1856
3 1857 1622 1619
3 1859 1622 1857
3 1623 1858 1621
3 1623 1860 1858
3 1859 1624 1622
3 1861 1624 1859
3 1625 1860 1623
3 1625 1862 1860
3 1865 1864 1863
3 1867 1866 1863
3 1863 1866 1865
3 1627 1628 1867
3 1628 1866 1867
3 1628 1868 1866
3 1869 1628 1629
3 1869 1868 1628
3 1871 1869 1870
3 1869 1631 1870
3 1869 1629 1631
3 1633 1870 1631
3 1861 1872 1624
3 1624 1872 1634
3 1635 1634 1872
3 1635 1872 1873
3 1636 1862 1625
3 1636 1874 1862
3 1863 1864 1875
3 1875 1864 1876
3 1875 1638 1639
3 1867 1875 1639
3 1863 1875 1867
3 1627 1867 1639
3 1879 1878 1877
3 1880 1878 1879
3 1871 1870 1643
3 1642 1871 1643
3 1881 1871 1642
3 1643 1870 1633
3 1873 1644 1635
3 1882 1644 1873
3 1645 1874 1636
3 1645 1883 1874
3 1886 1885 1884
3 1886 1884 1876
3 1876 1884 1875
3 1884 1647 1875
3 1647 1648 1875
3 1638 1875 1648
3 1889 1888 1887
3 1888 1889 1877
3 1878 1888 1877
3 1890 1888 1878
3 1891 1651 1652
3 1878 1891 1652
3 1890 1878 1652
3 1891 1878 1880
3 1642 1651 1881
3 1881 1651 1891
3 1882 1654 1644
3 1892 1654 1882
3 1655 1894 1893
3 1883 1655 1893
3 1645 1655 1883
3 1896 1895 1894
3 1894 1895 1893
3 1895 1896 1885
3 1896 1884 1885
3 1896 1897 1884
3 1897 1657 1647
3 1897 1647 1884
3 1898 1887 1888
3 1900 1899 1898
3 1888 1900 1898
3 1890 1900 1888
3 1659 1900 1652
3 1652 1900 1890
3 1892 1901 1654
3 1654 1901 1661
3 1662 1661 1901
3 1662 1901 1902
3 1663 1894 1655
3 1894 1663 1664
3 1903 1894 1664
3 1896 1894 1903
3 1896 1904 1897
3 1896 1903 1904
3 1904 1666 1657
3 1904 1657 1897
3 1905 1899 1900
3 1907 1905 1906
3 1906 1905 1668
3 1905 1900 1668
3 1900 1659 1668
3 1669 1906 1668
3 1902 1671 1662
3 1908 1671 1902
3 1672 1909 1903
3 1672 1903 1664
3 1903 1910 1904
3 1903 1909 1910
3 1911 1673 1666
3 1904 1911 1666
3 1910 1911 1904
3 1911 1675 1673
3 1912 1907 1906
3 1914 1912 1913
3 1913 1912 1676
3 1912 1906 1676
3 1906 1669 1676
3 1678 1913 1676
3 1908 1915 1671
3 1671 1915 1679
3 1681 1679 1915
3 1681 1915 1916
3 1682 1909 1672
3 1909 1682 1683
3 1917 1909 1683
3 1910 1909 1917
3 1919 1911 1918
3 1911 1917 1918
3 1911 1910 1917
3 1919 1921 1920
3 1919 1920 1684
3 1911 1919 1684
3 1675 1911 1684
3 1920 1686 1684
3 1922 1914 1913
3 1924 1922 1923
3 1923 1922 1687
3 1922 1913 1687
3 1913 1678 1687
3 1689 1923 1687
3 1916 1690 1681
3 1925 1690 1916
3 1691 1917 1683
3 1927 1926 1692
3 1692 1926 1691
3 1926 1918 1691
3 1918 1917 1691
3 1929 1928 1927
3 1928 1920 1927
3 1921 1926 1927
3 1921 1927 1920
3 1928 1931 1930
3 1928 1930 1693
3 1920 1928 1693
3 1686 1920 1693
3 1930 1695 1693
3 1932 1924 1923
3 1932 1923 1689
3 1696 1932 1689
3 1933 1932 1696
3 1696 1698 1933
3 1933 1698 1934
3 1925 1935 1690
3 1690 1935 1699
3 1700 1699 1935
3 1700 1935 1936
3 1701 1927 1692
3 1938 1937 1702
3 1702 1937 1701
3 1937 1929 1701
3 1929 1927 1701
3 1940 1939 1938
3 1939 1930 1938
3 1931 1937 1938
3 1931 1938 1930
3 1939 1942 1941
3 1939 1941 1703
3 1930 1939 1703
3 1695 1930 1703
3 1941 1705 1703
3 1943 1934 1698
3 1943 1698 1706
3 1945 1943 1944
3 1943 1707 1944
3 1943 1706 1707
3 1709 1944 1707
3 1947 1710 1946
3 1710 1936 1946
3 1710 1700 1936
3 1948 1947 1946
3 1711 1938 1702
3 1950 1949 1712
3 1712 1949 1711
3 1949 1940 1711
3 1940 1938 1711
3 1949 1950 1942
3 1950 1941 1942
3 1950 1951 1941
3 1952 1713 1705
3 1941 1952 1705
3 1951 1952 1941
3 1952 1715 1713
3 1716 1717 1953
3 1944 1954 1945
3 1954 1944 1955
3 1944 1709 1955
3 1716 1953 1955
3 1716 1955 1709
3 1947 1718 1710
3 1957 1956 1719
3 1957 1719 1718
3 1948 1957 1718
3 1947 1948 1718
3 1958 1956 1957
3 1720 1950 1712
3 1950 1720 1721
3 1950 1721 1951
3 1951 1721 1723
3 1959 1951 1723
3 1952 1951 1959
3 1959 1725 1715
3 1959 1715 1952
3 1727 1960 1728
3 1960 1961 1728
3 1728 1961 1717
3 1961 1962 1717
3 1962 1953 1717
3 1953 1962 1955
3 1956 1729 1719
3 1964 1963 1731
3 1964 1731 1729
3 1958 1964 1729
3 1956 1958 1729
3 1965 1963 1964
3 1732 1959 1723
3 1959 1732 1725
3 1967 1966 1733
3 1967 1733 1734
3 1727 1733 1960
3 1733 1968 1960
3 1733 1966 1968
3 1960 1968 1961
3 1963 1736 1731
3 1970 1969 1737
3 1970 1737 1736
3 1965 1970 1736
3 1963 1965 1736
3 1971 1969 1970
3 1739 1967 1734
3 1739 1972 1967
3 1969 1741 1737
3 1974 1973 1742
3 1974 1742 1741
3 1971 1974 1741
3 1969 1971 1741
3 1975 1973 1974
3 1744 1976 1743
3 1976 1977 1743
3 1977 1739 1743
3 1977 1972 1739
3 1973 1746 1742
3 1975 1978 1973
3 1978 1746 1973
3 1978 1748 1746
3 1980 1979 1749
3 1748 1980 1749
3 1978 1980 1748
3 1982 1981 1979
3 1982 1979 1980
3 1750 1751 1981
3 1982 1750 1981
3 1983 1750 1982
3 1744 1750 1976
3 1750 1984 1976
3 1750 1983 1984
3 1976 1984 1977
3 1979 1752 1749
3 1752 1979 1753
3 1753 1979 1981
3 1753 1981 1751
3 1987 1986 1985
3 1755 1756 1985
3 1756 1987 1985
3 1756 1988 1987
3 1756 1757 1988
3 1988 1757 1989
3 1992 1991 1990
3 1992 1990 1986
3 1986 1990 1985
3 1990 1759 1985
3 1759 1760 1985
3 1985 1760 1755
3 1757 1762 1993
3 1994 1757 1993
3 1989 1757 1994
3 1763 1993 1762
3 1997 1996 1995
3 1997 1995 1991
3 1995 1990 1991
3 1995 1998 1990
3 1998 1765 1759
3 1998 1759 1990
3 1999 1994 1993
3 1993 1763 1999
3 1763 2000 1999
3 1763 1767 2000
3 1996 2001 1995
3 1995 2001 1998
3 1998 2001 2002
3 1765 1998 2002
3 2003 1765 2002
3 1768 1765 2003
3 1767 1769 2004
3 2005 1767 2004
3 2000 1767 2005
3 1770 2004 1769
3 2008 2007 2006
3 2006 2009 2008
3 1771 1768 2010
3 1768 2011 2010
3 1768 2003 2011
3 2010 1772 1771
3 2005 2004 2012
3 2005 2012 2013
3 1774 2012 1770
3 1770 2012 2004
3 2016 2015 2014
3 2018 2017 2014
3 2014 2017 2016
3 2017 2018 2007
3 2007 2018 2006
3 2018 1776 2006
3 1776 1777 2006
3 1777 1778 2006
3 1778 2019 2006
3 2019 2009 2006
3 1778 2020 2019
3 1780 2020 1778
3 2010 2011 2021
3 2021 2011 2022
3 2021 1782 1772
3 2021 1772 2010
3 2013 2012 2023
3 2013 2023 2024
3 1784 2023 1774
3 1774 2023 2012
3 2027 2026 2025
3 1786 1787 2025
3 1787 2027 2025
3 1787 2028 2027
3 1788 2014 2015
3 2028 1788 2015
3 1787 1788 2028
3 2014 1788 1790
3 2014 1790 2018
3 2018 1790 1776
3 2019 2020 2029
3 2019 2029 2030
3 1791 2029 1780
3 1780 2029 2020
3 2021 2022 2031
3 2031 2022 2032
3 2031 1792 1782
3 2031 1782 2021
3 2033 2024 2023
3 2023 1784 2033
3 1784 2034 2033
3 1784 1794 2034
3 2037 2036 2035
3 2037 2035 2026
3 2026 2035 2025
3 2035 1796 2025
3 1796 1797 2025
3 2025 1797 1786
3 2030 2029 1801
3 1802 2030 1801
3 2038 2030 1802
3 1801 2029 1791
3 2031 2032 1805
3 2032 1804 1805
3 2032 2039 1804
3 2031 1805 1792
3 1806 2034 1794
3 1806 2040 2034
3 2035 2036 1809
3 2036 1808 1809
3 2036 2041 1808
3 2035 1809 1796
3 2044 2043 2042
3 2043 2038 2042
3 2038 1811 2042
3 2038 1802 1811
3 2039 1813 1804
3 2045 1813 2039
3 2047 2046 1817
3 2047 1817 1816
3 1806 1817 2040
3 2040 1817 2046
3 2049 2048 1819
3 1819 2048 1818
3 1819 1808 2041
3 1819 2041 2049
3 2044 2042 1821
3 1822 2044 1821
3 2050 2044 1822
3 1821 2042 1811
3 2053 2052 2051
3 2051 2054 1823
3 2045 2051 1823
3 1813 2045 1823
3 2051 2045 2053
3 1823 2054 2055
3 2056 1823 2055
3 1824 1823 2056
3 1824 2057 1825
3 2056 2057 1824
3 1816 1825 2047
3 2047 1825 2057
3 2059 2058 1827
3 1827 2058 1826
3 1827 1818 2048
3 1827 2048 2059
3 1829 2050 1822
3 1829 2060 2050
3 2052 2061 2051
3 2051 2061 2054
3 2054 2061 2062
3 2054 2062 2055
3 2058 1830 1826
3 2063 1830 2058
3 2065 2064 1832
3 2065 1832 1833
3 1829 1832 2060
3 2060 1832 2064
3 2066 1834 1835
3 2067 2066 1835
3 1830 2067 1835
3 2063 2067 1830
3 2069 2068 1837
3 2069 1837 1838
3 1833 1837 2065
3 2065 1837 2068
3 2071 2070 2066
3 2070 1834 2066
3 2070 1840 1834
3 2071 2066 2067
3 1842 2072 1841
3 2072 2073 1841
3 2073 1838 1841
3 2073 2069 1838
3 2070 1844 1840
3 2074 1844 2070
3 1846 2075 1845
3 2075 2076 1845
3 1845 2076 1842
3 2076 2077 1842
3 2077 2072 1842
3 2072 2077 2073
3 2078 1847 1848
3 2079 2078 1848
3 1844 2079 1848
3 2074 2079 1844
3 1850 2080 2075
3 1850 2075 1846
3 2076 2075 2081
3 2081 2075 2080
3 2082 1851 2078
3 2078 1851 1847
3 2078 2079 2083
3 2078 2083 2082
3 2085 2084 2080
3 1850 2085 2080
3 1853 2085 1850
3 2080 2084 2081
3 2086 1854 2082
3 2082 1854 1851
3 2082 2083 2087
3 2082 2087 2086
3 1856 2085 1853
3 1856 2088 2085
3 2089 1857 2086
3 2086 1857 1854
3 2086 2087 2090
3 2086 2090 2089
3 1858 2088 1856
3 1858 2091 2088
3 2092 1859 2089
3 2089 1859 1857
3 2089 2090 2093
3 2089 2093 2092
3 1860 2091 1858
3 1860 2094 2091
3 2097 2096 2095
3 2095 2098 2097
3 2099 1861 2092
3 2092 1861 1859
3 2092 2093 2100
3 2092 2100 2099
3 1862 2094 1860
3 1862 2101 2094
3 2104 2103 2102
3 1864 1865 2102
3 1865 2104 2102
3 1865 2105 2104
3 1866 2095 2096
3 2105 1866 2096
3 1865 1866 2105
3 2106 2098 2095
3 1866 2106 2095
3 1868 2106 1866
3 2107 1868 1869
3 2107 2106 1868
3 1869 1871 2107
3 2107 1871 2108
3 2099 1872 1861
3 1873 1872 2099
3 2100 1873 2099
3 2109 1873 2100
3 1874 2101 1862
3 1874 2110 2101
3 2113 2112 2111
3 2113 2111 2103
3 2111 2102 2103
3 2111 2114 2102
3 2114 1876 1864
3 2114 1864 2102
3 2117 2116 2115
3 1879 1877 2115
3 2116 1879 2115
3 2118 1879 2116
3 2120 2119 1880
3 1879 2120 1880
3 2118 2120 1879
3 2120 2108 2119
3 2108 1881 2119
3 2108 1871 1881
3 2109 1882 1873
3 2121 1882 2109
3 1883 2123 2122
3 2110 1883 2122
3 1874 1883 2110
3 2122 2123 2112
3 2123 2111 2112
3 2123 2124 2111
3 2124 1885 1886
3 2114 2124 1886
3 2111 2124 2114
3 2114 1886 1876
3 2117 2115 1889
3 1887 2117 1889
3 2125 2117 1887
3 1889 2115 1877
3 2119 1891 1880
3 1891 2119 1881
3 2127 1892 2126
3 1892 2121 2126
3 1892 1882 2121
3 2128 2127 2126
3 1893 2123 1883
3 2123 1893 1895
3 2123 1895 2124
3 2124 1895 1885
3 1887 1898 2129
3 2130 1887 2129
3 2125 1887 2130
3 1899 2129 1898
3 2127 1901 1892
3 1902 1901 2127
3 2128 1902 2127
3 2131 1902 2128
3 2130 2129 2132
3 2130 2132 2133
3 1905 2134 1899
3 2134 2129 1899
3 2134 2132 2129
3 1907 2134 1905
3 2131 1908 1902
3 2135 1908 2131
3 2136 2133 2132
3 2136 2132 2134
3 2136 2134 2137
3 2139 2137 2138
3 2138 2137 1912
3 2137 2134 1912
3 2134 1907 1912
3 1914 2138 1912
3 2135 2140 1908
3 1908 2140 1915
3 1916 1915 2140
3 1916 2140 2141
3 1918 2142 1919
3 2142 1921 1919
3 2143 2139 2138
3 2145 2143 2144
3 2144 2143 1922
3 2143 2138 1922
3 2138 1914 1922
3 1924 2144 1922
3 2147 1925 2146
3 1925 2141 2146
3 1925 1916 2141
3 2148 2147 2146
3 1926 2142 1918
3 1921 2142 1926
3 1928 1929 2149
3 2149 1931 1928
3 2150 2145 2144
3 2150 2144 1924
3 1932 2150 1924
3 2151 2150 1932
3 2153 2151 2152
3 2151 1933 2152
3 2151 1932 1933
3 1934 2152 1933
3 2147 1935 1925
3 2155 2154 1936
3 2155 1936 1935
3 2148 2155 1935
3 2147 2148 1935
3 2156 2154 2155
3 1937 2149 1929
3 1931 2149 1937
3 1939 1940 2157
3 2157 1942 1939
3 2158 2153 2152
3 2158 2152 1934
3 1943 2158 1934
3 2159 2158 1943
3 1943 1945 2159
3 2159 1945 2160
3 2154 1946 1936
3 1948 1946 2154
3 2156 1948 2154
3 2161 1948 2156
3 1949 2157 1940
3 2157 1949 1942
3 2162 2160 1945
3 2162 1945 1954
3 1954 1955 2162
3 2162 1955 2163
3 2161 2164 1948
3 1948 2164 1957
3 1958 1957 2164
3 1958 2164 2165
3 1961 2166 1962
3 2166 2167 1962
3 2167 1955 1962
3 2167 2163 1955
3 2165 2168 1958
3 1958 2168 1964
3 2170 2169 1965
3 1964 2170 1965
3 2168 2170 1964
3 2171 2169 2170
3 1967 2172 1966
3 1966 2172 2173
3 2174 1966 2173
3 1968 1966 2174
3 1961 1968 2166
3 1968 2175 2166
3 1968 2174 2175
3 2166 2175 2167
3 2169 1970 1965
3 2177 2176 1971
3 2177 1971 1970
3 2171 2177 1970
3 2169 2171 1970
3 2178 2176 2177
3 2180 2179 2172
3 1967 2180 2172
3 1972 2180 1967
3 2172 2179 2173
3 2176 1974 1971
3 2182 2181 1975
3 2182 1975 1974
3 2178 2182 1974
3 2176 2178 1974
3 2184 2183 2181
3 2184 2181 2182
3 2185 2183 2184
3 1977 2180 1972
3 1977 2186 2180
3 2181 1978 1975
3 1978 2181 1980
3 1980 2181 2183
3 2185 2187 2183
3 2187 1980 2183
3 2187 1982 1980
3 1982 2188 1983
3 2187 2188 1982
3 1983 2189 1984
3 2188 2189 1983
3 1977 1984 2186
3 2186 1984 2189
3 2192 2191 2190
3 2194 2193 2190
3 2190 2193 2192
3 2194 2195 2193
3 2198 2197 2196
3 2198 2196 2191
3 2196 2190 2191
3 2196 2199 2190
3 2199 1986 1987
3 2194 2199 1987
3 2190 2199 2194
3 2200 2195 2194
3 1987 2200 2194
3 1988 2200 1987
3 1988 1989 2200
3 2200 1989 2201
3 2196 2197 2202
3 2202 2197 2203
3 2202 1991 1992
3 2199 2202 1992
3 2196 2202 2199
3 2199 1992 1986
3 1994 2201 1989
3 1994 2204 2201
3 2207 2206 2205
3 2207 2205 2203
3 2203 2205 2202
3 2205 1996 2202
3 1996 1997 2202
3 2202 1997 1991
3 1994 1999 2208
3 2209 1994 2208
3 2204 1994 2209
3 2000 2208 1999
3 2212 2211 2210
3 2212 2210 2206
3 2210 2205 2206
3 2210 2213 2205
3 2214 2001 1996
3 2205 2214 1996
3 2213 2214 2205
3 2215 2002 2001
3 2215 2001 2214
3 2215 2003 2002
3 2216 2209 2208
3 2208 2000 2216
3 2000 2217 2216
3 2000 2005 2217
3 2220 2219 2218
3 2220 2218 2211
3 2211 2218 2210
3 2218 2007 2210
3 2007 2008 2210
3 2210 2008 2009
3 2221 2210 2009
3 2213 2210 2221
3 2223 2214 2222
3 2214 2221 2222
3 2214 2213 2221
3 2225 2224 2223
3 2224 2214 2223
3 2224 2215 2214
3 2224 2011 2003
3 2224 2003 2215
3 2013 2217 2005
3 2013 2226 2217
3 2229 2228 2227
3 2231 2230 2227
3 2227 2230 2229
3 2015 2016 2231
3 2016 2230 2231
3 2016 2232 2230
3 2017 2218 2219
3 2232 2017 2219
3 2016 2017 2232
3 2218 2017 2007
3 2234 2233 2221
3 2009 2234 2221
3 2019 2234 2009
3 2221 2233 2222
3 2225 2235 2224
3 2011 2224 2235
3 2236 2011 2235
3 2022 2011 2236
3 2024 2226 2013
3 2024 2237 2226
3 2227 2228 2027
3 2228 2026 2027
3 2228 2238 2026
3 2227 2027 2028
3 2227 2028 2231
3 2231 2028 2015
3 2030 2234 2019
3 2030 2239 2234
3 2236 2032 2022
3 2240 2032 2236
3 2024 2033 2241
3 2242 2024 2241
3 2237 2024 2242
3 2034 2241 2033
3 2244 2243 2037
3 2037 2243 2036
3 2037 2026 2238
3 2037 2238 2244
3 2038 2239 2030
3 2038 2245 2239
3 2240 2039 2032
3 2246 2039 2240
3 2242 2241 2247
3 2242 2247 2248
3 2040 2247 2034
3 2034 2247 2241
3 2243 2041 2036
3 2249 2041 2243
3 2251 2250 2043
3 2251 2043 2044
3 2038 2043 2245
3 2245 2043 2250
3 2246 2045 2039
3 2252 2045 2246
3 2248 2247 2046
3 2047 2248 2046
3 2253 2248 2047
3 2046 2247 2040
3 2255 2254 2049
3 2049 2254 2048
3 2049 2041 2249
3 2049 2249 2255
3 2050 2251 2044
3 2050 2256 2251
3 2258 2257 2053
3 2053 2257 2052
3 2053 2045 2252
3 2053 2252 2258
3 2055 2259 2056
3 2056 2259 2260
3 2261 2056 2260
3 2057 2056 2261
3 2047 2057 2253
3 2253 2057 2261
3 2262 2058 2059
3 2263 2262 2059
3 2048 2263 2059
3 2254 2263 2048
3 2266 2265 2264
3 2265 2256 2264
3 2256 2060 2264
3 2256 2050 2060
3 2061 2052 2267
3 2052 2268 2267
3 2052 2257 2268
3 2061 2267 2269
3 2270 2061 2269
3 2062 2061 2270
3 2055 2062 2259
3 2062 2271 2259
3 2062 2270 2271
3 2259 2271 2260
3 2272 2063 2262
3 2262 2063 2058
3 2262 2263 2273
3 2262 2273 2272
3 2266 2264 2064
3 2065 2266 2064
3 2274 2266 2065
3 2064 2264 2060
3 2277 2276 2275
3 2279 2278 2275
3 2278 2267 2275
3 2268 2277 2275
3 2268 2275 2267
3 2267 2278 2269
3 2281 2280 2272
3 2280 2063 2272
3 2280 2067 2063
3 2281 2272 2273
3 2283 2282 2068
3 2283 2068 2069
3 2065 2068 2274
3 2274 2068 2282
3 2276 2284 2275
3 2275 2284 2279
3 2285 2070 2071
3 2286 2285 2071
3 2067 2286 2071
3 2280 2286 2067
3 2073 2283 2069
3 2073 2287 2283
3 2288 2074 2285
3 2285 2074 2070
3 2285 2286 2289
3 2285 2289 2288
3 2076 2290 2077
3 2290 2291 2077
3 2291 2073 2077
3 2291 2287 2073
3 2293 2292 2288
3 2292 2074 2288
3 2292 2079 2074
3 2293 2288 2289
3 2081 2294 2290
3 2081 2290 2076
3 2291 2290 2295
3 2295 2290 2294
3 2292 2083 2079
3 2296 2083 2292
3 2085 2297 2084
3 2297 2298 2084
3 2084 2298 2081
3 2298 2299 2081
3 2299 2294 2081
3 2294 2299 2295
3 2296 2087 2083
3 2300 2087 2296
3 2088 2301 2297
3 2088 2297 2085
3 2298 2297 2302
3 2302 2297 2301
3 2300 2090 2087
3 2303 2090 2300
3 2091 2304 2301
3 2091 2301 2088
3 2302 2301 2305
3 2305 2301 2304
3 2303 2093 2090
3 2306 2093 2303
3 2094 2307 2304
3 2094 2304 2091
3 2305 2304 2308
3 2304 2309 2308
3 2304 2307 2309
3 2311 2310 2309
3 2309 2310 2308
3 2313 2312 2311
3 2311 2312 2310
3 2096 2097 2313
3 2097 2312 2313
3 2097 2314 2312
3 2097 2098 2314
3 2314 2098 2315
3 2306 2100 2093
3 2316 2100 2306
3 2101 2317 2307
3 2101 2307 2094
3 2307 2318 2309
3 2307 2317 2318
3 2318 2103 2104
3 2311 2318 2104
3 2309 2318 2311
3 2311 2104 2105
3 2311 2105 2313
3 2313 2105 2096
3 2319 2315 2098
3 2319 2098 2106
3 2321 2319 2320
3 2319 2107 2320
3 2319 2106 2107
3 2108 2320 2107
3 2316 2109 2100
3 2322 2109 2316
3 2110 2323 2317
3 2110 2317 2101
3 2323 2112 2113
3 2318 2323 2113
3 2317 2323 2318
3 2318 2113 2103
3 2325 2324 2116
3 2325 2116 2117
3 2116 2326 2118
3 2324 2326 2116
3 2320 2120 2321
3 2120 2326 2321
3 2120 2118 2326
3 2120 2320 2108
3 2328 2121 2327
3 2121 2322 2327
3 2121 2109 2322
3 2329 2328 2327
3 2122 2323 2110
3 2323 2122 2112
3 2332 2331 2330
3 2331 2325 2330
3 2325 2125 2330
3 2325 2117 2125
3 2328 2126 2121
3 2128 2126 2328
3 2329 2128 2328
3 2333 2128 2329
3 2332 2330 2334
3 2332 2334 2335
3 2130 2334 2125
3 2125 2334 2330
3 2333 2131 2128
3 2336 2131 2333
3 2335 2334 2337
3 2335 2337 2338
3 2133 2337 2130
3 2130 2337 2334
3 2340 2135 2339
3 2135 2336 2339
3 2135 2131 2336
3 2341 2340 2339
3 2342 2338 2337
3 2342 2337 2133
3 2136 2342 2133
3 2343 2342 2136
3 2345 2343 2344
3 2343 2137 2344
3 2343 2136 2137
3 2139 2344 2137
3 2340 2140 2135
3 2347 2346 2141
3 2347 2141 2140
3 2341 2347 2140
3 2340 2341 2140
3 2348 2346 2347
3 2349 2345 2344
3 2351 2349 2350
3 2350 2349 2143
3 2349 2344 2143
3 2344 2139 2143
3 2145 2350 2143
3 2346 2146 2141
3 2148 2146 2346
3 2348 2148 2346
3 2352 2148 2348
3 2353 2351 2350
3 2353 2350 2145
3 2150 2353 2145
3 2354 2353 2150
3 2356 2354 2355
3 2354 2151 2355
3 2354 2150 2151
3 2153 2355 2151
3 2352 2357 2148
3 2148 2357 2155
3 2156 2155 2357
3 2156 2357 2358
3 2359 2356 2355
3 2361 2359 2360
3 2360 2359 2158
3 2359 2355 2158
3 2355 2153 2158
3 2159 2362 2158
3 2158 2362 2360
3 2160 2362 2159
3 2364 2161 2363
3 2161 2358 2363
3 2161 2156 2358
3 2365 2364 2363
3 2366 2361 2360
3 2366 2360 2362
3 2366 2362 2367
3 2369 2367 2368
3 2368 2367 2162
3 2367 2362 2162
3 2362 2160 2162
3 2163 2368 2162
3 2364 2164 2161
3 2371 2370 2165
3 2371 2165 2164
3 2365 2371 2164
3 2364 2365 2164
3 2373 2372 2370
3 2373 2370 2371
3 2374 2372 2373
3 2375 2369 2368
3 2368 2163 2375
3 2163 2376 2375
3 2163 2167 2376
3 2370 2168 2165
3 2168 2370 2170
3 2170 2370 2372
3 2378 2377 2171
3 2378 2171 2170
3 2374 2378 2170
3 2372 2374 2170
3 2379 2377 2378
3 2173 2380 2174
3 2174 2380 2381
3 2382 2174 2381
3 2175 2174 2382
3 2167 2175 2376
3 2376 2175 2382
3 2377 2177 2171
3 2384 2383 2178
3 2384 2178 2177
3 2379 2384 2177
3 2377 2379 2177
3 2386 2385 2383
3 2386 2383 2384
3 2387 2385 2386
3 2180 2388 2179
3 2388 2389 2179
3 2179 2389 2173
3 2389 2390 2173
3 2390 2380 2173
3 2380 2390 2381
3 2383 2182 2178
3 2182 2383 2184
3 2184 2383 2385
3 2392 2391 2185
3 2392 2185 2184
3 2387 2392 2184
3 2385 2387 2184
3 2394 2393 2391
3 2394 2391 2392
3 2396 2395 2393
3 2396 2393 2394
3 2396 2397 2388
3 2186 2396 2388
3 2180 2186 2388
3 2395 2396 2186
3 2388 2397 2389
3 2391 2187 2185
3 2187 2391 2188
3 2188 2391 2393
3 2188 2393 2189
3 2189 2393 2395
3 2189 2395 2186
3 2398 2191 2192
3 2193 2399 2192
3 2192 2399 2398
3 2195 2399 2193
3 2401 2400 2198
3 2198 2400 2197
3 2198 2191 2398
3 2402 2198 2398
3 2401 2198 2402
3 2402 2398 2399
3 2402 2399 2403
3 2405 2403 2404
3 2404 2403 2200
3 2403 2399 2200
3 2399 2195 2200
3 2201 2404 2200
3 2408 2407 2406
3 2400 2408 2406
3 2203 2400 2406
3 2197 2400 2203
3 2405 2404 2409
3 2405 2409 2410
3 2204 2409 2201
3 2201 2409 2404
3 2413 2412 2411
3 2413 2411 2407
3 2407 2411 2406
3 2411 2206 2406
3 2206 2207 2406
3 2406 2207 2203
3 2414 2410 2409
3 2409 2204 2414
3 2204 2415 2414
3 2204 2209 2415
3 2418 2417 2416
3 2418 2416 2412
3 2412 2416 2411
3 2416 2211 2411
3 2211 2212 2411
3 2411 2212 2206
3 2209 2216 2419
3 2420 2209 2419
3 2415 2209 2420
3 2217 2419 2216
3 2423 2422 2421
3 2425 2424 2421
3 2421 2424 2423
3 2424 2425 2417
3 2417 2425 2416
3 2425 2219 2416
3 2219 2220 2416
3 2416 2220 2211
3 2222 2426 2223
3 2426 2225 2223
3 2420 2419 2427
3 2420 2427 2428
3 2226 2427 2217
3 2217 2427 2419
3 2430 2429 2229
3 2229 2429 2228
3 2230 2421 2422
3 2430 2230 2422
3 2229 2230 2430
3 2421 2230 2232
3 2421 2232 2425
3 2425 2232 2219
3 2234 2431 2233
3 2426 2222 2233
3 2431 2426 2233
3 2432 2426 2431
3 2433 2235 2225
3 2426 2433 2225
3 2432 2433 2426
3 2433 2236 2235
3 2434 2428 2427
3 2427 2226 2434
3 2226 2435 2434
3 2226 2237 2435
3 2429 2238 2228
3 2436 2238 2429
3 2239 2437 2431
3 2239 2431 2234
3 2439 2432 2438
3 2432 2437 2438
3 2432 2431 2437
3 2441 2440 2439
3 2440 2432 2439
3 2440 2433 2432
3 2440 2240 2236
3 2440 2236 2433
3 2242 2435 2237
3 2242 2442 2435
3 2443 2243 2244
3 2444 2443 2244
3 2238 2444 2244
3 2436 2444 2238
3 2446 2445 2437
3 2239 2446 2437
3 2245 2446 2239
3 2437 2445 2438
3 2440 2441 2447
3 2447 2441 2448
3 2447 2246 2240
3 2447 2240 2440
3 2248 2442 2242
3 2248 2449 2442
3 2451 2450 2443
3 2450 2243 2443
3 2450 2249 2243
3 2451 2443 2444
3 2251 2452 2250
3 2452 2453 2250
3 2453 2245 2250
3 2453 2446 2245
3 2447 2448 2454
3 2454 2448 2455
3 2454 2252 2246
3 2454 2246 2447
3 2253 2449 2248
3 2253 2456 2449
3 2457 2254 2255
3 2458 2457 2255
3 2249 2458 2255
3 2450 2458 2249
3 2256 2459 2452
3 2256 2452 2251
3 2453 2452 2460
3 2460 2452 2459
3 2454 2455 2258
3 2455 2257 2258
3 2455 2461 2257
3 2454 2258 2252
3 2463 2462 2261
3 2463 2261 2260
3 2253 2261 2456
3 2456 2261 2462
3 2465 2464 2457
3 2464 2254 2457
3 2464 2263 2254
3 2465 2457 2458
3 2266 2466 2265
3 2466 2467 2265
3 2265 2467 2256
3 2467 2468 2256
3 2468 2459 2256
3 2459 2468 2460
3 2461 2268 2257
3 2469 2268 2461
3 2471 2470 2270
3 2471 2270 2269
3 2270 2472 2271
3 2470 2472 2270
3 2260 2271 2463
3 2463 2271 2472
3 2464 2273 2263
3 2473 2273 2464
3 2274 2474 2466
3 2274 2466 2266
3 2467 2466 2475
3 2475 2466 2474
3 2477 2476 2277
3 2277 2476 2276
3 2278 2279 2478
3 2479 2478 2279
3 2469 2277 2268
3 2277 2469 2477
3 2269 2278 2471
3 2471 2278 2478
3 2480 2280 2281
3 2481 2480 2281
3 2273 2481 2281
3 2473 2481 2273
3 2283 2482 2282
3 2482 2483 2282
3 2282 2483 2274
3 2483 2484 2274
3 2484 2474 2274
3 2474 2484 2475
3 2476 2485 2276
3 2276 2485 2284
3 2279 2284 2479
3 2479 2284 2485
3 2487 2486 2480
3 2486 2280 2480
3 2486 2286 2280
3 2487 2480 2481
3 2287 2488 2482
3 2287 2482 2283
3 2483 2482 2489
3 2489 2482 2488
3 2486 2289 2286
3 2490 2289 2486
3 2291 2491 2488
3 2291 2488 2287
3 2489 2488 2492
3 2492 2488 2491
3 2495 2494 2493
3 2493 2496 2495
3 2497 2292 2293
3 2498 2497 2293
3 2289 2498 2293
3 2490 2498 2289
3 2500 2499 2491
3 2291 2500 2491
3 2295 2500 2291
3 2491 2499 2492
3 2503 2502 2501
3 2505 2504 2501
3 2504 2493 2501
3 2494 2503 2501
3 2494 2501 2493
3 2493 2504 2496
3 2506 2296 2497
3 2497 2296 2292
3 2497 2498 2507
3 2497 2507 2506
3 2298 2508 2299
3 2508 2509 2299
3 2509 2295 2299
3 2509 2500 2295
3 2502 2510 2501
3 2501 2510 2505
3 2512 2511 2506
3 2511 2296 2506
3 2511 2300 2296
3 2512 2506 2507
3 2302 2513 2508
3 2302 2508 2298
3 2509 2508 2514
3 2514 2508 2513
3 2511 2303 2300
3 2515 2303 2511
3 2305 2516 2513
3 2305 2513 2302
3 2514 2513 2517
3 2513 2518 2517
3 2513 2516 2518
3 2518 2519 2517
3 2521 2306 2520
3 2306 2515 2520
3 2306 2303 2515
3 2522 2521 2520
3 2308 2516 2305
3 2516 2308 2310
3 2516 2310 2518
3 2523 2519 2518
3 2310 2523 2518
3 2312 2523 2310
3 2524 2312 2314
3 2524 2523 2312
3 2314 2315 2524
3 2524 2315 2525
3 2526 2316 2521
3 2521 2316 2306
3 2521 2522 2527
3 2521 2527 2526
3 2315 2319 2528
3 2529 2315 2528
3 2525 2315 2529
3 2321 2528 2319
3 2530 2322 2526
3 2526 2322 2316
3 2526 2527 2531
3 2526 2531 2530
3 2534 2533 2532
3 2535 2324 2325
3 2536 2532 2533
3 2537 2529 2528
3 2324 2537 2528
3 2326 2324 2528
3 2537 2324 2535
3 2326 2528 2321
3 2530 2327 2322
3 2329 2327 2530
3 2531 2329 2530
3 2538 2329 2531
3 2534 2532 2331
3 2332 2534 2331
3 2539 2534 2332
3 2532 2536 2331
3 2536 2540 2331
3 2535 2325 2331
3 2535 2331 2540
3 2535 2540 2537
3 2542 2333 2541
3 2333 2538 2541
3 2333 2329 2538
3 2543 2542 2541
3 2335 2539 2332
3 2335 2544 2539
3 2545 2336 2542
3 2542 2336 2333
3 2542 2543 2546
3 2542 2546 2545
3 2338 2544 2335
3 2338 2547 2544
3 2545 2339 2336
3 2549 2548 2341
3 2549 2341 2339
3 2546 2549 2339
3 2545 2546 2339
3 2550 2548 2549
3 2551 2547 2338
3 2551 2338 2342
3 2553 2551 2552
3 2551 2343 2552
3 2551 2342 2343
3 2345 2552 2343
3 2548 2347 2341
3 2555 2554 2348
3 2555 2348 2347
3 2550 2555 2347
3 2548 2550 2347
3 2556 2554 2555
3 2557 2553 2552
3 2559 2557 2558
3 2558 2557 2349
3 2557 2552 2349
3 2552 2345 2349
3 2351 2558 2349
3 2560 2352 2554
3 2554 2352 2348
3 2554 2556 2561
3 2554 2561 2560
3 2562 2559 2558
3 2564 2562 2563
3 2563 2562 2353
3 2562 2558 2353
3 2558 2351 2353
3 2354 2565 2353
3 2353 2565 2563
3 2356 2565 2354
3 2560 2357 2352
3 2567 2566 2358
3 2567 2358 2357
3 2561 2567 2357
3 2560 2561 2357
3 2569 2568 2566
3 2569 2566 2567
3 2570 2568 2569
3 2571 2564 2563
3 2571 2563 2565
3 2571 2565 2572
3 2574 2572 2573
3 2573 2572 2359
3 2572 2565 2359
3 2565 2356 2359
3 2361 2573 2359
3 2566 2363 2358
3 2363 2566 2365
3 2566 2575 2365
3 2566 2568 2575
3 2568 2570 2576
3 2577 2568 2576
3 2575 2568 2577
3 2578 2577 2576
3 2579 2574 2573
3 2581 2579 2580
3 2580 2579 2366
3 2579 2573 2366
3 2573 2361 2366
3 2367 2582 2366
3 2366 2582 2580
3 2369 2582 2367
3 2575 2371 2365
3 2371 2575 2373
3 2373 2575 2577
3 2584 2583 2374
3 2584 2374 2373
3 2578 2584 2373
3 2577 2578 2373
3 2586 2585 2583
3 2586 2583 2584
3 2587 2585 2586
3 2588 2581 2580
3 2590 2589 2588
3 2580 2590 2588
3 2582 2590 2580
3 2375 2591 2369
3 2591 2582 2369
3 2591 2590 2582
3 2376 2591 2375
3 2583 2378 2374
3 2378 2583 2379
3 2583 2592 2379
3 2583 2585 2592
3 2585 2587 2593
3 2594 2585 2593
3 2592 2585 2594
3 2596 2595 2594
3 2596 2594 2593
3 2598 2597 2595
3 2598 2595 2596
3 2599 2597 2598
3 2589 2590 2600
3 2589 2600 2601
3 2381 2600 2382
3 2600 2591 2382
3 2600 2590 2591
3 2382 2591 2376
3 2592 2384 2379
3 2384 2592 2386
3 2386 2592 2594
3 2386 2594 2387
3 2594 2602 2387
3 2594 2595 2602
3 2603 2595 2597
3 2602 2595 2603
3 2597 2599 2604
3 2605 2597 2604
3 2603 2597 2605
3 2607 2606 2605
3 2607 2605 2604
3 2606 2607 2601
3 2606 2601 2600
3 2389 2606 2600
3 2390 2389 2600
3 2390 2600 2381
3 2602 2392 2387
3 2392 2602 2394
3 2394 2602 2603
3 2394 2603 2396
3 2396 2603 2605
3 2396 2605 2397
3 2397 2605 2606
3 2397 2606 2389
3 2608 2400 2401
3 2402 2609 2401
3 2401 2609 2608
3 2403 2610 2402
3 2402 2610 2609
3 2405 2610 2403
3 2612 2611 2408
3 2408 2611 2407
3 2408 2400 2608
3 2613 2408 2608
3 2612 2408 2613
3 2613 2608 2609
3 2613 2609 2614
3 2614 2609 2610
3 2614 2610 2615
3 2610 2405 2615
3 2405 2616 2615
3 2405 2410 2616
3 2618 2617 2413
3 2413 2617 2412
3 2413 2407 2611
3 2413 2611 2618
3 2410 2414 2619
3 2620 2410 2619
3 2616 2410 2620
3 2415 2619 2414
3 2623 2622 2621
3 2417 2418 2621
3 2418 2623 2621
3 2418 2624 2623
3 2418 2412 2617
3 2418 2617 2624
3 2625 2620 2619
3 2619 2415 2625
3 2415 2626 2625
3 2415 2420 2626
3 2628 2627 2423
3 2423 2627 2422
3 2424 2621 2622
3 2628 2424 2622
3 2423 2424 2628
3 2621 2424 2417
3 2428 2626 2420
3 2428 2629 2626
3 2630 2429 2430
3 2631 2630 2430
3 2422 2631 2430
3 2627 2631 2422
3 2428 2434 2632
3 2633 2428 2632
3 2629 2428 2633
3 2435 2632 2434
3 2634 2436 2630
3 2630 2436 2429
3 2630 2631 2635
3 2630 2635 2634
3 2438 2636 2439
3 2636 2441 2439
3 2633 2632 2637
3 2633 2637 2638
3 2442 2637 2435
3 2435 2637 2632
3 2640 2639 2634
3 2639 2436 2634
3 2639 2444 2436
3 2640 2634 2635
3 2446 2641 2445
3 2636 2438 2445
3 2641 2636 2445
3 2642 2636 2641
3 2642 2448 2441
3 2642 2441 2636
3 2638 2637 2643
3 2638 2643 2644
3 2449 2643 2442
3 2442 2643 2637
3 2645 2450 2451
3 2646 2645 2451
3 2444 2646 2451
3 2639 2646 2444
3 2453 2647 2641
3 2453 2641 2446
3 2641 2648 2642
3 2641 2647 2648
3 2648 2455 2448
3 2648 2448 2642
3 2644 2643 2649
3 2644 2649 2650
3 2456 2649 2449
3 2449 2649 2643
3 2652 2651 2645
3 2651 2450 2645
3 2651 2458 2450
3 2652 2645 2646
3 2460 2653 2647
3 2460 2647 2453
3 2655 2648 2654
3 2648 2653 2654
3 2648 2647 2653
3 2455 2648 2655
3 2656 2455 2655
3 2461 2455 2656
3 2650 2649 2462
3 2463 2650 2462
3 2657 2650 2463
3 2462 2649 2456
3 2658 2464 2465
3 2659 2658 2465
3 2458 2659 2465
3 2651 2659 2458
3 2467 2660 2468
3 2653 2460 2468
3 2660 2653 2468
3 2661 2653 2660
3 2654 2653 2662
3 2662 2653 2661
3 2656 2469 2461
3 2663 2469 2656
3 2471 2664 2470
3 2470 2664 2665
3 2666 2470 2665
3 2472 2470 2666
3 2463 2472 2657
3 2657 2472 2666
3 2667 2473 2658
3 2658 2473 2464
3 2658 2659 2668
3 2658 2668 2667
3 2475 2669 2660
3 2475 2660 2467
3 2671 2661 2670
3 2661 2669 2670
3 2661 2660 2669
3 2672 2476 2477
3 2671 2662 2661
3 2478 2479 2673
3 2672 2673 2479
3 2673 2672 2663
3 2477 2663 2672
3 2663 2477 2469
3 2471 2478 2664
3 2478 2674 2664
3 2478 2673 2674
3 2664 2674 2665
3 2676 2675 2667
3 2675 2473 2667
3 2675 2481 2473
3 2676 2667 2668
3 2483 2677 2484
3 2677 2678 2484
3 2484 2678 2475
3 2678 2679 2475
3 2679 2669 2475
3 2669 2679 2670
3 2672 2485 2476
3 2485 2672 2479
3 2680 2486 2487
3 2681 2680 2487
3 2481 2681 2487
3 2675 2681 2481
3 2489 2682 2677
3 2489 2677 2483
3 2678 2677 2683
3 2683 2677 2682
3 2684 2490 2680
3 2680 2490 2486
3 2680 2681 2685
3 2680 2685 2684
3 2492 2686 2682
3 2492 2682 2489
3 2683 2682 2687
3 2682 2688 2687
3 2682 2686 2688
3 2688 2494 2687
3 2494 2495 2687
3 2690 2689 2687
3 2690 2687 2495
3 2496 2690 2495
3 2692 2691 2684
3 2691 2490 2684
3 2691 2498 2490
3 2692 2684 2685
3 2500 2693 2499
3 2686 2492 2499
3 2693 2686 2499
3 2694 2686 2693
3 2694 2502 2503
3 2688 2694 2503
3 2686 2694 2688
3 2690 2695 2689
3 2696 2504 2505
3 2688 2503 2494
3 2695 2690 2697
3 2690 2496 2697
3 2504 2696 2697
3 2504 2697 2496
3 2691 2507 2498
3 2698 2507 2691
3 2509 2699 2693
3 2509 2693 2500
3 2693 2700 2694
3 2693 2699 2700
3 2701 2510 2502
3 2694 2701 2502
3 2700 2701 2694
3 2701 2702 2510
3 2510 2702 2505
3 2702 2703 2505
3 2703 2696 2505
3 2696 2703 2697
3 2704 2511 2512
3 2705 2704 2512
3 2507 2705 2512
3 2698 2705 2507
3 2514 2706 2699
3 2514 2699 2509
3 2699 2707 2700
3 2699 2706 2707
3 2709 2701 2708
3 2701 2707 2708
3 2701 2700 2707
3 2701 2709 2702
3 2710 2515 2704
3 2704 2515 2511
3 2704 2705 2711
3 2704 2711 2710
3 2517 2706 2514
3 2706 2517 2519
3 2712 2706 2519
3 2707 2706 2712
3 2708 2707 2713
3 2713 2707 2712
3 2710 2520 2515
3 2522 2520 2710
3 2711 2522 2710
3 2714 2522 2711
3 2523 2712 2519
3 2715 2713 2712
3 2523 2715 2712
3 2524 2715 2523
3 2524 2525 2715
3 2715 2525 2716
3 2718 2527 2717
3 2527 2714 2717
3 2527 2522 2714
3 2719 2718 2717
3 2529 2716 2525
3 2529 2720 2716
3 2721 2531 2718
3 2718 2531 2527
3 2718 2719 2722
3 2718 2722 2721
3 2534 2723 2533
3 2723 2536 2533
3 2537 2720 2529
3 2537 2724 2720
3 2725 2538 2721
3 2721 2538 2531
3 2721 2722 2726
3 2721 2726 2725
3 2539 2727 2723
3 2539 2723 2534
3 2728 2540 2536
3 2723 2728 2536
3 2727 2728 2723
3 2728 2729 2540
3 2729 2537 2540
3 2729 2724 2537
3 2725 2541 2538
3 2731 2730 2543
3 2731 2543 2541
3 2726 2731 2541
3 2725 2726 2541
3 2732 2730 2731
3 2734 2733 2727
3 2539 2734 2727
3 2544 2734 2539
3 2727 2733 2728
3 2728 2733 2735
3 2728 2735 2729
3 2736 2546 2730
3 2730 2546 2543
3 2730 2732 2737
3 2730 2737 2736
3 2547 2734 2544
3 2547 2738 2734
3 2736 2549 2546
3 2740 2739 2550
3 2740 2550 2549
3 2737 2740 2549
3 2736 2737 2549
3 2741 2739 2740
3 2547 2551 2742
3 2743 2547 2742
3 2738 2547 2743
3 2553 2742 2551
3 2739 2555 2550
3 2745 2744 2556
3 2745 2556 2555
3 2741 2745 2555
3 2739 2741 2555
3 2746 2744 2745
3 2747 2743 2742
3 2749 2747 2748
3 2748 2747 2557
3 2747 2742 2557
3 2742 2553 2557
3 2559 2748 2557
3 2750 2561 2744
3 2744 2561 2556
3 2744 2746 2751
3 2752 2744 2751
3 2750 2744 2752
3 2753 2752 2751
3 2749 2748 2754
3 2749 2754 2755
3 2562 2756 2559
3 2756 2748 2559
3 2756 2754 2748
3 2564 2756 2562
3 2750 2567 2561
3 2567 2750 2569
3 2569 2750 2752
3 2758 2757 2570
3 2758 2570 2569
3 2753 2758 2569
3 2752 2753 2569
3 2760 2759 2757
3 2760 2757 2758
3 2759 2760 2755
3 2754 2759 2755
3 2761 2759 2754
3 2762 2754 2756
3 2761 2754 2762
3 2571 2763 2564
3 2763 2756 2564
3 2763 2762 2756
3 2572 2764 2571
3 2571 2764 2763
3 2574 2764 2572
3 2757 2576 2570
3 2576 2757 2578
3 2757 2765 2578
3 2757 2759 2765
3 2766 2759 2761
3 2765 2759 2766
3 2767 2761 2762
3 2766 2761 2767
3 2768 2762 2763
3 2767 2762 2768
3 2769 2763 2764
3 2768 2763 2769
3 2579 2770 2574
3 2770 2764 2574
3 2770 2769 2764
3 2581 2770 2579
3 2765 2584 2578
3 2584 2765 2586
3 2586 2765 2766
3 2586 2766 2587
3 2766 2771 2587
3 2766 2767 2771
3 2772 2767 2768
3 2771 2767 2772
3 2773 2768 2769
3 2772 2768 2773
3 2774 2769 2770
3 2773 2769 2774
3 2588 2775 2581
3 2775 2770 2581
3 2775 2774 2770
3 2589 2775 2588
3 2771 2593 2587
3 2593 2771 2596
3 2596 2771 2772
3 2596 2772 2598
3 2598 2772 2773
3 2598 2773 2599
3 2773 2776 2599
3 2773 2774 2776
3 2777 2774 2775
3 2776 2774 2777
3 2601 2777 2589
3 2589 2777 2775
3 2776 2604 2599
3 2604 2776 2607
3 2607 2776 2777
3 2607 2777 2601
3 2778 2611 2612
3 2613 2779 2612
3 2612 2779 2778
3 2614 2780 2613
3 2613 2780 2779
3 2615 2781 2614
3 2614 2781 2780
3 2616 2781 2615
3 2782 2617 2618
3 2611 2778 2618
3 2778 2782 2618
3 2778 2783 2782
3 2779 2785 2784
3 2783 2779 2784
3 2778 2779 2783
3 2785 2779 2780
3 2785 2780 2786
3 2788 2787 2786
3 2780 2788 2786
3 2781 2788 2780
3 2620 2788 2616
3 2616 2788 2781
3 2789 2622 2623
3 2624 2790 2623
3 2623 2790 2789
3 2791 2790 2624
3 2791 2624 2617
3 2792 2791 2617
3 2782 2792 2617
3 2792 2782 2783
3 2792 2783 2793
3 2793 2783 2784
3 2794 2787 2788
3 2796 2794 2795
3 2795 2794 2625
3 2794 2788 2625
3 2788 2620 2625
3 2626 2795 2625
3 2797 2627 2628
3 2622 2789 2628
3 2789 2797 2628
3 2789 2798 2797
3 2790 2800 2799
3 2798 2790 2799
3 2789 2790 2798
3 2800 2790 2791
3 2801 2796 2795
3 2795 2626 2801
3 2626 2802 2801
3 2626 2629 2802
3 2803 2631 2797
3 2797 2631 2627
3 2798 2805 2804
3 2803 2798 2804
3 2797 2798 2803
3 2805 2798 2799
3 2633 2802 2629
3 2633 2806 2802
3 2807 2635 2803
3 2803 2635 2631
3 2803 2804 2808
3 2803 2808 2807
3 2638 2806 2633
3 2638 2809 2806
3 2810 2639 2640
3 2811 2810 2640
3 2811 2640 2635
3 2812 2811 2635
3 2807 2812 2635
3 2812 2807 2808
3 2644 2809 2638
3 2644 2813 2809
3 2814 2646 2810
3 2810 2646 2639
3 2810 2811 2815
3 2810 2815 2814
3 2650 2813 2644
3 2650 2816 2813
3 2817 2651 2652
3 2818 2817 2652
3 2818 2652 2646
3 2819 2818 2646
3 2814 2819 2646
3 2819 2814 2815
3 2654 2820 2655
3 2820 2656 2655
3 2657 2816 2650
3 2657 2821 2816
3 2822 2659 2817
3 2817 2659 2651
3 2817 2818 2823
3 2817 2823 2822
3 2662 2824 2820
3 2662 2820 2654
3 2824 2663 2656
3 2824 2656 2820
3 2826 2825 2666
3 2826 2666 2665
3 2657 2666 2821
3 2821 2666 2825
3 2828 2827 2822
3 2827 2659 2822
3 2827 2668 2659
3 2828 2822 2823
3 2670 2829 2671
3 2824 2662 2671
3 2829 2824 2671
3 2830 2824 2829
3 2831 2673 2663
3 2824 2831 2663
3 2830 2831 2824
3 2673 2831 2832
3 2833 2673 2832
3 2674 2673 2833
3 2665 2674 2826
3 2826 2674 2833
3 2834 2675 2676
3 2835 2834 2676
3 2668 2835 2676
3 2827 2835 2668
3 2678 2836 2679
3 2829 2670 2679
3 2836 2829 2679
3 2837 2829 2836
3 2839 2830 2838
3 2830 2837 2838
3 2830 2829 2837
3 2830 2839 2831
3 2831 2839 2840
3 2831 2840 2832
3 2841 2681 2834
3 2834 2681 2675
3 2834 2835 2842
3 2834 2842 2841
3 2683 2843 2836
3 2683 2836 2678
3 2845 2837 2844
3 2837 2843 2844
3 2837 2836 2843
3 2837 2845 2838
3 2847 2846 2841
3 2846 2681 2841
3 2846 2685 2681
3 2847 2841 2842
3 2687 2843 2683
3 2687 2689 2843
3 2689 2844 2843
3 2689 2848 2844
3 2849 2691 2692
3 2850 2849 2692
3 2685 2850 2692
3 2846 2850 2685
3 2851 2848 2689
3 2851 2689 2695
3 2695 2697 2851
3 2851 2697 2852
3 2853 2698 2849
3 2849 2698 2691
3 2849 2850 2854
3 2849 2854 2853
3 2702 2855 2703
3 2855 2856 2703
3 2856 2697 2703
3 2856 2852 2697
3 2857 2705 2853
3 2853 2705 2698
3 2853 2854 2858
3 2853 2858 2857
3 2708 2859 2709
3 2859 2860 2709
3 2709 2860 2702
3 2860 2861 2702
3 2861 2855 2702
3 2855 2861 2856
3 2862 2711 2857
3 2857 2711 2705
3 2857 2858 2863
3 2857 2863 2862
3 2713 2864 2859
3 2713 2859 2708
3 2860 2859 2865
3 2865 2859 2864
3 2866 2714 2862
3 2862 2714 2711
3 2862 2863 2867
3 2862 2867 2866
3 2715 2864 2713
3 2715 2716 2864
3 2716 2865 2864
3 2716 2868 2865
3 2866 2717 2714
3 2870 2869 2719
3 2870 2719 2717
3 2867 2870 2717
3 2866 2867 2717
3 2871 2869 2870
3 2720 2868 2716
3 2720 2872 2868
3 2873 2722 2869
3 2869 2722 2719
3 2869 2871 2874
3 2869 2874 2873
3 2724 2872 2720
3 2724 2875 2872
3 2876 2726 2873
3 2873 2726 2722
3 2873 2874 2877
3 2873 2877 2876
3 2880 2879 2878
3 2879 2875 2878
3 2875 2729 2878
3 2875 2724 2729
3 2876 2731 2726
3 2882 2881 2732
3 2882 2732 2731
3 2877 2882 2731
3 2876 2877 2731
3 2883 2881 2882
3 2734 2884 2733
3 2885 2880 2878
3 2733 2885 2878
3 2735 2733 2878
3 2885 2733 2884
3 2735 2878 2729
3 2886 2737 2881
3 2881 2737 2732
3 2881 2883 2887
3 2888 2881 2887
3 2886 2881 2888
3 2889 2888 2887
3 2892 2891 2890
3 2891 2893 2884
3 2738 2891 2884
3 2734 2738 2884
3 2890 2891 2738
3 2884 2893 2885
3 2886 2740 2737
3 2740 2886 2741
3 2886 2894 2741
3 2886 2888 2894
3 2888 2889 2895
3 2896 2888 2895
3 2894 2888 2896
3 2896 2895 2892
3 2890 2896 2892
3 2897 2896 2890
3 2743 2897 2738
3 2738 2897 2890
3 2894 2745 2741
3 2745 2894 2746
3 2894 2898 2746
3 2894 2896 2898
3 2899 2896 2897
3 2898 2896 2899
3 2747 2900 2743
3 2900 2897 2743
3 2900 2899 2897
3 2749 2900 2747
3 2898 2751 2746
3 2751 2898 2753
3 2898 2901 2753
3 2898 2899 2901
3 2902 2899 2900
3 2901 2899 2902
3 2755 2902 2749
3 2749 2902 2900
3 2901 2758 2753
3 2758 2901 2760
3 2760 2901 2902
3 2760 2902 2755
3 2903 2784 2785
3 2786 2904 2785
3 2785 2904 2903
3 2787 2904 2786
3 2905 2791 2792
3 2793 2906 2792
3 2792 2906 2905
3 2784 2903 2793
3 2903 2906 2793
3 2903 2907 2906
3 2908 2903 2904
3 2907 2903 2908
3 2794 2909 2787
3 2909 2904 2787
3 2909 2908 2904
3 2796 2909 2794
3 2910 2799 2800
3 2791 2905 2800
3 2905 2910 2800
3 2905 2911 2910
3 2912 2905 2906
3 2911 2905 2912
3 2907 2914 2913
3 2912 2907 2913
3 2906 2907 2912
3 2914 2907 2908
3 2914 2908 2915
3 2917 2916 2915
3 2908 2917 2915
3 2909 2917 2908
3 2801 2918 2796
3 2918 2909 2796
3 2918 2917 2909
3 2802 2918 2801
3 2919 2804 2805
3 2799 2910 2805
3 2910 2919 2805
3 2910 2920 2919
3 2911 2922 2921
3 2920 2911 2921
3 2910 2911 2920
3 2922 2911 2912
3 2922 2912 2923
3 2923 2912 2913
3 2924 2916 2917
3 2926 2925 2924
3 2917 2926 2924
3 2918 2926 2917
3 2806 2926 2802
3 2802 2926 2918
3 2927 2808 2919
3 2919 2808 2804
3 2920 2929 2928
3 2927 2920 2928
3 2919 2920 2927
3 2929 2920 2921
3 2925 2926 2930
3 2925 2930 2931
3 2809 2930 2806
3 2806 2930 2926
3 2932 2811 2812
3 2808 2927 2812
3 2927 2932 2812
3 2927 2933 2932
3 2927 2928 2934
3 2927 2934 2933
3 2931 2930 2935
3 2931 2935 2936
3 2813 2935 2809
3 2809 2935 2930
3 2937 2815 2932
3 2932 2815 2811
3 2933 2939 2938
3 2937 2933 2938
3 2932 2933 2937
3 2939 2933 2934
3 2936 2935 2940
3 2936 2940 2941
3 2816 2940 2813
3 2813 2940 2935
3 2942 2818 2819
3 2943 2942 2819
3 2943 2819 2815
3 2944 2943 2815
3 2937 2944 2815
3 2944 2937 2938
3 2941 2940 2945
3 2941 2945 2946
3 2821 2945 2816
3 2816 2945 2940
3 2947 2823 2942
3 2942 2823 2818
3 2942 2943 2948
3 2942 2948 2947
3 2946 2945 2825
3 2826 2946 2825
3 2949 2946 2826
3 2825 2945 2821
3 2950 2827 2828
3 2951 2950 2828
3 2951 2828 2823
3 2952 2951 2823
3 2947 2952 2823
3 2952 2947 2948
3 2954 2953 2833
3 2954 2833 2832
3 2826 2833 2949
3 2949 2833 2953
3 2955 2835 2950
3 2950 2835 2827
3 2950 2951 2956
3 2950 2956 2955
3 2838 2957 2839
3 2958 2840 2839
3 2958 2839 2957
3 2958 2959 2840
3 2959 2832 2840
3 2959 2954 2832
3 2960 2842 2955
3 2955 2842 2835
3 2955 2956 2961
3 2955 2961 2960
3 2844 2962 2845
3 2957 2838 2845
3 2962 2957 2845
3 2963 2957 2962
3 2965 2958 2964
3 2958 2963 2964
3 2958 2957 2963
3 2958 2965 2959
3 2966 2846 2847
3 2967 2966 2847
3 2967 2847 2842
3 2968 2967 2842
3 2960 2968 2842
3 2968 2960 2961
3 2848 2969 2962
3 2848 2962 2844
3 2962 2970 2963
3 2962 2969 2970
3 2964 2963 2971
3 2971 2963 2970
3 2972 2850 2966
3 2966 2850 2846
3 2966 2967 2973
3 2966 2973 2972
3 2851 2969 2848
3 2970 2969 2974
3 2969 2852 2974
3 2852 2975 2974
3 2852 2969 2851
3 2970 2974 2971
3 2976 2854 2972
3 2972 2854 2850
3 2972 2973 2977
3 2972 2977 2976
3 2856 2975 2852
3 2856 2978 2975
3 2979 2858 2976
3 2976 2858 2854
3 2976 2977 2980
3 2976 2980 2979
3 2860 2981 2861
3 2981 2982 2861
3 2982 2856 2861
3 2982 2978 2856
3 2983 2863 2979
3 2979 2863 2858
3 2979 2980 2984
3 2979 2984 2983
3 2986 2985 2981
3 2860 2986 2981
3 2865 2986 2860
3 2981 2985 2982
3 2987 2867 2983
3 2983 2867 2863
3 2983 2984 2988
3 2983 2988 2987
3 2868 2986 2865
3 2868 2989 2986
3 2987 2870 2867
3 2991 2990 2871
3 2991 2871 2870
3 2988 2991 2870
3 2987 2988 2870
3 2992 2990 2991
3 2872 2989 2868
3 2872 2993 2989
3 2994 2874 2990
3 2990 2874 2871
3 2990 2992 2995
3 2990 2995 2994
3 2998 2997 2996
3 2997 2993 2996
3 2993 2875 2996
3 2993 2872 2875
3 2999 2877 2994
3 2994 2877 2874
3 2994 2995 3000
3 3001 2994 3000
3 2999 2994 3001
3 3002 3001 3000
3 2998 2996 2879
3 2880 2998 2879
3 3003 2998 2880
3 2879 2996 2875
3 2999 2882 2877
3 2882 2999 2883
3 2999 3004 2883
3 2999 3001 3004
3 3001 3002 3005
3 3006 3001 3005
3 3004 3001 3006
3 3008 3007 3006
3 3008 3006 3005
3 3009 3007 3008
3 2885 3003 2880
3 2885 3010 3003
3 3004 2887 2883
3 2887 3004 2889
3 3004 3011 2889
3 3004 3006 3011
3 2892 3011 2891
3 3011 3007 2891
3 3011 3006 3007
3 3009 3012 3007
3 3012 2891 3007
3 3012 2893 2891
3 2885 2893 3010
3 3010 2893 3012
3 3011 2895 2889
3 2895 3011 2892
3 3013 2913 2914
3 2915 3014 2914
3 2914 3014 3013
3 2916 3014 2915
3 3015 2921 2922
3 2923 3016 2922
3 2922 3016 3015
3 2913 3013 2923
3 3013 3016 2923
3 3013 3017 3016
3 3018 3013 3014
3 3017 3013 3018
3 2924 3019 2916
3 3019 3014 2916
3 3019 3018 3014
3 2925 3019 2924
3 3020 2928 2929
3 2921 3015 2929
3 3015 3020 2929
3 3015 3021 3020
3 3016 3023 3022
3 3021 3016 3022
3 3015 3016 3021
3 3023 3016 3017
3 3023 3017 3024
3 3024 3017 3018
3 3024 3018 3025
3 3027 3026 3025
3 3018 3027 3025
3 3019 3027 3018
3 2931 3027 2925
3 2925 3027 3019
3 3028 2934 3020
3 3020 2934 2928
3 3021 3030 3029
3 3028 3021 3029
3 3020 3021 3028
3 3030 3021 3022
3 3031 3026 3027
3 3027 2931 3031
3 2931 3032 3031
3 2931 2936 3032
3 3033 2938 2939
3 2934 3028 2939
3 3028 3033 2939
3 3028 3034 3033
3 3028 3029 3035
3 3028 3035 3034
3 2941 3032 2936
3 2941 3036 3032
3 3037 2943 2944
3 2938 3033 2944
3 3033 3037 2944
3 3033 3038 3037
3 3034 3040 3039
3 3038 3034 3039
3 3033 3034 3038
3 3040 3034 3035
3 2946 3036 2941
3 2946 3041 3036
3 3042 2948 3037
3 3037 2948 2943
3 3038 3044 3043
3 3042 3038 3043
3 3037 3038 3042
3 3044 3038 3039
3 2949 3041 2946
3 2949 3045 3041
3 3046 2951 2952
3 2948 3042 2952
3 3042 3046 2952
3 3042 3047 3046
3 3042 3043 3048
3 3042 3048 3047
3 2954 3049 2953
3 3049 3050 2953
3 3050 2949 2953
3 3050 3045 2949
3 3051 2956 3046
3 3046 2956 2951
3 3047 3053 3052
3 3051 3047 3052
3 3046 3047 3051
3 3053 3047 3048
3 3055 3054 3049
3 2954 3055 3049
3 2959 3055 2954
3 3049 3054 3050
3 3056 2961 3051
3 3051 2961 2956
3 3051 3052 3057
3 3051 3057 3056
3 3059 3058 2965
3 3059 2965 2964
3 2959 2965 3055
3 3055 2965 3058
3 3060 2967 2968
3 2961 3056 2968
3 3056 3060 2968
3 3056 3061 3060
3 3056 3057 3062
3 3056 3062 3061
3 2971 3059 2964
3 2971 3063 3059
3 3064 2973 3060
3 3060 2973 2967
3 3061 3066 3065
3 3064 3061 3065
3 3060 3061 3064
3 3066 3061 3062
3 3068 3067 2974
3 3068 2974 2975
3 2971 2974 3063
3 3063 2974 3067
3 3069 2977 3064
3 3064 2977 2973
3 3064 3065 3070
3 3064 3070 3069
3 2978 3068 2975
3 2978 3071 3068
3 3072 2980 3069
3 3069 2980 2977
3 3069 3070 3073
3 3069 3073 3072
3 2982 3071 2978
3 2982 3074 3071
3 3075 2984 3072
3 3072 2984 2980
3 3072 3073 3076
3 3077 3072 3076
3 3075 3072 3077
3 3078 3077 3076
3 3080 3079 2985
3 3080 2985 2986
3 2982 2985 3074
3 3074 2985 3079
3 3081 2988 3075
3 3075 2988 2984
3 3082 3075 3077
3 3081 3075 3082
3 3077 3078 3083
3 3077 3083 3082
3 2989 3080 2986
3 2989 3084 3080
3 3081 2991 2988
3 2991 3081 2992
3 3081 3085 2992
3 3081 3082 3085
3 3082 3083 3086
3 3082 3086 3085
3 3089 3088 3087
3 3088 3084 3087
3 3084 2993 3087
3 3084 2989 2993
3 3090 2995 3085
3 3085 2995 2992
3 3085 3086 3091
3 3092 3085 3091
3 3090 3085 3092
3 3093 3092 3091
3 3089 3087 2997
3 2998 3089 2997
3 3094 3089 2998
3 2997 3087 2993
3 3090 3000 2995
3 3000 3090 3002
3 3090 3095 3002
3 3090 3092 3095
3 3092 3093 3096
3 3097 3092 3096
3 3095 3092 3097
3 3098 3097 3096
3 3003 3094 2998
3 3003 3099 3094
3 3095 3005 3002
3 3005 3095 3008
3 3008 3095 3097
3 3101 3100 3009
3 3101 3009 3008
3 3098 3101 3008
3 3097 3098 3008
3 3101 3099 3100
3 3099 3010 3100
3 3099 3003 3010
3 3100 3012 3009
3 3012 3100 3010
3 3102 3022 3023
3 3024 3103 3023
3 3023 3103 3102
3 3025 3104 3024
3 3024 3104 3103
3 3026 3104 3025
3 3105 3029 3030
3 3022 3102 3030
3 3102 3105 3030
3 3102 3106 3105
3 3107 3102 3103
3 3106 3102 3107
3 3108 3103 3104
3 3107 3103 3108
3 3031 3109 3026
3 3109 3104 3026
3 3109 3108 3104
3 3032 3109 3031
3 3110 3035 3105
3 3105 3035 3029
3 3111 3105 3106
3 3110 3105 3111
3 3107 3113 3112
3 3111 3107 3112
3 3106 3107 3111
3 3115 3114 3113
3 3107 3115 3113
3 3108 3115 3107
3 3116 3108 3109
3 3115 3108 3116
3 3036 3116 3032
3 3032 3116 3109
3 3117 3039 3040
3 3035 3110 3040
3 3110 3117 3040
3 3110 3118 3117
3 3111 3120 3119
3 3118 3111 3119
3 3110 3111 3118
3 3120 3111 3112
3 3121 3114 3115
3 3123 3122 3121
3 3115 3123 3121
3 3116 3123 3115
3 3041 3123 3036
3 3036 3123 3116
3 3124 3043 3044
3 3039 3117 3044
3 3117 3124 3044
3 3117 3125 3124
3 3118 3127 3126
3 3125 3118 3126
3 3117 3118 3125
3 3127 3118 3119
3 3122 3123 3128
3 3122 3128 3129
3 3045 3128 3041
3 3041 3128 3123
3 3130 3048 3124
3 3124 3048 3043
3 3125 3132 3131
3 3130 3125 3131
3 3124 3125 3130
3 3132 3125 3126
3 3129 3128 3133
3 3129 3133 3134
3 3050 3133 3045
3 3045 3133 3128
3 3135 3052 3053
3 3048 3130 3053
3 3130 3135 3053
3 3130 3136 3135
3 3130 3131 3137
3 3130 3137 3136
3 3134 3133 3054
3 3055 3134 3054
3 3138 3134 3055
3 3054 3133 3050
3 3139 3057 3135
3 3135 3057 3052
3 3136 3141 3140
3 3139 3136 3140
3 3135 3136 3139
3 3141 3136 3137
3 3059 3142 3058
3 3142 3143 3058
3 3143 3055 3058
3 3143 3138 3055
3 3144 3062 3139
3 3139 3062 3057
3 3139 3140 3145
3 3139 3145 3144
3 3147 3146 3142
3 3059 3147 3142
3 3063 3147 3059
3 3142 3146 3143
3 3148 3065 3066
3 3062 3144 3066
3 3144 3148 3066
3 3144 3149 3148
3 3144 3145 3150
3 3144 3150 3149
3 3068 3151 3067
3 3151 3152 3067
3 3152 3063 3067
3 3152 3147 3063
3 3153 3070 3148
3 3148 3070 3065
3 3154 3148 3149
3 3153 3148 3154
3 3149 3150 3155
3 3149 3155 3154
3 3157 3156 3151
3 3068 3157 3151
3 3071 3157 3068
3 3151 3156 3152
3 3158 3073 3153
3 3153 3073 3070
3 3159 3153 3154
3 3158 3153 3159
3 3154 3155 3160
3 3154 3160 3159
3 3074 3157 3071
3 3074 3161 3157
3 3158 3076 3073
3 3076 3158 3078
3 3158 3162 3078
3 3158 3159 3162
3 3159 3160 3163
3 3159 3163 3162
3 3165 3164 3079
3 3165 3079 3080
3 3074 3079 3161
3 3161 3079 3164
3 3166 3083 3162
3 3162 3083 3078
3 3162 3163 3167
3 3168 3162 3167
3 3166 3162 3168
3 3169 3168 3167
3 3084 3165 3080
3 3084 3170 3165
3 3171 3086 3166
3 3166 3086 3083
3 3172 3166 3168
3 3171 3166 3172
3 3168 3169 3173
3 3174 3168 3173
3 3172 3168 3174
3 3088 3089 3174
3 3173 3088 3174
3 3175 3088 3173
3 3084 3088 3170
3 3170 3088 3175
3 3171 3091 3086
3 3091 3171 3093
3 3171 3176 3093
3 3171 3172 3176
3 3177 3172 3174
3 3176 3172 3177
3 3094 3177 3089
3 3089 3177 3174
3 3176 3096 3093
3 3096 3176 3098
3 3176 3178 3098
3 3176 3177 3178
3 3099 3178 3094
3 3094 3178 3177
3 3178 3101 3098
3 3101 3178 3099
3 3179 3112 3113
3 3114 3179 3113
3 3180 3119 3120
3 3112 3179 3120
3 3179 3180 3120
3 3179 3181 3180
3 3121 3182 3114
3 3182 3179 3114
3 3182 3181 3179
3 3122 3182 3121
3 3183 3126 3127
3 3119 3180 3127
3 3180 3183 3127
3 3180 3184 3183
3 3185 3180 3181
3 3184 3180 3185
3 3186 3181 3182
3 3185 3181 3186
3 3129 3186 3122
3 3122 3186 3182
3 3187 3131 3132
3 3126 3183 3132
3 3183 3187 3132
3 3183 3188 3187
3 3189 3183 3184
3 3188 3183 3189
3 3190 3184 3185
3 3189 3184 3190
3 3191 3185 3186
3 3190 3185 3191
3 3134 3191 3129
3 3129 3191 3186
3 3192 3137 3187
3 3187 3137 3131
3 3193 3187 3188
3 3192 3187 3193
3 3189 3195 3194
3 3193 3189 3194
3 3188 3189 3193
3 3195 3189 3190
3 3195 3190 3196
3 3198 3197 3196
3 3190 3198 3196
3 3191 3198 3190
3 3138 3198 3134
3 3134 3198 3191
3 3199 3140 3141
3 3137 3192 3141
3 3192 3199 3141
3 3192 3200 3199
3 3201 3192 3193
3 3200 3192 3201
3 3193 3194 3202
3 3193 3202 3201
3 3203 3197 3198
3 3198 3138 3203
3 3138 3204 3203
3 3138 3143 3204
3 3205 3145 3199
3 3199 3145 3140
3 3206 3199 3200
3 3205 3199 3206
3 3201 3208 3207
3 3206 3201 3207
3 3200 3201 3206
3 3208 3201 3202
3 3210 3209 3146
3 3210 3146 3147
3 3143 3146 3204
3 3204 3146 3209
3 3211 3150 3205
3 3205 3150 3145
3 3212 3205 3206
3 3211 3205 3212
3 3206 3207 3213
3 3206 3213 3212
3 3152 3210 3147
3 3152 3214 3210
3 3215 3155 3211
3 3211 3155 3150
3 3216 3211 3212
3 3215 3211 3216
3 3212 3213 3217
3 3212 3217 3216
3 3219 3218 3156
3 3219 3156 3157
3 3152 3156 3214
3 3214 3156 3218
3 3220 3160 3215
3 3215 3160 3155
3 3221 3215 3216
3 3220 3215 3221
3 3216 3217 3222
3 3223 3216 3222
3 3221 3216 3223
3 3224 3223 3222
3 3161 3219 3157
3 3161 3225 3219
3 3226 3163 3220
3 3220 3163 3160
3 3227 3220 3221
3 3226 3220 3227
3 3228 3221 3223
3 3227 3221 3228
3 3229 3164 3165
3 3223 3229 3165
3 3228 3223 3165
3 3229 3223 3224
3 3161 3164 3225
3 3225 3164 3229
3 3226 3167 3163
3 3167 3226 3169
3 3226 3230 3169
3 3226 3227 3230
3 3231 3227 3228
3 3230 3227 3231
3 3170 3231 3165
3 3165 3231 3228
3 3230 3173 3169
3 3173 3230 3175
3 3175 3230 3231
3 3175 3231 3170
3 3232 3194 3195
3 3196 3233 3195
3 3195 3233 3232
3 3197 3233 3196
3 3234 3202 3232
3 3232 3202 3194
3 3235 3232 3233
3 3234 3232 3235
3 3203 3236 3197
3 3236 3233 3197
3 3236 3235 3233
3 3204 3236 3203
3 3237 3207 3208
3 3202 3234 3208
3 3234 3237 3208
3 3234 3238 3237
3 3239 3234 3235
3 3238 3234 3239
3 3210 3239 3209
3 3239 3236 3209
3 3239 3235 3236
3 3209 3236 3204
3 3240 3213 3237
3 3237 3213 3207
3 3241 3237 3238
3 3240 3237 3241
3 3242 3238 3239
3 3241 3238 3242
3 3214 3242 3210
3 3210 3242 3239
3 3243 3217 3240
3 3240 3217 3213
3 3244 3240 3241
3 3243 3240 3244
3 3219 3244 3218
3 3244 3242 3218
3 3244 3241 3242
3 3218 3242 3214
3 3243 3222 3217
3 3222 3243 3224
3 3243 3245 3224
3 3243 3244 3245
3 3225 3245 3219
3 3219 3245 3244
3 3245 3229 3224
3 3229 3245 3225
