ply
format ascii 1.0
element vertex 4365
property float x
property float y
property float z
element face 8730
property list uchar int vertex_indices
end_header
0.50000 -33.00000 44.00000
0.00000 -33.00000 43.50000
0.00000 -33.50000 44.00000
0.00000 -33.50000 45.00000
0.50000 -33.00000 45.00000
0.00000 -33.00000 45.50000
0.50000 -32.00000 28.00000
0.00000 -32.00000 27.50000
0.00000 -32.50000 28.00000
0.00000 -32.00000 28.50000
0.50000 -32.00000 43.00000
0.00000 -32.00000 42.50000
0.00000 -32.50000 43.00000
0.50000 -32.00000 44.00000
0.50000 -32.00000 45.00000
0.00000 -32.00000 45.50000
0.50000 -31.00000 28.00000
0.00000 -31.00000 27.50000
0.00000 -31.00000 28.50000
0.50000 -31.00000 42.00000
0.00000 -31.00000 41.50000
0.00000 -31.50000 42.00000
0.50000 -31.00000 43.00000
0.50000 -31.00000 44.00000
0.00000 -31.00000 44.50000
0.00000 -31.50000 45.00000
0.50000 -30.00000 28.00000
0.00000 -30.00000 27.50000
0.00000 -30.00000 28.50000
0.50000 -30.00000 42.00000
0.00000 -30.00000 41.50000
0.50000 -30.00000 43.00000
0.50000 -30.00000 44.00000
0.00000 -30.00000 44.50000
0.50000 -29.00000 28.00000
0.00000 -29.00000 27.50000
0.00000 -29.00000 28.50000
0.50000 -29.00000 41.00000
0.00000 -29.00000 40.50000
0.00000 -29.50000 41.00000
0.50000 -29.00000 42.00000
0.50000 -29.00000 43.00000
0.50000 -29.00000 44.00000
0.00000 -29.00000 44.50000
0.50000 -28.00000 28.00000
0.00000 -28.00000 27.50000
0.00000 -28.50000 29.00000
0.50000 -28.00000 29.00000
0.00000 -28.50000 30.00000
0.50000 -28.00000 30.00000
0.00000 -28.00000 30.50000
0.50000 -28.00000 41.00000
0.00000 -28.00000 40.50000
0.50000 -28.00000 42.00000
0.50000 -28.00000 43.00000
0.00000 -28.00000 43.50000
0.00000 -28.50000 44.00000
0.00000 -27.50000 28.00000
0.50000 -27.00000 29.00000
0.00000 -27.00000 28.50000
0.50000 -27.00000 30.00000
0.00000 -27.00000 30.50000
0.50000 -27.00000 41.00000
0.00000 -27.00000 40.50000
0.50000 -27.00000 42.00000
0.50000 -27.00000 43.00000
0.00000 -27.00000 43.50000
0.00000 -26.50000 29.00000
0.50000 -26.00000 30.00000
0.00000 -26.00000 29.50000
0.00000 -26.00000 30.50000
0.50000 -26.00000 41.00000
0.00000 -26.00000 40.50000
0.50000 -26.00000 42.00000
0.50000 -26.00000 43.00000
0.00000 -26.00000 43.50000
0.00000 -25.50000 30.00000
0.50000 -25.00000 40.00000
0.00000 -25.00000 39.50000
0.00000 -25.50000 40.00000
0.50000 -25.00000 41.00000
0.50000 -25.00000 42.00000
0.50000 -25.00000 43.00000
0.00000 -25.00000 43.50000
0.50000 -24.00000 40.00000
0.00000 -24.00000 39.50000
0.50000 -24.00000 41.00000
0.50000 -24.00000 42.00000
0.50000 -24.00000 43.00000
0.00000 -24.00000 43.50000
0.50000 -23.00000 40.00000
0.00000 -23.00000 39.50000
0.50000 -23.00000 41.00000
0.50000 -23.00000 42.00000
0.00000 -23.00000 42.50000
0.00000 -23.50000 43.00000
0.50000 -22.00000 29.00000
0.00000 -22.00000 28.50000
0.00000 -22.50000 29.00000
0.00000 -22.00000 29.50000
0.50000 -22.00000 40.00000
0.00000 -22.00000 39.50000
0.50000 -22.00000 41.00000
0.50000 -22.00000 42.00000
0.00000 -22.00000 42.50000
0.50000 -21.00000 29.00000
0.00000 -21.00000 28.50000
0.00000 -21.50000 30.00000
0.50000 -21.00000 30.00000
0.00000 -21.00000 30.50000
0.00000 -21.50000 40.00000
0.50000 -21.00000 41.00000
0.00000 -21.00000 40.50000
0.50000 -21.00000 42.00000
0.00000 -21.00000 42.50000
0.50000 -20.00000 29.00000
0.00000 -20.00000 28.50000
0.50000 -20.00000 30.00000
0.00000 -20.00000 30.50000
0.50000 -20.00000 40.00000
0.00000 -20.00000 39.50000
0.00000 -20.50000 40.00000
0.50000 -20.00000 41.00000
0.50000 -20.00000 42.00000
0.00000 -20.00000 42.50000
0.50000 -19.00000 29.00000
0.00000 -19.00000 28.50000
0.50000 -19.00000 30.00000
0.00000 -19.00000 30.50000
0.50000 -19.00000 40.00000
0.00000 -19.00000 39.50000
0.50000 -19.00000 41.00000
0.50000 -19.00000 42.00000
0.00000 -19.50000 43.00000
0.50000 -19.00000 43.00000
0.00000 -19.00000 43.50000
0.50000 -18.00000 29.00000
0.00000 -18.00000 28.50000
0.50000 -18.00000 30.00000
0.00000 -18.00000 30.50000
0.50000 -18.00000 40.00000
0.00000 -18.00000 39.50000
0.50000 -18.00000 41.00000
0.50000 -18.00000 42.00000
0.50000 -18.00000 43.00000
0.00000 -18.00000 43.50000
0.00000 -17.50000 29.00000
0.50000 -17.00000 30.00000
0.00000 -17.00000 29.50000
0.00000 -17.00000 30.50000
0.50000 -17.00000 40.00000
0.00000 -17.00000 39.50000
0.50000 -17.00000 41.00000
0.50000 -17.00000 42.00000
0.50000 -17.00000 43.00000
0.00000 -17.00000 43.50000
0.50000 -16.00000 30.00000
0.00000 -16.00000 29.50000
0.00000 -16.00000 30.50000
0.50000 -16.00000 40.00000
0.00000 -16.00000 39.50000
0.50000 -16.00000 41.00000
0.50000 -16.00000 42.00000
0.50000 -16.00000 43.00000
0.00000 -16.00000 43.50000
0.00000 -15.50000 30.00000
0.50000 -15.00000 40.00000
0.00000 -15.00000 39.50000
0.50000 -15.00000 41.00000
0.50000 -15.00000 42.00000
0.00000 -15.00000 42.50000
0.00000 -15.50000 43.00000
0.50000 -14.00000 32.00000
0.00000 -14.00000 31.50000
0.00000 -14.50000 32.00000
0.00000 -14.00000 32.50000
0.50000 -14.00000 40.00000
0.00000 -14.00000 39.50000
0.50000 -14.00000 41.00000
0.00000 -14.00000 41.50000
0.00000 -14.50000 42.00000
0.50000 -13.00000 32.00000
0.00000 -13.00000 31.50000
0.00000 -13.50000 33.00000
0.50000 -13.00000 33.00000
0.00000 -13.00000 33.50000
0.00000 -13.50000 40.00000
0.00000 -13.50000 41.00000
0.50000 -12.00000 32.00000
0.00000 -12.00000 31.50000
0.50000 -12.00000 33.00000
0.00000 -12.00000 33.50000
0.00000 -11.50000 32.00000
0.50000 -11.00000 33.00000
0.00000 -11.00000 32.50000
0.00000 -11.00000 33.50000
0.50000 -10.00000 33.00000
0.00000 -10.00000 32.50000
0.00000 -10.00000 33.50000
0.50000 -9.00000 33.00000
0.00000 -9.00000 32.50000
0.00000 -9.00000 33.50000
0.50000 -9.00000 42.00000
0.00000 -9.00000 41.50000
0.00000 -9.50000 42.00000
0.00000 -9.50000 43.00000
0.50000 -9.00000 43.00000
0.00000 -9.00000 43.50000
0.50000 -8.00000 33.00000
0.00000 -8.00000 32.50000
0.00000 -8.00000 33.50000
0.50000 -8.00000 42.00000
0.00000 -8.00000 41.50000
0.50000 -8.00000 43.00000
0.00000 -8.00000 43.50000
0.50000 -7.00000 33.00000
0.00000 -7.00000 32.50000
0.00000 -7.00000 33.50000
0.50000 -7.00000 41.00000
0.00000 -7.00000 40.50000
0.00000 -7.50000 41.00000
0.50000 -7.00000 42.00000
0.50000 -7.00000 43.00000
0.00000 -7.00000 43.50000
0.00000 -6.50000 33.00000
0.00000 -6.50000 41.00000
0.50000 -6.00000 42.00000
0.00000 -6.00000 41.50000
0.50000 -6.00000 43.00000
0.00000 -6.00000 43.50000
0.50000 -5.00000 42.00000
0.00000 -5.00000 41.50000
0.00000 -5.00000 42.50000
0.00000 -5.50000 43.00000
0.50000 -4.00000 42.00000
0.00000 -4.00000 41.50000
0.00000 -4.00000 42.50000
0.00000 -3.50000 42.00000
-0.50000 -39.00000 47.00000
-1.00000 -39.00000 46.50000
-1.00000 -39.50000 47.00000
-1.00000 -39.00000 47.50000
-0.50000 -38.00000 46.00000
-1.00000 -38.00000 45.50000
-1.00000 -38.50000 46.00000
-0.50000 -38.00000 47.00000
-1.00000 -38.00000 47.50000
-0.50000 -37.00000 46.00000
-1.00000 -37.00000 45.50000
-0.50000 -37.00000 47.00000
-1.00000 -37.00000 47.50000
-0.50000 -36.00000 45.00000
-1.00000 -36.00000 44.50000
-1.00000 -36.50000 45.00000
-0.50000 -36.00000 46.00000
-0.50000 -36.00000 47.00000
-1.00000 -36.00000 47.50000
-0.50000 -35.00000 39.00000
-1.00000 -35.00000 38.50000
-1.00000 -35.50000 39.00000
-1.00000 -35.50000 40.00000
-0.50000 -35.00000 40.00000
-1.00000 -35.50000 41.00000
-0.50000 -35.00000 41.00000
-1.00000 -35.50000 42.00000
-0.50000 -35.00000 42.00000
-1.00000 -35.50000 43.00000
-0.50000 -35.00000 43.00000
-1.00000 -35.50000 44.00000
-0.50000 -35.00000 44.00000
-0.50000 -35.00000 45.00000
-0.50000 -35.00000 46.00000
-0.50000 -35.00000 47.00000
-1.00000 -35.00000 47.50000
-0.50000 -34.00000 38.00000
-1.00000 -34.00000 37.50000
-1.00000 -34.50000 38.00000
-0.50000 -34.00000 39.00000
-0.50000 -34.00000 40.00000
-0.50000 -34.00000 41.00000
-0.50000 -34.00000 42.00000
-0.50000 -34.00000 43.00000
-0.50000 -34.00000 44.00000
-0.50000 -34.00000 45.00000
-0.50000 -34.00000 46.00000
-0.50000 -34.00000 47.00000
-1.00000 -34.00000 47.50000
-0.50000 -33.00000 33.00000
-1.00000 -33.00000 32.50000
-1.00000 -33.50000 33.00000
-1.00000 -33.00000 33.50000
-0.50000 -33.00000 37.00000
-1.00000 -33.00000 36.50000
-1.00000 -33.50000 37.00000
-0.50000 -33.00000 38.00000
-0.50000 -33.00000 39.00000
-0.50000 -33.00000 40.00000
-0.50000 -33.00000 41.00000
-0.50000 -33.00000 42.00000
-0.50000 -33.00000 43.00000
-0.50000 -33.00000 46.00000
-1.00000 -33.00000 46.50000
-1.00000 -33.50000 47.00000
-1.00000 -32.00000 27.50000
-1.00000 -32.50000 28.00000
-1.00000 -32.50000 29.00000
-0.50000 -32.00000 29.00000
-1.00000 -32.50000 30.00000
-0.50000 -32.00000 30.00000
-1.00000 -32.50000 31.00000
-0.50000 -32.00000 31.00000
-1.00000 -32.50000 32.00000
-0.50000 -32.00000 32.00000
-0.50000 -32.00000 33.00000
-1.00000 -32.00000 33.50000
-0.50000 -32.00000 36.00000
-1.00000 -32.00000 35.50000
-1.00000 -32.50000 36.00000
-0.50000 -32.00000 37.00000
-0.50000 -32.00000 38.00000
-0.50000 -32.00000 39.00000
-0.50000 -32.00000 40.00000
-0.50000 -32.00000 41.00000
-0.50000 -32.00000 42.00000
-0.50000 -32.00000 46.00000
-1.00000 -32.00000 46.50000
-0.50000 -31.00000 27.00000
-1.00000 -31.00000 26.50000
-1.00000 -31.50000 27.00000
-0.50000 -31.00000 29.00000
-0.50000 -31.00000 30.00000
-0.50000 -31.00000 31.00000
-0.50000 -31.00000 32.00000
-0.50000 -31.00000 33.00000
-1.00000 -31.00000 33.50000
-0.50000 -31.00000 36.00000
-1.00000 -31.00000 35.50000
-0.50000 -31.00000 37.00000
-0.50000 -31.00000 38.00000
-0.50000 -31.00000 39.00000
-0.50000 -31.00000 40.00000
-0.50000 -31.00000 41.00000
-0.50000 -31.00000 45.00000
-1.00000 -31.00000 45.50000
-1.00000 -31.50000 46.00000
-0.50000 -30.00000 27.00000
-1.00000 -30.00000 26.50000
-0.50000 -30.00000 29.00000
-0.50000 -30.00000 30.00000
-0.50000 -30.00000 31.00000
-0.50000 -30.00000 32.00000
-0.50000 -30.00000 33.00000
-1.00000 -30.50000 34.00000
-0.50000 -30.00000 34.00000
-1.00000 -30.50000 35.00000
-0.50000 -30.00000 35.00000
-0.50000 -30.00000 36.00000
-0.50000 -30.00000 37.00000
-0.50000 -30.00000 38.00000
-0.50000 -30.00000 39.00000
-0.50000 -30.00000 40.00000
-0.50000 -30.00000 41.00000
-0.50000 -30.00000 45.00000
-1.00000 -30.00000 45.50000
-0.50000 -29.00000 27.00000
-1.00000 -29.00000 26.50000
-0.50000 -29.00000 29.00000
-0.50000 -29.00000 30.00000
-0.50000 -29.00000 31.00000
-0.50000 -29.00000 32.00000
-0.50000 -29.00000 33.00000
-0.50000 -29.00000 34.00000
-0.50000 -29.00000 35.00000
-0.50000 -29.00000 36.00000
-0.50000 -29.00000 37.00000
-0.50000 -29.00000 38.00000
-0.50000 -29.00000 39.00000
-0.50000 -29.00000 40.00000
-0.50000 -29.00000 45.00000
-1.00000 -29.00000 45.50000
-0.50000 -28.00000 27.00000
-1.00000 -28.00000 26.50000
-0.50000 -28.00000 31.00000
-0.50000 -28.00000 32.00000
-0.50000 -28.00000 33.00000
-0.50000 -28.00000 34.00000
-0.50000 -28.00000 35.00000
-0.50000 -28.00000 36.00000
-0.50000 -28.00000 37.00000
-0.50000 -28.00000 38.00000
-0.50000 -28.00000 39.00000
-0.50000 -28.00000 40.00000
-0.50000 -28.00000 44.00000
-0.50000 -28.00000 45.00000
-1.00000 -28.00000 45.50000
-0.50000 -27.00000 27.00000
-1.00000 -27.00000 26.50000
-0.50000 -27.00000 28.00000
-0.50000 -27.00000 31.00000
-0.50000 -27.00000 32.00000
-0.50000 -27.00000 33.00000
-0.50000 -27.00000 34.00000
-0.50000 -27.00000 35.00000
-0.50000 -27.00000 36.00000
-0.50000 -27.00000 37.00000
-0.50000 -27.00000 38.00000
-0.50000 -27.00000 39.00000
-0.50000 -27.00000 40.00000
-0.50000 -27.00000 44.00000
-1.00000 -27.00000 44.50000
-1.00000 -27.50000 45.00000
-0.50000 -26.00000 27.00000
-1.00000 -26.00000 26.50000
-0.50000 -26.00000 28.00000
-0.50000 -26.00000 29.00000
-0.50000 -26.00000 31.00000
-0.50000 -26.00000 32.00000
-0.50000 -26.00000 33.00000
-0.50000 -26.00000 34.00000
-0.50000 -26.00000 35.00000
-0.50000 -26.00000 36.00000
-0.50000 -26.00000 37.00000
-0.50000 -26.00000 38.00000
-0.50000 -26.00000 39.00000
-0.50000 -26.00000 40.00000
-0.50000 -26.00000 44.00000
-1.00000 -26.00000 44.50000
-0.50000 -25.00000 27.00000
-1.00000 -25.00000 26.50000
-0.50000 -25.00000 28.00000
-0.50000 -25.00000 29.00000
-0.50000 -25.00000 30.00000
-0.50000 -25.00000 31.00000
-0.50000 -25.00000 32.00000
-0.50000 -25.00000 33.00000
-0.50000 -25.00000 34.00000
-0.50000 -25.00000 35.00000
-0.50000 -25.00000 36.00000
-0.50000 -25.00000 37.00000
-0.50000 -25.00000 38.00000
-0.50000 -25.00000 39.00000
-0.50000 -25.00000 44.00000
-1.00000 -25.00000 44.50000
-0.50000 -24.00000 27.00000
-1.00000 -24.00000 26.50000
-0.50000 -24.00000 28.00000
-0.50000 -24.00000 29.00000
-0.50000 -24.00000 30.00000
-0.50000 -24.00000 31.00000
-0.50000 -24.00000 32.00000
-0.50000 -24.00000 33.00000
-0.50000 -24.00000 34.00000
-0.50000 -24.00000 35.00000
-0.50000 -24.00000 36.00000
-0.50000 -24.00000 37.00000
-0.50000 -24.00000 38.00000
-0.50000 -24.00000 39.00000
-0.50000 -24.00000 44.00000
-1.00000 -24.00000 44.50000
-0.50000 -23.00000 27.00000
-1.00000 -23.00000 26.50000
-0.50000 -23.00000 28.00000
-0.50000 -23.00000 29.00000
-0.50000 -23.00000 30.00000
-0.50000 -23.00000 31.00000
-0.50000 -23.00000 32.00000
-0.50000 -23.00000 33.00000
-0.50000 -23.00000 34.00000
-0.50000 -23.00000 35.00000
-0.50000 -23.00000 36.00000
-0.50000 -23.00000 37.00000
-0.50000 -23.00000 38.00000
-0.50000 -23.00000 39.00000
-0.50000 -23.00000 43.00000
-1.00000 -23.00000 43.50000
-1.00000 -23.50000 44.00000
-0.50000 -22.00000 27.00000
-1.00000 -22.00000 26.50000
-0.50000 -22.00000 28.00000
-0.50000 -22.00000 30.00000
-0.50000 -22.00000 31.00000
-0.50000 -22.00000 32.00000
-0.50000 -22.00000 33.00000
-0.50000 -22.00000 34.00000
-0.50000 -22.00000 35.00000
-0.50000 -22.00000 36.00000
-0.50000 -22.00000 37.00000
-0.50000 -22.00000 38.00000
-0.50000 -22.00000 39.00000
-0.50000 -22.00000 43.00000
-1.00000 -22.00000 43.50000
-0.50000 -21.00000 27.00000
-1.00000 -21.00000 26.50000
-0.50000 -21.00000 28.00000
-0.50000 -21.00000 31.00000
-0.50000 -21.00000 32.00000
-0.50000 -21.00000 33.00000
-0.50000 -21.00000 34.00000
-0.50000 -21.00000 35.00000
-0.50000 -21.00000 36.00000
-0.50000 -21.00000 37.00000
-0.50000 -21.00000 38.00000
-0.50000 -21.00000 39.00000
-0.50000 -21.00000 40.00000
-0.50000 -21.00000 43.00000
-1.00000 -21.00000 43.50000
-0.50000 -20.00000 26.00000
-1.00000 -20.00000 25.50000
-1.00000 -20.50000 26.00000
-0.50000 -20.00000 27.00000
-0.50000 -20.00000 28.00000
-0.50000 -20.00000 31.00000
-0.50000 -20.00000 32.00000
-0.50000 -20.00000 33.00000
-0.50000 -20.00000 34.00000
-0.50000 -20.00000 35.00000
-0.50000 -20.00000 36.00000
-0.50000 -20.00000 37.00000
-0.50000 -20.00000 38.00000
-0.50000 -20.00000 39.00000
-0.50000 -20.00000 43.00000
-1.00000 -20.50000 44.00000
-0.50000 -20.00000 44.00000
-1.00000 -20.00000 44.50000
-1.00000 -19.50000 26.00000
-0.50000 -19.00000 27.00000
-1.00000 -19.00000 26.50000
-0.50000 -19.00000 28.00000
-0.50000 -19.00000 31.00000
-0.50000 -19.00000 32.00000
-0.50000 -19.00000 33.00000
-0.50000 -19.00000 34.00000
-0.50000 -19.00000 35.00000
-0.50000 -19.00000 36.00000
-0.50000 -19.00000 37.00000
-0.50000 -19.00000 38.00000
-0.50000 -19.00000 39.00000
-0.50000 -19.00000 44.00000
-1.00000 -19.00000 44.50000
-0.50000 -18.00000 27.00000
-1.00000 -18.00000 26.50000
-0.50000 -18.00000 28.00000
-0.50000 -18.00000 31.00000
-0.50000 -18.00000 32.00000
-0.50000 -18.00000 33.00000
-0.50000 -18.00000 34.00000
-0.50000 -18.00000 35.00000
-0.50000 -18.00000 36.00000
-0.50000 -18.00000 37.00000
-0.50000 -18.00000 38.00000
-0.50000 -18.00000 39.00000
-0.50000 -18.00000 44.00000
-1.00000 -18.00000 44.50000
-1.00000 -17.50000 27.00000
-0.50000 -17.00000 28.00000
-1.00000 -17.00000 27.50000
-0.50000 -17.00000 29.00000
-0.50000 -17.00000 31.00000
-0.50000 -17.00000 32.00000
-0.50000 -17.00000 33.00000
-0.50000 -17.00000 34.00000
-0.50000 -17.00000 35.00000
-0.50000 -17.00000 36.00000
-0.50000 -17.00000 37.00000
-0.50000 -17.00000 38.00000
-0.50000 -17.00000 39.00000
-0.50000 -17.00000 44.00000
-1.00000 -17.00000 44.50000
-1.00000 -16.50000 28.00000
-0.50000 -16.00000 29.00000
-1.00000 -16.00000 28.50000
-0.50000 -16.00000 31.00000
-0.50000 -16.00000 32.00000
-0.50000 -16.00000 33.00000
-0.50000 -16.00000 34.00000
-0.50000 -16.00000 35.00000
-0.50000 -16.00000 36.00000
-0.50000 -16.00000 37.00000
-0.50000 -16.00000 38.00000
-0.50000 -16.00000 39.00000
-0.50000 -16.00000 44.00000
-1.00000 -16.00000 44.50000
-0.50000 -15.00000 29.00000
-1.00000 -15.00000 28.50000
-0.50000 -15.00000 30.00000
-0.50000 -15.00000 31.00000
-0.50000 -15.00000 32.00000
-0.50000 -15.00000 33.00000
-0.50000 -15.00000 34.00000
-0.50000 -15.00000 35.00000
-0.50000 -15.00000 36.00000
-0.50000 -15.00000 37.00000
-0.50000 -15.00000 38.00000
-0.50000 -15.00000 39.00000
-0.50000 -15.00000 43.00000
-0.50000 -15.00000 44.00000
-1.00000 -15.00000 44.50000
-1.00000 -14.50000 29.00000
-0.50000 -14.00000 30.00000
-1.00000 -14.00000 29.50000
-0.50000 -14.00000 31.00000
-0.50000 -14.00000 33.00000
-0.50000 -14.00000 34.00000
-0.50000 -14.00000 35.00000
-0.50000 -14.00000 36.00000
-0.50000 -14.00000 37.00000
-0.50000 -14.00000 38.00000
-0.50000 -14.00000 39.00000
-0.50000 -14.00000 42.00000
-0.50000 -14.00000 43.00000
-0.50000 -14.00000 44.00000
-1.00000 -14.00000 44.50000
-0.50000 -13.00000 30.00000
-1.00000 -13.00000 29.50000
-0.50000 -13.00000 31.00000
-0.50000 -13.00000 34.00000
-0.50000 -13.00000 35.00000
-0.50000 -13.00000 36.00000
-0.50000 -13.00000 37.00000
-0.50000 -13.00000 38.00000
-0.50000 -13.00000 39.00000
-0.50000 -13.00000 40.00000
-0.50000 -13.00000 41.00000
-0.50000 -13.00000 42.00000
-0.50000 -13.00000 43.00000
-0.50000 -13.00000 44.00000
-1.00000 -13.50000 45.00000
-0.50000 -13.00000 45.00000
-1.00000 -13.00000 45.50000
-0.50000 -12.00000 30.00000
-1.00000 -12.00000 29.50000
-0.50000 -12.00000 31.00000
-0.50000 -12.00000 34.00000
-0.50000 -12.00000 35.00000
-0.50000 -12.00000 36.00000
-0.50000 -12.00000 37.00000
-0.50000 -12.00000 38.00000
-0.50000 -12.00000 39.00000
-0.50000 -12.00000 40.00000
-0.50000 -12.00000 41.00000
-0.50000 -12.00000 42.00000
-0.50000 -12.00000 43.00000
-0.50000 -12.00000 44.00000
-0.50000 -12.00000 45.00000
-1.00000 -12.00000 45.50000
-1.00000 -11.50000 30.00000
-0.50000 -11.00000 31.00000
-1.00000 -11.00000 30.50000
-0.50000 -11.00000 32.00000
-0.50000 -11.00000 34.00000
-0.50000 -11.00000 35.00000
-0.50000 -11.00000 36.00000
-1.00000 -11.00000 36.50000
-1.00000 -11.50000 37.00000
-1.00000 -11.50000 38.00000
-0.50000 -11.00000 39.00000
-1.00000 -11.00000 38.50000
-0.50000 -11.00000 40.00000
-0.50000 -11.00000 41.00000
-0.50000 -11.00000 42.00000
-0.50000 -11.00000 43.00000
-0.50000 -11.00000 44.00000
-1.00000 -11.00000 44.50000
-1.00000 -11.50000 45.00000
-0.50000 -10.00000 31.00000
-1.00000 -10.00000 30.50000
-0.50000 -10.00000 32.00000
-0.50000 -10.00000 34.00000
-0.50000 -10.00000 35.00000
-1.00000 -10.00000 35.50000
-1.00000 -10.50000 36.00000
-1.00000 -10.50000 39.00000
-0.50000 -10.00000 40.00000
-1.00000 -10.00000 39.50000
-0.50000 -10.00000 41.00000
-0.50000 -10.00000 42.00000
-0.50000 -10.00000 43.00000
-0.50000 -10.00000 44.00000
-1.00000 -10.00000 44.50000
-0.50000 -9.00000 31.00000
-1.00000 -9.00000 30.50000
-0.50000 -9.00000 32.00000
-0.50000 -9.00000 34.00000
-0.50000 -9.00000 35.00000
-1.00000 -9.00000 35.50000
-0.50000 -9.00000 39.00000
-1.00000 -9.00000 38.50000
-1.00000 -9.50000 39.00000
-0.50000 -9.00000 40.00000
-0.50000 -9.00000 41.00000
-0.50000 -9.00000 44.00000
-1.00000 -9.00000 44.50000
-0.50000 -8.00000 31.00000
-1.00000 -8.00000 30.50000
-0.50000 -8.00000 32.00000
-0.50000 -8.00000 34.00000
-0.50000 -8.00000 35.00000
-1.00000 -8.00000 35.50000
-0.50000 -8.00000 39.00000
-1.00000 -8.00000 38.50000
-0.50000 -8.00000 40.00000
-0.50000 -8.00000 41.00000
-0.50000 -8.00000 44.00000
-1.00000 -8.00000 44.50000
-0.50000 -7.00000 31.00000
-1.00000 -7.00000 30.50000
-0.50000 -7.00000 32.00000
-0.50000 -7.00000 34.00000
-0.50000 -7.00000 35.00000
-1.00000 -7.00000 35.50000
-0.50000 -7.00000 39.00000
-1.00000 -7.00000 38.50000
-0.50000 -7.00000 40.00000
-0.50000 -7.00000 44.00000
-1.00000 -7.00000 44.50000
-0.50000 -6.00000 31.00000
-1.00000 -6.00000 30.50000
-0.50000 -6.00000 32.00000
-0.50000 -6.00000 33.00000
-0.50000 -6.00000 34.00000
-0.50000 -6.00000 35.00000
-1.00000 -6.00000 35.50000
-0.50000 -6.00000 39.00000
-1.00000 -6.00000 38.50000
-0.50000 -6.00000 40.00000
-0.50000 -6.00000 41.00000
-0.50000 -6.00000 44.00000
-1.00000 -6.00000 44.50000
-0.50000 -5.00000 31.00000
-1.00000 -5.00000 30.50000
-0.50000 -5.00000 32.00000
-0.50000 -5.00000 33.00000
-0.50000 -5.00000 34.00000
-0.50000 -5.00000 35.00000
-1.00000 -5.00000 35.50000
-0.50000 -5.00000 39.00000
-1.00000 -5.00000 38.50000
-0.50000 -5.00000 40.00000
-0.50000 -5.00000 41.00000
-0.50000 -5.00000 43.00000
-0.50000 -5.00000 44.00000
-1.00000 -5.00000 44.50000
-0.50000 -4.00000 31.00000
-1.00000 -4.00000 30.50000
-0.50000 -4.00000 32.00000
-0.50000 -4.00000 33.00000
-0.50000 -4.00000 34.00000
-0.50000 -4.00000 35.00000
-1.00000 -4.00000 35.50000
-0.50000 -4.00000 39.00000
-1.00000 -4.00000 38.50000
-0.50000 -4.00000 40.00000
-0.50000 -4.00000 41.00000
-0.50000 -4.00000 43.00000
-0.50000 -4.00000 44.00000
-1.00000 -4.00000 44.50000
-0.50000 -3.00000 31.00000
-1.00000 -3.00000 30.50000
-0.50000 -3.00000 32.00000
-0.50000 -3.00000 33.00000
-0.50000 -3.00000 34.00000
-0.50000 -3.00000 35.00000
-1.00000 -3.00000 35.50000
-0.50000 -3.00000 39.00000
-1.00000 -3.00000 38.50000
-0.50000 -3.00000 40.00000
-0.50000 -3.00000 41.00000
-0.50000 -3.00000 42.00000
-0.50000 -3.00000 43.00000
-0.50000 -3.00000 44.00000
-1.00000 -3.00000 44.50000
-0.50000 -2.00000 31.00000
-1.00000 -2.00000 30.50000
-0.50000 -2.00000 32.00000
-0.50000 -2.00000 33.00000
-0.50000 -2.00000 34.00000
-0.50000 -2.00000 35.00000
-1.00000 -2.00000 35.50000
-0.50000 -2.00000 39.00000
-1.00000 -2.00000 38.50000
-0.50000 -2.00000 40.00000
-0.50000 -2.00000 41.00000
-0.50000 -2.00000 42.00000
-0.50000 -2.00000 43.00000
-1.00000 -2.00000 43.50000
-1.00000 -2.50000 44.00000
-0.50000 -1.00000 31.00000
-1.00000 -1.00000 30.50000
-0.50000 -1.00000 32.00000
-0.50000 -1.00000 33.00000
-0.50000 -1.00000 34.00000
-0.50000 -1.00000 35.00000
-1.00000 -1.00000 35.50000
-0.50000 -1.00000 38.00000
-1.00000 -1.00000 37.50000
-1.00000 -1.50000 38.00000
-0.50000 -1.00000 39.00000
-0.50000 -1.00000 40.00000
-0.50000 -1.00000 41.00000
-0.50000 -1.00000 42.00000
-0.50000 -1.00000 43.00000
-1.00000 -1.00000 43.50000
-0.50000 0.00000 31.00000
-1.00000 0.00000 30.50000
-0.50000 0.00000 32.00000
-0.50000 0.00000 33.00000
-0.50000 0.00000 34.00000
-1.00000 0.00000 34.50000
-1.00000 -0.50000 35.00000
-0.50000 0.00000 38.00000
-1.00000 0.00000 37.50000
-0.50000 0.00000 39.00000
-0.50000 0.00000 40.00000
-0.50000 0.00000 41.00000
-0.50000 0.00000 42.00000
-0.50000 0.00000 43.00000
-1.00000 0.00000 43.50000
-0.50000 1.00000 31.00000
-1.00000 1.00000 30.50000
-0.50000 1.00000 32.00000
-0.50000 1.00000 33.00000
-0.50000 1.00000 34.00000
-1.00000 1.00000 34.50000
-0.50000 1.00000 38.00000
-1.00000 1.00000 37.50000
-0.50000 1.00000 39.00000
-0.50000 1.00000 40.00000
-0.50000 1.00000 41.00000
-0.50000 1.00000 42.00000
-1.00000 1.00000 42.50000
-1.00000 0.50000 43.00000
-0.50000 2.00000 31.00000
-1.00000 2.00000 30.50000
-0.50000 2.00000 32.00000
-0.50000 2.00000 33.00000
-1.00000 2.00000 33.50000
-1.00000 1.50000 34.00000
-0.50000 2.00000 37.00000
-1.00000 2.00000 36.50000
-1.00000 1.50000 37.00000
-0.50000 2.00000 38.00000
-0.50000 2.00000 39.00000
-0.50000 2.00000 40.00000
-0.50000 2.00000 41.00000
-0.50000 2.00000 42.00000
-1.00000 2.00000 42.50000
-1.00000 2.50000 31.00000
-1.00000 2.50000 32.00000
-1.00000 2.50000 33.00000
-0.50000 3.00000 37.00000
-1.00000 3.00000 36.50000
-0.50000 3.00000 38.00000
-0.50000 3.00000 39.00000
-0.50000 3.00000 40.00000
-0.50000 3.00000 41.00000
-0.50000 3.00000 42.00000
-1.00000 3.00000 42.50000
-0.50000 4.00000 37.00000
-1.00000 4.00000 36.50000
-0.50000 4.00000 38.00000
-0.50000 4.00000 39.00000
-0.50000 4.00000 40.00000
-0.50000 4.00000 41.00000
-1.00000 4.00000 41.50000
-1.00000 3.50000 42.00000
-1.00000 4.50000 37.00000
-1.00000 4.50000 38.00000
-1.00000 4.50000 39.00000
-1.00000 4.50000 40.00000
-1.00000 4.50000 41.00000
-2.00000 -39.00000 46.50000
-2.00000 -39.50000 47.00000
-2.00000 -39.50000 48.00000
-1.50000 -39.00000 48.00000
-2.00000 -39.00000 48.50000
-2.00000 -38.00000 45.50000
-2.00000 -38.50000 46.00000
-1.50000 -38.00000 48.00000
-2.00000 -38.00000 48.50000
-1.50000 -37.00000 45.00000
-2.00000 -37.00000 44.50000
-2.00000 -37.50000 45.00000
-1.50000 -37.00000 48.00000
-2.00000 -37.00000 48.50000
-1.50000 -36.00000 40.00000
-2.00000 -36.00000 39.50000
-2.00000 -36.50000 40.00000
-2.00000 -36.00000 40.50000
-1.50000 -36.00000 43.00000
-2.00000 -36.00000 42.50000
-2.00000 -36.50000 43.00000
-2.00000 -36.50000 44.00000
-1.50000 -36.00000 44.00000
-2.00000 -36.50000 48.00000
-2.00000 -36.00000 47.50000
-1.50000 -35.00000 37.00000
-2.00000 -35.00000 36.50000
-2.00000 -35.50000 37.00000
-2.00000 -35.50000 38.00000
-1.50000 -35.00000 38.00000
-2.00000 -35.50000 39.00000
-2.00000 -35.50000 41.00000
-2.00000 -35.50000 42.00000
-2.00000 -35.00000 47.50000
-1.50000 -34.00000 36.00000
-2.00000 -34.00000 35.50000
-2.00000 -34.50000 36.00000
-1.50000 -34.00000 37.00000
-2.00000 -34.00000 47.50000
-2.00000 -33.00000 32.50000
-2.00000 -33.50000 33.00000
-2.00000 -33.50000 34.00000
-1.50000 -33.00000 34.00000
-2.00000 -33.50000 35.00000
-1.50000 -33.00000 35.00000
-1.50000 -33.00000 36.00000
-1.50000 -33.00000 47.00000
-2.00000 -33.00000 47.50000
-2.00000 -32.00000 27.50000
-2.00000 -32.50000 28.00000
-1.50000 -32.00000 29.00000
-2.00000 -32.00000 28.50000
-2.00000 -32.00000 29.50000
-2.00000 -32.50000 30.00000
-2.00000 -32.50000 31.00000
-2.00000 -32.50000 32.00000
-1.50000 -32.00000 34.00000
-1.50000 -32.00000 35.00000
-2.00000 -32.50000 47.00000
-2.00000 -32.00000 46.50000
-1.50000 -31.00000 26.00000
-2.00000 -31.00000 25.50000
-2.00000 -31.50000 26.00000
-2.00000 -31.50000 27.00000
-2.00000 -31.50000 29.00000
-1.50000 -31.00000 34.00000
-1.50000 -31.00000 35.00000
-1.50000 -31.00000 46.00000
-2.00000 -31.00000 46.50000
-1.50000 -30.00000 26.00000
-2.00000 -30.00000 25.50000
-2.00000 -30.50000 46.00000
-2.00000 -30.00000 45.50000
-1.50000 -29.00000 26.00000
-2.00000 -29.00000 25.50000
-2.00000 -29.00000 45.50000
-1.50000 -28.00000 26.00000
-2.00000 -28.00000 25.50000
-2.00000 -28.00000 45.50000
-1.50000 -27.00000 26.00000
-2.00000 -27.00000 25.50000
-1.50000 -27.00000 45.00000
-2.00000 -27.00000 45.50000
-1.50000 -26.00000 26.00000
-2.00000 -26.00000 25.50000
-2.00000 -26.50000 45.00000
-2.00000 -26.00000 44.50000
-1.50000 -25.00000 26.00000
-2.00000 -25.00000 25.50000
-2.00000 -25.00000 44.50000
-2.00000 -24.50000 26.00000
-2.00000 -24.00000 26.50000
-2.00000 -24.00000 44.50000
-1.50000 -23.00000 26.00000
-2.00000 -23.00000 25.50000
-2.00000 -23.50000 26.00000
-1.50000 -23.00000 44.00000
-2.00000 -23.00000 44.50000
-1.50000 -22.00000 26.00000
-2.00000 -22.00000 25.50000
-1.50000 -22.00000 44.00000
-2.00000 -22.00000 44.50000
-1.50000 -21.00000 26.00000
-2.00000 -21.00000 25.50000
-1.50000 -21.00000 44.00000
-2.00000 -21.00000 44.50000
-2.00000 -20.00000 25.50000
-2.00000 -20.00000 44.50000
-1.50000 -19.00000 26.00000
-2.00000 -19.00000 25.50000
-2.00000 -19.00000 44.50000
-2.00000 -18.50000 26.00000
-2.00000 -18.00000 26.50000
-2.00000 -18.00000 44.50000
-1.50000 -17.00000 27.00000
-2.00000 -17.00000 26.50000
-2.00000 -17.00000 44.50000
-1.50000 -16.00000 27.00000
-2.00000 -16.00000 26.50000
-1.50000 -16.00000 28.00000
-2.00000 -16.00000 44.50000
-2.00000 -15.50000 27.00000
-1.50000 -15.00000 28.00000
-2.00000 -15.00000 27.50000
-2.00000 -15.00000 44.50000
-1.50000 -14.00000 28.00000
-2.00000 -14.00000 27.50000
-1.50000 -14.00000 29.00000
-2.00000 -14.50000 45.00000
-1.50000 -14.00000 45.00000
-2.00000 -14.00000 45.50000
-1.50000 -13.00000 28.00000
-2.00000 -13.00000 27.50000
-1.50000 -13.00000 29.00000
-2.00000 -13.00000 45.50000
-2.00000 -12.50000 28.00000
-1.50000 -12.00000 29.00000
-2.00000 -12.00000 28.50000
-2.00000 -12.00000 45.50000
-2.00000 -11.50000 29.00000
-1.50000 -11.00000 30.00000
-2.00000 -11.00000 29.50000
-1.50000 -11.00000 37.00000
-1.50000 -11.00000 38.00000
-1.50000 -11.00000 45.00000
-2.00000 -11.00000 45.50000
-1.50000 -10.00000 30.00000
-2.00000 -10.00000 29.50000
-1.50000 -10.00000 36.00000
-1.50000 -10.00000 37.00000
-1.50000 -10.00000 38.00000
-1.50000 -10.00000 39.00000
-1.50000 -10.00000 45.00000
-2.00000 -10.00000 45.50000
-2.00000 -9.50000 30.00000
-2.00000 -9.00000 30.50000
-1.50000 -9.00000 36.00000
-1.50000 -9.00000 37.00000
-1.50000 -9.00000 38.00000
-2.00000 -9.50000 45.00000
-2.00000 -9.00000 44.50000
-2.00000 -8.00000 30.50000
-1.50000 -8.00000 36.00000
-1.50000 -8.00000 37.00000
-1.50000 -8.00000 38.00000
-2.00000 -8.00000 44.50000
-2.00000 -7.00000 30.50000
-1.50000 -7.00000 36.00000
-1.50000 -7.00000 37.00000
-1.50000 -7.00000 38.00000
-2.00000 -7.00000 44.50000
-2.00000 -6.00000 30.50000
-1.50000 -6.00000 36.00000
-1.50000 -6.00000 37.00000
-1.50000 -6.00000 38.00000
-2.00000 -6.00000 44.50000
-2.00000 -5.00000 30.50000
-1.50000 -5.00000 36.00000
-1.50000 -5.00000 37.00000
-1.50000 -5.00000 38.00000
-2.00000 -5.00000 44.50000
-2.00000 -4.00000 30.50000
-1.50000 -4.00000 36.00000
-1.50000 -4.00000 37.00000
-1.50000 -4.00000 38.00000
-2.00000 -4.00000 44.50000
-2.00000 -3.00000 30.50000
-1.50000 -3.00000 36.00000
-1.50000 -3.00000 37.00000
-1.50000 -3.00000 38.00000
-2.00000 -3.00000 44.50000
-2.00000 -2.00000 30.50000
-1.50000 -2.00000 36.00000
-1.50000 -2.00000 37.00000
-1.50000 -2.00000 38.00000
-1.50000 -2.00000 44.00000
-2.00000 -2.00000 44.50000
-1.50000 -1.00000 30.00000
-2.00000 -1.00000 29.50000
-2.00000 -1.50000 30.00000
-1.50000 -1.00000 36.00000
-1.50000 -1.00000 37.00000
-1.50000 -1.00000 44.00000
-2.00000 -1.00000 44.50000
-1.50000 0.00000 30.00000
-2.00000 0.00000 29.50000
-1.50000 0.00000 35.00000
-1.50000 0.00000 36.00000
-1.50000 0.00000 37.00000
-2.00000 -0.50000 44.00000
-2.00000 0.00000 43.50000
-1.50000 1.00000 29.00000
-2.00000 1.00000 28.50000
-2.00000 0.50000 29.00000
-1.50000 1.00000 30.00000
-1.50000 1.00000 35.00000
-1.50000 1.00000 36.00000
-1.50000 1.00000 37.00000
-1.50000 1.00000 43.00000
-2.00000 1.00000 43.50000
-2.00000 1.50000 29.00000
-1.50000 2.00000 30.00000
-2.00000 2.00000 29.50000
-1.50000 2.00000 34.00000
-1.50000 2.00000 35.00000
-1.50000 2.00000 36.00000
-1.50000 2.00000 43.00000
-2.00000 2.00000 43.50000
-2.00000 2.50000 30.00000
-2.00000 2.50000 31.00000
-1.50000 3.00000 32.00000
-2.00000 3.00000 31.50000
-1.50000 3.00000 33.00000
-1.50000 3.00000 34.00000
-1.50000 3.00000 35.00000
-1.50000 3.00000 36.00000
-2.00000 2.50000 43.00000
-2.00000 3.00000 42.50000
-2.00000 3.50000 32.00000
-2.00000 3.50000 33.00000
-2.00000 3.50000 34.00000
-2.00000 3.50000 35.00000
-1.50000 4.00000 36.00000
-2.00000 4.00000 35.50000
-2.00000 3.50000 42.00000
-2.00000 4.00000 41.50000
-2.00000 4.50000 36.00000
-2.00000 4.50000 37.00000
-2.00000 4.50000 38.00000
-2.00000 4.50000 39.00000
-2.00000 4.50000 40.00000
-2.00000 4.50000 41.00000
-3.00000 -39.00000 46.50000
-3.00000 -39.50000 47.00000
-3.00000 -39.50000 48.00000
-3.00000 -39.00000 48.50000
-3.00000 -38.00000 45.50000
-3.00000 -38.50000 46.00000
-3.00000 -38.00000 48.50000
-3.00000 -37.00000 44.50000
-3.00000 -37.50000 45.00000
-3.00000 -37.00000 48.50000
-2.50000 -36.00000 39.00000
-3.00000 -36.00000 38.50000
-3.00000 -36.50000 39.00000
-3.00000 -36.50000 40.00000
-3.00000 -36.50000 41.00000
-2.50000 -36.00000 41.00000
-3.00000 -36.50000 42.00000
-2.50000 -36.00000 42.00000
-3.00000 -36.50000 43.00000
-3.00000 -36.50000 44.00000
-3.00000 -36.50000 48.00000
-3.00000 -36.00000 47.50000
-3.00000 -35.00000 36.50000
-3.00000 -35.50000 37.00000
-3.00000 -35.50000 38.00000
-3.00000 -35.00000 47.50000
-2.50000 -34.00000 35.00000
-3.00000 -34.00000 34.50000
-3.00000 -34.50000 35.00000
-3.00000 -34.50000 36.00000
-3.00000 -34.00000 47.50000
-3.00000 -33.00000 32.50000
-3.00000 -33.50000 33.00000
-3.00000 -33.50000 34.00000
-2.50000 -33.00000 47.00000
-3.00000 -33.50000 47.00000
-3.00000 -33.00000 46.50000
-2.50000 -32.00000 28.00000
-3.00000 -32.00000 29.50000
-3.00000 -32.50000 30.00000
-3.00000 -32.50000 31.00000
-3.00000 -32.50000 32.00000
-2.50000 -32.00000 42.00000
-3.00000 -32.50000 42.00000
-3.00000 -32.00000 41.50000
-3.00000 -32.00000 42.50000
-3.00000 -32.00000 46.50000
-3.00000 -31.00000 25.50000
-3.00000 -31.50000 26.00000
-3.00000 -31.50000 27.00000
-2.50000 -31.00000 28.00000
-3.00000 -31.00000 27.50000
-2.50000 -31.00000 29.00000
-3.00000 -31.00000 29.50000
-2.50000 -31.00000 42.00000
-3.00000 -31.00000 41.50000
-3.00000 -31.00000 42.50000
-3.00000 -31.00000 46.50000
-3.00000 -30.00000 25.50000
-3.00000 -30.50000 28.00000
-3.00000 -30.00000 28.50000
-2.50000 -30.00000 29.00000
-3.00000 -30.00000 29.50000
-2.50000 -30.00000 41.00000
-3.00000 -30.50000 41.00000
-3.00000 -30.00000 40.50000
-2.50000 -30.00000 42.00000
-3.00000 -30.00000 42.50000
-3.00000 -30.50000 46.00000
-3.00000 -30.00000 45.50000
-3.00000 -29.00000 25.50000
-2.50000 -29.00000 29.00000
-3.00000 -29.00000 28.50000
-3.00000 -29.50000 30.00000
-2.50000 -29.00000 30.00000
-3.00000 -29.00000 30.50000
-2.50000 -29.00000 41.00000
-3.00000 -29.00000 40.50000
-3.00000 -29.00000 41.50000
-3.00000 -29.50000 42.00000
-3.00000 -29.00000 45.50000
-3.00000 -28.00000 25.50000
-2.50000 -28.00000 29.00000
-3.00000 -28.00000 28.50000
-2.50000 -28.00000 30.00000
-3.00000 -28.00000 30.50000
-2.50000 -28.00000 41.00000
-3.00000 -28.00000 40.50000
-3.00000 -28.00000 41.50000
-3.00000 -28.00000 45.50000
-3.00000 -27.00000 25.50000
-2.50000 -27.00000 29.00000
-3.00000 -27.00000 28.50000
-2.50000 -27.00000 30.00000
-3.00000 -27.00000 30.50000
-2.50000 -27.00000 41.00000
-3.00000 -27.00000 40.50000
-3.00000 -27.00000 41.50000
-2.50000 -27.00000 45.00000
-3.00000 -27.50000 45.00000
-3.00000 -27.00000 44.50000
-3.00000 -26.00000 25.50000
-3.00000 -26.50000 29.00000
-3.00000 -26.00000 29.50000
-2.50000 -26.00000 30.00000
-3.00000 -26.50000 31.00000
-2.50000 -26.00000 31.00000
-3.00000 -26.00000 31.50000
-2.50000 -26.00000 40.00000
-3.00000 -26.50000 40.00000
-3.00000 -26.00000 39.50000
-3.00000 -26.50000 41.00000
-3.00000 -26.00000 40.50000
-3.00000 -26.00000 44.50000
-3.00000 -25.00000 25.50000
-2.50000 -25.00000 30.00000
-3.00000 -25.00000 29.50000
-2.50000 -25.00000 31.00000
-3.00000 -25.00000 31.50000
-2.50000 -25.00000 40.00000
-3.00000 -25.00000 39.50000
-3.00000 -25.00000 40.50000
-3.00000 -25.00000 44.50000
-2.50000 -24.00000 26.00000
-3.00000 -24.00000 25.50000
-2.50000 -24.00000 30.00000
-3.00000 -24.00000 29.50000
-2.50000 -24.00000 31.00000
-3.00000 -24.00000 31.50000
-2.50000 -24.00000 39.00000
-3.00000 -24.50000 39.00000
-3.00000 -24.00000 38.50000
-2.50000 -24.00000 40.00000
-3.00000 -24.00000 40.50000
-3.00000 -24.00000 44.50000
-3.00000 -23.00000 25.50000
-2.50000 -23.00000 30.00000
-3.00000 -23.00000 29.50000
-2.50000 -23.00000 31.00000
-3.00000 -23.00000 31.50000
-2.50000 -23.00000 39.00000
-3.00000 -23.00000 38.50000
-2.50000 -23.00000 40.00000
-3.00000 -23.00000 40.50000
-3.00000 -23.00000 44.50000
-3.00000 -22.00000 25.50000
-2.50000 -22.00000 30.00000
-3.00000 -22.00000 29.50000
-2.50000 -22.00000 31.00000
-3.00000 -22.00000 31.50000
-2.50000 -22.00000 39.00000
-3.00000 -22.00000 38.50000
-2.50000 -22.00000 40.00000
-3.00000 -22.00000 40.50000
-3.00000 -22.00000 44.50000
-3.00000 -21.00000 25.50000
-2.50000 -21.00000 30.00000
-3.00000 -21.00000 29.50000
-2.50000 -21.00000 31.00000
-3.00000 -21.00000 31.50000
-2.50000 -21.00000 39.00000
-3.00000 -21.00000 38.50000
-2.50000 -21.00000 40.00000
-3.00000 -21.00000 40.50000
-3.00000 -21.00000 44.50000
-3.00000 -20.00000 25.50000
-2.50000 -20.00000 30.00000
-3.00000 -20.00000 29.50000
-2.50000 -20.00000 31.00000
-3.00000 -20.50000 32.00000
-2.50000 -20.00000 32.00000
-3.00000 -20.00000 32.50000
-2.50000 -20.00000 39.00000
-3.00000 -20.00000 38.50000
-2.50000 -20.00000 40.00000
-3.00000 -20.00000 40.50000
-3.00000 -20.00000 44.50000
-3.00000 -19.00000 25.50000
-2.50000 -19.00000 30.00000
-3.00000 -19.00000 29.50000
-2.50000 -19.00000 31.00000
-2.50000 -19.00000 32.00000
-3.00000 -19.00000 32.50000
-2.50000 -19.00000 39.00000
-3.00000 -19.00000 38.50000
-2.50000 -19.00000 40.00000
-3.00000 -19.00000 40.50000
-3.00000 -19.00000 44.50000
-3.00000 -18.50000 26.00000
-3.00000 -18.00000 26.50000
-2.50000 -18.00000 30.00000
-3.00000 -18.00000 29.50000
-2.50000 -18.00000 31.00000
-2.50000 -18.00000 32.00000
-3.00000 -18.50000 33.00000
-2.50000 -18.00000 33.00000
-3.00000 -18.00000 33.50000
-2.50000 -18.00000 39.00000
-3.00000 -18.00000 38.50000
-2.50000 -18.00000 40.00000
-3.00000 -18.00000 40.50000
-3.00000 -18.00000 44.50000
-3.00000 -17.00000 26.50000
-2.50000 -17.00000 30.00000
-3.00000 -17.00000 29.50000
-2.50000 -17.00000 31.00000
-2.50000 -17.00000 32.00000
-2.50000 -17.00000 33.00000
-3.00000 -17.00000 33.50000
-2.50000 -17.00000 39.00000
-3.00000 -17.00000 38.50000
-2.50000 -17.00000 40.00000
-3.00000 -17.00000 40.50000
-3.00000 -17.00000 44.50000
-3.00000 -16.00000 26.50000
-3.00000 -16.50000 30.00000
-3.00000 -16.00000 30.50000
-2.50000 -16.00000 31.00000
-2.50000 -16.00000 32.00000
-2.50000 -16.00000 33.00000
-3.00000 -16.00000 33.50000
-2.50000 -16.00000 39.00000
-3.00000 -16.00000 38.50000
-2.50000 -16.00000 40.00000
-3.00000 -16.00000 40.50000
-3.00000 -16.00000 44.50000
-3.00000 -15.50000 27.00000
-3.00000 -15.00000 27.50000
-2.50000 -15.00000 31.00000
-3.00000 -15.00000 30.50000
-2.50000 -15.00000 32.00000
-2.50000 -15.00000 33.00000
-3.00000 -15.00000 33.50000
-2.50000 -15.00000 39.00000
-3.00000 -15.00000 38.50000
-2.50000 -15.00000 40.00000
-3.00000 -15.00000 40.50000
-3.00000 -15.50000 45.00000
-2.50000 -15.00000 45.00000
-3.00000 -15.00000 45.50000
-3.00000 -14.00000 27.50000
-3.00000 -14.50000 31.00000
-3.00000 -14.00000 31.50000
-2.50000 -14.00000 32.00000
-2.50000 -14.00000 33.00000
-3.00000 -14.00000 33.50000
-2.50000 -14.00000 39.00000
-3.00000 -14.00000 38.50000
-3.00000 -14.00000 39.50000
-3.00000 -14.50000 40.00000
-3.00000 -14.00000 45.50000
-3.00000 -13.00000 27.50000
-2.50000 -13.00000 32.00000
-3.00000 -13.00000 31.50000
-2.50000 -13.00000 33.00000
-3.00000 -13.50000 34.00000
-2.50000 -13.00000 34.00000
-3.00000 -13.00000 34.50000
-3.00000 -13.50000 39.00000
-3.00000 -13.00000 45.50000
-3.00000 -12.50000 28.00000
-3.00000 -12.00000 28.50000
-2.50000 -12.00000 32.00000
-3.00000 -12.00000 31.50000
-2.50000 -12.00000 33.00000
-2.50000 -12.00000 34.00000
-3.00000 -12.00000 34.50000
-3.00000 -12.00000 45.50000
-2.50000 -11.00000 29.00000
-3.00000 -11.00000 28.50000
-2.50000 -11.00000 32.00000
-3.00000 -11.00000 31.50000
-2.50000 -11.00000 33.00000
-2.50000 -11.00000 34.00000
-3.00000 -11.00000 34.50000
-3.00000 -11.00000 45.50000
-2.50000 -10.00000 29.00000
-3.00000 -10.00000 28.50000
-2.50000 -10.00000 32.00000
-3.00000 -10.00000 31.50000
-2.50000 -10.00000 33.00000
-2.50000 -10.00000 34.00000
-3.00000 -10.00000 34.50000
-2.50000 -10.00000 45.00000
-3.00000 -10.50000 45.00000
-3.00000 -10.00000 44.50000
-2.50000 -9.00000 29.00000
-3.00000 -9.00000 28.50000
-2.50000 -9.00000 30.00000
-3.00000 -9.50000 32.00000
-3.00000 -9.00000 32.50000
-2.50000 -9.00000 33.00000
-2.50000 -9.00000 34.00000
-3.00000 -9.00000 34.50000
-2.50000 -9.00000 41.00000
-3.00000 -9.50000 41.00000
-3.00000 -9.00000 40.50000
-3.00000 -9.00000 41.50000
-3.00000 -9.00000 44.50000
-3.00000 -8.50000 29.00000
-2.50000 -8.00000 30.00000
-3.00000 -8.00000 29.50000
-2.50000 -8.00000 33.00000
-3.00000 -8.00000 32.50000
-2.50000 -8.00000 34.00000
-3.00000 -8.00000 34.50000
-2.50000 -8.00000 40.00000
-3.00000 -8.50000 40.00000
-3.00000 -8.00000 39.50000
-2.50000 -8.00000 41.00000
-3.00000 -8.00000 41.50000
-3.00000 -8.00000 44.50000
-2.50000 -7.00000 30.00000
-3.00000 -7.00000 29.50000
-2.50000 -7.00000 33.00000
-3.00000 -7.00000 32.50000
-2.50000 -7.00000 34.00000
-3.00000 -7.00000 34.50000
-2.50000 -7.00000 40.00000
-3.00000 -7.00000 39.50000
-3.00000 -7.00000 40.50000
-3.00000 -7.50000 41.00000
-3.00000 -7.00000 44.50000
-2.50000 -6.00000 30.00000
-3.00000 -6.00000 29.50000
-2.50000 -6.00000 33.00000
-3.00000 -6.00000 32.50000
-2.50000 -6.00000 34.00000
-3.00000 -6.00000 34.50000
-2.50000 -6.00000 40.00000
-3.00000 -6.00000 39.50000
-3.00000 -6.00000 40.50000
-3.00000 -6.00000 44.50000
-2.50000 -5.00000 30.00000
-3.00000 -5.00000 29.50000
-2.50000 -5.00000 33.00000
-3.00000 -5.00000 32.50000
-2.50000 -5.00000 34.00000
-3.00000 -5.00000 34.50000
-3.00000 -5.50000 40.00000
-3.00000 -5.00000 44.50000
-2.50000 -4.00000 30.00000
-3.00000 -4.00000 29.50000
-2.50000 -4.00000 33.00000
-3.00000 -4.00000 32.50000
-2.50000 -4.00000 34.00000
-3.00000 -4.00000 34.50000
-3.00000 -4.00000 44.50000
-2.50000 -3.00000 30.00000
-3.00000 -3.00000 29.50000
-2.50000 -3.00000 33.00000
-3.00000 -3.00000 32.50000
-2.50000 -3.00000 34.00000
-3.00000 -3.00000 34.50000
-3.00000 -3.00000 44.50000
-2.50000 -2.00000 29.00000
-3.00000 -2.00000 28.50000
-3.00000 -2.50000 29.00000
-2.50000 -2.00000 30.00000
-2.50000 -2.00000 32.00000
-3.00000 -2.50000 32.00000
-3.00000 -2.00000 31.50000
-2.50000 -2.00000 33.00000
-2.50000 -2.00000 34.00000
-3.00000 -2.00000 34.50000
-3.00000 -2.00000 44.50000
-2.50000 -1.00000 29.00000
-3.00000 -1.00000 28.50000
-2.50000 -1.00000 32.00000
-3.00000 -1.00000 31.50000
-2.50000 -1.00000 33.00000
-3.00000 -1.00000 33.50000
-3.00000 -1.50000 34.00000
-3.00000 -1.00000 44.50000
-2.50000 0.00000 29.00000
-3.00000 0.00000 28.50000
-2.50000 0.00000 32.00000
-3.00000 0.00000 31.50000
-2.50000 0.00000 33.00000
-3.00000 0.00000 33.50000
-3.00000 -0.50000 44.00000
-3.00000 0.00000 43.50000
-3.00000 1.00000 28.50000
-2.50000 1.00000 32.00000
-3.00000 1.00000 31.50000
-2.50000 1.00000 33.00000
-3.00000 1.00000 33.50000
-3.00000 1.00000 43.50000
-3.00000 1.50000 29.00000
-2.50000 2.00000 30.00000
-3.00000 1.50000 30.00000
-3.00000 2.00000 30.50000
-2.50000 2.00000 32.00000
-3.00000 2.00000 31.50000
-3.00000 2.00000 32.50000
-3.00000 1.50000 33.00000
-3.00000 2.00000 43.50000
-3.00000 2.50000 31.00000
-2.50000 3.00000 32.00000
-3.00000 2.50000 33.00000
-2.50000 3.00000 33.00000
-3.00000 3.00000 33.50000
-3.00000 2.50000 43.00000
-3.00000 3.00000 42.50000
-3.00000 3.50000 34.00000
-3.00000 3.50000 35.00000
-2.50000 4.00000 36.00000
-3.00000 3.50000 36.00000
-2.50000 4.00000 37.00000
-3.00000 3.50000 37.00000
-2.50000 4.00000 38.00000
-3.00000 3.50000 38.00000
-3.00000 4.00000 38.50000
-3.00000 3.50000 42.00000
-3.00000 4.00000 41.50000
-3.00000 4.50000 39.00000
-3.00000 4.50000 40.00000
-3.00000 4.50000 41.00000
-4.00000 -39.00000 46.50000
-4.00000 -39.50000 47.00000
-4.00000 -39.50000 48.00000
-4.00000 -39.00000 48.50000
-4.00000 -38.00000 45.50000
-4.00000 -38.50000 46.00000
-4.00000 -38.00000 48.50000
-4.00000 -37.00000 44.50000
-4.00000 -37.50000 45.00000
-4.00000 -37.00000 48.50000
-3.50000 -36.00000 39.00000
-4.00000 -36.00000 39.50000
-4.00000 -36.50000 40.00000
-4.00000 -36.50000 41.00000
-4.00000 -36.50000 42.00000
-3.50000 -36.00000 43.00000
-4.00000 -36.00000 42.50000
-3.50000 -36.00000 44.00000
-4.00000 -36.00000 44.50000
-4.00000 -36.50000 48.00000
-4.00000 -36.00000 47.50000
-4.00000 -35.00000 36.50000
-4.00000 -35.50000 37.00000
-4.00000 -35.50000 38.00000
-4.00000 -35.50000 39.00000
-3.50000 -35.00000 42.00000
-4.00000 -35.50000 42.00000
-4.00000 -35.00000 41.50000
-3.50000 -35.00000 43.00000
-4.00000 -35.00000 43.50000
-4.00000 -35.50000 44.00000
-4.00000 -35.00000 47.50000
-4.00000 -34.00000 34.50000
-4.00000 -34.50000 35.00000
-4.00000 -34.50000 36.00000
-3.50000 -34.00000 42.00000
-4.00000 -34.00000 41.50000
-3.50000 -34.00000 43.00000
-4.00000 -34.00000 43.50000
-3.50000 -34.00000 47.00000
-4.00000 -34.50000 47.00000
-4.00000 -34.00000 46.50000
-4.00000 -33.00000 32.50000
-4.00000 -33.50000 33.00000
-4.00000 -33.50000 34.00000
-3.50000 -33.00000 41.00000
-4.00000 -33.50000 41.00000
-4.00000 -33.00000 40.50000
-3.50000 -33.00000 42.00000
-3.50000 -33.00000 43.00000
-4.00000 -33.00000 43.50000
-4.00000 -33.00000 46.50000
-3.50000 -32.00000 30.00000
-4.00000 -32.00000 30.50000
-4.00000 -32.50000 31.00000
-4.00000 -32.50000 32.00000
-3.50000 -32.00000 40.00000
-4.00000 -32.50000 40.00000
-4.00000 -32.00000 39.50000
-3.50000 -32.00000 41.00000
-3.50000 -32.00000 43.00000
-4.00000 -32.00000 43.50000
-4.00000 -32.00000 46.50000
-3.50000 -31.00000 25.00000
-4.00000 -31.00000 24.50000
-4.00000 -31.50000 25.00000
-4.00000 -31.50000 26.00000
-4.00000 -31.50000 27.00000
-4.00000 -31.00000 27.50000
-3.50000 -31.00000 30.00000
-4.00000 -31.00000 30.50000
-3.50000 -31.00000 40.00000
-4.00000 -31.00000 39.50000
-3.50000 -31.00000 41.00000
-4.00000 -31.00000 42.50000
-4.00000 -31.50000 43.00000
-3.50000 -31.00000 46.00000
-4.00000 -31.50000 46.00000
-4.00000 -31.00000 45.50000
-3.50000 -30.00000 25.00000
-4.00000 -30.00000 24.50000
-3.50000 -30.00000 28.00000
-4.00000 -30.00000 27.50000
-3.50000 -30.00000 30.00000
-4.00000 -30.50000 31.00000
-3.50000 -30.00000 31.00000
-4.00000 -30.00000 31.50000
-3.50000 -30.00000 39.00000
-4.00000 -30.50000 39.00000
-4.00000 -30.00000 38.50000
-3.50000 -30.00000 40.00000
-4.00000 -30.00000 42.50000
-4.00000 -30.00000 45.50000
-3.50000 -29.00000 25.00000
-4.00000 -29.00000 24.50000
-4.00000 -29.50000 28.00000
-4.00000 -29.00000 28.50000
-3.50000 -29.00000 31.00000
-4.00000 -29.00000 31.50000
-3.50000 -29.00000 39.00000
-4.00000 -29.00000 38.50000
-3.50000 -29.00000 40.00000
-3.50000 -29.00000 42.00000
-4.00000 -29.00000 42.50000
-4.00000 -29.00000 45.50000
-3.50000 -28.00000 25.00000
-4.00000 -28.00000 24.50000
-4.00000 -28.00000 28.50000
-3.50000 -28.00000 31.00000
-4.00000 -28.00000 31.50000
-3.50000 -28.00000 38.00000
-4.00000 -28.50000 38.00000
-4.00000 -28.00000 37.50000
-3.50000 -28.00000 39.00000
-3.50000 -28.00000 40.00000
-4.00000 -28.00000 41.50000
-4.00000 -28.50000 42.00000
-3.50000 -28.00000 45.00000
-4.00000 -28.50000 45.00000
-4.00000 -28.00000 44.50000
-4.00000 -27.50000 25.00000
-4.00000 -27.00000 25.50000
-4.00000 -27.00000 28.50000
-3.50000 -27.00000 31.00000
-4.00000 -27.50000 32.00000
-3.50000 -27.00000 32.00000
-4.00000 -27.00000 32.50000
-3.50000 -27.00000 38.00000
-4.00000 -27.00000 37.50000
-3.50000 -27.00000 39.00000
-3.50000 -27.00000 40.00000
-4.00000 -27.00000 41.50000
-4.00000 -27.00000 44.50000
-4.00000 -26.00000 25.50000
-3.50000 -26.00000 29.00000
-4.00000 -26.00000 28.50000
-3.50000 -26.00000 32.00000
-4.00000 -26.00000 32.50000
-3.50000 -26.00000 38.00000
-4.00000 -26.00000 37.50000
-3.50000 -26.00000 39.00000
-4.00000 -26.00000 40.50000
-4.00000 -26.50000 41.00000
-4.00000 -26.00000 44.50000
-4.00000 -25.00000 25.50000
-3.50000 -25.00000 29.00000
-4.00000 -25.00000 28.50000
-3.50000 -25.00000 32.00000
-4.00000 -25.00000 32.50000
-3.50000 -25.00000 37.00000
-4.00000 -25.50000 37.00000
-4.00000 -25.00000 36.50000
-3.50000 -25.00000 38.00000
-3.50000 -25.00000 39.00000
-4.00000 -25.00000 40.50000
-4.00000 -25.00000 44.50000
-4.00000 -24.00000 25.50000
-3.50000 -24.00000 29.00000
-4.00000 -24.00000 28.50000
-3.50000 -24.00000 32.00000
-4.00000 -24.00000 32.50000
-3.50000 -24.00000 37.00000
-4.00000 -24.00000 36.50000
-3.50000 -24.00000 38.00000
-4.00000 -24.00000 40.50000
-3.50000 -24.00000 44.00000
-4.00000 -24.50000 44.00000
-4.00000 -24.00000 43.50000
-4.00000 -23.00000 25.50000
-4.00000 -23.50000 29.00000
-4.00000 -23.00000 29.50000
-3.50000 -23.00000 32.00000
-4.00000 -23.00000 32.50000
-3.50000 -23.00000 37.00000
-4.00000 -23.00000 36.50000
-3.50000 -23.00000 38.00000
-4.00000 -23.00000 40.50000
-3.50000 -23.00000 44.00000
-4.00000 -23.00000 43.50000
-4.00000 -22.00000 25.50000
-4.00000 -22.00000 29.50000
-3.50000 -22.00000 32.00000
-4.00000 -22.50000 33.00000
-3.50000 -22.00000 33.00000
-4.00000 -22.00000 33.50000
-3.50000 -22.00000 36.00000
-4.00000 -22.50000 36.00000
-4.00000 -22.00000 35.50000
-3.50000 -22.00000 37.00000
-3.50000 -22.00000 38.00000
-4.00000 -22.00000 40.50000
-3.50000 -22.00000 44.00000
-4.00000 -22.00000 43.50000
-4.00000 -21.00000 25.50000
-4.00000 -21.00000 29.50000
-3.50000 -21.00000 32.00000
-3.50000 -21.00000 33.00000
-4.00000 -21.50000 34.00000
-3.50000 -21.00000 34.00000
-4.00000 -21.00000 34.50000
-3.50000 -21.00000 36.00000
-4.00000 -21.00000 35.50000
-3.50000 -21.00000 37.00000
-3.50000 -21.00000 38.00000
-4.00000 -21.00000 40.50000
-3.50000 -21.00000 44.00000
-4.00000 -21.00000 43.50000
-4.00000 -20.00000 25.50000
-4.00000 -20.00000 29.50000
-3.50000 -20.00000 33.00000
-3.50000 -20.00000 34.00000
-4.00000 -20.50000 35.00000
-3.50000 -20.00000 35.00000
-3.50000 -20.00000 36.00000
-3.50000 -20.00000 37.00000
-3.50000 -20.00000 38.00000
-4.00000 -20.00000 40.50000
-3.50000 -20.00000 44.00000
-4.00000 -20.00000 43.50000
-4.00000 -19.50000 26.00000
-3.50000 -19.00000 26.00000
-4.00000 -19.00000 26.50000
-4.00000 -19.00000 29.50000
-3.50000 -19.00000 33.00000
-3.50000 -19.00000 34.00000
-3.50000 -19.00000 35.00000
-3.50000 -19.00000 36.00000
-3.50000 -19.00000 37.00000
-3.50000 -19.00000 38.00000
-4.00000 -19.00000 40.50000
-3.50000 -19.00000 44.00000
-4.00000 -19.00000 43.50000
-4.00000 -18.00000 26.50000
-4.00000 -18.00000 29.50000
-3.50000 -18.00000 34.00000
-3.50000 -18.00000 35.00000
-3.50000 -18.00000 36.00000
-3.50000 -18.00000 37.00000
-3.50000 -18.00000 38.00000
-4.00000 -18.00000 40.50000
-3.50000 -18.00000 44.00000
-4.00000 -18.00000 43.50000
-4.00000 -17.00000 26.50000
-4.00000 -17.50000 30.00000
-3.50000 -17.00000 30.00000
-4.00000 -17.00000 30.50000
-3.50000 -17.00000 34.00000
-3.50000 -17.00000 35.00000
-3.50000 -17.00000 36.00000
-3.50000 -17.00000 37.00000
-3.50000 -17.00000 38.00000
-4.00000 -17.00000 40.50000
-3.50000 -17.00000 44.00000
-4.00000 -17.00000 43.50000
-4.00000 -16.00000 26.50000
-4.00000 -16.00000 30.50000
-3.50000 -16.00000 34.00000
-3.50000 -16.00000 35.00000
-3.50000 -16.00000 36.00000
-3.50000 -16.00000 37.00000
-3.50000 -16.00000 38.00000
-4.00000 -16.00000 40.50000
-4.00000 -16.50000 44.00000
-4.00000 -16.00000 44.50000
-4.00000 -15.50000 27.00000
-4.00000 -15.00000 27.50000
-4.00000 -15.00000 30.50000
-3.50000 -15.00000 34.00000
-3.50000 -15.00000 35.00000
-3.50000 -15.00000 36.00000
-3.50000 -15.00000 37.00000
-3.50000 -15.00000 38.00000
-4.00000 -15.00000 40.50000
-3.50000 -15.00000 45.00000
-4.00000 -15.00000 44.50000
-4.00000 -14.00000 27.50000
-3.50000 -14.00000 31.00000
-4.00000 -14.00000 30.50000
-3.50000 -14.00000 34.00000
-3.50000 -14.00000 35.00000
-3.50000 -14.00000 36.00000
-3.50000 -14.00000 37.00000
-3.50000 -14.00000 38.00000
-3.50000 -14.00000 40.00000
-4.00000 -14.50000 41.00000
-3.50000 -14.00000 41.00000
-4.00000 -14.00000 41.50000
-4.00000 -14.50000 45.00000
-4.00000 -14.00000 45.50000
-4.00000 -13.50000 28.00000
-3.50000 -13.00000 28.00000
-4.00000 -13.00000 28.50000
-4.00000 -13.50000 31.00000
-4.00000 -13.00000 31.50000
-3.50000 -13.00000 35.00000
-3.50000 -13.00000 36.00000
-3.50000 -13.00000 37.00000
-3.50000 -13.00000 38.00000
-3.50000 -13.00000 39.00000
-3.50000 -13.00000 40.00000
-3.50000 -13.00000 41.00000
-4.00000 -13.00000 41.50000
-4.00000 -13.00000 45.50000
-4.00000 -12.00000 28.50000
-4.00000 -12.00000 31.50000
-3.50000 -12.00000 35.00000
-3.50000 -12.00000 36.00000
-3.50000 -12.00000 37.00000
-3.50000 -12.00000 38.00000
-3.50000 -12.00000 39.00000
-3.50000 -12.00000 40.00000
-3.50000 -12.00000 41.00000
-4.00000 -12.00000 41.50000
-4.00000 -12.00000 45.50000
-4.00000 -11.00000 28.50000
-4.00000 -11.00000 31.50000
-3.50000 -11.00000 35.00000
-3.50000 -11.00000 36.00000
-3.50000 -11.00000 37.00000
-3.50000 -11.00000 38.00000
-3.50000 -11.00000 39.00000
-3.50000 -11.00000 40.00000
-3.50000 -11.00000 41.00000
-4.00000 -11.00000 41.50000
-4.00000 -11.00000 45.50000
-4.00000 -10.00000 28.50000
-4.00000 -10.00000 31.50000
-3.50000 -10.00000 35.00000
-3.50000 -10.00000 36.00000
-3.50000 -10.00000 37.00000
-3.50000 -10.00000 38.00000
-3.50000 -10.00000 39.00000
-3.50000 -10.00000 40.00000
-3.50000 -10.00000 41.00000
-4.00000 -10.00000 41.50000
-4.00000 -10.50000 45.00000
-4.00000 -10.00000 44.50000
-4.00000 -9.50000 29.00000
-3.50000 -9.00000 29.00000
-4.00000 -9.00000 29.50000
-3.50000 -9.00000 32.00000
-4.00000 -9.00000 31.50000
-3.50000 -9.00000 35.00000
-3.50000 -9.00000 36.00000
-3.50000 -9.00000 37.00000
-3.50000 -9.00000 38.00000
-3.50000 -9.00000 39.00000
-3.50000 -9.00000 40.00000
-4.00000 -9.00000 41.50000
-4.00000 -9.00000 44.50000
-4.00000 -8.00000 29.50000
-3.50000 -8.00000 32.00000
-4.00000 -8.00000 31.50000
-3.50000 -8.00000 35.00000
-3.50000 -8.00000 36.00000
-3.50000 -8.00000 37.00000
-3.50000 -8.00000 38.00000
-3.50000 -8.00000 39.00000
-4.00000 -8.00000 41.50000
-3.50000 -8.00000 44.00000
-4.00000 -8.50000 44.00000
-4.00000 -8.00000 43.50000
-4.00000 -7.00000 29.50000
-4.00000 -7.50000 32.00000
-4.00000 -7.00000 32.50000
-3.50000 -7.00000 35.00000
-3.50000 -7.00000 36.00000
-3.50000 -7.00000 37.00000
-3.50000 -7.00000 38.00000
-3.50000 -7.00000 39.00000
-4.00000 -7.00000 40.50000
-4.00000 -7.50000 41.00000
-3.50000 -7.00000 44.00000
-4.00000 -7.00000 43.50000
-4.00000 -6.00000 29.50000
-4.00000 -6.00000 32.50000
-3.50000 -6.00000 35.00000
-4.00000 -6.00000 35.50000
-4.00000 -6.50000 36.00000
-4.00000 -6.00000 36.50000
-3.50000 -6.00000 37.00000
-3.50000 -6.00000 38.00000
-3.50000 -6.00000 39.00000
-4.00000 -6.00000 40.50000
-3.50000 -6.00000 44.00000
-4.00000 -6.00000 43.50000
-4.00000 -5.00000 29.50000
-4.00000 -5.00000 32.50000
-3.50000 -5.00000 35.00000
-4.00000 -5.00000 35.50000
-3.50000 -5.00000 37.00000
-4.00000 -5.00000 36.50000
-3.50000 -5.00000 38.00000
-3.50000 -5.00000 39.00000
-3.50000 -5.00000 40.00000
-4.00000 -5.00000 40.50000
-3.50000 -5.00000 44.00000
-4.00000 -5.00000 43.50000
-4.00000 -4.00000 29.50000
-3.50000 -4.00000 32.00000
-4.00000 -4.50000 32.00000
-4.00000 -4.00000 31.50000
-3.50000 -4.00000 35.00000
-4.00000 -4.00000 35.50000
-3.50000 -4.00000 37.00000
-4.00000 -4.00000 36.50000
-3.50000 -4.00000 38.00000
-3.50000 -4.00000 39.00000
-3.50000 -4.00000 40.00000
-4.00000 -4.00000 40.50000
-3.50000 -4.00000 44.00000
-4.00000 -4.00000 43.50000
-4.00000 -3.00000 29.50000
-3.50000 -3.00000 32.00000
-4.00000 -3.00000 31.50000
-3.50000 -3.00000 35.00000
-4.00000 -3.00000 35.50000
-3.50000 -3.00000 37.00000
-4.00000 -3.00000 36.50000
-3.50000 -3.00000 38.00000
-3.50000 -3.00000 39.00000
-3.50000 -3.00000 40.00000
-4.00000 -3.00000 40.50000
-3.50000 -3.00000 44.00000
-4.00000 -3.00000 43.50000
-4.00000 -2.00000 28.50000
-4.00000 -2.50000 29.00000
-4.00000 -2.00000 31.50000
-3.50000 -2.00000 35.00000
-4.00000 -2.00000 35.50000
-3.50000 -2.00000 37.00000
-4.00000 -2.00000 36.50000
-3.50000 -2.00000 38.00000
-3.50000 -2.00000 39.00000
-3.50000 -2.00000 40.00000
-4.00000 -2.00000 40.50000
-4.00000 -2.50000 44.00000
-4.00000 -2.00000 44.50000
-4.00000 -1.00000 28.50000
-4.00000 -1.00000 31.50000
-3.50000 -1.00000 34.00000
-3.50000 -1.00000 35.00000
-4.00000 -1.00000 35.50000
-3.50000 -1.00000 37.00000
-4.00000 -1.00000 36.50000
-3.50000 -1.00000 38.00000
-3.50000 -1.00000 39.00000
-3.50000 -1.00000 40.00000
-4.00000 -1.00000 40.50000
-4.00000 -1.00000 44.50000
-4.00000 0.00000 28.50000
-4.00000 0.00000 31.50000
-3.50000 0.00000 34.00000
-4.00000 0.00000 34.50000
-4.00000 -0.50000 35.00000
-3.50000 0.00000 37.00000
-4.00000 0.00000 36.50000
-3.50000 0.00000 38.00000
-3.50000 0.00000 39.00000
-4.00000 0.00000 39.50000
-4.00000 -0.50000 40.00000
-4.00000 -0.50000 44.00000
-4.00000 0.00000 43.50000
-4.00000 0.50000 29.00000
-3.50000 1.00000 29.00000
-4.00000 1.00000 29.50000
-4.00000 1.00000 31.50000
-3.50000 1.00000 34.00000
-4.00000 1.00000 34.50000
-3.50000 1.00000 37.00000
-4.00000 1.00000 36.50000
-3.50000 1.00000 38.00000
-3.50000 1.00000 39.00000
-4.00000 1.00000 39.50000
-4.00000 1.00000 43.50000
-4.00000 1.50000 30.00000
-3.50000 2.00000 31.00000
-4.00000 1.50000 31.00000
-3.50000 2.00000 33.00000
-3.50000 2.00000 34.00000
-4.00000 2.00000 34.50000
-3.50000 2.00000 36.00000
-4.00000 1.50000 36.00000
-4.00000 2.00000 35.50000
-3.50000 2.00000 37.00000
-3.50000 2.00000 38.00000
-4.00000 2.00000 38.50000
-4.00000 1.50000 39.00000
-3.50000 2.00000 43.00000
-4.00000 1.50000 43.00000
-4.00000 2.00000 42.50000
-3.50000 3.00000 34.00000
-4.00000 2.50000 35.00000
-3.50000 3.00000 35.00000
-3.50000 3.00000 36.00000
-3.50000 3.00000 37.00000
-3.50000 3.00000 38.00000
-4.00000 3.00000 38.50000
-4.00000 3.00000 42.50000
-3.50000 4.00000 39.00000
-4.00000 3.50000 39.00000
-4.00000 4.00000 39.50000
-4.00000 3.50000 42.00000
-4.00000 4.00000 41.50000
-4.00000 4.50000 40.00000
-4.00000 4.50000 41.00000
-4.50000 -39.00000 47.00000
-4.50000 -39.00000 48.00000
-4.50000 -38.00000 45.00000
-5.00000 -38.00000 44.50000
-5.00000 -38.50000 45.00000
-5.00000 -38.50000 46.00000
-5.00000 -38.50000 47.00000
-5.00000 -38.50000 48.00000
-5.00000 -38.00000 48.50000
-5.00000 -37.00000 44.50000
-4.50000 -37.00000 48.00000
-5.00000 -37.50000 48.00000
-5.00000 -37.00000 47.50000
-4.50000 -36.00000 40.00000
-4.50000 -36.00000 41.00000
-4.50000 -36.00000 42.00000
-4.50000 -36.00000 44.00000
-5.00000 -36.00000 43.50000
-5.00000 -36.50000 44.00000
-5.00000 -36.00000 47.50000
-5.00000 -35.00000 36.50000
-5.00000 -35.50000 37.00000
-5.00000 -35.50000 38.00000
-5.00000 -35.50000 39.00000
-5.00000 -35.50000 40.00000
-5.00000 -35.00000 40.50000
-4.50000 -35.00000 41.00000
-5.00000 -35.00000 43.50000
-4.50000 -35.00000 47.00000
-5.00000 -35.50000 47.00000
-5.00000 -35.00000 46.50000
-5.00000 -34.00000 34.50000
-5.00000 -34.50000 35.00000
-5.00000 -34.50000 36.00000
-4.50000 -34.00000 40.00000
-5.00000 -34.50000 40.00000
-5.00000 -34.00000 39.50000
-4.50000 -34.00000 41.00000
-5.00000 -34.00000 43.50000
-5.00000 -34.00000 46.50000
-5.00000 -33.00000 32.50000
-5.00000 -33.50000 33.00000
-5.00000 -33.50000 34.00000
-4.50000 -33.00000 39.00000
-5.00000 -33.50000 39.00000
-5.00000 -33.00000 38.50000
-4.50000 -33.00000 40.00000
-4.50000 -33.00000 43.00000
-5.00000 -33.00000 42.50000
-5.00000 -33.50000 43.00000
-4.50000 -33.00000 46.00000
-5.00000 -33.50000 46.00000
-5.00000 -33.00000 45.50000
-4.50000 -32.00000 31.00000
-5.00000 -32.00000 31.50000
-5.00000 -32.50000 32.00000
-4.50000 -32.00000 39.00000
-5.00000 -32.00000 38.50000
-4.50000 -32.00000 43.00000
-5.00000 -32.00000 42.50000
-4.50000 -32.00000 46.00000
-5.00000 -32.00000 45.50000
-5.00000 -31.00000 24.50000
-5.00000 -31.50000 25.00000
-5.00000 -31.50000 26.00000
-5.00000 -31.50000 27.00000
-5.00000 -31.50000 28.00000
-4.50000 -31.00000 28.00000
-5.00000 -31.00000 28.50000
-4.50000 -31.00000 31.00000
-5.00000 -31.00000 31.50000
-4.50000 -31.00000 38.00000
-5.00000 -31.50000 38.00000
-5.00000 -31.00000 37.50000
-4.50000 -31.00000 39.00000
-5.00000 -31.00000 42.50000
-5.00000 -31.00000 45.50000
-5.00000 -30.50000 25.00000
-4.50000 -30.00000 25.00000
-5.00000 -30.00000 25.50000
-4.50000 -30.00000 28.00000
-5.00000 -30.00000 28.50000
-4.50000 -30.00000 32.00000
-5.00000 -30.50000 32.00000
-5.00000 -30.00000 32.50000
-4.50000 -30.00000 37.00000
-5.00000 -30.50000 37.00000
-5.00000 -30.00000 36.50000
-4.50000 -30.00000 38.00000
-4.50000 -30.00000 42.00000
-5.00000 -30.00000 41.50000
-5.00000 -30.50000 42.00000
-4.50000 -30.00000 45.00000
-5.00000 -30.50000 45.00000
-5.00000 -30.00000 44.50000
-4.50000 -29.00000 25.00000
-5.00000 -29.00000 25.50000
-5.00000 -29.00000 28.50000
-4.50000 -29.00000 32.00000
-5.00000 -29.00000 32.50000
-4.50000 -29.00000 37.00000
-5.00000 -29.00000 36.50000
-4.50000 -29.00000 38.00000
-4.50000 -29.00000 42.00000
-5.00000 -29.00000 41.50000
-4.50000 -29.00000 45.00000
-5.00000 -29.00000 44.50000
-4.50000 -28.00000 25.00000
-5.00000 -28.00000 25.50000
-5.00000 -28.00000 28.50000
-4.50000 -28.00000 32.00000
-5.00000 -28.50000 33.00000
-4.50000 -28.00000 33.00000
-5.00000 -28.00000 33.50000
-4.50000 -28.00000 36.00000
-5.00000 -28.50000 36.00000
-5.00000 -28.00000 35.50000
-4.50000 -28.00000 37.00000
-4.50000 -28.00000 41.00000
-5.00000 -28.00000 40.50000
-5.00000 -28.50000 41.00000
-5.00000 -28.00000 44.50000
-5.00000 -27.00000 25.50000
-5.00000 -27.00000 28.50000
-4.50000 -27.00000 33.00000
-5.00000 -27.50000 34.00000
-4.50000 -27.00000 34.00000
-4.50000 -27.00000 35.00000
-5.00000 -27.50000 35.00000
-4.50000 -27.00000 36.00000
-4.50000 -27.00000 37.00000
-4.50000 -27.00000 41.00000
-5.00000 -27.00000 40.50000
-4.50000 -27.00000 44.00000
-5.00000 -27.50000 44.00000
-5.00000 -27.00000 43.50000
-5.00000 -26.00000 25.50000
-5.00000 -26.50000 29.00000
-4.50000 -26.00000 29.00000
-5.00000 -26.00000 29.50000
-4.50000 -26.00000 33.00000
-4.50000 -26.00000 34.00000
-4.50000 -26.00000 35.00000
-4.50000 -26.00000 36.00000
-4.50000 -26.00000 37.00000
-4.50000 -26.00000 40.00000
-5.00000 -26.00000 39.50000
-5.00000 -26.50000 40.00000
-4.50000 -26.00000 44.00000
-5.00000 -26.00000 43.50000
-5.00000 -25.00000 25.50000
-4.50000 -25.00000 29.00000
-5.00000 -25.00000 29.50000
-4.50000 -25.00000 33.00000
-4.50000 -25.00000 34.00000
-4.50000 -25.00000 35.00000
-4.50000 -25.00000 36.00000
-4.50000 -25.00000 40.00000
-5.00000 -25.00000 39.50000
-4.50000 -25.00000 44.00000
-5.00000 -25.00000 43.50000
-5.00000 -24.00000 25.50000
-4.50000 -24.00000 29.00000
-5.00000 -24.00000 29.50000
-4.50000 -24.00000 33.00000
-4.50000 -24.00000 34.00000
-4.50000 -24.00000 35.00000
-4.50000 -24.00000 36.00000
-4.50000 -24.00000 40.00000
-5.00000 -24.00000 39.50000
-5.00000 -24.00000 43.50000
-5.00000 -23.00000 25.50000
-5.00000 -23.00000 29.50000
-4.50000 -23.00000 33.00000
-4.50000 -23.00000 34.00000
-4.50000 -23.00000 35.00000
-4.50000 -23.00000 36.00000
-4.50000 -23.00000 40.00000
-5.00000 -23.00000 39.50000
-5.00000 -23.00000 43.50000
-5.00000 -22.00000 25.50000
-5.00000 -22.00000 29.50000
-4.50000 -22.00000 34.00000
-4.50000 -22.00000 35.00000
-4.50000 -22.00000 40.00000
-5.00000 -22.00000 39.50000
-5.00000 -22.00000 43.50000
-5.00000 -21.50000 26.00000
-4.50000 -21.00000 26.00000
-5.00000 -21.00000 26.50000
-5.00000 -21.00000 29.50000
-4.50000 -21.00000 35.00000
-4.50000 -21.00000 40.00000
-5.00000 -21.00000 39.50000
-5.00000 -21.00000 43.50000
-4.50000 -20.00000 26.00000
-5.00000 -20.00000 26.50000
-5.00000 -20.00000 29.50000
-4.50000 -20.00000 40.00000
-5.00000 -20.00000 39.50000
-5.00000 -20.00000 43.50000
-5.00000 -19.00000 26.50000
-5.00000 -19.50000 30.00000
-4.50000 -19.00000 30.00000
-5.00000 -19.00000 30.50000
-4.50000 -19.00000 40.00000
-5.00000 -19.00000 39.50000
-5.00000 -19.00000 43.50000
-5.00000 -18.00000 26.50000
-4.50000 -18.00000 30.00000
-5.00000 -18.00000 30.50000
-4.50000 -18.00000 40.00000
-5.00000 -18.00000 39.50000
-5.00000 -18.00000 43.50000
-5.00000 -17.00000 26.50000
-5.00000 -17.00000 30.50000
-4.50000 -17.00000 40.00000
-5.00000 -17.00000 39.50000
-5.00000 -17.00000 43.50000
-5.00000 -16.50000 27.00000
-4.50000 -16.00000 27.00000
-5.00000 -16.00000 27.50000
-5.00000 -16.00000 30.50000
-4.50000 -16.00000 40.00000
-5.00000 -16.00000 39.50000
-4.50000 -16.00000 44.00000
-5.00000 -16.00000 43.50000
-5.00000 -15.00000 27.50000
-5.00000 -15.00000 30.50000
-4.50000 -15.00000 40.00000
-5.00000 -15.00000 39.50000
-5.00000 -15.50000 44.00000
-5.00000 -15.00000 44.50000
-5.00000 -14.00000 27.50000
-5.00000 -14.50000 31.00000
-4.50000 -14.00000 31.00000
-5.00000 -14.00000 31.50000
-5.00000 -14.50000 40.00000
-4.50000 -14.00000 41.00000
-5.00000 -14.00000 40.50000
-5.00000 -14.50000 45.00000
-5.00000 -14.00000 45.50000
-5.00000 -13.50000 28.00000
-5.00000 -13.00000 28.50000
-5.00000 -13.00000 31.50000
-5.00000 -13.50000 41.00000
-5.00000 -13.00000 41.50000
-5.00000 -13.00000 45.50000
-5.00000 -12.00000 28.50000
-5.00000 -12.00000 31.50000
-5.00000 -12.00000 41.50000
-5.00000 -12.00000 45.50000
-5.00000 -11.00000 28.50000
-5.00000 -11.00000 31.50000
-5.00000 -11.00000 41.50000
-4.50000 -11.00000 45.00000
-5.00000 -11.50000 45.00000
-5.00000 -11.00000 44.50000
-5.00000 -10.50000 29.00000
-4.50000 -10.00000 29.00000
-5.00000 -10.00000 29.50000
-5.00000 -10.00000 31.50000
-5.00000 -10.00000 41.50000
-4.50000 -10.00000 44.00000
-5.00000 -10.50000 44.00000
-5.00000 -10.00000 43.50000
-5.00000 -9.00000 29.50000
-5.00000 -9.00000 31.50000
-4.50000 -9.00000 41.00000
-5.00000 -9.00000 40.50000
-5.00000 -9.50000 41.00000
-4.50000 -9.00000 44.00000
-5.00000 -9.00000 43.50000
-5.00000 -8.00000 29.50000
-5.00000 -8.50000 32.00000
-4.50000 -8.00000 32.00000
-5.00000 -8.00000 32.50000
-4.50000 -8.00000 41.00000
-5.00000 -8.00000 40.50000
-5.00000 -8.00000 43.50000
-5.00000 -7.00000 29.50000
-5.00000 -7.00000 32.50000
-5.00000 -7.00000 40.50000
-5.00000 -7.00000 43.50000
-5.00000 -6.00000 29.50000
-5.00000 -6.00000 32.50000
-4.50000 -6.00000 36.00000
-4.50000 -6.00000 40.00000
-5.00000 -6.00000 39.50000
-5.00000 -6.50000 40.00000
-5.00000 -6.00000 43.50000
-5.00000 -5.00000 29.50000
-5.00000 -5.00000 32.50000
-4.50000 -5.00000 36.00000
-4.50000 -5.00000 40.00000
-5.00000 -5.00000 39.50000
-5.00000 -5.00000 43.50000
-5.00000 -4.00000 29.50000
-5.00000 -4.50000 32.00000
-5.00000 -4.00000 31.50000
-4.50000 -4.00000 36.00000
-4.50000 -4.00000 40.00000
-5.00000 -4.00000 39.50000
-5.00000 -4.00000 43.50000
-5.00000 -3.00000 29.50000
-5.00000 -3.00000 31.50000
-4.50000 -3.00000 36.00000
-5.00000 -3.50000 40.00000
-5.00000 -3.00000 40.50000
-5.00000 -3.00000 43.50000
-4.50000 -2.00000 29.00000
-5.00000 -2.00000 29.50000
-5.00000 -2.00000 31.50000
-4.50000 -2.00000 36.00000
-5.00000 -2.00000 40.50000
-4.50000 -2.00000 44.00000
-5.00000 -2.00000 43.50000
-5.00000 -1.00000 28.50000
-5.00000 -1.50000 29.00000
-5.00000 -1.00000 31.50000
-4.50000 -1.00000 36.00000
-5.00000 -1.00000 40.50000
-4.50000 -1.00000 44.00000
-5.00000 -1.00000 43.50000
-5.00000 0.00000 28.50000
-5.00000 0.00000 31.50000
-4.50000 0.00000 35.00000
-4.50000 0.00000 36.00000
-5.00000 0.00000 39.50000
-5.00000 -0.50000 40.00000
-5.00000 0.00000 43.50000
-4.50000 1.00000 29.00000
-5.00000 1.00000 28.50000
-4.50000 1.00000 31.00000
-5.00000 0.50000 31.00000
-5.00000 1.00000 30.50000
-4.50000 1.00000 35.00000
-4.50000 1.00000 36.00000
-5.00000 1.00000 39.50000
-5.00000 1.00000 43.50000
-5.00000 1.50000 29.00000
-5.00000 1.50000 30.00000
-4.50000 2.00000 35.00000
-5.00000 2.00000 38.50000
-5.00000 1.50000 39.00000
-5.00000 1.50000 43.00000
-5.00000 2.00000 42.50000
-5.00000 3.00000 38.50000
-4.50000 3.00000 42.00000
-5.00000 2.50000 42.00000
-5.00000 3.00000 41.50000
-5.00000 3.50000 39.00000
-4.50000 4.00000 40.00000
-5.00000 3.50000 40.00000
-4.50000 4.00000 41.00000
-5.00000 3.50000 41.00000
-6.00000 -38.00000 44.50000
-6.00000 -38.50000 45.00000
-6.00000 -38.50000 46.00000
-6.00000 -38.50000 47.00000
-5.50000 -38.00000 48.00000
-6.00000 -38.00000 47.50000
-5.50000 -37.00000 44.00000
-6.00000 -37.00000 43.50000
-6.00000 -37.50000 44.00000
-6.00000 -37.00000 47.50000
-6.00000 -36.00000 43.50000
-5.50000 -36.00000 47.00000
-6.00000 -36.50000 47.00000
-6.00000 -36.00000 46.50000
-6.00000 -35.00000 36.50000
-6.00000 -35.50000 37.00000
-6.00000 -35.50000 38.00000
-6.00000 -35.50000 39.00000
-5.50000 -35.00000 40.00000
-6.00000 -35.00000 39.50000
-6.00000 -35.00000 43.50000
-6.00000 -35.00000 46.50000
-6.00000 -34.00000 34.50000
-6.00000 -34.50000 35.00000
-6.00000 -34.50000 36.00000
-6.00000 -34.00000 39.50000
-5.50000 -34.00000 43.00000
-6.00000 -34.00000 42.50000
-6.00000 -34.50000 43.00000
-5.50000 -34.00000 46.00000
-6.00000 -34.50000 46.00000
-6.00000 -34.00000 45.50000
-5.50000 -33.00000 33.00000
-6.00000 -33.00000 33.50000
-6.00000 -33.50000 34.00000
-6.00000 -33.50000 39.00000
-6.00000 -33.00000 38.50000
-6.00000 -33.00000 42.50000
-6.00000 -33.00000 45.50000
-5.50000 -32.00000 27.00000
-6.00000 -32.00000 26.50000
-6.00000 -32.50000 27.00000
-6.00000 -32.50000 28.00000
-5.50000 -32.00000 28.00000
-6.00000 -32.00000 28.50000
-5.50000 -32.00000 32.00000
-6.00000 -32.00000 32.50000
-6.00000 -32.50000 33.00000
-5.50000 -32.00000 38.00000
-6.00000 -32.50000 38.00000
-6.00000 -32.00000 37.50000
-5.50000 -32.00000 42.00000
-6.00000 -32.00000 41.50000
-6.00000 -32.50000 42.00000
-6.00000 -32.00000 45.50000
-5.50000 -31.00000 25.00000
-6.00000 -31.00000 25.50000
-6.00000 -31.50000 26.00000
-6.00000 -31.00000 28.50000
-5.50000 -31.00000 32.00000
-6.00000 -31.50000 33.00000
-5.50000 -31.00000 33.00000
-6.00000 -31.00000 33.50000
-5.50000 -31.00000 36.00000
-6.00000 -31.50000 36.00000
-6.00000 -31.00000 35.50000
-5.50000 -31.00000 37.00000
-6.00000 -31.50000 37.00000
-5.50000 -31.00000 42.00000
-6.00000 -31.00000 41.50000
-5.50000 -31.00000 45.00000
-6.00000 -31.50000 45.00000
-6.00000 -31.00000 44.50000
-6.00000 -30.00000 25.50000
-6.00000 -30.00000 28.50000
-5.50000 -30.00000 33.00000
-6.00000 -30.50000 34.00000
-5.50000 -30.00000 34.00000
-5.50000 -30.00000 35.00000
-6.00000 -30.50000 35.00000
-5.50000 -30.00000 36.00000
-5.50000 -30.00000 41.00000
-6.00000 -30.00000 40.50000
-6.00000 -30.50000 41.00000
-6.00000 -30.00000 44.50000
-6.00000 -29.00000 25.50000
-6.00000 -29.50000 29.00000
-5.50000 -29.00000 29.00000
-6.00000 -29.00000 29.50000
-5.50000 -29.00000 33.00000
-5.50000 -29.00000 34.00000
-5.50000 -29.00000 35.00000
-5.50000 -29.00000 36.00000
-5.50000 -29.00000 41.00000
-6.00000 -29.00000 40.50000
-5.50000 -29.00000 44.00000
-6.00000 -29.50000 44.00000
-6.00000 -29.00000 43.50000
-6.00000 -28.00000 25.50000
-5.50000 -28.00000 29.00000
-6.00000 -28.00000 29.50000
-5.50000 -28.00000 34.00000
-5.50000 -28.00000 35.00000
-5.50000 -28.00000 40.00000
-6.00000 -28.00000 39.50000
-6.00000 -28.50000 40.00000
-5.50000 -28.00000 44.00000
-6.00000 -28.00000 43.50000
-6.00000 -27.00000 25.50000
-5.50000 -27.00000 29.00000
-6.00000 -27.00000 29.50000
-5.50000 -27.00000 40.00000
-6.00000 -27.00000 39.50000
-6.00000 -27.00000 43.50000
-6.00000 -26.00000 25.50000
-6.00000 -26.00000 29.50000
-6.00000 -26.00000 39.50000
-6.00000 -26.00000 43.50000
-6.00000 -25.00000 25.50000
-6.00000 -25.00000 29.50000
-5.50000 -25.00000 39.00000
-6.00000 -25.00000 38.50000
-6.00000 -25.50000 39.00000
-5.50000 -25.00000 43.00000
-6.00000 -25.50000 43.00000
-6.00000 -25.00000 42.50000
-6.00000 -24.50000 26.00000
-5.50000 -24.00000 26.00000
-6.00000 -24.00000 26.50000
-6.00000 -24.00000 29.50000
-5.50000 -24.00000 39.00000
-6.00000 -24.00000 38.50000
-5.50000 -24.00000 43.00000
-6.00000 -24.00000 42.50000
-5.50000 -23.00000 26.00000
-6.00000 -23.00000 26.50000
-6.00000 -23.00000 29.50000
-5.50000 -23.00000 39.00000
-6.00000 -23.00000 38.50000
-5.50000 -23.00000 43.00000
-6.00000 -23.00000 42.50000
-5.50000 -22.00000 26.00000
-6.00000 -22.00000 26.50000
-6.00000 -22.00000 29.50000
-5.50000 -22.00000 39.00000
-6.00000 -22.00000 38.50000
-5.50000 -22.00000 43.00000
-6.00000 -22.00000 42.50000
-6.00000 -21.00000 26.50000
-6.00000 -21.50000 30.00000
-5.50000 -21.00000 30.00000
-6.00000 -21.00000 30.50000
-5.50000 -21.00000 39.00000
-6.00000 -21.00000 38.50000
-5.50000 -21.00000 43.00000
-6.00000 -21.00000 42.50000
-6.00000 -20.00000 26.50000
-5.50000 -20.00000 30.00000
-6.00000 -20.00000 30.50000
-5.50000 -20.00000 39.00000
-6.00000 -20.00000 38.50000
-5.50000 -20.00000 43.00000
-6.00000 -20.00000 42.50000
-6.00000 -19.50000 27.00000
-5.50000 -19.00000 27.00000
-6.00000 -19.00000 27.50000
-6.00000 -19.00000 30.50000
-5.50000 -19.00000 39.00000
-6.00000 -19.00000 38.50000
-5.50000 -19.00000 43.00000
-6.00000 -19.00000 42.50000
-5.50000 -18.00000 27.00000
-6.00000 -18.00000 27.50000
-6.00000 -18.00000 30.50000
-5.50000 -18.00000 39.00000
-6.00000 -18.00000 38.50000
-5.50000 -18.00000 43.00000
-6.00000 -18.00000 42.50000
-5.50000 -17.00000 27.00000
-6.00000 -17.00000 27.50000
-6.00000 -17.00000 30.50000
-5.50000 -17.00000 39.00000
-6.00000 -17.00000 38.50000
-5.50000 -17.00000 43.00000
-6.00000 -17.00000 42.50000
-6.00000 -16.00000 27.50000
-6.00000 -16.00000 30.50000
-5.50000 -16.00000 39.00000
-6.00000 -16.00000 38.50000
-6.00000 -16.50000 43.00000
-6.00000 -16.00000 43.50000
-6.00000 -15.50000 28.00000
-5.50000 -15.00000 28.00000
-6.00000 -15.00000 28.50000
-6.00000 -15.00000 30.50000
-5.50000 -15.00000 39.00000
-6.00000 -15.00000 38.50000
-6.00000 -15.50000 44.00000
-6.00000 -15.00000 44.50000
-5.50000 -14.00000 28.00000
-6.00000 -14.00000 28.50000
-6.00000 -14.50000 31.00000
-6.00000 -14.00000 31.50000
-5.50000 -14.00000 39.00000
-6.00000 -14.00000 38.50000
-5.50000 -14.00000 40.00000
-5.50000 -14.00000 45.00000
-6.00000 -14.00000 44.50000
-6.00000 -13.00000 28.50000
-6.00000 -13.00000 31.50000
-6.00000 -13.50000 39.00000
-6.00000 -13.50000 40.00000
-6.00000 -13.50000 41.00000
-6.00000 -13.00000 41.50000
-5.50000 -13.00000 45.00000
-6.00000 -13.00000 44.50000
-6.00000 -12.50000 29.00000
-5.50000 -12.00000 29.00000
-6.00000 -12.00000 29.50000
-6.00000 -12.00000 31.50000
-6.00000 -12.00000 41.50000
-5.50000 -12.00000 45.00000
-6.00000 -12.00000 44.50000
-5.50000 -11.00000 29.00000
-6.00000 -11.00000 29.50000
-6.00000 -11.00000 31.50000
-5.50000 -11.00000 41.00000
-6.00000 -11.00000 40.50000
-6.00000 -11.50000 41.00000
-5.50000 -11.00000 44.00000
-6.00000 -11.50000 44.00000
-6.00000 -11.00000 43.50000
-6.00000 -10.00000 29.50000
-6.00000 -10.00000 31.50000
-5.50000 -10.00000 41.00000
-6.00000 -10.00000 40.50000
-6.00000 -10.00000 43.50000
-6.00000 -9.00000 29.50000
-6.00000 -9.00000 31.50000
-5.50000 -9.00000 40.00000
-6.00000 -9.00000 39.50000
-6.00000 -9.50000 40.00000
-5.50000 -9.00000 43.00000
-6.00000 -9.50000 43.00000
-6.00000 -9.00000 42.50000
-6.00000 -8.00000 29.50000
-5.50000 -8.00000 32.00000
-6.00000 -8.00000 31.50000
-5.50000 -8.00000 40.00000
-6.00000 -8.00000 39.50000
-5.50000 -8.00000 43.00000
-6.00000 -8.00000 42.50000
-6.00000 -7.00000 29.50000
-5.50000 -7.00000 32.00000
-6.00000 -7.00000 31.50000
-5.50000 -7.00000 40.00000
-6.00000 -7.00000 39.50000
-5.50000 -7.00000 43.00000
-6.00000 -7.00000 42.50000
-6.00000 -6.00000 29.50000
-5.50000 -6.00000 32.00000
-6.00000 -6.00000 31.50000
-5.50000 -6.00000 39.00000
-6.00000 -6.00000 38.50000
-6.00000 -6.50000 39.00000
-5.50000 -6.00000 43.00000
-6.00000 -6.00000 42.50000
-6.00000 -5.00000 29.50000
-5.50000 -5.00000 32.00000
-6.00000 -5.00000 31.50000
-5.50000 -5.00000 39.00000
-6.00000 -5.00000 38.50000
-5.50000 -5.00000 43.00000
-6.00000 -5.00000 42.50000
-6.00000 -4.00000 29.50000
-6.00000 -4.00000 31.50000
-5.50000 -4.00000 39.00000
-6.00000 -4.00000 38.50000
-5.50000 -4.00000 43.00000
-6.00000 -4.00000 42.50000
-6.00000 -3.00000 29.50000
-6.00000 -3.00000 31.50000
-6.00000 -3.50000 39.00000
-5.50000 -3.00000 40.00000
-6.00000 -3.00000 39.50000
-5.50000 -3.00000 43.00000
-6.00000 -3.00000 42.50000
-6.00000 -2.00000 29.50000
-6.00000 -2.00000 31.50000
-5.50000 -2.00000 40.00000
-6.00000 -2.00000 39.50000
-6.00000 -2.50000 43.00000
-6.00000 -2.00000 43.50000
-5.50000 -1.00000 29.00000
-6.00000 -1.00000 29.50000
-5.50000 -1.00000 31.00000
-6.00000 -1.50000 31.00000
-6.00000 -1.00000 30.50000
-5.50000 -1.00000 40.00000
-6.00000 -1.00000 39.50000
-6.00000 -1.00000 43.50000
-5.50000 0.00000 29.00000
-6.00000 0.00000 29.50000
-5.50000 0.00000 31.00000
-6.00000 0.00000 30.50000
-5.50000 0.00000 39.00000
-6.00000 0.00000 38.50000
-6.00000 -0.50000 39.00000
-5.50000 0.00000 43.00000
-6.00000 -0.50000 43.00000
-6.00000 0.00000 42.50000
-5.50000 1.00000 29.00000
-6.00000 1.00000 29.50000
-6.00000 1.00000 30.50000
-5.50000 1.00000 39.00000
-6.00000 1.00000 38.50000
-5.50000 1.00000 43.00000
-6.00000 1.00000 42.50000
-6.00000 1.50000 30.00000
-5.50000 2.00000 38.00000
-6.00000 2.00000 37.50000
-6.00000 1.50000 38.00000
-5.50000 2.00000 42.00000
-6.00000 1.50000 42.00000
-6.00000 2.00000 41.50000
-5.50000 3.00000 38.00000
-6.00000 3.00000 37.50000
-6.00000 3.00000 41.50000
-6.00000 3.50000 38.00000
-6.00000 3.50000 39.00000
-6.00000 3.50000 40.00000
-6.00000 3.50000 41.00000
-6.50000 -38.00000 44.00000
-7.00000 -38.00000 43.50000
-7.00000 -38.50000 44.00000
-7.00000 -38.50000 45.00000
-7.00000 -38.50000 46.00000
-7.00000 -38.50000 47.00000
-7.00000 -38.00000 47.50000
-7.00000 -37.00000 43.50000
-6.50000 -37.00000 47.00000
-7.00000 -37.50000 47.00000
-7.00000 -37.00000 46.50000
-6.50000 -36.00000 43.00000
-7.00000 -36.00000 42.50000
-7.00000 -36.50000 43.00000
-7.00000 -36.00000 46.50000
-7.00000 -35.00000 36.50000
-7.00000 -35.50000 37.00000
-6.50000 -35.00000 38.00000
-7.00000 -35.00000 37.50000
-6.50000 -35.00000 39.00000
-6.50000 -35.00000 43.00000
-7.00000 -35.00000 42.50000
-6.50000 -35.00000 46.00000
-7.00000 -35.50000 46.00000
-7.00000 -35.00000 45.50000
-7.00000 -34.00000 34.50000
-7.00000 -34.50000 35.00000
-7.00000 -34.50000 36.00000
-7.00000 -34.50000 38.00000
-7.00000 -34.00000 38.50000
-6.50000 -34.00000 39.00000
-6.50000 -34.00000 42.00000
-7.00000 -34.00000 41.50000
-7.00000 -34.50000 42.00000
-7.00000 -34.00000 45.50000
-7.00000 -33.00000 33.50000
-7.00000 -33.50000 34.00000
-6.50000 -33.00000 37.00000
-7.00000 -33.50000 37.00000
-7.00000 -33.00000 36.50000
-6.50000 -33.00000 38.00000
-7.00000 -33.50000 38.00000
-6.50000 -33.00000 42.00000
-7.00000 -33.00000 41.50000
-6.50000 -33.00000 45.00000
-7.00000 -33.50000 45.00000
-7.00000 -33.00000 44.50000
-7.00000 -32.00000 26.50000
-7.00000 -32.50000 27.00000
-7.00000 -32.50000 28.00000
-7.00000 -32.00000 28.50000
-6.50000 -32.00000 33.00000
-7.00000 -32.00000 33.50000
-6.50000 -32.00000 36.00000
-7.00000 -32.50000 36.00000
-7.00000 -32.00000 35.50000
-6.50000 -32.00000 37.00000
-6.50000 -32.00000 41.00000
-7.00000 -32.00000 40.50000
-7.00000 -32.50000 41.00000
-6.50000 -32.00000 45.00000
-7.00000 -32.00000 44.50000
-7.00000 -31.00000 25.50000
-7.00000 -31.50000 26.00000
-7.00000 -31.50000 29.00000
-6.50000 -31.00000 29.00000
-7.00000 -31.00000 29.50000
-6.50000 -31.00000 34.00000
-7.00000 -31.50000 34.00000
-6.50000 -31.00000 35.00000
-7.00000 -31.50000 35.00000
-6.50000 -31.00000 41.00000
-7.00000 -31.00000 40.50000
-7.00000 -31.00000 44.50000
-7.00000 -30.00000 25.50000
-6.50000 -30.00000 29.00000
-7.00000 -30.00000 29.50000
-6.50000 -30.00000 40.00000
-7.00000 -30.00000 39.50000
-7.00000 -30.50000 40.00000
-6.50000 -30.00000 44.00000
-7.00000 -30.50000 44.00000
-7.00000 -30.00000 43.50000
-7.00000 -29.50000 26.00000
-6.50000 -29.00000 26.00000
-7.00000 -29.00000 26.50000
-7.00000 -29.00000 29.50000
-6.50000 -29.00000 40.00000
-7.00000 -29.00000 39.50000
-6.50000 -29.00000 43.00000
-7.00000 -29.50000 43.00000
-7.00000 -29.00000 42.50000
-6.50000 -28.00000 26.00000
-7.00000 -28.00000 26.50000
-7.00000 -28.00000 29.50000
-6.50000 -28.00000 39.00000
-7.00000 -28.00000 38.50000
-7.00000 -28.50000 39.00000
-6.50000 -28.00000 43.00000
-7.00000 -28.00000 42.50000
-6.50000 -27.00000 26.00000
-7.00000 -27.00000 26.50000
-7.00000 -27.00000 29.50000
-6.50000 -27.00000 39.00000
-7.00000 -27.00000 38.50000
-6.50000 -27.00000 43.00000
-7.00000 -27.00000 42.50000
-6.50000 -26.00000 26.00000
-7.00000 -26.00000 26.50000
-7.00000 -26.00000 29.50000
-6.50000 -26.00000 39.00000
-7.00000 -26.00000 38.50000
-6.50000 -26.00000 43.00000
-7.00000 -26.00000 42.50000
-6.50000 -25.00000 26.00000
-7.00000 -25.00000 26.50000
-7.00000 -25.00000 29.50000
-6.50000 -25.00000 38.00000
-7.00000 -25.00000 37.50000
-7.00000 -25.50000 38.00000
-6.50000 -25.00000 42.00000
-7.00000 -25.50000 42.00000
-7.00000 -25.00000 41.50000
-7.00000 -24.00000 26.50000
-7.00000 -24.00000 29.50000
-6.50000 -24.00000 38.00000
-7.00000 -24.00000 37.50000
-6.50000 -24.00000 42.00000
-7.00000 -24.00000 41.50000
-7.00000 -23.00000 26.50000
-7.00000 -23.00000 29.50000
-6.50000 -23.00000 38.00000
-7.00000 -23.00000 37.50000
-6.50000 -23.00000 42.00000
-7.00000 -23.00000 41.50000
-7.00000 -22.50000 27.00000
-6.50000 -22.00000 27.00000
-7.00000 -22.00000 27.50000
-7.00000 -22.00000 29.50000
-6.50000 -22.00000 38.00000
-7.00000 -22.00000 37.50000
-6.50000 -22.00000 42.00000
-7.00000 -22.00000 41.50000
-6.50000 -21.00000 27.00000
-7.00000 -21.00000 27.50000
-6.50000 -21.00000 30.00000
-7.00000 -21.00000 29.50000
-6.50000 -21.00000 38.00000
-7.00000 -21.00000 37.50000
-6.50000 -21.00000 42.00000
-7.00000 -21.00000 41.50000
-6.50000 -20.00000 27.00000
-7.00000 -20.00000 27.50000
-6.50000 -20.00000 30.00000
-7.00000 -20.00000 29.50000
-7.00000 -20.50000 38.00000
-7.00000 -20.00000 38.50000
-6.50000 -20.00000 42.00000
-7.00000 -20.00000 41.50000
-7.00000 -19.00000 27.50000
-6.50000 -19.00000 30.00000
-7.00000 -19.00000 29.50000
-7.00000 -19.00000 38.50000
-6.50000 -19.00000 42.00000
-7.00000 -19.00000 41.50000
-7.00000 -18.50000 28.00000
-6.50000 -18.00000 28.00000
-7.00000 -18.00000 28.50000
-6.50000 -18.00000 30.00000
-7.00000 -18.00000 29.50000
-6.50000 -18.00000 38.00000
-7.00000 -18.00000 37.50000
-7.00000 -18.50000 38.00000
-6.50000 -18.00000 42.00000
-7.00000 -18.00000 41.50000
-6.50000 -17.00000 28.00000
-7.00000 -17.50000 29.00000
-6.50000 -17.00000 29.00000
-6.50000 -17.00000 30.00000
-6.50000 -17.00000 38.00000
-7.00000 -17.00000 37.50000
-6.50000 -17.00000 42.00000
-7.00000 -17.00000 41.50000
-6.50000 -16.00000 28.00000
-6.50000 -16.00000 29.00000
-6.50000 -16.00000 30.00000
-6.50000 -16.00000 38.00000
-7.00000 -16.00000 37.50000
-7.00000 -16.50000 42.00000
-6.50000 -16.00000 43.00000
-7.00000 -16.00000 42.50000
-6.50000 -15.00000 29.00000
-6.50000 -15.00000 30.00000
-6.50000 -15.00000 38.00000
-7.00000 -15.00000 37.50000
-7.00000 -15.50000 43.00000
-6.50000 -15.00000 44.00000
-7.00000 -15.00000 43.50000
-6.50000 -14.00000 29.00000
-6.50000 -14.00000 30.00000
-6.50000 -14.00000 31.00000
-6.50000 -14.00000 38.00000
-7.00000 -14.00000 37.50000
-7.00000 -14.50000 44.00000
-7.00000 -14.00000 44.50000
-6.50000 -13.00000 29.00000
-6.50000 -13.00000 30.00000
-6.50000 -13.00000 31.00000
-7.00000 -13.50000 38.00000
-6.50000 -13.00000 39.00000
-7.00000 -13.00000 38.50000
-6.50000 -13.00000 40.00000
-6.50000 -13.00000 41.00000
-7.00000 -13.00000 44.50000
-6.50000 -12.00000 30.00000
-6.50000 -12.00000 31.00000
-7.00000 -12.50000 39.00000
-7.00000 -12.50000 40.00000
-6.50000 -12.00000 41.00000
-7.00000 -12.00000 40.50000
-6.50000 -12.00000 44.00000
-7.00000 -12.50000 44.00000
-7.00000 -12.00000 43.50000
-6.50000 -11.00000 30.00000
-6.50000 -11.00000 31.00000
-7.00000 -11.00000 40.50000
-7.00000 -11.00000 43.50000
-6.50000 -10.00000 30.00000
-6.50000 -10.00000 31.00000
-6.50000 -10.00000 40.00000
-7.00000 -10.00000 39.50000
-7.00000 -10.50000 40.00000
-6.50000 -10.00000 43.00000
-7.00000 -10.50000 43.00000
-7.00000 -10.00000 42.50000
-6.50000 -9.00000 30.00000
-6.50000 -9.00000 31.00000
-6.50000 -9.00000 39.00000
-7.00000 -9.00000 38.50000
-7.00000 -9.50000 39.00000
-7.00000 -9.00000 42.50000
-6.50000 -8.00000 30.00000
-6.50000 -8.00000 31.00000
-6.50000 -8.00000 39.00000
-7.00000 -8.00000 38.50000
-6.50000 -8.00000 42.00000
-7.00000 -8.50000 42.00000
-7.00000 -8.00000 41.50000
-6.50000 -7.00000 30.00000
-6.50000 -7.00000 31.00000
-6.50000 -7.00000 39.00000
-7.00000 -7.00000 38.50000
-6.50000 -7.00000 42.00000
-7.00000 -7.00000 41.50000
-6.50000 -6.00000 30.00000
-6.50000 -6.00000 31.00000
-7.00000 -6.00000 38.50000
-6.50000 -6.00000 42.00000
-7.00000 -6.00000 41.50000
-6.50000 -5.00000 30.00000
-6.50000 -5.00000 31.00000
-7.00000 -5.00000 38.50000
-6.50000 -5.00000 42.00000
-7.00000 -5.00000 41.50000
-6.50000 -4.00000 30.00000
-6.50000 -4.00000 31.00000
-7.00000 -4.00000 38.50000
-6.50000 -4.00000 42.00000
-7.00000 -4.00000 41.50000
-6.50000 -3.00000 30.00000
-6.50000 -3.00000 31.00000
-6.50000 -3.00000 39.00000
-7.00000 -3.00000 38.50000
-7.00000 -3.50000 42.00000
-7.00000 -3.00000 42.50000
-6.50000 -2.00000 30.00000
-6.50000 -2.00000 31.00000
-6.50000 -2.00000 39.00000
-7.00000 -2.00000 38.50000
-6.50000 -2.00000 43.00000
-7.00000 -2.00000 42.50000
-6.50000 -1.00000 30.00000
-6.50000 -1.00000 39.00000
-7.00000 -1.00000 38.50000
-6.50000 -1.00000 43.00000
-7.00000 -1.00000 42.50000
-6.50000 0.00000 30.00000
-6.50000 0.00000 38.00000
-7.00000 0.00000 37.50000
-7.00000 -0.50000 38.00000
-7.00000 0.00000 42.50000
-6.50000 1.00000 30.00000
-6.50000 1.00000 38.00000
-7.00000 1.00000 37.50000
-6.50000 1.00000 42.00000
-7.00000 0.50000 42.00000
-7.00000 1.00000 41.50000
-6.50000 2.00000 37.00000
-7.00000 2.00000 36.50000
-7.00000 1.50000 37.00000
-7.00000 2.00000 41.50000
-7.00000 2.50000 37.00000
-7.00000 3.00000 37.50000
-6.50000 3.00000 41.00000
-7.00000 2.50000 41.00000
-7.00000 3.00000 40.50000
-7.00000 3.50000 38.00000
-7.00000 3.50000 39.00000
-7.00000 3.50000 40.00000
-7.50000 -38.00000 43.00000
-8.00000 -38.00000 42.50000
-8.00000 -38.50000 43.00000
-8.00000 -38.50000 44.00000
-8.00000 -38.50000 45.00000
-8.00000 -38.50000 46.00000
-8.00000 -38.50000 47.00000
-8.00000 -38.00000 47.50000
-7.50000 -37.00000 43.00000
-8.00000 -37.00000 42.50000
-8.00000 -37.50000 47.00000
-8.00000 -37.00000 46.50000
-8.00000 -36.00000 42.50000
-7.50000 -36.00000 46.00000
-8.00000 -36.50000 46.00000
-8.00000 -36.00000 45.50000
-7.50000 -35.00000 37.00000
-7.50000 -35.00000 42.00000
-8.00000 -35.00000 41.50000
-8.00000 -35.50000 42.00000
-8.00000 -35.00000 45.50000
-7.50000 -34.00000 35.00000
-8.00000 -34.00000 35.50000
-8.00000 -34.50000 36.00000
-7.50000 -34.00000 37.00000
-8.00000 -34.00000 36.50000
-7.50000 -34.00000 38.00000
-8.00000 -34.00000 41.50000
-7.50000 -34.00000 45.00000
-8.00000 -34.50000 45.00000
-8.00000 -34.00000 44.50000
-7.50000 -33.00000 34.00000
-7.50000 -33.00000 35.00000
-8.00000 -33.50000 36.00000
-7.50000 -33.00000 36.00000
-7.50000 -33.00000 41.00000
-8.00000 -33.00000 40.50000
-8.00000 -33.50000 41.00000
-8.00000 -33.00000 44.50000
-7.50000 -32.00000 27.00000
-7.50000 -32.00000 28.00000
-7.50000 -32.00000 34.00000
-7.50000 -32.00000 35.00000
-7.50000 -32.00000 40.00000
-8.00000 -32.00000 39.50000
-8.00000 -32.50000 40.00000
-7.50000 -32.00000 44.00000
-8.00000 -32.50000 44.00000
-8.00000 -32.00000 43.50000
-7.50000 -31.00000 26.00000
-8.00000 -31.00000 26.50000
-8.00000 -31.50000 27.00000
-8.00000 -31.50000 28.00000
-8.00000 -31.50000 29.00000
-8.00000 -31.00000 29.50000
-7.50000 -31.00000 40.00000
-8.00000 -31.00000 39.50000
-7.50000 -31.00000 44.00000
-8.00000 -31.00000 43.50000
-7.50000 -30.00000 26.00000
-8.00000 -30.00000 26.50000
-8.00000 -30.00000 29.50000
-7.50000 -30.00000 39.00000
-8.00000 -30.00000 38.50000
-8.00000 -30.50000 39.00000
-7.50000 -30.00000 43.00000
-8.00000 -30.50000 43.00000
-8.00000 -30.00000 42.50000
-8.00000 -29.00000 26.50000
-8.00000 -29.00000 29.50000
-7.50000 -29.00000 39.00000
-8.00000 -29.00000 38.50000
-8.00000 -29.00000 42.50000
-8.00000 -28.50000 27.00000
-7.50000 -28.00000 27.00000
-8.00000 -28.00000 27.50000
-8.00000 -28.00000 29.50000
-7.50000 -28.00000 38.00000
-8.00000 -28.00000 37.50000
-8.00000 -28.50000 38.00000
-7.50000 -28.00000 42.00000
-8.00000 -28.50000 42.00000
-8.00000 -28.00000 41.50000
-7.50000 -27.00000 27.00000
-8.00000 -27.00000 27.50000
-8.00000 -27.00000 29.50000
-7.50000 -27.00000 38.00000
-8.00000 -27.00000 37.50000
-7.50000 -27.00000 42.00000
-8.00000 -27.00000 41.50000
-7.50000 -26.00000 27.00000
-8.00000 -26.00000 27.50000
-8.00000 -26.00000 29.50000
-7.50000 -26.00000 38.00000
-8.00000 -26.00000 37.50000
-7.50000 -26.00000 42.00000
-8.00000 -26.00000 41.50000
-7.50000 -25.00000 27.00000
-8.00000 -25.00000 27.50000
-8.00000 -25.00000 29.50000
-7.50000 -25.00000 37.00000
-8.00000 -25.00000 36.50000
-8.00000 -25.50000 37.00000
-8.00000 -25.00000 41.50000
-7.50000 -24.00000 27.00000
-8.00000 -24.50000 28.00000
-7.50000 -24.00000 28.00000
-8.00000 -24.00000 28.50000
-8.00000 -24.00000 29.50000
-7.50000 -24.00000 37.00000
-8.00000 -24.00000 36.50000
-7.50000 -24.00000 41.00000
-8.00000 -24.50000 41.00000
-8.00000 -24.00000 40.50000
-7.50000 -23.00000 27.00000
-7.50000 -23.00000 28.00000
-8.00000 -23.50000 29.00000
-7.50000 -23.00000 29.00000
-7.50000 -23.00000 37.00000
-8.00000 -23.00000 36.50000
-7.50000 -23.00000 41.00000
-8.00000 -23.00000 40.50000
-7.50000 -22.00000 28.00000
-7.50000 -22.00000 29.00000
-7.50000 -22.00000 37.00000
-8.00000 -22.00000 36.50000
-7.50000 -22.00000 41.00000
-8.00000 -22.00000 40.50000
-7.50000 -21.00000 28.00000
-7.50000 -21.00000 29.00000
-8.00000 -21.50000 37.00000
-8.00000 -21.00000 37.50000
-7.50000 -21.00000 41.00000
-8.00000 -21.00000 40.50000
-7.50000 -20.00000 28.00000
-7.50000 -20.00000 29.00000
-7.50000 -20.00000 38.00000
-8.00000 -20.00000 37.50000
-7.50000 -20.00000 41.00000
-8.00000 -20.00000 40.50000
-7.50000 -19.00000 28.00000
-7.50000 -19.00000 29.00000
-7.50000 -19.00000 38.00000
-8.00000 -19.00000 37.50000
-7.50000 -19.00000 41.00000
-8.00000 -19.00000 40.50000
-7.50000 -18.00000 29.00000
-8.00000 -18.00000 37.50000
-7.50000 -18.00000 41.00000
-8.00000 -18.00000 40.50000
-8.00000 -17.00000 37.50000
-8.00000 -17.50000 41.00000
-8.00000 -17.00000 41.50000
-7.50000 -16.00000 37.00000
-8.00000 -16.00000 36.50000
-8.00000 -16.50000 37.00000
-7.50000 -16.00000 42.00000
-8.00000 -16.00000 41.50000
-7.50000 -15.00000 37.00000
-8.00000 -15.00000 36.50000
-8.00000 -15.50000 42.00000
-8.00000 -15.50000 43.00000
-8.00000 -15.00000 43.50000
-8.00000 -14.50000 37.00000
-8.00000 -14.00000 37.50000
-7.50000 -14.00000 44.00000
-8.00000 -14.00000 43.50000
-7.50000 -13.00000 38.00000
-8.00000 -13.00000 37.50000
-7.50000 -13.00000 44.00000
-8.00000 -13.00000 43.50000
-8.00000 -12.50000 38.00000
-8.00000 -12.50000 39.00000
-8.00000 -12.50000 40.00000
-8.00000 -12.00000 40.50000
-8.00000 -12.00000 43.50000
-7.50000 -11.00000 40.00000
-8.00000 -11.00000 39.50000
-8.00000 -11.50000 40.00000
-7.50000 -11.00000 43.00000
-8.00000 -11.50000 43.00000
-8.00000 -11.00000 42.50000
-7.50000 -10.00000 39.00000
-8.00000 -10.00000 38.50000
-8.00000 -10.50000 39.00000
-8.00000 -10.00000 42.50000
-8.00000 -9.00000 38.50000
-7.50000 -9.00000 42.00000
-8.00000 -9.50000 42.00000
-8.00000 -9.00000 41.50000
-8.00000 -8.00000 38.50000
-7.50000 -8.00000 41.00000
-8.00000 -8.50000 41.00000
-8.00000 -8.00000 40.50000
-7.50000 -7.00000 38.00000
-8.00000 -7.00000 37.50000
-8.00000 -7.50000 38.00000
-7.50000 -7.00000 41.00000
-8.00000 -7.00000 40.50000
-7.50000 -6.00000 38.00000
-8.00000 -6.00000 37.50000
-7.50000 -6.00000 41.00000
-8.00000 -6.00000 40.50000
-7.50000 -5.00000 38.00000
-8.00000 -5.00000 37.50000
-7.50000 -5.00000 41.00000
-8.00000 -5.00000 40.50000
-7.50000 -4.00000 38.00000
-8.00000 -4.00000 37.50000
-8.00000 -4.50000 41.00000
-8.00000 -4.00000 41.50000
-7.50000 -3.00000 38.00000
-8.00000 -3.00000 37.50000
-7.50000 -3.00000 42.00000
-8.00000 -3.00000 41.50000
-7.50000 -2.00000 38.00000
-8.00000 -2.00000 37.50000
-8.00000 -2.50000 42.00000
-8.00000 -2.00000 42.50000
-7.50000 -1.00000 38.00000
-8.00000 -1.00000 37.50000
-8.00000 -1.00000 42.50000
-8.00000 0.00000 37.50000
-7.50000 0.00000 42.00000
-8.00000 -0.50000 42.00000
-8.00000 0.00000 41.50000
-7.50000 1.00000 37.00000
-8.00000 1.00000 36.50000
-8.00000 0.50000 37.00000
-8.00000 1.00000 41.50000
-8.00000 2.00000 36.50000
-7.50000 2.00000 41.00000
-8.00000 1.50000 41.00000
-8.00000 2.00000 40.50000
-8.00000 2.50000 37.00000
-7.50000 3.00000 38.00000
-8.00000 2.50000 38.00000
-7.50000 3.00000 39.00000
-8.00000 2.50000 39.00000
-7.50000 3.00000 40.00000
-8.00000 2.50000 40.00000
-8.50000 -39.00000 44.00000
-9.00000 -39.00000 43.50000
-9.00000 -39.50000 44.00000
-9.00000 -39.00000 44.50000
-9.00000 -38.00000 42.50000
-9.00000 -38.50000 43.00000
-9.00000 -38.50000 45.00000
-9.00000 -38.50000 46.00000
-8.50000 -38.00000 47.00000
-9.00000 -38.00000 46.50000
-8.50000 -37.00000 42.00000
-9.00000 -37.00000 41.50000
-9.00000 -37.50000 42.00000
-9.00000 -37.00000 46.50000
-8.50000 -36.00000 42.00000
-9.00000 -36.00000 41.50000
-9.00000 -36.50000 46.00000
-9.00000 -36.00000 45.50000
-9.00000 -35.00000 41.50000
-8.50000 -35.00000 45.00000
-9.00000 -35.50000 45.00000
-9.00000 -35.00000 44.50000
-8.50000 -34.00000 36.00000
-8.50000 -34.00000 41.00000
-9.00000 -34.00000 40.50000
-9.00000 -34.50000 41.00000
-9.00000 -34.00000 44.50000
-8.50000 -33.00000 40.00000
-9.00000 -33.00000 39.50000
-9.00000 -33.50000 40.00000
-8.50000 -33.00000 44.00000
-9.00000 -33.50000 44.00000
-9.00000 -33.00000 43.50000
-8.50000 -32.00000 39.00000
-9.00000 -32.00000 38.50000
-9.00000 -32.50000 39.00000
-9.00000 -32.00000 43.50000
-8.50000 -31.00000 27.00000
-8.50000 -31.00000 28.00000
-8.50000 -31.00000 29.00000
-8.50000 -31.00000 39.00000
-9.00000 -31.00000 38.50000
-8.50000 -31.00000 43.00000
-9.00000 -31.50000 43.00000
-9.00000 -31.00000 42.50000
-8.50000 -30.00000 27.00000
-8.50000 -30.00000 28.00000
-8.50000 -30.00000 29.00000
-8.50000 -30.00000 38.00000
-9.00000 -30.00000 37.50000
-9.00000 -30.50000 38.00000
-8.50000 -30.00000 42.00000
-9.00000 -30.50000 42.00000
-9.00000 -30.00000 41.50000
-8.50000 -29.00000 27.00000
-8.50000 -29.00000 28.00000
-8.50000 -29.00000 29.00000
-8.50000 -29.00000 38.00000
-9.00000 -29.00000 37.50000
-8.50000 -29.00000 42.00000
-9.00000 -29.00000 41.50000
-8.50000 -28.00000 28.00000
-8.50000 -28.00000 29.00000
-9.00000 -28.00000 37.50000
-8.50000 -28.00000 41.00000
-9.00000 -28.50000 41.00000
-9.00000 -28.00000 40.50000
-8.50000 -27.00000 28.00000
-8.50000 -27.00000 29.00000
-8.50000 -27.00000 37.00000
-9.00000 -27.00000 36.50000
-9.00000 -27.50000 37.00000
-8.50000 -27.00000 41.00000
-9.00000 -27.00000 40.50000
-8.50000 -26.00000 28.00000
-8.50000 -26.00000 29.00000
-8.50000 -26.00000 37.00000
-9.00000 -26.00000 36.50000
-8.50000 -26.00000 41.00000
-9.00000 -26.00000 40.50000
-8.50000 -25.00000 28.00000
-8.50000 -25.00000 29.00000
-9.00000 -25.00000 36.50000
-8.50000 -25.00000 41.00000
-9.00000 -25.00000 40.50000
-8.50000 -24.00000 29.00000
-8.50000 -24.00000 36.00000
-9.00000 -24.00000 35.50000
-9.00000 -24.50000 36.00000
-9.00000 -24.00000 40.50000
-8.50000 -23.00000 36.00000
-9.00000 -23.00000 35.50000
-9.00000 -23.00000 40.50000
-9.00000 -22.50000 36.00000
-9.00000 -22.00000 36.50000
-9.00000 -22.00000 40.50000
-8.50000 -21.00000 37.00000
-9.00000 -21.00000 36.50000
-9.00000 -21.00000 40.50000
-8.50000 -20.00000 37.00000
-9.00000 -20.00000 36.50000
-9.00000 -20.00000 40.50000
-8.50000 -19.00000 37.00000
-9.00000 -19.00000 36.50000
-9.00000 -19.00000 40.50000
-8.50000 -18.00000 37.00000
-9.00000 -18.00000 36.50000
-9.00000 -18.00000 40.50000
-8.50000 -17.00000 37.00000
-9.00000 -17.00000 36.50000
-8.50000 -17.00000 41.00000
-9.00000 -17.00000 40.50000
-9.00000 -16.00000 36.50000
-8.50000 -16.00000 41.00000
-9.00000 -16.00000 40.50000
-9.00000 -15.00000 36.50000
-9.00000 -15.50000 41.00000
-9.00000 -15.50000 42.00000
-8.50000 -15.00000 43.00000
-9.00000 -15.00000 42.50000
-8.50000 -14.00000 37.00000
-9.00000 -14.00000 36.50000
-9.00000 -14.50000 43.00000
-9.00000 -14.00000 43.50000
-9.00000 -13.50000 37.00000
-9.00000 -13.00000 37.50000
-9.00000 -13.00000 43.50000
-9.00000 -12.50000 38.00000
-8.50000 -12.00000 39.00000
-9.00000 -12.00000 38.50000
-8.50000 -12.00000 40.00000
-9.00000 -12.00000 43.50000
-9.00000 -11.50000 39.00000
-9.00000 -11.00000 39.50000
-9.00000 -11.50000 43.00000
-9.00000 -11.00000 42.50000
-9.00000 -10.00000 38.50000
-9.00000 -10.50000 39.00000
-9.00000 -10.00000 42.50000
-9.00000 -9.00000 38.50000
-8.50000 -9.00000 41.00000
-9.00000 -9.50000 41.00000
-9.00000 -9.00000 40.50000
-9.00000 -9.50000 42.00000
-8.50000 -8.00000 38.00000
-9.00000 -8.00000 37.50000
-9.00000 -8.50000 38.00000
-9.00000 -8.00000 40.50000
-9.00000 -7.00000 37.50000
-9.00000 -7.00000 40.50000
-9.00000 -6.00000 37.50000
-9.00000 -6.00000 40.50000
-9.00000 -5.00000 37.50000
-9.00000 -5.00000 40.50000
-9.00000 -4.00000 37.50000
-8.50000 -4.00000 41.00000
-9.00000 -4.00000 40.50000
-9.00000 -3.00000 37.50000
-9.00000 -3.50000 41.00000
-9.00000 -3.00000 41.50000
-9.00000 -2.00000 37.50000
-8.50000 -2.00000 42.00000
-9.00000 -2.00000 41.50000
-9.00000 -1.00000 37.50000
-8.50000 -1.00000 42.00000
-9.00000 -1.00000 41.50000
-9.00000 0.00000 37.50000
-9.00000 0.00000 41.50000
-9.00000 1.00000 36.50000
-9.00000 0.50000 37.00000
-8.50000 1.00000 41.00000
-9.00000 0.50000 41.00000
-9.00000 1.00000 40.50000
-9.00000 2.00000 36.50000
-8.50000 2.00000 40.00000
-9.00000 1.50000 40.00000
-9.00000 2.00000 39.50000
-9.00000 2.50000 37.00000
-9.00000 2.50000 38.00000
-9.00000 2.50000 39.00000
-9.50000 -39.00000 43.00000
-10.00000 -39.00000 42.50000
-10.00000 -39.50000 43.00000
-10.00000 -39.50000 44.00000
-10.00000 -39.50000 45.00000
-9.50000 -39.00000 45.00000
-10.00000 -39.00000 45.50000
-9.50000 -38.00000 42.00000
-10.00000 -38.00000 41.50000
-10.00000 -38.50000 42.00000
-10.00000 -38.50000 46.00000
-10.00000 -38.00000 46.50000
-10.00000 -37.00000 41.50000
-9.50000 -37.00000 46.00000
-10.00000 -37.50000 46.00000
-10.00000 -37.00000 45.50000
-10.00000 -36.00000 41.50000
-9.50000 -36.00000 45.00000
-10.00000 -36.50000 45.00000
-10.00000 -36.00000 44.50000
-9.50000 -35.00000 41.00000
-10.00000 -35.00000 40.50000
-10.00000 -35.50000 41.00000
-10.00000 -35.00000 44.50000
-9.50000 -34.00000 40.00000
-10.00000 -34.00000 39.50000
-10.00000 -34.50000 40.00000
-9.50000 -34.00000 44.00000
-10.00000 -34.50000 44.00000
-10.00000 -34.00000 43.50000
-9.50000 -33.00000 39.00000
-10.00000 -33.00000 38.50000
-10.00000 -33.50000 39.00000
-10.00000 -33.00000 43.50000
-10.00000 -32.00000 38.50000
-9.50000 -32.00000 43.00000
-10.00000 -32.50000 43.00000
-10.00000 -32.00000 42.50000
-9.50000 -31.00000 38.00000
-10.00000 -31.00000 37.50000
-10.00000 -31.50000 38.00000
-9.50000 -31.00000 42.00000
-10.00000 -31.50000 42.00000
-10.00000 -31.00000 41.50000
-10.00000 -30.00000 37.50000
-9.50000 -30.00000 41.00000
-10.00000 -30.50000 41.00000
-10.00000 -30.00000 40.50000
-9.50000 -29.00000 37.00000
-10.00000 -29.00000 36.50000
-10.00000 -29.50000 37.00000
-9.50000 -29.00000 41.00000
-10.00000 -29.00000 40.50000
-9.50000 -28.00000 37.00000
-10.00000 -28.00000 36.50000
-9.50000 -28.00000 40.00000
-10.00000 -28.50000 40.00000
-10.00000 -28.00000 39.50000
-9.50000 -27.00000 36.00000
-10.00000 -27.00000 35.50000
-10.00000 -27.50000 36.00000
-9.50000 -27.00000 40.00000
-10.00000 -27.00000 39.50000
-9.50000 -26.00000 36.00000
-10.00000 -26.00000 35.50000
-9.50000 -26.00000 40.00000
-10.00000 -26.00000 39.50000
-9.50000 -25.00000 36.00000
-10.00000 -25.00000 35.50000
-9.50000 -25.00000 40.00000
-10.00000 -25.00000 39.50000
-10.00000 -24.00000 35.50000
-9.50000 -24.00000 40.00000
-10.00000 -24.00000 39.50000
-10.00000 -23.00000 35.50000
-9.50000 -23.00000 40.00000
-10.00000 -23.00000 39.50000
-9.50000 -22.00000 36.00000
-10.00000 -22.00000 35.50000
-9.50000 -22.00000 40.00000
-10.00000 -22.00000 39.50000
-9.50000 -21.00000 36.00000
-10.00000 -21.00000 35.50000
-9.50000 -21.00000 40.00000
-10.00000 -21.00000 39.50000
-10.00000 -20.50000 36.00000
-10.00000 -20.00000 36.50000
-9.50000 -20.00000 40.00000
-10.00000 -20.00000 39.50000
-10.00000 -19.00000 36.50000
-9.50000 -19.00000 40.00000
-10.00000 -19.00000 39.50000
-10.00000 -18.00000 36.50000
-9.50000 -18.00000 40.00000
-10.00000 -18.00000 39.50000
-10.00000 -17.00000 36.50000
-9.50000 -17.00000 40.00000
-10.00000 -17.00000 39.50000
-10.00000 -16.00000 36.50000
-9.50000 -16.00000 40.00000
-10.00000 -16.00000 39.50000
-10.00000 -15.00000 36.50000
-10.00000 -15.50000 40.00000
-10.00000 -15.50000 41.00000
-9.50000 -15.00000 42.00000
-10.00000 -15.00000 41.50000
-10.00000 -14.00000 36.50000
-10.00000 -14.50000 42.00000
-10.00000 -14.50000 43.00000
-10.00000 -14.00000 43.50000
-10.00000 -13.50000 37.00000
-10.00000 -13.00000 37.50000
-10.00000 -13.00000 43.50000
-9.50000 -12.00000 38.00000
-10.00000 -12.00000 37.50000
-10.00000 -12.00000 43.50000
-10.00000 -11.50000 38.00000
-9.50000 -11.00000 39.00000
-10.00000 -11.00000 38.50000
-10.00000 -11.50000 43.00000
-10.00000 -11.00000 42.50000
-10.00000 -10.00000 38.50000
-10.00000 -10.00000 42.50000
-10.00000 -9.00000 38.50000
-10.00000 -9.50000 41.00000
-10.00000 -9.00000 40.50000
-10.00000 -9.50000 42.00000
-10.00000 -8.00000 37.50000
-10.00000 -8.50000 38.00000
-10.00000 -8.50000 41.00000
-9.50000 -8.00000 41.00000
-10.00000 -8.00000 41.50000
-10.00000 -7.00000 37.50000
-10.00000 -7.50000 41.00000
-10.00000 -7.00000 40.50000
-10.00000 -6.00000 37.50000
-10.00000 -6.00000 40.50000
-10.00000 -5.00000 37.50000
-10.00000 -5.00000 40.50000
-10.00000 -4.00000 37.50000
-10.00000 -4.50000 41.00000
-9.50000 -4.00000 41.00000
-10.00000 -4.00000 41.50000
-10.00000 -3.00000 37.50000
-10.00000 -3.00000 41.50000
-10.00000 -2.00000 37.50000
-9.50000 -2.00000 41.00000
-10.00000 -2.50000 41.00000
-10.00000 -2.00000 40.50000
-10.00000 -1.00000 37.50000
-9.50000 -1.00000 41.00000
-10.00000 -1.00000 40.50000
-10.00000 0.00000 37.50000
-9.50000 0.00000 41.00000
-10.00000 0.00000 40.50000
-10.00000 1.00000 36.50000
-10.00000 0.50000 37.00000
-10.00000 1.00000 40.50000
-10.00000 2.00000 36.50000
-10.00000 1.50000 40.00000
-10.00000 2.00000 39.50000
-10.00000 2.50000 37.00000
-10.00000 2.50000 38.00000
-10.00000 2.50000 39.00000
-10.50000 -39.00000 42.00000
-11.00000 -39.00000 41.50000
-11.00000 -39.50000 42.00000
-11.00000 -39.50000 43.00000
-11.00000 -39.50000 44.00000
-11.00000 -39.50000 45.00000
-11.00000 -39.00000 45.50000
-11.00000 -38.00000 41.50000
-11.00000 -38.50000 46.00000
-11.00000 -38.00000 46.50000
-11.00000 -37.00000 41.50000
-11.00000 -37.50000 46.00000
-11.00000 -37.00000 45.50000
-10.50000 -36.00000 41.00000
-11.00000 -36.00000 40.50000
-11.00000 -36.50000 41.00000
-11.00000 -36.50000 45.00000
-11.00000 -36.00000 44.50000
-10.50000 -35.00000 40.00000
-11.00000 -35.00000 39.50000
-11.00000 -35.50000 40.00000
-10.50000 -35.00000 44.00000
-11.00000 -35.50000 44.00000
-11.00000 -35.00000 43.50000
-10.50000 -34.00000 39.00000
-11.00000 -34.00000 38.50000
-11.00000 -34.50000 39.00000
-10.50000 -34.00000 43.00000
-11.00000 -34.50000 43.00000
-11.00000 -34.00000 42.50000
-11.00000 -33.00000 38.50000
-10.50000 -33.00000 43.00000
-11.00000 -33.00000 42.50000
-10.50000 -32.00000 38.00000
-11.00000 -32.00000 37.50000
-11.00000 -32.50000 38.00000
-10.50000 -32.00000 42.00000
-11.00000 -32.50000 42.00000
-11.00000 -32.00000 41.50000
-10.50000 -31.00000 37.00000
-11.00000 -31.00000 36.50000
-11.00000 -31.50000 37.00000
-10.50000 -31.00000 41.00000
-11.00000 -31.50000 41.00000
-11.00000 -31.00000 40.50000
-10.50000 -30.00000 37.00000
-11.00000 -30.00000 36.50000
-10.50000 -30.00000 40.00000
-11.00000 -30.50000 40.00000
-11.00000 -30.00000 39.50000
-10.50000 -29.00000 36.00000
-11.00000 -29.00000 35.50000
-11.00000 -29.50000 36.00000
-10.50000 -29.00000 39.00000
-11.00000 -29.50000 39.00000
-11.00000 -29.00000 38.50000
-10.50000 -29.00000 40.00000
-10.50000 -28.00000 36.00000
-11.00000 -28.00000 35.50000
-10.50000 -28.00000 39.00000
-11.00000 -28.00000 38.50000
-11.00000 -27.00000 35.50000
-10.50000 -27.00000 39.00000
-11.00000 -27.00000 38.50000
-10.50000 -26.00000 35.00000
-11.00000 -26.00000 34.50000
-11.00000 -26.50000 35.00000
-10.50000 -26.00000 39.00000
-11.00000 -26.00000 38.50000
-10.50000 -25.00000 35.00000
-11.00000 -25.00000 34.50000
-10.50000 -25.00000 39.00000
-11.00000 -25.00000 38.50000
-10.50000 -24.00000 35.00000
-11.00000 -24.00000 34.50000
-10.50000 -24.00000 39.00000
-11.00000 -24.00000 38.50000
-10.50000 -23.00000 35.00000
-11.00000 -23.00000 34.50000
-10.50000 -23.00000 39.00000
-11.00000 -23.00000 38.50000
-11.00000 -22.50000 35.00000
-11.00000 -22.00000 35.50000
-10.50000 -22.00000 39.00000
-11.00000 -22.00000 38.50000
-11.00000 -21.00000 35.50000
-10.50000 -21.00000 39.00000
-11.00000 -21.00000 38.50000
-10.50000 -20.00000 36.00000
-11.00000 -20.00000 35.50000
-10.50000 -20.00000 39.00000
-11.00000 -20.00000 38.50000
-10.50000 -19.00000 36.00000
-11.00000 -19.00000 35.50000
-10.50000 -19.00000 39.00000
-11.00000 -19.00000 38.50000
-10.50000 -18.00000 36.00000
-11.00000 -18.00000 35.50000
-10.50000 -18.00000 39.00000
-11.00000 -18.00000 38.50000
-11.00000 -17.50000 36.00000
-11.00000 -17.00000 36.50000
-10.50000 -17.00000 39.00000
-11.00000 -17.00000 38.50000
-11.00000 -16.00000 36.50000
-11.00000 -16.50000 39.00000
-11.00000 -16.00000 39.50000
-11.00000 -15.00000 36.50000
-11.00000 -15.50000 40.00000
-11.00000 -15.50000 41.00000
-11.00000 -15.00000 41.50000
-11.00000 -14.00000 36.50000
-11.00000 -14.50000 42.00000
-10.50000 -14.00000 43.00000
-11.00000 -14.00000 42.50000
-11.00000 -13.50000 37.00000
-11.00000 -13.00000 37.50000
-10.50000 -13.00000 43.00000
-11.00000 -13.00000 42.50000
-11.00000 -12.00000 37.50000
-10.50000 -12.00000 43.00000
-11.00000 -12.00000 42.50000
-11.00000 -11.50000 38.00000
-11.00000 -11.00000 38.50000
-10.50000 -11.00000 42.00000
-11.00000 -11.50000 42.00000
-11.00000 -11.00000 41.50000
-11.00000 -10.00000 38.50000
-10.50000 -10.00000 42.00000
-11.00000 -10.00000 41.50000
-11.00000 -9.00000 38.50000
-11.00000 -9.50000 41.00000
-11.00000 -9.00000 40.50000
-10.50000 -8.00000 38.00000
-11.00000 -8.00000 38.50000
-10.50000 -8.00000 41.00000
-11.00000 -8.00000 40.50000
-10.50000 -7.00000 38.00000
-11.00000 -7.00000 38.50000
-11.00000 -7.00000 40.50000
-10.50000 -6.00000 38.00000
-11.00000 -6.00000 38.50000
-11.00000 -6.00000 40.50000
-10.50000 -5.00000 38.00000
-11.00000 -5.00000 38.50000
-11.00000 -5.00000 40.50000
-10.50000 -4.00000 38.00000
-11.00000 -4.00000 38.50000
-10.50000 -4.00000 41.00000
-11.00000 -4.00000 40.50000
-10.50000 -3.00000 38.00000
-11.00000 -3.00000 38.50000
-11.00000 -3.50000 41.00000
-11.00000 -3.00000 41.50000
-10.50000 -2.00000 38.00000
-11.00000 -2.00000 38.50000
-10.50000 -2.00000 41.00000
-11.00000 -2.00000 41.50000
-11.00000 -1.00000 37.50000
-11.00000 -1.50000 38.00000
-11.00000 -1.50000 41.00000
-11.00000 -1.00000 40.50000
-11.00000 0.00000 37.50000
-11.00000 0.00000 40.50000
-10.50000 1.00000 37.00000
-11.00000 1.00000 37.50000
-10.50000 1.00000 40.00000
-11.00000 0.50000 40.00000
-11.00000 1.00000 39.50000
-11.00000 2.00000 36.50000
-11.00000 1.50000 37.00000
-11.00000 2.00000 39.50000
-11.00000 2.50000 37.00000
-11.00000 2.50000 38.00000
-11.00000 2.50000 39.00000
-12.00000 -39.00000 41.50000
-12.00000 -39.50000 42.00000
-12.00000 -39.50000 43.00000
-12.00000 -39.50000 44.00000
-12.00000 -39.50000 45.00000
-12.00000 -39.00000 45.50000
-12.00000 -38.00000 41.50000
-12.00000 -38.50000 46.00000
-12.00000 -38.00000 46.50000
-11.50000 -37.00000 41.00000
-12.00000 -37.00000 40.50000
-12.00000 -37.50000 41.00000
-11.50000 -37.00000 45.00000
-12.00000 -37.50000 45.00000
-12.00000 -37.00000 44.50000
-12.00000 -37.50000 46.00000
-11.50000 -36.00000 40.00000
-12.00000 -36.00000 39.50000
-12.00000 -36.50000 40.00000
-11.50000 -36.00000 44.00000
-12.00000 -36.50000 44.00000
-12.00000 -36.00000 43.50000
-11.50000 -35.00000 39.00000
-12.00000 -35.00000 38.50000
-12.00000 -35.50000 39.00000
-11.50000 -35.00000 43.00000
-12.00000 -35.50000 43.00000
-12.00000 -35.00000 42.50000
-12.00000 -34.00000 38.50000
-11.50000 -34.00000 42.00000
-12.00000 -34.50000 42.00000
-12.00000 -34.00000 41.50000
-11.50000 -33.00000 38.00000
-12.00000 -33.00000 37.50000
-12.00000 -33.50000 38.00000
-11.50000 -33.00000 42.00000
-12.00000 -33.00000 41.50000
-11.50000 -32.00000 37.00000
-12.00000 -32.00000 36.50000
-12.00000 -32.50000 37.00000
-11.50000 -32.00000 41.00000
-12.00000 -32.50000 41.00000
-12.00000 -32.00000 40.50000
-12.00000 -31.00000 36.50000
-11.50000 -31.00000 40.00000
-12.00000 -31.50000 40.00000
-12.00000 -31.00000 39.50000
-11.50000 -30.00000 36.00000
-12.00000 -30.00000 35.50000
-12.00000 -30.50000 36.00000
-11.50000 -30.00000 39.00000
-12.00000 -30.50000 39.00000
-12.00000 -30.00000 38.50000
-12.00000 -29.00000 35.50000
-11.50000 -29.00000 38.00000
-12.00000 -29.50000 38.00000
-12.00000 -29.00000 37.50000
-11.50000 -28.00000 35.00000
-12.00000 -28.00000 34.50000
-12.00000 -28.50000 35.00000
-11.50000 -28.00000 38.00000
-12.00000 -28.00000 37.50000
-11.50000 -27.00000 35.00000
-12.00000 -27.00000 34.50000
-11.50000 -27.00000 38.00000
-12.00000 -27.00000 37.50000
-12.00000 -26.00000 34.50000
-11.50000 -26.00000 38.00000
-12.00000 -26.00000 37.50000
-12.00000 -25.00000 34.50000
-11.50000 -25.00000 38.00000
-12.00000 -25.00000 37.50000
-12.00000 -24.00000 34.50000
-11.50000 -24.00000 38.00000
-12.00000 -24.00000 37.50000
-12.00000 -23.00000 34.50000
-12.00000 -23.50000 38.00000
-12.00000 -23.00000 38.50000
-11.50000 -22.00000 35.00000
-12.00000 -22.00000 34.50000
-12.00000 -22.00000 38.50000
-12.00000 -21.50000 35.00000
-12.00000 -21.00000 35.50000
-12.00000 -21.00000 38.50000
-12.00000 -20.00000 35.50000
-12.00000 -20.00000 38.50000
-12.00000 -19.00000 35.50000
-12.00000 -19.00000 38.50000
-12.00000 -18.00000 35.50000
-12.00000 -18.00000 38.50000
-12.00000 -17.50000 36.00000
-12.00000 -17.00000 36.50000
-12.00000 -17.50000 39.00000
-11.50000 -17.00000 39.00000
-12.00000 -17.00000 39.50000
-12.00000 -16.00000 36.50000
-12.00000 -16.00000 39.50000
-12.00000 -15.00000 36.50000
-12.00000 -15.50000 40.00000
-11.50000 -15.00000 41.00000
-12.00000 -15.00000 40.50000
-12.00000 -14.50000 37.00000
-11.50000 -14.00000 37.00000
-12.00000 -14.00000 37.50000
-11.50000 -14.00000 41.00000
-12.00000 -14.00000 40.50000
-11.50000 -14.00000 42.00000
-11.50000 -13.00000 38.00000
-12.00000 -13.50000 38.00000
-12.00000 -13.00000 38.50000
-12.00000 -13.50000 41.00000
-12.00000 -13.00000 41.50000
-11.50000 -13.00000 42.00000
-11.50000 -12.00000 38.00000
-12.00000 -12.00000 38.50000
-11.50000 -12.00000 42.00000
-12.00000 -12.00000 41.50000
-12.00000 -11.00000 38.50000
-12.00000 -11.00000 41.50000
-12.00000 -10.00000 38.50000
-11.50000 -10.00000 41.00000
-12.00000 -10.50000 41.00000
-12.00000 -10.00000 40.50000
-12.00000 -9.00000 38.50000
-12.00000 -9.00000 40.50000
-12.00000 -8.00000 38.50000
-12.00000 -8.00000 40.50000
-12.00000 -7.00000 38.50000
-11.50000 -7.00000 40.00000
-12.00000 -7.50000 40.00000
-12.00000 -7.00000 39.50000
-12.00000 -6.00000 38.50000
-11.50000 -6.00000 40.00000
-12.00000 -6.00000 39.50000
-12.00000 -5.00000 38.50000
-12.00000 -5.50000 40.00000
-12.00000 -5.00000 40.50000
-12.00000 -4.00000 38.50000
-12.00000 -4.00000 40.50000
-12.00000 -3.00000 38.50000
-11.50000 -3.00000 41.00000
-12.00000 -3.00000 40.50000
-12.00000 -2.00000 38.50000
-11.50000 -2.00000 41.00000
-12.00000 -2.00000 40.50000
-11.50000 -1.00000 38.00000
-12.00000 -1.00000 38.50000
-12.00000 -1.00000 40.50000
-11.50000 0.00000 38.00000
-12.00000 0.00000 38.50000
-11.50000 0.00000 40.00000
-12.00000 -0.50000 40.00000
-12.00000 0.00000 39.50000
-12.00000 1.00000 37.50000
-12.00000 0.50000 38.00000
-12.00000 1.00000 38.50000
-11.50000 1.00000 39.00000
-12.00000 0.50000 39.00000
-11.50000 2.00000 37.00000
-12.00000 1.50000 38.00000
-11.50000 2.00000 38.00000
-11.50000 2.00000 39.00000
-12.50000 -40.00000 42.00000
-13.00000 -40.00000 41.50000
-13.00000 -40.50000 42.00000
-13.00000 -40.50000 43.00000
-12.50000 -40.00000 43.00000
-13.00000 -40.00000 43.50000
-13.00000 -39.00000 41.50000
-13.00000 -39.50000 44.00000
-12.50000 -39.00000 45.00000
-13.00000 -39.00000 44.50000
-12.50000 -38.00000 41.00000
-13.00000 -38.00000 40.50000
-13.00000 -38.50000 41.00000
-13.00000 -38.50000 45.00000
-12.50000 -38.00000 46.00000
-13.00000 -38.00000 45.50000
-12.50000 -37.00000 40.00000
-13.00000 -37.00000 39.50000
-13.00000 -37.50000 40.00000
-13.00000 -37.50000 45.00000
-13.00000 -37.00000 44.50000
-12.50000 -36.00000 39.00000
-13.00000 -36.00000 38.50000
-13.00000 -36.50000 39.00000
-13.00000 -36.50000 44.00000
-13.00000 -36.00000 43.50000
-12.50000 -35.00000 38.00000
-13.00000 -35.00000 37.50000
-13.00000 -35.50000 38.00000
-13.00000 -35.50000 43.00000
-13.00000 -35.00000 42.50000
-12.50000 -34.00000 38.00000
-13.00000 -34.00000 37.50000
-12.50000 -34.00000 41.00000
-13.00000 -34.50000 41.00000
-13.00000 -34.00000 40.50000
-13.00000 -34.50000 42.00000
-12.50000 -33.00000 37.00000
-13.00000 -33.00000 36.50000
-13.00000 -33.50000 37.00000
-12.50000 -33.00000 41.00000
-13.00000 -33.00000 40.50000
-13.00000 -32.00000 36.50000
-12.50000 -32.00000 39.00000
-13.00000 -32.50000 39.00000
-13.00000 -32.00000 38.50000
-12.50000 -32.00000 40.00000
-13.00000 -32.50000 40.00000
-12.50000 -31.00000 36.00000
-13.00000 -31.00000 35.50000
-13.00000 -31.50000 36.00000
-12.50000 -31.00000 39.00000
-13.00000 -31.00000 38.50000
-13.00000 -30.00000 35.50000
-12.50000 -30.00000 38.00000
-13.00000 -30.50000 38.00000
-13.00000 -30.00000 37.50000
-12.50000 -29.00000 35.00000
-13.00000 -29.00000 34.50000
-13.00000 -29.50000 35.00000
-13.00000 -29.00000 37.50000
-13.00000 -28.00000 34.50000
-12.50000 -28.00000 37.00000
-13.00000 -28.50000 37.00000
-13.00000 -28.00000 36.50000
-13.00000 -27.00000 34.50000
-12.50000 -27.00000 37.00000
-13.00000 -27.00000 36.50000
-13.00000 -26.00000 34.50000
-13.00000 -26.50000 37.00000
-13.00000 -26.00000 37.50000
-13.00000 -25.00000 34.50000
-13.00000 -25.00000 37.50000
-13.00000 -24.00000 34.50000
-13.00000 -24.00000 37.50000
-13.00000 -23.00000 34.50000
-12.50000 -23.00000 38.00000
-13.00000 -23.00000 37.50000
-13.00000 -22.50000 35.00000
-12.50000 -22.00000 35.00000
-13.00000 -22.00000 35.50000
-12.50000 -22.00000 38.00000
-13.00000 -22.00000 37.50000
-13.00000 -21.00000 35.50000
-12.50000 -21.00000 38.00000
-13.00000 -21.00000 37.50000
-13.00000 -20.00000 35.50000
-12.50000 -20.00000 38.00000
-13.00000 -20.00000 37.50000
-13.00000 -19.00000 35.50000
-12.50000 -19.00000 38.00000
-13.00000 -19.00000 37.50000
-13.00000 -18.50000 36.00000
-12.50000 -18.00000 36.00000
-13.00000 -18.00000 36.50000
-13.00000 -18.50000 38.00000
-13.00000 -18.00000 38.50000
-13.00000 -17.00000 36.50000
-12.50000 -17.00000 39.00000
-13.00000 -17.00000 38.50000
-13.00000 -16.00000 36.50000
-13.00000 -16.50000 39.00000
-13.00000 -16.00000 39.50000
-13.00000 -15.50000 37.00000
-12.50000 -15.00000 37.00000
-13.00000 -15.00000 37.50000
-12.50000 -15.00000 40.00000
-13.00000 -15.00000 39.50000
-12.50000 -14.00000 38.00000
-13.00000 -14.50000 38.00000
-13.00000 -14.00000 38.50000
-13.00000 -14.50000 40.00000
-13.00000 -14.00000 40.50000
-12.50000 -13.00000 39.00000
-13.00000 -13.50000 39.00000
-13.00000 -13.00000 39.50000
-12.50000 -13.00000 41.00000
-13.00000 -13.00000 40.50000
-12.50000 -12.00000 39.00000
-13.00000 -12.00000 39.50000
-12.50000 -12.00000 41.00000
-13.00000 -12.00000 40.50000
-12.50000 -11.00000 39.00000
-13.00000 -11.50000 40.00000
-12.50000 -11.00000 40.00000
-12.50000 -11.00000 41.00000
-12.50000 -10.00000 39.00000
-12.50000 -10.00000 40.00000
-12.50000 -9.00000 39.00000
-12.50000 -9.00000 40.00000
-12.50000 -8.00000 39.00000
-12.50000 -8.00000 40.00000
-12.50000 -7.00000 39.00000
-12.50000 -6.00000 39.00000
-12.50000 -5.00000 39.00000
-12.50000 -5.00000 40.00000
-12.50000 -4.00000 39.00000
-12.50000 -4.00000 40.00000
-12.50000 -3.00000 39.00000
-12.50000 -3.00000 40.00000
-12.50000 -2.00000 39.00000
-12.50000 -2.00000 40.00000
-12.50000 -1.00000 39.00000
-12.50000 -1.00000 40.00000
-12.50000 0.00000 39.00000
-12.50000 1.00000 38.00000
-14.00000 -40.00000 41.50000
-14.00000 -40.50000 42.00000
-14.00000 -40.50000 43.00000
-14.00000 -40.00000 43.50000
-13.50000 -39.00000 41.00000
-14.00000 -39.00000 40.50000
-14.00000 -39.50000 41.00000
-14.00000 -39.50000 44.00000
-14.00000 -39.00000 44.50000
-13.50000 -38.00000 40.00000
-14.00000 -38.00000 39.50000
-14.00000 -38.50000 40.00000
-13.50000 -38.00000 44.00000
-14.00000 -38.50000 44.00000
-14.00000 -38.00000 43.50000
-13.50000 -38.00000 45.00000
-14.00000 -37.00000 39.50000
-13.50000 -37.00000 43.00000
-14.00000 -37.50000 43.00000
-14.00000 -37.00000 42.50000
-13.50000 -37.00000 44.00000
-14.00000 -36.00000 38.50000
-14.00000 -36.50000 39.00000
-13.50000 -36.00000 43.00000
-14.00000 -36.00000 42.50000
-14.00000 -35.00000 37.50000
-14.00000 -35.50000 38.00000
-13.50000 -35.00000 41.00000
-14.00000 -35.50000 41.00000
-14.00000 -35.00000 40.50000
-13.50000 -35.00000 42.00000
-14.00000 -35.50000 42.00000
-13.50000 -34.00000 37.00000
-14.00000 -34.00000 36.50000
-14.00000 -34.50000 37.00000
-13.50000 -34.00000 40.00000
-14.00000 -34.50000 40.00000
-14.00000 -34.00000 39.50000
-14.00000 -33.00000 36.50000
-13.50000 -33.00000 39.00000
-14.00000 -33.50000 39.00000
-14.00000 -33.00000 38.50000
-13.50000 -33.00000 40.00000
-13.50000 -32.00000 36.00000
-14.00000 -32.00000 35.50000
-14.00000 -32.50000 36.00000
-14.00000 -32.00000 38.50000
-14.00000 -31.00000 35.50000
-13.50000 -31.00000 38.00000
-14.00000 -31.50000 38.00000
-14.00000 -31.00000 37.50000
-13.50000 -30.00000 35.00000
-14.00000 -30.00000 34.50000
-14.00000 -30.50000 35.00000
-14.00000 -30.00000 37.50000
-14.00000 -29.00000 34.50000
-13.50000 -29.00000 37.00000
-14.00000 -29.50000 37.00000
-14.00000 -29.00000 36.50000
-14.00000 -28.00000 34.50000
-14.00000 -28.00000 36.50000
-14.00000 -27.00000 34.50000
-14.00000 -27.00000 36.50000
-14.00000 -26.00000 34.50000
-13.50000 -26.00000 37.00000
-14.00000 -26.00000 36.50000
-14.00000 -25.00000 34.50000
-13.50000 -25.00000 37.00000
-14.00000 -25.00000 36.50000
-14.00000 -24.00000 34.50000
-14.00000 -24.50000 37.00000
-14.00000 -24.00000 37.50000
-14.00000 -23.50000 35.00000
-13.50000 -23.00000 35.00000
-14.00000 -23.00000 35.50000
-14.00000 -23.00000 37.50000
-14.00000 -22.00000 35.50000
-14.00000 -22.00000 37.50000
-14.00000 -21.00000 35.50000
-14.00000 -21.00000 37.50000
-14.00000 -20.50000 36.00000
-13.50000 -20.00000 36.00000
-14.00000 -20.00000 36.50000
-14.00000 -20.00000 37.50000
-13.50000 -19.00000 36.00000
-14.00000 -19.00000 36.50000
-14.00000 -19.00000 37.50000
-14.00000 -18.00000 36.50000
-13.50000 -18.00000 38.00000
-14.00000 -18.00000 37.50000
-14.00000 -17.50000 37.00000
-13.50000 -17.00000 37.00000
-14.00000 -17.50000 38.00000
-14.00000 -17.00000 37.50000
-14.00000 -17.00000 38.50000
-13.50000 -16.00000 37.00000
-14.00000 -16.50000 38.00000
-13.50000 -16.00000 38.00000
-13.50000 -16.00000 39.00000
-13.50000 -15.00000 38.00000
-14.00000 -15.00000 38.50000
-14.00000 -15.50000 39.00000
-14.00000 -15.00000 39.50000
-13.50000 -14.00000 39.00000
-14.00000 -14.50000 39.00000
-13.50000 -14.00000 40.00000
-13.50000 -13.00000 40.00000
-13.50000 -12.00000 40.00000
-15.00000 -40.00000 41.50000
-15.00000 -40.50000 42.00000
-15.00000 -40.50000 43.00000
-15.00000 -40.00000 43.50000
-15.00000 -39.00000 40.50000
-15.00000 -39.50000 41.00000
-14.50000 -39.00000 44.00000
-15.00000 -39.00000 43.50000
-15.00000 -38.00000 39.50000
-15.00000 -38.50000 40.00000
-14.50000 -38.00000 43.00000
-15.00000 -38.50000 43.00000
-15.00000 -38.00000 42.50000
-14.50000 -37.00000 39.00000
-15.00000 -37.00000 38.50000
-15.00000 -37.50000 39.00000
-14.50000 -37.00000 42.00000
-15.00000 -37.50000 42.00000
-15.00000 -37.00000 41.50000
-15.00000 -36.00000 38.50000
-14.50000 -36.00000 41.00000
-15.00000 -36.50000 41.00000
-15.00000 -36.00000 40.50000
-14.50000 -36.00000 42.00000
-15.00000 -35.00000 37.50000
-15.00000 -35.50000 38.00000
-14.50000 -35.00000 40.00000
-15.00000 -35.50000 40.00000
-15.00000 -35.00000 39.50000
-15.00000 -34.00000 36.50000
-15.00000 -34.50000 37.00000
-14.50000 -34.00000 39.00000
-15.00000 -34.50000 39.00000
-15.00000 -34.00000 38.50000
-15.00000 -33.00000 36.50000
-15.00000 -33.00000 38.50000
-15.00000 -32.00000 35.50000
-15.00000 -32.50000 36.00000
-14.50000 -32.00000 38.00000
-15.00000 -32.50000 38.00000
-15.00000 -32.00000 37.50000
-15.00000 -31.00000 35.50000
-15.00000 -31.00000 37.50000
-15.00000 -30.00000 34.50000
-15.00000 -30.50000 35.00000
-14.50000 -30.00000 37.00000
-15.00000 -30.50000 37.00000
-15.00000 -30.00000 36.50000
-15.00000 -29.00000 34.50000
-15.00000 -29.00000 36.50000
-15.00000 -28.00000 34.50000
-15.00000 -28.00000 36.50000
-15.00000 -27.00000 34.50000
-15.00000 -27.00000 36.50000
-15.00000 -26.00000 34.50000
-15.00000 -26.00000 36.50000
-15.00000 -25.50000 35.00000
-14.50000 -25.00000 35.00000
-15.00000 -25.00000 35.50000
-15.00000 -25.00000 36.50000
-14.50000 -24.00000 35.00000
-15.00000 -24.00000 35.50000
-14.50000 -24.00000 37.00000
-15.00000 -24.00000 36.50000
-14.50000 -23.00000 36.00000
-15.00000 -23.50000 36.00000
-14.50000 -23.00000 37.00000
-14.50000 -22.00000 36.00000
-14.50000 -22.00000 37.00000
-14.50000 -21.00000 36.00000
-14.50000 -21.00000 37.00000
-14.50000 -20.00000 37.00000
-14.50000 -19.00000 37.00000
-14.50000 -18.00000 37.00000
-14.50000 -17.00000 38.00000
-14.50000 -15.00000 39.00000
-15.50000 -40.00000 42.00000
-15.50000 -40.00000 43.00000
-15.50000 -39.00000 41.00000
-15.50000 -39.00000 42.00000
-15.50000 -39.00000 43.00000
-16.00000 -38.00000 39.50000
-16.00000 -38.50000 40.00000
-15.50000 -38.00000 41.00000
-16.00000 -38.00000 40.50000
-15.50000 -38.00000 42.00000
-16.00000 -37.00000 38.50000
-16.00000 -37.50000 39.00000
-15.50000 -37.00000 41.00000
-16.00000 -37.00000 40.50000
-16.00000 -36.00000 38.50000
-16.00000 -36.00000 40.50000
-16.00000 -35.00000 37.50000
-16.00000 -35.50000 38.00000
-16.00000 -35.50000 40.00000
-16.00000 -35.00000 39.50000
-16.00000 -34.00000 36.50000
-16.00000 -34.50000 37.00000
-16.00000 -34.50000 39.00000
-16.00000 -34.00000 38.50000
-16.00000 -33.00000 36.50000
-15.50000 -33.00000 38.00000
-16.00000 -33.50000 38.00000
-16.00000 -33.00000 37.50000
-16.00000 -32.00000 35.50000
-16.00000 -32.50000 36.00000
-15.50000 -32.50000 36.50000
-16.00000 -32.50000 37.00000
-15.50000 -32.00000 37.00000
-16.00000 -32.00000 36.50000
-16.00000 -31.00000 35.50000
-15.50000 -31.00000 37.00000
-16.00000 -31.00000 36.50000
-16.00000 -30.00000 34.50000
-16.00000 -30.50000 35.00000
-16.00000 -30.00000 36.50000
-16.00000 -29.00000 34.50000
-15.50000 -29.00000 36.00000
-16.00000 -29.50000 36.00000
-16.00000 -29.00000 35.50000
-16.00000 -28.00000 34.50000
-15.50000 -28.00000 36.00000
-16.00000 -28.00000 35.50000
-16.00000 -27.50000 35.00000
-15.50000 -27.00000 35.00000
-15.50000 -27.00000 36.00000
-15.50000 -26.00000 35.00000
-15.50000 -26.00000 36.00000
-15.50000 -25.00000 36.00000
-15.50000 -24.00000 36.00000
-16.50000 -38.00000 40.00000
-16.50000 -37.00000 39.00000
-16.50000 -37.00000 40.00000
-16.50000 -36.00000 39.00000
-16.50000 -36.00000 40.00000
-16.50000 -35.00000 38.00000
-16.50000 -35.00000 39.00000
-16.50000 -34.00000 37.00000
-16.50000 -34.00000 38.00000
-16.50000 -33.00000 37.00000
-16.50000 -32.00000 36.00000
-16.50000 -31.00000 36.00000
-16.50000 -30.00000 35.00000
-16.50000 -30.00000 36.00000
-16.50000 -29.00000 35.00000
-16.50000 -28.00000 35.00000
3 2 1 0
3 4 3 0
3 0 3 2
3 4 5 3
3 8 7 6
3 6 9 8
3 12 11 10
3 12 10 1
3 10 0 1
3 10 13 0
3 0 14 4
3 0 13 14
3 5 4 15
3 15 4 14
3 6 7 16
3 16 7 17
3 9 6 18
3 18 6 16
3 21 20 19
3 21 19 11
3 19 10 11
3 19 22 10
3 10 23 13
3 10 22 23
3 25 14 24
3 14 23 24
3 14 13 23
3 14 25 15
3 16 17 26
3 26 17 27
3 18 16 28
3 28 16 26
3 19 20 29
3 29 20 30
3 19 31 22
3 19 29 31
3 22 32 23
3 22 31 32
3 24 23 33
3 33 23 32
3 26 27 34
3 34 27 35
3 28 26 36
3 36 26 34
3 39 38 37
3 39 37 30
3 37 29 30
3 37 40 29
3 29 41 31
3 29 40 41
3 31 42 32
3 31 41 42
3 33 32 43
3 43 32 42
3 34 35 44
3 44 35 45
3 36 34 46
3 34 47 46
3 34 44 47
3 49 48 47
3 47 48 46
3 49 50 48
3 37 38 51
3 51 38 52
3 37 53 40
3 37 51 53
3 40 54 41
3 40 53 54
3 56 42 55
3 42 54 55
3 42 41 54
3 42 56 43
3 45 57 44
3 59 58 57
3 58 44 57
3 58 47 44
3 47 60 49
3 47 58 60
3 50 49 61
3 61 49 60
3 51 52 62
3 62 52 63
3 51 64 53
3 51 62 64
3 53 65 54
3 53 64 65
3 55 54 66
3 66 54 65
3 59 67 58
3 69 68 67
3 68 58 67
3 68 60 58
3 61 60 70
3 70 60 68
3 62 63 71
3 71 63 72
3 62 73 64
3 62 71 73
3 64 74 65
3 64 73 74
3 66 65 75
3 75 65 74
3 69 76 68
3 68 76 70
3 79 78 77
3 79 77 72
3 77 71 72
3 77 80 71
3 71 81 73
3 71 80 81
3 73 82 74
3 73 81 82
3 75 74 83
3 83 74 82
3 77 78 84
3 84 78 85
3 77 86 80
3 77 84 86
3 80 87 81
3 80 86 87
3 81 88 82
3 81 87 88
3 83 82 89
3 89 82 88
3 84 85 90
3 90 85 91
3 84 92 86
3 84 90 92
3 86 93 87
3 86 92 93
3 95 88 94
3 88 93 94
3 88 87 93
3 88 95 89
3 98 97 96
3 96 99 98
3 90 91 100
3 100 91 101
3 90 102 92
3 90 100 102
3 92 103 93
3 92 102 103
3 94 93 104
3 104 93 103
3 96 97 105
3 105 97 106
3 99 96 107
3 96 108 107
3 96 105 108
3 108 109 107
3 101 110 100
3 112 111 110
3 111 100 110
3 111 102 100
3 102 113 103
3 102 111 113
3 104 103 114
3 114 103 113
3 105 106 115
3 115 106 116
3 105 117 108
3 105 115 117
3 109 108 118
3 118 108 117
3 121 120 119
3 121 119 112
3 119 111 112
3 119 122 111
3 111 123 113
3 111 122 123
3 114 113 124
3 124 113 123
3 115 116 125
3 125 116 126
3 115 127 117
3 115 125 127
3 118 117 128
3 128 117 127
3 119 120 129
3 129 120 130
3 119 131 122
3 119 129 131
3 122 132 123
3 122 131 132
3 124 123 133
3 123 134 133
3 123 132 134
3 134 135 133
3 125 126 136
3 136 126 137
3 125 138 127
3 125 136 138
3 128 127 139
3 139 127 138
3 129 130 140
3 140 130 141
3 129 142 131
3 129 140 142
3 131 143 132
3 131 142 143
3 132 144 134
3 132 143 144
3 135 134 145
3 145 134 144
3 137 146 136
3 148 147 146
3 147 136 146
3 147 138 136
3 139 138 149
3 149 138 147
3 140 141 150
3 150 141 151
3 140 152 142
3 140 150 152
3 142 153 143
3 142 152 153
3 143 154 144
3 143 153 154
3 145 144 155
3 155 144 154
3 147 148 156
3 156 148 157
3 149 147 158
3 158 147 156
3 150 151 159
3 159 151 160
3 150 161 152
3 150 159 161
3 152 162 153
3 152 161 162
3 153 163 154
3 153 162 163
3 155 154 164
3 164 154 163
3 157 165 156
3 156 165 158
3 159 160 166
3 166 160 167
3 159 168 161
3 159 166 168
3 161 169 162
3 161 168 169
3 171 163 170
3 163 169 170
3 163 162 169
3 163 171 164
3 174 173 172
3 172 175 174
3 166 167 176
3 176 167 177
3 166 178 168
3 166 176 178
3 180 169 179
3 169 178 179
3 169 168 178
3 169 180 170
3 172 173 181
3 181 173 182
3 175 172 183
3 172 184 183
3 172 181 184
3 184 185 183
3 177 186 176
3 176 186 178
3 178 186 187
3 178 187 179
3 181 182 188
3 188 182 189
3 181 190 184
3 181 188 190
3 185 184 191
3 191 184 190
3 189 192 188
3 194 193 192
3 193 188 192
3 193 190 188
3 191 190 195
3 195 190 193
3 193 194 196
3 196 194 197
3 195 193 198
3 198 193 196
3 196 197 199
3 199 197 200
3 198 196 201
3 201 196 199
3 204 203 202
3 206 205 202
3 202 205 204
3 206 207 205
3 199 200 208
3 208 200 209
3 201 199 210
3 210 199 208
3 202 203 211
3 211 203 212
3 202 213 206
3 202 211 213
3 207 206 214
3 214 206 213
3 208 209 215
3 215 209 216
3 210 208 217
3 217 208 215
3 220 219 218
3 220 218 212
3 218 211 212
3 218 221 211
3 211 222 213
3 211 221 222
3 214 213 223
3 223 213 222
3 216 224 215
3 215 224 217
3 219 225 218
3 227 226 225
3 226 218 225
3 226 221 218
3 221 228 222
3 221 226 228
3 223 222 229
3 229 222 228
3 226 227 230
3 230 227 231
3 233 228 232
3 228 230 232
3 228 226 230
3 228 233 229
3 230 231 234
3 234 231 235
3 232 230 236
3 236 230 234
3 235 237 234
3 234 237 236
3 240 239 238
3 238 241 240
3 244 243 242
3 244 242 239
3 242 238 239
3 242 245 238
3 241 238 246
3 246 238 245
3 242 243 247
3 247 243 248
3 242 249 245
3 242 247 249
3 246 245 250
3 250 245 249
3 253 252 251
3 253 251 248
3 251 247 248
3 251 254 247
3 247 255 249
3 247 254 255
3 250 249 256
3 256 249 255
3 259 258 257
3 261 260 257
3 257 260 259
3 263 262 261
3 261 262 260
3 265 264 263
3 263 264 262
3 267 266 265
3 265 266 264
3 269 268 267
3 267 268 266
3 268 269 252
3 269 251 252
3 269 270 251
3 251 271 254
3 251 270 271
3 254 272 255
3 254 271 272
3 256 255 273
3 273 255 272
3 276 275 274
3 276 274 258
3 274 257 258
3 274 277 257
3 257 278 261
3 257 277 278
3 261 279 263
3 261 278 279
3 263 280 265
3 263 279 280
3 265 281 267
3 265 280 281
3 267 282 269
3 267 281 282
3 269 283 270
3 269 282 283
3 270 284 271
3 270 283 284
3 271 285 272
3 271 284 285
3 273 272 286
3 286 272 285
3 289 288 287
3 287 290 289
3 293 292 291
3 293 291 275
3 291 274 275
3 291 294 274
3 274 295 277
3 274 294 295
3 277 296 278
3 277 295 296
3 278 297 279
3 278 296 297
3 279 298 280
3 279 297 298
3 280 299 281
3 280 298 299
3 299 1 2
3 282 299 2
3 281 299 282
3 282 2 3
3 282 3 283
3 283 3 5
3 300 283 5
3 284 283 300
3 302 285 301
3 285 300 301
3 285 284 300
3 285 302 286
3 304 303 8
3 8 303 7
3 306 305 9
3 305 8 9
3 305 304 8
3 308 307 306
3 306 307 305
3 310 309 308
3 308 309 307
3 312 311 310
3 310 311 309
3 311 312 288
3 312 287 288
3 312 313 287
3 290 287 314
3 314 287 313
3 317 316 315
3 317 315 292
3 315 291 292
3 315 318 291
3 291 319 294
3 291 318 319
3 294 320 295
3 294 319 320
3 295 321 296
3 295 320 321
3 296 322 297
3 296 321 322
3 297 323 298
3 297 322 323
3 323 11 12
3 299 323 12
3 298 323 299
3 299 12 1
3 15 324 300
3 15 300 5
3 301 300 325
3 325 300 324
3 328 327 326
3 303 328 326
3 17 303 326
3 7 303 17
3 18 329 306
3 18 306 9
3 306 330 308
3 306 329 330
3 308 331 310
3 308 330 331
3 310 332 312
3 310 331 332
3 312 333 313
3 312 332 333
3 314 313 334
3 334 313 333
3 315 316 335
3 335 316 336
3 315 337 318
3 315 335 337
3 318 338 319
3 318 337 338
3 319 339 320
3 319 338 339
3 320 340 321
3 320 339 340
3 321 341 322
3 321 340 341
3 341 20 21
3 323 341 21
3 322 341 323
3 323 21 11
3 24 342 25
3 342 343 25
3 25 343 15
3 343 344 15
3 344 324 15
3 324 344 325
3 326 327 345
3 345 327 346
3 345 27 17
3 345 17 326
3 28 347 329
3 28 329 18
3 329 348 330
3 329 347 348
3 330 349 331
3 330 348 349
3 331 350 332
3 331 349 350
3 332 351 333
3 332 350 351
3 334 333 352
3 333 353 352
3 333 351 353
3 355 354 353
3 353 354 352
3 354 355 336
3 355 335 336
3 355 356 335
3 335 357 337
3 335 356 357
3 337 358 338
3 337 357 358
3 338 359 339
3 338 358 359
3 339 360 340
3 339 359 360
3 340 361 341
3 340 360 361
3 361 30 20
3 361 20 341
3 33 362 342
3 33 342 24
3 343 342 363
3 363 342 362
3 345 346 364
3 364 346 365
3 364 35 27
3 364 27 345
3 36 366 347
3 36 347 28
3 347 367 348
3 347 366 367
3 348 368 349
3 348 367 368
3 349 369 350
3 349 368 369
3 350 370 351
3 350 369 370
3 351 371 353
3 351 370 371
3 353 372 355
3 353 371 372
3 355 373 356
3 355 372 373
3 356 374 357
3 356 373 374
3 357 375 358
3 357 374 375
3 358 376 359
3 358 375 376
3 359 377 360
3 359 376 377
3 377 38 39
3 361 377 39
3 360 377 361
3 361 39 30
3 43 378 362
3 43 362 33
3 363 362 379
3 379 362 378
3 364 365 380
3 380 365 381
3 380 45 35
3 380 35 364
3 46 366 36
3 366 46 48
3 366 48 367
3 367 48 50
3 382 367 50
3 368 367 382
3 368 383 369
3 368 382 383
3 369 384 370
3 369 383 384
3 370 385 371
3 370 384 385
3 371 386 372
3 371 385 386
3 372 387 373
3 372 386 387
3 373 388 374
3 373 387 388
3 374 389 375
3 374 388 389
3 375 390 376
3 375 389 390
3 376 391 377
3 376 390 391
3 391 52 38
3 391 38 377
3 55 392 56
3 378 43 56
3 392 378 56
3 393 378 392
3 379 378 394
3 394 378 393
3 380 381 395
3 395 381 396
3 397 57 45
3 380 397 45
3 395 397 380
3 397 59 57
3 61 398 382
3 61 382 50
3 382 399 383
3 382 398 399
3 383 400 384
3 383 399 400
3 384 401 385
3 384 400 401
3 385 402 386
3 385 401 402
3 386 403 387
3 386 402 403
3 387 404 388
3 387 403 404
3 388 405 389
3 388 404 405
3 389 406 390
3 389 405 406
3 390 407 391
3 390 406 407
3 407 63 52
3 407 52 391
3 66 408 392
3 66 392 55
3 410 393 409
3 393 408 409
3 393 392 408
3 393 410 394
3 395 396 411
3 411 396 412
3 395 413 397
3 395 411 413
3 414 67 59
3 397 414 59
3 413 414 397
3 414 69 67
3 70 415 398
3 70 398 61
3 398 416 399
3 398 415 416
3 399 417 400
3 399 416 417
3 400 418 401
3 400 417 418
3 401 419 402
3 401 418 419
3 402 420 403
3 402 419 420
3 403 421 404
3 403 420 421
3 404 422 405
3 404 421 422
3 405 423 406
3 405 422 423
3 406 424 407
3 406 423 424
3 424 72 63
3 424 63 407
3 75 425 408
3 75 408 66
3 409 408 426
3 426 408 425
3 411 412 427
3 427 412 428
3 411 429 413
3 411 427 429
3 413 430 414
3 413 429 430
3 431 76 69
3 414 431 69
3 430 431 414
3 415 70 76
3 431 415 76
3 432 415 431
3 415 433 416
3 415 432 433
3 416 434 417
3 416 433 434
3 417 435 418
3 417 434 435
3 418 436 419
3 418 435 436
3 419 437 420
3 419 436 437
3 420 438 421
3 420 437 438
3 421 439 422
3 421 438 439
3 422 440 423
3 422 439 440
3 440 78 79
3 424 440 79
3 423 440 424
3 424 79 72
3 83 441 425
3 83 425 75
3 426 425 442
3 442 425 441
3 427 428 443
3 443 428 444
3 427 445 429
3 427 443 445
3 429 446 430
3 429 445 446
3 430 447 431
3 430 446 447
3 431 448 432
3 431 447 448
3 432 449 433
3 432 448 449
3 433 450 434
3 433 449 450
3 434 451 435
3 434 450 451
3 435 452 436
3 435 451 452
3 436 453 437
3 436 452 453
3 437 454 438
3 437 453 454
3 438 455 439
3 438 454 455
3 439 456 440
3 439 455 456
3 456 85 78
3 456 78 440
3 89 457 441
3 89 441 83
3 442 441 458
3 458 441 457
3 443 444 459
3 459 444 460
3 443 461 445
3 443 459 461
3 445 462 446
3 445 461 462
3 446 463 447
3 446 462 463
3 447 464 448
3 447 463 464
3 448 465 449
3 448 464 465
3 449 466 450
3 449 465 466
3 450 467 451
3 450 466 467
3 451 468 452
3 451 467 468
3 452 469 453
3 452 468 469
3 453 470 454
3 453 469 470
3 454 471 455
3 454 470 471
3 455 472 456
3 455 471 472
3 472 91 85
3 472 85 456
3 94 473 95
3 473 474 95
3 95 474 89
3 474 475 89
3 475 457 89
3 457 475 458
3 459 460 476
3 476 460 477
3 459 478 461
3 459 476 478
3 478 97 98
3 462 478 98
3 461 478 462
3 462 98 99
3 479 462 99
3 463 462 479
3 463 480 464
3 463 479 480
3 464 481 465
3 464 480 481
3 465 482 466
3 465 481 482
3 466 483 467
3 466 482 483
3 467 484 468
3 467 483 484
3 468 485 469
3 468 484 485
3 469 486 470
3 469 485 486
3 470 487 471
3 470 486 487
3 471 488 472
3 471 487 488
3 488 101 91
3 488 91 472
3 104 489 473
3 104 473 94
3 474 473 490
3 490 473 489
3 476 477 491
3 491 477 492
3 476 493 478
3 476 491 493
3 493 106 97
3 493 97 478
3 107 479 99
3 479 107 109
3 494 479 109
3 480 479 494
3 480 495 481
3 480 494 495
3 481 496 482
3 481 495 496
3 482 497 483
3 482 496 497
3 483 498 484
3 483 497 498
3 484 499 485
3 484 498 499
3 485 500 486
3 485 499 500
3 486 501 487
3 486 500 501
3 487 502 488
3 487 501 502
3 503 110 101
3 488 503 101
3 502 503 488
3 503 112 110
3 114 504 489
3 114 489 104
3 490 489 505
3 505 489 504
3 508 507 506
3 508 506 492
3 506 491 492
3 506 509 491
3 491 510 493
3 491 509 510
3 510 116 106
3 510 106 493
3 118 511 494
3 118 494 109
3 494 512 495
3 494 511 512
3 495 513 496
3 495 512 513
3 496 514 497
3 496 513 514
3 497 515 498
3 497 514 515
3 498 516 499
3 498 515 516
3 499 517 500
3 499 516 517
3 500 518 501
3 500 517 518
3 501 519 502
3 501 518 519
3 519 120 121
3 503 519 121
3 502 519 503
3 503 121 112
3 124 520 504
3 124 504 114
3 505 504 521
3 504 522 521
3 504 520 522
3 522 523 521
3 507 524 506
3 526 525 524
3 525 506 524
3 525 509 506
3 509 527 510
3 509 525 527
3 527 126 116
3 527 116 510
3 128 528 511
3 128 511 118
3 511 529 512
3 511 528 529
3 512 530 513
3 512 529 530
3 513 531 514
3 513 530 531
3 514 532 515
3 514 531 532
3 515 533 516
3 515 532 533
3 516 534 517
3 516 533 534
3 517 535 518
3 517 534 535
3 518 536 519
3 518 535 536
3 536 130 120
3 536 120 519
3 133 520 124
3 520 133 135
3 537 520 135
3 522 520 537
3 523 522 538
3 538 522 537
3 525 526 539
3 539 526 540
3 525 541 527
3 525 539 541
3 541 137 126
3 541 126 527
3 139 542 528
3 139 528 128
3 528 543 529
3 528 542 543
3 529 544 530
3 529 543 544
3 530 545 531
3 530 544 545
3 531 546 532
3 531 545 546
3 532 547 533
3 532 546 547
3 533 548 534
3 533 547 548
3 534 549 535
3 534 548 549
3 535 550 536
3 535 549 550
3 550 141 130
3 550 130 536
3 145 551 537
3 145 537 135
3 538 537 552
3 552 537 551
3 540 553 539
3 555 554 553
3 554 539 553
3 554 541 539
3 556 146 137
3 541 556 137
3 554 556 541
3 556 148 146
3 149 557 542
3 149 542 139
3 542 558 543
3 542 557 558
3 543 559 544
3 543 558 559
3 544 560 545
3 544 559 560
3 545 561 546
3 545 560 561
3 546 562 547
3 546 561 562
3 547 563 548
3 547 562 563
3 548 564 549
3 548 563 564
3 549 565 550
3 549 564 565
3 565 151 141
3 565 141 550
3 155 566 551
3 155 551 145
3 552 551 567
3 567 551 566
3 555 568 554
3 570 569 568
3 569 554 568
3 569 556 554
3 569 157 148
3 569 148 556
3 158 571 557
3 158 557 149
3 557 572 558
3 557 571 572
3 558 573 559
3 558 572 573
3 559 574 560
3 559 573 574
3 560 575 561
3 560 574 575
3 561 576 562
3 561 575 576
3 562 577 563
3 562 576 577
3 563 578 564
3 563 577 578
3 564 579 565
3 564 578 579
3 579 160 151
3 579 151 565
3 164 580 566
3 164 566 155
3 567 566 581
3 581 566 580
3 569 570 582
3 582 570 583
3 584 165 157
3 569 584 157
3 582 584 569
3 571 158 165
3 584 571 165
3 585 571 584
3 571 586 572
3 571 585 586
3 572 587 573
3 572 586 587
3 573 588 574
3 573 587 588
3 574 589 575
3 574 588 589
3 575 590 576
3 575 589 590
3 576 591 577
3 576 590 591
3 577 592 578
3 577 591 592
3 578 593 579
3 578 592 593
3 593 167 160
3 593 160 579
3 170 594 171
3 580 164 171
3 594 580 171
3 595 580 594
3 581 580 596
3 596 580 595
3 583 597 582
3 599 598 597
3 598 582 597
3 598 584 582
3 584 600 585
3 584 598 600
3 600 173 174
3 586 600 174
3 585 600 586
3 586 174 175
3 601 586 175
3 587 586 601
3 587 602 588
3 587 601 602
3 588 603 589
3 588 602 603
3 589 604 590
3 589 603 604
3 590 605 591
3 590 604 605
3 591 606 592
3 591 605 606
3 592 607 593
3 592 606 607
3 607 177 167
3 607 167 593
3 179 608 180
3 594 170 180
3 608 594 180
3 609 594 608
3 594 610 595
3 594 609 610
3 596 595 611
3 611 595 610
3 598 599 612
3 612 599 613
3 598 614 600
3 598 612 614
3 614 182 173
3 614 173 600
3 183 601 175
3 601 183 185
3 615 601 185
3 602 601 615
3 602 616 603
3 602 615 616
3 603 617 604
3 603 616 617
3 604 618 605
3 604 617 618
3 605 619 606
3 605 618 619
3 606 620 607
3 606 619 620
3 621 186 177
3 607 621 177
3 620 621 607
3 622 187 186
3 622 186 621
3 608 179 187
3 622 608 187
3 623 608 622
3 608 624 609
3 608 623 624
3 609 625 610
3 609 624 625
3 611 610 626
3 610 627 626
3 610 625 627
3 627 628 626
3 612 613 629
3 629 613 630
3 612 631 614
3 612 629 631
3 631 189 182
3 631 182 614
3 191 632 615
3 191 615 185
3 615 633 616
3 615 632 633
3 616 634 617
3 616 633 634
3 617 635 618
3 617 634 635
3 618 636 619
3 618 635 636
3 619 637 620
3 619 636 637
3 620 638 621
3 620 637 638
3 621 639 622
3 621 638 639
3 622 640 623
3 622 639 640
3 623 641 624
3 623 640 641
3 624 642 625
3 624 641 642
3 625 643 627
3 625 642 643
3 628 627 644
3 644 627 643
3 630 645 629
3 647 646 645
3 646 629 645
3 646 631 629
3 648 192 189
3 631 648 189
3 646 648 631
3 648 194 192
3 195 649 632
3 195 632 191
3 632 650 633
3 632 649 650
3 633 651 634
3 633 650 651
3 653 635 652
3 635 651 652
3 635 634 651
3 635 653 636
3 636 653 654
3 656 655 654
3 655 636 654
3 655 637 636
3 637 657 638
3 637 655 657
3 638 658 639
3 638 657 658
3 639 659 640
3 639 658 659
3 640 660 641
3 640 659 660
3 641 661 642
3 641 660 661
3 663 643 662
3 643 661 662
3 643 642 661
3 643 663 644
3 646 647 664
3 664 647 665
3 646 666 648
3 646 664 666
3 666 197 194
3 666 194 648
3 198 667 649
3 198 649 195
3 649 668 650
3 649 667 668
3 670 651 669
3 651 668 669
3 651 650 668
3 651 670 652
3 656 671 655
3 673 672 671
3 672 655 671
3 672 657 655
3 657 674 658
3 657 672 674
3 658 675 659
3 658 674 675
3 659 676 660
3 659 675 676
3 660 677 661
3 660 676 677
3 662 661 678
3 678 661 677
3 664 665 679
3 679 665 680
3 664 681 666
3 664 679 681
3 681 200 197
3 681 197 666
3 201 682 667
3 201 667 198
3 667 683 668
3 667 682 683
3 669 668 684
3 684 668 683
3 687 686 685
3 687 685 673
3 685 672 673
3 685 688 672
3 672 689 674
3 672 688 689
3 689 203 204
3 675 689 204
3 674 689 675
3 675 204 205
3 675 205 676
3 676 205 207
3 690 676 207
3 677 676 690
3 678 677 691
3 691 677 690
3 679 680 692
3 692 680 693
3 679 694 681
3 679 692 694
3 694 209 200
3 694 200 681
3 210 695 682
3 210 682 201
3 682 696 683
3 682 695 696
3 684 683 697
3 697 683 696
3 685 686 698
3 698 686 699
3 685 700 688
3 685 698 700
3 688 701 689
3 688 700 701
3 701 212 203
3 701 203 689
3 214 702 690
3 214 690 207
3 691 690 703
3 703 690 702
3 692 693 704
3 704 693 705
3 692 706 694
3 692 704 706
3 706 216 209
3 706 209 694
3 217 707 695
3 217 695 210
3 695 708 696
3 695 707 708
3 697 696 709
3 709 696 708
3 698 699 710
3 710 699 711
3 698 712 700
3 698 710 712
3 712 219 220
3 701 712 220
3 700 712 701
3 701 220 212
3 223 713 702
3 223 702 214
3 703 702 714
3 714 702 713
3 704 705 715
3 715 705 716
3 704 717 706
3 704 715 717
3 718 224 216
3 706 718 216
3 717 718 706
3 707 217 224
3 718 707 224
3 719 707 718
3 707 720 708
3 707 719 720
3 709 708 721
3 721 708 720
3 710 711 722
3 722 711 723
3 710 724 712
3 710 722 724
3 725 225 219
3 712 725 219
3 724 725 712
3 725 227 225
3 229 726 713
3 229 713 223
3 714 713 727
3 727 713 726
3 715 716 728
3 728 716 729
3 715 730 717
3 715 728 730
3 717 731 718
3 717 730 731
3 718 732 719
3 718 731 732
3 719 733 720
3 719 732 733
3 721 720 734
3 734 720 733
3 722 723 735
3 735 723 736
3 722 737 724
3 722 735 737
3 724 738 725
3 724 737 738
3 738 231 227
3 738 227 725
3 232 739 233
3 726 229 233
3 739 726 233
3 740 726 739
3 727 726 741
3 741 726 740
3 728 729 742
3 742 729 743
3 728 744 730
3 728 742 744
3 730 745 731
3 730 744 745
3 731 746 732
3 731 745 746
3 732 747 733
3 732 746 747
3 734 733 748
3 748 733 747
3 735 736 749
3 749 736 750
3 735 751 737
3 735 749 751
3 737 752 738
3 737 751 752
3 752 235 231
3 752 231 738
3 236 753 739
3 236 739 232
3 739 754 740
3 739 753 754
3 741 740 755
3 755 740 754
3 742 743 756
3 756 743 757
3 742 758 744
3 742 756 758
3 744 759 745
3 744 758 759
3 745 760 746
3 745 759 760
3 746 761 747
3 746 760 761
3 748 747 762
3 762 747 761
3 749 750 763
3 763 750 764
3 749 765 751
3 749 763 765
3 751 766 752
3 751 765 766
3 767 237 235
3 752 767 235
3 766 767 752
3 753 236 237
3 767 753 237
3 768 753 767
3 753 769 754
3 753 768 769
3 755 754 770
3 770 754 769
3 756 757 771
3 771 757 772
3 756 773 758
3 756 771 773
3 758 774 759
3 758 773 774
3 759 775 760
3 759 774 775
3 760 776 761
3 760 775 776
3 762 761 777
3 777 761 776
3 763 764 778
3 778 764 779
3 763 780 765
3 763 778 780
3 765 781 766
3 765 780 781
3 766 782 767
3 766 781 782
3 767 783 768
3 767 782 783
3 785 769 784
3 769 783 784
3 769 768 783
3 769 785 770
3 771 772 786
3 786 772 787
3 771 788 773
3 771 786 788
3 773 789 774
3 773 788 789
3 774 790 775
3 774 789 790
3 775 791 776
3 775 790 791
3 777 776 792
3 792 776 791
3 795 794 793
3 795 793 779
3 793 778 779
3 793 796 778
3 778 797 780
3 778 796 797
3 780 798 781
3 780 797 798
3 781 799 782
3 781 798 799
3 782 800 783
3 782 799 800
3 784 783 801
3 801 783 800
3 786 787 802
3 802 787 803
3 786 804 788
3 786 802 804
3 788 805 789
3 788 804 805
3 789 806 790
3 789 805 806
3 808 791 807
3 791 806 807
3 791 790 806
3 791 808 792
3 793 794 809
3 809 794 810
3 793 811 796
3 793 809 811
3 796 812 797
3 796 811 812
3 797 813 798
3 797 812 813
3 798 814 799
3 798 813 814
3 799 815 800
3 799 814 815
3 801 800 816
3 816 800 815
3 802 803 817
3 817 803 818
3 802 819 804
3 802 817 819
3 804 820 805
3 804 819 820
3 805 821 806
3 805 820 821
3 807 806 822
3 822 806 821
3 809 810 823
3 823 810 824
3 809 825 811
3 809 823 825
3 811 826 812
3 811 825 826
3 812 827 813
3 812 826 827
3 813 828 814
3 813 827 828
3 830 815 829
3 815 828 829
3 815 814 828
3 815 830 816
3 817 818 831
3 831 818 832
3 817 833 819
3 817 831 833
3 819 834 820
3 819 833 834
3 836 821 835
3 821 834 835
3 821 820 834
3 821 836 822
3 839 838 837
3 839 837 824
3 837 823 824
3 837 840 823
3 823 841 825
3 823 840 841
3 825 842 826
3 825 841 842
3 826 843 827
3 826 842 843
3 827 844 828
3 827 843 844
3 829 828 845
3 845 828 844
3 832 846 831
3 831 846 833
3 833 846 847
3 833 847 834
3 834 847 848
3 834 848 835
3 837 838 849
3 849 838 850
3 837 851 840
3 837 849 851
3 840 852 841
3 840 851 852
3 841 853 842
3 841 852 853
3 842 854 843
3 842 853 854
3 843 855 844
3 843 854 855
3 845 844 856
3 856 844 855
3 849 850 857
3 857 850 858
3 849 859 851
3 849 857 859
3 851 860 852
3 851 859 860
3 852 861 853
3 852 860 861
3 853 862 854
3 853 861 862
3 864 855 863
3 855 862 863
3 855 854 862
3 855 864 856
3 858 865 857
3 857 865 859
3 859 865 866
3 859 866 860
3 860 866 867
3 860 867 861
3 861 867 868
3 861 868 862
3 862 868 869
3 862 869 863
3 871 870 240
3 240 870 239
3 873 872 241
3 872 240 241
3 872 871 240
3 873 874 872
3 876 875 244
3 244 875 243
3 244 239 870
3 244 870 876
3 246 877 873
3 246 873 241
3 874 873 878
3 878 873 877
3 881 880 879
3 875 881 879
3 248 875 879
3 243 875 248
3 250 882 877
3 250 877 246
3 878 877 883
3 883 877 882
3 886 885 884
3 884 887 886
3 890 889 888
3 892 891 888
3 888 891 890
3 891 892 880
3 880 892 879
3 892 252 879
3 252 253 879
3 879 253 248
3 894 893 882
3 250 894 882
3 256 894 250
3 882 893 883
3 897 896 895
3 899 898 895
3 895 898 897
3 258 259 899
3 259 898 899
3 259 900 898
3 260 884 885
3 900 260 885
3 259 260 900
3 901 887 884
3 260 901 884
3 262 901 260
3 902 262 264
3 902 901 262
3 266 888 889
3 902 266 889
3 264 266 902
3 888 266 268
3 888 268 892
3 892 268 252
3 273 894 256
3 273 903 894
3 906 905 904
3 906 904 896
3 904 895 896
3 904 907 895
3 907 275 276
3 899 907 276
3 895 907 899
3 899 276 258
3 286 903 273
3 286 908 903
3 910 909 289
3 289 909 288
3 912 911 290
3 911 289 290
3 911 910 289
3 914 913 912
3 912 913 911
3 913 914 905
3 914 904 905
3 914 915 904
3 915 292 293
3 907 915 293
3 904 915 907
3 907 293 275
3 301 916 302
3 916 917 302
3 917 286 302
3 917 908 286
3 919 918 304
3 304 918 303
3 921 919 920
3 919 305 920
3 919 304 305
3 920 305 922
3 305 923 922
3 305 307 923
3 924 307 309
3 924 923 307
3 925 309 311
3 925 924 309
3 311 288 909
3 311 909 925
3 314 926 912
3 314 912 290
3 912 927 914
3 912 926 927
3 927 316 317
3 915 927 317
3 914 927 915
3 915 317 292
3 929 928 916
3 301 929 916
3 325 929 301
3 916 928 917
3 932 931 930
3 327 328 930
3 328 932 930
3 328 933 932
3 328 303 918
3 328 918 933
3 934 921 920
3 934 920 922
3 334 935 926
3 334 926 314
3 926 936 927
3 926 935 936
3 936 336 316
3 936 316 927
3 343 937 344
3 937 938 344
3 938 325 344
3 938 929 325
3 930 931 939
3 939 931 940
3 939 346 327
3 939 327 930
3 352 935 334
3 935 352 354
3 935 354 936
3 936 354 336
3 942 941 937
3 343 942 937
3 363 942 343
3 937 941 938
3 939 940 943
3 943 940 944
3 943 365 346
3 943 346 939
3 379 942 363
3 379 945 942
3 943 944 946
3 946 944 947
3 946 381 365
3 946 365 943
3 394 945 379
3 394 948 945
3 946 947 949
3 949 947 950
3 949 396 381
3 949 381 946
3 409 951 410
3 951 952 410
3 952 394 410
3 952 948 394
3 949 950 953
3 953 950 954
3 953 412 396
3 953 396 949
3 956 955 951
3 409 956 951
3 426 956 409
3 951 955 952
3 953 954 957
3 957 954 958
3 957 428 412
3 957 412 953
3 442 956 426
3 442 959 956
3 958 960 957
3 428 957 960
3 961 428 960
3 444 428 961
3 458 959 442
3 458 962 959
3 965 964 963
3 961 965 963
3 460 961 963
3 444 961 460
3 474 966 475
3 966 967 475
3 967 458 475
3 967 962 458
3 963 964 968
3 968 964 969
3 968 477 460
3 968 460 963
3 490 970 966
3 490 966 474
3 967 966 971
3 971 966 970
3 968 969 972
3 972 969 973
3 972 492 477
3 972 477 968
3 505 974 970
3 505 970 490
3 971 970 975
3 975 970 974
3 972 973 508
3 973 507 508
3 973 976 507
3 972 508 492
3 521 974 505
3 521 523 974
3 523 975 974
3 523 977 975
3 524 507 978
3 507 979 978
3 507 976 979
3 978 526 524
3 538 977 523
3 538 980 977
3 979 981 978
3 526 978 981
3 982 526 981
3 540 526 982
3 552 980 538
3 552 983 980
3 553 540 984
3 540 985 984
3 540 982 985
3 984 555 553
3 567 983 552
3 567 986 983
3 984 985 987
3 987 985 988
3 989 568 555
3 984 989 555
3 987 989 984
3 989 570 568
3 581 986 567
3 581 990 986
3 988 991 987
3 993 992 991
3 992 987 991
3 992 989 987
3 992 583 570
3 992 570 989
3 596 990 581
3 596 994 990
3 992 993 995
3 995 993 996
3 997 597 583
3 992 997 583
3 995 997 992
3 997 599 597
3 611 999 998
3 994 611 998
3 596 611 994
3 999 1000 998
3 995 996 1001
3 1001 996 1002
3 995 1003 997
3 995 1001 1003
3 1003 613 599
3 1003 599 997
3 626 999 611
3 626 628 999
3 628 1000 999
3 628 1004 1000
3 1002 1005 1001
3 1007 1006 1005
3 1006 1001 1005
3 1006 1003 1001
3 1006 630 613
3 1006 613 1003
3 644 1004 628
3 644 1008 1004
3 1007 1009 1006
3 1009 1011 1010
3 1009 1010 645
3 1006 1009 645
3 630 1006 645
3 1010 647 645
3 652 1012 653
3 1013 654 653
3 1013 653 1012
3 1013 656 654
3 662 1014 663
3 1014 1015 663
3 1015 644 663
3 1015 1008 644
3 1010 1011 1016
3 1016 1011 1017
3 1016 665 647
3 1016 647 1010
3 669 1018 670
3 1012 652 670
3 1018 1012 670
3 1019 1012 1018
3 1012 1020 1013
3 1012 1019 1020
3 1021 671 656
3 1013 1021 656
3 1020 1021 1013
3 1021 673 671
3 678 1022 1014
3 678 1014 662
3 1015 1014 1023
3 1023 1014 1022
3 1017 1024 1016
3 665 1016 1024
3 1025 665 1024
3 680 665 1025
3 684 1026 1018
3 684 1018 669
3 1018 1027 1019
3 1018 1026 1027
3 1019 1028 1020
3 1019 1027 1028
3 1028 686 687
3 1021 1028 687
3 1020 1028 1021
3 1021 687 673
3 1030 1029 1022
3 678 1030 1022
3 691 1030 678
3 1022 1029 1023
3 1025 693 680
3 1031 693 1025
3 697 1032 1026
3 697 1026 684
3 1026 1033 1027
3 1026 1032 1033
3 1027 1034 1028
3 1027 1033 1034
3 1034 699 686
3 1034 686 1028
3 703 1030 691
3 703 1035 1030
3 1031 705 693
3 1036 705 1031
3 709 1037 1032
3 709 1032 697
3 1032 1038 1033
3 1032 1037 1038
3 1033 1039 1034
3 1033 1038 1039
3 1039 711 699
3 1039 699 1034
3 714 1035 703
3 714 1040 1035
3 1036 716 705
3 1041 716 1036
3 721 1042 1037
3 721 1037 709
3 1037 1043 1038
3 1037 1042 1043
3 1038 1044 1039
3 1038 1043 1044
3 1044 723 711
3 1044 711 1039
3 727 1040 714
3 727 1045 1040
3 1041 729 716
3 1046 729 1041
3 734 1047 1042
3 734 1042 721
3 1042 1048 1043
3 1042 1047 1048
3 1043 1049 1044
3 1043 1048 1049
3 1049 736 723
3 1049 723 1044
3 741 1045 727
3 741 1050 1045
3 1046 743 729
3 1051 743 1046
3 748 1052 1047
3 748 1047 734
3 1047 1053 1048
3 1047 1052 1053
3 1048 1054 1049
3 1048 1053 1054
3 1054 750 736
3 1054 736 1049
3 755 1050 741
3 755 1055 1050
3 1051 757 743
3 1056 757 1051
3 762 1057 1052
3 762 1052 748
3 1052 1058 1053
3 1052 1057 1058
3 1053 1059 1054
3 1053 1058 1059
3 1059 764 750
3 1059 750 1054
3 770 1055 755
3 770 1060 1055
3 1056 772 757
3 1061 772 1056
3 777 1062 1057
3 777 1057 762
3 1057 1063 1058
3 1057 1062 1063
3 1058 1064 1059
3 1058 1063 1064
3 1064 779 764
3 1064 764 1059
3 784 1065 785
3 1065 1066 785
3 1066 770 785
3 1066 1060 770
3 1069 1068 1067
3 1061 1069 1067
3 787 1061 1067
3 772 1061 787
3 792 1070 1062
3 792 1062 777
3 1062 1071 1063
3 1062 1070 1071
3 1071 794 795
3 1064 1071 795
3 1063 1071 1064
3 1064 795 779
3 801 1072 1065
3 801 1065 784
3 1066 1065 1073
3 1073 1065 1072
3 1067 1068 1074
3 1074 1068 1075
3 1074 803 787
3 1074 787 1067
3 807 1076 808
3 1070 792 808
3 1076 1070 808
3 1077 1070 1076
3 1070 1078 1071
3 1070 1077 1078
3 1078 810 794
3 1078 794 1071
3 1080 1079 1072
3 801 1080 1072
3 816 1080 801
3 1072 1079 1073
3 1083 1082 1081
3 1083 1081 1075
3 1081 1074 1075
3 1081 1084 1074
3 1084 818 803
3 1084 803 1074
3 822 1085 1076
3 822 1076 807
3 1076 1086 1077
3 1076 1085 1086
3 1077 1087 1078
3 1077 1086 1087
3 1087 824 810
3 1087 810 1078
3 829 1088 830
3 1088 1089 830
3 1089 816 830
3 1089 1080 816
3 1082 1090 1081
3 1092 1091 1090
3 1091 1081 1090
3 1091 1084 1081
3 1091 832 818
3 1091 818 1084
3 835 1093 836
3 1085 822 836
3 1093 1085 836
3 1094 1085 1093
3 1085 1095 1086
3 1085 1094 1095
3 1095 838 839
3 1087 1095 839
3 1086 1095 1087
3 1087 839 824
3 845 1096 1088
3 845 1088 829
3 1089 1088 1097
3 1097 1088 1096
3 1092 1098 1091
3 1091 1098 832
3 1098 846 832
3 1098 1099 846
3 1099 1101 1100
3 847 1099 1100
3 846 1099 847
3 1102 848 847
3 1102 847 1100
3 1093 835 848
3 1102 1093 848
3 1103 1093 1102
3 1093 1104 1094
3 1093 1103 1104
3 1094 1105 1095
3 1094 1104 1105
3 1105 850 838
3 1105 838 1095
3 1107 1106 1096
3 845 1107 1096
3 856 1107 845
3 1096 1106 1097
3 1101 1108 1100
3 1100 1108 1102
3 1102 1108 1109
3 1102 1109 1103
3 1103 1109 1110
3 1103 1110 1104
3 1104 1110 1111
3 1113 1112 1111
3 1112 1104 1111
3 1112 1105 1104
3 1112 858 850
3 1112 850 1105
3 1115 1114 864
3 1115 864 863
3 856 864 1107
3 1107 864 1114
3 1113 1116 1112
3 1112 1116 858
3 1116 865 858
3 1116 1117 865
3 865 1118 866
3 1117 1118 865
3 866 1119 867
3 1118 1119 866
3 867 1120 868
3 1119 1120 867
3 868 1121 869
3 1120 1121 868
3 863 869 1115
3 1115 869 1121
3 1123 1122 871
3 871 1122 870
3 1124 871 872
3 1124 1123 871
3 872 874 1124
3 1124 874 1125
3 1127 1126 876
3 876 1126 875
3 876 870 1122
3 876 1122 1127
3 878 1125 874
3 878 1128 1125
3 1130 1129 881
3 881 1129 880
3 881 875 1126
3 881 1126 1130
3 883 1128 878
3 883 1131 1128
3 1134 1133 1132
3 885 886 1132
3 886 1134 1132
3 886 1135 1134
3 1137 1136 887
3 1136 886 887
3 1136 1135 886
3 1139 1138 1137
3 1137 1138 1136
3 889 890 1139
3 890 1138 1139
3 890 1140 1138
3 1141 890 891
3 1141 1140 890
3 891 880 1129
3 891 1129 1141
3 1143 1142 893
3 1143 893 894
3 883 893 1131
3 1131 893 1142
3 1145 1144 897
3 897 1144 896
3 1146 897 898
3 1146 1145 897
3 900 1132 1133
3 1146 900 1133
3 898 900 1146
3 1132 900 885
3 901 1137 887
3 1137 901 902
3 1137 902 1139
3 1139 902 889
3 903 1143 894
3 903 1147 1143
3 1150 1149 1148
3 905 906 1148
3 906 1150 1148
3 906 1151 1150
3 906 896 1144
3 906 1144 1151
3 908 1147 903
3 908 1152 1147
3 1154 1153 910
3 910 1153 909
3 1155 910 911
3 1155 1154 910
3 913 1148 1149
3 1155 913 1149
3 911 913 1155
3 1148 913 905
3 1158 1157 1156
3 1157 1152 1156
3 1152 917 1156
3 1152 908 917
3 1159 918 919
3 921 1159 919
3 1161 1160 923
3 923 1160 922
3 1162 923 924
3 1162 1161 923
3 1163 924 925
3 1163 1162 924
3 925 909 1153
3 925 1153 1163
3 1166 1165 1164
3 1167 1164 1165
3 1158 1156 928
3 929 1158 928
3 1168 1158 929
3 928 1156 917
3 1170 1169 932
3 932 1169 931
3 1171 932 933
3 1171 1170 932
3 1171 933 918
3 1172 1171 918
3 1159 1172 918
3 1171 1172 1173
3 934 1174 921
3 1174 1159 921
3 1174 1172 1159
3 1175 1174 934
3 922 1175 934
3 1160 1175 922
3 1166 1164 1176
3 1166 1176 1177
3 1164 1167 1178
3 1164 1178 1176
3 938 1168 929
3 938 1179 1168
3 1169 940 931
3 1180 940 1169
3 1181 1173 1172
3 1183 1182 1181
3 1172 1183 1181
3 1174 1183 1172
3 1174 1175 1184
3 1174 1184 1183
3 1187 1186 1185
3 1185 1186 1177
3 1176 1185 1177
3 1188 1185 1176
3 1176 1178 1189
3 1176 1189 1188
3 1191 1190 941
3 1191 941 942
3 938 941 1179
3 1179 941 1190
3 1180 944 940
3 1192 944 1180
3 1182 1183 1193
3 1182 1193 1194
3 1183 1184 1195
3 1196 1183 1195
3 1193 1183 1196
3 1197 1196 1195
3 1187 1185 1198
3 1187 1198 1199
3 1188 1201 1200
3 1198 1188 1200
3 1185 1188 1198
3 1201 1188 1189
3 945 1191 942
3 945 1202 1191
3 1192 947 944
3 1203 947 1192
3 1194 1193 1204
3 1194 1204 1205
3 1206 1193 1196
3 1204 1193 1206
3 1196 1197 1207
3 1196 1207 1206
3 1199 1198 1208
3 1199 1208 1209
3 1198 1200 1210
3 1198 1210 1208
3 948 1202 945
3 948 1211 1202
3 1203 950 947
3 1212 950 1203
3 1205 1204 1213
3 1205 1213 1214
3 1215 1204 1206
3 1213 1204 1215
3 1206 1207 1216
3 1206 1216 1215
3 1209 1208 1217
3 1209 1217 1218
3 1208 1210 1219
3 1208 1219 1217
3 1222 1221 1220
3 1221 1211 1220
3 1211 952 1220
3 1211 948 952
3 1212 954 950
3 1223 954 1212
3 1224 1214 1213
3 1226 1225 1224
3 1213 1226 1224
3 1215 1226 1213
3 1215 1216 1227
3 1228 1215 1227
3 1226 1215 1228
3 1229 1228 1227
3 1232 1231 1230
3 1218 1217 1233
3 1231 1234 1230
3 1233 1217 1219
3 1222 1220 955
3 956 1222 955
3 1235 1222 956
3 955 1220 952
3 1223 958 954
3 1236 958 1223
3 1225 1226 1237
3 1225 1237 1238
3 1239 1226 1228
3 1237 1226 1239
3 1228 1229 1240
3 1228 1240 1239
3 1232 1230 1241
3 1232 1241 1242
3 1230 1234 1243
3 1230 1243 1241
3 959 1235 956
3 959 1244 1235
3 960 958 1245
3 958 1246 1245
3 958 1236 1246
3 1245 961 960
3 1238 1237 1247
3 1238 1247 1248
3 1249 1237 1239
3 1247 1237 1249
3 1239 1240 1250
3 1239 1250 1249
3 1253 1252 1251
3 1251 1252 1242
3 1241 1251 1242
3 1254 1251 1241
3 1241 1243 1255
3 1241 1255 1254
3 962 1244 959
3 962 1256 1244
3 1245 1246 965
3 1246 964 965
3 1246 1257 964
3 1245 965 961
3 1248 1247 1258
3 1248 1258 1259
3 1260 1247 1249
3 1258 1247 1260
3 1249 1250 1261
3 1249 1261 1260
3 1253 1251 1262
3 1253 1262 1263
3 1264 1251 1254
3 1262 1251 1264
3 1254 1255 1265
3 1254 1265 1264
3 967 1256 962
3 967 1266 1256
3 1257 969 964
3 1267 969 1257
3 1259 1258 1268
3 1259 1268 1269
3 1270 1258 1260
3 1268 1258 1270
3 1260 1261 1271
3 1260 1271 1270
3 1263 1262 1272
3 1263 1272 1273
3 1274 1262 1264
3 1272 1262 1274
3 1264 1265 1275
3 1264 1275 1274
3 971 1266 967
3 971 1276 1266
3 1267 973 969
3 1277 973 1267
3 1269 1268 1278
3 1269 1278 1279
3 1280 1268 1270
3 1278 1268 1280
3 1270 1271 1281
3 1270 1281 1280
3 1273 1272 1282
3 1273 1282 1283
3 1284 1272 1274
3 1282 1272 1284
3 1274 1275 1285
3 1274 1285 1284
3 975 1276 971
3 975 1286 1276
3 1277 976 973
3 1287 976 1277
3 1279 1278 1288
3 1279 1288 1289
3 1290 1278 1280
3 1288 1278 1290
3 1280 1281 1291
3 1292 1280 1291
3 1290 1280 1292
3 1293 1292 1291
3 1283 1282 1294
3 1283 1294 1295
3 1296 1282 1284
3 1294 1282 1296
3 1284 1285 1297
3 1284 1297 1296
3 977 1286 975
3 977 1298 1286
3 1287 979 976
3 1299 979 1287
3 1289 1288 1300
3 1289 1300 1301
3 1302 1288 1290
3 1300 1288 1302
3 1303 1290 1292
3 1302 1290 1303
3 1292 1293 1304
3 1292 1304 1303
3 1295 1294 1305
3 1295 1305 1306
3 1307 1294 1296
3 1305 1294 1307
3 1296 1297 1308
3 1296 1308 1307
3 980 1298 977
3 980 1309 1298
3 1299 1310 979
3 979 1310 981
3 982 981 1310
3 982 1310 1311
3 1301 1300 1312
3 1301 1312 1313
3 1314 1300 1302
3 1312 1300 1314
3 1315 1302 1303
3 1314 1302 1315
3 1303 1304 1316
3 1317 1303 1316
3 1315 1303 1317
3 1318 1317 1316
3 1306 1305 1319
3 1306 1319 1320
3 1321 1305 1307
3 1319 1305 1321
3 1307 1308 1322
3 1307 1322 1321
3 983 1309 980
3 983 1323 1309
3 1311 985 982
3 1324 985 1311
3 1313 1312 1325
3 1313 1325 1326
3 1327 1312 1314
3 1325 1312 1327
3 1328 1314 1315
3 1327 1314 1328
3 1329 1315 1317
3 1328 1315 1329
3 1317 1318 1330
3 1317 1330 1329
3 1320 1319 1331
3 1320 1331 1332
3 1333 1319 1321
3 1331 1319 1333
3 1321 1322 1334
3 1321 1334 1333
3 986 1323 983
3 986 1335 1323
3 1324 988 985
3 1336 988 1324
3 1337 1326 1325
3 1339 1338 1337
3 1325 1339 1337
3 1327 1339 1325
3 1340 1327 1328
3 1339 1327 1340
3 1341 1328 1329
3 1340 1328 1341
3 1329 1330 1342
3 1329 1342 1341
3 1332 1331 1343
3 1332 1343 1344
3 1345 1331 1333
3 1343 1331 1345
3 1333 1334 1346
3 1333 1346 1345
3 990 1335 986
3 990 1347 1335
3 1336 1348 988
3 988 1348 991
3 993 991 1348
3 993 1348 1349
3 1338 1339 1350
3 1338 1350 1351
3 1352 1339 1340
3 1350 1339 1352
3 1353 1340 1341
3 1352 1340 1353
3 1341 1342 1354
3 1341 1354 1353
3 1344 1343 1355
3 1344 1355 1356
3 1357 1343 1345
3 1355 1343 1357
3 1345 1346 1358
3 1345 1358 1357
3 994 1360 1359
3 1347 994 1359
3 990 994 1347
3 1360 1361 1359
3 1349 996 993
3 1362 996 1349
3 1363 1351 1350
3 1365 1364 1363
3 1350 1365 1363
3 1352 1365 1350
3 1366 1352 1353
3 1365 1352 1366
3 1353 1354 1367
3 1353 1367 1366
3 1356 1355 1368
3 1356 1368 1369
3 1357 1371 1370
3 1368 1357 1370
3 1355 1357 1368
3 1371 1357 1358
3 998 1360 994
3 998 1000 1360
3 1000 1361 1360
3 1000 1372 1361
3 1362 1002 996
3 1373 1002 1362
3 1364 1365 1374
3 1364 1374 1375
3 1376 1365 1366
3 1374 1365 1376
3 1366 1367 1377
3 1378 1366 1377
3 1376 1366 1378
3 1379 1378 1377
3 1380 1369 1368
3 1380 1368 1370
3 1004 1372 1000
3 1004 1381 1372
3 1373 1382 1002
3 1002 1382 1005
3 1007 1005 1382
3 1007 1382 1383
3 1375 1374 1384
3 1375 1384 1385
3 1386 1374 1376
3 1384 1374 1386
3 1387 1376 1378
3 1386 1376 1387
3 1378 1379 1388
3 1378 1388 1387
3 1008 1381 1004
3 1008 1389 1381
3 1009 1007 1390
3 1007 1391 1390
3 1007 1383 1391
3 1390 1011 1009
3 1385 1384 1392
3 1385 1392 1393
3 1394 1384 1386
3 1392 1384 1394
3 1395 1386 1387
3 1394 1386 1395
3 1387 1388 1396
3 1387 1396 1395
3 1015 1389 1008
3 1015 1397 1389
3 1390 1391 1398
3 1398 1391 1399
3 1398 1017 1011
3 1398 1011 1390
3 1393 1392 1400
3 1393 1400 1401
3 1402 1392 1394
3 1400 1392 1402
3 1403 1394 1395
3 1402 1394 1403
3 1395 1396 1404
3 1395 1404 1403
3 1407 1406 1405
3 1406 1397 1405
3 1397 1023 1405
3 1397 1015 1023
3 1398 1399 1408
3 1408 1399 1409
3 1410 1024 1017
3 1398 1410 1017
3 1408 1410 1398
3 1410 1025 1024
3 1411 1401 1400
3 1413 1412 1411
3 1400 1413 1411
3 1402 1413 1400
3 1414 1402 1403
3 1413 1402 1414
3 1403 1404 1415
3 1403 1415 1414
3 1418 1417 1416
3 1419 1416 1417
3 1407 1405 1029
3 1030 1407 1029
3 1420 1407 1030
3 1029 1405 1023
3 1409 1421 1408
3 1423 1422 1421
3 1422 1408 1421
3 1422 1410 1408
3 1422 1031 1025
3 1422 1025 1410
3 1412 1413 1424
3 1412 1424 1425
3 1426 1413 1414
3 1424 1413 1426
3 1414 1415 1427
3 1414 1427 1426
3 1430 1429 1428
3 1428 1429 1418
3 1416 1428 1418
3 1431 1428 1416
3 1416 1419 1432
3 1416 1432 1431
3 1035 1420 1030
3 1035 1433 1420
3 1422 1423 1434
3 1434 1423 1435
3 1434 1036 1031
3 1434 1031 1422
3 1425 1424 1436
3 1425 1436 1437
3 1438 1424 1426
3 1436 1424 1438
3 1426 1427 1439
3 1426 1439 1438
3 1430 1428 1440
3 1430 1440 1441
3 1431 1443 1442
3 1440 1431 1442
3 1428 1431 1440
3 1443 1431 1432
3 1040 1433 1035
3 1040 1444 1433
3 1434 1435 1445
3 1445 1435 1446
3 1445 1041 1036
3 1445 1036 1434
3 1437 1436 1447
3 1437 1447 1448
3 1449 1436 1438
3 1447 1436 1449
3 1438 1439 1450
3 1438 1450 1449
3 1441 1440 1451
3 1441 1451 1452
3 1440 1442 1453
3 1440 1453 1451
3 1045 1444 1040
3 1045 1454 1444
3 1445 1446 1455
3 1455 1446 1456
3 1455 1046 1041
3 1455 1041 1445
3 1448 1447 1457
3 1448 1457 1458
3 1459 1447 1449
3 1457 1447 1459
3 1449 1450 1460
3 1449 1460 1459
3 1461 1452 1451
3 1461 1451 1453
3 1050 1454 1045
3 1050 1462 1454
3 1455 1456 1463
3 1463 1456 1464
3 1463 1051 1046
3 1463 1046 1455
3 1458 1457 1465
3 1458 1465 1466
3 1467 1457 1459
3 1465 1457 1467
3 1459 1460 1468
3 1459 1468 1467
3 1055 1462 1050
3 1055 1469 1462
3 1463 1464 1470
3 1470 1464 1471
3 1470 1056 1051
3 1470 1051 1463
3 1466 1465 1472
3 1466 1472 1473
3 1474 1465 1467
3 1472 1465 1474
3 1467 1468 1475
3 1467 1475 1474
3 1060 1469 1055
3 1060 1476 1469
3 1479 1478 1477
3 1479 1477 1471
3 1477 1470 1471
3 1477 1480 1470
3 1480 1061 1056
3 1480 1056 1470
3 1483 1482 1481
3 1481 1482 1473
3 1472 1481 1473
3 1484 1481 1472
3 1485 1472 1474
3 1484 1472 1485
3 1474 1475 1486
3 1474 1486 1485
3 1066 1476 1060
3 1066 1487 1476
3 1477 1478 1488
3 1488 1478 1489
3 1488 1068 1069
3 1480 1488 1069
3 1477 1488 1480
3 1480 1069 1061
3 1483 1481 1490
3 1483 1490 1491
3 1492 1481 1484
3 1490 1481 1492
3 1485 1494 1493
3 1492 1485 1493
3 1484 1485 1492
3 1494 1485 1486
3 1073 1487 1066
3 1073 1495 1487
3 1488 1489 1496
3 1496 1489 1497
3 1496 1075 1068
3 1496 1068 1488
3 1491 1490 1498
3 1491 1498 1499
3 1500 1490 1492
3 1498 1490 1500
3 1492 1493 1501
3 1492 1501 1500
3 1503 1502 1079
3 1503 1079 1080
3 1073 1079 1495
3 1495 1079 1502
3 1496 1497 1083
3 1497 1082 1083
3 1497 1504 1082
3 1496 1083 1075
3 1499 1498 1505
3 1499 1505 1506
3 1507 1498 1500
3 1505 1498 1507
3 1500 1501 1508
3 1500 1508 1507
3 1089 1503 1080
3 1089 1509 1503
3 1504 1510 1082
3 1082 1510 1090
3 1512 1511 1092
3 1090 1512 1092
3 1510 1512 1090
3 1513 1511 1512
3 1506 1505 1514
3 1506 1514 1515
3 1507 1517 1516
3 1514 1507 1516
3 1505 1507 1514
3 1517 1507 1508
3 1097 1509 1089
3 1097 1518 1509
3 1511 1098 1092
3 1513 1519 1511
3 1519 1098 1511
3 1519 1099 1098
3 1514 1520 1101
3 1519 1514 1101
3 1099 1519 1101
3 1515 1514 1519
3 1514 1516 1521
3 1522 1514 1521
3 1520 1514 1522
3 1523 1522 1521
3 1525 1524 1106
3 1525 1106 1107
3 1097 1106 1518
3 1518 1106 1524
3 1520 1108 1101
3 1108 1520 1109
3 1109 1520 1522
3 1523 1526 1522
3 1526 1109 1522
3 1526 1110 1109
3 1110 1527 1111
3 1526 1527 1110
3 1529 1528 1113
3 1111 1529 1113
3 1527 1529 1111
3 1531 1530 1528
3 1531 1528 1529
3 1533 1532 1530
3 1533 1530 1531
3 1534 1532 1533
3 1536 1535 1114
3 1536 1114 1115
3 1107 1114 1525
3 1525 1114 1535
3 1528 1116 1113
3 1116 1528 1117
3 1117 1528 1530
3 1117 1530 1118
3 1118 1530 1532
3 1534 1537 1532
3 1537 1118 1532
3 1537 1119 1118
3 1119 1538 1120
3 1537 1538 1119
3 1120 1539 1121
3 1538 1539 1120
3 1115 1121 1536
3 1536 1121 1539
3 1541 1540 1123
3 1123 1540 1122
3 1542 1123 1124
3 1542 1541 1123
3 1124 1125 1542
3 1542 1125 1543
3 1545 1544 1127
3 1127 1544 1126
3 1127 1122 1540
3 1127 1540 1545
3 1128 1543 1125
3 1128 1546 1543
3 1548 1547 1130
3 1130 1547 1129
3 1130 1126 1544
3 1130 1544 1548
3 1131 1546 1128
3 1131 1549 1546
3 1550 1133 1134
3 1550 1134 1551
3 1134 1552 1551
3 1134 1135 1552
3 1553 1135 1136
3 1553 1552 1135
3 1554 1136 1138
3 1554 1553 1136
3 1556 1554 1555
3 1554 1140 1555
3 1554 1138 1140
3 1141 1557 1140
3 1140 1557 1555
3 1558 1557 1141
3 1129 1558 1141
3 1547 1558 1129
3 1560 1559 1142
3 1560 1142 1143
3 1131 1142 1549
3 1549 1142 1559
3 1562 1561 1145
3 1145 1561 1144
3 1563 1145 1146
3 1563 1562 1145
3 1146 1133 1550
3 1564 1146 1550
3 1563 1146 1564
3 1564 1550 1551
3 1567 1566 1565
3 1565 1566 1556
3 1555 1565 1556
3 1568 1565 1555
3 1557 1570 1569
3 1568 1557 1569
3 1555 1557 1568
3 1570 1557 1558
3 1147 1560 1143
3 1147 1571 1560
3 1573 1572 1150
3 1150 1572 1149
3 1574 1150 1151
3 1574 1573 1150
3 1151 1144 1561
3 1151 1561 1574
3 1567 1565 1575
3 1567 1575 1576
3 1577 1565 1568
3 1575 1565 1577
3 1568 1569 1578
3 1568 1578 1577
3 1581 1580 1579
3 1580 1571 1579
3 1571 1152 1579
3 1571 1147 1152
3 1583 1582 1154
3 1154 1582 1153
3 1584 1154 1155
3 1584 1583 1154
3 1155 1149 1572
3 1155 1572 1584
3 1587 1586 1585
3 1585 1586 1576
3 1575 1585 1576
3 1588 1585 1575
3 1589 1575 1577
3 1588 1575 1589
3 1577 1578 1590
3 1577 1590 1589
3 1581 1579 1157
3 1158 1581 1157
3 1591 1581 1158
3 1157 1579 1152
3 1592 1160 1161
3 1592 1161 1593
3 1161 1594 1593
3 1161 1162 1594
3 1595 1162 1163
3 1595 1594 1162
3 1163 1153 1582
3 1163 1582 1595
3 1598 1597 1596
3 1596 1597 1587
3 1585 1596 1587
3 1599 1596 1585
3 1166 1599 1165
3 1599 1588 1165
3 1599 1585 1588
3 1165 1588 1167
3 1588 1600 1167
3 1588 1589 1600
3 1589 1590 1601
3 1589 1601 1600
3 1168 1591 1158
3 1168 1602 1591
3 1605 1604 1603
3 1169 1170 1603
3 1170 1605 1603
3 1170 1606 1605
3 1607 1170 1171
3 1607 1606 1170
3 1171 1173 1607
3 1607 1173 1608
3 1609 1175 1592
3 1592 1175 1160
3 1592 1593 1610
3 1592 1610 1609
3 1598 1596 1611
3 1598 1611 1612
3 1613 1596 1599
3 1611 1596 1613
3 1177 1613 1166
3 1166 1613 1599
3 1615 1614 1600
3 1614 1167 1600
3 1614 1178 1167
3 1615 1600 1601
3 1618 1617 1616
3 1617 1602 1616
3 1602 1179 1616
3 1602 1168 1179
3 1603 1604 1619
3 1619 1604 1620
3 1619 1180 1169
3 1619 1169 1603
3 1173 1181 1621
3 1622 1173 1621
3 1608 1173 1622
3 1182 1621 1181
3 1623 1184 1609
3 1609 1184 1175
3 1609 1610 1624
3 1625 1609 1624
3 1623 1609 1625
3 1626 1625 1624
3 1629 1628 1627
3 1627 1628 1612
3 1611 1627 1612
3 1630 1627 1611
3 1187 1630 1186
3 1630 1613 1186
3 1630 1611 1613
3 1186 1613 1177
3 1614 1189 1178
3 1631 1189 1614
3 1618 1616 1190
3 1191 1618 1190
3 1632 1618 1191
3 1190 1616 1179
3 1619 1620 1633
3 1633 1620 1634
3 1633 1192 1180
3 1633 1180 1619
3 1635 1622 1621
3 1621 1182 1635
3 1182 1636 1635
3 1182 1194 1636
3 1623 1195 1184
3 1195 1623 1197
3 1623 1637 1197
3 1623 1625 1637
3 1625 1626 1638
3 1625 1638 1637
3 1629 1627 1639
3 1629 1639 1640
3 1641 1627 1630
3 1639 1627 1641
3 1199 1641 1187
3 1187 1641 1630
3 1642 1200 1201
3 1643 1642 1201
3 1189 1643 1201
3 1631 1643 1189
3 1202 1632 1191
3 1202 1644 1632
3 1633 1634 1645
3 1645 1634 1646
3 1645 1203 1192
3 1645 1192 1633
3 1205 1636 1194
3 1205 1647 1636
3 1648 1207 1637
3 1637 1207 1197
3 1637 1638 1649
3 1637 1649 1648
3 1652 1651 1650
3 1650 1651 1640
3 1639 1650 1640
3 1653 1650 1639
3 1654 1639 1641
3 1653 1639 1654
3 1209 1654 1199
3 1199 1654 1641
3 1656 1655 1642
3 1655 1200 1642
3 1655 1210 1200
3 1656 1642 1643
3 1659 1658 1657
3 1658 1644 1657
3 1644 1211 1657
3 1644 1202 1211
3 1646 1660 1645
3 1203 1645 1660
3 1661 1203 1660
3 1212 1203 1661
3 1214 1647 1205
3 1214 1662 1647
3 1663 1216 1648
3 1648 1216 1207
3 1648 1649 1664
3 1665 1648 1664
3 1663 1648 1665
3 1666 1665 1664
3 1652 1650 1667
3 1652 1667 1668
3 1669 1650 1653
3 1667 1650 1669
3 1670 1653 1654
3 1669 1653 1670
3 1218 1670 1209
3 1209 1670 1654
3 1655 1219 1210
3 1671 1219 1655
3 1659 1657 1221
3 1222 1659 1221
3 1672 1659 1222
3 1221 1657 1211
3 1661 1223 1212
3 1673 1223 1661
3 1214 1224 1674
3 1675 1214 1674
3 1662 1214 1675
3 1225 1674 1224
3 1663 1227 1216
3 1227 1663 1229
3 1663 1676 1229
3 1663 1665 1676
3 1665 1666 1677
3 1665 1677 1676
3 1668 1667 1678
3 1668 1678 1679
3 1680 1667 1669
3 1678 1667 1680
3 1232 1680 1231
3 1680 1670 1231
3 1680 1669 1670
3 1234 1231 1681
3 1670 1681 1231
3 1681 1670 1682
3 1218 1682 1670
3 1682 1218 1233
3 1233 1219 1671
3 1233 1671 1682
3 1235 1672 1222
3 1235 1683 1672
3 1673 1236 1223
3 1684 1236 1673
3 1675 1674 1685
3 1675 1685 1686
3 1238 1685 1225
3 1225 1685 1674
3 1687 1240 1676
3 1676 1240 1229
3 1676 1677 1688
3 1676 1688 1687
3 1691 1690 1689
3 1689 1690 1679
3 1678 1689 1679
3 1692 1689 1678
3 1693 1678 1680
3 1692 1678 1693
3 1242 1693 1232
3 1232 1693 1680
3 1681 1243 1234
3 1694 1243 1681
3 1244 1683 1235
3 1244 1695 1683
3 1684 1246 1236
3 1696 1246 1684
3 1686 1685 1697
3 1686 1697 1698
3 1248 1697 1238
3 1238 1697 1685
3 1699 1250 1687
3 1687 1250 1240
3 1687 1688 1700
3 1687 1700 1699
3 1691 1689 1701
3 1691 1701 1702
3 1703 1689 1692
3 1701 1689 1703
3 1253 1703 1252
3 1703 1693 1252
3 1703 1692 1693
3 1252 1693 1242
3 1694 1255 1243
3 1704 1255 1694
3 1707 1706 1705
3 1706 1695 1705
3 1695 1256 1705
3 1695 1244 1256
3 1696 1257 1246
3 1708 1257 1696
3 1709 1698 1697
3 1697 1248 1709
3 1248 1710 1709
3 1248 1259 1710
3 1711 1261 1699
3 1699 1261 1250
3 1699 1700 1712
3 1699 1712 1711
3 1702 1701 1713
3 1702 1713 1714
3 1715 1701 1703
3 1713 1701 1715
3 1263 1715 1253
3 1253 1715 1703
3 1704 1265 1255
3 1716 1265 1704
3 1707 1705 1717
3 1707 1717 1718
3 1266 1717 1256
3 1256 1717 1705
3 1708 1267 1257
3 1719 1267 1708
3 1269 1710 1259
3 1269 1720 1710
3 1721 1271 1711
3 1711 1271 1261
3 1711 1712 1722
3 1723 1711 1722
3 1721 1711 1723
3 1724 1723 1722
3 1727 1726 1725
3 1725 1726 1714
3 1713 1725 1714
3 1728 1725 1713
3 1729 1713 1715
3 1728 1713 1729
3 1273 1729 1263
3 1263 1729 1715
3 1716 1275 1265
3 1730 1275 1716
3 1718 1717 1731
3 1718 1731 1732
3 1276 1731 1266
3 1266 1731 1717
3 1719 1277 1267
3 1733 1277 1719
3 1279 1720 1269
3 1279 1734 1720
3 1735 1281 1721
3 1721 1281 1271
3 1736 1721 1723
3 1735 1721 1736
3 1723 1724 1737
3 1738 1723 1737
3 1736 1723 1738
3 1739 1738 1737
3 1727 1725 1740
3 1727 1740 1741
3 1742 1725 1728
3 1740 1725 1742
3 1743 1728 1729
3 1742 1728 1743
3 1283 1743 1273
3 1273 1743 1729
3 1730 1285 1275
3 1744 1285 1730
3 1732 1731 1745
3 1732 1745 1746
3 1286 1745 1276
3 1276 1745 1731
3 1733 1287 1277
3 1747 1287 1733
3 1289 1734 1279
3 1289 1748 1734
3 1735 1291 1281
3 1291 1735 1293
3 1735 1749 1293
3 1735 1736 1749
3 1750 1736 1738
3 1749 1736 1750
3 1738 1739 1751
3 1752 1738 1751
3 1750 1738 1752
3 1752 1751 1741
3 1740 1752 1741
3 1753 1752 1740
3 1754 1740 1742
3 1753 1740 1754
3 1755 1742 1743
3 1754 1742 1755
3 1295 1755 1283
3 1283 1755 1743
3 1744 1297 1285
3 1756 1297 1744
3 1746 1745 1757
3 1746 1757 1758
3 1298 1757 1286
3 1286 1757 1745
3 1760 1299 1759
3 1299 1747 1759
3 1299 1287 1747
3 1761 1760 1759
3 1301 1748 1289
3 1301 1762 1748
3 1763 1304 1749
3 1749 1304 1293
3 1764 1749 1750
3 1763 1749 1764
3 1765 1750 1752
3 1764 1750 1765
3 1766 1752 1753
3 1765 1752 1766
3 1767 1753 1754
3 1766 1753 1767
3 1768 1754 1755
3 1767 1754 1768
3 1306 1768 1295
3 1295 1768 1755
3 1756 1308 1297
3 1769 1308 1756
3 1758 1757 1770
3 1758 1770 1771
3 1309 1770 1298
3 1298 1770 1757
3 1760 1310 1299
3 1311 1310 1760
3 1761 1311 1760
3 1772 1311 1761
3 1313 1762 1301
3 1313 1773 1762
3 1763 1316 1304
3 1316 1763 1318
3 1763 1774 1318
3 1763 1764 1774
3 1775 1764 1765
3 1774 1764 1775
3 1776 1765 1766
3 1775 1765 1776
3 1777 1766 1767
3 1776 1766 1777
3 1778 1767 1768
3 1777 1767 1778
3 1320 1778 1306
3 1306 1778 1768
3 1769 1322 1308
3 1779 1322 1769
3 1771 1770 1780
3 1771 1780 1781
3 1323 1780 1309
3 1309 1780 1770
3 1772 1324 1311
3 1782 1324 1772
3 1326 1784 1783
3 1773 1326 1783
3 1313 1326 1773
3 1784 1785 1783
3 1786 1330 1774
3 1774 1330 1318
3 1787 1774 1775
3 1786 1774 1787
3 1788 1775 1776
3 1787 1775 1788
3 1789 1776 1777
3 1788 1776 1789
3 1790 1777 1778
3 1789 1777 1790
3 1332 1790 1320
3 1320 1790 1778
3 1779 1334 1322
3 1791 1334 1779
3 1781 1780 1792
3 1781 1792 1793
3 1335 1792 1323
3 1323 1792 1780
3 1782 1336 1324
3 1794 1336 1782
3 1337 1784 1326
3 1337 1338 1784
3 1338 1785 1784
3 1338 1795 1785
3 1796 1342 1786
3 1786 1342 1330
3 1797 1786 1787
3 1796 1786 1797
3 1798 1787 1788
3 1797 1787 1798
3 1799 1788 1789
3 1798 1788 1799
3 1800 1789 1790
3 1799 1789 1800
3 1344 1800 1332
3 1332 1800 1790
3 1791 1346 1334
3 1801 1346 1791
3 1802 1793 1792
3 1792 1335 1802
3 1335 1803 1802
3 1335 1347 1803
3 1794 1804 1336
3 1336 1804 1348
3 1349 1348 1804
3 1349 1804 1805
3 1351 1795 1338
3 1351 1806 1795
3 1807 1354 1796
3 1796 1354 1342
3 1808 1796 1797
3 1807 1796 1808
3 1809 1797 1798
3 1808 1797 1809
3 1810 1798 1799
3 1809 1798 1810
3 1811 1799 1800
3 1810 1799 1811
3 1356 1811 1344
3 1344 1811 1800
3 1801 1358 1346
3 1812 1358 1801
3 1347 1359 1813
3 1814 1347 1813
3 1803 1347 1814
3 1361 1813 1359
3 1805 1362 1349
3 1815 1362 1805
3 1351 1363 1816
3 1817 1351 1816
3 1806 1351 1817
3 1364 1816 1363
3 1818 1367 1807
3 1807 1367 1354
3 1819 1807 1808
3 1818 1807 1819
3 1820 1808 1809
3 1819 1808 1820
3 1821 1809 1810
3 1820 1809 1821
3 1822 1810 1811
3 1821 1810 1822
3 1369 1822 1356
3 1356 1822 1811
3 1823 1370 1371
3 1358 1812 1824
3 1823 1358 1824
3 1825 1823 1824
3 1371 1358 1823
3 1826 1825 1824
3 1827 1814 1813
3 1813 1361 1827
3 1361 1828 1827
3 1361 1372 1828
3 1830 1373 1829
3 1373 1815 1829
3 1373 1362 1815
3 1831 1830 1829
3 1832 1817 1816
3 1816 1364 1832
3 1364 1833 1832
3 1364 1375 1833
3 1818 1377 1367
3 1377 1818 1379
3 1818 1834 1379
3 1818 1819 1834
3 1835 1819 1820
3 1834 1819 1835
3 1836 1820 1821
3 1835 1820 1836
3 1837 1821 1822
3 1836 1821 1837
3 1380 1838 1369
3 1838 1822 1369
3 1838 1837 1822
3 1370 1823 1380
3 1823 1838 1380
3 1823 1839 1838
3 1840 1823 1825
3 1839 1823 1840
3 1825 1826 1841
3 1825 1841 1840
3 1381 1828 1372
3 1381 1842 1828
3 1830 1382 1373
3 1383 1382 1830
3 1831 1383 1830
3 1843 1383 1831
3 1385 1833 1375
3 1385 1844 1833
3 1845 1388 1834
3 1834 1388 1379
3 1846 1834 1835
3 1845 1834 1846
3 1847 1835 1836
3 1846 1835 1847
3 1848 1836 1837
3 1847 1836 1848
3 1849 1837 1838
3 1848 1837 1849
3 1850 1838 1839
3 1849 1838 1850
3 1851 1839 1840
3 1850 1839 1851
3 1840 1841 1852
3 1840 1852 1851
3 1389 1842 1381
3 1389 1853 1842
3 1843 1391 1383
3 1854 1391 1843
3 1393 1844 1385
3 1393 1855 1844
3 1856 1396 1845
3 1845 1396 1388
3 1857 1845 1846
3 1856 1845 1857
3 1858 1846 1847
3 1857 1846 1858
3 1859 1847 1848
3 1858 1847 1859
3 1860 1848 1849
3 1859 1848 1860
3 1861 1849 1850
3 1860 1849 1861
3 1862 1850 1851
3 1861 1850 1862
3 1851 1852 1863
3 1851 1863 1862
3 1397 1853 1389
3 1397 1864 1853
3 1854 1399 1391
3 1865 1399 1854
3 1401 1855 1393
3 1401 1866 1855
3 1867 1404 1856
3 1856 1404 1396
3 1868 1856 1857
3 1867 1856 1868
3 1869 1857 1858
3 1868 1857 1869
3 1870 1858 1859
3 1869 1858 1870
3 1871 1859 1860
3 1870 1859 1871
3 1872 1860 1861
3 1871 1860 1872
3 1873 1861 1862
3 1872 1861 1873
3 1862 1863 1874
3 1862 1874 1873
3 1876 1875 1406
3 1876 1406 1407
3 1397 1406 1864
3 1864 1406 1875
3 1878 1409 1877
3 1409 1865 1877
3 1409 1399 1865
3 1879 1878 1877
3 1401 1411 1880
3 1881 1401 1880
3 1866 1401 1881
3 1412 1880 1411
3 1882 1415 1867
3 1867 1415 1404
3 1883 1867 1868
3 1882 1867 1883
3 1884 1868 1869
3 1883 1868 1884
3 1885 1869 1870
3 1884 1869 1885
3 1886 1870 1871
3 1885 1870 1886
3 1887 1871 1872
3 1886 1871 1887
3 1418 1887 1417
3 1887 1873 1417
3 1887 1872 1873
3 1419 1417 1873
3 1874 1419 1873
3 1888 1419 1874
3 1420 1876 1407
3 1420 1889 1876
3 1878 1421 1409
3 1423 1421 1878
3 1879 1423 1878
3 1890 1423 1879
3 1881 1880 1891
3 1881 1891 1892
3 1425 1891 1412
3 1412 1891 1880
3 1893 1427 1882
3 1882 1427 1415
3 1894 1882 1883
3 1893 1882 1894
3 1895 1883 1884
3 1894 1883 1895
3 1896 1884 1885
3 1895 1884 1896
3 1897 1885 1886
3 1896 1885 1897
3 1430 1897 1429
3 1897 1887 1429
3 1897 1886 1887
3 1429 1887 1418
3 1888 1432 1419
3 1898 1432 1888
3 1901 1900 1899
3 1900 1889 1899
3 1889 1433 1899
3 1889 1420 1433
3 1890 1435 1423
3 1902 1435 1890
3 1903 1892 1891
3 1891 1425 1903
3 1425 1904 1903
3 1425 1437 1904
3 1905 1439 1893
3 1893 1439 1427
3 1906 1893 1894
3 1905 1893 1906
3 1907 1894 1895
3 1906 1894 1907
3 1908 1895 1896
3 1907 1895 1908
3 1909 1896 1897
3 1908 1896 1909
3 1441 1909 1430
3 1430 1909 1897
3 1911 1910 1443
3 1443 1910 1442
3 1443 1432 1898
3 1443 1898 1911
3 1901 1899 1912
3 1901 1912 1913
3 1444 1912 1433
3 1433 1912 1899
3 1902 1446 1435
3 1914 1446 1902
3 1448 1904 1437
3 1448 1915 1904
3 1916 1450 1905
3 1905 1450 1439
3 1906 1918 1917
3 1916 1906 1917
3 1905 1906 1916
3 1920 1919 1918
3 1906 1920 1918
3 1907 1920 1906
3 1921 1907 1908
3 1920 1907 1921
3 1922 1908 1909
3 1921 1908 1922
3 1452 1922 1441
3 1441 1922 1909
3 1910 1453 1442
3 1923 1453 1910
3 1913 1912 1924
3 1913 1924 1925
3 1454 1924 1444
3 1444 1924 1912
3 1914 1456 1446
3 1926 1456 1914
3 1458 1915 1448
3 1458 1927 1915
3 1928 1460 1916
3 1916 1460 1450
3 1916 1917 1929
3 1916 1929 1928
3 1919 1920 1930
3 1919 1930 1931
3 1932 1920 1921
3 1930 1920 1932
3 1933 1921 1922
3 1932 1921 1933
3 1461 1934 1452
3 1934 1922 1452
3 1934 1933 1922
3 1935 1934 1461
3 1453 1935 1461
3 1923 1935 1453
3 1925 1924 1936
3 1925 1936 1937
3 1462 1936 1454
3 1454 1936 1924
3 1926 1464 1456
3 1938 1464 1926
3 1941 1940 1939
3 1940 1927 1939
3 1927 1466 1939
3 1927 1458 1466
3 1942 1468 1928
3 1928 1468 1460
3 1928 1929 1943
3 1928 1943 1942
3 1931 1930 1944
3 1931 1944 1945
3 1946 1930 1932
3 1944 1930 1946
3 1947 1932 1933
3 1946 1932 1947
3 1948 1933 1934
3 1947 1933 1948
3 1934 1935 1949
3 1934 1949 1948
3 1937 1936 1950
3 1937 1950 1951
3 1469 1950 1462
3 1462 1950 1936
3 1938 1471 1464
3 1952 1471 1938
3 1941 1939 1953
3 1941 1953 1954
3 1473 1953 1466
3 1466 1953 1939
3 1955 1475 1942
3 1942 1475 1468
3 1942 1943 1956
3 1942 1956 1955
3 1945 1944 1957
3 1945 1957 1958
3 1959 1944 1946
3 1957 1944 1959
3 1960 1946 1947
3 1959 1946 1960
3 1961 1947 1948
3 1960 1947 1961
3 1948 1949 1962
3 1948 1962 1961
3 1951 1950 1963
3 1951 1963 1964
3 1476 1963 1469
3 1469 1963 1950
3 1966 1965 1479
3 1479 1965 1478
3 1479 1471 1952
3 1479 1952 1966
3 1954 1953 1482
3 1483 1954 1482
3 1967 1954 1483
3 1482 1953 1473
3 1968 1486 1955
3 1955 1486 1475
3 1955 1956 1969
3 1955 1969 1968
3 1958 1957 1970
3 1958 1970 1971
3 1972 1957 1959
3 1970 1957 1972
3 1973 1959 1960
3 1972 1959 1973
3 1974 1960 1961
3 1973 1960 1974
3 1961 1962 1975
3 1961 1975 1974
3 1976 1964 1963
3 1963 1476 1976
3 1476 1977 1976
3 1476 1487 1977
3 1965 1489 1478
3 1978 1489 1965
3 1491 1967 1483
3 1491 1979 1967
3 1980 1493 1494
3 1486 1968 1494
3 1968 1980 1494
3 1968 1981 1980
3 1968 1969 1982
3 1968 1982 1981
3 1971 1970 1983
3 1971 1983 1984
3 1985 1970 1972
3 1983 1970 1985
3 1986 1972 1973
3 1985 1972 1986
3 1987 1973 1974
3 1986 1973 1987
3 1974 1975 1988
3 1974 1988 1987
3 1495 1977 1487
3 1495 1989 1977
3 1978 1497 1489
3 1990 1497 1978
3 1499 1979 1491
3 1499 1991 1979
3 1992 1501 1980
3 1980 1501 1493
3 1981 1994 1993
3 1992 1981 1993
3 1980 1981 1992
3 1994 1981 1982
3 1984 1983 1995
3 1984 1995 1996
3 1997 1983 1985
3 1995 1983 1997
3 1998 1985 1986
3 1997 1985 1998
3 1987 2000 1999
3 1998 1987 1999
3 1986 1987 1998
3 2000 1987 1988
3 2002 2001 1502
3 2002 1502 1503
3 1495 1502 1989
3 1989 1502 2001
3 2004 1504 2003
3 1504 1990 2003
3 1504 1497 1990
3 2005 2004 2003
3 1506 1991 1499
3 1506 2006 1991
3 2007 1508 1992
3 1992 1508 1501
3 1992 1993 2008
3 1992 2008 2007
3 1996 1995 2009
3 1996 2009 2010
3 2011 1995 1997
3 2009 1995 2011
3 2012 1997 1998
3 2011 1997 2012
3 1998 1999 2013
3 1998 2013 2012
3 1509 2002 1503
3 1509 2014 2002
3 2004 1510 1504
3 2005 2015 2004
3 2015 1510 2004
3 2015 1512 1510
3 2017 2016 1513
3 1512 2017 1513
3 2015 2017 1512
3 2017 2006 2016
3 2006 1515 2016
3 2006 1506 1515
3 2018 1516 1517
3 1508 2007 1517
3 2007 2018 1517
3 2007 2019 2018
3 2007 2008 2020
3 2007 2020 2019
3 2023 2022 2021
3 2021 2022 2010
3 2009 2021 2010
3 2024 2021 2009
3 2025 2009 2011
3 2024 2009 2025
3 2012 2027 2026
3 2025 2012 2026
3 2011 2012 2025
3 2027 2012 2013
3 2030 2029 2028
3 2029 2014 2028
3 2014 1518 2028
3 2014 1509 1518
3 2016 1519 1513
3 1519 2016 1515
3 2018 1521 1516
3 1521 2018 1523
3 2018 2031 1523
3 2018 2019 2031
3 2019 2020 2032
3 2033 2019 2032
3 2031 2019 2033
3 2033 2032 2023
3 2021 2033 2023
3 2034 2033 2021
3 2035 2021 2024
3 2034 2021 2035
3 2036 2024 2025
3 2035 2024 2036
3 2025 2026 2037
3 2025 2037 2036
3 2030 2028 1524
3 1525 2030 1524
3 2038 2030 1525
3 1524 2028 1518
3 2031 1526 1523
3 1526 2031 1527
3 1527 2031 2033
3 1527 2033 1529
3 1529 2033 2034
3 1529 2034 1531
3 1531 2034 2035
3 1531 2035 1533
3 1533 2035 2036
3 2040 2039 1534
3 2040 1534 1533
3 2037 2040 1533
3 2036 2037 1533
3 2041 2039 2040
3 2043 2042 1535
3 2043 1535 1536
3 1525 1535 2038
3 2038 1535 2042
3 2039 1537 1534
3 2041 2044 2039
3 2044 1537 2039
3 2044 1538 1537
3 1538 2045 1539
3 2044 2045 1538
3 1536 1539 2043
3 2043 1539 2045
3 2046 1540 1541
3 1542 2047 1541
3 1541 2047 2046
3 1543 2047 1542
3 2050 2049 2048
3 1544 1545 2048
3 1545 2050 2048
3 1545 2051 2050
3 1545 1540 2046
3 2052 1545 2046
3 2051 1545 2052
3 2052 2046 2047
3 2052 2047 2053
3 2047 1543 2053
3 1543 2054 2053
3 1543 1546 2054
3 2048 2049 1548
3 2049 1547 1548
3 2049 2055 1547
3 2048 1548 1544
3 2058 2057 2056
3 2057 2054 2056
3 2054 1549 2056
3 2054 1546 1549
3 2059 1551 1552
3 1553 2060 1552
3 1552 2060 2059
3 1554 2061 1553
3 1553 2061 2060
3 1556 2061 1554
3 2064 2063 2062
3 2055 2064 2062
3 1558 2055 2062
3 1547 2055 1558
3 2058 2056 1559
3 1560 2058 1559
3 2065 2058 1560
3 1559 2056 1549
3 2067 2066 1562
3 1562 2066 1561
3 2068 1562 1563
3 2068 2067 1562
3 2069 1563 1564
3 2069 2068 1563
3 1564 1551 2059
3 2070 1564 2059
3 2069 1564 2070
3 2072 2071 2070
3 2059 2072 2070
3 2060 2072 2059
3 1567 2072 1566
3 2072 2061 1566
3 2072 2060 2061
3 1566 2061 1556
3 2062 2063 1570
3 2063 1569 1570
3 2063 2073 1569
3 2062 1570 1558
3 2076 2075 2074
3 2075 2065 2074
3 2065 1571 2074
3 2065 1560 1571
3 2078 2077 1573
3 1573 2077 1572
3 2079 1573 1574
3 2079 2078 1573
3 1574 1561 2066
3 1574 2066 2079
3 2082 2081 2080
3 2080 2081 2071
3 2072 2080 2071
3 2083 2080 2072
3 1576 2083 1567
3 1567 2083 2072
3 2073 1578 1569
3 2084 1578 2073
3 2076 2074 1580
3 1581 2076 1580
3 2085 2076 1581
3 1580 2074 1571
3 2087 2086 1583
3 1583 2086 1582
3 2088 1583 1584
3 2088 2087 1583
3 1584 1572 2077
3 1584 2077 2088
3 2091 2090 2089
3 2089 2090 2082
3 2080 2089 2082
3 2092 2089 2080
3 1587 2092 1586
3 2092 2083 1586
3 2092 2080 2083
3 1586 2083 1576
3 2095 2094 2093
3 2084 2095 2093
3 1590 2084 2093
3 1578 2084 1590
3 2098 2097 2096
3 2097 2085 2096
3 2085 1591 2096
3 2085 1581 1591
3 2099 1593 1594
3 2099 1594 2100
3 1594 2101 2100
3 1594 1595 2101
3 1595 1582 2086
3 1595 2086 2101
3 2091 2089 2102
3 2091 2102 2103
3 1598 2102 1597
3 2102 2092 1597
3 2102 2089 2092
3 1597 2092 1587
3 2093 2094 2104
3 2104 2094 2105
3 2104 1601 1590
3 2104 1590 2093
3 2098 2096 2106
3 2098 2106 2107
3 1602 2106 1591
3 1591 2106 2096
3 2109 2108 1605
3 1605 2108 1604
3 2110 1605 1606
3 2110 2109 1605
3 2111 1606 1607
3 2111 2110 1606
3 2113 2112 1608
3 2112 1607 1608
3 2112 2111 1607
3 2113 2114 2112
3 2115 1610 2099
3 2099 1610 1593
3 2099 2100 2116
3 2099 2116 2115
3 2119 2118 2117
3 2117 2118 2103
3 2102 2117 2103
3 2120 2117 2102
3 1612 2120 1598
3 1598 2120 2102
3 2104 2105 1615
3 2105 1614 1615
3 2105 2121 1614
3 2104 1615 1601
3 2107 2106 1617
3 1618 2107 1617
3 2122 2107 1618
3 1617 2106 1602
3 2124 1620 2123
3 1620 2108 2123
3 1620 1604 2108
3 2125 2124 2123
3 1622 2126 2113
3 1622 2113 1608
3 2114 2113 2127
3 2127 2113 2126
3 2115 1624 1610
3 2129 2128 1626
3 2129 1626 1624
3 2116 2129 1624
3 2115 2116 1624
3 2130 2128 2129
3 2133 2132 2131
3 2131 2132 2119
3 2117 2131 2119
3 2134 2131 2117
3 1629 2134 1628
3 2134 2120 1628
3 2134 2117 2120
3 1628 2120 1612
3 2137 2136 2135
3 2121 2137 2135
3 1631 2121 2135
3 1614 2121 1631
3 2140 2139 2138
3 2139 2122 2138
3 2122 1632 2138
3 2122 1618 1632
3 2141 1634 2124
3 2124 1634 1620
3 2124 2125 2142
3 2124 2142 2141
3 1635 2126 1622
3 1635 1636 2126
3 1636 2127 2126
3 1636 2143 2127
3 2144 1638 2128
3 2128 1638 1626
3 2128 2130 2145
3 2128 2145 2144
3 2133 2131 2146
3 2133 2146 2147
3 2148 2131 2134
3 2146 2131 2148
3 1640 2148 1629
3 1629 2148 2134
3 2135 2136 2149
3 2149 2136 2150
3 2149 1643 1631
3 2149 1631 2135
3 2140 2138 2151
3 2140 2151 2152
3 1644 2151 1632
3 1632 2151 2138
3 2153 1646 2141
3 2141 1646 1634
3 2141 2142 2154
3 2141 2154 2153
3 1647 2143 1636
3 1647 2155 2143
3 2156 1649 2144
3 2144 1649 1638
3 2144 2145 2157
3 2158 2144 2157
3 2156 2144 2158
3 2159 2158 2157
3 2162 2161 2160
3 2160 2161 2147
3 2146 2160 2147
3 2163 2160 2146
3 1652 2163 1651
3 2163 2148 1651
3 2163 2146 2148
3 1651 2148 1640
3 2166 2165 2164
3 2166 2164 2150
3 2150 2164 2149
3 2164 1655 2149
3 1655 1656 2149
3 2149 1656 1643
3 2152 2151 1658
3 1659 2152 1658
3 2167 2152 1659
3 1658 2151 1644
3 2153 1660 1646
3 1661 1660 2153
3 2154 1661 2153
3 2168 1661 2154
3 1662 2155 1647
3 1662 2169 2155
3 2156 1664 1649
3 1664 2156 1666
3 2156 2170 1666
3 2156 2158 2170
3 2158 2159 2171
3 2172 2158 2171
3 2170 2158 2172
3 2174 2173 2172
3 2174 2172 2171
3 2173 2174 2162
3 2160 2173 2162
3 2175 2173 2160
3 2176 2160 2163
3 2175 2160 2176
3 1668 2176 1652
3 1652 2176 2163
3 2164 2165 2177
3 2177 2165 2178
3 2177 1671 1655
3 2177 1655 2164
3 2181 2180 2179
3 2180 2167 2179
3 2167 1672 2179
3 2167 1659 1672
3 2168 1673 1661
3 2182 1673 2168
3 1675 2184 2183
3 2169 1675 2183
3 1662 1675 2169
3 2184 2185 2183
3 2186 1677 2170
3 2170 1677 1666
3 2187 2170 2172
3 2186 2170 2187
3 2188 2172 2173
3 2187 2172 2188
3 2189 2173 2175
3 2188 2173 2189
3 2190 2175 2176
3 2189 2175 2190
3 1679 2190 1668
3 1668 2190 2176
3 2193 2192 2191
3 2193 2191 2178
3 2178 2191 2177
3 2191 1681 2177
3 1681 1682 2177
3 2177 1682 1671
3 2181 2179 2194
3 2181 2194 2195
3 1683 2194 1672
3 1672 2194 2179
3 2182 1684 1673
3 2196 1684 2182
3 1686 2197 2184
3 1686 2184 1675
3 2185 2184 2198
3 2198 2184 2197
3 2199 1688 2186
3 2186 1688 1677
3 2200 2186 2187
3 2199 2186 2200
3 2201 2187 2188
3 2200 2187 2201
3 2202 2188 2189
3 2201 2188 2202
3 1691 2202 1690
3 2202 2190 1690
3 2202 2189 2190
3 1690 2190 1679
3 2191 2192 2203
3 2203 2192 2204
3 2203 1694 1681
3 2203 1681 2191
3 2195 2194 2205
3 2195 2205 2206
3 1695 2205 1683
3 1683 2205 2194
3 2196 1696 1684
3 2207 1696 2196
3 1698 2208 2197
3 1698 2197 1686
3 2198 2197 2209
3 2209 2197 2208
3 2210 1700 2199
3 2199 1700 1688
3 2211 2199 2200
3 2210 2199 2211
3 2212 2200 2201
3 2211 2200 2212
3 2213 2201 2202
3 2212 2201 2213
3 1702 2213 1691
3 1691 2213 2202
3 2203 2204 2214
3 2214 2204 2215
3 2214 1704 1694
3 2214 1694 2203
3 2206 2205 1706
3 1707 2206 1706
3 2216 2206 1707
3 1706 2205 1695
3 2207 1708 1696
3 2217 1708 2207
3 1709 2208 1698
3 1709 1710 2208
3 1710 2209 2208
3 1710 2218 2209
3 2219 1712 2210
3 2210 1712 1700
3 2220 2210 2211
3 2219 2210 2220
3 2221 2211 2212
3 2220 2211 2221
3 2222 2212 2213
3 2221 2212 2222
3 1714 2222 1702
3 1702 2222 2213
3 2214 2215 2223
3 2223 2215 2224
3 2223 1716 1704
3 2223 1704 2214
3 1718 2216 1707
3 1718 2225 2216
3 2217 1719 1708
3 2226 1719 2217
3 1720 2218 1710
3 1720 2227 2218
3 2219 1722 1712
3 1722 2219 1724
3 2219 2228 1724
3 2219 2220 2228
3 2229 2220 2221
3 2228 2220 2229
3 1727 2229 1726
3 2229 2222 1726
3 2229 2221 2222
3 1726 2222 1714
3 2223 2224 2230
3 2230 2224 2231
3 2230 1730 1716
3 2230 1716 2223
3 1732 2225 1718
3 1732 2232 2225
3 2234 1733 2233
3 1733 2226 2233
3 1733 1719 2226
3 2235 2234 2233
3 1734 2227 1720
3 1734 2236 2227
3 2228 1737 1724
3 1737 2228 1739
3 2228 2237 1739
3 2228 2229 2237
3 1741 2237 1727
3 1727 2237 2229
3 2230 2231 2238
3 2238 2231 2239
3 2238 1744 1730
3 2238 1730 2230
3 1746 2232 1732
3 1746 2240 2232
3 2241 1747 2234
3 2234 1747 1733
3 2234 2235 2242
3 2234 2242 2241
3 1748 2236 1734
3 1748 2243 2236
3 2237 1751 1739
3 1751 2237 1741
3 2238 2239 2244
3 2244 2239 2245
3 2244 1756 1744
3 2244 1744 2238
3 1758 2240 1746
3 1758 2246 2240
3 2241 1759 1747
3 1761 1759 2241
3 2242 1761 2241
3 2247 1761 2242
3 1762 2249 2248
3 2243 1762 2248
3 1748 1762 2243
3 2249 2250 2248
3 2244 2245 2251
3 2251 2245 2252
3 2251 1769 1756
3 2251 1756 2244
3 1771 2246 1758
3 1771 2253 2246
3 2247 1772 1761
3 2254 1772 2247
3 1773 2255 2249
3 1773 2249 1762
3 2250 2249 2256
3 2256 2249 2255
3 2251 2252 2257
3 2257 2252 2258
3 2257 1779 1769
3 2257 1769 2251
3 1781 2253 1771
3 1781 2259 2253
3 2254 1782 1772
3 2260 1782 2254
3 1783 2255 1773
3 1783 1785 2255
3 1785 2256 2255
3 1785 2261 2256
3 2257 2258 2262
3 2262 2258 2263
3 2262 1791 1779
3 2262 1779 2257
3 1793 2259 1781
3 1793 2264 2259
3 2266 1794 2265
3 1794 2260 2265
3 1794 1782 2260
3 2267 2266 2265
3 1795 2261 1785
3 1795 2268 2261
3 2262 2263 2269
3 2269 2263 2270
3 2269 1801 1791
3 2269 1791 2262
3 1793 1802 2271
3 2272 1793 2271
3 2264 1793 2272
3 1803 2271 1802
3 2266 1804 1794
3 1805 1804 2266
3 2267 1805 2266
3 2273 1805 2267
3 1806 2268 1795
3 1806 2274 2268
3 2269 2270 2275
3 2275 2270 2276
3 2275 1812 1801
3 2275 1801 2269
3 2277 2272 2271
3 2271 1803 2277
3 1803 2278 2277
3 1803 1814 2278
3 2273 1815 1805
3 2279 1815 2273
3 1817 2281 2280
3 2274 1817 2280
3 1806 1817 2274
3 2281 2282 2280
3 2276 2283 2275
3 2283 2285 2284
3 2283 2284 1824
3 2275 2283 1824
3 1812 2275 1824
3 2284 1826 1824
3 2286 2278 1814
3 2286 1814 1827
3 1827 1828 2286
3 2286 1828 2287
3 2279 2288 1815
3 1815 2288 1829
3 1831 1829 2288
3 1831 2288 2289
3 1832 2281 1817
3 1832 1833 2281
3 1833 2282 2281
3 1833 2290 2282
3 2285 2291 2284
3 1826 2284 2291
3 2292 1826 2291
3 1841 1826 2292
3 1842 2287 1828
3 1842 2293 2287
3 2289 1843 1831
3 2294 1843 2289
3 1844 2290 1833
3 1844 2295 2290
3 2292 1852 1841
3 2296 1852 2292
3 1853 2293 1842
3 1853 2297 2293
3 2294 1854 1843
3 2298 1854 2294
3 1855 2295 1844
3 1855 2299 2295
3 2296 1863 1852
3 2300 1863 2296
3 2303 2302 2301
3 2302 2297 2301
3 2297 1864 2301
3 2297 1853 1864
3 2305 1865 2304
3 1865 2298 2304
3 1865 1854 2298
3 2306 2305 2304
3 1866 2299 1855
3 1866 2307 2299
3 2300 1874 1863
3 2308 1874 2300
3 2311 2310 2309
3 2309 2310 2303
3 2309 2303 2301
3 1876 2309 2301
3 1875 1876 2301
3 1875 2301 1864
3 2305 1877 1865
3 1879 1877 2305
3 2306 1879 2305
3 2312 1879 2306
3 1881 2307 1866
3 1881 2313 2307
3 2316 2315 2314
3 2308 2316 2314
3 1888 2308 2314
3 1874 2308 1888
3 2311 2309 2317
3 2311 2317 2318
3 1889 2317 1876
3 1876 2317 2309
3 2312 1890 1879
3 2319 1890 2312
3 1892 2321 2320
3 2313 1892 2320
3 1881 1892 2313
3 2321 2322 2320
3 2314 2315 2323
3 2323 2315 2324
3 2323 1898 1888
3 2323 1888 2314
3 2318 2317 1900
3 1901 2318 1900
3 2325 2318 1901
3 1900 2317 1889
3 2319 1902 1890
3 2326 1902 2319
3 1903 2321 1892
3 1903 1904 2321
3 1904 2322 2321
3 1904 2327 2322
3 2323 2324 1911
3 2324 1910 1911
3 2324 2328 1910
3 2323 1911 1898
3 1913 2325 1901
3 1913 2329 2325
3 2326 1914 1902
3 2330 1914 2326
3 1915 2327 1904
3 1915 2331 2327
3 2332 1917 1918
3 1919 2332 1918
3 2335 2334 2333
3 2328 2335 2333
3 1923 2328 2333
3 1910 2328 1923
3 1925 2329 1913
3 1925 2336 2329
3 2330 1926 1914
3 2337 1926 2330
3 1927 2331 1915
3 1927 2338 2331
3 2339 1929 2332
3 2332 1929 1917
3 1931 2339 1919
3 1919 2339 2332
3 2333 2334 2340
3 2340 2334 2341
3 2340 1935 1923
3 2340 1923 2333
3 1937 2336 1925
3 1937 2342 2336
3 2337 1938 1926
3 2343 1938 2337
3 2345 2344 1940
3 2345 1940 1941
3 1927 1940 2338
3 2338 1940 2344
3 2346 1943 2339
3 2339 1943 1929
3 1945 2346 1931
3 1931 2346 2339
3 2340 2341 2347
3 2347 2341 2348
3 2347 1949 1935
3 2347 1935 2340
3 1951 2342 1937
3 1951 2349 2342
3 2343 1952 1938
3 2350 1952 2343
3 1954 2345 1941
3 1954 2351 2345
3 2352 1956 2346
3 2346 1956 1943
3 1958 2352 1945
3 1945 2352 2346
3 2348 2353 2347
3 1949 2347 2353
3 2354 1949 2353
3 1962 1949 2354
3 1964 2349 1951
3 1964 2355 2349
3 2356 1965 1966
3 2357 2356 1966
3 1952 2357 1966
3 2350 2357 1952
3 1967 2351 1954
3 1967 2358 2351
3 2359 1969 2352
3 2352 1969 1956
3 1971 2359 1958
3 1958 2359 2352
3 2354 1975 1962
3 2360 1975 2354
3 1964 1976 2361
3 2362 1964 2361
3 2355 1964 2362
3 1977 2361 1976
3 2364 2363 2356
3 2363 1965 2356
3 2363 1978 1965
3 2364 2356 2357
3 1979 2358 1967
3 1979 2365 2358
3 2366 1982 2359
3 2359 1982 1969
3 1984 2366 1971
3 1971 2366 2359
3 2360 1988 1975
3 2367 1988 2360
3 2362 2361 2368
3 2362 2368 2369
3 1989 2368 1977
3 1977 2368 2361
3 2363 1990 1978
3 2370 1990 2363
3 1991 2365 1979
3 1991 2371 2365
3 2372 1993 1994
3 1982 2366 1994
3 2366 2372 1994
3 2366 2373 2372
3 1996 2373 1984
3 1984 2373 2366
3 2375 2374 2000
3 2000 2374 1999
3 2000 1988 2367
3 2000 2367 2375
3 2369 2368 2001
3 2002 2369 2001
3 2376 2369 2002
3 2001 2368 1989
3 2003 1990 2377
3 1990 2378 2377
3 1990 2370 2378
3 2377 2005 2003
3 2381 2380 2379
3 2380 2371 2379
3 2371 2006 2379
3 2371 1991 2006
3 2382 2008 2372
3 2372 2008 1993
3 2383 2372 2373
3 2382 2372 2383
3 2010 2383 1996
3 1996 2383 2373
3 2374 2013 1999
3 2384 2013 2374
3 2014 2376 2002
3 2014 2385 2376
3 2378 2386 2377
3 2377 2386 2005
3 2386 2015 2005
3 2386 2387 2015
3 2379 2017 2381
3 2017 2387 2381
3 2017 2015 2387
3 2017 2379 2006
3 2388 2020 2382
3 2382 2020 2008
3 2023 2388 2022
3 2388 2383 2022
3 2388 2382 2383
3 2022 2383 2010
3 2390 2389 2027
3 2027 2389 2026
3 2027 2013 2384
3 2027 2384 2390
3 2392 2391 2029
3 2392 2029 2030
3 2014 2029 2385
3 2385 2029 2391
3 2388 2032 2020
3 2032 2388 2023
3 2389 2037 2026
3 2393 2037 2389
3 2396 2395 2394
3 2395 2392 2394
3 2392 2038 2394
3 2392 2030 2038
3 2393 2397 2037
3 2037 2397 2040
3 2399 2398 2041
3 2040 2399 2041
3 2397 2399 2040
3 2401 2400 2398
3 2401 2398 2399
3 2400 2401 2396
3 2400 2396 2394
3 2043 2400 2394
3 2042 2043 2394
3 2042 2394 2038
3 2398 2044 2041
3 2044 2398 2045
3 2045 2398 2400
3 2045 2400 2043
3 2403 2402 2050
3 2050 2402 2049
3 2404 2050 2051
3 2404 2403 2050
3 2405 2051 2052
3 2405 2404 2051
3 2407 2405 2406
3 2405 2053 2406
3 2405 2052 2053
3 2054 2406 2053
3 2410 2409 2408
3 2402 2410 2408
3 2055 2402 2408
3 2049 2402 2055
3 2407 2406 2057
3 2058 2407 2057
3 2411 2407 2058
3 2057 2406 2054
3 2408 2409 2064
3 2409 2063 2064
3 2409 2412 2063
3 2408 2064 2055
3 2415 2414 2413
3 2414 2411 2413
3 2411 2065 2413
3 2411 2058 2065
3 2417 2416 2067
3 2067 2416 2066
3 2418 2067 2068
3 2418 2417 2067
3 2419 2068 2069
3 2419 2418 2068
3 2421 2419 2420
3 2419 2070 2420
3 2419 2069 2070
3 2071 2420 2070
3 2412 2073 2063
3 2422 2073 2412
3 2415 2413 2075
3 2076 2415 2075
3 2423 2415 2076
3 2075 2413 2065
3 2425 2424 2078
3 2078 2424 2077
3 2426 2078 2079
3 2426 2425 2078
3 2079 2066 2416
3 2079 2416 2426
3 2421 2420 2081
3 2082 2421 2081
3 2427 2421 2082
3 2081 2420 2071
3 2430 2429 2428
3 2422 2430 2428
3 2084 2422 2428
3 2073 2422 2084
3 2433 2432 2431
3 2432 2423 2431
3 2423 2085 2431
3 2423 2076 2085
3 2434 2086 2087
3 2434 2087 2435
3 2087 2436 2435
3 2087 2088 2436
3 2088 2077 2424
3 2088 2424 2436
3 2438 2437 2090
3 2438 2090 2091
3 2082 2090 2427
3 2427 2090 2437
3 2428 2429 2095
3 2429 2094 2095
3 2429 2439 2094
3 2428 2095 2084
3 2433 2431 2097
3 2098 2433 2097
3 2440 2433 2098
3 2097 2431 2085
3 2443 2442 2441
3 2445 2444 2441
3 2441 2444 2443
3 2445 2446 2444
3 2447 2100 2101
3 2448 2447 2101
3 2448 2101 2086
3 2449 2448 2086
3 2434 2449 2086
3 2449 2434 2435
3 2452 2451 2450
3 2451 2438 2450
3 2438 2103 2450
3 2438 2091 2103
3 2455 2454 2453
3 2439 2455 2453
3 2105 2439 2453
3 2094 2439 2105
3 2107 2440 2098
3 2107 2456 2440
3 2457 2108 2109
3 2457 2109 2458
3 2109 2459 2458
3 2109 2110 2459
3 2111 2441 2442
3 2459 2111 2442
3 2110 2111 2459
3 2441 2111 2112
3 2441 2112 2445
3 2112 2114 2445
3 2114 2446 2445
3 2114 2460 2446
3 2461 2116 2447
3 2447 2116 2100
3 2447 2448 2462
3 2463 2447 2462
3 2461 2447 2463
3 2464 2463 2462
3 2467 2466 2465
3 2469 2468 2465
3 2469 2465 2466
3 2468 2469 2452
3 2468 2452 2450
3 2119 2468 2450
3 2118 2119 2450
3 2118 2450 2103
3 2453 2454 2470
3 2470 2454 2471
3 2470 2121 2105
3 2470 2105 2453
3 2474 2473 2472
3 2473 2456 2472
3 2456 2122 2472
3 2456 2107 2122
3 2457 2123 2108
3 2125 2123 2457
3 2458 2125 2457
3 2475 2125 2458
3 2127 2460 2114
3 2127 2476 2460
3 2461 2129 2116
3 2129 2461 2130
3 2461 2477 2130
3 2461 2463 2477
3 2463 2464 2478
3 2479 2463 2478
3 2477 2463 2479
3 2481 2480 2479
3 2481 2479 2478
3 2480 2481 2467
3 2465 2480 2467
3 2482 2480 2465
3 2133 2482 2132
3 2482 2468 2132
3 2482 2465 2468
3 2132 2468 2119
3 2485 2484 2483
3 2485 2483 2471
3 2471 2483 2470
3 2483 2136 2470
3 2136 2137 2470
3 2470 2137 2121
3 2474 2472 2139
3 2140 2474 2139
3 2486 2474 2140
3 2139 2472 2122
3 2475 2142 2125
3 2487 2142 2475
3 2143 2489 2488
3 2476 2143 2488
3 2127 2143 2476
3 2489 2490 2488
3 2491 2145 2477
3 2477 2145 2130
3 2492 2477 2479
3 2491 2477 2492
3 2493 2479 2480
3 2492 2479 2493
3 2494 2480 2482
3 2493 2480 2494
3 2147 2494 2133
3 2133 2494 2482
3 2483 2484 2495
3 2495 2484 2496
3 2495 2150 2136
3 2495 2136 2483
3 2499 2498 2497
3 2498 2486 2497
3 2486 2152 2497
3 2486 2140 2152
3 2487 2154 2142
3 2500 2154 2487
3 2155 2501 2489
3 2155 2489 2143
3 2490 2489 2502
3 2502 2489 2501
3 2491 2157 2145
3 2157 2491 2159
3 2491 2503 2159
3 2491 2492 2503
3 2504 2492 2493
3 2503 2492 2504
3 2162 2504 2161
3 2504 2494 2161
3 2504 2493 2494
3 2161 2494 2147
3 2507 2506 2505
3 2507 2505 2496
3 2496 2505 2495
3 2505 2165 2495
3 2165 2166 2495
3 2495 2166 2150
3 2499 2497 2508
3 2499 2508 2509
3 2167 2508 2152
3 2152 2508 2497
3 2500 2168 2154
3 2510 2168 2500
3 2169 2511 2501
3 2169 2501 2155
3 2502 2501 2512
3 2512 2501 2511
3 2503 2171 2159
3 2171 2503 2174
3 2174 2503 2504
3 2174 2504 2162
3 2505 2506 2513
3 2513 2506 2514
3 2513 2178 2165
3 2513 2165 2505
3 2509 2508 2180
3 2181 2509 2180
3 2515 2509 2181
3 2180 2508 2167
3 2510 2182 2168
3 2516 2182 2510
3 2183 2511 2169
3 2183 2185 2511
3 2185 2512 2511
3 2185 2517 2512
3 2513 2514 2193
3 2514 2192 2193
3 2514 2518 2192
3 2513 2193 2178
3 2195 2515 2181
3 2195 2519 2515
3 2516 2196 2182
3 2520 2196 2516
3 2198 2517 2185
3 2198 2521 2517
3 2524 2523 2522
3 2518 2524 2522
3 2204 2518 2522
3 2192 2518 2204
3 2527 2526 2525
3 2526 2519 2525
3 2519 2206 2525
3 2519 2195 2206
3 2529 2207 2528
3 2207 2520 2528
3 2207 2196 2520
3 2530 2529 2528
3 2209 2521 2198
3 2209 2531 2521
3 2522 2523 2532
3 2532 2523 2533
3 2532 2215 2204
3 2532 2204 2522
3 2527 2525 2534
3 2527 2534 2535
3 2216 2534 2206
3 2206 2534 2525
3 2536 2217 2529
3 2529 2217 2207
3 2529 2530 2537
3 2529 2537 2536
3 2218 2531 2209
3 2218 2538 2531
3 2532 2533 2539
3 2539 2533 2540
3 2539 2224 2215
3 2539 2215 2532
3 2535 2534 2541
3 2535 2541 2542
3 2225 2541 2216
3 2216 2541 2534
3 2543 2226 2536
3 2536 2226 2217
3 2536 2537 2544
3 2536 2544 2543
3 2227 2538 2218
3 2227 2545 2538
3 2539 2540 2546
3 2546 2540 2547
3 2546 2231 2224
3 2546 2224 2539
3 2542 2541 2548
3 2542 2548 2549
3 2232 2548 2225
3 2225 2548 2541
3 2543 2233 2226
3 2235 2233 2543
3 2544 2235 2543
3 2550 2235 2544
3 2236 2552 2551
3 2545 2236 2551
3 2227 2236 2545
3 2552 2553 2551
3 2546 2547 2554
3 2554 2547 2555
3 2554 2239 2231
3 2554 2231 2546
3 2549 2548 2556
3 2549 2556 2557
3 2240 2556 2232
3 2232 2556 2548
3 2550 2242 2235
3 2558 2242 2550
3 2243 2559 2552
3 2243 2552 2236
3 2553 2552 2560
3 2560 2552 2559
3 2554 2555 2561
3 2561 2555 2562
3 2561 2245 2239
3 2561 2239 2554
3 2557 2556 2563
3 2557 2563 2564
3 2246 2563 2240
3 2240 2563 2556
3 2566 2247 2565
3 2247 2558 2565
3 2247 2242 2558
3 2567 2566 2565
3 2248 2559 2243
3 2248 2250 2559
3 2250 2560 2559
3 2250 2568 2560
3 2561 2562 2569
3 2569 2562 2570
3 2569 2252 2245
3 2569 2245 2561
3 2564 2563 2571
3 2564 2571 2572
3 2253 2571 2246
3 2246 2571 2563
3 2573 2254 2566
3 2566 2254 2247
3 2566 2567 2574
3 2566 2574 2573
3 2256 2568 2250
3 2256 2575 2568
3 2569 2570 2576
3 2576 2570 2577
3 2576 2258 2252
3 2576 2252 2569
3 2572 2571 2578
3 2572 2578 2579
3 2259 2578 2253
3 2253 2578 2571
3 2580 2260 2573
3 2573 2260 2254
3 2573 2574 2581
3 2573 2581 2580
3 2261 2575 2256
3 2261 2582 2575
3 2576 2577 2583
3 2583 2577 2584
3 2583 2263 2258
3 2583 2258 2576
3 2579 2578 2585
3 2579 2585 2586
3 2264 2585 2259
3 2259 2585 2578
3 2580 2265 2260
3 2267 2265 2580
3 2581 2267 2580
3 2587 2267 2581
3 2268 2582 2261
3 2268 2588 2582
3 2583 2584 2589
3 2589 2584 2590
3 2589 2270 2263
3 2589 2263 2583
3 2591 2586 2585
3 2585 2264 2591
3 2264 2592 2591
3 2264 2272 2592
3 2594 2273 2593
3 2273 2587 2593
3 2273 2267 2587
3 2595 2594 2593
3 2274 2588 2268
3 2274 2596 2588
3 2589 2590 2597
3 2597 2590 2598
3 2597 2276 2270
3 2597 2270 2589
3 2599 2592 2272
3 2599 2272 2277
3 2277 2278 2599
3 2599 2278 2600
3 2601 2279 2594
3 2594 2279 2273
3 2594 2595 2602
3 2594 2602 2601
3 2603 2596 2274
3 2603 2274 2280
3 2280 2282 2603
3 2603 2282 2604
3 2597 2598 2605
3 2605 2598 2606
3 2607 2283 2276
3 2597 2607 2276
3 2605 2607 2597
3 2607 2285 2283
3 2278 2286 2608
3 2609 2278 2608
3 2600 2278 2609
3 2287 2608 2286
3 2601 2288 2279
3 2289 2288 2601
3 2602 2289 2601
3 2610 2289 2602
3 2290 2604 2282
3 2290 2611 2604
3 2606 2612 2605
3 2605 2612 2607
3 2607 2612 2613
3 2607 2613 2285
3 2613 2291 2285
3 2613 2614 2291
3 2292 2291 2614
3 2292 2614 2615
3 2609 2608 2616
3 2609 2616 2617
3 2293 2616 2287
3 2287 2616 2608
3 2619 2294 2618
3 2294 2610 2618
3 2294 2289 2610
3 2620 2619 2618
3 2295 2611 2290
3 2295 2621 2611
3 2615 2296 2292
3 2622 2296 2615
3 2617 2616 2623
3 2617 2623 2624
3 2297 2623 2293
3 2293 2623 2616
3 2625 2298 2619
3 2619 2298 2294
3 2619 2620 2626
3 2619 2626 2625
3 2299 2621 2295
3 2299 2627 2621
3 2630 2629 2628
3 2622 2630 2628
3 2300 2622 2628
3 2296 2622 2300
3 2633 2632 2631
3 2631 2632 2624
3 2631 2624 2623
3 2303 2631 2623
3 2302 2303 2623
3 2302 2623 2297
3 2625 2304 2298
3 2306 2304 2625
3 2626 2306 2625
3 2634 2306 2626
3 2307 2627 2299
3 2307 2635 2627
3 2628 2629 2636
3 2636 2629 2637
3 2636 2308 2300
3 2636 2300 2628
3 2633 2631 2310
3 2311 2633 2310
3 2638 2633 2311
3 2310 2631 2303
3 2634 2312 2306
3 2639 2312 2634
3 2313 2635 2307
3 2313 2640 2635
3 2643 2642 2641
3 2643 2641 2637
3 2637 2641 2636
3 2641 2315 2636
3 2315 2316 2636
3 2636 2316 2308
3 2646 2645 2644
3 2645 2638 2644
3 2638 2318 2644
3 2638 2311 2318
3 2639 2319 2312
3 2647 2319 2639
3 2313 2320 2648
3 2649 2313 2648
3 2640 2313 2649
3 2322 2648 2320
3 2641 2642 2650
3 2650 2642 2651
3 2650 2324 2315
3 2650 2315 2641
3 2646 2644 2652
3 2646 2652 2653
3 2325 2652 2318
3 2318 2652 2644
3 2647 2326 2319
3 2654 2326 2647
3 2649 2648 2655
3 2649 2655 2656
3 2327 2655 2322
3 2322 2655 2648
3 2650 2651 2657
3 2657 2651 2658
3 2657 2328 2324
3 2657 2324 2650
3 2653 2652 2659
3 2653 2659 2660
3 2329 2659 2325
3 2325 2659 2652
3 2654 2330 2326
3 2661 2330 2654
3 2656 2655 2662
3 2656 2662 2663
3 2331 2662 2327
3 2327 2662 2655
3 2666 2665 2664
3 2666 2664 2658
3 2658 2664 2657
3 2664 2334 2657
3 2334 2335 2657
3 2657 2335 2328
3 2660 2659 2667
3 2660 2667 2668
3 2336 2667 2329
3 2329 2667 2659
3 2661 2337 2330
3 2669 2337 2661
3 2663 2662 2670
3 2663 2670 2671
3 2338 2670 2331
3 2331 2670 2662
3 2664 2665 2672
3 2672 2665 2673
3 2672 2341 2334
3 2672 2334 2664
3 2668 2667 2674
3 2668 2674 2675
3 2342 2674 2336
3 2336 2674 2667
3 2669 2343 2337
3 2676 2343 2669
3 2671 2670 2344
3 2345 2671 2344
3 2677 2671 2345
3 2344 2670 2338
3 2672 2673 2678
3 2678 2673 2679
3 2678 2348 2341
3 2678 2341 2672
3 2675 2674 2680
3 2675 2680 2681
3 2349 2680 2342
3 2342 2680 2674
3 2676 2350 2343
3 2682 2350 2676
3 2351 2677 2345
3 2351 2683 2677
3 2679 2684 2678
3 2684 2686 2685
3 2684 2685 2353
3 2678 2684 2353
3 2348 2678 2353
3 2685 2354 2353
3 2681 2680 2687
3 2681 2687 2688
3 2355 2687 2349
3 2349 2687 2680
3 2682 2357 2350
3 2689 2357 2682
3 2358 2683 2351
3 2358 2690 2683
3 2685 2686 2691
3 2691 2686 2692
3 2691 2360 2354
3 2691 2354 2685
3 2693 2688 2687
3 2687 2355 2693
3 2355 2694 2693
3 2355 2362 2694
3 2695 2363 2364
3 2696 2695 2364
3 2357 2696 2364
3 2689 2696 2357
3 2699 2698 2697
3 2698 2690 2697
3 2690 2365 2697
3 2690 2358 2365
3 2691 2692 2700
3 2700 2692 2701
3 2700 2367 2360
3 2700 2360 2691
3 2369 2694 2362
3 2369 2702 2694
3 2703 2370 2695
3 2695 2370 2363
3 2695 2696 2704
3 2695 2704 2703
3 2699 2697 2705
3 2699 2705 2706
3 2371 2705 2365
3 2365 2705 2697
3 2709 2708 2707
3 2709 2707 2701
3 2701 2707 2700
3 2707 2374 2700
3 2374 2375 2700
3 2700 2375 2367
3 2712 2711 2710
3 2711 2702 2710
3 2702 2376 2710
3 2702 2369 2376
3 2713 2378 2703
3 2703 2378 2370
3 2703 2704 2714
3 2703 2714 2713
3 2706 2705 2380
3 2381 2706 2380
3 2715 2706 2381
3 2380 2705 2371
3 2707 2708 2716
3 2716 2708 2717
3 2716 2384 2374
3 2716 2374 2707
3 2712 2710 2718
3 2712 2718 2719
3 2385 2718 2376
3 2376 2718 2710
3 2713 2386 2378
3 2714 2720 2713
3 2720 2386 2713
3 2720 2387 2386
3 2381 2387 2715
3 2715 2387 2720
3 2723 2722 2721
3 2723 2721 2717
3 2717 2721 2716
3 2721 2389 2716
3 2389 2390 2716
3 2716 2390 2384
3 2726 2725 2724
3 2724 2725 2719
3 2724 2719 2718
3 2392 2724 2718
3 2391 2392 2718
3 2391 2718 2385
3 2721 2722 2727
3 2727 2722 2728
3 2727 2393 2389
3 2727 2389 2721
3 2726 2724 2395
3 2396 2726 2395
3 2729 2726 2396
3 2395 2724 2392
3 2728 2730 2727
3 2727 2730 2393
3 2730 2397 2393
3 2730 2731 2397
3 2397 2732 2399
3 2731 2732 2397
3 2399 2733 2401
3 2732 2733 2399
3 2396 2401 2729
3 2729 2401 2733
3 2736 2735 2734
3 2402 2403 2734
3 2403 2736 2734
3 2403 2737 2736
3 2738 2403 2404
3 2738 2737 2403
3 2739 2404 2405
3 2739 2738 2404
3 2405 2407 2739
3 2739 2407 2740
3 2734 2735 2410
3 2735 2409 2410
3 2735 2741 2409
3 2734 2410 2402
3 2744 2743 2742
3 2743 2740 2742
3 2740 2411 2742
3 2740 2407 2411
3 2747 2746 2745
3 2741 2747 2745
3 2412 2741 2745
3 2409 2741 2412
3 2744 2742 2414
3 2415 2744 2414
3 2748 2744 2415
3 2414 2742 2411
3 2750 2749 2417
3 2417 2749 2416
3 2752 2750 2751
3 2750 2418 2751
3 2750 2417 2418
3 2419 2753 2418
3 2418 2753 2751
3 2421 2753 2419
3 2745 2746 2754
3 2754 2746 2755
3 2754 2422 2412
3 2754 2412 2745
3 2758 2757 2756
3 2757 2748 2756
3 2748 2423 2756
3 2748 2415 2423
3 2760 2759 2425
3 2425 2759 2424
3 2761 2425 2426
3 2761 2760 2425
3 2426 2416 2749
3 2426 2749 2761
3 2762 2752 2751
3 2764 2763 2762
3 2751 2764 2762
3 2753 2764 2751
3 2427 2764 2421
3 2421 2764 2753
3 2767 2766 2765
3 2767 2765 2755
3 2755 2765 2754
3 2765 2429 2754
3 2429 2430 2754
3 2754 2430 2422
3 2758 2756 2432
3 2433 2758 2432
3 2768 2758 2433
3 2432 2756 2423
3 2770 2769 2436
3 2436 2769 2435
3 2436 2424 2759
3 2436 2759 2770
3 2773 2772 2771
3 2775 2774 2771
3 2775 2771 2772
3 2774 2775 2763
3 2774 2763 2764
3 2438 2774 2764
3 2437 2438 2764
3 2437 2764 2427
3 2765 2766 2776
3 2776 2766 2777
3 2776 2439 2429
3 2776 2429 2765
3 2780 2779 2778
3 2779 2768 2778
3 2768 2440 2778
3 2768 2433 2440
3 2782 2781 2443
3 2443 2781 2442
3 2783 2443 2444
3 2783 2782 2443
3 2444 2446 2783
3 2783 2446 2784
3 2785 2448 2449
3 2786 2785 2449
3 2435 2786 2449
3 2769 2786 2435
3 2789 2788 2787
3 2787 2788 2773
3 2771 2787 2773
3 2790 2787 2771
3 2452 2790 2451
3 2790 2774 2451
3 2790 2771 2774
3 2451 2774 2438
3 2793 2792 2791
3 2793 2791 2777
3 2777 2791 2776
3 2791 2454 2776
3 2454 2455 2776
3 2776 2455 2439
3 2780 2778 2794
3 2780 2794 2795
3 2456 2794 2440
3 2440 2794 2778
3 2797 2796 2459
3 2459 2796 2458
3 2459 2442 2781
3 2459 2781 2797
3 2460 2799 2798
3 2784 2460 2798
3 2446 2460 2784
3 2799 2800 2798
3 2785 2462 2448
3 2802 2801 2464
3 2802 2464 2462
3 2786 2802 2462
3 2785 2786 2462
3 2804 2803 2801
3 2804 2801 2802
3 2803 2804 2789
3 2803 2789 2787
3 2467 2803 2787
3 2466 2467 2787
3 2466 2787 2469
3 2469 2787 2790
3 2469 2790 2452
3 2791 2792 2805
3 2805 2792 2806
3 2805 2471 2454
3 2805 2454 2791
3 2795 2794 2473
3 2474 2795 2473
3 2807 2795 2474
3 2473 2794 2456
3 2796 2475 2458
3 2808 2475 2796
3 2476 2809 2799
3 2476 2799 2460
3 2800 2799 2810
3 2810 2799 2809
3 2801 2478 2464
3 2478 2801 2481
3 2481 2801 2803
3 2481 2803 2467
3 2813 2812 2811
3 2813 2811 2806
3 2806 2811 2805
3 2811 2484 2805
3 2484 2485 2805
3 2805 2485 2471
3 2816 2815 2814
3 2815 2807 2814
3 2807 2486 2814
3 2807 2474 2486
3 2818 2487 2817
3 2487 2808 2817
3 2487 2475 2808
3 2819 2818 2817
3 2488 2809 2476
3 2488 2490 2809
3 2490 2810 2809
3 2490 2820 2810
3 2811 2812 2821
3 2821 2812 2822
3 2821 2496 2484
3 2821 2484 2811
3 2825 2824 2823
3 2823 2824 2816
3 2823 2816 2814
3 2499 2823 2814
3 2498 2499 2814
3 2498 2814 2486
3 2826 2500 2818
3 2818 2500 2487
3 2818 2819 2827
3 2818 2827 2826
3 2502 2820 2490
3 2502 2828 2820
3 2831 2830 2829
3 2831 2829 2822
3 2822 2829 2821
3 2829 2506 2821
3 2506 2507 2821
3 2821 2507 2496
3 2825 2823 2832
3 2825 2832 2833
3 2509 2832 2499
3 2499 2832 2823
3 2834 2510 2826
3 2826 2510 2500
3 2826 2827 2835
3 2826 2835 2834
3 2512 2828 2502
3 2512 2836 2828
3 2829 2830 2837
3 2837 2830 2838
3 2837 2514 2506
3 2837 2506 2829
3 2833 2832 2839
3 2833 2839 2840
3 2515 2839 2509
3 2509 2839 2832
3 2841 2516 2834
3 2834 2516 2510
3 2834 2835 2842
3 2834 2842 2841
3 2517 2836 2512
3 2517 2843 2836
3 2837 2838 2844
3 2844 2838 2845
3 2844 2518 2514
3 2844 2514 2837
3 2840 2839 2846
3 2840 2846 2847
3 2519 2846 2515
3 2515 2846 2839
3 2848 2520 2841
3 2841 2520 2516
3 2841 2842 2849
3 2841 2849 2848
3 2521 2843 2517
3 2521 2850 2843
3 2853 2852 2851
3 2853 2851 2845
3 2845 2851 2844
3 2851 2523 2844
3 2523 2524 2844
3 2844 2524 2518
3 2856 2855 2854
3 2854 2855 2847
3 2854 2847 2846
3 2527 2854 2846
3 2526 2527 2846
3 2526 2846 2519
3 2848 2528 2520
3 2530 2528 2848
3 2849 2530 2848
3 2857 2530 2849
3 2531 2850 2521
3 2531 2858 2850
3 2851 2852 2859
3 2859 2852 2860
3 2859 2533 2523
3 2859 2523 2851
3 2856 2854 2861
3 2856 2861 2862
3 2535 2861 2527
3 2527 2861 2854
3 2857 2537 2530
3 2863 2537 2857
3 2538 2858 2531
3 2538 2864 2858
3 2859 2860 2865
3 2865 2860 2866
3 2865 2540 2533
3 2865 2533 2859
3 2862 2861 2867
3 2862 2867 2868
3 2542 2867 2535
3 2535 2867 2861
3 2870 2544 2869
3 2544 2863 2869
3 2544 2537 2863
3 2871 2870 2869
3 2545 2864 2538
3 2545 2872 2864
3 2865 2866 2873
3 2873 2866 2874
3 2873 2547 2540
3 2873 2540 2865
3 2868 2867 2875
3 2868 2875 2876
3 2549 2875 2542
3 2542 2875 2867
3 2877 2550 2870
3 2870 2550 2544
3 2870 2871 2878
3 2870 2878 2877
3 2545 2551 2879
3 2880 2545 2879
3 2872 2545 2880
3 2553 2879 2551
3 2873 2874 2881
3 2881 2874 2882
3 2881 2555 2547
3 2881 2547 2873
3 2876 2875 2883
3 2876 2883 2884
3 2557 2883 2549
3 2549 2883 2875
3 2885 2558 2877
3 2877 2558 2550
3 2877 2878 2886
3 2877 2886 2885
3 2880 2879 2887
3 2880 2887 2888
3 2560 2887 2553
3 2553 2887 2879
3 2882 2889 2881
3 2555 2881 2889
3 2890 2555 2889
3 2562 2555 2890
3 2884 2883 2891
3 2884 2891 2892
3 2564 2891 2557
3 2557 2891 2883
3 2885 2565 2558
3 2567 2565 2885
3 2886 2567 2885
3 2893 2567 2886
3 2888 2887 2894
3 2888 2894 2895
3 2568 2894 2560
3 2560 2894 2887
3 2890 2570 2562
3 2896 2570 2890
3 2892 2891 2897
3 2892 2897 2898
3 2572 2897 2564
3 2564 2897 2891
3 2900 2574 2899
3 2574 2893 2899
3 2574 2567 2893
3 2901 2900 2899
3 2895 2894 2902
3 2895 2902 2903
3 2575 2902 2568
3 2568 2902 2894
3 2906 2905 2904
3 2896 2906 2904
3 2577 2896 2904
3 2570 2896 2577
3 2898 2897 2907
3 2898 2907 2908
3 2579 2907 2572
3 2572 2907 2897
3 2909 2581 2900
3 2900 2581 2574
3 2900 2901 2910
3 2911 2900 2910
3 2909 2900 2911
3 2911 2910 2903
3 2902 2911 2903
3 2912 2911 2902
3 2582 2912 2575
3 2575 2912 2902
3 2904 2905 2913
3 2913 2905 2914
3 2913 2584 2577
3 2913 2577 2904
3 2908 2907 2915
3 2908 2915 2916
3 2586 2915 2579
3 2579 2915 2907
3 2917 2587 2909
3 2909 2587 2581
3 2918 2909 2911
3 2917 2909 2918
3 2919 2911 2912
3 2918 2911 2919
3 2588 2919 2582
3 2582 2919 2912
3 2913 2914 2920
3 2920 2914 2921
3 2920 2590 2584
3 2920 2584 2913
3 2922 2916 2915
3 2924 2922 2923
3 2923 2922 2591
3 2922 2915 2591
3 2915 2586 2591
3 2592 2923 2591
3 2917 2593 2587
3 2593 2917 2595
3 2917 2925 2595
3 2917 2918 2925
3 2926 2918 2919
3 2925 2918 2926
3 2596 2926 2588
3 2588 2926 2919
3 2920 2921 2927
3 2927 2921 2928
3 2927 2598 2590
3 2927 2590 2920
3 2929 2924 2923
3 2931 2929 2930
3 2930 2929 2599
3 2929 2923 2599
3 2923 2592 2599
3 2600 2930 2599
3 2932 2602 2925
3 2925 2602 2595
3 2933 2925 2926
3 2932 2925 2933
3 2603 2934 2596
3 2934 2926 2596
3 2934 2933 2926
3 2604 2934 2603
3 2927 2928 2935
3 2935 2928 2936
3 2935 2606 2598
3 2935 2598 2927
3 2937 2931 2930
3 2930 2600 2937
3 2600 2938 2937
3 2600 2609 2938
3 2939 2610 2932
3 2932 2610 2602
3 2940 2932 2933
3 2939 2932 2940
3 2941 2933 2934
3 2940 2933 2941
3 2611 2941 2604
3 2604 2941 2934
3 2936 2942 2935
3 2942 2944 2943
3 2942 2943 2612
3 2935 2942 2612
3 2606 2935 2612
3 2945 2613 2612
3 2945 2612 2943
3 2946 2614 2613
3 2946 2613 2945
3 2946 2615 2614
3 2617 2938 2609
3 2617 2947 2938
3 2939 2618 2610
3 2618 2939 2620
3 2939 2948 2620
3 2939 2940 2948
3 2949 2940 2941
3 2948 2940 2949
3 2621 2949 2611
3 2611 2949 2941
3 2944 2950 2943
3 2943 2950 2945
3 2945 2950 2951
3 2953 2952 2951
3 2952 2945 2951
3 2952 2946 2945
3 2952 2622 2615
3 2952 2615 2946
3 2956 2955 2954
3 2955 2947 2954
3 2947 2624 2954
3 2947 2617 2624
3 2957 2626 2948
3 2948 2626 2620
3 2958 2948 2949
3 2957 2948 2958
3 2627 2958 2621
3 2621 2958 2949
3 2952 2953 2630
3 2953 2629 2630
3 2953 2959 2629
3 2952 2630 2622
3 2956 2954 2632
3 2633 2956 2632
3 2960 2956 2633
3 2632 2954 2624
3 2961 2634 2957
3 2957 2634 2626
3 2962 2957 2958
3 2961 2957 2962
3 2635 2962 2627
3 2627 2962 2958
3 2965 2964 2963
3 2959 2965 2963
3 2637 2959 2963
3 2629 2959 2637
3 2968 2967 2966
3 2967 2960 2966
3 2960 2638 2966
3 2960 2633 2638
3 2969 2639 2961
3 2961 2639 2634
3 2970 2961 2962
3 2969 2961 2970
3 2640 2970 2635
3 2635 2970 2962
3 2973 2972 2971
3 2973 2971 2964
3 2964 2971 2963
3 2971 2642 2963
3 2642 2643 2963
3 2963 2643 2637
3 2968 2966 2645
3 2646 2968 2645
3 2974 2968 2646
3 2645 2966 2638
3 2975 2647 2969
3 2969 2647 2639
3 2976 2969 2970
3 2975 2969 2976
3 2649 2976 2640
3 2640 2976 2970
3 2971 2972 2977
3 2977 2972 2978
3 2977 2651 2642
3 2977 2642 2971
3 2981 2980 2979
3 2980 2974 2979
3 2974 2653 2979
3 2974 2646 2653
3 2982 2654 2975
3 2975 2654 2647
3 2983 2975 2976
3 2982 2975 2983
3 2656 2983 2649
3 2649 2983 2976
3 2977 2978 2984
3 2984 2978 2985
3 2984 2658 2651
3 2984 2651 2977
3 2981 2979 2986
3 2981 2986 2987
3 2660 2986 2653
3 2653 2986 2979
3 2988 2661 2982
3 2982 2661 2654
3 2989 2982 2983
3 2988 2982 2989
3 2663 2989 2656
3 2656 2989 2983
3 2984 2985 2666
3 2985 2665 2666
3 2985 2990 2665
3 2984 2666 2658
3 2987 2986 2991
3 2987 2991 2992
3 2668 2991 2660
3 2660 2991 2986
3 2993 2669 2988
3 2988 2669 2661
3 2994 2988 2989
3 2993 2988 2994
3 2671 2994 2663
3 2663 2994 2989
3 2990 2673 2665
3 2995 2673 2990
3 2992 2991 2996
3 2992 2996 2997
3 2675 2996 2668
3 2668 2996 2991
3 2998 2676 2993
3 2993 2676 2669
3 2999 2993 2994
3 2998 2993 2999
3 2677 2999 2671
3 2671 2999 2994
3 2995 2679 2673
3 3000 2679 2995
3 2997 2996 3001
3 2997 3001 3002
3 2681 3001 2675
3 2675 3001 2996
3 3003 2682 2998
3 2998 2682 2676
3 3004 2998 2999
3 3003 2998 3004
3 2683 3004 2677
3 2677 3004 2999
3 2684 2679 3005
3 2679 3006 3005
3 2679 3000 3006
3 3005 2686 2684
3 3007 3002 3001
3 3001 2681 3007
3 2681 3008 3007
3 2681 2688 3008
3 3009 2689 3003
3 3003 2689 2682
3 3010 3003 3004
3 3009 3003 3010
3 2690 3010 2683
3 2683 3010 3004
3 3005 3006 3011
3 3011 3006 3012
3 3011 2692 2686
3 3011 2686 3005
3 2688 2693 3013
3 3014 2688 3013
3 3008 2688 3014
3 2694 3013 2693
3 3015 2696 3009
3 3009 2696 2689
3 2699 3015 2698
3 3015 3010 2698
3 3015 3009 3010
3 2698 3010 2690
3 3011 3012 3016
3 3016 3012 3017
3 3016 2701 2692
3 3016 2692 3011
3 3014 3013 3018
3 3014 3018 3019
3 2702 3018 2694
3 2694 3018 3013
3 3020 2704 3015
3 3015 2704 2696
3 2706 3020 2699
3 2699 3020 3015
3 3023 3022 3021
3 3023 3021 3017
3 3017 3021 3016
3 3021 2708 3016
3 2708 2709 3016
3 3016 2709 2701
3 3019 3018 2711
3 2712 3019 2711
3 3024 3019 2712
3 2711 3018 2702
3 3025 2714 3020
3 3020 2714 2704
3 2715 3025 2706
3 2706 3025 3020
3 3021 3022 3026
3 3026 3022 3027
3 3026 2717 2708
3 3026 2708 3021
3 3030 3029 3028
3 3029 3024 3028
3 3024 2719 3028
3 3024 2712 2719
3 3025 2720 2714
3 2720 3025 2715
3 3033 3032 3031
3 3033 3031 3027
3 3027 3031 3026
3 3031 2722 3026
3 2722 2723 3026
3 3026 2723 2717
3 3030 3028 2725
3 2726 3030 2725
3 3034 3030 2726
3 2725 3028 2719
3 3032 3035 3031
3 2722 3031 3035
3 3036 2722 3035
3 2728 2722 3036
3 3039 3038 3037
3 3038 3034 3037
3 3034 2729 3037
3 3034 2726 2729
3 3036 3040 2728
3 2728 3040 2730
3 2730 3041 2731
3 3040 3041 2730
3 2731 3042 2732
3 3041 3042 2731
3 3037 2733 3039
3 2733 3042 3039
3 2733 2732 3042
3 2733 3037 2729
3 3045 3044 3043
3 2735 2736 3043
3 2736 3045 3043
3 2736 3046 3045
3 3047 2736 2737
3 3047 3046 2736
3 3048 2737 2738
3 3048 3047 2737
3 3049 2738 2739
3 3049 3048 2738
3 2739 2740 3049
3 3049 2740 3050
3 3043 3044 3051
3 3051 3044 3052
3 3051 2741 2735
3 3051 2735 3043
3 3054 3053 2743
3 3054 2743 2744
3 2740 2743 3050
3 3050 2743 3053
3 3051 3052 2747
3 3052 2746 2747
3 3052 3055 2746
3 3051 2747 2741
3 3058 3057 3056
3 3057 3054 3056
3 3054 2748 3056
3 3054 2744 2748
3 3059 2749 2750
3 2752 3059 2750
3 3062 3061 3060
3 3055 3062 3060
3 2755 3055 3060
3 2746 3055 2755
3 3058 3056 2757
3 2758 3058 2757
3 3063 3058 2758
3 2757 3056 2748
3 3064 2759 2760
3 3064 2760 3065
3 2760 3066 3065
3 2760 2761 3066
3 3066 2761 2749
3 3067 3066 2749
3 3059 3067 2749
3 3066 3067 3068
3 2762 3069 2752
3 3069 3059 2752
3 3069 3067 3059
3 2763 3069 2762
3 3060 3061 2767
3 3061 2766 2767
3 3061 3070 2766
3 3060 2767 2755
3 3073 3072 3071
3 3072 3063 3071
3 3063 2768 3071
3 3063 2758 2768
3 3074 2769 2770
3 2759 3064 2770
3 3064 3074 2770
3 3064 3075 3074
3 3064 3065 3076
3 3077 3064 3076
3 3075 3064 3077
3 3077 3076 3068
3 3077 3068 3067
3 2773 3077 3067
3 2772 2773 3067
3 2772 3067 2775
3 2775 3067 3069
3 2775 3069 2763
3 3080 3079 3078
3 3070 3080 3078
3 2777 3070 3078
3 2766 3070 2777
3 3073 3071 2779
3 2780 3073 2779
3 3081 3073 2780
3 2779 3071 2768
3 3082 2781 2782
3 2783 3083 2782
3 2782 3083 3082
3 2784 3083 2783
3 3084 2786 3074
3 3074 2786 2769
3 3085 3074 3075
3 3084 3074 3085
3 2789 3085 2788
3 3085 3077 2788
3 3085 3075 3077
3 2788 3077 2773
3 3088 3087 3086
3 3088 3086 3079
3 3079 3086 3078
3 3086 2792 3078
3 2792 2793 3078
3 3078 2793 2777
3 3091 3090 3089
3 3090 3081 3089
3 3081 2795 3089
3 3081 2780 2795
3 3092 2796 2797
3 3093 3092 2797
3 3093 2797 2781
3 3094 3093 2781
3 3082 3094 2781
3 3094 3082 3083
3 3094 3083 3095
3 3095 3083 2784
3 2798 3095 2784
3 3096 3095 2798
3 2798 2800 3096
3 3096 2800 3097
3 3084 2802 2786
3 2802 3084 2804
3 2804 3084 3085
3 2804 3085 2789
3 3086 3087 3098
3 3098 3087 3099
3 3098 2806 2792
3 3098 2792 3086
3 3091 3089 3100
3 3091 3100 3101
3 2807 3100 2795
3 2795 3100 3089
3 3102 2808 3092
3 3092 2808 2796
3 3092 3093 3103
3 3092 3103 3102
3 2810 3097 2800
3 2810 3104 3097
3 3107 3106 3105
3 3107 3105 3099
3 3099 3105 3098
3 3105 2812 3098
3 2812 2813 3098
3 3098 2813 2806
3 3110 3109 3108
3 3108 3109 3101
3 3108 3101 3100
3 2816 3108 3100
3 2815 2816 3100
3 2815 3100 2807
3 3102 2817 2808
3 2819 2817 3102
3 3103 2819 3102
3 3111 2819 3103
3 2820 3104 2810
3 2820 3112 3104
3 3105 3106 3113
3 3113 3106 3114
3 3113 2822 2812
3 3113 2812 3105
3 3110 3108 2824
3 2825 3110 2824
3 3115 3110 2825
3 2824 3108 2816
3 3117 2827 3116
3 2827 3111 3116
3 2827 2819 3111
3 3118 3117 3116
3 2828 3112 2820
3 2828 3119 3112
3 3122 3121 3120
3 3122 3120 3114
3 3114 3120 3113
3 3120 2830 3113
3 2830 2831 3113
3 3113 2831 2822
3 3125 3124 3123
3 3124 3115 3123
3 3115 2833 3123
3 3115 2825 2833
3 3126 2835 3117
3 3117 2835 2827
3 3117 3118 3127
3 3117 3127 3126
3 2836 3119 2828
3 2836 3128 3119
3 3120 3121 3129
3 3129 3121 3130
3 3129 2838 2830
3 3129 2830 3120
3 3125 3123 3131
3 3125 3131 3132
3 2840 3131 2833
3 2833 3131 3123
3 3133 2842 3126
3 3126 2842 2835
3 3126 3127 3134
3 3126 3134 3133
3 2843 3128 2836
3 2843 3135 3128
3 3129 3130 3136
3 3136 3130 3137
3 3136 2845 2838
3 3136 2838 3129
3 3132 3131 3138
3 3132 3138 3139
3 2847 3138 2840
3 2840 3138 3131
3 3140 2849 3133
3 3133 2849 2842
3 3133 3134 3141
3 3133 3141 3140
3 2850 3135 2843
3 2850 3142 3135
3 3145 3144 3143
3 3145 3143 3137
3 3137 3143 3136
3 3143 2852 3136
3 2852 2853 3136
3 3136 2853 2845
3 3139 3138 2855
3 2856 3139 2855
3 3146 3139 2856
3 2855 3138 2847
3 3147 2857 3140
3 3140 2857 2849
3 3140 3141 3148
3 3149 3140 3148
3 3147 3140 3149
3 3150 3149 3148
3 2858 3142 2850
3 2858 3151 3142
3 3143 3144 3152
3 3152 3144 3153
3 3152 2860 2852
3 3152 2852 3143
3 3156 3155 3154
3 3155 3146 3154
3 3146 2862 3154
3 3146 2856 2862
3 3157 2863 3147
3 3147 2863 2857
3 3158 3147 3149
3 3157 3147 3158
3 3149 3150 3159
3 3160 3149 3159
3 3158 3149 3160
3 3159 3151 3160
3 3151 2864 3160
3 3151 2858 2864
3 3152 3153 3161
3 3161 3153 3162
3 3161 2866 2860
3 3161 2860 3152
3 3156 3154 3163
3 3156 3163 3164
3 2868 3163 2862
3 2862 3163 3154
3 3157 2869 2863
3 2869 3157 2871
3 3157 3165 2871
3 3157 3158 3165
3 3166 3158 3160
3 3165 3158 3166
3 2872 3166 2864
3 2864 3166 3160
3 3161 3162 3167
3 3167 3162 3168
3 3167 2874 2866
3 3167 2866 3161
3 3164 3163 3169
3 3164 3169 3170
3 2876 3169 2868
3 2868 3169 3163
3 3171 2878 3165
3 3165 2878 2871
3 3172 3165 3166
3 3171 3165 3172
3 2880 3172 2872
3 2872 3172 3166
3 3168 3173 3167
3 2874 3167 3173
3 3174 2874 3173
3 2882 2874 3174
3 3170 3169 3175
3 3170 3175 3176
3 2884 3175 2876
3 2876 3175 3169
3 3177 2886 3171
3 3171 2886 2878
3 3178 3171 3172
3 3177 3171 3178
3 2888 3178 2880
3 2880 3178 3172
3 2889 2882 3179
3 2882 3180 3179
3 2882 3174 3180
3 3179 2890 2889
3 3176 3175 3181
3 3176 3181 3182
3 2892 3181 2884
3 2884 3181 3175
3 3183 2893 3177
3 3177 2893 2886
3 3184 3177 3178
3 3183 3177 3184
3 2895 3184 2888
3 2888 3184 3178
3 3179 3180 3185
3 3185 3180 3186
3 3185 2896 2890
3 3185 2890 3179
3 3182 3181 3187
3 3182 3187 3188
3 2898 3187 2892
3 2892 3187 3181
3 3183 2899 2893
3 2899 3183 2901
3 3183 3189 2901
3 3183 3184 3189
3 2903 3189 2895
3 2895 3189 3184
3 3185 3186 2906
3 3186 2905 2906
3 3186 3190 2905
3 3185 2906 2896
3 3188 3187 3191
3 3188 3191 3192
3 2908 3191 2898
3 2898 3191 3187
3 3189 2910 2901
3 2910 3189 2903
3 3190 2914 2905
3 3193 2914 3190
3 3194 3192 3191
3 3191 2908 3194
3 2908 3195 3194
3 2908 2916 3195
3 3198 3197 3196
3 3193 3198 3196
3 2921 3193 3196
3 2914 3193 2921
3 2916 2922 3199
3 3200 2916 3199
3 3195 2916 3200
3 2924 3199 2922
3 3196 3197 3201
3 3201 3197 3202
3 3201 2928 2921
3 3201 2921 3196
3 3203 3200 3199
3 3203 3199 2924
3 2929 3203 2924
3 3204 3203 2929
3 2929 2931 3204
3 3204 2931 3205
3 3202 3206 3201
3 2928 3201 3206
3 3207 2928 3206
3 2936 2928 3207
3 2931 2937 3208
3 3209 2931 3208
3 3205 2931 3209
3 2938 3208 2937
3 2942 2936 3210
3 2936 3211 3210
3 2936 3207 3211
3 3210 2944 2942
3 3209 3208 3212
3 3209 3212 3213
3 2947 3212 2938
3 2938 3212 3208
3 3211 3214 3210
3 3210 3214 2944
3 3214 2950 2944
3 3214 3215 2950
3 2950 3216 2951
3 3215 3216 2950
3 2953 2951 3216
3 2953 3216 3217
3 3213 3212 2955
3 2956 3213 2955
3 3218 3213 2956
3 2955 3212 2947
3 3221 3220 3219
3 3217 3221 3219
3 2959 3217 3219
3 2953 3217 2959
3 3224 3223 3222
3 3223 3218 3222
3 3218 2960 3222
3 3218 2956 2960
3 3227 3226 3225
3 3227 3225 3220
3 3220 3225 3219
3 3225 2964 3219
3 2964 2965 3219
3 3219 2965 2959
3 3224 3222 2967
3 2968 3224 2967
3 3228 3224 2968
3 2967 3222 2960
3 3225 3226 2973
3 3226 2972 2973
3 3226 3229 2972
3 3225 2973 2964
3 3232 3231 3230
3 3231 3228 3230
3 3228 2974 3230
3 3228 2968 2974
3 3229 2978 2972
3 3233 2978 3229
3 3236 3235 3234
3 3234 3235 3232
3 3234 3232 3230
3 2981 3234 3230
3 2980 2981 3230
3 2980 3230 2974
3 3239 3238 3237
3 3233 3239 3237
3 2985 3233 3237
3 2978 3233 2985
3 3236 3234 3240
3 3236 3240 3241
3 2987 3240 2981
3 2981 3240 3234
3 3237 3238 3242
3 3242 3238 3243
3 3242 2990 2985
3 3242 2985 3237
3 3241 3240 3244
3 3241 3244 3245
3 2992 3244 2987
3 2987 3244 3240
3 3242 3243 3246
3 3246 3243 3247
3 3246 2995 2990
3 3246 2990 3242
3 3245 3244 3248
3 3245 3248 3249
3 2997 3248 2992
3 2992 3248 3244
3 3246 3247 3250
3 3250 3247 3251
3 3250 3000 2995
3 3250 2995 3246
3 3252 3249 3248
3 3248 2997 3252
3 2997 3253 3252
3 2997 3002 3253
3 3250 3251 3254
3 3254 3251 3255
3 3254 3006 3000
3 3254 3000 3250
3 3002 3007 3256
3 3257 3002 3256
3 3253 3002 3257
3 3008 3256 3007
3 3254 3255 3258
3 3258 3255 3259
3 3258 3012 3006
3 3258 3006 3254
3 3260 3257 3256
3 3256 3008 3260
3 3008 3261 3260
3 3008 3014 3261
3 3258 3259 3262
3 3262 3259 3263
3 3262 3017 3012
3 3262 3012 3258
3 3019 3261 3014
3 3019 3264 3261
3 3262 3263 3023
3 3263 3022 3023
3 3263 3265 3022
3 3262 3023 3017
3 3268 3267 3266
3 3267 3264 3266
3 3264 3024 3266
3 3264 3019 3024
3 3271 3270 3269
3 3265 3271 3269
3 3027 3265 3269
3 3022 3265 3027
3 3268 3266 3029
3 3030 3268 3029
3 3272 3268 3030
3 3029 3266 3024
3 3269 3270 3033
3 3270 3032 3033
3 3270 3273 3032
3 3269 3033 3027
3 3276 3275 3274
3 3275 3272 3274
3 3272 3034 3274
3 3272 3030 3034
3 3273 3277 3032
3 3032 3277 3035
3 3279 3278 3036
3 3035 3279 3036
3 3277 3279 3035
3 3281 3280 3278
3 3281 3278 3279
3 3283 3282 3280
3 3283 3280 3281
3 3282 3283 3276
3 3282 3276 3274
3 3039 3282 3274
3 3038 3039 3274
3 3038 3274 3034
3 3278 3040 3036
3 3040 3278 3041
3 3041 3278 3280
3 3041 3280 3042
3 3042 3280 3282
3 3042 3282 3039
3 3286 3285 3284
3 3284 3287 3286
3 3289 3288 3045
3 3045 3288 3044
3 3046 3284 3285
3 3289 3046 3285
3 3045 3046 3289
3 3290 3287 3284
3 3046 3290 3284
3 3047 3290 3046
3 3291 3047 3048
3 3291 3290 3047
3 3293 3291 3292
3 3291 3049 3292
3 3291 3048 3049
3 3050 3292 3049
3 3296 3295 3294
3 3288 3296 3294
3 3052 3288 3294
3 3044 3288 3052
3 3293 3292 3053
3 3054 3293 3053
3 3297 3293 3054
3 3053 3292 3050
3 3294 3295 3298
3 3298 3295 3299
3 3298 3055 3052
3 3298 3052 3294
3 3301 3300 3057
3 3301 3057 3058
3 3054 3057 3297
3 3297 3057 3300
3 3298 3299 3062
3 3299 3061 3062
3 3299 3302 3061
3 3298 3062 3055
3 3305 3304 3303
3 3304 3301 3303
3 3301 3063 3303
3 3301 3058 3063
3 3306 3065 3066
3 3068 3306 3066
3 3309 3308 3307
3 3302 3309 3307
3 3070 3302 3307
3 3061 3302 3070
3 3305 3303 3072
3 3073 3305 3072
3 3310 3305 3073
3 3072 3303 3063
3 3306 3076 3065
3 3076 3306 3068
3 3313 3312 3311
3 3313 3311 3308
3 3308 3311 3307
3 3311 3079 3307
3 3079 3080 3307
3 3307 3080 3070
3 3316 3315 3314
3 3315 3310 3314
3 3310 3081 3314
3 3310 3073 3081
3 3319 3318 3317
3 3319 3317 3312
3 3312 3317 3311
3 3317 3087 3311
3 3087 3088 3311
3 3311 3088 3079
3 3316 3314 3090
3 3091 3316 3090
3 3320 3316 3091
3 3090 3314 3081
3 3321 3093 3094
3 3095 3322 3094
3 3094 3322 3321
3 3096 3323 3095
3 3095 3323 3322
3 3097 3323 3096
3 3317 3318 3324
3 3324 3318 3325
3 3324 3099 3087
3 3324 3087 3317
3 3328 3327 3326
3 3327 3320 3326
3 3320 3101 3326
3 3320 3091 3101
3 3329 3103 3321
3 3321 3103 3093
3 3330 3321 3322
3 3329 3321 3330
3 3331 3322 3323
3 3330 3322 3331
3 3104 3331 3097
3 3097 3331 3323
3 3334 3333 3332
3 3334 3332 3325
3 3325 3332 3324
3 3332 3106 3324
3 3106 3107 3324
3 3324 3107 3099
3 3337 3336 3335
3 3335 3336 3328
3 3335 3328 3326
3 3110 3335 3326
3 3109 3110 3326
3 3109 3326 3101
3 3338 3111 3329
3 3329 3111 3103
3 3339 3329 3330
3 3338 3329 3339
3 3340 3330 3331
3 3339 3330 3340
3 3112 3340 3104
3 3104 3340 3331
3 3332 3333 3341
3 3341 3333 3342
3 3341 3114 3106
3 3341 3106 3332
3 3337 3335 3343
3 3337 3343 3344
3 3115 3343 3110
3 3110 3343 3335
3 3338 3116 3111
3 3116 3338 3118
3 3338 3345 3118
3 3338 3339 3345
3 3346 3339 3340
3 3345 3339 3346
3 3119 3346 3112
3 3112 3346 3340
3 3341 3342 3122
3 3342 3121 3122
3 3342 3347 3121
3 3341 3122 3114
3 3350 3349 3348
3 3348 3349 3344
3 3348 3344 3343
3 3125 3348 3343
3 3124 3125 3343
3 3124 3343 3115
3 3351 3127 3345
3 3345 3127 3118
3 3352 3345 3346
3 3351 3345 3352
3 3128 3352 3119
3 3119 3352 3346
3 3355 3354 3353
3 3347 3355 3353
3 3130 3347 3353
3 3121 3347 3130
3 3350 3348 3356
3 3350 3356 3357
3 3132 3356 3125
3 3125 3356 3348
3 3358 3134 3351
3 3351 3134 3127
3 3359 3351 3352
3 3358 3351 3359
3 3135 3359 3128
3 3128 3359 3352
3 3353 3354 3360
3 3360 3354 3361
3 3360 3137 3130
3 3360 3130 3353
3 3357 3356 3362
3 3357 3362 3363
3 3139 3362 3132
3 3132 3362 3356
3 3364 3141 3358
3 3358 3141 3134
3 3365 3358 3359
3 3364 3358 3365
3 3142 3365 3135
3 3135 3365 3359
3 3360 3361 3145
3 3361 3144 3145
3 3361 3366 3144
3 3360 3145 3137
3 3363 3362 3367
3 3363 3367 3368
3 3146 3367 3139
3 3139 3367 3362
3 3364 3148 3141
3 3148 3364 3150
3 3364 3369 3150
3 3364 3365 3369
3 3151 3369 3142
3 3142 3369 3365
3 3372 3371 3370
3 3366 3372 3370
3 3153 3366 3370
3 3144 3366 3153
3 3368 3367 3155
3 3156 3368 3155
3 3373 3368 3156
3 3155 3367 3146
3 3369 3159 3150
3 3159 3369 3151
3 3370 3371 3374
3 3374 3371 3375
3 3374 3162 3153
3 3374 3153 3370
3 3164 3373 3156
3 3164 3376 3373
3 3375 3377 3374
3 3162 3374 3377
3 3378 3162 3377
3 3168 3162 3378
3 3170 3376 3164
3 3170 3379 3376
3 3173 3168 3380
3 3168 3381 3380
3 3168 3378 3381
3 3380 3174 3173
3 3176 3379 3170
3 3176 3382 3379
3 3380 3381 3383
3 3383 3381 3384
3 3383 3180 3174
3 3383 3174 3380
3 3182 3382 3176
3 3182 3385 3382
3 3383 3384 3386
3 3386 3384 3387
3 3386 3186 3180
3 3386 3180 3383
3 3188 3385 3182
3 3188 3388 3385
3 3386 3387 3389
3 3389 3387 3390
3 3389 3190 3186
3 3389 3186 3386
3 3192 3388 3188
3 3192 3391 3388
3 3389 3390 3392
3 3392 3390 3393
3 3392 3193 3190
3 3392 3190 3389
3 3192 3194 3394
3 3395 3192 3394
3 3391 3192 3395
3 3195 3394 3194
3 3392 3393 3198
3 3393 3197 3198
3 3393 3396 3197
3 3392 3198 3193
3 3395 3394 3397
3 3395 3397 3398
3 3200 3397 3195
3 3195 3397 3394
3 3396 3202 3197
3 3399 3202 3396
3 3400 3398 3397
3 3400 3397 3200
3 3203 3400 3200
3 3401 3400 3203
3 3403 3401 3402
3 3401 3204 3402
3 3401 3203 3204
3 3205 3402 3204
3 3206 3202 3404
3 3202 3405 3404
3 3202 3399 3405
3 3404 3207 3206
3 3406 3403 3402
3 3402 3205 3406
3 3205 3407 3406
3 3205 3209 3407
3 3405 3408 3404
3 3207 3404 3408
3 3409 3207 3408
3 3211 3207 3409
3 3213 3407 3209
3 3213 3410 3407
3 3409 3411 3211
3 3211 3411 3214
3 3411 3413 3412
3 3215 3411 3412
3 3214 3411 3215
3 3414 3216 3215
3 3414 3215 3412
3 3414 3217 3216
3 3218 3410 3213
3 3218 3415 3410
3 3413 3416 3412
3 3417 3220 3221
3 3412 3417 3221
3 3414 3412 3221
3 3416 3417 3412
3 3414 3221 3217
3 3419 3418 3223
3 3419 3223 3224
3 3218 3223 3415
3 3415 3223 3418
3 3421 3420 3227
3 3227 3420 3226
3 3227 3220 3417
3 3227 3417 3421
3 3228 3419 3224
3 3228 3422 3419
3 3420 3229 3226
3 3423 3229 3420
3 3426 3425 3424
3 3231 3232 3424
3 3425 3231 3424
3 3427 3231 3425
3 3228 3231 3422
3 3422 3231 3427
3 3430 3429 3428
3 3423 3430 3428
3 3233 3423 3428
3 3229 3423 3233
3 3426 3424 3235
3 3236 3426 3235
3 3431 3426 3236
3 3235 3424 3232
3 3428 3429 3239
3 3429 3238 3239
3 3429 3432 3238
3 3428 3239 3233
3 3241 3431 3236
3 3241 3433 3431
3 3432 3243 3238
3 3434 3243 3432
3 3245 3433 3241
3 3245 3435 3433
3 3434 3247 3243
3 3436 3247 3434
3 3249 3435 3245
3 3249 3437 3435
3 3436 3251 3247
3 3438 3251 3436
3 3249 3252 3439
3 3440 3249 3439
3 3437 3249 3440
3 3253 3439 3252
3 3438 3255 3251
3 3441 3255 3438
3 3442 3440 3439
3 3439 3253 3442
3 3253 3443 3442
3 3253 3257 3443
3 3441 3259 3255
3 3444 3259 3441
3 3257 3260 3445
3 3446 3257 3445
3 3443 3257 3446
3 3261 3445 3260
3 3444 3263 3259
3 3447 3263 3444
3 3446 3445 3448
3 3446 3448 3449
3 3264 3448 3261
3 3261 3448 3445
3 3447 3265 3263
3 3450 3265 3447
3 3449 3448 3267
3 3268 3449 3267
3 3451 3449 3268
3 3267 3448 3264
3 3453 3452 3271
3 3271 3452 3270
3 3271 3265 3450
3 3271 3450 3453
3 3456 3455 3454
3 3455 3451 3454
3 3451 3272 3454
3 3451 3268 3272
3 3452 3273 3270
3 3457 3273 3452
3 3460 3459 3458
3 3458 3459 3456
3 3458 3456 3454
3 3276 3458 3454
3 3275 3276 3454
3 3275 3454 3272
3 3457 3461 3273
3 3273 3461 3277
3 3277 3462 3279
3 3461 3462 3277
3 3279 3463 3281
3 3462 3463 3279
3 3458 3283 3460
3 3283 3463 3460
3 3283 3281 3463
3 3283 3458 3276
3 3466 3465 3464
3 3285 3286 3464
3 3286 3466 3464
3 3286 3467 3466
3 3469 3468 3287
3 3468 3286 3287
3 3468 3467 3286
3 3469 3470 3468
3 3473 3472 3471
3 3473 3471 3465
3 3465 3471 3464
3 3471 3288 3464
3 3288 3289 3464
3 3464 3289 3285
3 3290 3469 3287
3 3474 3470 3469
3 3290 3474 3469
3 3291 3474 3290
3 3291 3293 3474
3 3474 3293 3475
3 3471 3472 3296
3 3472 3295 3296
3 3472 3476 3295
3 3471 3296 3288
3 3479 3478 3477
3 3478 3475 3477
3 3475 3297 3477
3 3475 3293 3297
3 3476 3299 3295
3 3480 3299 3476
3 3483 3482 3481
3 3481 3482 3479
3 3481 3479 3477
3 3301 3481 3477
3 3300 3301 3477
3 3300 3477 3297
3 3486 3485 3484
3 3480 3486 3484
3 3302 3480 3484
3 3299 3480 3302
3 3483 3481 3304
3 3305 3483 3304
3 3487 3483 3305
3 3304 3481 3301
3 3490 3489 3488
3 3490 3488 3485
3 3485 3488 3484
3 3488 3308 3484
3 3308 3309 3484
3 3484 3309 3302
3 3493 3492 3491
3 3492 3487 3491
3 3487 3310 3491
3 3487 3305 3310
3 3496 3495 3494
3 3496 3494 3489
3 3489 3494 3488
3 3494 3312 3488
3 3312 3313 3488
3 3488 3313 3308
3 3493 3491 3315
3 3316 3493 3315
3 3497 3493 3316
3 3315 3491 3310
3 3494 3495 3319
3 3495 3318 3319
3 3495 3498 3318
3 3494 3319 3312
3 3501 3500 3499
3 3500 3497 3499
3 3497 3320 3499
3 3497 3316 3320
3 3504 3503 3502
3 3498 3504 3502
3 3325 3498 3502
3 3318 3498 3325
3 3507 3506 3505
3 3505 3506 3501
3 3505 3501 3499
3 3328 3505 3499
3 3327 3328 3499
3 3327 3499 3320
3 3502 3503 3334
3 3503 3333 3334
3 3503 3508 3333
3 3502 3334 3325
3 3511 3510 3509
3 3509 3510 3507
3 3509 3507 3505
3 3337 3509 3505
3 3336 3337 3505
3 3336 3505 3328
3 3514 3513 3512
3 3508 3514 3512
3 3342 3508 3512
3 3333 3508 3342
3 3511 3509 3515
3 3511 3515 3516
3 3344 3515 3337
3 3337 3515 3509
3 3512 3513 3517
3 3517 3513 3518
3 3517 3347 3342
3 3517 3342 3512
3 3521 3520 3519
3 3519 3520 3516
3 3519 3516 3515
3 3350 3519 3515
3 3349 3350 3515
3 3349 3515 3344
3 3524 3523 3522
3 3524 3522 3518
3 3518 3522 3517
3 3522 3354 3517
3 3354 3355 3517
3 3517 3355 3347
3 3521 3519 3525
3 3521 3525 3526
3 3357 3525 3350
3 3350 3525 3519
3 3522 3523 3527
3 3527 3523 3528
3 3527 3361 3354
3 3527 3354 3522
3 3526 3525 3529
3 3526 3529 3530
3 3363 3529 3357
3 3357 3529 3525
3 3527 3528 3531
3 3531 3528 3532
3 3531 3366 3361
3 3531 3361 3527
3 3530 3529 3533
3 3530 3533 3534
3 3368 3533 3363
3 3363 3533 3529
3 3531 3532 3372
3 3532 3371 3372
3 3532 3535 3371
3 3531 3372 3366
3 3534 3533 3536
3 3534 3536 3537
3 3373 3536 3368
3 3368 3536 3533
3 3535 3375 3371
3 3538 3375 3535
3 3537 3536 3539
3 3537 3539 3540
3 3376 3539 3373
3 3373 3539 3536
3 3377 3375 3541
3 3375 3542 3541
3 3375 3538 3542
3 3541 3378 3377
3 3540 3539 3543
3 3540 3543 3544
3 3379 3543 3376
3 3376 3543 3539
3 3541 3542 3545
3 3545 3542 3546
3 3545 3381 3378
3 3545 3378 3541
3 3544 3543 3547
3 3544 3547 3548
3 3382 3547 3379
3 3379 3547 3543
3 3546 3549 3545
3 3381 3545 3549
3 3550 3381 3549
3 3384 3381 3550
3 3548 3547 3551
3 3548 3551 3552
3 3385 3551 3382
3 3382 3551 3547
3 3550 3387 3384
3 3553 3387 3550
3 3552 3551 3554
3 3552 3554 3555
3 3388 3554 3385
3 3385 3554 3551
3 3553 3390 3387
3 3556 3390 3553
3 3555 3554 3557
3 3555 3557 3558
3 3391 3557 3388
3 3388 3557 3554
3 3556 3393 3390
3 3559 3393 3556
3 3558 3557 3560
3 3558 3560 3561
3 3395 3560 3391
3 3391 3560 3557
3 3559 3396 3393
3 3562 3396 3559
3 3561 3560 3563
3 3561 3563 3564
3 3398 3563 3395
3 3395 3563 3560
3 3562 3399 3396
3 3565 3399 3562
3 3566 3564 3563
3 3566 3563 3398
3 3400 3566 3398
3 3567 3566 3400
3 3569 3567 3568
3 3567 3401 3568
3 3567 3400 3401
3 3403 3568 3401
3 3565 3405 3399
3 3570 3405 3565
3 3571 3569 3568
3 3571 3568 3403
3 3406 3571 3403
3 3572 3571 3406
3 3406 3407 3572
3 3572 3407 3573
3 3570 3574 3405
3 3405 3574 3408
3 3409 3408 3574
3 3409 3574 3575
3 3410 3573 3407
3 3410 3576 3573
3 3411 3409 3577
3 3409 3578 3577
3 3409 3575 3578
3 3577 3413 3411
3 3415 3576 3410
3 3415 3579 3576
3 3578 3580 3577
3 3580 3582 3581
3 3580 3581 3416
3 3577 3580 3416
3 3413 3577 3416
3 3581 3417 3416
3 3584 3583 3418
3 3584 3418 3419
3 3415 3418 3579
3 3579 3418 3583
3 3581 3582 3421
3 3582 3420 3421
3 3582 3585 3420
3 3581 3421 3417
3 3422 3584 3419
3 3422 3586 3584
3 3585 3423 3420
3 3587 3423 3585
3 3589 3588 3425
3 3589 3425 3426
3 3425 3590 3427
3 3588 3590 3425
3 3422 3427 3586
3 3586 3427 3590
3 3592 3591 3430
3 3430 3591 3429
3 3430 3423 3587
3 3430 3587 3592
3 3431 3594 3593
3 3589 3431 3593
3 3426 3431 3589
3 3594 3595 3593
3 3591 3432 3429
3 3596 3432 3591
3 3598 3597 3594
3 3431 3598 3594
3 3433 3598 3431
3 3594 3597 3595
3 3596 3434 3432
3 3599 3434 3596
3 3435 3598 3433
3 3435 3600 3598
3 3599 3436 3434
3 3601 3436 3599
3 3437 3600 3435
3 3437 3602 3600
3 3601 3438 3436
3 3603 3438 3601
3 3440 3605 3604
3 3602 3440 3604
3 3437 3440 3602
3 3605 3606 3604
3 3603 3441 3438
3 3607 3441 3603
3 3442 3605 3440
3 3442 3443 3605
3 3443 3606 3605
3 3443 3608 3606
3 3607 3444 3441
3 3609 3444 3607
3 3612 3611 3610
3 3611 3608 3610
3 3608 3446 3610
3 3608 3443 3446
3 3609 3447 3444
3 3613 3447 3609
3 3612 3610 3614
3 3612 3614 3615
3 3449 3614 3446
3 3446 3614 3610
3 3613 3450 3447
3 3616 3450 3613
3 3615 3614 3617
3 3615 3617 3618
3 3451 3617 3449
3 3449 3617 3614
3 3620 3619 3453
3 3453 3619 3452
3 3453 3450 3616
3 3453 3616 3620
3 3618 3617 3455
3 3456 3618 3455
3 3621 3618 3456
3 3455 3617 3451
3 3619 3457 3452
3 3622 3457 3619
3 3624 3623 3459
3 3624 3459 3460
3 3456 3459 3621
3 3621 3459 3623
3 3622 3625 3457
3 3457 3625 3461
3 3461 3626 3462
3 3625 3626 3461
3 3462 3627 3463
3 3626 3627 3462
3 3460 3463 3624
3 3624 3463 3627
3 3630 3629 3628
3 3465 3466 3628
3 3466 3630 3628
3 3466 3631 3630
3 3632 3466 3467
3 3632 3631 3466
3 3633 3467 3468
3 3633 3632 3467
3 3468 3470 3633
3 3633 3470 3634
3 3628 3629 3473
3 3629 3472 3473
3 3629 3635 3472
3 3628 3473 3465
3 3636 3634 3470
3 3636 3470 3474
3 3474 3475 3636
3 3636 3475 3637
3 3635 3476 3472
3 3638 3476 3635
3 3640 3639 3478
3 3640 3478 3479
3 3475 3478 3637
3 3637 3478 3639
3 3643 3642 3641
3 3638 3643 3641
3 3480 3638 3641
3 3476 3638 3480
3 3645 3644 3482
3 3645 3482 3483
3 3479 3482 3640
3 3640 3482 3644
3 3648 3647 3646
3 3648 3646 3642
3 3642 3646 3641
3 3646 3485 3641
3 3485 3486 3641
3 3641 3486 3480
3 3651 3650 3649
3 3650 3645 3649
3 3645 3487 3649
3 3645 3483 3487
3 3654 3653 3652
3 3654 3652 3647
3 3647 3652 3646
3 3652 3489 3646
3 3489 3490 3646
3 3646 3490 3485
3 3657 3656 3655
3 3655 3656 3651
3 3655 3651 3649
3 3493 3655 3649
3 3492 3493 3649
3 3492 3649 3487
3 3652 3653 3496
3 3653 3495 3496
3 3653 3658 3495
3 3652 3496 3489
3 3657 3655 3659
3 3657 3659 3660
3 3497 3659 3493
3 3493 3659 3655
3 3663 3662 3661
3 3658 3663 3661
3 3498 3658 3661
3 3495 3658 3498
3 3666 3665 3664
3 3664 3665 3660
3 3664 3660 3659
3 3501 3664 3659
3 3500 3501 3659
3 3500 3659 3497
3 3669 3668 3667
3 3669 3667 3662
3 3662 3667 3661
3 3667 3503 3661
3 3503 3504 3661
3 3661 3504 3498
3 3672 3671 3670
3 3670 3671 3666
3 3670 3666 3664
3 3507 3670 3664
3 3506 3507 3664
3 3506 3664 3501
3 3667 3668 3673
3 3673 3668 3674
3 3673 3508 3503
3 3673 3503 3667
3 3677 3676 3675
3 3675 3676 3672
3 3675 3672 3670
3 3511 3675 3670
3 3510 3511 3670
3 3510 3670 3507
3 3680 3679 3678
3 3680 3678 3674
3 3674 3678 3673
3 3678 3513 3673
3 3513 3514 3673
3 3673 3514 3508
3 3683 3682 3681
3 3681 3682 3677
3 3675 3681 3677
3 3684 3681 3675
3 3516 3684 3511
3 3511 3684 3675
3 3678 3679 3685
3 3685 3679 3686
3 3685 3518 3513
3 3685 3513 3678
3 3683 3681 3687
3 3683 3687 3688
3 3521 3687 3520
3 3687 3684 3520
3 3687 3681 3684
3 3520 3684 3516
3 3685 3686 3524
3 3686 3523 3524
3 3686 3689 3523
3 3685 3524 3518
3 3688 3687 3690
3 3688 3690 3691
3 3526 3690 3521
3 3521 3690 3687
3 3694 3693 3692
3 3689 3694 3692
3 3528 3689 3692
3 3523 3689 3528
3 3691 3690 3695
3 3691 3695 3696
3 3530 3695 3526
3 3526 3695 3690
3 3692 3693 3697
3 3697 3693 3698
3 3697 3532 3528
3 3697 3528 3692
3 3696 3695 3699
3 3696 3699 3700
3 3534 3699 3530
3 3530 3699 3695
3 3697 3698 3701
3 3701 3698 3702
3 3701 3535 3532
3 3701 3532 3697
3 3700 3699 3703
3 3700 3703 3704
3 3537 3703 3534
3 3534 3703 3699
3 3701 3702 3705
3 3705 3702 3706
3 3705 3538 3535
3 3705 3535 3701
3 3704 3703 3707
3 3704 3707 3708
3 3540 3707 3537
3 3537 3707 3703
3 3706 3709 3705
3 3538 3705 3709
3 3710 3538 3709
3 3542 3538 3710
3 3708 3707 3711
3 3708 3711 3712
3 3544 3711 3540
3 3540 3711 3707
3 3710 3546 3542
3 3713 3546 3710
3 3712 3711 3714
3 3712 3714 3715
3 3548 3714 3544
3 3544 3714 3711
3 3549 3546 3716
3 3546 3717 3716
3 3546 3713 3717
3 3716 3550 3549
3 3715 3714 3718
3 3715 3718 3719
3 3552 3718 3548
3 3548 3718 3714
3 3716 3717 3720
3 3720 3717 3721
3 3720 3553 3550
3 3720 3550 3716
3 3719 3718 3722
3 3719 3722 3723
3 3555 3722 3552
3 3552 3722 3718
3 3720 3721 3724
3 3724 3721 3725
3 3724 3556 3553
3 3724 3553 3720
3 3723 3722 3726
3 3723 3726 3727
3 3558 3726 3555
3 3555 3726 3722
3 3725 3728 3724
3 3556 3724 3728
3 3729 3556 3728
3 3559 3556 3729
3 3727 3726 3730
3 3727 3730 3731
3 3561 3730 3558
3 3558 3730 3726
3 3729 3562 3559
3 3732 3562 3729
3 3733 3731 3730
3 3730 3561 3733
3 3561 3734 3733
3 3561 3564 3734
3 3732 3565 3562
3 3735 3565 3732
3 3736 3734 3564
3 3736 3564 3566
3 3737 3566 3567
3 3737 3736 3566
3 3567 3569 3737
3 3737 3569 3738
3 3735 3570 3565
3 3739 3570 3735
3 3740 3738 3569
3 3740 3569 3571
3 3742 3740 3741
3 3740 3572 3741
3 3740 3571 3572
3 3573 3741 3572
3 3739 3743 3570
3 3570 3743 3574
3 3575 3574 3743
3 3575 3743 3744
3 3742 3741 3745
3 3742 3745 3746
3 3576 3745 3573
3 3573 3745 3741
3 3744 3578 3575
3 3747 3578 3744
3 3746 3745 3748
3 3746 3748 3749
3 3579 3748 3576
3 3576 3748 3745
3 3747 3750 3578
3 3578 3750 3580
3 3582 3580 3750
3 3582 3750 3751
3 3754 3753 3752
3 3752 3753 3749
3 3752 3749 3748
3 3584 3752 3748
3 3583 3584 3748
3 3583 3748 3579
3 3751 3585 3582
3 3755 3585 3751
3 3754 3752 3756
3 3754 3756 3757
3 3586 3756 3584
3 3584 3756 3752
3 3755 3587 3585
3 3758 3587 3755
3 3760 3759 3588
3 3760 3588 3589
3 3756 3590 3757
3 3590 3759 3757
3 3590 3588 3759
3 3590 3756 3586
3 3761 3591 3592
3 3762 3761 3592
3 3587 3762 3592
3 3758 3762 3587
3 3589 3593 3763
3 3764 3589 3763
3 3760 3589 3764
3 3595 3763 3593
3 3765 3596 3761
3 3761 3596 3591
3 3761 3762 3766
3 3761 3766 3765
3 3764 3763 3597
3 3598 3764 3597
3 3767 3764 3598
3 3597 3763 3595
3 3768 3599 3765
3 3765 3599 3596
3 3765 3766 3769
3 3765 3769 3768
3 3600 3767 3598
3 3600 3770 3767
3 3771 3601 3768
3 3768 3601 3599
3 3768 3769 3772
3 3768 3772 3771
3 3602 3770 3600
3 3602 3773 3770
3 3774 3603 3771
3 3771 3603 3601
3 3771 3772 3775
3 3771 3775 3774
3 3602 3604 3776
3 3777 3602 3776
3 3773 3602 3777
3 3606 3776 3604
3 3778 3607 3774
3 3774 3607 3603
3 3774 3775 3779
3 3774 3779 3778
3 3780 3777 3776
3 3776 3606 3780
3 3606 3781 3780
3 3606 3608 3781
3 3782 3609 3778
3 3778 3609 3607
3 3778 3779 3783
3 3778 3783 3782
3 3612 3784 3611
3 3784 3785 3611
3 3785 3608 3611
3 3785 3781 3608
3 3787 3786 3782
3 3786 3609 3782
3 3786 3613 3609
3 3787 3782 3783
3 3789 3788 3784
3 3612 3789 3784
3 3615 3789 3612
3 3784 3788 3785
3 3786 3616 3613
3 3790 3616 3786
3 3618 3789 3615
3 3618 3791 3789
3 3792 3619 3620
3 3793 3792 3620
3 3616 3793 3620
3 3790 3793 3616
3 3796 3795 3794
3 3795 3791 3794
3 3791 3621 3794
3 3791 3618 3621
3 3798 3797 3792
3 3797 3619 3792
3 3797 3622 3619
3 3798 3792 3793
3 3796 3794 3623
3 3624 3796 3623
3 3799 3796 3624
3 3623 3794 3621
3 3797 3800 3622
3 3622 3800 3625
3 3625 3801 3626
3 3800 3801 3625
3 3626 3802 3627
3 3801 3802 3626
3 3624 3627 3799
3 3799 3627 3802
3 3804 3803 3630
3 3630 3803 3629
3 3805 3630 3631
3 3805 3804 3630
3 3806 3631 3632
3 3806 3805 3631
3 3807 3632 3633
3 3807 3806 3632
3 3633 3634 3807
3 3807 3634 3808
3 3803 3635 3629
3 3809 3635 3803
3 3810 3808 3634
3 3810 3634 3636
3 3636 3637 3810
3 3810 3637 3811
3 3814 3813 3812
3 3809 3814 3812
3 3638 3809 3812
3 3635 3809 3638
3 3817 3816 3815
3 3639 3640 3815
3 3816 3639 3815
3 3818 3639 3816
3 3637 3639 3811
3 3811 3639 3818
3 3821 3820 3819
3 3821 3819 3813
3 3813 3819 3812
3 3819 3642 3812
3 3642 3643 3812
3 3812 3643 3638
3 3824 3823 3822
3 3822 3823 3817
3 3822 3817 3815
3 3645 3822 3815
3 3644 3645 3815
3 3644 3815 3640
3 3827 3826 3825
3 3827 3825 3820
3 3820 3825 3819
3 3825 3647 3819
3 3647 3648 3819
3 3819 3648 3642
3 3830 3829 3828
3 3828 3829 3824
3 3828 3824 3822
3 3651 3828 3822
3 3650 3651 3822
3 3650 3822 3645
3 3825 3826 3654
3 3826 3653 3654
3 3826 3831 3653
3 3825 3654 3647
3 3834 3833 3832
3 3832 3833 3830
3 3832 3830 3828
3 3657 3832 3828
3 3656 3657 3828
3 3656 3828 3651
3 3837 3836 3835
3 3831 3837 3835
3 3658 3831 3835
3 3653 3831 3658
3 3834 3832 3838
3 3834 3838 3839
3 3660 3838 3657
3 3657 3838 3832
3 3842 3841 3840
3 3842 3840 3836
3 3836 3840 3835
3 3840 3662 3835
3 3662 3663 3835
3 3835 3663 3658
3 3845 3844 3843
3 3843 3844 3839
3 3843 3839 3838
3 3666 3843 3838
3 3665 3666 3838
3 3665 3838 3660
3 3840 3841 3669
3 3841 3668 3669
3 3841 3846 3668
3 3840 3669 3662
3 3849 3848 3847
3 3847 3848 3845
3 3847 3845 3843
3 3672 3847 3843
3 3671 3672 3843
3 3671 3843 3666
3 3852 3851 3850
3 3846 3852 3850
3 3674 3846 3850
3 3668 3846 3674
3 3855 3854 3853
3 3853 3854 3849
3 3853 3849 3847
3 3677 3853 3847
3 3676 3677 3847
3 3676 3847 3672
3 3850 3851 3680
3 3851 3679 3680
3 3851 3856 3679
3 3850 3680 3674
3 3859 3858 3857
3 3857 3858 3855
3 3857 3855 3853
3 3683 3857 3853
3 3682 3683 3853
3 3682 3853 3677
3 3862 3861 3860
3 3856 3862 3860
3 3686 3856 3860
3 3679 3856 3686
3 3859 3857 3863
3 3859 3863 3864
3 3688 3863 3683
3 3683 3863 3857
3 3860 3861 3865
3 3865 3861 3866
3 3865 3689 3686
3 3865 3686 3860
3 3864 3863 3867
3 3864 3867 3868
3 3691 3867 3688
3 3688 3867 3863
3 3865 3866 3694
3 3866 3693 3694
3 3866 3869 3693
3 3865 3694 3689
3 3868 3867 3870
3 3868 3870 3871
3 3696 3870 3691
3 3691 3870 3867
3 3869 3698 3693
3 3872 3698 3869
3 3871 3870 3873
3 3871 3873 3874
3 3700 3873 3696
3 3696 3873 3870
3 3872 3702 3698
3 3875 3702 3872
3 3874 3873 3876
3 3874 3876 3877
3 3704 3876 3700
3 3700 3876 3873
3 3875 3706 3702
3 3878 3706 3875
3 3879 3877 3876
3 3876 3704 3879
3 3704 3880 3879
3 3704 3708 3880
3 3709 3706 3881
3 3706 3882 3881
3 3706 3878 3882
3 3881 3710 3709
3 3712 3880 3708
3 3712 3883 3880
3 3882 3884 3881
3 3710 3881 3884
3 3885 3710 3884
3 3713 3710 3885
3 3715 3883 3712
3 3715 3886 3883
3 3885 3717 3713
3 3887 3717 3885
3 3719 3886 3715
3 3719 3888 3886
3 3887 3721 3717
3 3889 3721 3887
3 3723 3888 3719
3 3723 3890 3888
3 3889 3725 3721
3 3891 3725 3889
3 3727 3890 3723
3 3727 3892 3890
3 3891 3893 3725
3 3725 3893 3728
3 3729 3728 3893
3 3729 3893 3894
3 3731 3896 3895
3 3892 3731 3895
3 3727 3731 3892
3 3896 3897 3895
3 3894 3732 3729
3 3898 3732 3894
3 3733 3896 3731
3 3733 3734 3896
3 3734 3897 3896
3 3734 3899 3897
3 3898 3735 3732
3 3900 3735 3898
3 3901 3899 3734
3 3901 3734 3736
3 3903 3901 3902
3 3901 3737 3902
3 3901 3736 3737
3 3738 3902 3737
3 3905 3739 3904
3 3739 3900 3904
3 3739 3735 3900
3 3906 3905 3904
3 3903 3902 3907
3 3903 3907 3908
3 3740 3909 3738
3 3909 3902 3738
3 3909 3907 3902
3 3742 3909 3740
3 3905 3743 3739
3 3911 3910 3744
3 3911 3744 3743
3 3906 3911 3743
3 3905 3906 3743
3 3912 3910 3911
3 3913 3908 3907
3 3915 3914 3913
3 3907 3915 3913
3 3909 3915 3907
3 3746 3915 3742
3 3742 3915 3909
3 3916 3747 3910
3 3910 3747 3744
3 3910 3912 3917
3 3910 3917 3916
3 3914 3915 3918
3 3914 3918 3919
3 3749 3918 3746
3 3746 3918 3915
3 3916 3750 3747
3 3751 3750 3916
3 3917 3751 3916
3 3920 3751 3917
3 3919 3918 3753
3 3754 3919 3753
3 3921 3919 3754
3 3753 3918 3749
3 3920 3755 3751
3 3922 3755 3920
3 3925 3924 3923
3 3924 3921 3923
3 3921 3757 3923
3 3921 3754 3757
3 3922 3758 3755
3 3926 3758 3922
3 3925 3923 3759
3 3760 3925 3759
3 3927 3925 3760
3 3759 3923 3757
3 3926 3762 3758
3 3928 3762 3926
3 3764 3927 3760
3 3764 3929 3927
3 3928 3766 3762
3 3930 3766 3928
3 3933 3932 3931
3 3932 3929 3931
3 3929 3767 3931
3 3929 3764 3767
3 3930 3769 3766
3 3934 3769 3930
3 3933 3931 3935
3 3933 3935 3936
3 3770 3935 3767
3 3767 3935 3931
3 3934 3772 3769
3 3937 3772 3934
3 3938 3936 3935
3 3935 3770 3938
3 3770 3939 3938
3 3770 3773 3939
3 3937 3775 3772
3 3940 3775 3937
3 3777 3939 3773
3 3777 3941 3939
3 3940 3779 3775
3 3942 3779 3940
3 3777 3780 3943
3 3944 3777 3943
3 3941 3777 3944
3 3781 3943 3780
3 3942 3783 3779
3 3945 3783 3942
3 3944 3943 3946
3 3944 3946 3947
3 3785 3946 3781
3 3781 3946 3943
3 3948 3786 3787
3 3949 3948 3787
3 3783 3949 3787
3 3945 3949 3783
3 3947 3946 3788
3 3789 3947 3788
3 3950 3947 3789
3 3788 3946 3785
3 3951 3790 3948
3 3948 3790 3786
3 3948 3949 3952
3 3948 3952 3951
3 3955 3954 3953
3 3954 3950 3953
3 3950 3791 3953
3 3950 3789 3791
3 3957 3956 3951
3 3956 3790 3951
3 3956 3793 3790
3 3960 3959 3958
3 3952 3957 3951
3 3959 3960 3955
3 3959 3955 3953
3 3796 3959 3953
3 3795 3796 3953
3 3795 3953 3791
3 3961 3797 3798
3 3793 3956 3962
3 3961 3793 3962
3 3963 3961 3962
3 3798 3793 3961
3 3963 3962 3958
3 3959 3963 3958
3 3964 3963 3959
3 3799 3964 3796
3 3796 3964 3959
3 3961 3800 3797
3 3800 3961 3801
3 3801 3961 3963
3 3801 3963 3802
3 3802 3963 3964
3 3802 3964 3799
3 3967 3966 3965
3 3969 3968 3965
3 3965 3968 3967
3 3969 3970 3968
3 3965 3966 3804
3 3966 3803 3804
3 3966 3971 3803
3 3965 3804 3805
3 3965 3805 3969
3 3972 3970 3969
3 3805 3972 3969
3 3806 3972 3805
3 3974 3972 3973
3 3972 3807 3973
3 3972 3806 3807
3 3808 3973 3807
3 3977 3976 3975
3 3971 3977 3975
3 3809 3971 3975
3 3803 3971 3809
3 3978 3974 3973
3 3980 3978 3979
3 3979 3978 3810
3 3978 3973 3810
3 3973 3808 3810
3 3811 3979 3810
3 3983 3982 3981
3 3983 3981 3976
3 3976 3981 3975
3 3981 3813 3975
3 3813 3814 3975
3 3975 3814 3809
3 3985 3984 3816
3 3985 3816 3817
3 3979 3818 3980
3 3818 3984 3980
3 3818 3816 3984
3 3818 3979 3811
3 3988 3987 3986
3 3988 3986 3982
3 3982 3986 3981
3 3986 3820 3981
3 3820 3821 3981
3 3981 3821 3813
3 3990 3989 3823
3 3990 3823 3824
3 3817 3823 3985
3 3985 3823 3989
3 3993 3992 3991
3 3993 3991 3987
3 3987 3991 3986
3 3991 3826 3986
3 3826 3827 3986
3 3986 3827 3820
3 3995 3994 3829
3 3995 3829 3830
3 3824 3829 3990
3 3990 3829 3994
3 3991 3992 3996
3 3996 3992 3997
3 3996 3831 3826
3 3996 3826 3991
3 4000 3999 3998
3 3833 3834 3998
3 3999 3833 3998
3 4001 3833 3999
3 3830 3833 3995
3 3995 3833 4001
3 4004 4003 4002
3 4004 4002 3997
3 3997 4002 3996
3 4002 3836 3996
3 3836 3837 3996
3 3996 3837 3831
3 4000 3998 4005
3 4000 4005 4006
3 3839 4005 3834
3 3834 4005 3998
3 4002 4003 3842
3 4003 3841 3842
3 4003 4007 3841
3 4002 3842 3836
3 4010 4009 4008
3 4012 4011 4008
3 4012 4008 4009
3 4011 4012 4006
3 4011 4006 4005
3 3845 4011 4005
3 3844 3845 4005
3 3844 4005 3839
3 4015 4014 4013
3 4007 4015 4013
3 3846 4007 4013
3 3841 4007 3846
3 4010 4008 4016
3 4010 4016 4017
3 3849 4016 3848
3 4016 4011 3848
3 4016 4008 4011
3 3848 4011 3845
3 4013 4014 3852
3 4014 3851 3852
3 4014 4018 3851
3 4013 3852 3846
3 4021 4020 4019
3 4019 4020 4017
3 4019 4017 4016
3 3855 4019 4016
3 3854 3855 4016
3 3854 4016 3849
3 4024 4023 4022
3 4018 4024 4022
3 3856 4018 4022
3 3851 4018 3856
3 4021 4019 3858
3 3859 4021 3858
3 4025 4021 3859
3 3858 4019 3855
3 4022 4023 3862
3 4023 3861 3862
3 4023 4026 3861
3 4022 3862 3856
3 4029 4028 4027
3 4028 4025 4027
3 4025 3864 4027
3 4025 3859 3864
3 4026 3866 3861
3 4030 3866 4026
3 4029 4027 4031
3 4029 4031 4032
3 3868 4031 3864
3 3864 4031 4027
3 4030 3869 3866
3 4033 3869 4030
3 4034 4032 4031
3 4031 3868 4034
3 3868 4035 4034
3 3868 3871 4035
3 4033 3872 3869
3 4036 3872 4033
3 3874 4035 3871
3 3874 4037 4035
3 4036 3875 3872
3 4038 3875 4036
3 3877 4037 3874
3 3877 4039 4037
3 4038 3878 3875
3 4040 3878 4038
3 3877 3879 4041
3 4042 3877 4041
3 4039 3877 4042
3 3880 4041 3879
3 4044 3882 4043
3 3882 4040 4043
3 3882 3878 4040
3 4045 4044 4043
3 4042 4041 4046
3 4042 4046 4047
3 3883 4046 3880
3 3880 4046 4041
3 4044 3884 3882
3 3885 3884 4044
3 4045 3885 4044
3 4048 3885 4045
3 4047 4046 4049
3 4047 4049 4050
3 3886 4049 3883
3 3883 4049 4046
3 4048 3887 3885
3 4051 3887 4048
3 4050 4049 4052
3 4050 4052 4053
3 3888 4052 3886
3 3886 4052 4049
3 4051 3889 3887
3 4054 3889 4051
3 4053 4052 4055
3 4053 4055 4056
3 3890 4055 3888
3 3888 4055 4052
3 4058 3891 4057
3 3891 4054 4057
3 3891 3889 4054
3 4059 4058 4057
3 4060 4056 4055
3 4055 3890 4060
3 3890 4061 4060
3 3890 3892 4061
3 4058 3893 3891
3 3894 3893 4058
3 4059 3894 4058
3 4062 3894 4059
3 3892 3895 4063
3 4064 3892 4063
3 4061 3892 4064
3 3897 4063 3895
3 4062 3898 3894
3 4065 3898 4062
3 4066 4064 4063
3 4063 3897 4066
3 3897 4067 4066
3 3897 3899 4067
3 4069 3900 4068
3 3900 4065 4068
3 3900 3898 4065
3 4070 4069 4068
3 3899 3901 4071
3 4072 3899 4071
3 4067 3899 4072
3 3903 4071 3901
3 4069 3904 3900
3 4074 4073 3906
3 4074 3906 3904
3 4070 4074 3904
3 4069 4070 3904
3 4075 4073 4074
3 4076 4072 4071
3 4071 3903 4076
3 3903 4077 4076
3 3903 3908 4077
3 4073 3911 3906
3 4079 4078 3912
3 4079 3912 3911
3 4075 4079 3911
3 4073 4075 3911
3 4080 4078 4079
3 3908 3913 4081
3 4082 3908 4081
3 4077 3908 4082
3 3914 4081 3913
3 4083 3917 4078
3 4078 3917 3912
3 4078 4080 4084
3 4078 4084 4083
3 4082 4081 4085
3 4082 4085 4086
3 3919 4085 3914
3 3914 4085 4081
3 4087 3920 4083
3 4083 3920 3917
3 4083 4084 4088
3 4089 4083 4088
3 4087 4083 4089
3 4089 4088 4086
3 4085 4089 4086
3 4090 4089 4085
3 3921 4090 3919
3 3919 4090 4085
3 4091 3922 4087
3 4087 3922 3920
3 4092 4087 4089
3 4091 4087 4092
3 3925 4092 3924
3 4092 4090 3924
3 4092 4089 4090
3 3924 4090 3921
3 4093 3926 4091
3 4091 3926 3922
3 4094 4091 4092
3 4093 4091 4094
3 3927 4094 3925
3 3925 4094 4092
3 4095 3928 4093
3 4093 3928 3926
3 4096 4093 4094
3 4095 4093 4096
3 3929 4096 3927
3 3927 4096 4094
3 4097 3930 4095
3 4095 3930 3928
3 3933 4097 3932
3 4097 4096 3932
3 4097 4095 4096
3 3932 4096 3929
3 4098 3934 4097
3 4097 3934 3930
3 3936 4098 3933
3 3933 4098 4097
3 4099 3937 4098
3 4098 3937 3934
3 3938 4100 3936
3 4100 4098 3936
3 4100 4099 4098
3 3939 4100 3938
3 4101 3940 4099
3 4099 3940 3937
3 4102 4099 4100
3 4101 4099 4102
3 3941 4102 3939
3 3939 4102 4100
3 4103 3942 4101
3 4101 3942 3940
3 4104 4101 4102
3 4103 4101 4104
3 3944 4104 3941
3 3941 4104 4102
3 4105 3945 4103
3 4103 3945 3942
3 4106 4103 4104
3 4105 4103 4106
3 3947 4106 3944
3 3944 4106 4104
3 4107 3949 4105
3 4105 3949 3945
3 4108 4105 4106
3 4107 4105 4108
3 3950 4108 3947
3 3947 4108 4106
3 4109 3952 4107
3 4107 3952 3949
3 3955 4109 3954
3 4109 4108 3954
3 4109 4107 4108
3 3954 4108 3950
3 4110 3956 3957
3 3957 3952 4110
3 3952 4109 4110
3 3960 3958 4110
3 3960 4110 4109
3 3960 4109 3955
3 4110 3962 3956
3 3962 4110 3958
3 4112 4111 3967
3 3967 4111 3966
3 4113 3967 3968
3 4113 4112 3967
3 3968 3970 4113
3 4113 3970 4114
3 4117 4116 4115
3 4111 4117 4115
3 3971 4111 4115
3 3966 4111 3971
3 4118 4114 3970
3 4118 3970 3972
3 3972 3974 4118
3 4118 3974 4119
3 4122 4121 4120
3 4122 4120 4116
3 4116 4120 4115
3 4120 3976 4115
3 3976 3977 4115
3 4115 3977 3971
3 4125 4124 4123
3 4126 4123 3978
3 4123 4119 3978
3 4119 3974 3978
3 4119 4123 4124
3 3980 4126 3978
3 4120 4121 3983
3 4121 3982 3983
3 4121 4127 3982
3 4120 3983 3976
3 4130 4129 4128
3 4128 4129 4125
3 4123 4128 4125
3 4131 4128 4123
3 3985 4131 3984
3 4131 4126 3984
3 4131 4123 4126
3 3984 4126 3980
3 4133 4132 3988
3 3988 4132 3987
3 3988 3982 4127
3 3988 4127 4133
3 4130 4128 4134
3 4130 4134 4135
3 3990 4134 3989
3 4134 4131 3989
3 4134 4128 4131
3 3989 4131 3985
3 4137 4136 3993
3 3993 4136 3992
3 3993 3987 4132
3 3993 4132 4137
3 4140 4139 4138
3 4142 4141 4138
3 4142 4138 4139
3 4141 4142 4135
3 4141 4135 4134
3 3995 4141 4134
3 3994 3995 4134
3 3994 4134 3990
3 4145 4144 4143
3 4136 4145 4143
3 3997 4136 4143
3 3992 4136 3997
3 4148 4147 4146
3 4146 4147 4140
3 4146 4140 4138
3 4000 4146 4138
3 3999 4000 4138
3 3999 4138 4001
3 4001 4138 4141
3 4001 4141 3995
3 4143 4144 4004
3 4144 4003 4004
3 4144 4149 4003
3 4143 4004 3997
3 4152 4151 4150
3 4150 4151 4148
3 4146 4150 4148
3 4153 4150 4146
3 4006 4153 4000
3 4000 4153 4146
3 4156 4155 4154
3 4149 4156 4154
3 4007 4149 4154
3 4003 4149 4007
3 4152 4150 4009
3 4010 4152 4009
3 4157 4152 4010
3 4009 4150 4012
3 4012 4150 4153
3 4012 4153 4006
3 4154 4155 4015
3 4155 4014 4015
3 4155 4158 4014
3 4154 4015 4007
3 4161 4160 4159
3 4160 4157 4159
3 4157 4017 4159
3 4157 4010 4017
3 4164 4163 4162
3 4158 4164 4162
3 4018 4158 4162
3 4014 4158 4018
3 4161 4159 4020
3 4021 4161 4020
3 4165 4161 4021
3 4020 4159 4017
3 4162 4163 4024
3 4163 4023 4024
3 4163 4166 4023
3 4162 4024 4018
3 4169 4168 4167
3 4168 4165 4167
3 4165 4025 4167
3 4165 4021 4025
3 4166 4026 4023
3 4170 4026 4166
3 4169 4167 4028
3 4029 4169 4028
3 4171 4169 4029
3 4028 4167 4025
3 4170 4030 4026
3 4172 4030 4170
3 4032 4171 4029
3 4032 4173 4171
3 4172 4033 4030
3 4174 4033 4172
3 4032 4034 4175
3 4176 4032 4175
3 4173 4032 4176
3 4035 4175 4034
3 4174 4036 4033
3 4177 4036 4174
3 4176 4175 4178
3 4176 4178 4179
3 4037 4178 4035
3 4035 4178 4175
3 4177 4038 4036
3 4180 4038 4177
3 4181 4179 4178
3 4178 4037 4181
3 4037 4182 4181
3 4037 4039 4182
3 4184 4040 4183
3 4040 4180 4183
3 4040 4038 4180
3 4185 4184 4183
3 4042 4182 4039
3 4042 4186 4182
3 4184 4043 4040
3 4045 4043 4184
3 4185 4045 4184
3 4187 4045 4185
3 4047 4186 4042
3 4047 4188 4186
3 4187 4048 4045
3 4189 4048 4187
3 4050 4188 4047
3 4050 4190 4188
3 4192 4051 4191
3 4051 4189 4191
3 4051 4048 4189
3 4193 4192 4191
3 4053 4190 4050
3 4053 4194 4190
3 4195 4054 4192
3 4192 4054 4051
3 4192 4193 4196
3 4192 4196 4195
3 4056 4194 4053
3 4056 4197 4194
3 4195 4057 4054
3 4059 4057 4195
3 4196 4059 4195
3 4198 4059 4196
3 4056 4060 4199
3 4200 4056 4199
3 4197 4056 4200
3 4061 4199 4060
3 4202 4062 4201
3 4062 4198 4201
3 4062 4059 4198
3 4200 4199 4203
3 4201 4204 4202
3 4199 4061 4203
3 4061 4205 4203
3 4061 4064 4205
3 4206 4065 4202
3 4202 4065 4062
3 4202 4204 4207
3 4208 4202 4207
3 4206 4202 4208
3 4209 4208 4066
3 4208 4205 4066
3 4205 4064 4066
3 4205 4208 4207
3 4067 4209 4066
3 4206 4068 4065
3 4068 4206 4070
3 4206 4210 4070
3 4206 4208 4210
3 4209 4212 4211
3 4210 4209 4211
3 4208 4209 4210
3 4209 4067 4212
3 4067 4213 4212
3 4067 4072 4213
3 4210 4074 4070
3 4215 4214 4075
3 4215 4075 4074
3 4211 4215 4074
3 4210 4211 4074
3 4216 4214 4076
3 4214 4213 4076
3 4213 4072 4076
3 4213 4214 4215
3 4077 4216 4076
3 4214 4079 4075
3 4079 4214 4080
3 4214 4217 4080
3 4214 4216 4217
3 4082 4217 4077
3 4077 4217 4216
3 4218 4084 4217
3 4217 4084 4080
3 4086 4218 4082
3 4082 4218 4217
3 4218 4088 4084
3 4088 4218 4086
3 4220 4219 4112
3 4112 4219 4111
3 4221 4112 4113
3 4221 4220 4112
3 4113 4114 4221
3 4221 4114 4222
3 4224 4223 4117
3 4117 4223 4116
3 4117 4111 4219
3 4117 4219 4224
3 4114 4118 4225
3 4226 4114 4225
3 4222 4114 4226
3 4119 4225 4118
3 4228 4227 4122
3 4122 4227 4121
3 4122 4116 4223
3 4122 4223 4228
3 4231 4230 4229
3 4229 4230 4226
3 4229 4226 4225
3 4125 4229 4225
3 4124 4125 4225
3 4124 4225 4119
3 4234 4233 4232
3 4227 4234 4232
3 4127 4227 4232
3 4121 4227 4127
3 4237 4236 4235
3 4235 4236 4231
3 4235 4231 4229
3 4130 4235 4229
3 4129 4130 4229
3 4129 4229 4125
3 4232 4233 4133
3 4233 4132 4133
3 4233 4238 4132
3 4232 4133 4127
3 4241 4240 4239
3 4239 4240 4237
3 4235 4239 4237
3 4242 4239 4235
3 4135 4242 4130
3 4130 4242 4235
3 4244 4243 4137
3 4137 4243 4136
3 4137 4132 4238
3 4137 4238 4244
3 4247 4246 4245
3 4245 4246 4241
3 4245 4241 4239
3 4140 4245 4239
3 4139 4140 4239
3 4139 4239 4142
3 4142 4239 4242
3 4142 4242 4135
3 4249 4248 4145
3 4145 4248 4144
3 4145 4136 4243
3 4145 4243 4249
3 4252 4251 4250
3 4250 4251 4247
3 4250 4247 4245
3 4148 4250 4245
3 4147 4148 4245
3 4147 4245 4140
3 4248 4149 4144
3 4253 4149 4248
3 4252 4250 4151
3 4152 4252 4151
3 4254 4252 4152
3 4151 4250 4148
3 4256 4255 4156
3 4156 4255 4155
3 4156 4149 4253
3 4156 4253 4256
3 4259 4258 4257
3 4258 4254 4257
3 4254 4157 4257
3 4254 4152 4157
3 4255 4158 4155
3 4260 4158 4255
3 4259 4257 4160
3 4161 4259 4160
3 4261 4259 4161
3 4160 4257 4157
3 4263 4262 4164
3 4164 4262 4163
3 4164 4158 4260
3 4164 4260 4263
3 4266 4265 4264
3 4265 4261 4264
3 4261 4165 4264
3 4261 4161 4165
3 4262 4166 4163
3 4267 4166 4262
3 4266 4264 4168
3 4169 4266 4168
3 4268 4266 4169
3 4168 4264 4165
3 4267 4170 4166
3 4269 4170 4267
3 4171 4268 4169
3 4171 4270 4268
3 4269 4172 4170
3 4271 4172 4269
3 4173 4270 4171
3 4173 4272 4270
3 4271 4174 4172
3 4273 4174 4271
3 4176 4272 4173
3 4176 4274 4272
3 4276 4177 4275
3 4177 4273 4275
3 4177 4174 4273
3 4277 4276 4275
3 4179 4274 4176
3 4179 4278 4274
3 4279 4180 4276
3 4276 4180 4177
3 4276 4277 4280
3 4276 4280 4279
3 4179 4181 4281
3 4282 4179 4281
3 4278 4179 4282
3 4182 4281 4181
3 4279 4183 4180
3 4284 4283 4185
3 4284 4185 4183
3 4280 4284 4183
3 4279 4280 4183
3 4283 4284 4282
3 4281 4283 4282
3 4285 4283 4281
3 4186 4285 4182
3 4182 4285 4281
3 4286 4187 4283
3 4283 4187 4185
3 4287 4283 4285
3 4286 4283 4287
3 4188 4287 4186
3 4186 4287 4285
3 4288 4189 4286
3 4286 4189 4187
3 4289 4286 4287
3 4288 4286 4289
3 4190 4289 4188
3 4188 4289 4287
3 4288 4191 4189
3 4191 4288 4193
3 4288 4290 4193
3 4288 4289 4290
3 4194 4290 4190
3 4190 4290 4289
3 4291 4196 4290
3 4290 4196 4193
3 4197 4291 4194
3 4194 4291 4290
3 4292 4198 4291
3 4291 4198 4196
3 4200 4292 4197
3 4197 4292 4291
3 4292 4201 4198
3 4204 4201 4293
3 4201 4292 4293
3 4200 4203 4293
3 4200 4293 4292
3 4205 4293 4203
3 4293 4207 4204
3 4207 4293 4205
3 4294 4211 4212
3 4213 4294 4212
3 4294 4215 4211
3 4215 4294 4213
3 4295 4219 4220
3 4221 4296 4220
3 4220 4296 4295
3 4222 4296 4221
3 4297 4223 4224
3 4219 4295 4224
3 4295 4297 4224
3 4295 4298 4297
3 4299 4295 4296
3 4298 4295 4299
3 4226 4299 4222
3 4222 4299 4296
3 4301 4300 4228
3 4228 4300 4227
3 4301 4228 4223
3 4302 4301 4223
3 4297 4302 4223
3 4301 4302 4303
3 4304 4297 4298
3 4302 4297 4304
3 4231 4304 4230
3 4304 4299 4230
3 4304 4298 4299
3 4230 4299 4226
3 4306 4305 4234
3 4234 4305 4233
3 4234 4227 4300
3 4234 4300 4306
3 4303 4302 4307
3 4303 4307 4308
3 4237 4307 4236
3 4307 4304 4236
3 4307 4302 4304
3 4236 4304 4231
3 4305 4238 4233
3 4309 4238 4305
3 4308 4307 4240
3 4241 4308 4240
3 4310 4308 4241
3 4240 4307 4237
3 4312 4311 4244
3 4244 4311 4243
3 4244 4238 4309
3 4244 4309 4312
3 4314 4313 4246
3 4314 4246 4247
3 4241 4246 4310
3 4310 4246 4313
3 4316 4315 4249
3 4249 4315 4248
3 4249 4243 4311
3 4249 4311 4316
3 4318 4317 4251
3 4318 4251 4252
3 4247 4251 4314
3 4314 4251 4317
3 4315 4253 4248
3 4319 4253 4315
3 4322 4321 4320
3 4321 4318 4320
3 4318 4254 4320
3 4318 4252 4254
3 4324 4323 4256
3 4256 4323 4255
3 4319 4325 4253
3 4325 4326 4253
3 4327 4253 4326
3 4253 4327 4256
3 4328 4256 4327
3 4256 4328 4325
3 4325 4324 4256
3 4319 4324 4325
3 4325 4328 4326
3 4327 4326 4322
3 4327 4322 4320
3 4259 4327 4320
3 4258 4259 4320
3 4258 4320 4254
3 4323 4260 4255
3 4329 4260 4323
3 4328 4327 4330
3 4328 4330 4331
3 4261 4330 4259
3 4259 4330 4327
3 4333 4332 4263
3 4263 4332 4262
3 4263 4260 4329
3 4263 4329 4333
3 4331 4330 4265
3 4266 4331 4265
3 4334 4331 4266
3 4265 4330 4261
3 4332 4267 4262
3 4335 4267 4332
3 4338 4337 4336
3 4337 4334 4336
3 4334 4268 4336
3 4334 4266 4268
3 4335 4269 4267
3 4339 4269 4335
3 4338 4336 4340
3 4338 4340 4341
3 4270 4340 4268
3 4268 4340 4336
3 4343 4271 4342
3 4271 4339 4342
3 4271 4269 4339
3 4343 4342 4341
3 4340 4343 4341
3 4344 4343 4340
3 4272 4344 4270
3 4270 4344 4340
3 4345 4273 4343
3 4343 4273 4271
3 4346 4343 4344
3 4345 4343 4346
3 4274 4346 4272
3 4272 4346 4344
3 4345 4275 4273
3 4275 4345 4277
3 4345 4347 4277
3 4345 4346 4347
3 4278 4347 4274
3 4274 4347 4346
3 4348 4280 4347
3 4347 4280 4277
3 4282 4348 4278
3 4278 4348 4347
3 4348 4284 4280
3 4284 4348 4282
3 4349 4300 4301
3 4303 4349 4301
3 4350 4305 4306
3 4300 4349 4306
3 4349 4350 4306
3 4349 4351 4350
3 4308 4351 4303
3 4303 4351 4349
3 4352 4309 4350
3 4350 4309 4305
3 4353 4350 4351
3 4352 4350 4353
3 4310 4353 4308
3 4308 4353 4351
3 4354 4311 4312
3 4309 4352 4312
3 4352 4354 4312
3 4352 4355 4354
3 4314 4355 4313
3 4355 4353 4313
3 4355 4352 4353
3 4313 4353 4310
3 4356 4315 4316
3 4311 4354 4316
3 4354 4356 4316
3 4354 4357 4356
3 4318 4357 4317
3 4357 4355 4317
3 4357 4354 4355
3 4317 4355 4314
3 4358 4319 4356
3 4356 4319 4315
3 4322 4358 4321
3 4358 4357 4321
3 4358 4356 4357
3 4321 4357 4318
3 4359 4323 4324
3 4324 4319 4359
3 4319 4358 4359
3 4326 4328 4359
3 4326 4359 4358
3 4326 4358 4322
3 4360 4329 4359
3 4359 4329 4323
3 4331 4360 4328
3 4328 4360 4359
3 4361 4332 4333
3 4329 4360 4333
3 4360 4361 4333
3 4360 4362 4361
3 4334 4362 4331
3 4331 4362 4360
3 4363 4335 4361
3 4361 4335 4332
3 4338 4363 4337
3 4363 4362 4337
3 4363 4361 4362
3 4337 4362 4334
3 4364 4339 4363
3 4363 4339 4335
3 4341 4364 4338
3 4338 4364 4363
3 4364 4342 4339
3 4342 4364 4341
