ply
format ascii 1.0
element vertex 13388
property float x
property float y
property float z
element face 26800
property list uchar int vertex_indices
end_header
71.50000 -35.00000 8.00000
71.00000 -35.00000 7.50000
71.00000 -35.50000 8.00000
71.00000 -35.50000 9.00000
71.50000 -35.00000 9.00000
71.00000 -35.50000 10.00000
71.50000 -35.00000 10.00000
71.00000 -35.50000 11.00000
71.50000 -35.00000 11.00000
71.00000 -35.00000 11.50000
71.50000 -34.00000 7.00000
71.00000 -34.00000 6.50000
71.00000 -34.50000 7.00000
71.50000 -34.00000 8.00000
71.50000 -34.00000 9.00000
71.50000 -34.00000 10.00000
71.50000 -34.00000 11.00000
71.00000 -34.00000 11.50000
71.50000 -33.00000 6.00000
71.00000 -33.00000 5.50000
71.00000 -33.50000 6.00000
71.50000 -33.00000 7.00000
71.50000 -33.00000 8.00000
71.50000 -33.00000 9.00000
71.50000 -33.00000 10.00000
71.50000 -33.00000 11.00000
71.00000 -33.50000 12.00000
71.50000 -33.00000 12.00000
71.00000 -33.00000 12.50000
71.50000 -32.00000 5.00000
71.00000 -32.00000 4.50000
71.00000 -32.50000 5.00000
71.50000 -32.00000 6.00000
71.50000 -32.00000 7.00000
71.50000 -32.00000 8.00000
71.50000 -32.00000 9.00000
71.50000 -32.00000 10.00000
71.50000 -32.00000 11.00000
71.50000 -32.00000 12.00000
71.00000 -32.00000 12.50000
71.50000 -31.00000 5.00000
71.00000 -31.00000 4.50000
71.50000 -31.00000 6.00000
71.50000 -31.00000 7.00000
71.50000 -31.00000 8.00000
71.50000 -31.00000 9.00000
71.50000 -31.00000 10.00000
71.50000 -31.00000 11.00000
71.50000 -31.00000 12.00000
71.00000 -31.00000 12.50000
71.50000 -30.00000 4.00000
71.00000 -30.00000 3.50000
71.00000 -30.50000 4.00000
71.50000 -30.00000 5.00000
71.50000 -30.00000 6.00000
71.50000 -30.00000 7.00000
71.50000 -30.00000 8.00000
71.50000 -30.00000 9.00000
71.50000 -30.00000 10.00000
71.50000 -30.00000 11.00000
71.50000 -30.00000 12.00000
71.00000 -30.00000 12.50000
71.50000 -29.00000 3.00000
71.00000 -29.00000 2.50000
71.00000 -29.50000 3.00000
71.50000 -29.00000 4.00000
71.50000 -29.00000 5.00000
71.50000 -29.00000 6.00000
71.50000 -29.00000 7.00000
71.50000 -29.00000 8.00000
71.50000 -29.00000 9.00000
71.50000 -29.00000 10.00000
71.50000 -29.00000 11.00000
71.00000 -29.00000 11.50000
71.00000 -29.50000 12.00000
71.50000 -28.00000 3.00000
71.00000 -28.00000 2.50000
71.50000 -28.00000 4.00000
71.50000 -28.00000 5.00000
71.50000 -28.00000 6.00000
71.50000 -28.00000 7.00000
71.50000 -28.00000 8.00000
71.50000 -28.00000 9.00000
71.50000 -28.00000 10.00000
71.50000 -28.00000 11.00000
71.00000 -28.00000 11.50000
71.50000 -27.00000 2.00000
71.00000 -27.00000 1.50000
71.00000 -27.50000 2.00000
71.50000 -27.00000 3.00000
71.50000 -27.00000 4.00000
71.50000 -27.00000 5.00000
71.50000 -27.00000 6.00000
71.50000 -27.00000 7.00000
71.50000 -27.00000 8.00000
71.50000 -27.00000 9.00000
71.50000 -27.00000 10.00000
71.00000 -27.00000 10.50000
71.00000 -27.50000 11.00000
71.50000 -26.00000 2.00000
71.00000 -26.00000 1.50000
71.50000 -26.00000 3.00000
71.50000 -26.00000 4.00000
71.50000 -26.00000 5.00000
71.50000 -26.00000 6.00000
71.50000 -26.00000 7.00000
71.50000 -26.00000 8.00000
71.50000 -26.00000 9.00000
71.50000 -26.00000 10.00000
71.00000 -26.00000 10.50000
71.50000 -25.00000 2.00000
71.00000 -25.00000 1.50000
71.50000 -25.00000 3.00000
71.50000 -25.00000 4.00000
71.50000 -25.00000 5.00000
71.50000 -25.00000 6.00000
71.50000 -25.00000 7.00000
71.50000 -25.00000 8.00000
71.50000 -25.00000 9.00000
71.50000 -25.00000 10.00000
71.00000 -25.00000 10.50000
71.50000 -24.00000 2.00000
71.00000 -24.00000 1.50000
71.50000 -24.00000 3.00000
71.50000 -24.00000 4.00000
71.50000 -24.00000 5.00000
71.50000 -24.00000 6.00000
71.50000 -24.00000 7.00000
71.50000 -24.00000 8.00000
71.50000 -24.00000 9.00000
71.00000 -24.00000 9.50000
71.00000 -24.50000 10.00000
71.50000 -23.00000 2.00000
71.00000 -23.00000 1.50000
71.50000 -23.00000 3.00000
71.50000 -23.00000 4.00000
71.50000 -23.00000 5.00000
71.50000 -23.00000 6.00000
71.50000 -23.00000 7.00000
71.50000 -23.00000 8.00000
71.50000 -23.00000 9.00000
71.00000 -23.00000 9.50000
71.50000 -22.00000 2.00000
71.00000 -22.00000 1.50000
71.50000 -22.00000 3.00000
71.50000 -22.00000 4.00000
71.50000 -22.00000 5.00000
71.50000 -22.00000 6.00000
71.50000 -22.00000 7.00000
71.50000 -22.00000 8.00000
71.50000 -22.00000 9.00000
71.00000 -22.00000 9.50000
71.00000 -21.50000 2.00000
71.50000 -21.00000 3.00000
71.00000 -21.00000 2.50000
71.50000 -21.00000 4.00000
71.50000 -21.00000 5.00000
71.50000 -21.00000 6.00000
71.50000 -21.00000 7.00000
71.50000 -21.00000 8.00000
71.50000 -21.00000 9.00000
71.00000 -21.00000 9.50000
71.00000 -20.50000 3.00000
71.00000 -20.50000 4.00000
71.00000 -20.50000 5.00000
71.00000 -20.50000 6.00000
71.00000 -20.50000 7.00000
71.00000 -20.50000 8.00000
71.00000 -20.50000 9.00000
70.50000 -39.00000 11.00000
70.00000 -39.00000 10.50000
70.00000 -39.50000 11.00000
70.00000 -39.50000 12.00000
70.50000 -39.00000 12.00000
70.00000 -39.00000 12.50000
70.50000 -38.00000 9.00000
70.00000 -38.00000 8.50000
70.00000 -38.50000 9.00000
70.00000 -38.50000 10.00000
70.50000 -38.00000 10.00000
70.50000 -38.00000 11.00000
70.50000 -38.00000 12.00000
70.00000 -38.50000 13.00000
70.50000 -38.00000 13.00000
70.00000 -38.00000 13.50000
70.50000 -37.00000 8.00000
70.00000 -37.00000 7.50000
70.00000 -37.50000 8.00000
70.50000 -37.00000 9.00000
70.50000 -37.00000 10.00000
70.50000 -37.00000 11.00000
70.50000 -37.00000 12.00000
70.50000 -37.00000 13.00000
70.00000 -37.50000 14.00000
70.50000 -37.00000 14.00000
70.00000 -37.00000 14.50000
70.50000 -36.00000 7.00000
70.00000 -36.00000 6.50000
70.00000 -36.50000 7.00000
70.50000 -36.00000 8.00000
70.50000 -36.00000 9.00000
70.50000 -36.00000 10.00000
70.50000 -36.00000 11.00000
70.50000 -36.00000 12.00000
70.50000 -36.00000 13.00000
70.50000 -36.00000 14.00000
70.00000 -36.00000 14.50000
70.50000 -35.00000 6.00000
70.00000 -35.00000 5.50000
70.00000 -35.50000 6.00000
70.50000 -35.00000 7.00000
70.50000 -35.00000 12.00000
70.50000 -35.00000 13.00000
70.50000 -35.00000 14.00000
70.00000 -35.50000 15.00000
70.50000 -35.00000 15.00000
70.00000 -35.00000 15.50000
70.50000 -34.00000 6.00000
70.00000 -34.00000 5.50000
70.50000 -34.00000 12.00000
70.50000 -34.00000 13.00000
70.50000 -34.00000 14.00000
70.50000 -34.00000 15.00000
70.00000 -34.00000 15.50000
70.50000 -33.00000 5.00000
70.00000 -33.00000 4.50000
70.00000 -33.50000 5.00000
70.50000 -33.00000 13.00000
70.50000 -33.00000 14.00000
70.50000 -33.00000 15.00000
70.00000 -33.00000 15.50000
70.50000 -32.00000 4.00000
70.00000 -32.00000 3.50000
70.00000 -32.50000 4.00000
70.50000 -32.00000 13.00000
70.50000 -32.00000 14.00000
70.00000 -32.00000 14.50000
70.00000 -32.50000 15.00000
70.50000 -31.00000 4.00000
70.00000 -31.00000 3.50000
70.50000 -31.00000 13.00000
70.50000 -31.00000 14.00000
70.00000 -31.00000 14.50000
70.50000 -30.00000 3.00000
70.00000 -30.00000 2.50000
70.00000 -30.50000 3.00000
70.50000 -30.00000 13.00000
70.50000 -30.00000 14.00000
70.00000 -30.00000 14.50000
70.00000 -29.00000 2.50000
70.50000 -29.00000 12.00000
70.50000 -29.00000 13.00000
70.50000 -29.00000 14.00000
70.00000 -29.00000 14.50000
70.50000 -28.00000 2.00000
70.00000 -28.00000 1.50000
70.00000 -28.50000 2.00000
70.50000 -28.00000 12.00000
70.50000 -28.00000 13.00000
70.50000 -28.00000 14.00000
70.00000 -28.00000 14.50000
70.00000 -27.00000 1.50000
70.50000 -27.00000 11.00000
70.50000 -27.00000 12.00000
70.50000 -27.00000 13.00000
70.50000 -27.00000 14.00000
70.00000 -27.00000 14.50000
70.50000 -26.00000 1.00000
70.00000 -26.00000 0.50000
70.00000 -26.50000 1.00000
70.50000 -26.00000 11.00000
70.50000 -26.00000 12.00000
70.50000 -26.00000 13.00000
70.50000 -26.00000 14.00000
70.00000 -26.00000 14.50000
70.50000 -25.00000 1.00000
70.00000 -25.00000 0.50000
70.50000 -25.00000 11.00000
70.50000 -25.00000 12.00000
70.50000 -25.00000 13.00000
70.50000 -25.00000 14.00000
70.00000 -25.00000 14.50000
70.50000 -24.00000 1.00000
70.00000 -24.00000 0.50000
70.50000 -24.00000 10.00000
70.50000 -24.00000 11.00000
70.50000 -24.00000 12.00000
70.50000 -24.00000 13.00000
70.50000 -24.00000 14.00000
70.00000 -24.00000 14.50000
70.50000 -23.00000 0.00000
70.00000 -23.00000 -0.50000
70.00000 -23.50000 0.00000
70.50000 -23.00000 1.00000
70.50000 -23.00000 10.00000
70.50000 -23.00000 11.00000
70.50000 -23.00000 12.00000
70.50000 -23.00000 13.00000
70.00000 -23.00000 13.50000
70.00000 -23.50000 14.00000
70.50000 -22.00000 0.00000
70.00000 -22.00000 -0.50000
70.50000 -22.00000 1.00000
70.50000 -22.00000 10.00000
70.50000 -22.00000 11.00000
70.50000 -22.00000 12.00000
70.50000 -22.00000 13.00000
70.00000 -22.00000 13.50000
70.50000 -21.00000 0.00000
70.00000 -21.00000 -0.50000
70.50000 -21.00000 1.00000
70.50000 -21.00000 2.00000
70.50000 -21.00000 10.00000
70.50000 -21.00000 11.00000
70.50000 -21.00000 12.00000
70.00000 -21.00000 12.50000
70.00000 -21.50000 13.00000
70.50000 -20.00000 0.00000
70.00000 -20.00000 -0.50000
70.50000 -20.00000 1.00000
70.50000 -20.00000 2.00000
70.50000 -20.00000 3.00000
70.50000 -20.00000 4.00000
70.50000 -20.00000 5.00000
70.50000 -20.00000 6.00000
70.50000 -20.00000 7.00000
70.50000 -20.00000 8.00000
70.50000 -20.00000 9.00000
70.50000 -20.00000 10.00000
70.50000 -20.00000 11.00000
70.50000 -20.00000 12.00000
70.00000 -20.00000 12.50000
70.50000 -19.00000 0.00000
70.00000 -19.00000 -0.50000
70.50000 -19.00000 1.00000
70.50000 -19.00000 2.00000
70.50000 -19.00000 3.00000
70.50000 -19.00000 4.00000
70.50000 -19.00000 5.00000
70.50000 -19.00000 6.00000
70.50000 -19.00000 7.00000
70.50000 -19.00000 8.00000
70.50000 -19.00000 9.00000
70.50000 -19.00000 10.00000
70.50000 -19.00000 11.00000
70.00000 -19.00000 11.50000
70.00000 -19.50000 12.00000
70.50000 -18.00000 0.00000
70.00000 -18.00000 -0.50000
70.50000 -18.00000 1.00000
70.50000 -18.00000 2.00000
70.50000 -18.00000 3.00000
70.50000 -18.00000 4.00000
70.50000 -18.00000 5.00000
70.50000 -18.00000 6.00000
70.50000 -18.00000 7.00000
70.50000 -18.00000 8.00000
70.50000 -18.00000 9.00000
70.50000 -18.00000 10.00000
70.00000 -18.00000 10.50000
70.00000 -18.50000 11.00000
70.00000 -17.50000 0.00000
70.00000 -17.50000 1.00000
70.50000 -17.00000 2.00000
70.00000 -17.00000 1.50000
70.50000 -17.00000 3.00000
70.50000 -17.00000 4.00000
70.50000 -17.00000 5.00000
70.50000 -17.00000 6.00000
70.50000 -17.00000 7.00000
70.50000 -17.00000 8.00000
70.50000 -17.00000 9.00000
70.00000 -17.00000 9.50000
70.00000 -17.50000 10.00000
70.00000 -16.50000 2.00000
70.00000 -16.50000 3.00000
70.50000 -16.00000 4.00000
70.00000 -16.00000 3.50000
70.50000 -16.00000 5.00000
70.50000 -16.00000 6.00000
70.50000 -16.00000 7.00000
70.50000 -16.00000 8.00000
70.00000 -16.00000 8.50000
70.00000 -16.50000 9.00000
70.00000 -15.50000 4.00000
70.50000 -15.00000 5.00000
70.00000 -15.00000 4.50000
70.50000 -15.00000 6.00000
70.00000 -15.00000 6.50000
70.00000 -15.50000 7.00000
70.00000 -15.50000 8.00000
70.00000 -14.50000 5.00000
70.00000 -14.50000 6.00000
69.50000 -41.00000 12.00000
69.00000 -41.00000 11.50000
69.00000 -41.50000 12.00000
69.00000 -41.50000 13.00000
69.50000 -41.00000 13.00000
69.00000 -41.50000 14.00000
69.50000 -41.00000 14.00000
69.00000 -41.50000 15.00000
69.50000 -41.00000 15.00000
69.00000 -41.00000 15.50000
69.50000 -40.00000 11.00000
69.00000 -40.00000 10.50000
69.00000 -40.50000 11.00000
69.50000 -40.00000 12.00000
69.50000 -40.00000 13.00000
69.50000 -40.00000 14.00000
69.50000 -40.00000 15.00000
69.00000 -40.50000 16.00000
69.50000 -40.00000 16.00000
69.00000 -40.00000 16.50000
69.50000 -39.00000 9.00000
69.00000 -39.00000 8.50000
69.00000 -39.50000 9.00000
69.00000 -39.50000 10.00000
69.50000 -39.00000 10.00000
69.50000 -39.00000 13.00000
69.50000 -39.00000 14.00000
69.50000 -39.00000 15.00000
69.50000 -39.00000 16.00000
69.00000 -39.00000 16.50000
69.50000 -38.00000 8.00000
69.00000 -38.00000 7.50000
69.00000 -38.50000 8.00000
69.50000 -38.00000 14.00000
69.50000 -38.00000 15.00000
69.00000 -38.00000 15.50000
69.00000 -38.50000 16.00000
69.50000 -37.00000 7.00000
69.00000 -37.00000 6.50000
69.00000 -37.50000 7.00000
69.50000 -37.00000 15.00000
69.00000 -37.50000 16.00000
69.50000 -37.00000 16.00000
69.00000 -37.00000 16.50000
69.50000 -36.00000 6.00000
69.00000 -36.00000 5.50000
69.00000 -36.50000 6.00000
69.50000 -36.00000 15.00000
69.50000 -36.00000 16.00000
69.00000 -36.00000 16.50000
69.00000 -35.00000 5.50000
69.50000 -35.00000 16.00000
69.00000 -35.00000 16.50000
69.50000 -34.00000 5.00000
69.00000 -34.00000 4.50000
69.00000 -34.50000 5.00000
69.50000 -34.00000 16.00000
69.00000 -34.00000 16.50000
69.50000 -33.00000 4.00000
69.00000 -33.00000 3.50000
69.00000 -33.50000 4.00000
69.50000 -33.00000 16.00000
69.00000 -33.00000 16.50000
69.00000 -32.00000 3.50000
69.50000 -32.00000 15.00000
69.00000 -32.00000 15.50000
69.00000 -32.50000 16.00000
69.50000 -31.00000 3.00000
69.00000 -31.00000 2.50000
69.00000 -31.50000 3.00000
69.50000 -31.00000 15.00000
69.00000 -31.00000 15.50000
69.00000 -30.00000 2.50000
69.50000 -30.00000 15.00000
69.00000 -30.00000 15.50000
69.50000 -30.00000 19.00000
69.00000 -30.00000 18.50000
69.00000 -30.50000 19.00000
69.00000 -30.00000 19.50000
69.50000 -29.00000 2.00000
69.00000 -29.00000 1.50000
69.00000 -29.50000 2.00000
69.50000 -29.00000 15.00000
69.00000 -29.00000 15.50000
69.50000 -29.00000 19.00000
69.00000 -29.00000 18.50000
69.00000 -29.00000 19.50000
69.00000 -28.00000 1.50000
69.50000 -28.00000 15.00000
69.00000 -28.50000 16.00000
69.50000 -28.00000 16.00000
69.00000 -28.00000 16.50000
69.50000 -28.00000 18.00000
69.00000 -28.00000 17.50000
69.00000 -28.50000 18.00000
69.50000 -28.00000 19.00000
69.00000 -28.00000 19.50000
69.50000 -27.00000 1.00000
69.00000 -27.00000 0.50000
69.00000 -27.50000 1.00000
69.50000 -27.00000 15.00000
69.50000 -27.00000 16.00000
69.00000 -27.50000 17.00000
69.50000 -27.00000 17.00000
69.50000 -27.00000 18.00000
69.50000 -27.00000 19.00000
69.00000 -27.50000 20.00000
69.50000 -27.00000 20.00000
69.00000 -27.00000 20.50000
69.00000 -26.00000 0.50000
69.50000 -26.00000 15.00000
69.50000 -26.00000 16.00000
69.50000 -26.00000 17.00000
69.50000 -26.00000 18.00000
69.50000 -26.00000 19.00000
69.50000 -26.00000 20.00000
69.00000 -26.00000 20.50000
69.00000 -25.00000 0.50000
69.50000 -25.00000 15.00000
69.50000 -25.00000 16.00000
69.50000 -25.00000 17.00000
69.00000 -25.00000 17.50000
69.00000 -25.50000 18.00000
69.00000 -25.50000 19.00000
69.00000 -25.50000 20.00000
69.50000 -24.00000 0.00000
69.00000 -24.00000 -0.50000
69.00000 -24.50000 0.00000
69.50000 -24.00000 15.00000
69.50000 -24.00000 16.00000
69.00000 -24.00000 16.50000
69.00000 -24.50000 17.00000
69.00000 -23.00000 -0.50000
69.50000 -23.00000 14.00000
69.50000 -23.00000 15.00000
69.50000 -23.00000 16.00000
69.00000 -23.00000 16.50000
69.00000 -22.00000 -0.50000
69.50000 -22.00000 14.00000
69.50000 -22.00000 15.00000
69.00000 -22.00000 15.50000
69.00000 -22.50000 16.00000
69.50000 -21.00000 -1.00000
69.00000 -21.00000 -1.50000
69.00000 -21.50000 -1.00000
69.50000 -21.00000 13.00000
69.50000 -21.00000 14.00000
69.00000 -21.00000 14.50000
69.00000 -21.50000 15.00000
69.50000 -20.00000 -1.00000
69.00000 -20.00000 -1.50000
69.50000 -20.00000 13.00000
69.00000 -20.00000 13.50000
69.00000 -20.50000 14.00000
69.50000 -19.00000 -1.00000
69.00000 -19.00000 -1.50000
69.50000 -19.00000 12.00000
69.50000 -19.00000 13.00000
69.00000 -19.00000 13.50000
69.50000 -18.00000 -1.00000
69.00000 -18.00000 -1.50000
69.50000 -18.00000 11.00000
69.50000 -18.00000 12.00000
69.00000 -18.00000 12.50000
69.00000 -18.50000 13.00000
69.50000 -17.00000 -1.00000
69.00000 -17.00000 -1.50000
69.50000 -17.00000 0.00000
69.50000 -17.00000 1.00000
69.50000 -17.00000 10.00000
69.50000 -17.00000 11.00000
69.00000 -17.00000 11.50000
69.00000 -17.50000 12.00000
69.50000 -16.00000 -2.00000
69.00000 -16.00000 -2.50000
69.00000 -16.50000 -2.00000
69.50000 -16.00000 -1.00000
69.50000 -16.00000 0.00000
69.50000 -16.00000 1.00000
69.50000 -16.00000 2.00000
69.50000 -16.00000 3.00000
69.50000 -16.00000 9.00000
69.50000 -16.00000 10.00000
69.00000 -16.00000 10.50000
69.00000 -16.50000 11.00000
69.50000 -15.00000 -2.00000
69.00000 -15.00000 -2.50000
69.50000 -15.00000 -1.00000
69.50000 -15.00000 0.00000
69.50000 -15.00000 1.00000
69.50000 -15.00000 2.00000
69.50000 -15.00000 3.00000
69.50000 -15.00000 4.00000
69.50000 -15.00000 7.00000
69.50000 -15.00000 8.00000
69.50000 -15.00000 9.00000
69.50000 -15.00000 10.00000
69.00000 -15.00000 10.50000
69.50000 -14.00000 -2.00000
69.00000 -14.00000 -2.50000
69.50000 -14.00000 -1.00000
69.50000 -14.00000 0.00000
69.50000 -14.00000 1.00000
69.50000 -14.00000 2.00000
69.50000 -14.00000 3.00000
69.50000 -14.00000 4.00000
69.50000 -14.00000 5.00000
69.50000 -14.00000 6.00000
69.50000 -14.00000 7.00000
69.50000 -14.00000 8.00000
69.50000 -14.00000 9.00000
69.00000 -14.00000 9.50000
69.00000 -14.50000 10.00000
69.50000 -13.00000 -2.00000
69.00000 -13.00000 -2.50000
69.50000 -13.00000 -1.00000
69.50000 -13.00000 0.00000
69.50000 -13.00000 1.00000
69.50000 -13.00000 2.00000
69.50000 -13.00000 3.00000
69.50000 -13.00000 4.00000
69.50000 -13.00000 5.00000
69.50000 -13.00000 6.00000
69.50000 -13.00000 7.00000
69.50000 -13.00000 8.00000
69.00000 -13.00000 8.50000
69.00000 -13.50000 9.00000
69.00000 -12.50000 -2.00000
69.50000 -12.00000 -1.00000
69.00000 -12.00000 -1.50000
69.50000 -12.00000 0.00000
69.50000 -12.00000 1.00000
69.50000 -12.00000 2.00000
69.50000 -12.00000 3.00000
69.50000 -12.00000 4.00000
69.50000 -12.00000 5.00000
69.50000 -12.00000 6.00000
69.50000 -12.00000 7.00000
69.00000 -12.00000 7.50000
69.00000 -12.50000 8.00000
69.00000 -11.50000 -1.00000
69.50000 -11.00000 0.00000
69.00000 -11.00000 -0.50000
69.50000 -11.00000 1.00000
69.50000 -11.00000 2.00000
69.50000 -11.00000 3.00000
69.50000 -11.00000 4.00000
69.50000 -11.00000 5.00000
69.50000 -11.00000 6.00000
69.00000 -11.00000 6.50000
69.00000 -11.50000 7.00000
69.00000 -10.50000 0.00000
69.50000 -10.00000 1.00000
69.00000 -10.00000 0.50000
69.50000 -10.00000 2.00000
69.50000 -10.00000 3.00000
69.50000 -10.00000 4.00000
69.50000 -10.00000 5.00000
69.00000 -10.00000 5.50000
69.00000 -10.50000 6.00000
69.00000 -9.50000 1.00000
69.50000 -9.00000 2.00000
69.00000 -9.00000 1.50000
69.50000 -9.00000 3.00000
69.00000 -9.00000 3.50000
69.00000 -9.50000 4.00000
69.00000 -9.50000 5.00000
69.00000 -8.50000 2.00000
69.00000 -8.50000 3.00000
68.50000 -41.00000 11.00000
68.00000 -41.00000 10.50000
68.00000 -41.50000 11.00000
68.00000 -41.50000 12.00000
68.00000 -41.50000 13.00000
68.00000 -41.50000 14.00000
68.00000 -41.50000 15.00000
68.00000 -41.00000 15.50000
68.50000 -40.00000 10.00000
68.00000 -40.00000 9.50000
68.00000 -40.50000 10.00000
68.50000 -40.00000 16.00000
68.00000 -40.00000 15.50000
68.00000 -39.00000 8.50000
68.00000 -39.50000 9.00000
68.50000 -39.00000 16.00000
68.00000 -39.00000 15.50000
68.00000 -38.00000 7.50000
68.00000 -38.50000 8.00000
68.00000 -38.00000 15.50000
68.00000 -37.00000 6.50000
68.00000 -37.50000 7.00000
68.50000 -37.00000 16.00000
68.00000 -37.00000 15.50000
68.00000 -36.00000 5.50000
68.00000 -36.50000 6.00000
68.50000 -36.00000 16.00000
68.00000 -36.00000 15.50000
68.50000 -35.00000 5.00000
68.00000 -35.00000 4.50000
68.00000 -35.50000 5.00000
68.00000 -35.50000 16.00000
68.00000 -35.00000 16.50000
68.00000 -34.00000 4.50000
68.00000 -34.00000 16.50000
68.00000 -33.00000 3.50000
68.00000 -33.50000 4.00000
68.00000 -33.00000 16.50000
68.00000 -32.00000 3.50000
68.00000 -32.50000 16.00000
68.00000 -32.00000 15.50000
68.00000 -31.00000 2.50000
68.00000 -31.50000 3.00000
68.00000 -31.00000 15.50000
68.50000 -31.00000 18.00000
68.00000 -31.00000 17.50000
68.00000 -31.50000 18.00000
68.00000 -31.00000 18.50000
68.50000 -30.00000 2.00000
68.00000 -30.00000 1.50000
68.00000 -30.50000 2.00000
68.00000 -30.50000 16.00000
68.50000 -30.00000 16.00000
68.00000 -30.50000 17.00000
68.50000 -30.00000 17.00000
68.50000 -30.00000 18.00000
68.00000 -30.00000 18.50000
68.50000 -30.00000 19.00000
68.00000 -29.00000 1.50000
68.50000 -29.00000 16.00000
68.50000 -29.00000 17.00000
68.50000 -29.00000 18.00000
68.50000 -29.50000 18.50000
68.00000 -29.50000 19.00000
68.00000 -29.00000 19.50000
68.50000 -28.00000 1.00000
68.00000 -28.00000 0.50000
68.00000 -28.50000 1.00000
68.50000 -28.00000 17.00000
68.00000 -28.00000 19.50000
68.00000 -27.00000 0.50000
68.50000 -27.00000 20.00000
68.00000 -27.00000 19.50000
68.00000 -26.00000 0.50000
68.00000 -26.50000 20.00000
68.00000 -26.00000 20.50000
68.50000 -25.00000 0.00000
68.00000 -25.00000 -0.50000
68.00000 -25.50000 0.00000
68.50000 -25.00000 18.00000
68.50000 -25.00000 19.00000
68.50000 -25.00000 20.00000
68.00000 -25.00000 20.50000
68.00000 -24.00000 -0.50000
68.50000 -24.00000 17.00000
68.50000 -24.00000 18.00000
68.00000 -24.00000 18.50000
68.00000 -24.50000 19.00000
68.00000 -24.50000 20.00000
68.00000 -23.00000 -0.50000
68.00000 -23.50000 17.00000
68.00000 -23.00000 16.50000
68.00000 -23.50000 18.00000
68.50000 -22.00000 -1.00000
68.00000 -22.00000 -1.50000
68.00000 -22.50000 -1.00000
68.00000 -22.50000 16.00000
68.00000 -22.00000 15.50000
68.00000 -21.00000 -1.50000
68.50000 -21.00000 15.00000
68.00000 -21.00000 15.50000
68.00000 -20.00000 -1.50000
68.50000 -20.00000 14.00000
68.00000 -20.00000 14.50000
68.00000 -20.50000 15.00000
68.50000 -19.00000 -2.00000
68.00000 -19.00000 -2.50000
68.00000 -19.50000 -2.00000
68.00000 -19.50000 14.00000
68.00000 -19.00000 13.50000
68.50000 -18.00000 -2.00000
68.00000 -18.00000 -2.50000
68.50000 -18.00000 13.00000
68.00000 -18.00000 13.50000
68.50000 -17.00000 -2.00000
68.00000 -17.00000 -2.50000
68.50000 -17.00000 12.00000
68.00000 -17.00000 12.50000
68.00000 -17.50000 13.00000
68.00000 -16.00000 -2.50000
68.50000 -16.00000 11.00000
68.00000 -16.00000 11.50000
68.00000 -16.50000 12.00000
68.50000 -15.00000 -3.00000
68.00000 -15.00000 -3.50000
68.00000 -15.50000 -3.00000
68.50000 -15.00000 11.00000
68.00000 -15.00000 11.50000
68.50000 -14.00000 -3.00000
68.00000 -14.00000 -3.50000
68.50000 -14.00000 10.00000
68.00000 -14.00000 10.50000
68.00000 -14.50000 11.00000
68.50000 -13.00000 -3.00000
68.00000 -13.00000 -3.50000
68.50000 -13.00000 9.00000
68.00000 -13.00000 9.50000
68.00000 -13.50000 10.00000
68.50000 -12.00000 -4.00000
68.00000 -12.00000 -4.50000
68.00000 -12.50000 -4.00000
68.50000 -12.00000 -3.00000
68.50000 -12.00000 -2.00000
68.50000 -12.00000 8.00000
68.00000 -12.00000 8.50000
68.00000 -12.50000 9.00000
68.50000 -11.00000 -4.00000
68.00000 -11.00000 -4.50000
68.50000 -11.00000 -3.00000
68.50000 -11.00000 -2.00000
68.50000 -11.00000 -1.00000
68.50000 -11.00000 7.00000
68.00000 -11.00000 7.50000
68.00000 -11.50000 8.00000
68.50000 -10.00000 -4.00000
68.00000 -10.00000 -4.50000
68.50000 -10.00000 -3.00000
68.50000 -10.00000 -2.00000
68.50000 -10.00000 -1.00000
68.50000 -10.00000 0.00000
68.50000 -10.00000 6.00000
68.50000 -10.00000 7.00000
68.00000 -10.00000 7.50000
68.00000 -9.50000 -4.00000
68.50000 -9.00000 -3.00000
68.00000 -9.00000 -3.50000
68.50000 -9.00000 -2.00000
68.50000 -9.00000 -1.00000
68.50000 -9.00000 0.00000
68.50000 -9.00000 1.00000
68.50000 -9.00000 4.00000
68.50000 -9.00000 5.00000
68.50000 -9.00000 6.00000
68.00000 -9.00000 6.50000
68.00000 -9.50000 7.00000
68.00000 -8.50000 -3.00000
68.00000 -8.50000 -2.00000
68.50000 -8.00000 -1.00000
68.00000 -8.00000 -1.50000
68.50000 -8.00000 0.00000
68.50000 -8.00000 1.00000
68.50000 -8.00000 2.00000
68.50000 -8.00000 3.00000
68.50000 -8.00000 4.00000
68.50000 -8.00000 5.00000
68.00000 -8.00000 5.50000
68.00000 -8.50000 6.00000
68.00000 -7.50000 -1.00000
68.50000 -7.00000 0.00000
68.00000 -7.00000 -0.50000
68.50000 -7.00000 1.00000
68.50000 -7.00000 2.00000
68.50000 -7.00000 3.00000
68.50000 -7.00000 4.00000
68.00000 -7.00000 4.50000
68.00000 -7.50000 5.00000
68.00000 -6.50000 0.00000
68.00000 -6.50000 1.00000
68.50000 -6.00000 2.00000
68.00000 -6.00000 1.50000
68.00000 -6.00000 2.50000
68.00000 -6.50000 3.00000
68.00000 -6.50000 4.00000
68.00000 -5.50000 2.00000
67.50000 -41.00000 11.00000
67.50000 -41.00000 12.00000
67.50000 -41.00000 13.00000
67.50000 -41.00000 14.00000
67.50000 -41.00000 15.00000
67.50000 -40.00000 10.00000
67.50000 -40.00000 11.00000
67.50000 -40.00000 12.00000
67.00000 -40.00000 12.50000
67.00000 -40.50000 13.00000
67.00000 -40.50000 14.00000
67.00000 -40.00000 14.50000
67.50000 -40.00000 15.00000
67.50000 -39.00000 9.00000
67.50000 -39.00000 10.00000
67.00000 -39.00000 10.50000
67.00000 -39.50000 11.00000
67.00000 -39.50000 12.00000
67.50000 -39.00000 15.00000
67.00000 -39.00000 14.50000
67.50000 -38.00000 8.00000
67.00000 -38.00000 8.50000
67.00000 -38.50000 9.00000
67.00000 -38.50000 10.00000
67.50000 -38.00000 15.00000
67.00000 -38.00000 14.50000
67.00000 -37.00000 6.50000
67.00000 -37.50000 7.00000
67.00000 -37.50000 8.00000
67.50000 -37.00000 15.00000
67.00000 -37.00000 14.50000
67.00000 -36.00000 5.50000
67.00000 -36.50000 6.00000
67.00000 -36.50000 15.00000
67.00000 -36.00000 15.50000
67.00000 -35.00000 4.50000
67.00000 -35.50000 5.00000
67.50000 -35.00000 10.00000
67.00000 -35.50000 10.00000
67.00000 -35.00000 9.50000
67.00000 -35.00000 10.50000
67.50000 -35.00000 16.00000
67.00000 -35.00000 15.50000
67.50000 -34.00000 4.00000
67.00000 -34.00000 3.50000
67.00000 -34.50000 4.00000
67.50000 -34.00000 9.00000
67.00000 -34.50000 9.00000
67.00000 -34.00000 8.50000
67.50000 -34.00000 10.00000
67.00000 -34.00000 10.50000
67.00000 -34.50000 16.00000
67.00000 -34.00000 16.50000
67.00000 -33.00000 3.50000
67.50000 -33.00000 8.00000
67.00000 -33.50000 8.00000
67.00000 -33.00000 7.50000
67.50000 -33.00000 9.00000
67.50000 -33.00000 10.00000
67.00000 -33.00000 10.50000
67.00000 -33.00000 16.50000
67.50000 -32.00000 3.00000
67.00000 -32.00000 2.50000
67.00000 -32.50000 3.00000
67.50000 -32.00000 8.00000
67.00000 -32.00000 7.50000
67.50000 -32.00000 9.00000
67.00000 -32.00000 9.50000
67.00000 -32.50000 10.00000
67.00000 -32.50000 16.00000
67.00000 -32.00000 15.50000
67.50000 -32.00000 18.00000
67.00000 -32.00000 17.50000
67.00000 -32.50000 18.00000
67.00000 -32.00000 18.50000
67.00000 -31.00000 2.50000
67.50000 -31.00000 7.00000
67.00000 -31.50000 7.00000
67.00000 -31.00000 6.50000
67.50000 -31.00000 8.00000
67.00000 -31.00000 8.50000
67.00000 -31.50000 9.00000
67.00000 -31.00000 15.50000
67.00000 -31.00000 17.50000
67.00000 -31.00000 18.50000
67.00000 -30.00000 1.50000
67.00000 -30.50000 2.00000
67.50000 -30.00000 6.00000
67.00000 -30.50000 6.00000
67.00000 -30.00000 5.50000
67.50000 -30.00000 7.00000
67.00000 -30.00000 7.50000
67.00000 -30.50000 8.00000
67.00000 -30.50000 16.00000
67.00000 -30.50000 17.00000
67.00000 -30.50000 19.00000
67.50000 -30.00000 19.00000
67.00000 -30.00000 19.50000
67.00000 -29.00000 1.50000
67.50000 -29.00000 5.00000
67.00000 -29.50000 5.00000
67.00000 -29.00000 4.50000
67.50000 -29.00000 6.00000
67.00000 -29.00000 6.50000
67.00000 -29.50000 7.00000
67.00000 -29.00000 19.50000
67.00000 -28.00000 0.50000
67.00000 -28.50000 1.00000
67.50000 -28.00000 5.00000
67.00000 -28.00000 4.50000
67.50000 -28.00000 6.00000
67.00000 -28.00000 6.50000
67.00000 -28.00000 19.50000
67.00000 -27.00000 0.50000
67.50000 -27.00000 5.00000
67.00000 -27.00000 4.50000
67.50000 -27.00000 6.00000
67.00000 -27.00000 6.50000
67.00000 -27.00000 19.50000
67.00000 -26.00000 0.50000
67.50000 -26.00000 4.00000
67.00000 -26.50000 4.00000
67.00000 -26.00000 3.50000
67.50000 -26.00000 5.00000
67.50000 -26.00000 6.00000
67.00000 -26.00000 6.50000
67.00000 -26.50000 20.00000
67.00000 -26.00000 20.50000
67.00000 -25.00000 -0.50000
67.00000 -25.50000 0.00000
67.50000 -25.00000 4.00000
67.00000 -25.00000 3.50000
67.50000 -25.00000 5.00000
67.50000 -25.00000 6.00000
67.00000 -25.50000 7.00000
67.50000 -25.00000 7.00000
67.00000 -25.00000 7.50000
67.00000 -25.00000 20.50000
67.00000 -24.00000 -0.50000
67.50000 -24.00000 4.00000
67.00000 -24.00000 3.50000
67.50000 -24.00000 5.00000
67.50000 -24.00000 6.00000
67.50000 -24.00000 7.00000
67.00000 -24.00000 7.50000
67.00000 -24.50000 19.00000
67.00000 -24.00000 18.50000
67.00000 -24.50000 20.00000
67.50000 -23.00000 -1.00000
67.00000 -23.00000 -1.50000
67.00000 -23.50000 -1.00000
67.50000 -23.00000 3.00000
67.00000 -23.50000 3.00000
67.00000 -23.00000 2.50000
67.50000 -23.00000 4.00000
67.50000 -23.00000 5.00000
67.50000 -23.00000 6.00000
67.50000 -23.00000 7.00000
67.00000 -23.00000 7.50000
67.00000 -23.50000 17.00000
67.00000 -23.00000 16.50000
67.00000 -23.50000 18.00000
67.00000 -22.00000 -1.50000
67.50000 -22.00000 3.00000
67.00000 -22.00000 2.50000
67.50000 -22.00000 4.00000
67.50000 -22.00000 5.00000
67.50000 -22.00000 6.00000
67.50000 -22.00000 7.00000
67.00000 -22.00000 7.50000
67.00000 -22.50000 16.00000
67.00000 -22.00000 15.50000
67.00000 -21.00000 -1.50000
67.50000 -21.00000 3.00000
67.00000 -21.00000 2.50000
67.50000 -21.00000 4.00000
67.50000 -21.00000 5.00000
67.00000 -21.00000 5.50000
67.00000 -21.50000 6.00000
67.00000 -21.50000 7.00000
67.00000 -21.00000 15.50000
67.50000 -20.00000 -2.00000
67.00000 -20.00000 -2.50000
67.00000 -20.50000 -2.00000
67.00000 -20.50000 3.00000
67.00000 -20.50000 4.00000
67.00000 -20.50000 5.00000
67.00000 -20.50000 15.00000
67.00000 -20.00000 14.50000
67.00000 -19.00000 -2.50000
67.00000 -19.50000 14.00000
67.00000 -19.00000 13.50000
67.00000 -18.00000 -2.50000
67.00000 -18.00000 13.50000
67.50000 -17.00000 -3.00000
67.00000 -17.00000 -3.50000
67.00000 -17.50000 -3.00000
67.00000 -17.50000 13.00000
67.00000 -17.00000 12.50000
67.50000 -16.00000 -3.00000
67.00000 -16.00000 -3.50000
67.00000 -16.50000 12.00000
67.00000 -16.00000 11.50000
67.00000 -15.00000 -3.50000
67.00000 -15.00000 11.50000
67.50000 -14.00000 -4.00000
67.00000 -14.00000 -4.50000
67.00000 -14.50000 -4.00000
67.00000 -14.50000 11.00000
67.00000 -14.00000 10.50000
67.50000 -13.00000 -4.00000
67.00000 -13.00000 -4.50000
67.00000 -13.50000 10.00000
67.00000 -13.00000 9.50000
67.50000 -12.00000 -5.00000
67.00000 -12.00000 -5.50000
67.00000 -12.50000 -5.00000
67.00000 -12.50000 9.00000
67.00000 -12.00000 8.50000
67.50000 -11.00000 -5.00000
67.00000 -11.00000 -5.50000
67.50000 -11.00000 8.00000
67.00000 -11.00000 8.50000
67.50000 -10.00000 -5.00000
67.00000 -10.00000 -5.50000
67.00000 -10.50000 8.00000
67.00000 -10.00000 7.50000
67.50000 -9.00000 -5.00000
67.00000 -9.00000 -5.50000
67.50000 -9.00000 -4.00000
67.00000 -9.50000 7.00000
67.00000 -9.00000 6.50000
67.50000 -8.00000 -5.00000
67.00000 -8.00000 -5.50000
67.50000 -8.00000 -4.00000
67.50000 -8.00000 -3.00000
67.50000 -8.00000 -2.00000
67.50000 -8.00000 6.00000
67.00000 -8.00000 6.50000
67.00000 -7.50000 -5.00000
67.50000 -7.00000 -4.00000
67.00000 -7.00000 -4.50000
67.50000 -7.00000 -3.00000
67.50000 -7.00000 -2.00000
67.50000 -7.00000 -1.00000
67.50000 -7.00000 5.00000
67.00000 -7.00000 5.50000
67.00000 -7.50000 6.00000
67.50000 -6.00000 -4.00000
67.00000 -6.00000 -4.50000
67.50000 -6.00000 -3.00000
67.50000 -6.00000 -2.00000
67.50000 -6.00000 -1.00000
67.50000 -6.00000 0.00000
67.50000 -6.00000 1.00000
67.50000 -6.00000 3.00000
67.50000 -6.00000 4.00000
67.00000 -6.00000 4.50000
67.00000 -6.50000 5.00000
67.00000 -5.50000 -4.00000
67.50000 -5.00000 -3.00000
67.00000 -5.00000 -3.50000
67.50000 -5.00000 -2.00000
67.50000 -5.00000 -1.00000
67.50000 -5.00000 0.00000
67.50000 -5.00000 1.00000
67.50000 -5.00000 2.00000
67.50000 -5.00000 3.00000
67.50000 -5.00000 4.00000
67.00000 -5.00000 4.50000
67.00000 -4.50000 -3.00000
67.00000 -4.50000 -2.00000
67.50000 -4.00000 -1.00000
67.00000 -4.00000 -1.50000
67.50000 -4.00000 0.00000
67.50000 -4.00000 1.00000
67.50000 -4.00000 2.00000
67.50000 -4.00000 3.00000
67.00000 -4.00000 3.50000
67.00000 -4.50000 4.00000
67.00000 -3.50000 -1.00000
67.50000 -3.00000 0.00000
67.00000 -3.00000 -0.50000
67.50000 -3.00000 1.00000
67.00000 -3.00000 1.50000
67.00000 -3.50000 2.00000
67.00000 -3.50000 3.00000
67.00000 -2.50000 0.00000
67.00000 -2.50000 1.00000
66.50000 -40.00000 13.00000
66.50000 -40.00000 14.00000
66.50000 -39.00000 11.00000
66.50000 -39.00000 12.00000
66.50000 -39.00000 13.00000
66.50000 -39.00000 14.00000
66.50000 -38.00000 9.00000
66.50000 -38.00000 10.00000
66.50000 -38.00000 11.00000
66.50000 -38.00000 12.00000
66.50000 -38.00000 13.00000
66.50000 -38.00000 14.00000
66.50000 -37.00000 7.00000
66.50000 -37.00000 8.00000
66.50000 -37.00000 9.00000
66.50000 -37.00000 10.00000
66.50000 -37.00000 11.00000
66.50000 -37.00000 12.00000
66.50000 -37.00000 13.00000
66.00000 -37.00000 13.50000
66.00000 -37.50000 14.00000
66.00000 -37.00000 14.50000
66.00000 -36.00000 5.50000
66.00000 -36.50000 6.00000
66.00000 -36.50000 7.00000
66.00000 -36.50000 8.00000
66.00000 -36.50000 9.00000
66.00000 -36.00000 9.50000
66.50000 -36.00000 10.00000
66.50000 -36.00000 11.00000
66.50000 -36.00000 12.00000
66.50000 -36.00000 13.00000
66.00000 -36.00000 13.50000
66.50000 -36.00000 15.00000
66.00000 -36.00000 14.50000
66.00000 -35.00000 4.50000
66.00000 -35.50000 5.00000
66.00000 -35.00000 9.50000
66.50000 -35.00000 11.00000
66.50000 -35.00000 12.00000
66.00000 -35.00000 12.50000
66.00000 -35.50000 13.00000
66.00000 -35.50000 15.00000
66.00000 -35.00000 15.50000
66.00000 -34.00000 3.50000
66.00000 -34.50000 4.00000
66.00000 -34.50000 9.00000
66.00000 -34.00000 8.50000
66.50000 -34.00000 11.00000
66.00000 -34.00000 11.50000
66.00000 -34.50000 12.00000
66.00000 -34.50000 16.00000
66.00000 -34.00000 16.50000
66.00000 -33.00000 3.50000
66.00000 -33.50000 8.00000
66.00000 -33.00000 7.50000
66.50000 -33.00000 11.00000
66.00000 -33.00000 11.50000
66.50000 -33.00000 16.00000
66.00000 -33.50000 16.00000
66.00000 -33.00000 15.50000
66.00000 -32.00000 2.50000
66.00000 -32.50000 3.00000
66.50000 -32.00000 7.00000
66.00000 -32.50000 7.00000
66.00000 -32.00000 6.50000
66.50000 -32.00000 10.00000
66.50000 -32.00000 11.00000
66.00000 -32.00000 11.50000
66.00000 -32.00000 15.50000
66.00000 -32.00000 17.50000
66.00000 -32.50000 18.00000
66.00000 -32.00000 18.50000
66.00000 -31.00000 2.50000
66.00000 -31.00000 6.50000
66.50000 -31.00000 9.00000
66.50000 -31.00000 10.00000
66.50000 -31.00000 11.00000
66.00000 -31.00000 11.50000
66.00000 -31.50000 16.00000
66.50000 -31.00000 16.00000
66.00000 -31.50000 17.00000
66.50000 -31.00000 17.00000
66.00000 -31.00000 18.50000
66.00000 -30.00000 1.50000
66.00000 -30.50000 2.00000
66.00000 -30.50000 6.00000
66.00000 -30.00000 5.50000
66.50000 -30.00000 8.00000
66.50000 -30.00000 9.00000
66.50000 -30.00000 10.00000
66.50000 -30.00000 11.00000
66.00000 -30.50000 12.00000
66.50000 -30.00000 12.00000
66.00000 -30.00000 12.50000
66.00000 -30.50000 19.00000
66.00000 -30.00000 19.50000
66.00000 -29.00000 1.50000
66.00000 -29.50000 5.00000
66.00000 -29.00000 4.50000
66.50000 -29.00000 7.00000
66.00000 -29.00000 7.50000
66.00000 -29.50000 8.00000
66.00000 -29.50000 9.00000
66.00000 -29.50000 10.00000
66.00000 -29.00000 10.50000
66.50000 -29.00000 11.00000
66.50000 -29.00000 12.00000
66.00000 -29.50000 13.00000
66.50000 -29.00000 13.00000
66.00000 -29.00000 13.50000
66.00000 -29.00000 19.50000
66.00000 -28.00000 0.50000
66.00000 -28.50000 1.00000
66.00000 -28.00000 4.50000
66.50000 -28.00000 7.00000
66.00000 -28.00000 7.50000
66.00000 -28.50000 11.00000
66.00000 -28.00000 11.50000
66.50000 -28.00000 12.00000
66.50000 -28.00000 13.00000
66.00000 -28.50000 14.00000
66.50000 -28.00000 14.00000
66.00000 -28.00000 14.50000
66.00000 -28.00000 19.50000
66.00000 -27.00000 0.50000
66.00000 -27.00000 4.50000
66.50000 -27.00000 7.00000
66.00000 -27.00000 7.50000
66.50000 -27.00000 12.00000
66.00000 -27.00000 11.50000
66.50000 -27.00000 13.00000
66.50000 -27.00000 14.00000
66.00000 -27.50000 15.00000
66.50000 -27.00000 15.00000
66.00000 -27.00000 15.50000
66.00000 -27.00000 19.50000
66.00000 -26.00000 0.50000
66.00000 -26.50000 4.00000
66.00000 -26.00000 3.50000
66.50000 -26.00000 7.00000
66.00000 -26.00000 7.50000
66.50000 -26.00000 12.00000
66.00000 -26.00000 11.50000
66.50000 -26.00000 13.00000
66.50000 -26.00000 14.00000
66.00000 -26.00000 14.50000
66.00000 -26.50000 15.00000
66.00000 -26.50000 20.00000
66.00000 -26.00000 20.50000
66.00000 -25.00000 -0.50000
66.00000 -25.50000 0.00000
66.00000 -25.00000 3.50000
66.00000 -25.00000 7.50000
66.50000 -25.00000 12.00000
66.00000 -25.00000 11.50000
66.50000 -25.00000 13.00000
66.00000 -25.00000 13.50000
66.00000 -25.50000 14.00000
66.00000 -25.00000 20.50000
66.00000 -24.00000 -0.50000
66.50000 -24.00000 3.00000
66.00000 -24.50000 3.00000
66.00000 -24.00000 2.50000
66.00000 -24.00000 7.50000
66.00000 -24.50000 12.00000
66.00000 -24.50000 13.00000
66.50000 -24.00000 18.00000
66.00000 -24.50000 18.00000
66.00000 -24.00000 17.50000
66.00000 -24.50000 19.00000
66.00000 -24.50000 20.00000
66.00000 -23.00000 -1.50000
66.00000 -23.50000 -1.00000
66.00000 -23.00000 2.50000
66.00000 -23.50000 8.00000
66.50000 -23.00000 8.00000
66.00000 -23.00000 8.50000
66.00000 -23.50000 17.00000
66.00000 -23.00000 16.50000
66.00000 -22.00000 -1.50000
66.00000 -22.00000 2.50000
66.50000 -22.00000 8.00000
66.00000 -22.00000 8.50000
66.00000 -22.50000 16.00000
66.00000 -22.00000 15.50000
66.00000 -21.00000 -1.50000
66.00000 -21.00000 2.50000
66.50000 -21.00000 6.00000
66.50000 -21.00000 7.00000
66.50000 -21.00000 8.00000
66.00000 -21.50000 9.00000
66.50000 -21.00000 9.00000
66.00000 -21.00000 9.50000
66.50000 -21.00000 15.00000
66.00000 -21.50000 15.00000
66.00000 -21.00000 14.50000
66.00000 -20.00000 -2.50000
66.00000 -20.50000 -2.00000
66.00000 -20.50000 3.00000
66.00000 -20.50000 4.00000
66.50000 -20.00000 5.00000
66.00000 -20.00000 4.50000
66.50000 -20.00000 6.00000
66.50000 -20.00000 7.00000
66.50000 -20.00000 8.00000
66.50000 -20.00000 9.00000
66.00000 -20.00000 9.50000
66.00000 -20.00000 14.50000
66.00000 -19.00000 -2.50000
66.00000 -19.50000 5.00000
66.00000 -19.00000 5.50000
66.50000 -19.00000 6.00000
66.50000 -19.00000 7.00000
66.50000 -19.00000 8.00000
66.00000 -19.00000 8.50000
66.00000 -19.50000 9.00000
66.00000 -19.50000 14.00000
66.00000 -19.00000 13.50000
66.00000 -18.00000 -2.50000
66.50000 -18.00000 6.00000
66.00000 -18.00000 5.50000
66.50000 -18.00000 7.00000
66.50000 -18.00000 8.00000
66.00000 -18.00000 8.50000
66.50000 -18.00000 13.00000
66.00000 -18.50000 13.00000
66.00000 -18.00000 12.50000
66.00000 -17.00000 -3.50000
66.00000 -17.50000 -3.00000
66.50000 -17.00000 6.00000
66.00000 -17.00000 5.50000
66.50000 -17.00000 7.00000
66.00000 -17.00000 7.50000
66.00000 -17.50000 8.00000
66.00000 -17.00000 12.50000
66.00000 -16.00000 -3.50000
66.50000 -16.00000 6.00000
66.00000 -16.00000 5.50000
66.50000 -16.00000 7.00000
66.00000 -16.00000 7.50000
66.00000 -16.50000 12.00000
66.00000 -16.00000 11.50000
66.50000 -15.00000 -4.00000
66.00000 -15.00000 -4.50000
66.00000 -15.50000 -4.00000
66.50000 -15.00000 5.00000
66.00000 -15.50000 5.00000
66.00000 -15.00000 4.50000
66.50000 -15.00000 6.00000
66.00000 -15.00000 6.50000
66.00000 -15.50000 7.00000
66.00000 -15.00000 11.50000
66.00000 -14.00000 -4.50000
66.50000 -14.00000 5.00000
66.00000 -14.00000 4.50000
66.00000 -14.00000 5.50000
66.00000 -14.50000 6.00000
66.00000 -14.50000 11.00000
66.00000 -14.00000 10.50000
66.50000 -13.00000 -5.00000
66.00000 -13.00000 -5.50000
66.00000 -13.50000 -5.00000
66.00000 -13.50000 5.00000
66.00000 -13.50000 10.00000
66.00000 -13.00000 9.50000
66.00000 -12.00000 -5.50000
66.00000 -12.50000 9.00000
66.00000 -12.00000 8.50000
66.00000 -11.00000 -5.50000
66.00000 -11.00000 8.50000
66.00000 -10.00000 -5.50000
66.00000 -10.50000 8.00000
66.00000 -10.00000 7.50000
66.00000 -9.00000 -5.50000
66.00000 -9.50000 7.00000
66.00000 -9.00000 6.50000
66.00000 -8.00000 -5.50000
66.00000 -8.00000 6.50000
66.50000 -7.00000 -5.00000
66.00000 -7.00000 -5.50000
66.00000 -7.50000 6.00000
66.00000 -7.00000 5.50000
66.50000 -6.00000 -5.00000
66.00000 -6.00000 -5.50000
66.50000 -6.00000 5.00000
66.00000 -6.00000 5.50000
66.50000 -5.00000 -6.00000
66.00000 -5.00000 -6.50000
66.00000 -5.50000 -6.00000
66.50000 -5.00000 -5.00000
66.50000 -5.00000 -4.00000
66.00000 -5.50000 5.00000
66.00000 -5.00000 4.50000
66.00000 -4.50000 -6.00000
66.50000 -4.00000 -5.00000
66.00000 -4.00000 -5.50000
66.50000 -4.00000 -4.00000
66.50000 -4.00000 -3.00000
66.50000 -4.00000 -2.00000
66.50000 -4.00000 4.00000
66.00000 -4.00000 4.50000
66.00000 -3.50000 -5.00000
66.00000 -3.50000 -4.00000
66.50000 -3.00000 -3.00000
66.00000 -3.00000 -3.50000
66.50000 -3.00000 -2.00000
66.50000 -3.00000 -1.00000
66.50000 -3.00000 2.00000
66.50000 -3.00000 3.00000
66.00000 -3.00000 3.50000
66.00000 -3.50000 4.00000
66.00000 -2.50000 -3.00000
66.50000 -2.00000 -2.00000
66.00000 -2.00000 -2.50000
66.50000 -2.00000 -1.00000
66.50000 -2.00000 0.00000
66.50000 -2.00000 1.00000
66.50000 -2.00000 2.00000
66.00000 -2.00000 2.50000
66.00000 -2.50000 3.00000
66.00000 -1.50000 -2.00000
66.50000 -1.00000 -1.00000
66.00000 -1.00000 -1.50000
66.50000 -1.00000 0.00000
66.50000 -1.00000 1.00000
66.00000 -1.00000 1.50000
66.00000 -1.50000 2.00000
66.00000 -0.50000 -1.00000
66.00000 -0.50000 0.00000
66.00000 -0.50000 1.00000
65.50000 -37.00000 14.00000
65.50000 -36.00000 6.00000
65.50000 -36.00000 7.00000
65.50000 -36.00000 8.00000
65.50000 -36.00000 9.00000
65.50000 -36.00000 14.00000
65.00000 -35.00000 4.50000
65.00000 -35.50000 5.00000
65.50000 -35.00000 6.00000
65.00000 -35.00000 5.50000
65.50000 -35.00000 7.00000
65.50000 -35.00000 8.00000
65.50000 -35.00000 9.00000
65.50000 -35.00000 13.00000
65.00000 -35.00000 13.50000
65.00000 -35.50000 14.00000
65.00000 -35.50000 15.00000
65.00000 -35.00000 15.50000
65.00000 -34.00000 3.50000
65.00000 -34.50000 4.00000
65.00000 -34.50000 6.00000
65.00000 -34.50000 7.00000
65.00000 -34.00000 7.50000
65.50000 -34.00000 8.00000
65.50000 -34.00000 12.00000
65.00000 -34.00000 12.50000
65.00000 -34.50000 13.00000
65.50000 -34.00000 16.00000
65.00000 -34.00000 15.50000
65.00000 -33.00000 3.50000
65.50000 -33.00000 8.00000
65.00000 -33.50000 8.00000
65.00000 -33.00000 8.50000
65.50000 -33.00000 12.00000
65.00000 -33.00000 12.50000
65.50000 -33.00000 15.00000
65.00000 -33.50000 15.00000
65.00000 -33.00000 14.50000
65.00000 -32.00000 2.50000
65.00000 -32.50000 3.00000
65.50000 -32.00000 7.00000
65.00000 -32.00000 7.50000
65.00000 -32.50000 8.00000
65.50000 -32.00000 12.00000
65.00000 -32.00000 12.50000
65.00000 -32.50000 15.00000
65.00000 -32.00000 15.50000
65.50000 -32.00000 17.00000
65.00000 -32.00000 16.50000
65.00000 -32.50000 17.00000
65.00000 -32.00000 17.50000
65.50000 -32.00000 18.00000
65.00000 -31.00000 2.50000
65.00000 -31.50000 7.00000
65.00000 -31.00000 6.50000
65.50000 -31.00000 12.00000
65.00000 -31.00000 12.50000
65.00000 -31.50000 16.00000
65.00000 -31.50000 18.00000
65.00000 -31.00000 18.50000
65.50000 -30.00000 2.00000
65.00000 -30.00000 2.50000
65.00000 -30.50000 6.00000
65.00000 -30.00000 5.50000
65.50000 -30.00000 13.00000
65.00000 -30.50000 13.00000
65.00000 -30.00000 13.50000
65.50000 -30.00000 19.00000
65.00000 -30.00000 18.50000
65.00000 -29.00000 1.50000
65.00000 -29.50000 2.00000
65.50000 -29.00000 5.00000
65.00000 -29.00000 5.50000
65.50000 -29.00000 8.00000
65.50000 -29.00000 9.00000
65.00000 -29.00000 9.50000
65.00000 -29.50000 10.00000
65.00000 -29.00000 10.50000
65.50000 -29.00000 14.00000
65.00000 -29.50000 14.00000
65.50000 -29.00000 15.00000
65.00000 -29.50000 15.00000
65.50000 -29.00000 16.00000
65.00000 -29.50000 16.00000
65.50000 -29.00000 17.00000
65.00000 -29.50000 17.00000
65.50000 -29.00000 18.00000
65.00000 -29.50000 18.00000
65.50000 -29.00000 19.00000
65.50000 -28.00000 1.00000
65.00000 -28.00000 1.50000
65.00000 -28.50000 5.00000
65.00000 -28.00000 4.50000
65.50000 -28.00000 8.00000
65.00000 -28.00000 8.50000
65.00000 -28.50000 9.00000
65.00000 -28.50000 11.00000
65.00000 -28.00000 11.50000
65.50000 -28.00000 15.00000
65.50000 -28.00000 16.00000
65.50000 -28.00000 17.00000
65.50000 -28.00000 18.00000
65.00000 -28.00000 18.50000
65.00000 -28.50000 19.00000
65.00000 -28.00000 19.50000
65.00000 -27.00000 0.50000
65.00000 -27.50000 1.00000
65.00000 -27.00000 4.50000
65.00000 -27.00000 7.50000
65.00000 -27.50000 8.00000
65.00000 -27.00000 11.50000
65.50000 -27.00000 16.00000
65.00000 -27.00000 16.50000
65.00000 -27.50000 17.00000
65.00000 -27.50000 18.00000
65.00000 -27.00000 19.50000
65.00000 -26.00000 0.50000
65.50000 -26.00000 4.00000
65.00000 -26.00000 4.50000
65.00000 -26.00000 7.50000
65.00000 -26.00000 11.50000
65.00000 -26.00000 14.50000
65.00000 -26.50000 15.00000
65.00000 -26.50000 16.00000
65.00000 -26.50000 20.00000
65.00000 -26.00000 20.50000
65.00000 -25.00000 -0.50000
65.00000 -25.50000 0.00000
65.00000 -25.50000 4.00000
65.00000 -25.00000 3.50000
65.00000 -25.00000 7.50000
65.00000 -25.00000 11.50000
65.00000 -25.00000 13.50000
65.00000 -25.50000 14.00000
65.50000 -25.00000 20.00000
65.00000 -25.50000 20.00000
65.00000 -25.00000 19.50000
65.00000 -24.00000 -0.50000
65.50000 -24.00000 3.00000
65.00000 -24.00000 3.50000
65.00000 -24.00000 7.50000
65.00000 -24.50000 12.00000
65.00000 -24.50000 13.00000
65.00000 -24.50000 18.00000
65.00000 -24.00000 17.50000
65.00000 -24.50000 19.00000
65.50000 -23.00000 -1.00000
65.00000 -23.00000 -0.50000
65.00000 -23.50000 3.00000
65.00000 -23.00000 2.50000
65.50000 -23.00000 8.00000
65.00000 -23.00000 7.50000
65.50000 -23.00000 16.00000
65.00000 -23.50000 16.00000
65.00000 -23.00000 15.50000
65.00000 -23.50000 17.00000
65.00000 -22.00000 -1.50000
65.00000 -22.50000 -1.00000
65.00000 -22.00000 2.50000
65.00000 -22.50000 8.00000
65.00000 -22.00000 8.50000
65.00000 -22.00000 15.50000
65.00000 -21.00000 -1.50000
65.00000 -21.50000 3.00000
65.50000 -21.00000 3.00000
65.00000 -21.00000 3.50000
65.00000 -21.50000 9.00000
65.00000 -21.00000 9.50000
65.00000 -21.50000 15.00000
65.00000 -21.00000 14.50000
65.00000 -20.00000 -2.50000
65.00000 -20.50000 -2.00000
65.00000 -20.50000 4.00000
65.00000 -20.00000 4.50000
65.00000 -20.00000 9.50000
65.50000 -20.00000 14.00000
65.00000 -20.50000 14.00000
65.00000 -20.00000 13.50000
65.00000 -19.00000 -2.50000
65.50000 -19.00000 5.00000
65.00000 -19.00000 4.50000
65.00000 -19.00000 8.50000
65.00000 -19.50000 9.00000
65.00000 -19.00000 13.50000
65.00000 -18.00000 -2.50000
65.50000 -18.00000 5.00000
65.00000 -18.00000 4.50000
65.00000 -18.00000 8.50000
65.00000 -18.50000 13.00000
65.00000 -18.00000 12.50000
65.00000 -17.00000 -3.50000
65.00000 -17.50000 -3.00000
65.50000 -17.00000 5.00000
65.00000 -17.00000 4.50000
65.50000 -17.00000 8.00000
65.00000 -17.00000 8.50000
65.00000 -17.00000 12.50000
65.50000 -16.00000 -4.00000
65.00000 -16.00000 -4.50000
65.00000 -16.50000 -4.00000
65.50000 -16.00000 5.00000
65.00000 -16.00000 4.50000
65.00000 -16.00000 7.50000
65.00000 -16.50000 8.00000
65.00000 -16.50000 12.00000
65.00000 -16.00000 11.50000
65.00000 -15.00000 -4.50000
65.50000 -15.00000 4.00000
65.00000 -15.50000 4.00000
65.00000 -15.00000 3.50000
65.00000 -15.00000 6.50000
65.00000 -15.50000 7.00000
65.00000 -15.00000 11.50000
65.50000 -14.00000 -5.00000
65.00000 -14.00000 -5.50000
65.00000 -14.50000 -5.00000
65.50000 -14.00000 3.00000
65.00000 -14.50000 3.00000
65.00000 -14.00000 2.50000
65.50000 -14.00000 4.00000
65.50000 -14.00000 6.00000
65.00000 -14.00000 6.50000
65.00000 -14.50000 11.00000
65.00000 -14.00000 10.50000
65.00000 -13.00000 -5.50000
65.50000 -13.00000 2.00000
65.00000 -13.50000 2.00000
65.00000 -13.00000 1.50000
65.50000 -13.00000 3.00000
65.50000 -13.00000 4.00000
65.50000 -13.00000 5.00000
65.00000 -13.00000 5.50000
65.00000 -13.50000 6.00000
65.00000 -13.50000 10.00000
65.00000 -13.00000 9.50000
65.00000 -12.00000 -5.50000
65.50000 -12.00000 0.00000
65.00000 -12.50000 0.00000
65.00000 -12.00000 -0.50000
65.50000 -12.00000 1.00000
65.00000 -12.50000 1.00000
65.50000 -12.00000 2.00000
65.50000 -12.00000 3.00000
65.50000 -12.00000 4.00000
65.00000 -12.00000 4.50000
65.00000 -12.50000 5.00000
65.00000 -12.50000 9.00000
65.00000 -12.00000 8.50000
65.00000 -11.00000 -5.50000
65.50000 -11.00000 0.00000
65.00000 -11.00000 -0.50000
65.50000 -11.00000 1.00000
65.50000 -11.00000 2.00000
65.50000 -11.00000 3.00000
65.00000 -11.00000 3.50000
65.00000 -11.50000 4.00000
65.00000 -11.00000 8.50000
65.50000 -10.00000 -6.00000
65.00000 -10.00000 -6.50000
65.00000 -10.50000 -6.00000
65.00000 -10.50000 0.00000
65.00000 -10.00000 0.50000
65.50000 -10.00000 1.00000
65.50000 -10.00000 2.00000
65.00000 -10.00000 2.50000
65.00000 -10.50000 3.00000
65.00000 -10.50000 8.00000
65.00000 -10.00000 7.50000
65.50000 -9.00000 -6.00000
65.00000 -9.00000 -6.50000
65.00000 -9.50000 1.00000
65.00000 -9.50000 2.00000
65.00000 -9.50000 7.00000
65.00000 -9.00000 6.50000
65.50000 -8.00000 -6.00000
65.00000 -8.00000 -6.50000
65.00000 -8.00000 6.50000
65.50000 -7.00000 -6.00000
65.00000 -7.00000 -6.50000
65.00000 -7.50000 6.00000
65.00000 -7.00000 5.50000
65.50000 -6.00000 -6.00000
65.00000 -6.00000 -6.50000
65.00000 -6.00000 5.50000
65.50000 -5.00000 -7.00000
65.00000 -5.00000 -7.50000
65.00000 -5.50000 -7.00000
65.00000 -5.50000 5.00000
65.00000 -5.00000 4.50000
65.50000 -4.00000 -7.00000
65.00000 -4.00000 -7.50000
65.50000 -4.00000 -6.00000
65.00000 -4.00000 4.50000
65.00000 -3.50000 -7.00000
65.50000 -3.00000 -6.00000
65.00000 -3.00000 -6.50000
65.50000 -3.00000 -5.00000
65.50000 -3.00000 -4.00000
65.50000 -3.00000 4.00000
65.00000 -3.00000 4.50000
65.50000 -2.00000 -6.00000
65.00000 -2.00000 -6.50000
65.50000 -2.00000 -5.00000
65.50000 -2.00000 -4.00000
65.50000 -2.00000 -3.00000
65.50000 -2.00000 3.00000
65.00000 -2.00000 3.50000
65.00000 -2.50000 4.00000
65.00000 -1.50000 -6.00000
65.00000 -1.50000 -5.00000
65.50000 -1.00000 -4.00000
65.00000 -1.00000 -4.50000
65.50000 -1.00000 -3.00000
65.50000 -1.00000 -2.00000
65.50000 -1.00000 2.00000
65.50000 -1.00000 3.00000
65.00000 -1.00000 3.50000
65.00000 -0.50000 -4.00000
65.50000 0.00000 -3.00000
65.00000 0.00000 -3.50000
65.50000 0.00000 -2.00000
65.50000 0.00000 -1.00000
65.50000 0.00000 0.00000
65.50000 0.00000 1.00000
65.50000 0.00000 2.00000
65.00000 0.00000 2.50000
65.00000 -0.50000 3.00000
65.50000 1.00000 -3.00000
65.00000 1.00000 -3.50000
65.50000 1.00000 -2.00000
65.50000 1.00000 -1.00000
65.50000 1.00000 0.00000
65.50000 1.00000 1.00000
65.00000 1.00000 1.50000
65.00000 0.50000 2.00000
65.00000 1.50000 -3.00000
65.50000 2.00000 -2.00000
65.00000 2.00000 -2.50000
65.50000 2.00000 -1.00000
65.50000 2.00000 0.00000
65.00000 2.00000 0.50000
65.00000 1.50000 1.00000
65.00000 2.50000 -2.00000
65.00000 2.50000 -1.00000
65.00000 2.50000 0.00000
64.50000 -35.00000 5.00000
64.50000 -35.00000 14.00000
64.50000 -35.00000 15.00000
64.00000 -34.00000 3.50000
64.00000 -34.50000 4.00000
64.00000 -34.50000 5.00000
64.50000 -34.00000 6.00000
64.00000 -34.00000 5.50000
64.50000 -34.00000 7.00000
64.50000 -34.00000 13.00000
64.00000 -34.00000 13.50000
64.00000 -34.50000 14.00000
64.00000 -34.00000 14.50000
64.50000 -34.00000 15.00000
64.00000 -33.00000 3.50000
64.00000 -33.50000 6.00000
64.00000 -33.00000 6.50000
64.50000 -33.00000 7.00000
64.50000 -33.00000 8.00000
64.00000 -33.00000 12.50000
64.00000 -33.50000 13.00000
64.50000 -33.00000 15.00000
64.00000 -33.50000 15.00000
64.00000 -33.00000 15.50000
64.00000 -32.00000 2.50000
64.00000 -32.50000 3.00000
64.00000 -32.50000 7.00000
64.00000 -32.00000 7.50000
64.00000 -32.00000 12.50000
64.00000 -32.50000 16.00000
64.50000 -32.00000 16.00000
64.00000 -32.50000 17.00000
64.00000 -32.00000 17.50000
64.00000 -31.00000 2.50000
64.00000 -31.50000 7.00000
64.00000 -31.00000 6.50000
64.00000 -31.00000 12.50000
64.00000 -31.50000 18.00000
64.00000 -31.00000 18.50000
64.00000 -30.00000 2.50000
64.00000 -30.50000 6.00000
64.00000 -30.00000 5.50000
64.00000 -30.50000 13.00000
64.50000 -30.00000 14.00000
64.00000 -30.50000 14.00000
64.50000 -30.00000 15.00000
64.00000 -30.50000 15.00000
64.50000 -30.00000 16.00000
64.00000 -30.50000 16.00000
64.50000 -30.00000 17.00000
64.00000 -30.50000 17.00000
64.50000 -30.00000 18.00000
64.00000 -30.50000 18.00000
64.00000 -29.00000 1.50000
64.00000 -29.50000 2.00000
64.00000 -29.00000 5.50000
64.50000 -29.00000 10.00000
64.00000 -28.00000 1.50000
64.50000 -28.00000 5.00000
64.00000 -28.00000 5.50000
64.00000 -28.00000 8.50000
64.00000 -28.50000 9.00000
64.00000 -28.50000 10.00000
64.00000 -28.50000 11.00000
64.00000 -28.00000 11.50000
64.50000 -28.00000 18.00000
64.00000 -28.00000 17.50000
64.00000 -28.50000 18.00000
64.00000 -28.00000 18.50000
64.50000 -28.00000 19.00000
64.00000 -27.00000 0.50000
64.00000 -27.50000 1.00000
64.00000 -27.50000 5.00000
64.00000 -27.00000 4.50000
64.00000 -27.00000 7.50000
64.00000 -27.50000 8.00000
64.00000 -27.50000 12.00000
64.50000 -27.00000 12.00000
64.00000 -27.00000 12.50000
64.50000 -27.00000 16.00000
64.00000 -27.00000 15.50000
64.00000 -27.50000 16.00000
64.00000 -27.50000 17.00000
64.00000 -27.50000 19.00000
64.00000 -27.00000 19.50000
64.00000 -26.00000 0.50000
64.00000 -26.00000 4.50000
64.00000 -26.00000 7.50000
64.50000 -26.00000 12.00000
64.00000 -26.00000 12.50000
64.50000 -26.00000 14.00000
64.00000 -26.00000 13.50000
64.00000 -26.50000 14.00000
64.00000 -26.50000 15.00000
64.50000 -26.00000 20.00000
64.00000 -26.00000 19.50000
64.00000 -25.00000 -0.50000
64.00000 -25.50000 0.00000
64.00000 -25.50000 4.00000
64.00000 -25.00000 3.50000
64.00000 -25.00000 7.50000
64.50000 -25.00000 12.00000
64.00000 -25.50000 13.00000
64.50000 -25.00000 13.00000
64.50000 -25.00000 18.00000
64.00000 -25.50000 18.00000
64.00000 -25.00000 17.50000
64.50000 -25.00000 19.00000
64.00000 -25.50000 19.00000
64.00000 -24.00000 -0.50000
64.00000 -24.00000 3.50000
64.00000 -24.00000 7.50000
64.50000 -24.00000 17.00000
64.00000 -24.50000 17.00000
64.00000 -24.00000 16.50000
64.00000 -23.00000 -0.50000
64.00000 -23.50000 3.00000
64.00000 -23.00000 2.50000
64.00000 -23.00000 7.50000
64.00000 -23.50000 16.00000
64.00000 -23.00000 15.50000
64.00000 -22.00000 -1.50000
64.00000 -22.50000 -1.00000
64.00000 -22.00000 2.50000
64.50000 -22.00000 8.00000
64.00000 -22.00000 7.50000
64.50000 -22.00000 15.00000
64.00000 -22.50000 15.00000
64.00000 -22.00000 14.50000
64.00000 -21.00000 -1.50000
64.00000 -21.50000 3.00000
64.00000 -21.00000 3.50000
64.00000 -21.50000 8.00000
64.50000 -21.00000 9.00000
64.00000 -21.00000 8.50000
64.50000 -21.00000 14.00000
64.00000 -21.50000 14.00000
64.00000 -21.00000 13.50000
64.00000 -20.00000 -2.50000
64.00000 -20.50000 -2.00000
64.50000 -20.00000 4.00000
64.00000 -20.00000 3.50000
64.50000 -20.00000 9.00000
64.00000 -20.00000 8.50000
64.50000 -20.00000 13.00000
64.00000 -20.50000 13.00000
64.00000 -20.00000 12.50000
64.00000 -19.00000 -2.50000
64.00000 -19.50000 4.00000
64.00000 -19.00000 4.50000
64.00000 -19.00000 8.50000
64.50000 -19.00000 13.00000
64.00000 -19.00000 12.50000
64.00000 -18.00000 -2.50000
64.00000 -18.00000 4.50000
64.00000 -18.00000 8.50000
64.00000 -18.00000 12.50000
64.00000 -17.00000 -3.50000
64.00000 -17.50000 -3.00000
64.00000 -17.00000 4.50000
64.00000 -17.00000 8.50000
64.00000 -17.00000 12.50000
64.00000 -16.00000 -4.50000
64.00000 -16.50000 -4.00000
64.50000 -16.00000 4.00000
64.00000 -16.50000 4.00000
64.00000 -16.00000 3.50000
64.00000 -16.00000 7.50000
64.00000 -16.50000 8.00000
64.00000 -16.50000 12.00000
64.00000 -16.00000 11.50000
64.50000 -15.00000 -5.00000
64.00000 -15.00000 -5.50000
64.00000 -15.50000 -5.00000
64.50000 -15.00000 3.00000
64.00000 -15.50000 3.00000
64.00000 -15.00000 2.50000
64.00000 -15.00000 6.50000
64.00000 -15.50000 7.00000
64.00000 -15.00000 11.50000
64.00000 -14.00000 -5.50000
64.50000 -14.00000 2.00000
64.00000 -14.50000 2.00000
64.00000 -14.00000 1.50000
64.50000 -14.00000 6.00000
64.00000 -14.00000 5.50000
64.00000 -14.50000 6.00000
64.00000 -14.50000 11.00000
64.00000 -14.00000 10.50000
64.00000 -13.00000 -5.50000
64.50000 -13.00000 0.00000
64.00000 -13.50000 0.00000
64.00000 -13.00000 -0.50000
64.50000 -13.00000 1.00000
64.00000 -13.50000 1.00000
64.00000 -13.00000 5.50000
64.00000 -13.50000 10.00000
64.00000 -13.00000 9.50000
64.50000 -12.00000 -6.00000
64.00000 -12.00000 -6.50000
64.00000 -12.50000 -6.00000
64.50000 -12.00000 -2.00000
64.00000 -12.50000 -2.00000
64.00000 -12.00000 -2.50000
64.50000 -12.00000 -1.00000
64.00000 -12.50000 -1.00000
64.00000 -12.00000 4.50000
64.00000 -12.50000 5.00000
64.00000 -12.50000 9.00000
64.00000 -12.00000 8.50000
64.50000 -11.00000 -6.00000
64.00000 -11.00000 -6.50000
64.50000 -11.00000 -2.00000
64.00000 -11.00000 -2.50000
64.50000 -11.00000 -1.00000
64.00000 -11.00000 3.50000
64.00000 -11.50000 4.00000
64.00000 -11.00000 8.50000
64.00000 -10.00000 -6.50000
64.50000 -10.00000 -2.00000
64.00000 -10.00000 -2.50000
64.50000 -10.00000 -1.00000
64.50000 -10.00000 0.00000
64.00000 -10.00000 2.50000
64.00000 -10.50000 3.00000
64.00000 -10.50000 8.00000
64.00000 -10.00000 7.50000
64.00000 -9.00000 -6.50000
64.50000 -9.00000 -2.00000
64.00000 -9.00000 -2.50000
64.50000 -9.00000 -1.00000
64.50000 -9.00000 0.00000
64.50000 -9.00000 1.00000
64.50000 -9.00000 2.00000
64.00000 -9.00000 2.50000
64.00000 -9.50000 7.00000
64.00000 -9.00000 6.50000
64.00000 -8.00000 -6.50000
64.50000 -8.00000 -2.00000
64.00000 -8.00000 -2.50000
64.50000 -8.00000 -1.00000
64.50000 -8.00000 0.00000
64.50000 -8.00000 1.00000
64.00000 -8.00000 1.50000
64.00000 -8.50000 2.00000
64.00000 -8.00000 6.50000
64.50000 -7.00000 -7.00000
64.00000 -7.00000 -7.50000
64.00000 -7.50000 -7.00000
64.00000 -7.50000 -2.00000
64.00000 -7.00000 -1.50000
64.50000 -7.00000 -1.00000
64.50000 -7.00000 0.00000
64.50000 -7.00000 1.00000
64.00000 -7.00000 1.50000
64.00000 -7.50000 6.00000
64.00000 -7.00000 5.50000
64.50000 -6.00000 -7.00000
64.00000 -6.00000 -7.50000
64.00000 -6.50000 -1.00000
64.00000 -6.00000 -0.50000
64.50000 -6.00000 0.00000
64.00000 -6.00000 0.50000
64.00000 -6.50000 1.00000
64.00000 -6.00000 5.50000
64.00000 -5.00000 -7.50000
64.00000 -5.50000 0.00000
64.00000 -5.50000 5.00000
64.00000 -5.00000 4.50000
64.00000 -4.00000 -7.50000
64.00000 -4.00000 4.50000
64.50000 -3.00000 -8.00000
64.00000 -3.00000 -8.50000
64.00000 -3.50000 -8.00000
64.50000 -3.00000 -7.00000
64.00000 -3.00000 4.50000
64.50000 -2.00000 -8.00000
64.00000 -2.00000 -8.50000
64.50000 -2.00000 -7.00000
64.50000 -2.00000 4.00000
64.00000 -2.00000 4.50000
64.50000 -1.00000 -8.00000
64.00000 -1.00000 -8.50000
64.50000 -1.00000 -7.00000
64.50000 -1.00000 -6.00000
64.50000 -1.00000 -5.00000
64.00000 -1.50000 4.00000
64.00000 -1.00000 3.50000
64.50000 0.00000 -8.00000
64.00000 0.00000 -8.50000
64.50000 0.00000 -7.00000
64.50000 0.00000 -6.00000
64.50000 0.00000 -5.00000
64.50000 0.00000 -4.00000
64.50000 0.00000 3.00000
64.00000 0.00000 3.50000
64.50000 1.00000 -8.00000
64.00000 1.00000 -8.50000
64.50000 1.00000 -7.00000
64.50000 1.00000 -6.00000
64.50000 1.00000 -5.00000
64.50000 1.00000 -4.00000
64.50000 1.00000 2.00000
64.00000 1.00000 2.50000
64.00000 0.50000 3.00000
64.00000 1.50000 -8.00000
64.00000 1.50000 -7.00000
64.50000 2.00000 -6.00000
64.00000 2.00000 -6.50000
64.50000 2.00000 -5.00000
64.50000 2.00000 -4.00000
64.50000 2.00000 -3.00000
64.50000 2.00000 1.00000
64.50000 2.00000 2.00000
64.00000 2.00000 2.50000
64.00000 2.50000 -6.00000
64.50000 3.00000 -5.00000
64.00000 3.00000 -5.50000
64.50000 3.00000 -4.00000
64.50000 3.00000 -3.00000
64.50000 3.00000 -2.00000
64.50000 3.00000 -1.00000
64.50000 3.00000 0.00000
64.50000 3.00000 1.00000
64.00000 3.00000 1.50000
64.00000 2.50000 2.00000
64.00000 3.50000 -5.00000
64.50000 4.00000 -4.00000
64.00000 4.00000 -4.50000
64.50000 4.00000 -3.00000
64.50000 4.00000 -2.00000
64.50000 4.00000 -1.00000
64.50000 4.00000 0.00000
64.00000 4.00000 0.50000
64.00000 3.50000 1.00000
64.00000 4.50000 -4.00000
64.00000 4.50000 -3.00000
64.50000 5.00000 -2.00000
64.00000 5.00000 -2.50000
64.00000 5.00000 -1.50000
64.00000 4.50000 -1.00000
64.00000 4.50000 0.00000
64.00000 5.50000 -2.00000
63.50000 -34.00000 4.00000
63.50000 -34.00000 5.00000
63.50000 -34.00000 14.00000
63.00000 -33.00000 3.50000
63.00000 -33.50000 4.00000
63.00000 -33.00000 4.50000
63.50000 -33.00000 5.00000
63.50000 -33.00000 6.00000
63.50000 -33.00000 13.00000
63.00000 -33.00000 13.50000
63.00000 -33.50000 14.00000
63.50000 -33.00000 15.00000
63.00000 -33.00000 14.50000
63.00000 -32.00000 2.50000
63.00000 -32.50000 3.00000
63.00000 -32.50000 5.00000
63.00000 -32.00000 5.50000
63.50000 -32.00000 6.00000
63.50000 -32.00000 7.00000
63.50000 -32.00000 13.00000
63.00000 -32.00000 13.50000
63.00000 -32.50000 15.00000
63.00000 -32.50000 16.00000
63.50000 -32.00000 17.00000
63.00000 -32.00000 16.50000
63.00000 -31.00000 2.50000
63.00000 -31.50000 6.00000
63.00000 -31.50000 7.00000
63.50000 -31.50000 6.50000
63.50000 -31.00000 7.00000
63.00000 -31.00000 7.50000
63.50000 -31.00000 13.00000
63.00000 -31.50000 14.00000
63.50000 -31.00000 14.00000
63.00000 -31.00000 14.50000
63.50000 -31.00000 16.00000
63.00000 -31.50000 16.00000
63.00000 -31.00000 15.50000
63.50000 -31.00000 17.00000
63.50000 -31.00000 18.00000
63.00000 -30.00000 2.50000
63.50000 -30.00000 6.00000
63.00000 -30.00000 6.50000
63.00000 -30.50000 7.00000
63.00000 -30.50000 15.00000
63.00000 -29.00000 1.50000
63.00000 -29.50000 2.00000
63.00000 -29.50000 6.00000
63.00000 -29.00000 5.50000
63.00000 -28.00000 1.50000
63.00000 -28.00000 5.50000
63.50000 -28.00000 9.00000
63.00000 -28.00000 9.50000
63.00000 -28.50000 10.00000
63.00000 -28.50000 11.00000
63.00000 -28.50000 12.00000
63.50000 -28.00000 12.00000
63.00000 -28.00000 12.50000
63.50000 -28.00000 17.00000
63.00000 -28.00000 16.50000
63.00000 -28.50000 17.00000
63.00000 -28.50000 18.00000
63.00000 -28.00000 18.50000
63.00000 -27.00000 0.50000
63.00000 -27.50000 1.00000
63.00000 -27.50000 5.00000
63.00000 -27.00000 4.50000
63.50000 -27.00000 8.00000
63.00000 -27.00000 8.50000
63.00000 -27.50000 9.00000
63.00000 -27.50000 13.00000
63.50000 -27.00000 13.00000
63.00000 -27.50000 14.00000
63.50000 -27.00000 14.00000
63.00000 -27.50000 15.00000
63.50000 -27.00000 15.00000
63.00000 -27.50000 16.00000
63.00000 -27.50000 19.00000
63.00000 -27.00000 19.50000
63.50000 -26.00000 0.00000
63.00000 -26.00000 -0.50000
63.00000 -26.50000 0.00000
63.00000 -26.00000 4.50000
63.00000 -26.00000 7.50000
63.00000 -26.50000 8.00000
63.50000 -26.00000 13.00000
63.50000 -26.00000 19.00000
63.00000 -26.50000 19.00000
63.00000 -26.00000 18.50000
63.00000 -25.00000 -0.50000
63.00000 -25.50000 4.00000
63.00000 -25.00000 3.50000
63.00000 -25.00000 7.50000
63.50000 -25.00000 17.00000
63.00000 -25.50000 17.00000
63.00000 -25.00000 16.50000
63.00000 -25.50000 18.00000
63.00000 -24.00000 -0.50000
63.00000 -24.00000 3.50000
63.00000 -24.00000 7.50000
63.50000 -24.00000 16.00000
63.00000 -24.50000 16.00000
63.00000 -24.00000 15.50000
63.00000 -23.00000 -0.50000
63.50000 -23.00000 3.00000
63.00000 -23.00000 3.50000
63.00000 -23.00000 7.50000
63.50000 -23.00000 15.00000
63.00000 -23.50000 15.00000
63.00000 -23.00000 14.50000
63.00000 -22.00000 -1.50000
63.00000 -22.50000 -1.00000
63.50000 -22.00000 3.00000
63.00000 -22.00000 3.50000
63.00000 -22.00000 7.50000
63.50000 -22.00000 14.00000
63.00000 -22.50000 14.00000
63.00000 -22.00000 13.50000
63.00000 -21.00000 -1.50000
63.00000 -21.00000 3.50000
63.50000 -21.00000 8.00000
63.00000 -21.00000 7.50000
63.00000 -21.00000 13.50000
63.50000 -20.00000 -2.00000
63.00000 -20.00000 -1.50000
63.00000 -20.00000 3.50000
63.50000 -20.00000 8.00000
63.00000 -20.00000 7.50000
63.00000 -20.50000 13.00000
63.00000 -20.00000 12.50000
63.00000 -19.00000 -2.50000
63.00000 -19.50000 -2.00000
63.00000 -19.50000 4.00000
63.00000 -19.00000 4.50000
63.50000 -19.00000 8.00000
63.00000 -19.00000 7.50000
63.00000 -19.00000 12.50000
63.00000 -18.00000 -2.50000
63.50000 -18.00000 4.00000
63.00000 -18.50000 4.00000
63.00000 -18.00000 3.50000
63.50000 -18.00000 8.00000
63.00000 -18.00000 7.50000
63.00000 -18.00000 12.50000
63.50000 -17.00000 -4.00000
63.00000 -17.00000 -4.50000
63.00000 -17.50000 -4.00000
63.00000 -17.50000 -3.00000
63.50000 -17.00000 4.00000
63.00000 -17.00000 3.50000
63.50000 -17.00000 8.00000
63.00000 -17.00000 7.50000
63.50000 -17.00000 12.00000
63.00000 -17.50000 12.00000
63.00000 -17.00000 11.50000
63.50000 -16.00000 -5.00000
63.00000 -16.00000 -5.50000
63.00000 -16.50000 -5.00000
63.50000 -16.00000 3.00000
63.00000 -16.50000 3.00000
63.00000 -16.00000 2.50000
63.00000 -16.00000 7.50000
63.00000 -16.00000 11.50000
63.00000 -15.00000 -5.50000
63.50000 -15.00000 2.00000
63.00000 -15.50000 2.00000
63.00000 -15.00000 1.50000
63.00000 -15.00000 6.50000
63.00000 -15.50000 7.00000
63.50000 -15.00000 11.00000
63.00000 -15.50000 11.00000
63.00000 -15.00000 10.50000
63.50000 -14.00000 -6.00000
63.00000 -14.00000 -6.50000
63.00000 -14.50000 -6.00000
63.50000 -14.00000 1.00000
63.00000 -14.50000 1.00000
63.00000 -14.00000 0.50000
63.00000 -14.00000 5.50000
63.00000 -14.50000 6.00000
63.00000 -14.00000 10.50000
63.50000 -13.00000 -6.00000
63.00000 -13.00000 -6.50000
63.50000 -13.00000 -1.00000
63.00000 -13.50000 -1.00000
63.00000 -13.00000 -1.50000
63.00000 -13.50000 0.00000
63.50000 -13.00000 5.00000
63.00000 -13.00000 4.50000
63.00000 -13.50000 5.00000
63.00000 -13.50000 10.00000
63.00000 -13.00000 9.50000
63.00000 -12.00000 -6.50000
63.00000 -12.50000 -2.00000
63.00000 -12.00000 -2.50000
63.50000 -12.00000 4.00000
63.00000 -12.00000 3.50000
63.00000 -12.50000 4.00000
63.00000 -12.50000 9.00000
63.00000 -12.00000 8.50000
63.00000 -11.00000 -6.50000
63.00000 -11.00000 -2.50000
63.50000 -11.00000 3.00000
63.00000 -11.00000 2.50000
63.00000 -11.50000 3.00000
63.50000 -11.00000 8.00000
63.00000 -11.50000 8.00000
63.00000 -11.00000 7.50000
63.00000 -10.00000 -6.50000
63.50000 -10.00000 -3.00000
63.00000 -10.50000 -3.00000
63.00000 -10.00000 -3.50000
63.00000 -10.00000 2.50000
63.00000 -10.00000 7.50000
63.00000 -9.00000 -6.50000
63.50000 -9.00000 -3.00000
63.00000 -9.00000 -3.50000
63.50000 -9.00000 2.00000
63.00000 -9.00000 1.50000
63.00000 -9.50000 2.00000
63.00000 -9.50000 7.00000
63.00000 -9.00000 6.50000
63.50000 -8.00000 -7.00000
63.00000 -8.00000 -7.50000
63.00000 -8.50000 -7.00000
63.50000 -8.00000 -3.00000
63.00000 -8.00000 -3.50000
63.00000 -8.00000 1.50000
63.50000 -8.00000 6.00000
63.00000 -8.50000 6.00000
63.00000 -8.00000 5.50000
63.00000 -7.00000 -7.50000
63.50000 -7.00000 -3.00000
63.00000 -7.00000 -3.50000
63.50000 -7.00000 -2.00000
63.00000 -7.00000 1.50000
63.00000 -7.00000 5.50000
63.00000 -6.00000 -7.50000
63.00000 -6.50000 -3.00000
63.00000 -6.00000 -2.50000
63.50000 -6.00000 -2.00000
63.50000 -6.00000 -1.00000
63.50000 -6.00000 1.00000
63.00000 -6.00000 1.50000
63.50000 -6.00000 5.00000
63.00000 -6.50000 5.00000
63.00000 -6.00000 4.50000
63.00000 -5.00000 -7.50000
63.00000 -5.50000 -2.00000
63.00000 -5.00000 -1.50000
63.50000 -5.00000 -1.00000
63.50000 -5.00000 0.00000
63.50000 -5.00000 1.00000
63.00000 -5.00000 1.50000
63.00000 -5.00000 4.50000
63.50000 -4.00000 -8.00000
63.00000 -4.00000 -8.50000
63.00000 -4.50000 -8.00000
63.00000 -4.50000 -1.00000
63.00000 -4.50000 0.00000
63.00000 -4.50000 1.00000
63.00000 -4.00000 4.50000
63.50000 -3.00000 -9.00000
63.00000 -3.00000 -9.50000
63.00000 -3.50000 -9.00000
63.00000 -3.00000 4.50000
63.50000 -2.00000 -9.00000
63.00000 -2.00000 -9.50000
63.00000 -2.00000 4.50000
63.50000 -1.00000 -9.00000
63.00000 -1.00000 -9.50000
63.50000 -1.00000 4.00000
63.00000 -1.00000 4.50000
63.50000 0.00000 -9.00000
63.00000 0.00000 -9.50000
63.00000 -0.50000 4.00000
63.00000 0.00000 3.50000
63.50000 1.00000 -9.00000
63.00000 1.00000 -9.50000
63.50000 1.00000 3.00000
63.00000 1.00000 3.50000
63.50000 2.00000 -9.00000
63.00000 2.00000 -9.50000
63.50000 2.00000 -8.00000
63.50000 2.00000 -7.00000
63.00000 1.50000 3.00000
63.00000 2.00000 2.50000
63.00000 2.50000 -9.00000
63.00000 2.50000 -8.00000
63.50000 3.00000 -7.00000
63.00000 3.00000 -7.50000
63.50000 3.00000 -6.00000
63.00000 2.50000 2.00000
63.00000 3.00000 1.50000
63.50000 4.00000 -7.00000
63.00000 4.00000 -7.50000
63.50000 4.00000 -6.00000
63.50000 4.00000 -5.00000
63.50000 4.00000 1.00000
63.00000 4.00000 1.50000
63.00000 4.50000 -7.00000
63.50000 5.00000 -6.00000
63.00000 5.00000 -6.50000
63.50000 5.00000 -5.00000
63.50000 5.00000 -4.00000
63.50000 5.00000 -3.00000
63.50000 5.00000 -1.00000
63.50000 5.00000 0.00000
63.00000 5.00000 0.50000
63.00000 4.50000 1.00000
63.00000 5.50000 -6.00000
63.50000 6.00000 -5.00000
63.00000 6.00000 -5.50000
63.50000 6.00000 -4.00000
63.50000 6.00000 -3.00000
63.50000 6.00000 -2.00000
63.50000 6.00000 -1.00000
63.00000 6.00000 -0.50000
63.00000 5.50000 0.00000
63.00000 6.50000 -5.00000
63.00000 6.50000 -4.00000
63.50000 7.00000 -3.00000
63.00000 7.00000 -3.50000
63.50000 7.00000 -2.00000
63.00000 7.00000 -1.50000
63.00000 6.50000 -1.00000
63.00000 7.50000 -3.00000
63.00000 7.50000 -2.00000
62.50000 -33.00000 4.00000
62.50000 -33.00000 14.00000
62.00000 -32.00000 2.50000
62.00000 -32.50000 3.00000
62.00000 -32.50000 4.00000
62.50000 -32.00000 5.00000
62.00000 -32.00000 4.50000
62.50000 -32.00000 14.00000
62.50000 -32.00000 15.00000
62.50000 -32.00000 16.00000
62.00000 -31.00000 2.50000
62.00000 -31.50000 5.00000
62.50000 -31.00000 6.00000
62.00000 -31.00000 5.50000
62.50000 -31.00000 7.00000
62.50000 -31.00000 15.00000
62.00000 -30.00000 2.50000
62.00000 -30.50000 6.00000
62.00000 -30.00000 6.50000
62.00000 -29.00000 1.50000
62.00000 -29.50000 2.00000
62.00000 -29.50000 6.00000
62.00000 -29.00000 5.50000
62.50000 -29.00000 11.00000
62.00000 -29.00000 10.50000
62.00000 -29.50000 11.00000
62.00000 -29.50000 12.00000
62.50000 -29.00000 12.00000
62.00000 -29.00000 12.50000
62.50000 -29.00000 17.00000
62.00000 -29.00000 16.50000
62.00000 -29.50000 17.00000
62.00000 -29.50000 18.00000
62.50000 -29.00000 18.00000
62.00000 -29.00000 18.50000
62.00000 -28.00000 1.50000
62.00000 -28.00000 5.50000
62.00000 -28.00000 9.50000
62.00000 -28.50000 10.00000
62.00000 -28.50000 13.00000
62.50000 -28.00000 13.00000
62.00000 -28.50000 14.00000
62.50000 -28.00000 14.00000
62.00000 -28.50000 15.00000
62.50000 -28.00000 15.00000
62.00000 -28.50000 16.00000
62.50000 -28.00000 16.00000
62.00000 -28.00000 18.50000
62.00000 -27.00000 0.50000
62.00000 -27.50000 1.00000
62.50000 -27.00000 5.00000
62.00000 -27.00000 5.50000
62.00000 -27.00000 8.50000
62.00000 -27.50000 9.00000
62.50000 -27.00000 19.00000
62.00000 -27.00000 18.50000
62.00000 -26.00000 -0.50000
62.00000 -26.50000 0.00000
62.00000 -26.50000 5.00000
62.00000 -26.00000 4.50000
62.00000 -26.00000 7.50000
62.00000 -26.50000 8.00000
62.50000 -26.00000 18.00000
62.00000 -26.50000 18.00000
62.00000 -26.00000 17.50000
62.00000 -25.00000 -0.50000
62.50000 -25.00000 4.00000
62.00000 -25.00000 4.50000
62.00000 -25.00000 7.50000
62.00000 -25.50000 17.00000
62.00000 -25.00000 16.50000
62.00000 -24.00000 -0.50000
62.00000 -24.50000 4.00000
62.00000 -24.00000 3.50000
62.00000 -24.00000 7.50000
62.50000 -24.00000 11.00000
62.00000 -24.50000 11.00000
62.00000 -24.00000 10.50000
62.00000 -24.00000 11.50000
62.00000 -24.50000 16.00000
62.00000 -24.00000 15.50000
62.00000 -23.00000 -0.50000
62.00000 -23.00000 3.50000
62.00000 -23.00000 7.50000
62.50000 -23.00000 10.00000
62.00000 -23.50000 10.00000
62.00000 -23.00000 9.50000
62.50000 -23.00000 11.00000
62.00000 -23.00000 11.50000
62.00000 -23.50000 15.00000
62.00000 -23.00000 14.50000
62.50000 -22.00000 -1.00000
62.00000 -22.00000 -0.50000
62.00000 -22.00000 3.50000
62.00000 -22.00000 7.50000
62.00000 -22.50000 10.00000
62.00000 -22.50000 11.00000
62.00000 -22.50000 14.00000
62.00000 -22.00000 13.50000
62.00000 -21.00000 -1.50000
62.00000 -21.50000 -1.00000
62.00000 -21.00000 3.50000
62.00000 -21.00000 7.50000
62.50000 -21.00000 13.00000
62.00000 -21.50000 13.00000
62.00000 -21.00000 12.50000
62.00000 -20.00000 -1.50000
62.00000 -20.00000 3.50000
62.00000 -20.00000 7.50000
62.00000 -20.00000 12.50000
62.50000 -19.00000 -2.00000
62.00000 -19.00000 -1.50000
62.50000 -19.00000 4.00000
62.00000 -19.00000 3.50000
62.00000 -19.00000 7.50000
62.50000 -19.00000 12.00000
62.00000 -19.50000 12.00000
62.00000 -19.00000 11.50000
62.00000 -18.00000 -2.50000
62.00000 -18.50000 -2.00000
62.00000 -18.00000 3.50000
62.00000 -18.00000 7.50000
62.50000 -18.00000 12.00000
62.00000 -18.00000 11.50000
62.00000 -17.00000 -4.50000
62.00000 -17.50000 -4.00000
62.00000 -17.50000 -3.00000
62.50000 -17.00000 3.00000
62.00000 -17.50000 3.00000
62.00000 -17.00000 2.50000
62.00000 -17.00000 7.50000
62.00000 -17.00000 11.50000
62.00000 -16.00000 -5.50000
62.00000 -16.50000 -5.00000
62.00000 -16.00000 2.50000
62.00000 -16.00000 7.50000
62.00000 -16.00000 11.50000
62.50000 -15.00000 -6.00000
62.00000 -15.00000 -6.50000
62.00000 -15.50000 -6.00000
62.00000 -15.50000 2.00000
62.00000 -15.00000 1.50000
62.00000 -15.00000 6.50000
62.00000 -15.50000 7.00000
62.00000 -15.50000 11.00000
62.00000 -15.00000 10.50000
62.00000 -14.00000 -6.50000
62.00000 -14.50000 1.00000
62.00000 -14.00000 0.50000
62.00000 -14.00000 5.50000
62.00000 -14.50000 6.00000
62.50000 -14.00000 10.00000
62.00000 -14.50000 10.00000
62.00000 -14.00000 9.50000
62.00000 -13.00000 -6.50000
62.00000 -13.50000 -1.00000
62.00000 -13.00000 -1.50000
62.00000 -13.50000 0.00000
62.00000 -13.00000 4.50000
62.00000 -13.50000 5.00000
62.00000 -13.00000 9.50000
62.00000 -12.00000 -6.50000
62.00000 -12.50000 -2.00000
62.00000 -12.00000 -2.50000
62.50000 -12.00000 3.00000
62.00000 -12.00000 2.50000
62.00000 -12.50000 3.00000
62.00000 -12.50000 4.00000
62.00000 -12.50000 9.00000
62.00000 -12.00000 8.50000
62.00000 -11.00000 -6.50000
62.50000 -11.00000 -3.00000
62.00000 -11.50000 -3.00000
62.00000 -11.00000 -3.50000
62.50000 -11.00000 2.00000
62.00000 -11.00000 1.50000
62.00000 -11.50000 2.00000
62.00000 -11.50000 8.00000
62.00000 -11.00000 7.50000
62.00000 -10.00000 -6.50000
62.00000 -10.00000 -3.50000
62.50000 -10.00000 2.00000
62.00000 -10.00000 1.50000
62.50000 -10.00000 7.00000
62.00000 -10.50000 7.00000
62.00000 -10.00000 6.50000
62.00000 -9.00000 -6.50000
62.00000 -9.00000 -3.50000
62.50000 -9.00000 1.00000
62.00000 -9.00000 0.50000
62.00000 -9.50000 1.00000
62.50000 -9.00000 6.00000
62.00000 -9.50000 6.00000
62.00000 -9.00000 5.50000
62.00000 -8.00000 -7.50000
62.00000 -8.50000 -7.00000
62.00000 -8.00000 -3.50000
62.50000 -8.00000 1.00000
62.00000 -8.00000 0.50000
62.50000 -8.00000 5.00000
62.00000 -8.50000 5.00000
62.00000 -8.00000 4.50000
62.00000 -7.00000 -7.50000
62.00000 -7.00000 -3.50000
62.50000 -7.00000 1.00000
62.00000 -7.00000 0.50000
62.50000 -7.00000 5.00000
62.00000 -7.00000 4.50000
62.00000 -6.00000 -7.50000
62.00000 -6.50000 -3.00000
62.00000 -6.00000 -2.50000
62.50000 -6.00000 1.00000
62.00000 -6.00000 0.50000
62.00000 -6.00000 4.50000
62.00000 -5.00000 -7.50000
62.50000 -5.00000 -2.00000
62.00000 -5.00000 -2.50000
62.50000 -5.00000 1.00000
62.00000 -5.00000 0.50000
62.00000 -5.00000 4.50000
62.00000 -4.00000 -8.50000
62.00000 -4.50000 -8.00000
62.00000 -4.50000 -2.00000
62.50000 -4.00000 -1.00000
62.00000 -4.00000 -1.50000
62.50000 -4.00000 0.00000
62.00000 -4.50000 1.00000
62.50000 -4.00000 1.00000
62.00000 -4.00000 1.50000
62.00000 -4.00000 4.50000
62.00000 -3.00000 -9.50000
62.00000 -3.50000 -9.00000
62.50000 -3.00000 -1.00000
62.00000 -3.00000 -1.50000
62.50000 -3.00000 0.00000
62.00000 -3.00000 0.50000
62.00000 -3.50000 1.00000
62.00000 -3.00000 4.50000
62.50000 -2.00000 -10.00000
62.00000 -2.00000 -10.50000
62.00000 -2.50000 -10.00000
62.50000 -2.00000 -1.00000
62.00000 -2.00000 -1.50000
62.50000 -2.00000 0.00000
62.00000 -2.00000 0.50000
62.00000 -2.00000 4.50000
62.50000 -1.00000 -10.00000
62.00000 -1.00000 -10.50000
62.00000 -1.50000 -1.00000
62.00000 -1.50000 0.00000
62.00000 -1.00000 4.50000
62.50000 0.00000 -10.00000
62.00000 0.00000 -10.50000
62.00000 -0.50000 4.00000
62.00000 0.00000 3.50000
62.50000 1.00000 -10.00000
62.00000 1.00000 -10.50000
62.00000 1.00000 3.50000
62.50000 2.00000 -10.00000
62.00000 2.00000 -10.50000
62.00000 1.50000 3.00000
62.00000 2.00000 2.50000
62.00000 2.50000 -10.00000
62.50000 3.00000 -9.00000
62.00000 3.00000 -9.50000
62.50000 3.00000 -8.00000
62.00000 2.50000 2.00000
62.00000 3.00000 1.50000
62.00000 3.50000 -9.00000
62.00000 3.50000 -8.00000
62.00000 4.00000 -7.50000
62.00000 4.00000 1.50000
62.50000 5.00000 -7.00000
62.00000 5.00000 -7.50000
62.00000 4.50000 1.00000
62.00000 5.00000 0.50000
62.00000 5.50000 -7.00000
62.50000 6.00000 -6.00000
62.00000 6.00000 -6.50000
62.50000 6.00000 0.00000
62.00000 6.00000 0.50000
62.50000 7.00000 -6.00000
62.00000 7.00000 -6.50000
62.50000 7.00000 -5.00000
62.50000 7.00000 -4.00000
62.50000 7.00000 -1.00000
62.00000 7.00000 -0.50000
62.00000 6.50000 0.00000
62.00000 7.50000 -6.00000
62.50000 8.00000 -5.00000
62.00000 8.00000 -5.50000
62.50000 8.00000 -4.00000
62.50000 8.00000 -3.00000
62.00000 8.00000 -2.50000
62.00000 7.50000 -2.00000
62.00000 7.50000 -1.00000
62.00000 8.50000 -5.00000
62.00000 8.50000 -4.00000
62.00000 8.50000 -3.00000
61.50000 -32.00000 3.00000
61.50000 -32.00000 4.00000
61.00000 -31.00000 2.50000
61.00000 -31.50000 3.00000
61.00000 -31.50000 4.00000
61.50000 -31.00000 5.00000
61.00000 -31.00000 4.50000
61.50000 -30.00000 2.00000
61.00000 -30.00000 1.50000
61.00000 -30.50000 2.00000
61.00000 -30.50000 5.00000
61.50000 -30.00000 6.00000
61.00000 -30.00000 5.50000
61.50000 -30.00000 18.00000
61.00000 -30.00000 17.50000
61.00000 -30.50000 18.00000
61.00000 -30.00000 18.50000
61.00000 -29.00000 1.50000
61.50000 -29.00000 6.00000
61.00000 -29.50000 6.00000
61.00000 -29.00000 6.50000
61.00000 -29.00000 10.50000
61.00000 -29.50000 11.00000
61.00000 -29.50000 12.00000
61.00000 -29.50000 13.00000
61.50000 -29.00000 13.00000
61.00000 -29.50000 14.00000
61.50000 -29.00000 14.00000
61.00000 -29.50000 15.00000
61.50000 -29.00000 15.00000
61.00000 -29.50000 16.00000
61.50000 -29.00000 16.00000
61.00000 -29.50000 17.00000
61.00000 -29.00000 18.50000
61.50000 -28.00000 1.00000
61.00000 -28.00000 0.50000
61.00000 -28.50000 1.00000
61.00000 -28.50000 6.00000
61.00000 -28.00000 5.50000
61.00000 -28.00000 9.50000
61.00000 -28.50000 10.00000
61.00000 -28.00000 18.50000
61.50000 -27.00000 0.00000
61.00000 -27.00000 -0.50000
61.00000 -27.50000 0.00000
61.00000 -27.00000 5.50000
61.00000 -27.00000 8.50000
61.00000 -27.50000 9.00000
61.50000 -27.00000 18.00000
61.00000 -27.50000 18.00000
61.00000 -27.00000 17.50000
61.00000 -26.00000 -0.50000
61.00000 -26.50000 5.00000
61.00000 -26.00000 4.50000
61.50000 -26.00000 8.00000
61.00000 -26.00000 8.50000
61.50000 -26.00000 17.00000
61.00000 -26.50000 17.00000
61.00000 -26.00000 16.50000
61.00000 -25.00000 -0.50000
61.50000 -25.00000 4.00000
61.00000 -25.50000 4.00000
61.00000 -25.00000 3.50000
61.00000 -25.00000 7.50000
61.00000 -25.50000 8.00000
61.50000 -25.00000 11.00000
61.00000 -25.50000 11.00000
61.00000 -25.00000 10.50000
61.00000 -25.00000 11.50000
61.50000 -25.00000 16.00000
61.00000 -25.50000 16.00000
61.00000 -25.00000 15.50000
61.00000 -24.00000 -0.50000
61.00000 -24.00000 3.50000
61.00000 -24.00000 7.50000
61.00000 -24.00000 10.50000
61.00000 -24.00000 11.50000
61.50000 -24.00000 15.00000
61.00000 -24.50000 15.00000
61.00000 -24.00000 14.50000
61.00000 -23.00000 -0.50000
61.00000 -23.00000 3.50000
61.00000 -23.00000 7.50000
61.00000 -23.50000 10.00000
61.00000 -23.00000 9.50000
61.00000 -23.50000 11.00000
61.50000 -23.00000 11.00000
61.00000 -23.00000 10.50000
61.50000 -23.00000 14.00000
61.00000 -23.50000 14.00000
61.00000 -23.00000 13.50000
61.00000 -22.00000 -0.50000
61.00000 -22.00000 3.50000
61.00000 -22.00000 7.50000
61.00000 -22.50000 10.00000
61.00000 -22.00000 13.50000
61.00000 -21.00000 -1.50000
61.00000 -21.50000 -1.00000
61.00000 -21.00000 3.50000
61.00000 -21.00000 7.50000
61.00000 -21.50000 13.00000
61.00000 -21.00000 12.50000
61.00000 -20.00000 -1.50000
61.00000 -20.00000 3.50000
61.00000 -20.00000 7.50000
61.50000 -20.00000 12.00000
61.00000 -20.50000 12.00000
61.00000 -20.00000 11.50000
61.00000 -19.50000 -1.00000
61.50000 -19.00000 -1.00000
61.00000 -19.00000 -0.50000
61.00000 -19.00000 3.50000
61.00000 -19.00000 7.50000
61.00000 -19.00000 11.50000
61.00000 -18.00000 -2.50000
61.00000 -18.50000 -2.00000
61.00000 -18.50000 -1.00000
61.00000 -18.00000 3.50000
61.00000 -18.00000 7.50000
61.00000 -18.00000 11.50000
61.50000 -17.00000 -5.00000
61.00000 -17.00000 -5.50000
61.00000 -17.50000 -5.00000
61.00000 -17.50000 -4.00000
61.00000 -17.50000 -3.00000
61.00000 -17.50000 3.00000
61.00000 -17.00000 2.50000
61.00000 -17.00000 7.50000
61.00000 -17.00000 11.50000
61.50000 -16.00000 -6.00000
61.00000 -16.00000 -6.50000
61.00000 -16.50000 -6.00000
61.50000 -16.00000 2.00000
61.00000 -16.50000 2.00000
61.00000 -16.00000 1.50000
61.50000 -16.00000 7.00000
61.00000 -16.00000 6.50000
61.00000 -16.50000 7.00000
61.50000 -16.00000 11.00000
61.00000 -16.50000 11.00000
61.00000 -16.00000 10.50000
61.00000 -15.00000 -6.50000
61.50000 -15.00000 1.00000
61.00000 -15.50000 1.00000
61.00000 -15.00000 0.50000
61.50000 -15.00000 6.00000
61.00000 -15.00000 5.50000
61.00000 -15.50000 6.00000
61.00000 -15.00000 10.50000
61.00000 -14.00000 -6.50000
61.50000 -14.00000 0.00000
61.00000 -14.50000 0.00000
61.00000 -14.00000 -0.50000
61.50000 -14.00000 5.00000
61.00000 -14.00000 4.50000
61.00000 -14.50000 5.00000
61.00000 -14.50000 10.00000
61.00000 -14.00000 9.50000
61.00000 -13.00000 -6.50000
61.50000 -13.00000 -2.00000
61.00000 -13.50000 -2.00000
61.00000 -13.00000 -2.50000
61.00000 -13.50000 -1.00000
61.50000 -13.00000 4.00000
61.00000 -13.00000 3.50000
61.00000 -13.50000 4.00000
61.50000 -13.00000 9.00000
61.00000 -13.50000 9.00000
61.00000 -13.00000 8.50000
61.00000 -12.00000 -6.50000
61.00000 -12.00000 -2.50000
61.50000 -12.00000 2.00000
61.00000 -12.00000 1.50000
61.00000 -12.50000 2.00000
61.00000 -12.50000 3.00000
61.50000 -12.00000 8.00000
61.00000 -12.50000 8.00000
61.00000 -12.00000 7.50000
61.00000 -11.00000 -6.50000
61.00000 -11.50000 -3.00000
61.00000 -11.00000 -3.50000
61.00000 -11.00000 1.50000
61.00000 -11.00000 7.50000
61.00000 -10.00000 -6.50000
61.00000 -10.00000 -3.50000
61.50000 -10.00000 1.00000
61.00000 -10.00000 0.50000
61.00000 -10.50000 1.00000
61.00000 -10.50000 7.00000
61.00000 -10.00000 6.50000
61.00000 -9.00000 -6.50000
61.00000 -9.00000 -3.50000
61.00000 -9.00000 0.50000
61.50000 -9.00000 5.00000
61.00000 -9.50000 5.00000
61.00000 -9.00000 4.50000
61.00000 -9.50000 6.00000
61.00000 -8.00000 -7.50000
61.00000 -8.50000 -7.00000
61.00000 -8.00000 -3.50000
61.50000 -8.00000 0.00000
61.00000 -8.00000 -0.50000
61.00000 -8.50000 0.00000
61.00000 -8.00000 4.50000
61.00000 -7.00000 -7.50000
61.00000 -7.00000 -3.50000
61.50000 -7.00000 0.00000
61.00000 -7.00000 -0.50000
61.00000 -7.00000 4.50000
61.00000 -6.00000 -7.50000
61.50000 -6.00000 -3.00000
61.00000 -6.00000 -3.50000
61.00000 -6.50000 0.00000
61.00000 -6.00000 0.50000
61.00000 -6.00000 4.50000
61.50000 -5.00000 -8.00000
61.00000 -5.00000 -8.50000
61.00000 -5.50000 -8.00000
61.00000 -5.50000 -3.00000
61.00000 -5.00000 -2.50000
61.00000 -5.00000 0.50000
61.00000 -5.00000 4.50000
61.50000 -4.00000 -9.00000
61.00000 -4.00000 -9.50000
61.00000 -4.50000 -9.00000
61.50000 -4.00000 -2.00000
61.00000 -4.00000 -2.50000
61.00000 -4.50000 1.00000
61.00000 -4.00000 1.50000
61.00000 -4.00000 4.50000
61.50000 -3.00000 -10.00000
61.00000 -3.00000 -10.50000
61.00000 -3.50000 -10.00000
61.50000 -3.00000 -2.00000
61.00000 -3.00000 -2.50000
61.50000 -3.00000 1.00000
61.00000 -3.00000 1.50000
61.00000 -3.00000 4.50000
61.50000 -2.00000 -11.00000
61.00000 -2.00000 -11.50000
61.00000 -2.50000 -11.00000
61.50000 -2.00000 -2.00000
61.00000 -2.00000 -2.50000
61.00000 -2.00000 0.50000
61.00000 -2.50000 1.00000
61.00000 -2.00000 4.50000
61.50000 -1.00000 -11.00000
61.00000 -1.00000 -11.50000
61.50000 -1.00000 -2.00000
61.00000 -1.00000 -2.50000
61.50000 -1.00000 -1.00000
61.50000 -1.00000 0.00000
61.00000 -1.00000 0.50000
61.00000 -1.00000 4.50000
61.50000 0.00000 -11.00000
61.00000 0.00000 -11.50000
61.50000 0.00000 -2.00000
61.00000 0.00000 -2.50000
61.50000 0.00000 -1.00000
61.00000 0.00000 -0.50000
61.00000 -0.50000 0.00000
61.00000 -0.50000 4.00000
61.00000 0.00000 3.50000
61.50000 1.00000 -11.00000
61.00000 1.00000 -11.50000
61.50000 1.00000 -2.00000
61.00000 1.00000 -2.50000
61.00000 1.00000 -1.50000
61.00000 0.50000 -1.00000
61.00000 1.00000 3.50000
61.50000 2.00000 -11.00000
61.00000 2.00000 -11.50000
61.00000 1.50000 -2.00000
61.00000 1.50000 3.00000
61.00000 2.00000 2.50000
61.00000 2.50000 -11.00000
61.50000 3.00000 -10.00000
61.00000 3.00000 -10.50000
61.00000 2.50000 2.00000
61.00000 3.00000 1.50000
61.00000 3.50000 -10.00000
61.00000 3.50000 -9.00000
61.50000 4.00000 -8.00000
61.00000 4.00000 -8.50000
61.00000 4.00000 1.50000
61.50000 5.00000 -8.00000
61.00000 5.00000 -8.50000
61.00000 4.50000 1.00000
61.00000 5.00000 0.50000
61.50000 6.00000 -8.00000
61.00000 6.00000 -8.50000
61.50000 6.00000 -7.00000
61.00000 6.00000 0.50000
61.50000 7.00000 -8.00000
61.00000 7.00000 -8.50000
61.50000 7.00000 -7.00000
61.00000 6.50000 0.00000
61.00000 7.00000 -0.50000
61.50000 8.00000 -8.00000
61.00000 8.00000 -8.50000
61.50000 8.00000 -7.00000
61.50000 8.00000 -6.00000
61.50000 8.00000 -2.00000
61.00000 8.00000 -1.50000
61.00000 7.50000 -1.00000
61.00000 8.50000 -8.00000
61.50000 9.00000 -7.00000
61.00000 9.00000 -7.50000
61.50000 9.00000 -6.00000
61.50000 9.00000 -5.00000
61.50000 9.00000 -4.00000
61.50000 9.00000 -3.00000
61.00000 9.00000 -2.50000
61.00000 8.50000 -2.00000
61.00000 9.50000 -7.00000
61.50000 10.00000 -6.00000
61.00000 10.00000 -6.50000
61.50000 10.00000 -5.00000
61.50000 10.00000 -4.00000
61.00000 10.00000 -3.50000
61.00000 9.50000 -3.00000
61.00000 10.50000 -6.00000
61.00000 10.50000 -5.00000
61.00000 10.50000 -4.00000
60.50000 -31.00000 2.00000
60.00000 -31.00000 1.50000
60.00000 -31.50000 2.00000
60.00000 -31.50000 3.00000
60.50000 -31.00000 4.00000
60.00000 -31.00000 3.50000
60.00000 -30.00000 1.50000
60.00000 -30.50000 4.00000
60.50000 -30.00000 5.00000
60.00000 -30.00000 4.50000
60.50000 -30.00000 12.00000
60.00000 -30.00000 11.50000
60.00000 -30.50000 12.00000
60.00000 -30.50000 13.00000
60.50000 -30.00000 13.00000
60.00000 -30.50000 14.00000
60.50000 -30.00000 14.00000
60.00000 -30.00000 14.50000
60.50000 -30.00000 16.00000
60.00000 -30.00000 15.50000
60.00000 -30.50000 16.00000
60.00000 -30.50000 17.00000
60.50000 -30.00000 17.00000
60.00000 -30.50000 18.00000
60.00000 -30.00000 18.50000
60.50000 -29.00000 1.00000
60.00000 -29.00000 0.50000
60.00000 -29.50000 1.00000
60.00000 -29.50000 5.00000
60.50000 -29.00000 6.00000
60.00000 -29.00000 5.50000
60.00000 -29.00000 10.50000
60.00000 -29.50000 11.00000
60.00000 -29.50000 15.00000
60.00000 -29.00000 18.50000
60.50000 -28.00000 0.00000
60.00000 -28.00000 -0.50000
60.00000 -28.50000 0.00000
60.00000 -28.00000 5.50000
60.00000 -28.00000 9.50000
60.00000 -28.50000 10.00000
60.00000 -28.00000 18.50000
60.00000 -27.00000 -0.50000
60.50000 -27.00000 5.00000
60.00000 -27.50000 5.00000
60.00000 -27.00000 4.50000
60.00000 -27.00000 8.50000
60.00000 -27.50000 9.00000
60.50000 -27.00000 17.00000
60.00000 -27.50000 17.00000
60.00000 -27.00000 16.50000
60.00000 -27.50000 18.00000
60.00000 -26.00000 -0.50000
60.00000 -26.00000 4.50000
60.00000 -26.00000 8.50000
60.50000 -26.00000 12.00000
60.00000 -26.50000 12.00000
60.00000 -26.00000 11.50000
60.00000 -26.00000 12.50000
60.50000 -26.00000 16.00000
60.00000 -26.50000 16.00000
60.00000 -26.00000 15.50000
60.00000 -25.00000 -0.50000
60.00000 -25.50000 4.00000
60.00000 -25.00000 3.50000
60.00000 -25.00000 7.50000
60.00000 -25.50000 8.00000
60.00000 -25.50000 11.00000
60.00000 -25.00000 10.50000
60.50000 -25.50000 11.50000
60.00000 -25.50000 12.00000
60.00000 -25.00000 11.50000
60.00000 -25.00000 15.50000
60.00000 -24.00000 -0.50000
60.00000 -24.00000 3.50000
60.00000 -24.00000 7.50000
60.00000 -24.50000 11.00000
60.50000 -24.00000 11.00000
60.00000 -24.50000 15.00000
60.00000 -24.00000 14.50000
60.00000 -23.00000 -0.50000
60.00000 -23.00000 3.50000
60.00000 -23.00000 7.50000
60.50000 -23.00000 10.00000
60.00000 -23.50000 14.00000
60.00000 -23.00000 13.50000
60.00000 -22.00000 -0.50000
60.00000 -22.00000 3.50000
60.00000 -22.00000 7.50000
60.50000 -22.00000 13.00000
60.00000 -22.50000 13.00000
60.00000 -22.00000 12.50000
60.50000 -21.00000 -1.00000
60.00000 -21.00000 -0.50000
60.00000 -21.00000 3.50000
60.00000 -21.00000 7.50000
60.00000 -21.00000 12.50000
60.50000 -20.00000 -1.00000
60.00000 -20.00000 -0.50000
60.00000 -20.00000 3.50000
60.00000 -20.00000 7.50000
60.00000 -20.50000 12.00000
60.00000 -20.00000 11.50000
60.00000 -19.00000 -1.50000
60.50000 -19.00000 -1.00000
60.00000 -19.50000 -1.00000
60.50000 -19.00000 3.00000
60.00000 -19.50000 3.00000
60.00000 -19.00000 2.50000
60.00000 -19.00000 7.50000
60.00000 -19.00000 11.50000
60.50000 -18.00000 -4.00000
60.00000 -18.00000 -4.50000
60.00000 -18.50000 -4.00000
60.00000 -18.50000 -3.00000
60.50000 -18.00000 -3.00000
60.00000 -18.50000 -2.00000
60.50000 -18.00000 3.00000
60.00000 -18.00000 2.50000
60.00000 -18.00000 7.50000
60.00000 -18.00000 11.50000
60.50000 -17.00000 -6.00000
60.00000 -17.00000 -6.50000
60.00000 -17.50000 -6.00000
60.00000 -17.50000 -5.00000
60.50000 -17.00000 2.00000
60.00000 -17.50000 2.00000
60.00000 -17.00000 1.50000
60.00000 -17.00000 7.50000
60.00000 -17.00000 11.50000
60.00000 -16.00000 -6.50000
60.00000 -16.00000 1.50000
60.00000 -16.00000 6.50000
60.00000 -16.50000 7.00000
60.00000 -16.50000 11.00000
60.00000 -16.00000 10.50000
60.50000 -15.00000 -7.00000
60.00000 -15.00000 -7.50000
60.00000 -15.50000 -7.00000
60.50000 -15.00000 0.00000
60.00000 -15.50000 0.00000
60.00000 -15.00000 -0.50000
60.00000 -15.50000 1.00000
60.50000 -15.00000 5.00000
60.00000 -15.00000 4.50000
60.00000 -15.50000 5.00000
60.00000 -15.50000 6.00000
60.00000 -15.00000 10.50000
60.50000 -14.00000 -7.00000
60.00000 -14.00000 -7.50000
60.50000 -14.00000 -2.00000
60.00000 -14.50000 -2.00000
60.00000 -14.00000 -2.50000
60.50000 -14.00000 -1.00000
60.00000 -14.50000 -1.00000
60.50000 -14.00000 4.00000
60.00000 -14.00000 3.50000
60.00000 -14.50000 4.00000
60.00000 -14.50000 10.00000
60.00000 -14.00000 9.50000
60.00000 -13.50000 -7.00000
60.00000 -13.00000 -6.50000
60.50000 -13.00000 -3.00000
60.00000 -13.50000 -3.00000
60.00000 -13.00000 -3.50000
60.50000 -13.00000 3.00000
60.00000 -13.00000 2.50000
60.00000 -13.50000 3.00000
60.00000 -13.50000 9.00000
60.00000 -13.00000 8.50000
60.00000 -12.00000 -6.50000
60.00000 -12.50000 -3.00000
60.00000 -12.00000 -2.50000
60.00000 -12.00000 1.50000
60.00000 -12.50000 2.00000
60.00000 -12.50000 8.00000
60.00000 -12.00000 7.50000
60.00000 -11.00000 -6.50000
60.00000 -11.50000 -3.00000
60.00000 -11.00000 -3.50000
60.50000 -11.00000 1.00000
60.00000 -11.00000 0.50000
60.00000 -11.50000 1.00000
60.50000 -11.00000 7.00000
60.00000 -11.50000 7.00000
60.00000 -11.00000 6.50000
60.00000 -10.00000 -6.50000
60.00000 -10.00000 -3.50000
60.00000 -10.00000 0.50000
60.50000 -10.00000 5.00000
60.00000 -10.50000 5.00000
60.00000 -10.00000 4.50000
60.50000 -10.00000 6.00000
60.00000 -10.50000 6.00000
60.00000 -9.00000 -6.50000
60.00000 -9.00000 -3.50000
60.50000 -9.00000 0.00000
60.00000 -9.00000 -0.50000
60.00000 -9.50000 0.00000
60.50000 -9.00000 4.00000
60.00000 -9.50000 4.00000
60.00000 -9.00000 3.50000
60.50000 -8.00000 -7.00000
60.00000 -8.00000 -6.50000
60.00000 -8.00000 -3.50000
60.00000 -8.00000 -0.50000
60.50000 -8.00000 4.00000
60.00000 -8.00000 3.50000
60.50000 -7.00000 -7.00000
60.00000 -7.00000 -6.50000
60.00000 -7.00000 -3.50000
60.00000 -7.00000 -0.50000
60.00000 -7.50000 4.00000
60.00000 -7.00000 4.50000
60.00000 -6.00000 -7.50000
60.00000 -6.50000 -7.00000
60.00000 -6.50000 -3.00000
60.50000 -6.00000 -3.00000
60.00000 -6.00000 -2.50000
60.00000 -6.50000 0.00000
60.00000 -6.00000 0.50000
60.00000 -6.00000 4.50000
60.50000 -5.00000 -9.00000
60.00000 -5.00000 -9.50000
60.00000 -5.50000 -9.00000
60.00000 -5.50000 -8.00000
60.00000 -5.00000 -2.50000
60.00000 -5.00000 0.50000
60.00000 -5.00000 4.50000
60.50000 -4.00000 -10.00000
60.00000 -4.00000 -10.50000
60.00000 -4.50000 -10.00000
60.00000 -4.00000 -2.50000
60.00000 -4.50000 1.00000
60.00000 -4.00000 1.50000
60.00000 -4.00000 4.50000
60.50000 -3.00000 -11.00000
60.00000 -3.00000 -11.50000
60.00000 -3.50000 -11.00000
60.00000 -3.00000 -2.50000
60.50000 -3.00000 1.00000
60.00000 -3.00000 0.50000
60.00000 -3.50000 1.00000
60.00000 -3.00000 4.50000
60.00000 -2.00000 -11.50000
60.00000 -2.00000 -2.50000
60.00000 -2.00000 0.50000
60.00000 -2.00000 4.50000
60.00000 -1.00000 -11.50000
60.50000 -1.00000 -7.00000
60.00000 -1.50000 -7.00000
60.00000 -1.00000 -7.50000
60.00000 -1.00000 -6.50000
60.50000 -1.00000 -3.00000
60.00000 -1.50000 -3.00000
60.00000 -1.00000 -3.50000
60.00000 -1.00000 0.50000
60.50000 -1.00000 4.00000
60.00000 -1.50000 4.00000
60.00000 -1.00000 3.50000
60.00000 0.00000 -11.50000
60.00000 -0.50000 -7.00000
60.50000 0.00000 -4.00000
60.00000 -0.50000 -4.00000
60.00000 0.00000 -4.50000
60.50000 0.00000 -3.00000
60.00000 0.00000 -0.50000
60.00000 -0.50000 0.00000
60.00000 0.00000 3.50000
60.00000 1.00000 -11.50000
60.50000 1.00000 -4.00000
60.00000 1.00000 -4.50000
60.50000 1.00000 -3.00000
60.00000 1.00000 -1.50000
60.00000 0.50000 -1.00000
60.50000 1.00000 3.00000
60.00000 0.50000 3.00000
60.00000 1.00000 2.50000
60.00000 2.00000 -11.50000
60.50000 2.00000 -4.00000
60.00000 2.00000 -4.50000
60.50000 2.00000 -3.00000
60.50000 2.00000 -2.00000
60.00000 2.00000 -1.50000
60.00000 2.00000 2.50000
60.00000 2.50000 -11.00000
60.00000 3.00000 -10.50000
60.50000 3.00000 -4.00000
60.00000 3.00000 -4.50000
60.50000 3.00000 -3.00000
60.00000 3.00000 -2.50000
60.00000 2.50000 -2.00000
60.00000 2.50000 2.00000
60.00000 3.00000 1.50000
60.00000 3.50000 -10.00000
60.50000 4.00000 -9.00000
60.00000 4.00000 -9.50000
60.00000 3.50000 -4.00000
60.00000 3.50000 -3.00000
60.50000 4.00000 1.00000
60.00000 3.50000 1.00000
60.00000 4.00000 0.50000
60.50000 5.00000 -11.00000
60.00000 5.00000 -11.50000
60.00000 4.50000 -11.00000
60.00000 4.50000 -10.00000
60.50000 5.00000 -10.00000
60.50000 5.00000 -9.00000
60.00000 5.00000 0.50000
60.50000 6.00000 -12.00000
60.00000 6.00000 -12.50000
60.00000 5.50000 -12.00000
60.50000 6.00000 -11.00000
60.50000 6.00000 -10.00000
60.50000 6.00000 -9.00000
60.50000 6.00000 0.00000
60.00000 5.50000 0.00000
60.00000 6.00000 -0.50000
60.50000 7.00000 -12.00000
60.00000 7.00000 -12.50000
60.50000 7.00000 -11.00000
60.50000 7.00000 -10.00000
60.50000 7.00000 -9.00000
60.00000 7.00000 -0.50000
60.50000 8.00000 -13.00000
60.00000 8.00000 -13.50000
60.00000 7.50000 -13.00000
60.50000 8.00000 -12.00000
60.50000 8.00000 -11.00000
60.50000 8.00000 -10.00000
60.50000 8.00000 -9.00000
60.00000 7.50000 -1.00000
60.00000 8.00000 -1.50000
60.00000 8.50000 -13.00000
60.50000 9.00000 -12.00000
60.00000 9.00000 -12.50000
60.50000 9.00000 -11.00000
60.50000 9.00000 -10.00000
60.50000 9.00000 -9.00000
60.50000 9.00000 -8.00000
60.50000 9.00000 -2.00000
60.00000 9.00000 -1.50000
60.00000 9.50000 -12.00000
60.00000 9.50000 -11.00000
60.50000 10.00000 -10.00000
60.00000 10.00000 -10.50000
60.50000 10.00000 -9.00000
60.50000 10.00000 -8.00000
60.50000 10.00000 -7.00000
60.50000 10.00000 -3.00000
60.00000 10.00000 -2.50000
60.00000 9.50000 -2.00000
60.00000 10.50000 -10.00000
60.50000 11.00000 -9.00000
60.00000 11.00000 -9.50000
60.50000 11.00000 -8.00000
60.50000 11.00000 -7.00000
60.50000 11.00000 -6.00000
60.50000 11.00000 -5.00000
60.50000 11.00000 -4.00000
60.00000 11.00000 -3.50000
60.00000 10.50000 -3.00000
60.00000 11.50000 -9.00000
60.00000 11.50000 -8.00000
60.00000 11.50000 -7.00000
60.00000 11.50000 -6.00000
60.00000 11.50000 -5.00000
60.00000 11.50000 -4.00000
59.00000 -31.00000 1.50000
59.00000 -31.50000 2.00000
59.50000 -31.00000 3.00000
59.00000 -31.00000 2.50000
59.50000 -31.00000 17.00000
59.00000 -31.00000 16.50000
59.00000 -31.50000 17.00000
59.00000 -31.50000 18.00000
59.50000 -31.00000 18.00000
59.00000 -31.00000 18.50000
59.50000 -30.00000 1.00000
59.00000 -30.00000 0.50000
59.00000 -30.50000 1.00000
59.00000 -30.50000 3.00000
59.00000 -30.50000 4.00000
59.00000 -30.00000 4.50000
59.00000 -30.00000 11.50000
59.00000 -30.50000 12.00000
59.00000 -30.50000 13.00000
59.00000 -30.50000 14.00000
59.00000 -30.50000 15.00000
59.50000 -30.00000 15.00000
59.00000 -30.50000 16.00000
59.00000 -30.00000 18.50000
59.50000 -29.00000 0.00000
59.00000 -29.00000 -0.50000
59.00000 -29.50000 0.00000
59.00000 -29.50000 5.00000
59.00000 -29.00000 5.50000
59.00000 -29.00000 10.50000
59.00000 -29.50000 11.00000
59.00000 -29.00000 18.50000
59.00000 -28.00000 -0.50000
59.00000 -28.00000 5.50000
59.00000 -28.00000 9.50000
59.00000 -28.50000 10.00000
59.50000 -28.00000 18.00000
59.00000 -28.50000 18.00000
59.00000 -28.00000 17.50000
59.00000 -27.00000 -0.50000
59.00000 -27.50000 5.00000
59.00000 -27.00000 4.50000
59.00000 -27.00000 8.50000
59.00000 -27.50000 9.00000
59.00000 -27.50000 17.00000
59.00000 -27.00000 16.50000
59.00000 -26.00000 -0.50000
59.00000 -26.00000 4.50000
59.00000 -26.00000 8.50000
59.50000 -26.00000 12.00000
59.00000 -26.50000 16.00000
59.00000 -26.00000 15.50000
59.00000 -25.00000 -0.50000
59.00000 -25.50000 4.00000
59.00000 -25.00000 3.50000
59.00000 -25.00000 7.50000
59.00000 -25.50000 8.00000
59.50000 -25.00000 11.00000
59.50000 -25.00000 15.00000
59.00000 -25.50000 15.00000
59.00000 -25.00000 14.50000
59.00000 -24.00000 -0.50000
59.00000 -24.00000 3.50000
59.00000 -24.00000 7.50000
59.50000 -24.00000 14.00000
59.00000 -24.50000 14.00000
59.00000 -24.00000 13.50000
59.00000 -23.00000 -0.50000
59.00000 -23.00000 3.50000
59.00000 -23.00000 7.50000
59.00000 -23.00000 13.50000
59.00000 -22.00000 -0.50000
59.00000 -22.00000 3.50000
59.00000 -22.00000 7.50000
59.00000 -22.50000 13.00000
59.00000 -22.00000 12.50000
59.00000 -21.00000 -0.50000
59.00000 -21.00000 3.50000
59.00000 -21.00000 7.50000
59.50000 -21.00000 12.00000
59.00000 -21.50000 12.00000
59.00000 -21.00000 11.50000
59.00000 -20.00000 -0.50000
59.00000 -20.00000 3.50000
59.00000 -20.00000 7.50000
59.00000 -20.00000 11.50000
59.50000 -19.00000 -2.00000
59.00000 -19.00000 -2.50000
59.00000 -19.50000 -2.00000
59.00000 -19.50000 -1.00000
59.00000 -19.50000 3.00000
59.00000 -19.00000 2.50000
59.00000 -19.00000 7.50000
59.00000 -19.00000 11.50000
59.50000 -18.00000 -6.00000
59.00000 -18.00000 -6.50000
59.00000 -18.50000 -6.00000
59.00000 -18.50000 -5.00000
59.50000 -18.00000 -5.00000
59.00000 -18.50000 -4.00000
59.00000 -18.50000 -3.00000
59.00000 -18.00000 2.50000
59.00000 -18.00000 7.50000
59.00000 -18.00000 11.50000
59.00000 -17.00000 -6.50000
59.00000 -17.50000 2.00000
59.00000 -17.00000 1.50000
59.50000 -17.00000 7.00000
59.00000 -17.00000 6.50000
59.00000 -17.50000 7.00000
59.50000 -17.00000 11.00000
59.00000 -17.50000 11.00000
59.00000 -17.00000 10.50000
59.50000 -16.00000 -7.00000
59.00000 -16.00000 -7.50000
59.00000 -16.50000 -7.00000
59.50000 -16.00000 1.00000
59.00000 -16.50000 1.00000
59.00000 -16.00000 0.50000
59.50000 -16.00000 6.00000
59.00000 -16.00000 5.50000
59.00000 -16.50000 6.00000
59.00000 -16.00000 10.50000
59.00000 -15.00000 -7.50000
59.50000 -15.00000 -3.00000
59.00000 -15.50000 -3.00000
59.00000 -15.00000 -3.50000
59.50000 -15.00000 -2.00000
59.00000 -15.50000 -2.00000
59.50000 -15.00000 -1.00000
59.00000 -15.50000 -1.00000
59.00000 -15.50000 0.00000
59.50000 -15.00000 4.00000
59.00000 -15.00000 3.50000
59.00000 -15.50000 4.00000
59.00000 -15.50000 5.00000
59.50000 -15.00000 10.00000
59.00000 -15.50000 10.00000
59.00000 -15.00000 9.50000
59.00000 -14.00000 -7.50000
59.50000 -14.00000 -3.00000
59.00000 -14.00000 -3.50000
59.50000 -14.00000 3.00000
59.00000 -14.00000 2.50000
59.00000 -14.50000 3.00000
59.00000 -14.00000 9.50000
59.50000 -13.00000 -7.00000
59.00000 -13.00000 -7.50000
59.00000 -13.00000 -3.50000
59.50000 -13.00000 2.00000
59.00000 -13.00000 1.50000
59.00000 -13.50000 2.00000
59.00000 -13.50000 9.00000
59.00000 -13.00000 8.50000
59.00000 -12.50000 -7.00000
59.00000 -12.00000 -6.50000
59.50000 -12.00000 -3.00000
59.00000 -12.00000 -3.50000
59.00000 -12.00000 1.50000
59.50000 -12.00000 7.00000
59.00000 -12.50000 7.00000
59.00000 -12.00000 6.50000
59.00000 -12.50000 8.00000
59.00000 -11.00000 -6.50000
59.50000 -11.00000 -3.00000
59.00000 -11.50000 -3.00000
59.00000 -11.00000 -2.50000
59.00000 -11.00000 0.50000
59.00000 -11.50000 1.00000
59.50000 -11.00000 4.00000
59.00000 -11.50000 4.00000
59.00000 -11.00000 3.50000
59.50000 -11.00000 5.00000
59.00000 -11.50000 5.00000
59.50000 -11.00000 6.00000
59.00000 -11.50000 6.00000
59.00000 -10.00000 -6.50000
59.00000 -10.50000 -3.00000
59.00000 -10.00000 -3.50000
59.50000 -10.00000 0.00000
59.00000 -10.00000 -0.50000
59.00000 -10.50000 0.00000
59.50000 -10.00000 3.00000
59.00000 -10.50000 3.00000
59.00000 -10.00000 2.50000
59.50000 -10.00000 4.00000
59.00000 -9.00000 -6.50000
59.00000 -9.00000 -3.50000
59.00000 -9.00000 -0.50000
59.50000 -9.00000 3.00000
59.00000 -9.00000 2.50000
59.00000 -8.00000 -6.50000
59.00000 -8.00000 -3.50000
59.00000 -8.00000 -0.50000
59.00000 -8.50000 3.00000
59.00000 -8.50000 4.00000
59.50000 -8.00000 4.00000
59.00000 -8.00000 4.50000
59.00000 -7.00000 -6.50000
59.00000 -7.00000 -3.50000
59.00000 -7.00000 -0.50000
59.00000 -7.50000 5.00000
59.50000 -7.00000 5.00000
59.00000 -7.00000 5.50000
59.50000 -6.00000 -8.00000
59.00000 -6.00000 -8.50000
59.00000 -6.50000 -8.00000
59.00000 -6.50000 -7.00000
59.00000 -6.50000 -3.00000
59.00000 -6.00000 -2.50000
59.00000 -6.50000 0.00000
59.00000 -6.00000 0.50000
59.50000 -6.00000 5.00000
59.00000 -6.00000 5.50000
59.50000 -5.00000 -10.00000
59.00000 -5.00000 -10.50000
59.00000 -5.50000 -10.00000
59.00000 -5.50000 -9.00000
59.00000 -5.00000 -2.50000
59.00000 -5.00000 0.50000
59.50000 -5.00000 5.00000
59.00000 -5.00000 5.50000
59.50000 -4.00000 -11.00000
59.00000 -4.00000 -11.50000
59.00000 -4.50000 -11.00000
59.00000 -4.00000 -2.50000
59.50000 -4.00000 1.00000
59.00000 -4.00000 0.50000
59.00000 -4.50000 5.00000
59.00000 -4.00000 4.50000
59.50000 -3.00000 -12.00000
59.00000 -3.00000 -12.50000
59.00000 -3.50000 -12.00000
59.00000 -3.00000 -2.50000
59.00000 -3.00000 0.50000
59.00000 -3.00000 4.50000
59.50000 -2.00000 -12.00000
59.00000 -2.00000 -12.50000
59.50000 -2.00000 -3.00000
59.00000 -2.50000 -3.00000
59.00000 -2.00000 -3.50000
59.00000 -2.00000 0.50000
59.00000 -2.00000 4.50000
59.50000 -1.00000 -12.00000
59.00000 -1.00000 -12.50000
59.00000 -1.50000 -7.00000
59.00000 -1.00000 -7.50000
59.00000 -1.00000 -6.50000
59.50000 -1.00000 -4.00000
59.00000 -1.50000 -4.00000
59.00000 -1.00000 -4.50000
59.50000 -1.00000 0.00000
59.00000 -1.00000 -0.50000
59.00000 -1.50000 0.00000
59.00000 -1.50000 4.00000
59.00000 -1.00000 3.50000
59.50000 0.00000 -12.00000
59.00000 0.00000 -12.50000
59.00000 -0.50000 -7.00000
59.50000 -0.50000 -6.50000
59.00000 -0.50000 -6.00000
59.50000 0.00000 -6.00000
59.00000 0.00000 -6.50000
59.50000 0.00000 -5.00000
59.00000 -0.50000 -5.00000
59.50000 0.00000 -1.00000
59.00000 0.00000 -1.50000
59.00000 -0.50000 -1.00000
59.50000 0.00000 3.00000
59.00000 -0.50000 3.00000
59.00000 0.00000 2.50000
59.50000 1.00000 -12.00000
59.00000 1.00000 -12.50000
59.00000 0.50000 -6.00000
59.00000 1.00000 -5.50000
59.50000 1.00000 -5.00000
59.00000 1.00000 -1.50000
59.00000 1.00000 2.50000
59.00000 1.50000 -12.00000
59.00000 2.00000 -11.50000
59.00000 1.50000 -5.00000
59.00000 2.00000 -4.50000
59.00000 2.00000 -1.50000
59.50000 2.00000 2.00000
59.00000 1.50000 2.00000
59.00000 2.00000 1.50000
59.00000 2.50000 -11.00000
59.00000 3.00000 -10.50000
59.00000 3.00000 -4.50000
59.00000 3.00000 -2.50000
59.00000 2.50000 -2.00000
59.50000 3.00000 1.00000
59.00000 2.50000 1.00000
59.00000 3.00000 0.50000
59.00000 3.50000 -10.00000
59.00000 4.00000 -9.50000
59.50000 4.00000 -4.00000
59.00000 4.00000 -4.50000
59.50000 4.00000 -3.00000
59.00000 4.00000 -2.50000
59.00000 4.00000 0.50000
59.50000 5.00000 -13.00000
59.00000 5.00000 -13.50000
59.00000 4.50000 -13.00000
59.00000 4.50000 -12.00000
59.50000 5.00000 -12.00000
59.00000 4.50000 -11.00000
59.00000 4.50000 -10.00000
59.50000 5.00000 -5.00000
59.00000 4.50000 -5.00000
59.00000 5.00000 -5.50000
59.50000 5.00000 -4.00000
59.00000 5.00000 -3.50000
59.00000 4.50000 -3.00000
59.00000 5.00000 0.50000
59.50000 6.00000 -13.00000
59.00000 6.00000 -13.50000
59.00000 5.50000 -5.00000
59.00000 5.50000 -4.00000
59.00000 5.50000 0.00000
59.00000 6.00000 -0.50000
59.50000 7.00000 -14.00000
59.00000 7.00000 -14.50000
59.00000 6.50000 -14.00000
59.50000 7.00000 -13.00000
59.00000 7.00000 -0.50000
59.50000 8.00000 -14.00000
59.00000 8.00000 -14.50000
59.00000 7.50000 -1.00000
59.00000 8.00000 -1.50000
59.50000 9.00000 -14.00000
59.00000 9.00000 -14.50000
59.50000 9.00000 -13.00000
59.00000 9.00000 -1.50000
59.00000 9.50000 -14.00000
59.50000 10.00000 -13.00000
59.00000 10.00000 -13.50000
59.50000 10.00000 -12.00000
59.50000 10.00000 -11.00000
59.00000 9.50000 -2.00000
59.00000 10.00000 -2.50000
59.00000 10.50000 -13.00000
59.50000 11.00000 -12.00000
59.00000 11.00000 -12.50000
59.50000 11.00000 -11.00000
59.50000 11.00000 -10.00000
59.00000 10.50000 -3.00000
59.00000 11.00000 -3.50000
59.00000 11.50000 -12.00000
59.50000 12.00000 -11.00000
59.00000 12.00000 -11.50000
59.50000 12.00000 -10.00000
59.50000 12.00000 -9.00000
59.50000 12.00000 -8.00000
59.50000 12.00000 -7.00000
59.50000 12.00000 -6.00000
59.50000 12.00000 -5.00000
59.00000 12.00000 -4.50000
59.00000 11.50000 -4.00000
59.00000 12.50000 -11.00000
59.00000 12.50000 -10.00000
59.50000 13.00000 -9.00000
59.00000 13.00000 -9.50000
59.50000 13.00000 -8.00000
59.50000 13.00000 -7.00000
59.00000 13.00000 -6.50000
59.00000 12.50000 -6.00000
59.00000 12.50000 -5.00000
59.00000 13.50000 -9.00000
59.00000 13.50000 -8.00000
59.00000 13.50000 -7.00000
58.50000 -31.00000 1.00000
58.00000 -31.00000 0.50000
58.00000 -31.50000 1.00000
58.00000 -31.50000 2.00000
58.00000 -31.00000 2.50000
58.50000 -31.00000 16.00000
58.00000 -31.00000 15.50000
58.00000 -31.50000 16.00000
58.00000 -31.50000 17.00000
58.00000 -31.50000 18.00000
58.00000 -31.00000 18.50000
58.50000 -30.00000 0.00000
58.00000 -30.00000 -0.50000
58.00000 -30.50000 0.00000
58.00000 -30.50000 3.00000
58.50000 -30.00000 4.00000
58.00000 -30.00000 3.50000
58.00000 -30.00000 11.50000
58.00000 -30.50000 12.00000
58.00000 -30.50000 13.00000
58.00000 -30.50000 14.00000
58.00000 -30.50000 15.00000
58.00000 -30.00000 18.50000
58.00000 -29.00000 -0.50000
58.00000 -29.50000 4.00000
58.00000 -29.50000 5.00000
58.00000 -29.00000 5.50000
58.00000 -29.00000 10.50000
58.00000 -29.50000 11.00000
58.00000 -29.00000 18.50000
58.50000 -28.00000 -1.00000
58.00000 -28.00000 -1.50000
58.00000 -28.50000 -1.00000
58.00000 -28.00000 5.50000
58.00000 -28.00000 9.50000
58.00000 -28.50000 10.00000
58.50000 -28.00000 17.00000
58.00000 -28.50000 17.00000
58.00000 -28.00000 16.50000
58.00000 -28.50000 18.00000
58.50000 -27.00000 -1.00000
58.00000 -27.00000 -1.50000
58.00000 -27.50000 5.00000
58.00000 -27.00000 4.50000
58.00000 -27.00000 8.50000
58.00000 -27.50000 9.00000
58.50000 -27.00000 16.00000
58.00000 -27.50000 16.00000
58.00000 -27.00000 15.50000
58.50000 -26.00000 -1.00000
58.00000 -26.00000 -1.50000
58.00000 -26.00000 4.50000
58.00000 -26.00000 8.50000
58.50000 -26.00000 15.00000
58.00000 -26.50000 15.00000
58.00000 -26.00000 14.50000
58.00000 -25.50000 -1.00000
58.00000 -25.00000 -0.50000
58.00000 -25.50000 4.00000
58.00000 -25.00000 3.50000
58.00000 -25.00000 7.50000
58.00000 -25.50000 8.00000
58.00000 -25.00000 14.50000
58.00000 -24.00000 -0.50000
58.00000 -24.00000 3.50000
58.00000 -24.00000 7.50000
58.00000 -24.50000 14.00000
58.00000 -24.00000 13.50000
58.00000 -23.00000 -0.50000
58.00000 -23.00000 3.50000
58.00000 -23.00000 7.50000
58.50000 -23.00000 13.00000
58.00000 -23.50000 13.00000
58.00000 -23.00000 12.50000
58.00000 -22.00000 -0.50000
58.00000 -22.00000 3.50000
58.00000 -22.00000 7.50000
58.00000 -22.00000 12.50000
58.00000 -21.00000 -0.50000
58.00000 -21.00000 3.50000
58.00000 -21.00000 7.50000
58.00000 -21.50000 12.00000
58.00000 -21.00000 11.50000
58.50000 -20.00000 -1.00000
58.00000 -20.00000 -1.50000
58.00000 -20.50000 -1.00000
58.50000 -20.00000 3.00000
58.00000 -20.50000 3.00000
58.00000 -20.00000 2.50000
58.00000 -20.00000 7.50000
58.00000 -20.00000 11.50000
58.50000 -19.00000 -5.00000
58.00000 -19.00000 -5.50000
58.00000 -19.50000 -5.00000
58.00000 -19.50000 -4.00000
58.50000 -19.00000 -4.00000
58.00000 -19.50000 -3.00000
58.50000 -19.00000 -3.00000
58.00000 -19.50000 -2.00000
58.00000 -19.00000 2.50000
58.00000 -19.00000 7.50000
58.00000 -19.00000 11.50000
58.00000 -18.00000 -6.50000
58.00000 -18.50000 -6.00000
58.50000 -18.00000 2.00000
58.00000 -18.50000 2.00000
58.00000 -18.00000 1.50000
58.00000 -18.00000 7.50000
58.00000 -18.00000 11.50000
58.50000 -17.00000 -7.00000
58.00000 -17.00000 -7.50000
58.00000 -17.50000 -7.00000
58.50000 -17.00000 1.00000
58.00000 -17.50000 1.00000
58.00000 -17.00000 0.50000
58.50000 -17.00000 6.00000
58.00000 -17.00000 5.50000
58.00000 -17.50000 6.00000
58.00000 -17.50000 7.00000
58.00000 -17.50000 11.00000
58.00000 -17.00000 10.50000
58.00000 -16.00000 -7.50000
58.50000 -16.00000 0.00000
58.00000 -16.50000 0.00000
58.00000 -16.00000 -0.50000
58.50000 -16.00000 5.00000
58.00000 -16.00000 4.50000
58.00000 -16.50000 5.00000
58.00000 -16.00000 10.50000
58.00000 -15.00000 -7.50000
58.50000 -15.00000 -4.00000
58.00000 -15.50000 -4.00000
58.00000 -15.00000 -4.50000
58.00000 -15.50000 -3.00000
58.00000 -15.50000 -2.00000
58.00000 -15.50000 -1.00000
58.00000 -15.00000 3.50000
58.00000 -15.50000 4.00000
58.00000 -15.50000 10.00000
58.00000 -15.00000 9.50000
58.00000 -14.00000 -7.50000
58.50000 -14.00000 -4.00000
58.00000 -14.00000 -4.50000
58.00000 -14.00000 2.50000
58.00000 -14.50000 3.00000
58.50000 -14.00000 9.00000
58.00000 -14.50000 9.00000
58.00000 -14.00000 8.50000
58.00000 -13.00000 -7.50000
58.00000 -13.50000 -4.00000
58.00000 -13.00000 -3.50000
58.00000 -13.00000 1.50000
58.00000 -13.50000 2.00000
58.50000 -13.00000 8.00000
58.00000 -13.50000 8.00000
58.00000 -13.00000 7.50000
58.00000 -12.50000 -7.00000
58.00000 -12.00000 -6.50000
58.00000 -12.50000 -3.00000
58.50000 -12.00000 -3.00000
58.00000 -12.00000 -2.50000
58.50000 -12.00000 1.00000
58.00000 -12.00000 0.50000
58.00000 -12.50000 1.00000
58.50000 -12.00000 4.00000
58.00000 -12.50000 4.00000
58.00000 -12.00000 3.50000
58.50000 -12.00000 5.00000
58.00000 -12.50000 5.00000
58.50000 -12.00000 6.00000
58.00000 -12.50000 6.00000
58.00000 -12.50000 7.00000
58.00000 -11.00000 -6.50000
58.00000 -11.00000 -2.50000
58.00000 -11.00000 0.50000
58.50000 -11.00000 3.00000
58.00000 -11.50000 3.00000
58.00000 -11.00000 2.50000
58.00000 -10.00000 -6.50000
58.00000 -10.50000 -3.00000
58.00000 -10.00000 -3.50000
58.00000 -10.00000 -0.50000
58.00000 -10.50000 0.00000
58.00000 -10.00000 2.50000
58.00000 -9.00000 -6.50000
58.00000 -9.00000 -3.50000
58.00000 -9.00000 -0.50000
58.00000 -9.50000 3.00000
58.50000 -9.00000 3.00000
58.00000 -9.50000 4.00000
58.50000 -9.00000 4.00000
58.00000 -9.50000 5.00000
58.50000 -9.00000 5.00000
58.00000 -9.00000 5.50000
58.00000 -8.00000 -6.50000
58.00000 -8.00000 -3.50000
58.00000 -8.00000 -0.50000
58.50000 -8.00000 5.00000
58.00000 -8.00000 5.50000
58.50000 -7.00000 -8.00000
58.00000 -7.00000 -8.50000
58.00000 -7.50000 -8.00000
58.00000 -7.50000 -7.00000
58.50000 -7.00000 -7.00000
58.00000 -7.00000 -3.50000
58.00000 -7.00000 -0.50000
58.00000 -7.00000 5.50000
58.50000 -6.00000 -10.00000
58.00000 -6.00000 -10.50000
58.00000 -6.50000 -10.00000
58.00000 -6.50000 -9.00000
58.50000 -6.00000 -9.00000
58.50000 -6.00000 -3.00000
58.00000 -6.00000 -3.50000
58.00000 -6.50000 0.00000
58.00000 -6.00000 0.50000
58.00000 -6.00000 5.50000
58.50000 -5.00000 -11.00000
58.00000 -5.00000 -11.50000
58.00000 -5.50000 -11.00000
58.00000 -5.50000 -3.00000
58.00000 -5.00000 -2.50000
58.00000 -5.50000 1.00000
58.50000 -5.00000 1.00000
58.00000 -5.00000 1.50000
58.00000 -5.00000 5.50000
58.50000 -4.00000 -12.00000
58.00000 -4.00000 -12.50000
58.00000 -4.50000 -12.00000
58.00000 -4.00000 -2.50000
58.00000 -4.00000 0.50000
58.00000 -4.50000 1.00000
58.00000 -4.50000 5.00000
58.00000 -4.00000 4.50000
58.50000 -3.00000 -13.00000
58.00000 -3.00000 -13.50000
58.00000 -3.50000 -13.00000
58.50000 -3.00000 -3.00000
58.00000 -3.50000 -3.00000
58.00000 -3.00000 -3.50000
58.00000 -3.00000 0.50000
58.00000 -3.00000 4.50000
58.50000 -2.00000 -13.00000
58.00000 -2.00000 -13.50000
58.00000 -2.00000 -3.50000
58.50000 -2.00000 0.00000
58.00000 -2.00000 -0.50000
58.00000 -2.50000 0.00000
58.50000 -2.00000 4.00000
58.00000 -2.50000 4.00000
58.00000 -2.00000 3.50000
58.00000 -1.50000 -13.00000
58.00000 -1.00000 -12.50000
58.00000 -1.50000 -7.00000
58.00000 -1.00000 -7.50000
58.00000 -1.00000 -6.50000
58.00000 -1.50000 -4.00000
58.00000 -1.00000 -4.50000
58.50000 -1.00000 -1.00000
58.00000 -1.00000 -1.50000
58.00000 -1.50000 -1.00000
58.00000 -1.00000 3.50000
58.00000 0.00000 -12.50000
58.00000 -0.50000 -7.00000
58.00000 -0.50000 -6.00000
58.00000 0.00000 -6.50000
58.00000 -0.50000 -5.00000
58.00000 0.00000 -1.50000
58.00000 -0.50000 3.00000
58.00000 0.00000 2.50000
58.00000 1.00000 -12.50000
58.00000 0.50000 -6.00000
58.00000 1.00000 -5.50000
58.50000 1.00000 -2.00000
58.00000 1.00000 -2.50000
58.00000 0.50000 -2.00000
58.50000 1.00000 2.00000
58.00000 0.50000 2.00000
58.00000 1.00000 1.50000
58.00000 1.50000 -12.00000
58.00000 2.00000 -11.50000
58.50000 2.00000 -5.00000
58.00000 2.00000 -5.50000
58.50000 2.00000 -2.00000
58.00000 2.00000 -2.50000
58.50000 2.00000 1.00000
58.00000 1.50000 1.00000
58.00000 2.00000 0.50000
58.00000 2.50000 -11.00000
58.00000 3.00000 -10.50000
58.50000 3.00000 -5.00000
58.00000 3.00000 -5.50000
58.00000 3.00000 -2.50000
58.00000 3.00000 0.50000
58.50000 4.00000 -13.00000
58.00000 4.00000 -13.50000
58.00000 3.50000 -13.00000
58.00000 3.50000 -12.00000
58.50000 4.00000 -12.00000
58.00000 3.50000 -11.00000
58.50000 4.00000 -11.00000
58.00000 3.50000 -10.00000
58.00000 4.00000 -10.50000
58.00000 4.00000 -9.50000
58.50000 4.00000 -5.00000
58.00000 4.00000 -5.50000
58.50000 4.00000 -3.00000
58.00000 4.00000 -3.50000
58.00000 3.50000 -3.00000
58.50000 4.00000 0.00000
58.00000 3.50000 0.00000
58.00000 4.00000 -0.50000
58.50000 5.00000 -14.00000
58.00000 5.00000 -14.50000
58.00000 4.50000 -14.00000
58.00000 4.50000 -10.00000
58.00000 5.00000 -5.50000
58.00000 5.00000 -3.50000
58.50000 5.00000 0.00000
58.00000 5.00000 -0.50000
58.50000 6.00000 -14.00000
58.00000 6.00000 -14.50000
58.50000 6.00000 -6.00000
58.00000 5.50000 -6.00000
58.00000 6.00000 -6.50000
58.50000 6.00000 -5.00000
58.00000 6.00000 -4.50000
58.00000 5.50000 -4.00000
58.00000 6.00000 -0.50000
58.50000 7.00000 -15.00000
58.00000 7.00000 -15.50000
58.00000 6.50000 -15.00000
58.50000 7.00000 -6.00000
58.00000 7.00000 -6.50000
58.50000 7.00000 -5.00000
58.00000 7.00000 -4.50000
58.50000 7.00000 -1.00000
58.00000 6.50000 -1.00000
58.00000 7.00000 -1.50000
58.50000 8.00000 -15.00000
58.00000 8.00000 -15.50000
58.50000 8.00000 -6.00000
58.00000 8.00000 -6.50000
58.00000 8.00000 -5.50000
58.00000 7.50000 -5.00000
58.00000 8.00000 -1.50000
58.50000 9.00000 -15.00000
58.00000 9.00000 -15.50000
58.00000 8.50000 -6.00000
58.50000 9.00000 -2.00000
58.00000 8.50000 -2.00000
58.00000 9.00000 -2.50000
58.50000 10.00000 -15.00000
58.00000 10.00000 -15.50000
58.50000 10.00000 -14.00000
58.00000 10.00000 -2.50000
58.50000 11.00000 -15.00000
58.00000 11.00000 -15.50000
58.50000 11.00000 -14.00000
58.50000 11.00000 -13.00000
58.50000 11.00000 -3.00000
58.00000 11.00000 -2.50000
58.00000 11.50000 -15.00000
58.50000 12.00000 -14.00000
58.00000 12.00000 -14.50000
58.50000 12.00000 -13.00000
58.50000 12.00000 -12.00000
58.50000 12.00000 -4.00000
58.00000 12.00000 -3.50000
58.00000 11.50000 -3.00000
58.00000 12.50000 -14.00000
58.00000 12.50000 -13.00000
58.50000 13.00000 -12.00000
58.00000 13.00000 -12.50000
58.50000 13.00000 -11.00000
58.50000 13.00000 -10.00000
58.50000 13.00000 -6.00000
58.50000 13.00000 -5.00000
58.00000 13.00000 -4.50000
58.00000 12.50000 -4.00000
58.00000 13.50000 -12.00000
58.00000 13.50000 -11.00000
58.00000 13.50000 -10.00000
58.50000 14.00000 -9.00000
58.00000 14.00000 -9.50000
58.50000 14.00000 -8.00000
58.00000 14.00000 -7.50000
58.00000 13.50000 -7.00000
58.00000 13.50000 -6.00000
58.00000 13.50000 -5.00000
58.00000 14.50000 -9.00000
58.00000 14.50000 -8.00000
57.50000 -32.00000 17.00000
57.00000 -32.00000 16.50000
57.00000 -32.50000 17.00000
57.00000 -32.00000 17.50000
57.00000 -31.00000 0.50000
57.00000 -31.50000 1.00000
57.00000 -31.50000 2.00000
57.00000 -31.00000 2.50000
57.50000 -31.00000 14.00000
57.00000 -31.00000 13.50000
57.00000 -31.50000 14.00000
57.00000 -31.00000 14.50000
57.00000 -31.00000 15.50000
57.00000 -31.50000 16.00000
57.00000 -31.00000 17.50000
57.50000 -31.00000 18.00000
57.00000 -30.00000 -0.50000
57.00000 -30.50000 0.00000
57.00000 -30.50000 3.00000
57.00000 -30.00000 3.50000
57.00000 -30.00000 11.50000
57.00000 -30.50000 12.00000
57.00000 -30.50000 13.00000
57.00000 -30.50000 15.00000
57.00000 -30.50000 18.00000
57.00000 -30.00000 18.50000
57.50000 -29.00000 -1.00000
57.00000 -29.00000 -1.50000
57.00000 -29.50000 -1.00000
57.00000 -29.50000 4.00000
57.50000 -29.00000 5.00000
57.00000 -29.00000 4.50000
57.00000 -29.00000 10.50000
57.00000 -29.50000 11.00000
57.00000 -29.00000 18.50000
57.00000 -28.00000 -1.50000
57.50000 -28.00000 5.00000
57.00000 -28.00000 4.50000
57.00000 -28.00000 9.50000
57.00000 -28.50000 10.00000
57.00000 -28.50000 17.00000
57.00000 -28.00000 16.50000
57.00000 -28.50000 18.00000
57.00000 -27.00000 -1.50000
57.50000 -27.00000 4.00000
57.00000 -27.50000 4.00000
57.00000 -27.00000 3.50000
57.00000 -27.00000 8.50000
57.00000 -27.50000 9.00000
57.00000 -27.50000 16.00000
57.00000 -27.00000 15.50000
57.00000 -26.50000 -1.00000
57.50000 -26.00000 -1.00000
57.00000 -26.00000 -0.50000
57.50000 -26.00000 4.00000
57.00000 -26.00000 3.50000
57.00000 -26.00000 8.50000
57.00000 -26.50000 15.00000
57.00000 -26.00000 14.50000
57.00000 -25.00000 -0.50000
57.00000 -25.00000 3.50000
57.00000 -25.00000 7.50000
57.00000 -25.50000 8.00000
57.50000 -25.00000 14.00000
57.00000 -25.50000 14.00000
57.00000 -25.00000 13.50000
57.00000 -24.00000 -0.50000
57.00000 -24.00000 3.50000
57.00000 -24.00000 7.50000
57.00000 -24.00000 13.50000
57.00000 -23.00000 -0.50000
57.00000 -23.00000 3.50000
57.00000 -23.00000 7.50000
57.00000 -23.50000 13.00000
57.00000 -23.00000 12.50000
57.00000 -22.00000 -0.50000
57.00000 -22.00000 3.50000
57.00000 -22.00000 7.50000
57.00000 -22.00000 12.50000
57.00000 -21.00000 -0.50000
57.50000 -21.00000 3.00000
57.00000 -21.50000 3.00000
57.00000 -21.00000 2.50000
57.00000 -21.00000 7.50000
57.00000 -21.50000 12.00000
57.00000 -21.00000 11.50000
57.50000 -20.00000 -3.00000
57.00000 -20.00000 -3.50000
57.00000 -20.50000 -3.00000
57.00000 -20.50000 -2.00000
57.50000 -20.00000 -2.00000
57.00000 -20.50000 -1.00000
57.00000 -20.00000 2.50000
57.00000 -20.00000 7.50000
57.00000 -20.00000 11.50000
57.50000 -19.00000 -6.00000
57.00000 -19.00000 -6.50000
57.00000 -19.50000 -6.00000
57.00000 -19.50000 -5.00000
57.00000 -19.50000 -4.00000
57.50000 -19.00000 2.00000
57.00000 -19.50000 2.00000
57.00000 -19.00000 1.50000
57.00000 -19.00000 7.50000
57.00000 -19.00000 11.50000
57.50000 -18.00000 -7.00000
57.00000 -18.00000 -7.50000
57.00000 -18.50000 -7.00000
57.00000 -18.00000 1.50000
57.50000 -18.00000 7.00000
57.00000 -18.00000 6.50000
57.00000 -18.50000 7.00000
57.50000 -18.00000 11.00000
57.00000 -18.50000 11.00000
57.00000 -18.00000 10.50000
57.00000 -17.00000 -7.50000
57.00000 -17.50000 1.00000
57.00000 -17.00000 0.50000
57.50000 -17.00000 5.00000
57.00000 -17.00000 4.50000
57.00000 -17.50000 5.00000
57.00000 -17.50000 6.00000
57.00000 -17.00000 10.50000
57.50000 -16.00000 -8.00000
57.00000 -16.00000 -8.50000
57.00000 -16.50000 -8.00000
57.50000 -16.00000 -5.00000
57.00000 -16.50000 -5.00000
57.00000 -16.00000 -5.50000
57.50000 -16.00000 -4.00000
57.00000 -16.50000 -4.00000
57.50000 -16.00000 -3.00000
57.00000 -16.50000 -3.00000
57.50000 -16.00000 -2.00000
57.00000 -16.50000 -2.00000
57.50000 -16.00000 -1.00000
57.00000 -16.50000 -1.00000
57.00000 -16.50000 0.00000
57.50000 -16.00000 4.00000
57.00000 -16.00000 3.50000
57.00000 -16.50000 4.00000
57.50000 -16.00000 10.00000
57.00000 -16.50000 10.00000
57.00000 -16.00000 9.50000
57.00000 -15.50000 -8.00000
57.00000 -15.00000 -7.50000
57.00000 -15.50000 -5.00000
57.00000 -15.00000 -4.50000
57.50000 -15.00000 3.00000
57.00000 -15.00000 2.50000
57.00000 -15.50000 3.00000
57.00000 -15.00000 9.50000
57.00000 -14.00000 -7.50000
57.00000 -14.50000 -4.00000
57.50000 -14.00000 -4.00000
57.00000 -14.00000 -3.50000
57.50000 -14.00000 2.00000
57.00000 -14.00000 1.50000
57.00000 -14.50000 2.00000
57.50000 -14.00000 8.00000
57.00000 -14.50000 8.00000
57.00000 -14.00000 7.50000
57.00000 -14.50000 9.00000
57.00000 -13.00000 -7.50000
57.00000 -13.50000 -3.00000
57.50000 -13.00000 -3.00000
57.00000 -13.00000 -2.50000
57.00000 -13.00000 1.50000
57.50000 -13.00000 4.00000
57.00000 -13.50000 4.00000
57.00000 -13.00000 3.50000
57.50000 -13.00000 5.00000
57.00000 -13.50000 5.00000
57.50000 -13.00000 6.00000
57.00000 -13.50000 6.00000
57.50000 -13.00000 7.00000
57.00000 -13.50000 7.00000
57.00000 -12.50000 -7.00000
57.00000 -12.00000 -6.50000
57.00000 -12.00000 -2.50000
57.00000 -12.00000 0.50000
57.00000 -12.50000 1.00000
57.50000 -12.00000 3.00000
57.00000 -12.50000 3.00000
57.00000 -12.00000 2.50000
57.00000 -11.00000 -6.50000
57.00000 -11.00000 -2.50000
57.00000 -11.00000 0.50000
57.00000 -11.00000 2.50000
57.00000 -10.00000 -6.50000
57.00000 -10.50000 -3.00000
57.00000 -10.00000 -3.50000
57.00000 -10.00000 -0.50000
57.00000 -10.50000 0.00000
57.00000 -10.50000 3.00000
57.50000 -10.00000 3.00000
57.00000 -10.00000 3.50000
57.00000 -9.00000 -6.50000
57.00000 -9.00000 -3.50000
57.00000 -9.00000 -0.50000
57.00000 -9.00000 3.50000
57.50000 -9.00000 4.00000
57.50000 -9.00000 5.00000
57.50000 -8.00000 -7.00000
57.00000 -8.00000 -7.50000
57.00000 -8.50000 -7.00000
57.00000 -8.00000 -3.50000
57.00000 -8.00000 -0.50000
57.50000 -8.00000 4.00000
57.00000 -8.00000 3.50000
57.50000 -8.00000 5.00000
57.50000 -7.00000 -10.00000
57.00000 -7.00000 -10.50000
57.00000 -7.50000 -10.00000
57.00000 -7.50000 -9.00000
57.50000 -7.00000 -9.00000
57.00000 -7.50000 -8.00000
57.00000 -7.00000 -3.50000
57.00000 -7.50000 0.00000
57.50000 -7.00000 0.00000
57.00000 -7.00000 0.50000
57.00000 -7.50000 4.00000
57.00000 -7.50000 5.00000
57.00000 -7.50000 6.00000
57.50000 -7.00000 6.00000
57.00000 -7.00000 6.50000
57.50000 -6.00000 -11.00000
57.00000 -6.00000 -11.50000
57.00000 -6.50000 -11.00000
57.00000 -6.00000 -3.50000
57.50000 -6.00000 1.00000
57.00000 -6.50000 1.00000
57.00000 -6.00000 1.50000
57.00000 -6.50000 6.00000
57.00000 -6.00000 5.50000
57.50000 -5.00000 -13.00000
57.00000 -5.00000 -13.50000
57.00000 -5.50000 -13.00000
57.00000 -5.50000 -12.00000
57.50000 -5.00000 -12.00000
57.50000 -5.00000 -3.00000
57.00000 -5.00000 -3.50000
57.00000 -5.00000 1.50000
57.00000 -5.00000 5.50000
57.50000 -4.00000 -13.00000
57.00000 -4.00000 -13.50000
57.50000 -4.00000 -3.00000
57.00000 -4.00000 -3.50000
57.00000 -4.00000 0.50000
57.00000 -4.50000 1.00000
57.00000 -4.50000 5.00000
57.00000 -4.00000 4.50000
57.00000 -3.00000 -13.50000
57.50000 -3.00000 -4.00000
57.00000 -3.50000 -4.00000
57.00000 -3.00000 -4.50000
57.50000 -3.00000 0.00000
57.00000 -3.00000 -0.50000
57.00000 -3.50000 0.00000
57.50000 -3.00000 4.00000
57.00000 -3.50000 4.00000
57.00000 -3.00000 3.50000
57.00000 -2.00000 -13.50000
57.50000 -2.00000 -9.00000
57.00000 -2.50000 -9.00000
57.00000 -2.00000 -9.50000
57.50000 -2.00000 -8.00000
57.00000 -2.50000 -8.00000
57.00000 -2.00000 -7.50000
57.50000 -2.00000 -4.00000
57.00000 -2.00000 -4.50000
57.50000 -2.00000 -1.00000
57.00000 -2.00000 -1.50000
57.00000 -2.50000 -1.00000
57.00000 -2.00000 3.50000
57.50000 -1.00000 -13.00000
57.00000 -1.00000 -13.50000
57.00000 -1.50000 -9.00000
57.00000 -1.50000 -8.00000
57.50000 -1.00000 -7.00000
57.00000 -1.50000 -6.00000
57.00000 -1.00000 -6.50000
57.50000 -1.00000 -6.00000
57.50000 -1.00000 -5.00000
57.00000 -1.50000 -5.00000
57.00000 -1.00000 -1.50000
57.50000 -1.00000 3.00000
57.00000 -1.50000 3.00000
57.00000 -1.00000 2.50000
57.00000 -0.50000 -13.00000
57.00000 0.00000 -12.50000
57.00000 0.00000 -6.50000
57.50000 0.00000 -2.00000
57.00000 0.00000 -2.50000
57.00000 -0.50000 -2.00000
57.50000 0.00000 2.00000
57.00000 -0.50000 2.00000
57.00000 0.00000 1.50000
57.00000 1.00000 -12.50000
57.00000 0.50000 -6.00000
57.00000 1.00000 -5.50000
57.00000 1.00000 -2.50000
57.50000 1.00000 1.00000
57.00000 0.50000 1.00000
57.00000 1.00000 0.50000
57.50000 2.00000 -12.00000
57.00000 2.00000 -12.50000
57.00000 2.00000 -5.50000
57.50000 2.00000 -3.00000
57.00000 2.00000 -3.50000
57.00000 1.50000 -3.00000
57.00000 2.00000 0.50000
57.50000 3.00000 -13.00000
57.00000 3.00000 -13.50000
57.00000 2.50000 -13.00000
57.50000 3.00000 -12.00000
57.50000 3.00000 -11.00000
57.50000 3.00000 -6.00000
57.00000 2.50000 -6.00000
57.00000 3.00000 -6.50000
57.50000 3.00000 -3.00000
57.00000 3.00000 -3.50000
57.50000 3.00000 0.00000
57.00000 2.50000 0.00000
57.00000 3.00000 -0.50000
57.50000 4.00000 -14.00000
57.00000 4.00000 -14.50000
57.00000 3.50000 -14.00000
57.50000 4.00000 -10.00000
57.50000 4.00000 -6.00000
57.00000 4.00000 -6.50000
57.00000 4.00000 -3.50000
57.00000 4.00000 -0.50000
57.50000 5.00000 -15.00000
57.00000 5.00000 -15.50000
57.00000 4.50000 -15.00000
57.50000 5.00000 -6.00000
57.00000 5.00000 -6.50000
57.00000 5.00000 -3.50000
57.50000 5.00000 -1.00000
57.00000 4.50000 -1.00000
57.00000 5.00000 -1.50000
57.50000 6.00000 -15.00000
57.00000 6.00000 -15.50000
57.50000 6.00000 -7.00000
57.00000 5.50000 -7.00000
57.00000 6.00000 -7.50000
57.00000 6.00000 -4.50000
57.00000 5.50000 -4.00000
57.50000 6.00000 -1.00000
57.00000 6.00000 -1.50000
57.00000 7.00000 -15.50000
57.50000 7.00000 -7.00000
57.00000 7.00000 -7.50000
57.00000 7.00000 -4.50000
57.00000 7.00000 -1.50000
57.50000 8.00000 -16.00000
57.00000 8.00000 -16.50000
57.00000 7.50000 -16.00000
57.50000 8.00000 -7.00000
57.00000 8.00000 -7.50000
57.00000 8.00000 -5.50000
57.00000 7.50000 -5.00000
57.50000 8.00000 -2.00000
57.00000 7.50000 -2.00000
57.00000 8.00000 -2.50000
57.50000 9.00000 -16.00000
57.00000 9.00000 -16.50000
57.50000 9.00000 -7.00000
57.00000 9.00000 -7.50000
57.00000 8.50000 -6.00000
57.00000 9.00000 -6.50000
57.00000 9.00000 -2.50000
57.50000 10.00000 -17.00000
57.00000 10.00000 -17.50000
57.00000 9.50000 -17.00000
57.50000 10.00000 -16.00000
57.00000 9.50000 -7.00000
57.00000 10.00000 -2.50000
57.50000 11.00000 -17.00000
57.00000 11.00000 -17.50000
57.50000 11.00000 -16.00000
57.50000 11.00000 -3.00000
57.00000 10.50000 -3.00000
57.00000 11.00000 -3.50000
57.50000 12.00000 -17.00000
57.00000 12.00000 -17.50000
57.50000 12.00000 -16.00000
57.50000 12.00000 -15.00000
57.00000 12.00000 -3.50000
57.50000 13.00000 -17.00000
57.00000 13.00000 -17.50000
57.50000 13.00000 -16.00000
57.50000 13.00000 -15.00000
57.50000 13.00000 -14.00000
57.50000 13.00000 -13.00000
57.00000 12.50000 -4.00000
57.00000 13.00000 -4.50000
57.00000 13.50000 -17.00000
57.00000 13.50000 -16.00000
57.50000 14.00000 -15.00000
57.00000 14.00000 -15.50000
57.50000 14.00000 -14.00000
57.50000 14.00000 -13.00000
57.50000 14.00000 -12.00000
57.50000 14.00000 -11.00000
57.50000 14.00000 -10.00000
57.50000 14.00000 -7.00000
57.50000 14.00000 -6.00000
57.00000 14.00000 -5.50000
57.00000 13.50000 -5.00000
57.00000 14.50000 -15.00000
57.00000 14.50000 -14.00000
57.00000 14.50000 -13.00000
57.50000 15.00000 -12.00000
57.00000 15.00000 -12.50000
57.50000 15.00000 -11.00000
57.50000 15.00000 -10.00000
57.50000 15.00000 -9.00000
57.50000 15.00000 -8.00000
57.00000 15.00000 -7.50000
57.00000 14.50000 -7.00000
57.00000 14.50000 -6.00000
57.00000 15.50000 -12.00000
57.00000 15.50000 -11.00000
57.00000 15.50000 -10.00000
57.00000 15.50000 -9.00000
57.00000 15.50000 -8.00000
56.50000 -32.00000 1.00000
56.00000 -32.00000 0.50000
56.00000 -32.50000 1.00000
56.00000 -32.00000 1.50000
56.00000 -32.00000 16.50000
56.00000 -32.50000 17.00000
56.00000 -32.00000 17.50000
56.50000 -31.00000 0.00000
56.00000 -31.00000 -0.50000
56.00000 -31.50000 0.00000
56.00000 -31.50000 2.00000
56.00000 -31.00000 2.50000
56.00000 -31.00000 13.50000
56.00000 -31.50000 14.00000
56.00000 -31.50000 15.00000
56.50000 -31.00000 15.00000
56.00000 -31.50000 16.00000
56.00000 -31.00000 17.50000
56.50000 -30.00000 -1.00000
56.00000 -30.00000 -1.50000
56.00000 -30.50000 -1.00000
56.50000 -30.00000 3.00000
56.00000 -30.00000 2.50000
56.00000 -30.00000 11.50000
56.00000 -30.50000 12.00000
56.00000 -30.50000 13.00000
56.00000 -30.50000 18.00000
56.00000 -30.00000 18.50000
56.00000 -29.00000 -1.50000
56.50000 -29.00000 3.00000
56.00000 -29.00000 2.50000
56.50000 -29.00000 4.00000
56.00000 -29.00000 10.50000
56.00000 -29.50000 11.00000
56.50000 -29.00000 18.00000
56.00000 -29.50000 18.00000
56.00000 -29.00000 17.50000
56.00000 -28.00000 -1.50000
56.50000 -28.00000 2.00000
56.00000 -28.50000 2.00000
56.00000 -28.00000 1.50000
56.50000 -28.00000 3.00000
56.50000 -28.00000 4.00000
56.00000 -28.00000 9.50000
56.00000 -28.50000 10.00000
56.00000 -28.50000 17.00000
56.00000 -28.00000 16.50000
56.00000 -27.00000 -1.50000
56.00000 -27.50000 2.00000
56.00000 -27.50000 3.00000
56.00000 -27.00000 3.50000
56.00000 -27.00000 8.50000
56.00000 -27.50000 9.00000
56.00000 -27.50000 16.00000
56.00000 -27.00000 15.50000
56.00000 -26.50000 -1.00000
56.00000 -26.00000 -0.50000
56.00000 -26.00000 3.50000
56.00000 -26.00000 8.50000
56.00000 -26.50000 15.00000
56.00000 -26.00000 14.50000
56.00000 -25.00000 -0.50000
56.00000 -25.00000 3.50000
56.00000 -25.00000 7.50000
56.00000 -25.50000 8.00000
56.00000 -25.50000 14.00000
56.00000 -25.00000 13.50000
56.00000 -24.00000 -0.50000
56.00000 -24.00000 3.50000
56.00000 -24.00000 7.50000
56.50000 -24.00000 13.00000
56.00000 -24.50000 13.00000
56.00000 -24.00000 12.50000
56.00000 -23.00000 -0.50000
56.00000 -23.00000 3.50000
56.00000 -23.00000 7.50000
56.00000 -23.00000 12.50000
56.00000 -22.00000 -0.50000
56.50000 -22.00000 3.00000
56.00000 -22.50000 3.00000
56.00000 -22.00000 2.50000
56.00000 -22.00000 7.50000
56.50000 -22.00000 12.00000
56.00000 -22.50000 12.00000
56.00000 -22.00000 11.50000
56.50000 -21.00000 -1.00000
56.00000 -21.00000 -1.50000
56.00000 -21.50000 -1.00000
56.00000 -21.00000 2.50000
56.00000 -21.00000 7.50000
56.00000 -21.00000 11.50000
56.50000 -20.00000 -4.00000
56.00000 -20.00000 -4.50000
56.00000 -20.50000 -4.00000
56.00000 -20.50000 -3.00000
56.00000 -20.50000 -2.00000
56.50000 -20.00000 2.00000
56.00000 -20.50000 2.00000
56.00000 -20.00000 1.50000
56.00000 -20.00000 7.50000
56.00000 -20.00000 11.50000
56.00000 -19.00000 -6.50000
56.00000 -19.50000 -6.00000
56.00000 -19.50000 -5.00000
56.00000 -19.00000 1.50000
56.50000 -19.00000 7.00000
56.00000 -19.00000 6.50000
56.00000 -19.50000 7.00000
56.00000 -19.00000 11.50000
56.00000 -18.00000 -7.50000
56.00000 -18.50000 -7.00000
56.50000 -18.00000 1.00000
56.00000 -18.50000 1.00000
56.00000 -18.00000 0.50000
56.50000 -18.00000 6.00000
56.00000 -18.00000 5.50000
56.00000 -18.50000 6.00000
56.00000 -18.50000 11.00000
56.00000 -18.00000 10.50000
56.50000 -17.00000 -8.00000
56.00000 -17.00000 -8.50000
56.00000 -17.50000 -8.00000
56.50000 -17.00000 -4.00000
56.00000 -17.50000 -4.00000
56.00000 -17.00000 -4.50000
56.50000 -17.00000 -3.00000
56.00000 -17.50000 -3.00000
56.00000 -17.00000 -2.50000
56.50000 -17.00000 0.00000
56.00000 -17.50000 0.00000
56.00000 -17.00000 -0.50000
56.50000 -17.00000 4.00000
56.00000 -17.00000 3.50000
56.00000 -17.50000 4.00000
56.00000 -17.50000 5.00000
56.00000 -17.00000 10.50000
56.00000 -16.00000 -8.50000
56.00000 -16.50000 -5.00000
56.00000 -16.00000 -5.50000
56.00000 -16.50000 -2.00000
56.00000 -16.50000 -1.00000
56.50000 -16.00000 3.00000
56.00000 -16.00000 2.50000
56.00000 -16.50000 3.00000
56.00000 -16.50000 10.00000
56.00000 -16.00000 9.50000
56.00000 -15.50000 -8.00000
56.00000 -15.00000 -7.50000
56.00000 -15.50000 -5.00000
56.00000 -15.00000 -4.50000
56.00000 -15.00000 2.50000
56.50000 -15.00000 9.00000
56.00000 -15.50000 9.00000
56.00000 -15.00000 8.50000
56.00000 -14.00000 -7.50000
56.00000 -14.50000 -4.00000
56.00000 -14.00000 -3.50000
56.00000 -14.00000 1.50000
56.00000 -14.50000 2.00000
56.50000 -14.00000 4.00000
56.00000 -14.50000 4.00000
56.00000 -14.00000 3.50000
56.50000 -14.00000 5.00000
56.00000 -14.50000 5.00000
56.50000 -14.00000 6.00000
56.00000 -14.50000 6.00000
56.50000 -14.00000 7.00000
56.00000 -14.50000 7.00000
56.00000 -14.50000 8.00000
56.00000 -13.50000 -7.00000
56.50000 -13.00000 -7.00000
56.00000 -13.00000 -6.50000
56.00000 -13.50000 -3.00000
56.00000 -13.00000 -2.50000
56.50000 -13.00000 1.00000
56.00000 -13.00000 0.50000
56.00000 -13.50000 1.00000
56.50000 -13.00000 3.00000
56.00000 -13.50000 3.00000
56.00000 -13.00000 2.50000
56.00000 -12.00000 -6.50000
56.00000 -12.00000 -2.50000
56.00000 -12.00000 0.50000
56.00000 -12.00000 2.50000
56.00000 -11.00000 -6.50000
56.00000 -11.00000 -2.50000
56.00000 -11.00000 0.50000
56.00000 -11.00000 2.50000
56.00000 -10.00000 -6.50000
56.00000 -10.50000 -3.00000
56.00000 -10.00000 -3.50000
56.50000 -10.00000 0.00000
56.00000 -10.00000 0.50000
56.50000 -10.00000 3.00000
56.00000 -10.00000 2.50000
56.50000 -9.00000 -7.00000
56.00000 -9.00000 -7.50000
56.00000 -9.50000 -7.00000
56.00000 -9.00000 -3.50000
56.50000 -9.00000 0.00000
56.00000 -9.00000 0.50000
56.50000 -9.00000 3.00000
56.00000 -9.00000 2.50000
56.50000 -8.00000 -9.00000
56.00000 -8.00000 -9.50000
56.00000 -8.50000 -9.00000
56.00000 -8.50000 -8.00000
56.50000 -8.00000 -8.00000
56.00000 -8.00000 -3.50000
56.50000 -8.00000 0.00000
56.00000 -8.50000 1.00000
56.50000 -8.00000 1.00000
56.00000 -8.00000 1.50000
56.50000 -8.00000 3.00000
56.00000 -8.00000 2.50000
56.50000 -7.00000 -11.00000
56.00000 -7.00000 -11.50000
56.00000 -7.50000 -11.00000
56.00000 -7.50000 -10.00000
56.00000 -7.00000 -3.50000
56.50000 -7.00000 1.00000
56.00000 -7.50000 2.00000
56.50000 -7.00000 2.00000
56.00000 -7.50000 3.00000
56.00000 -7.00000 2.50000
56.50000 -7.00000 4.00000
56.00000 -7.00000 3.50000
56.50000 -7.00000 5.00000
56.50000 -7.00000 6.00000
56.50000 -6.00000 -13.00000
56.00000 -6.00000 -13.50000
56.00000 -6.50000 -13.00000
56.00000 -6.50000 -12.00000
56.50000 -6.00000 -12.00000
56.00000 -6.00000 -3.50000
56.00000 -6.50000 2.00000
56.00000 -6.00000 1.50000
56.00000 -6.50000 4.00000
56.00000 -6.50000 5.00000
56.00000 -6.00000 5.50000
56.00000 -5.00000 -13.50000
56.50000 -5.00000 -4.00000
56.00000 -5.50000 -4.00000
56.00000 -5.00000 -4.50000
56.50000 -5.00000 1.00000
56.00000 -5.00000 0.50000
56.00000 -5.50000 1.00000
56.50000 -5.00000 5.00000
56.00000 -5.50000 5.00000
56.00000 -5.00000 4.50000
56.50000 -4.00000 -14.00000
56.00000 -4.00000 -14.50000
56.00000 -4.50000 -14.00000
56.50000 -4.00000 -4.00000
56.00000 -4.00000 -4.50000
56.50000 -4.00000 0.00000
56.00000 -4.00000 -0.50000
56.00000 -4.50000 0.00000
56.00000 -4.00000 4.50000
56.50000 -3.00000 -14.00000
56.00000 -3.00000 -14.50000
56.50000 -3.00000 -10.00000
56.00000 -3.50000 -10.00000
56.00000 -3.00000 -10.50000
56.50000 -3.00000 -9.00000
56.00000 -3.50000 -9.00000
56.50000 -3.00000 -8.00000
56.00000 -3.50000 -8.00000
56.50000 -3.00000 -7.00000
56.00000 -3.50000 -7.00000
56.50000 -3.00000 -6.00000
56.00000 -3.50000 -6.00000
56.50000 -3.00000 -5.00000
56.00000 -3.50000 -5.00000
56.50000 -3.00000 -1.00000
56.00000 -3.00000 -1.50000
56.00000 -3.50000 -1.00000
56.00000 -3.50000 4.00000
56.00000 -3.00000 3.50000
56.50000 -2.00000 -14.00000
56.00000 -2.00000 -14.50000
56.00000 -2.50000 -10.00000
56.00000 -2.00000 -9.50000
56.50000 -2.00000 -7.00000
56.50000 -2.00000 -6.00000
56.50000 -2.00000 -5.00000
56.00000 -2.00000 -1.50000
56.50000 -2.00000 3.00000
56.00000 -2.50000 3.00000
56.00000 -2.00000 2.50000
56.00000 -1.50000 -14.00000
56.00000 -1.00000 -13.50000
56.00000 -1.50000 -9.00000
56.00000 -1.50000 -8.00000
56.50000 -1.00000 -7.00000
56.00000 -1.00000 -7.50000
56.50000 -1.00000 -2.00000
56.00000 -1.00000 -2.50000
56.00000 -1.50000 -2.00000
56.50000 -1.00000 2.00000
56.00000 -1.50000 2.00000
56.00000 -1.00000 1.50000
56.50000 0.00000 -13.00000
56.00000 0.00000 -13.50000
56.00000 -0.50000 -7.00000
56.00000 0.00000 -6.50000
56.00000 0.00000 -2.50000
56.50000 0.00000 1.00000
56.00000 -0.50000 1.00000
56.00000 0.00000 0.50000
56.00000 0.50000 -13.00000
56.00000 1.00000 -12.50000
56.50000 1.00000 -6.00000
56.00000 1.00000 -6.50000
56.50000 1.00000 -3.00000
56.00000 1.00000 -3.50000
56.00000 0.50000 -3.00000
56.00000 1.00000 0.50000
56.50000 2.00000 -13.00000
56.00000 2.00000 -13.50000
56.00000 1.50000 -13.00000
56.50000 2.00000 -6.00000
56.00000 2.00000 -6.50000
56.00000 2.00000 -3.50000
56.50000 2.00000 0.00000
56.00000 1.50000 0.00000
56.00000 2.00000 -0.50000
56.50000 3.00000 -14.00000
56.00000 3.00000 -14.50000
56.00000 2.50000 -14.00000
56.00000 3.00000 -6.50000
56.00000 3.00000 -3.50000
56.00000 3.00000 -0.50000
56.50000 4.00000 -15.00000
56.00000 4.00000 -15.50000
56.00000 3.50000 -15.00000
56.50000 4.00000 -7.00000
56.00000 3.50000 -7.00000
56.00000 4.00000 -7.50000
56.50000 4.00000 -4.00000
56.00000 4.00000 -4.50000
56.00000 3.50000 -4.00000
56.50000 4.00000 -1.00000
56.00000 3.50000 -1.00000
56.00000 4.00000 -1.50000
56.00000 5.00000 -15.50000
56.50000 5.00000 -7.00000
56.00000 5.00000 -7.50000
56.50000 5.00000 -4.00000
56.00000 5.00000 -4.50000
56.00000 5.00000 -1.50000
56.50000 6.00000 -16.00000
56.00000 6.00000 -16.50000
56.00000 5.50000 -16.00000
56.50000 6.00000 -8.00000
56.00000 5.50000 -8.00000
56.00000 6.00000 -8.50000
56.00000 6.00000 -4.50000
56.50000 6.00000 -2.00000
56.00000 5.50000 -2.00000
56.00000 6.00000 -2.50000
56.50000 7.00000 -16.00000
56.00000 7.00000 -16.50000
56.50000 7.00000 -9.00000
56.00000 6.50000 -9.00000
56.00000 7.00000 -9.50000
56.50000 7.00000 -8.00000
56.50000 7.00000 -5.00000
56.00000 7.00000 -5.50000
56.00000 6.50000 -5.00000
56.50000 7.00000 -2.00000
56.00000 7.00000 -2.50000
56.50000 8.00000 -17.00000
56.00000 8.00000 -17.50000
56.00000 7.50000 -17.00000
56.50000 8.00000 -9.00000
56.00000 8.00000 -9.50000
56.50000 8.00000 -8.00000
56.00000 8.00000 -5.50000
56.00000 8.00000 -2.50000
56.50000 9.00000 -17.00000
56.00000 9.00000 -17.50000
56.50000 9.00000 -9.00000
56.00000 9.00000 -9.50000
56.50000 9.00000 -8.00000
56.00000 9.00000 -6.50000
56.00000 8.50000 -6.00000
56.00000 9.00000 -2.50000
56.50000 10.00000 -18.00000
56.00000 10.00000 -18.50000
56.00000 9.50000 -18.00000
56.50000 10.00000 -9.00000
56.00000 10.00000 -9.50000
56.50000 10.00000 -8.00000
56.00000 9.50000 -7.00000
56.00000 10.00000 -7.50000
56.50000 10.00000 -3.00000
56.00000 9.50000 -3.00000
56.00000 10.00000 -3.50000
56.50000 11.00000 -18.00000
56.00000 11.00000 -18.50000
56.00000 10.50000 -9.00000
56.00000 10.50000 -8.00000
56.00000 11.00000 -3.50000
56.50000 12.00000 -18.00000
56.00000 12.00000 -18.50000
56.00000 12.00000 -3.50000
56.50000 13.00000 -19.00000
56.00000 13.00000 -19.50000
56.00000 12.50000 -19.00000
56.50000 13.00000 -18.00000
56.00000 12.50000 -4.00000
56.00000 13.00000 -4.50000
56.50000 14.00000 -19.00000
56.00000 14.00000 -19.50000
56.50000 14.00000 -18.00000
56.50000 14.00000 -17.00000
56.50000 14.00000 -16.00000
56.00000 13.50000 -5.00000
56.00000 14.00000 -5.50000
56.00000 14.50000 -19.00000
56.50000 15.00000 -18.00000
56.00000 15.00000 -18.50000
56.50000 15.00000 -17.00000
56.50000 15.00000 -16.00000
56.50000 15.00000 -15.00000
56.50000 15.00000 -14.00000
56.50000 15.00000 -13.00000
56.50000 15.00000 -7.00000
56.00000 15.00000 -6.50000
56.00000 14.50000 -6.00000
56.00000 15.50000 -18.00000
56.00000 15.50000 -17.00000
56.00000 15.50000 -16.00000
56.50000 16.00000 -15.00000
56.00000 16.00000 -15.50000
56.50000 16.00000 -14.00000
56.50000 16.00000 -13.00000
56.50000 16.00000 -12.00000
56.50000 16.00000 -11.00000
56.50000 16.00000 -10.00000
56.50000 16.00000 -9.00000
56.00000 16.00000 -8.50000
56.00000 15.50000 -8.00000
56.00000 15.50000 -7.00000
56.00000 16.50000 -15.00000
56.00000 16.50000 -14.00000
56.00000 16.50000 -13.00000
56.00000 16.50000 -12.00000
56.00000 16.50000 -11.00000
56.00000 16.50000 -10.00000
56.00000 16.50000 -9.00000
55.00000 -32.00000 0.50000
55.00000 -32.50000 1.00000
55.00000 -32.00000 1.50000
55.00000 -32.00000 16.50000
55.00000 -32.50000 17.00000
55.00000 -32.00000 17.50000
55.50000 -31.00000 -1.00000
55.00000 -31.00000 -1.50000
55.00000 -31.50000 -1.00000
55.00000 -31.50000 0.00000
55.00000 -31.50000 2.00000
55.00000 -31.00000 2.50000
55.00000 -31.00000 13.50000
55.00000 -31.50000 14.00000
55.00000 -31.50000 15.00000
55.00000 -31.50000 16.00000
55.00000 -31.00000 17.50000
55.00000 -30.00000 -1.50000
55.00000 -30.00000 2.50000
55.00000 -30.00000 11.50000
55.00000 -30.50000 12.00000
55.00000 -30.50000 13.00000
55.00000 -30.50000 18.00000
55.00000 -30.00000 18.50000
55.00000 -29.00000 -1.50000
55.50000 -29.00000 2.00000
55.00000 -29.50000 2.00000
55.00000 -29.00000 1.50000
55.00000 -29.00000 10.50000
55.00000 -29.50000 11.00000
55.00000 -29.50000 18.00000
55.00000 -29.00000 17.50000
55.00000 -28.00000 -1.50000
55.50000 -28.00000 2.00000
55.00000 -28.50000 2.00000
55.00000 -28.00000 2.50000
55.00000 -28.00000 9.50000
55.00000 -28.50000 10.00000
55.50000 -28.00000 16.00000
55.00000 -28.50000 16.00000
55.00000 -28.00000 15.50000
55.00000 -28.50000 17.00000
55.00000 -27.00000 -1.50000
55.00000 -27.50000 3.00000
55.00000 -27.00000 3.50000
55.00000 -27.00000 8.50000
55.00000 -27.50000 9.00000
55.50000 -27.00000 15.00000
55.00000 -27.50000 15.00000
55.00000 -27.00000 14.50000
55.00000 -26.50000 -1.00000
55.00000 -26.00000 -0.50000
55.00000 -26.00000 3.50000
55.00000 -26.00000 8.50000
55.50000 -26.00000 14.00000
55.00000 -26.50000 14.00000
55.00000 -26.00000 13.50000
55.00000 -25.00000 -0.50000
55.00000 -25.00000 3.50000
55.00000 -25.00000 7.50000
55.00000 -25.50000 8.00000
55.00000 -25.00000 13.50000
55.00000 -24.50000 0.00000
55.50000 -24.00000 0.00000
55.00000 -24.00000 0.50000
55.00000 -24.00000 3.50000
55.00000 -24.00000 7.50000
55.00000 -24.50000 13.00000
55.00000 -24.00000 12.50000
55.00000 -23.00000 -0.50000
55.00000 -23.50000 0.00000
55.00000 -23.00000 3.50000
55.00000 -23.00000 7.50000
55.00000 -23.00000 12.50000
55.50000 -22.00000 -1.00000
55.00000 -22.00000 -1.50000
55.00000 -22.50000 -1.00000
55.00000 -22.50000 3.00000
55.00000 -22.00000 2.50000
55.00000 -22.50000 8.00000
55.50000 -22.00000 8.00000
55.00000 -22.00000 8.50000
55.00000 -22.50000 12.00000
55.00000 -22.00000 11.50000
55.50000 -21.00000 -3.00000
55.00000 -21.00000 -3.50000
55.00000 -21.50000 -3.00000
55.00000 -21.50000 -2.00000
55.50000 -21.00000 -2.00000
55.00000 -21.00000 2.50000
55.00000 -21.00000 7.50000
55.00000 -21.50000 8.00000
55.00000 -21.00000 11.50000
55.50000 -20.00000 -5.00000
55.00000 -20.00000 -5.50000
55.00000 -20.50000 -5.00000
55.00000 -20.50000 -4.00000
55.00000 -20.50000 2.00000
55.00000 -20.00000 1.50000
55.50000 -20.00000 7.00000
55.00000 -20.00000 6.50000
55.00000 -20.50000 7.00000
55.00000 -20.00000 11.50000
55.50000 -19.00000 -7.00000
55.00000 -19.00000 -7.50000
55.00000 -19.50000 -7.00000
55.00000 -19.50000 -6.00000
55.50000 -19.00000 1.00000
55.00000 -19.50000 1.00000
55.00000 -19.00000 0.50000
55.50000 -19.00000 6.00000
55.00000 -19.00000 5.50000
55.00000 -19.50000 6.00000
55.50000 -19.00000 11.00000
55.00000 -19.50000 11.00000
55.00000 -19.00000 10.50000
55.00000 -18.00000 -7.50000
55.50000 -18.00000 0.00000
55.00000 -18.50000 0.00000
55.00000 -18.00000 -0.50000
55.50000 -18.00000 5.00000
55.00000 -18.00000 4.50000
55.00000 -18.50000 5.00000
55.00000 -18.00000 10.50000
55.00000 -17.00000 -8.50000
55.00000 -17.50000 -8.00000
55.50000 -17.00000 -5.00000
55.00000 -17.50000 -5.00000
55.00000 -17.00000 -5.50000
55.00000 -17.50000 -4.00000
55.00000 -17.50000 -3.00000
55.50000 -17.00000 -2.00000
55.00000 -17.50000 -2.00000
55.50000 -17.00000 -1.00000
55.00000 -17.50000 -1.00000
55.00000 -17.00000 3.50000
55.00000 -17.50000 4.00000
55.50000 -17.00000 10.00000
55.00000 -17.50000 10.00000
55.00000 -17.00000 9.50000
55.00000 -16.00000 -8.50000
55.50000 -16.00000 -5.00000
55.00000 -16.50000 -5.00000
55.00000 -16.00000 -4.50000
55.00000 -16.00000 2.50000
55.00000 -16.50000 3.00000
55.50000 -16.00000 8.00000
55.00000 -16.50000 8.00000
55.00000 -16.00000 7.50000
55.50000 -16.00000 9.00000
55.00000 -16.50000 9.00000
55.00000 -15.50000 -8.00000
55.00000 -15.00000 -7.50000
55.00000 -15.50000 -4.00000
55.50000 -15.00000 -4.00000
55.00000 -15.00000 -3.50000
55.50000 -15.00000 2.00000
55.00000 -15.00000 1.50000
55.00000 -15.50000 2.00000
55.50000 -15.00000 4.00000
55.00000 -15.50000 4.00000
55.00000 -15.00000 3.50000
55.50000 -15.00000 5.00000
55.00000 -15.50000 5.00000
55.50000 -15.00000 6.00000
55.00000 -15.50000 6.00000
55.50000 -15.00000 7.00000
55.00000 -15.50000 7.00000
55.50000 -15.00000 8.00000
55.00000 -14.00000 -7.50000
55.00000 -14.50000 -3.00000
55.50000 -14.00000 -3.00000
55.00000 -14.00000 -2.50000
55.00000 -14.00000 1.50000
55.00000 -14.00000 3.50000
55.00000 -13.50000 -7.00000
55.00000 -13.00000 -6.50000
55.00000 -13.00000 -2.50000
55.00000 -13.00000 0.50000
55.00000 -13.50000 1.00000
55.50000 -13.00000 3.00000
55.00000 -13.00000 3.50000
55.00000 -12.00000 -6.50000
55.00000 -12.00000 -2.50000
55.00000 -12.00000 0.50000
55.00000 -12.50000 3.00000
55.00000 -12.00000 2.50000
55.00000 -11.00000 -6.50000
55.50000 -11.00000 -3.00000
55.00000 -11.50000 -3.00000
55.00000 -11.00000 -3.50000
55.00000 -11.00000 0.50000
55.00000 -11.00000 2.50000
55.50000 -10.00000 -8.00000
55.00000 -10.00000 -8.50000
55.00000 -10.50000 -8.00000
55.00000 -10.50000 -7.00000
55.50000 -10.00000 -7.00000
55.00000 -10.00000 -3.50000
55.00000 -10.00000 0.50000
55.50000 -10.00000 2.00000
55.00000 -10.50000 2.00000
55.00000 -10.00000 1.50000
55.50000 -9.00000 -9.00000
55.00000 -9.00000 -9.50000
55.00000 -9.50000 -9.00000
55.50000 -9.00000 -8.00000
55.00000 -9.00000 -3.50000
55.00000 -9.50000 1.00000
55.50000 -9.00000 1.00000
55.50000 -9.00000 2.00000
55.50000 -8.00000 -11.00000
55.00000 -8.00000 -11.50000
55.00000 -8.50000 -11.00000
55.00000 -8.50000 -10.00000
55.50000 -8.00000 -10.00000
55.50000 -8.00000 -4.00000
55.00000 -8.50000 -4.00000
55.00000 -8.00000 -4.50000
55.50000 -8.00000 2.00000
55.50000 -7.00000 -13.00000
55.00000 -7.00000 -13.50000
55.00000 -7.50000 -13.00000
55.00000 -7.50000 -12.00000
55.50000 -7.00000 -12.00000
55.50000 -7.00000 -4.00000
55.00000 -7.00000 -4.50000
55.50000 -7.00000 3.00000
55.50000 -6.00000 -14.00000
55.00000 -6.00000 -14.50000
55.00000 -6.50000 -14.00000
55.50000 -6.00000 -4.00000
55.00000 -6.00000 -4.50000
55.00000 -6.00000 1.50000
55.00000 -6.50000 2.00000
55.00000 -6.50000 3.00000
55.00000 -6.50000 4.00000
55.00000 -6.50000 5.00000
55.00000 -6.00000 5.50000
55.50000 -5.00000 -14.00000
55.00000 -5.00000 -14.50000
55.50000 -5.00000 -5.00000
55.00000 -5.50000 -5.00000
55.00000 -5.00000 -5.50000
55.50000 -5.00000 0.00000
55.00000 -5.00000 -0.50000
55.00000 -5.50000 0.00000
55.00000 -5.50000 1.00000
55.00000 -5.50000 5.00000
55.00000 -5.00000 4.50000
55.00000 -4.00000 -14.50000
55.50000 -4.00000 -9.00000
55.00000 -4.50000 -9.00000
55.00000 -4.00000 -9.50000
55.50000 -4.00000 -8.00000
55.00000 -4.50000 -8.00000
55.50000 -4.00000 -7.00000
55.00000 -4.50000 -7.00000
55.50000 -4.00000 -6.00000
55.00000 -4.50000 -6.00000
55.50000 -4.00000 -5.00000
55.50000 -4.00000 -1.00000
55.00000 -4.00000 -1.50000
55.00000 -4.50000 -1.00000
55.50000 -4.00000 4.00000
55.00000 -4.50000 4.00000
55.00000 -4.00000 3.50000
55.00000 -3.00000 -14.50000
55.00000 -3.50000 -10.00000
55.00000 -3.00000 -10.50000
55.00000 -3.00000 -1.50000
55.50000 -3.00000 3.00000
55.00000 -3.50000 3.00000
55.00000 -3.00000 2.50000
55.00000 -2.00000 -14.50000
55.00000 -2.50000 -10.00000
55.00000 -2.00000 -9.50000
55.50000 -2.00000 -2.00000
55.00000 -2.00000 -2.50000
55.00000 -2.50000 -2.00000
55.00000 -2.00000 2.50000
55.50000 -1.00000 -14.00000
55.00000 -1.00000 -14.50000
55.00000 -1.50000 -9.00000
55.50000 -1.00000 -8.00000
55.00000 -1.00000 -8.50000
55.00000 -1.00000 -2.50000
55.00000 -1.50000 2.00000
55.00000 -1.00000 1.50000
55.00000 -0.50000 -14.00000
55.00000 0.00000 -13.50000
55.00000 -0.50000 -8.00000
55.50000 0.00000 -7.00000
55.00000 0.00000 -7.50000
55.50000 0.00000 -3.00000
55.00000 0.00000 -3.50000
55.00000 -0.50000 -3.00000
55.00000 -0.50000 1.00000
55.00000 0.00000 0.50000
55.50000 1.00000 -13.00000
55.00000 1.00000 -13.50000
55.00000 0.50000 -7.00000
55.00000 1.00000 -6.50000
55.00000 1.00000 -3.50000
55.00000 1.00000 0.50000
55.50000 2.00000 -15.00000
55.00000 2.00000 -15.50000
55.00000 1.50000 -15.00000
55.00000 1.50000 -14.00000
55.50000 2.00000 -14.00000
55.50000 2.00000 -7.00000
55.00000 1.50000 -7.00000
55.00000 2.00000 -7.50000
55.50000 2.00000 -4.00000
55.00000 2.00000 -4.50000
55.00000 1.50000 -4.00000
55.00000 1.50000 0.00000
55.00000 2.00000 -0.50000
55.50000 3.00000 -15.00000
55.00000 3.00000 -15.50000
55.50000 3.00000 -7.00000
55.00000 3.00000 -7.50000
55.50000 3.00000 -4.00000
55.00000 3.00000 -4.50000
55.50000 3.00000 -1.00000
55.00000 2.50000 -1.00000
55.00000 3.00000 -1.50000
55.50000 4.00000 -16.00000
55.00000 4.00000 -16.50000
55.00000 3.50000 -16.00000
55.50000 4.00000 -8.00000
55.00000 3.50000 -8.00000
55.00000 4.00000 -8.50000
55.00000 4.00000 -4.50000
55.00000 4.00000 -1.50000
55.50000 5.00000 -17.00000
55.00000 5.00000 -17.50000
55.00000 4.50000 -17.00000
55.50000 5.00000 -16.00000
55.50000 5.00000 -8.00000
55.00000 5.00000 -8.50000
55.50000 5.00000 -5.00000
55.00000 5.00000 -5.50000
55.00000 4.50000 -5.00000
55.50000 5.00000 -2.00000
55.00000 4.50000 -2.00000
55.00000 5.00000 -2.50000
55.50000 6.00000 -17.00000
55.00000 6.00000 -17.50000
55.50000 6.00000 -9.00000
55.00000 5.50000 -9.00000
55.00000 6.00000 -9.50000
55.50000 6.00000 -5.00000
55.00000 6.00000 -5.50000
55.00000 6.00000 -2.50000
55.50000 7.00000 -17.00000
55.00000 7.00000 -17.50000
55.50000 7.00000 -10.00000
55.00000 6.50000 -10.00000
55.00000 7.00000 -10.50000
55.50000 7.00000 -6.00000
55.00000 7.00000 -6.50000
55.00000 6.50000 -6.00000
55.50000 7.00000 -3.00000
55.00000 6.50000 -3.00000
55.00000 7.00000 -3.50000
55.00000 8.00000 -17.50000
55.50000 8.00000 -11.00000
55.00000 7.50000 -11.00000
55.00000 8.00000 -11.50000
55.50000 8.00000 -10.00000
55.50000 8.00000 -6.00000
55.00000 8.00000 -6.50000
55.50000 8.00000 -3.00000
55.00000 8.00000 -3.50000
55.50000 9.00000 -18.00000
55.00000 9.00000 -18.50000
55.00000 8.50000 -18.00000
55.00000 8.50000 -11.00000
55.00000 9.00000 -10.50000
55.50000 9.00000 -10.00000
55.00000 9.00000 -6.50000
55.50000 9.00000 -3.00000
55.00000 9.00000 -3.50000
55.50000 10.00000 -19.00000
55.00000 10.00000 -19.50000
55.00000 9.50000 -19.00000
55.50000 10.00000 -10.00000
55.00000 10.00000 -10.50000
55.00000 10.00000 -7.50000
55.00000 9.50000 -7.00000
55.00000 10.00000 -3.50000
55.50000 11.00000 -19.00000
55.00000 11.00000 -19.50000
55.50000 11.00000 -10.00000
55.00000 11.00000 -10.50000
55.50000 11.00000 -9.00000
55.00000 11.00000 -8.50000
55.00000 10.50000 -8.00000
55.00000 11.00000 -3.50000
55.50000 12.00000 -19.00000
55.00000 12.00000 -19.50000
55.00000 11.50000 -10.00000
55.00000 11.50000 -9.00000
55.50000 12.00000 -4.00000
55.00000 11.50000 -4.00000
55.00000 12.00000 -4.50000
55.50000 13.00000 -20.00000
55.00000 13.00000 -20.50000
55.00000 12.50000 -20.00000
55.00000 13.00000 -4.50000
55.50000 14.00000 -21.00000
55.00000 14.00000 -21.50000
55.00000 13.50000 -21.00000
55.50000 14.00000 -20.00000
55.00000 13.50000 -5.00000
55.00000 14.00000 -5.50000
55.50000 15.00000 -21.00000
55.00000 15.00000 -21.50000
55.50000 15.00000 -20.00000
55.50000 15.00000 -19.00000
55.00000 14.50000 -6.00000
55.00000 15.00000 -6.50000
55.50000 16.00000 -21.00000
55.00000 16.00000 -21.50000
55.50000 16.00000 -20.00000
55.50000 16.00000 -19.00000
55.50000 16.00000 -18.00000
55.50000 16.00000 -17.00000
55.50000 16.00000 -16.00000
55.50000 16.00000 -8.00000
55.00000 16.00000 -7.50000
55.00000 15.50000 -7.00000
55.00000 16.50000 -21.00000
55.00000 16.50000 -20.00000
55.50000 17.00000 -19.00000
55.00000 17.00000 -19.50000
55.50000 17.00000 -18.00000
55.50000 17.00000 -17.00000
55.50000 17.00000 -16.00000
55.50000 17.00000 -15.00000
55.50000 17.00000 -14.00000
55.50000 17.00000 -13.00000
55.50000 17.00000 -12.00000
55.50000 17.00000 -11.00000
55.00000 17.00000 -10.50000
55.00000 16.50000 -10.00000
55.00000 16.50000 -9.00000
55.00000 16.50000 -8.00000
55.00000 17.50000 -19.00000
55.00000 17.50000 -18.00000
55.00000 17.50000 -17.00000
55.00000 17.50000 -16.00000
55.00000 17.50000 -15.00000
55.00000 17.50000 -14.00000
55.00000 17.50000 -13.00000
55.00000 17.50000 -12.00000
55.00000 17.50000 -11.00000
54.50000 -32.00000 0.00000
54.00000 -32.00000 -0.50000
54.00000 -32.50000 0.00000
54.00000 -32.50000 1.00000
54.00000 -32.00000 1.50000
54.50000 -32.00000 16.00000
54.00000 -32.00000 15.50000
54.00000 -32.50000 16.00000
54.00000 -32.50000 17.00000
54.00000 -32.00000 17.50000
54.00000 -31.00000 -1.50000
54.00000 -31.50000 -1.00000
54.00000 -31.50000 2.00000
54.00000 -31.00000 2.50000
54.50000 -31.00000 13.00000
54.00000 -31.00000 12.50000
54.00000 -31.50000 13.00000
54.00000 -31.50000 14.00000
54.00000 -31.50000 15.00000
54.00000 -31.00000 17.50000
54.00000 -30.00000 -1.50000
54.00000 -30.00000 2.50000
54.00000 -30.00000 11.50000
54.00000 -30.50000 12.00000
54.00000 -30.50000 18.00000
54.00000 -30.00000 18.50000
54.00000 -29.00000 -1.50000
54.00000 -29.50000 2.00000
54.00000 -29.00000 1.50000
54.00000 -29.00000 10.50000
54.00000 -29.50000 11.00000
54.00000 -29.50000 18.00000
54.00000 -29.00000 17.50000
54.00000 -28.00000 -1.50000
54.00000 -28.50000 2.00000
54.00000 -28.00000 2.50000
54.00000 -28.00000 9.50000
54.00000 -28.50000 10.00000
54.00000 -28.50000 16.00000
54.00000 -28.00000 15.50000
54.00000 -28.50000 17.00000
54.00000 -27.00000 -1.50000
54.00000 -27.50000 3.00000
54.00000 -27.00000 3.50000
54.00000 -27.00000 8.50000
54.00000 -27.50000 9.00000
54.00000 -27.50000 15.00000
54.00000 -27.00000 14.50000
54.00000 -26.50000 -1.00000
54.00000 -26.00000 -0.50000
54.00000 -26.00000 3.50000
54.00000 -26.00000 8.50000
54.00000 -26.50000 14.00000
54.00000 -26.00000 13.50000
54.00000 -25.50000 0.00000
54.50000 -25.00000 0.00000
54.00000 -25.00000 0.50000
54.00000 -25.00000 3.50000
54.50000 -25.00000 8.00000
54.00000 -25.00000 8.50000
54.00000 -25.00000 13.50000
54.00000 -24.00000 -0.50000
54.50000 -24.00000 0.00000
54.00000 -24.50000 0.00000
54.00000 -24.00000 3.50000
54.00000 -24.00000 7.50000
54.00000 -24.50000 8.00000
54.00000 -24.50000 13.00000
54.00000 -24.00000 12.50000
54.00000 -23.00000 -0.50000
54.50000 -23.00000 3.00000
54.00000 -23.50000 3.00000
54.00000 -23.00000 2.50000
54.00000 -23.50000 8.00000
54.50000 -23.00000 8.00000
54.00000 -23.00000 8.50000
54.00000 -23.00000 12.50000
54.50000 -22.00000 -2.00000
54.00000 -22.00000 -2.50000
54.00000 -22.50000 -2.00000
54.00000 -22.50000 -1.00000
54.00000 -22.00000 2.50000
54.00000 -22.00000 7.50000
54.50000 -22.00000 8.00000
54.00000 -22.50000 8.00000
54.00000 -22.50000 12.00000
54.00000 -22.00000 11.50000
54.00000 -21.00000 -3.50000
54.00000 -21.50000 -3.00000
54.50000 -21.00000 2.00000
54.00000 -21.50000 2.00000
54.00000 -21.00000 1.50000
54.50000 -21.00000 7.00000
54.00000 -21.00000 6.50000
54.00000 -21.50000 7.00000
54.00000 -21.00000 11.50000
54.50000 -20.00000 -6.00000
54.00000 -20.00000 -6.50000
54.00000 -20.50000 -6.00000
54.00000 -20.50000 -5.00000
54.00000 -20.50000 -4.00000
54.50000 -20.00000 1.00000
54.00000 -20.50000 1.00000
54.00000 -20.00000 0.50000
54.50000 -20.00000 6.00000
54.00000 -20.00000 5.50000
54.00000 -20.50000 6.00000
54.00000 -20.00000 11.50000
54.00000 -19.00000 -7.50000
54.00000 -19.50000 -7.00000
54.00000 -19.00000 0.50000
54.50000 -19.00000 5.00000
54.00000 -19.00000 4.50000
54.00000 -19.50000 5.00000
54.00000 -19.50000 11.00000
54.00000 -19.00000 10.50000
54.50000 -18.00000 -8.00000
54.00000 -18.00000 -8.50000
54.00000 -18.50000 -8.00000
54.50000 -18.00000 -1.00000
54.00000 -18.50000 -1.00000
54.00000 -18.00000 -1.50000
54.00000 -18.50000 0.00000
54.50000 -18.00000 4.00000
54.00000 -18.00000 3.50000
54.00000 -18.50000 4.00000
54.50000 -18.00000 10.00000
54.00000 -18.50000 10.00000
54.00000 -18.00000 9.50000
54.00000 -17.00000 -8.50000
54.00000 -17.50000 -5.00000
54.00000 -17.00000 -5.50000
54.00000 -17.50000 -4.00000
54.00000 -17.50000 -3.00000
54.00000 -17.50000 -2.00000
54.50000 -17.00000 3.00000
54.00000 -17.00000 2.50000
54.00000 -17.50000 3.00000
54.50000 -17.00000 6.00000
54.00000 -17.50000 6.00000
54.00000 -17.00000 5.50000
54.00000 -17.00000 6.50000
54.50000 -17.00000 8.00000
54.00000 -17.50000 8.00000
54.00000 -17.00000 7.50000
54.50000 -17.00000 9.00000
54.00000 -17.50000 9.00000
54.00000 -16.50000 -8.00000
54.50000 -16.00000 -8.00000
54.00000 -16.00000 -7.50000
54.00000 -16.50000 -5.00000
54.00000 -16.50000 -4.00000
54.50000 -16.00000 -4.00000
54.00000 -16.00000 -3.50000
54.00000 -16.00000 2.50000
54.50000 -16.00000 5.00000
54.00000 -16.50000 5.00000
54.00000 -16.00000 4.50000
54.50000 -16.00000 6.00000
54.00000 -16.50000 7.00000
54.50000 -16.00000 7.00000
54.00000 -15.00000 -7.50000
54.00000 -15.00000 -3.50000
54.00000 -15.00000 1.50000
54.00000 -15.50000 2.00000
54.00000 -15.50000 4.00000
54.00000 -15.00000 3.50000
54.00000 -14.50000 -7.00000
54.50000 -14.00000 -7.00000
54.00000 -14.00000 -6.50000
54.00000 -14.50000 -3.00000
54.00000 -14.00000 -2.50000
54.00000 -14.00000 1.50000
54.00000 -14.00000 3.50000
54.00000 -13.00000 -6.50000
54.00000 -13.00000 -2.50000
54.50000 -13.00000 1.00000
54.00000 -13.00000 1.50000
54.50000 -13.00000 3.00000
54.00000 -13.50000 3.00000
54.00000 -13.00000 2.50000
54.00000 -12.00000 -6.50000
54.50000 -12.00000 -3.00000
54.00000 -12.50000 -3.00000
54.00000 -12.00000 -3.50000
54.50000 -12.00000 1.00000
54.00000 -12.50000 2.00000
54.50000 -12.00000 2.00000
54.50000 -11.00000 -8.00000
54.00000 -11.00000 -8.50000
54.00000 -11.50000 -8.00000
54.00000 -11.50000 -7.00000
54.50000 -11.00000 -7.00000
54.00000 -11.00000 -3.50000
54.50000 -11.00000 1.00000
54.50000 -11.00000 2.00000
54.50000 -10.00000 -9.00000
54.00000 -10.00000 -9.50000
54.00000 -10.50000 -9.00000
54.00000 -10.00000 -3.50000
54.50000 -10.00000 1.00000
54.50000 -9.00000 -10.00000
54.00000 -9.00000 -10.50000
54.00000 -9.50000 -10.00000
54.50000 -9.00000 -4.00000
54.00000 -9.50000 -4.00000
54.00000 -9.00000 -4.50000
54.50000 -8.00000 -13.00000
54.00000 -8.00000 -13.50000
54.00000 -8.50000 -13.00000
54.00000 -8.50000 -12.00000
54.50000 -8.00000 -12.00000
54.00000 -8.50000 -11.00000
54.50000 -8.00000 -5.00000
54.00000 -8.50000 -5.00000
54.00000 -8.00000 -5.50000
54.50000 -7.00000 -14.00000
54.00000 -7.00000 -14.50000
54.00000 -7.50000 -14.00000
54.50000 -7.00000 -5.00000
54.00000 -7.00000 -5.50000
54.00000 -6.00000 -14.50000
54.50000 -6.00000 -6.00000
54.00000 -6.50000 -6.00000
54.00000 -6.00000 -6.50000
54.50000 -6.00000 -5.00000
54.50000 -6.00000 1.00000
54.00000 -6.00000 0.50000
54.00000 -6.50000 1.00000
54.00000 -6.50000 2.00000
54.00000 -6.50000 3.00000
54.50000 -6.00000 4.00000
54.00000 -6.00000 3.50000
54.50000 -6.00000 5.00000
54.50000 -5.00000 -15.00000
54.00000 -5.00000 -15.50000
54.00000 -5.50000 -15.00000
54.50000 -5.00000 -8.00000
54.00000 -5.50000 -8.00000
54.00000 -5.00000 -8.50000
54.50000 -5.00000 -7.00000
54.00000 -5.50000 -7.00000
54.50000 -5.00000 -6.00000
54.00000 -5.00000 -0.50000
54.00000 -5.50000 0.00000
54.00000 -5.50000 4.00000
54.00000 -5.00000 4.50000
54.50000 -4.00000 -15.00000
54.00000 -4.00000 -15.50000
54.00000 -4.50000 -9.00000
54.00000 -4.00000 -9.50000
54.00000 -4.00000 -1.50000
54.00000 -4.50000 -1.00000
54.00000 -4.50000 4.00000
54.00000 -4.00000 3.50000
54.50000 -3.00000 -15.00000
54.00000 -3.00000 -15.50000
54.50000 -3.00000 -10.00000
54.00000 -3.00000 -9.50000
54.50000 -3.00000 -2.00000
54.00000 -3.00000 -2.50000
54.00000 -3.50000 -2.00000
54.00000 -3.50000 3.00000
54.00000 -3.00000 2.50000
54.50000 -2.00000 -15.00000
54.00000 -2.00000 -15.50000
54.00000 -2.00000 -9.50000
54.00000 -2.00000 -2.50000
54.50000 -2.00000 2.00000
54.00000 -2.50000 2.00000
54.00000 -2.00000 1.50000
54.00000 -1.50000 -15.00000
54.00000 -1.00000 -14.50000
54.50000 -1.00000 -9.00000
54.00000 -1.00000 -9.50000
54.50000 -1.00000 -3.00000
54.00000 -1.00000 -3.50000
54.00000 -1.50000 -3.00000
54.50000 -1.00000 1.00000
54.00000 -1.50000 1.00000
54.00000 -1.00000 0.50000
54.50000 0.00000 -14.00000
54.00000 0.00000 -14.50000
54.00000 -0.50000 -9.00000
54.50000 0.00000 -8.00000
54.00000 0.00000 -8.50000
54.00000 0.00000 -3.50000
54.00000 0.00000 0.50000
54.50000 1.00000 -15.00000
54.00000 1.00000 -15.50000
54.00000 0.50000 -15.00000
54.50000 1.00000 -14.00000
54.50000 1.00000 -8.00000
54.00000 1.00000 -8.50000
54.50000 1.00000 -7.00000
54.50000 1.00000 -4.00000
54.00000 1.00000 -4.50000
54.00000 0.50000 -4.00000
54.50000 1.00000 0.00000
54.00000 0.50000 0.00000
54.00000 1.00000 -0.50000
54.50000 2.00000 -16.00000
54.00000 2.00000 -16.50000
54.00000 1.50000 -16.00000
54.50000 2.00000 -8.00000
54.00000 2.00000 -8.50000
54.00000 2.00000 -4.50000
54.00000 2.00000 -0.50000
54.50000 3.00000 -17.00000
54.00000 3.00000 -17.50000
54.00000 2.50000 -17.00000
54.50000 3.00000 -16.00000
54.50000 3.00000 -8.00000
54.00000 3.00000 -8.50000
54.50000 3.00000 -5.00000
54.00000 3.00000 -5.50000
54.00000 2.50000 -5.00000
54.00000 2.50000 -1.00000
54.00000 3.00000 -1.50000
54.50000 4.00000 -17.00000
54.00000 4.00000 -17.50000
54.50000 4.00000 -9.00000
54.00000 3.50000 -9.00000
54.00000 4.00000 -9.50000
54.50000 4.00000 -5.00000
54.00000 4.00000 -5.50000
54.50000 4.00000 -2.00000
54.00000 3.50000 -2.00000
54.00000 4.00000 -2.50000
54.50000 5.00000 -18.00000
54.00000 5.00000 -18.50000
54.00000 4.50000 -18.00000
54.50000 5.00000 -10.00000
54.00000 4.50000 -10.00000
54.00000 5.00000 -10.50000
54.50000 5.00000 -9.00000
54.00000 5.00000 -5.50000
54.00000 5.00000 -2.50000
54.50000 6.00000 -18.00000
54.00000 6.00000 -18.50000
54.50000 6.00000 -11.00000
54.00000 5.50000 -11.00000
54.00000 6.00000 -11.50000
54.50000 6.00000 -10.00000
54.50000 6.00000 -6.00000
54.00000 6.00000 -6.50000
54.00000 5.50000 -6.00000
54.50000 6.00000 -3.00000
54.00000 5.50000 -3.00000
54.00000 6.00000 -3.50000
54.50000 7.00000 -18.00000
54.00000 7.00000 -18.50000
54.50000 7.00000 -12.00000
54.00000 6.50000 -12.00000
54.00000 7.00000 -12.50000
54.50000 7.00000 -11.00000
54.00000 7.00000 -6.50000
54.00000 7.00000 -3.50000
54.50000 8.00000 -18.00000
54.00000 8.00000 -18.50000
54.50000 8.00000 -12.00000
54.00000 8.00000 -12.50000
54.50000 8.00000 -7.00000
54.00000 8.00000 -7.50000
54.00000 7.50000 -7.00000
54.00000 8.00000 -3.50000
54.50000 9.00000 -19.00000
54.00000 9.00000 -19.50000
54.00000 8.50000 -19.00000
54.50000 9.00000 -12.00000
54.00000 9.00000 -12.50000
54.50000 9.00000 -11.00000
54.50000 9.00000 -7.00000
54.00000 9.00000 -7.50000
54.50000 9.00000 -4.00000
54.00000 8.50000 -4.00000
54.00000 9.00000 -4.50000
54.00000 10.00000 -19.50000
54.50000 10.00000 -12.00000
54.00000 10.00000 -12.50000
54.50000 10.00000 -11.00000
54.50000 10.00000 -8.00000
54.00000 10.00000 -8.50000
54.00000 9.50000 -8.00000
54.50000 10.00000 -4.00000
54.00000 10.00000 -4.50000
54.50000 11.00000 -20.00000
54.00000 11.00000 -20.50000
54.00000 10.50000 -20.00000
54.50000 11.00000 -12.00000
54.00000 11.00000 -12.50000
54.50000 11.00000 -11.00000
54.00000 11.00000 -8.50000
54.50000 11.00000 -4.00000
54.00000 11.00000 -4.50000
54.50000 12.00000 -20.00000
54.00000 12.00000 -20.50000
54.00000 11.50000 -12.00000
54.00000 12.00000 -11.50000
54.50000 12.00000 -11.00000
54.50000 12.00000 -10.00000
54.00000 12.00000 -9.50000
54.00000 11.50000 -9.00000
54.00000 12.00000 -4.50000
54.50000 13.00000 -21.00000
54.00000 13.00000 -21.50000
54.00000 12.50000 -21.00000
54.00000 12.50000 -11.00000
54.00000 12.50000 -10.00000
54.50000 13.00000 -5.00000
54.00000 12.50000 -5.00000
54.00000 13.00000 -5.50000
54.50000 14.00000 -22.00000
54.00000 14.00000 -22.50000
54.00000 13.50000 -22.00000
54.00000 14.00000 -5.50000
54.50000 15.00000 -22.00000
54.00000 15.00000 -22.50000
54.50000 15.00000 -6.00000
54.00000 15.00000 -5.50000
54.50000 16.00000 -23.00000
54.00000 16.00000 -23.50000
54.00000 15.50000 -23.00000
54.50000 16.00000 -22.00000
54.50000 16.00000 -7.00000
54.00000 16.00000 -6.50000
54.00000 15.50000 -6.00000
54.50000 17.00000 -23.00000
54.00000 17.00000 -23.50000
54.50000 17.00000 -22.00000
54.50000 17.00000 -21.00000
54.50000 17.00000 -20.00000
54.50000 17.00000 -10.00000
54.50000 17.00000 -9.00000
54.00000 17.00000 -8.50000
54.00000 16.50000 -8.00000
54.00000 16.50000 -7.00000
54.00000 17.50000 -23.00000
54.50000 18.00000 -22.00000
54.00000 18.00000 -22.50000
54.50000 18.00000 -21.00000
54.50000 18.00000 -20.00000
54.50000 18.00000 -19.00000
54.50000 18.00000 -18.00000
54.50000 18.00000 -17.00000
54.50000 18.00000 -16.00000
54.50000 18.00000 -15.00000
54.50000 18.00000 -14.00000
54.50000 18.00000 -13.00000
54.50000 18.00000 -12.00000
54.00000 18.00000 -11.50000
54.00000 17.50000 -11.00000
54.00000 17.50000 -10.00000
54.00000 17.50000 -9.00000
54.00000 18.50000 -22.00000
54.00000 18.50000 -21.00000
54.00000 18.50000 -20.00000
54.50000 19.00000 -19.00000
54.00000 19.00000 -19.50000
54.50000 19.00000 -18.00000
54.50000 19.00000 -17.00000
54.50000 19.00000 -16.00000
54.50000 19.00000 -15.00000
54.00000 19.00000 -14.50000
54.00000 18.50000 -14.00000
54.00000 18.50000 -13.00000
54.00000 18.50000 -12.00000
54.00000 19.50000 -19.00000
54.00000 19.50000 -18.00000
54.00000 19.50000 -17.00000
54.00000 19.50000 -16.00000
54.00000 19.50000 -15.00000
53.50000 -32.00000 -1.00000
53.00000 -32.00000 -1.50000
53.00000 -32.50000 -1.00000
53.00000 -32.50000 0.00000
53.00000 -32.50000 1.00000
53.00000 -32.00000 1.50000
53.50000 -32.00000 15.00000
53.00000 -32.00000 14.50000
53.00000 -32.50000 15.00000
53.00000 -32.50000 16.00000
53.00000 -32.50000 17.00000
53.00000 -32.00000 17.50000
53.00000 -31.00000 -1.50000
53.00000 -31.50000 2.00000
53.00000 -31.00000 2.50000
53.00000 -31.00000 12.50000
53.00000 -31.50000 13.00000
53.00000 -31.50000 14.00000
53.00000 -31.50000 18.00000
53.50000 -31.00000 18.00000
53.00000 -31.00000 18.50000
53.00000 -30.00000 -1.50000
53.50000 -30.00000 2.00000
53.00000 -30.50000 2.00000
53.00000 -30.00000 1.50000
53.00000 -30.00000 11.50000
53.00000 -30.50000 12.00000
53.00000 -30.00000 18.50000
53.00000 -29.00000 -1.50000
53.00000 -29.00000 1.50000
53.00000 -29.00000 10.50000
53.00000 -29.50000 11.00000
53.50000 -29.00000 17.00000
53.00000 -29.50000 17.00000
53.00000 -29.00000 16.50000
53.00000 -29.50000 18.00000
53.00000 -28.00000 -1.50000
53.00000 -28.50000 2.00000
53.00000 -28.50000 3.00000
53.50000 -28.00000 3.00000
53.00000 -28.00000 3.50000
53.00000 -28.00000 9.50000
53.00000 -28.50000 10.00000
53.50000 -28.00000 15.00000
53.00000 -28.50000 15.00000
53.00000 -28.00000 14.50000
53.00000 -28.50000 16.00000
53.00000 -27.50000 -1.00000
53.50000 -27.00000 -1.00000
53.00000 -27.00000 -0.50000
53.00000 -27.00000 3.50000
53.00000 -27.00000 8.50000
53.00000 -27.50000 9.00000
53.00000 -27.00000 14.50000
53.50000 -26.00000 0.00000
53.00000 -26.50000 0.00000
53.00000 -26.00000 0.50000
53.00000 -26.00000 3.50000
53.00000 -26.00000 8.50000
53.00000 -26.50000 14.00000
53.00000 -26.00000 13.50000
53.00000 -25.00000 0.50000
53.00000 -25.00000 3.50000
53.00000 -25.00000 8.50000
53.00000 -25.00000 13.50000
53.00000 -24.00000 -0.50000
53.00000 -24.50000 0.00000
53.00000 -24.00000 3.50000
53.50000 -24.00000 8.00000
53.00000 -24.00000 8.50000
53.00000 -24.50000 13.00000
53.00000 -24.00000 12.50000
53.50000 -23.00000 -1.00000
53.00000 -23.00000 -1.50000
53.00000 -23.50000 -1.00000
53.00000 -23.50000 3.00000
53.00000 -23.00000 2.50000
53.00000 -23.00000 7.50000
53.50000 -23.00000 8.00000
53.00000 -23.50000 8.00000
53.00000 -23.00000 12.50000
53.50000 -22.00000 -3.00000
53.00000 -22.00000 -3.50000
53.00000 -22.50000 -3.00000
53.00000 -22.50000 -2.00000
53.50000 -22.00000 2.00000
53.00000 -22.50000 2.00000
53.00000 -22.00000 1.50000
53.50000 -22.00000 7.00000
53.00000 -22.00000 6.50000
53.00000 -22.50000 7.00000
53.00000 -22.50000 12.00000
53.00000 -22.00000 11.50000
53.50000 -21.00000 -4.00000
53.00000 -21.00000 -4.50000
53.00000 -21.50000 -4.00000
53.50000 -21.00000 1.00000
53.00000 -21.50000 1.00000
53.00000 -21.00000 0.50000
53.50000 -21.00000 6.00000
53.00000 -21.00000 5.50000
53.00000 -21.50000 6.00000
53.00000 -21.00000 11.50000
53.50000 -20.00000 -7.00000
53.00000 -20.00000 -7.50000
53.00000 -20.50000 -7.00000
53.00000 -20.50000 -6.00000
53.00000 -20.50000 -5.00000
53.00000 -20.00000 0.50000
53.50000 -20.00000 5.00000
53.00000 -20.00000 4.50000
53.00000 -20.50000 5.00000
53.50000 -20.00000 11.00000
53.00000 -20.50000 11.00000
53.00000 -20.00000 10.50000
53.50000 -19.00000 -8.00000
53.00000 -19.00000 -8.50000
53.00000 -19.50000 -8.00000
53.50000 -19.00000 0.00000
53.00000 -19.50000 0.00000
53.00000 -19.00000 -0.50000
53.00000 -19.00000 4.50000
53.00000 -19.00000 10.50000
53.00000 -18.00000 -8.50000
53.00000 -18.50000 -1.00000
53.00000 -18.00000 -1.50000
53.00000 -18.00000 3.50000
53.00000 -18.50000 4.00000
53.50000 -18.00000 7.00000
53.00000 -18.50000 7.00000
53.00000 -18.00000 6.50000
53.50000 -18.00000 8.00000
53.00000 -18.50000 8.00000
53.50000 -18.00000 9.00000
53.00000 -18.50000 9.00000
53.00000 -18.50000 10.00000
53.00000 -17.00000 -8.50000
53.50000 -17.00000 -5.00000
53.00000 -17.00000 -4.50000
53.00000 -17.50000 -4.00000
53.00000 -17.50000 -3.00000
53.00000 -17.50000 -2.00000
53.00000 -17.00000 2.50000
53.00000 -17.50000 3.00000
53.50000 -17.00000 5.00000
53.00000 -17.50000 5.00000
53.00000 -17.00000 4.50000
53.00000 -17.50000 6.00000
53.50000 -17.00000 7.00000
53.00000 -16.50000 -8.00000
53.00000 -16.00000 -7.50000
53.00000 -16.50000 -4.00000
53.00000 -16.00000 -3.50000
53.00000 -16.00000 2.50000
53.00000 -16.00000 4.50000
53.00000 -15.00000 -7.50000
53.00000 -15.00000 -3.50000
53.00000 -15.00000 1.50000
53.00000 -15.50000 2.00000
53.50000 -15.50000 2.50000
53.00000 -15.50000 3.00000
53.50000 -15.00000 3.00000
53.00000 -15.00000 2.50000
53.00000 -15.50000 4.00000
53.50000 -14.00000 -7.00000
53.00000 -14.00000 -7.50000
53.50000 -14.00000 -3.00000
53.00000 -14.00000 -3.50000
53.00000 -14.50000 2.00000
53.50000 -14.00000 2.00000
53.50000 -14.00000 3.00000
53.50000 -13.00000 -7.00000
53.00000 -13.00000 -7.50000
53.50000 -13.00000 -3.00000
53.00000 -13.00000 -3.50000
53.50000 -13.00000 2.00000
53.50000 -12.00000 -8.00000
53.00000 -12.00000 -8.50000
53.00000 -12.50000 -8.00000
53.50000 -12.00000 -7.00000
53.00000 -12.00000 -3.50000
53.50000 -11.00000 -9.00000
53.00000 -11.00000 -9.50000
53.00000 -11.50000 -9.00000
53.50000 -11.00000 -4.00000
53.00000 -11.50000 -4.00000
53.00000 -11.00000 -4.50000
53.50000 -10.00000 -10.00000
53.00000 -10.00000 -10.50000
53.00000 -10.50000 -10.00000
53.50000 -10.00000 -4.00000
53.00000 -10.00000 -4.50000
53.50000 -9.00000 -13.00000
53.00000 -9.00000 -13.50000
53.00000 -9.50000 -13.00000
53.00000 -9.50000 -12.00000
53.50000 -9.00000 -12.00000
53.00000 -9.50000 -11.00000
53.50000 -9.00000 -11.00000
53.50000 -9.00000 -5.00000
53.00000 -9.50000 -5.00000
53.00000 -9.00000 -5.50000
53.50000 -8.00000 -15.00000
53.00000 -8.00000 -15.50000
53.00000 -8.50000 -15.00000
53.00000 -8.50000 -14.00000
53.50000 -8.00000 -14.00000
53.50000 -8.00000 -6.00000
53.00000 -8.50000 -6.00000
53.00000 -8.00000 -6.50000
53.50000 -7.00000 -15.00000
53.00000 -7.00000 -15.50000
53.50000 -7.00000 -7.00000
53.00000 -7.50000 -7.00000
53.00000 -7.00000 -7.50000
53.50000 -7.00000 -6.00000
53.50000 -7.00000 -1.00000
53.00000 -7.00000 -1.50000
53.00000 -7.50000 -1.00000
53.00000 -7.00000 -0.50000
53.50000 -6.00000 -15.00000
53.00000 -6.00000 -15.50000
53.50000 -6.00000 -8.00000
53.00000 -6.50000 -8.00000
53.00000 -6.00000 -8.50000
53.50000 -6.00000 -7.00000
53.50000 -6.00000 -2.00000
53.00000 -6.00000 -2.50000
53.00000 -6.50000 -2.00000
53.50000 -6.00000 -1.00000
53.00000 -6.50000 0.00000
53.50000 -6.00000 0.00000
53.00000 -6.50000 1.00000
53.00000 -6.50000 2.00000
53.00000 -6.50000 3.00000
53.00000 -6.00000 3.50000
53.00000 -5.00000 -15.50000
53.50000 -5.00000 -9.00000
53.00000 -5.50000 -9.00000
53.00000 -5.00000 -9.50000
53.50000 -5.00000 -2.00000
53.00000 -5.00000 -2.50000
53.50000 -5.00000 -1.00000
53.50000 -5.00000 4.00000
53.00000 -5.00000 3.50000
53.00000 -4.00000 -15.50000
53.50000 -4.00000 -10.00000
53.00000 -4.50000 -10.00000
53.00000 -4.00000 -10.50000
53.50000 -4.00000 -2.00000
53.00000 -4.00000 -2.50000
53.50000 -4.00000 3.00000
53.00000 -4.50000 3.00000
53.00000 -4.00000 2.50000
53.00000 -3.00000 -15.50000
53.50000 -3.00000 -10.00000
53.00000 -3.00000 -10.50000
53.00000 -3.00000 -2.50000
53.50000 -3.00000 2.00000
53.00000 -3.50000 2.00000
53.00000 -3.00000 1.50000
53.00000 -2.00000 -15.50000
53.50000 -2.00000 -10.00000
53.00000 -2.00000 -10.50000
53.50000 -2.00000 -4.00000
53.00000 -2.00000 -4.50000
53.00000 -2.50000 -4.00000
53.00000 -2.50000 -3.00000
53.50000 -2.00000 -3.00000
53.00000 -2.00000 1.50000
53.50000 -1.00000 -16.00000
53.00000 -1.00000 -16.50000
53.00000 -1.50000 -16.00000
53.50000 -1.00000 -15.00000
53.00000 -1.50000 -10.00000
53.00000 -1.00000 -9.50000
53.50000 -1.00000 -5.00000
53.00000 -1.00000 -5.50000
53.00000 -1.50000 -5.00000
53.50000 -1.00000 -4.00000
53.00000 -1.50000 1.00000
53.00000 -1.00000 0.50000
53.50000 0.00000 -16.00000
53.00000 0.00000 -16.50000
53.50000 0.00000 -15.00000
53.50000 0.00000 -9.00000
53.00000 0.00000 -9.50000
53.50000 0.00000 -5.00000
53.00000 0.00000 -5.50000
53.50000 0.00000 -4.00000
53.00000 0.00000 0.50000
53.50000 1.00000 -17.00000
53.00000 1.00000 -17.50000
53.00000 0.50000 -17.00000
53.50000 1.00000 -16.00000
53.50000 1.00000 -9.00000
53.00000 1.00000 -9.50000
53.50000 1.00000 -5.00000
53.00000 1.00000 -5.50000
53.00000 0.50000 0.00000
53.00000 1.00000 -0.50000
53.50000 2.00000 -18.00000
53.00000 2.00000 -18.50000
53.00000 1.50000 -18.00000
53.50000 2.00000 -17.00000
53.50000 2.00000 -10.00000
53.00000 1.50000 -10.00000
53.00000 2.00000 -10.50000
53.50000 2.00000 -9.00000
53.50000 2.00000 -5.00000
53.00000 2.00000 -5.50000
53.50000 2.00000 -1.00000
53.00000 1.50000 -1.00000
53.00000 2.00000 -1.50000
53.50000 3.00000 -18.00000
53.00000 3.00000 -18.50000
53.50000 3.00000 -10.00000
53.00000 3.00000 -10.50000
53.50000 3.00000 -9.00000
53.00000 3.00000 -5.50000
53.00000 3.00000 -1.50000
53.50000 4.00000 -19.00000
53.00000 4.00000 -19.50000
53.00000 3.50000 -19.00000
53.50000 4.00000 -18.00000
53.50000 4.00000 -11.00000
53.00000 3.50000 -11.00000
53.00000 4.00000 -11.50000
53.50000 4.00000 -10.00000
53.50000 4.00000 -6.00000
53.00000 4.00000 -6.50000
53.00000 3.50000 -6.00000
53.00000 3.50000 -2.00000
53.00000 4.00000 -2.50000
53.50000 5.00000 -19.00000
53.00000 5.00000 -19.50000
53.50000 5.00000 -12.00000
53.00000 4.50000 -12.00000
53.00000 5.00000 -12.50000
53.50000 5.00000 -11.00000
53.50000 5.00000 -6.00000
53.00000 5.00000 -6.50000
53.50000 5.00000 -3.00000
53.00000 4.50000 -3.00000
53.00000 5.00000 -3.50000
53.50000 6.00000 -19.00000
53.00000 6.00000 -19.50000
53.50000 6.00000 -13.00000
53.00000 5.50000 -13.00000
53.00000 6.00000 -13.50000
53.50000 6.00000 -12.00000
53.50000 6.00000 -7.00000
53.00000 6.00000 -7.50000
53.00000 5.50000 -7.00000
53.00000 6.00000 -3.50000
53.50000 7.00000 -19.00000
53.00000 7.00000 -19.50000
53.50000 7.00000 -13.00000
53.00000 7.00000 -13.50000
53.50000 7.00000 -7.00000
53.00000 7.00000 -7.50000
53.00000 7.00000 -3.50000
53.50000 8.00000 -19.00000
53.00000 8.00000 -19.50000
53.50000 8.00000 -13.00000
53.00000 8.00000 -13.50000
53.50000 8.00000 -8.00000
53.00000 8.00000 -8.50000
53.00000 7.50000 -8.00000
53.50000 8.00000 -4.00000
53.00000 7.50000 -4.00000
53.00000 8.00000 -4.50000
53.50000 9.00000 -20.00000
53.00000 9.00000 -20.50000
53.00000 8.50000 -20.00000
53.50000 9.00000 -13.00000
53.00000 9.00000 -13.50000
53.50000 9.00000 -8.00000
53.00000 9.00000 -8.50000
53.00000 9.00000 -4.50000
53.50000 10.00000 -20.00000
53.00000 10.00000 -20.50000
53.50000 10.00000 -13.00000
53.00000 10.00000 -13.50000
53.50000 10.00000 -9.00000
53.00000 10.00000 -9.50000
53.00000 9.50000 -9.00000
53.00000 10.00000 -4.50000
53.50000 11.00000 -21.00000
53.00000 11.00000 -21.50000
53.00000 10.50000 -21.00000
53.50000 11.00000 -14.00000
53.00000 10.50000 -14.00000
53.00000 11.00000 -14.50000
53.50000 11.00000 -13.00000
53.50000 11.00000 -9.00000
53.00000 11.00000 -9.50000
53.50000 11.00000 -5.00000
53.00000 10.50000 -5.00000
53.00000 11.00000 -5.50000
53.50000 12.00000 -21.00000
53.00000 12.00000 -21.50000
53.50000 12.00000 -14.00000
53.00000 12.00000 -14.50000
53.50000 12.00000 -13.00000
53.50000 12.00000 -12.00000
53.00000 12.00000 -9.50000
53.50000 12.00000 -5.00000
53.00000 12.00000 -5.50000
53.50000 13.00000 -22.00000
53.00000 13.00000 -22.50000
53.00000 12.50000 -22.00000
53.50000 13.00000 -14.00000
53.00000 13.00000 -14.50000
53.50000 13.00000 -13.00000
53.50000 13.00000 -12.00000
53.00000 12.50000 -11.00000
53.00000 13.00000 -11.50000
53.00000 12.50000 -10.00000
53.00000 13.00000 -5.50000
53.50000 14.00000 -23.00000
53.00000 14.00000 -23.50000
53.00000 13.50000 -23.00000
53.00000 13.50000 -14.00000
53.00000 13.50000 -13.00000
53.00000 13.50000 -12.00000
53.00000 14.00000 -5.50000
53.50000 15.00000 -23.00000
53.00000 15.00000 -23.50000
53.50000 15.00000 -6.00000
53.00000 14.50000 -6.00000
53.00000 15.00000 -6.50000
53.50000 16.00000 -24.00000
53.00000 16.00000 -24.50000
53.00000 15.50000 -24.00000
53.00000 16.00000 -6.50000
53.50000 17.00000 -24.00000
53.00000 17.00000 -24.50000
53.50000 17.00000 -8.00000
53.00000 17.00000 -7.50000
53.00000 16.50000 -7.00000
53.50000 18.00000 -24.00000
53.00000 18.00000 -24.50000
53.50000 18.00000 -23.00000
53.50000 18.00000 -11.00000
53.50000 18.00000 -10.00000
53.00000 18.00000 -9.50000
53.00000 17.50000 -9.00000
53.00000 17.50000 -8.00000
53.50000 19.00000 -24.00000
53.00000 19.00000 -24.50000
53.50000 19.00000 -23.00000
53.50000 19.00000 -22.00000
53.50000 19.00000 -21.00000
53.50000 19.00000 -20.00000
53.50000 19.00000 -14.00000
53.50000 19.00000 -13.00000
53.00000 19.00000 -12.50000
53.00000 18.50000 -12.00000
53.00000 18.50000 -11.00000
53.00000 18.50000 -10.00000
53.00000 19.50000 -24.00000
53.00000 19.50000 -23.00000
53.00000 19.50000 -22.00000
53.50000 20.00000 -21.00000
53.00000 20.00000 -21.50000
53.50000 20.00000 -20.00000
53.50000 20.00000 -19.00000
53.50000 20.00000 -18.00000
53.50000 20.00000 -17.00000
53.50000 20.00000 -16.00000
53.50000 20.00000 -15.00000
53.00000 20.00000 -14.50000
53.00000 19.50000 -14.00000
53.00000 19.50000 -13.00000
53.00000 20.50000 -21.00000
53.00000 20.50000 -20.00000
53.00000 20.50000 -19.00000
53.00000 20.50000 -18.00000
53.00000 20.50000 -17.00000
53.00000 20.50000 -16.00000
53.00000 20.50000 -15.00000
52.50000 -33.00000 0.00000
52.00000 -33.00000 -0.50000
52.00000 -33.50000 0.00000
52.00000 -33.00000 0.50000
52.50000 -33.00000 17.00000
52.00000 -33.00000 16.50000
52.00000 -33.50000 17.00000
52.00000 -33.00000 17.50000
52.00000 -32.00000 -1.50000
52.00000 -32.50000 -1.00000
52.00000 -32.50000 1.00000
52.00000 -32.00000 1.50000
52.00000 -32.00000 14.50000
52.00000 -32.50000 15.00000
52.00000 -32.50000 16.00000
52.00000 -32.00000 17.50000
52.00000 -31.00000 -1.50000
52.00000 -31.50000 2.00000
52.00000 -31.00000 2.50000
52.00000 -31.00000 12.50000
52.00000 -31.50000 13.00000
52.00000 -31.50000 14.00000
52.00000 -31.50000 18.00000
52.00000 -31.00000 18.50000
52.00000 -30.00000 -1.50000
52.00000 -30.50000 2.00000
52.00000 -30.00000 1.50000
52.00000 -30.00000 11.50000
52.00000 -30.50000 12.00000
52.50000 -30.00000 18.00000
52.00000 -30.50000 18.00000
52.00000 -30.00000 17.50000
52.00000 -29.00000 -1.50000
52.00000 -29.00000 1.50000
52.00000 -29.00000 10.50000
52.00000 -29.50000 11.00000
52.50000 -29.00000 16.00000
52.00000 -29.50000 16.00000
52.00000 -29.00000 15.50000
52.00000 -29.50000 17.00000
52.00000 -28.50000 -1.00000
52.50000 -28.00000 -1.00000
52.00000 -28.00000 -0.50000
52.00000 -28.50000 2.00000
52.00000 -28.50000 3.00000
52.00000 -28.00000 3.50000
52.00000 -28.00000 9.50000
52.00000 -28.50000 10.00000
52.00000 -28.50000 15.00000
52.00000 -28.00000 14.50000
52.00000 -27.00000 -0.50000
52.00000 -27.00000 3.50000
52.00000 -27.00000 8.50000
52.00000 -27.50000 9.00000
52.00000 -27.00000 14.50000
52.00000 -26.50000 0.00000
52.00000 -26.00000 0.50000
52.00000 -26.00000 3.50000
52.00000 -26.00000 8.50000
52.00000 -26.50000 14.00000
52.00000 -26.00000 13.50000
52.00000 -25.00000 0.50000
52.00000 -25.00000 3.50000
52.00000 -25.00000 8.50000
52.00000 -25.00000 13.50000
52.00000 -24.00000 -0.50000
52.00000 -24.50000 0.00000
52.50000 -24.00000 3.00000
52.00000 -24.50000 3.00000
52.00000 -24.00000 2.50000
52.50000 -24.00000 8.00000
52.00000 -24.00000 7.50000
52.00000 -24.50000 8.00000
52.00000 -24.50000 13.00000
52.00000 -24.00000 12.50000
52.00000 -23.00000 -1.50000
52.00000 -23.50000 -1.00000
52.00000 -23.00000 2.50000
52.50000 -23.00000 7.00000
52.00000 -23.00000 6.50000
52.00000 -23.50000 7.00000
52.00000 -23.00000 12.50000
52.00000 -22.00000 -3.50000
52.00000 -22.50000 -3.00000
52.00000 -22.50000 -2.00000
52.00000 -22.50000 2.00000
52.00000 -22.00000 1.50000
52.50000 -22.00000 6.00000
52.00000 -22.00000 5.50000
52.00000 -22.50000 6.00000
52.00000 -22.50000 12.00000
52.00000 -22.00000 11.50000
52.50000 -21.00000 -5.00000
52.00000 -21.00000 -5.50000
52.00000 -21.50000 -5.00000
52.00000 -21.50000 -4.00000
52.00000 -21.50000 1.00000
52.00000 -21.00000 0.50000
52.00000 -21.00000 5.50000
52.50000 -21.00000 11.00000
52.00000 -21.50000 11.00000
52.00000 -21.00000 10.50000
52.00000 -20.00000 -7.50000
52.00000 -20.50000 -7.00000
52.00000 -20.50000 -6.00000
52.50000 -20.00000 0.00000
52.00000 -20.50000 0.00000
52.00000 -20.00000 -0.50000
52.00000 -20.00000 4.50000
52.00000 -20.50000 5.00000
52.00000 -20.00000 10.50000
52.00000 -19.00000 -8.50000
52.00000 -19.50000 -8.00000
52.50000 -19.00000 -1.00000
52.00000 -19.50000 -1.00000
52.00000 -19.00000 -1.50000
52.50000 -19.00000 4.00000
52.00000 -19.00000 3.50000
52.00000 -19.50000 4.00000
52.50000 -19.00000 7.00000
52.00000 -19.50000 7.00000
52.00000 -19.00000 6.50000
52.50000 -19.00000 8.00000
52.00000 -19.50000 8.00000
52.50000 -19.00000 9.00000
52.00000 -19.50000 9.00000
52.50000 -19.00000 10.00000
52.00000 -19.50000 10.00000
52.00000 -18.00000 -8.50000
52.50000 -18.00000 -2.00000
52.00000 -18.50000 -2.00000
52.00000 -18.00000 -2.50000
52.00000 -18.00000 3.50000
52.00000 -18.00000 4.50000
52.50000 -18.00000 5.00000
52.00000 -18.50000 5.00000
52.50000 -18.00000 6.00000
52.00000 -18.50000 6.00000
52.00000 -17.00000 -8.50000
52.50000 -17.00000 -4.00000
52.00000 -17.00000 -3.50000
52.00000 -17.50000 -3.00000
52.00000 -17.00000 2.50000
52.00000 -17.50000 3.00000
52.00000 -17.00000 4.50000
52.00000 -16.50000 -8.00000
52.00000 -16.00000 -7.50000
52.00000 -16.00000 -3.50000
52.00000 -16.50000 3.00000
52.50000 -16.00000 3.00000
52.50000 -16.00000 4.00000
52.00000 -16.50000 4.00000
52.00000 -15.00000 -7.50000
52.00000 -15.00000 -3.50000
52.50000 -15.00000 2.00000
52.00000 -14.00000 -7.50000
52.00000 -14.00000 -3.50000
52.50000 -13.00000 -8.00000
52.00000 -13.00000 -8.50000
52.00000 -13.50000 -8.00000
52.50000 -13.00000 -4.00000
52.00000 -13.50000 -4.00000
52.00000 -13.00000 -4.50000
52.50000 -12.00000 -9.00000
52.00000 -12.00000 -9.50000
52.00000 -12.50000 -9.00000
52.50000 -12.00000 -4.00000
52.00000 -12.00000 -4.50000
52.50000 -11.00000 -10.00000
52.00000 -11.00000 -10.50000
52.00000 -11.50000 -10.00000
52.50000 -11.00000 -5.00000
52.00000 -11.50000 -5.00000
52.00000 -11.00000 -5.50000
52.50000 -10.00000 -13.00000
52.00000 -10.00000 -13.50000
52.00000 -10.50000 -13.00000
52.00000 -10.50000 -12.00000
52.50000 -10.00000 -12.00000
52.00000 -10.50000 -11.00000
52.50000 -10.00000 -11.00000
52.50000 -10.00000 -6.00000
52.00000 -10.50000 -6.00000
52.00000 -10.00000 -6.50000
52.50000 -10.00000 -5.00000
52.50000 -9.00000 -14.00000
52.00000 -9.00000 -14.50000
52.00000 -9.50000 -14.00000
52.50000 -9.00000 -6.00000
52.00000 -9.00000 -6.50000
52.50000 -9.00000 -2.00000
52.00000 -9.00000 -2.50000
52.00000 -9.50000 -2.00000
52.00000 -9.50000 -1.00000
52.50000 -9.00000 -1.00000
52.00000 -9.00000 -0.50000
52.00000 -8.00000 -15.50000
52.00000 -8.50000 -15.00000
52.50000 -8.00000 -7.00000
52.00000 -8.50000 -7.00000
52.00000 -8.00000 -7.50000
52.50000 -8.00000 -3.00000
52.00000 -8.00000 -3.50000
52.00000 -8.50000 -3.00000
52.50000 -8.00000 -2.00000
52.50000 -8.00000 -1.00000
52.00000 -8.00000 -0.50000
52.50000 -7.00000 -16.00000
52.00000 -7.00000 -16.50000
52.00000 -7.50000 -16.00000
52.50000 -7.00000 -8.00000
52.00000 -7.50000 -8.00000
52.00000 -7.00000 -8.50000
52.50000 -7.00000 -3.00000
52.00000 -7.00000 -3.50000
52.50000 -7.00000 -2.00000
52.00000 -7.50000 0.00000
52.50000 -7.00000 0.00000
52.00000 -7.50000 1.00000
52.50000 -7.00000 1.00000
52.00000 -7.00000 1.50000
52.50000 -6.00000 -16.00000
52.00000 -6.00000 -16.50000
52.50000 -6.00000 -9.00000
52.00000 -6.50000 -9.00000
52.00000 -6.00000 -9.50000
52.50000 -6.00000 -4.00000
52.00000 -6.00000 -4.50000
52.00000 -6.50000 -4.00000
52.50000 -6.00000 -3.00000
52.00000 -6.50000 2.00000
52.50000 -6.00000 3.00000
52.00000 -6.00000 2.50000
52.50000 -5.00000 -16.00000
52.00000 -5.00000 -16.50000
52.50000 -5.00000 -10.00000
52.00000 -5.50000 -10.00000
52.00000 -5.00000 -10.50000
52.50000 -5.00000 -4.00000
52.00000 -5.00000 -4.50000
52.50000 -5.00000 -3.00000
52.00000 -5.50000 3.00000
52.00000 -5.00000 3.50000
52.50000 -4.00000 -16.00000
52.00000 -4.00000 -16.50000
52.00000 -4.00000 -10.50000
52.50000 -4.00000 -5.00000
52.00000 -4.00000 -5.50000
52.00000 -4.50000 -5.00000
52.50000 -4.00000 -4.00000
52.50000 -4.00000 -3.00000
52.00000 -4.50000 3.00000
52.00000 -4.00000 2.50000
52.50000 -3.00000 -16.00000
52.00000 -3.00000 -16.50000
52.00000 -3.00000 -10.50000
52.50000 -3.00000 -6.00000
52.00000 -3.00000 -6.50000
52.00000 -3.50000 -6.00000
52.50000 -3.00000 -5.00000
52.50000 -3.00000 -4.00000
52.50000 -3.00000 -3.00000
52.00000 -3.50000 2.00000
52.00000 -3.00000 1.50000
52.50000 -2.00000 -16.00000
52.00000 -2.00000 -16.50000
52.00000 -2.00000 -10.50000
52.50000 -2.00000 -6.00000
52.00000 -2.00000 -6.50000
52.50000 -2.00000 -5.00000
52.50000 -2.00000 1.00000
52.00000 -2.50000 1.00000
52.00000 -2.00000 0.50000
52.50000 -1.00000 -17.00000
52.00000 -1.00000 -17.50000
52.00000 -1.50000 -17.00000
52.50000 -1.00000 -10.00000
52.00000 -1.00000 -10.50000
52.50000 -1.00000 -7.00000
52.00000 -1.00000 -7.50000
52.00000 -1.50000 -7.00000
52.50000 -1.00000 -6.00000
52.00000 -1.00000 0.50000
52.50000 0.00000 -17.00000
52.00000 0.00000 -17.50000
52.50000 0.00000 -11.00000
52.00000 -0.50000 -11.00000
52.00000 0.00000 -11.50000
52.50000 0.00000 -10.00000
52.50000 0.00000 -7.00000
52.00000 0.00000 -7.50000
52.50000 0.00000 -6.00000
52.50000 0.00000 0.00000
52.00000 -0.50000 0.00000
52.00000 0.00000 -0.50000
52.50000 1.00000 -18.00000
52.00000 1.00000 -18.50000
52.00000 0.50000 -18.00000
52.50000 1.00000 -11.00000
52.00000 1.00000 -11.50000
52.50000 1.00000 -10.00000
52.00000 0.50000 -7.00000
52.50000 1.00000 -6.00000
52.00000 1.00000 -6.50000
52.00000 1.00000 -0.50000
52.50000 2.00000 -19.00000
52.00000 2.00000 -19.50000
52.00000 1.50000 -19.00000
52.50000 2.00000 -12.00000
52.00000 1.50000 -12.00000
52.00000 2.00000 -12.50000
52.50000 2.00000 -11.00000
52.50000 2.00000 -6.00000
52.00000 2.00000 -6.50000
52.00000 1.50000 -1.00000
52.00000 2.00000 -1.50000
52.50000 3.00000 -19.00000
52.00000 3.00000 -19.50000
52.50000 3.00000 -13.00000
52.00000 2.50000 -13.00000
52.00000 3.00000 -13.50000
52.50000 3.00000 -12.00000
52.50000 3.00000 -11.00000
52.50000 3.00000 -6.00000
52.00000 3.00000 -6.50000
52.50000 3.00000 -2.00000
52.00000 2.50000 -2.00000
52.00000 3.00000 -2.50000
52.50000 4.00000 -20.00000
52.00000 4.00000 -20.50000
52.00000 3.50000 -20.00000
52.50000 4.00000 -14.00000
52.00000 3.50000 -14.00000
52.00000 4.00000 -14.50000
52.50000 4.00000 -13.00000
52.50000 4.00000 -12.00000
52.00000 4.00000 -6.50000
52.00000 4.00000 -2.50000
52.50000 5.00000 -20.00000
52.00000 5.00000 -20.50000
52.50000 5.00000 -14.00000
52.00000 5.00000 -14.50000
52.50000 5.00000 -13.00000
52.50000 5.00000 -7.00000
52.00000 5.00000 -7.50000
52.00000 4.50000 -7.00000
52.00000 4.50000 -3.00000
52.00000 5.00000 -3.50000
52.50000 6.00000 -21.00000
52.00000 6.00000 -21.50000
52.00000 5.50000 -21.00000
52.50000 6.00000 -20.00000
52.50000 6.00000 -14.00000
52.00000 6.00000 -14.50000
52.50000 6.00000 -8.00000
52.00000 6.00000 -8.50000
52.00000 5.50000 -8.00000
52.00000 6.00000 -3.50000
52.50000 7.00000 -21.00000
52.00000 7.00000 -21.50000
52.50000 7.00000 -20.00000
52.50000 7.00000 -14.00000
52.00000 7.00000 -14.50000
52.50000 7.00000 -9.00000
52.00000 7.00000 -9.50000
52.00000 6.50000 -9.00000
52.50000 7.00000 -8.00000
52.50000 7.00000 -4.00000
52.00000 6.50000 -4.00000
52.00000 7.00000 -4.50000
52.50000 8.00000 -21.00000
52.00000 8.00000 -21.50000
52.50000 8.00000 -20.00000
52.50000 8.00000 -15.00000
52.00000 7.50000 -15.00000
52.00000 8.00000 -15.50000
52.50000 8.00000 -14.00000
52.50000 8.00000 -10.00000
52.00000 8.00000 -10.50000
52.00000 7.50000 -10.00000
52.50000 8.00000 -9.00000
52.00000 8.00000 -4.50000
52.50000 9.00000 -21.00000
52.00000 9.00000 -21.50000
52.50000 9.00000 -15.00000
52.00000 9.00000 -15.50000
52.50000 9.00000 -14.00000
52.50000 9.00000 -10.00000
52.00000 9.00000 -10.50000
52.50000 9.00000 -9.00000
52.50000 9.00000 -5.00000
52.00000 8.50000 -5.00000
52.00000 9.00000 -5.50000
52.50000 10.00000 -21.00000
52.00000 10.00000 -21.50000
52.50000 10.00000 -15.00000
52.00000 10.00000 -15.50000
52.50000 10.00000 -14.00000
52.50000 10.00000 -10.00000
52.00000 10.00000 -10.50000
52.50000 10.00000 -5.00000
52.00000 10.00000 -5.50000
52.00000 11.00000 -21.50000
52.50000 11.00000 -15.00000
52.00000 11.00000 -15.50000
52.50000 11.00000 -10.00000
52.00000 11.00000 -10.50000
52.00000 11.00000 -5.50000
52.50000 12.00000 -22.00000
52.00000 12.00000 -22.50000
52.00000 11.50000 -22.00000
52.50000 12.00000 -16.00000
52.00000 11.50000 -16.00000
52.00000 12.00000 -16.50000
52.50000 12.00000 -15.00000
52.50000 12.00000 -10.00000
52.00000 12.00000 -10.50000
52.00000 12.00000 -5.50000
52.00000 13.00000 -22.50000
52.50000 13.00000 -16.00000
52.00000 13.00000 -16.50000
52.50000 13.00000 -15.00000
52.00000 13.00000 -11.50000
52.00000 12.50000 -11.00000
52.00000 13.00000 -5.50000
52.00000 14.00000 -23.50000
52.00000 13.50000 -23.00000
52.50000 14.00000 -17.00000
52.00000 13.50000 -17.00000
52.00000 14.00000 -17.50000
52.50000 14.00000 -16.00000
52.50000 14.00000 -15.00000
52.50000 14.00000 -14.00000
52.50000 14.00000 -13.00000
52.00000 14.00000 -12.50000
52.00000 13.50000 -12.00000
52.00000 14.00000 -5.50000
52.50000 15.00000 -24.00000
52.00000 15.00000 -24.50000
52.00000 14.50000 -24.00000
52.00000 14.50000 -17.00000
52.00000 15.00000 -16.50000
52.50000 15.00000 -16.00000
52.50000 15.00000 -15.00000
52.00000 15.00000 -14.50000
52.00000 14.50000 -14.00000
52.00000 14.50000 -13.00000
52.00000 14.50000 -6.00000
52.00000 15.00000 -6.50000
52.50000 16.00000 -25.00000
52.00000 16.00000 -25.50000
52.00000 15.50000 -25.00000
52.00000 15.50000 -16.00000
52.00000 15.50000 -15.00000
52.50000 16.00000 -7.00000
52.00000 15.50000 -7.00000
52.00000 16.00000 -7.50000
52.50000 17.00000 -25.00000
52.00000 17.00000 -25.50000
52.00000 17.00000 -7.50000
52.50000 18.00000 -26.00000
52.00000 18.00000 -26.50000
52.00000 17.50000 -26.00000
52.50000 18.00000 -25.00000
52.00000 17.50000 -9.00000
52.00000 18.00000 -9.50000
52.00000 17.50000 -8.00000
52.50000 19.00000 -26.00000
52.00000 19.00000 -26.50000
52.50000 19.00000 -25.00000
52.50000 19.00000 -12.00000
52.00000 19.00000 -11.50000
52.00000 18.50000 -11.00000
52.00000 18.50000 -10.00000
52.00000 19.50000 -26.00000
52.50000 20.00000 -25.00000
52.00000 20.00000 -25.50000
52.50000 20.00000 -24.00000
52.50000 20.00000 -23.00000
52.50000 20.00000 -22.00000
52.50000 20.00000 -14.00000
52.00000 20.00000 -13.50000
52.00000 19.50000 -13.00000
52.00000 19.50000 -12.00000
52.00000 20.50000 -25.00000
52.00000 20.50000 -24.00000
52.50000 21.00000 -23.00000
52.00000 21.00000 -23.50000
52.50000 21.00000 -22.00000
52.50000 21.00000 -21.00000
52.50000 21.00000 -20.00000
52.50000 21.00000 -19.00000
52.50000 21.00000 -18.00000
52.50000 21.00000 -17.00000
52.50000 21.00000 -16.00000
52.50000 21.00000 -15.00000
52.00000 21.00000 -14.50000
52.00000 20.50000 -14.00000
52.00000 21.50000 -23.00000
52.00000 21.50000 -22.00000
52.00000 21.50000 -21.00000
52.00000 21.50000 -20.00000
52.00000 21.50000 -19.00000
52.50000 22.00000 -18.00000
52.00000 22.00000 -18.50000
52.00000 22.00000 -17.50000
52.00000 21.50000 -17.00000
52.00000 21.50000 -16.00000
52.00000 21.50000 -15.00000
52.00000 22.50000 -18.00000
51.00000 -33.00000 -0.50000
51.00000 -33.50000 0.00000
51.00000 -33.00000 0.50000
51.00000 -33.00000 16.50000
51.00000 -33.50000 17.00000
51.00000 -33.50000 18.00000
51.50000 -33.00000 18.00000
51.00000 -33.00000 18.50000
51.00000 -32.00000 -1.50000
51.00000 -32.50000 -1.00000
51.50000 -32.00000 1.00000
51.00000 -32.00000 0.50000
51.50000 -32.00000 14.00000
51.00000 -32.00000 13.50000
51.00000 -32.50000 14.00000
51.00000 -32.50000 15.00000
51.00000 -32.50000 16.00000
51.50000 -32.00000 18.00000
51.00000 -32.00000 18.50000
51.00000 -31.00000 -1.50000
51.00000 -31.50000 1.00000
51.00000 -31.50000 2.00000
51.00000 -31.00000 2.50000
51.00000 -31.00000 12.50000
51.00000 -31.50000 13.00000
51.00000 -31.00000 18.50000
51.00000 -30.00000 -1.50000
51.00000 -30.50000 2.00000
51.00000 -30.00000 1.50000
51.00000 -30.00000 11.50000
51.00000 -30.50000 12.00000
51.50000 -30.00000 17.00000
51.00000 -30.50000 17.00000
51.00000 -30.00000 16.50000
51.00000 -30.50000 18.00000
51.00000 -29.00000 -1.50000
51.00000 -29.50000 2.00000
51.50000 -29.00000 2.00000
51.00000 -29.00000 2.50000
51.00000 -29.00000 10.50000
51.00000 -29.50000 11.00000
51.00000 -29.50000 16.00000
51.00000 -29.00000 15.50000
51.00000 -28.50000 -1.00000
51.00000 -28.00000 -0.50000
51.00000 -28.50000 3.00000
51.00000 -28.00000 3.50000
51.00000 -28.00000 9.50000
51.00000 -28.50000 10.00000
51.00000 -28.50000 15.00000
51.00000 -28.00000 14.50000
51.00000 -27.50000 0.00000
51.50000 -27.00000 0.00000
51.00000 -27.00000 0.50000
51.00000 -27.00000 3.50000
51.50000 -27.00000 9.00000
51.00000 -27.00000 9.50000
51.50000 -27.00000 14.00000
51.00000 -27.50000 14.00000
51.00000 -27.00000 13.50000
51.00000 -26.00000 0.50000
51.00000 -26.00000 3.50000
51.00000 -26.00000 8.50000
51.00000 -26.50000 9.00000
51.00000 -26.00000 13.50000
51.50000 -25.00000 0.00000
51.00000 -25.00000 -0.50000
51.00000 -25.50000 0.00000
51.00000 -25.00000 3.50000
51.50000 -25.00000 8.00000
51.00000 -25.00000 7.50000
51.00000 -25.50000 8.00000
51.00000 -25.00000 13.50000
51.50000 -24.00000 -1.00000
51.00000 -24.00000 -1.50000
51.00000 -24.50000 -1.00000
51.00000 -24.50000 3.00000
51.00000 -24.00000 2.50000
51.50000 -24.00000 7.00000
51.00000 -24.00000 6.50000
51.00000 -24.50000 7.00000
51.00000 -24.50000 13.00000
51.00000 -24.00000 12.50000
51.50000 -23.00000 -2.00000
51.00000 -23.00000 -2.50000
51.00000 -23.50000 -2.00000
51.50000 -23.00000 2.00000
51.00000 -23.50000 2.00000
51.00000 -23.00000 1.50000
51.00000 -23.00000 6.50000
51.50000 -23.00000 12.00000
51.00000 -23.50000 12.00000
51.00000 -23.00000 11.50000
51.00000 -22.00000 -3.50000
51.00000 -22.50000 -3.00000
51.50000 -22.00000 1.00000
51.00000 -22.50000 1.00000
51.00000 -22.00000 0.50000
51.00000 -22.00000 5.50000
51.00000 -22.50000 6.00000
51.50000 -22.00000 11.00000
51.00000 -22.50000 11.00000
51.00000 -22.00000 10.50000
51.50000 -21.00000 -6.00000
51.00000 -21.00000 -6.50000
51.00000 -21.50000 -6.00000
51.00000 -21.50000 -5.00000
51.00000 -21.50000 -4.00000
51.00000 -21.00000 0.50000
51.50000 -21.00000 5.00000
51.00000 -21.00000 4.50000
51.00000 -21.50000 5.00000
51.50000 -21.00000 9.00000
51.00000 -21.50000 9.00000
51.00000 -21.00000 8.50000
51.50000 -21.00000 10.00000
51.00000 -21.50000 10.00000
51.00000 -20.00000 -7.50000
51.00000 -20.50000 -7.00000
51.00000 -20.50000 0.00000
51.00000 -20.00000 -0.50000
51.00000 -20.00000 4.50000
51.50000 -20.00000 7.00000
51.00000 -20.50000 7.00000
51.00000 -20.00000 6.50000
51.50000 -20.00000 8.00000
51.00000 -20.50000 8.00000
51.50000 -20.00000 9.00000
51.50000 -20.00000 10.00000
51.00000 -19.00000 -8.50000
51.00000 -19.50000 -8.00000
51.00000 -19.50000 -1.00000
51.00000 -19.00000 -1.50000
51.00000 -19.00000 3.50000
51.00000 -19.50000 4.00000
51.50000 -19.00000 6.00000
51.00000 -19.50000 6.00000
51.00000 -19.00000 5.50000
51.00000 -18.00000 -8.50000
51.00000 -18.50000 -2.00000
51.00000 -18.00000 -2.50000
51.00000 -18.00000 3.50000
51.00000 -18.50000 5.00000
51.00000 -18.00000 4.50000
51.00000 -17.00000 -8.50000
51.00000 -17.50000 -3.00000
51.00000 -17.00000 -3.50000
51.50000 -17.00000 3.00000
51.00000 -17.50000 4.00000
51.50000 -17.00000 4.00000
51.00000 -16.50000 -8.00000
51.00000 -16.00000 -7.50000
51.00000 -16.00000 -3.50000
51.00000 -15.00000 -7.50000
51.00000 -15.00000 -3.50000
51.50000 -14.00000 -8.00000
51.00000 -14.00000 -8.50000
51.00000 -14.50000 -8.00000
51.50000 -14.00000 -4.00000
51.00000 -14.50000 -4.00000
51.00000 -14.00000 -4.50000
51.50000 -13.00000 -9.00000
51.00000 -13.00000 -9.50000
51.00000 -13.50000 -9.00000
51.00000 -13.00000 -4.50000
51.50000 -12.00000 -10.00000
51.00000 -12.00000 -10.50000
51.00000 -12.50000 -10.00000
51.50000 -12.00000 -5.00000
51.00000 -12.50000 -5.00000
51.00000 -12.00000 -5.50000
51.50000 -11.00000 -13.00000
51.00000 -11.00000 -13.50000
51.00000 -11.50000 -13.00000
51.00000 -11.50000 -12.00000
51.50000 -11.00000 -12.00000
51.00000 -11.50000 -11.00000
51.50000 -11.00000 -11.00000
51.50000 -11.00000 -6.00000
51.00000 -11.50000 -6.00000
51.00000 -11.00000 -6.50000
51.50000 -11.00000 -2.00000
51.00000 -11.00000 -2.50000
51.00000 -11.50000 -2.00000
51.00000 -11.50000 -1.00000
51.50000 -11.00000 -1.00000
51.00000 -11.00000 -0.50000
51.50000 -10.00000 -14.00000
51.00000 -10.00000 -14.50000
51.00000 -10.50000 -14.00000
51.50000 -10.00000 -7.00000
51.00000 -10.50000 -7.00000
51.00000 -10.00000 -7.50000
51.50000 -10.00000 -2.00000
51.00000 -10.00000 -2.50000
51.50000 -10.00000 -1.00000
51.00000 -10.50000 0.00000
51.50000 -10.00000 0.00000
51.00000 -10.00000 0.50000
51.50000 -9.00000 -15.00000
51.00000 -9.00000 -15.50000
51.00000 -9.50000 -15.00000
51.50000 -9.00000 -8.00000
51.00000 -9.50000 -8.00000
51.00000 -9.00000 -8.50000
51.50000 -9.00000 -7.00000
51.50000 -9.00000 -3.00000
51.00000 -9.00000 -3.50000
51.00000 -9.50000 -3.00000
51.50000 -9.00000 0.00000
51.00000 -9.00000 0.50000
51.50000 -8.00000 -16.00000
51.00000 -8.00000 -16.50000
51.00000 -8.50000 -16.00000
51.50000 -8.00000 -9.00000
51.00000 -8.50000 -9.00000
51.00000 -8.00000 -9.50000
51.50000 -8.00000 -8.00000
51.50000 -8.00000 -4.00000
51.00000 -8.00000 -4.50000
51.00000 -8.50000 -4.00000
51.50000 -8.00000 0.00000
51.00000 -8.00000 0.50000
51.00000 -7.00000 -16.50000
51.50000 -7.00000 -10.00000
51.00000 -7.50000 -10.00000
51.00000 -7.00000 -10.50000
51.50000 -7.00000 -9.00000
51.50000 -7.00000 -4.00000
51.00000 -7.00000 -4.50000
51.00000 -7.50000 1.00000
51.00000 -7.00000 1.50000
51.00000 -6.00000 -16.50000
51.50000 -6.00000 -11.00000
51.00000 -6.50000 -11.00000
51.00000 -6.00000 -11.50000
51.50000 -6.00000 -10.00000
51.50000 -6.00000 -5.00000
51.00000 -6.00000 -5.50000
51.00000 -6.50000 -5.00000
51.00000 -6.50000 2.00000
51.00000 -6.00000 2.50000
51.00000 -5.00000 -16.50000
51.50000 -5.00000 -11.00000
51.00000 -5.00000 -11.50000
51.50000 -5.00000 -6.00000
51.00000 -5.00000 -6.50000
51.00000 -5.50000 -6.00000
51.50000 -5.00000 -5.00000
51.50000 -5.00000 3.00000
51.00000 -5.00000 2.50000
51.50000 -4.00000 -17.00000
51.00000 -4.00000 -17.50000
51.00000 -4.50000 -17.00000
51.50000 -4.00000 -11.00000
51.00000 -4.00000 -11.50000
51.50000 -4.00000 -7.00000
51.00000 -4.00000 -7.50000
51.00000 -4.50000 -7.00000
51.50000 -4.00000 -6.00000
51.50000 -4.00000 2.00000
51.00000 -4.50000 2.00000
51.00000 -4.00000 1.50000
51.50000 -3.00000 -17.00000
51.00000 -3.00000 -17.50000
51.50000 -3.00000 -11.00000
51.00000 -3.00000 -11.50000
51.50000 -3.00000 -7.00000
51.00000 -3.00000 -7.50000
51.50000 -3.00000 1.00000
51.00000 -3.50000 1.00000
51.00000 -3.00000 0.50000
51.50000 -2.00000 -17.00000
51.00000 -2.00000 -17.50000
51.50000 -2.00000 -11.00000
51.00000 -2.00000 -11.50000
51.50000 -2.00000 -8.00000
51.00000 -2.00000 -8.50000
51.00000 -2.50000 -8.00000
51.50000 -2.00000 -7.00000
51.00000 -2.00000 0.50000
51.50000 -1.00000 -18.00000
51.00000 -1.00000 -18.50000
51.00000 -1.50000 -18.00000
51.50000 -1.00000 -12.00000
51.00000 -1.50000 -12.00000
51.00000 -1.00000 -12.50000
51.50000 -1.00000 -11.00000
51.50000 -1.00000 -8.00000
51.00000 -1.00000 -8.50000
51.50000 -1.00000 0.00000
51.00000 -1.50000 0.00000
51.00000 -1.00000 -0.50000
51.50000 0.00000 -19.00000
51.00000 0.00000 -19.50000
51.00000 -0.50000 -19.00000
51.50000 0.00000 -18.00000
51.50000 0.00000 -13.00000
51.00000 -0.50000 -13.00000
51.00000 0.00000 -13.50000
51.50000 0.00000 -12.00000
51.50000 0.00000 -8.00000
51.00000 0.00000 -8.50000
51.00000 0.00000 -0.50000
51.50000 1.00000 -19.00000
51.00000 1.00000 -19.50000
51.50000 1.00000 -13.00000
51.00000 1.00000 -13.50000
51.50000 1.00000 -12.00000
51.50000 1.00000 -8.00000
51.00000 1.00000 -8.50000
51.50000 1.00000 -7.00000
51.50000 1.00000 -1.00000
51.00000 0.50000 -1.00000
51.00000 1.00000 -1.50000
51.50000 2.00000 -20.00000
51.00000 2.00000 -20.50000
51.00000 1.50000 -20.00000
51.50000 2.00000 -14.00000
51.00000 1.50000 -14.00000
51.00000 2.00000 -14.50000
51.50000 2.00000 -13.00000
51.50000 2.00000 -8.00000
51.00000 2.00000 -8.50000
51.50000 2.00000 -7.00000
51.50000 2.00000 -2.00000
51.00000 1.50000 -2.00000
51.00000 2.00000 -2.50000
51.50000 3.00000 -21.00000
51.00000 3.00000 -21.50000
51.00000 2.50000 -21.00000
51.50000 3.00000 -20.00000
51.50000 3.00000 -15.00000
51.00000 2.50000 -15.00000
51.00000 3.00000 -15.50000
51.50000 3.00000 -14.00000
51.50000 3.00000 -8.00000
51.00000 3.00000 -8.50000
51.50000 3.00000 -7.00000
51.00000 3.00000 -2.50000
51.50000 4.00000 -21.00000
51.00000 4.00000 -21.50000
51.50000 4.00000 -15.00000
51.00000 4.00000 -15.50000
51.50000 4.00000 -9.00000
51.00000 4.00000 -9.50000
51.00000 3.50000 -9.00000
51.50000 4.00000 -8.00000
51.50000 4.00000 -7.00000
51.50000 4.00000 -3.00000
51.00000 3.50000 -3.00000
51.00000 4.00000 -3.50000
51.50000 5.00000 -21.00000
51.00000 5.00000 -21.50000
51.50000 5.00000 -16.00000
51.00000 4.50000 -16.00000
51.00000 5.00000 -16.50000
51.50000 5.00000 -15.00000
51.50000 5.00000 -9.00000
51.00000 5.00000 -9.50000
51.50000 5.00000 -8.00000
51.00000 5.00000 -3.50000
51.50000 6.00000 -22.00000
51.00000 6.00000 -22.50000
51.00000 5.50000 -22.00000
51.50000 6.00000 -16.00000
51.00000 6.00000 -16.50000
51.50000 6.00000 -15.00000
51.50000 6.00000 -10.00000
51.00000 6.00000 -10.50000
51.00000 5.50000 -10.00000
51.50000 6.00000 -9.00000
51.50000 6.00000 -4.00000
51.00000 5.50000 -4.00000
51.00000 6.00000 -4.50000
51.50000 7.00000 -22.00000
51.00000 7.00000 -22.50000
51.50000 7.00000 -16.00000
51.00000 7.00000 -16.50000
51.50000 7.00000 -15.00000
51.50000 7.00000 -11.00000
51.00000 7.00000 -11.50000
51.00000 6.50000 -11.00000
51.50000 7.00000 -10.00000
51.00000 7.00000 -4.50000
51.50000 8.00000 -22.00000
51.00000 8.00000 -22.50000
51.50000 8.00000 -16.00000
51.00000 8.00000 -16.50000
51.50000 8.00000 -11.00000
51.00000 8.00000 -11.50000
51.50000 8.00000 -5.00000
51.00000 7.50000 -5.00000
51.00000 8.00000 -5.50000
51.50000 9.00000 -22.00000
51.00000 9.00000 -22.50000
51.50000 9.00000 -16.00000
51.00000 9.00000 -16.50000
51.50000 9.00000 -11.00000
51.00000 9.00000 -11.50000
51.00000 9.00000 -5.50000
51.50000 10.00000 -22.00000
51.00000 10.00000 -22.50000
51.50000 10.00000 -16.00000
51.00000 10.00000 -16.50000
51.50000 10.00000 -12.00000
51.00000 10.00000 -12.50000
51.00000 9.50000 -12.00000
51.50000 10.00000 -11.00000
51.00000 10.00000 -5.50000
51.50000 11.00000 -22.00000
51.00000 11.00000 -22.50000
51.50000 11.00000 -17.00000
51.00000 10.50000 -17.00000
51.00000 11.00000 -17.50000
51.50000 11.00000 -16.00000
51.50000 11.00000 -12.00000
51.00000 11.00000 -12.50000
51.50000 11.00000 -11.00000
51.00000 11.00000 -5.50000
51.50000 12.00000 -23.00000
51.00000 12.00000 -23.50000
51.00000 11.50000 -23.00000
51.50000 12.00000 -17.00000
51.00000 12.00000 -17.50000
51.50000 12.00000 -12.00000
51.00000 12.00000 -12.50000
51.50000 12.00000 -11.00000
51.00000 12.00000 -5.50000
51.50000 13.00000 -23.00000
51.00000 13.00000 -23.50000
51.50000 13.00000 -18.00000
51.00000 12.50000 -18.00000
51.00000 13.00000 -18.50000
51.50000 13.00000 -17.00000
51.50000 13.00000 -12.00000
51.00000 13.00000 -12.50000
51.50000 13.00000 -6.00000
51.00000 12.50000 -6.00000
51.00000 13.00000 -6.50000
51.50000 14.00000 -24.00000
51.00000 14.00000 -24.50000
51.00000 13.50000 -24.00000
51.50000 14.00000 -18.00000
51.00000 14.00000 -18.50000
51.00000 14.00000 -12.50000
51.50000 14.00000 -6.00000
51.00000 14.00000 -6.50000
51.50000 15.00000 -25.00000
51.00000 15.00000 -25.50000
51.00000 14.50000 -25.00000
51.50000 15.00000 -18.00000
51.00000 15.00000 -18.50000
51.50000 15.00000 -17.00000
51.50000 15.00000 -14.00000
51.00000 15.00000 -13.50000
51.00000 14.50000 -13.00000
51.00000 15.00000 -6.50000
51.50000 16.00000 -26.00000
51.00000 16.00000 -26.50000
51.00000 15.50000 -26.00000
51.50000 16.00000 -18.00000
51.00000 16.00000 -18.50000
51.50000 16.00000 -17.00000
51.00000 15.50000 -16.00000
51.00000 16.00000 -16.50000
51.00000 15.50000 -15.00000
51.00000 15.50000 -14.00000
51.00000 15.50000 -7.00000
51.00000 16.00000 -7.50000
51.50000 17.00000 -26.00000
51.00000 17.00000 -26.50000
51.00000 16.50000 -18.00000
51.00000 16.50000 -17.00000
51.50000 17.00000 -8.00000
51.00000 16.50000 -8.00000
51.00000 17.00000 -8.50000
51.50000 18.00000 -27.00000
51.00000 18.00000 -27.50000
51.00000 17.50000 -27.00000
51.00000 17.50000 -9.00000
51.00000 18.00000 -9.50000
51.50000 19.00000 -27.00000
51.00000 19.00000 -27.50000
51.50000 19.00000 -11.00000
51.00000 19.00000 -10.50000
51.00000 18.50000 -10.00000
51.50000 20.00000 -28.00000
51.00000 20.00000 -28.50000
51.00000 19.50000 -28.00000
51.50000 20.00000 -27.00000
51.50000 20.00000 -26.00000
51.00000 19.50000 -13.00000
51.00000 20.00000 -13.50000
51.00000 19.50000 -12.00000
51.00000 19.50000 -11.00000
51.00000 20.50000 -28.00000
51.00000 20.50000 -27.00000
51.50000 21.00000 -26.00000
51.00000 21.00000 -26.50000
51.50000 21.00000 -25.00000
51.50000 21.00000 -24.00000
51.00000 20.50000 -14.00000
51.00000 21.00000 -14.50000
51.00000 21.50000 -26.00000
51.00000 21.50000 -25.00000
51.50000 22.00000 -24.00000
51.00000 22.00000 -24.50000
51.50000 22.00000 -23.00000
51.50000 22.00000 -22.00000
51.50000 22.00000 -21.00000
51.50000 22.00000 -20.00000
51.50000 22.00000 -19.00000
51.50000 22.00000 -17.00000
51.50000 22.00000 -16.00000
51.00000 22.00000 -15.50000
51.00000 21.50000 -15.00000
51.00000 22.50000 -24.00000
51.00000 22.50000 -23.00000
51.00000 22.50000 -22.00000
51.00000 22.50000 -21.00000
51.00000 22.50000 -20.00000
51.50000 23.00000 -19.00000
51.00000 23.00000 -19.50000
51.50000 23.00000 -18.00000
51.00000 23.00000 -17.50000
51.00000 22.50000 -17.00000
51.00000 22.50000 -16.00000
51.00000 23.50000 -19.00000
51.00000 23.50000 -18.00000
50.50000 -34.00000 18.00000
50.00000 -34.00000 17.50000
50.00000 -34.50000 18.00000
50.00000 -34.00000 18.50000
50.50000 -33.00000 0.00000
50.50000 -33.00000 16.00000
50.00000 -33.00000 15.50000
50.00000 -33.50000 16.00000
50.00000 -33.50000 17.00000
50.00000 -33.00000 18.50000
50.00000 -32.00000 -1.50000
50.00000 -32.50000 -1.00000
50.00000 -32.50000 0.00000
50.00000 -32.00000 0.50000
50.00000 -32.00000 13.50000
50.00000 -32.50000 14.00000
50.00000 -32.50000 15.00000
50.00000 -32.00000 18.50000
50.00000 -31.00000 -1.50000
50.00000 -31.50000 1.00000
50.50000 -31.00000 2.00000
50.00000 -31.00000 1.50000
50.00000 -31.00000 12.50000
50.00000 -31.50000 13.00000
50.50000 -31.00000 18.00000
50.00000 -31.50000 18.00000
50.00000 -31.00000 17.50000
50.00000 -30.00000 -1.50000
50.00000 -30.00000 1.50000
50.00000 -30.00000 11.50000
50.00000 -30.50000 12.00000
50.50000 -30.00000 16.00000
50.00000 -30.50000 16.00000
50.00000 -30.00000 15.50000
50.00000 -30.50000 17.00000
50.00000 -29.50000 -1.00000
50.50000 -29.00000 -1.00000
50.00000 -29.00000 -0.50000
50.00000 -29.50000 2.00000
50.00000 -29.50000 3.00000
50.50000 -29.00000 3.00000
50.00000 -29.00000 3.50000
50.00000 -29.00000 10.50000
50.00000 -29.50000 11.00000
50.00000 -29.00000 15.50000
50.00000 -28.00000 -0.50000
50.00000 -28.00000 3.50000
50.50000 -28.00000 10.00000
50.00000 -28.00000 10.50000
50.00000 -28.50000 15.00000
50.00000 -28.00000 14.50000
50.00000 -27.50000 0.00000
50.00000 -27.00000 0.50000
50.00000 -27.00000 3.50000
50.00000 -27.00000 9.50000
50.00000 -27.50000 10.00000
50.00000 -27.50000 14.00000
50.00000 -27.00000 13.50000
50.00000 -26.00000 0.50000
50.00000 -26.00000 3.50000
50.00000 -26.00000 8.50000
50.00000 -26.50000 9.00000
50.00000 -26.00000 13.50000
50.00000 -25.00000 -0.50000
50.00000 -25.50000 0.00000
50.50000 -25.00000 3.00000
50.00000 -25.50000 3.00000
50.00000 -25.00000 2.50000
50.00000 -25.00000 7.50000
50.00000 -25.50000 8.00000
50.50000 -25.00000 13.00000
50.00000 -25.50000 13.00000
50.00000 -25.00000 12.50000
50.00000 -24.00000 -1.50000
50.00000 -24.50000 -1.00000
50.00000 -24.00000 2.50000
50.00000 -24.00000 6.50000
50.00000 -24.50000 7.00000
50.50000 -24.00000 12.00000
50.00000 -24.50000 12.00000
50.00000 -24.00000 11.50000
50.00000 -23.00000 -2.50000
50.00000 -23.50000 -2.00000
50.00000 -23.50000 2.00000
50.00000 -23.00000 1.50000
50.50000 -23.00000 6.00000
50.00000 -23.00000 5.50000
50.00000 -23.50000 6.00000
50.50000 -23.00000 11.00000
50.00000 -23.50000 11.00000
50.00000 -23.00000 10.50000
50.50000 -22.00000 -4.00000
50.00000 -22.00000 -4.50000
50.00000 -22.50000 -4.00000
50.00000 -22.50000 -3.00000
50.00000 -22.50000 1.00000
50.00000 -22.00000 0.50000
50.50000 -22.00000 5.00000
50.00000 -22.00000 4.50000
50.00000 -22.50000 5.00000
50.50000 -22.00000 8.00000
50.00000 -22.50000 8.00000
50.00000 -22.00000 7.50000
50.50000 -22.00000 9.00000
50.00000 -22.50000 9.00000
50.50000 -22.00000 10.00000
50.00000 -22.50000 10.00000
50.50000 -21.00000 -7.00000
50.00000 -21.00000 -7.50000
50.00000 -21.50000 -7.00000
50.00000 -21.50000 -6.00000
50.00000 -21.50000 -5.00000
50.50000 -21.00000 0.00000
50.00000 -21.50000 0.00000
50.00000 -21.00000 -0.50000
50.00000 -21.00000 4.50000
50.50000 -21.00000 7.00000
50.00000 -21.50000 7.00000
50.00000 -21.00000 6.50000
50.50000 -21.00000 8.00000
50.50000 -20.00000 -8.00000
50.00000 -20.00000 -8.50000
50.00000 -20.50000 -8.00000
50.50000 -20.00000 -1.00000
50.00000 -20.50000 -1.00000
50.00000 -20.00000 -1.50000
50.50000 -20.00000 4.00000
50.00000 -20.00000 3.50000
50.00000 -20.50000 4.00000
50.50000 -20.00000 6.00000
50.00000 -20.50000 6.00000
50.00000 -20.00000 5.50000
50.00000 -19.00000 -8.50000
50.50000 -19.00000 -2.00000
50.00000 -19.50000 -2.00000
50.00000 -19.00000 -2.50000
50.00000 -19.00000 3.50000
50.00000 -19.00000 4.50000
50.50000 -19.00000 5.00000
50.00000 -19.50000 5.00000
50.00000 -18.00000 -8.50000
50.00000 -18.00000 -2.50000
50.00000 -18.50000 4.00000
50.50000 -18.00000 4.00000
50.00000 -17.00000 -8.50000
50.00000 -17.50000 -3.00000
50.00000 -17.00000 -3.50000
50.00000 -16.50000 -8.00000
50.00000 -16.00000 -7.50000
50.50000 -16.00000 -4.00000
50.00000 -16.50000 -4.00000
50.00000 -16.00000 -4.50000
50.50000 -15.00000 -8.00000
50.00000 -15.00000 -8.50000
50.00000 -15.50000 -8.00000
50.50000 -15.00000 -4.00000
50.00000 -15.00000 -4.50000
50.50000 -14.00000 -9.00000
50.00000 -14.00000 -9.50000
50.00000 -14.50000 -9.00000
50.50000 -14.00000 -5.00000
50.00000 -14.50000 -5.00000
50.00000 -14.00000 -5.50000
50.50000 -13.00000 -10.00000
50.00000 -13.00000 -10.50000
50.00000 -13.50000 -10.00000
50.50000 -13.00000 -5.00000
50.00000 -13.00000 -5.50000
50.50000 -13.00000 -1.00000
50.00000 -13.00000 -1.50000
50.00000 -13.50000 -1.00000
50.00000 -13.50000 0.00000
50.50000 -13.00000 0.00000
50.00000 -13.00000 0.50000
50.50000 -12.00000 -11.00000
50.00000 -12.00000 -11.50000
50.00000 -12.50000 -11.00000
50.50000 -12.00000 -6.00000
50.00000 -12.50000 -6.00000
50.00000 -12.00000 -6.50000
50.50000 -12.00000 -2.00000
50.00000 -12.00000 -2.50000
50.00000 -12.50000 -2.00000
50.50000 -12.00000 -1.00000
50.50000 -12.00000 0.00000
50.00000 -12.00000 0.50000
50.50000 -11.00000 -14.00000
50.00000 -11.00000 -14.50000
50.00000 -11.50000 -14.00000
50.00000 -11.50000 -13.00000
50.00000 -11.50000 -12.00000
50.50000 -11.00000 -7.00000
50.00000 -11.50000 -7.00000
50.00000 -11.00000 -7.50000
50.50000 -11.00000 -3.00000
50.00000 -11.00000 -3.50000
50.00000 -11.50000 -3.00000
50.50000 -11.00000 0.00000
50.00000 -11.00000 0.50000
50.50000 -10.00000 -15.00000
50.00000 -10.00000 -15.50000
50.00000 -10.50000 -15.00000
50.50000 -10.00000 -8.00000
50.00000 -10.50000 -8.00000
50.00000 -10.00000 -8.50000
50.50000 -10.00000 -3.00000
50.00000 -10.00000 -3.50000
50.00000 -10.00000 0.50000
50.00000 -9.00000 -15.50000
50.50000 -9.00000 -9.00000
50.00000 -9.50000 -9.00000
50.00000 -9.00000 -9.50000
50.50000 -9.00000 -4.00000
50.00000 -9.00000 -4.50000
50.00000 -9.50000 -4.00000
50.00000 -9.00000 0.50000
50.00000 -8.00000 -16.50000
50.00000 -8.50000 -16.00000
50.50000 -8.00000 -11.00000
50.00000 -8.50000 -11.00000
50.00000 -8.00000 -11.50000
50.50000 -8.00000 -10.00000
50.00000 -8.50000 -10.00000
50.00000 -8.00000 -4.50000
50.00000 -8.00000 0.50000
50.50000 -7.00000 -18.00000
50.00000 -7.00000 -18.50000
50.00000 -7.50000 -18.00000
50.00000 -7.00000 -17.50000
50.00000 -7.00000 -16.50000
50.50000 -7.00000 -11.00000
50.00000 -7.00000 -11.50000
50.50000 -7.00000 -5.00000
50.00000 -7.00000 -5.50000
50.00000 -7.50000 -5.00000
50.00000 -7.50000 1.00000
50.00000 -7.00000 1.50000
50.00000 -6.50000 -18.00000
50.00000 -6.00000 -16.50000
50.50000 -6.00000 -12.00000
50.00000 -6.50000 -12.00000
50.00000 -6.00000 -12.50000
50.50000 -6.00000 -6.00000
50.00000 -6.00000 -6.50000
50.00000 -6.50000 -6.00000
50.00000 -6.50000 2.00000
50.00000 -6.00000 2.50000
50.50000 -5.00000 -17.00000
50.00000 -5.00000 -17.50000
50.00000 -5.50000 -17.00000
50.50000 -5.00000 -12.00000
50.00000 -5.00000 -12.50000
50.50000 -5.00000 -7.00000
50.00000 -5.00000 -7.50000
50.00000 -5.50000 -7.00000
50.50000 -5.00000 2.00000
50.00000 -5.50000 2.00000
50.00000 -5.00000 1.50000
50.00000 -4.00000 -17.50000
50.50000 -4.00000 -12.00000
50.00000 -4.00000 -12.50000
50.50000 -4.00000 -8.00000
50.00000 -4.00000 -8.50000
50.00000 -4.50000 -8.00000
50.50000 -4.00000 1.00000
50.00000 -4.50000 1.00000
50.00000 -4.00000 0.50000
50.50000 -3.00000 -18.00000
50.00000 -3.00000 -18.50000
50.00000 -3.50000 -18.00000
50.50000 -3.00000 -13.00000
50.00000 -3.50000 -13.00000
50.00000 -3.00000 -13.50000
50.50000 -3.00000 -12.00000
50.50000 -3.00000 -8.00000
50.00000 -3.00000 -8.50000
50.00000 -3.00000 0.50000
50.50000 -2.00000 -18.00000
50.00000 -2.00000 -18.50000
50.50000 -2.00000 -13.00000
50.00000 -2.00000 -13.50000
50.50000 -2.00000 -12.00000
50.50000 -2.00000 -9.00000
50.00000 -2.00000 -9.50000
50.00000 -2.50000 -9.00000
50.50000 -2.00000 0.00000
50.00000 -2.50000 0.00000
50.00000 -2.00000 -0.50000
50.50000 -1.00000 -19.00000
50.00000 -1.00000 -19.50000
50.00000 -1.50000 -19.00000
50.50000 -1.00000 -14.00000
50.00000 -1.50000 -14.00000
50.00000 -1.00000 -14.50000
50.50000 -1.00000 -13.00000
50.50000 -1.00000 -9.00000
50.00000 -1.00000 -9.50000
50.00000 -1.00000 -0.50000
50.50000 0.00000 -20.00000
50.00000 0.00000 -20.50000
50.00000 -0.50000 -20.00000
50.50000 0.00000 -14.00000
50.00000 0.00000 -14.50000
50.50000 0.00000 -9.00000
50.00000 0.00000 -9.50000
50.50000 0.00000 -1.00000
50.00000 -0.50000 -1.00000
50.00000 0.00000 -1.50000
50.50000 1.00000 -20.00000
50.00000 1.00000 -20.50000
50.50000 1.00000 -15.00000
50.00000 0.50000 -15.00000
50.00000 1.00000 -15.50000
50.50000 1.00000 -14.00000
50.50000 1.00000 -10.00000
50.00000 1.00000 -10.50000
50.00000 0.50000 -10.00000
50.50000 1.00000 -9.00000
50.50000 1.00000 -2.00000
50.00000 0.50000 -2.00000
50.00000 1.00000 -2.50000
50.50000 2.00000 -21.00000
50.00000 2.00000 -21.50000
50.00000 1.50000 -21.00000
50.50000 2.00000 -16.00000
50.00000 1.50000 -16.00000
50.00000 2.00000 -16.50000
50.50000 2.00000 -15.00000
50.50000 2.00000 -10.00000
50.00000 2.00000 -10.50000
50.50000 2.00000 -9.00000
50.00000 2.00000 -2.50000
50.50000 3.00000 -22.00000
50.00000 3.00000 -22.50000
50.00000 2.50000 -22.00000
50.50000 3.00000 -16.00000
50.00000 3.00000 -16.50000
50.50000 3.00000 -11.00000
50.00000 3.00000 -11.50000
50.00000 2.50000 -11.00000
50.50000 3.00000 -10.00000
50.50000 3.00000 -9.00000
50.50000 3.00000 -3.00000
50.00000 2.50000 -3.00000
50.00000 3.00000 -3.50000
50.50000 4.00000 -22.00000
50.00000 4.00000 -22.50000
50.50000 4.00000 -17.00000
50.00000 3.50000 -17.00000
50.00000 4.00000 -17.50000
50.50000 4.00000 -16.00000
50.50000 4.00000 -11.00000
50.00000 4.00000 -11.50000
50.50000 4.00000 -10.00000
50.00000 4.00000 -3.50000
50.50000 5.00000 -22.00000
50.00000 5.00000 -22.50000
50.50000 5.00000 -17.00000
50.00000 5.00000 -17.50000
50.50000 5.00000 -12.00000
50.00000 5.00000 -12.50000
50.00000 4.50000 -12.00000
50.50000 5.00000 -11.00000
50.50000 5.00000 -10.00000
50.00000 5.00000 -3.50000
50.50000 6.00000 -23.00000
50.00000 6.00000 -23.50000
50.00000 5.50000 -23.00000
50.50000 6.00000 -17.00000
50.00000 6.00000 -17.50000
50.50000 6.00000 -12.00000
50.00000 6.00000 -12.50000
50.50000 6.00000 -11.00000
50.00000 5.50000 -4.00000
50.00000 6.00000 -4.50000
50.00000 6.50000 -23.00000
50.00000 7.00000 -22.50000
50.50000 7.00000 -17.00000
50.00000 7.00000 -17.50000
50.50000 7.00000 -13.00000
50.00000 7.00000 -13.50000
50.00000 6.50000 -13.00000
50.50000 7.00000 -12.00000
50.50000 7.00000 -5.00000
50.00000 6.50000 -5.00000
50.00000 7.00000 -5.50000
50.00000 8.00000 -22.50000
50.50000 8.00000 -18.00000
50.00000 7.50000 -18.00000
50.00000 8.00000 -18.50000
50.50000 8.00000 -17.00000
50.50000 8.00000 -13.00000
50.00000 8.00000 -13.50000
50.50000 8.00000 -12.00000
50.00000 8.00000 -5.50000
50.00000 9.00000 -22.50000
50.50000 9.00000 -18.00000
50.00000 9.00000 -18.50000
50.50000 9.00000 -17.00000
50.50000 9.00000 -13.00000
50.00000 9.00000 -13.50000
50.50000 9.00000 -12.00000
50.00000 9.00000 -5.50000
50.50000 10.00000 -23.00000
50.00000 10.00000 -23.50000
50.00000 9.50000 -23.00000
50.50000 10.00000 -18.00000
50.00000 10.00000 -18.50000
50.50000 10.00000 -17.00000
50.50000 10.00000 -13.00000
50.00000 10.00000 -13.50000
50.50000 10.00000 -6.00000
50.00000 9.50000 -6.00000
50.00000 10.00000 -6.50000
50.50000 11.00000 -23.00000
50.00000 11.00000 -23.50000
50.50000 11.00000 -18.00000
50.00000 11.00000 -18.50000
50.50000 11.00000 -13.00000
50.00000 11.00000 -13.50000
50.50000 11.00000 -6.00000
50.00000 11.00000 -6.50000
50.00000 12.00000 -23.50000
50.50000 12.00000 -18.00000
50.00000 12.00000 -18.50000
50.50000 12.00000 -13.00000
50.00000 12.00000 -13.50000
50.50000 12.00000 -6.00000
50.00000 12.00000 -6.50000
50.50000 13.00000 -24.00000
50.00000 13.00000 -24.50000
50.00000 12.50000 -24.00000
50.50000 13.00000 -19.00000
50.00000 12.50000 -19.00000
50.00000 13.00000 -19.50000
50.50000 13.00000 -13.00000
50.00000 13.00000 -13.50000
50.00000 13.00000 -6.50000
50.50000 14.00000 -25.00000
50.00000 14.00000 -25.50000
50.00000 13.50000 -25.00000
50.50000 14.00000 -19.00000
50.00000 14.00000 -19.50000
50.50000 14.00000 -14.00000
50.00000 14.00000 -14.50000
50.00000 13.50000 -14.00000
50.50000 14.00000 -13.00000
50.50000 14.00000 -7.00000
50.00000 13.50000 -7.00000
50.00000 14.00000 -7.50000
50.50000 15.00000 -26.00000
50.00000 15.00000 -26.50000
50.00000 14.50000 -26.00000
50.50000 15.00000 -20.00000
50.00000 14.50000 -20.00000
50.00000 15.00000 -20.50000
50.50000 15.00000 -19.00000
50.50000 15.00000 -14.00000
50.00000 15.00000 -14.50000
50.50000 15.00000 -7.00000
50.00000 15.00000 -7.50000
50.00000 16.00000 -26.50000
50.50000 16.00000 -20.00000
50.00000 16.00000 -20.50000
50.50000 16.00000 -19.00000
50.00000 16.00000 -16.50000
50.00000 15.50000 -16.00000
50.00000 15.50000 -15.00000
50.00000 16.00000 -7.50000
50.50000 17.00000 -27.00000
50.00000 17.00000 -27.50000
50.00000 16.50000 -27.00000
50.50000 17.00000 -20.00000
50.00000 17.00000 -20.50000
50.50000 17.00000 -19.00000
50.00000 16.50000 -18.00000
50.00000 17.00000 -18.50000
50.00000 16.50000 -17.00000
50.00000 16.50000 -8.00000
50.00000 17.00000 -8.50000
50.50000 18.00000 -28.00000
50.00000 18.00000 -28.50000
50.00000 17.50000 -28.00000
50.00000 17.50000 -20.00000
50.00000 17.50000 -19.00000
50.00000 17.50000 -9.00000
50.00000 18.00000 -9.50000
50.50000 19.00000 -28.00000
50.00000 19.00000 -28.50000
50.50000 19.00000 -11.00000
50.00000 18.50000 -11.00000
50.00000 19.00000 -11.50000
50.00000 18.50000 -10.00000
50.50000 20.00000 -29.00000
50.00000 20.00000 -29.50000
50.00000 19.50000 -29.00000
50.00000 19.50000 -13.00000
50.00000 20.00000 -13.50000
50.00000 19.50000 -12.00000
50.50000 21.00000 -29.00000
50.00000 21.00000 -29.50000
50.50000 21.00000 -28.00000
50.50000 21.00000 -27.00000
50.00000 20.50000 -14.00000
50.00000 21.00000 -14.50000
50.00000 21.50000 -29.00000
50.50000 22.00000 -28.00000
50.00000 22.00000 -28.50000
50.50000 22.00000 -27.00000
50.50000 22.00000 -26.00000
50.50000 22.00000 -25.00000
50.00000 21.50000 -15.00000
50.00000 22.00000 -15.50000
50.00000 22.50000 -28.00000
50.00000 22.50000 -27.00000
50.00000 22.50000 -26.00000
50.00000 22.50000 -25.00000
50.00000 22.50000 -24.00000
50.50000 23.00000 -23.00000
50.00000 23.00000 -23.50000
50.50000 23.00000 -22.00000
50.50000 23.00000 -21.00000
50.50000 23.00000 -20.00000
50.50000 23.00000 -17.00000
50.00000 23.00000 -16.50000
50.00000 22.50000 -16.00000
50.00000 23.50000 -23.00000
50.00000 23.50000 -22.00000
50.00000 23.50000 -21.00000
50.00000 23.50000 -20.00000
50.50000 24.00000 -19.00000
50.00000 24.00000 -19.50000
50.00000 24.00000 -18.50000
50.00000 23.50000 -18.00000
50.00000 23.50000 -17.00000
50.00000 24.50000 -19.00000
49.00000 -34.00000 17.50000
49.00000 -34.50000 18.00000
49.00000 -34.00000 18.50000
49.00000 -33.00000 15.50000
49.00000 -33.50000 16.00000
49.00000 -33.50000 17.00000
49.00000 -33.00000 18.50000
49.00000 -32.00000 -1.50000
49.00000 -32.50000 -1.00000
49.00000 -32.50000 0.00000
49.00000 -32.00000 0.50000
49.00000 -32.00000 13.50000
49.00000 -32.50000 14.00000
49.00000 -32.50000 15.00000
49.00000 -32.00000 18.50000
49.00000 -31.00000 -1.50000
49.00000 -31.50000 1.00000
49.00000 -31.00000 1.50000
49.00000 -31.00000 12.50000
49.00000 -31.50000 13.00000
49.00000 -31.50000 18.00000
49.00000 -31.00000 17.50000
49.00000 -30.50000 -1.00000
49.50000 -30.00000 -1.00000
49.00000 -30.00000 -0.50000
49.00000 -30.50000 2.00000
49.50000 -30.00000 2.00000
49.00000 -30.00000 2.50000
49.00000 -30.00000 11.50000
49.00000 -30.50000 12.00000
49.00000 -30.50000 16.00000
49.00000 -30.00000 15.50000
49.00000 -30.50000 17.00000
49.00000 -29.00000 -0.50000
49.00000 -29.50000 3.00000
49.00000 -29.00000 3.50000
49.00000 -29.00000 10.50000
49.00000 -29.50000 11.00000
49.00000 -29.00000 15.50000
49.00000 -28.00000 -0.50000
49.00000 -28.00000 3.50000
49.50000 -28.00000 10.00000
49.00000 -28.00000 9.50000
49.00000 -28.50000 10.00000
49.00000 -28.50000 15.00000
49.00000 -28.00000 14.50000
49.00000 -27.50000 0.00000
49.00000 -27.00000 0.50000
49.00000 -27.00000 3.50000
49.50000 -27.00000 9.00000
49.00000 -27.00000 8.50000
49.00000 -27.50000 9.00000
49.00000 -27.50000 14.00000
49.00000 -27.00000 13.50000
49.50000 -26.00000 0.00000
49.00000 -26.00000 -0.50000
49.00000 -26.50000 0.00000
49.00000 -26.00000 3.50000
49.50000 -26.00000 8.00000
49.00000 -26.00000 7.50000
49.00000 -26.50000 8.00000
49.00000 -26.00000 13.50000
49.50000 -25.00000 -1.00000
49.00000 -25.00000 -1.50000
49.00000 -25.50000 -1.00000
49.00000 -25.50000 3.00000
49.00000 -25.00000 2.50000
49.50000 -25.00000 7.00000
49.00000 -25.00000 6.50000
49.00000 -25.50000 7.00000
49.00000 -25.50000 13.00000
49.00000 -25.00000 12.50000
49.50000 -24.00000 -2.00000
49.00000 -24.00000 -2.50000
49.00000 -24.50000 -2.00000
49.50000 -24.00000 2.00000
49.00000 -24.50000 2.00000
49.00000 -24.00000 1.50000
49.50000 -24.00000 6.00000
49.00000 -24.00000 5.50000
49.00000 -24.50000 6.00000
49.50000 -24.00000 10.00000
49.00000 -24.50000 10.00000
49.00000 -24.00000 9.50000
49.50000 -24.00000 11.00000
49.00000 -24.50000 11.00000
49.00000 -24.50000 12.00000
49.50000 -23.00000 -3.00000
49.00000 -23.00000 -3.50000
49.00000 -23.50000 -3.00000
49.50000 -23.00000 1.00000
49.00000 -23.50000 1.00000
49.00000 -23.00000 0.50000
49.00000 -23.00000 5.50000
49.50000 -23.00000 8.00000
49.00000 -23.50000 8.00000
49.00000 -23.00000 7.50000
49.50000 -23.00000 9.00000
49.00000 -23.50000 9.00000
49.50000 -23.00000 10.00000
49.50000 -22.00000 -6.00000
49.00000 -22.00000 -6.50000
49.00000 -22.50000 -6.00000
49.00000 -22.50000 -5.00000
49.50000 -22.00000 -5.00000
49.00000 -22.50000 -4.00000
49.50000 -22.00000 0.00000
49.00000 -22.50000 0.00000
49.00000 -22.00000 -0.50000
49.00000 -22.00000 4.50000
49.00000 -22.50000 5.00000
49.50000 -22.00000 7.00000
49.00000 -22.50000 7.00000
49.00000 -22.00000 6.50000
49.00000 -21.00000 -7.50000
49.00000 -21.50000 -7.00000
49.50000 -21.00000 -1.00000
49.00000 -21.50000 -1.00000
49.00000 -21.00000 -1.50000
49.00000 -21.00000 4.50000
49.00000 -21.00000 6.50000
49.50000 -20.00000 -9.00000
49.00000 -20.00000 -9.50000
49.00000 -20.50000 -9.00000
49.00000 -20.50000 -8.00000
49.50000 -20.00000 -2.00000
49.00000 -20.50000 -2.00000
49.00000 -20.00000 -2.50000
49.50000 -20.00000 4.00000
49.00000 -20.50000 5.00000
49.50000 -20.00000 5.00000
49.00000 -20.50000 6.00000
49.00000 -19.50000 -9.00000
49.00000 -19.00000 -8.50000
49.00000 -19.00000 -2.50000
49.50000 -19.00000 4.00000
49.00000 -18.00000 -8.50000
49.50000 -18.00000 -3.00000
49.00000 -18.50000 -3.00000
49.00000 -18.00000 -3.50000
49.00000 -17.00000 -8.50000
49.50000 -17.00000 -4.00000
49.00000 -17.50000 -4.00000
49.00000 -17.00000 -4.50000
49.50000 -16.00000 -8.00000
49.00000 -16.00000 -8.50000
49.00000 -16.00000 -4.50000
49.50000 -15.00000 -9.00000
49.00000 -15.00000 -9.50000
49.00000 -15.50000 -9.00000
49.50000 -15.00000 -5.00000
49.00000 -15.50000 -5.00000
49.00000 -15.00000 -5.50000
49.50000 -14.00000 -10.00000
49.00000 -14.00000 -10.50000
49.00000 -14.50000 -10.00000
49.50000 -14.00000 -6.00000
49.00000 -14.50000 -6.00000
49.00000 -14.00000 -6.50000
49.50000 -14.00000 -1.00000
49.00000 -14.00000 -1.50000
49.00000 -14.50000 -1.00000
49.00000 -14.50000 0.00000
49.50000 -14.00000 0.00000
49.00000 -14.50000 1.00000
49.50000 -14.00000 1.00000
49.00000 -14.00000 1.50000
49.50000 -13.00000 -11.00000
49.00000 -13.00000 -11.50000
49.00000 -13.50000 -11.00000
49.50000 -13.00000 -6.00000
49.00000 -13.00000 -6.50000
49.50000 -13.00000 -2.00000
49.00000 -13.00000 -2.50000
49.00000 -13.50000 -2.00000
49.50000 -13.00000 1.00000
49.00000 -13.00000 1.50000
49.50000 -12.00000 -15.00000
49.00000 -12.00000 -15.50000
49.00000 -12.50000 -15.00000
49.00000 -12.00000 -14.50000
49.50000 -12.00000 -13.00000
49.00000 -12.00000 -13.50000
49.00000 -12.50000 -13.00000
49.00000 -12.50000 -12.00000
49.50000 -12.00000 -12.00000
49.50000 -12.00000 -7.00000
49.00000 -12.50000 -7.00000
49.00000 -12.00000 -7.50000
49.50000 -12.00000 -3.00000
49.00000 -12.00000 -3.50000
49.00000 -12.50000 -3.00000
49.00000 -12.50000 1.00000
49.00000 -12.00000 0.50000
49.50000 -11.00000 -17.00000
49.00000 -11.00000 -17.50000
49.00000 -11.50000 -17.00000
49.00000 -11.50000 -16.00000
49.50000 -11.00000 -16.00000
49.00000 -11.50000 -15.00000
49.00000 -11.00000 -15.50000
49.00000 -11.00000 -14.50000
49.00000 -11.50000 -14.00000
49.50000 -11.00000 -8.00000
49.00000 -11.50000 -8.00000
49.00000 -11.00000 -8.50000
49.00000 -11.00000 -3.50000
49.00000 -11.00000 0.50000
49.50000 -10.00000 -17.00000
49.00000 -10.00000 -17.50000
49.50000 -10.00000 -16.00000
49.00000 -10.50000 -15.00000
49.50000 -10.00000 -9.00000
49.00000 -10.50000 -9.00000
49.00000 -10.00000 -9.50000
49.50000 -10.00000 -4.00000
49.00000 -10.00000 -4.50000
49.00000 -10.50000 -4.00000
49.00000 -10.00000 0.50000
49.50000 -9.00000 -18.00000
49.00000 -9.00000 -18.50000
49.00000 -9.50000 -18.00000
49.50000 -9.00000 -17.00000
49.50000 -9.00000 -16.00000
49.50000 -9.00000 -11.00000
49.00000 -9.50000 -11.00000
49.00000 -9.00000 -11.50000
49.50000 -9.00000 -10.00000
49.00000 -9.50000 -10.00000
49.50000 -9.00000 -5.00000
49.00000 -9.00000 -5.50000
49.00000 -9.50000 -5.00000
49.00000 -9.00000 0.50000
49.50000 -8.00000 -18.00000
49.00000 -8.00000 -18.50000
49.50000 -8.00000 -17.00000
49.50000 -8.00000 -12.00000
49.00000 -8.50000 -12.00000
49.00000 -8.00000 -12.50000
49.50000 -8.00000 -6.00000
49.00000 -8.00000 -6.50000
49.00000 -8.50000 -6.00000
49.50000 -8.00000 -5.00000
49.00000 -8.00000 0.50000
49.50000 -7.00000 -19.00000
49.00000 -7.00000 -19.50000
49.00000 -7.50000 -19.00000
49.50000 -7.00000 -17.00000
49.50000 -7.00000 -12.00000
49.00000 -7.00000 -12.50000
49.50000 -7.00000 -6.00000
49.00000 -7.00000 -6.50000
49.00000 -7.50000 1.00000
49.00000 -7.00000 1.50000
49.50000 -6.00000 -19.00000
49.00000 -6.00000 -19.50000
49.50000 -6.00000 -18.00000
49.50000 -6.00000 -17.00000
49.50000 -6.00000 -13.00000
49.00000 -6.50000 -13.00000
49.00000 -6.00000 -13.50000
49.50000 -6.00000 -7.00000
49.00000 -6.00000 -7.50000
49.00000 -6.50000 -7.00000
49.50000 -6.00000 2.00000
49.00000 -6.00000 1.50000
49.50000 -5.00000 -20.00000
49.00000 -5.00000 -20.50000
49.00000 -5.50000 -20.00000
49.50000 -5.00000 -19.00000
49.00000 -5.00000 -18.50000
49.00000 -5.50000 -18.00000
49.00000 -5.00000 -17.50000
49.50000 -5.00000 -13.00000
49.00000 -5.00000 -13.50000
49.50000 -5.00000 -8.00000
49.00000 -5.00000 -8.50000
49.00000 -5.50000 -8.00000
49.50000 -5.00000 1.00000
49.00000 -5.50000 1.00000
49.00000 -5.00000 0.50000
49.50000 -4.00000 -20.00000
49.00000 -4.00000 -20.50000
49.00000 -4.00000 -19.50000
49.00000 -4.50000 -19.00000
49.00000 -4.00000 -18.50000
49.50000 -4.00000 -18.00000
49.00000 -4.50000 -18.00000
49.50000 -4.00000 -13.00000
49.00000 -4.00000 -13.50000
49.50000 -4.00000 -9.00000
49.00000 -4.00000 -9.50000
49.00000 -4.50000 -9.00000
49.00000 -4.00000 0.50000
49.50000 -3.00000 -20.00000
49.00000 -3.00000 -20.50000
49.00000 -3.50000 -19.00000
49.50000 -3.00000 -19.00000
49.50000 -3.00000 -14.00000
49.00000 -3.50000 -14.00000
49.00000 -3.00000 -14.50000
49.50000 -3.00000 -9.00000
49.00000 -3.00000 -9.50000
49.50000 -3.00000 0.00000
49.00000 -3.50000 0.00000
49.00000 -3.00000 -0.50000
49.50000 -2.00000 -21.00000
49.00000 -2.00000 -21.50000
49.00000 -2.50000 -21.00000
49.00000 -2.50000 -20.00000
49.00000 -2.00000 -20.50000
49.50000 -2.00000 -19.00000
49.00000 -2.00000 -19.50000
49.50000 -2.00000 -15.00000
49.00000 -2.50000 -15.00000
49.00000 -2.00000 -15.50000
49.50000 -2.00000 -14.00000
49.50000 -2.00000 -10.00000
49.00000 -2.00000 -10.50000
49.00000 -2.50000 -10.00000
49.50000 -2.00000 -1.00000
49.00000 -2.50000 -1.00000
49.00000 -2.00000 -1.50000
49.00000 -1.50000 -21.00000
49.00000 -1.00000 -20.50000
49.50000 -1.00000 -20.00000
49.00000 -1.50000 -20.00000
49.50000 -1.00000 -16.00000
49.00000 -1.50000 -16.00000
49.00000 -1.00000 -16.50000
49.50000 -1.00000 -15.00000
49.50000 -1.00000 -10.00000
49.00000 -1.00000 -10.50000
49.50000 -1.00000 -1.00000
49.00000 -1.00000 -1.50000
49.00000 0.00000 -20.50000
49.50000 0.00000 -16.00000
49.00000 0.00000 -16.50000
49.50000 0.00000 -15.00000
49.50000 0.00000 -11.00000
49.00000 0.00000 -11.50000
49.00000 -0.50000 -11.00000
49.50000 0.00000 -10.00000
49.50000 0.00000 -2.00000
49.00000 -0.50000 -2.00000
49.00000 0.00000 -2.50000
49.50000 1.00000 -21.00000
49.00000 1.00000 -21.50000
49.00000 0.50000 -21.00000
49.50000 1.00000 -17.00000
49.00000 0.50000 -17.00000
49.00000 1.00000 -17.50000
49.50000 1.00000 -16.00000
49.50000 1.00000 -11.00000
49.00000 1.00000 -11.50000
49.50000 1.00000 -3.00000
49.00000 0.50000 -3.00000
49.00000 1.00000 -3.50000
49.50000 2.00000 -22.00000
49.00000 2.00000 -22.50000
49.00000 1.50000 -22.00000
49.50000 2.00000 -17.00000
49.00000 2.00000 -17.50000
49.50000 2.00000 -12.00000
49.00000 2.00000 -12.50000
49.00000 1.50000 -12.00000
49.50000 2.00000 -11.00000
49.50000 2.00000 -3.00000
49.00000 2.00000 -3.50000
49.00000 3.00000 -22.50000
49.50000 3.00000 -17.00000
49.00000 3.00000 -17.50000
49.50000 3.00000 -12.00000
49.00000 3.00000 -12.50000
49.00000 3.00000 -3.50000
49.50000 4.00000 -25.00000
49.00000 4.00000 -25.50000
49.00000 3.50000 -25.00000
49.00000 4.00000 -24.50000
49.50000 4.00000 -23.00000
49.00000 4.00000 -23.50000
49.00000 3.50000 -23.00000
49.50000 4.00000 -18.00000
49.00000 3.50000 -18.00000
49.00000 4.00000 -18.50000
49.50000 4.00000 -13.00000
49.00000 4.00000 -13.50000
49.00000 3.50000 -13.00000
49.50000 4.00000 -12.00000
49.50000 4.00000 -4.00000
49.00000 3.50000 -4.00000
49.00000 4.00000 -4.50000
49.50000 5.00000 -26.00000
49.00000 5.00000 -26.50000
49.00000 4.50000 -26.00000
49.00000 4.50000 -25.00000
49.00000 5.00000 -25.50000
49.50000 5.00000 -23.00000
49.00000 5.00000 -23.50000
49.50000 5.00000 -18.00000
49.00000 5.00000 -18.50000
49.50000 5.00000 -14.00000
49.00000 5.00000 -14.50000
49.00000 4.50000 -14.00000
49.50000 5.00000 -13.00000
49.50000 5.00000 -4.00000
49.00000 5.00000 -4.50000
49.50000 6.00000 -26.00000
49.00000 6.00000 -26.50000
49.00000 6.00000 -25.50000
49.00000 6.00000 -23.50000
49.50000 6.00000 -19.00000
49.00000 5.50000 -19.00000
49.00000 6.00000 -19.50000
49.50000 6.00000 -18.00000
49.50000 6.00000 -14.00000
49.00000 6.00000 -14.50000
49.50000 6.00000 -13.00000
49.50000 6.00000 -5.00000
49.00000 5.50000 -5.00000
49.00000 6.00000 -5.50000
49.50000 7.00000 -26.00000
49.00000 7.00000 -26.50000
49.00000 7.00000 -25.50000
49.50000 7.00000 -24.00000
49.00000 7.00000 -24.50000
49.00000 6.50000 -24.00000
49.50000 7.00000 -23.00000
49.50000 7.00000 -19.00000
49.00000 7.00000 -19.50000
49.50000 7.00000 -18.00000
49.50000 7.00000 -14.00000
49.00000 7.00000 -14.50000
49.00000 7.00000 -5.50000
49.00000 7.50000 -26.00000
49.00000 7.50000 -24.00000
49.50000 8.00000 -23.00000
49.00000 8.00000 -23.50000
49.50000 8.00000 -19.00000
49.00000 8.00000 -19.50000
49.50000 8.00000 -14.00000
49.00000 8.00000 -14.50000
49.50000 8.00000 -6.00000
49.00000 7.50000 -6.00000
49.00000 8.00000 -6.50000
49.50000 9.00000 -23.00000
49.00000 9.00000 -23.50000
49.50000 9.00000 -19.00000
49.00000 9.00000 -19.50000
49.50000 9.00000 -15.00000
49.00000 9.00000 -15.50000
49.00000 8.50000 -15.00000
49.50000 9.00000 -14.00000
49.50000 9.00000 -6.00000
49.00000 9.00000 -6.50000
49.50000 10.00000 -24.00000
49.00000 10.00000 -24.50000
49.00000 9.50000 -24.00000
49.50000 10.00000 -19.00000
49.00000 10.00000 -19.50000
49.50000 10.00000 -15.00000
49.00000 10.00000 -15.50000
49.50000 10.00000 -14.00000
49.50000 10.00000 -7.00000
49.00000 9.50000 -7.00000
49.00000 10.00000 -7.50000
49.50000 11.00000 -24.00000
49.00000 11.00000 -24.50000
49.50000 11.00000 -20.00000
49.00000 10.50000 -20.00000
49.00000 11.00000 -20.50000
49.50000 11.00000 -19.00000
49.50000 11.00000 -15.00000
49.00000 11.00000 -15.50000
49.50000 11.00000 -14.00000
49.50000 11.00000 -7.00000
49.00000 11.00000 -7.50000
49.50000 12.00000 -25.00000
49.00000 12.00000 -25.50000
49.00000 11.50000 -25.00000
49.50000 12.00000 -24.00000
49.50000 12.00000 -20.00000
49.00000 12.00000 -20.50000
49.50000 12.00000 -19.00000
49.50000 12.00000 -16.00000
49.00000 12.00000 -16.50000
49.00000 11.50000 -16.00000
49.50000 12.00000 -15.00000
49.50000 12.00000 -14.00000
49.50000 12.00000 -7.00000
49.00000 12.00000 -7.50000
49.50000 13.00000 -25.00000
49.00000 13.00000 -25.50000
49.50000 13.00000 -20.00000
49.00000 13.00000 -20.50000
49.50000 13.00000 -16.00000
49.00000 13.00000 -16.50000
49.50000 13.00000 -15.00000
49.50000 13.00000 -14.00000
49.50000 13.00000 -7.00000
49.00000 13.00000 -7.50000
49.50000 14.00000 -26.00000
49.00000 14.00000 -26.50000
49.00000 13.50000 -26.00000
49.50000 14.00000 -20.00000
49.00000 14.00000 -20.50000
49.50000 14.00000 -16.00000
49.00000 14.00000 -16.50000
49.50000 14.00000 -15.00000
49.00000 14.00000 -7.50000
49.50000 15.00000 -27.00000
49.00000 15.00000 -27.50000
49.00000 14.50000 -27.00000
49.50000 15.00000 -21.00000
49.00000 14.50000 -21.00000
49.00000 15.00000 -21.50000
49.50000 15.00000 -16.00000
49.00000 15.00000 -16.50000
49.50000 15.00000 -15.00000
49.50000 15.00000 -8.00000
49.00000 14.50000 -8.00000
49.00000 15.00000 -8.50000
49.50000 16.00000 -27.00000
49.00000 16.00000 -27.50000
49.50000 16.00000 -21.00000
49.00000 16.00000 -21.50000
49.50000 16.00000 -17.00000
49.00000 16.00000 -17.50000
49.00000 15.50000 -17.00000
49.50000 16.00000 -8.00000
49.00000 16.00000 -8.50000
49.50000 17.00000 -28.00000
49.00000 17.00000 -28.50000
49.00000 16.50000 -28.00000
49.50000 17.00000 -22.00000
49.00000 16.50000 -22.00000
49.00000 17.00000 -22.50000
49.50000 17.00000 -21.00000
49.00000 17.00000 -18.50000
49.00000 16.50000 -18.00000
49.50000 17.00000 -9.00000
49.00000 16.50000 -9.00000
49.00000 17.00000 -9.50000
49.50000 18.00000 -29.00000
49.00000 18.00000 -29.50000
49.00000 17.50000 -29.00000
49.00000 17.50000 -22.00000
49.00000 18.00000 -21.50000
49.50000 18.00000 -21.00000
49.50000 18.00000 -20.00000
49.00000 18.00000 -19.50000
49.00000 17.50000 -19.00000
49.50000 18.00000 -10.00000
49.00000 17.50000 -10.00000
49.00000 18.00000 -10.50000
49.50000 19.00000 -29.00000
49.00000 19.00000 -29.50000
49.00000 18.50000 -21.00000
49.00000 18.50000 -20.00000
49.00000 18.50000 -11.00000
49.00000 19.00000 -11.50000
49.50000 20.00000 -30.00000
49.00000 20.00000 -30.50000
49.00000 19.50000 -30.00000
49.00000 19.50000 -13.00000
49.00000 20.00000 -13.50000
49.00000 19.50000 -12.00000
49.50000 21.00000 -31.00000
49.00000 21.00000 -31.50000
49.00000 20.50000 -31.00000
49.50000 21.00000 -30.00000
49.00000 20.50000 -14.00000
49.00000 21.00000 -14.50000
49.00000 21.50000 -31.00000
49.50000 22.00000 -30.00000
49.00000 22.00000 -30.50000
49.50000 22.00000 -29.00000
49.00000 21.50000 -15.00000
49.00000 22.00000 -15.50000
49.00000 22.50000 -30.00000
49.00000 22.50000 -29.00000
49.50000 23.00000 -28.00000
49.00000 23.00000 -28.50000
49.50000 23.00000 -27.00000
49.50000 23.00000 -26.00000
49.50000 23.00000 -25.00000
49.50000 23.00000 -24.00000
49.00000 22.50000 -16.00000
49.00000 23.00000 -16.50000
49.00000 23.50000 -28.00000
49.00000 23.50000 -27.00000
49.00000 23.50000 -26.00000
49.00000 23.50000 -25.00000
49.00000 23.50000 -24.00000
49.00000 23.50000 -23.00000
49.00000 23.50000 -22.00000
49.50000 24.00000 -21.00000
49.00000 24.00000 -21.50000
49.50000 24.00000 -20.00000
49.00000 23.50000 -18.00000
49.00000 24.00000 -18.50000
49.00000 23.50000 -17.00000
49.00000 24.50000 -21.00000
49.00000 24.50000 -20.00000
49.00000 24.50000 -19.00000
48.50000 -34.00000 18.00000
48.00000 -33.00000 15.50000
48.00000 -33.50000 16.00000
48.00000 -33.50000 17.00000
48.00000 -33.50000 18.00000
48.00000 -33.00000 18.50000
48.50000 -32.00000 -1.00000
48.50000 -32.00000 0.00000
48.00000 -32.00000 13.50000
48.00000 -32.50000 14.00000
48.00000 -32.50000 15.00000
48.00000 -32.00000 18.50000
48.50000 -31.00000 -1.00000
48.00000 -31.00000 -0.50000
48.00000 -31.50000 0.00000
48.00000 -31.50000 1.00000
48.00000 -31.00000 1.50000
48.00000 -31.00000 12.50000
48.00000 -31.50000 13.00000
48.50000 -31.00000 17.00000
48.00000 -31.50000 17.00000
48.00000 -31.00000 16.50000
48.00000 -31.50000 18.00000
48.00000 -30.00000 -0.50000
48.00000 -30.50000 2.00000
48.00000 -30.50000 3.00000
48.50000 -30.00000 3.00000
48.00000 -30.00000 3.50000
48.00000 -30.00000 11.50000
48.00000 -30.50000 12.00000
48.00000 -30.50000 16.00000
48.00000 -30.00000 15.50000
48.00000 -29.00000 -0.50000
48.00000 -29.00000 3.50000
48.00000 -29.00000 10.50000
48.00000 -29.50000 11.00000
48.50000 -29.00000 15.00000
48.00000 -29.50000 15.00000
48.00000 -29.00000 14.50000
48.00000 -28.50000 0.00000
48.50000 -28.00000 0.00000
48.00000 -28.00000 0.50000
48.00000 -28.00000 3.50000
48.00000 -28.00000 9.50000
48.00000 -28.50000 10.00000
48.00000 -28.00000 14.50000
48.00000 -27.00000 -0.50000
48.50000 -27.00000 0.00000
48.00000 -27.50000 0.00000
48.00000 -27.00000 3.50000
48.50000 -27.00000 8.00000
48.00000 -27.00000 7.50000
48.00000 -27.50000 8.00000
48.00000 -27.50000 9.00000
48.00000 -27.50000 14.00000
48.00000 -27.00000 13.50000
48.00000 -26.00000 -0.50000
48.50000 -26.00000 3.00000
48.00000 -26.50000 3.00000
48.00000 -26.00000 2.50000
48.00000 -26.00000 7.50000
48.50000 -26.00000 13.00000
48.00000 -26.50000 13.00000
48.00000 -26.00000 12.50000
48.00000 -25.00000 -1.50000
48.00000 -25.50000 -1.00000
48.50000 -25.00000 2.00000
48.00000 -25.50000 2.00000
48.00000 -25.00000 1.50000
48.00000 -25.00000 6.50000
48.00000 -25.50000 7.00000
48.50000 -25.00000 11.00000
48.00000 -25.50000 11.00000
48.00000 -25.00000 10.50000
48.50000 -25.00000 12.00000
48.00000 -25.50000 12.00000
48.00000 -24.00000 -2.50000
48.00000 -24.50000 -2.00000
48.50000 -24.00000 1.00000
48.00000 -24.50000 1.00000
48.00000 -24.00000 0.50000
48.00000 -24.00000 5.50000
48.00000 -24.50000 6.00000
48.50000 -24.00000 8.00000
48.00000 -24.50000 8.00000
48.00000 -24.00000 7.50000
48.50000 -24.00000 9.00000
48.00000 -24.50000 9.00000
48.00000 -24.50000 10.00000
48.50000 -23.00000 -4.00000
48.00000 -23.00000 -4.50000
48.00000 -23.50000 -4.00000
48.00000 -23.50000 -3.00000
48.00000 -23.00000 0.50000
48.00000 -23.00000 5.50000
48.00000 -23.00000 7.50000
48.00000 -22.00000 -6.50000
48.00000 -22.50000 -6.00000
48.00000 -22.50000 -5.00000
48.00000 -22.50000 0.00000
48.00000 -22.00000 -0.50000
48.00000 -22.00000 4.50000
48.00000 -22.50000 5.00000
48.00000 -22.50000 7.00000
48.00000 -22.00000 6.50000
48.50000 -21.00000 -9.00000
48.00000 -21.00000 -9.50000
48.00000 -21.50000 -9.00000
48.00000 -21.50000 -8.00000
48.50000 -21.00000 -8.00000
48.00000 -21.50000 -7.00000
48.00000 -21.50000 -1.00000
48.00000 -21.00000 -1.50000
48.00000 -21.00000 4.50000
48.50000 -21.00000 6.00000
48.00000 -21.50000 6.00000
48.00000 -21.00000 5.50000
48.00000 -20.00000 -9.50000
48.00000 -20.50000 -2.00000
48.00000 -20.00000 -2.50000
48.00000 -20.50000 5.00000
48.50000 -19.00000 -10.00000
48.00000 -19.00000 -10.50000
48.00000 -19.50000 -10.00000
48.50000 -19.00000 -9.00000
48.50000 -19.00000 -3.00000
48.00000 -19.50000 -3.00000
48.00000 -19.00000 -3.50000
48.00000 -18.50000 -10.00000
48.00000 -18.50000 -9.00000
48.00000 -18.00000 -8.50000
48.50000 -18.00000 -4.00000
48.00000 -18.50000 -4.00000
48.00000 -18.00000 -4.50000
48.00000 -17.00000 -8.50000
48.50000 -17.00000 -5.00000
48.00000 -17.50000 -5.00000
48.00000 -17.00000 -5.50000
48.50000 -16.00000 -9.00000
48.00000 -16.00000 -9.50000
48.00000 -16.50000 -9.00000
48.50000 -16.00000 -5.00000
48.00000 -16.00000 -5.50000
48.50000 -16.00000 0.00000
48.00000 -16.00000 -0.50000
48.00000 -16.50000 0.00000
48.00000 -16.50000 1.00000
48.50000 -16.00000 1.00000
48.00000 -16.00000 1.50000
48.50000 -15.00000 -10.00000
48.00000 -15.00000 -10.50000
48.00000 -15.50000 -10.00000
48.50000 -15.00000 -6.00000
48.00000 -15.50000 -6.00000
48.00000 -15.00000 -6.50000
48.50000 -15.00000 -1.00000
48.00000 -15.00000 -1.50000
48.00000 -15.50000 -1.00000
48.50000 -15.00000 0.00000
48.00000 -15.00000 0.50000
48.00000 -15.50000 1.00000
48.50000 -14.00000 -14.00000
48.00000 -14.00000 -14.50000
48.00000 -14.50000 -14.00000
48.00000 -14.50000 -13.00000
48.50000 -14.00000 -13.00000
48.00000 -14.00000 -12.50000
48.50000 -14.00000 -11.00000
48.00000 -14.00000 -11.50000
48.00000 -14.50000 -11.00000
48.50000 -14.00000 -7.00000
48.00000 -14.50000 -7.00000
48.00000 -14.00000 -7.50000
48.50000 -14.00000 -2.00000
48.00000 -14.00000 -2.50000
48.00000 -14.50000 -2.00000
48.00000 -14.00000 0.50000
48.50000 -14.00000 1.00000
48.50000 -13.00000 -16.00000
48.00000 -13.00000 -16.50000
48.00000 -13.50000 -16.00000
48.00000 -13.50000 -15.00000
48.50000 -13.00000 -15.00000
48.50000 -13.00000 -14.00000
48.50000 -13.00000 -13.00000
48.00000 -13.50000 -12.00000
48.50000 -13.00000 -12.00000
48.50000 -13.00000 -8.00000
48.00000 -13.50000 -8.00000
48.00000 -13.00000 -8.50000
48.50000 -13.00000 -7.00000
48.50000 -13.00000 -3.00000
48.00000 -13.00000 -3.50000
48.00000 -13.50000 -3.00000
48.50000 -13.00000 1.00000
48.00000 -13.00000 0.50000
48.50000 -12.00000 -17.00000
48.00000 -12.00000 -17.50000
48.00000 -12.50000 -17.00000
48.50000 -12.00000 -16.00000
48.50000 -12.00000 -14.00000
48.50000 -12.00000 -9.00000
48.00000 -12.50000 -9.00000
48.00000 -12.00000 -9.50000
48.50000 -12.00000 -8.00000
48.00000 -12.00000 -3.50000
48.00000 -12.00000 0.50000
48.50000 -11.00000 -18.00000
48.00000 -11.00000 -18.50000
48.00000 -11.50000 -18.00000
48.50000 -11.00000 -15.00000
48.50000 -11.00000 -10.00000
48.00000 -11.50000 -10.00000
48.00000 -11.00000 -10.50000
48.50000 -11.00000 -9.00000
48.50000 -11.00000 -4.00000
48.00000 -11.00000 -4.50000
48.00000 -11.50000 -4.00000
48.00000 -11.00000 0.50000
48.50000 -10.00000 -18.00000
48.00000 -10.00000 -18.50000
48.50000 -10.00000 -11.00000
48.00000 -10.50000 -11.00000
48.00000 -10.00000 -11.50000
48.50000 -10.00000 -10.00000
48.50000 -10.00000 -5.00000
48.00000 -10.00000 -5.50000
48.00000 -10.50000 -5.00000
48.00000 -10.00000 0.50000
48.50000 -9.00000 -19.00000
48.00000 -9.00000 -19.50000
48.00000 -9.50000 -19.00000
48.50000 -9.00000 -12.00000
48.00000 -9.50000 -12.00000
48.00000 -9.00000 -12.50000
48.50000 -9.00000 -6.00000
48.00000 -9.00000 -6.50000
48.00000 -9.50000 -6.00000
48.50000 -9.00000 -2.00000
48.00000 -9.50000 -2.00000
48.00000 -9.00000 -2.50000
48.00000 -9.00000 -1.50000
48.00000 -9.00000 0.50000
48.50000 -8.00000 -19.00000
48.00000 -8.00000 -19.50000
48.50000 -8.00000 -13.00000
48.00000 -8.50000 -13.00000
48.00000 -8.00000 -13.50000
48.50000 -8.00000 -7.00000
48.00000 -8.00000 -7.50000
48.00000 -8.50000 -7.00000
48.50000 -8.00000 -2.00000
48.00000 -8.00000 -2.50000
48.00000 -8.00000 -1.50000
48.00000 -8.00000 0.50000
48.50000 -7.00000 -20.00000
48.00000 -7.00000 -20.50000
48.00000 -7.50000 -20.00000
48.50000 -7.00000 -13.00000
48.00000 -7.00000 -13.50000
48.50000 -7.00000 -8.00000
48.00000 -7.00000 -8.50000
48.00000 -7.50000 -8.00000
48.50000 -7.00000 -7.00000
48.50000 -7.00000 -3.00000
48.00000 -7.50000 -3.00000
48.00000 -7.00000 -3.50000
48.50000 -7.00000 -2.00000
48.00000 -7.00000 -1.50000
48.00000 -7.50000 1.00000
48.00000 -7.00000 1.50000
48.50000 -6.00000 -20.00000
48.00000 -6.00000 -20.50000
48.50000 -6.00000 -14.00000
48.00000 -6.50000 -14.00000
48.00000 -6.00000 -14.50000
48.50000 -6.00000 -8.00000
48.00000 -6.00000 -8.50000
48.50000 -6.00000 -3.00000
48.00000 -6.00000 -3.50000
48.50000 -6.00000 -2.00000
48.00000 -6.00000 -1.50000
48.50000 -6.00000 0.00000
48.00000 -6.50000 0.00000
48.00000 -6.00000 -0.50000
48.50000 -6.00000 1.00000
48.00000 -6.50000 1.00000
48.50000 -5.00000 -21.00000
48.00000 -5.00000 -21.50000
48.00000 -5.50000 -21.00000
48.50000 -5.00000 -18.00000
48.50000 -5.00000 -14.00000
48.00000 -5.00000 -14.50000
48.50000 -5.00000 -9.00000
48.00000 -5.00000 -9.50000
48.00000 -5.50000 -9.00000
48.50000 -5.00000 -4.00000
48.00000 -5.50000 -4.00000
48.00000 -5.00000 -4.50000
48.50000 -5.00000 -3.00000
48.00000 -5.00000 -2.50000
48.00000 -5.50000 -2.00000
48.00000 -5.00000 -1.50000
48.50000 -5.00000 -1.00000
48.00000 -5.50000 -1.00000
48.50000 -5.00000 0.00000
48.50000 -4.00000 -21.00000
48.00000 -4.00000 -21.50000
48.50000 -4.00000 -19.00000
48.50000 -4.00000 -15.00000
48.00000 -4.50000 -15.00000
48.00000 -4.00000 -15.50000
48.50000 -4.00000 -14.00000
48.50000 -4.00000 -10.00000
48.00000 -4.00000 -10.50000
48.00000 -4.50000 -10.00000
48.50000 -4.00000 -5.00000
48.00000 -4.50000 -5.00000
48.00000 -4.00000 -5.50000
48.50000 -4.00000 -4.00000
48.50000 -4.00000 -3.00000
48.00000 -4.00000 -2.50000
48.50000 -4.00000 -1.00000
48.00000 -4.00000 -1.50000
48.50000 -4.00000 0.00000
48.50000 -3.00000 -22.00000
48.00000 -3.00000 -22.50000
48.00000 -3.50000 -22.00000
48.50000 -3.00000 -21.00000
48.50000 -3.00000 -16.00000
48.00000 -3.50000 -16.00000
48.00000 -3.00000 -16.50000
48.50000 -3.00000 -15.00000
48.50000 -3.00000 -10.00000
48.00000 -3.00000 -10.50000
48.50000 -3.00000 -6.00000
48.00000 -3.50000 -6.00000
48.00000 -3.00000 -6.50000
48.50000 -3.00000 -5.00000
48.50000 -3.00000 -4.00000
48.50000 -3.00000 -3.00000
48.00000 -3.50000 -2.00000
48.50000 -3.00000 -2.00000
48.50000 -3.00000 -1.00000
48.50000 -2.00000 -22.00000
48.00000 -2.00000 -22.50000
48.50000 -2.00000 -20.00000
48.50000 -2.00000 -16.00000
48.00000 -2.00000 -16.50000
48.50000 -2.00000 -11.00000
48.00000 -2.00000 -11.50000
48.00000 -2.50000 -11.00000
48.50000 -2.00000 -6.00000
48.00000 -2.00000 -6.50000
48.50000 -2.00000 -5.00000
48.50000 -2.00000 -4.00000
48.50000 -2.00000 -3.00000
48.50000 -2.00000 -2.00000
48.50000 -1.00000 -23.00000
48.00000 -1.00000 -23.50000
48.00000 -1.50000 -23.00000
48.50000 -1.00000 -22.00000
48.50000 -1.00000 -21.00000
48.50000 -1.00000 -17.00000
48.00000 -1.50000 -17.00000
48.00000 -1.00000 -17.50000
48.50000 -1.00000 -12.00000
48.00000 -1.00000 -12.50000
48.00000 -1.50000 -12.00000
48.50000 -1.00000 -11.00000
48.00000 -1.50000 -6.00000
48.00000 -1.50000 -5.00000
48.00000 -1.00000 -4.50000
48.50000 -1.00000 -4.00000
48.50000 -1.00000 -3.00000
48.50000 -1.00000 -2.00000
48.50000 0.00000 -23.00000
48.00000 0.00000 -23.50000
48.50000 0.00000 -22.00000
48.50000 0.00000 -21.00000
48.50000 0.00000 -18.00000
48.00000 -0.50000 -18.00000
48.00000 0.00000 -18.50000
48.50000 0.00000 -17.00000
48.50000 0.00000 -12.00000
48.00000 0.00000 -12.50000
48.50000 0.00000 -4.00000
48.00000 0.00000 -4.50000
48.50000 0.00000 -3.00000
48.50000 1.00000 -24.00000
48.00000 1.00000 -24.50000
48.00000 0.50000 -24.00000
48.50000 1.00000 -23.00000
48.50000 1.00000 -22.00000
48.50000 1.00000 -18.00000
48.00000 1.00000 -18.50000
48.50000 1.00000 -13.00000
48.00000 1.00000 -13.50000
48.00000 0.50000 -13.00000
48.50000 1.00000 -12.00000
48.50000 1.00000 -4.00000
48.00000 1.00000 -4.50000
48.50000 2.00000 -25.00000
48.00000 2.00000 -25.50000
48.00000 1.50000 -25.00000
48.50000 2.00000 -24.00000
48.50000 2.00000 -23.00000
48.50000 2.00000 -19.00000
48.00000 1.50000 -19.00000
48.00000 2.00000 -19.50000
48.50000 2.00000 -18.00000
48.50000 2.00000 -13.00000
48.00000 2.00000 -13.50000
48.50000 2.00000 -4.00000
48.00000 2.00000 -4.50000
48.50000 3.00000 -25.00000
48.00000 3.00000 -25.50000
48.50000 3.00000 -24.00000
48.50000 3.00000 -23.00000
48.50000 3.00000 -19.00000
48.00000 3.00000 -19.50000
48.50000 3.00000 -18.00000
48.50000 3.00000 -14.00000
48.00000 3.00000 -14.50000
48.00000 2.50000 -14.00000
48.50000 3.00000 -13.00000
48.50000 3.00000 -5.00000
48.00000 2.50000 -5.00000
48.00000 3.00000 -5.50000
48.50000 3.00000 -4.00000
48.50000 4.00000 -26.00000
48.00000 4.00000 -26.50000
48.00000 3.50000 -26.00000
48.50000 4.00000 -24.00000
48.50000 4.00000 -20.00000
48.00000 3.50000 -20.00000
48.00000 4.00000 -20.50000
48.50000 4.00000 -19.00000
48.50000 4.00000 -15.00000
48.00000 4.00000 -15.50000
48.00000 3.50000 -15.00000
48.50000 4.00000 -14.00000
48.50000 4.00000 -5.00000
48.00000 4.00000 -5.50000
48.00000 5.00000 -26.50000
48.50000 4.50000 -25.50000
48.00000 5.00000 -25.50000
48.00000 4.50000 -25.00000
48.50000 5.00000 -24.00000
48.00000 5.00000 -24.50000
48.50000 5.00000 -20.00000
48.00000 5.00000 -20.50000
48.50000 5.00000 -19.00000
48.50000 5.00000 -15.00000
48.00000 5.00000 -15.50000
48.50000 5.00000 -6.00000
48.00000 4.50000 -6.00000
48.00000 5.00000 -6.50000
48.50000 5.00000 -5.00000
48.50000 6.00000 -27.00000
48.00000 6.00000 -27.50000
48.00000 5.50000 -27.00000
48.00000 6.00000 -25.50000
48.50000 6.00000 -24.00000
48.00000 6.00000 -24.50000
48.50000 6.00000 -20.00000
48.00000 6.00000 -20.50000
48.50000 6.00000 -16.00000
48.00000 6.00000 -16.50000
48.00000 5.50000 -16.00000
48.50000 6.00000 -15.00000
48.50000 6.00000 -6.00000
48.00000 6.00000 -6.50000
48.50000 7.00000 -27.00000
48.00000 7.00000 -27.50000
48.50000 6.50000 -26.50000
48.50000 7.00000 -26.00000
48.00000 6.50000 -26.00000
48.00000 7.00000 -26.50000
48.00000 7.00000 -25.50000
48.00000 6.50000 -25.00000
48.50000 7.00000 -25.00000
48.50000 7.00000 -21.00000
48.00000 6.50000 -21.00000
48.00000 7.00000 -21.50000
48.50000 7.00000 -20.00000
48.50000 7.00000 -16.00000
48.00000 7.00000 -16.50000
48.50000 7.00000 -15.00000
48.50000 7.00000 -7.00000
48.00000 6.50000 -7.00000
48.00000 7.00000 -7.50000
48.50000 7.00000 -6.00000
48.00000 7.50000 -27.00000
48.00000 8.00000 -25.50000
48.50000 8.00000 -25.00000
48.50000 8.00000 -24.00000
48.50000 8.00000 -21.00000
48.00000 8.00000 -21.50000
48.50000 8.00000 -20.00000
48.50000 8.00000 -16.00000
48.00000 8.00000 -16.50000
48.50000 8.00000 -15.00000
48.50000 8.00000 -7.00000
48.00000 8.00000 -7.50000
48.50000 9.00000 -25.00000
48.00000 9.00000 -25.50000
48.50000 9.00000 -24.00000
48.50000 9.00000 -21.00000
48.00000 9.00000 -21.50000
48.50000 9.00000 -20.00000
48.50000 9.00000 -17.00000
48.00000 9.00000 -17.50000
48.00000 8.50000 -17.00000
48.50000 9.00000 -16.00000
48.50000 9.00000 -8.00000
48.00000 8.50000 -8.00000
48.00000 9.00000 -8.50000
48.50000 9.00000 -7.00000
48.50000 10.00000 -25.00000
48.00000 10.00000 -25.50000
48.50000 10.00000 -21.00000
48.00000 10.00000 -21.50000
48.50000 10.00000 -20.00000
48.50000 10.00000 -17.00000
48.00000 10.00000 -17.50000
48.50000 10.00000 -16.00000
48.50000 10.00000 -8.00000
48.00000 10.00000 -8.50000
48.50000 11.00000 -25.00000
48.00000 11.00000 -25.50000
48.50000 11.00000 -21.00000
48.00000 11.00000 -21.50000
48.50000 11.00000 -17.00000
48.00000 11.00000 -17.50000
48.50000 11.00000 -16.00000
48.50000 11.00000 -8.00000
48.00000 11.00000 -8.50000
48.50000 12.00000 -26.00000
48.00000 12.00000 -26.50000
48.00000 11.50000 -26.00000
48.50000 12.00000 -21.00000
48.00000 12.00000 -21.50000
48.50000 12.00000 -17.00000
48.00000 12.00000 -17.50000
48.50000 12.00000 -8.00000
48.00000 12.00000 -8.50000
48.50000 13.00000 -26.00000
48.00000 13.00000 -26.50000
48.50000 13.00000 -21.00000
48.00000 13.00000 -21.50000
48.50000 13.00000 -17.00000
48.00000 13.00000 -17.50000
48.50000 13.00000 -8.00000
48.00000 13.00000 -8.50000
48.50000 14.00000 -27.00000
48.00000 14.00000 -27.50000
48.00000 13.50000 -27.00000
48.50000 14.00000 -21.00000
48.00000 14.00000 -21.50000
48.50000 14.00000 -17.00000
48.00000 14.00000 -17.50000
48.50000 14.00000 -8.00000
48.00000 14.00000 -8.50000
48.00000 15.00000 -27.50000
48.50000 15.00000 -22.00000
48.00000 14.50000 -22.00000
48.00000 15.00000 -22.50000
48.50000 15.00000 -17.00000
48.00000 15.00000 -17.50000
48.50000 15.00000 -9.00000
48.00000 14.50000 -9.00000
48.00000 15.00000 -9.50000
48.50000 16.00000 -28.00000
48.00000 16.00000 -28.50000
48.00000 15.50000 -28.00000
48.50000 16.00000 -22.00000
48.00000 16.00000 -22.50000
48.50000 16.00000 -18.00000
48.00000 16.00000 -18.50000
48.00000 15.50000 -18.00000
48.50000 16.00000 -9.00000
48.00000 16.00000 -9.50000
48.50000 17.00000 -29.00000
48.00000 17.00000 -29.50000
48.00000 16.50000 -29.00000
48.50000 17.00000 -23.00000
48.00000 16.50000 -23.00000
48.00000 17.00000 -23.50000
48.00000 17.00000 -18.50000
48.50000 17.00000 -10.00000
48.00000 16.50000 -10.00000
48.00000 17.00000 -10.50000
48.00000 18.00000 -29.50000
48.50000 18.00000 -23.00000
48.00000 18.00000 -23.50000
48.50000 18.00000 -22.00000
48.00000 18.00000 -19.50000
48.00000 17.50000 -19.00000
48.50000 18.00000 -11.00000
48.00000 17.50000 -11.00000
48.00000 18.00000 -11.50000
48.50000 19.00000 -30.00000
48.00000 19.00000 -30.50000
48.00000 18.50000 -30.00000
48.00000 18.50000 -23.00000
48.00000 18.50000 -22.00000
48.00000 18.50000 -21.00000
48.00000 18.50000 -20.00000
48.50000 19.00000 -12.00000
48.00000 18.50000 -12.00000
48.00000 19.00000 -12.50000
48.50000 20.00000 -31.00000
48.00000 20.00000 -31.50000
48.00000 19.50000 -31.00000
48.50000 20.00000 -14.00000
48.00000 19.50000 -14.00000
48.00000 20.00000 -14.50000
48.00000 19.50000 -13.00000
48.50000 21.00000 -32.00000
48.00000 21.00000 -32.50000
48.00000 20.50000 -32.00000
48.50000 21.00000 -15.00000
48.00000 20.50000 -15.00000
48.00000 21.00000 -15.50000
48.00000 21.50000 -32.00000
48.50000 22.00000 -31.00000
48.00000 22.00000 -31.50000
48.50000 22.00000 -16.00000
48.00000 21.50000 -16.00000
48.00000 22.00000 -16.50000
48.00000 22.50000 -31.00000
48.50000 23.00000 -30.00000
48.00000 23.00000 -30.50000
48.50000 23.00000 -29.00000
48.50000 23.00000 -17.00000
48.00000 22.50000 -17.00000
48.00000 23.00000 -17.50000
48.00000 23.50000 -30.00000
48.00000 23.50000 -29.00000
48.00000 23.50000 -28.00000
48.50000 24.00000 -27.00000
48.00000 24.00000 -27.50000
48.50000 24.00000 -26.00000
48.50000 24.00000 -25.00000
48.50000 24.00000 -24.00000
48.50000 24.00000 -23.00000
48.50000 24.00000 -22.00000
48.00000 23.50000 -18.00000
48.00000 24.00000 -18.50000
48.00000 24.50000 -27.00000
48.00000 24.50000 -26.00000
48.00000 24.50000 -25.00000
48.00000 24.50000 -24.00000
48.00000 24.50000 -23.00000
48.00000 24.50000 -22.00000
48.50000 25.00000 -21.00000
48.00000 25.00000 -21.50000
48.50000 25.00000 -20.00000
48.00000 25.00000 -19.50000
48.00000 24.50000 -19.00000
48.00000 25.50000 -21.00000
48.00000 25.50000 -20.00000
47.50000 -34.00000 17.00000
47.00000 -34.00000 16.50000
47.00000 -34.50000 17.00000
47.00000 -34.00000 17.50000
47.50000 -33.00000 15.00000
47.00000 -33.00000 14.50000
47.00000 -33.50000 15.00000
47.00000 -33.50000 16.00000
47.00000 -33.50000 18.00000
47.00000 -33.00000 18.50000
47.00000 -32.00000 13.50000
47.00000 -32.50000 14.00000
47.00000 -32.00000 18.50000
47.50000 -31.00000 0.00000
47.50000 -31.00000 1.00000
47.00000 -31.00000 12.50000
47.00000 -31.50000 13.00000
47.00000 -31.50000 17.00000
47.00000 -31.00000 16.50000
47.00000 -31.50000 18.00000
47.00000 -30.00000 -0.50000
47.00000 -30.50000 0.00000
47.00000 -30.50000 1.00000
47.00000 -30.50000 2.00000
47.50000 -30.00000 3.00000
47.00000 -30.00000 2.50000
47.00000 -30.00000 11.50000
47.00000 -30.50000 12.00000
47.00000 -30.50000 16.00000
47.00000 -30.00000 15.50000
47.00000 -29.50000 0.00000
47.50000 -29.00000 0.00000
47.00000 -29.00000 0.50000
47.00000 -29.50000 3.00000
47.00000 -29.00000 3.50000
47.50000 -29.00000 10.00000
47.00000 -29.00000 9.50000
47.00000 -29.50000 10.00000
47.00000 -29.50000 11.00000
47.00000 -29.50000 15.00000
47.00000 -29.00000 14.50000
47.00000 -28.00000 0.50000
47.00000 -28.00000 3.50000
47.50000 -28.00000 9.00000
47.00000 -28.00000 8.50000
47.00000 -28.50000 9.00000
47.00000 -28.00000 14.50000
47.00000 -27.00000 -0.50000
47.00000 -27.50000 0.00000
47.50000 -27.00000 3.00000
47.00000 -27.50000 3.00000
47.00000 -27.00000 2.50000
47.00000 -27.00000 7.50000
47.00000 -27.50000 8.00000
47.00000 -27.50000 14.00000
47.00000 -27.00000 13.50000
47.50000 -26.00000 -1.00000
47.00000 -26.00000 -1.50000
47.00000 -26.50000 -1.00000
47.00000 -26.00000 2.50000
47.50000 -26.00000 7.00000
47.00000 -26.00000 6.50000
47.00000 -26.50000 7.00000
47.50000 -26.00000 11.00000
47.00000 -26.50000 11.00000
47.00000 -26.00000 10.50000
47.50000 -26.00000 12.00000
47.00000 -26.50000 12.00000
47.00000 -26.50000 13.00000
47.50000 -25.00000 -2.00000
47.00000 -25.00000 -2.50000
47.00000 -25.50000 -2.00000
47.00000 -25.50000 2.00000
47.00000 -25.00000 1.50000
47.00000 -25.00000 6.50000
47.50000 -25.00000 9.00000
47.00000 -25.50000 9.00000
47.00000 -25.00000 8.50000
47.50000 -25.00000 10.00000
47.00000 -25.50000 10.00000
47.50000 -24.00000 -3.00000
47.00000 -24.00000 -3.50000
47.00000 -24.50000 -3.00000
47.00000 -24.50000 1.00000
47.00000 -24.00000 0.50000
47.00000 -24.00000 5.50000
47.00000 -24.50000 6.00000
47.00000 -24.50000 8.00000
47.00000 -24.00000 7.50000
47.50000 -23.00000 -7.00000
47.00000 -23.00000 -7.50000
47.00000 -23.50000 -7.00000
47.00000 -23.00000 -6.50000
47.50000 -23.00000 -5.00000
47.00000 -23.00000 -5.50000
47.00000 -23.50000 -5.00000
47.00000 -23.50000 -4.00000
47.50000 -23.00000 0.00000
47.00000 -23.50000 0.00000
47.00000 -23.00000 -0.50000
47.00000 -23.00000 5.50000
47.00000 -23.00000 7.50000
47.50000 -22.00000 -9.00000
47.00000 -22.00000 -9.50000
47.00000 -22.50000 -9.00000
47.00000 -22.50000 -8.00000
47.50000 -22.00000 -8.00000
47.50000 -22.00000 -7.00000
47.00000 -22.50000 -6.00000
47.50000 -22.00000 -1.00000
47.00000 -22.50000 -1.00000
47.00000 -22.00000 -1.50000
47.50000 -22.00000 5.00000
47.00000 -22.50000 6.00000
47.50000 -22.00000 6.00000
47.00000 -22.50000 7.00000
47.50000 -21.00000 -10.00000
47.00000 -21.00000 -10.50000
47.00000 -21.50000 -10.00000
47.50000 -21.00000 -2.00000
47.00000 -21.50000 -2.00000
47.00000 -21.00000 -2.50000
47.50000 -21.00000 5.00000
47.50000 -20.00000 -10.00000
47.00000 -20.00000 -10.50000
47.50000 -20.00000 -3.00000
47.00000 -20.50000 -3.00000
47.00000 -20.00000 -3.50000
47.50000 -19.00000 -11.00000
47.00000 -19.00000 -11.50000
47.00000 -19.50000 -11.00000
47.50000 -19.00000 -4.00000
47.00000 -19.50000 -4.00000
47.00000 -19.00000 -4.50000
47.50000 -18.00000 -11.00000
47.00000 -18.00000 -11.50000
47.50000 -18.00000 -10.00000
47.50000 -18.00000 -9.00000
47.50000 -18.00000 -5.00000
47.00000 -18.50000 -5.00000
47.00000 -18.00000 -5.50000
47.50000 -17.00000 -12.00000
47.00000 -17.00000 -12.50000
47.00000 -17.50000 -12.00000
47.50000 -17.00000 -11.00000
47.50000 -17.00000 -10.00000
47.50000 -17.00000 -9.00000
47.50000 -17.00000 -6.00000
47.00000 -17.50000 -6.00000
47.00000 -17.00000 -6.50000
47.50000 -17.00000 0.00000
47.00000 -17.00000 -0.50000
47.00000 -17.50000 0.00000
47.00000 -17.50000 1.00000
47.50000 -17.00000 1.00000
47.00000 -17.00000 1.50000
47.50000 -16.00000 -13.00000
47.00000 -16.00000 -13.50000
47.00000 -16.50000 -13.00000
47.50000 -16.00000 -12.00000
47.50000 -16.00000 -11.00000
47.50000 -16.00000 -10.00000
47.50000 -16.00000 -6.00000
47.00000 -16.00000 -6.50000
47.50000 -16.00000 -1.00000
47.00000 -16.00000 -1.50000
47.00000 -16.50000 -1.00000
47.50000 -16.50000 0.50000
47.50000 -16.00000 1.00000
47.00000 -16.00000 0.50000
47.00000 -16.50000 1.00000
47.50000 -15.00000 -14.00000
47.00000 -15.00000 -14.50000
47.00000 -15.50000 -14.00000
47.50000 -15.00000 -13.00000
47.50000 -15.00000 -12.00000
47.50000 -15.00000 -11.00000
47.50000 -15.00000 -7.00000
47.00000 -15.50000 -7.00000
47.00000 -15.00000 -7.50000
47.50000 -15.00000 -2.00000
47.00000 -15.00000 -2.50000
47.00000 -15.50000 -2.00000
47.00000 -15.00000 0.50000
47.50000 -14.00000 -15.00000
47.00000 -14.00000 -15.50000
47.00000 -14.50000 -15.00000
47.50000 -14.00000 -12.00000
47.50000 -14.00000 -8.00000
47.00000 -14.50000 -8.00000
47.00000 -14.00000 -8.50000
47.50000 -14.00000 -3.00000
47.00000 -14.00000 -3.50000
47.00000 -14.50000 -3.00000
47.00000 -14.00000 0.50000
47.00000 -13.00000 -16.50000
47.00000 -13.50000 -16.00000
47.50000 -13.00000 -9.00000
47.00000 -13.50000 -9.00000
47.00000 -13.00000 -9.50000
47.50000 -13.00000 -4.00000
47.00000 -13.00000 -4.50000
47.00000 -13.50000 -4.00000
47.00000 -13.00000 0.50000
47.50000 -12.00000 -17.00000
47.00000 -12.00000 -16.50000
47.50000 -12.00000 -10.00000
47.00000 -12.50000 -10.00000
47.00000 -12.00000 -10.50000
47.50000 -12.00000 -4.00000
47.00000 -12.00000 -4.50000
47.50000 -12.00000 -1.00000
47.00000 -12.50000 -1.00000
47.00000 -12.00000 -1.50000
47.00000 -12.00000 -0.50000
47.00000 -12.00000 0.50000
47.50000 -11.00000 -18.00000
47.00000 -11.00000 -17.50000
47.00000 -11.50000 -17.00000
47.50000 -11.00000 -11.00000
47.00000 -11.50000 -11.00000
47.00000 -11.00000 -11.50000
47.50000 -11.00000 -5.00000
47.00000 -11.00000 -5.50000
47.00000 -11.50000 -5.00000
47.50000 -11.00000 -1.00000
47.00000 -11.00000 -1.50000
47.00000 -11.50000 0.00000
47.50000 -11.00000 0.00000
47.00000 -10.00000 -18.50000
47.00000 -10.50000 -18.00000
47.50000 -10.00000 -12.00000
47.00000 -10.50000 -12.00000
47.00000 -10.00000 -12.50000
47.50000 -10.00000 -6.00000
47.00000 -10.00000 -6.50000
47.00000 -10.50000 -6.00000
47.50000 -10.00000 -2.00000
47.00000 -10.50000 -2.00000
47.00000 -10.00000 -2.50000
47.50000 -10.00000 -1.00000
47.50000 -10.00000 0.00000
47.50000 -9.00000 -19.00000
47.00000 -9.00000 -18.50000
47.50000 -9.00000 -13.00000
47.00000 -9.50000 -13.00000
47.00000 -9.00000 -13.50000
47.50000 -9.00000 -7.00000
47.00000 -9.00000 -7.50000
47.00000 -9.50000 -7.00000
47.50000 -9.00000 -3.00000
47.00000 -9.50000 -3.00000
47.00000 -9.00000 -3.50000
47.50000 -9.00000 -1.00000
47.50000 -9.00000 0.00000
47.50000 -8.00000 -19.00000
47.00000 -8.00000 -18.50000
47.50000 -8.00000 -14.00000
47.00000 -8.50000 -14.00000
47.00000 -8.00000 -14.50000
47.50000 -8.00000 -8.00000
47.00000 -8.00000 -8.50000
47.00000 -8.50000 -8.00000
47.50000 -8.00000 -3.00000
47.00000 -8.00000 -3.50000
47.50000 -8.00000 -1.00000
47.50000 -8.00000 0.00000
47.50000 -7.00000 -20.00000
47.00000 -7.00000 -19.50000
47.00000 -7.50000 -19.00000
47.50000 -7.00000 -15.00000
47.00000 -7.50000 -15.00000
47.00000 -7.00000 -15.50000
47.50000 -7.00000 -14.00000
47.50000 -7.00000 -9.00000
47.00000 -7.00000 -9.50000
47.00000 -7.50000 -9.00000
47.50000 -7.00000 -4.00000
47.00000 -7.50000 -4.00000
47.00000 -7.00000 -4.50000
47.50000 -7.00000 -1.00000
47.50000 -7.00000 0.00000
47.50000 -7.00000 1.00000
47.00000 -6.00000 -20.50000
47.00000 -6.50000 -20.00000
47.50000 -6.00000 -15.00000
47.00000 -6.00000 -15.50000
47.50000 -6.00000 -10.00000
47.00000 -6.00000 -10.50000
47.00000 -6.50000 -10.00000
47.50000 -6.00000 -9.00000
47.50000 -6.00000 -5.00000
47.00000 -6.50000 -5.00000
47.00000 -6.00000 -5.50000
47.50000 -6.00000 -4.00000
47.50000 -6.00000 -1.00000
47.50000 -5.00000 -21.00000
47.00000 -5.00000 -20.50000
47.50000 -5.00000 -16.00000
47.00000 -5.50000 -16.00000
47.00000 -5.00000 -16.50000
47.50000 -5.00000 -15.00000
47.50000 -5.00000 -11.00000
47.00000 -5.00000 -11.50000
47.00000 -5.50000 -11.00000
47.50000 -5.00000 -10.00000
47.50000 -5.00000 -6.00000
47.00000 -5.50000 -6.00000
47.00000 -5.00000 -6.50000
47.50000 -5.00000 -5.00000
47.50000 -5.00000 -2.00000
47.00000 -4.00000 -21.50000
47.00000 -4.50000 -21.00000
47.50000 -4.00000 -16.00000
47.00000 -4.00000 -16.50000
47.50000 -4.00000 -11.00000
47.00000 -4.00000 -11.50000
47.50000 -4.00000 -7.00000
47.00000 -4.50000 -7.00000
47.00000 -4.00000 -7.50000
47.50000 -4.00000 -6.00000
47.50000 -4.00000 -2.00000
47.00000 -3.00000 -22.50000
47.00000 -3.50000 -22.00000
47.50000 -3.00000 -17.00000
47.00000 -3.50000 -17.00000
47.00000 -3.00000 -17.50000
47.50000 -3.00000 -12.00000
47.00000 -3.00000 -12.50000
47.00000 -3.50000 -12.00000
47.50000 -3.00000 -11.00000
47.50000 -3.00000 -7.00000
47.00000 -3.00000 -7.50000
47.00000 -2.00000 -22.50000
47.50000 -2.00000 -18.00000
47.00000 -2.50000 -18.00000
47.00000 -2.00000 -18.50000
47.50000 -2.00000 -17.00000
47.50000 -2.00000 -12.00000
47.00000 -2.00000 -12.50000
47.50000 -2.00000 -8.00000
47.00000 -2.50000 -8.00000
47.00000 -2.00000 -8.50000
47.50000 -2.00000 -7.00000
47.00000 -1.00000 -23.50000
47.00000 -1.50000 -23.00000
47.50000 -1.00000 -18.00000
47.00000 -1.00000 -18.50000
47.50000 -1.00000 -13.00000
47.00000 -1.00000 -13.50000
47.00000 -1.50000 -13.00000
47.50000 -1.00000 -9.00000
47.00000 -1.50000 -9.00000
47.00000 -1.00000 -9.50000
47.50000 -1.00000 -8.00000
47.50000 -1.00000 -7.00000
47.50000 -1.00000 -6.00000
47.50000 -1.00000 -5.00000
47.50000 0.00000 -24.00000
47.00000 0.00000 -24.50000
47.00000 -0.50000 -24.00000
47.50000 0.00000 -19.00000
47.00000 -0.50000 -19.00000
47.00000 0.00000 -19.50000
47.50000 0.00000 -14.00000
47.00000 0.00000 -14.50000
47.00000 -0.50000 -14.00000
47.50000 0.00000 -13.00000
47.50000 0.00000 -9.00000
47.00000 0.00000 -9.50000
47.50000 0.00000 -8.00000
47.50000 0.00000 -7.00000
47.50000 0.00000 -6.00000
47.50000 0.00000 -5.00000
47.50000 1.00000 -25.00000
47.00000 1.00000 -25.50000
47.00000 0.50000 -25.00000
47.50000 1.00000 -19.00000
47.00000 1.00000 -19.50000
47.50000 1.00000 -14.00000
47.00000 1.00000 -14.50000
47.50000 1.00000 -9.00000
47.00000 1.00000 -9.50000
47.50000 1.00000 -8.00000
47.50000 1.00000 -7.00000
47.50000 1.00000 -6.00000
47.50000 1.00000 -5.00000
47.50000 2.00000 -26.00000
47.00000 2.00000 -26.50000
47.00000 1.50000 -26.00000
47.50000 2.00000 -20.00000
47.00000 1.50000 -20.00000
47.00000 2.00000 -20.50000
47.50000 2.00000 -15.00000
47.00000 2.00000 -15.50000
47.00000 1.50000 -15.00000
47.50000 2.00000 -14.00000
47.00000 1.50000 -9.00000
47.00000 2.00000 -8.50000
47.50000 2.00000 -8.00000
47.50000 2.00000 -7.00000
47.50000 2.00000 -6.00000
47.50000 2.00000 -5.00000
47.50000 3.00000 -26.00000
47.00000 3.00000 -26.50000
47.50000 3.00000 -20.00000
47.00000 3.00000 -20.50000
47.50000 3.00000 -16.00000
47.00000 3.00000 -16.50000
47.00000 2.50000 -16.00000
47.50000 3.00000 -15.00000
47.50000 3.00000 -8.00000
47.00000 3.00000 -8.50000
47.50000 3.00000 -7.00000
47.50000 3.00000 -6.00000
47.50000 4.00000 -27.00000
47.00000 4.00000 -27.50000
47.00000 3.50000 -27.00000
47.50000 4.00000 -21.00000
47.00000 3.50000 -21.00000
47.00000 4.00000 -21.50000
47.50000 4.00000 -16.00000
47.00000 4.00000 -16.50000
47.50000 4.00000 -8.00000
47.00000 4.00000 -8.50000
47.50000 4.00000 -7.00000
47.50000 4.00000 -6.00000
47.50000 5.00000 -27.00000
47.00000 5.00000 -27.50000
47.50000 5.00000 -25.00000
47.50000 5.00000 -21.00000
47.00000 5.00000 -21.50000
47.50000 5.00000 -17.00000
47.00000 5.00000 -17.50000
47.00000 4.50000 -17.00000
47.50000 5.00000 -16.00000
47.50000 5.00000 -9.00000
47.00000 4.50000 -9.00000
47.00000 5.00000 -9.50000
47.50000 5.00000 -8.00000
47.50000 5.00000 -7.00000
47.00000 6.00000 -27.50000
47.50000 6.00000 -25.00000
47.50000 6.00000 -21.00000
47.00000 6.00000 -21.50000
47.50000 6.00000 -17.00000
47.00000 6.00000 -17.50000
47.50000 6.00000 -10.00000
47.00000 5.50000 -10.00000
47.00000 6.00000 -10.50000
47.50000 6.00000 -9.00000
47.50000 6.00000 -8.00000
47.50000 6.00000 -7.00000
47.50000 7.00000 -28.00000
47.00000 7.00000 -28.50000
47.00000 6.50000 -28.00000
47.50000 7.00000 -26.00000
47.50000 7.00000 -22.00000
47.00000 6.50000 -22.00000
47.00000 7.00000 -22.50000
47.50000 7.00000 -18.00000
47.00000 7.00000 -18.50000
47.00000 6.50000 -18.00000
47.50000 7.00000 -17.00000
47.50000 7.00000 -10.00000
47.00000 7.00000 -10.50000
47.50000 7.00000 -9.00000
47.50000 7.00000 -8.00000
47.50000 8.00000 -28.00000
47.00000 8.00000 -28.50000
47.00000 7.50000 -27.00000
47.00000 8.00000 -27.50000
47.00000 7.50000 -26.00000
47.00000 8.00000 -25.50000
47.50000 8.00000 -22.00000
47.00000 8.00000 -22.50000
47.50000 8.00000 -18.00000
47.00000 8.00000 -18.50000
47.50000 8.00000 -17.00000
47.50000 8.00000 -10.00000
47.00000 8.00000 -10.50000
47.50000 8.00000 -9.00000
47.50000 8.00000 -8.00000
47.00000 8.50000 -28.00000
47.50000 9.00000 -26.00000
47.00000 9.00000 -26.50000
47.00000 8.50000 -26.00000
47.50000 9.00000 -22.00000
47.00000 9.00000 -22.50000
47.50000 9.00000 -18.00000
47.00000 9.00000 -18.50000
47.50000 9.00000 -10.00000
47.00000 9.00000 -10.50000
47.50000 9.00000 -9.00000
47.50000 10.00000 -26.00000
47.00000 10.00000 -26.50000
47.50000 10.00000 -22.00000
47.00000 10.00000 -22.50000
47.50000 10.00000 -18.00000
47.00000 10.00000 -18.50000
47.50000 10.00000 -10.00000
47.00000 10.00000 -10.50000
47.50000 10.00000 -9.00000
47.50000 11.00000 -26.00000
47.00000 11.00000 -26.50000
47.50000 11.00000 -22.00000
47.00000 11.00000 -22.50000
47.50000 11.00000 -18.00000
47.00000 11.00000 -18.50000
47.50000 11.00000 -10.00000
47.00000 11.00000 -10.50000
47.50000 11.00000 -9.00000
47.50000 12.00000 -27.00000
47.00000 12.00000 -27.50000
47.00000 11.50000 -27.00000
47.50000 12.00000 -22.00000
47.00000 12.00000 -22.50000
47.50000 12.00000 -19.00000
47.00000 12.00000 -19.50000
47.00000 11.50000 -19.00000
47.50000 12.00000 -18.00000
47.50000 12.00000 -10.00000
47.00000 12.00000 -10.50000
47.50000 12.00000 -9.00000
47.50000 13.00000 -27.00000
47.00000 13.00000 -27.50000
47.50000 13.00000 -22.00000
47.00000 13.00000 -22.50000
47.50000 13.00000 -19.00000
47.00000 13.00000 -19.50000
47.50000 13.00000 -18.00000
47.50000 13.00000 -10.00000
47.00000 13.00000 -10.50000
47.50000 13.00000 -9.00000
47.50000 14.00000 -28.00000
47.00000 14.00000 -28.50000
47.00000 13.50000 -28.00000
47.50000 14.00000 -22.00000
47.00000 14.00000 -22.50000
47.50000 14.00000 -19.00000
47.00000 14.00000 -19.50000
47.50000 14.00000 -18.00000
47.50000 14.00000 -10.00000
47.00000 14.00000 -10.50000
47.50000 14.00000 -9.00000
47.50000 15.00000 -28.00000
47.00000 15.00000 -28.50000
47.50000 15.00000 -23.00000
47.00000 14.50000 -23.00000
47.00000 15.00000 -23.50000
47.50000 15.00000 -19.00000
47.00000 15.00000 -19.50000
47.50000 15.00000 -18.00000
47.50000 15.00000 -10.00000
47.00000 15.00000 -10.50000
47.50000 16.00000 -29.00000
47.00000 16.00000 -29.50000
47.00000 15.50000 -29.00000
47.50000 16.00000 -23.00000
47.00000 16.00000 -23.50000
47.50000 16.00000 -19.00000
47.00000 16.00000 -19.50000
47.50000 16.00000 -10.00000
47.00000 16.00000 -10.50000
47.50000 17.00000 -30.00000
47.00000 17.00000 -30.50000
47.00000 16.50000 -30.00000
47.50000 17.00000 -24.00000
47.00000 16.50000 -24.00000
47.00000 17.00000 -24.50000
47.50000 17.00000 -20.00000
47.00000 17.00000 -20.50000
47.00000 16.50000 -20.00000
47.50000 17.00000 -19.00000
47.50000 17.00000 -11.00000
47.00000 16.50000 -11.00000
47.00000 17.00000 -11.50000
47.50000 18.00000 -30.00000
47.00000 18.00000 -30.50000
47.50000 18.00000 -24.00000
47.00000 18.00000 -24.50000
47.50000 18.00000 -20.00000
47.00000 18.00000 -20.50000
47.50000 18.00000 -12.00000
47.00000 17.50000 -12.00000
47.00000 18.00000 -12.50000
47.50000 19.00000 -31.00000
47.00000 19.00000 -31.50000
47.00000 18.50000 -31.00000
47.50000 19.00000 -24.00000
47.00000 19.00000 -24.50000
47.50000 19.00000 -23.00000
47.50000 19.00000 -22.00000
47.00000 19.00000 -21.50000
47.00000 18.50000 -21.00000
47.50000 19.00000 -13.00000
47.00000 18.50000 -13.00000
47.00000 19.00000 -13.50000
47.50000 20.00000 -32.00000
47.00000 20.00000 -32.50000
47.00000 19.50000 -32.00000
47.00000 19.50000 -24.00000
47.00000 19.50000 -23.00000
47.00000 19.50000 -22.00000
47.50000 20.00000 -15.00000
47.00000 19.50000 -15.00000
47.00000 20.00000 -15.50000
47.00000 19.50000 -14.00000
47.00000 21.00000 -32.50000
47.50000 21.00000 -16.00000
47.00000 20.50000 -16.00000
47.00000 21.00000 -16.50000
47.50000 22.00000 -33.00000
47.00000 22.00000 -33.50000
47.00000 21.50000 -33.00000
47.50000 22.00000 -32.00000
47.50000 22.00000 -17.00000
47.00000 21.50000 -17.00000
47.00000 22.00000 -17.50000
47.00000 22.50000 -33.00000
47.00000 22.50000 -32.00000
47.50000 23.00000 -31.00000
47.00000 23.00000 -31.50000
47.50000 23.00000 -18.00000
47.00000 22.50000 -18.00000
47.00000 23.00000 -18.50000
47.00000 23.50000 -31.00000
47.00000 23.50000 -30.00000
47.50000 24.00000 -29.00000
47.00000 24.00000 -29.50000
47.50000 24.00000 -28.00000
47.00000 24.00000 -18.50000
47.00000 24.50000 -29.00000
47.00000 24.50000 -28.00000
47.00000 24.50000 -27.00000
47.00000 24.50000 -26.00000
47.00000 24.50000 -25.00000
47.00000 24.50000 -24.00000
47.00000 24.50000 -23.00000
47.00000 24.50000 -22.00000
47.00000 25.00000 -21.50000
47.00000 24.50000 -19.00000
47.00000 25.00000 -19.50000
47.00000 25.50000 -21.00000
47.00000 25.50000 -20.00000
46.00000 -34.00000 16.50000
46.00000 -34.50000 17.00000
46.00000 -34.00000 17.50000
46.00000 -33.00000 14.50000
46.00000 -33.50000 15.00000
46.00000 -33.50000 16.00000
46.50000 -33.00000 18.00000
46.00000 -33.00000 17.50000
46.00000 -32.00000 13.50000
46.00000 -32.50000 14.00000
46.50000 -32.00000 18.00000
46.00000 -32.00000 17.50000
46.00000 -31.00000 12.50000
46.00000 -31.50000 13.00000
46.50000 -31.00000 16.00000
46.00000 -31.50000 16.00000
46.00000 -31.00000 15.50000
46.00000 -31.50000 17.00000
46.50000 -30.00000 0.00000
46.50000 -30.00000 1.00000
46.50000 -30.00000 2.00000
46.50000 -30.00000 11.00000
46.00000 -30.00000 10.50000
46.00000 -30.50000 11.00000
46.00000 -30.50000 12.00000
46.00000 -30.00000 15.50000
46.00000 -29.50000 1.00000
46.00000 -29.00000 0.50000
46.00000 -29.50000 2.00000
46.00000 -29.50000 3.00000
46.00000 -29.00000 3.50000
46.00000 -29.00000 9.50000
46.00000 -29.50000 10.00000
46.00000 -29.50000 15.00000
46.00000 -29.00000 14.50000
46.50000 -28.00000 0.00000
46.00000 -28.00000 -0.50000
46.00000 -28.50000 0.00000
46.50000 -28.00000 3.00000
46.00000 -28.50000 3.00000
46.00000 -28.00000 2.50000
46.50000 -28.00000 8.00000
46.00000 -28.00000 7.50000
46.00000 -28.50000 8.00000
46.00000 -28.50000 9.00000
46.50000 -28.00000 14.00000
46.00000 -28.50000 14.00000
46.00000 -28.00000 13.50000
46.50000 -27.00000 -1.00000
46.00000 -27.00000 -1.50000
46.00000 -27.50000 -1.00000
46.00000 -27.00000 2.50000
46.00000 -27.00000 7.50000
46.50000 -27.00000 12.00000
46.00000 -27.50000 12.00000
46.00000 -27.00000 11.50000
46.50000 -27.00000 13.00000
46.00000 -27.50000 13.00000
46.50000 -26.00000 -2.00000
46.00000 -26.00000 -2.50000
46.00000 -26.50000 -2.00000
46.50000 -26.00000 2.00000
46.00000 -26.50000 2.00000
46.00000 -26.00000 1.50000
46.00000 -26.00000 6.50000
46.00000 -26.50000 7.00000
46.50000 -26.00000 9.00000
46.00000 -26.50000 9.00000
46.00000 -26.00000 8.50000
46.50000 -26.00000 10.00000
46.00000 -26.50000 10.00000
46.00000 -26.50000 11.00000
46.50000 -25.00000 -3.00000
46.00000 -25.00000 -3.50000
46.00000 -25.50000 -3.00000
46.50000 -25.00000 1.00000
46.00000 -25.50000 1.00000
46.00000 -25.00000 0.50000
46.00000 -25.00000 6.50000
46.00000 -25.00000 8.50000
46.50000 -24.00000 -5.00000
46.00000 -24.00000 -5.50000
46.00000 -24.50000 -5.00000
46.00000 -24.50000 -4.00000
46.50000 -24.00000 -4.00000
46.50000 -24.00000 0.00000
46.00000 -24.50000 0.00000
46.00000 -24.00000 -0.50000
46.50000 -24.00000 6.00000
46.00000 -24.00000 6.50000
46.00000 -24.50000 8.00000
46.00000 -24.00000 7.50000
46.50000 -23.00000 -8.00000
46.00000 -23.00000 -8.50000
46.00000 -23.50000 -8.00000
46.00000 -23.50000 -7.00000
46.00000 -23.50000 -6.00000
46.50000 -23.00000 -6.00000
46.50000 -23.00000 -1.00000
46.00000 -23.50000 -1.00000
46.00000 -23.00000 -1.50000
46.00000 -23.00000 5.50000
46.00000 -23.50000 6.00000
46.00000 -23.00000 6.50000
46.50000 -23.00000 7.00000
46.00000 -23.50000 7.00000
46.50000 -22.00000 -10.00000
46.00000 -22.00000 -10.50000
46.00000 -22.50000 -10.00000
46.00000 -22.50000 -9.00000
46.50000 -22.00000 -2.00000
46.00000 -22.50000 -2.00000
46.00000 -22.00000 -2.50000
46.00000 -22.50000 6.00000
46.00000 -21.00000 -10.50000
46.50000 -21.00000 -3.00000
46.00000 -21.50000 -3.00000
46.00000 -21.00000 -3.50000
46.00000 -20.00000 -10.50000
46.50000 -20.00000 -4.00000
46.00000 -20.50000 -4.00000
46.00000 -20.00000 -4.50000
46.00000 -19.00000 -11.50000
46.00000 -19.50000 -11.00000
46.50000 -19.00000 -5.00000
46.00000 -19.50000 -5.00000
46.00000 -19.00000 -5.50000
46.00000 -18.00000 -11.50000
46.50000 -18.00000 -6.00000
46.00000 -18.50000 -6.00000
46.00000 -18.00000 -6.50000
46.50000 -18.00000 0.00000
46.00000 -18.00000 -0.50000
46.00000 -18.50000 0.00000
46.00000 -18.50000 1.00000
46.50000 -18.00000 1.00000
46.00000 -18.00000 1.50000
46.00000 -17.00000 -12.50000
46.00000 -17.50000 -12.00000
46.50000 -17.00000 -7.00000
46.00000 -17.50000 -7.00000
46.00000 -17.00000 -7.50000
46.50000 -17.00000 -1.00000
46.00000 -17.00000 -1.50000
46.00000 -17.50000 -1.00000
46.50000 -17.50000 0.50000
46.50000 -17.00000 1.00000
46.00000 -17.00000 0.50000
46.00000 -17.50000 1.00000
46.00000 -16.00000 -13.50000
46.00000 -16.50000 -13.00000
46.50000 -16.00000 -7.00000
46.00000 -16.00000 -7.50000
46.50000 -16.00000 -2.00000
46.00000 -16.00000 -2.50000
46.00000 -16.50000 -2.00000
46.00000 -16.00000 0.50000
46.50000 -15.00000 -14.00000
46.00000 -15.00000 -13.50000
46.50000 -15.00000 -8.00000
46.00000 -15.50000 -8.00000
46.00000 -15.00000 -8.50000
46.50000 -15.00000 -3.00000
46.00000 -15.00000 -3.50000
46.00000 -15.50000 -3.00000
46.00000 -15.00000 0.50000
46.50000 -14.00000 -15.00000
46.00000 -14.00000 -14.50000
46.00000 -14.50000 -14.00000
46.50000 -14.00000 -9.00000
46.00000 -14.50000 -9.00000
46.00000 -14.00000 -9.50000
46.50000 -14.00000 -4.00000
46.00000 -14.00000 -4.50000
46.00000 -14.50000 -4.00000
46.50000 -14.00000 0.00000
46.00000 -14.50000 0.00000
46.00000 -14.00000 -0.50000
46.50000 -13.00000 -16.00000
46.50000 -13.00000 -15.00000
46.00000 -13.00000 -14.50000
46.50000 -13.00000 -10.00000
46.00000 -13.50000 -10.00000
46.00000 -13.00000 -10.50000
46.50000 -13.00000 -5.00000
46.00000 -13.00000 -5.50000
46.00000 -13.50000 -5.00000
46.50000 -13.00000 -1.00000
46.00000 -13.50000 -1.00000
46.00000 -13.00000 -1.50000
46.50000 -13.00000 0.00000
46.50000 -12.00000 -16.00000
46.00000 -12.00000 -15.50000
46.00000 -12.50000 -15.00000
46.50000 -12.00000 -11.00000
46.00000 -12.50000 -11.00000
46.00000 -12.00000 -11.50000
46.50000 -12.00000 -6.00000
46.00000 -12.00000 -6.50000
46.00000 -12.50000 -6.00000
46.50000 -12.00000 -5.00000
46.00000 -12.00000 -1.50000
46.50000 -12.00000 0.00000
46.50000 -11.00000 -17.00000
46.00000 -11.00000 -16.50000
46.00000 -11.50000 -16.00000
46.50000 -11.00000 -13.00000
46.00000 -11.50000 -13.00000
46.00000 -11.00000 -13.50000
46.50000 -11.00000 -12.00000
46.00000 -11.50000 -12.00000
46.50000 -11.00000 -7.00000
46.00000 -11.00000 -7.50000
46.00000 -11.50000 -7.00000
46.50000 -11.00000 -6.00000
46.50000 -11.00000 -2.00000
46.00000 -11.50000 -2.00000
46.00000 -11.00000 -2.50000
46.50000 -10.00000 -18.00000
46.50000 -10.00000 -17.00000
46.00000 -10.00000 -16.50000
46.50000 -10.00000 -14.00000
46.00000 -10.50000 -14.00000
46.00000 -10.00000 -14.50000
46.50000 -10.00000 -13.00000
46.50000 -10.00000 -8.00000
46.00000 -10.00000 -8.50000
46.00000 -10.50000 -8.00000
46.50000 -10.00000 -7.00000
46.50000 -10.00000 -3.00000
46.00000 -10.50000 -3.00000
46.00000 -10.00000 -3.50000
46.50000 -9.00000 -18.00000
46.50000 -9.00000 -17.00000
46.00000 -9.00000 -16.50000
46.50000 -9.00000 -15.00000
46.00000 -9.50000 -15.00000
46.00000 -9.00000 -15.50000
46.50000 -9.00000 -14.00000
46.50000 -9.00000 -8.00000
46.00000 -9.00000 -8.50000
46.50000 -9.00000 -4.00000
46.00000 -9.50000 -4.00000
46.00000 -9.00000 -4.50000
46.50000 -8.00000 -18.00000
46.50000 -8.00000 -17.00000
46.00000 -8.50000 -16.00000
46.50000 -8.00000 -16.00000
46.50000 -8.00000 -15.00000
46.50000 -8.00000 -9.00000
46.00000 -8.00000 -9.50000
46.00000 -8.50000 -9.00000
46.50000 -8.00000 -4.00000
46.00000 -8.00000 -4.50000
46.50000 -7.00000 -19.00000
46.50000 -7.00000 -18.00000
46.50000 -7.00000 -17.00000
46.50000 -7.00000 -16.00000
46.50000 -7.00000 -10.00000
46.00000 -7.00000 -10.50000
46.00000 -7.50000 -10.00000
46.50000 -7.00000 -5.00000
46.00000 -7.50000 -5.00000
46.00000 -7.00000 -5.50000
46.50000 -6.00000 -20.00000
46.50000 -6.00000 -19.00000
46.50000 -6.00000 -18.00000
46.50000 -6.00000 -17.00000
46.50000 -6.00000 -16.00000
46.50000 -6.00000 -11.00000
46.00000 -6.00000 -11.50000
46.00000 -6.50000 -11.00000
46.50000 -6.00000 -6.00000
46.00000 -6.50000 -6.00000
46.00000 -6.00000 -6.50000
46.50000 -5.00000 -20.00000
46.50000 -5.00000 -19.00000
46.50000 -5.00000 -18.00000
46.50000 -5.00000 -17.00000
46.50000 -5.00000 -12.00000
46.00000 -5.00000 -12.50000
46.00000 -5.50000 -12.00000
46.50000 -5.00000 -7.00000
46.00000 -5.50000 -7.00000
46.00000 -5.00000 -7.50000
46.50000 -4.00000 -21.00000
46.50000 -4.00000 -20.00000
46.50000 -4.00000 -19.00000
46.50000 -4.00000 -18.00000
46.50000 -4.00000 -17.00000
46.50000 -4.00000 -12.00000
46.00000 -4.00000 -12.50000
46.50000 -4.00000 -8.00000
46.00000 -4.50000 -8.00000
46.00000 -4.00000 -8.50000
46.50000 -3.00000 -22.00000
46.50000 -3.00000 -21.00000
46.50000 -3.00000 -20.00000
46.50000 -3.00000 -19.00000
46.50000 -3.00000 -18.00000
46.50000 -3.00000 -13.00000
46.00000 -3.00000 -13.50000
46.00000 -3.50000 -13.00000
46.50000 -3.00000 -8.00000
46.00000 -3.00000 -8.50000
46.50000 -2.00000 -22.00000
46.50000 -2.00000 -21.00000
46.50000 -2.00000 -20.00000
46.50000 -2.00000 -19.00000
46.50000 -2.00000 -14.00000
46.00000 -2.00000 -14.50000
46.00000 -2.50000 -14.00000
46.50000 -2.00000 -13.00000
46.50000 -2.00000 -9.00000
46.00000 -2.50000 -9.00000
46.00000 -2.00000 -9.50000
46.50000 -1.00000 -23.00000
46.00000 -1.00000 -22.50000
46.00000 -1.50000 -22.00000
46.00000 -1.50000 -21.00000
46.00000 -1.00000 -20.50000
46.50000 -1.00000 -20.00000
46.50000 -1.00000 -19.00000
46.50000 -1.00000 -14.00000
46.00000 -1.00000 -14.50000
46.50000 -1.00000 -10.00000
46.00000 -1.50000 -10.00000
46.00000 -1.00000 -10.50000
46.50000 0.00000 -24.00000
46.00000 0.00000 -23.50000
46.00000 -0.50000 -23.00000
46.50000 0.00000 -21.00000
46.00000 -0.50000 -21.00000
46.00000 0.00000 -21.50000
46.50000 0.00000 -20.00000
46.50000 0.00000 -15.00000
46.00000 0.00000 -15.50000
46.00000 -0.50000 -15.00000
46.50000 0.00000 -10.00000
46.00000 0.00000 -10.50000
46.50000 1.00000 -25.00000
46.00000 1.00000 -24.50000
46.00000 0.50000 -24.00000
46.50000 1.00000 -21.00000
46.00000 1.00000 -21.50000
46.50000 1.00000 -20.00000
46.50000 1.00000 -16.00000
46.00000 1.00000 -16.50000
46.00000 0.50000 -16.00000
46.50000 1.00000 -15.00000
46.50000 1.00000 -10.00000
46.00000 1.00000 -10.50000
46.50000 2.00000 -26.00000
46.00000 2.00000 -25.50000
46.00000 1.50000 -25.00000
46.50000 2.00000 -21.00000
46.00000 2.00000 -21.50000
46.50000 2.00000 -16.00000
46.00000 2.00000 -16.50000
46.50000 2.00000 -11.00000
46.00000 1.50000 -11.00000
46.00000 2.00000 -11.50000
46.50000 2.00000 -10.00000
46.50000 2.00000 -9.00000
46.00000 3.00000 -26.50000
46.00000 2.50000 -26.00000
46.50000 3.00000 -22.00000
46.00000 2.50000 -22.00000
46.00000 3.00000 -22.50000
46.50000 3.00000 -21.00000
46.50000 3.00000 -17.00000
46.00000 3.00000 -17.50000
46.00000 2.50000 -17.00000
46.50000 3.00000 -11.00000
46.00000 3.00000 -11.50000
46.50000 3.00000 -10.00000
46.50000 3.00000 -9.00000
46.00000 4.00000 -27.50000
46.00000 3.50000 -27.00000
46.50000 4.00000 -22.00000
46.00000 4.00000 -22.50000
46.50000 4.00000 -18.00000
46.00000 4.00000 -18.50000
46.00000 3.50000 -18.00000
46.50000 4.00000 -17.00000
46.50000 4.00000 -12.00000
46.00000 3.50000 -12.00000
46.00000 4.00000 -12.50000
46.50000 4.00000 -11.00000
46.50000 4.00000 -10.00000
46.50000 4.00000 -9.00000
46.50000 5.00000 -28.00000
46.00000 5.00000 -28.50000
46.00000 4.50000 -28.00000
46.50000 5.00000 -22.00000
46.00000 5.00000 -22.50000
46.50000 5.00000 -18.00000
46.00000 5.00000 -18.50000
46.50000 5.00000 -12.00000
46.00000 5.00000 -12.50000
46.50000 5.00000 -11.00000
46.50000 5.00000 -10.00000
46.50000 6.00000 -28.00000
46.00000 6.00000 -28.50000
46.50000 6.00000 -23.00000
46.00000 5.50000 -23.00000
46.00000 6.00000 -23.50000
46.50000 6.00000 -22.00000
46.50000 6.00000 -18.00000
46.00000 6.00000 -18.50000
46.50000 6.00000 -12.00000
46.00000 6.00000 -12.50000
46.50000 6.00000 -11.00000
46.50000 7.00000 -29.00000
46.00000 7.00000 -29.50000
46.00000 6.50000 -29.00000
46.50000 7.00000 -23.00000
46.00000 7.00000 -23.50000
46.50000 7.00000 -19.00000
46.00000 7.00000 -19.50000
46.00000 6.50000 -19.00000
46.50000 7.00000 -12.00000
46.00000 7.00000 -12.50000
46.50000 7.00000 -11.00000
46.50000 8.00000 -29.00000
46.00000 8.00000 -29.50000
46.00000 7.50000 -27.00000
46.00000 8.00000 -27.50000
46.50000 8.00000 -26.00000
46.00000 8.00000 -26.50000
46.50000 8.00000 -23.00000
46.00000 8.00000 -23.50000
46.50000 8.00000 -19.00000
46.00000 8.00000 -19.50000
46.50000 8.00000 -12.00000
46.00000 8.00000 -12.50000
46.50000 8.00000 -11.00000
46.50000 9.00000 -29.00000
46.00000 9.00000 -29.50000
46.00000 8.50000 -28.00000
46.00000 9.00000 -28.50000
46.00000 9.00000 -26.50000
46.50000 9.00000 -23.00000
46.00000 9.00000 -23.50000
46.50000 9.00000 -19.00000
46.00000 9.00000 -19.50000
46.50000 9.00000 -12.00000
46.00000 9.00000 -12.50000
46.50000 9.00000 -11.00000
46.00000 9.50000 -29.00000
46.50000 10.00000 -27.00000
46.00000 10.00000 -27.50000
46.00000 9.50000 -27.00000
46.50000 10.00000 -23.00000
46.00000 10.00000 -23.50000
46.50000 10.00000 -20.00000
46.00000 10.00000 -20.50000
46.00000 9.50000 -20.00000
46.50000 10.00000 -19.00000
46.50000 10.00000 -12.00000
46.00000 10.00000 -12.50000
46.50000 10.00000 -11.00000
46.50000 11.00000 -27.00000
46.00000 11.00000 -27.50000
46.50000 11.00000 -24.00000
46.00000 10.50000 -24.00000
46.00000 11.00000 -24.50000
46.50000 11.00000 -23.00000
46.50000 11.00000 -20.00000
46.00000 11.00000 -20.50000
46.50000 11.00000 -19.00000
46.50000 11.00000 -12.00000
46.00000 11.00000 -12.50000
46.50000 11.00000 -11.00000
46.00000 12.00000 -27.50000
46.50000 12.00000 -24.00000
46.00000 12.00000 -24.50000
46.50000 12.00000 -23.00000
46.50000 12.00000 -20.00000
46.00000 12.00000 -20.50000
46.50000 12.00000 -12.00000
46.00000 12.00000 -12.50000
46.50000 12.00000 -11.00000
46.50000 13.00000 -28.00000
46.00000 13.00000 -28.50000
46.00000 12.50000 -28.00000
46.00000 12.50000 -24.00000
46.00000 13.00000 -23.50000
46.50000 13.00000 -23.00000
46.50000 13.00000 -20.00000
46.00000 13.00000 -20.50000
46.50000 13.00000 -12.00000
46.00000 13.00000 -12.50000
46.50000 13.00000 -11.00000
46.00000 14.00000 -28.50000
46.50000 14.00000 -24.00000
46.00000 13.50000 -24.00000
46.00000 14.00000 -24.50000
46.50000 14.00000 -23.00000
46.50000 14.00000 -20.00000
46.00000 14.00000 -20.50000
46.50000 14.00000 -12.00000
46.00000 14.00000 -12.50000
46.50000 14.00000 -11.00000
46.50000 15.00000 -29.00000
46.00000 15.00000 -29.50000
46.00000 14.50000 -29.00000
46.50000 15.00000 -24.00000
46.00000 15.00000 -24.50000
46.50000 15.00000 -20.00000
46.00000 15.00000 -20.50000
46.00000 14.50000 -12.00000
46.00000 15.00000 -11.50000
46.50000 15.00000 -11.00000
46.50000 16.00000 -30.00000
46.00000 16.00000 -30.50000
46.00000 15.50000 -30.00000
46.50000 16.00000 -24.00000
46.00000 16.00000 -24.50000
46.50000 16.00000 -20.00000
46.00000 16.00000 -20.50000
46.50000 16.00000 -12.00000
46.00000 15.50000 -12.00000
46.00000 16.00000 -12.50000
46.50000 16.00000 -11.00000
46.00000 17.00000 -30.50000
46.50000 17.00000 -25.00000
46.00000 16.50000 -25.00000
46.00000 17.00000 -25.50000
46.50000 17.00000 -21.00000
46.00000 17.00000 -21.50000
46.00000 16.50000 -21.00000
46.50000 17.00000 -12.00000
46.00000 17.00000 -12.50000
46.50000 18.00000 -31.00000
46.00000 18.00000 -31.50000
46.00000 17.50000 -31.00000
46.50000 18.00000 -25.00000
46.00000 18.00000 -25.50000
46.50000 18.00000 -21.00000
46.00000 18.00000 -21.50000
46.50000 18.00000 -13.00000
46.00000 17.50000 -13.00000
46.00000 18.00000 -13.50000
46.50000 19.00000 -32.00000
46.00000 19.00000 -32.50000
46.00000 18.50000 -32.00000
46.50000 19.00000 -25.00000
46.00000 19.00000 -25.50000
46.50000 19.00000 -22.00000
46.00000 19.00000 -22.50000
46.00000 18.50000 -22.00000
46.50000 19.00000 -14.00000
46.00000 18.50000 -14.00000
46.00000 19.00000 -14.50000
46.50000 20.00000 -33.00000
46.00000 20.00000 -33.50000
46.00000 19.50000 -33.00000
46.00000 19.50000 -25.00000
46.00000 19.50000 -24.00000
46.00000 19.50000 -23.00000
46.50000 20.00000 -16.00000
46.00000 19.50000 -16.00000
46.00000 20.00000 -16.50000
46.00000 19.50000 -15.00000
46.50000 21.00000 -33.00000
46.00000 21.00000 -33.50000
46.50000 21.00000 -17.00000
46.00000 20.50000 -17.00000
46.00000 21.00000 -17.50000
46.50000 22.00000 -34.00000
46.00000 22.00000 -34.50000
46.00000 21.50000 -34.00000
46.00000 22.00000 -17.50000
46.00000 22.50000 -34.00000
46.50000 23.00000 -33.00000
46.00000 23.00000 -33.50000
46.50000 23.00000 -32.00000
46.00000 22.50000 -18.00000
46.00000 23.00000 -18.50000
46.00000 23.50000 -33.00000
46.00000 23.50000 -32.00000
46.50000 24.00000 -31.00000
46.00000 24.00000 -31.50000
46.50000 24.00000 -30.00000
46.50000 24.00000 -19.00000
46.00000 23.50000 -19.00000
46.00000 24.00000 -19.50000
46.00000 24.50000 -31.00000
46.00000 24.50000 -30.00000
46.50000 25.00000 -29.00000
46.00000 25.00000 -29.50000
46.50000 25.00000 -28.00000
46.50000 25.00000 -27.00000
46.50000 25.00000 -26.00000
46.50000 25.00000 -25.00000
46.50000 25.00000 -24.00000
46.00000 25.00000 -23.50000
46.00000 24.50000 -23.00000
46.00000 24.50000 -22.00000
46.00000 25.00000 -21.50000
46.50000 25.00000 -20.00000
46.00000 24.50000 -20.00000
46.00000 25.00000 -20.50000
46.00000 25.50000 -29.00000
46.00000 25.50000 -28.00000
46.00000 25.50000 -27.00000
46.00000 25.50000 -26.00000
46.00000 25.50000 -25.00000
46.00000 25.50000 -24.00000
46.00000 25.50000 -21.00000
45.50000 -34.00000 16.00000
45.00000 -34.00000 15.50000
45.00000 -34.50000 16.00000
45.00000 -34.00000 16.50000
45.50000 -34.00000 17.00000
45.00000 -33.00000 14.50000
45.00000 -33.50000 15.00000
45.00000 -33.00000 16.50000
45.50000 -33.50000 16.50000
45.50000 -33.00000 17.00000
45.00000 -32.00000 13.50000
45.00000 -32.50000 14.00000
45.00000 -32.50000 17.00000
45.00000 -32.00000 17.50000
45.50000 -31.00000 12.00000
45.00000 -31.00000 11.50000
45.00000 -31.50000 12.00000
45.00000 -31.50000 13.00000
45.00000 -31.50000 16.00000
45.00000 -31.00000 15.50000
45.00000 -31.50000 17.00000
45.50000 -30.00000 10.00000
45.00000 -30.00000 9.50000
45.00000 -30.50000 10.00000
45.00000 -30.50000 11.00000
45.00000 -30.00000 15.50000
45.50000 -29.00000 0.00000
45.00000 -29.00000 -0.50000
45.00000 -29.50000 0.00000
45.00000 -29.50000 1.00000
45.00000 -29.50000 2.00000
45.50000 -29.00000 3.00000
45.00000 -29.00000 2.50000
45.50000 -29.00000 9.00000
45.00000 -29.00000 8.50000
45.00000 -29.50000 9.00000
45.00000 -29.50000 15.00000
45.00000 -29.00000 14.50000
45.00000 -28.00000 -0.50000
45.00000 -28.00000 2.50000
45.00000 -28.00000 7.50000
45.00000 -28.50000 8.00000
45.50000 -28.00000 13.00000
45.00000 -28.50000 13.00000
45.00000 -28.00000 12.50000
45.00000 -28.50000 14.00000
45.00000 -27.00000 -1.50000
45.00000 -27.50000 -1.00000
45.50000 -27.00000 2.00000
45.00000 -27.50000 2.00000
45.00000 -27.00000 1.50000
45.00000 -27.00000 7.50000
45.50000 -27.00000 10.00000
45.00000 -27.50000 10.00000
45.00000 -27.00000 9.50000
45.50000 -27.00000 11.00000
45.00000 -27.50000 11.00000
45.00000 -27.50000 12.00000
45.00000 -26.00000 -2.50000
45.00000 -26.50000 -2.00000
45.50000 -26.00000 1.00000
45.00000 -26.50000 1.00000
45.00000 -26.00000 0.50000
45.00000 -26.00000 6.50000
45.00000 -26.50000 7.00000
45.00000 -26.50000 9.00000
45.00000 -26.00000 8.50000
45.50000 -25.00000 -4.00000
45.00000 -25.00000 -4.50000
45.00000 -25.50000 -4.00000
45.00000 -25.50000 -3.00000
45.50000 -25.00000 0.00000
45.00000 -25.50000 0.00000
45.00000 -25.00000 -0.50000
45.00000 -25.00000 6.50000
45.00000 -25.00000 8.50000
45.50000 -24.00000 -6.00000
45.00000 -24.00000 -6.50000
45.00000 -24.50000 -6.00000
45.00000 -24.50000 -5.00000
45.50000 -24.00000 -1.00000
45.00000 -24.50000 -1.00000
45.00000 -24.00000 -1.50000
45.00000 -24.50000 7.00000
45.50000 -24.00000 7.00000
45.00000 -24.50000 8.00000
45.00000 -23.00000 -8.50000
45.00000 -23.50000 -8.00000
45.00000 -23.50000 -7.00000
45.50000 -23.00000 -2.00000
45.00000 -23.50000 -2.00000
45.00000 -23.00000 -2.50000
45.50000 -23.00000 6.00000
45.50000 -22.00000 -10.00000
45.50000 -22.00000 -9.00000
45.00000 -22.00000 -8.50000
45.50000 -22.00000 -3.00000
45.00000 -22.50000 -3.00000
45.00000 -22.00000 -3.50000
45.50000 -21.00000 -10.00000
45.00000 -21.00000 -9.50000
45.00000 -21.50000 -9.00000
45.50000 -21.00000 -5.00000
45.00000 -21.50000 -5.00000
45.00000 -21.00000 -5.50000
45.50000 -21.00000 -4.00000
45.00000 -21.50000 -4.00000
45.50000 -20.00000 -10.00000
45.00000 -20.00000 -9.50000
45.50000 -20.00000 -5.00000
45.00000 -20.00000 -5.50000
45.50000 -19.00000 -11.00000
45.00000 -19.00000 -10.50000
45.00000 -19.50000 -10.00000
45.50000 -19.00000 -6.00000
45.00000 -19.50000 -6.00000
45.00000 -19.00000 -6.50000
45.50000 -19.00000 0.00000
45.00000 -19.00000 -0.50000
45.00000 -19.50000 0.00000
45.00000 -19.50000 1.00000
45.50000 -19.00000 1.00000
45.00000 -19.00000 1.50000
45.50000 -18.00000 -11.00000
45.00000 -18.00000 -10.50000
45.50000 -18.00000 -7.00000
45.00000 -18.50000 -7.00000
45.00000 -18.00000 -7.50000
45.50000 -18.00000 -1.00000
45.00000 -18.00000 -1.50000
45.00000 -18.50000 -1.00000
45.50000 -18.50000 0.50000
45.50000 -18.00000 1.00000
45.00000 -18.00000 0.50000
45.00000 -18.50000 1.00000
45.50000 -17.00000 -12.00000
45.00000 -17.00000 -11.50000
45.00000 -17.50000 -11.00000
45.50000 -17.00000 -8.00000
45.00000 -17.50000 -8.00000
45.00000 -17.00000 -8.50000
45.50000 -17.00000 -2.00000
45.00000 -17.00000 -2.50000
45.00000 -17.50000 -2.00000
45.00000 -17.00000 0.50000
45.50000 -16.00000 -13.00000
45.00000 -16.00000 -12.50000
45.00000 -16.50000 -12.00000
45.50000 -16.00000 -9.00000
45.00000 -16.50000 -9.00000
45.00000 -16.00000 -9.50000
45.50000 -16.00000 -8.00000
45.50000 -16.00000 -3.00000
45.00000 -16.00000 -3.50000
45.00000 -16.50000 -3.00000
45.00000 -16.00000 0.50000
45.50000 -15.00000 -13.00000
45.00000 -15.00000 -12.50000
45.50000 -15.00000 -10.00000
45.00000 -15.50000 -10.00000
45.00000 -15.00000 -10.50000
45.50000 -15.00000 -9.00000
45.50000 -15.00000 -4.00000
45.00000 -15.00000 -4.50000
45.00000 -15.50000 -4.00000
45.50000 -15.00000 0.00000
45.00000 -15.50000 0.00000
45.00000 -15.00000 -0.50000
45.50000 -14.00000 -14.00000
45.50000 -14.00000 -13.00000
45.00000 -14.50000 -12.00000
45.50000 -14.00000 -12.00000
45.50000 -14.00000 -11.00000
45.00000 -14.50000 -11.00000
45.50000 -14.00000 -10.00000
45.50000 -14.00000 -5.00000
45.00000 -14.00000 -5.50000
45.00000 -14.50000 -5.00000
45.50000 -14.00000 -1.00000
45.00000 -14.50000 -1.00000
45.00000 -14.00000 -1.50000
45.50000 -13.00000 -14.00000
45.50000 -13.00000 -13.00000
45.50000 -13.00000 -12.00000
45.50000 -13.00000 -11.00000
45.50000 -13.00000 -6.00000
45.00000 -13.00000 -6.50000
45.00000 -13.50000 -6.00000
45.50000 -13.00000 -2.00000
45.00000 -13.50000 -2.00000
45.00000 -13.00000 -2.50000
45.50000 -12.00000 -15.00000
45.50000 -12.00000 -14.00000
45.50000 -12.00000 -13.00000
45.50000 -12.00000 -12.00000
45.50000 -12.00000 -7.00000
45.00000 -12.00000 -7.50000
45.00000 -12.50000 -7.00000
45.50000 -12.00000 -2.00000
45.00000 -12.00000 -2.50000
45.50000 -11.00000 -16.00000
45.50000 -11.00000 -15.00000
45.50000 -11.00000 -14.00000
45.50000 -11.00000 -8.00000
45.00000 -11.00000 -8.50000
45.00000 -11.50000 -8.00000
45.50000 -11.00000 -3.00000
45.00000 -11.50000 -3.00000
45.00000 -11.00000 -3.50000
45.50000 -10.00000 -16.00000
45.50000 -10.00000 -15.00000
45.50000 -10.00000 -9.00000
45.00000 -10.00000 -9.50000
45.00000 -10.50000 -9.00000
45.50000 -10.00000 -4.00000
45.00000 -10.50000 -4.00000
45.00000 -10.00000 -4.50000
45.50000 -9.00000 -16.00000
45.50000 -9.00000 -10.00000
45.00000 -9.00000 -10.50000
45.00000 -9.50000 -10.00000
45.50000 -9.00000 -9.00000
45.50000 -9.00000 -5.00000
45.00000 -9.50000 -5.00000
45.00000 -9.00000 -5.50000
45.50000 -8.00000 -11.00000
45.00000 -8.00000 -11.50000
45.00000 -8.50000 -11.00000
45.50000 -8.00000 -10.00000
45.50000 -8.00000 -6.00000
45.00000 -8.50000 -6.00000
45.00000 -8.00000 -6.50000
45.50000 -8.00000 -5.00000
45.50000 -7.00000 -12.00000
45.00000 -7.00000 -12.50000
45.00000 -7.50000 -12.00000
45.50000 -7.00000 -11.00000
45.50000 -7.00000 -7.00000
45.00000 -7.50000 -7.00000
45.00000 -7.00000 -7.50000
45.50000 -7.00000 -6.00000
45.50000 -6.00000 -13.00000
45.00000 -6.00000 -13.50000
45.00000 -6.50000 -13.00000
45.50000 -6.00000 -12.00000
45.50000 -6.00000 -8.00000
45.00000 -6.50000 -8.00000
45.00000 -6.00000 -8.50000
45.50000 -6.00000 -7.00000
45.50000 -5.00000 -13.00000
45.00000 -5.00000 -13.50000
45.50000 -5.00000 -9.00000
45.00000 -5.50000 -9.00000
45.00000 -5.00000 -9.50000
45.50000 -5.00000 -8.00000
45.50000 -4.00000 -14.00000
45.00000 -4.00000 -14.50000
45.00000 -4.50000 -14.00000
45.50000 -4.00000 -13.00000
45.50000 -4.00000 -9.00000
45.00000 -4.00000 -9.50000
45.50000 -3.00000 -15.00000
45.00000 -3.00000 -15.50000
45.00000 -3.50000 -15.00000
45.50000 -3.00000 -14.00000
45.50000 -3.00000 -10.00000
45.00000 -3.50000 -10.00000
45.00000 -3.00000 -10.50000
45.50000 -3.00000 -9.00000
45.50000 -2.00000 -16.00000
45.00000 -2.00000 -16.50000
45.00000 -2.50000 -16.00000
45.50000 -2.00000 -15.00000
45.50000 -2.00000 -10.00000
45.00000 -2.00000 -10.50000
45.50000 -1.00000 -22.00000
45.50000 -1.00000 -21.00000
45.50000 -1.00000 -16.00000
45.00000 -1.00000 -16.50000
45.50000 -1.00000 -15.00000
45.50000 -1.00000 -11.00000
45.00000 -1.50000 -11.00000
45.00000 -1.00000 -11.50000
45.50000 0.00000 -23.00000
45.50000 0.00000 -22.00000
45.50000 0.00000 -17.00000
45.00000 0.00000 -17.50000
45.00000 -0.50000 -17.00000
45.50000 0.00000 -16.00000
45.50000 0.00000 -12.00000
45.00000 -0.50000 -12.00000
45.00000 0.00000 -12.50000
45.50000 0.00000 -11.00000
45.50000 1.00000 -24.00000
45.50000 1.00000 -23.00000
45.50000 1.00000 -22.00000
45.50000 1.00000 -17.00000
45.00000 1.00000 -17.50000
45.50000 1.00000 -12.00000
45.00000 1.00000 -12.50000
45.50000 1.00000 -11.00000
45.50000 2.00000 -25.00000
45.50000 2.00000 -24.00000
45.50000 2.00000 -23.00000
45.50000 2.00000 -22.00000
45.50000 2.00000 -18.00000
45.00000 2.00000 -18.50000
45.00000 1.50000 -18.00000
45.50000 2.00000 -17.00000
45.50000 2.00000 -13.00000
45.00000 1.50000 -13.00000
45.00000 2.00000 -13.50000
45.50000 2.00000 -12.00000
45.50000 3.00000 -26.00000
45.50000 3.00000 -25.00000
45.50000 3.00000 -24.00000
45.50000 3.00000 -23.00000
45.50000 3.00000 -19.00000
45.00000 3.00000 -19.50000
45.00000 2.50000 -19.00000
45.50000 3.00000 -18.00000
45.50000 3.00000 -13.00000
45.00000 3.00000 -13.50000
45.50000 3.00000 -12.00000
45.50000 4.00000 -27.00000
45.00000 4.00000 -26.50000
45.00000 3.50000 -26.00000
45.00000 3.50000 -25.00000
45.00000 4.00000 -24.50000
45.50000 4.00000 -24.00000
45.50000 4.00000 -23.00000
45.50000 4.00000 -19.00000
45.00000 4.00000 -19.50000
45.50000 4.00000 -13.00000
45.00000 4.00000 -13.50000
45.50000 5.00000 -28.00000
45.00000 5.00000 -27.50000
45.00000 4.50000 -27.00000
45.50000 5.00000 -24.00000
45.00000 5.00000 -24.50000
45.50000 5.00000 -23.00000
45.50000 5.00000 -20.00000
45.00000 5.00000 -20.50000
45.00000 4.50000 -20.00000
45.50000 5.00000 -19.00000
45.50000 5.00000 -14.00000
45.00000 4.50000 -14.00000
45.00000 5.00000 -14.50000
45.50000 5.00000 -13.00000
45.00000 6.00000 -28.50000
45.00000 5.50000 -28.00000
45.50000 6.00000 -24.00000
45.00000 6.00000 -24.50000
45.50000 6.00000 -20.00000
45.00000 6.00000 -20.50000
45.50000 6.00000 -19.00000
45.50000 6.00000 -14.00000
45.00000 6.00000 -14.50000
45.50000 6.00000 -13.00000
45.00000 7.00000 -29.50000
45.00000 6.50000 -29.00000
45.50000 7.00000 -24.00000
45.00000 7.00000 -24.50000
45.50000 7.00000 -20.00000
45.00000 7.00000 -20.50000
45.50000 7.00000 -14.00000
45.00000 7.00000 -14.50000
45.50000 7.00000 -13.00000
45.00000 8.00000 -29.50000
45.50000 8.00000 -27.00000
45.50000 8.00000 -24.00000
45.00000 8.00000 -24.50000
45.50000 8.00000 -20.00000
45.00000 8.00000 -20.50000
45.50000 8.00000 -14.00000
45.00000 8.00000 -14.50000
45.50000 8.00000 -13.00000
45.50000 9.00000 -30.00000
45.00000 9.00000 -30.50000
45.00000 8.50000 -30.00000
45.00000 8.50000 -28.00000
45.00000 9.00000 -28.50000
45.50000 9.00000 -27.00000
45.00000 9.00000 -27.50000
45.50000 9.00000 -24.00000
45.00000 9.00000 -24.50000
45.50000 9.00000 -21.00000
45.00000 9.00000 -21.50000
45.00000 8.50000 -21.00000
45.50000 9.00000 -20.00000
45.50000 9.00000 -15.00000
45.00000 8.50000 -15.00000
45.00000 9.00000 -15.50000
45.50000 9.00000 -14.00000
45.50000 9.00000 -13.00000
45.50000 10.00000 -30.00000
45.00000 10.00000 -30.50000
45.00000 9.50000 -29.00000
45.00000 10.00000 -29.50000
45.00000 10.00000 -27.50000
45.50000 10.00000 -24.00000
45.00000 10.00000 -24.50000
45.50000 10.00000 -21.00000
45.00000 10.00000 -21.50000
45.50000 10.00000 -15.00000
45.00000 10.00000 -15.50000
45.50000 10.00000 -14.00000
45.50000 10.00000 -13.00000
45.00000 10.50000 -30.00000
45.50000 11.00000 -28.00000
45.00000 11.00000 -28.50000
45.00000 10.50000 -28.00000
45.00000 11.00000 -24.50000
45.50000 11.00000 -21.00000
45.00000 11.00000 -21.50000
45.50000 11.00000 -15.00000
45.00000 11.00000 -15.50000
45.50000 11.00000 -14.00000
45.50000 11.00000 -13.00000
45.50000 12.00000 -28.00000
45.00000 12.00000 -28.50000
45.00000 12.00000 -24.50000
45.50000 12.00000 -21.00000
45.00000 12.00000 -21.50000
45.00000 11.50000 -15.00000
45.00000 12.00000 -14.50000
45.50000 12.00000 -14.00000
45.50000 12.00000 -13.00000
45.50000 13.00000 -29.00000
45.00000 13.00000 -29.50000
45.00000 12.50000 -29.00000
45.50000 13.00000 -24.00000
45.00000 13.00000 -24.50000
45.50000 13.00000 -21.00000
45.00000 13.00000 -21.50000
45.50000 13.00000 -14.00000
45.00000 13.00000 -14.50000
45.50000 13.00000 -13.00000
45.50000 14.00000 -29.00000
45.00000 14.00000 -29.50000
45.50000 14.00000 -25.00000
45.00000 13.50000 -25.00000
45.00000 14.00000 -25.50000
45.50000 14.00000 -21.00000
45.00000 14.00000 -21.50000
45.00000 13.50000 -14.00000
45.00000 14.00000 -13.50000
45.50000 14.00000 -13.00000
45.50000 15.00000 -30.00000
45.00000 15.00000 -30.50000
45.00000 14.50000 -30.00000
45.50000 15.00000 -25.00000
45.00000 15.00000 -25.50000
45.50000 15.00000 -21.00000
45.00000 15.00000 -21.50000
45.50000 15.00000 -13.00000
45.00000 15.00000 -13.50000
45.50000 15.00000 -12.00000
45.50000 16.00000 -31.00000
45.00000 16.00000 -31.50000
45.00000 15.50000 -31.00000
45.50000 16.00000 -25.00000
45.00000 16.00000 -25.50000
45.50000 16.00000 -22.00000
45.00000 16.00000 -22.50000
45.00000 15.50000 -22.00000
45.50000 16.00000 -21.00000
45.50000 16.00000 -13.00000
45.00000 16.00000 -13.50000
45.50000 17.00000 -31.00000
45.00000 17.00000 -31.50000
45.00000 17.00000 -25.50000
45.50000 17.00000 -22.00000
45.00000 17.00000 -22.50000
45.50000 17.00000 -13.00000
45.00000 17.00000 -13.50000
45.50000 18.00000 -32.00000
45.00000 18.00000 -32.50000
45.00000 17.50000 -32.00000
45.50000 18.00000 -26.00000
45.00000 17.50000 -26.00000
45.00000 18.00000 -26.50000
45.50000 18.00000 -22.00000
45.00000 18.00000 -22.50000
45.50000 18.00000 -14.00000
45.00000 17.50000 -14.00000
45.00000 18.00000 -14.50000
45.00000 19.00000 -32.50000
45.50000 19.00000 -26.00000
45.00000 19.00000 -26.50000
45.50000 19.00000 -23.00000
45.00000 19.00000 -23.50000
45.00000 18.50000 -23.00000
45.50000 19.00000 -15.00000
45.00000 18.50000 -15.00000
45.00000 19.00000 -15.50000
45.00000 20.00000 -33.50000
45.00000 19.50000 -33.00000
45.50000 20.00000 -26.00000
45.00000 20.00000 -26.50000
45.00000 19.50000 -25.00000
45.00000 20.00000 -25.50000
45.00000 19.50000 -24.00000
45.00000 19.50000 -16.00000
45.00000 20.00000 -16.50000
45.50000 21.00000 -34.00000
45.00000 21.00000 -34.50000
45.00000 20.50000 -34.00000
45.00000 20.50000 -26.00000
45.00000 20.50000 -17.00000
45.00000 21.00000 -17.50000
45.00000 22.00000 -34.50000
45.50000 22.00000 -18.00000
45.00000 21.50000 -18.00000
45.00000 22.00000 -18.50000
45.50000 23.00000 -34.00000
45.00000 23.00000 -34.50000
45.50000 23.00000 -19.00000
45.00000 22.50000 -19.00000
45.00000 23.00000 -19.50000
45.00000 23.50000 -34.00000
45.00000 23.50000 -33.00000
45.50000 24.00000 -32.00000
45.00000 24.00000 -32.50000
45.50000 24.00000 -20.00000
45.00000 23.50000 -20.00000
45.00000 24.00000 -20.50000
45.00000 24.50000 -32.00000
45.00000 24.50000 -31.00000
45.50000 25.00000 -30.00000
45.00000 25.00000 -30.50000
45.50000 25.00000 -23.00000
45.50000 25.00000 -22.00000
45.00000 24.50000 -21.00000
45.00000 25.00000 -21.50000
45.50000 25.00000 -21.00000
45.00000 25.50000 -30.00000
45.00000 25.50000 -29.00000
45.00000 25.50000 -28.00000
45.00000 25.50000 -27.00000
45.00000 25.50000 -26.00000
45.00000 25.50000 -25.00000
45.00000 25.50000 -24.00000
45.00000 25.50000 -23.00000
45.00000 25.50000 -22.00000
44.50000 -34.00000 16.00000
44.00000 -33.00000 14.50000
44.00000 -33.50000 15.00000
44.50000 -33.00000 16.00000
44.00000 -33.00000 15.50000
44.50000 -32.00000 13.00000
44.00000 -32.00000 12.50000
44.00000 -32.50000 13.00000
44.00000 -32.50000 14.00000
44.00000 -32.50000 16.00000
44.50000 -32.00000 17.00000
44.00000 -32.00000 16.50000
44.50000 -31.00000 11.00000
44.00000 -31.00000 10.50000
44.00000 -31.50000 11.00000
44.00000 -31.50000 12.00000
44.00000 -31.50000 16.00000
44.00000 -31.00000 15.50000
44.00000 -30.00000 9.50000
44.00000 -30.50000 10.00000
44.50000 -30.00000 15.00000
44.00000 -30.50000 15.00000
44.00000 -30.00000 14.50000
44.00000 -29.00000 -0.50000
44.00000 -29.50000 0.00000
44.00000 -29.50000 1.00000
44.00000 -29.50000 2.00000
44.00000 -29.00000 2.50000
44.00000 -29.00000 8.50000
44.00000 -29.50000 9.00000
44.50000 -29.00000 14.00000
44.00000 -29.50000 14.00000
44.00000 -29.00000 13.50000
44.00000 -28.00000 -0.50000
44.50000 -28.00000 2.00000
44.00000 -28.50000 2.00000
44.00000 -28.00000 1.50000
44.00000 -28.00000 7.50000
44.00000 -28.50000 8.00000
44.50000 -28.00000 11.00000
44.00000 -28.50000 11.00000
44.00000 -28.00000 10.50000
44.50000 -28.00000 12.00000
44.00000 -28.50000 12.00000
44.00000 -28.50000 13.00000
44.00000 -27.00000 -1.50000
44.00000 -27.50000 -1.00000
44.50000 -27.00000 1.00000
44.00000 -27.50000 1.00000
44.00000 -27.00000 0.50000
44.00000 -27.00000 7.50000
44.00000 -27.50000 10.00000
44.00000 -27.00000 9.50000
44.50000 -26.00000 -3.00000
44.00000 -26.00000 -3.50000
44.00000 -26.50000 -3.00000
44.00000 -26.50000 -2.00000
44.50000 -26.00000 0.00000
44.00000 -26.50000 0.00000
44.00000 -26.00000 -0.50000
44.50000 -26.00000 7.00000
44.00000 -26.00000 7.50000
44.00000 -26.50000 9.00000
44.00000 -26.00000 8.50000
44.50000 -25.00000 -6.00000
44.00000 -25.00000 -6.50000
44.00000 -25.50000 -6.00000
44.00000 -25.50000 -5.00000
44.50000 -25.00000 -5.00000
44.00000 -25.50000 -4.00000
44.50000 -25.00000 -1.00000
44.00000 -25.50000 -1.00000
44.00000 -25.00000 -1.50000
44.50000 -25.00000 7.00000
44.00000 -25.50000 8.00000
44.50000 -25.00000 8.00000
44.00000 -24.00000 -6.50000
44.50000 -24.00000 -2.00000
44.00000 -24.50000 -2.00000
44.00000 -24.00000 -2.50000
44.50000 -23.00000 -8.00000
44.50000 -23.00000 -7.00000
44.00000 -23.00000 -6.50000
44.50000 -23.00000 -4.00000
44.00000 -23.50000 -4.00000
44.00000 -23.00000 -4.50000
44.50000 -23.00000 -3.00000
44.00000 -23.50000 -3.00000
44.50000 -22.00000 -8.00000
44.50000 -22.00000 -7.00000
44.00000 -22.50000 -6.00000
44.50000 -22.00000 -6.00000
44.50000 -22.00000 -5.00000
44.00000 -22.50000 -5.00000
44.50000 -22.00000 -4.00000
44.50000 -21.00000 -9.00000
44.50000 -21.00000 -8.00000
44.50000 -21.00000 -7.00000
44.50000 -21.00000 -6.00000
44.50000 -20.00000 -9.00000
44.50000 -20.00000 -8.00000
44.50000 -20.00000 -7.00000
44.50000 -20.00000 -6.00000
44.50000 -20.00000 1.00000
44.00000 -20.00000 0.50000
44.00000 -20.50000 1.00000
44.00000 -20.00000 1.50000
44.50000 -19.00000 -10.00000
44.50000 -19.00000 -9.00000
44.50000 -19.00000 -8.00000
44.50000 -19.00000 -7.00000
44.50000 -19.00000 -1.00000
44.00000 -19.00000 -1.50000
44.00000 -19.50000 -1.00000
44.00000 -19.50000 0.00000
44.00000 -19.00000 1.50000
44.50000 -18.00000 -10.00000
44.50000 -18.00000 -9.00000
44.50000 -18.00000 -8.00000
44.50000 -18.00000 -2.00000
44.00000 -18.00000 -2.50000
44.00000 -18.50000 -2.00000
44.00000 -18.50000 1.00000
44.00000 -18.00000 0.50000
44.50000 -17.00000 -11.00000
44.50000 -17.00000 -10.00000
44.50000 -17.00000 -9.00000
44.50000 -17.00000 -3.00000
44.00000 -17.00000 -3.50000
44.00000 -17.50000 -3.00000
44.00000 -17.00000 0.50000
44.50000 -16.00000 -12.00000
44.50000 -16.00000 -11.00000
44.50000 -16.00000 -10.00000
44.50000 -16.00000 -4.00000
44.00000 -16.00000 -4.50000
44.00000 -16.50000 -4.00000
44.50000 -16.00000 -1.00000
44.00000 -16.50000 -1.00000
44.00000 -16.00000 -1.50000
44.50000 -16.00000 0.00000
44.00000 -16.50000 0.00000
44.50000 -15.00000 -12.00000
44.50000 -15.00000 -11.00000
44.50000 -15.00000 -5.00000
44.00000 -15.00000 -5.50000
44.00000 -15.50000 -5.00000
44.50000 -15.00000 -1.00000
44.00000 -15.00000 -1.50000
44.50000 -14.00000 -6.00000
44.00000 -14.00000 -6.50000
44.00000 -14.50000 -6.00000
44.50000 -14.00000 -2.00000
44.00000 -14.50000 -2.00000
44.00000 -14.00000 -2.50000
44.50000 -13.00000 -7.00000
44.00000 -13.00000 -7.50000
44.00000 -13.50000 -7.00000
44.50000 -13.00000 -3.00000
44.00000 -13.50000 -3.00000
44.00000 -13.00000 -3.50000
44.50000 -12.00000 -8.00000
44.00000 -12.00000 -8.50000
44.00000 -12.50000 -8.00000
44.50000 -12.00000 -4.00000
44.00000 -12.50000 -4.00000
44.00000 -12.00000 -4.50000
44.50000 -12.00000 -3.00000
44.50000 -11.00000 -9.00000
44.00000 -11.00000 -9.50000
44.00000 -11.50000 -9.00000
44.50000 -11.00000 -5.00000
44.00000 -11.50000 -5.00000
44.00000 -11.00000 -5.50000
44.50000 -11.00000 -4.00000
44.50000 -10.00000 -10.00000
44.00000 -10.00000 -10.50000
44.00000 -10.50000 -10.00000
44.50000 -10.00000 -6.00000
44.00000 -10.50000 -6.00000
44.00000 -10.00000 -6.50000
44.50000 -10.00000 -5.00000
44.50000 -9.00000 -11.00000
44.00000 -9.00000 -11.50000
44.00000 -9.50000 -11.00000
44.50000 -9.00000 -7.00000
44.00000 -9.50000 -7.00000
44.00000 -9.00000 -7.50000
44.50000 -9.00000 -6.00000
44.50000 -8.00000 -12.00000
44.00000 -8.00000 -12.50000
44.00000 -8.50000 -12.00000
44.50000 -8.00000 -8.00000
44.00000 -8.50000 -8.00000
44.00000 -8.00000 -8.50000
44.50000 -8.00000 -7.00000
44.50000 -7.00000 -13.00000
44.00000 -7.00000 -13.50000
44.00000 -7.50000 -13.00000
44.50000 -7.00000 -9.00000
44.00000 -7.50000 -9.00000
44.00000 -7.00000 -9.50000
44.50000 -7.00000 -8.00000
44.50000 -6.00000 -14.00000
44.00000 -6.00000 -14.50000
44.00000 -6.50000 -14.00000
44.50000 -6.00000 -9.00000
44.00000 -6.00000 -9.50000
44.50000 -5.00000 -15.00000
44.00000 -5.00000 -15.50000
44.00000 -5.50000 -15.00000
44.50000 -5.00000 -14.00000
44.50000 -5.00000 -10.00000
44.00000 -5.50000 -10.00000
44.00000 -5.00000 -10.50000
44.50000 -4.00000 -15.00000
44.00000 -4.00000 -15.50000
44.50000 -4.00000 -11.00000
44.00000 -4.50000 -11.00000
44.00000 -4.00000 -11.50000
44.50000 -4.00000 -10.00000
44.50000 -3.00000 -16.00000
44.00000 -3.00000 -16.50000
44.00000 -3.50000 -16.00000
44.50000 -3.00000 -11.00000
44.00000 -3.00000 -11.50000
44.50000 -2.00000 -17.00000
44.00000 -2.00000 -17.50000
44.00000 -2.50000 -17.00000
44.50000 -2.00000 -12.00000
44.00000 -2.50000 -12.00000
44.00000 -2.00000 -12.50000
44.50000 -2.00000 -11.00000
44.50000 -1.00000 -18.00000
44.00000 -1.00000 -18.50000
44.00000 -1.50000 -18.00000
44.50000 -1.00000 -17.00000
44.50000 -1.00000 -13.00000
44.00000 -1.50000 -13.00000
44.00000 -1.00000 -13.50000
44.50000 -1.00000 -12.00000
44.50000 0.00000 -18.00000
44.00000 0.00000 -18.50000
44.50000 0.00000 -13.00000
44.00000 0.00000 -13.50000
44.50000 1.00000 -19.00000
44.00000 1.00000 -19.50000
44.00000 0.50000 -19.00000
44.50000 1.00000 -18.00000
44.50000 1.00000 -14.00000
44.00000 0.50000 -14.00000
44.00000 1.00000 -14.50000
44.50000 1.00000 -13.00000
44.50000 2.00000 -19.00000
44.00000 2.00000 -19.50000
44.50000 2.00000 -14.00000
44.00000 2.00000 -14.50000
44.50000 3.00000 -20.00000
44.00000 3.00000 -20.50000
44.00000 2.50000 -20.00000
44.50000 3.00000 -14.00000
44.00000 3.00000 -14.50000
44.50000 4.00000 -26.00000
44.50000 4.00000 -25.00000
44.50000 4.00000 -20.00000
44.00000 4.00000 -20.50000
44.50000 4.00000 -15.00000
44.00000 3.50000 -15.00000
44.00000 4.00000 -15.50000
44.50000 4.00000 -14.00000
44.50000 5.00000 -27.00000
44.50000 5.00000 -26.00000
44.50000 5.00000 -25.00000
44.50000 5.00000 -21.00000
44.00000 5.00000 -21.50000
44.00000 4.50000 -21.00000
44.50000 5.00000 -15.00000
44.00000 5.00000 -15.50000
44.00000 6.00000 -28.50000
44.00000 5.50000 -28.00000
44.00000 5.50000 -27.00000
44.00000 5.50000 -26.00000
44.00000 6.00000 -25.50000
44.50000 6.00000 -25.00000
44.50000 6.00000 -21.00000
44.00000 6.00000 -21.50000
44.50000 6.00000 -16.00000
44.00000 5.50000 -16.00000
44.00000 6.00000 -16.50000
44.50000 6.00000 -15.00000
44.00000 7.00000 -29.50000
44.00000 6.50000 -29.00000
44.50000 7.00000 -25.00000
44.00000 7.00000 -25.50000
44.50000 7.00000 -21.00000
44.00000 7.00000 -21.50000
44.50000 7.00000 -16.00000
44.00000 7.00000 -16.50000
44.50000 7.00000 -15.00000
44.50000 8.00000 -30.00000
44.00000 8.00000 -30.50000
44.00000 7.50000 -30.00000
44.50000 8.00000 -25.00000
44.00000 8.00000 -25.50000
44.50000 8.00000 -21.00000
44.00000 8.00000 -21.50000
44.50000 8.00000 -16.00000
44.00000 8.00000 -16.50000
44.50000 8.00000 -15.00000
44.50000 9.00000 -31.00000
44.00000 9.00000 -31.50000
44.00000 8.50000 -31.00000
44.50000 9.00000 -28.00000
44.50000 9.00000 -25.00000
44.00000 9.00000 -25.50000
44.50000 9.00000 -22.00000
44.00000 9.00000 -22.50000
44.00000 8.50000 -22.00000
44.50000 9.00000 -17.00000
44.00000 8.50000 -17.00000
44.00000 9.00000 -17.50000
44.50000 9.00000 -16.00000
44.50000 10.00000 -31.00000
44.00000 10.00000 -31.50000
44.50000 10.00000 -29.00000
44.50000 10.00000 -28.00000
44.50000 10.00000 -25.00000
44.00000 10.00000 -25.50000
44.50000 10.00000 -22.00000
44.00000 10.00000 -22.50000
44.50000 10.00000 -17.00000
44.00000 10.00000 -17.50000
44.50000 10.00000 -16.00000
44.50000 11.00000 -31.00000
44.00000 11.00000 -31.50000
44.00000 10.50000 -30.00000
44.00000 11.00000 -30.50000
44.50000 11.00000 -29.00000
44.00000 11.00000 -29.50000
44.50000 11.00000 -25.00000
44.00000 11.00000 -25.50000
44.50000 11.00000 -22.00000
44.00000 11.00000 -22.50000
44.50000 11.00000 -17.00000
44.00000 11.00000 -17.50000
44.50000 11.00000 -16.00000
44.00000 11.50000 -31.00000
44.50000 12.00000 -29.00000
44.00000 12.00000 -29.50000
44.50000 12.00000 -26.00000
44.00000 11.50000 -26.00000
44.00000 12.00000 -26.50000
44.50000 12.00000 -25.00000
44.50000 12.00000 -22.00000
44.00000 12.00000 -22.50000
44.00000 11.50000 -17.00000
44.00000 12.00000 -16.50000
44.50000 12.00000 -16.00000
44.50000 12.00000 -15.00000
44.50000 13.00000 -30.00000
44.00000 13.00000 -30.50000
44.00000 12.50000 -30.00000
44.50000 13.00000 -26.00000
44.00000 13.00000 -26.50000
44.50000 13.00000 -25.00000
44.50000 13.00000 -22.00000
44.00000 13.00000 -22.50000
44.00000 12.50000 -16.00000
44.00000 13.00000 -15.50000
44.50000 13.00000 -15.00000
44.50000 14.00000 -30.00000
44.00000 14.00000 -30.50000
44.50000 14.00000 -26.00000
44.00000 14.00000 -26.50000
44.50000 14.00000 -22.00000
44.00000 14.00000 -22.50000
44.00000 13.50000 -15.00000
44.50000 14.00000 -14.00000
44.00000 14.00000 -14.50000
44.50000 15.00000 -31.00000
44.00000 15.00000 -31.50000
44.00000 14.50000 -31.00000
44.50000 15.00000 -26.00000
44.00000 15.00000 -26.50000
44.50000 15.00000 -22.00000
44.00000 15.00000 -22.50000
44.50000 15.00000 -14.00000
44.00000 15.00000 -14.50000
44.50000 16.00000 -32.00000
44.00000 16.00000 -32.50000
44.00000 15.50000 -32.00000
44.50000 16.00000 -26.00000
44.00000 16.00000 -26.50000
44.00000 16.00000 -22.50000
44.50000 16.00000 -14.00000
44.00000 16.00000 -14.50000
44.50000 17.00000 -32.00000
44.00000 17.00000 -32.50000
44.50000 17.00000 -27.00000
44.00000 16.50000 -27.00000
44.00000 17.00000 -27.50000
44.50000 17.00000 -26.00000
44.50000 17.00000 -23.00000
44.00000 17.00000 -23.50000
44.00000 16.50000 -23.00000
44.50000 17.00000 -15.00000
44.00000 16.50000 -15.00000
44.00000 17.00000 -15.50000
44.50000 17.00000 -14.00000
44.50000 18.00000 -33.00000
44.00000 18.00000 -33.50000
44.00000 17.50000 -33.00000
44.50000 18.00000 -27.00000
44.00000 18.00000 -27.50000
44.50000 18.00000 -23.00000
44.00000 18.00000 -23.50000
44.50000 18.00000 -15.00000
44.00000 18.00000 -15.50000
44.50000 19.00000 -33.00000
44.00000 19.00000 -33.50000
44.50000 19.00000 -27.00000
44.00000 19.00000 -27.50000
44.50000 19.00000 -24.00000
44.00000 19.00000 -24.50000
44.00000 18.50000 -24.00000
44.50000 19.00000 -16.00000
44.00000 18.50000 -16.00000
44.00000 19.00000 -16.50000
44.50000 20.00000 -34.00000
44.00000 20.00000 -34.50000
44.00000 19.50000 -34.00000
44.50000 20.00000 -27.00000
44.00000 20.00000 -27.50000
44.00000 20.00000 -25.50000
44.00000 19.50000 -25.00000
44.50000 20.00000 -17.00000
44.00000 19.50000 -17.00000
44.00000 20.00000 -17.50000
44.00000 21.00000 -34.50000
44.00000 20.50000 -27.00000
44.00000 20.50000 -26.00000
44.50000 21.00000 -18.00000
44.00000 20.50000 -18.00000
44.00000 21.00000 -18.50000
44.50000 22.00000 -35.00000
44.00000 22.00000 -35.50000
44.00000 21.50000 -35.00000
44.50000 22.00000 -19.00000
44.00000 21.50000 -19.00000
44.00000 22.00000 -19.50000
44.50000 23.00000 -35.00000
44.00000 23.00000 -35.50000
44.00000 23.00000 -19.50000
44.00000 23.50000 -35.00000
44.00000 23.50000 -34.00000
44.50000 24.00000 -33.00000
44.00000 24.00000 -33.50000
44.00000 23.50000 -20.00000
44.00000 24.00000 -20.50000
44.00000 24.50000 -33.00000
44.50000 25.00000 -32.00000
44.00000 25.00000 -32.50000
44.50000 25.00000 -31.00000
44.00000 24.50000 -21.00000
44.00000 25.00000 -21.50000
44.00000 25.50000 -32.00000
44.00000 25.50000 -31.00000
44.00000 25.50000 -30.00000
44.50000 26.00000 -29.00000
44.00000 26.00000 -29.50000
44.50000 26.00000 -28.00000
44.50000 26.00000 -27.00000
44.50000 26.00000 -26.00000
44.50000 26.00000 -25.00000
44.00000 26.00000 -24.50000
44.00000 25.50000 -24.00000
44.00000 25.50000 -23.00000
44.00000 25.50000 -22.00000
44.00000 26.50000 -29.00000
44.00000 26.50000 -28.00000
44.00000 26.50000 -27.00000
44.00000 26.50000 -26.00000
44.00000 26.50000 -25.00000
43.50000 -33.00000 15.00000
43.00000 -32.00000 12.50000
43.00000 -32.50000 13.00000
43.50000 -32.00000 14.00000
43.00000 -32.00000 13.50000
43.50000 -32.00000 15.00000
43.50000 -32.00000 16.00000
43.00000 -31.00000 10.50000
43.00000 -31.50000 11.00000
43.00000 -31.50000 12.00000
43.00000 -31.50000 14.00000
43.00000 -31.50000 15.00000
43.00000 -31.00000 15.50000
43.00000 -30.00000 9.50000
43.00000 -30.50000 10.00000
43.50000 -30.00000 14.00000
43.00000 -30.50000 14.00000
43.00000 -30.00000 13.50000
43.00000 -30.50000 15.00000
43.50000 -29.00000 0.00000
43.50000 -29.00000 1.00000
43.50000 -29.00000 2.00000
43.00000 -29.00000 8.50000
43.00000 -29.50000 9.00000
43.50000 -29.00000 12.00000
43.00000 -29.50000 12.00000
43.00000 -29.00000 11.50000
43.50000 -29.00000 13.00000
43.00000 -29.50000 13.00000
43.50000 -28.00000 0.00000
43.50000 -28.00000 1.00000
43.00000 -28.00000 7.50000
43.00000 -28.50000 8.00000
43.00000 -28.50000 11.00000
43.00000 -28.00000 10.50000
43.50000 -27.00000 -1.00000
43.50000 -27.00000 0.00000
43.00000 -27.00000 7.50000
43.00000 -27.50000 10.00000
43.00000 -27.00000 9.50000
43.50000 -26.00000 -3.00000
43.50000 -26.00000 -2.00000
43.50000 -26.00000 -1.00000
43.00000 -26.50000 8.00000
43.50000 -26.00000 8.00000
43.00000 -26.50000 9.00000
43.50000 -25.00000 -6.00000
43.50000 -25.00000 -5.00000
43.00000 -25.00000 -4.50000
43.00000 -25.50000 -4.00000
43.50000 -25.00000 -3.00000
43.00000 -25.00000 -3.50000
43.50000 -25.00000 -2.00000
43.50000 -24.00000 -6.00000
43.50000 -24.00000 -5.00000
43.00000 -24.50000 -4.00000
43.50000 -24.00000 -4.00000
43.50000 -24.00000 -3.00000
43.50000 -23.00000 -6.00000
43.50000 -23.00000 -5.00000
43.50000 -20.00000 -1.00000
43.00000 -20.00000 -1.50000
43.00000 -20.50000 -1.00000
43.00000 -20.50000 0.00000
43.50000 -20.00000 0.00000
43.00000 -20.00000 0.50000
43.50000 -20.00000 1.00000
43.50000 -19.00000 -2.00000
43.00000 -19.00000 -2.50000
43.00000 -19.50000 -2.00000
43.00000 -19.00000 0.50000
43.50000 -19.50000 0.50000
43.50000 -19.00000 1.00000
43.50000 -18.00000 -3.00000
43.00000 -18.00000 -3.50000
43.00000 -18.50000 -3.00000
43.50000 -18.00000 0.00000
43.00000 -18.50000 0.00000
43.00000 -18.00000 -0.50000
43.50000 -17.00000 -4.00000
43.00000 -17.00000 -4.50000
43.00000 -17.50000 -4.00000
43.50000 -17.00000 -1.00000
43.00000 -17.50000 -1.00000
43.00000 -17.00000 -1.50000
43.50000 -17.00000 0.00000
43.50000 -16.00000 -5.00000
43.00000 -16.00000 -5.50000
43.00000 -16.50000 -5.00000
43.50000 -16.00000 -2.00000
43.00000 -16.50000 -2.00000
43.00000 -16.00000 -2.50000
43.50000 -15.00000 -6.00000
43.00000 -15.00000 -6.50000
43.00000 -15.50000 -6.00000
43.50000 -15.00000 -2.00000
43.00000 -15.00000 -2.50000
43.50000 -14.00000 -7.00000
43.00000 -14.00000 -7.50000
43.00000 -14.50000 -7.00000
43.50000 -14.00000 -4.00000
43.00000 -14.50000 -4.00000
43.00000 -14.00000 -4.50000
43.50000 -14.00000 -3.00000
43.00000 -14.50000 -3.00000
43.50000 -13.00000 -8.00000
43.00000 -13.00000 -8.50000
43.00000 -13.50000 -8.00000
43.50000 -13.00000 -5.00000
43.00000 -13.50000 -5.00000
43.00000 -13.00000 -5.50000
43.50000 -13.00000 -4.00000
43.50000 -12.00000 -9.00000
43.00000 -12.00000 -9.50000
43.00000 -12.50000 -9.00000
43.50000 -12.00000 -6.00000
43.00000 -12.50000 -6.00000
43.00000 -12.00000 -6.50000
43.50000 -12.00000 -5.00000
43.50000 -11.00000 -10.00000
43.00000 -11.00000 -10.50000
43.00000 -11.50000 -10.00000
43.50000 -11.00000 -7.00000
43.00000 -11.50000 -7.00000
43.00000 -11.00000 -7.50000
43.50000 -11.00000 -6.00000
43.50000 -10.00000 -12.00000
43.00000 -10.00000 -12.50000
43.00000 -10.50000 -12.00000
43.00000 -10.50000 -11.00000
43.50000 -10.00000 -11.00000
43.50000 -10.00000 -8.00000
43.00000 -10.50000 -8.00000
43.00000 -10.00000 -8.50000
43.50000 -10.00000 -7.00000
43.50000 -9.00000 -12.00000
43.00000 -9.00000 -12.50000
43.50000 -9.00000 -9.00000
43.00000 -9.50000 -9.00000
43.00000 -9.00000 -9.50000
43.50000 -9.00000 -8.00000
43.50000 -8.00000 -13.00000
43.00000 -8.00000 -13.50000
43.00000 -8.50000 -13.00000
43.50000 -8.00000 -9.00000
43.00000 -8.00000 -9.50000
43.50000 -7.00000 -14.00000
43.00000 -7.00000 -14.50000
43.00000 -7.50000 -14.00000
43.50000 -7.00000 -10.00000
43.00000 -7.50000 -10.00000
43.00000 -7.00000 -10.50000
43.50000 -6.00000 -15.00000
43.00000 -6.00000 -15.50000
43.00000 -6.50000 -15.00000
43.50000 -6.00000 -11.00000
43.00000 -6.50000 -11.00000
43.00000 -6.00000 -11.50000
43.50000 -6.00000 -10.00000
43.50000 -5.00000 -16.00000
43.00000 -5.00000 -16.50000
43.00000 -5.50000 -16.00000
43.50000 -5.00000 -11.00000
43.00000 -5.00000 -11.50000
43.50000 -4.00000 -16.00000
43.00000 -4.00000 -16.50000
43.50000 -4.00000 -12.00000
43.00000 -4.50000 -12.00000
43.00000 -4.00000 -12.50000
43.50000 -3.00000 -17.00000
43.00000 -3.00000 -17.50000
43.00000 -3.50000 -17.00000
43.50000 -3.00000 -13.00000
43.00000 -3.50000 -13.00000
43.00000 -3.00000 -13.50000
43.50000 -3.00000 -12.00000
43.50000 -2.00000 -18.00000
43.00000 -2.00000 -18.50000
43.00000 -2.50000 -18.00000
43.50000 -2.00000 -14.00000
43.00000 -2.50000 -14.00000
43.00000 -2.00000 -14.50000
43.50000 -2.00000 -13.00000
43.00000 -1.00000 -18.50000
43.50000 -1.00000 -14.00000
43.00000 -1.00000 -14.50000
43.50000 0.00000 -19.00000
43.00000 0.00000 -19.50000
43.00000 -0.50000 -19.00000
43.50000 0.00000 -15.00000
43.00000 -0.50000 -15.00000
43.00000 0.00000 -15.50000
43.50000 0.00000 -14.00000
43.50000 1.00000 -20.00000
43.00000 1.00000 -20.50000
43.00000 0.50000 -20.00000
43.50000 1.00000 -15.00000
43.00000 1.00000 -15.50000
43.50000 2.00000 -20.00000
43.00000 2.00000 -20.50000
43.50000 2.00000 -16.00000
43.00000 1.50000 -16.00000
43.00000 2.00000 -16.50000
43.50000 2.00000 -15.00000
43.50000 3.00000 -21.00000
43.00000 3.00000 -21.50000
43.00000 2.50000 -21.00000
43.50000 3.00000 -16.00000
43.00000 3.00000 -16.50000
43.50000 3.00000 -15.00000
43.50000 4.00000 -21.00000
43.00000 4.00000 -21.50000
43.50000 4.00000 -17.00000
43.00000 3.50000 -17.00000
43.00000 4.00000 -17.50000
43.50000 4.00000 -16.00000
43.50000 5.00000 -22.00000
43.00000 5.00000 -22.50000
43.00000 4.50000 -22.00000
43.50000 5.00000 -17.00000
43.00000 5.00000 -17.50000
43.50000 5.00000 -16.00000
43.50000 6.00000 -28.00000
43.50000 6.00000 -27.00000
43.50000 6.00000 -26.00000
43.50000 6.00000 -22.00000
43.00000 6.00000 -22.50000
43.50000 6.00000 -17.00000
43.00000 6.00000 -17.50000
43.50000 7.00000 -29.00000
43.00000 7.00000 -28.50000
43.00000 6.50000 -28.00000
43.00000 7.00000 -27.50000
43.50000 7.00000 -27.00000
43.50000 7.00000 -26.00000
43.50000 7.00000 -22.00000
43.00000 7.00000 -22.50000
43.50000 7.00000 -17.00000
43.00000 7.00000 -17.50000
43.00000 8.00000 -30.50000
43.00000 7.50000 -30.00000
43.00000 7.50000 -29.00000
43.50000 8.00000 -27.00000
43.00000 8.00000 -27.50000
43.50000 8.00000 -26.00000
43.50000 8.00000 -22.00000
43.00000 8.00000 -22.50000
43.50000 8.00000 -18.00000
43.00000 7.50000 -18.00000
43.00000 8.00000 -18.50000
43.50000 8.00000 -17.00000
43.00000 9.00000 -31.50000
43.00000 8.50000 -31.00000
43.50000 9.00000 -27.00000
43.00000 9.00000 -27.50000
43.50000 9.00000 -26.00000
43.50000 9.00000 -23.00000
43.00000 9.00000 -23.50000
43.00000 8.50000 -23.00000
43.50000 9.00000 -18.00000
43.00000 9.00000 -18.50000
43.00000 10.00000 -31.50000
43.50000 10.00000 -27.00000
43.00000 10.00000 -27.50000
43.50000 10.00000 -26.00000
43.50000 10.00000 -23.00000
43.00000 10.00000 -23.50000
43.50000 10.00000 -18.00000
43.00000 10.00000 -18.50000
43.00000 11.00000 -31.50000
43.50000 11.00000 -30.00000
43.50000 11.00000 -27.00000
43.00000 11.00000 -27.50000
43.50000 11.00000 -26.00000
43.50000 11.00000 -23.00000
43.00000 11.00000 -23.50000
43.50000 11.00000 -18.00000
43.00000 11.00000 -18.50000
43.00000 11.50000 -31.00000
43.50000 12.00000 -30.00000
43.00000 12.00000 -30.50000
43.50000 12.00000 -27.00000
43.00000 12.00000 -27.50000
43.50000 12.00000 -23.00000
43.00000 12.00000 -23.50000
43.50000 12.00000 -18.00000
43.00000 12.00000 -18.50000
43.50000 12.00000 -17.00000
43.00000 13.00000 -30.50000
43.50000 13.00000 -27.00000
43.00000 13.00000 -27.50000
43.50000 13.00000 -23.00000
43.00000 13.00000 -23.50000
43.00000 12.50000 -18.00000
43.00000 13.00000 -17.50000
43.50000 13.00000 -17.00000
43.50000 13.00000 -16.00000
43.50000 14.00000 -31.00000
43.00000 14.00000 -31.50000
43.00000 13.50000 -31.00000
43.50000 14.00000 -27.00000
43.00000 14.00000 -27.50000
43.50000 14.00000 -23.00000
43.00000 14.00000 -23.50000
43.00000 13.50000 -17.00000
43.00000 14.00000 -16.50000
43.50000 14.00000 -16.00000
43.50000 14.00000 -15.00000
43.50000 15.00000 -32.00000
43.00000 15.00000 -32.50000
43.00000 14.50000 -32.00000
43.50000 15.00000 -27.00000
43.00000 15.00000 -27.50000
43.50000 15.00000 -23.00000
43.00000 15.00000 -23.50000
43.50000 15.00000 -16.00000
43.00000 15.00000 -16.50000
43.50000 15.00000 -15.00000
43.50000 16.00000 -33.00000
43.00000 16.00000 -33.50000
43.00000 15.50000 -33.00000
43.50000 16.00000 -27.00000
43.00000 16.00000 -27.50000
43.50000 16.00000 -23.00000
43.00000 16.00000 -23.50000
43.50000 16.00000 -16.00000
43.00000 16.00000 -16.50000
43.50000 16.00000 -15.00000
43.50000 17.00000 -33.00000
43.00000 17.00000 -33.50000
43.50000 17.00000 -28.00000
43.00000 16.50000 -28.00000
43.00000 17.00000 -28.50000
43.50000 17.00000 -24.00000
43.00000 17.00000 -24.50000
43.00000 16.50000 -24.00000
43.50000 17.00000 -16.00000
43.00000 17.00000 -16.50000
43.00000 18.00000 -33.50000
43.50000 18.00000 -28.00000
43.00000 18.00000 -28.50000
43.50000 18.00000 -24.00000
43.00000 18.00000 -24.50000
43.50000 18.00000 -16.00000
43.00000 18.00000 -16.50000
43.00000 19.00000 -33.50000
43.50000 19.00000 -28.00000
43.00000 19.00000 -28.50000
43.00000 19.00000 -24.50000
43.50000 19.00000 -17.00000
43.00000 18.50000 -17.00000
43.00000 19.00000 -17.50000
43.00000 20.00000 -34.50000
43.00000 19.50000 -34.00000
43.50000 20.00000 -28.00000
43.00000 20.00000 -28.50000
43.00000 20.00000 -25.50000
43.00000 19.50000 -25.00000
43.50000 20.00000 -18.00000
43.00000 19.50000 -18.00000
43.00000 20.00000 -18.50000
43.00000 20.50000 -34.00000
43.50000 21.00000 -34.00000
43.00000 21.00000 -33.50000
43.00000 20.50000 -28.00000
43.00000 20.50000 -27.00000
43.00000 20.50000 -26.00000
43.50000 21.00000 -19.00000
43.00000 20.50000 -19.00000
43.00000 21.00000 -19.50000
43.50000 22.00000 -35.00000
43.50000 22.00000 -34.00000
43.00000 22.00000 -33.50000
43.00000 22.00000 -19.50000
43.50000 23.00000 -35.00000
43.50000 23.00000 -34.00000
43.00000 22.50000 -33.00000
43.50000 23.00000 -33.00000
43.00000 23.00000 -32.50000
43.50000 23.00000 -20.00000
43.00000 22.50000 -20.00000
43.00000 23.00000 -20.50000
43.50000 24.00000 -33.00000
43.00000 24.00000 -32.50000
43.50000 24.00000 -21.00000
43.00000 23.50000 -21.00000
43.00000 24.00000 -21.50000
43.00000 25.00000 -32.50000
43.50000 25.00000 -22.00000
43.00000 24.50000 -22.00000
43.00000 25.00000 -22.50000
43.00000 25.50000 -32.00000
43.50000 26.00000 -31.00000
43.00000 26.00000 -31.50000
43.50000 26.00000 -30.00000
43.50000 26.00000 -24.00000
43.00000 26.00000 -23.50000
43.00000 25.50000 -23.00000
43.00000 26.50000 -31.00000
43.00000 26.50000 -30.00000
43.00000 26.50000 -29.00000
43.00000 26.50000 -28.00000
43.00000 26.50000 -27.00000
43.00000 26.50000 -26.00000
43.00000 26.50000 -25.00000
43.00000 26.50000 -24.00000
42.50000 -32.00000 12.00000
42.00000 -32.00000 11.50000
42.00000 -32.50000 12.00000
42.00000 -32.00000 12.50000
42.50000 -32.00000 13.00000
42.00000 -31.00000 10.50000
42.00000 -31.50000 11.00000
42.00000 -31.50000 13.00000
42.00000 -31.50000 14.00000
42.50000 -31.00000 15.00000
42.00000 -31.00000 14.50000
42.00000 -30.00000 9.50000
42.00000 -30.50000 10.00000
42.50000 -30.00000 13.00000
42.00000 -30.50000 13.00000
42.00000 -30.00000 12.50000
42.00000 -30.50000 14.00000
42.00000 -29.00000 8.50000
42.00000 -29.50000 9.00000
42.50000 -29.00000 11.00000
42.00000 -29.50000 11.00000
42.00000 -29.00000 10.50000
42.00000 -29.50000 12.00000
42.50000 -28.00000 8.00000
42.00000 -28.00000 8.50000
42.50000 -28.00000 10.00000
42.00000 -28.50000 10.00000
42.00000 -28.00000 9.50000
42.50000 -27.00000 8.00000
42.00000 -27.50000 9.00000
42.50000 -27.00000 9.00000
42.50000 -25.00000 -4.00000
42.50000 -21.00000 0.00000
42.00000 -21.00000 -0.50000
42.00000 -21.50000 0.00000
42.00000 -21.00000 0.50000
42.50000 -20.00000 -2.00000
42.00000 -20.00000 -2.50000
42.00000 -20.50000 -2.00000
42.00000 -20.50000 -1.00000
42.00000 -20.00000 0.50000
42.50000 -19.00000 -3.00000
42.00000 -19.00000 -3.50000
42.00000 -19.50000 -3.00000
42.00000 -19.00000 0.50000
42.50000 -18.00000 -4.00000
42.00000 -18.00000 -4.50000
42.00000 -18.50000 -4.00000
42.50000 -18.00000 -1.00000
42.00000 -18.50000 -1.00000
42.00000 -18.00000 -1.50000
42.00000 -18.50000 0.00000
42.50000 -17.00000 -5.00000
42.00000 -17.00000 -5.50000
42.00000 -17.50000 -5.00000
42.50000 -17.00000 -2.00000
42.00000 -17.50000 -2.00000
42.00000 -17.00000 -2.50000
42.50000 -16.00000 -6.00000
42.00000 -16.00000 -6.50000
42.00000 -16.50000 -6.00000
42.50000 -16.00000 -3.00000
42.00000 -16.50000 -3.00000
42.00000 -16.00000 -3.50000
42.50000 -15.00000 -7.00000
42.00000 -15.00000 -7.50000
42.00000 -15.50000 -7.00000
42.50000 -15.00000 -4.00000
42.00000 -15.50000 -4.00000
42.00000 -15.00000 -4.50000
42.50000 -15.00000 -3.00000
42.50000 -14.00000 -8.00000
42.00000 -14.00000 -8.50000
42.00000 -14.50000 -8.00000
42.50000 -14.00000 -5.00000
42.00000 -14.50000 -5.00000
42.00000 -14.00000 -5.50000
42.50000 -13.00000 -9.00000
42.00000 -13.00000 -9.50000
42.00000 -13.50000 -9.00000
42.50000 -13.00000 -6.00000
42.00000 -13.50000 -6.00000
42.00000 -13.00000 -6.50000
42.50000 -12.00000 -10.00000
42.00000 -12.00000 -10.50000
42.00000 -12.50000 -10.00000
42.50000 -12.00000 -7.00000
42.00000 -12.50000 -7.00000
42.00000 -12.00000 -7.50000
42.50000 -11.00000 -11.00000
42.00000 -11.00000 -11.50000
42.00000 -11.50000 -11.00000
42.50000 -11.00000 -8.00000
42.00000 -11.50000 -8.00000
42.00000 -11.00000 -8.50000
42.00000 -10.00000 -12.50000
42.00000 -10.50000 -12.00000
42.50000 -10.00000 -9.00000
42.00000 -10.50000 -9.00000
42.00000 -10.00000 -9.50000
42.50000 -9.00000 -13.00000
42.00000 -9.00000 -13.50000
42.00000 -9.50000 -13.00000
42.00000 -9.00000 -9.50000
42.50000 -8.00000 -14.00000
42.00000 -8.00000 -14.50000
42.00000 -8.50000 -14.00000
42.50000 -8.00000 -10.00000
42.00000 -8.50000 -10.00000
42.00000 -8.00000 -10.50000
42.00000 -7.00000 -14.50000
42.50000 -7.00000 -11.00000
42.00000 -7.50000 -11.00000
42.00000 -7.00000 -11.50000
42.00000 -6.00000 -15.50000
42.00000 -6.50000 -15.00000
42.50000 -6.00000 -12.00000
42.00000 -6.50000 -12.00000
42.00000 -6.00000 -12.50000
42.00000 -5.00000 -16.50000
42.00000 -5.50000 -16.00000
42.50000 -5.00000 -12.00000
42.00000 -5.00000 -12.50000
42.50000 -4.00000 -17.00000
42.00000 -4.00000 -17.50000
42.00000 -4.50000 -17.00000
42.50000 -4.00000 -13.00000
42.00000 -4.50000 -13.00000
42.00000 -4.00000 -13.50000
42.00000 -3.00000 -17.50000
42.50000 -3.00000 -14.00000
42.00000 -3.50000 -14.00000
42.00000 -3.00000 -14.50000
42.00000 -2.00000 -18.50000
42.00000 -2.50000 -18.00000
42.50000 -2.00000 -15.00000
42.00000 -2.50000 -15.00000
42.00000 -2.00000 -15.50000
42.50000 -1.00000 -19.00000
42.00000 -1.00000 -19.50000
42.00000 -1.50000 -19.00000
42.50000 -1.00000 -16.00000
42.00000 -1.50000 -16.00000
42.00000 -1.00000 -16.50000
42.50000 -1.00000 -15.00000
42.00000 0.00000 -19.50000
42.50000 0.00000 -16.00000
42.00000 0.00000 -16.50000
42.00000 1.00000 -20.50000
42.00000 0.50000 -20.00000
42.50000 1.00000 -17.00000
42.00000 0.50000 -17.00000
42.00000 1.00000 -17.50000
42.50000 1.00000 -16.00000
42.50000 2.00000 -21.00000
42.00000 2.00000 -21.50000
42.00000 1.50000 -21.00000
42.50000 2.00000 -17.00000
42.00000 2.00000 -17.50000
42.00000 3.00000 -21.50000
42.50000 3.00000 -18.00000
42.00000 2.50000 -18.00000
42.00000 3.00000 -18.50000
42.50000 3.00000 -17.00000
42.50000 4.00000 -22.00000
42.00000 4.00000 -22.50000
42.00000 3.50000 -22.00000
42.50000 4.00000 -18.00000
42.00000 4.00000 -18.50000
42.00000 5.00000 -22.50000
42.50000 5.00000 -18.00000
42.00000 5.00000 -18.50000
42.50000 6.00000 -23.00000
42.00000 6.00000 -23.50000
42.00000 5.50000 -23.00000
42.50000 6.00000 -18.00000
42.00000 6.00000 -18.50000
42.50000 7.00000 -28.00000
42.50000 7.00000 -23.00000
42.00000 7.00000 -23.50000
42.50000 7.00000 -18.00000
42.00000 7.00000 -18.50000
42.50000 8.00000 -30.00000
42.50000 8.00000 -29.00000
42.50000 8.00000 -28.00000
42.50000 8.00000 -23.00000
42.00000 8.00000 -23.50000
42.50000 8.00000 -19.00000
42.00000 7.50000 -19.00000
42.00000 8.00000 -19.50000
42.50000 9.00000 -31.00000
42.00000 9.00000 -30.50000
42.00000 8.50000 -30.00000
42.00000 9.00000 -29.50000
42.50000 9.00000 -29.00000
42.50000 9.00000 -28.00000
42.00000 9.00000 -23.50000
42.50000 9.00000 -19.00000
42.00000 9.00000 -19.50000
42.50000 10.00000 -32.00000
42.00000 10.00000 -32.50000
42.00000 9.50000 -32.00000
42.00000 9.50000 -31.00000
42.00000 9.50000 -29.00000
42.00000 10.00000 -28.50000
42.50000 10.00000 -28.00000
42.00000 10.00000 -23.50000
42.50000 10.00000 -19.00000
42.00000 10.00000 -19.50000
42.50000 11.00000 -32.00000
42.00000 11.00000 -32.50000
42.50000 11.00000 -28.00000
42.00000 11.00000 -28.50000
42.50000 11.00000 -24.00000
42.00000 11.00000 -24.50000
42.00000 10.50000 -24.00000
42.50000 11.00000 -19.00000
42.00000 11.00000 -19.50000
42.50000 12.00000 -32.00000
42.00000 12.00000 -32.50000
42.50000 12.00000 -31.00000
42.50000 12.00000 -28.00000
42.00000 12.00000 -28.50000
42.50000 12.00000 -24.00000
42.00000 12.00000 -24.50000
42.50000 12.00000 -19.00000
42.00000 12.00000 -19.50000
42.50000 13.00000 -33.00000
42.00000 13.00000 -33.50000
42.00000 12.50000 -33.00000
42.50000 13.00000 -32.00000
42.50000 13.00000 -31.00000
42.50000 13.00000 -28.00000
42.00000 13.00000 -28.50000
42.50000 13.00000 -24.00000
42.00000 13.00000 -24.50000
42.00000 12.50000 -19.00000
42.50000 13.00000 -18.00000
42.00000 13.00000 -18.50000
42.00000 13.50000 -33.00000
42.50000 14.00000 -32.00000
42.00000 14.00000 -32.50000
42.50000 14.00000 -28.00000
42.00000 14.00000 -28.50000
42.50000 14.00000 -24.00000
42.00000 14.00000 -24.50000
42.00000 13.50000 -18.00000
42.50000 14.00000 -17.00000
42.00000 14.00000 -17.50000
42.50000 15.00000 -33.00000
42.00000 15.00000 -33.50000
42.00000 14.50000 -33.00000
42.50000 15.00000 -28.00000
42.00000 15.00000 -28.50000
42.50000 15.00000 -24.00000
42.00000 15.00000 -24.50000
42.50000 15.00000 -17.00000
42.00000 15.00000 -17.50000
42.50000 16.00000 -34.00000
42.00000 16.00000 -34.50000
42.00000 15.50000 -34.00000
42.50000 16.00000 -29.00000
42.00000 15.50000 -29.00000
42.00000 16.00000 -29.50000
42.50000 16.00000 -28.00000
42.50000 16.00000 -24.00000
42.00000 16.00000 -24.50000
42.50000 16.00000 -17.00000
42.00000 16.00000 -17.50000
42.50000 17.00000 -34.00000
42.00000 17.00000 -34.50000
42.50000 17.00000 -29.00000
42.00000 17.00000 -29.50000
42.50000 17.00000 -25.00000
42.00000 17.00000 -25.50000
42.00000 16.50000 -25.00000
42.50000 17.00000 -17.00000
42.00000 17.00000 -17.50000
42.50000 18.00000 -34.00000
42.00000 18.00000 -34.50000
42.50000 18.00000 -29.00000
42.00000 18.00000 -29.50000
42.50000 18.00000 -25.00000
42.00000 18.00000 -25.50000
42.50000 18.00000 -17.00000
42.00000 18.00000 -17.50000
42.50000 19.00000 -34.00000
42.00000 19.00000 -34.50000
42.50000 19.00000 -29.00000
42.00000 19.00000 -29.50000
42.50000 19.00000 -25.00000
42.00000 19.00000 -25.50000
42.50000 19.00000 -18.00000
42.00000 18.50000 -18.00000
42.00000 19.00000 -18.50000
42.50000 20.00000 -34.00000
42.00000 19.50000 -34.00000
42.00000 20.00000 -33.50000
42.50000 20.00000 -29.00000
42.00000 20.00000 -29.50000
42.50000 20.00000 -26.00000
42.00000 20.00000 -26.50000
42.00000 19.50000 -26.00000
42.50000 20.00000 -19.00000
42.00000 19.50000 -19.00000
42.00000 20.00000 -19.50000
42.00000 21.00000 -33.50000
42.50000 21.00000 -29.00000
42.00000 21.00000 -29.50000
42.00000 20.50000 -28.00000
42.00000 21.00000 -28.50000
42.00000 20.50000 -27.00000
42.00000 21.00000 -19.50000
42.00000 21.50000 -33.00000
42.50000 22.00000 -33.00000
42.50000 22.00000 -32.00000
42.00000 21.50000 -32.00000
42.00000 22.00000 -31.50000
42.00000 21.50000 -29.00000
42.50000 22.00000 -20.00000
42.00000 21.50000 -20.00000
42.00000 22.00000 -20.50000
42.50000 23.00000 -32.00000
42.00000 22.50000 -31.00000
42.50000 23.00000 -31.00000
42.00000 23.00000 -30.50000
42.50000 23.00000 -21.00000
42.00000 22.50000 -21.00000
42.00000 23.00000 -21.50000
42.50000 24.00000 -32.00000
42.50000 24.00000 -31.00000
42.00000 23.50000 -30.00000
42.50000 24.00000 -30.00000
42.00000 24.00000 -29.50000
42.00000 24.00000 -21.50000
42.50000 25.00000 -32.00000
42.50000 25.00000 -31.00000
42.50000 25.00000 -30.00000
42.00000 25.00000 -29.50000
42.00000 24.50000 -22.00000
42.00000 25.00000 -22.50000
42.50000 26.00000 -31.00000
42.50000 26.00000 -30.00000
42.00000 26.00000 -29.50000
42.50000 26.00000 -24.00000
42.00000 25.50000 -24.00000
42.00000 26.00000 -24.50000
42.00000 25.50000 -23.00000
42.00000 26.50000 -29.00000
42.00000 26.50000 -28.00000
42.00000 26.50000 -27.00000
42.00000 26.50000 -26.00000
42.00000 26.50000 -25.00000
41.00000 -32.00000 11.50000
41.00000 -32.50000 12.00000
41.00000 -32.00000 12.50000
41.00000 -31.00000 10.50000
41.00000 -31.50000 11.00000
41.00000 -31.50000 13.00000
41.50000 -31.00000 14.00000
41.00000 -31.00000 13.50000
41.00000 -30.00000 9.50000
41.00000 -30.50000 10.00000
41.00000 -30.50000 13.00000
41.00000 -30.00000 12.50000
41.50000 -29.00000 9.00000
41.00000 -29.00000 9.50000
41.00000 -29.50000 11.00000
41.00000 -29.00000 10.50000
41.00000 -29.50000 12.00000
41.50000 -28.00000 9.00000
41.00000 -28.50000 10.00000
41.50000 -22.00000 0.00000
41.00000 -22.00000 -0.50000
41.00000 -22.50000 0.00000
41.00000 -22.00000 0.50000
41.50000 -21.00000 0.00000
41.00000 -21.50000 0.00000
41.50000 -20.00000 -3.00000
41.00000 -20.00000 -3.50000
41.00000 -20.50000 -3.00000
41.00000 -20.50000 -2.00000
41.00000 -20.50000 -1.00000
41.00000 -20.50000 0.00000
41.00000 -20.00000 0.50000
41.50000 -19.00000 -4.00000
41.00000 -19.00000 -4.50000
41.00000 -19.50000 -4.00000
41.50000 -19.00000 0.00000
41.00000 -19.50000 0.00000
41.00000 -19.00000 -0.50000
41.50000 -18.00000 -5.00000
41.00000 -18.00000 -5.50000
41.00000 -18.50000 -5.00000
41.50000 -18.00000 -2.00000
41.00000 -18.50000 -2.00000
41.00000 -18.00000 -2.50000
41.00000 -18.50000 -1.00000
41.50000 -17.00000 -6.00000
41.00000 -17.00000 -6.50000
41.00000 -17.50000 -6.00000
41.50000 -17.00000 -3.00000
41.00000 -17.50000 -3.00000
41.00000 -17.00000 -3.50000
41.50000 -16.00000 -7.00000
41.00000 -16.00000 -7.50000
41.00000 -16.50000 -7.00000
41.50000 -16.00000 -4.00000
41.00000 -16.50000 -4.00000
41.00000 -16.00000 -4.50000
41.50000 -15.00000 -8.00000
41.00000 -15.00000 -8.50000
41.00000 -15.50000 -8.00000
41.50000 -15.00000 -5.00000
41.00000 -15.50000 -5.00000
41.00000 -15.00000 -5.50000
41.50000 -14.00000 -9.00000
41.00000 -14.00000 -9.50000
41.00000 -14.50000 -9.00000
41.50000 -14.00000 -6.00000
41.00000 -14.50000 -6.00000
41.00000 -14.00000 -6.50000
41.00000 -13.00000 -9.50000
41.50000 -13.00000 -7.00000
41.00000 -13.50000 -7.00000
41.00000 -13.00000 -7.50000
41.00000 -12.00000 -10.50000
41.00000 -12.50000 -10.00000
41.50000 -12.00000 -8.00000
41.00000 -12.50000 -8.00000
41.00000 -12.00000 -8.50000
41.00000 -11.00000 -11.50000
41.00000 -11.50000 -11.00000
41.50000 -11.00000 -9.00000
41.00000 -11.50000 -9.00000
41.00000 -11.00000 -9.50000
41.00000 -10.00000 -12.50000
41.00000 -10.50000 -12.00000
41.00000 -10.00000 -9.50000
41.00000 -9.00000 -13.50000
41.00000 -9.50000 -13.00000
41.50000 -9.00000 -10.00000
41.00000 -9.50000 -10.00000
41.00000 -9.00000 -10.50000
41.00000 -8.00000 -14.50000
41.00000 -8.50000 -14.00000
41.50000 -8.00000 -11.00000
41.00000 -8.50000 -11.00000
41.00000 -8.00000 -11.50000
41.00000 -7.00000 -14.50000
41.50000 -7.00000 -12.00000
41.00000 -7.50000 -12.00000
41.00000 -7.00000 -12.50000
41.00000 -6.00000 -15.50000
41.00000 -6.50000 -15.00000
41.00000 -6.00000 -12.50000
41.00000 -5.00000 -16.50000
41.00000 -5.50000 -16.00000
41.50000 -5.00000 -13.00000
41.00000 -5.50000 -13.00000
41.00000 -5.00000 -13.50000
41.00000 -4.00000 -17.50000
41.00000 -4.50000 -17.00000
41.50000 -4.00000 -14.00000
41.00000 -4.50000 -14.00000
41.00000 -4.00000 -14.50000
41.50000 -3.00000 -18.00000
41.00000 -3.00000 -18.50000
41.00000 -3.50000 -18.00000
41.50000 -3.00000 -15.00000
41.00000 -3.50000 -15.00000
41.00000 -3.00000 -15.50000
41.00000 -2.00000 -18.50000
41.50000 -2.00000 -16.00000
41.00000 -2.50000 -16.00000
41.00000 -2.00000 -16.50000
41.00000 -1.00000 -19.50000
41.00000 -1.50000 -19.00000
41.00000 -1.00000 -16.50000
41.50000 0.00000 -20.00000
41.00000 0.00000 -20.50000
41.00000 -0.50000 -20.00000
41.50000 0.00000 -17.00000
41.00000 -0.50000 -17.00000
41.00000 0.00000 -17.50000
41.00000 1.00000 -20.50000
41.00000 1.00000 -17.50000
41.00000 2.00000 -21.50000
41.00000 1.50000 -21.00000
41.50000 2.00000 -18.00000
41.00000 1.50000 -18.00000
41.00000 2.00000 -18.50000
41.50000 3.00000 -22.00000
41.00000 3.00000 -22.50000
41.00000 2.50000 -22.00000
41.50000 3.00000 -19.00000
41.00000 2.50000 -19.00000
41.00000 3.00000 -19.50000
41.00000 4.00000 -22.50000
41.50000 4.00000 -19.00000
41.00000 4.00000 -19.50000
41.50000 5.00000 -23.00000
41.00000 5.00000 -23.50000
41.00000 4.50000 -23.00000
41.50000 5.00000 -19.00000
41.00000 5.00000 -19.50000
41.00000 6.00000 -23.50000
41.50000 6.00000 -19.00000
41.00000 6.00000 -19.50000
41.00000 7.00000 -23.50000
41.50000 7.00000 -19.00000
41.00000 7.00000 -19.50000
41.50000 8.00000 -24.00000
41.00000 8.00000 -24.50000
41.00000 7.50000 -24.00000
41.00000 8.00000 -19.50000
41.50000 9.00000 -30.00000
41.50000 9.00000 -24.00000
41.00000 9.00000 -24.50000
41.00000 9.00000 -19.50000
41.50000 10.00000 -32.00000
41.50000 10.00000 -31.00000
41.50000 10.00000 -30.00000
41.50000 10.00000 -29.00000
41.50000 10.00000 -24.00000
41.00000 10.00000 -24.50000
41.50000 10.00000 -20.00000
41.00000 9.50000 -20.00000
41.00000 10.00000 -20.50000
41.00000 11.00000 -32.50000
41.00000 10.50000 -32.00000
41.00000 10.50000 -31.00000
41.00000 11.00000 -30.50000
41.50000 11.00000 -30.00000
41.50000 11.00000 -29.00000
41.00000 11.00000 -24.50000
41.50000 11.00000 -20.00000
41.00000 11.00000 -20.50000
41.50000 12.00000 -33.00000
41.00000 12.00000 -33.50000
41.00000 11.50000 -33.00000
41.00000 11.50000 -30.00000
41.00000 12.00000 -29.50000
41.50000 12.00000 -29.00000
41.00000 12.00000 -24.50000
41.50000 12.00000 -20.00000
41.00000 12.00000 -20.50000
41.00000 13.00000 -33.50000
41.50000 13.00000 -29.00000
41.00000 13.00000 -29.50000
41.50000 13.00000 -25.00000
41.00000 13.00000 -25.50000
41.00000 12.50000 -25.00000
41.50000 13.00000 -20.00000
41.00000 13.00000 -20.50000
41.50000 13.00000 -19.00000
41.50000 14.00000 -33.00000
41.00000 14.00000 -33.50000
41.50000 14.00000 -29.00000
41.00000 14.00000 -29.50000
41.50000 14.00000 -25.00000
41.00000 14.00000 -25.50000
41.00000 13.50000 -20.00000
41.00000 14.00000 -19.50000
41.50000 14.00000 -19.00000
41.50000 14.00000 -18.00000
41.00000 15.00000 -33.50000
41.50000 15.00000 -30.00000
41.00000 14.50000 -30.00000
41.00000 15.00000 -30.50000
41.50000 15.00000 -29.00000
41.50000 15.00000 -25.00000
41.00000 15.00000 -25.50000
41.00000 14.50000 -19.00000
41.00000 15.00000 -18.50000
41.50000 15.00000 -18.00000
41.00000 16.00000 -34.50000
41.00000 15.50000 -34.00000
41.50000 16.00000 -30.00000
41.00000 16.00000 -30.50000
41.50000 16.00000 -26.00000
41.00000 16.00000 -26.50000
41.00000 15.50000 -26.00000
41.50000 16.00000 -25.00000
41.50000 16.00000 -18.00000
41.00000 16.00000 -18.50000
41.00000 17.00000 -34.50000
41.50000 17.00000 -30.00000
41.00000 17.00000 -30.50000
41.50000 17.00000 -26.00000
41.00000 17.00000 -26.50000
41.50000 17.00000 -18.00000
41.00000 17.00000 -18.50000
41.00000 18.00000 -34.50000
41.50000 18.00000 -30.00000
41.00000 18.00000 -30.50000
41.50000 18.00000 -26.00000
41.00000 18.00000 -26.50000
41.50000 18.00000 -18.00000
41.00000 18.00000 -18.50000
41.00000 18.50000 -34.00000
41.50000 19.00000 -34.00000
41.00000 19.00000 -33.50000
41.50000 19.00000 -30.00000
41.00000 19.00000 -30.50000
41.50000 19.00000 -26.00000
41.00000 19.00000 -26.50000
41.50000 19.00000 -19.00000
41.00000 18.50000 -19.00000
41.00000 19.00000 -19.50000
41.50000 20.00000 -33.00000
41.00000 19.50000 -33.00000
41.00000 20.00000 -32.50000
41.50000 20.00000 -30.00000
41.00000 20.00000 -30.50000
41.50000 20.00000 -27.00000
41.00000 20.00000 -27.50000
41.00000 19.50000 -27.00000
41.00000 20.00000 -19.50000
41.50000 21.00000 -33.00000
41.00000 20.50000 -32.00000
41.50000 21.00000 -32.00000
41.50000 21.00000 -31.00000
41.00000 20.50000 -31.00000
41.00000 20.50000 -30.00000
41.00000 21.00000 -30.50000
41.00000 21.00000 -29.50000
41.00000 21.00000 -28.50000
41.00000 20.50000 -28.00000
41.50000 21.00000 -20.00000
41.00000 20.50000 -20.00000
41.00000 21.00000 -20.50000
41.50000 22.00000 -31.00000
41.00000 21.50000 -30.00000
41.50000 22.00000 -30.00000
41.50000 22.00000 -29.00000
41.00000 22.00000 -28.50000
41.50000 22.00000 -21.00000
41.00000 21.50000 -21.00000
41.00000 22.00000 -21.50000
41.50000 23.00000 -30.00000
41.50000 23.00000 -29.00000
41.00000 22.50000 -28.00000
41.50000 23.00000 -28.00000
41.00000 23.00000 -27.50000
41.00000 23.00000 -21.50000
41.50000 24.00000 -29.00000
41.50000 24.00000 -28.00000
41.00000 24.00000 -27.50000
41.50000 24.00000 -22.00000
41.00000 23.50000 -22.00000
41.00000 24.00000 -22.50000
41.50000 25.00000 -29.00000
41.50000 25.00000 -28.00000
41.00000 25.00000 -27.50000
41.50000 25.00000 -23.00000
41.00000 24.50000 -23.00000
41.00000 25.00000 -23.50000
41.50000 26.00000 -29.00000
41.50000 26.00000 -28.00000
41.00000 26.00000 -27.50000
41.50000 26.00000 -25.00000
41.00000 25.50000 -25.00000
41.00000 26.00000 -25.50000
41.00000 25.50000 -24.00000
41.50000 27.00000 -28.00000
41.00000 27.00000 -28.50000
41.00000 26.50000 -28.00000
41.00000 27.00000 -27.50000
41.00000 26.50000 -27.00000
41.00000 26.50000 -26.00000
41.00000 27.50000 -28.00000
40.00000 -32.00000 11.50000
40.00000 -32.50000 12.00000
40.00000 -32.00000 12.50000
40.00000 -31.00000 10.50000
40.00000 -31.50000 11.00000
40.50000 -31.00000 13.00000
40.00000 -31.00000 12.50000
40.50000 -30.00000 10.00000
40.00000 -30.00000 10.50000
40.50000 -30.00000 12.00000
40.00000 -30.50000 12.00000
40.00000 -30.00000 11.50000
40.50000 -29.00000 10.00000
40.00000 -29.50000 11.00000
40.50000 -22.00000 0.00000
40.50000 -20.00000 -3.00000
40.50000 -20.00000 -2.00000
40.50000 -20.00000 -1.00000
40.50000 -20.00000 0.00000
40.50000 -19.00000 -4.00000
40.50000 -19.00000 -3.00000
40.50000 -19.00000 -2.00000
40.50000 -19.00000 -1.00000
40.50000 -18.00000 -5.00000
40.50000 -18.00000 -4.00000
40.50000 -18.00000 -3.00000
40.50000 -17.00000 -6.00000
40.50000 -17.00000 -5.00000
40.50000 -17.00000 -4.00000
40.50000 -16.00000 -7.00000
40.50000 -16.00000 -6.00000
40.50000 -16.00000 -5.00000
40.50000 -15.00000 -8.00000
40.50000 -15.00000 -7.00000
40.50000 -15.00000 -6.00000
40.50000 -14.00000 -9.00000
40.50000 -14.00000 -8.00000
40.50000 -14.00000 -7.00000
40.50000 -13.00000 -9.00000
40.50000 -13.00000 -8.00000
40.50000 -12.00000 -10.00000
40.50000 -12.00000 -9.00000
40.50000 -11.00000 -11.00000
40.50000 -11.00000 -10.00000
40.50000 -10.00000 -12.00000
40.50000 -10.00000 -11.00000
40.50000 -10.00000 -10.00000
40.50000 -9.00000 -13.00000
40.50000 -9.00000 -12.00000
40.50000 -9.00000 -11.00000
40.50000 -8.00000 -14.00000
40.50000 -8.00000 -13.00000
40.50000 -8.00000 -12.00000
40.50000 -7.00000 -14.00000
40.50000 -7.00000 -13.00000
40.50000 -6.00000 -15.00000
40.50000 -6.00000 -14.00000
40.50000 -6.00000 -13.00000
40.50000 -5.00000 -16.00000
40.50000 -5.00000 -15.00000
40.50000 -5.00000 -14.00000
40.50000 -4.00000 -17.00000
40.50000 -4.00000 -16.00000
40.50000 -4.00000 -15.00000
40.50000 -3.00000 -18.00000
40.50000 -3.00000 -17.00000
40.50000 -3.00000 -16.00000
40.50000 -2.00000 -18.00000
40.50000 -2.00000 -17.00000
40.50000 -1.00000 -19.00000
40.50000 -1.00000 -18.00000
40.50000 -1.00000 -17.00000
40.50000 0.00000 -20.00000
40.50000 0.00000 -19.00000
40.50000 0.00000 -18.00000
40.50000 1.00000 -20.00000
40.50000 1.00000 -19.00000
40.50000 1.00000 -18.00000
40.50000 2.00000 -21.00000
40.50000 2.00000 -20.00000
40.50000 2.00000 -19.00000
40.00000 3.00000 -22.50000
40.00000 2.50000 -22.00000
40.50000 3.00000 -21.00000
40.00000 3.00000 -21.50000
40.50000 3.00000 -20.00000
40.00000 3.50000 -22.00000
40.50000 4.00000 -22.00000
40.50000 4.00000 -21.00000
40.50000 4.00000 -20.00000
40.00000 5.00000 -23.50000
40.00000 4.50000 -23.00000
40.00000 4.50000 -22.00000
40.00000 4.50000 -21.00000
40.00000 5.00000 -20.50000
40.50000 5.00000 -20.00000
40.00000 6.00000 -23.50000
40.50000 6.00000 -20.00000
40.00000 6.00000 -20.50000
40.50000 7.00000 -24.00000
40.00000 7.00000 -24.50000
40.00000 6.50000 -24.00000
40.00000 6.50000 -20.00000
40.00000 7.00000 -19.50000
40.00000 8.00000 -24.50000
40.00000 8.00000 -19.50000
40.00000 9.00000 -24.50000
40.50000 9.00000 -20.00000
40.00000 8.50000 -20.00000
40.00000 9.00000 -20.50000
40.00000 10.00000 -24.50000
40.00000 10.00000 -20.50000
40.50000 11.00000 -32.00000
40.50000 11.00000 -31.00000
40.50000 11.00000 -25.00000
40.00000 11.00000 -25.50000
40.00000 10.50000 -25.00000
40.00000 11.00000 -20.50000
40.00000 12.00000 -33.50000
40.00000 11.50000 -33.00000
40.50000 12.00000 -32.00000
40.00000 12.00000 -32.50000
40.50000 12.00000 -31.00000
40.50000 12.00000 -30.00000
40.50000 12.00000 -25.00000
40.00000 12.00000 -25.50000
40.50000 12.00000 -21.00000
40.00000 11.50000 -21.00000
40.00000 12.00000 -21.50000
40.00000 13.00000 -33.50000
40.00000 12.50000 -32.00000
40.00000 13.00000 -31.50000
40.50000 13.00000 -31.00000
40.50000 13.00000 -30.00000
40.50000 13.00000 -26.00000
40.00000 13.00000 -26.50000
40.00000 12.50000 -26.00000
40.50000 13.00000 -21.00000
40.00000 13.00000 -21.50000
40.50000 14.00000 -34.00000
40.00000 14.00000 -34.50000
40.00000 13.50000 -34.00000
40.50000 14.00000 -31.00000
40.00000 14.00000 -31.50000
40.50000 14.00000 -30.00000
40.50000 14.00000 -26.00000
40.00000 14.00000 -26.50000
40.00000 13.50000 -21.00000
40.50000 14.00000 -20.00000
40.00000 14.00000 -20.50000
40.50000 15.00000 -34.00000
40.00000 15.00000 -34.50000
40.50000 15.00000 -31.00000
40.00000 15.00000 -31.50000
40.50000 15.00000 -26.00000
40.00000 15.00000 -26.50000
40.00000 14.50000 -20.00000
40.50000 15.00000 -19.00000
40.00000 15.00000 -19.50000
40.00000 16.00000 -34.50000
40.50000 16.00000 -31.00000
40.00000 16.00000 -31.50000
40.50000 16.00000 -27.00000
40.00000 16.00000 -27.50000
40.00000 15.50000 -27.00000
40.50000 16.00000 -19.00000
40.00000 16.00000 -19.50000
40.00000 16.50000 -34.00000
40.50000 17.00000 -34.00000
40.00000 17.00000 -33.50000
40.50000 17.00000 -31.00000
40.00000 17.00000 -31.50000
40.50000 17.00000 -27.00000
40.00000 17.00000 -27.50000
40.50000 17.00000 -19.00000
40.00000 17.00000 -19.50000
40.50000 18.00000 -34.00000
40.00000 18.00000 -33.50000
40.50000 18.00000 -31.00000
40.00000 18.00000 -31.50000
40.50000 18.00000 -27.00000
40.00000 18.00000 -27.50000
40.50000 18.00000 -19.00000
40.00000 18.00000 -19.50000
40.00000 19.00000 -33.50000
40.50000 19.00000 -32.00000
40.00000 18.50000 -32.00000
40.00000 19.00000 -32.50000
40.50000 19.00000 -31.00000
40.50000 19.00000 -27.00000
40.00000 19.00000 -27.50000
40.50000 19.00000 -20.00000
40.00000 18.50000 -20.00000
40.00000 19.00000 -20.50000
40.00000 19.50000 -33.00000
40.50000 20.00000 -32.00000
40.50000 20.00000 -31.00000
40.50000 20.00000 -28.00000
40.00000 20.00000 -28.50000
40.00000 19.50000 -28.00000
40.50000 20.00000 -20.00000
40.00000 20.00000 -20.50000
40.50000 21.00000 -30.00000
40.50000 21.00000 -28.00000
40.00000 20.50000 -28.00000
40.00000 21.00000 -27.50000
40.50000 21.00000 -21.00000
40.00000 20.50000 -21.00000
40.00000 21.00000 -21.50000
40.50000 22.00000 -28.00000
40.00000 22.00000 -27.50000
40.50000 22.00000 -22.00000
40.00000 21.50000 -22.00000
40.00000 22.00000 -22.50000
40.50000 23.00000 -27.00000
40.00000 22.50000 -27.00000
40.00000 23.00000 -26.50000
40.50000 23.00000 -22.00000
40.00000 23.00000 -22.50000
40.50000 24.00000 -27.00000
40.00000 24.00000 -26.50000
40.50000 24.00000 -23.00000
40.00000 23.50000 -23.00000
40.00000 24.00000 -23.50000
40.50000 25.00000 -27.00000
40.00000 25.00000 -26.50000
40.50000 25.00000 -24.00000
40.00000 24.50000 -24.00000
40.00000 25.00000 -24.50000
40.50000 26.00000 -27.00000
40.00000 26.00000 -26.50000
40.00000 25.50000 -25.00000
40.00000 26.00000 -25.50000
40.50000 27.00000 -28.00000
40.00000 26.50000 -26.00000
39.50000 -32.00000 12.00000
39.50000 -31.00000 11.00000
39.00000 -31.00000 11.50000
39.00000 -31.50000 12.00000
39.00000 -31.00000 12.50000
39.50000 -30.00000 11.00000
39.00000 -30.50000 12.00000
39.50000 3.00000 -22.00000
39.50000 5.00000 -23.00000
39.50000 5.00000 -22.00000
39.50000 5.00000 -21.00000
39.50000 6.00000 -23.00000
39.50000 6.00000 -22.00000
39.50000 6.00000 -21.00000
39.50000 7.00000 -24.00000
39.00000 7.00000 -23.50000
39.00000 6.50000 -23.00000
39.00000 6.50000 -22.00000
39.00000 7.00000 -21.50000
39.50000 7.00000 -21.00000
39.50000 7.00000 -20.00000
39.00000 8.00000 -24.50000
39.00000 7.50000 -24.00000
39.00000 7.50000 -21.00000
39.00000 8.00000 -20.50000
39.50000 8.00000 -20.00000
39.00000 9.00000 -24.50000
39.50000 9.00000 -20.00000
39.00000 8.50000 -20.00000
39.00000 9.00000 -19.50000
39.50000 10.00000 -25.00000
39.00000 10.00000 -25.50000
39.00000 9.50000 -25.00000
39.00000 9.50000 -20.00000
39.00000 10.00000 -20.50000
39.50000 11.00000 -26.00000
39.00000 11.00000 -26.50000
39.00000 10.50000 -26.00000
39.50000 11.00000 -21.00000
39.00000 10.50000 -21.00000
39.00000 11.00000 -21.50000
39.50000 12.00000 -33.00000
39.50000 12.00000 -27.00000
39.00000 12.00000 -27.50000
39.00000 11.50000 -27.00000
39.50000 12.00000 -26.00000
39.00000 12.00000 -21.50000
39.50000 13.00000 -33.00000
39.50000 13.00000 -32.00000
39.50000 13.00000 -27.00000
39.00000 13.00000 -27.50000
39.00000 13.00000 -21.50000
39.50000 14.00000 -34.00000
39.50000 14.00000 -33.00000
39.50000 14.00000 -32.00000
39.50000 14.00000 -28.00000
39.00000 14.00000 -28.50000
39.00000 13.50000 -28.00000
39.50000 14.00000 -27.00000
39.50000 14.00000 -21.00000
39.00000 14.00000 -21.50000
39.00000 15.00000 -34.50000
39.00000 14.50000 -34.00000
39.00000 14.50000 -33.00000
39.00000 15.00000 -32.50000
39.50000 15.00000 -32.00000
39.50000 15.00000 -28.00000
39.00000 15.00000 -28.50000
39.50000 15.00000 -27.00000
39.00000 14.50000 -21.00000
39.50000 15.00000 -20.00000
39.00000 15.00000 -20.50000
39.00000 15.50000 -34.00000
39.50000 16.00000 -34.00000
39.00000 16.00000 -33.50000
39.50000 16.00000 -32.00000
39.00000 16.00000 -32.50000
39.50000 16.00000 -28.00000
39.00000 16.00000 -28.50000
39.50000 16.00000 -20.00000
39.00000 16.00000 -20.50000
39.50000 17.00000 -33.00000
39.00000 16.50000 -33.00000
39.50000 17.00000 -32.00000
39.50000 17.00000 -28.00000
39.00000 17.00000 -28.50000
39.50000 17.00000 -20.00000
39.00000 17.00000 -20.50000
39.50000 18.00000 -33.00000
39.50000 18.00000 -32.00000
39.50000 18.00000 -28.00000
39.00000 18.00000 -28.50000
39.50000 18.00000 -20.00000
39.00000 18.00000 -20.50000
39.50000 19.00000 -33.00000
39.50000 19.00000 -28.00000
39.00000 19.00000 -28.50000
39.50000 19.00000 -21.00000
39.00000 18.50000 -21.00000
39.00000 19.00000 -21.50000
39.50000 20.00000 -28.00000
39.00000 19.50000 -28.00000
39.00000 20.00000 -27.50000
39.50000 20.00000 -21.00000
39.00000 20.00000 -21.50000
39.00000 21.00000 -27.50000
39.50000 21.00000 -22.00000
39.00000 20.50000 -22.00000
39.00000 21.00000 -22.50000
39.00000 21.50000 -27.00000
39.50000 22.00000 -27.00000
39.00000 22.00000 -26.50000
39.50000 22.00000 -23.00000
39.00000 21.50000 -23.00000
39.00000 22.00000 -23.50000
39.00000 23.00000 -26.50000
39.50000 23.00000 -23.00000
39.00000 23.00000 -23.50000
39.00000 23.50000 -26.00000
39.50000 24.00000 -26.00000
39.00000 24.00000 -25.50000
39.50000 24.00000 -24.00000
39.00000 23.50000 -24.00000
39.00000 24.00000 -24.50000
39.00000 25.00000 -26.50000
39.00000 24.50000 -26.00000
39.00000 25.00000 -24.50000
39.00000 25.50000 -26.00000
39.50000 26.00000 -26.00000
39.00000 25.50000 -25.00000
38.50000 -31.00000 12.00000
38.50000 7.00000 -23.00000
38.50000 7.00000 -22.00000
38.00000 8.00000 -24.50000
38.00000 7.50000 -24.00000
38.00000 7.50000 -23.00000
38.00000 8.00000 -22.50000
38.50000 8.00000 -22.00000
38.50000 8.00000 -21.00000
38.50000 9.00000 -25.00000
38.00000 9.00000 -25.50000
38.00000 8.50000 -25.00000
38.00000 8.50000 -22.00000
38.00000 8.50000 -21.00000
38.50000 9.00000 -20.00000
38.00000 9.00000 -20.50000
38.50000 10.00000 -27.00000
38.00000 10.00000 -27.50000
38.00000 9.50000 -27.00000
38.00000 9.50000 -26.00000
38.50000 10.00000 -26.00000
38.00000 10.00000 -20.50000
38.50000 11.00000 -27.00000
38.00000 11.00000 -27.50000
38.00000 10.50000 -21.00000
38.00000 11.00000 -21.50000
38.00000 12.00000 -27.50000
38.00000 12.00000 -21.50000
38.00000 13.00000 -27.50000
38.50000 13.00000 -22.00000
38.00000 12.50000 -22.00000
38.00000 13.00000 -22.50000
38.50000 14.00000 -28.00000
38.00000 14.00000 -27.50000
38.50000 14.00000 -22.00000
38.00000 14.00000 -22.50000
38.50000 15.00000 -34.00000
38.50000 15.00000 -33.00000
38.50000 15.00000 -28.00000
38.00000 15.00000 -27.50000
38.00000 14.50000 -22.00000
38.50000 15.00000 -21.00000
38.00000 15.00000 -21.50000
38.50000 16.00000 -33.00000
38.50000 16.00000 -28.00000
38.00000 16.00000 -27.50000
38.50000 16.00000 -21.00000
38.00000 16.00000 -21.50000
38.50000 17.00000 -28.00000
38.00000 17.00000 -27.50000
38.50000 17.00000 -21.00000
38.00000 17.00000 -21.50000
38.50000 18.00000 -28.00000
38.00000 18.00000 -27.50000
38.50000 18.00000 -21.00000
38.00000 18.00000 -21.50000
38.50000 19.00000 -28.00000
38.00000 19.00000 -27.50000
38.50000 19.00000 -22.00000
38.00000 18.50000 -22.00000
38.00000 19.00000 -22.50000
38.00000 20.00000 -27.50000
38.50000 20.00000 -22.00000
38.00000 20.00000 -22.50000
38.00000 20.50000 -27.00000
38.50000 21.00000 -27.00000
38.00000 21.00000 -26.50000
38.50000 21.00000 -23.00000
38.00000 20.50000 -23.00000
38.00000 21.00000 -23.50000
38.50000 22.00000 -26.00000
38.00000 21.50000 -26.00000
38.00000 22.00000 -25.50000
38.00000 22.00000 -23.50000
38.50000 23.00000 -26.00000
38.00000 23.00000 -25.50000
38.50000 23.00000 -24.00000
38.00000 22.50000 -24.00000
38.00000 23.00000 -24.50000
38.50000 24.00000 -25.00000
38.00000 23.50000 -25.00000
38.50000 25.00000 -26.00000
38.50000 25.00000 -25.00000
37.50000 8.00000 -24.00000
37.50000 8.00000 -23.00000
37.00000 9.00000 -25.50000
37.00000 8.50000 -25.00000
37.00000 8.50000 -24.00000
37.00000 8.50000 -23.00000
37.50000 9.00000 -22.00000
37.00000 9.00000 -22.50000
37.50000 9.00000 -21.00000
37.50000 10.00000 -27.00000
37.50000 10.00000 -26.00000
37.00000 10.00000 -25.50000
37.00000 9.50000 -22.00000
37.00000 10.00000 -21.50000
37.50000 10.00000 -21.00000
37.50000 11.00000 -27.00000
37.50000 11.00000 -26.00000
37.00000 11.00000 -25.50000
37.00000 11.00000 -21.50000
37.50000 12.00000 -27.00000
37.00000 12.00000 -26.50000
37.00000 11.50000 -26.00000
37.00000 12.00000 -21.50000
37.50000 13.00000 -27.00000
37.00000 13.00000 -26.50000
37.00000 12.50000 -22.00000
37.00000 13.00000 -22.50000
37.50000 14.00000 -27.00000
37.00000 14.00000 -26.50000
37.00000 14.00000 -22.50000
37.50000 15.00000 -27.00000
37.00000 15.00000 -26.50000
37.50000 15.00000 -22.00000
37.00000 15.00000 -22.50000
37.50000 16.00000 -27.00000
37.00000 16.00000 -26.50000
37.50000 16.00000 -22.00000
37.00000 16.00000 -22.50000
37.50000 17.00000 -27.00000
37.00000 17.00000 -26.50000
37.50000 17.00000 -22.00000
37.00000 17.00000 -22.50000
37.50000 18.00000 -27.00000
37.00000 18.00000 -26.50000
37.50000 18.00000 -22.00000
37.00000 18.00000 -22.50000
37.50000 19.00000 -27.00000
37.00000 19.00000 -26.50000
37.50000 19.00000 -23.00000
37.00000 18.50000 -23.00000
37.00000 19.00000 -23.50000
37.50000 20.00000 -27.00000
37.00000 19.50000 -26.00000
37.50000 20.00000 -26.00000
37.00000 20.00000 -25.50000
37.50000 20.00000 -24.00000
37.00000 19.50000 -24.00000
37.00000 20.00000 -24.50000
37.50000 20.00000 -23.00000
37.50000 21.00000 -26.00000
37.00000 21.00000 -25.50000
37.50000 21.00000 -24.00000
37.00000 21.00000 -24.50000
37.00000 22.00000 -25.50000
37.50000 22.00000 -24.00000
37.00000 22.00000 -24.50000
37.00000 22.50000 -25.00000
37.50000 23.00000 -25.00000
36.50000 9.00000 -25.00000
36.50000 9.00000 -24.00000
36.50000 9.00000 -23.00000
36.50000 10.00000 -25.00000
36.00000 10.00000 -24.50000
36.00000 9.50000 -24.00000
36.00000 10.00000 -23.50000
36.50000 10.00000 -23.00000
36.50000 10.00000 -22.00000
36.50000 11.00000 -25.00000
36.00000 11.00000 -24.50000
36.00000 10.50000 -23.00000
36.00000 10.50000 -22.00000
36.00000 11.00000 -21.50000
36.50000 12.00000 -26.00000
36.00000 12.00000 -25.50000
36.00000 11.50000 -25.00000
36.00000 12.00000 -21.50000
36.50000 13.00000 -26.00000
36.00000 13.00000 -25.50000
36.00000 12.50000 -22.00000
36.00000 13.00000 -22.50000
36.50000 14.00000 -26.00000
36.00000 14.00000 -25.50000
36.00000 14.00000 -22.50000
36.50000 15.00000 -26.00000
36.00000 15.00000 -25.50000
36.00000 15.00000 -22.50000
36.50000 16.00000 -26.00000
36.00000 16.00000 -25.50000
36.50000 16.00000 -23.00000
36.00000 15.50000 -23.00000
36.00000 16.00000 -23.50000
36.50000 17.00000 -26.00000
36.00000 17.00000 -25.50000
36.50000 17.00000 -23.00000
36.00000 17.00000 -23.50000
36.50000 18.00000 -26.00000
36.00000 18.00000 -25.50000
36.50000 18.00000 -24.00000
36.00000 17.50000 -24.00000
36.00000 18.00000 -24.50000
36.50000 18.00000 -23.00000
36.50000 19.00000 -26.00000
36.00000 19.00000 -25.50000
36.50000 19.00000 -24.00000
36.00000 19.00000 -24.50000
36.50000 20.00000 -25.00000
36.00000 19.50000 -25.00000
36.50000 21.00000 -25.00000
36.50000 22.00000 -25.00000
35.50000 10.00000 -24.00000
35.00000 11.00000 -24.50000
35.00000 10.50000 -24.00000
35.50000 11.00000 -23.00000
35.00000 11.00000 -23.50000
35.50000 11.00000 -22.00000
35.50000 12.00000 -25.00000
35.00000 12.00000 -24.50000
35.00000 11.50000 -23.00000
35.00000 12.00000 -22.50000
35.50000 12.00000 -22.00000
35.50000 13.00000 -25.00000
35.00000 13.00000 -24.50000
35.00000 13.00000 -22.50000
35.00000 14.00000 -25.50000
35.00000 13.50000 -25.00000
35.50000 14.00000 -23.00000
35.00000 13.50000 -23.00000
35.00000 14.00000 -23.50000
35.00000 15.00000 -25.50000
35.50000 15.00000 -24.00000
35.00000 14.50000 -24.00000
35.00000 15.00000 -24.50000
35.50000 15.00000 -23.00000
35.00000 16.00000 -25.50000
35.50000 16.00000 -24.00000
35.00000 16.00000 -24.50000
35.00000 16.50000 -25.00000
35.50000 17.00000 -25.00000
35.50000 17.00000 -24.00000
35.50000 18.00000 -25.00000
35.50000 19.00000 -25.00000
34.50000 11.00000 -24.00000
34.50000 12.00000 -24.00000
34.00000 11.50000 -23.00000
34.00000 12.00000 -23.50000
34.00000 12.00000 -22.50000
34.00000 13.00000 -24.50000
34.00000 12.50000 -24.00000
34.00000 13.00000 -23.50000
34.50000 13.00000 -23.00000
34.00000 12.50000 -23.00000
34.50000 14.00000 -25.00000
34.00000 13.50000 -24.00000
34.50000 14.00000 -24.00000
34.50000 15.00000 -25.00000
34.50000 16.00000 -25.00000
33.50000 12.00000 -23.00000
33.50000 13.00000 -24.00000
19.50000 1.00000 -17.00000
19.00000 1.00000 -17.50000
19.00000 0.50000 -17.00000
19.00000 1.00000 -16.50000
19.00000 1.50000 -17.00000
18.50000 1.00000 -17.00000
14.50000 -1.00000 -19.00000
14.00000 -1.00000 -19.50000
14.00000 -1.50000 -19.00000
14.00000 -1.00000 -18.50000
14.50000 0.00000 -20.00000
14.00000 0.00000 -20.50000
14.00000 -0.50000 -20.00000
14.00000 -0.50000 -19.00000
14.00000 0.00000 -19.50000
14.00000 0.50000 -20.00000
13.50000 -1.00000 -19.00000
13.50000 0.00000 -20.00000
3 2 1 0
3 4 3 0
3 0 3 2
3 6 5 4
3 4 5 3
3 8 7 6
3 6 7 5
3 8 9 7
3 12 11 10
3 12 10 1
3 10 0 1
3 10 13 0
3 0 14 4
3 0 13 14
3 4 15 6
3 4 14 15
3 6 16 8
3 6 15 16
3 9 8 17
3 17 8 16
3 20 19 18
3 20 18 11
3 18 10 11
3 18 21 10
3 10 22 13
3 10 21 22
3 13 23 14
3 13 22 23
3 14 24 15
3 14 23 24
3 15 25 16
3 15 24 25
3 17 16 26
3 16 27 26
3 16 25 27
3 27 28 26
3 31 30 29
3 31 29 19
3 29 18 19
3 29 32 18
3 18 33 21
3 18 32 33
3 21 34 22
3 21 33 34
3 22 35 23
3 22 34 35
3 23 36 24
3 23 35 36
3 24 37 25
3 24 36 37
3 25 38 27
3 25 37 38
3 28 27 39
3 39 27 38
3 29 30 40
3 40 30 41
3 29 42 32
3 29 40 42
3 32 43 33
3 32 42 43
3 33 44 34
3 33 43 44
3 34 45 35
3 34 44 45
3 35 46 36
3 35 45 46
3 36 47 37
3 36 46 47
3 37 48 38
3 37 47 48
3 39 38 49
3 49 38 48
3 52 51 50
3 52 50 41
3 50 40 41
3 50 53 40
3 40 54 42
3 40 53 54
3 42 55 43
3 42 54 55
3 43 56 44
3 43 55 56
3 44 57 45
3 44 56 57
3 45 58 46
3 45 57 58
3 46 59 47
3 46 58 59
3 47 60 48
3 47 59 60
3 49 48 61
3 61 48 60
3 64 63 62
3 64 62 51
3 62 50 51
3 62 65 50
3 50 66 53
3 50 65 66
3 53 67 54
3 53 66 67
3 54 68 55
3 54 67 68
3 55 69 56
3 55 68 69
3 56 70 57
3 56 69 70
3 57 71 58
3 57 70 71
3 58 72 59
3 58 71 72
3 74 60 73
3 60 72 73
3 60 59 72
3 60 74 61
3 62 63 75
3 75 63 76
3 62 77 65
3 62 75 77
3 65 78 66
3 65 77 78
3 66 79 67
3 66 78 79
3 67 80 68
3 67 79 80
3 68 81 69
3 68 80 81
3 69 82 70
3 69 81 82
3 70 83 71
3 70 82 83
3 71 84 72
3 71 83 84
3 73 72 85
3 85 72 84
3 88 87 86
3 88 86 76
3 86 75 76
3 86 89 75
3 75 90 77
3 75 89 90
3 77 91 78
3 77 90 91
3 78 92 79
3 78 91 92
3 79 93 80
3 79 92 93
3 80 94 81
3 80 93 94
3 81 95 82
3 81 94 95
3 82 96 83
3 82 95 96
3 98 84 97
3 84 96 97
3 84 83 96
3 84 98 85
3 86 87 99
3 99 87 100
3 86 101 89
3 86 99 101
3 89 102 90
3 89 101 102
3 90 103 91
3 90 102 103
3 91 104 92
3 91 103 104
3 92 105 93
3 92 104 105
3 93 106 94
3 93 105 106
3 94 107 95
3 94 106 107
3 95 108 96
3 95 107 108
3 97 96 109
3 109 96 108
3 99 100 110
3 110 100 111
3 99 112 101
3 99 110 112
3 101 113 102
3 101 112 113
3 102 114 103
3 102 113 114
3 103 115 104
3 103 114 115
3 104 116 105
3 104 115 116
3 105 117 106
3 105 116 117
3 106 118 107
3 106 117 118
3 107 119 108
3 107 118 119
3 109 108 120
3 120 108 119
3 110 111 121
3 121 111 122
3 110 123 112
3 110 121 123
3 112 124 113
3 112 123 124
3 113 125 114
3 113 124 125
3 114 126 115
3 114 125 126
3 115 127 116
3 115 126 127
3 116 128 117
3 116 127 128
3 117 129 118
3 117 128 129
3 131 119 130
3 119 129 130
3 119 118 129
3 119 131 120
3 121 122 132
3 132 122 133
3 121 134 123
3 121 132 134
3 123 135 124
3 123 134 135
3 124 136 125
3 124 135 136
3 125 137 126
3 125 136 137
3 126 138 127
3 126 137 138
3 127 139 128
3 127 138 139
3 128 140 129
3 128 139 140
3 130 129 141
3 141 129 140
3 132 133 142
3 142 133 143
3 132 144 134
3 132 142 144
3 134 145 135
3 134 144 145
3 135 146 136
3 135 145 146
3 136 147 137
3 136 146 147
3 137 148 138
3 137 147 148
3 138 149 139
3 138 148 149
3 139 150 140
3 139 149 150
3 141 140 151
3 151 140 150
3 143 152 142
3 154 153 152
3 153 142 152
3 153 144 142
3 144 155 145
3 144 153 155
3 145 156 146
3 145 155 156
3 146 157 147
3 146 156 157
3 147 158 148
3 147 157 158
3 148 159 149
3 148 158 159
3 149 160 150
3 149 159 160
3 151 150 161
3 161 150 160
3 154 162 153
3 153 162 155
3 155 162 163
3 155 163 156
3 156 163 164
3 156 164 157
3 157 164 165
3 157 165 158
3 158 165 166
3 158 166 159
3 159 166 167
3 159 167 160
3 160 167 168
3 160 168 161
3 171 170 169
3 173 172 169
3 169 172 171
3 173 174 172
3 177 176 175
3 179 178 175
3 175 178 177
3 178 179 170
3 179 169 170
3 179 180 169
3 169 181 173
3 169 180 181
3 174 173 182
3 173 183 182
3 173 181 183
3 183 184 182
3 187 186 185
3 187 185 176
3 185 175 176
3 185 188 175
3 175 189 179
3 175 188 189
3 179 190 180
3 179 189 190
3 180 191 181
3 180 190 191
3 181 192 183
3 181 191 192
3 184 183 193
3 183 194 193
3 183 192 194
3 194 195 193
3 198 197 196
3 198 196 186
3 196 185 186
3 196 199 185
3 185 200 188
3 185 199 200
3 188 201 189
3 188 200 201
3 189 202 190
3 189 201 202
3 190 203 191
3 190 202 203
3 191 204 192
3 191 203 204
3 192 205 194
3 192 204 205
3 195 194 206
3 206 194 205
3 209 208 207
3 209 207 197
3 207 196 197
3 207 210 196
3 210 1 2
3 199 210 2
3 196 210 199
3 199 2 3
3 199 3 200
3 200 3 5
3 200 5 201
3 201 5 7
3 201 7 202
3 202 7 9
3 211 202 9
3 203 202 211
3 203 212 204
3 203 211 212
3 204 213 205
3 204 212 213
3 206 205 214
3 205 215 214
3 205 213 215
3 215 216 214
3 207 208 217
3 217 208 218
3 217 11 12
3 210 217 12
3 207 217 210
3 210 12 1
3 17 219 211
3 17 211 9
3 211 220 212
3 211 219 220
3 212 221 213
3 212 220 221
3 213 222 215
3 213 221 222
3 216 215 223
3 223 215 222
3 226 225 224
3 226 224 218
3 218 224 217
3 224 19 217
3 19 20 217
3 217 20 11
3 26 219 17
3 219 26 28
3 227 219 28
3 220 219 227
3 220 228 221
3 220 227 228
3 221 229 222
3 221 228 229
3 223 222 230
3 230 222 229
3 233 232 231
3 233 231 225
3 225 231 224
3 231 30 224
3 30 31 224
3 224 31 19
3 39 234 227
3 39 227 28
3 227 235 228
3 227 234 235
3 237 229 236
3 229 235 236
3 229 228 235
3 229 237 230
3 231 232 238
3 238 232 239
3 238 41 30
3 238 30 231
3 49 240 234
3 49 234 39
3 234 241 235
3 234 240 241
3 236 235 242
3 242 235 241
3 245 244 243
3 245 243 239
3 239 243 238
3 243 51 238
3 51 52 238
3 238 52 41
3 61 246 240
3 61 240 49
3 240 247 241
3 240 246 247
3 242 241 248
3 248 241 247
3 243 244 64
3 244 63 64
3 244 249 63
3 243 64 51
3 73 250 74
3 246 61 74
3 250 246 74
3 251 246 250
3 246 252 247
3 246 251 252
3 248 247 253
3 253 247 252
3 256 255 254
3 249 256 254
3 76 249 254
3 63 249 76
3 85 257 250
3 85 250 73
3 250 258 251
3 250 257 258
3 251 259 252
3 251 258 259
3 253 252 260
3 260 252 259
3 254 255 88
3 255 87 88
3 255 261 87
3 254 88 76
3 97 262 98
3 257 85 98
3 262 257 98
3 263 257 262
3 257 264 258
3 257 263 264
3 258 265 259
3 258 264 265
3 260 259 266
3 266 259 265
3 269 268 267
3 261 269 267
3 100 261 267
3 87 261 100
3 109 270 262
3 109 262 97
3 262 271 263
3 262 270 271
3 263 272 264
3 263 271 272
3 264 273 265
3 264 272 273
3 266 265 274
3 274 265 273
3 267 268 275
3 275 268 276
3 275 111 100
3 275 100 267
3 120 277 270
3 120 270 109
3 270 278 271
3 270 277 278
3 271 279 272
3 271 278 279
3 272 280 273
3 272 279 280
3 274 273 281
3 281 273 280
3 275 276 282
3 282 276 283
3 282 122 111
3 282 111 275
3 130 284 131
3 277 120 131
3 284 277 131
3 285 277 284
3 277 286 278
3 277 285 286
3 278 287 279
3 278 286 287
3 279 288 280
3 279 287 288
3 281 280 289
3 289 280 288
3 292 291 290
3 292 290 283
3 290 282 283
3 290 293 282
3 293 133 122
3 293 122 282
3 141 294 284
3 141 284 130
3 284 295 285
3 284 294 295
3 285 296 286
3 285 295 296
3 286 297 287
3 286 296 297
3 299 288 298
3 288 297 298
3 288 287 297
3 288 299 289
3 290 291 300
3 300 291 301
3 290 302 293
3 290 300 302
3 302 143 133
3 302 133 293
3 151 303 294
3 151 294 141
3 294 304 295
3 294 303 304
3 295 305 296
3 295 304 305
3 296 306 297
3 296 305 306
3 298 297 307
3 307 297 306
3 300 301 308
3 308 301 309
3 300 310 302
3 300 308 310
3 311 152 143
3 302 311 143
3 310 311 302
3 311 154 152
3 161 312 303
3 161 303 151
3 303 313 304
3 303 312 313
3 304 314 305
3 304 313 314
3 316 306 315
3 306 314 315
3 306 305 314
3 306 316 307
3 308 309 317
3 317 309 318
3 308 319 310
3 308 317 319
3 310 320 311
3 310 319 320
3 321 162 154
3 311 321 154
3 320 321 311
3 322 163 162
3 322 162 321
3 323 164 163
3 323 163 322
3 324 165 164
3 324 164 323
3 325 166 165
3 325 165 324
3 326 167 166
3 326 166 325
3 327 168 167
3 327 167 326
3 312 161 168
3 327 312 168
3 328 312 327
3 312 329 313
3 312 328 329
3 313 330 314
3 313 329 330
3 315 314 331
3 331 314 330
3 317 318 332
3 332 318 333
3 317 334 319
3 317 332 334
3 319 335 320
3 319 334 335
3 320 336 321
3 320 335 336
3 321 337 322
3 321 336 337
3 322 338 323
3 322 337 338
3 323 339 324
3 323 338 339
3 324 340 325
3 324 339 340
3 325 341 326
3 325 340 341
3 326 342 327
3 326 341 342
3 327 343 328
3 327 342 343
3 328 344 329
3 328 343 344
3 346 330 345
3 330 344 345
3 330 329 344
3 330 346 331
3 332 333 347
3 347 333 348
3 332 349 334
3 332 347 349
3 334 350 335
3 334 349 350
3 335 351 336
3 335 350 351
3 336 352 337
3 336 351 352
3 337 353 338
3 337 352 353
3 338 354 339
3 338 353 354
3 339 355 340
3 339 354 355
3 340 356 341
3 340 355 356
3 341 357 342
3 341 356 357
3 342 358 343
3 342 357 358
3 360 344 359
3 344 358 359
3 344 343 358
3 344 360 345
3 348 361 347
3 347 361 349
3 349 361 362
3 364 363 362
3 363 349 362
3 363 350 349
3 350 365 351
3 350 363 365
3 351 366 352
3 351 365 366
3 352 367 353
3 352 366 367
3 353 368 354
3 353 367 368
3 354 369 355
3 354 368 369
3 355 370 356
3 355 369 370
3 356 371 357
3 356 370 371
3 373 358 372
3 358 371 372
3 358 357 371
3 358 373 359
3 364 374 363
3 363 374 365
3 365 374 375
3 377 376 375
3 376 365 375
3 376 366 365
3 366 378 367
3 366 376 378
3 367 379 368
3 367 378 379
3 368 380 369
3 368 379 380
3 369 381 370
3 369 380 381
3 383 371 382
3 371 381 382
3 371 370 381
3 371 383 372
3 377 384 376
3 386 385 384
3 385 376 384
3 385 378 376
3 378 387 379
3 378 385 387
3 389 380 388
3 380 387 388
3 380 379 387
3 380 389 381
3 381 389 390
3 381 390 382
3 386 391 385
3 385 391 387
3 387 391 392
3 387 392 388
3 395 394 393
3 397 396 393
3 393 396 395
3 399 398 397
3 397 398 396
3 401 400 399
3 399 400 398
3 401 402 400
3 405 404 403
3 405 403 394
3 403 393 394
3 403 406 393
3 393 407 397
3 393 406 407
3 397 408 399
3 397 407 408
3 399 409 401
3 399 408 409
3 402 401 410
3 401 411 410
3 401 409 411
3 411 412 410
3 415 414 413
3 417 416 413
3 413 416 415
3 416 417 404
3 404 417 403
3 417 170 403
3 170 171 403
3 403 171 172
3 403 172 406
3 406 172 174
3 418 406 174
3 407 406 418
3 407 419 408
3 407 418 419
3 408 420 409
3 408 419 420
3 409 421 411
3 409 420 421
3 412 411 422
3 422 411 421
3 425 424 423
3 425 423 414
3 414 423 413
3 423 176 413
3 176 177 413
3 413 177 178
3 413 178 417
3 417 178 170
3 182 418 174
3 418 182 184
3 426 418 184
3 419 418 426
3 419 427 420
3 419 426 427
3 429 421 428
3 421 427 428
3 421 420 427
3 421 429 422
3 432 431 430
3 432 430 424
3 424 430 423
3 430 186 423
3 186 187 423
3 423 187 176
3 193 426 184
3 426 193 195
3 433 426 195
3 427 426 433
3 428 427 434
3 427 435 434
3 427 433 435
3 435 436 434
3 439 438 437
3 439 437 431
3 431 437 430
3 437 197 430
3 197 198 430
3 430 198 186
3 206 440 433
3 206 433 195
3 433 441 435
3 433 440 441
3 436 435 442
3 442 435 441
3 437 438 209
3 438 208 209
3 438 443 208
3 437 209 197
3 214 440 206
3 440 214 216
3 444 440 216
3 441 440 444
3 442 441 445
3 445 441 444
3 448 447 446
3 443 448 446
3 218 443 446
3 208 443 218
3 223 449 444
3 223 444 216
3 445 444 450
3 450 444 449
3 453 452 451
3 453 451 447
3 447 451 446
3 451 225 446
3 225 226 446
3 446 226 218
3 230 454 449
3 230 449 223
3 450 449 455
3 455 449 454
3 451 452 233
3 452 232 233
3 452 456 232
3 451 233 225
3 236 457 237
3 457 458 237
3 237 458 230
3 458 459 230
3 459 454 230
3 454 459 455
3 462 461 460
3 456 462 460
3 239 456 460
3 232 456 239
3 242 463 457
3 242 457 236
3 458 457 464
3 464 457 463
3 460 461 245
3 461 244 245
3 461 465 244
3 460 245 239
3 248 466 463
3 248 463 242
3 464 463 467
3 467 463 466
3 470 469 468
3 468 471 470
3 474 473 472
3 465 474 472
3 249 465 472
3 244 465 249
3 253 475 466
3 253 466 248
3 467 466 476
3 476 466 475
3 468 469 477
3 477 469 478
3 471 468 479
3 479 468 477
3 472 473 256
3 473 255 256
3 473 480 255
3 472 256 249
3 260 481 475
3 260 475 253
3 476 475 482
3 475 483 482
3 475 481 483
3 483 484 482
3 487 486 485
3 487 485 478
3 485 477 478
3 485 488 477
3 479 477 489
3 489 477 488
3 492 491 490
3 480 492 490
3 261 480 490
3 255 480 261
3 266 493 481
3 266 481 260
3 481 494 483
3 481 493 494
3 484 483 495
3 483 496 495
3 483 494 496
3 495 496 486
3 496 485 486
3 496 497 485
3 485 498 488
3 485 497 498
3 489 488 499
3 488 500 499
3 488 498 500
3 500 501 499
3 490 491 269
3 491 268 269
3 491 502 268
3 490 269 261
3 274 503 493
3 274 493 266
3 493 504 494
3 493 503 504
3 494 505 496
3 494 504 505
3 496 506 497
3 496 505 506
3 497 507 498
3 497 506 507
3 498 508 500
3 498 507 508
3 501 500 509
3 509 500 508
3 502 276 268
3 510 276 502
3 281 511 503
3 281 503 274
3 503 512 504
3 503 511 512
3 504 513 505
3 504 512 513
3 515 506 514
3 506 513 514
3 506 505 513
3 506 515 507
3 507 515 516
3 507 516 508
3 508 516 517
3 508 517 509
3 520 519 518
3 510 520 518
3 283 510 518
3 276 510 283
3 289 521 511
3 289 511 281
3 511 522 512
3 511 521 522
3 524 513 523
3 513 522 523
3 513 512 522
3 513 524 514
3 518 519 292
3 519 291 292
3 519 525 291
3 518 292 283
3 298 526 299
3 521 289 299
3 526 521 299
3 527 521 526
3 521 528 522
3 521 527 528
3 523 522 529
3 529 522 528
3 525 301 291
3 530 301 525
3 307 531 526
3 307 526 298
3 526 532 527
3 526 531 532
3 534 528 533
3 528 532 533
3 528 527 532
3 528 534 529
3 537 536 535
3 530 537 535
3 309 530 535
3 301 530 309
3 315 538 316
3 531 307 316
3 538 531 316
3 539 531 538
3 541 532 540
3 532 539 540
3 532 531 539
3 532 541 533
3 535 536 542
3 542 536 543
3 542 318 309
3 542 309 535
3 331 544 538
3 331 538 315
3 546 539 545
3 539 544 545
3 539 538 544
3 539 546 540
3 542 543 547
3 547 543 548
3 547 333 318
3 547 318 542
3 345 549 346
3 544 331 346
3 549 544 346
3 550 544 549
3 545 544 551
3 551 544 550
3 547 548 552
3 552 548 553
3 552 348 333
3 552 333 547
3 359 554 360
3 549 345 360
3 554 549 360
3 555 549 554
3 557 550 556
3 550 555 556
3 550 549 555
3 550 557 551
3 552 553 558
3 558 553 559
3 560 361 348
3 552 560 348
3 558 560 552
3 561 362 361
3 561 361 560
3 561 364 362
3 372 562 373
3 554 359 373
3 562 554 373
3 563 554 562
3 565 555 564
3 555 563 564
3 555 554 563
3 555 565 556
3 568 567 566
3 568 566 559
3 566 558 559
3 566 569 558
3 558 570 560
3 558 569 570
3 560 571 561
3 560 570 571
3 572 374 364
3 561 572 364
3 571 572 561
3 573 375 374
3 573 374 572
3 573 377 375
3 382 574 383
3 562 372 383
3 574 562 383
3 575 562 574
3 577 563 576
3 563 575 576
3 563 562 575
3 563 577 564
3 566 567 578
3 578 567 579
3 566 580 569
3 566 578 580
3 569 581 570
3 569 580 581
3 570 582 571
3 570 581 582
3 571 583 572
3 571 582 583
3 572 584 573
3 572 583 584
3 585 384 377
3 573 585 377
3 584 585 573
3 585 386 384
3 388 586 389
3 587 390 389
3 587 389 586
3 574 382 390
3 587 574 390
3 588 574 587
3 574 589 575
3 574 588 589
3 576 575 590
3 590 575 589
3 578 579 591
3 591 579 592
3 578 593 580
3 578 591 593
3 580 594 581
3 580 593 594
3 581 595 582
3 581 594 595
3 582 596 583
3 582 595 596
3 583 597 584
3 583 596 597
3 584 598 585
3 584 597 598
3 599 391 386
3 585 599 386
3 598 599 585
3 600 392 391
3 600 391 599
3 586 388 392
3 600 586 392
3 601 586 600
3 586 602 587
3 586 601 602
3 587 603 588
3 587 602 603
3 605 589 604
3 589 603 604
3 589 588 603
3 589 605 590
3 591 592 606
3 606 592 607
3 591 608 593
3 591 606 608
3 593 609 594
3 593 608 609
3 594 610 595
3 594 609 610
3 595 611 596
3 595 610 611
3 596 612 597
3 596 611 612
3 597 613 598
3 597 612 613
3 598 614 599
3 598 613 614
3 599 615 600
3 599 614 615
3 600 616 601
3 600 615 616
3 601 617 602
3 601 616 617
3 619 603 618
3 603 617 618
3 603 602 617
3 603 619 604
3 607 620 606
3 622 621 620
3 621 606 620
3 621 608 606
3 608 623 609
3 608 621 623
3 609 624 610
3 609 623 624
3 610 625 611
3 610 624 625
3 611 626 612
3 611 625 626
3 612 627 613
3 612 626 627
3 613 628 614
3 613 627 628
3 614 629 615
3 614 628 629
3 615 630 616
3 615 629 630
3 632 617 631
3 617 630 631
3 617 616 630
3 617 632 618
3 622 633 621
3 635 634 633
3 634 621 633
3 634 623 621
3 623 636 624
3 623 634 636
3 624 637 625
3 624 636 637
3 625 638 626
3 625 637 638
3 626 639 627
3 626 638 639
3 627 640 628
3 627 639 640
3 628 641 629
3 628 640 641
3 643 630 642
3 630 641 642
3 630 629 641
3 630 643 631
3 635 644 634
3 646 645 644
3 645 634 644
3 645 636 634
3 636 647 637
3 636 645 647
3 637 648 638
3 637 647 648
3 638 649 639
3 638 648 649
3 639 650 640
3 639 649 650
3 652 641 651
3 641 650 651
3 641 640 650
3 641 652 642
3 646 653 645
3 655 654 653
3 654 645 653
3 654 647 645
3 647 656 648
3 647 654 656
3 658 649 657
3 649 656 657
3 649 648 656
3 649 658 650
3 650 658 659
3 650 659 651
3 655 660 654
3 654 660 656
3 656 660 661
3 656 661 657
3 664 663 662
3 394 395 662
3 395 664 662
3 395 665 664
3 666 395 396
3 666 665 395
3 667 396 398
3 667 666 396
3 668 398 400
3 668 667 398
3 400 402 668
3 668 402 669
3 672 671 670
3 672 670 663
3 663 670 662
3 670 404 662
3 404 405 662
3 662 405 394
3 402 410 673
3 674 402 673
3 669 402 674
3 412 673 410
3 676 675 415
3 415 675 414
3 416 670 671
3 676 416 671
3 415 416 676
3 670 416 404
3 674 673 677
3 674 677 678
3 422 677 412
3 412 677 673
3 680 679 425
3 425 679 424
3 425 414 675
3 425 675 680
3 678 677 429
3 428 678 429
3 681 678 428
3 429 677 422
3 683 682 432
3 432 682 431
3 432 424 679
3 432 679 683
3 428 434 684
3 685 428 684
3 681 428 685
3 436 684 434
3 687 686 439
3 439 686 438
3 439 431 682
3 439 682 687
3 685 684 688
3 685 688 689
3 442 688 436
3 436 688 684
3 692 691 690
3 686 692 690
3 443 686 690
3 438 686 443
3 693 689 688
3 688 442 693
3 442 694 693
3 442 445 694
3 690 691 448
3 691 447 448
3 691 695 447
3 690 448 443
3 450 694 445
3 450 696 694
3 698 697 453
3 453 697 452
3 453 447 695
3 453 695 698
3 455 696 450
3 455 699 696
3 697 456 452
3 700 456 697
3 702 701 459
3 702 459 458
3 455 459 699
3 699 459 701
3 704 703 462
3 462 703 461
3 462 456 700
3 462 700 704
3 464 702 458
3 464 705 702
3 708 707 706
3 706 709 708
3 712 711 710
3 703 712 710
3 465 703 710
3 461 703 465
3 467 714 713
3 705 467 713
3 464 467 705
3 716 715 714
3 714 715 713
3 715 716 707
3 716 706 707
3 716 717 706
3 709 719 718
3 719 709 470
3 706 470 709
3 470 706 469
3 717 469 706
3 471 719 470
3 710 711 474
3 711 473 474
3 711 720 473
3 710 474 465
3 476 721 714
3 476 714 467
3 714 722 716
3 714 721 722
3 716 723 717
3 716 722 723
3 469 724 478
3 724 719 478
3 725 478 719
3 478 725 723
3 718 723 725
3 723 718 724
3 724 717 723
3 469 717 724
3 724 718 719
3 719 471 725
3 471 726 725
3 471 479 726
3 729 728 727
3 720 729 727
3 480 720 727
3 473 720 480
3 482 721 476
3 721 482 484
3 730 721 484
3 722 721 730
3 730 486 487
3 723 730 487
3 722 730 723
3 723 487 478
3 489 726 479
3 489 731 726
3 727 728 492
3 728 491 492
3 728 732 491
3 727 492 480
3 495 730 484
3 730 495 486
3 489 499 733
3 734 489 733
3 731 489 734
3 501 733 499
3 732 502 491
3 735 502 732
3 736 734 733
3 733 501 736
3 501 737 736
3 501 509 737
3 740 739 738
3 735 740 738
3 510 735 738
3 502 735 510
3 514 741 515
3 742 516 515
3 742 515 741
3 743 517 516
3 743 516 742
3 743 744 517
3 744 509 517
3 744 737 509
3 738 739 520
3 739 519 520
3 739 745 519
3 738 520 510
3 523 746 524
3 741 514 524
3 746 741 524
3 747 741 746
3 749 742 748
3 742 747 748
3 742 741 747
3 742 749 743
3 743 749 750
3 743 750 744
3 745 525 519
3 751 525 745
3 753 752 746
3 523 753 746
3 529 753 523
3 746 752 747
3 747 752 754
3 747 754 748
3 757 756 755
3 751 757 755
3 530 751 755
3 525 751 530
3 759 758 534
3 759 534 533
3 529 534 753
3 753 534 758
3 755 756 537
3 756 536 537
3 756 760 536
3 755 537 530
3 540 761 541
3 761 762 541
3 762 533 541
3 762 759 533
3 760 543 536
3 763 543 760
3 545 764 546
3 764 765 546
3 546 765 540
3 765 766 540
3 766 761 540
3 761 766 762
3 769 768 767
3 763 769 767
3 548 763 767
3 543 763 548
3 771 770 764
3 545 771 764
3 551 771 545
3 764 770 765
3 767 768 772
3 772 768 773
3 772 553 548
3 772 548 767
3 556 774 557
3 774 775 557
3 775 551 557
3 775 771 551
3 772 773 776
3 776 773 777
3 776 559 553
3 776 553 772
3 564 778 565
3 778 779 565
3 565 779 556
3 779 780 556
3 780 774 556
3 774 780 775
3 776 777 568
3 777 567 568
3 777 781 567
3 776 568 559
3 576 782 577
3 782 783 577
3 577 783 564
3 783 784 564
3 784 778 564
3 778 784 779
3 787 786 785
3 781 787 785
3 579 781 785
3 567 781 579
3 590 788 782
3 590 782 576
3 783 782 789
3 789 782 788
3 785 786 790
3 790 786 791
3 790 592 579
3 790 579 785
3 604 792 605
3 792 793 605
3 605 793 590
3 793 794 590
3 794 788 590
3 788 794 789
3 790 791 795
3 795 791 796
3 795 607 592
3 795 592 790
3 618 797 619
3 797 798 619
3 619 798 604
3 798 799 604
3 799 792 604
3 792 799 793
3 802 801 800
3 802 800 796
3 800 795 796
3 800 803 795
3 804 620 607
3 795 804 607
3 803 804 795
3 804 622 620
3 631 805 632
3 805 806 632
3 632 806 618
3 806 807 618
3 807 797 618
3 797 807 798
3 800 801 808
3 808 801 809
3 800 810 803
3 800 808 810
3 803 811 804
3 803 810 811
3 812 633 622
3 804 812 622
3 811 812 804
3 812 635 633
3 642 813 643
3 813 814 643
3 643 814 631
3 814 815 631
3 815 805 631
3 805 815 806
3 808 809 816
3 816 809 817
3 808 818 810
3 808 816 818
3 810 819 811
3 810 818 819
3 811 820 812
3 811 819 820
3 821 644 635
3 812 821 635
3 820 821 812
3 821 646 644
3 651 822 652
3 813 642 652
3 822 813 652
3 823 813 822
3 814 813 824
3 824 813 823
3 817 825 816
3 827 826 825
3 826 816 825
3 826 818 816
3 818 828 819
3 818 826 828
3 819 829 820
3 819 828 829
3 820 830 821
3 820 829 830
3 831 653 646
3 821 831 646
3 830 831 821
3 831 655 653
3 657 832 658
3 833 659 658
3 833 658 832
3 822 651 659
3 833 822 659
3 834 822 833
3 836 823 835
3 823 834 835
3 823 822 834
3 823 836 824
3 827 837 826
3 826 837 828
3 828 837 838
3 840 839 838
3 839 828 838
3 839 829 828
3 829 841 830
3 829 839 841
3 830 842 831
3 830 841 842
3 843 660 655
3 831 843 655
3 842 843 831
3 844 661 660
3 844 660 843
3 832 657 661
3 844 832 661
3 845 832 844
3 832 846 833
3 832 845 846
3 848 834 847
3 834 846 847
3 834 833 846
3 834 848 835
3 840 849 839
3 851 850 849
3 850 839 849
3 850 841 839
3 841 852 842
3 841 850 852
3 842 853 843
3 842 852 853
3 843 854 844
3 843 853 854
3 844 855 845
3 844 854 855
3 857 846 856
3 846 855 856
3 846 845 855
3 846 857 847
3 851 858 850
3 850 858 852
3 852 858 859
3 861 860 859
3 860 852 859
3 860 853 852
3 863 854 862
3 854 860 862
3 854 853 860
3 854 863 855
3 855 863 864
3 855 864 856
3 861 865 860
3 860 865 862
3 866 663 664
3 665 867 664
3 664 867 866
3 666 868 665
3 665 868 867
3 667 869 666
3 666 869 868
3 668 870 667
3 667 870 869
3 669 870 668
3 871 671 672
3 663 866 672
3 866 871 672
3 866 872 871
3 873 866 867
3 872 866 873
3 868 875 874
3 873 868 874
3 867 868 873
3 875 868 869
3 875 869 876
3 878 877 876
3 869 878 876
3 870 878 869
3 674 878 669
3 669 878 870
3 879 675 676
3 671 871 676
3 871 879 676
3 871 880 879
3 872 882 881
3 880 872 881
3 871 872 880
3 882 872 873
3 882 873 883
3 883 873 874
3 877 878 884
3 877 884 885
3 678 884 674
3 674 884 878
3 886 679 680
3 887 886 680
3 887 680 675
3 888 887 675
3 879 888 675
3 888 879 880
3 888 880 889
3 889 880 881
3 885 884 890
3 885 890 891
3 681 890 678
3 678 890 884
3 893 892 683
3 683 892 682
3 683 679 886
3 894 683 886
3 893 683 894
3 894 886 887
3 891 890 895
3 891 895 896
3 685 895 681
3 681 895 890
3 898 897 687
3 687 897 686
3 687 682 892
3 687 892 898
3 899 896 895
3 895 685 899
3 685 900 899
3 685 689 900
3 902 901 692
3 692 901 691
3 692 686 897
3 692 897 902
3 905 904 903
3 906 903 904
3 689 693 907
3 908 689 907
3 900 689 908
3 694 907 693
3 911 910 909
3 901 911 909
3 695 901 909
3 691 901 695
3 914 913 912
3 912 913 905
3 903 912 905
3 915 912 903
3 903 906 916
3 903 916 915
3 917 908 907
3 907 694 917
3 694 918 917
3 694 696 918
3 909 910 698
3 910 697 698
3 910 919 697
3 909 698 695
3 922 921 920
3 920 921 914
3 912 920 914
3 923 920 912
3 924 912 915
3 923 912 924
3 915 916 925
3 915 925 924
3 699 918 696
3 699 926 918
3 929 928 927
3 919 929 927
3 700 919 927
3 697 919 700
3 922 920 930
3 922 930 931
3 932 920 923
3 930 920 932
3 924 934 933
3 932 924 933
3 923 924 932
3 934 924 925
3 936 935 701
3 936 701 702
3 699 701 926
3 926 701 935
3 939 938 937
3 937 940 939
3 927 928 704
3 928 703 704
3 928 941 703
3 927 704 700
3 944 943 942
3 942 943 931
3 930 942 931
3 945 942 930
3 932 947 946
3 945 932 946
3 930 932 945
3 947 932 933
3 705 936 702
3 705 948 936
3 937 938 708
3 938 707 708
3 938 949 707
3 708 709 937
3 709 940 937
3 709 950 940
3 952 951 712
3 712 951 711
3 712 703 941
3 712 941 952
3 955 954 953
3 953 954 944
3 942 953 944
3 956 953 942
3 945 958 957
3 956 945 957
3 942 945 956
3 958 945 946
3 959 948 705
3 959 705 713
3 960 713 715
3 960 959 713
3 715 707 949
3 715 949 960
3 718 962 961
3 950 718 961
3 709 718 950
3 962 963 961
3 951 720 711
3 964 720 951
3 967 966 965
3 965 966 955
3 953 965 955
3 968 965 953
3 956 970 969
3 968 956 969
3 953 956 968
3 970 956 957
3 725 962 718
3 725 726 962
3 726 963 962
3 726 971 963
3 973 972 729
3 729 972 728
3 729 720 964
3 729 964 973
3 967 965 974
3 967 974 975
3 976 965 968
3 974 965 976
3 968 969 977
3 968 977 976
3 731 971 726
3 731 978 971
3 972 732 728
3 979 732 972
3 975 974 980
3 975 980 981
3 982 974 976
3 980 974 982
3 976 977 983
3 976 983 982
3 734 978 731
3 734 984 978
3 979 735 732
3 985 735 979
3 988 987 986
3 986 987 981
3 980 986 981
3 989 986 980
3 990 980 982
3 989 980 990
3 982 983 991
3 982 991 990
3 992 984 734
3 992 734 736
3 736 737 992
3 992 737 993
3 995 994 740
3 740 994 739
3 740 735 985
3 740 985 995
3 988 986 996
3 988 996 997
3 998 986 989
3 996 986 998
3 999 989 990
3 998 989 999
3 990 991 1000
3 1001 990 1000
3 999 990 1001
3 1002 1001 1000
3 744 993 737
3 744 1003 993
3 994 745 739
3 1004 745 994
3 997 996 1005
3 997 1005 1006
3 1007 996 998
3 1005 996 1007
3 1008 998 999
3 1007 998 1008
3 1009 999 1001
3 1008 999 1009
3 1001 1002 1010
3 1001 1010 1009
3 1012 1011 749
3 1012 749 748
3 749 1013 750
3 1011 1013 749
3 744 750 1003
3 1003 750 1013
3 1016 1015 1014
3 1004 1016 1014
3 751 1004 1014
3 745 1004 751
3 1019 1018 1017
3 1017 1018 1006
3 1005 1017 1006
3 1020 1017 1005
3 1021 1005 1007
3 1020 1005 1021
3 1022 1007 1008
3 1021 1007 1022
3 1023 1008 1009
3 1022 1008 1023
3 1009 1010 1024
3 1009 1024 1023
3 1026 1025 752
3 1026 752 753
3 752 1027 754
3 1025 1027 752
3 748 754 1012
3 1012 754 1027
3 1014 1015 757
3 1015 756 757
3 1015 1028 756
3 1014 757 751
3 1019 1017 1029
3 1019 1029 1030
3 1031 1017 1020
3 1029 1017 1031
3 1032 1020 1021
3 1031 1020 1032
3 1033 1021 1022
3 1032 1021 1033
3 1034 1022 1023
3 1033 1022 1034
3 1023 1024 1035
3 1023 1035 1034
3 1037 1036 758
3 1037 758 759
3 753 758 1026
3 1026 758 1036
3 1028 760 756
3 1038 760 1028
3 1030 1029 1039
3 1030 1039 1040
3 1041 1029 1031
3 1039 1029 1041
3 1042 1031 1032
3 1041 1031 1042
3 1033 1044 1043
3 1042 1033 1043
3 1032 1033 1042
3 1044 1033 1034
3 1044 1034 1045
3 1045 1034 1035
3 762 1037 759
3 762 1046 1037
3 1049 1048 1047
3 1038 1049 1047
3 763 1038 1047
3 760 1038 763
3 1050 1040 1039
3 1050 1039 1041
3 1050 1041 1051
3 1051 1041 1042
3 1051 1042 1052
3 1052 1042 1043
3 1054 1053 766
3 1054 766 765
3 762 766 1046
3 1046 766 1053
3 1047 1048 769
3 1048 768 769
3 1048 1055 768
3 1047 769 763
3 1057 1056 770
3 1057 770 771
3 765 770 1054
3 1054 770 1056
3 1055 773 768
3 1058 773 1055
3 775 1057 771
3 775 1059 1057
3 1062 1061 1060
3 1058 1062 1060
3 777 1058 1060
3 773 1058 777
3 1064 1063 780
3 1064 780 779
3 775 780 1059
3 1059 780 1063
3 1060 1061 1065
3 1065 1061 1066
3 1065 781 777
3 1065 777 1060
3 1068 1067 784
3 1068 784 783
3 779 784 1064
3 1064 784 1067
3 1065 1066 787
3 1066 786 787
3 1066 1069 786
3 1065 787 781
3 789 1068 783
3 789 1070 1068
3 1073 1072 1071
3 1069 1073 1071
3 791 1069 1071
3 786 1069 791
3 1075 1074 794
3 1075 794 793
3 789 794 1070
3 1070 794 1074
3 1071 1072 1076
3 1076 1072 1077
3 1076 796 791
3 1076 791 1071
3 1079 1078 799
3 1079 799 798
3 793 799 1075
3 1075 799 1078
3 1082 1081 1080
3 1082 1080 1077
3 1077 1080 1076
3 1080 801 1076
3 801 802 1076
3 1076 802 796
3 1084 1083 807
3 1084 807 806
3 798 807 1079
3 1079 807 1083
3 1080 1081 1085
3 1085 1081 1086
3 1085 809 801
3 1085 801 1080
3 814 1087 815
3 1087 1088 815
3 1088 806 815
3 1088 1084 806
3 1085 1086 1089
3 1089 1086 1090
3 1089 817 809
3 1089 809 1085
3 1092 1091 1087
3 814 1092 1087
3 824 1092 814
3 1087 1091 1088
3 1089 1090 1093
3 1093 1090 1094
3 1095 825 817
3 1089 1095 817
3 1093 1095 1089
3 1095 827 825
3 1097 1096 836
3 1097 836 835
3 824 836 1092
3 1092 836 1096
3 1093 1094 1098
3 1098 1094 1099
3 1093 1100 1095
3 1093 1098 1100
3 1101 837 827
3 1095 1101 827
3 1100 1101 1095
3 1102 838 837
3 1102 837 1101
3 1102 840 838
3 847 1103 848
3 1103 1104 848
3 1104 835 848
3 1104 1097 835
3 1099 1105 1098
3 1107 1106 1105
3 1106 1098 1105
3 1106 1100 1098
3 1100 1108 1101
3 1100 1106 1108
3 1101 1109 1102
3 1101 1108 1109
3 1110 849 840
3 1102 1110 840
3 1109 1110 1102
3 1110 851 849
3 856 1111 857
3 1111 1112 857
3 857 1112 847
3 1112 1113 847
3 1113 1103 847
3 1103 1113 1104
3 1106 1107 1114
3 1114 1107 1115
3 1106 1116 1108
3 1106 1114 1116
3 1108 1117 1109
3 1108 1116 1117
3 1109 1118 1110
3 1109 1117 1118
3 1119 858 851
3 1110 1119 851
3 1118 1119 1110
3 1120 859 858
3 1120 858 1119
3 1120 861 859
3 862 1121 863
3 1122 864 863
3 1122 863 1121
3 1122 1123 864
3 864 1123 856
3 1123 1124 856
3 1124 1111 856
3 1111 1124 1112
3 1115 1125 1114
3 1127 1126 1125
3 1126 1114 1125
3 1126 1116 1114
3 1116 1128 1117
3 1116 1126 1128
3 1117 1129 1118
3 1117 1128 1129
3 1118 1130 1119
3 1118 1129 1130
3 1119 1131 1120
3 1119 1130 1131
3 1132 865 861
3 1120 1132 861
3 1131 1132 1120
3 1121 862 865
3 1132 1121 865
3 1133 1121 1132
3 1121 1134 1122
3 1121 1133 1134
3 1123 1122 1135
3 1135 1122 1134
3 1127 1136 1126
3 1126 1136 1128
3 1128 1136 1137
3 1139 1138 1137
3 1138 1128 1137
3 1138 1129 1128
3 1129 1140 1130
3 1129 1138 1140
3 1130 1141 1131
3 1130 1140 1141
3 1131 1142 1132
3 1131 1141 1142
3 1132 1143 1133
3 1132 1142 1143
3 1145 1134 1144
3 1134 1143 1144
3 1134 1133 1143
3 1134 1145 1135
3 1139 1146 1138
3 1148 1147 1146
3 1147 1138 1146
3 1147 1140 1138
3 1140 1149 1141
3 1140 1147 1149
3 1151 1142 1150
3 1142 1149 1150
3 1142 1141 1149
3 1142 1151 1143
3 1143 1151 1152
3 1143 1152 1144
3 1148 1153 1147
3 1147 1153 1149
3 1149 1153 1154
3 1149 1154 1150
3 1155 874 875
3 876 1156 875
3 875 1156 1155
3 877 1156 876
3 1157 881 882
3 883 1158 882
3 882 1158 1157
3 874 1155 883
3 1155 1158 883
3 1155 1159 1158
3 1160 1155 1156
3 1159 1155 1160
3 885 1160 877
3 877 1160 1156
3 1161 887 888
3 889 1162 888
3 888 1162 1161
3 881 1157 889
3 1157 1162 889
3 1157 1163 1162
3 1164 1157 1158
3 1163 1157 1164
3 1165 1158 1159
3 1164 1158 1165
3 1166 1159 1160
3 1165 1159 1166
3 891 1166 885
3 885 1166 1160
3 1167 892 893
3 894 1168 893
3 893 1168 1167
3 887 1161 894
3 1161 1168 894
3 1161 1169 1168
3 1170 1161 1162
3 1169 1161 1170
3 1171 1162 1163
3 1170 1162 1171
3 1172 1163 1164
3 1171 1163 1172
3 1173 1164 1165
3 1172 1164 1173
3 1166 1175 1174
3 1173 1166 1174
3 1165 1166 1173
3 1166 891 1175
3 891 1176 1175
3 891 896 1176
3 1178 1177 898
3 898 1177 897
3 898 892 1167
3 1179 898 1167
3 1178 898 1179
3 1179 1167 1168
3 1179 1168 1180
3 1180 1168 1169
3 1180 1169 1181
3 1183 1182 1181
3 1169 1183 1181
3 1170 1183 1169
3 1184 1170 1171
3 1183 1170 1184
3 1185 1171 1172
3 1184 1171 1185
3 1186 1172 1173
3 1185 1172 1186
3 1173 1174 1187
3 1173 1187 1186
3 896 899 1188
3 1189 896 1188
3 1176 896 1189
3 900 1188 899
3 1191 1190 902
3 902 1190 901
3 902 897 1177
3 902 1177 1191
3 1182 1183 904
3 905 1182 904
3 1192 1182 905
3 904 1183 906
3 1183 1193 906
3 1183 1184 1193
3 1194 1184 1185
3 1193 1184 1194
3 1186 1196 1195
3 1194 1186 1195
3 1185 1186 1194
3 1196 1186 1187
3 1197 1189 1188
3 1188 900 1197
3 900 1198 1197
3 900 908 1198
3 1200 1199 911
3 911 1199 910
3 911 901 1190
3 911 1190 1200
3 1202 1201 913
3 1202 913 914
3 905 913 1192
3 1192 913 1201
3 1203 916 1193
3 1193 916 906
3 1194 1205 1204
3 1203 1194 1204
3 1193 1194 1203
3 1205 1194 1195
3 1206 1198 908
3 1206 908 917
3 917 918 1206
3 1206 918 1207
3 1199 919 910
3 1208 919 1199
3 1210 1209 921
3 1210 921 922
3 914 921 1202
3 1202 921 1209
3 1211 925 1203
3 1203 925 916
3 1203 1204 1212
3 1203 1212 1211
3 1215 1214 1213
3 1214 1207 1213
3 1207 926 1213
3 1207 918 926
3 1217 1216 929
3 929 1216 928
3 929 919 1208
3 929 1208 1217
3 1220 1219 1218
3 1219 1210 1218
3 1210 931 1218
3 1210 922 931
3 1221 933 934
3 925 1211 934
3 1211 1221 934
3 1211 1222 1221
3 1211 1212 1223
3 1211 1223 1222
3 1215 1213 935
3 936 1215 935
3 1224 1215 936
3 935 1213 926
3 1226 1225 939
3 939 1225 938
3 939 940 1226
3 1226 940 1227
3 1216 941 928
3 1228 941 1216
3 1220 1218 943
3 944 1220 943
3 1229 1220 944
3 943 1218 931
3 1230 946 947
3 933 1221 947
3 1221 1230 947
3 1221 1231 1230
3 1232 1221 1222
3 1231 1221 1232
3 1222 1223 1233
3 1222 1233 1232
3 948 1235 1234
3 1224 948 1234
3 936 948 1224
3 1237 1236 1235
3 1235 1236 1234
3 1225 1236 1237
3 949 1225 1237
3 938 1225 949
3 950 1227 940
3 950 1238 1227
3 1240 1239 952
3 952 1239 951
3 952 941 1228
3 952 1228 1240
3 1242 1241 954
3 1242 954 955
3 944 954 1229
3 1229 954 1241
3 1243 957 958
3 946 1230 958
3 1230 1243 958
3 1230 1244 1243
3 1245 1230 1231
3 1244 1230 1245
3 1246 1231 1232
3 1245 1231 1246
3 1232 1233 1247
3 1248 1232 1247
3 1246 1232 1248
3 1249 1248 1247
3 959 1235 948
3 1235 959 960
3 1235 960 1237
3 1237 960 949
3 1250 1238 950
3 1250 950 961
3 961 963 1250
3 1250 963 1251
3 1239 964 951
3 1252 964 1239
3 1254 1253 966
3 1254 966 967
3 955 966 1242
3 1242 966 1253
3 1255 969 970
3 1256 1255 970
3 1256 970 957
3 1257 1256 957
3 1243 1257 957
3 1257 1243 1244
3 1257 1244 1258
3 1258 1244 1245
3 1258 1245 1259
3 1261 1260 1259
3 1245 1261 1259
3 1246 1261 1245
3 1262 1246 1248
3 1261 1246 1262
3 1248 1249 1263
3 1264 1248 1263
3 1262 1248 1264
3 1265 1264 1263
3 971 1251 963
3 971 1266 1251
3 1268 1267 973
3 973 1267 972
3 973 964 1252
3 973 1252 1268
3 975 1254 967
3 975 1269 1254
3 1270 977 1255
3 1255 977 969
3 1255 1256 1271
3 1255 1271 1270
3 1272 1260 1261
3 1274 1273 1272
3 1261 1274 1272
3 1262 1274 1261
3 1275 1262 1264
3 1274 1262 1275
3 1264 1265 1276
3 1277 1264 1276
3 1275 1264 1277
3 1278 1277 1276
3 978 1266 971
3 978 1279 1266
3 1267 979 972
3 1280 979 1267
3 981 1269 975
3 981 1281 1269
3 1282 983 1270
3 1270 983 977
3 1270 1271 1283
3 1270 1283 1282
3 1273 1274 1284
3 1273 1284 1285
3 1286 1274 1275
3 1284 1274 1286
3 1287 1275 1277
3 1286 1275 1287
3 1277 1278 1288
3 1289 1277 1288
3 1287 1277 1289
3 1290 1289 1288
3 984 1279 978
3 984 1291 1279
3 1280 985 979
3 1292 985 1280
3 1294 1293 987
3 1294 987 988
3 981 987 1281
3 1281 987 1293
3 1295 991 1282
3 1282 991 983
3 1282 1283 1296
3 1282 1296 1295
3 1285 1284 1297
3 1285 1297 1298
3 1299 1284 1286
3 1297 1284 1299
3 1300 1286 1287
3 1299 1286 1300
3 1289 1302 1301
3 1300 1289 1301
3 1287 1289 1300
3 1302 1289 1290
3 1303 1291 984
3 1303 984 992
3 992 993 1303
3 1303 993 1304
3 1306 1305 995
3 995 1305 994
3 995 985 1292
3 995 1292 1306
3 997 1294 988
3 997 1307 1294
3 1295 1000 991
3 1002 1000 1295
3 1296 1002 1295
3 1308 1002 1296
3 1298 1297 1309
3 1298 1309 1310
3 1311 1297 1299
3 1309 1297 1311
3 1300 1313 1312
3 1311 1300 1312
3 1299 1300 1311
3 1313 1300 1301
3 1003 1304 993
3 1003 1314 1304
3 1305 1004 994
3 1315 1004 1305
3 1318 1317 1316
3 1317 1307 1316
3 1307 1006 1316
3 1307 997 1006
3 1308 1010 1002
3 1319 1010 1308
3 1320 1310 1309
3 1320 1309 1311
3 1320 1311 1321
3 1321 1311 1312
3 1324 1323 1322
3 1011 1012 1322
3 1323 1011 1322
3 1325 1011 1323
3 1011 1326 1013
3 1325 1326 1011
3 1003 1013 1314
3 1314 1013 1326
3 1328 1327 1016
3 1016 1327 1015
3 1016 1004 1315
3 1016 1315 1328
3 1318 1316 1018
3 1019 1318 1018
3 1329 1318 1019
3 1018 1316 1006
3 1331 1024 1330
3 1024 1319 1330
3 1024 1010 1319
3 1332 1331 1330
3 1334 1333 1025
3 1334 1025 1026
3 1322 1027 1324
3 1027 1333 1324
3 1027 1025 1333
3 1027 1322 1012
3 1327 1028 1015
3 1335 1028 1327
3 1030 1329 1019
3 1030 1336 1329
3 1337 1035 1331
3 1331 1035 1024
3 1331 1332 1338
3 1331 1338 1337
3 1340 1339 1036
3 1340 1036 1037
3 1026 1036 1334
3 1334 1036 1339
3 1335 1038 1028
3 1341 1038 1335
3 1040 1336 1030
3 1040 1342 1336
3 1343 1043 1044
3 1045 1344 1044
3 1044 1344 1343
3 1035 1337 1045
3 1337 1344 1045
3 1337 1345 1344
3 1337 1338 1346
3 1347 1337 1346
3 1345 1337 1347
3 1348 1347 1346
3 1351 1350 1349
3 1350 1340 1349
3 1340 1046 1349
3 1340 1037 1046
3 1353 1352 1049
3 1049 1352 1048
3 1049 1038 1341
3 1049 1341 1353
3 1354 1342 1040
3 1354 1040 1050
3 1355 1050 1051
3 1355 1354 1050
3 1357 1355 1356
3 1355 1052 1356
3 1355 1051 1052
3 1043 1343 1052
3 1343 1356 1052
3 1343 1358 1356
3 1359 1343 1344
3 1358 1343 1359
3 1360 1344 1345
3 1359 1344 1360
3 1361 1345 1347
3 1360 1345 1361
3 1347 1348 1362
3 1347 1362 1361
3 1351 1349 1053
3 1054 1351 1053
3 1363 1351 1054
3 1053 1349 1046
3 1352 1055 1048
3 1364 1055 1352
3 1365 1357 1356
3 1367 1366 1365
3 1356 1367 1365
3 1358 1367 1356
3 1368 1358 1359
3 1367 1358 1368
3 1369 1359 1360
3 1368 1359 1369
3 1361 1371 1370
3 1369 1361 1370
3 1360 1361 1369
3 1371 1361 1362
3 1373 1372 1056
3 1373 1056 1057
3 1054 1056 1363
3 1363 1056 1372
3 1364 1058 1055
3 1374 1058 1364
3 1366 1367 1375
3 1366 1375 1376
3 1377 1367 1368
3 1375 1367 1377
3 1378 1368 1369
3 1377 1368 1378
3 1369 1370 1379
3 1369 1379 1378
3 1382 1381 1380
3 1381 1373 1380
3 1373 1059 1380
3 1373 1057 1059
3 1384 1383 1062
3 1062 1383 1061
3 1062 1058 1374
3 1062 1374 1384
3 1376 1375 1385
3 1376 1385 1386
3 1387 1375 1377
3 1385 1375 1387
3 1378 1389 1388
3 1387 1378 1388
3 1377 1378 1387
3 1389 1378 1379
3 1382 1380 1063
3 1064 1382 1063
3 1390 1382 1064
3 1063 1380 1059
3 1383 1066 1061
3 1391 1066 1383
3 1386 1385 1392
3 1386 1392 1393
3 1394 1385 1387
3 1392 1385 1394
3 1387 1388 1395
3 1387 1395 1394
3 1397 1396 1067
3 1397 1067 1068
3 1064 1067 1390
3 1390 1067 1396
3 1400 1399 1398
3 1391 1400 1398
3 1069 1391 1398
3 1066 1391 1069
3 1403 1402 1401
3 1401 1402 1393
3 1392 1401 1393
3 1404 1401 1392
3 1394 1406 1405
3 1404 1394 1405
3 1392 1394 1404
3 1406 1394 1395
3 1070 1397 1068
3 1070 1407 1397
3 1398 1399 1073
3 1399 1072 1073
3 1399 1408 1072
3 1398 1073 1069
3 1403 1401 1409
3 1403 1409 1410
3 1404 1412 1411
3 1409 1404 1411
3 1401 1404 1409
3 1412 1404 1405
3 1414 1413 1074
3 1414 1074 1075
3 1070 1074 1407
3 1407 1074 1413
3 1417 1416 1415
3 1408 1417 1415
3 1077 1408 1415
3 1072 1408 1077
3 1418 1410 1409
3 1418 1409 1411
3 1420 1419 1078
3 1420 1078 1079
3 1075 1078 1414
3 1414 1078 1419
3 1415 1416 1082
3 1416 1081 1082
3 1416 1421 1081
3 1415 1082 1077
3 1423 1422 1083
3 1423 1083 1084
3 1079 1083 1420
3 1420 1083 1422
3 1421 1086 1081
3 1424 1086 1421
3 1088 1423 1084
3 1088 1425 1423
3 1424 1090 1086
3 1426 1090 1424
3 1428 1427 1091
3 1428 1091 1092
3 1088 1091 1425
3 1425 1091 1427
3 1426 1094 1090
3 1429 1094 1426
3 1431 1430 1096
3 1431 1096 1097
3 1092 1096 1428
3 1428 1096 1430
3 1429 1099 1094
3 1432 1099 1429
3 1104 1431 1097
3 1104 1433 1431
3 1105 1099 1434
3 1099 1435 1434
3 1099 1432 1435
3 1434 1107 1105
3 1437 1436 1113
3 1437 1113 1112
3 1104 1113 1433
3 1433 1113 1436
3 1434 1435 1438
3 1438 1435 1439
3 1438 1115 1107
3 1438 1107 1434
3 1123 1440 1124
3 1440 1441 1124
3 1441 1112 1124
3 1441 1437 1112
3 1444 1443 1442
3 1444 1442 1439
3 1442 1438 1439
3 1442 1445 1438
3 1446 1125 1115
3 1438 1446 1115
3 1445 1446 1438
3 1446 1127 1125
3 1448 1447 1440
3 1123 1448 1440
3 1135 1448 1123
3 1440 1447 1441
3 1443 1449 1442
3 1451 1450 1449
3 1450 1442 1449
3 1450 1445 1442
3 1445 1452 1446
3 1445 1450 1452
3 1453 1136 1127
3 1446 1453 1127
3 1452 1453 1446
3 1454 1137 1136
3 1454 1136 1453
3 1454 1139 1137
3 1144 1455 1145
3 1455 1456 1145
3 1456 1135 1145
3 1456 1448 1135
3 1451 1457 1450
3 1450 1457 1452
3 1452 1457 1458
3 1460 1459 1458
3 1459 1452 1458
3 1459 1453 1452
3 1453 1461 1454
3 1453 1459 1461
3 1462 1146 1139
3 1454 1462 1139
3 1461 1462 1454
3 1462 1148 1146
3 1150 1463 1151
3 1464 1152 1151
3 1464 1151 1463
3 1464 1465 1152
3 1152 1465 1144
3 1465 1466 1144
3 1466 1455 1144
3 1455 1466 1456
3 1460 1467 1459
3 1469 1468 1467
3 1468 1459 1467
3 1468 1461 1459
3 1461 1470 1462
3 1461 1468 1470
3 1471 1153 1148
3 1462 1471 1148
3 1470 1471 1462
3 1472 1154 1153
3 1472 1153 1471
3 1463 1150 1154
3 1472 1463 1154
3 1473 1463 1472
3 1475 1464 1474
3 1464 1473 1474
3 1464 1463 1473
3 1464 1475 1465
3 1469 1476 1468
3 1478 1477 1476
3 1477 1468 1476
3 1477 1470 1468
3 1470 1479 1471
3 1470 1477 1479
3 1471 1480 1472
3 1471 1479 1480
3 1482 1473 1481
3 1473 1480 1481
3 1473 1472 1480
3 1473 1482 1474
3 1478 1483 1477
3 1477 1483 1479
3 1479 1483 1484
3 1479 1484 1480
3 1480 1484 1485
3 1480 1485 1481
3 1486 1174 1175
3 1176 1486 1175
3 1487 1177 1178
3 1179 1488 1178
3 1178 1488 1487
3 1180 1489 1179
3 1179 1489 1488
3 1181 1490 1180
3 1180 1490 1489
3 1182 1490 1181
3 1491 1187 1486
3 1486 1187 1174
3 1189 1491 1176
3 1176 1491 1486
3 1493 1492 1191
3 1191 1492 1190
3 1493 1191 1177
3 1494 1493 1177
3 1487 1494 1177
3 1493 1494 1495
3 1496 1487 1488
3 1494 1487 1496
3 1497 1488 1489
3 1496 1488 1497
3 1498 1489 1490
3 1497 1489 1498
3 1192 1498 1182
3 1182 1498 1490
3 1499 1195 1196
3 1500 1499 1196
3 1500 1196 1187
3 1501 1500 1187
3 1491 1501 1187
3 1501 1491 1189
3 1197 1501 1189
3 1502 1501 1197
3 1197 1198 1502
3 1502 1198 1503
3 1505 1504 1200
3 1200 1504 1199
3 1200 1190 1492
3 1200 1492 1505
3 1506 1495 1494
3 1506 1494 1496
3 1506 1496 1507
3 1509 1508 1507
3 1496 1509 1507
3 1497 1509 1496
3 1202 1509 1201
3 1509 1498 1201
3 1509 1497 1498
3 1201 1498 1192
3 1510 1204 1205
3 1511 1510 1205
3 1511 1205 1195
3 1512 1511 1195
3 1499 1512 1195
3 1512 1499 1500
3 1198 1206 1513
3 1514 1198 1513
3 1503 1198 1514
3 1207 1513 1206
3 1504 1208 1199
3 1515 1208 1504
3 1209 1210 1516
3 1509 1517 1508
3 1517 1509 1518
3 1509 1202 1518
3 1209 1516 1518
3 1209 1518 1202
3 1519 1212 1510
3 1510 1212 1204
3 1510 1511 1520
3 1510 1520 1519
3 1523 1522 1521
3 1521 1522 1514
3 1521 1514 1513
3 1215 1521 1513
3 1214 1215 1513
3 1214 1513 1207
3 1525 1524 1217
3 1217 1524 1216
3 1217 1208 1515
3 1217 1515 1525
3 1220 1526 1219
3 1526 1527 1219
3 1219 1527 1210
3 1527 1528 1210
3 1528 1516 1210
3 1516 1528 1518
3 1529 1223 1519
3 1519 1223 1212
3 1519 1520 1530
3 1519 1530 1529
3 1531 1523 1521
3 1521 1215 1531
3 1215 1532 1531
3 1215 1224 1532
3 1535 1534 1533
3 1533 1225 1535
3 1225 1226 1535
3 1537 1536 1535
3 1537 1535 1226
3 1227 1537 1226
3 1524 1228 1216
3 1538 1228 1524
3 1540 1539 1526
3 1220 1540 1526
3 1229 1540 1220
3 1526 1539 1527
3 1541 1233 1529
3 1529 1233 1223
3 1529 1530 1542
3 1529 1542 1541
3 1543 1532 1224
3 1543 1224 1234
3 1236 1533 1534
3 1543 1236 1534
3 1234 1236 1543
3 1537 1544 1536
3 1225 1533 1236
3 1537 1227 1544
3 1227 1545 1544
3 1227 1238 1545
3 1546 1239 1240
3 1547 1546 1240
3 1228 1547 1240
3 1538 1547 1228
3 1549 1548 1241
3 1549 1241 1242
3 1229 1241 1540
3 1540 1241 1548
3 1541 1247 1233
3 1551 1550 1249
3 1551 1249 1247
3 1542 1551 1247
3 1541 1542 1247
3 1552 1550 1551
3 1238 1250 1553
3 1554 1238 1553
3 1545 1238 1554
3 1251 1553 1250
3 1556 1555 1546
3 1555 1239 1546
3 1555 1252 1239
3 1556 1546 1547
3 1254 1557 1253
3 1557 1558 1253
3 1558 1242 1253
3 1558 1549 1242
3 1559 1256 1257
3 1258 1560 1257
3 1257 1560 1559
3 1560 1258 1561
3 1258 1562 1561
3 1258 1259 1562
3 1259 1260 1562
3 1562 1260 1563
3 1550 1263 1249
3 1565 1564 1265
3 1565 1265 1263
3 1552 1565 1263
3 1550 1552 1263
3 1567 1566 1564
3 1567 1564 1565
3 1569 1568 1566
3 1569 1566 1567
3 1571 1570 1568
3 1571 1568 1569
3 1573 1572 1570
3 1573 1570 1571
3 1572 1573 1554
3 1553 1572 1554
3 1574 1572 1553
3 1266 1574 1251
3 1251 1574 1553
3 1575 1267 1268
3 1576 1575 1268
3 1252 1576 1268
3 1555 1576 1252
3 1578 1577 1557
3 1254 1578 1557
3 1269 1578 1254
3 1557 1577 1558
3 1579 1271 1559
3 1559 1271 1256
3 1560 1581 1580
3 1579 1560 1580
3 1559 1560 1579
3 1581 1560 1561
3 1582 1563 1260
3 1582 1260 1272
3 1272 1273 1582
3 1582 1273 1583
3 1564 1276 1265
3 1276 1564 1278
3 1564 1584 1278
3 1564 1566 1584
3 1585 1566 1568
3 1584 1566 1585
3 1586 1568 1570
3 1585 1568 1586
3 1587 1570 1572
3 1586 1570 1587
3 1574 1589 1588
3 1587 1574 1588
3 1572 1574 1587
3 1574 1266 1589
3 1266 1590 1589
3 1266 1279 1590
3 1592 1591 1575
3 1591 1267 1575
3 1591 1280 1267
3 1592 1575 1576
3 1281 1578 1269
3 1281 1593 1578
3 1595 1594 1579
3 1594 1271 1579
3 1594 1283 1271
3 1595 1579 1580
3 1285 1583 1273
3 1285 1596 1583
3 1584 1288 1278
3 1288 1584 1290
3 1584 1597 1290
3 1584 1585 1597
3 1586 1599 1598
3 1597 1586 1598
3 1585 1586 1597
3 1599 1586 1587
3 1599 1587 1600
3 1600 1587 1588
3 1291 1590 1279
3 1291 1601 1590
3 1591 1292 1280
3 1602 1292 1591
3 1294 1603 1293
3 1603 1604 1293
3 1604 1281 1293
3 1604 1593 1281
3 1594 1296 1283
3 1605 1296 1594
3 1298 1596 1285
3 1298 1606 1596
3 1608 1607 1302
3 1302 1607 1301
3 1302 1290 1597
3 1609 1302 1597
3 1608 1302 1609
3 1609 1597 1598
3 1610 1601 1291
3 1610 1291 1303
3 1303 1304 1610
3 1610 1304 1611
3 1613 1612 1306
3 1306 1612 1305
3 1306 1292 1602
3 1306 1602 1613
3 1615 1614 1603
3 1294 1615 1603
3 1307 1615 1294
3 1603 1614 1604
3 1605 1308 1296
3 1616 1308 1605
3 1310 1606 1298
3 1310 1617 1606
3 1619 1618 1313
3 1313 1618 1312
3 1313 1301 1607
3 1313 1607 1619
3 1622 1621 1620
3 1621 1611 1620
3 1611 1314 1620
3 1611 1304 1314
3 1612 1315 1305
3 1623 1315 1612
3 1318 1624 1317
3 1624 1625 1317
3 1625 1307 1317
3 1625 1615 1307
3 1616 1319 1308
3 1626 1319 1616
3 1627 1617 1310
3 1627 1310 1320
3 1628 1320 1321
3 1628 1627 1320
3 1321 1312 1618
3 1321 1618 1628
3 1630 1629 1323
3 1630 1323 1324
3 1323 1631 1325
3 1629 1631 1323
3 1620 1326 1622
3 1326 1631 1622
3 1326 1325 1631
3 1326 1620 1314
3 1632 1327 1328
3 1633 1632 1328
3 1315 1633 1328
3 1623 1633 1315
3 1635 1634 1624
3 1318 1635 1624
3 1329 1635 1318
3 1624 1634 1625
3 1330 1319 1636
3 1319 1637 1636
3 1319 1626 1637
3 1636 1332 1330
3 1640 1639 1638
3 1333 1334 1638
3 1639 1333 1638
3 1641 1333 1639
3 1324 1333 1630
3 1630 1333 1641
3 1643 1642 1632
3 1642 1327 1632
3 1642 1335 1327
3 1643 1632 1633
3 1336 1635 1329
3 1336 1644 1635
3 1637 1645 1636
3 1332 1636 1645
3 1646 1332 1645
3 1338 1332 1646
3 1640 1638 1339
3 1340 1640 1339
3 1647 1640 1340
3 1339 1638 1334
3 1642 1341 1335
3 1648 1341 1642
3 1342 1650 1649
3 1644 1342 1649
3 1336 1342 1644
3 1650 1651 1649
3 1646 1652 1338
3 1338 1652 1346
3 1348 1346 1652
3 1348 1652 1653
3 1655 1654 1350
3 1655 1350 1351
3 1340 1350 1647
3 1647 1350 1654
3 1657 1656 1353
3 1353 1656 1352
3 1353 1341 1648
3 1353 1648 1657
3 1354 1650 1342
3 1658 1651 1650
3 1354 1658 1650
3 1355 1658 1354
3 1355 1357 1658
3 1658 1357 1659
3 1653 1362 1348
3 1660 1362 1653
3 1663 1662 1661
3 1662 1655 1661
3 1655 1363 1661
3 1655 1351 1363
3 1656 1364 1352
3 1664 1364 1656
3 1357 1365 1665
3 1666 1357 1665
3 1659 1357 1666
3 1366 1665 1365
3 1668 1667 1371
3 1371 1667 1370
3 1371 1362 1660
3 1371 1660 1668
3 1663 1661 1372
3 1373 1663 1372
3 1669 1663 1373
3 1372 1661 1363
3 1664 1374 1364
3 1670 1374 1664
3 1666 1665 1671
3 1666 1671 1672
3 1376 1671 1366
3 1366 1671 1665
3 1667 1379 1370
3 1673 1379 1667
3 1675 1674 1381
3 1675 1381 1382
3 1373 1381 1669
3 1669 1381 1674
3 1677 1676 1384
3 1384 1676 1383
3 1384 1374 1670
3 1384 1670 1677
3 1672 1671 1678
3 1672 1678 1679
3 1386 1678 1376
3 1376 1678 1671
3 1680 1388 1389
3 1681 1680 1389
3 1379 1681 1389
3 1673 1681 1379
3 1390 1675 1382
3 1390 1682 1675
3 1685 1684 1683
3 1676 1685 1683
3 1391 1676 1683
3 1383 1676 1391
3 1679 1678 1686
3 1679 1686 1687
3 1393 1686 1386
3 1386 1686 1678
3 1689 1688 1680
3 1688 1388 1680
3 1688 1395 1388
3 1689 1680 1681
3 1691 1690 1396
3 1691 1396 1397
3 1390 1396 1682
3 1682 1396 1690
3 1683 1684 1400
3 1684 1399 1400
3 1684 1692 1399
3 1683 1400 1391
3 1695 1694 1693
3 1693 1694 1687
3 1693 1687 1686
3 1403 1693 1686
3 1402 1403 1686
3 1402 1686 1393
3 1697 1696 1406
3 1406 1696 1405
3 1406 1395 1688
3 1406 1688 1697
3 1407 1691 1397
3 1407 1698 1691
3 1701 1700 1699
3 1692 1701 1699
3 1408 1692 1699
3 1399 1692 1408
3 1704 1703 1702
3 1702 1703 1695
3 1693 1702 1695
3 1705 1702 1693
3 1410 1705 1403
3 1403 1705 1693
3 1706 1411 1412
3 1707 1706 1412
3 1405 1707 1412
3 1696 1707 1405
3 1709 1708 1413
3 1709 1413 1414
3 1407 1413 1698
3 1698 1413 1708
3 1699 1700 1417
3 1700 1416 1417
3 1700 1710 1416
3 1699 1417 1408
3 1713 1712 1711
3 1711 1712 1704
3 1702 1711 1704
3 1714 1711 1702
3 1715 1702 1705
3 1714 1702 1715
3 1418 1716 1410
3 1716 1705 1410
3 1716 1715 1705
3 1717 1716 1418
3 1717 1418 1411
3 1718 1717 1411
3 1706 1718 1411
3 1718 1706 1707
3 1720 1719 1419
3 1720 1419 1420
3 1414 1419 1709
3 1709 1419 1719
3 1710 1421 1416
3 1721 1421 1710
3 1724 1723 1722
3 1726 1725 1722
3 1726 1722 1723
3 1725 1726 1713
3 1711 1725 1713
3 1727 1725 1711
3 1728 1711 1714
3 1727 1711 1728
3 1729 1714 1715
3 1728 1714 1729
3 1716 1731 1730
3 1729 1716 1730
3 1715 1716 1729
3 1731 1716 1717
3 1733 1732 1422
3 1733 1422 1423
3 1420 1422 1720
3 1720 1422 1732
3 1721 1424 1421
3 1734 1424 1721
3 1724 1722 1735
3 1724 1735 1736
3 1737 1722 1725
3 1735 1722 1737
3 1738 1725 1727
3 1737 1725 1738
3 1739 1727 1728
3 1738 1727 1739
3 1729 1741 1740
3 1739 1729 1740
3 1728 1729 1739
3 1741 1729 1730
3 1425 1733 1423
3 1425 1742 1733
3 1745 1744 1743
3 1734 1745 1743
3 1426 1734 1743
3 1424 1734 1426
3 1746 1736 1735
3 1748 1747 1746
3 1735 1748 1746
3 1737 1748 1735
3 1749 1737 1738
3 1748 1737 1749
3 1739 1751 1750
3 1749 1739 1750
3 1738 1739 1749
3 1751 1739 1740
3 1753 1752 1427
3 1753 1427 1428
3 1425 1427 1742
3 1742 1427 1752
3 1743 1744 1754
3 1754 1744 1755
3 1754 1429 1426
3 1754 1426 1743
3 1756 1747 1748
3 1756 1748 1749
3 1756 1749 1757
3 1757 1749 1750
3 1759 1758 1430
3 1759 1430 1431
3 1428 1430 1753
3 1753 1430 1758
3 1754 1755 1760
3 1760 1755 1761
3 1760 1432 1429
3 1760 1429 1754
3 1433 1759 1431
3 1433 1762 1759
3 1760 1761 1763
3 1763 1761 1764
3 1763 1435 1432
3 1763 1432 1760
3 1766 1765 1436
3 1766 1436 1437
3 1433 1436 1762
3 1762 1436 1765
3 1763 1764 1767
3 1767 1764 1768
3 1767 1439 1435
3 1767 1435 1763
3 1441 1766 1437
3 1441 1769 1766
3 1772 1771 1770
3 1772 1770 1768
3 1768 1770 1767
3 1770 1443 1767
3 1443 1444 1767
3 1767 1444 1439
3 1774 1773 1447
3 1774 1447 1448
3 1441 1447 1769
3 1769 1447 1773
3 1770 1771 1775
3 1775 1771 1776
3 1777 1449 1443
3 1770 1777 1443
3 1775 1777 1770
3 1777 1451 1449
3 1456 1774 1448
3 1456 1778 1774
3 1776 1779 1775
3 1781 1780 1779
3 1780 1775 1779
3 1780 1777 1775
3 1782 1457 1451
3 1777 1782 1451
3 1780 1782 1777
3 1783 1458 1457
3 1783 1457 1782
3 1783 1460 1458
3 1465 1784 1466
3 1784 1785 1466
3 1785 1456 1466
3 1785 1778 1456
3 1780 1781 1786
3 1786 1781 1787
3 1780 1788 1782
3 1780 1786 1788
3 1782 1789 1783
3 1782 1788 1789
3 1790 1467 1460
3 1783 1790 1460
3 1789 1790 1783
3 1790 1469 1467
3 1474 1791 1475
3 1791 1792 1475
3 1475 1792 1465
3 1792 1793 1465
3 1793 1784 1465
3 1784 1793 1785
3 1787 1794 1786
3 1786 1794 1788
3 1788 1794 1795
3 1797 1796 1795
3 1796 1788 1795
3 1796 1789 1788
3 1789 1798 1790
3 1789 1796 1798
3 1799 1476 1469
3 1790 1799 1469
3 1798 1799 1790
3 1799 1478 1476
3 1481 1800 1482
3 1791 1474 1482
3 1800 1791 1482
3 1801 1791 1800
3 1792 1791 1802
3 1802 1791 1801
3 1797 1803 1796
3 1805 1804 1803
3 1804 1796 1803
3 1804 1798 1796
3 1798 1806 1799
3 1798 1804 1806
3 1807 1483 1478
3 1799 1807 1478
3 1806 1807 1799
3 1808 1484 1483
3 1808 1483 1807
3 1809 1485 1484
3 1809 1484 1808
3 1800 1481 1485
3 1809 1800 1485
3 1810 1800 1809
3 1812 1801 1811
3 1801 1810 1811
3 1801 1800 1810
3 1801 1812 1802
3 1804 1805 1813
3 1813 1805 1814
3 1804 1815 1806
3 1804 1813 1815
3 1806 1816 1807
3 1806 1815 1816
3 1807 1817 1808
3 1807 1816 1817
3 1808 1818 1809
3 1808 1817 1818
3 1820 1810 1819
3 1810 1818 1819
3 1810 1809 1818
3 1810 1820 1811
3 1814 1821 1813
3 1823 1822 1821
3 1822 1813 1821
3 1822 1815 1813
3 1815 1824 1816
3 1815 1822 1824
3 1816 1825 1817
3 1816 1824 1825
3 1827 1818 1826
3 1818 1825 1826
3 1818 1817 1825
3 1818 1827 1819
3 1823 1828 1822
3 1822 1828 1824
3 1824 1828 1829
3 1824 1829 1825
3 1825 1829 1830
3 1825 1830 1826
3 1831 1492 1493
3 1495 1831 1493
3 1832 1500 1501
3 1502 1833 1501
3 1501 1833 1832
3 1503 1833 1502
3 1835 1834 1505
3 1505 1834 1504
3 1505 1492 1831
3 1836 1505 1831
3 1835 1505 1836
3 1838 1836 1837
3 1837 1836 1506
3 1836 1831 1506
3 1831 1495 1506
3 1507 1839 1506
3 1506 1839 1837
3 1508 1839 1507
3 1840 1511 1512
3 1841 1840 1512
3 1841 1512 1500
3 1842 1841 1500
3 1832 1842 1500
3 1844 1843 1842
3 1832 1844 1842
3 1833 1844 1832
3 1514 1844 1503
3 1503 1844 1833
3 1834 1515 1504
3 1845 1515 1834
3 1846 1838 1837
3 1848 1847 1846
3 1837 1848 1846
3 1839 1848 1837
3 1517 1849 1508
3 1849 1839 1508
3 1849 1848 1839
3 1518 1849 1517
3 1851 1850 1840
3 1850 1511 1840
3 1850 1520 1511
3 1851 1840 1841
3 1522 1523 1852
3 1844 1853 1843
3 1853 1844 1854
3 1844 1514 1854
3 1522 1852 1854
3 1522 1854 1514
3 1856 1855 1525
3 1525 1855 1524
3 1525 1515 1845
3 1525 1845 1856
3 1857 1847 1848
3 1527 1858 1528
3 1858 1848 1528
3 1848 1849 1528
3 1858 1857 1848
3 1528 1849 1518
3 1850 1530 1520
3 1859 1530 1850
3 1531 1852 1523
3 1861 1860 1532
3 1532 1860 1531
3 1860 1854 1531
3 1854 1852 1531
3 1534 1535 1861
3 1535 1860 1861
3 1535 1862 1860
3 1535 1536 1862
3 1862 1536 1863
3 1855 1538 1524
3 1864 1538 1855
3 1866 1865 1539
3 1866 1539 1540
3 1527 1539 1858
3 1858 1539 1865
3 1859 1542 1530
3 1867 1542 1859
3 1543 1861 1532
3 1861 1543 1534
3 1868 1863 1536
3 1868 1536 1544
3 1544 1545 1868
3 1868 1545 1869
3 1864 1547 1538
3 1870 1547 1864
3 1872 1871 1548
3 1872 1548 1549
3 1540 1548 1866
3 1866 1548 1871
3 1867 1873 1542
3 1542 1873 1551
3 1875 1874 1552
3 1551 1875 1552
3 1873 1875 1551
3 1877 1876 1874
3 1877 1874 1875
3 1879 1878 1876
3 1879 1876 1877
3 1881 1880 1878
3 1881 1878 1879
3 1883 1882 1880
3 1883 1880 1881
3 1883 1869 1882
3 1869 1554 1882
3 1869 1545 1554
3 1885 1884 1556
3 1556 1884 1555
3 1556 1547 1870
3 1556 1870 1885
3 1558 1872 1549
3 1558 1886 1872
3 1887 1561 1562
3 1563 1887 1562
3 1874 1565 1552
3 1565 1874 1567
3 1567 1874 1876
3 1567 1876 1569
3 1569 1876 1878
3 1569 1878 1571
3 1571 1878 1880
3 1571 1880 1573
3 1573 1880 1882
3 1573 1882 1554
3 1884 1576 1555
3 1888 1576 1884
3 1578 1889 1577
3 1889 1890 1577
3 1890 1558 1577
3 1890 1886 1558
3 1892 1891 1581
3 1581 1891 1580
3 1581 1561 1887
3 1893 1581 1887
3 1892 1581 1893
3 1893 1887 1563
3 1582 1893 1563
3 1894 1893 1582
3 1582 1583 1894
3 1894 1583 1895
3 1898 1897 1896
3 1896 1588 1898
3 1588 1589 1898
3 1900 1899 1898
3 1900 1898 1589
3 1590 1900 1589
3 1902 1901 1592
3 1592 1901 1591
3 1592 1576 1888
3 1592 1888 1902
3 1904 1903 1889
3 1578 1904 1889
3 1593 1904 1578
3 1889 1903 1890
3 1906 1905 1595
3 1595 1905 1594
3 1595 1580 1891
3 1595 1891 1906
3 1596 1908 1907
3 1895 1596 1907
3 1583 1596 1895
3 1908 1909 1907
3 1912 1911 1910
3 1598 1599 1910
3 1599 1912 1910
3 1599 1913 1912
3 1600 1896 1897
3 1913 1600 1897
3 1599 1600 1913
3 1900 1914 1899
3 1588 1896 1600
3 1900 1590 1914
3 1590 1915 1914
3 1590 1601 1915
3 1901 1602 1591
3 1916 1602 1901
3 1604 1904 1593
3 1604 1917 1904
3 1905 1605 1594
3 1918 1605 1905
3 1606 1919 1908
3 1606 1908 1596
3 1909 1908 1920
3 1920 1908 1919
3 1923 1922 1921
3 1607 1608 1921
3 1608 1923 1921
3 1608 1924 1923
3 1609 1910 1911
3 1924 1609 1911
3 1608 1609 1924
3 1910 1609 1598
3 1601 1610 1925
3 1926 1601 1925
3 1915 1601 1926
3 1611 1925 1610
3 1928 1927 1613
3 1613 1927 1612
3 1613 1602 1916
3 1613 1916 1928
3 1930 1929 1614
3 1930 1614 1615
3 1604 1614 1917
3 1917 1614 1929
3 1918 1616 1605
3 1931 1616 1918
3 1617 1932 1919
3 1617 1919 1606
3 1920 1919 1933
3 1919 1934 1933
3 1919 1932 1934
3 1933 1934 1922
3 1922 1934 1921
3 1934 1618 1921
3 1618 1619 1921
3 1921 1619 1607
3 1937 1936 1935
3 1939 1938 1935
3 1939 1935 1936
3 1938 1939 1926
3 1938 1926 1925
3 1622 1938 1925
3 1621 1622 1925
3 1621 1925 1611
3 1927 1623 1612
3 1940 1623 1927
3 1625 1930 1615
3 1625 1941 1930
3 1931 1626 1616
3 1942 1626 1931
3 1627 1932 1617
3 1932 1627 1628
3 1932 1628 1934
3 1934 1628 1618
3 1945 1944 1943
3 1943 1944 1937
3 1943 1937 1935
3 1630 1943 1935
3 1629 1630 1935
3 1629 1935 1631
3 1631 1935 1938
3 1631 1938 1622
3 1940 1633 1623
3 1946 1633 1940
3 1948 1947 1634
3 1948 1634 1635
3 1625 1634 1941
3 1941 1634 1947
3 1942 1637 1626
3 1949 1637 1942
3 1951 1950 1639
3 1951 1639 1640
3 1943 1641 1945
3 1641 1950 1945
3 1641 1639 1950
3 1641 1943 1630
3 1953 1952 1643
3 1643 1952 1642
3 1643 1633 1946
3 1643 1946 1953
3 1644 1948 1635
3 1644 1954 1948
3 1645 1637 1955
3 1637 1956 1955
3 1637 1949 1956
3 1955 1646 1645
3 1959 1958 1957
3 1958 1951 1957
3 1951 1647 1957
3 1951 1640 1647
3 1952 1648 1642
3 1960 1648 1952
3 1961 1954 1644
3 1961 1644 1649
3 1649 1651 1961
3 1961 1651 1962
3 1956 1963 1955
3 1963 1965 1964
3 1963 1964 1652
3 1955 1963 1652
3 1646 1955 1652
3 1964 1653 1652
3 1968 1967 1966
3 1966 1967 1959
3 1966 1959 1957
3 1655 1966 1957
3 1654 1655 1957
3 1654 1957 1647
3 1970 1969 1657
3 1657 1969 1656
3 1657 1648 1960
3 1657 1960 1970
3 1651 1658 1971
3 1972 1651 1971
3 1962 1651 1972
3 1659 1971 1658
3 1964 1965 1973
3 1973 1965 1974
3 1973 1660 1653
3 1973 1653 1964
3 1977 1976 1975
3 1975 1976 1968
3 1975 1968 1966
3 1663 1975 1966
3 1662 1663 1966
3 1662 1966 1655
3 1969 1664 1656
3 1978 1664 1969
3 1979 1972 1971
3 1971 1659 1979
3 1659 1980 1979
3 1659 1666 1980
3 1973 1974 1668
3 1974 1667 1668
3 1974 1981 1667
3 1973 1668 1660
3 1977 1975 1982
3 1977 1982 1983
3 1669 1982 1663
3 1663 1982 1975
3 1978 1670 1664
3 1984 1670 1978
3 1672 1980 1666
3 1672 1985 1980
3 1981 1673 1667
3 1986 1673 1981
3 1983 1982 1674
3 1675 1983 1674
3 1987 1983 1675
3 1674 1982 1669
3 1989 1988 1677
3 1677 1988 1676
3 1677 1670 1984
3 1677 1984 1989
3 1679 1985 1672
3 1679 1990 1985
3 1986 1681 1673
3 1991 1681 1986
3 1682 1987 1675
3 1682 1992 1987
3 1994 1993 1685
3 1685 1993 1684
3 1685 1676 1988
3 1685 1988 1994
3 1997 1996 1995
3 1996 1990 1995
3 1990 1687 1995
3 1990 1679 1687
3 1999 1998 1689
3 1689 1998 1688
3 1689 1681 1991
3 1689 1991 1999
3 2001 2000 1690
3 2001 1690 1691
3 1682 1690 1992
3 1992 1690 2000
3 2004 2003 2002
3 1993 2004 2002
3 1692 1993 2002
3 1684 1993 1692
3 2007 2006 2005
3 2005 2006 1997
3 2005 1997 1995
3 1695 2005 1995
3 1694 1695 1995
3 1694 1995 1687
3 2009 2008 1697
3 1697 2008 1696
3 1697 1688 1998
3 1697 1998 2009
3 1698 2001 1691
3 1698 2010 2001
3 2002 2003 1701
3 2003 1700 1701
3 2003 2011 1700
3 2002 1701 1692
3 2014 2013 2012
3 2012 2013 2007
3 2012 2007 2005
3 1704 2012 2005
3 1703 1704 2005
3 1703 2005 1695
3 2017 2016 2015
3 2008 2017 2015
3 1707 2008 2015
3 1696 2008 1707
3 2019 2018 1708
3 2019 1708 1709
3 1698 1708 2010
3 2010 1708 2018
3 2011 1710 1700
3 2020 1710 2011
3 2023 2022 2021
3 2025 2024 2021
3 2025 2021 2022
3 2024 2025 2014
3 2024 2014 2012
3 1713 2024 2012
3 1712 1713 2012
3 1712 2012 1704
3 2015 2016 1718
3 2016 1717 1718
3 2016 2026 1717
3 2015 1718 1707
3 2028 2027 1719
3 2028 1719 1720
3 1709 1719 2019
3 2019 1719 2027
3 2031 2030 2029
3 2020 2031 2029
3 1721 2020 2029
3 1710 2020 1721
3 2034 2033 2032
3 2036 2035 2032
3 2036 2032 2033
3 2035 2036 2023
3 2035 2023 2021
3 1724 2035 2021
3 1723 1724 2021
3 1723 2021 1726
3 1726 2021 2024
3 1726 2024 1713
3 2038 2037 1731
3 1731 2037 1730
3 1731 1717 2026
3 1731 2026 2038
3 2040 2039 1732
3 2040 1732 1733
3 1720 1732 2028
3 2028 1732 2039
3 2029 2030 2041
3 2041 2030 2042
3 2041 1734 1721
3 2041 1721 2029
3 2034 2032 2043
3 2034 2043 2044
3 2045 2032 2035
3 2043 2032 2045
3 1736 2045 1724
3 1724 2045 2035
3 2047 2046 1741
3 1741 2046 1740
3 1741 1730 2037
3 1741 2037 2047
3 1742 2040 1733
3 1742 2048 2040
3 2041 2042 1745
3 2042 1744 1745
3 2042 2049 1744
3 2041 1745 1734
3 2044 2043 2050
3 2044 2050 2051
3 2052 2043 2045
3 2050 2043 2052
3 1746 2053 1736
3 2053 2045 1736
3 2053 2052 2045
3 1747 2053 1746
3 2055 2054 1751
3 1751 2054 1750
3 1751 1740 2046
3 1751 2046 2055
3 2057 2056 1752
3 2057 1752 1753
3 1742 1752 2048
3 2048 1752 2056
3 2049 1755 1744
3 2058 1755 2049
3 2051 2050 2059
3 2051 2059 2060
3 2061 2050 2052
3 2059 2050 2061
3 2062 2052 2053
3 2061 2052 2062
3 1756 2063 1747
3 2063 2053 1747
3 2063 2062 2053
3 1757 2064 1756
3 1756 2064 2063
3 2065 2064 1757
3 1750 2065 1757
3 2054 2065 1750
3 2067 2066 1758
3 2067 1758 1759
3 1753 1758 2057
3 2057 1758 2066
3 2058 1761 1755
3 2068 1761 2058
3 2060 2059 2069
3 2060 2069 2070
3 2071 2059 2061
3 2069 2059 2071
3 2072 2061 2062
3 2071 2061 2072
3 2073 2062 2063
3 2072 2062 2073
3 2064 2075 2074
3 2073 2064 2074
3 2063 2064 2073
3 2075 2064 2065
3 1762 2067 1759
3 1762 2076 2067
3 2079 2078 2077
3 2068 2079 2077
3 1764 2068 2077
3 1761 2068 1764
3 2080 2070 2069
3 2082 2081 2080
3 2069 2082 2080
3 2071 2082 2069
3 2083 2071 2072
3 2082 2071 2083
3 2084 2072 2073
3 2083 2072 2084
3 2073 2074 2085
3 2073 2085 2084
3 2087 2086 1765
3 2087 1765 1766
3 1762 1765 2076
3 2076 1765 2086
3 2077 2078 2088
3 2088 2078 2089
3 2088 1768 1764
3 2088 1764 2077
3 2090 2081 2082
3 2092 2091 2090
3 2082 2092 2090
3 2083 2092 2082
3 2084 2094 2093
3 2092 2084 2093
3 2083 2084 2092
3 2094 2084 2085
3 1769 2087 1766
3 1769 2095 2087
3 2088 2089 1772
3 2089 1771 1772
3 2089 2096 1771
3 2088 1772 1768
3 2097 2091 2092
3 2097 2092 2093
3 2099 2098 1773
3 2099 1773 1774
3 1769 1773 2095
3 2095 1773 2098
3 2096 1776 1771
3 2100 1776 2096
3 1778 2099 1774
3 1778 2101 2099
3 2104 2103 2102
3 2102 2105 1779
3 2100 2102 1779
3 1776 2100 1779
3 2102 2100 2104
3 2105 1781 1779
3 1785 2101 1778
3 1785 2106 2101
3 2102 2103 2107
3 2107 2103 2108
3 2102 2109 2105
3 2102 2107 2109
3 2109 1787 1781
3 2109 1781 2105
3 1792 2110 1793
3 2110 2111 1793
3 2111 1785 1793
3 2111 2106 1785
3 2107 2108 2112
3 2112 2108 2113
3 2107 2114 2109
3 2107 2112 2114
3 2115 1794 1787
3 2109 2115 1787
3 2114 2115 2109
3 2116 1795 1794
3 2116 1794 2115
3 2116 1797 1795
3 2118 2117 2110
3 1792 2118 2110
3 1802 2118 1792
3 2110 2117 2111
3 2112 2113 2119
3 2119 2113 2120
3 2112 2121 2114
3 2112 2119 2121
3 2114 2122 2115
3 2114 2121 2122
3 2115 2123 2116
3 2115 2122 2123
3 2124 1803 1797
3 2116 2124 1797
3 2123 2124 2116
3 2124 1805 1803
3 1811 2125 1812
3 2125 2126 1812
3 2126 1802 1812
3 2126 2118 1802
3 2119 2120 2127
3 2127 2120 2128
3 2119 2129 2121
3 2119 2127 2129
3 2121 2130 2122
3 2121 2129 2130
3 2122 2131 2123
3 2122 2130 2131
3 2123 2132 2124
3 2123 2131 2132
3 2132 1814 1805
3 2132 1805 2124
3 1819 2133 1820
3 2133 2134 1820
3 1820 2134 1811
3 2134 2135 1811
3 2135 2125 1811
3 2125 2135 2126
3 2128 2136 2127
3 2127 2136 2129
3 2129 2136 2137
3 2139 2138 2137
3 2138 2129 2137
3 2138 2130 2129
3 2130 2140 2131
3 2130 2138 2140
3 2131 2141 2132
3 2131 2140 2141
3 2142 1821 1814
3 2132 2142 1814
3 2141 2142 2132
3 2142 1823 1821
3 1826 2143 1827
3 2133 1819 1827
3 2143 2133 1827
3 2144 2133 2143
3 2134 2133 2145
3 2145 2133 2144
3 2139 2146 2138
3 2148 2147 2146
3 2147 2138 2146
3 2147 2140 2138
3 2140 2149 2141
3 2140 2147 2149
3 2141 2150 2142
3 2141 2149 2150
3 2151 1828 1823
3 2142 2151 1823
3 2150 2151 2142
3 2152 1829 1828
3 2152 1828 2151
3 2153 1830 1829
3 2153 1829 2152
3 2143 1826 1830
3 2153 2143 1830
3 2154 2143 2153
3 2156 2144 2155
3 2144 2154 2155
3 2144 2143 2154
3 2144 2156 2145
3 2148 2157 2147
3 2159 2158 2157
3 2158 2147 2157
3 2158 2149 2147
3 2149 2160 2150
3 2149 2158 2160
3 2150 2161 2151
3 2150 2160 2161
3 2151 2162 2152
3 2151 2161 2162
3 2152 2163 2153
3 2152 2162 2163
3 2165 2154 2164
3 2154 2163 2164
3 2154 2153 2163
3 2154 2165 2155
3 2159 2166 2158
3 2158 2166 2160
3 2160 2166 2167
3 2169 2168 2167
3 2168 2160 2167
3 2168 2161 2160
3 2171 2162 2170
3 2162 2168 2170
3 2162 2161 2168
3 2162 2171 2163
3 2163 2171 2172
3 2163 2172 2164
3 2169 2173 2168
3 2168 2173 2170
3 2174 1834 1835
3 1836 2175 1835
3 1835 2175 2174
3 1838 2175 1836
3 2176 1841 1842
3 1843 2176 1842
3 2178 2177 2174
3 2177 1834 2174
3 2177 1845 1834
3 2180 2179 2178
3 2174 2180 2178
3 2175 2180 2174
3 1846 2181 1838
3 2181 2175 1838
3 2181 2180 2175
3 1847 2181 1846
3 2182 1850 1851
3 2183 2182 1851
3 2183 1851 1841
3 2184 2183 1841
3 2176 2184 1841
3 2186 2184 2185
3 2185 2184 1853
3 2184 2176 1853
3 2176 1843 1853
3 1854 2185 1853
3 2188 2187 1856
3 1856 2187 1855
3 1856 1845 2177
3 1856 2177 2188
3 2189 2179 2180
3 2191 2190 2189
3 2180 2191 2189
3 2181 2191 2180
3 1857 2192 1847
3 2192 2181 1847
3 2192 2191 2181
3 1858 2192 1857
3 2193 1859 2182
3 2182 1859 1850
3 2182 2183 2194
3 2182 2194 2193
3 2195 2186 2185
3 2195 2185 1854
3 1860 2195 1854
3 2196 2195 1860
3 2198 2196 2197
3 2196 1862 2197
3 2196 1860 1862
3 1863 2197 1862
3 2187 1864 1855
3 2199 1864 2187
3 2200 2190 2191
3 2200 2202 2201
3 2200 2203 2202
3 2203 2200 1866
3 2191 1866 2200
3 1866 2191 1865
3 2202 1865 2191
3 2191 2192 2202
3 2202 2192 2201
3 2203 1865 2202
3 2201 2192 2204
3 2192 1858 2204
3 1865 2203 2204
3 1865 2204 1858
3 2205 1867 2193
3 2193 1867 1859
3 2193 2194 2206
3 2207 2193 2206
3 2205 2193 2207
3 2208 2207 2206
3 2211 2210 2209
3 2209 2210 2198
3 2197 2209 2198
3 2212 2209 2197
3 1868 2213 1863
3 2213 2197 1863
3 2213 2212 2197
3 1869 2213 1868
3 2199 1870 1864
3 2214 1870 2199
3 1872 2215 1871
3 2215 2216 1871
3 1871 2216 1866
3 2216 2217 1866
3 2217 2203 1866
3 2203 2217 2204
3 2205 1873 1867
3 1873 2205 1875
3 1875 2205 2207
3 2208 2218 2207
3 2218 1875 2207
3 2218 1877 1875
3 2209 1879 2211
3 1879 2218 2211
3 1879 1877 2218
3 1879 2209 1881
3 1881 2209 2212
3 1881 2212 1883
3 1883 2212 2213
3 1883 2213 1869
3 2220 2219 1885
3 1885 2219 1884
3 1885 1870 2214
3 1885 2214 2220
3 2222 2221 2215
3 1872 2222 2215
3 1886 2222 1872
3 2215 2221 2216
3 2219 1888 1884
3 2223 1888 2219
3 1890 2222 1886
3 1890 2224 2222
3 2225 1891 1892
3 2225 1892 2226
3 1892 2227 2226
3 1892 1893 2227
3 2228 1893 1894
3 2228 2227 1893
3 2230 2229 1895
3 2229 1894 1895
3 2229 2228 1894
3 2230 2231 2229
3 2234 2233 2232
3 1897 1898 2232
3 1898 2234 2232
3 1898 2235 2234
3 1898 1899 2235
3 2235 1899 2236
3 2238 2237 1902
3 1902 2237 1901
3 1902 1888 2223
3 1902 2223 2238
3 2240 2239 1903
3 2240 1903 1904
3 1890 1903 2224
3 2224 1903 2239
3 2241 1905 1906
3 2242 2241 1906
3 2242 1906 1891
3 2243 2242 1891
3 2225 2243 1891
3 2243 2225 2226
3 1907 2230 1895
3 2245 2244 1909
3 1909 2244 1907
3 2244 2231 1907
3 2231 2230 1907
3 2247 2246 2245
3 2245 2246 2244
3 2249 2248 2247
3 2247 2248 2246
3 1911 1912 2249
3 1912 2248 2249
3 1912 2250 2248
3 1913 2232 2233
3 2250 1913 2233
3 1912 1913 2250
3 2232 1913 1897
3 2251 2236 1899
3 2251 1899 1914
3 1914 1915 2251
3 2251 1915 2252
3 2255 2254 2253
3 2237 2255 2253
3 1916 2237 2253
3 1901 2237 1916
3 1917 2240 1904
3 1917 2256 2240
3 2258 2257 2241
3 2257 1905 2241
3 2257 1918 1905
3 2258 2241 2242
3 1920 2259 2245
3 1920 2245 1909
3 2259 1922 1923
3 2247 2259 1923
3 2245 2259 2247
3 2247 1923 1924
3 2247 1924 2249
3 2249 1924 1911
3 2262 2261 2260
3 2261 2252 2260
3 2252 1926 2260
3 2252 1915 1926
3 2253 2254 1928
3 2254 1927 1928
3 2254 2263 1927
3 2253 1928 1916
3 2265 2264 1929
3 2265 1929 1930
3 1917 1929 2256
3 2256 1929 2264
3 2257 1931 1918
3 2266 1931 2257
3 1933 2259 1920
3 2259 1933 1922
3 2269 2268 2267
3 1936 1937 2267
3 2268 1936 2267
3 2270 1936 2268
3 2260 1939 2262
3 1939 2270 2262
3 1939 1936 2270
3 1939 2260 1926
3 2263 1940 1927
3 2271 1940 2263
3 1941 2265 1930
3 1941 2272 2265
3 2266 1942 1931
3 2273 1942 2266
3 2276 2275 2274
3 2274 2275 2269
3 2274 2269 2267
3 1945 2274 2267
3 1944 1945 2267
3 1944 2267 1937
3 2271 1946 1940
3 2277 1946 2271
3 1948 2278 1947
3 2278 2279 1947
3 2279 1941 1947
3 2279 2272 1941
3 2273 1949 1942
3 2280 1949 2273
3 2283 2282 2281
3 2281 2282 2276
3 2281 2276 2274
3 1951 2281 2274
3 1950 1951 2274
3 1950 2274 1945
3 2285 2284 1953
3 1953 2284 1952
3 1953 1946 2277
3 1953 2277 2285
3 1954 2286 2278
3 1954 2278 1948
3 2279 2278 2287
3 2287 2278 2286
3 2280 1956 1949
3 2288 1956 2280
3 2291 2290 2289
3 2289 2290 2283
3 2289 2283 2281
3 1959 2289 2281
3 1958 1959 2281
3 1958 2281 1951
3 2284 1960 1952
3 2292 1960 2284
3 1961 2286 1954
3 1961 1962 2286
3 1962 2287 2286
3 1962 2293 2287
3 1963 1956 2294
3 1956 2295 2294
3 1956 2288 2295
3 2294 1965 1963
3 2291 2289 1967
3 1968 2291 1967
3 2296 2291 1968
3 1967 2289 1959
3 2297 1969 1970
3 2298 2297 1970
3 1960 2298 1970
3 2292 2298 1960
3 1972 2293 1962
3 1972 2299 2293
3 2294 2295 2300
3 2300 2295 2301
3 2300 1974 1965
3 2300 1965 2294
3 2303 2302 1976
3 2303 1976 1977
3 1968 1976 2296
3 2296 1976 2302
3 2305 2304 2297
3 2304 1969 2297
3 2304 1978 1969
3 2305 2297 2298
3 2306 2299 1972
3 2306 1972 1979
3 1979 1980 2306
3 2306 1980 2307
3 2300 2301 2308
3 2308 2301 2309
3 2308 1981 1974
3 2308 1974 2300
3 1983 2303 1977
3 1983 2310 2303
3 2304 1984 1978
3 2311 1984 2304
3 2314 2313 2312
3 2313 2307 2312
3 2307 1985 2312
3 2307 1980 1985
3 2308 2309 2315
3 2315 2309 2316
3 2315 1986 1981
3 2315 1981 2308
3 1987 2310 1983
3 1987 2317 2310
3 2320 2319 2318
3 1988 1989 2318
3 1989 2320 2318
3 1989 2321 2320
3 1989 1984 2311
3 1989 2311 2321
3 2314 2312 2322
3 2314 2322 2323
3 1990 2322 1985
3 1985 2322 2312
3 2315 2316 2324
3 2324 2316 2325
3 2324 1991 1986
3 2324 1986 2315
3 2328 2327 2326
3 2327 2317 2326
3 2317 1992 2326
3 2317 1987 1992
3 2331 2330 2329
3 2331 2329 2319
3 2319 2329 2318
3 2329 1993 2318
3 1993 1994 2318
3 2318 1994 1988
3 2334 2333 2332
3 2332 2333 2323
3 2332 2323 2322
3 1997 2332 2322
3 1996 1997 2322
3 1996 2322 1990
3 2324 2325 1999
3 2325 1998 1999
3 2325 2335 1998
3 2324 1999 1991
3 2328 2326 2000
3 2001 2328 2000
3 2336 2328 2001
3 2000 2326 1992
3 2329 2330 2004
3 2330 2003 2004
3 2330 2337 2003
3 2329 2004 1993
3 2340 2339 2338
3 2338 2339 2334
3 2338 2334 2332
3 2007 2338 2332
3 2006 2007 2332
3 2006 2332 1997
3 2342 2341 2009
3 2009 2341 2008
3 2009 1998 2335
3 2009 2335 2342
3 2345 2344 2343
3 2344 2336 2343
3 2336 2010 2343
3 2336 2001 2010
3 2348 2347 2346
3 2337 2348 2346
3 2011 2337 2346
3 2003 2337 2011
3 2351 2350 2349
3 2349 2350 2340
3 2349 2340 2338
3 2014 2349 2338
3 2013 2014 2338
3 2013 2338 2007
3 2353 2352 2017
3 2017 2352 2016
3 2017 2008 2341
3 2017 2341 2353
3 2345 2343 2018
3 2019 2345 2018
3 2354 2345 2019
3 2018 2343 2010
3 2346 2347 2355
3 2355 2347 2356
3 2355 2020 2011
3 2355 2011 2346
3 2359 2358 2357
3 2022 2023 2357
3 2358 2022 2357
3 2360 2022 2358
3 2349 2025 2351
3 2025 2360 2351
3 2025 2022 2360
3 2025 2349 2014
3 2363 2362 2361
3 2352 2363 2361
3 2026 2352 2361
3 2016 2352 2026
3 2365 2364 2027
3 2365 2027 2028
3 2019 2027 2354
3 2354 2027 2364
3 2355 2356 2031
3 2356 2030 2031
3 2356 2366 2030
3 2355 2031 2020
3 2368 2367 2033
3 2368 2033 2034
3 2357 2036 2359
3 2036 2367 2359
3 2036 2033 2367
3 2036 2357 2023
3 2371 2370 2369
3 2371 2369 2362
3 2362 2369 2361
3 2369 2037 2361
3 2037 2038 2361
3 2361 2038 2026
3 2373 2372 2039
3 2373 2039 2040
3 2028 2039 2365
3 2365 2039 2372
3 2366 2042 2030
3 2374 2042 2366
3 2044 2368 2034
3 2044 2375 2368
3 2378 2377 2376
3 2378 2376 2370
3 2370 2376 2369
3 2376 2046 2369
3 2046 2047 2369
3 2369 2047 2037
3 2381 2380 2379
3 2380 2373 2379
3 2373 2048 2379
3 2373 2040 2048
3 2374 2049 2042
3 2382 2049 2374
3 2385 2384 2383
3 2384 2375 2383
3 2375 2051 2383
3 2375 2044 2051
3 2376 2377 2055
3 2377 2054 2055
3 2377 2386 2054
3 2376 2055 2046
3 2381 2379 2056
3 2057 2381 2056
3 2387 2381 2057
3 2056 2379 2048
3 2382 2058 2049
3 2388 2058 2382
3 2385 2383 2389
3 2385 2389 2390
3 2060 2389 2051
3 2051 2389 2383
3 2393 2392 2391
3 2386 2393 2391
3 2065 2386 2391
3 2054 2386 2065
3 2395 2394 2066
3 2395 2066 2067
3 2057 2066 2387
3 2387 2066 2394
3 2398 2397 2396
3 2388 2398 2396
3 2068 2388 2396
3 2058 2388 2068
3 2390 2389 2399
3 2390 2399 2400
3 2070 2399 2060
3 2060 2399 2389
3 2391 2392 2075
3 2392 2074 2075
3 2392 2401 2074
3 2391 2075 2065
3 2404 2403 2402
3 2403 2395 2402
3 2395 2076 2402
3 2395 2067 2076
3 2396 2397 2079
3 2397 2078 2079
3 2397 2405 2078
3 2396 2079 2068
3 2400 2399 2406
3 2400 2406 2407
3 2080 2408 2070
3 2408 2399 2070
3 2408 2406 2399
3 2081 2408 2080
3 2401 2085 2074
3 2409 2085 2401
3 2404 2402 2086
3 2087 2404 2086
3 2410 2404 2087
3 2086 2402 2076
3 2405 2089 2078
3 2411 2089 2405
3 2412 2407 2406
3 2414 2413 2412
3 2406 2414 2412
3 2408 2414 2406
3 2090 2415 2081
3 2415 2408 2081
3 2415 2414 2408
3 2091 2415 2090
3 2416 2093 2094
3 2417 2416 2094
3 2085 2417 2094
3 2409 2417 2085
3 2420 2419 2418
3 2419 2410 2418
3 2410 2095 2418
3 2410 2087 2095
3 2411 2096 2089
3 2421 2096 2411
3 2422 2413 2414
3 2424 2423 2422
3 2414 2424 2422
3 2415 2424 2414
3 2097 2425 2091
3 2425 2415 2091
3 2425 2424 2415
3 2093 2416 2097
3 2416 2425 2097
3 2416 2426 2425
3 2416 2417 2427
3 2416 2427 2426
3 2420 2418 2098
3 2099 2420 2098
3 2428 2420 2099
3 2098 2418 2095
3 2431 2430 2429
3 2421 2431 2429
3 2100 2421 2429
3 2096 2421 2100
3 2432 2423 2424
3 2432 2424 2425
3 2432 2425 2433
3 2433 2425 2426
3 2433 2426 2434
3 2434 2426 2427
3 2101 2428 2099
3 2101 2435 2428
3 2438 2437 2436
3 2438 2436 2430
3 2430 2436 2429
3 2436 2103 2429
3 2103 2104 2429
3 2429 2104 2100
3 2106 2435 2101
3 2106 2439 2435
3 2436 2437 2440
3 2440 2437 2441
3 2440 2108 2103
3 2440 2103 2436
3 2111 2439 2106
3 2111 2442 2439
3 2440 2441 2443
3 2443 2441 2444
3 2443 2113 2108
3 2443 2108 2440
3 2118 2445 2117
3 2445 2446 2117
3 2446 2111 2117
3 2446 2442 2111
3 2443 2444 2447
3 2447 2444 2448
3 2447 2120 2113
3 2447 2113 2443
3 2450 2449 2445
3 2118 2450 2445
3 2126 2450 2118
3 2445 2449 2446
3 2447 2448 2451
3 2451 2448 2452
3 2451 2128 2120
3 2451 2120 2447
3 2134 2453 2135
3 2453 2454 2135
3 2454 2126 2135
3 2454 2450 2126
3 2451 2452 2455
3 2455 2452 2456
3 2457 2136 2128
3 2451 2457 2128
3 2455 2457 2451
3 2458 2137 2136
3 2458 2136 2457
3 2458 2139 2137
3 2460 2459 2453
3 2134 2460 2453
3 2145 2460 2134
3 2453 2459 2454
3 2456 2461 2455
3 2455 2461 2457
3 2457 2461 2462
3 2464 2463 2462
3 2463 2457 2462
3 2463 2458 2457
3 2465 2146 2139
3 2458 2465 2139
3 2463 2465 2458
3 2465 2148 2146
3 2467 2466 2156
3 2467 2156 2155
3 2145 2156 2460
3 2460 2156 2466
3 2463 2464 2468
3 2468 2464 2469
3 2463 2470 2465
3 2463 2468 2470
3 2471 2157 2148
3 2465 2471 2148
3 2470 2471 2465
3 2471 2159 2157
3 2164 2472 2165
3 2472 2473 2165
3 2473 2155 2165
3 2473 2467 2155
3 2469 2474 2468
3 2476 2475 2474
3 2475 2468 2474
3 2475 2470 2468
3 2470 2477 2471
3 2470 2475 2477
3 2478 2166 2159
3 2471 2478 2159
3 2477 2478 2471
3 2479 2167 2166
3 2479 2166 2478
3 2479 2169 2167
3 2170 2480 2171
3 2481 2172 2171
3 2481 2171 2480
3 2481 2482 2172
3 2172 2482 2164
3 2482 2483 2164
3 2483 2472 2164
3 2472 2483 2473
3 2476 2484 2475
3 2486 2485 2484
3 2485 2475 2484
3 2485 2477 2475
3 2477 2487 2478
3 2477 2485 2487
3 2478 2488 2479
3 2478 2487 2488
3 2489 2173 2169
3 2479 2489 2169
3 2488 2489 2479
3 2480 2170 2173
3 2489 2480 2173
3 2490 2480 2489
3 2492 2481 2491
3 2481 2490 2491
3 2481 2480 2490
3 2481 2492 2482
3 2486 2493 2485
3 2485 2493 2487
3 2487 2493 2494
3 2496 2495 2494
3 2495 2487 2494
3 2495 2488 2487
3 2488 2497 2489
3 2488 2495 2497
3 2499 2490 2498
3 2490 2497 2498
3 2490 2489 2497
3 2490 2499 2491
3 2496 2500 2495
3 2495 2500 2497
3 2497 2500 2501
3 2497 2501 2498
3 2502 2177 2178
3 2179 2502 2178
3 2503 2183 2184
3 2186 2503 2184
3 2505 2504 2188
3 2188 2504 2187
3 2188 2177 2502
3 2506 2188 2502
3 2505 2188 2506
3 2508 2506 2507
3 2507 2506 2189
3 2506 2502 2189
3 2502 2179 2189
3 2190 2507 2189
3 2509 2194 2503
3 2503 2194 2183
3 2195 2510 2186
3 2510 2503 2186
3 2510 2509 2503
3 2196 2511 2195
3 2195 2511 2510
3 2198 2511 2196
3 2504 2199 2187
3 2512 2199 2504
3 2513 2508 2507
3 2515 2513 2514
3 2514 2513 2200
3 2513 2507 2200
3 2507 2190 2200
3 2201 2516 2200
3 2200 2516 2514
3 2204 2516 2201
3 2509 2206 2194
3 2206 2509 2208
3 2509 2517 2208
3 2509 2510 2517
3 2211 2517 2210
3 2517 2511 2210
3 2517 2510 2511
3 2210 2511 2198
3 2512 2214 2199
3 2518 2214 2512
3 2519 2515 2514
3 2216 2520 2217
3 2520 2514 2217
3 2514 2516 2217
3 2520 2519 2514
3 2217 2516 2204
3 2517 2218 2208
3 2218 2517 2211
3 2522 2521 2220
3 2220 2521 2219
3 2220 2214 2518
3 2220 2518 2522
3 2524 2523 2221
3 2524 2221 2222
3 2216 2221 2520
3 2520 2221 2523
3 2527 2526 2525
3 2529 2528 2525
3 2525 2528 2527
3 2529 2530 2528
3 2533 2532 2531
3 2535 2534 2531
3 2531 2534 2533
3 2535 2536 2534
3 2521 2223 2219
3 2537 2223 2521
3 2224 2524 2222
3 2224 2538 2524
3 2540 2539 2227
3 2227 2539 2226
3 2228 2525 2526
3 2540 2228 2526
3 2227 2228 2540
3 2525 2228 2229
3 2525 2229 2529
3 2542 2541 2231
3 2231 2541 2229
3 2541 2530 2229
3 2530 2529 2229
3 2544 2543 2542
3 2542 2543 2541
3 2546 2545 2544
3 2544 2545 2543
3 2548 2547 2546
3 2546 2547 2545
3 2547 2548 2532
3 2532 2548 2531
3 2548 2233 2531
3 2233 2234 2531
3 2531 2234 2235
3 2531 2235 2535
3 2235 2236 2535
3 2236 2536 2535
3 2236 2549 2536
3 2551 2550 2238
3 2238 2550 2237
3 2238 2223 2537
3 2238 2537 2551
3 2240 2552 2239
3 2552 2553 2239
3 2553 2224 2239
3 2553 2538 2224
3 2555 2554 2243
3 2243 2554 2242
3 2243 2226 2539
3 2243 2539 2555
3 2244 2542 2231
3 2542 2244 2246
3 2542 2246 2544
3 2544 2246 2248
3 2544 2248 2546
3 2546 2248 2250
3 2546 2250 2548
3 2548 2250 2233
3 2236 2251 2556
3 2557 2236 2556
3 2549 2236 2557
3 2252 2556 2251
3 2559 2558 2255
3 2255 2558 2254
3 2255 2237 2550
3 2255 2550 2559
3 2561 2560 2552
3 2240 2561 2552
3 2256 2561 2240
3 2552 2560 2553
3 2563 2562 2258
3 2258 2562 2257
3 2258 2242 2554
3 2258 2554 2563
3 2566 2565 2564
3 2564 2565 2557
3 2564 2557 2556
3 2262 2564 2556
3 2261 2262 2556
3 2261 2556 2252
3 2558 2263 2254
3 2567 2263 2558
3 2265 2568 2264
3 2568 2569 2264
3 2569 2256 2264
3 2569 2561 2256
3 2562 2266 2257
3 2570 2266 2562
3 2572 2571 2268
3 2572 2268 2269
3 2564 2270 2566
3 2270 2571 2566
3 2270 2268 2571
3 2270 2564 2262
3 2567 2271 2263
3 2573 2271 2567
3 2575 2574 2568
3 2265 2575 2568
3 2272 2575 2265
3 2568 2574 2569
3 2570 2273 2266
3 2576 2273 2570
3 2579 2578 2577
3 2580 2577 2578
3 2582 2581 2275
3 2582 2275 2276
3 2269 2275 2572
3 2572 2275 2581
3 2573 2277 2271
3 2583 2277 2573
3 2279 2575 2272
3 2279 2584 2575
3 2576 2280 2273
3 2585 2280 2576
3 2588 2587 2586
3 2586 2587 2579
3 2577 2586 2579
3 2589 2586 2577
3 2577 2580 2590
3 2577 2590 2589
3 2592 2591 2282
3 2592 2282 2283
3 2276 2282 2582
3 2582 2282 2591
3 2593 2284 2285
3 2594 2593 2285
3 2277 2594 2285
3 2583 2594 2277
3 2287 2584 2279
3 2287 2595 2584
3 2585 2288 2280
3 2596 2288 2585
3 2597 2588 2586
3 2597 2586 2589
3 2597 2589 2598
3 2598 2589 2590
3 2600 2599 2290
3 2600 2290 2291
3 2283 2290 2592
3 2592 2290 2599
3 2602 2601 2593
3 2601 2284 2593
3 2601 2292 2284
3 2602 2593 2594
3 2293 2595 2287
3 2293 2603 2595
3 2596 2295 2288
3 2604 2295 2596
3 2607 2606 2605
3 2606 2600 2605
3 2600 2296 2605
3 2600 2291 2296
3 2601 2298 2292
3 2608 2298 2601
3 2299 2603 2293
3 2299 2609 2603
3 2604 2301 2295
3 2610 2301 2604
3 2607 2605 2302
3 2303 2607 2302
3 2611 2607 2303
3 2302 2605 2296
3 2612 2304 2305
3 2613 2612 2305
3 2298 2613 2305
3 2608 2613 2298
3 2299 2306 2614
3 2615 2299 2614
3 2609 2299 2615
3 2307 2614 2306
3 2610 2309 2301
3 2616 2309 2610
3 2619 2618 2617
3 2618 2611 2617
3 2611 2310 2617
3 2611 2303 2310
3 2621 2620 2612
3 2620 2304 2612
3 2620 2311 2304
3 2621 2612 2613
3 2615 2614 2313
3 2314 2615 2313
3 2622 2615 2314
3 2313 2614 2307
3 2616 2316 2309
3 2623 2316 2616
3 2619 2617 2624
3 2619 2624 2625
3 2317 2624 2310
3 2310 2624 2617
3 2627 2626 2320
3 2320 2626 2319
3 2628 2320 2321
3 2628 2627 2320
3 2321 2311 2620
3 2321 2620 2628
3 2631 2630 2629
3 2630 2622 2629
3 2622 2323 2629
3 2622 2314 2323
3 2623 2325 2316
3 2632 2325 2623
3 2625 2624 2327
3 2328 2625 2327
3 2633 2625 2328
3 2327 2624 2317
3 2635 2634 2331
3 2331 2634 2330
3 2331 2319 2626
3 2331 2626 2635
3 2631 2629 2333
3 2334 2631 2333
3 2636 2631 2334
3 2333 2629 2323
3 2632 2335 2325
3 2637 2335 2632
3 2336 2633 2328
3 2336 2638 2633
3 2641 2640 2639
3 2634 2641 2639
3 2337 2634 2639
3 2330 2634 2337
3 2643 2642 2339
3 2643 2339 2340
3 2334 2339 2636
3 2636 2339 2642
3 2645 2644 2342
3 2342 2644 2341
3 2342 2335 2637
3 2342 2637 2645
3 2647 2646 2344
3 2647 2344 2345
3 2336 2344 2638
3 2638 2344 2646
3 2639 2640 2348
3 2640 2347 2348
3 2640 2648 2347
3 2639 2348 2337
3 2650 2649 2350
3 2650 2350 2351
3 2340 2350 2643
3 2643 2350 2649
3 2652 2651 2353
3 2353 2651 2352
3 2353 2341 2644
3 2353 2644 2652
3 2655 2654 2653
3 2654 2647 2653
3 2647 2354 2653
3 2647 2345 2354
3 2648 2356 2347
3 2656 2356 2648
3 2658 2657 2358
3 2658 2358 2359
3 2358 2659 2360
3 2657 2659 2358
3 2351 2360 2650
3 2650 2360 2659
3 2661 2660 2363
3 2363 2660 2362
3 2363 2352 2651
3 2363 2651 2661
3 2655 2653 2364
3 2365 2655 2364
3 2662 2655 2365
3 2364 2653 2354
3 2656 2366 2356
3 2663 2366 2656
3 2665 2664 2367
3 2665 2367 2368
3 2359 2367 2658
3 2658 2367 2664
3 2668 2667 2666
3 2370 2371 2666
3 2371 2668 2666
3 2371 2669 2668
3 2371 2362 2660
3 2371 2660 2669
3 2671 2670 2372
3 2671 2372 2373
3 2365 2372 2662
3 2662 2372 2670
3 2663 2374 2366
3 2672 2374 2663
3 2675 2674 2673
3 2674 2665 2673
3 2665 2375 2673
3 2665 2368 2375
3 2678 2677 2676
3 2678 2676 2667
3 2667 2676 2666
3 2676 2377 2666
3 2377 2378 2666
3 2666 2378 2370
3 2680 2679 2380
3 2680 2380 2381
3 2373 2380 2671
3 2671 2380 2679
3 2672 2382 2374
3 2681 2382 2672
3 2675 2673 2384
3 2385 2675 2384
3 2682 2675 2385
3 2384 2673 2375
3 2676 2677 2683
3 2683 2677 2684
3 2683 2386 2377
3 2683 2377 2676
3 2687 2686 2685
3 2686 2680 2685
3 2680 2387 2685
3 2680 2381 2387
3 2681 2388 2382
3 2688 2388 2681
3 2390 2682 2385
3 2390 2689 2682
3 2692 2691 2690
3 2692 2690 2684
3 2684 2690 2683
3 2690 2392 2683
3 2392 2393 2683
3 2683 2393 2386
3 2695 2694 2693
3 2693 2694 2687
3 2693 2687 2685
3 2395 2693 2685
3 2394 2395 2685
3 2394 2685 2387
3 2697 2696 2398
3 2398 2696 2397
3 2398 2388 2688
3 2398 2688 2697
3 2400 2689 2390
3 2400 2698 2689
3 2690 2691 2699
3 2699 2691 2700
3 2699 2401 2392
3 2699 2392 2690
3 2703 2702 2701
3 2701 2702 2695
3 2701 2695 2693
3 2404 2701 2693
3 2403 2404 2693
3 2403 2693 2395
3 2696 2405 2397
3 2704 2405 2696
3 2407 2698 2400
3 2407 2705 2698
3 2699 2700 2706
3 2706 2700 2707
3 2706 2409 2401
3 2706 2401 2699
3 2703 2701 2708
3 2703 2708 2709
3 2410 2708 2404
3 2404 2708 2701
3 2704 2411 2405
3 2710 2411 2704
3 2711 2705 2407
3 2711 2407 2412
3 2412 2413 2711
3 2711 2413 2712
3 2706 2707 2713
3 2713 2707 2714
3 2713 2417 2409
3 2713 2409 2706
3 2709 2708 2419
3 2420 2709 2419
3 2715 2709 2420
3 2419 2708 2410
3 2710 2421 2411
3 2716 2421 2710
3 2413 2422 2717
3 2718 2413 2717
3 2712 2413 2718
3 2423 2717 2422
3 2713 2714 2719
3 2719 2714 2720
3 2719 2427 2417
3 2719 2417 2713
3 2428 2715 2420
3 2428 2721 2715
3 2723 2722 2431
3 2431 2722 2430
3 2431 2421 2716
3 2431 2716 2723
3 2724 2718 2717
3 2726 2724 2725
3 2725 2724 2432
3 2724 2717 2432
3 2717 2423 2432
3 2433 2727 2432
3 2432 2727 2725
3 2434 2719 2433
3 2720 2433 2719
3 2433 2720 2727
3 2728 2727 2720
3 2727 2728 2729
3 2434 2427 2719
3 2729 2728 2730
3 2435 2721 2428
3 2435 2731 2721
3 2733 2732 2438
3 2438 2732 2437
3 2438 2430 2722
3 2438 2722 2733
3 2726 2725 2734
3 2726 2734 2735
3 2736 2725 2727
3 2734 2725 2736
3 2729 2738 2737
3 2736 2729 2737
3 2727 2729 2736
3 2738 2729 2730
3 2439 2731 2435
3 2439 2739 2731
3 2742 2741 2740
3 2732 2742 2740
3 2441 2732 2740
3 2437 2732 2441
3 2735 2734 2743
3 2735 2743 2744
3 2745 2734 2736
3 2743 2734 2745
3 2736 2737 2746
3 2736 2746 2745
3 2442 2739 2439
3 2442 2747 2739
3 2740 2741 2748
3 2748 2741 2749
3 2748 2444 2441
3 2748 2441 2740
3 2750 2744 2743
3 2750 2743 2745
3 2750 2745 2751
3 2751 2745 2746
3 2446 2747 2442
3 2446 2752 2747
3 2748 2749 2753
3 2753 2749 2754
3 2753 2448 2444
3 2753 2444 2748
3 2756 2755 2449
3 2756 2449 2450
3 2446 2449 2752
3 2752 2449 2755
3 2753 2754 2757
3 2757 2754 2758
3 2757 2452 2448
3 2757 2448 2753
3 2454 2756 2450
3 2454 2759 2756
3 2757 2758 2760
3 2760 2758 2761
3 2760 2456 2452
3 2760 2452 2757
3 2763 2762 2459
3 2763 2459 2460
3 2454 2459 2759
3 2759 2459 2762
3 2761 2764 2760
3 2764 2766 2765
3 2764 2765 2461
3 2760 2764 2461
3 2456 2760 2461
3 2767 2462 2461
3 2767 2461 2765
3 2767 2464 2462
3 2769 2768 2466
3 2769 2466 2467
3 2460 2466 2763
3 2763 2466 2768
3 2766 2770 2765
3 2765 2770 2767
3 2767 2770 2771
3 2464 2767 2771
3 2772 2464 2771
3 2469 2464 2772
3 2473 2769 2467
3 2473 2773 2769
3 2474 2469 2774
3 2469 2775 2774
3 2469 2772 2775
3 2774 2476 2474
3 2777 2776 2483
3 2777 2483 2482
3 2473 2483 2773
3 2773 2483 2776
3 2775 2778 2774
3 2778 2780 2779
3 2778 2779 2484
3 2774 2778 2484
3 2476 2774 2484
3 2779 2486 2484
3 2491 2781 2492
3 2781 2782 2492
3 2782 2482 2492
3 2782 2777 2482
3 2779 2780 2783
3 2783 2780 2784
3 2785 2493 2486
3 2779 2785 2486
3 2783 2785 2779
3 2786 2494 2493
3 2786 2493 2785
3 2786 2496 2494
3 2498 2787 2499
3 2787 2788 2499
3 2499 2788 2491
3 2788 2789 2491
3 2789 2781 2491
3 2781 2789 2782
3 2784 2790 2783
3 2792 2791 2790
3 2791 2783 2790
3 2791 2785 2783
3 2785 2793 2786
3 2785 2791 2793
3 2794 2500 2496
3 2786 2794 2496
3 2793 2794 2786
3 2500 2794 2795
3 2796 2500 2795
3 2501 2500 2796
3 2498 2501 2787
3 2501 2797 2787
3 2501 2796 2797
3 2787 2797 2788
3 2792 2798 2791
3 2791 2798 2793
3 2793 2798 2799
3 2793 2799 2794
3 2794 2799 2800
3 2794 2800 2795
3 2801 2504 2505
3 2506 2802 2505
3 2505 2802 2801
3 2508 2802 2506
3 2804 2803 2801
3 2803 2504 2801
3 2803 2512 2504
3 2804 2801 2802
3 2804 2802 2805
3 2807 2805 2806
3 2806 2805 2513
3 2805 2802 2513
3 2802 2508 2513
3 2515 2806 2513
3 2810 2809 2808
3 2803 2810 2808
3 2518 2803 2808
3 2512 2803 2518
3 2811 2807 2806
3 2813 2811 2812
3 2812 2811 2519
3 2811 2806 2519
3 2806 2515 2519
3 2520 2812 2519
3 2816 2815 2814
3 2814 2817 2816
3 2808 2809 2522
3 2809 2521 2522
3 2809 2818 2521
3 2808 2522 2518
3 2523 2524 2819
3 2812 2820 2813
3 2820 2812 2821
3 2812 2520 2821
3 2523 2819 2821
3 2523 2821 2520
3 2823 2822 2527
3 2527 2822 2526
3 2824 2527 2528
3 2824 2823 2527
3 2826 2825 2530
3 2825 2528 2530
3 2825 2824 2528
3 2828 2827 2826
3 2826 2827 2825
3 2830 2829 2828
3 2828 2829 2827
3 2832 2831 2830
3 2830 2831 2829
3 2532 2533 2832
3 2533 2831 2832
3 2533 2833 2831
3 2534 2814 2815
3 2833 2534 2815
3 2533 2534 2833
3 2534 2536 2814
3 2536 2817 2814
3 2536 2834 2817
3 2837 2836 2835
3 2818 2837 2835
3 2537 2818 2835
3 2521 2818 2537
3 2839 2838 2819
3 2524 2839 2819
3 2538 2839 2524
3 2819 2838 2821
3 2841 2840 2540
3 2540 2840 2539
3 2540 2526 2822
3 2540 2822 2841
3 2541 2826 2530
3 2826 2541 2543
3 2826 2543 2828
3 2828 2543 2545
3 2828 2545 2830
3 2830 2545 2547
3 2830 2547 2832
3 2832 2547 2532
3 2549 2834 2536
3 2549 2842 2834
3 2845 2844 2843
3 2845 2843 2836
3 2836 2843 2835
3 2843 2550 2835
3 2550 2551 2835
3 2835 2551 2537
3 2553 2839 2538
3 2553 2846 2839
3 2848 2847 2555
3 2555 2847 2554
3 2555 2539 2840
3 2555 2840 2848
3 2851 2850 2849
3 2850 2842 2849
3 2842 2557 2849
3 2842 2549 2557
3 2843 2844 2559
3 2844 2558 2559
3 2844 2852 2558
3 2843 2559 2550
3 2854 2853 2560
3 2854 2560 2561
3 2553 2560 2846
3 2846 2560 2853
3 2855 2562 2563
3 2856 2855 2563
3 2554 2856 2563
3 2847 2856 2554
3 2859 2858 2857
3 2857 2858 2851
3 2857 2851 2849
3 2566 2857 2849
3 2565 2566 2849
3 2565 2849 2557
3 2852 2567 2558
3 2860 2567 2852
3 2863 2862 2861
3 2862 2854 2861
3 2854 2569 2861
3 2854 2561 2569
3 2865 2864 2855
3 2864 2562 2855
3 2864 2570 2562
3 2865 2855 2856
3 2868 2867 2866
3 2869 2866 2867
3 2872 2871 2870
3 2870 2871 2859
3 2870 2859 2857
3 2572 2870 2857
3 2571 2572 2857
3 2571 2857 2566
3 2860 2573 2567
3 2873 2573 2860
3 2863 2861 2574
3 2575 2863 2574
3 2874 2863 2575
3 2574 2861 2569
3 2864 2576 2570
3 2875 2576 2864
3 2868 2866 2578
3 2579 2868 2578
3 2876 2868 2579
3 2580 2578 2866
3 2869 2580 2866
3 2877 2580 2869
3 2880 2879 2878
3 2878 2879 2872
3 2878 2872 2870
3 2582 2878 2870
3 2581 2582 2870
3 2581 2870 2572
3 2873 2583 2573
3 2881 2583 2873
3 2584 2874 2575
3 2584 2882 2874
3 2875 2585 2576
3 2883 2585 2875
3 2885 2884 2587
3 2885 2587 2588
3 2579 2886 2876
3 2886 2579 2887
3 2587 2887 2579
3 2887 2587 2888
3 2884 2888 2587
3 2877 2886 2887
3 2590 2877 2887
3 2580 2877 2590
3 2891 2890 2889
3 2889 2890 2880
3 2889 2880 2878
3 2592 2889 2878
3 2591 2592 2878
3 2591 2878 2582
3 2881 2594 2583
3 2892 2594 2881
3 2595 2882 2584
3 2595 2893 2882
3 2883 2596 2585
3 2894 2596 2883
3 2895 2885 2588
3 2895 2588 2597
3 2598 2887 2888
3 2895 2598 2888
3 2597 2598 2895
3 2887 2598 2590
3 2891 2889 2599
3 2600 2891 2599
3 2896 2891 2600
3 2599 2889 2592
3 2898 2897 2602
3 2602 2897 2601
3 2602 2594 2892
3 2602 2892 2898
3 2603 2893 2595
3 2603 2899 2893
3 2894 2604 2596
3 2900 2604 2894
3 2902 2901 2606
3 2902 2606 2607
3 2600 2606 2896
3 2896 2606 2901
3 2897 2608 2601
3 2903 2608 2897
3 2609 2899 2603
3 2609 2904 2899
3 2900 2610 2604
3 2905 2610 2900
3 2908 2907 2906
3 2907 2902 2906
3 2902 2611 2906
3 2902 2607 2611
3 2910 2613 2909
3 2613 2903 2909
3 2613 2608 2903
3 2911 2910 2909
3 2615 2904 2609
3 2615 2912 2904
3 2905 2616 2610
3 2913 2616 2905
3 2908 2906 2618
3 2619 2908 2618
3 2914 2908 2619
3 2618 2906 2611
3 2916 2915 2621
3 2621 2915 2620
3 2621 2613 2910
3 2917 2621 2910
3 2916 2621 2917
3 2917 2910 2911
3 2622 2912 2615
3 2622 2918 2912
3 2913 2623 2616
3 2919 2623 2913
3 2625 2914 2619
3 2625 2920 2914
3 2923 2922 2921
3 2626 2627 2921
3 2627 2923 2921
3 2627 2924 2923
3 2925 2627 2628
3 2925 2924 2627
3 2628 2620 2915
3 2628 2915 2925
3 2927 2926 2630
3 2927 2630 2631
3 2622 2630 2918
3 2918 2630 2926
3 2919 2632 2623
3 2928 2632 2919
3 2633 2920 2625
3 2633 2929 2920
3 2932 2931 2930
3 2932 2930 2922
3 2922 2930 2921
3 2930 2634 2921
3 2634 2635 2921
3 2921 2635 2626
3 2935 2934 2933
3 2934 2927 2933
3 2927 2636 2933
3 2927 2631 2636
3 2938 2937 2936
3 2928 2938 2936
3 2637 2928 2936
3 2632 2928 2637
3 2941 2940 2939
3 2940 2929 2939
3 2929 2638 2939
3 2929 2633 2638
3 2930 2931 2641
3 2931 2640 2641
3 2931 2942 2640
3 2930 2641 2634
3 2945 2944 2943
3 2943 2944 2935
3 2943 2935 2933
3 2643 2943 2933
3 2642 2643 2933
3 2642 2933 2636
3 2948 2947 2946
3 2948 2946 2937
3 2937 2946 2936
3 2946 2644 2936
3 2644 2645 2936
3 2936 2645 2637
3 2941 2939 2646
3 2647 2941 2646
3 2949 2941 2647
3 2646 2939 2638
3 2942 2648 2640
3 2950 2648 2942
3 2953 2952 2951
3 2951 2952 2945
3 2951 2945 2943
3 2650 2951 2943
3 2649 2650 2943
3 2649 2943 2643
3 2956 2955 2954
3 2956 2954 2947
3 2947 2954 2946
3 2954 2651 2946
3 2651 2652 2946
3 2946 2652 2644
3 2958 2957 2654
3 2958 2654 2655
3 2647 2654 2949
3 2949 2654 2957
3 2950 2656 2648
3 2959 2656 2950
3 2962 2961 2960
3 2657 2658 2960
3 2961 2657 2960
3 2963 2657 2961
3 2951 2659 2953
3 2659 2963 2953
3 2659 2657 2963
3 2659 2951 2650
3 2966 2965 2964
3 2966 2964 2955
3 2955 2964 2954
3 2964 2660 2954
3 2660 2661 2954
3 2954 2661 2651
3 2969 2968 2967
3 2968 2958 2967
3 2958 2662 2967
3 2958 2655 2662
3 2959 2663 2656
3 2970 2663 2959
3 2962 2960 2664
3 2665 2962 2664
3 2971 2962 2665
3 2664 2960 2658
3 2974 2973 2972
3 2667 2668 2972
3 2668 2974 2972
3 2668 2975 2974
3 2669 2964 2965
3 2975 2669 2965
3 2668 2669 2975
3 2964 2669 2660
3 2978 2977 2976
3 2976 2977 2969
3 2976 2969 2967
3 2671 2976 2967
3 2670 2671 2967
3 2670 2967 2662
3 2970 2672 2663
3 2979 2672 2970
3 2981 2980 2674
3 2981 2674 2675
3 2665 2674 2971
3 2971 2674 2980
3 2972 2973 2678
3 2973 2677 2678
3 2973 2982 2677
3 2972 2678 2667
3 2978 2976 2679
3 2680 2978 2679
3 2983 2978 2680
3 2679 2976 2671
3 2979 2681 2672
3 2984 2681 2979
3 2682 2981 2675
3 2682 2985 2981
3 2988 2987 2986
3 2982 2988 2986
3 2684 2982 2986
3 2677 2982 2684
3 2990 2989 2686
3 2990 2686 2687
3 2680 2686 2983
3 2983 2686 2989
3 2984 2688 2681
3 2991 2688 2984
3 2689 2985 2682
3 2689 2992 2985
3 2986 2987 2692
3 2987 2691 2692
3 2987 2993 2691
3 2986 2692 2684
3 2996 2995 2994
3 2694 2695 2994
3 2995 2694 2994
3 2997 2694 2995
3 2687 2694 2990
3 2990 2694 2997
3 2999 2998 2697
3 2697 2998 2696
3 2697 2688 2991
3 2697 2991 2999
3 2698 2992 2689
3 2698 3000 2992
3 3003 3002 3001
3 2993 3003 3001
3 2700 2993 3001
3 2691 2993 2700
3 2996 2994 2702
3 2703 2996 2702
3 3004 2996 2703
3 2702 2994 2695
3 2998 2704 2696
3 3005 2704 2998
3 2705 3000 2698
3 2705 3006 3000
3 3001 3002 3007
3 3007 3002 3008
3 3007 2707 2700
3 3007 2700 3001
3 2709 3004 2703
3 2709 3009 3004
3 3005 2710 2704
3 3010 2710 3005
3 2705 2711 3011
3 3012 2705 3011
3 3006 2705 3012
3 2712 3011 2711
3 3008 3013 3007
3 2707 3007 3013
3 3014 2707 3013
3 2714 2707 3014
3 2715 3009 2709
3 2715 3015 3009
3 3018 3017 3016
3 3010 3018 3016
3 2716 3010 3016
3 2710 3010 2716
3 3019 3012 3011
3 3011 2712 3019
3 2712 3020 3019
3 2712 2718 3020
3 3014 2720 2714
3 3021 2720 3014
3 2721 3015 2715
3 2721 3022 3015
3 3025 3024 3023
3 3025 3023 3017
3 3017 3023 3016
3 3023 2722 3016
3 2722 2723 3016
3 3016 2723 2716
3 2718 2724 3026
3 3027 2718 3026
3 3020 2718 3027
3 2726 3026 2724
3 3021 3028 2720
3 2720 3028 2728
3 2730 2728 3028
3 2730 3028 3029
3 2731 3022 2721
3 2731 3030 3022
3 3033 3032 3031
3 3033 3031 3024
3 3024 3031 3023
3 3031 2732 3023
3 2732 2733 3023
3 3023 2733 2722
3 3027 3026 3034
3 3027 3034 3035
3 2735 3034 2726
3 2726 3034 3026
3 3036 2737 2738
3 3037 3036 2738
3 2730 3037 2738
3 3029 3037 2730
3 2739 3030 2731
3 2739 3038 3030
3 3041 3040 3039
3 3041 3039 3032
3 3032 3039 3031
3 3039 2741 3031
3 2741 2742 3031
3 3031 2742 2732
3 3035 3034 3042
3 3035 3042 3043
3 2744 3042 2735
3 2735 3042 3034
3 3045 3044 3036
3 3044 2737 3036
3 3044 2746 2737
3 3045 3036 3037
3 2747 3038 2739
3 2747 3046 3038
3 3039 3040 3047
3 3047 3040 3048
3 3047 2749 2741
3 3047 2741 3039
3 3043 3042 3049
3 3043 3049 3050
3 2750 3051 2744
3 3051 3042 2744
3 3051 3049 3042
3 2751 3052 2750
3 2750 3052 3051
3 3053 3052 2751
3 2746 3053 2751
3 3044 3053 2746
3 2752 3046 2747
3 2752 3054 3046
3 3047 3048 3055
3 3055 3048 3056
3 3055 2754 2749
3 3055 2749 3047
3 3050 3049 3057
3 3050 3057 3058
3 3059 3049 3051
3 3057 3049 3059
3 3052 3061 3060
3 3059 3052 3060
3 3051 3052 3059
3 3061 3052 3053
3 3063 3062 2755
3 3063 2755 2756
3 2752 2755 3054
3 3054 2755 3062
3 3055 3056 3064
3 3064 3056 3065
3 3064 2758 2754
3 3064 2754 3055
3 3058 3057 3066
3 3058 3066 3067
3 3059 3069 3068
3 3066 3059 3068
3 3057 3059 3066
3 3069 3059 3060
3 2759 3063 2756
3 2759 3070 3063
3 3064 3065 3071
3 3071 3065 3072
3 3071 2761 2758
3 3071 2758 3064
3 3073 3067 3066
3 3073 3066 3068
3 3075 3074 2762
3 3075 2762 2763
3 2759 2762 3070
3 3070 2762 3074
3 3072 3076 3071
3 3076 3078 3077
3 3076 3077 2764
3 3071 3076 2764
3 2761 3071 2764
3 3077 2766 2764
3 3080 3079 2768
3 3080 2768 2769
3 2763 2768 3075
3 3075 2768 3079
3 3078 3081 3077
3 3077 3081 2766
3 3081 2770 2766
3 3081 3082 2770
3 3082 3084 3083
3 2771 3082 3083
3 2770 3082 2771
3 3083 2772 2771
3 2773 3080 2769
3 2773 3085 3080
3 3083 3084 3086
3 3086 3084 3087
3 3086 2775 2772
3 3086 2772 3083
3 3089 3088 2776
3 3089 2776 2777
3 2773 2776 3085
3 3085 2776 3088
3 3086 3087 3090
3 3090 3087 3091
3 3092 2778 2775
3 3086 3092 2775
3 3090 3092 3086
3 3092 2780 2778
3 2782 3089 2777
3 2782 3093 3089
3 3090 3091 3094
3 3094 3091 3095
3 3090 3096 3092
3 3090 3094 3096
3 3096 2784 2780
3 3096 2780 3092
3 3098 3097 2789
3 3098 2789 2788
3 2782 2789 3093
3 3093 2789 3097
3 3094 3095 3099
3 3099 3095 3100
3 3094 3101 3096
3 3094 3099 3101
3 3102 2790 2784
3 3096 3102 2784
3 3101 3102 3096
3 3102 2792 2790
3 2795 3103 2796
3 2796 3103 3104
3 3105 2796 3104
3 2797 2796 3105
3 2788 2797 3098
3 3098 2797 3105
3 3100 3106 3099
3 3108 3107 3106
3 3107 3099 3106
3 3107 3101 3099
3 3101 3109 3102
3 3101 3107 3109
3 3110 2798 2792
3 3102 3110 2792
3 3109 3110 3102
3 3111 2799 2798
3 3111 2798 3110
3 3112 2800 2799
3 3112 2799 3111
3 3112 3113 2800
3 2800 3113 2795
3 3113 3114 2795
3 3114 3103 2795
3 3103 3114 3104
3 3108 3115 3107
3 3117 3116 3115
3 3116 3107 3115
3 3116 3109 3107
3 3109 3118 3110
3 3109 3116 3118
3 3110 3119 3111
3 3110 3118 3119
3 3121 3112 3120
3 3112 3119 3120
3 3112 3111 3119
3 3112 3121 3113
3 3117 3122 3116
3 3116 3122 3118
3 3118 3122 3123
3 3118 3123 3119
3 3119 3123 3124
3 3119 3124 3120
3 3127 3126 3125
3 2803 2804 3125
3 2804 3127 3125
3 2804 3128 3127
3 3130 3128 3129
3 3128 2805 3129
3 3128 2804 2805
3 2807 3129 2805
3 3125 3126 2810
3 3126 2809 2810
3 3126 3131 2809
3 3125 2810 2803
3 3132 3130 3129
3 3134 3132 3133
3 3133 3132 2811
3 3132 3129 2811
3 3129 2807 2811
3 2813 3133 2811
3 3137 3136 3135
3 3139 3138 3135
3 3135 3138 3137
3 3141 3140 3139
3 3139 3140 3138
3 3141 3142 3140
3 3145 3144 3143
3 3147 3146 3143
3 3143 3146 3145
3 2815 2816 3147
3 2816 3146 3147
3 2816 3148 3146
3 2816 2817 3148
3 3148 2817 3149
3 3152 3151 3150
3 3131 3152 3150
3 2818 3131 3150
3 2809 3131 2818
3 3153 3134 3133
3 3155 3153 3154
3 3154 3153 2820
3 3153 3133 2820
3 3133 2813 2820
3 2821 3154 2820
3 3157 3156 2823
3 2823 3156 2822
3 2824 3135 3136
3 3157 2824 3136
3 2823 2824 3157
3 3135 2824 2825
3 3135 2825 3139
3 3139 2825 2827
3 3139 2827 3141
3 3158 3142 3141
3 2827 3158 3141
3 2829 3158 2827
3 2831 3143 3144
3 3158 2831 3144
3 2829 2831 3158
3 3143 2831 2833
3 3143 2833 3147
3 3147 2833 2815
3 2834 3149 2817
3 2834 3159 3149
3 3162 3161 3160
3 3162 3160 3151
3 3151 3160 3150
3 3160 2836 3150
3 2836 2837 3150
3 3150 2837 2818
3 3155 3154 2838
3 2839 3155 2838
3 3163 3155 2839
3 2838 3154 2821
3 3165 3164 2841
3 2841 3164 2840
3 2841 2822 3156
3 2841 3156 3165
3 2842 3159 2834
3 2842 3166 3159
3 3160 3161 2845
3 3161 2844 2845
3 3161 3167 2844
3 3160 2845 2836
3 3170 3169 3168
3 3169 3163 3168
3 3163 2846 3168
3 3163 2839 2846
3 3172 3171 2848
3 2848 3171 2847
3 2848 2840 3164
3 2848 3164 3172
3 3175 3174 3173
3 2850 2851 3173
3 3174 2850 3173
3 3176 2850 3174
3 2842 2850 3166
3 3166 2850 3176
3 3167 2852 2844
3 3177 2852 3167
3 3170 3168 2853
3 2854 3170 2853
3 3178 3170 2854
3 2853 3168 2846
3 3171 2856 2847
3 3179 2856 3171
3 3182 3181 3180
3 3183 3180 3181
3 3186 3185 3184
3 3184 3185 3175
3 3184 3175 3173
3 2859 3184 3173
3 2858 2859 3173
3 2858 3173 2851
3 3177 2860 2852
3 3187 2860 3177
3 3189 3188 2862
3 3189 2862 2863
3 2854 2862 3178
3 3178 2862 3188
3 3191 3190 2865
3 2865 3190 2864
3 2865 2856 3179
3 2865 3179 3191
3 3193 3192 2867
3 3193 2867 2868
3 3192 3194 2867
3 3194 3182 2867
3 3180 2867 3182
3 2867 3180 2869
3 3195 2869 3180
3 2869 3195 3194
3 3194 3196 2869
3 3192 3196 3194
3 3194 3195 3182
3 3195 3180 3183
3 3186 3184 2871
3 2872 3186 2871
3 3197 3186 2872
3 2871 3184 2859
3 3187 2873 2860
3 3198 2873 3187
3 2874 3189 2863
3 2874 3199 3189
3 3190 2875 2864
3 3200 2875 3190
3 2876 3202 3201
3 3193 2876 3201
3 2868 2876 3193
3 3196 3201 3202
3 2877 3196 3202
3 2869 3196 2877
3 3204 3203 2879
3 3204 2879 2880
3 2872 2879 3197
3 3197 2879 3203
3 3198 2881 2873
3 3205 2881 3198
3 2882 3199 2874
3 2882 3206 3199
3 3200 2883 2875
3 3207 2883 3200
3 2885 3208 2884
3 2886 3202 2876
3 2888 2884 3208
3 3202 2886 2877
3 3210 3209 2890
3 3210 2890 2891
3 2880 2890 3204
3 3204 2890 3209
3 3205 2892 2881
3 3211 2892 3205
3 2893 3206 2882
3 2893 3212 3206
3 3207 2894 2883
3 3213 2894 3207
3 2895 3208 2885
3 3208 2895 2888
3 3216 3215 3214
3 3215 3210 3214
3 3210 2896 3214
3 3210 2891 2896
3 3217 2897 2898
3 3218 3217 2898
3 2892 3218 2898
3 3211 3218 2892
3 2899 3212 2893
3 2899 3219 3212
3 3213 2900 2894
3 3220 2900 3213
3 3216 3214 2901
3 2902 3216 2901
3 3221 3216 2902
3 2901 3214 2896
3 3222 2903 3217
3 3217 2903 2897
3 3217 3218 3223
3 3217 3223 3222
3 2904 3219 2899
3 2904 3224 3219
3 3220 2905 2900
3 3225 2905 3220
3 3227 3226 2907
3 3227 2907 2908
3 2902 2907 3221
3 3221 2907 3226
3 3229 2909 3228
3 2909 2903 3228
3 3228 2903 3222
3 3230 3228 3222
3 3222 3223 3230
3 2909 3229 2911
3 3233 3232 3231
3 3232 3224 3231
3 3224 2912 3231
3 3224 2904 2912
3 3225 2913 2905
3 3234 2913 3225
3 2914 3227 2908
3 2914 3235 3227
3 3238 3237 3236
3 3240 3239 3236
3 3236 3239 3238
3 2915 2916 3240
3 2916 3239 3240
3 2916 3241 3239
3 2917 3229 3228
3 3241 2917 3228
3 2916 2917 3241
3 3229 2917 2911
3 3233 3231 3242
3 3233 3242 3243
3 2918 3242 2912
3 2912 3242 3231
3 3234 2919 2913
3 3244 2919 3234
3 2920 3235 2914
3 2920 3245 3235
3 3248 3247 3246
3 2922 2923 3246
3 2923 3248 3246
3 2923 3249 3248
3 2924 3236 3237
3 3249 2924 3237
3 2923 2924 3249
3 3236 2924 2925
3 3236 2925 3240
3 3240 2925 2915
3 3252 3251 3250
3 3250 3251 3243
3 3250 3243 3242
3 2927 3250 3242
3 2926 2927 3242
3 2926 3242 2918
3 3244 2928 2919
3 3253 2928 3244
3 2929 3245 2920
3 2929 3254 3245
3 3246 3247 2932
3 3247 2931 2932
3 3247 3255 2931
3 3246 2932 2922
3 3252 3250 2934
3 2935 3252 2934
3 3256 3252 2935
3 2934 3250 2927
3 3258 3257 2938
3 2938 3257 2937
3 2938 2928 3253
3 2938 3253 3258
3 3260 3259 2940
3 3260 2940 2941
3 2929 2940 3254
3 3254 2940 3259
3 3263 3262 3261
3 3255 3263 3261
3 2942 3255 3261
3 2931 3255 2942
3 3266 3265 3264
3 2944 2945 3264
3 3265 2944 3264
3 3267 2944 3265
3 2935 2944 3256
3 3256 2944 3267
3 3270 3269 3268
3 2947 2948 3268
3 2948 3270 3268
3 2948 3271 3270
3 2948 2937 3257
3 2948 3257 3271
3 2949 3260 2941
3 2949 3272 3260
3 3261 3262 3273
3 3273 3262 3274
3 3273 2950 2942
3 3273 2942 3261
3 3277 3276 3275
3 3279 3278 3275
3 3279 3275 3276
3 3278 3279 3266
3 3278 3266 3264
3 2953 3278 3264
3 2952 2953 3264
3 2952 3264 2945
3 3282 3281 3280
3 3282 3280 3269
3 3269 3280 3268
3 3280 2955 3268
3 2955 2956 3268
3 3268 2956 2947
3 3284 3283 2957
3 3284 2957 2958
3 2949 2957 3272
3 3272 2957 3283
3 3274 3285 3273
3 2950 3273 3285
3 3286 2950 3285
3 2959 2950 3286
3 3289 3288 3287
3 3287 3288 3277
3 3287 3277 3275
3 2962 3287 3275
3 2961 2962 3275
3 2961 3275 2963
3 2963 3275 3278
3 2963 3278 2953
3 3292 3291 3290
3 3292 3290 3281
3 3281 3290 3280
3 3290 2965 3280
3 2965 2966 3280
3 3280 2966 2955
3 3294 3293 2968
3 3294 2968 2969
3 2958 2968 3284
3 3284 2968 3293
3 3286 2970 2959
3 3295 2970 3286
3 3296 3289 3287
3 3287 2962 3296
3 2962 3297 3296
3 2962 2971 3297
3 3299 3298 2974
3 2974 3298 2973
3 2975 3290 3291
3 3299 2975 3291
3 2974 2975 3299
3 3290 2975 2965
3 3301 3300 2977
3 3301 2977 2978
3 2969 2977 3294
3 3294 2977 3300
3 3295 2979 2970
3 3302 2979 3295
3 3304 3303 2980
3 3304 2980 2981
3 2971 2980 3297
3 3297 2980 3303
3 3307 3306 3305
3 3298 3307 3305
3 2982 3298 3305
3 2973 3298 2982
3 3310 3309 3308
3 3309 3301 3308
3 3301 2983 3308
3 3301 2978 2983
3 3302 2984 2979
3 3311 2984 3302
3 2985 3304 2981
3 2985 3312 3304
3 3305 3306 2988
3 3306 2987 2988
3 3306 3313 2987
3 3305 2988 2982
3 3316 3315 3314
3 3318 3317 3314
3 3318 3314 3315
3 3317 3318 3310
3 3317 3310 3308
3 2990 3317 3308
3 2989 2990 3308
3 2989 3308 2983
3 3311 2991 2984
3 3319 2991 3311
3 2992 3312 2985
3 2992 3320 3312
3 3323 3322 3321
3 3313 3323 3321
3 2993 3313 3321
3 2987 3313 2993
3 3326 3325 3324
3 3324 3325 3316
3 3324 3316 3314
3 2996 3324 3314
3 2995 2996 3314
3 2995 3314 2997
3 2997 3314 3317
3 2997 3317 2990
3 3327 2998 2999
3 3328 3327 2999
3 2991 3328 2999
3 3319 3328 2991
3 3000 3320 2992
3 3000 3329 3320
3 3321 3322 3003
3 3322 3002 3003
3 3322 3330 3002
3 3321 3003 2993
3 3326 3324 3331
3 3326 3331 3332
3 3004 3331 2996
3 2996 3331 3324
3 3333 3005 3327
3 3327 3005 2998
3 3327 3328 3334
3 3327 3334 3333
3 3006 3329 3000
3 3006 3335 3329
3 3330 3008 3002
3 3336 3008 3330
3 3337 3332 3331
3 3331 3004 3337
3 3004 3338 3337
3 3004 3009 3338
3 3340 3339 3333
3 3339 3005 3333
3 3339 3010 3005
3 3340 3333 3334
3 3012 3342 3341
3 3335 3012 3341
3 3006 3012 3335
3 3342 3343 3341
3 3336 3344 3008
3 3008 3344 3013
3 3014 3013 3344
3 3014 3344 3345
3 3015 3338 3009
3 3015 3346 3338
3 3349 3348 3347
3 3017 3018 3347
3 3018 3349 3347
3 3018 3350 3349
3 3018 3010 3339
3 3018 3339 3350
3 3019 3342 3012
3 3019 3020 3342
3 3020 3343 3342
3 3020 3351 3343
3 3345 3021 3014
3 3352 3021 3345
3 3022 3346 3015
3 3022 3353 3346
3 3356 3355 3354
3 3356 3354 3348
3 3348 3354 3347
3 3354 3024 3347
3 3024 3025 3347
3 3347 3025 3017
3 3027 3351 3020
3 3027 3357 3351
3 3352 3358 3021
3 3021 3358 3028
3 3029 3028 3358
3 3029 3358 3359
3 3030 3353 3022
3 3030 3360 3353
3 3363 3362 3361
3 3363 3361 3355
3 3355 3361 3354
3 3361 3032 3354
3 3032 3033 3354
3 3354 3033 3024
3 3035 3357 3027
3 3035 3364 3357
3 3367 3366 3365
3 3359 3367 3365
3 3037 3359 3365
3 3029 3359 3037
3 3038 3360 3030
3 3038 3368 3360
3 3361 3362 3041
3 3362 3040 3041
3 3362 3369 3040
3 3361 3041 3032
3 3043 3364 3035
3 3043 3370 3364
3 3365 3366 3045
3 3366 3044 3045
3 3366 3371 3044
3 3365 3045 3037
3 3046 3368 3038
3 3046 3372 3368
3 3369 3048 3040
3 3373 3048 3369
3 3376 3375 3374
3 3377 3374 3375
3 3380 3379 3378
3 3379 3370 3378
3 3370 3050 3378
3 3370 3043 3050
3 3371 3053 3044
3 3381 3053 3371
3 3384 3383 3382
3 3383 3372 3382
3 3372 3054 3382
3 3372 3046 3054
3 3373 3056 3048
3 3385 3056 3373
3 3386 3376 3374
3 3386 3374 3377
3 3389 3388 3387
3 3387 3388 3380
3 3378 3387 3380
3 3390 3387 3378
3 3058 3390 3050
3 3050 3390 3378
3 3392 3391 3061
3 3061 3391 3060
3 3061 3053 3381
3 3061 3381 3392
3 3384 3382 3062
3 3063 3384 3062
3 3393 3384 3063
3 3062 3382 3054
3 3385 3065 3056
3 3394 3065 3385
3 3389 3387 3395
3 3389 3395 3396
3 3397 3387 3390
3 3395 3387 3397
3 3067 3397 3058
3 3058 3397 3390
3 3399 3398 3069
3 3069 3398 3068
3 3069 3060 3391
3 3069 3391 3399
3 3402 3401 3400
3 3401 3393 3400
3 3393 3070 3400
3 3393 3063 3070
3 3394 3072 3065
3 3403 3072 3394
3 3396 3395 3404
3 3396 3404 3405
3 3406 3395 3397
3 3404 3395 3406
3 3073 3407 3067
3 3407 3397 3067
3 3407 3406 3397
3 3408 3407 3073
3 3068 3408 3073
3 3398 3408 3068
3 3402 3400 3074
3 3075 3402 3074
3 3409 3402 3075
3 3074 3400 3070
3 3403 3410 3072
3 3072 3410 3076
3 3078 3076 3410
3 3078 3410 3411
3 3405 3404 3412
3 3405 3412 3413
3 3414 3404 3406
3 3412 3404 3414
3 3407 3416 3415
3 3414 3407 3415
3 3406 3407 3414
3 3416 3407 3408
3 3418 3417 3079
3 3418 3079 3080
3 3075 3079 3409
3 3409 3079 3417
3 3411 3419 3078
3 3078 3419 3081
3 3419 3421 3420
3 3082 3419 3420
3 3081 3419 3082
3 3420 3084 3082
3 3422 3413 3412
3 3422 3412 3414
3 3422 3414 3423
3 3423 3414 3415
3 3426 3425 3424
3 3425 3418 3424
3 3418 3085 3424
3 3418 3080 3085
3 3429 3428 3427
3 3431 3430 3427
3 3427 3430 3429
3 3430 3431 3421
3 3431 3420 3421
3 3431 3432 3420
3 3432 3087 3084
3 3432 3084 3420
3 3426 3424 3088
3 3089 3426 3088
3 3433 3426 3089
3 3088 3424 3085
3 3436 3435 3434
3 3436 3434 3428
3 3434 3427 3428
3 3434 3437 3427
3 3427 3438 3431
3 3427 3437 3438
3 3431 3439 3432
3 3431 3438 3439
3 3439 3091 3087
3 3439 3087 3432
3 3442 3441 3440
3 3441 3433 3440
3 3433 3093 3440
3 3433 3089 3093
3 3434 3435 3443
3 3443 3435 3444
3 3434 3445 3437
3 3434 3443 3445
3 3437 3446 3438
3 3437 3445 3446
3 3438 3447 3439
3 3438 3446 3447
3 3447 3095 3091
3 3447 3091 3439
3 3442 3440 3097
3 3098 3442 3097
3 3448 3442 3098
3 3097 3440 3093
3 3451 3450 3449
3 3451 3449 3444
3 3449 3443 3444
3 3449 3452 3443
3 3443 3453 3445
3 3443 3452 3453
3 3445 3454 3446
3 3445 3453 3454
3 3446 3455 3447
3 3446 3454 3455
3 3455 3100 3095
3 3455 3095 3447
3 3457 3456 3105
3 3457 3105 3104
3 3098 3105 3448
3 3448 3105 3456
3 3450 3458 3449
3 3460 3459 3458
3 3459 3449 3458
3 3459 3452 3449
3 3452 3461 3453
3 3452 3459 3461
3 3453 3462 3454
3 3453 3461 3462
3 3454 3463 3455
3 3454 3462 3463
3 3464 3106 3100
3 3455 3464 3100
3 3463 3464 3455
3 3464 3108 3106
3 3113 3465 3114
3 3465 3466 3114
3 3466 3104 3114
3 3466 3457 3104
3 3460 3467 3459
3 3459 3467 3461
3 3461 3467 3468
3 3470 3469 3468
3 3469 3461 3468
3 3469 3462 3461
3 3462 3471 3463
3 3462 3469 3471
3 3463 3472 3464
3 3463 3471 3472
3 3473 3115 3108
3 3464 3473 3108
3 3472 3473 3464
3 3473 3117 3115
3 3120 3474 3121
3 3474 3475 3121
3 3121 3475 3113
3 3475 3476 3113
3 3476 3465 3113
3 3465 3476 3466
3 3470 3477 3469
3 3479 3478 3477
3 3478 3469 3477
3 3478 3471 3469
3 3471 3480 3472
3 3471 3478 3480
3 3472 3481 3473
3 3472 3480 3481
3 3482 3122 3117
3 3473 3482 3117
3 3481 3482 3473
3 3483 3123 3122
3 3483 3122 3482
3 3484 3124 3123
3 3484 3123 3483
3 3484 3485 3124
3 3124 3485 3120
3 3485 3486 3120
3 3486 3474 3120
3 3474 3486 3475
3 3479 3487 3478
3 3478 3487 3480
3 3480 3487 3488
3 3480 3488 3481
3 3481 3488 3489
3 3481 3489 3482
3 3482 3489 3490
3 3482 3490 3483
3 3483 3490 3491
3 3483 3491 3484
3 3484 3491 3492
3 3484 3492 3485
3 3494 3493 3127
3 3127 3493 3126
3 3496 3494 3495
3 3494 3128 3495
3 3494 3127 3128
3 3130 3495 3128
3 3499 3498 3497
3 3501 3500 3497
3 3497 3500 3499
3 3501 3502 3500
3 3505 3504 3503
3 3493 3505 3503
3 3131 3493 3503
3 3126 3493 3131
3 3506 3496 3495
3 3506 3495 3130
3 3132 3506 3130
3 3507 3506 3132
3 3132 3134 3507
3 3507 3134 3508
3 3510 3509 3137
3 3137 3509 3136
3 3511 3137 3138
3 3511 3510 3137
3 3512 3138 3140
3 3512 3511 3138
3 3514 3513 3142
3 3513 3140 3142
3 3513 3512 3140
3 3144 3145 3514
3 3145 3513 3514
3 3145 3515 3513
3 3146 3497 3498
3 3515 3146 3498
3 3145 3146 3515
3 3497 3146 3148
3 3497 3148 3501
3 3148 3149 3501
3 3149 3502 3501
3 3149 3516 3502
3 3519 3518 3517
3 3519 3517 3504
3 3504 3517 3503
3 3517 3151 3503
3 3151 3152 3503
3 3503 3152 3131
3 3520 3508 3134
3 3520 3134 3153
3 3153 3155 3520
3 3520 3155 3521
3 3523 3522 3157
3 3157 3522 3156
3 3157 3136 3509
3 3157 3509 3523
3 3158 3514 3142
3 3514 3158 3144
3 3159 3516 3149
3 3159 3524 3516
3 3517 3518 3162
3 3518 3161 3162
3 3518 3525 3161
3 3517 3162 3151
3 3163 3521 3155
3 3163 3526 3521
3 3528 3527 3165
3 3165 3527 3164
3 3165 3156 3522
3 3165 3522 3528
3 3531 3530 3529
3 3530 3524 3529
3 3524 3166 3529
3 3524 3159 3166
3 3525 3167 3161
3 3532 3167 3525
3 3534 3533 3169
3 3534 3169 3170
3 3163 3169 3526
3 3526 3169 3533
3 3536 3535 3172
3 3172 3535 3171
3 3172 3164 3527
3 3172 3527 3536
3 3538 3537 3174
3 3538 3174 3175
3 3529 3176 3531
3 3176 3537 3531
3 3176 3174 3537
3 3176 3529 3166
3 3532 3177 3167
3 3539 3177 3532
3 3178 3534 3170
3 3178 3540 3534
3 3535 3179 3171
3 3541 3179 3535
3 3182 3542 3181
3 3542 3183 3181
3 3544 3543 3185
3 3544 3185 3186
3 3175 3185 3538
3 3538 3185 3543
3 3539 3187 3177
3 3545 3187 3539
3 3547 3546 3188
3 3547 3188 3189
3 3178 3188 3540
3 3540 3188 3546
3 3549 3548 3191
3 3191 3548 3190
3 3191 3179 3541
3 3191 3541 3549
3 3193 3550 3192
3 3195 3542 3182
3 3196 3192 3550
3 3542 3195 3183
3 3553 3552 3551
3 3552 3544 3551
3 3544 3197 3551
3 3544 3186 3197
3 3545 3198 3187
3 3554 3198 3545
3 3199 3547 3189
3 3199 3555 3547
3 3548 3200 3190
3 3556 3200 3548
3 3201 3550 3193
3 3550 3201 3196
3 3559 3558 3557
3 3557 3558 3553
3 3557 3553 3551
3 3204 3557 3551
3 3203 3204 3551
3 3203 3551 3197
3 3554 3205 3198
3 3560 3205 3554
3 3206 3555 3199
3 3206 3561 3555
3 3556 3207 3200
3 3562 3207 3556
3 3559 3557 3209
3 3210 3559 3209
3 3563 3559 3210
3 3209 3557 3204
3 3560 3211 3205
3 3564 3211 3560
3 3212 3561 3206
3 3212 3565 3561
3 3562 3213 3207
3 3566 3213 3562
3 3568 3567 3215
3 3568 3215 3216
3 3210 3215 3563
3 3563 3215 3567
3 3564 3218 3211
3 3569 3218 3564
3 3219 3565 3212
3 3219 3570 3565
3 3566 3220 3213
3 3571 3220 3566
3 3574 3573 3572
3 3573 3568 3572
3 3568 3221 3572
3 3568 3216 3221
3 3569 3223 3218
3 3575 3223 3569
3 3224 3570 3219
3 3224 3576 3570
3 3571 3225 3220
3 3577 3225 3571
3 3574 3572 3226
3 3227 3574 3226
3 3578 3574 3227
3 3226 3572 3221
3 3581 3580 3579
3 3228 3230 3579
3 3230 3581 3579
3 3230 3582 3581
3 3230 3223 3575
3 3230 3575 3582
3 3584 3583 3232
3 3584 3232 3233
3 3224 3232 3576
3 3576 3232 3583
3 3577 3234 3225
3 3585 3234 3577
3 3235 3578 3227
3 3235 3586 3578
3 3589 3588 3587
3 3591 3590 3587
3 3587 3590 3589
3 3237 3238 3591
3 3238 3590 3591
3 3238 3592 3590
3 3593 3238 3239
3 3593 3592 3238
3 3241 3579 3580
3 3593 3241 3580
3 3239 3241 3593
3 3579 3241 3228
3 3243 3584 3233
3 3243 3594 3584
3 3585 3244 3234
3 3595 3244 3585
3 3245 3586 3235
3 3245 3596 3586
3 3587 3588 3248
3 3588 3247 3248
3 3588 3597 3247
3 3587 3248 3249
3 3587 3249 3591
3 3591 3249 3237
3 3599 3598 3251
3 3599 3251 3252
3 3243 3251 3594
3 3594 3251 3598
3 3602 3601 3600
3 3595 3602 3600
3 3253 3595 3600
3 3244 3595 3253
3 3605 3604 3603
3 3604 3596 3603
3 3596 3254 3603
3 3596 3245 3254
3 3608 3607 3606
3 3597 3608 3606
3 3255 3597 3606
3 3247 3597 3255
3 3611 3610 3609
3 3610 3599 3609
3 3599 3256 3609
3 3599 3252 3256
3 3614 3613 3612
3 3614 3612 3601
3 3601 3612 3600
3 3612 3257 3600
3 3257 3258 3600
3 3600 3258 3253
3 3605 3603 3259
3 3260 3605 3259
3 3615 3605 3260
3 3259 3603 3254
3 3606 3607 3263
3 3607 3262 3263
3 3607 3616 3262
3 3606 3263 3255
3 3619 3618 3617
3 3621 3620 3617
3 3621 3617 3618
3 3623 3622 3620
3 3623 3620 3621
3 3265 3266 3622
3 3623 3265 3622
3 3624 3265 3623
3 3609 3267 3611
3 3267 3624 3611
3 3267 3265 3624
3 3267 3609 3256
3 3627 3626 3625
3 3269 3270 3625
3 3270 3627 3625
3 3270 3628 3627
3 3271 3612 3613
3 3628 3271 3613
3 3270 3271 3628
3 3612 3271 3257
3 3631 3630 3629
3 3630 3615 3629
3 3615 3272 3629
3 3615 3260 3272
3 3616 3274 3262
3 3632 3274 3616
3 3619 3617 3633
3 3619 3633 3634
3 3277 3633 3276
3 3633 3620 3276
3 3633 3617 3620
3 3276 3620 3279
3 3279 3620 3622
3 3279 3622 3266
3 3637 3636 3635
3 3637 3635 3626
3 3626 3635 3625
3 3635 3281 3625
3 3281 3282 3625
3 3625 3282 3269
3 3631 3629 3283
3 3284 3631 3283
3 3638 3631 3284
3 3283 3629 3272
3 3285 3274 3639
3 3274 3640 3639
3 3274 3632 3640
3 3639 3286 3285
3 3634 3633 3288
3 3289 3634 3288
3 3641 3634 3289
3 3288 3633 3277
3 3644 3643 3642
3 3644 3642 3636
3 3636 3642 3635
3 3642 3291 3635
3 3291 3292 3635
3 3635 3292 3281
3 3646 3645 3293
3 3646 3293 3294
3 3284 3293 3638
3 3638 3293 3645
3 3640 3647 3639
3 3286 3639 3647
3 3648 3286 3647
3 3295 3286 3648
3 3289 3296 3649
3 3650 3289 3649
3 3641 3289 3650
3 3297 3649 3296
3 3642 3643 3299
3 3643 3298 3299
3 3643 3651 3298
3 3642 3299 3291
3 3654 3653 3652
3 3300 3301 3652
3 3653 3300 3652
3 3655 3300 3653
3 3294 3300 3646
3 3646 3300 3655
3 3648 3302 3295
3 3656 3302 3648
3 3303 3304 3657
3 3649 3658 3650
3 3658 3649 3659
3 3649 3297 3659
3 3303 3657 3659
3 3303 3659 3297
3 3661 3660 3307
3 3307 3660 3306
3 3307 3298 3651
3 3307 3651 3661
3 3664 3663 3662
3 3666 3665 3662
3 3666 3662 3663
3 3668 3667 3665
3 3668 3665 3666
3 3667 3668 3654
3 3667 3654 3652
3 3310 3667 3652
3 3309 3310 3652
3 3309 3652 3301
3 3656 3311 3302
3 3669 3311 3656
3 3671 3670 3657
3 3304 3671 3657
3 3312 3671 3304
3 3657 3670 3659
3 3674 3673 3672
3 3660 3674 3672
3 3313 3660 3672
3 3306 3660 3313
3 3677 3676 3675
3 3675 3676 3664
3 3662 3675 3664
3 3678 3675 3662
3 3316 3678 3315
3 3678 3665 3315
3 3678 3662 3665
3 3315 3665 3318
3 3318 3665 3667
3 3318 3667 3310
3 3669 3319 3311
3 3679 3319 3669
3 3320 3671 3312
3 3320 3680 3671
3 3672 3673 3323
3 3673 3322 3323
3 3673 3681 3322
3 3672 3323 3313
3 3677 3675 3682
3 3677 3682 3683
3 3326 3682 3325
3 3682 3678 3325
3 3682 3675 3678
3 3325 3678 3316
3 3679 3328 3319
3 3684 3328 3679
3 3329 3680 3320
3 3329 3685 3680
3 3681 3330 3322
3 3686 3330 3681
3 3687 3683 3682
3 3326 3332 3682
3 3332 3688 3682
3 3688 3687 3682
3 3688 3332 3689
3 3689 3690 3688
3 3684 3334 3328
3 3691 3334 3684
3 3335 3685 3329
3 3335 3692 3685
3 3686 3336 3330
3 3693 3336 3686
3 3337 3689 3332
3 3695 3694 3338
3 3338 3694 3337
3 3694 3690 3337
3 3690 3689 3337
3 3695 3696 3694
3 3699 3698 3697
3 3339 3340 3697
3 3340 3699 3697
3 3340 3700 3699
3 3340 3334 3691
3 3340 3691 3700
3 3701 3692 3335
3 3701 3335 3341
3 3341 3343 3701
3 3701 3343 3702
3 3693 3703 3336
3 3336 3703 3344
3 3345 3344 3703
3 3345 3703 3704
3 3346 3705 3695
3 3346 3695 3338
3 3696 3695 3706
3 3706 3695 3705
3 3709 3708 3707
3 3348 3349 3707
3 3349 3709 3707
3 3349 3710 3709
3 3350 3697 3698
3 3710 3350 3698
3 3349 3350 3710
3 3697 3350 3339
3 3351 3702 3343
3 3351 3711 3702
3 3704 3352 3345
3 3712 3352 3704
3 3353 3713 3705
3 3353 3705 3346
3 3706 3705 3714
3 3714 3705 3713
3 3717 3716 3715
3 3717 3715 3708
3 3708 3715 3707
3 3715 3355 3707
3 3355 3356 3707
3 3707 3356 3348
3 3357 3711 3351
3 3357 3718 3711
3 3358 3352 3719
3 3352 3720 3719
3 3352 3712 3720
3 3719 3359 3358
3 3722 3721 3713
3 3353 3722 3713
3 3360 3722 3353
3 3713 3721 3714
3 3725 3724 3723
3 3725 3723 3716
3 3716 3723 3715
3 3723 3362 3715
3 3362 3363 3715
3 3715 3363 3355
3 3364 3718 3357
3 3364 3726 3718
3 3719 3720 3367
3 3720 3366 3367
3 3720 3727 3366
3 3719 3367 3359
3 3368 3722 3360
3 3368 3728 3722
3 3723 3724 3729
3 3729 3724 3730
3 3729 3369 3362
3 3729 3362 3723
3 3733 3732 3731
3 3732 3726 3731
3 3726 3370 3731
3 3726 3364 3370
3 3727 3371 3366
3 3734 3371 3727
3 3372 3728 3368
3 3372 3735 3728
3 3729 3730 3736
3 3736 3730 3737
3 3736 3373 3369
3 3736 3369 3729
3 3739 3738 3375
3 3739 3375 3376
3 3377 3375 3738
3 3377 3738 3740
3 3743 3742 3741
3 3741 3742 3733
3 3741 3733 3731
3 3380 3741 3731
3 3379 3380 3731
3 3379 3731 3370
3 3746 3745 3744
3 3734 3746 3744
3 3381 3734 3744
3 3371 3734 3381
3 3748 3747 3383
3 3748 3383 3384
3 3372 3383 3735
3 3735 3383 3747
3 3736 3737 3749
3 3749 3737 3750
3 3749 3385 3373
3 3749 3373 3736
3 3751 3739 3376
3 3751 3376 3386
3 3740 3752 3377
3 3752 3753 3377
3 3754 3377 3753
3 3377 3754 3386
3 3755 3386 3754
3 3386 3755 3752
3 3752 3751 3386
3 3740 3751 3752
3 3752 3755 3753
3 3757 3756 3754
3 3757 3754 3753
3 3756 3757 3743
3 3756 3743 3741
3 3389 3756 3741
3 3388 3389 3741
3 3388 3741 3380
3 3760 3759 3758
3 3760 3758 3745
3 3745 3758 3744
3 3758 3391 3744
3 3391 3392 3744
3 3744 3392 3381
3 3763 3762 3761
3 3762 3748 3761
3 3748 3393 3761
3 3748 3384 3393
3 3749 3750 3764
3 3764 3750 3765
3 3764 3394 3385
3 3764 3385 3749
3 3766 3755 3754
3 3768 3767 3766
3 3754 3768 3766
3 3756 3768 3754
3 3396 3768 3389
3 3389 3768 3756
3 3758 3759 3399
3 3759 3398 3399
3 3759 3769 3398
3 3758 3399 3391
3 3763 3761 3401
3 3402 3763 3401
3 3770 3763 3402
3 3401 3761 3393
3 3765 3771 3764
3 3394 3764 3771
3 3772 3394 3771
3 3403 3394 3772
3 3773 3767 3768
3 3768 3396 3773
3 3396 3774 3773
3 3396 3405 3774
3 3769 3408 3398
3 3775 3408 3769
3 3778 3777 3776
3 3777 3770 3776
3 3770 3409 3776
3 3770 3402 3409
3 3772 3779 3403
3 3403 3779 3410
3 3411 3410 3779
3 3411 3779 3780
3 3413 3774 3405
3 3413 3781 3774
3 3783 3782 3416
3 3416 3782 3415
3 3416 3408 3775
3 3416 3775 3783
3 3786 3785 3784
3 3784 3785 3778
3 3784 3778 3776
3 3418 3784 3776
3 3417 3418 3776
3 3417 3776 3409
3 3780 3787 3411
3 3411 3787 3419
3 3421 3419 3787
3 3421 3787 3788
3 3413 3422 3789
3 3790 3413 3789
3 3781 3413 3790
3 3423 3791 3422
3 3422 3791 3789
3 3792 3791 3423
3 3415 3792 3423
3 3782 3792 3415
3 3786 3784 3425
3 3426 3786 3425
3 3793 3786 3426
3 3425 3784 3418
3 3796 3795 3794
3 3798 3797 3794
3 3794 3797 3796
3 3428 3429 3798
3 3429 3797 3798
3 3429 3799 3797
3 3800 3429 3430
3 3800 3799 3429
3 3430 3421 3788
3 3430 3788 3800
3 3803 3802 3801
3 3801 3802 3790
3 3789 3801 3790
3 3804 3801 3789
3 3791 3806 3805
3 3804 3791 3805
3 3789 3791 3804
3 3806 3791 3792
3 3433 3793 3426
3 3433 3807 3793
3 3794 3795 3808
3 3808 3795 3809
3 3808 3435 3436
3 3798 3808 3436
3 3794 3808 3798
3 3798 3436 3428
3 3810 3803 3801
3 3810 3801 3804
3 3810 3804 3811
3 3811 3804 3805
3 3813 3812 3441
3 3813 3441 3442
3 3433 3441 3807
3 3807 3441 3812
3 3816 3815 3814
3 3816 3814 3809
3 3814 3808 3809
3 3814 3817 3808
3 3817 3444 3435
3 3817 3435 3808
3 3448 3813 3442
3 3448 3818 3813
3 3814 3815 3819
3 3819 3815 3820
3 3819 3450 3451
3 3817 3819 3451
3 3814 3819 3817
3 3817 3451 3444
3 3822 3821 3456
3 3822 3456 3457
3 3448 3456 3818
3 3818 3456 3821
3 3819 3820 3823
3 3823 3820 3824
3 3825 3458 3450
3 3819 3825 3450
3 3823 3825 3819
3 3825 3460 3458
3 3466 3822 3457
3 3466 3826 3822
3 3824 3827 3823
3 3829 3828 3827
3 3828 3823 3827
3 3828 3825 3823
3 3830 3467 3460
3 3825 3830 3460
3 3828 3830 3825
3 3831 3468 3467
3 3831 3467 3830
3 3831 3470 3468
3 3833 3832 3476
3 3833 3476 3475
3 3466 3476 3826
3 3826 3476 3832
3 3829 3834 3828
3 3836 3835 3834
3 3835 3828 3834
3 3835 3830 3828
3 3830 3837 3831
3 3830 3835 3837
3 3838 3477 3470
3 3831 3838 3470
3 3837 3838 3831
3 3838 3479 3477
3 3840 3839 3486
3 3840 3486 3485
3 3475 3486 3833
3 3833 3486 3839
3 3836 3841 3835
3 3843 3842 3841
3 3842 3835 3841
3 3842 3837 3835
3 3837 3844 3838
3 3837 3842 3844
3 3845 3487 3479
3 3838 3845 3479
3 3844 3845 3838
3 3846 3488 3487
3 3846 3487 3845
3 3847 3489 3488
3 3847 3488 3846
3 3848 3490 3489
3 3848 3489 3847
3 3849 3491 3490
3 3849 3490 3848
3 3491 3849 3850
3 3851 3491 3850
3 3492 3491 3851
3 3485 3492 3840
3 3840 3492 3851
3 3843 3852 3842
3 3842 3852 3844
3 3844 3852 3853
3 3855 3854 3853
3 3854 3844 3853
3 3854 3845 3844
3 3845 3856 3846
3 3845 3854 3856
3 3846 3857 3847
3 3846 3856 3857
3 3859 3848 3858
3 3848 3857 3858
3 3848 3847 3857
3 3848 3859 3849
3 3849 3859 3860
3 3849 3860 3850
3 3855 3861 3854
3 3854 3861 3856
3 3856 3861 3862
3 3856 3862 3857
3 3857 3862 3863
3 3857 3863 3858
3 3866 3865 3864
3 3493 3494 3864
3 3494 3866 3864
3 3494 3867 3866
3 3494 3496 3867
3 3867 3496 3868
3 3871 3870 3869
3 3498 3499 3869
3 3499 3871 3869
3 3499 3872 3871
3 3873 3499 3500
3 3873 3872 3499
3 3500 3502 3873
3 3873 3502 3874
3 3877 3876 3875
3 3877 3875 3865
3 3865 3875 3864
3 3875 3504 3864
3 3504 3505 3864
3 3864 3505 3493
3 3878 3868 3496
3 3878 3496 3506
3 3880 3878 3879
3 3878 3507 3879
3 3878 3506 3507
3 3508 3879 3507
3 3882 3881 3510
3 3510 3881 3509
3 3883 3510 3511
3 3883 3882 3510
3 3884 3511 3512
3 3884 3883 3511
3 3885 3512 3513
3 3885 3884 3512
3 3515 3869 3870
3 3885 3515 3870
3 3513 3515 3885
3 3869 3515 3498
3 3516 3874 3502
3 3516 3886 3874
3 3875 3876 3519
3 3876 3518 3519
3 3876 3887 3518
3 3875 3519 3504
3 3888 3880 3879
3 3888 3879 3508
3 3520 3888 3508
3 3889 3888 3520
3 3520 3521 3889
3 3889 3521 3890
3 3892 3891 3523
3 3523 3891 3522
3 3523 3509 3881
3 3523 3881 3892
3 3524 3886 3516
3 3524 3893 3886
3 3896 3895 3894
3 3887 3896 3894
3 3525 3887 3894
3 3518 3887 3525
3 3526 3890 3521
3 3526 3897 3890
3 3899 3898 3528
3 3528 3898 3527
3 3528 3522 3891
3 3528 3891 3899
3 3902 3901 3900
3 3530 3531 3900
3 3901 3530 3900
3 3903 3530 3901
3 3524 3530 3893
3 3893 3530 3903
3 3894 3895 3904
3 3904 3895 3905
3 3904 3532 3525
3 3904 3525 3894
3 3907 3906 3533
3 3907 3533 3534
3 3526 3533 3897
3 3897 3533 3906
3 3909 3908 3536
3 3536 3908 3535
3 3536 3527 3898
3 3536 3898 3909
3 3912 3911 3910
3 3910 3911 3902
3 3910 3902 3900
3 3538 3910 3900
3 3537 3538 3900
3 3537 3900 3531
3 3904 3905 3913
3 3913 3905 3914
3 3913 3539 3532
3 3913 3532 3904
3 3540 3907 3534
3 3540 3915 3907
3 3908 3541 3535
3 3916 3541 3908
3 3919 3918 3917
3 3917 3918 3912
3 3917 3912 3910
3 3544 3917 3910
3 3543 3544 3910
3 3543 3910 3538
3 3914 3920 3913
3 3539 3913 3920
3 3921 3539 3920
3 3545 3539 3921
3 3923 3922 3546
3 3923 3546 3547
3 3540 3546 3915
3 3915 3546 3922
3 3925 3924 3549
3 3549 3924 3548
3 3549 3541 3916
3 3549 3916 3925
3 3919 3917 3552
3 3553 3919 3552
3 3926 3919 3553
3 3552 3917 3544
3 3921 3554 3545
3 3927 3554 3921
3 3555 3923 3547
3 3555 3928 3923
3 3924 3556 3548
3 3929 3556 3924
3 3931 3930 3558
3 3931 3558 3559
3 3553 3558 3926
3 3926 3558 3930
3 3927 3560 3554
3 3932 3560 3927
3 3561 3928 3555
3 3561 3933 3928
3 3929 3562 3556
3 3934 3562 3929
3 3937 3936 3935
3 3936 3931 3935
3 3931 3563 3935
3 3931 3559 3563
3 3932 3564 3560
3 3938 3564 3932
3 3565 3933 3561
3 3565 3939 3933
3 3934 3566 3562
3 3940 3566 3934
3 3937 3935 3567
3 3568 3937 3567
3 3941 3937 3568
3 3567 3935 3563
3 3938 3569 3564
3 3942 3569 3938
3 3570 3939 3565
3 3570 3943 3939
3 3940 3571 3566
3 3944 3571 3940
3 3946 3945 3573
3 3946 3573 3574
3 3568 3573 3941
3 3941 3573 3945
3 3949 3948 3947
3 3942 3949 3947
3 3575 3942 3947
3 3569 3942 3575
3 3952 3951 3950
3 3951 3943 3950
3 3943 3576 3950
3 3943 3570 3576
3 3944 3577 3571
3 3953 3577 3944
3 3578 3946 3574
3 3578 3954 3946
3 3957 3956 3955
3 3959 3958 3955
3 3955 3958 3957
3 3961 3960 3959
3 3959 3960 3958
3 3580 3581 3961
3 3581 3960 3961
3 3581 3962 3960
3 3582 3947 3948
3 3962 3582 3948
3 3581 3582 3962
3 3947 3582 3575
3 3952 3950 3583
3 3584 3952 3583
3 3963 3952 3584
3 3583 3950 3576
3 3953 3585 3577
3 3964 3585 3953
3 3586 3954 3578
3 3586 3965 3954
3 3967 3966 3589
3 3589 3966 3588
3 3590 3955 3956
3 3967 3590 3956
3 3589 3590 3967
3 3955 3590 3592
3 3955 3592 3959
3 3959 3592 3593
3 3959 3593 3961
3 3961 3593 3580
3 3970 3969 3968
3 3969 3963 3968
3 3963 3594 3968
3 3963 3584 3594
3 3964 3595 3585
3 3971 3595 3964
3 3596 3965 3586
3 3596 3972 3965
3 3975 3974 3973
3 3966 3975 3973
3 3597 3966 3973
3 3588 3966 3597
3 3978 3977 3976
3 3976 3977 3970
3 3976 3970 3968
3 3599 3976 3968
3 3598 3599 3968
3 3598 3968 3594
3 3981 3980 3979
3 3601 3602 3979
3 3602 3981 3979
3 3602 3982 3981
3 3602 3595 3971
3 3602 3971 3982
3 3984 3983 3604
3 3984 3604 3605
3 3596 3604 3972
3 3972 3604 3983
3 3973 3974 3608
3 3974 3607 3608
3 3974 3985 3607
3 3973 3608 3597
3 3988 3987 3986
3 3986 3987 3978
3 3986 3978 3976
3 3611 3986 3976
3 3610 3611 3976
3 3610 3976 3599
3 3991 3990 3989
3 3991 3989 3980
3 3980 3989 3979
3 3989 3613 3979
3 3613 3614 3979
3 3979 3614 3601
3 3615 3984 3605
3 3615 3992 3984
3 3985 3616 3607
3 3993 3616 3985
3 3996 3995 3994
3 3618 3619 3994
3 3995 3618 3994
3 3997 3618 3995
3 3618 3998 3621
3 3997 3998 3618
3 3621 3999 3623
3 3998 3999 3621
3 3986 3624 3988
3 3624 3999 3988
3 3624 3623 3999
3 3624 3986 3611
3 4001 4000 3627
3 3627 4000 3626
3 3628 3989 3990
3 4001 3628 3990
3 3627 3628 4001
3 3989 3628 3613
3 4003 4002 3630
3 4003 3630 3631
3 3615 3630 3992
3 3992 3630 4002
3 3993 3632 3616
3 4004 3632 3993
3 3996 3994 4005
3 3996 4005 4006
3 3634 4005 3619
3 3619 4005 3994
3 4008 4007 3637
3 3637 4007 3636
3 3637 3626 4000
3 3637 4000 4008
3 4011 4010 4009
3 4010 4003 4009
3 4003 3638 4009
3 4003 3631 3638
3 4004 3640 3632
3 4012 3640 4004
3 4013 4006 4005
3 4005 3634 4013
3 3634 4014 4013
3 3634 3641 4014
3 4016 4015 3644
3 3644 4015 3643
3 3644 3636 4007
3 3644 4007 4016
3 4019 4018 4017
3 4017 4018 4011
3 4017 4011 4009
3 3646 4017 4009
3 3645 3646 4009
3 3645 4009 3638
3 4012 4020 3640
3 3640 4020 3647
3 3648 3647 4020
3 3648 4020 4021
3 3650 4023 4022
3 4014 3650 4022
3 3641 3650 4014
3 4023 4024 4022
3 4027 4026 4025
3 4015 4027 4025
3 3651 4015 4025
3 3643 4015 3651
3 4030 4029 4028
3 4032 4031 4028
3 4032 4028 4029
3 4034 4033 4031
3 4034 4031 4032
3 3653 3654 4033
3 4034 3653 4033
3 4035 3653 4034
3 4017 3655 4019
3 3655 4035 4019
3 3655 3653 4035
3 3655 4017 3646
3 4021 3656 3648
3 4036 3656 4021
3 3658 4023 3650
3 3658 3659 4023
3 3659 4024 4023
3 3659 4037 4024
3 4025 4026 3661
3 4026 3660 3661
3 4026 4038 3660
3 4025 3661 3651
3 4041 4040 4039
3 4039 4040 4030
3 4039 4030 4028
3 3664 4039 4028
3 3663 3664 4028
3 3663 4028 3666
3 3666 4028 4031
3 3666 4031 3668
3 3668 4031 4033
3 3668 4033 3654
3 4036 3669 3656
3 4042 3669 4036
3 4044 4043 3670
3 4044 3670 3671
3 3659 3670 4037
3 4037 3670 4043
3 4046 4045 3674
3 3674 4045 3673
3 3674 3660 4038
3 3674 4038 4046
3 4041 4039 3676
3 3677 4041 3676
3 4047 4041 3677
3 3676 4039 3664
3 4042 3679 3669
3 4048 3679 4042
3 3680 4044 3671
3 3680 4049 4044
3 4045 3681 3673
3 4050 3681 4045
3 3683 4052 4051
3 4047 3683 4051
3 3677 3683 4047
3 4054 4053 4052
3 4052 4053 4051
3 4056 4055 4054
3 4054 4055 4053
3 4056 4057 4055
3 4048 3684 3679
3 4058 3684 4048
3 3685 4049 3680
3 3685 4059 4049
3 4050 3686 3681
3 4060 3686 4050
3 3687 4052 3683
3 4052 3687 3688
3 4052 3688 4054
3 4054 3688 3690
3 4061 4054 3690
3 4056 4054 4061
3 4057 4056 4062
3 4062 4056 4061
3 4065 4064 4063
3 4067 4066 4063
3 4063 4066 4065
3 4058 4066 4067
3 3691 4058 4067
3 3684 4058 3691
3 3692 4059 3685
3 3692 4068 4059
3 4060 3693 3686
3 4069 3693 4060
3 3694 4061 3690
3 3694 3696 4061
3 3696 4062 4061
3 3696 4070 4062
3 4073 4072 4071
3 4075 4074 4071
3 4071 4074 4073
3 4074 4075 4064
3 4064 4075 4063
3 4075 3698 4063
3 3698 3699 4063
3 4063 3699 3700
3 4063 3700 4067
3 4067 3700 3691
3 3692 3701 4076
3 4077 3692 4076
3 4068 3692 4077
3 3702 4076 3701
3 4069 4078 3693
3 3693 4078 3703
3 3704 3703 4078
3 3704 4078 4079
3 3706 4070 3696
3 3706 4080 4070
3 4083 4082 4081
3 4083 4081 4072
3 4072 4081 4071
3 4081 3708 4071
3 3708 3709 4071
3 4071 3709 3710
3 4071 3710 4075
3 4075 3710 3698
3 4084 4077 4076
3 4076 3702 4084
3 3702 4085 4084
3 3702 3711 4085
3 4087 3712 4086
3 3712 4079 4086
3 3712 3704 4079
3 4088 4087 4086
3 3714 4080 3706
3 3714 4089 4080
3 4092 4091 4090
3 4092 4090 4082
3 4082 4090 4081
3 4090 3716 4081
3 3716 3717 4081
3 4081 3717 3708
3 3718 4085 3711
3 3718 4093 4085
3 4095 4094 4087
3 4094 3712 4087
3 4094 3720 3712
3 4095 4087 4088
3 4097 4096 3721
3 4097 3721 3722
3 3714 3721 4089
3 4089 3721 4096
3 4100 4099 4098
3 4100 4098 4091
3 4091 4098 4090
3 4098 3724 4090
3 3724 3725 4090
3 4090 3725 3716
3 4103 4102 4101
3 4102 4093 4101
3 4093 3726 4101
3 4093 3718 3726
3 4094 3727 3720
3 4104 3727 4094
3 3728 4097 3722
3 3728 4105 4097
3 4098 4099 4106
3 4106 4099 4107
3 4106 3730 3724
3 4106 3724 4098
3 4103 4101 3732
3 3733 4103 3732
3 4108 4103 3733
3 3732 4101 3726
3 4111 4110 4109
3 4104 4111 4109
3 3734 4104 4109
3 3727 4104 3734
3 4114 4113 4112
3 4113 4105 4112
3 4105 3735 4112
3 4105 3728 3735
3 4107 4115 4106
3 3730 4106 4115
3 4116 3730 4115
3 3737 3730 4116
3 4118 4117 3738
3 4118 3738 3739
3 3740 3738 4117
3 3740 4117 4119
3 4121 4120 3742
3 4121 3742 3743
3 3733 3742 4108
3 4108 3742 4120
3 4124 4123 4122
3 4124 4122 4110
3 4110 4122 4109
3 4122 3745 4109
3 3745 3746 4109
3 4109 3746 3734
3 4114 4112 3747
3 3748 4114 3747
3 4125 4114 3748
3 3747 4112 3735
3 4116 3750 3737
3 4126 3750 4116
3 4127 4118 3739
3 4127 3739 3751
3 3753 3755 4128
3 4129 4128 3755
3 4119 3751 3740
3 3751 4119 4127
3 3753 4130 3757
3 4128 4130 3753
3 3743 3757 4121
3 4121 3757 4130
3 4122 4123 3760
3 4123 3759 3760
3 4123 4131 3759
3 4122 3760 3745
3 4133 4132 3762
3 4133 3762 3763
3 3748 3762 4125
3 4125 3762 4132
3 4126 3765 3750
3 4134 3765 4126
3 4135 4129 3755
3 4135 3755 3766
3 3766 3767 4135
3 4135 3767 4136
3 4139 4138 4137
3 4131 4139 4137
3 3769 4131 4137
3 3759 4131 3769
3 4142 4141 4140
3 4141 4133 4140
3 4133 3770 4140
3 4133 3763 3770
3 4134 4143 3765
3 3765 4143 3771
3 3772 3771 4143
3 3772 4143 4144
3 3767 3773 4145
3 4146 3767 4145
3 4136 3767 4146
3 3774 4145 3773
3 4137 4138 4147
3 4147 4138 4148
3 4147 3775 3769
3 4147 3769 4137
3 4151 4150 4149
3 4149 4150 4142
3 4149 4142 4140
3 3778 4149 4140
3 3777 3778 4140
3 3777 4140 3770
3 4144 4152 3772
3 3772 4152 3779
3 3780 3779 4152
3 3780 4152 4153
3 4146 4145 4154
3 4146 4154 4155
3 3781 4154 3774
3 3774 4154 4145
3 4147 4148 3783
3 4148 3782 3783
3 4148 4156 3782
3 4147 3783 3775
3 4151 4149 3785
3 3786 4151 3785
3 4157 4151 3786
3 3785 4149 3778
3 4160 4159 4158
3 4162 4161 4158
3 4158 4161 4160
3 4164 4163 4162
3 4162 4163 4161
3 3787 4166 4165
3 4166 3787 4164
3 3780 4164 3787
3 4164 3780 4163
3 4153 4163 3780
3 3788 3787 4165
3 3788 4165 4167
3 4155 4154 4168
3 4155 4168 4169
3 3790 4168 3781
3 3781 4168 4154
3 4172 4171 4170
3 4156 4172 4170
3 3792 4156 4170
3 3782 4156 3792
3 4175 4174 4173
3 4174 4157 4173
3 4157 3793 4173
3 4157 3786 3793
3 4178 4177 4176
3 4178 4176 4159
3 4159 4176 4158
3 4176 3795 4158
3 3795 3796 4158
3 4158 3796 3797
3 4158 3797 4162
3 4162 3797 3799
3 4162 3799 4164
3 4179 4166 4164
3 3799 4179 4164
3 3800 4179 3799
3 3800 3788 4167
3 3800 4167 4179
3 4169 4168 3802
3 3803 4169 3802
3 4180 4169 3803
3 3802 4168 3790
3 4170 4171 3806
3 4171 3805 3806
3 4171 4181 3805
3 4170 3806 3792
3 4175 4173 4182
3 4175 4182 4183
3 3807 4182 3793
3 3793 4182 4173
3 4176 4177 4184
3 4184 4177 4185
3 4184 3809 3795
3 4184 3795 4176
3 4188 4187 4186
3 4189 4186 3810
3 4186 4180 3810
3 4180 3803 3810
3 4180 4186 4187
3 4189 3810 4190
3 3810 4191 4190
3 3810 3811 4191
3 3811 3805 4181
3 3811 4181 4191
3 4183 4182 3812
3 3813 4183 3812
3 4192 4183 3813
3 3812 4182 3807
3 4195 4194 4193
3 4195 4193 4185
3 4185 4193 4184
3 4193 3815 4184
3 3815 3816 4184
3 4184 3816 3809
3 4188 4186 4196
3 4188 4196 4197
3 4198 4186 4189
3 4196 4186 4198
3 4189 4190 4199
3 4189 4199 4198
3 4202 4201 4200
3 4201 4192 4200
3 4192 3818 4200
3 4192 3813 3818
3 4193 4194 4203
3 4203 4194 4204
3 4203 3820 3815
3 4203 3815 4193
3 4197 4196 4205
3 4197 4205 4206
3 4198 4208 4207
3 4205 4198 4207
3 4196 4198 4205
3 4208 4198 4199
3 4202 4200 3821
3 3822 4202 3821
3 4209 4202 3822
3 3821 4200 3818
3 4203 4204 4210
3 4210 4204 4211
3 4210 3824 3820
3 4210 3820 4203
3 4212 4206 4205
3 4212 4205 4207
3 4215 4214 4213
3 4214 4209 4213
3 4209 3826 4213
3 4209 3822 3826
3 4210 4211 4216
3 4216 4211 4217
3 4218 3827 3824
3 4210 4218 3824
3 4216 4218 4210
3 4218 3829 3827
3 4215 4213 3832
3 3833 4215 3832
3 4219 4215 3833
3 3832 4213 3826
3 4216 4217 4220
3 4220 4217 4221
3 4216 4222 4218
3 4216 4220 4222
3 4223 3834 3829
3 4218 4223 3829
3 4222 4223 4218
3 4223 3836 3834
3 3840 4224 3839
3 4224 4225 3839
3 4225 3833 3839
3 4225 4219 3833
3 4221 4226 4220
3 4228 4227 4226
3 4227 4220 4226
3 4227 4222 4220
3 4222 4229 4223
3 4222 4227 4229
3 4230 3841 3836
3 4223 4230 3836
3 4229 4230 4223
3 4230 3843 3841
3 3850 4231 3851
3 4231 4232 3851
3 3851 4232 3840
3 4232 4233 3840
3 4233 4224 3840
3 4224 4233 4225
3 4228 4234 4227
3 4227 4234 4229
3 4229 4234 4235
3 4237 4236 4235
3 4236 4229 4235
3 4236 4230 4229
3 4238 3852 3843
3 4230 4238 3843
3 4236 4238 4230
3 4239 3853 3852
3 4239 3852 4238
3 4239 3855 3853
3 3858 4240 3859
3 4241 3860 3859
3 4241 3859 4240
3 4241 4242 3860
3 3860 4242 3850
3 4242 4243 3850
3 4243 4231 3850
3 4231 4243 4232
3 4237 4244 4236
3 4236 4244 4238
3 4238 4244 4245
3 4238 4245 4239
3 4239 4245 4246
3 4246 4248 4247
3 4246 4247 3861
3 4239 4246 3861
3 3855 4239 3861
3 4249 3862 3861
3 4249 3861 4247
3 3862 4249 4250
3 4251 3862 4250
3 3863 3862 4251
3 3858 3863 4240
3 3863 4252 4240
3 3863 4251 4252
3 4240 4252 4241
3 4241 4252 4253
3 4241 4253 4242
3 4248 4254 4247
3 4247 4254 4249
3 4249 4254 4255
3 4249 4255 4250
3 4258 4257 4256
3 4256 4259 4258
3 4261 4260 3866
3 3866 4260 3865
3 4262 3866 3867
3 4262 4261 3866
3 3867 3868 4262
3 4262 3868 4263
3 4266 4265 4264
3 4264 4267 4266
3 4269 4268 3871
3 3871 4268 3870
3 3872 4256 4257
3 4269 3872 4257
3 3871 3872 4269
3 3872 3873 4256
3 3873 4270 4256
3 4270 4259 4256
3 3873 4271 4270
3 3874 4271 3873
3 4273 4272 3877
3 3877 4272 3876
3 3877 3865 4260
3 3877 4260 4273
3 4274 4263 3868
3 4274 3868 3878
3 3878 3880 4274
3 4274 3880 4275
3 4277 4276 3882
3 3882 4276 3881
3 4278 3882 3883
3 4278 4277 3882
3 3884 4264 4265
3 4278 3884 4265
3 3883 3884 4278
3 4279 4267 4264
3 3884 4279 4264
3 3885 4279 3884
3 3885 3870 4268
3 3885 4268 4279
3 4280 4270 4271
3 4271 3874 4280
3 3874 4281 4280
3 3874 3886 4281
3 4284 4283 4282
3 4272 4284 4282
3 3887 4272 4282
3 3876 4272 3887
3 4285 4275 3880
3 4285 3880 3888
3 4287 4285 4286
3 4285 3889 4286
3 4285 3888 3889
3 3890 4286 3889
3 4289 4288 3892
3 3892 4288 3891
3 3892 3881 4276
3 3892 4276 4289
3 3893 4281 3886
3 3893 4290 4281
3 4282 4283 3896
3 4283 3895 3896
3 4283 4291 3895
3 4282 3896 3887
3 4287 4286 4292
3 4287 4292 4293
3 3897 4292 3890
3 3890 4292 4286
3 4295 4294 3899
3 3899 4294 3898
3 3899 3891 4288
3 3899 4288 4295
3 4297 4296 3901
3 4297 3901 3902
3 3901 4298 3903
3 4296 4298 3901
3 3893 3903 4290
3 4290 3903 4298
3 4291 3905 3895
3 4299 3905 4291
3 4302 4301 4300
3 4300 4301 4293
3 4300 4293 4292
3 3907 4300 4292
3 3906 3907 4292
3 3906 4292 3897
3 4304 4303 3909
3 3909 4303 3908
3 3909 3898 4294
3 3909 4294 4304
3 4306 4305 3911
3 4306 3911 3912
3 3902 3911 4297
3 4297 3911 4305
3 4308 3914 4307
3 3914 4299 4307
3 3914 3905 4299
3 4309 4308 4307
3 4302 4300 4310
3 4302 4310 4311
3 3915 4310 3907
3 3907 4310 4300
3 4303 3916 3908
3 4312 3916 4303
3 4314 4313 3918
3 4314 3918 3919
3 3912 3918 4306
3 4306 3918 4313
3 4308 3920 3914
3 3921 3920 4308
3 4309 3921 4308
3 4315 3921 4309
3 4311 4310 3922
3 3923 4311 3922
3 4316 4311 3923
3 3922 4310 3915
3 4318 4317 3925
3 3925 4317 3924
3 3925 3916 4312
3 3925 4312 4318
3 4321 4320 4319
3 4320 4314 4319
3 4314 3926 4319
3 4314 3919 3926
3 4315 3927 3921
3 4322 3927 4315
3 3928 4316 3923
3 3928 4323 4316
3 4317 3929 3924
3 4324 3929 4317
3 4321 4319 3930
3 3931 4321 3930
3 4325 4321 3931
3 3930 4319 3926
3 4322 3932 3927
3 4326 3932 4322
3 3933 4323 3928
3 3933 4327 4323
3 4324 3934 3929
3 4328 3934 4324
3 4330 4329 3936
3 4330 3936 3937
3 3931 3936 4325
3 4325 3936 4329
3 4326 3938 3932
3 4331 3938 4326
3 3939 4327 3933
3 3939 4332 4327
3 4328 3940 3934
3 4333 3940 4328
3 3941 4330 3937
3 3941 4334 4330
3 4331 3942 3938
3 4335 3942 4331
3 4338 4337 4336
3 4337 4332 4336
3 4332 3943 4336
3 4332 3939 3943
3 4333 3944 3940
3 4339 3944 4333
3 4341 4340 3945
3 4341 3945 3946
3 3941 3945 4334
3 4334 3945 4340
3 4344 4343 4342
3 4346 4345 4342
3 4342 4345 4344
3 3948 3949 4346
3 3949 4345 4346
3 3949 4347 4345
3 3949 3942 4335
3 3949 4335 4347
3 4338 4336 3951
3 3952 4338 3951
3 4348 4338 3952
3 3951 4336 3943
3 4339 3953 3944
3 4349 3953 4339
3 3954 4341 3946
3 3954 4350 4341
3 4353 4352 4351
3 3956 3957 4351
3 3957 4353 4351
3 3957 4354 4353
3 4355 3957 3958
3 4355 4354 3957
3 3960 4342 4343
3 4355 3960 4343
3 3958 3960 4355
3 4342 3960 3962
3 4342 3962 4346
3 4346 3962 3948
3 4358 4357 4356
3 4357 4348 4356
3 4348 3963 4356
3 4348 3952 3963
3 4349 3964 3953
3 4359 3964 4349
3 3965 4350 3954
3 3965 4360 4350
3 4363 4362 4361
3 4363 4361 4352
3 4352 4361 4351
3 4361 3966 4351
3 3966 3967 4351
3 4351 3967 3956
3 4358 4356 3969
3 3970 4358 3969
3 4364 4358 3970
3 3969 4356 3963
3 4367 4366 4365
3 4359 4367 4365
3 3971 4359 4365
3 3964 4359 3971
3 4370 4369 4368
3 4369 4360 4368
3 4360 3972 4368
3 4360 3965 3972
3 4361 4362 3975
3 4362 3974 3975
3 4362 4371 3974
3 4361 3975 3966
3 4373 4372 3977
3 4373 3977 3978
3 3970 3977 4364
3 4364 3977 4372
3 4376 4375 4374
3 3980 3981 4374
3 3981 4376 4374
3 3981 4377 4376
3 3982 4365 4366
3 4377 3982 4366
3 3981 3982 4377
3 4365 3982 3971
3 4370 4368 3983
3 3984 4370 3983
3 4378 4370 3984
3 3983 4368 3972
3 4381 4380 4379
3 4371 4381 4379
3 3985 4371 4379
3 3974 4371 3985
3 4384 4383 4382
3 4386 4385 4382
3 4386 4382 4383
3 4388 4387 4385
3 4388 4385 4386
3 4390 4389 4387
3 4390 4387 4388
3 4392 4391 4389
3 4392 4389 4390
3 3987 3988 4391
3 4392 3987 4391
3 4393 3987 4392
3 3978 3987 4373
3 4373 3987 4393
3 4396 4395 4394
3 4396 4394 4375
3 4375 4394 4374
3 4394 3990 4374
3 3990 3991 4374
3 4374 3991 3980
3 4399 4398 4397
3 4398 4378 4397
3 4378 3992 4397
3 4378 3984 3992
3 4380 4400 4379
3 3985 4379 4400
3 4401 3985 4400
3 3993 3985 4401
3 4402 4384 4382
3 3996 4403 3995
3 4403 4382 3995
3 4382 4385 3995
3 4403 4402 4382
3 3995 4385 3997
3 3997 4385 4387
3 3997 4387 3998
3 3998 4387 4389
3 3998 4389 3999
3 3999 4389 4391
3 3999 4391 3988
3 4406 4405 4404
3 4406 4404 4395
3 4395 4404 4394
3 4404 4000 4394
3 4000 4001 4394
3 4394 4001 3990
3 4399 4397 4002
3 4003 4399 4002
3 4407 4399 4003
3 4002 4397 3992
3 4401 4004 3993
3 4408 4004 4401
3 4006 4410 4409
3 4403 4006 4409
3 3996 4006 4403
3 4410 4411 4409
3 4414 4413 4412
3 4414 4412 4405
3 4405 4412 4404
3 4412 4007 4404
3 4007 4008 4404
3 4404 4008 4000
3 4417 4416 4415
3 4010 4011 4415
3 4416 4010 4415
3 4418 4010 4416
3 4003 4010 4407
3 4407 4010 4418
3 4408 4012 4004
3 4419 4012 4408
3 4013 4410 4006
3 4421 4420 4014
3 4014 4420 4013
3 4420 4411 4013
3 4411 4410 4013
3 4421 4422 4420
3 4412 4413 4016
3 4413 4015 4016
3 4413 4423 4015
3 4412 4016 4007
3 4426 4425 4424
3 4428 4427 4424
3 4428 4424 4425
3 4430 4429 4427
3 4430 4427 4428
3 4432 4431 4429
3 4432 4429 4430
3 4431 4432 4417
3 4431 4417 4415
3 4019 4431 4415
3 4018 4019 4415
3 4018 4415 4011
3 4419 4433 4012
3 4012 4433 4020
3 4021 4020 4433
3 4021 4433 4434
3 4022 4421 4014
3 4022 4024 4421
3 4024 4422 4421
3 4024 4435 4422
3 4437 4436 4027
3 4027 4436 4026
3 4027 4015 4423
3 4027 4423 4437
3 4440 4439 4438
3 4438 4439 4426
3 4438 4426 4424
3 4030 4438 4424
3 4029 4030 4424
3 4029 4424 4032
3 4032 4424 4427
3 4032 4427 4034
3 4034 4427 4429
3 4034 4429 4035
3 4035 4429 4431
3 4035 4431 4019
3 4434 4036 4021
3 4441 4036 4434
3 4037 4435 4024
3 4037 4442 4435
3 4436 4038 4026
3 4443 4038 4436
3 4440 4438 4040
3 4041 4440 4040
3 4444 4440 4041
3 4040 4438 4030
3 4441 4042 4036
3 4445 4042 4441
3 4447 4446 4043
3 4447 4043 4044
3 4037 4043 4442
3 4442 4043 4446
3 4449 4448 4046
3 4046 4448 4045
3 4046 4038 4443
3 4046 4443 4449
3 4047 4451 4450
3 4444 4047 4450
3 4041 4047 4444
3 4451 4452 4450
3 4445 4048 4042
3 4453 4048 4445
3 4049 4447 4044
3 4049 4454 4447
3 4448 4050 4045
3 4455 4050 4448
3 4051 4451 4047
3 4051 4053 4451
3 4053 4456 4451
3 4456 4452 4451
3 4053 4457 4456
3 4055 4458 4053
3 4053 4458 4457
3 4057 4458 4055
3 4461 4460 4459
3 4453 4461 4459
3 4058 4453 4459
3 4048 4453 4058
3 4059 4454 4049
3 4059 4462 4454
3 4455 4060 4050
3 4463 4060 4455
3 4456 4457 4464
3 4456 4464 4465
3 4466 4457 4458
3 4464 4457 4466
3 4062 4466 4057
3 4057 4466 4458
3 4469 4468 4467
3 4471 4470 4467
3 4467 4470 4469
3 4064 4065 4471
3 4065 4470 4471
3 4065 4472 4470
3 4066 4459 4460
3 4472 4066 4460
3 4065 4066 4472
3 4459 4066 4058
3 4068 4462 4059
3 4068 4473 4462
3 4475 4069 4474
3 4069 4463 4474
3 4069 4060 4463
3 4476 4475 4474
3 4477 4465 4464
3 4477 4464 4466
3 4477 4466 4478
3 4062 4070 4466
3 4070 4479 4466
3 4479 4478 4466
3 4479 4070 4480
3 4480 4481 4479
3 4484 4483 4482
3 4484 4482 4468
3 4468 4482 4467
3 4482 4072 4467
3 4072 4073 4467
3 4467 4073 4074
3 4467 4074 4471
3 4471 4074 4064
3 4077 4473 4068
3 4077 4485 4473
3 4475 4078 4069
3 4487 4486 4079
3 4487 4079 4078
3 4476 4487 4078
3 4475 4476 4078
3 4488 4486 4487
3 4490 4489 4480
3 4070 4490 4480
3 4080 4490 4070
3 4480 4489 4481
3 4493 4492 4491
3 4495 4494 4491
3 4491 4494 4493
3 4494 4495 4483
3 4483 4495 4482
3 4495 4082 4482
3 4082 4083 4482
3 4482 4083 4072
3 4077 4084 4496
3 4497 4077 4496
3 4485 4077 4497
3 4085 4496 4084
3 4486 4086 4079
3 4088 4086 4486
3 4488 4088 4486
3 4498 4088 4488
3 4089 4490 4080
3 4089 4499 4490
3 4491 4492 4500
3 4500 4492 4501
3 4500 4091 4092
3 4495 4500 4092
3 4491 4500 4495
3 4495 4092 4082
3 4497 4496 4502
3 4497 4502 4503
3 4093 4502 4085
3 4085 4502 4496
3 4505 4504 4095
3 4095 4504 4094
3 4095 4088 4498
3 4095 4498 4505
3 4507 4506 4096
3 4507 4096 4097
3 4089 4096 4499
3 4499 4096 4506
3 4500 4501 4100
3 4501 4099 4100
3 4501 4508 4099
3 4500 4100 4091
3 4511 4510 4509
3 4509 4510 4503
3 4509 4503 4502
3 4103 4509 4502
3 4102 4103 4502
3 4102 4502 4093
3 4514 4513 4512
3 4504 4514 4512
3 4104 4504 4512
3 4094 4504 4104
3 4517 4516 4515
3 4516 4507 4515
3 4507 4105 4515
3 4507 4097 4105
3 4508 4107 4099
3 4518 4107 4508
3 4521 4520 4519
3 4523 4522 4519
3 4523 4519 4520
3 4524 4522 4523
3 4511 4509 4525
3 4511 4525 4526
3 4108 4525 4103
3 4103 4525 4509
3 4529 4528 4527
3 4529 4527 4513
3 4513 4527 4512
3 4527 4110 4512
3 4110 4111 4512
3 4512 4111 4104
3 4517 4515 4113
3 4114 4517 4113
3 4530 4517 4114
3 4113 4515 4105
3 4115 4107 4531
3 4107 4532 4531
3 4107 4518 4532
3 4531 4116 4115
3 4533 4521 4519
3 4533 4519 4522
3 4533 4522 4534
3 4117 4118 4535
3 4522 4524 4534
3 4119 4117 4535
3 4538 4537 4536
3 4540 4539 4538
3 4540 4538 4536
3 4539 4540 4526
3 4539 4526 4525
3 4121 4539 4525
3 4120 4121 4525
3 4120 4525 4108
3 4527 4528 4124
3 4528 4123 4124
3 4528 4541 4123
3 4527 4124 4110
3 4544 4543 4542
3 4543 4530 4542
3 4530 4125 4542
3 4530 4114 4125
3 4532 4545 4531
3 4116 4531 4545
3 4546 4116 4545
3 4126 4116 4546
3 4127 4535 4118
3 4535 4127 4119
3 4129 4538 4128
3 4538 4129 4537
3 4547 4537 4129
3 4128 4538 4130
3 4130 4538 4539
3 4130 4539 4121
3 4550 4549 4548
3 4541 4550 4548
3 4131 4541 4548
3 4123 4541 4131
3 4553 4552 4551
3 4551 4552 4544
3 4551 4544 4542
3 4133 4551 4542
3 4132 4133 4542
3 4132 4542 4125
3 4546 4134 4126
3 4554 4134 4546
3 4555 4547 4129
3 4555 4129 4135
3 4135 4136 4555
3 4555 4136 4556
3 4548 4549 4139
3 4549 4138 4139
3 4549 4557 4138
3 4548 4139 4131
3 4560 4559 4558
3 4558 4559 4553
3 4558 4553 4551
3 4142 4558 4551
3 4141 4142 4551
3 4141 4551 4133
3 4143 4134 4561
3 4134 4562 4561
3 4134 4554 4562
3 4561 4144 4143
3 4146 4556 4136
3 4146 4563 4556
3 4566 4565 4564
3 4557 4566 4564
3 4148 4557 4564
3 4138 4557 4148
3 4560 4558 4150
3 4151 4560 4150
3 4567 4560 4151
3 4150 4558 4142
3 4570 4569 4568
3 4570 4568 4562
3 4568 4561 4562
3 4568 4571 4561
3 4572 4152 4144
3 4561 4572 4144
3 4571 4572 4561
3 4572 4153 4152
3 4575 4574 4573
3 4574 4563 4573
3 4563 4155 4573
3 4563 4146 4155
3 4564 4565 4576
3 4576 4565 4577
3 4576 4156 4148
3 4576 4148 4564
3 4580 4579 4578
3 4579 4567 4578
3 4567 4157 4578
3 4567 4151 4157
3 4583 4582 4581
3 4583 4581 4569
3 4569 4581 4568
3 4581 4159 4568
3 4159 4160 4568
3 4568 4160 4161
3 4568 4161 4571
3 4571 4161 4163
3 4571 4163 4572
3 4153 4572 4163
3 4165 4166 4584
3 4584 4167 4165
3 4575 4573 4585
3 4575 4585 4586
3 4169 4585 4155
3 4155 4585 4573
3 4576 4577 4172
3 4577 4171 4172
3 4577 4587 4171
3 4576 4172 4156
3 4580 4578 4174
3 4175 4580 4174
3 4588 4580 4175
3 4174 4578 4157
3 4591 4590 4589
3 4591 4589 4582
3 4582 4589 4581
3 4589 4177 4581
3 4177 4178 4581
3 4581 4178 4159
3 4179 4584 4166
3 4584 4179 4167
3 4586 4585 4592
3 4586 4592 4593
3 4180 4592 4169
3 4169 4592 4585
3 4587 4181 4171
3 4594 4181 4587
3 4597 4596 4595
3 4596 4588 4595
3 4588 4183 4595
3 4588 4175 4183
3 4589 4590 4598
3 4598 4590 4599
3 4598 4185 4177
3 4598 4177 4589
3 4602 4601 4600
3 4600 4601 4593
3 4600 4593 4592
3 4188 4600 4592
3 4187 4188 4592
3 4187 4592 4180
3 4604 4603 4191
3 4191 4603 4190
3 4191 4181 4594
3 4191 4594 4604
3 4597 4595 4605
3 4597 4605 4606
3 4192 4605 4183
3 4183 4605 4595
3 4598 4599 4195
3 4599 4194 4195
3 4599 4607 4194
3 4598 4195 4185
3 4602 4600 4608
3 4602 4608 4609
3 4197 4608 4188
3 4188 4608 4600
3 4603 4199 4190
3 4610 4199 4603
3 4606 4605 4201
3 4202 4606 4201
3 4611 4606 4202
3 4201 4605 4192
3 4614 4613 4612
3 4607 4614 4612
3 4204 4607 4612
3 4194 4607 4204
3 4609 4608 4615
3 4609 4615 4616
3 4206 4615 4197
3 4197 4615 4608
3 4618 4617 4208
3 4208 4617 4207
3 4208 4199 4610
3 4208 4610 4618
3 4621 4620 4619
3 4620 4611 4619
3 4611 4209 4619
3 4611 4202 4209
3 4612 4613 4622
3 4622 4613 4623
3 4622 4211 4204
3 4622 4204 4612
3 4616 4615 4624
3 4616 4624 4625
3 4624 4615 4206
3 4626 4624 4206
3 4212 4626 4206
3 4627 4624 4626
3 4212 4207 4617
3 4212 4617 4626
3 4621 4619 4214
3 4215 4621 4214
3 4628 4621 4215
3 4214 4619 4209
3 4631 4630 4629
3 4631 4629 4623
3 4629 4622 4623
3 4629 4632 4622
3 4632 4217 4211
3 4632 4211 4622
3 4633 4625 4624
3 4633 4624 4627
3 4219 4628 4215
3 4219 4634 4628
3 4629 4630 4635
3 4635 4630 4636
3 4629 4637 4632
3 4629 4635 4637
3 4637 4221 4217
3 4637 4217 4632
3 4640 4639 4638
3 4639 4634 4638
3 4634 4225 4638
3 4634 4219 4225
3 4635 4636 4641
3 4641 4636 4642
3 4635 4643 4637
3 4635 4641 4643
3 4644 4226 4221
3 4637 4644 4221
3 4643 4644 4637
3 4644 4228 4226
3 4640 4638 4233
3 4232 4640 4233
3 4645 4640 4232
3 4233 4638 4225
3 4641 4642 4646
3 4646 4642 4647
3 4641 4648 4643
3 4641 4646 4648
3 4643 4649 4644
3 4643 4648 4649
3 4650 4234 4228
3 4644 4650 4228
3 4649 4650 4644
3 4651 4235 4234
3 4651 4234 4650
3 4651 4237 4235
3 4653 4652 4243
3 4653 4243 4242
3 4232 4243 4645
3 4645 4243 4652
3 4647 4654 4646
3 4646 4654 4648
3 4648 4654 4655
3 4657 4656 4655
3 4656 4648 4655
3 4656 4649 4648
3 4649 4658 4650
3 4649 4656 4658
3 4650 4659 4651
3 4650 4658 4659
3 4660 4244 4237
3 4651 4660 4237
3 4659 4660 4651
3 4661 4245 4244
3 4661 4244 4660
3 4662 4246 4245
3 4662 4245 4661
3 4662 4248 4246
3 4250 4663 4251
3 4664 4252 4251
3 4664 4251 4663
3 4252 4664 4665
3 4666 4252 4665
3 4253 4252 4666
3 4242 4253 4653
3 4653 4253 4666
3 4657 4667 4656
3 4656 4667 4658
3 4658 4667 4668
3 4658 4668 4659
3 4659 4668 4669
3 4671 4670 4669
3 4670 4659 4669
3 4670 4660 4659
3 4660 4672 4661
3 4660 4670 4672
3 4661 4673 4662
3 4661 4672 4673
3 4674 4254 4248
3 4662 4674 4248
3 4673 4674 4662
3 4675 4255 4254
3 4675 4254 4674
3 4675 4676 4255
3 4255 4676 4250
3 4676 4677 4250
3 4677 4663 4250
3 4663 4677 4664
3 4664 4677 4678
3 4664 4678 4665
3 4671 4679 4670
3 4670 4679 4672
3 4672 4679 4680
3 4672 4680 4673
3 4673 4680 4681
3 4673 4681 4674
3 4674 4681 4682
3 4674 4682 4675
3 4675 4682 4683
3 4675 4683 4676
3 4686 4685 4684
3 4684 4687 4686
3 4689 4688 4258
3 4258 4688 4257
3 4258 4259 4689
3 4689 4259 4690
3 4693 4692 4691
3 4693 4691 4685
3 4685 4691 4684
3 4691 4260 4684
3 4260 4261 4684
3 4694 4687 4684
3 4261 4694 4684
3 4262 4694 4261
3 4262 4263 4694
3 4694 4263 4695
3 4697 4696 4266
3 4266 4696 4265
3 4699 4698 4267
3 4698 4266 4267
3 4698 4697 4266
3 4268 4269 4699
3 4269 4698 4699
3 4269 4700 4698
3 4269 4257 4688
3 4269 4688 4700
3 4270 4690 4259
3 4270 4701 4690
3 4704 4703 4702
3 4704 4702 4692
3 4692 4702 4691
3 4702 4272 4691
3 4272 4273 4691
3 4691 4273 4260
3 4263 4274 4705
3 4706 4263 4705
3 4695 4263 4706
3 4275 4705 4274
3 4708 4707 4277
3 4277 4707 4276
3 4709 4277 4278
3 4709 4708 4277
3 4278 4265 4696
3 4278 4696 4709
3 4279 4699 4267
3 4699 4279 4268
3 4710 4701 4270
3 4710 4270 4280
3 4280 4281 4710
3 4710 4281 4711
3 4702 4703 4284
3 4703 4283 4284
3 4703 4712 4283
3 4702 4284 4272
3 4706 4705 4713
3 4706 4713 4714
3 4285 4715 4275
3 4715 4705 4275
3 4715 4713 4705
3 4287 4715 4285
3 4717 4716 4289
3 4289 4716 4288
3 4289 4276 4707
3 4289 4707 4717
3 4720 4719 4718
3 4719 4711 4718
3 4711 4290 4718
3 4711 4281 4290
3 4712 4291 4283
3 4721 4291 4712
3 4724 4723 4722
3 4722 4723 4714
3 4713 4722 4714
3 4725 4722 4713
3 4726 4713 4715
3 4725 4713 4726
3 4293 4726 4287
3 4287 4726 4715
3 4728 4727 4295
3 4295 4727 4294
3 4295 4288 4716
3 4295 4716 4728
3 4730 4729 4296
3 4730 4296 4297
3 4718 4298 4720
3 4298 4729 4720
3 4298 4296 4729
3 4298 4718 4290
3 4721 4299 4291
3 4731 4299 4721
3 4732 4724 4722
3 4732 4722 4725
3 4732 4725 4733
3 4302 4734 4301
3 4734 4725 4301
3 4725 4726 4301
3 4734 4733 4725
3 4301 4726 4293
3 4736 4735 4304
3 4304 4735 4303
3 4304 4294 4727
3 4304 4727 4736
3 4738 4737 4305
3 4738 4305 4306
3 4297 4305 4730
3 4730 4305 4737
3 4731 4739 4299
3 4299 4739 4307
3 4309 4307 4739
3 4309 4739 4740
3 4311 4734 4302
3 4311 4741 4734
3 4735 4312 4303
3 4742 4312 4735
3 4744 4743 4313
3 4744 4313 4314
3 4306 4313 4738
3 4738 4313 4743
3 4740 4315 4309
3 4745 4315 4740
3 4316 4741 4311
3 4316 4746 4741
3 4748 4747 4318
3 4318 4747 4317
3 4318 4312 4742
3 4318 4742 4748
3 4750 4749 4320
3 4750 4320 4321
3 4314 4320 4744
3 4744 4320 4749
3 4745 4322 4315
3 4751 4322 4745
3 4323 4746 4316
3 4323 4752 4746
3 4747 4324 4317
3 4753 4324 4747
3 4756 4755 4754
3 4755 4750 4754
3 4750 4325 4754
3 4750 4321 4325
3 4751 4326 4322
3 4757 4326 4751
3 4327 4752 4323
3 4327 4758 4752
3 4753 4328 4324
3 4759 4328 4753
3 4756 4754 4329
3 4330 4756 4329
3 4760 4756 4330
3 4329 4754 4325
3 4757 4331 4326
3 4761 4331 4757
3 4764 4763 4762
3 4763 4758 4762
3 4758 4332 4762
3 4758 4327 4332
3 4759 4333 4328
3 4765 4333 4759
3 4768 4767 4766
3 4767 4760 4766
3 4760 4334 4766
3 4760 4330 4334
3 4771 4770 4769
3 4761 4771 4769
3 4335 4761 4769
3 4331 4761 4335
3 4764 4762 4337
3 4338 4764 4337
3 4772 4764 4338
3 4337 4762 4332
3 4765 4339 4333
3 4773 4339 4765
3 4768 4766 4340
3 4341 4768 4340
3 4774 4768 4341
3 4340 4766 4334
3 4777 4776 4775
3 4343 4344 4775
3 4344 4777 4775
3 4344 4778 4777
3 4779 4344 4345
3 4779 4778 4344
3 4347 4769 4770
3 4779 4347 4770
3 4345 4347 4779
3 4769 4347 4335
3 4782 4781 4780
3 4781 4772 4780
3 4772 4348 4780
3 4772 4338 4348
3 4773 4349 4339
3 4783 4349 4773
3 4350 4774 4341
3 4350 4784 4774
3 4786 4785 4353
3 4353 4785 4352
3 4787 4353 4354
3 4787 4786 4353
3 4355 4775 4776
3 4787 4355 4776
3 4354 4355 4787
3 4775 4355 4343
3 4782 4780 4357
3 4358 4782 4357
3 4788 4782 4358
3 4357 4780 4348
3 4791 4790 4789
3 4783 4791 4789
3 4359 4783 4789
3 4349 4783 4359
3 4360 4784 4350
3 4360 4792 4784
3 4794 4793 4363
3 4363 4793 4362
3 4363 4352 4785
3 4363 4785 4794
3 4797 4796 4795
3 4796 4788 4795
3 4788 4364 4795
3 4788 4358 4364
3 4800 4799 4798
3 4800 4798 4790
3 4790 4798 4789
3 4798 4366 4789
3 4366 4367 4789
3 4789 4367 4359
3 4802 4801 4369
3 4802 4369 4370
3 4360 4369 4792
3 4792 4369 4801
3 4805 4804 4803
3 4793 4805 4803
3 4371 4793 4803
3 4362 4793 4371
3 4808 4807 4806
3 4810 4809 4806
3 4810 4806 4807
3 4811 4809 4810
3 4814 4813 4812
3 4812 4813 4797
3 4812 4797 4795
3 4373 4812 4795
3 4372 4373 4795
3 4372 4795 4364
3 4817 4816 4815
3 4375 4376 4815
3 4376 4817 4815
3 4376 4818 4817
3 4377 4798 4799
3 4818 4377 4799
3 4376 4377 4818
3 4798 4377 4366
3 4378 4802 4370
3 4378 4819 4802
3 4803 4804 4381
3 4804 4380 4381
3 4804 4820 4380
3 4803 4381 4371
3 4822 4821 4383
3 4822 4383 4384
3 4806 4386 4808
3 4386 4821 4808
3 4386 4383 4821
3 4386 4806 4388
3 4388 4806 4809
3 4811 4823 4809
3 4823 4388 4809
3 4823 4390 4388
3 4390 4824 4392
3 4823 4824 4390
3 4812 4393 4814
3 4393 4824 4814
3 4393 4392 4824
3 4393 4812 4373
3 4827 4826 4825
3 4827 4825 4816
3 4816 4825 4815
3 4825 4395 4815
3 4395 4396 4815
3 4815 4396 4375
3 4829 4828 4398
3 4829 4398 4399
3 4378 4398 4819
3 4819 4398 4828
3 4820 4830 4380
3 4380 4830 4400
3 4401 4400 4830
3 4401 4830 4831
3 4832 4822 4384
3 4832 4384 4402
3 4402 4403 4832
3 4832 4403 4833
3 4825 4826 4406
3 4826 4405 4406
3 4826 4834 4405
3 4825 4406 4395
3 4837 4836 4835
3 4836 4829 4835
3 4829 4407 4835
3 4829 4399 4407
3 4831 4408 4401
3 4838 4408 4831
3 4839 4833 4403
3 4839 4403 4409
3 4409 4411 4839
3 4839 4411 4840
3 4842 4841 4414
3 4414 4841 4413
3 4414 4405 4834
3 4414 4834 4842
3 4845 4844 4843
3 4847 4846 4843
3 4847 4843 4844
3 4849 4848 4846
3 4849 4846 4847
3 4851 4850 4848
3 4851 4848 4849
3 4416 4417 4850
3 4851 4416 4850
3 4852 4416 4851
3 4835 4418 4837
3 4418 4852 4837
3 4418 4416 4852
3 4418 4835 4407
3 4854 4419 4853
3 4419 4838 4853
3 4419 4408 4838
3 4855 4854 4853
3 4856 4840 4411
3 4856 4411 4420
3 4420 4422 4856
3 4856 4422 4857
3 4860 4859 4858
3 4841 4860 4858
3 4423 4841 4858
3 4413 4841 4423
3 4863 4862 4861
3 4861 4862 4845
3 4861 4845 4843
3 4426 4861 4843
3 4425 4426 4843
3 4425 4843 4428
3 4428 4843 4846
3 4428 4846 4430
3 4430 4846 4848
3 4430 4848 4432
3 4432 4848 4850
3 4432 4850 4417
3 4854 4433 4419
3 4434 4433 4854
3 4855 4434 4854
3 4864 4434 4855
3 4435 4857 4422
3 4435 4865 4857
3 4858 4859 4437
3 4859 4436 4437
3 4859 4866 4436
3 4858 4437 4423
3 4863 4861 4439
3 4440 4863 4439
3 4867 4863 4440
3 4439 4861 4426
3 4864 4441 4434
3 4868 4441 4864
3 4442 4865 4435
3 4442 4869 4865
3 4866 4443 4436
3 4870 4443 4866
3 4444 4867 4440
3 4444 4871 4867
3 4868 4445 4441
3 4872 4445 4868
3 4874 4873 4446
3 4874 4446 4447
3 4442 4446 4869
3 4869 4446 4873
3 4875 4448 4449
3 4876 4875 4449
3 4443 4876 4449
3 4870 4876 4443
3 4444 4450 4877
3 4878 4444 4877
3 4871 4444 4878
3 4452 4877 4450
3 4881 4880 4879
3 4872 4881 4879
3 4453 4872 4879
3 4445 4872 4453
3 4454 4874 4447
3 4454 4882 4874
3 4883 4455 4875
3 4875 4455 4448
3 4875 4876 4884
3 4875 4884 4883
3 4878 4877 4885
3 4878 4885 4886
3 4456 4885 4452
3 4452 4885 4877
3 4889 4888 4887
3 4891 4890 4887
3 4887 4890 4889
3 4890 4891 4880
3 4880 4891 4879
3 4891 4460 4879
3 4460 4461 4879
3 4879 4461 4453
3 4462 4882 4454
3 4462 4892 4882
3 4893 4463 4883
3 4883 4463 4455
3 4883 4884 4894
3 4895 4883 4894
3 4893 4883 4895
3 4896 4895 4894
3 4886 4885 4897
3 4886 4897 4898
3 4465 4897 4456
3 4456 4897 4885
3 4901 4900 4899
3 4468 4469 4899
3 4469 4901 4899
3 4469 4902 4901
3 4470 4887 4888
3 4902 4470 4888
3 4469 4470 4902
3 4887 4470 4472
3 4887 4472 4891
3 4891 4472 4460
3 4473 4892 4462
3 4473 4903 4892
3 4893 4474 4463
3 4474 4893 4476
3 4893 4904 4476
3 4893 4895 4904
3 4895 4896 4905
3 4906 4895 4905
3 4904 4895 4906
3 4898 4897 4907
3 4905 4908 4906
3 4910 4907 4909
3 4909 4907 4477
3 4907 4897 4477
3 4897 4465 4477
3 4478 4911 4477
3 4477 4911 4909
3 4479 4912 4478
3 4478 4912 4911
3 4481 4912 4479
3 4915 4914 4913
3 4917 4916 4913
3 4913 4916 4915
3 4916 4917 4900
3 4900 4917 4899
3 4917 4483 4899
3 4483 4484 4899
3 4899 4484 4468
3 4485 4903 4473
3 4485 4918 4903
3 4904 4487 4476
3 4904 4906 4919
3 4488 4904 4919
3 4920 4488 4919
3 4904 4488 4487
3 4919 4906 4908
3 4921 4910 4909
3 4921 4909 4911
3 4921 4911 4922
3 4490 4923 4489
3 4923 4911 4489
3 4911 4912 4489
3 4923 4922 4911
3 4489 4912 4481
3 4913 4914 4493
3 4914 4492 4493
3 4914 4924 4492
3 4913 4493 4494
3 4913 4494 4917
3 4917 4494 4483
3 4927 4926 4925
3 4926 4918 4925
3 4918 4497 4925
3 4918 4485 4497
3 4930 4929 4928
3 4920 4930 4928
3 4498 4920 4928
3 4488 4920 4498
3 4933 4932 4931
3 4932 4923 4931
3 4923 4499 4931
3 4923 4490 4499
3 4936 4935 4934
3 4924 4936 4934
3 4501 4924 4934
3 4492 4924 4501
3 4927 4925 4937
3 4927 4937 4938
3 4503 4937 4497
3 4497 4937 4925
3 4941 4940 4939
3 4941 4939 4929
3 4929 4939 4928
3 4939 4504 4928
3 4504 4505 4928
3 4928 4505 4498
3 4933 4931 4506
3 4507 4933 4506
3 4942 4933 4507
3 4506 4931 4499
3 4934 4935 4943
3 4943 4935 4944
3 4943 4508 4501
3 4943 4501 4934
3 4947 4946 4945
3 4949 4948 4945
3 4949 4945 4946
3 4951 4950 4948
3 4951 4948 4949
3 4953 4952 4950
3 4953 4950 4951
3 4955 4954 4952
3 4955 4952 4953
3 4957 4956 4954
3 4957 4954 4955
3 4956 4957 4938
3 4956 4938 4937
3 4511 4956 4937
3 4510 4511 4937
3 4510 4937 4503
3 4960 4959 4958
3 4960 4958 4940
3 4940 4958 4939
3 4958 4513 4939
3 4513 4514 4939
3 4939 4514 4504
3 4962 4961 4516
3 4962 4516 4517
3 4507 4516 4942
3 4942 4516 4961
3 4943 4944 4963
3 4963 4944 4964
3 4963 4518 4508
3 4963 4508 4943
3 4965 4947 4945
3 4521 4966 4520
3 4966 4945 4520
3 4945 4948 4520
3 4966 4965 4945
3 4520 4948 4523
3 4523 4948 4950
3 4523 4950 4524
3 4950 4967 4524
3 4950 4952 4967
3 4968 4952 4954
3 4967 4952 4968
3 4969 4954 4956
3 4968 4954 4969
3 4526 4969 4511
3 4511 4969 4956
3 4958 4959 4529
3 4959 4528 4529
3 4959 4970 4528
3 4958 4529 4513
3 4973 4972 4971
3 4972 4962 4971
3 4962 4530 4971
3 4962 4517 4530
3 4964 4974 4963
3 4518 4963 4974
3 4975 4518 4974
3 4532 4518 4975
3 4976 4966 4521
3 4976 4521 4533
3 4977 4533 4534
3 4977 4976 4533
3 4977 4534 4524
3 4978 4977 4524
3 4967 4978 4524
3 4977 4978 4979
3 4537 4978 4536
3 4978 4968 4536
3 4978 4967 4968
3 4536 4968 4540
3 4540 4968 4969
3 4540 4969 4526
3 4982 4981 4980
3 4970 4982 4980
3 4541 4970 4980
3 4528 4970 4541
3 4985 4984 4983
3 4983 4984 4973
3 4983 4973 4971
3 4544 4983 4971
3 4543 4544 4971
3 4543 4971 4530
3 4545 4532 4986
3 4532 4987 4986
3 4532 4975 4987
3 4986 4546 4545
3 4988 4979 4978
3 4978 4537 4988
3 4537 4989 4988
3 4537 4547 4989
3 4980 4981 4550
3 4981 4549 4550
3 4981 4990 4549
3 4980 4550 4541
3 4993 4992 4991
3 4991 4992 4985
3 4991 4985 4983
3 4553 4991 4983
3 4552 4553 4983
3 4552 4983 4544
3 4987 4994 4986
3 4546 4986 4994
3 4995 4546 4994
3 4554 4546 4995
3 4547 4555 4996
3 4997 4547 4996
3 4989 4547 4997
3 4556 4996 4555
3 5000 4999 4998
3 4990 5000 4998
3 4557 4990 4998
3 4549 4990 4557
3 4993 4991 4559
3 4560 4993 4559
3 5001 4993 4560
3 4559 4991 4553
3 5004 5003 5002
3 4995 5004 5002
3 4562 4995 5002
3 4554 4995 4562
3 4997 4996 5005
3 4997 5005 5006
3 4563 5005 4556
3 4556 5005 4996
3 4998 4999 4566
3 4999 4565 4566
3 4999 5007 4565
3 4998 4566 4557
3 5010 5009 5008
3 5009 5001 5008
3 5001 4567 5008
3 5001 4560 4567
3 5013 5012 5011
3 5013 5011 5003
3 5003 5011 5002
3 5011 4569 5002
3 4569 4570 5002
3 5002 4570 4562
3 5006 5005 4574
3 4575 5006 4574
3 5014 5006 4575
3 4574 5005 4563
3 5007 4577 4565
3 5015 4577 5007
3 5010 5008 4579
3 4580 5010 4579
3 5016 5010 4580
3 4579 5008 4567
3 5019 5018 5017
3 5019 5017 5012
3 5012 5017 5011
3 5017 4582 5011
3 4582 4583 5011
3 5011 4583 4569
3 5022 5021 5020
3 5021 5014 5020
3 5014 4586 5020
3 5014 4575 4586
3 5025 5024 5023
3 5015 5025 5023
3 4587 5015 5023
3 4577 5015 4587
3 5028 5027 5026
3 5027 5016 5026
3 5016 4588 5026
3 5016 4580 4588
3 5017 5018 4591
3 5018 4590 4591
3 5018 5029 4590
3 5017 4591 4582
3 5022 5020 5030
3 5022 5030 5031
3 4593 5030 4586
3 4586 5030 5020
3 5023 5024 5032
3 5032 5024 5033
3 5032 4594 4587
3 5032 4587 5023
3 5028 5026 4596
3 4597 5028 4596
3 5034 5028 4597
3 4596 5026 4588
3 5037 5036 5035
3 5029 5037 5035
3 4599 5029 5035
3 4590 5029 4599
3 5040 5039 5038
3 5038 5039 5031
3 5038 5031 5030
3 4602 5038 5030
3 4601 4602 5030
3 4601 5030 4593
3 5032 5033 4604
3 5033 4603 4604
3 5033 5041 4603
3 5032 4604 4594
3 5044 5043 5042
3 5043 5034 5042
3 5034 4606 5042
3 5034 4597 4606
3 5035 5036 5045
3 5045 5036 5046
3 5045 4607 4599
3 5045 4599 5035
3 5049 5048 5047
3 5047 5048 5040
3 5038 5047 5040
3 5050 5047 5038
3 4609 5050 4602
3 4602 5050 5038
3 5053 5052 5051
3 5041 5053 5051
3 4610 5041 5051
3 4603 5041 4610
3 5044 5042 5054
3 5044 5054 5055
3 4611 5054 4606
3 4606 5054 5042
3 5058 5057 5056
3 5058 5056 5046
3 5046 5056 5045
3 5056 4613 5045
3 4613 4614 5045
3 5045 4614 4607
3 5049 5047 5059
3 5049 5059 5060
3 5061 5047 5050
3 5059 5047 5061
3 4616 5061 4609
3 4609 5061 5050
3 5051 5052 4618
3 5052 4617 4618
3 5052 5062 4617
3 5051 4618 4610
3 5055 5054 4620
3 4621 5055 4620
3 5063 5055 4621
3 4620 5054 4611
3 5056 5057 5064
3 5064 5057 5065
3 5064 4623 4613
3 5064 4613 5056
3 5060 5059 5066
3 5060 5066 5067
3 5068 5059 5061
3 5066 5059 5068
3 4625 5068 4616
3 4616 5068 5061
3 5070 5069 4626
3 4626 5069 4627
3 4626 4617 5062
3 4626 5062 5070
3 4628 5063 4621
3 4628 5071 5063
3 5074 5073 5072
3 5074 5072 5065
3 5065 5072 5064
3 5072 4630 5064
3 4630 4631 5064
3 5064 4631 4623
3 5067 5066 5075
3 5067 5075 5076
3 5077 5066 5068
3 5075 5066 5077
3 5077 5068 4625
3 5078 5077 4625
3 4633 5078 4625
3 5079 5077 5078
3 4633 4627 5069
3 4633 5069 5078
3 5082 5081 5080
3 5081 5071 5080
3 5071 4634 5080
3 5071 4628 4634
3 5072 5073 5083
3 5083 5073 5084
3 5083 4636 4630
3 5083 4630 5072
3 5085 5076 5075
3 5085 5075 5077
3 5085 5077 5086
3 5086 5077 5079
3 5082 5080 4639
3 4640 5082 4639
3 5087 5082 4640
3 4639 5080 4634
3 5083 5084 5088
3 5088 5084 5089
3 5088 4642 4636
3 5088 4636 5083
3 4645 5087 4640
3 4645 5090 5087
3 5093 5092 5091
3 5093 5091 5089
3 5091 5088 5089
3 5091 5094 5088
3 5094 4647 4642
3 5094 4642 5088
3 5096 5095 4652
3 5096 4652 4653
3 4645 4652 5090
3 5090 4652 5095
3 5091 5092 5097
3 5097 5092 5098
3 5091 5099 5094
3 5091 5097 5099
3 5100 4654 4647
3 5094 5100 4647
3 5099 5100 5094
3 5101 4655 4654
3 5101 4654 5100
3 5101 4657 4655
3 5103 5102 4666
3 5103 4666 4665
3 4653 4666 5096
3 5096 4666 5102
3 5098 5104 5097
3 5106 5105 5104
3 5105 5097 5104
3 5105 5099 5097
3 5099 5107 5100
3 5099 5105 5107
3 5100 5108 5101
3 5100 5107 5108
3 5109 4667 4657
3 5101 5109 4657
3 5108 5109 5101
3 5110 4668 4667
3 5110 4667 5109
3 5111 4669 4668
3 5111 4668 5110
3 5111 4671 4669
3 4676 5112 4677
3 4677 5112 5113
3 5114 4677 5113
3 4678 4677 5114
3 4665 4678 5103
3 5103 4678 5114
3 5106 5115 5105
3 5105 5115 5107
3 5107 5115 5116
3 5107 5116 5108
3 5108 5116 5117
3 5119 5118 5117
3 5118 5108 5117
3 5118 5109 5108
3 5109 5120 5110
3 5109 5118 5120
3 5110 5121 5111
3 5110 5120 5121
3 5122 4679 4671
3 5111 5122 4671
3 5121 5122 5111
3 5123 4680 4679
3 5123 4679 5122
3 5124 4681 4680
3 5124 4680 5123
3 5125 4682 4681
3 5125 4681 5124
3 4682 5125 5126
3 5127 4682 5126
3 4683 4682 5127
3 4676 4683 5112
3 4683 5128 5112
3 4683 5127 5128
3 5112 5128 5113
3 5119 5129 5118
3 5118 5129 5120
3 5120 5129 5130
3 5120 5130 5121
3 5121 5130 5131
3 5121 5131 5122
3 5122 5131 5132
3 5122 5132 5123
3 5123 5132 5133
3 5123 5133 5124
3 5124 5133 5134
3 5124 5134 5125
3 5125 5134 5135
3 5125 5135 5126
3 5137 5136 4686
3 4686 5136 4685
3 4686 4687 5137
3 5137 4687 5138
3 5140 5139 4689
3 4689 5139 4688
3 4689 4690 5140
3 5140 4690 5141
3 5144 5143 5142
3 4692 4693 5142
3 4693 5144 5142
3 4693 5145 5144
3 4693 4685 5136
3 4693 5136 5145
3 5146 5138 4687
3 5146 4687 4694
3 4694 4695 5146
3 5146 4695 5147
3 5149 5148 4697
3 4697 5148 4696
3 5150 4697 4698
3 5150 5149 4697
3 5151 4698 4700
3 5151 5150 4698
3 4700 4688 5139
3 4700 5139 5151
3 4701 5141 4690
3 4701 5152 5141
3 5142 5143 4704
3 5143 4703 4704
3 5143 5153 4703
3 5142 4704 4692
3 4706 5147 4695
3 4706 5154 5147
3 5156 5155 4708
3 4708 5155 4707
3 5157 4708 4709
3 5157 5156 4708
3 4709 4696 5148
3 4709 5148 5157
3 5158 5152 4701
3 5158 4701 4710
3 4710 4711 5158
3 5158 4711 5159
3 5153 4712 4703
3 5160 4712 5153
3 5163 5162 5161
3 5162 5154 5161
3 5154 4714 5161
3 5154 4706 4714
3 5165 5164 4717
3 4717 5164 4716
3 4717 4707 5155
3 4717 5155 5165
3 5167 5166 4719
3 5167 4719 4720
3 4711 4719 5159
3 5159 4719 5166
3 5160 4721 4712
3 5168 4721 5160
3 4723 4724 5169
3 5161 5170 5163
3 5170 5161 5171
3 5161 4714 5171
3 4723 5169 5171
3 4723 5171 4714
3 5173 5172 4728
3 4728 5172 4727
3 4728 4716 5164
3 4728 5164 5173
3 5176 5175 5174
3 4729 4730 5174
3 5175 4729 5174
3 5177 4729 5175
3 4720 4729 5167
3 5167 4729 5177
3 5168 4731 4721
3 5178 4731 5168
3 4732 5169 4724
3 5179 5171 5169
3 4732 5179 5169
3 4733 5179 4732
3 4733 4734 5179
3 5179 4734 5180
3 5182 5181 4736
3 4736 5181 4735
3 4736 4727 5172
3 4736 5172 5182
3 5185 5184 5183
3 5183 5184 5176
3 5183 5176 5174
3 4738 5183 5174
3 4737 4738 5174
3 4737 5174 4730
3 5178 5186 4731
3 4731 5186 4739
3 4740 4739 5186
3 4740 5186 5187
3 4741 5180 4734
3 4741 5188 5180
3 5181 4742 4735
3 5189 4742 5181
3 5192 5191 5190
3 5190 5191 5185
3 5190 5185 5183
3 4744 5190 5183
3 4743 4744 5183
3 4743 5183 4738
3 5187 4745 4740
3 5193 4745 5187
3 4746 5188 4741
3 4746 5194 5188
3 5196 5195 4748
3 4748 5195 4747
3 4748 4742 5189
3 4748 5189 5196
3 5192 5190 4749
3 4750 5192 4749
3 5197 5192 4750
3 4749 5190 4744
3 5199 4751 5198
3 4751 5193 5198
3 4751 4745 5193
3 5200 5199 5198
3 4752 5194 4746
3 4752 5201 5194
3 5195 4753 4747
3 5202 4753 5195
3 5204 5203 4755
3 5204 4755 4756
3 4750 4755 5197
3 5197 4755 5203
3 5206 5205 5199
3 5205 4751 5199
3 5205 4757 4751
3 5206 5199 5200
3 4758 5201 4752
3 4758 5207 5201
3 5202 4759 4753
3 5208 4759 5202
3 4760 5204 4756
3 4760 5209 5204
3 5212 5211 5210
3 5205 5212 5210
3 4761 5205 5210
3 4757 5205 4761
3 5214 5213 4763
3 5214 4763 4764
3 4758 4763 5207
3 5207 4763 5213
3 5216 4765 5215
3 4765 5208 5215
3 4765 4759 5208
3 5217 5216 5215
3 5219 5218 4767
3 5219 4767 4768
3 4760 4767 5209
3 5209 4767 5218
3 5222 5221 5220
3 5224 5223 5220
3 5220 5223 5222
3 5223 5224 5211
3 5211 5224 5210
3 5224 4770 5210
3 4770 4771 5210
3 5210 4771 4761
3 4772 5214 4764
3 4772 5225 5214
3 5227 5226 5216
3 5226 4765 5216
3 5226 4773 4765
3 5227 5216 5217
3 4774 5219 4768
3 4774 5228 5219
3 5231 5230 5229
3 4776 4777 5229
3 4777 5231 5229
3 4777 5232 5231
3 4778 5220 5221
3 5232 4778 5221
3 4777 4778 5232
3 5220 4778 4779
3 5220 4779 5224
3 5224 4779 4770
3 5234 5233 4781
3 5234 4781 4782
3 4772 4781 5225
3 5225 4781 5233
3 5237 5236 5235
3 5226 5237 5235
3 4783 5226 5235
3 4773 5226 4783
3 4784 5228 4774
3 4784 5238 5228
3 5241 5240 5239
3 4785 4786 5239
3 4786 5241 5239
3 4786 5242 5241
3 4787 5229 5230
3 5242 4787 5230
3 4786 4787 5242
3 5229 4787 4776
3 5245 5244 5243
3 5244 5234 5243
3 5234 4788 5243
3 5234 4782 4788
3 5248 5247 5246
3 5248 5246 5236
3 5236 5246 5235
3 5246 4790 5235
3 4790 4791 5235
3 5235 4791 4783
3 5251 5250 5249
3 5250 5238 5249
3 5238 4792 5249
3 5238 4784 4792
3 5239 5240 4794
3 5240 4793 4794
3 5240 5252 4793
3 5239 4794 4785
3 5255 5254 5253
3 5253 5254 5245
3 5253 5245 5243
3 4797 5253 5243
3 4796 4797 5243
3 4796 5243 4788
3 5258 5257 5256
3 5258 5256 5247
3 5247 5256 5246
3 5256 4799 5246
3 4799 4800 5246
3 5246 4800 4790
3 5251 5249 4801
3 4802 5251 4801
3 5259 5251 4802
3 4801 5249 4792
3 5261 5260 4805
3 4805 5260 4804
3 4805 4793 5252
3 4805 5252 5261
3 5264 5263 5262
3 4807 4808 5262
3 5263 4807 5262
3 5265 4807 5263
3 4807 5266 4810
3 5265 5266 4807
3 5268 5267 4811
3 4810 5268 4811
3 5266 5268 4810
3 5270 5269 5267
3 5270 5267 5268
3 5269 5270 5255
3 5269 5255 5253
3 4814 5269 5253
3 4813 4814 5253
3 4813 5253 4797
3 5272 5271 4817
3 4817 5271 4816
3 4818 5256 5257
3 5272 4818 5257
3 4817 4818 5272
3 5256 4818 4799
3 5275 5274 5273
3 5274 5259 5273
3 5259 4819 5273
3 5259 4802 4819
3 5260 4820 4804
3 5276 4820 5260
3 4821 4822 5277
3 5262 5278 5264
3 5278 5262 5279
3 5262 4808 5279
3 4821 5277 5279
3 4821 5279 4808
3 5267 4823 4811
3 4823 5267 4824
3 4824 5267 5269
3 4824 5269 4814
3 5281 5280 4827
3 4827 5280 4826
3 4827 4816 5271
3 4827 5271 5281
3 5284 5283 5282
3 5286 5285 5282
3 5286 5282 5283
3 5285 5286 5275
3 5285 5275 5273
3 4829 5285 5273
3 4828 4829 5273
3 4828 5273 4819
3 5276 5287 4820
3 4820 5287 4830
3 4831 4830 5287
3 4831 5287 5288
3 4832 5277 4822
3 5290 5289 4833
3 4833 5289 4832
3 5289 5279 4832
3 5279 5277 4832
3 5290 5291 5289
3 5294 5293 5292
3 5280 5294 5292
3 4834 5280 5292
3 4826 5280 4834
3 5297 5296 5295
3 5299 5298 5295
3 5299 5295 5296
3 5301 5300 5298
3 5301 5298 5299
3 5303 5302 5300
3 5303 5300 5301
3 5302 5303 5284
3 5282 5302 5284
3 5304 5302 5282
3 4837 5304 4836
3 5304 5285 4836
3 5304 5282 5285
3 4836 5285 4829
3 5288 4838 4831
3 5305 4838 5288
3 4839 5290 4833
3 5307 5306 4840
3 4840 5306 4839
3 5306 5291 4839
3 5291 5290 4839
3 5307 5308 5306
3 5292 5293 4842
3 5293 4841 4842
3 5293 5309 4841
3 5292 4842 4834
3 5297 5295 4844
3 4845 5297 4844
3 5310 5297 4845
3 4844 5295 4847
3 4847 5295 5298
3 4847 5298 4849
3 4849 5298 5300
3 4849 5300 4851
3 4851 5300 5302
3 4851 5302 4852
3 4852 5302 5304
3 4852 5304 4837
3 5305 5311 4838
3 4838 5311 4853
3 4855 4853 5311
3 4855 5311 5312
3 4856 5307 4840
3 4856 4857 5307
3 4857 5308 5307
3 4857 5313 5308
3 5315 5314 4860
3 4860 5314 4859
3 4860 4841 5309
3 4860 5309 5315
3 4863 5316 4862
3 5316 5317 4862
3 5317 4845 4862
3 5317 5310 4845
3 5312 4864 4855
3 5318 4864 5312
3 4865 5313 4857
3 4865 5319 5313
3 5314 4866 4859
3 5320 4866 5314
3 5322 5321 5316
3 4863 5322 5316
3 4867 5322 4863
3 5316 5321 5317
3 5318 4868 4864
3 5323 4868 5318
3 5326 5325 5324
3 5325 5319 5324
3 5319 4869 5324
3 5319 4865 4869
3 5320 4870 4866
3 5327 4870 5320
3 4871 5322 4867
3 4871 5328 5322
3 5331 5330 5329
3 5333 5332 5329
3 5329 5332 5331
3 5323 5332 5333
3 4872 5323 5333
3 4868 5323 4872
3 5326 5324 4873
3 4874 5326 4873
3 5334 5326 4874
3 4873 5324 4869
3 5327 4876 4870
3 5335 4876 5327
3 5338 5337 5336
3 5337 5328 5336
3 5328 4878 5336
3 5328 4871 4878
3 5341 5340 5339
3 5341 5339 5330
3 5339 5329 5330
3 5339 5342 5329
3 5342 4880 4881
3 5333 5342 4881
3 5329 5342 5333
3 5333 4881 4872
3 4882 5334 4874
3 4882 5343 5334
3 5345 4884 5344
3 4884 5335 5344
3 4884 4876 5335
3 5345 5344 5338
3 5336 5345 5338
3 5346 5345 5336
3 4886 5346 4878
3 4878 5346 5336
3 5349 5348 5347
3 5351 5350 5347
3 5347 5350 5349
3 5350 5351 5340
3 5340 5351 5339
3 5351 4888 5339
3 4888 4889 5339
3 5339 4889 4890
3 5339 4890 5342
3 5342 4890 4880
3 5354 5353 5352
3 5353 5343 5352
3 5343 4892 5352
3 5343 4882 4892
3 5345 4894 4884
3 4894 5345 4896
3 5345 5355 4896
3 5345 5346 5355
3 4898 5355 4886
3 4886 5355 5346
3 5358 5357 5356
3 5360 5359 5356
3 5356 5359 5358
3 5359 5360 5348
3 5348 5360 5347
3 5360 4900 5347
3 4900 4901 5347
3 5347 4901 4902
3 5347 4902 5351
3 5351 4902 4888
3 5354 5352 5361
3 5354 5361 5362
3 4903 5361 4892
3 4892 5361 5352
3 5355 4905 4896
3 4908 4905 5363
3 4905 5355 5363
3 4898 4907 5363
3 4898 5363 5355
3 4910 5363 4907
3 5366 5365 5364
3 5366 5364 5357
3 5357 5364 5356
3 5364 4914 5356
3 4914 4915 5356
3 5356 4915 4916
3 5356 4916 5360
3 5360 4916 4900
3 5362 5361 5367
3 5362 5367 5368
3 4918 5367 4903
3 4903 5367 5361
3 5370 5369 4919
3 4919 5369 4920
3 4919 4908 5363
3 5371 4919 5363
3 5370 4919 5371
3 5371 5363 4910
3 4921 5371 4910
3 5372 5371 4921
3 5373 4921 4922
3 5373 5372 4921
3 4922 4923 5373
3 5373 4923 5374
3 5364 5365 5375
3 5375 5365 5376
3 5375 4924 4914
3 5375 4914 5364
3 5379 5378 5377
3 5377 5378 5368
3 5377 5368 5367
3 4927 5377 5367
3 4926 4927 5367
3 4926 5367 4918
3 5382 5381 5380
3 4929 4930 5380
3 4930 5382 5380
3 4930 5383 5382
3 4930 4920 5369
3 4930 5369 5383
3 5385 5384 4932
3 5385 4932 4933
3 4923 4932 5374
3 5374 4932 5384
3 5375 5376 4936
3 5376 4935 4936
3 5376 5386 4935
3 5375 4936 4924
3 5389 5388 5387
3 5391 5390 5387
3 5391 5387 5388
3 5393 5392 5390
3 5393 5390 5391
3 5395 5394 5392
3 5395 5392 5393
3 5394 5395 5379
3 5377 5394 5379
3 5396 5394 5377
3 4938 5396 4927
3 4927 5396 5377
3 5399 5398 5397
3 5399 5397 5381
3 5381 5397 5380
3 5397 4940 5380
3 4940 4941 5380
3 5380 4941 4929
3 5402 5401 5400
3 5401 5385 5400
3 5385 4942 5400
3 5385 4933 4942
3 5386 4944 4935
3 5403 4944 5386
3 5405 5404 4946
3 5405 4946 4947
3 5387 4949 5389
3 4949 5404 5389
3 4949 4946 5404
3 4949 5387 4951
3 4951 5387 5390
3 4951 5390 4953
3 4953 5390 5392
3 4953 5392 4955
3 4955 5392 5394
3 4955 5394 4957
3 4957 5394 5396
3 4957 5396 4938
3 5397 5398 4960
3 5398 4959 4960
3 5398 5406 4959
3 5397 4960 4940
3 5409 5408 5407
3 5407 5408 5402
3 5407 5402 5400
3 4962 5407 5400
3 4961 4962 5400
3 4961 5400 4942
3 5403 4964 4944
3 5410 4964 5403
3 5411 5405 4947
3 5411 4947 4965
3 4965 4966 5411
3 5411 4966 5412
3 5415 5414 5413
3 5406 5415 5413
3 4970 5406 5413
3 4959 5406 4970
3 5409 5407 4972
3 4973 5409 4972
3 5416 5409 4973
3 4972 5407 4962
3 4974 4964 5417
3 4964 5418 5417
3 4964 5410 5418
3 5417 4975 4974
3 5419 5412 4966
3 5419 4966 4976
3 5421 5419 5420
3 5419 4977 5420
3 5419 4976 4977
3 4979 5420 4977
3 5413 5414 4982
3 5414 4981 4982
3 5414 5422 4981
3 5413 4982 4970
3 5424 5423 4984
3 5424 4984 4985
3 4973 4984 5416
3 5416 4984 5423
3 5418 5425 5417
3 4975 5417 5425
3 5426 4975 5425
3 4987 4975 5426
3 5427 5421 5420
3 5429 5427 5428
3 5428 5427 4988
3 5427 5420 4988
3 5420 4979 4988
3 4989 5428 4988
3 5432 5431 5430
3 5422 5432 5430
3 4990 5422 5430
3 4981 5422 4990
3 5434 5433 4992
3 5434 4992 4993
3 4985 4992 5424
3 5424 4992 5433
3 4994 4987 5435
3 4987 5436 5435
3 4987 5426 5436
3 5435 4995 4994
3 5437 5429 5428
3 5428 4989 5437
3 4989 5438 5437
3 4989 4997 5438
3 5430 5431 5000
3 5431 4999 5000
3 5431 5439 4999
3 5430 5000 4990
3 5001 5434 4993
3 5001 5440 5434
3 5443 5442 5441
3 5445 5444 5441
3 5441 5444 5443
3 5444 5445 5436
3 5436 5445 5435
3 5445 5003 5435
3 5003 5004 5435
3 5435 5004 4995
3 5448 5447 5446
3 5447 5438 5446
3 5438 5006 5446
3 5438 4997 5006
3 5451 5450 5449
3 5439 5451 5449
3 5007 5439 5449
3 4999 5439 5007
3 5453 5452 5009
3 5453 5009 5010
3 5001 5009 5440
3 5440 5009 5452
3 5441 5442 5454
3 5454 5442 5455
3 5454 5012 5013
3 5445 5454 5013
3 5441 5454 5445
3 5445 5013 5003
3 5448 5446 5456
3 5448 5456 5457
3 5014 5456 5006
3 5006 5456 5446
3 5449 5450 5458
3 5458 5450 5459
3 5458 5015 5007
3 5458 5007 5449
3 5462 5461 5460
3 5461 5453 5460
3 5453 5016 5460
3 5453 5010 5016
3 5465 5464 5463
3 5465 5463 5455
3 5455 5463 5454
3 5463 5018 5454
3 5018 5019 5454
3 5454 5019 5012
3 5468 5467 5466
3 5466 5467 5457
3 5466 5457 5456
3 5022 5466 5456
3 5021 5022 5456
3 5021 5456 5014
3 5458 5459 5025
3 5459 5024 5025
3 5459 5469 5024
3 5458 5025 5015
3 5462 5460 5027
3 5028 5462 5027
3 5470 5462 5028
3 5027 5460 5016
3 5473 5472 5471
3 5473 5471 5464
3 5471 5463 5464
3 5471 5474 5463
3 5474 5029 5018
3 5474 5018 5463
3 5468 5466 5475
3 5468 5475 5476
3 5031 5475 5022
3 5022 5475 5466
3 5479 5478 5477
3 5469 5479 5477
3 5033 5469 5477
3 5024 5469 5033
3 5482 5481 5480
3 5481 5470 5480
3 5470 5034 5480
3 5470 5028 5034
3 5471 5472 5483
3 5483 5472 5484
3 5483 5036 5037
3 5474 5483 5037
3 5471 5483 5474
3 5474 5037 5029
3 5487 5486 5485
3 5485 5486 5476
3 5485 5476 5475
3 5040 5485 5475
3 5039 5040 5475
3 5039 5475 5031
3 5477 5478 5488
3 5488 5478 5489
3 5488 5041 5033
3 5488 5033 5477
3 5482 5480 5043
3 5044 5482 5043
3 5490 5482 5044
3 5043 5480 5034
3 5483 5484 5491
3 5491 5484 5492
3 5491 5046 5036
3 5491 5036 5483
3 5495 5494 5493
3 5493 5494 5487
3 5493 5487 5485
3 5049 5493 5485
3 5048 5049 5485
3 5048 5485 5040
3 5498 5497 5496
3 5498 5496 5489
3 5489 5496 5488
3 5496 5052 5488
3 5052 5053 5488
3 5488 5053 5041
3 5501 5500 5499
3 5500 5490 5499
3 5490 5055 5499
3 5490 5044 5055
3 5491 5492 5058
3 5492 5057 5058
3 5492 5502 5057
3 5491 5058 5046
3 5505 5504 5503
3 5503 5504 5495
3 5493 5503 5495
3 5506 5503 5493
3 5060 5506 5049
3 5049 5506 5493
3 5496 5497 5507
3 5507 5497 5508
3 5507 5062 5052
3 5507 5052 5496
3 5501 5499 5509
3 5501 5509 5510
3 5063 5509 5055
3 5055 5509 5499
3 5513 5512 5511
3 5502 5513 5511
3 5065 5502 5511
3 5057 5502 5065
3 5514 5505 5503
3 5516 5515 5514
3 5503 5516 5514
3 5506 5516 5503
3 5067 5516 5060
3 5060 5516 5506
3 5507 5508 5070
3 5508 5069 5070
3 5508 5517 5069
3 5507 5070 5062
3 5510 5509 5518
3 5510 5518 5519
3 5071 5518 5063
3 5063 5518 5509
3 5522 5521 5520
3 5522 5520 5512
3 5512 5520 5511
3 5520 5073 5511
3 5073 5074 5511
3 5511 5074 5065
3 5515 5516 5523
3 5515 5523 5524
3 5076 5523 5067
3 5067 5523 5516
3 5526 5525 5078
3 5078 5525 5079
3 5078 5069 5517
3 5078 5517 5526
3 5519 5518 5081
3 5082 5519 5081
3 5527 5519 5082
3 5081 5518 5071
3 5520 5521 5528
3 5528 5521 5529
3 5528 5084 5073
3 5528 5073 5520
3 5524 5523 5530
3 5524 5530 5531
3 5085 5532 5076
3 5532 5523 5076
3 5532 5530 5523
3 5532 5085 5533
3 5085 5534 5533
3 5085 5086 5534
3 5086 5079 5525
3 5086 5525 5534
3 5087 5527 5082
3 5087 5535 5527
3 5528 5529 5536
3 5536 5529 5537
3 5536 5089 5084
3 5536 5084 5528
3 5538 5531 5530
3 5538 5530 5532
3 5538 5532 5539
3 5539 5532 5533
3 5542 5541 5540
3 5541 5535 5540
3 5535 5090 5540
3 5535 5087 5090
3 5545 5544 5543
3 5545 5543 5537
3 5537 5543 5536
3 5543 5092 5536
3 5092 5093 5536
3 5536 5093 5089
3 5542 5540 5095
3 5096 5542 5095
3 5546 5542 5096
3 5095 5540 5090
3 5549 5548 5547
3 5549 5547 5544
3 5547 5543 5544
3 5547 5550 5543
3 5550 5098 5092
3 5550 5092 5543
3 5552 5551 5102
3 5552 5102 5103
3 5096 5102 5546
3 5546 5102 5551
3 5547 5548 5553
3 5553 5548 5554
3 5547 5555 5550
3 5547 5553 5555
3 5556 5104 5098
3 5550 5556 5098
3 5555 5556 5550
3 5556 5106 5104
3 5558 5557 5114
3 5558 5114 5113
3 5103 5114 5552
3 5552 5114 5557
3 5553 5554 5559
3 5559 5554 5560
3 5553 5561 5555
3 5553 5559 5561
3 5555 5562 5556
3 5555 5561 5562
3 5563 5115 5106
3 5556 5563 5106
3 5562 5563 5556
3 5564 5116 5115
3 5564 5115 5563
3 5565 5117 5116
3 5565 5116 5564
3 5565 5119 5117
3 5126 5566 5127
3 5127 5566 5567
3 5568 5127 5567
3 5128 5127 5568
3 5113 5128 5558
3 5558 5128 5568
3 5560 5569 5559
3 5559 5569 5561
3 5561 5569 5570
3 5572 5571 5570
3 5571 5561 5570
3 5571 5562 5561
3 5562 5573 5563
3 5562 5571 5573
3 5563 5574 5564
3 5563 5573 5574
3 5564 5575 5565
3 5564 5574 5575
3 5576 5129 5119
3 5565 5576 5119
3 5575 5576 5565
3 5577 5130 5129
3 5577 5129 5576
3 5578 5131 5130
3 5578 5130 5577
3 5579 5132 5131
3 5579 5131 5578
3 5580 5133 5132
3 5580 5132 5579
3 5133 5580 5581
3 5582 5133 5581
3 5134 5133 5582
3 5134 5583 5135
3 5582 5583 5134
3 5126 5135 5566
3 5135 5584 5566
3 5135 5583 5584
3 5566 5584 5567
3 5572 5585 5571
3 5571 5585 5573
3 5573 5585 5586
3 5573 5586 5574
3 5574 5586 5587
3 5574 5587 5575
3 5575 5587 5588
3 5575 5588 5576
3 5576 5588 5589
3 5576 5589 5577
3 5577 5589 5590
3 5577 5590 5578
3 5578 5590 5591
3 5578 5591 5579
3 5579 5591 5592
3 5579 5592 5580
3 5580 5592 5593
3 5580 5593 5581
3 5596 5595 5594
3 5136 5137 5594
3 5137 5596 5594
3 5137 5597 5596
3 5137 5138 5597
3 5597 5138 5598
3 5601 5600 5599
3 5139 5140 5599
3 5140 5601 5599
3 5140 5602 5601
3 5140 5141 5602
3 5602 5141 5603
3 5605 5604 5144
3 5144 5604 5143
3 5145 5594 5595
3 5605 5145 5595
3 5144 5145 5605
3 5594 5145 5136
3 5606 5598 5138
3 5606 5138 5146
3 5146 5147 5606
3 5606 5147 5607
3 5610 5609 5608
3 5148 5149 5608
3 5149 5610 5608
3 5149 5611 5610
3 5612 5149 5150
3 5612 5611 5149
3 5151 5599 5600
3 5612 5151 5600
3 5150 5151 5612
3 5599 5151 5139
3 5152 5603 5141
3 5152 5613 5603
3 5604 5153 5143
3 5614 5153 5604
3 5154 5607 5147
3 5154 5615 5607
3 5617 5616 5156
3 5156 5616 5155
3 5157 5608 5609
3 5617 5157 5609
3 5156 5157 5617
3 5608 5157 5148
3 5618 5613 5152
3 5618 5152 5158
3 5158 5159 5618
3 5618 5159 5619
3 5614 5160 5153
3 5620 5160 5614
3 5622 5621 5162
3 5622 5162 5163
3 5154 5162 5615
3 5615 5162 5621
3 5624 5623 5165
3 5165 5623 5164
3 5165 5155 5616
3 5165 5616 5624
3 5626 5625 5166
3 5626 5166 5167
3 5159 5166 5619
3 5619 5166 5625
3 5620 5168 5160
3 5627 5168 5620
3 5628 5622 5163
3 5628 5163 5170
3 5170 5171 5628
3 5628 5171 5629
3 5631 5630 5173
3 5173 5630 5172
3 5173 5164 5623
3 5173 5623 5631
3 5633 5632 5175
3 5633 5175 5176
3 5175 5634 5177
3 5632 5634 5175
3 5167 5177 5626
3 5626 5177 5634
3 5627 5178 5168
3 5635 5178 5627
3 5636 5629 5171
3 5636 5171 5179
3 5179 5180 5636
3 5636 5180 5637
3 5639 5638 5182
3 5182 5638 5181
3 5182 5172 5630
3 5182 5630 5639
3 5641 5640 5184
3 5641 5184 5185
3 5176 5184 5633
3 5633 5184 5640
3 5635 5642 5178
3 5178 5642 5186
3 5187 5186 5642
3 5187 5642 5643
3 5188 5637 5180
3 5188 5644 5637
3 5638 5189 5181
3 5645 5189 5638
3 5647 5646 5191
3 5647 5191 5192
3 5185 5191 5641
3 5641 5191 5646
3 5649 5193 5648
3 5193 5643 5648
3 5193 5187 5643
3 5650 5649 5648
3 5194 5644 5188
3 5194 5651 5644
3 5652 5195 5196
3 5653 5652 5196
3 5189 5653 5196
3 5645 5653 5189
3 5197 5647 5192
3 5197 5654 5647
3 5656 5198 5655
3 5198 5193 5655
3 5655 5193 5649
3 5657 5655 5649
3 5649 5650 5657
3 5198 5656 5200
3 5201 5651 5194
3 5201 5658 5651
3 5660 5659 5652
3 5659 5195 5652
3 5659 5202 5195
3 5660 5652 5653
3 5662 5661 5203
3 5662 5203 5204
3 5197 5203 5654
3 5654 5203 5661
3 5656 5655 5206
3 5655 5205 5206
3 5655 5663 5205
3 5656 5206 5200
3 5666 5665 5664
3 5665 5658 5664
3 5658 5207 5664
3 5658 5201 5207
3 5668 5208 5667
3 5208 5659 5667
3 5208 5202 5659
3 5669 5668 5667
3 5209 5662 5204
3 5209 5670 5662
3 5673 5672 5671
3 5211 5212 5671
3 5212 5673 5671
3 5212 5674 5673
3 5212 5205 5663
3 5212 5663 5674
3 5666 5664 5213
3 5214 5666 5213
3 5675 5666 5214
3 5213 5664 5207
3 5677 5215 5676
3 5215 5208 5676
3 5676 5208 5668
3 5678 5676 5668
3 5668 5669 5678
3 5215 5677 5217
3 5680 5679 5218
3 5680 5218 5219
3 5209 5218 5670
3 5670 5218 5679
3 5682 5681 5222
3 5222 5681 5221
3 5223 5671 5672
3 5682 5223 5672
3 5222 5223 5682
3 5671 5223 5211
3 5685 5684 5683
3 5684 5675 5683
3 5675 5225 5683
3 5675 5214 5225
3 5688 5687 5686
3 5688 5686 5676
3 5676 5686 5677
3 5686 5226 5677
3 5226 5227 5677
3 5677 5227 5217
3 5228 5680 5219
3 5228 5689 5680
3 5692 5691 5690
3 5230 5231 5690
3 5231 5692 5690
3 5231 5693 5692
3 5694 5231 5232
3 5694 5693 5231
3 5232 5221 5681
3 5232 5681 5694
3 5697 5696 5695
3 5695 5696 5685
3 5695 5685 5683
3 5234 5695 5683
3 5233 5234 5683
3 5233 5683 5225
3 5700 5699 5698
3 5700 5698 5687
3 5687 5698 5686
3 5698 5236 5686
3 5236 5237 5686
3 5686 5237 5226
3 5238 5689 5228
3 5238 5701 5689
3 5703 5702 5241
3 5241 5702 5240
3 5242 5690 5691
3 5703 5242 5691
3 5241 5242 5703
3 5690 5242 5230
3 5697 5695 5244
3 5245 5697 5244
3 5704 5697 5245
3 5244 5695 5234
3 5707 5706 5705
3 5707 5705 5699
3 5699 5705 5698
3 5705 5247 5698
3 5247 5248 5698
3 5698 5248 5236
3 5709 5708 5250
3 5709 5250 5251
3 5238 5250 5701
3 5701 5250 5708
3 5712 5711 5710
3 5702 5712 5710
3 5252 5702 5710
3 5240 5702 5252
3 5715 5714 5713
3 5254 5255 5713
3 5714 5254 5713
3 5716 5254 5714
3 5245 5254 5704
3 5704 5254 5716
3 5719 5718 5717
3 5719 5717 5706
3 5706 5717 5705
3 5717 5257 5705
3 5257 5258 5705
3 5705 5258 5247
3 5722 5721 5720
3 5721 5709 5720
3 5709 5259 5720
3 5709 5251 5259
3 5710 5711 5261
3 5711 5260 5261
3 5711 5723 5260
3 5710 5261 5252
3 5725 5724 5263
3 5725 5263 5264
3 5263 5726 5265
3 5724 5726 5263
3 5265 5727 5266
3 5726 5727 5265
3 5266 5728 5268
3 5727 5728 5266
3 5713 5270 5715
3 5270 5728 5715
3 5270 5268 5728
3 5270 5713 5255
3 5731 5730 5729
3 5731 5729 5718
3 5718 5729 5717
3 5729 5271 5717
3 5271 5272 5717
3 5717 5272 5257
3 5734 5733 5732
3 5735 5732 5733
3 5738 5737 5736
3 5740 5739 5736
3 5740 5736 5737
3 5739 5740 5722
3 5739 5722 5720
3 5275 5739 5720
3 5274 5275 5720
3 5274 5720 5259
3 5742 5276 5741
3 5276 5723 5741
3 5276 5260 5723
3 5743 5742 5741
3 5744 5725 5264
3 5744 5264 5278
3 5746 5745 5279
3 5745 5278 5279
3 5745 5744 5278
3 5746 5747 5745
3 5729 5730 5281
3 5730 5280 5281
3 5730 5748 5280
3 5729 5281 5271
3 5751 5750 5749
3 5749 5750 5734
3 5732 5749 5734
3 5752 5749 5732
3 5732 5735 5753
3 5754 5732 5753
3 5752 5732 5754
3 5754 5753 5738
3 5754 5738 5736
3 5284 5754 5736
3 5283 5284 5736
3 5283 5736 5286
3 5286 5736 5739
3 5286 5739 5275
3 5742 5287 5276
3 5288 5287 5742
3 5743 5288 5742
3 5755 5288 5743
3 5289 5746 5279
3 5289 5291 5746
3 5291 5747 5746
3 5291 5756 5747
3 5758 5757 5294
3 5294 5757 5293
3 5294 5280 5748
3 5294 5748 5758
3 5760 5759 5296
3 5760 5296 5297
3 5749 5299 5751
3 5299 5759 5751
3 5299 5296 5759
3 5299 5749 5301
3 5301 5749 5752
3 5301 5752 5303
3 5303 5752 5754
3 5303 5754 5284
3 5762 5305 5761
3 5305 5755 5761
3 5305 5288 5755
3 5763 5762 5761
3 5764 5756 5291
3 5764 5291 5306
3 5306 5308 5764
3 5764 5308 5765
3 5757 5309 5293
3 5766 5309 5757
3 5310 5760 5297
3 5310 5767 5760
3 5762 5311 5305
3 5312 5311 5762
3 5763 5312 5762
3 5768 5312 5763
3 5313 5765 5308
3 5313 5769 5765
3 5770 5314 5315
3 5771 5770 5315
3 5309 5771 5315
3 5766 5771 5309
3 5774 5773 5772
3 5773 5767 5772
3 5767 5317 5772
3 5767 5310 5317
3 5768 5318 5312
3 5775 5318 5768
3 5778 5777 5776
3 5777 5769 5776
3 5769 5319 5776
3 5769 5313 5319
3 5779 5320 5770
3 5770 5320 5314
3 5770 5771 5780
3 5781 5770 5780
3 5779 5770 5781
3 5781 5780 5774
3 5781 5774 5772
3 5322 5781 5772
3 5321 5322 5772
3 5321 5772 5317
3 5784 5783 5782
3 5786 5785 5782
3 5782 5785 5784
3 5775 5785 5786
3 5323 5775 5786
3 5318 5775 5323
3 5778 5776 5325
3 5326 5778 5325
3 5787 5778 5326
3 5325 5776 5319
3 5788 5327 5779
3 5779 5327 5320
3 5789 5779 5781
3 5788 5779 5789
3 5328 5789 5322
3 5322 5789 5781
3 5792 5791 5790
3 5792 5790 5783
3 5783 5790 5782
3 5790 5330 5782
3 5330 5331 5782
3 5782 5331 5332
3 5782 5332 5786
3 5786 5332 5323
3 5334 5787 5326
3 5334 5793 5787
3 5794 5335 5788
3 5788 5335 5327
3 5338 5794 5337
3 5794 5789 5337
3 5794 5788 5789
3 5337 5789 5328
3 5797 5796 5795
3 5797 5795 5791
3 5791 5795 5790
3 5795 5340 5790
3 5340 5341 5790
3 5790 5341 5330
3 5800 5799 5798
3 5799 5793 5798
3 5793 5343 5798
3 5793 5334 5343
3 5794 5344 5335
3 5344 5794 5338
3 5803 5802 5801
3 5805 5804 5801
3 5801 5804 5803
3 5348 5349 5805
3 5349 5804 5805
3 5349 5806 5804
3 5350 5795 5796
3 5806 5350 5796
3 5349 5350 5806
3 5795 5350 5340
3 5809 5808 5807
3 5807 5808 5800
3 5807 5800 5798
3 5354 5807 5798
3 5353 5354 5798
3 5353 5798 5343
3 5812 5811 5810
3 5812 5810 5802
3 5802 5810 5801
3 5810 5357 5801
3 5357 5358 5801
3 5801 5358 5359
3 5801 5359 5805
3 5805 5359 5348
3 5809 5807 5813
3 5809 5813 5814
3 5362 5813 5354
3 5354 5813 5807
3 5810 5811 5366
3 5811 5365 5366
3 5811 5815 5365
3 5810 5366 5357
3 5818 5817 5816
3 5816 5817 5814
3 5813 5816 5814
3 5819 5816 5813
3 5368 5819 5362
3 5362 5819 5813
3 5822 5821 5820
3 5369 5370 5820
3 5370 5822 5820
3 5370 5823 5822
3 5824 5370 5371
3 5824 5823 5370
3 5826 5824 5825
3 5824 5372 5825
3 5824 5371 5372
3 5373 5827 5372
3 5372 5827 5825
3 5374 5827 5373
3 5830 5829 5828
3 5815 5830 5828
3 5376 5815 5828
3 5365 5815 5376
3 5833 5832 5831
3 5835 5834 5831
3 5835 5831 5832
3 5834 5835 5818
3 5816 5834 5818
3 5836 5834 5816
3 5379 5836 5378
3 5836 5819 5378
3 5836 5816 5819
3 5378 5819 5368
3 5838 5837 5382
3 5382 5837 5381
3 5383 5820 5821
3 5838 5383 5821
3 5382 5383 5838
3 5820 5383 5369
3 5839 5826 5825
3 5385 5840 5384
3 5840 5825 5384
3 5825 5827 5384
3 5840 5839 5825
3 5384 5827 5374
3 5828 5829 5841
3 5841 5829 5842
3 5841 5386 5376
3 5841 5376 5828
3 5844 5843 5388
3 5844 5388 5389
3 5831 5391 5833
3 5391 5843 5833
3 5391 5388 5843
3 5391 5831 5393
3 5393 5831 5834
3 5393 5834 5395
3 5395 5834 5836
3 5395 5836 5379
3 5846 5845 5399
3 5399 5845 5398
3 5399 5381 5837
3 5399 5837 5846
3 5848 5847 5401
3 5848 5401 5402
3 5385 5401 5840
3 5840 5401 5847
3 5841 5842 5849
3 5849 5842 5850
3 5849 5403 5386
3 5849 5386 5841
3 5405 5851 5404
3 5851 5852 5404
3 5852 5389 5404
3 5852 5844 5389
3 5855 5854 5853
3 5845 5855 5853
3 5406 5845 5853
3 5398 5845 5406
3 5857 5856 5408
3 5857 5408 5409
3 5402 5408 5848
3 5848 5408 5856
3 5849 5850 5858
3 5858 5850 5859
3 5858 5410 5403
3 5858 5403 5849
3 5411 5851 5405
3 5411 5412 5851
3 5412 5852 5851
3 5412 5860 5852
3 5853 5854 5415
3 5854 5414 5415
3 5854 5861 5414
3 5853 5415 5406
3 5864 5863 5862
3 5863 5857 5862
3 5857 5416 5862
3 5857 5409 5416
3 5859 5865 5858
3 5410 5858 5865
3 5866 5410 5865
3 5418 5410 5866
3 5412 5419 5867
3 5868 5412 5867
3 5860 5412 5868
3 5421 5867 5419
3 5871 5870 5869
3 5861 5871 5869
3 5422 5861 5869
3 5414 5861 5422
3 5874 5873 5872
3 5872 5873 5864
3 5872 5864 5862
3 5424 5872 5862
3 5423 5424 5862
3 5423 5862 5416
3 5425 5418 5875
3 5418 5876 5875
3 5418 5866 5876
3 5875 5426 5425
3 5877 5868 5867
3 5879 5877 5878
3 5878 5877 5427
3 5877 5867 5427
3 5867 5421 5427
3 5429 5878 5427
3 5869 5870 5432
3 5870 5431 5432
3 5870 5880 5431
3 5869 5432 5422
3 5874 5872 5433
3 5434 5874 5433
3 5881 5874 5434
3 5433 5872 5424
3 5884 5883 5882
3 5884 5882 5876
3 5882 5875 5876
3 5882 5885 5875
3 5885 5436 5426
3 5885 5426 5875
3 5879 5878 5886
3 5879 5886 5887
3 5437 5888 5429
3 5888 5878 5429
3 5888 5886 5878
3 5438 5888 5437
3 5891 5890 5889
3 5880 5891 5889
3 5439 5880 5889
3 5431 5880 5439
3 5894 5893 5892
3 5893 5881 5892
3 5881 5440 5892
3 5881 5434 5440
3 5897 5896 5895
3 5897 5895 5883
3 5883 5895 5882
3 5895 5442 5882
3 5442 5443 5882
3 5882 5443 5444
3 5882 5444 5885
3 5885 5444 5436
3 5887 5886 5898
3 5887 5898 5899
3 5448 5898 5447
3 5898 5888 5447
3 5898 5886 5888
3 5447 5888 5438
3 5889 5890 5451
3 5890 5450 5451
3 5890 5900 5450
3 5889 5451 5439
3 5894 5892 5452
3 5453 5894 5452
3 5901 5894 5453
3 5452 5892 5440
3 5904 5903 5902
3 5904 5902 5896
3 5902 5895 5896
3 5902 5905 5895
3 5905 5455 5442
3 5905 5442 5895
3 5899 5898 5906
3 5899 5906 5907
3 5457 5906 5448
3 5448 5906 5898
3 5910 5909 5908
3 5900 5910 5908
3 5459 5900 5908
3 5450 5900 5459
3 5912 5911 5461
3 5912 5461 5462
3 5453 5461 5901
3 5901 5461 5911
3 5902 5903 5913
3 5913 5903 5914
3 5913 5464 5465
3 5905 5913 5465
3 5902 5913 5905
3 5905 5465 5455
3 5917 5916 5915
3 5915 5916 5907
3 5915 5907 5906
3 5468 5915 5906
3 5467 5468 5906
3 5467 5906 5457
3 5908 5909 5918
3 5918 5909 5919
3 5918 5469 5459
3 5918 5459 5908
3 5922 5921 5920
3 5921 5912 5920
3 5912 5470 5920
3 5912 5462 5470
3 5925 5924 5923
3 5925 5923 5914
3 5914 5923 5913
3 5923 5472 5913
3 5472 5473 5913
3 5913 5473 5464
3 5928 5927 5926
3 5926 5927 5917
3 5915 5926 5917
3 5929 5926 5915
3 5476 5929 5468
3 5468 5929 5915
3 5918 5919 5479
3 5919 5478 5479
3 5919 5930 5478
3 5918 5479 5469
3 5922 5920 5481
3 5482 5922 5481
3 5931 5922 5482
3 5481 5920 5470
3 5923 5924 5932
3 5932 5924 5933
3 5932 5484 5472
3 5932 5472 5923
3 5936 5935 5934
3 5934 5935 5928
3 5926 5934 5928
3 5937 5934 5926
3 5487 5937 5486
3 5937 5929 5486
3 5937 5926 5929
3 5486 5929 5476
3 5940 5939 5938
3 5930 5940 5938
3 5489 5930 5938
3 5478 5930 5489
3 5943 5942 5941
3 5942 5931 5941
3 5931 5490 5941
3 5931 5482 5490
3 5932 5933 5944
3 5944 5933 5945
3 5944 5492 5484
3 5944 5484 5932
3 5948 5947 5946
3 5946 5947 5936
3 5934 5946 5936
3 5949 5946 5934
3 5495 5949 5494
3 5949 5937 5494
3 5949 5934 5937
3 5494 5937 5487
3 5938 5939 5498
3 5939 5497 5498
3 5939 5950 5497
3 5938 5498 5489
3 5943 5941 5500
3 5501 5943 5500
3 5951 5943 5501
3 5500 5941 5490
3 5944 5945 5952
3 5952 5945 5953
3 5952 5502 5492
3 5952 5492 5944
3 5948 5946 5954
3 5948 5954 5955
3 5505 5954 5504
3 5954 5949 5504
3 5954 5946 5949
3 5504 5949 5495
3 5958 5957 5956
3 5950 5958 5956
3 5508 5950 5956
3 5497 5950 5508
3 5510 5951 5501
3 5510 5959 5951
3 5962 5961 5960
3 5962 5960 5953
3 5953 5960 5952
3 5960 5512 5952
3 5512 5513 5952
3 5952 5513 5502
3 5955 5954 5963
3 5955 5963 5964
3 5514 5965 5505
3 5965 5954 5505
3 5965 5963 5954
3 5515 5965 5514
3 5956 5957 5966
3 5966 5957 5967
3 5966 5517 5508
3 5966 5508 5956
3 5970 5969 5968
3 5969 5959 5968
3 5959 5519 5968
3 5959 5510 5519
3 5960 5961 5522
3 5961 5521 5522
3 5961 5971 5521
3 5960 5522 5512
3 5964 5963 5972
3 5964 5972 5973
3 5974 5963 5965
3 5972 5963 5974
3 5524 5974 5515
3 5515 5974 5965
3 5977 5976 5975
3 5977 5975 5967
3 5967 5975 5966
3 5975 5525 5966
3 5525 5526 5966
3 5966 5526 5517
3 5970 5968 5978
3 5970 5978 5979
3 5527 5978 5519
3 5519 5978 5968
3 5982 5981 5980
3 5971 5982 5980
3 5529 5971 5980
3 5521 5971 5529
3 5973 5972 5983
3 5973 5983 5984
3 5985 5972 5974
3 5983 5972 5985
3 5531 5985 5524
3 5524 5985 5974
3 5975 5976 5534
3 5976 5533 5534
3 5976 5986 5533
3 5975 5534 5525
3 5979 5978 5987
3 5979 5987 5988
3 5535 5987 5527
3 5527 5987 5978
3 5980 5981 5989
3 5989 5981 5990
3 5989 5537 5529
3 5989 5529 5980
3 5991 5984 5983
3 5993 5992 5991
3 5983 5993 5991
3 5985 5993 5983
3 5538 5994 5531
3 5994 5985 5531
3 5994 5993 5985
3 5994 5538 5995
3 5538 5996 5995
3 5538 5539 5996
3 5539 5533 5986
3 5539 5986 5996
3 5988 5987 5541
3 5542 5988 5541
3 5997 5988 5542
3 5541 5987 5535
3 6000 5999 5998
3 6000 5998 5990
3 5990 5998 5989
3 5998 5544 5989
3 5544 5545 5989
3 5989 5545 5537
3 6001 5992 5993
3 6001 5993 5994
3 6001 5994 6002
3 6002 5994 5995
3 6005 6004 6003
3 6004 5997 6003
3 5997 5546 6003
3 5997 5542 5546
3 6008 6007 6006
3 6008 6006 5999
3 5999 6006 5998
3 6006 5548 5998
3 5548 5549 5998
3 5998 5549 5544
3 6005 6003 5551
3 5552 6005 5551
3 6009 6005 5552
3 5551 6003 5546
3 6006 6007 6010
3 6010 6007 6011
3 6010 5554 5548
3 6010 5548 6006
3 5558 6012 5557
3 6012 6013 5557
3 6013 5552 5557
3 6013 6009 5552
3 6016 6015 6014
3 6016 6014 6011
3 6014 6010 6011
3 6014 6017 6010
3 6017 5560 5554
3 6017 5554 6010
3 5567 6018 5568
3 6018 6019 5568
3 5568 6019 5558
3 6019 6020 5558
3 6020 6012 5558
3 6012 6020 6013
3 6014 6015 6021
3 6021 6015 6022
3 6014 6023 6017
3 6014 6021 6023
3 6024 5569 5560
3 6017 6024 5560
3 6023 6024 6017
3 6025 5570 5569
3 6025 5569 6024
3 6025 5572 5570
3 5581 6026 5582
3 6027 5583 5582
3 6027 5582 6026
3 5583 6027 6028
3 6029 5583 6028
3 5584 5583 6029
3 5567 5584 6018
3 5584 6030 6018
3 5584 6029 6030
3 6018 6030 6019
3 6022 6031 6021
3 6033 6032 6031
3 6032 6021 6031
3 6032 6023 6021
3 6023 6034 6024
3 6023 6032 6034
3 6024 6035 6025
3 6024 6034 6035
3 6036 5585 5572
3 6025 6036 5572
3 6035 6036 6025
3 6037 5586 5585
3 6037 5585 6036
3 6038 5587 5586
3 6038 5586 6037
3 6039 5588 5587
3 6039 5587 6038
3 6040 5589 5588
3 6040 5588 6039
3 6041 5590 5589
3 6041 5589 6040
3 6042 5591 5590
3 6042 5590 6041
3 6043 5592 5591
3 6043 5591 6042
3 5592 6043 6044
3 6045 5592 6044
3 5593 5592 6045
3 5581 5593 6026
3 5593 6046 6026
3 5593 6045 6046
3 6026 6046 6027
3 6027 6046 6047
3 6027 6047 6028
3 6033 6048 6032
3 6032 6048 6034
3 6034 6048 6049
3 6034 6049 6035
3 6035 6049 6050
3 6052 6051 6050
3 6051 6035 6050
3 6051 6036 6035
3 6036 6053 6037
3 6036 6051 6053
3 6037 6054 6038
3 6037 6053 6054
3 6038 6055 6039
3 6038 6054 6055
3 6039 6056 6040
3 6039 6055 6056
3 6058 6041 6057
3 6041 6056 6057
3 6041 6040 6056
3 6041 6058 6042
3 6042 6058 6059
3 6042 6059 6043
3 6043 6059 6060
3 6043 6060 6044
3 6052 6061 6051
3 6051 6061 6053
3 6053 6061 6062
3 6053 6062 6054
3 6054 6062 6063
3 6054 6063 6055
3 6055 6063 6064
3 6055 6064 6056
3 6056 6064 6065
3 6056 6065 6057
3 6068 6067 6066
3 5595 5596 6066
3 5596 6068 6066
3 5596 6069 6068
3 6070 5596 5597
3 6070 6069 5596
3 5597 5598 6070
3 6070 5598 6071
3 6074 6073 6072
3 5600 5601 6072
3 5601 6074 6072
3 5601 6075 6074
3 6076 5601 5602
3 6076 6075 5601
3 5602 5603 6076
3 6076 5603 6077
3 6066 6067 5605
3 6067 5604 5605
3 6067 6078 5604
3 6066 5605 5595
3 6079 6071 5598
3 6079 5598 5606
3 5606 5607 6079
3 6079 5607 6080
3 6082 6081 5610
3 5610 6081 5609
3 6083 5610 5611
3 6083 6082 5610
3 5612 6072 6073
3 6083 5612 6073
3 5611 5612 6083
3 6072 5612 5600
3 5613 6085 6084
3 6077 5613 6084
3 5603 5613 6077
3 6085 6086 6084
3 6078 5614 5604
3 6087 5614 6078
3 6090 6089 6088
3 6089 6080 6088
3 6080 5615 6088
3 6080 5607 5615
3 6092 6091 5617
3 5617 6091 5616
3 5617 5609 6081
3 5617 6081 6092
3 5618 6085 5613
3 5618 5619 6085
3 5619 6086 6085
3 5619 6093 6086
3 6087 5620 5614
3 6094 5620 6087
3 6090 6088 5621
3 5622 6090 5621
3 6095 6090 5622
3 5621 6088 5615
3 6097 6096 5624
3 5624 6096 5623
3 5624 5616 6091
3 5624 6091 6097
3 6100 6099 6098
3 5625 5626 6098
3 6099 5625 6098
3 6101 5625 6099
3 5619 5625 6093
3 6093 5625 6101
3 6094 5627 5620
3 6102 5627 6094
3 6103 6095 5622
3 6103 5622 5628
3 6105 6104 5629
3 6104 5628 5629
3 6104 6103 5628
3 6105 6106 6104
3 6108 6107 5631
3 5631 6107 5630
3 5631 5623 6096
3 5631 6096 6108
3 6111 6110 6109
3 5632 5633 6109
3 6110 5632 6109
3 6112 5632 6110
3 6098 5634 6100
3 5634 6112 6100
3 5634 5632 6112
3 5634 6098 5626
3 6114 5635 6113
3 5635 6102 6113
3 5635 5627 6102
3 6115 6114 6113
3 5636 6105 5629
3 5636 5637 6105
3 5637 6106 6105
3 5637 6116 6106
3 6118 6117 5639
3 5639 6117 5638
3 5639 5630 6107
3 5639 6107 6118
3 6111 6109 5640
3 5641 6111 5640
3 6119 6111 5641
3 5640 6109 5633
3 6114 5642 5635
3 6121 6120 5643
3 6121 5643 5642
3 6115 6121 5642
3 6114 6115 5642
3 6122 6120 6121
3 5644 6116 5637
3 5644 6123 6116
3 6117 5645 5638
3 6124 5645 6117
3 6126 6125 5646
3 6126 5646 5647
3 5641 5646 6119
3 6119 5646 6125
3 6120 5648 5643
3 5650 5648 6120
3 6122 5650 6120
3 6127 5650 6122
3 5651 6123 5644
3 5651 6128 6123
3 6124 5653 5645
3 6129 5653 6124
3 5654 6126 5647
3 5654 6130 6126
3 6132 6131 5657
3 5657 6131 5655
3 5657 5650 6127
3 5657 6127 6132
3 5658 6128 5651
3 5658 6133 6128
3 6134 5659 5660
3 6135 6134 5660
3 5653 6135 5660
3 6129 6135 5653
3 6137 6136 5661
3 6137 5661 5662
3 5654 5661 6130
3 6130 5661 6136
3 6140 6139 6138
3 6131 6140 6138
3 5663 6131 6138
3 5655 6131 5663
3 6142 6141 5665
3 6142 5665 5666
3 5658 5665 6133
3 6133 5665 6141
3 6144 5667 6143
3 5667 5659 6143
3 6143 5659 6134
3 6145 6143 6134
3 6134 6135 6145
3 5667 6144 5669
3 5670 6137 5662
3 5670 6146 6137
3 6149 6148 6147
3 5672 5673 6147
3 5673 6149 6147
3 5673 6150 6149
3 5674 6138 6139
3 6150 5674 6139
3 5673 5674 6150
3 6138 5674 5663
3 6153 6152 6151
3 6152 6142 6151
3 6142 5675 6151
3 6142 5666 5675
3 6156 6155 6154
3 6156 6154 6143
3 6143 6154 6144
3 6154 5676 6144
3 5676 5678 6144
3 6144 5678 5669
3 6158 6157 5679
3 6158 5679 5680
3 5670 5679 6146
3 6146 5679 6157
3 6161 6160 6159
3 6161 6159 6148
3 6148 6159 6147
3 6159 5681 6147
3 5681 5682 6147
3 6147 5682 5672
3 6164 6163 6162
3 6162 6163 6153
3 6162 6153 6151
3 5685 6162 6151
3 5684 5685 6151
3 5684 6151 5675
3 6167 6166 6165
3 6167 6165 6155
3 6155 6165 6154
3 6165 5687 6154
3 5687 5688 6154
3 6154 5688 5676
3 5689 6158 5680
3 5689 6168 6158
3 6171 6170 6169
3 5691 5692 6169
3 5692 6171 6169
3 5692 6172 6171
3 6173 5692 5693
3 6173 6172 5692
3 5694 6159 6160
3 6173 5694 6160
3 5693 5694 6173
3 6159 5694 5681
3 6164 6162 5696
3 5697 6164 5696
3 6174 6164 5697
3 5696 6162 5685
3 6177 6176 6175
3 6177 6175 6166
3 6166 6175 6165
3 6175 5699 6165
3 5699 5700 6165
3 6165 5700 5687
3 6180 6179 6178
3 6179 6168 6178
3 6168 5701 6178
3 6168 5689 5701
3 6183 6182 6181
3 6183 6181 6170
3 6170 6181 6169
3 6181 5702 6169
3 5702 5703 6169
3 6169 5703 5691
3 6186 6185 6184
3 6185 6174 6184
3 6174 5704 6184
3 6174 5697 5704
3 6175 6176 5707
3 6176 5706 5707
3 6176 6187 5706
3 6175 5707 5699
3 6180 6178 5708
3 5709 6180 5708
3 6188 6180 5709
3 5708 6178 5701
3 6181 6182 5712
3 6182 5711 5712
3 6182 6189 5711
3 6181 5712 5702
3 6191 6190 5714
3 6191 5714 5715
3 6184 5716 6186
3 5716 6190 6186
3 5716 5714 6190
3 5716 6184 5704
3 6193 6192 5719
3 5719 6192 5718
3 5719 5706 6187
3 5719 6187 6193
3 6196 6195 6194
3 6198 6197 6194
3 6198 6194 6195
3 6200 6199 6197
3 6200 6197 6198
3 5721 5722 6199
3 6200 5721 6199
3 6201 5721 6200
3 5709 5721 6188
3 6188 5721 6201
3 6189 5723 5711
3 6202 5723 6189
3 5725 6203 5724
3 5724 6203 6204
3 6205 5724 6204
3 5726 5724 6205
3 5726 6206 5727
3 6205 6206 5726
3 5727 6207 5728
3 6206 6207 5727
3 5715 5728 6191
3 6191 5728 6207
3 6209 6208 5731
3 5731 6208 5730
3 5731 5718 6192
3 5731 6192 6209
3 6212 6211 6210
3 5733 5734 6210
3 6211 5733 6210
3 6213 5733 6211
3 6194 6214 5735
3 6213 6194 5735
3 5733 6213 5735
3 6196 6194 6213
3 5738 6214 5737
3 6214 6197 5737
3 6214 6194 6197
3 5737 6197 5740
3 5740 6197 6199
3 5740 6199 5722
3 6202 6215 5723
3 5723 6215 5741
3 5743 5741 6215
3 5743 6215 6216
3 5744 6203 5725
3 6217 6204 6203
3 5744 6217 6203
3 5745 6217 5744
3 5745 5747 6217
3 6217 5747 6218
3 6208 5748 5730
3 6219 5748 6208
3 6212 6210 5750
3 5751 6212 5750
3 6220 6212 5751
3 5750 6210 5734
3 6214 5753 5735
3 5753 6214 5738
3 6216 5755 5743
3 6221 5755 6216
3 5756 6218 5747
3 5756 6222 6218
3 6224 6223 5758
3 5758 6223 5757
3 6219 6225 5748
3 6225 6226 5748
3 6227 5748 6226
3 5748 6227 5758
3 6228 5758 6227
3 5758 6228 6225
3 6225 6224 5758
3 6219 6224 6225
3 6225 6228 6226
3 5759 5760 6227
3 6226 5759 6227
3 6229 5759 6226
3 5751 5759 6220
3 6220 5759 6229
3 5761 5755 6230
3 5755 6231 6230
3 5755 6221 6231
3 6230 5763 5761
3 5756 5764 6232
3 6233 5756 6232
3 6222 5756 6233
3 5765 6232 5764
3 6235 5766 6234
3 5766 6223 6234
3 5766 5757 6223
3 6235 6234 6228
3 6227 6235 6228
3 6236 6235 6227
3 5767 6236 5760
3 5760 6236 6227
3 6230 6231 6237
3 6237 6231 6238
3 6237 5768 5763
3 6237 5763 6230
3 6233 6232 6239
3 6233 6239 6240
3 5769 6239 5765
3 5765 6239 6232
3 6241 5771 6235
3 6235 5771 5766
3 5774 6241 5773
3 6241 6236 5773
3 6241 6235 6236
3 5773 6236 5767
3 6244 6243 6242
3 6244 6242 6238
3 6242 6237 6238
3 6242 6245 6237
3 6245 5775 5768
3 6245 5768 6237
3 6240 6239 5777
3 5778 6240 5777
3 6246 6240 5778
3 5777 6239 5769
3 6241 5780 5771
3 5780 6241 5774
3 6249 6248 6247
3 6249 6247 6243
3 6243 6247 6242
3 6247 5783 6242
3 5783 5784 6242
3 6242 5784 5785
3 6242 5785 6245
3 6245 5785 5775
3 6252 6251 6250
3 6251 6246 6250
3 6246 5787 6250
3 6246 5778 5787
3 6255 6254 6253
3 6255 6253 6248
3 6248 6253 6247
3 6253 5791 6247
3 5791 5792 6247
3 6247 5792 5783
3 6252 6250 6256
3 6252 6256 6257
3 5793 6256 5787
3 5787 6256 6250
3 6260 6259 6258
3 6262 6261 6258
3 6258 6261 6260
3 6264 6263 6262
3 6262 6263 6261
3 6263 6264 6254
3 6254 6264 6253
3 6264 5796 6253
3 5796 5797 6253
3 6253 5797 5791
3 6267 6266 6265
3 6265 6266 6257
3 6265 6257 6256
3 5800 6265 6256
3 5799 5800 6256
3 5799 6256 5793
3 6270 6269 6268
3 6272 6271 6268
3 6268 6271 6270
3 6271 6272 6259
3 6259 6272 6258
3 6272 5802 6258
3 5802 5803 6258
3 6258 5803 5804
3 6258 5804 6262
3 6262 5804 5806
3 6262 5806 6264
3 6264 5806 5796
3 6275 6274 6273
3 6273 6274 6267
3 6273 6267 6265
3 5809 6273 6265
3 5808 5809 6265
3 5808 6265 5800
3 6268 6269 6276
3 6276 6269 6277
3 6276 5811 5812
3 6272 6276 5812
3 6268 6276 6272
3 6272 5812 5802
3 6280 6279 6278
3 6278 6279 6275
3 6273 6278 6275
3 6281 6278 6273
3 5814 6281 5809
3 5809 6281 6273
3 6284 6283 6282
3 6282 6285 6284
3 6276 6277 6286
3 6286 6277 6287
3 6286 5815 5811
3 6286 5811 6276
3 6290 6289 6288
3 6288 6289 6280
3 6278 6288 6280
3 6291 6288 6278
3 5818 6291 5817
3 6291 6281 5817
3 6291 6278 6281
3 5817 6281 5814
3 6294 6293 6292
3 6294 6292 6283
3 6292 6282 6283
3 6292 6295 6282
3 6285 6282 6296
3 6282 6297 6296
3 6282 6295 6297
3 5821 5822 6297
3 5822 6296 6297
3 5822 6298 6296
3 6299 5822 5823
3 6299 6298 5822
3 6300 5823 5824
3 6300 6299 5823
3 5824 5826 6300
3 6300 5826 6301
3 6286 6287 5830
3 6287 5829 5830
3 6287 6302 5829
3 6286 5830 5815
3 6305 6304 6303
3 6303 6304 6290
3 6303 6290 6288
3 5833 6303 6288
3 5832 5833 6288
3 5832 6288 5835
3 5835 6288 6291
3 5835 6291 5818
3 6292 6293 6306
3 6306 6293 6307
3 6292 6308 6295
3 6292 6306 6308
3 6308 5837 5838
3 6297 6308 5838
3 6295 6308 6297
3 6297 5838 5821
3 5826 5839 6309
3 6310 5826 6309
3 6301 5826 6310
3 5840 6309 5839
3 6302 5842 5829
3 6311 5842 6302
3 6314 6313 6312
3 6312 6313 6305
3 6312 6305 6303
3 5844 6312 6303
3 5843 5844 6303
3 5843 6303 5833
3 6306 6307 6315
3 6315 6307 6316
3 6315 5845 5846
3 6308 6315 5846
3 6306 6315 6308
3 6308 5846 5837
3 6319 6318 6317
3 6317 6318 6310
3 6317 6310 6309
3 5848 6317 6309
3 5847 5848 6309
3 5847 6309 5840
3 6311 5850 5842
3 6320 5850 6311
3 6314 6312 6321
3 6314 6321 6322
3 5852 6321 5844
3 5844 6321 6312
3 6315 6316 5855
3 6316 5854 5855
3 6316 6323 5854
3 6315 5855 5845
3 6326 6325 6324
3 6324 6325 6319
3 6324 6319 6317
3 5857 6324 6317
3 5856 5857 6317
3 5856 6317 5848
3 6320 5859 5850
3 6327 5859 6320
3 6322 6321 6328
3 6322 6328 6329
3 5860 6328 5852
3 5852 6328 6321
3 6332 6331 6330
3 6334 6333 6330
3 6330 6333 6332
3 6323 6333 6334
3 5861 6323 6334
3 5854 6323 5861
3 6326 6324 5863
3 5864 6326 5863
3 6335 6326 5864
3 5863 6324 5857
3 6338 6337 6336
3 6336 6339 5865
3 6327 6336 5865
3 5859 6327 5865
3 6336 6327 6338
3 6339 5866 5865
3 6340 6329 6328
3 6328 5860 6340
3 5860 6341 6340
3 5860 5868 6341
3 6344 6343 6342
3 6344 6342 6331
3 6342 6330 6331
3 6342 6345 6330
3 6345 5870 5871
3 6334 6345 5871
3 6330 6345 6334
3 6334 5871 5861
3 6347 6346 5873
3 6347 5873 5874
3 5864 5873 6335
3 6335 5873 6346
3 6336 6337 6348
3 6348 6337 6349
3 6336 6350 6339
3 6336 6348 6350
3 6350 5876 5866
3 6350 5866 6339
3 5868 5877 6351
3 6352 5868 6351
3 6341 5868 6352
3 5879 6351 5877
3 6342 6343 6353
3 6353 6343 6354
3 6342 6355 6345
3 6342 6353 6355
3 6355 5880 5870
3 6355 5870 6345
3 5881 6347 5874
3 5881 6356 6347
3 6359 6358 6357
3 6359 6357 6349
3 6357 6348 6349
3 6357 6360 6348
3 6360 5883 5884
3 6350 6360 5884
3 6348 6360 6350
3 6350 5884 5876
3 6352 6351 6361
3 6352 6361 6362
3 5887 6361 5879
3 5879 6361 6351
3 6353 6354 6363
3 6363 6354 6364
3 6363 5890 5891
3 6355 6363 5891
3 6353 6363 6355
3 6355 5891 5880
3 6366 6365 5893
3 6366 5893 5894
3 5881 5893 6356
3 6356 5893 6365
3 6369 6368 6367
3 6369 6367 6358
3 6367 6357 6358
3 6367 6370 6357
3 6370 5896 5897
3 6360 6370 5897
3 6357 6370 6360
3 6360 5897 5883
3 6373 6372 6371
3 6371 6372 6362
3 6361 6371 6362
3 6374 6371 6361
3 5899 6374 5887
3 5887 6374 6361
3 6363 6364 6375
3 6375 6364 6376
3 6375 5900 5890
3 6375 5890 6363
3 6379 6378 6377
3 6378 6366 6377
3 6366 5901 6377
3 6366 5894 5901
3 6367 6368 6380
3 6380 6368 6381
3 6380 5903 5904
3 6370 6380 5904
3 6367 6380 6370
3 6370 5904 5896
3 6373 6371 6382
3 6373 6382 6383
3 6384 6371 6374
3 6382 6371 6384
3 5907 6384 5899
3 5899 6384 6374
3 6375 6376 5910
3 6376 5909 5910
3 6376 6385 5909
3 6375 5910 5900
3 6379 6377 5911
3 5912 6379 5911
3 6386 6379 5912
3 5911 6377 5901
3 6389 6388 6387
3 6389 6387 6381
3 6387 6380 6381
3 6387 6390 6380
3 6390 5914 5903
3 6390 5903 6380
3 6393 6392 6391
3 6391 6392 6383
3 6382 6391 6383
3 6394 6391 6382
3 5917 6394 5916
3 6394 6384 5916
3 6394 6382 6384
3 5916 6384 5907
3 6397 6396 6395
3 6385 6397 6395
3 5919 6385 6395
3 5909 6385 5919
3 6399 6398 5921
3 6399 5921 5922
3 5912 5921 6386
3 6386 5921 6398
3 6387 6388 6400
3 6400 6388 6401
3 6400 5924 5925
3 6390 6400 5925
3 6387 6400 6390
3 6390 5925 5914
3 6404 6403 6402
3 6402 6403 6393
3 6391 6402 6393
3 6405 6402 6391
3 5928 6405 5927
3 6405 6394 5927
3 6405 6391 6394
3 5927 6394 5917
3 6395 6396 6406
3 6406 6396 6407
3 6406 5930 5919
3 6406 5919 6395
3 6410 6409 6408
3 6409 6399 6408
3 6399 5931 6408
3 6399 5922 5931
3 6400 6401 6411
3 6411 6401 6412
3 6411 5933 5924
3 6411 5924 6400
3 6415 6414 6413
3 6413 6414 6404
3 6402 6413 6404
3 6416 6413 6402
3 5936 6416 5935
3 6416 6405 5935
3 6416 6402 6405
3 5935 6405 5928
3 6419 6418 6417
3 6419 6417 6407
3 6407 6417 6406
3 6417 5939 6406
3 5939 5940 6406
3 6406 5940 5930
3 6410 6408 5942
3 5943 6410 5942
3 6420 6410 5943
3 5942 6408 5931
3 6411 6412 6421
3 6421 6412 6422
3 6421 5945 5933
3 6421 5933 6411
3 6415 6413 6423
3 6415 6423 6424
3 5948 6423 5947
3 6423 6416 5947
3 6423 6413 6416
3 5947 6416 5936
3 6417 6418 6425
3 6425 6418 6426
3 6425 5950 5939
3 6425 5939 6417
3 5951 6420 5943
3 5951 6427 6420
3 6421 6422 6428
3 6428 6422 6429
3 6428 5953 5945
3 6428 5945 6421
3 6424 6423 6430
3 6424 6430 6431
3 5955 6430 5948
3 5948 6430 6423
3 6434 6433 6432
3 6434 6432 6426
3 6426 6432 6425
3 6432 5957 6425
3 5957 5958 6425
3 6425 5958 5950
3 6437 6436 6435
3 6436 6427 6435
3 6427 5959 6435
3 6427 5951 5959
3 6440 6439 6438
3 6440 6438 6429
3 6429 6438 6428
3 6438 5961 6428
3 5961 5962 6428
3 6428 5962 5953
3 6431 6430 6441
3 6431 6441 6442
3 5964 6441 5955
3 5955 6441 6430
3 6432 6433 6443
3 6443 6433 6444
3 6443 5967 5957
3 6443 5957 6432
3 6437 6435 5969
3 5970 6437 5969
3 6445 6437 5970
3 5969 6435 5959
3 6438 6439 6446
3 6446 6439 6447
3 6446 5971 5961
3 6446 5961 6438
3 6442 6441 6448
3 6442 6448 6449
3 5973 6448 5964
3 5964 6448 6441
3 6452 6451 6450
3 6452 6450 6444
3 6444 6450 6443
3 6450 5976 6443
3 5976 5977 6443
3 6443 5977 5967
3 5979 6445 5970
3 5979 6453 6445
3 6456 6455 6454
3 6456 6454 6447
3 6447 6454 6446
3 6454 5981 6446
3 5981 5982 6446
3 6446 5982 5971
3 6459 6458 6457
3 6457 6458 6449
3 6448 6457 6449
3 6460 6457 6448
3 5984 6460 5973
3 5973 6460 6448
3 6450 6451 6461
3 6461 6451 6462
3 6461 5986 5976
3 6461 5976 6450
3 6465 6464 6463
3 6464 6453 6463
3 6453 5988 6463
3 6453 5979 5988
3 6454 6455 6466
3 6466 6455 6467
3 6466 5990 5981
3 6466 5981 6454
3 6459 6457 6468
3 6459 6468 6469
3 6470 6457 6460
3 6468 6457 6470
3 5991 6471 5984
3 6471 6460 5984
3 6471 6470 6460
3 5992 6471 5991
3 6461 6462 5996
3 6462 5995 5996
3 6462 6472 5995
3 6461 5996 5986
3 6465 6463 6473
3 6465 6473 6474
3 5997 6473 5988
3 5988 6473 6463
3 6477 6476 6475
3 6477 6475 6467
3 6467 6475 6466
3 6475 5999 6466
3 5999 6000 6466
3 6466 6000 5990
3 6469 6468 6478
3 6469 6478 6479
3 6480 6468 6470
3 6478 6468 6480
3 6481 6470 6471
3 6480 6470 6481
3 6481 6471 5992
3 6482 6481 5992
3 6001 6482 5992
3 6483 6481 6482
3 6484 6001 6002
3 6484 6482 6001
3 6002 5995 6472
3 6002 6472 6484
3 6474 6473 6004
3 6005 6474 6004
3 6485 6474 6005
3 6004 6473 5997
3 6488 6487 6486
3 6488 6486 6476
3 6476 6486 6475
3 6486 6007 6475
3 6007 6008 6475
3 6475 6008 5999
3 6489 6479 6478
3 6489 6478 6480
3 6489 6480 6490
3 6490 6480 6481
3 6490 6481 6491
3 6491 6481 6483
3 6009 6485 6005
3 6009 6492 6485
3 6486 6487 6493
3 6493 6487 6494
3 6493 6011 6007
3 6493 6007 6486
3 6497 6496 6495
3 6496 6492 6495
3 6492 6013 6495
3 6492 6009 6013
3 6500 6499 6498
3 6500 6498 6494
3 6494 6498 6493
3 6498 6015 6493
3 6015 6016 6493
3 6493 6016 6011
3 6497 6495 6020
3 6019 6497 6020
3 6501 6497 6019
3 6020 6495 6013
3 6498 6499 6502
3 6502 6499 6503
3 6502 6022 6015
3 6502 6015 6498
3 6028 6504 6029
3 6029 6504 6505
3 6506 6029 6505
3 6030 6029 6506
3 6019 6030 6501
3 6501 6030 6506
3 6502 6503 6507
3 6507 6503 6508
3 6509 6031 6022
3 6502 6509 6022
3 6507 6509 6502
3 6509 6033 6031
3 6044 6510 6045
3 6511 6046 6045
3 6511 6045 6510
3 6046 6511 6512
3 6513 6046 6512
3 6047 6046 6513
3 6028 6047 6504
3 6047 6514 6504
3 6047 6513 6514
3 6504 6514 6505
3 6507 6508 6515
3 6515 6508 6516
3 6507 6517 6509
3 6507 6515 6517
3 6518 6048 6033
3 6509 6518 6033
3 6517 6518 6509
3 6519 6049 6048
3 6519 6048 6518
3 6520 6050 6049
3 6520 6049 6519
3 6520 6052 6050
3 6057 6521 6058
3 6522 6059 6058
3 6522 6058 6521
3 6059 6522 6523
3 6524 6059 6523
3 6060 6059 6524
3 6044 6060 6510
3 6060 6525 6510
3 6060 6524 6525
3 6510 6525 6511
3 6511 6525 6526
3 6511 6526 6512
3 6516 6527 6515
3 6515 6527 6517
3 6517 6527 6528
3 6517 6528 6518
3 6518 6528 6529
3 6531 6530 6529
3 6530 6518 6529
3 6530 6519 6518
3 6519 6532 6520
3 6519 6530 6532
3 6533 6061 6052
3 6520 6533 6052
3 6532 6533 6520
3 6534 6062 6061
3 6534 6061 6533
3 6535 6063 6062
3 6535 6062 6534
3 6536 6064 6063
3 6536 6063 6535
3 6537 6065 6064
3 6537 6064 6536
3 6537 6538 6065
3 6065 6538 6057
3 6538 6539 6057
3 6539 6521 6057
3 6521 6539 6522
3 6522 6539 6540
3 6522 6540 6523
3 6531 6541 6530
3 6530 6541 6532
3 6532 6541 6542
3 6532 6542 6533
3 6533 6542 6543
3 6533 6543 6534
3 6534 6543 6544
3 6534 6544 6535
3 6535 6544 6545
3 6535 6545 6536
3 6536 6545 6546
3 6536 6546 6537
3 6537 6546 6547
3 6537 6547 6538
3 6550 6549 6548
3 6548 6551 6550
3 6554 6553 6552
3 6552 6555 6554
3 6557 6556 6068
3 6068 6556 6067
3 6069 6548 6549
3 6557 6069 6549
3 6068 6069 6557
3 6558 6551 6548
3 6069 6558 6548
3 6070 6558 6069
3 6070 6071 6558
3 6558 6071 6559
3 6561 6560 6074
3 6074 6560 6073
3 6562 6074 6075
3 6562 6561 6074
3 6076 6552 6553
3 6562 6076 6553
3 6075 6076 6562
3 6076 6077 6552
3 6077 6555 6552
3 6077 6563 6555
3 6556 6078 6067
3 6564 6078 6556
3 6565 6559 6071
3 6565 6071 6079
3 6079 6080 6565
3 6565 6080 6566
3 6568 6567 6082
3 6082 6567 6081
3 6569 6082 6083
3 6569 6568 6082
3 6083 6073 6560
3 6083 6560 6569
3 6570 6563 6077
3 6570 6077 6084
3 6084 6086 6570
3 6570 6086 6571
3 6564 6087 6078
3 6572 6087 6564
3 6574 6573 6089
3 6574 6089 6090
3 6080 6089 6566
3 6566 6089 6573
3 6576 6575 6092
3 6092 6575 6091
3 6092 6081 6567
3 6092 6567 6576
3 6579 6578 6577
3 6578 6571 6577
3 6571 6093 6577
3 6571 6086 6093
3 6572 6094 6087
3 6580 6094 6572
3 6095 6574 6090
3 6095 6581 6574
3 6583 6582 6097
3 6097 6582 6096
3 6097 6091 6575
3 6097 6575 6583
3 6586 6585 6584
3 6099 6100 6584
3 6585 6099 6584
3 6587 6099 6585
3 6577 6101 6579
3 6101 6587 6579
3 6101 6099 6587
3 6101 6577 6093
3 6589 6102 6588
3 6102 6580 6588
3 6102 6094 6580
3 6590 6589 6588
3 6591 6581 6095
3 6591 6095 6103
3 6592 6103 6104
3 6592 6591 6103
3 6104 6106 6592
3 6592 6106 6593
3 6595 6594 6108
3 6108 6594 6107
3 6108 6096 6582
3 6108 6582 6595
3 6597 6596 6110
3 6597 6110 6111
3 6584 6112 6586
3 6112 6596 6586
3 6112 6110 6596
3 6112 6584 6100
3 6589 6113 6102
3 6115 6113 6589
3 6590 6115 6589
3 6598 6115 6590
3 6116 6593 6106
3 6116 6599 6593
3 6601 6600 6118
3 6118 6600 6117
3 6118 6107 6594
3 6118 6594 6601
3 6119 6597 6111
3 6119 6602 6597
3 6598 6603 6115
3 6115 6603 6121
3 6122 6121 6603
3 6122 6603 6604
3 6123 6599 6116
3 6123 6605 6599
3 6600 6124 6117
3 6606 6124 6600
3 6608 6607 6125
3 6608 6125 6126
3 6119 6125 6602
3 6602 6125 6607
3 6604 6127 6122
3 6609 6127 6604
3 6128 6605 6123
3 6128 6610 6605
3 6606 6129 6124
3 6611 6129 6606
3 6130 6608 6126
3 6130 6612 6608
3 6614 6613 6132
3 6132 6613 6131
3 6132 6127 6609
3 6132 6609 6614
3 6617 6616 6615
3 6616 6610 6615
3 6610 6133 6615
3 6610 6128 6133
3 6620 6619 6618
3 6611 6620 6618
3 6135 6611 6618
3 6129 6611 6135
3 6622 6621 6136
3 6622 6136 6137
3 6130 6136 6612
3 6612 6136 6621
3 6624 6623 6140
3 6140 6623 6139
3 6140 6131 6613
3 6140 6613 6624
3 6617 6615 6141
3 6142 6617 6141
3 6625 6617 6142
3 6141 6615 6133
3 6628 6627 6626
3 6628 6626 6619
3 6619 6626 6618
3 6626 6143 6618
3 6143 6145 6618
3 6618 6145 6135
3 6146 6622 6137
3 6146 6629 6622
3 6631 6630 6149
3 6149 6630 6148
3 6632 6149 6150
3 6632 6631 6149
3 6150 6139 6623
3 6150 6623 6632
3 6634 6633 6152
3 6634 6152 6153
3 6142 6152 6625
3 6625 6152 6633
3 6637 6636 6635
3 6637 6635 6627
3 6627 6635 6626
3 6635 6155 6626
3 6155 6156 6626
3 6626 6156 6143
3 6639 6638 6157
3 6639 6157 6158
3 6146 6157 6629
3 6629 6157 6638
3 6642 6641 6640
3 6160 6161 6640
3 6161 6642 6640
3 6161 6643 6642
3 6161 6148 6630
3 6161 6630 6643
3 6645 6644 6163
3 6645 6163 6164
3 6153 6163 6634
3 6634 6163 6644
3 6635 6636 6167
3 6636 6166 6167
3 6636 6646 6166
3 6635 6167 6155
3 6649 6648 6647
3 6648 6639 6647
3 6639 6168 6647
3 6639 6158 6168
3 6651 6650 6171
3 6171 6650 6170
3 6652 6171 6172
3 6652 6651 6171
3 6173 6640 6641
3 6652 6173 6641
3 6172 6173 6652
3 6640 6173 6160
3 6655 6654 6653
3 6654 6645 6653
3 6645 6174 6653
3 6645 6164 6174
3 6657 6656 6177
3 6177 6656 6176
3 6177 6166 6646
3 6177 6646 6657
3 6649 6647 6179
3 6180 6649 6179
3 6658 6649 6180
3 6179 6647 6168
3 6660 6659 6183
3 6183 6659 6182
3 6183 6170 6650
3 6183 6650 6660
3 6663 6662 6661
3 6661 6662 6655
3 6661 6655 6653
3 6186 6661 6653
3 6185 6186 6653
3 6185 6653 6174
3 6666 6665 6664
3 6656 6666 6664
3 6187 6656 6664
3 6176 6656 6187
3 6669 6668 6667
3 6671 6670 6667
3 6671 6667 6668
3 6673 6672 6670
3 6673 6670 6671
3 6675 6674 6672
3 6675 6672 6673
3 6675 6658 6674
3 6658 6188 6674
3 6658 6180 6188
3 6659 6189 6182
3 6676 6189 6659
3 6679 6678 6677
3 6677 6678 6663
3 6677 6663 6661
3 6191 6677 6661
3 6190 6191 6661
3 6190 6661 6186
3 6664 6665 6193
3 6665 6192 6193
3 6665 6680 6192
3 6187 6664 6193
3 6683 6682 6681
3 6685 6684 6682
3 6685 6682 6683
3 6684 6685 6669
3 6684 6669 6667
3 6196 6684 6667
3 6195 6196 6667
3 6195 6667 6198
3 6198 6667 6670
3 6198 6670 6200
3 6200 6670 6672
3 6200 6672 6201
3 6201 6672 6674
3 6201 6674 6188
3 6676 6202 6189
3 6686 6202 6676
3 6204 6687 6205
3 6205 6687 6688
3 6689 6205 6688
3 6206 6205 6689
3 6677 6207 6679
3 6207 6689 6679
3 6207 6206 6689
3 6207 6677 6191
3 6691 6690 6209
3 6209 6690 6208
3 6209 6192 6680
3 6209 6680 6691
3 6681 6682 6211
3 6212 6681 6211
3 6692 6681 6212
3 6211 6682 6213
3 6213 6682 6684
3 6213 6684 6196
3 6686 6693 6202
3 6202 6693 6215
3 6216 6215 6693
3 6216 6693 6694
3 6217 6687 6204
3 6217 6218 6687
3 6218 6688 6687
3 6218 6695 6688
3 6697 6219 6696
3 6219 6690 6696
3 6219 6208 6690
3 6699 6698 6697
3 6699 6697 6696
3 6699 6692 6698
3 6692 6220 6698
3 6692 6212 6220
3 6694 6221 6216
3 6700 6221 6694
3 6222 6695 6218
3 6222 6701 6695
3 6702 6223 6224
3 6224 6219 6702
3 6219 6697 6702
3 6226 6228 6702
3 6226 6702 6697
3 6226 6697 6229
3 6229 6697 6698
3 6229 6698 6220
3 6700 6231 6221
3 6703 6231 6700
3 6233 6701 6222
3 6233 6704 6701
3 6702 6234 6223
3 6234 6702 6228
3 6707 6706 6705
3 6703 6707 6705
3 6238 6703 6705
3 6231 6703 6238
3 6710 6709 6708
3 6709 6704 6708
3 6704 6240 6708
3 6704 6233 6240
3 6713 6712 6711
3 6713 6711 6706
3 6706 6711 6705
3 6711 6243 6705
3 6243 6244 6705
3 6705 6244 6238
3 6710 6708 6714
3 6710 6714 6715
3 6246 6714 6240
3 6240 6714 6708
3 6718 6717 6716
3 6718 6716 6712
3 6712 6716 6711
3 6716 6248 6711
3 6248 6249 6711
3 6711 6249 6243
3 6721 6720 6719
3 6719 6720 6715
3 6719 6715 6714
3 6252 6719 6714
3 6251 6252 6714
3 6251 6714 6246
3 6724 6723 6722
3 6726 6725 6722
3 6722 6725 6724
3 6728 6727 6726
3 6726 6727 6725
3 6727 6728 6717
3 6717 6728 6716
3 6728 6254 6716
3 6254 6255 6716
3 6716 6255 6248
3 6731 6730 6729
3 6729 6730 6721
3 6719 6729 6721
3 6732 6729 6719
3 6257 6732 6252
3 6252 6732 6719
3 6735 6734 6733
3 6735 6733 6723
3 6723 6733 6722
3 6733 6259 6722
3 6259 6260 6722
3 6722 6260 6261
3 6722 6261 6726
3 6726 6261 6263
3 6726 6263 6728
3 6728 6263 6254
3 6731 6729 6736
3 6731 6736 6737
3 6267 6736 6266
3 6736 6732 6266
3 6736 6729 6732
3 6266 6732 6257
3 6740 6739 6738
3 6742 6741 6738
3 6738 6741 6740
3 6742 6743 6741
3 6745 6744 6270
3 6270 6744 6269
3 6271 6733 6734
3 6745 6271 6734
3 6270 6271 6745
3 6733 6271 6259
3 6748 6747 6746
3 6746 6747 6737
3 6746 6737 6736
3 6275 6746 6736
3 6274 6275 6736
3 6274 6736 6267
3 6751 6750 6749
3 6751 6749 6739
3 6749 6738 6739
3 6749 6752 6738
3 6738 6753 6742
3 6738 6752 6753
3 6743 6742 6754
3 6754 6742 6753
3 6757 6756 6755
3 6744 6757 6755
3 6277 6744 6755
3 6269 6744 6277
3 6760 6759 6758
3 6758 6759 6748
3 6758 6748 6746
3 6280 6758 6746
3 6279 6280 6746
3 6279 6746 6275
3 6749 6750 6761
3 6761 6750 6762
3 6749 6763 6752
3 6749 6761 6763
3 6763 6283 6284
3 6753 6763 6284
3 6752 6763 6753
3 6765 6764 6285
3 6285 6764 6284
3 6764 6754 6284
3 6754 6753 6284
3 6767 6766 6765
3 6765 6766 6764
3 6767 6768 6766
3 6755 6756 6769
3 6769 6756 6770
3 6769 6287 6277
3 6769 6277 6755
3 6773 6772 6771
3 6771 6772 6760
3 6771 6760 6758
3 6290 6771 6758
3 6289 6290 6758
3 6289 6758 6280
3 6776 6775 6774
3 6776 6774 6762
3 6774 6761 6762
3 6774 6777 6761
3 6777 6293 6294
3 6763 6777 6294
3 6761 6777 6763
3 6763 6294 6283
3 6296 6765 6285
3 6765 6296 6298
3 6765 6298 6767
3 6778 6768 6767
3 6298 6778 6767
3 6299 6778 6298
3 6780 6778 6779
3 6778 6300 6779
3 6778 6299 6300
3 6301 6779 6300
3 6769 6770 6781
3 6781 6770 6782
3 6781 6302 6287
3 6781 6287 6769
3 6785 6784 6783
3 6783 6784 6773
3 6783 6773 6771
3 6305 6783 6771
3 6304 6305 6771
3 6304 6771 6290
3 6774 6775 6786
3 6786 6775 6787
3 6774 6788 6777
3 6774 6786 6788
3 6788 6307 6293
3 6788 6293 6777
3 6789 6780 6779
3 6779 6301 6789
3 6301 6790 6789
3 6301 6310 6790
3 6781 6782 6791
3 6791 6782 6792
3 6791 6311 6302
3 6791 6302 6781
3 6785 6783 6313
3 6314 6785 6313
3 6793 6785 6314
3 6313 6783 6305
3 6796 6795 6794
3 6796 6794 6787
3 6794 6786 6787
3 6794 6797 6786
3 6786 6798 6788
3 6786 6797 6798
3 6798 6316 6307
3 6798 6307 6788
3 6800 6799 6318
3 6800 6318 6319
3 6310 6318 6790
3 6790 6318 6799
3 6791 6792 6801
3 6801 6792 6802
3 6801 6320 6311
3 6801 6311 6791
3 6322 6793 6314
3 6322 6803 6793
3 6806 6805 6804
3 6806 6804 6795
3 6804 6794 6795
3 6804 6807 6794
3 6794 6808 6797
3 6794 6807 6808
3 6797 6809 6798
3 6797 6808 6809
3 6809 6323 6316
3 6809 6316 6798
3 6811 6810 6325
3 6811 6325 6326
3 6319 6325 6800
3 6800 6325 6810
3 6801 6802 6812
3 6812 6802 6813
3 6812 6327 6320
3 6812 6320 6801
3 6329 6803 6322
3 6329 6814 6803
3 6804 6805 6815
3 6815 6805 6816
3 6804 6817 6807
3 6804 6815 6817
3 6817 6331 6332
3 6808 6817 6332
3 6807 6817 6808
3 6808 6332 6333
3 6808 6333 6809
3 6809 6333 6323
3 6820 6819 6818
3 6819 6811 6818
3 6811 6335 6818
3 6811 6326 6335
3 6823 6822 6821
3 6823 6821 6813
3 6813 6821 6812
3 6821 6337 6812
3 6337 6338 6812
3 6812 6338 6327
3 6329 6340 6824
3 6825 6329 6824
3 6814 6329 6825
3 6341 6824 6340
3 6828 6827 6826
3 6828 6826 6816
3 6826 6815 6816
3 6826 6829 6815
3 6829 6343 6344
3 6817 6829 6344
3 6815 6829 6817
3 6817 6344 6331
3 6820 6818 6346
3 6347 6820 6346
3 6830 6820 6347
3 6346 6818 6335
3 6821 6822 6831
3 6831 6822 6832
3 6831 6349 6337
3 6831 6337 6821
3 6835 6834 6833
3 6833 6834 6825
3 6824 6833 6825
3 6836 6833 6824
3 6352 6836 6341
3 6341 6836 6824
3 6826 6827 6837
3 6837 6827 6838
3 6826 6839 6829
3 6826 6837 6839
3 6839 6354 6343
3 6839 6343 6829
3 6842 6841 6840
3 6841 6830 6840
3 6830 6356 6840
3 6830 6347 6356
3 6845 6844 6843
3 6845 6843 6832
3 6832 6843 6831
3 6843 6358 6831
3 6358 6359 6831
3 6831 6359 6349
3 6835 6833 6846
3 6835 6846 6847
3 6848 6833 6836
3 6846 6833 6848
3 6362 6848 6352
3 6352 6848 6836
3 6838 6849 6837
3 6851 6850 6849
3 6850 6837 6849
3 6850 6839 6837
3 6850 6364 6354
3 6850 6354 6839
3 6842 6840 6365
3 6366 6842 6365
3 6852 6842 6366
3 6365 6840 6356
3 6855 6854 6853
3 6855 6853 6844
3 6844 6853 6843
3 6853 6368 6843
3 6368 6369 6843
3 6843 6369 6358
3 6858 6857 6856
3 6856 6857 6847
3 6846 6856 6847
3 6859 6856 6846
3 6373 6859 6372
3 6859 6848 6372
3 6859 6846 6848
3 6372 6848 6362
3 6850 6851 6860
3 6860 6851 6861
3 6860 6376 6364
3 6860 6364 6850
3 6863 6862 6378
3 6863 6378 6379
3 6366 6378 6852
3 6852 6378 6862
3 6853 6854 6864
3 6864 6854 6865
3 6864 6381 6368
3 6864 6368 6853
3 6868 6867 6866
3 6866 6867 6858
3 6856 6866 6858
3 6869 6866 6856
3 6870 6856 6859
3 6869 6856 6870
3 6383 6870 6373
3 6373 6870 6859
3 6860 6861 6871
3 6871 6861 6872
3 6871 6385 6376
3 6871 6376 6860
3 6875 6874 6873
3 6874 6863 6873
3 6863 6386 6873
3 6863 6379 6386
3 6878 6877 6876
3 6878 6876 6865
3 6865 6876 6864
3 6876 6388 6864
3 6388 6389 6864
3 6864 6389 6381
3 6881 6880 6879
3 6879 6880 6868
3 6866 6879 6868
3 6882 6879 6866
3 6883 6866 6869
3 6882 6866 6883
3 6393 6883 6392
3 6883 6870 6392
3 6883 6869 6870
3 6392 6870 6383
3 6871 6872 6397
3 6872 6396 6397
3 6872 6884 6396
3 6871 6397 6385
3 6875 6873 6398
3 6399 6875 6398
3 6885 6875 6399
3 6398 6873 6386
3 6876 6877 6886
3 6886 6877 6887
3 6886 6401 6388
3 6886 6388 6876
3 6881 6879 6888
3 6881 6888 6889
3 6890 6879 6882
3 6888 6879 6890
3 6404 6890 6403
3 6890 6883 6403
3 6890 6882 6883
3 6403 6883 6393
3 6893 6892 6891
3 6884 6893 6891
3 6407 6884 6891
3 6396 6884 6407
3 6895 6894 6409
3 6895 6409 6410
3 6399 6409 6885
3 6885 6409 6894
3 6898 6897 6896
3 6898 6896 6887
3 6896 6886 6887
3 6896 6899 6886
3 6899 6412 6401
3 6899 6401 6886
3 6889 6888 6900
3 6889 6900 6901
3 6415 6900 6414
3 6900 6890 6414
3 6900 6888 6890
3 6414 6890 6404
3 6904 6903 6902
3 6904 6902 6892
3 6892 6902 6891
3 6902 6418 6891
3 6418 6419 6891
3 6891 6419 6407
3 6420 6895 6410
3 6420 6905 6895
3 6896 6897 6906
3 6906 6897 6907
3 6896 6908 6899
3 6896 6906 6908
3 6908 6422 6412
3 6908 6412 6899
3 6901 6900 6909
3 6901 6909 6910
3 6424 6909 6415
3 6415 6909 6900
3 6913 6912 6911
3 6913 6911 6903
3 6911 6902 6903
3 6911 6914 6902
3 6914 6426 6418
3 6914 6418 6902
3 6917 6916 6915
3 6916 6905 6915
3 6905 6427 6915
3 6905 6420 6427
3 6906 6907 6918
3 6918 6907 6919
3 6906 6920 6908
3 6906 6918 6920
3 6920 6429 6422
3 6920 6422 6908
3 6923 6922 6921
3 6921 6922 6910
3 6909 6921 6910
3 6924 6921 6909
3 6431 6924 6424
3 6424 6924 6909
3 6927 6926 6925
3 6927 6925 6912
3 6925 6911 6912
3 6925 6928 6911
3 6928 6433 6434
3 6914 6928 6434
3 6911 6928 6914
3 6914 6434 6426
3 6917 6915 6436
3 6437 6917 6436
3 6929 6917 6437
3 6436 6915 6427
3 6918 6919 6930
3 6930 6919 6931
3 6930 6439 6440
3 6920 6930 6440
3 6918 6930 6920
3 6920 6440 6429
3 6923 6921 6932
3 6923 6932 6933
3 6934 6921 6924
3 6932 6921 6934
3 6442 6934 6431
3 6431 6934 6924
3 6925 6926 6935
3 6935 6926 6936
3 6925 6937 6928
3 6925 6935 6937
3 6937 6444 6433
3 6937 6433 6928
3 6940 6939 6938
3 6939 6929 6938
3 6929 6445 6938
3 6929 6437 6445
3 6930 6931 6941
3 6941 6931 6942
3 6941 6447 6439
3 6941 6439 6930
3 6933 6932 6943
3 6933 6943 6944
3 6945 6932 6934
3 6943 6932 6945
3 6449 6945 6442
3 6442 6945 6934
3 6935 6936 6946
3 6946 6936 6947
3 6946 6451 6452
3 6937 6946 6452
3 6935 6946 6937
3 6937 6452 6444
3 6940 6938 6948
3 6940 6948 6949
3 6453 6948 6445
3 6445 6948 6938
3 6941 6942 6456
3 6942 6455 6456
3 6942 6950 6455
3 6941 6456 6447
3 6944 6943 6951
3 6944 6951 6952
3 6459 6951 6458
3 6951 6945 6458
3 6951 6943 6945
3 6458 6945 6449
3 6946 6947 6953
3 6953 6947 6954
3 6953 6462 6451
3 6953 6451 6946
3 6949 6948 6464
3 6465 6949 6464
3 6955 6949 6465
3 6464 6948 6453
3 6958 6957 6956
3 6950 6958 6956
3 6467 6950 6956
3 6455 6950 6467
3 6961 6960 6959
3 6959 6960 6952
3 6951 6959 6952
3 6962 6959 6951
3 6469 6962 6459
3 6459 6962 6951
3 6953 6954 6963
3 6963 6954 6964
3 6963 6472 6462
3 6963 6462 6953
3 6474 6955 6465
3 6474 6965 6955
3 6956 6957 6477
3 6957 6476 6477
3 6957 6966 6476
3 6956 6477 6467
3 6961 6959 6967
3 6961 6967 6968
3 6969 6959 6962
3 6967 6959 6969
3 6479 6969 6469
3 6469 6969 6962
3 6971 6970 6482
3 6482 6970 6483
3 6484 6963 6964
3 6971 6484 6964
3 6482 6484 6971
3 6963 6484 6472
3 6485 6965 6474
3 6485 6972 6965
3 6974 6973 6488
3 6488 6973 6487
3 6488 6476 6966
3 6488 6966 6974
3 6977 6976 6975
3 6975 6976 6968
3 6967 6975 6968
3 6978 6975 6967
3 6979 6967 6969
3 6978 6967 6979
3 6489 6980 6479
3 6980 6969 6479
3 6980 6979 6969
3 6490 6981 6489
3 6489 6981 6980
3 6981 6490 6982
3 6490 6983 6982
3 6490 6491 6983
3 6491 6483 6970
3 6491 6970 6983
3 6492 6972 6485
3 6492 6984 6972
3 6987 6986 6985
3 6973 6987 6985
3 6494 6973 6985
3 6487 6973 6494
3 6988 6977 6975
3 6990 6989 6988
3 6975 6990 6988
3 6978 6990 6975
3 6991 6978 6979
3 6990 6978 6991
3 6980 6993 6992
3 6991 6980 6992
3 6979 6980 6991
3 6993 6980 6981
3 6993 6981 6994
3 6994 6981 6982
3 6996 6995 6496
3 6996 6496 6497
3 6492 6496 6984
3 6984 6496 6995
3 6999 6998 6997
3 6999 6997 6986
3 6986 6997 6985
3 6997 6499 6985
3 6499 6500 6985
3 6985 6500 6494
3 7000 6989 6990
3 7000 6990 6991
3 7000 6991 7001
3 7001 6991 6992
3 7004 7003 7002
3 7003 6996 7002
3 6996 6501 7002
3 6996 6497 6501
3 6997 6998 7005
3 7005 6998 7006
3 7005 6503 6499
3 7005 6499 6997
3 7004 7002 6506
3 6505 7004 6506
3 7007 7004 6505
3 6506 7002 6501
3 7010 7009 7008
3 7010 7008 7006
3 7008 7005 7006
3 7008 7011 7005
3 7011 6508 6503
3 7011 6503 7005
3 7013 7012 6513
3 7013 6513 6512
3 6513 7014 6514
3 7012 7014 6513
3 6505 6514 7007
3 7007 6514 7014
3 7008 7009 7015
3 7015 7009 7016
3 7008 7017 7011
3 7008 7015 7017
3 7017 6516 6508
3 7017 6508 7011
3 6523 7018 6524
3 6524 7018 7019
3 7020 6524 7019
3 6525 6524 7020
3 6525 7021 6526
3 7020 7021 6525
3 6512 6526 7013
3 7013 6526 7021
3 7016 7022 7015
3 7024 7023 7022
3 7023 7015 7022
3 7023 7017 7015
3 7025 6527 6516
3 7017 7025 6516
3 7023 7025 7017
3 7026 6528 6527
3 7026 6527 7025
3 7027 6529 6528
3 7027 6528 7026
3 7027 6531 6529
3 6538 7028 6539
3 6539 7028 7029
3 7030 6539 7029
3 6540 6539 7030
3 6523 6540 7018
3 6540 7031 7018
3 6540 7030 7031
3 7018 7031 7019
3 7024 7032 7023
3 7023 7032 7025
3 7025 7032 7033
3 7035 7034 7033
3 7034 7025 7033
3 7034 7026 7025
3 7026 7036 7027
3 7026 7034 7036
3 7037 6541 6531
3 7027 7037 6531
3 7036 7037 7027
3 7038 6542 6541
3 7038 6541 7037
3 7039 6543 6542
3 7039 6542 7038
3 7040 6544 6543
3 7040 6543 7039
3 7041 6545 6544
3 7041 6544 7040
3 7042 6546 6545
3 7042 6545 7041
3 7043 6547 6546
3 7043 6546 7042
3 7043 7044 6547
3 6547 7044 6538
3 7044 7045 6538
3 7045 7028 6538
3 7028 7045 7029
3 7035 7046 7034
3 7034 7046 7036
3 7036 7046 7047
3 7036 7047 7037
3 7037 7047 7048
3 7037 7048 7038
3 7038 7048 7049
3 7038 7049 7039
3 7039 7049 7050
3 7052 7051 7050
3 7051 7039 7050
3 7051 7040 7039
3 7054 7041 7053
3 7041 7051 7053
3 7041 7040 7051
3 7041 7054 7042
3 7042 7054 7055
3 7042 7055 7043
3 7043 7055 7056
3 7043 7056 7044
3 7052 7057 7051
3 7051 7057 7053
3 7059 7058 6550
3 6550 7058 6549
3 6550 6551 7059
3 7059 6551 7060
3 7062 7061 6554
3 6554 7061 6553
3 7064 7063 6555
3 7063 6554 6555
3 7063 7062 6554
3 7064 7065 7063
3 7067 7066 6557
3 6557 7066 6556
3 6557 6549 7058
3 6557 7058 7067
3 6551 6558 7068
3 7069 6551 7068
3 7060 6551 7069
3 6559 7068 6558
3 7072 7071 7070
3 6560 6561 7070
3 6561 7072 7070
3 6561 7073 7072
3 7074 6561 6562
3 7074 7073 6561
3 6562 6553 7061
3 6562 7061 7074
3 6563 7075 7064
3 6563 7064 6555
3 7065 7064 7076
3 7076 7064 7075
3 7066 6564 6556
3 7077 6564 7066
3 7078 7069 7068
3 7078 7068 6559
3 6565 7078 6559
3 7079 7078 6565
3 6565 6566 7079
3 7079 6566 7080
3 7082 7081 6568
3 6568 7081 6567
3 6569 7070 7071
3 7082 6569 7071
3 6568 6569 7082
3 7070 6569 6560
3 6570 7075 6563
3 6570 6571 7075
3 6571 7076 7075
3 6571 7083 7076
3 7077 6572 6564
3 7084 6572 7077
3 7086 7085 6573
3 7086 6573 6574
3 6566 6573 7080
3 7080 6573 7085
3 7088 7087 6576
3 6576 7087 6575
3 6576 6567 7081
3 6576 7081 7088
3 7091 7090 7089
3 6578 6579 7089
3 7090 6578 7089
3 7092 6578 7090
3 6571 6578 7083
3 7083 6578 7092
3 7084 6580 6572
3 7093 6580 7084
3 6581 7095 7094
3 7086 6581 7094
3 6574 6581 7086
3 7095 7096 7094
3 7098 7097 6583
3 6583 7097 6582
3 6583 6575 7087
3 6583 7087 7098
3 7100 7099 6585
3 7100 6585 6586
3 7089 6587 7091
3 6587 7099 7091
3 6587 6585 7099
3 6587 7089 6579
3 7093 7101 6580
3 6580 7101 6588
3 6590 6588 7101
3 6590 7101 7102
3 6591 7095 6581
3 7103 7096 7095
3 6591 7103 7095
3 6592 7103 6591
3 6592 6593 7103
3 7103 6593 7104
3 7106 7105 6595
3 6595 7105 6594
3 6595 6582 7097
3 6595 7097 7106
3 7108 7107 6596
3 7108 6596 6597
3 6586 6596 7100
3 7100 6596 7107
3 7110 6598 7109
3 6598 7102 7109
3 6598 6590 7102
3 7111 7110 7109
3 6599 7104 6593
3 6599 7112 7104
3 7113 6600 6601
3 7114 7113 6601
3 6594 7114 6601
3 7105 7114 6594
3 7117 7116 7115
3 7116 7108 7115
3 7108 6602 7115
3 7108 6597 6602
3 7110 6603 6598
3 6604 6603 7110
3 7111 6604 7110
3 7118 6604 7111
3 6605 7112 6599
3 6605 7119 7112
3 7121 7120 7113
3 7120 6600 7113
3 7120 6606 6600
3 7121 7113 7114
3 7117 7115 6607
3 6608 7117 6607
3 7122 7117 6608
3 6607 7115 6602
3 7125 7124 7123
3 7118 7125 7123
3 6609 7118 7123
3 6604 7118 6609
3 6610 7119 6605
3 6610 7126 7119
3 7129 7128 7127
3 7120 7129 7127
3 6611 7120 7127
3 6606 7120 6611
3 6612 7122 6608
3 6612 7130 7122
3 7133 7132 7131
3 7133 7131 7124
3 7124 7131 7123
3 7131 6613 7123
3 6613 6614 7123
3 7123 6614 6609
3 7135 7134 6616
3 7135 6616 6617
3 6610 6616 7126
3 7126 6616 7134
3 7138 7137 7136
3 7138 7136 7128
3 7128 7136 7127
3 7136 6619 7127
3 6619 6620 7127
3 7127 6620 6611
3 7140 7139 6621
3 7140 6621 6622
3 6612 6621 7130
3 7130 6621 7139
3 7143 7142 7141
3 7143 7141 7132
3 7132 7141 7131
3 7141 6623 7131
3 6623 6624 7131
3 7131 6624 6613
3 7146 7145 7144
3 7145 7135 7144
3 7135 6625 7144
3 7135 6617 6625
3 7136 7137 6628
3 7137 6627 6628
3 7137 7147 6627
3 7136 6628 6619
3 7150 7149 7148
3 7149 7140 7148
3 7140 6629 7148
3 7140 6622 6629
3 7152 7151 6631
3 6631 7151 6630
3 6632 7141 7142
3 7152 6632 7142
3 6631 6632 7152
3 7141 6632 6623
3 7155 7154 7153
3 7153 7154 7146
3 7153 7146 7144
3 6634 7153 7144
3 6633 6634 7144
3 6633 7144 6625
3 7157 7156 6637
3 6637 7156 6636
3 6637 6627 7147
3 6637 7147 7157
3 7160 7159 7158
3 7158 7159 7150
3 7158 7150 7148
3 6639 7158 7148
3 6638 6639 7148
3 6638 7148 6629
3 7163 7162 7161
3 6641 6642 7161
3 6642 7163 7161
3 6642 7164 7163
3 7165 6642 6643
3 7165 7164 6642
3 6643 6630 7151
3 6643 7151 7165
3 7155 7153 6644
3 6645 7155 6644
3 7166 7155 6645
3 6644 7153 6634
3 7169 7168 7167
3 7156 7169 7167
3 6646 7156 7167
3 6636 7156 6646
3 7172 7171 7170
3 7174 7173 7170
3 7174 7170 7171
3 7173 7174 7160
3 7173 7160 7158
3 6649 7173 7158
3 6648 6649 7158
3 6648 7158 6639
3 7176 7175 6651
3 6651 7175 6650
3 6652 7161 7162
3 7176 6652 7162
3 6651 6652 7176
3 7161 6652 6641
3 7178 7177 6654
3 7178 6654 6655
3 6645 6654 7166
3 7166 6654 7177
3 7167 7168 6657
3 7168 6656 6657
3 7168 7179 6656
3 7167 6657 6646
3 7182 7181 7180
3 7184 7183 7180
3 7184 7180 7181
3 7183 7184 7172
3 7170 7183 7172
3 7185 7183 7170
3 7186 7170 7173
3 7185 7170 7186
3 6658 7186 6649
3 6649 7186 7173
3 7188 7187 6660
3 6660 7187 6659
3 6660 6650 7175
3 6660 7175 7188
3 7190 7189 6662
3 7190 6662 6663
3 6655 6662 7178
3 7178 6662 7189
3 7192 7191 6666
3 6666 7191 6665
3 6666 6656 7179
3 6666 7179 7192
3 7195 7194 7193
3 7193 7194 7182
3 7193 7182 7180
3 6669 7193 7180
3 6668 6669 7180
3 6668 7180 6671
3 6671 7180 7183
3 6671 7183 6673
3 6673 7183 7185
3 6673 7185 6675
3 6675 7185 7186
3 6675 7186 6658
3 7187 6676 6659
3 7196 6676 7187
3 7198 7197 6678
3 7198 6678 6679
3 6663 6678 7190
3 7190 6678 7197
3 7191 6680 6665
3 7199 6680 7191
3 7201 7200 6683
3 7201 6683 6681
3 7193 6685 7195
3 6685 7200 7195
3 6685 6683 7200
3 6685 7193 6669
3 7196 6686 6676
3 7202 6686 7196
3 7204 7203 6689
3 7204 6689 6688
3 6679 6689 7198
3 7198 6689 7203
3 7205 6690 6691
3 6680 7199 7206
3 7205 6680 7206
3 7207 7205 7206
3 6691 6680 7205
3 7206 7201 7207
3 7201 6692 7207
3 7201 6681 6692
3 7202 7208 6686
3 6686 7208 6693
3 6694 6693 7208
3 6694 7208 7209
3 6695 7204 6688
3 6695 7210 7204
3 7205 6696 6690
3 6696 7205 6699
3 6699 7205 7207
3 6699 7207 6692
3 7209 6700 6694
3 7211 6700 7209
3 6701 7210 6695
3 6701 7212 7210
3 7215 7214 7213
3 7211 7215 7213
3 6703 7211 7213
3 6700 7211 6703
3 7218 7217 7216
3 7217 7212 7216
3 7212 6704 7216
3 7212 6701 6704
3 7221 7220 7219
3 7221 7219 7214
3 7214 7219 7213
3 7219 6706 7213
3 6706 6707 7213
3 7213 6707 6703
3 7218 7216 6709
3 6710 7218 6709
3 7222 7218 6710
3 6709 7216 6704
3 7225 7224 7223
3 7225 7223 7220
3 7220 7223 7219
3 7223 6712 7219
3 6712 6713 7219
3 7219 6713 6706
3 7228 7227 7226
3 7227 7222 7226
3 7222 6715 7226
3 7222 6710 6715
3 7231 7230 7229
3 7233 7232 7229
3 7229 7232 7231
3 7235 7234 7233
3 7233 7234 7232
3 7234 7235 7224
3 7224 7235 7223
3 7235 6717 7223
3 6717 6718 7223
3 7223 6718 6712
3 7238 7237 7236
3 7236 7237 7228
3 7236 7228 7226
3 6721 7236 7226
3 6720 6721 7226
3 6720 7226 6715
3 7241 7240 7239
3 7243 7242 7239
3 7239 7242 7241
3 7243 7244 7242
3 7247 7246 7245
3 7247 7245 7230
3 7230 7245 7229
3 7245 6723 7229
3 6723 6724 7229
3 7229 6724 6725
3 7229 6725 7233
3 7233 6725 6727
3 7233 6727 7235
3 7235 6727 6717
3 7250 7249 7248
3 7248 7249 7238
3 7248 7238 7236
3 6731 7248 7236
3 6730 6731 7236
3 6730 7236 6721
3 7239 7240 7251
3 7251 7240 7252
3 7239 7253 7243
3 7239 7251 7253
3 7244 7243 7254
3 7243 7255 7254
3 7243 7253 7255
3 7255 7256 7254
3 7259 7258 7257
3 7259 7257 7246
3 7246 7257 7245
3 7257 6734 7245
3 6734 6735 7245
3 7245 6735 6723
3 7262 7261 7260
3 7260 7261 7250
3 7248 7260 7250
3 7263 7260 7248
3 6737 7263 6731
3 6731 7263 7248
3 7266 7265 7264
3 7266 7264 7252
3 7252 7264 7251
3 7264 6739 7251
3 6739 6740 7251
3 7251 6740 6741
3 7251 6741 7253
3 7253 6741 6743
3 7267 7253 6743
3 7255 7253 7267
3 7256 7255 7268
3 7268 7255 7267
3 7271 7270 7269
3 7271 7269 7258
3 7258 7269 7257
3 7269 6744 7257
3 6744 6745 7257
3 7257 6745 6734
3 7274 7273 7272
3 7272 7273 7262
3 7260 7272 7262
3 7275 7272 7260
3 6748 7275 6747
3 7275 7263 6747
3 7275 7260 7263
3 6747 7263 6737
3 7278 7277 7276
3 7278 7276 7265
3 7265 7276 7264
3 7276 6750 7264
3 6750 6751 7264
3 7264 6751 6739
3 6754 7279 7267
3 6754 7267 6743
3 7268 7267 7280
3 7280 7267 7279
3 7269 7270 6757
3 7270 6756 6757
3 7270 7281 6756
3 7269 6757 6744
3 7284 7283 7282
3 7282 7283 7274
3 7272 7282 7274
3 7285 7282 7272
3 6760 7285 6759
3 7285 7275 6759
3 7285 7272 7275
3 6759 7275 6748
3 7276 7277 7286
3 7286 7277 7287
3 7286 6762 6750
3 7286 6750 7276
3 6764 7279 6754
3 7288 7280 7279
3 6764 7288 7279
3 6766 7288 6764
3 6766 6768 7288
3 7288 6768 7289
3 7281 6770 6756
3 7290 6770 7281
3 7293 7292 7291
3 7291 7292 7284
3 7282 7291 7284
3 7294 7291 7282
3 6773 7294 6772
3 7294 7285 6772
3 7294 7282 7285
3 6772 7285 6760
3 7297 7296 7295
3 7297 7295 7287
3 7287 7295 7286
3 7295 6775 7286
3 6775 6776 7286
3 7286 6776 6762
3 7298 7289 6768
3 7298 6768 6778
3 6778 6780 7298
3 7298 6780 7299
3 7290 6782 6770
3 7300 6782 7290
3 7293 7291 7301
3 7293 7301 7302
3 6785 7301 6784
3 7301 7294 6784
3 7301 7291 7294
3 6784 7294 6773
3 7305 7304 7303
3 7305 7303 7296
3 7303 7295 7296
3 7303 7306 7295
3 7306 6787 6775
3 7306 6775 7295
3 6780 6789 7307
3 7308 6780 7307
3 7299 6780 7308
3 6790 7307 6789
3 7311 7310 7309
3 7300 7311 7309
3 6792 7300 7309
3 6782 7300 6792
3 7302 7301 7312
3 7302 7312 7313
3 6793 7312 6785
3 6785 7312 7301
3 7316 7315 7314
3 7316 7314 7304
3 7314 7303 7304
3 7314 7317 7303
3 7317 6795 6796
3 7306 7317 6796
3 7303 7317 7306
3 7306 6796 6787
3 7320 7319 7318
3 7318 7319 7308
3 7318 7308 7307
3 6800 7318 7307
3 6799 6800 7307
3 6799 7307 6790
3 7309 7310 7321
3 7321 7310 7322
3 7321 6802 6792
3 7321 6792 7309
3 7313 7312 7323
3 7313 7323 7324
3 6803 7323 6793
3 6793 7323 7312
3 7314 7315 7325
3 7325 7315 7326
3 7325 6805 6806
3 7317 7325 6806
3 7314 7325 7317
3 7317 6806 6795
3 7329 7328 7327
3 7327 7328 7320
3 7327 7320 7318
3 6811 7327 7318
3 6810 6811 7318
3 6810 7318 6800
3 7321 7322 7330
3 7330 7322 7331
3 7330 6813 6802
3 7330 6802 7321
3 7324 7323 7332
3 7324 7332 7333
3 6814 7332 6803
3 6803 7332 7323
3 7336 7335 7334
3 7336 7334 7326
3 7334 7325 7326
3 7334 7337 7325
3 7337 6816 6805
3 7337 6805 7325
3 7329 7327 6819
3 6820 7329 6819
3 7338 7329 6820
3 6819 7327 6811
3 7341 7340 7339
3 7341 7339 7331
3 7331 7339 7330
3 7339 6822 7330
3 6822 6823 7330
3 7330 6823 6813
3 7344 7343 7342
3 7342 7343 7333
3 7332 7342 7333
3 7345 7342 7332
3 6825 7345 6814
3 6814 7345 7332
3 7334 7335 7346
3 7346 7335 7347
3 7346 6827 6828
3 7337 7346 6828
3 7334 7346 7337
3 7337 6828 6816
3 7350 7349 7348
3 7349 7338 7348
3 7338 6830 7348
3 7338 6820 6830
3 7353 7352 7351
3 7353 7351 7340
3 7351 7339 7340
3 7351 7354 7339
3 7354 6832 6822
3 7354 6822 7339
3 7357 7356 7355
3 7355 7356 7344
3 7342 7355 7344
3 7358 7355 7342
3 6835 7358 6834
3 7358 7345 6834
3 7358 7342 7345
3 6834 7345 6825
3 7346 7347 7359
3 7359 7347 7360
3 7359 6838 6827
3 7359 6827 7346
3 7350 7348 6841
3 6842 7350 6841
3 7361 7350 6842
3 6841 7348 6830
3 7351 7352 7362
3 7362 7352 7363
3 7362 6844 6845
3 7354 7362 6845
3 7351 7362 7354
3 7354 6845 6832
3 7357 7355 7364
3 7357 7364 7365
3 7366 7355 7358
3 7364 7355 7366
3 6847 7366 6835
3 6835 7366 7358
3 7359 7360 7367
3 7367 7360 7368
3 7369 6849 6838
3 7359 7369 6838
3 7367 7369 7359
3 7369 6851 6849
3 7372 7371 7370
3 7371 7361 7370
3 7361 6852 7370
3 7361 6842 6852
3 7375 7374 7373
3 7375 7373 7363
3 7363 7373 7362
3 7373 6854 7362
3 6854 6855 7362
3 7362 6855 6844
3 7378 7377 7376
3 7376 7377 7365
3 7364 7376 7365
3 7379 7376 7364
3 6858 7379 6857
3 7379 7366 6857
3 7379 7364 7366
3 6857 7366 6847
3 7367 7368 7380
3 7380 7368 7381
3 7367 7382 7369
3 7367 7380 7382
3 7382 6861 6851
3 7382 6851 7369
3 7385 7384 7383
3 7383 7384 7372
3 7383 7372 7370
3 6863 7383 7370
3 6862 6863 7370
3 6862 7370 6852
3 7388 7387 7386
3 7388 7386 7374
3 7386 7373 7374
3 7386 7389 7373
3 7389 6865 6854
3 7389 6854 7373
3 7392 7391 7390
3 7390 7391 7378
3 7376 7390 7378
3 7393 7390 7376
3 6868 7393 6867
3 7393 7379 6867
3 7393 7376 7379
3 6867 7379 6858
3 7380 7381 7394
3 7394 7381 7395
3 7380 7396 7382
3 7380 7394 7396
3 7396 6872 6861
3 7396 6861 7382
3 7385 7383 6874
3 6875 7385 6874
3 7397 7385 6875
3 6874 7383 6863
3 7386 7387 7398
3 7398 7387 7399
3 7398 6877 6878
3 7389 7398 6878
3 7386 7398 7389
3 7389 6878 6865
3 7392 7390 7400
3 7392 7400 7401
3 6881 7400 6880
3 7400 7393 6880
3 7400 7390 7393
3 6880 7393 6868
3 7404 7403 7402
3 7404 7402 7395
3 7402 7394 7395
3 7402 7405 7394
3 7394 7406 7396
3 7394 7405 7406
3 7406 6884 6872
3 7406 6872 7396
3 7409 7408 7407
3 7408 7397 7407
3 7397 6885 7407
3 7397 6875 6885
3 7398 7399 7410
3 7410 7399 7411
3 7410 6887 6877
3 7410 6877 7398
3 7414 7413 7412
3 7412 7413 7401
3 7400 7412 7401
3 7415 7412 7400
3 6889 7415 6881
3 6881 7415 7400
3 7402 7403 7416
3 7416 7403 7417
3 7402 7418 7405
3 7402 7416 7418
3 7418 6892 6893
3 7406 7418 6893
3 7405 7418 7406
3 7406 6893 6884
3 7409 7407 6894
3 6895 7409 6894
3 7419 7409 6895
3 6894 7407 6885
3 7422 7421 7420
3 7422 7420 7411
3 7411 7420 7410
3 7420 6897 7410
3 6897 6898 7410
3 7410 6898 6887
3 7414 7412 7423
3 7414 7423 7424
3 7425 7412 7415
3 7423 7412 7425
3 6901 7425 6889
3 6889 7425 7415
3 7428 7427 7426
3 7428 7426 7417
3 7426 7416 7417
3 7426 7429 7416
3 7429 6903 6904
3 7418 7429 6904
3 7416 7429 7418
3 7418 6904 6892
3 7432 7431 7430
3 7431 7419 7430
3 7419 6905 7430
3 7419 6895 6905
3 7420 7421 7433
3 7433 7421 7434
3 7433 6907 6897
3 7433 6897 7420
3 7424 7423 7435
3 7424 7435 7436
3 7437 7423 7425
3 7435 7423 7437
3 6910 7437 6901
3 6901 7437 7425
3 7440 7439 7438
3 7440 7438 7427
3 7438 7426 7427
3 7438 7441 7426
3 7441 6912 6913
3 7429 7441 6913
3 7426 7441 7429
3 7429 6913 6903
3 7432 7430 6916
3 6917 7432 6916
3 7442 7432 6917
3 6916 7430 6905
3 7433 7434 7443
3 7443 7434 7444
3 7443 6919 6907
3 7443 6907 7433
3 7436 7435 7445
3 7436 7445 7446
3 6923 7445 6922
3 7445 7437 6922
3 7445 7435 7437
3 6922 7437 6910
3 7438 7439 7447
3 7447 7439 7448
3 7447 6926 6927
3 7441 7447 6927
3 7438 7447 7441
3 7441 6927 6912
3 7451 7450 7449
3 7450 7442 7449
3 7442 6929 7449
3 7442 6917 6929
3 7443 7444 7452
3 7452 7444 7453
3 7452 6931 6919
3 7452 6919 7443
3 7446 7445 7454
3 7446 7454 7455
3 6933 7454 6923
3 6923 7454 7445
3 7447 7448 7456
3 7456 7448 7457
3 7456 6936 6926
3 7456 6926 7447
3 7451 7449 6939
3 6940 7451 6939
3 7458 7451 6940
3 6939 7449 6929
3 7452 7453 7459
3 7459 7453 7460
3 7459 6942 6931
3 7459 6931 7452
3 7455 7454 7461
3 7455 7461 7462
3 6944 7461 6933
3 6933 7461 7454
3 7465 7464 7463
3 7465 7463 7457
3 7463 7456 7457
3 7463 7466 7456
3 7466 6947 6936
3 7466 6936 7456
3 6949 7458 6940
3 6949 7467 7458
3 7459 7460 7468
3 7468 7460 7469
3 7468 6950 6942
3 7468 6942 7459
3 7472 7471 7470
3 7470 7471 7462
3 7461 7470 7462
3 7473 7470 7461
3 6952 7473 6944
3 6944 7473 7461
3 7463 7464 7474
3 7474 7464 7475
3 7463 7476 7466
3 7463 7474 7476
3 7476 6954 6947
3 7476 6947 7466
3 6955 7467 6949
3 6955 7477 7467
3 7480 7479 7478
3 7480 7478 7469
3 7469 7478 7468
3 7478 6957 7468
3 6957 6958 7468
3 7468 6958 6950
3 7472 7470 7481
3 7472 7481 7482
3 6961 7481 6960
3 7481 7473 6960
3 7481 7470 7473
3 6960 7473 6952
3 7474 7475 7483
3 7483 7475 7484
3 7474 7485 7476
3 7474 7483 7485
3 7485 6964 6954
3 7485 6954 7476
3 6965 7477 6955
3 6965 7486 7477
3 7478 7479 7487
3 7487 7479 7488
3 7487 6966 6957
3 7487 6957 7478
3 7491 7490 7489
3 7489 7490 7482
3 7481 7489 7482
3 7492 7489 7481
3 6968 7492 6961
3 6961 7492 7481
3 7483 7484 7493
3 7493 7484 7494
3 7493 6970 6971
3 7485 7493 6971
3 7483 7493 7485
3 7485 6971 6964
3 7497 7496 7495
3 7496 7486 7495
3 7486 6972 7495
3 7486 6965 6972
3 7500 7499 7498
3 7500 7498 7488
3 7488 7498 7487
3 7498 6973 7487
3 6973 6974 7487
3 7487 6974 6966
3 7491 7489 7501
3 7491 7501 7502
3 6977 7501 6976
3 7501 7492 6976
3 7501 7489 7492
3 6976 7492 6968
3 7493 7494 6983
3 7494 6982 6983
3 7494 7503 6982
3 7493 6983 6970
3 7497 7495 7504
3 7497 7504 7505
3 6984 7504 6972
3 6972 7504 7495
3 7508 7507 7506
3 7508 7506 7499
3 7499 7506 7498
3 7506 6986 7498
3 6986 6987 7498
3 7498 6987 6973
3 7502 7501 7509
3 7502 7509 7510
3 6988 7511 6977
3 7511 7501 6977
3 7511 7509 7501
3 6989 7511 6988
3 7512 6992 6993
3 7512 6993 7513
3 6993 7514 7513
3 6993 6994 7514
3 6994 6982 7503
3 6994 7503 7514
3 7505 7504 6995
3 6996 7505 6995
3 7515 7505 6996
3 6995 7504 6984
3 7518 7517 7516
3 7518 7516 7507
3 7507 7516 7506
3 7516 6998 7506
3 6998 6999 7506
3 7506 6999 6986
3 7510 7509 7519
3 7510 7519 7520
3 7521 7509 7511
3 7519 7509 7521
3 7521 7511 6989
3 7522 7521 6989
3 7000 7522 6989
3 7523 7521 7522
3 7524 7000 7001
3 7524 7522 7000
3 7001 6992 7512
3 7525 7001 7512
3 7524 7001 7525
3 7525 7512 7513
3 7527 7526 7003
3 7527 7003 7004
3 6996 7003 7515
3 7515 7003 7526
3 7516 7517 7528
3 7528 7517 7529
3 7528 7006 6998
3 7528 6998 7516
3 7530 7520 7519
3 7530 7519 7521
3 7530 7521 7531
3 7531 7521 7523
3 7534 7533 7532
3 7533 7527 7532
3 7527 7007 7532
3 7527 7004 7007
3 7537 7536 7535
3 7537 7535 7529
3 7529 7535 7528
3 7535 7009 7528
3 7009 7010 7528
3 7528 7010 7006
3 7539 7538 7012
3 7539 7012 7013
3 7532 7014 7534
3 7014 7538 7534
3 7014 7012 7538
3 7014 7532 7007
3 7535 7536 7540
3 7540 7536 7541
3 7540 7016 7009
3 7540 7009 7535
3 7019 7542 7020
3 7020 7542 7543
3 7544 7020 7543
3 7021 7020 7544
3 7013 7021 7539
3 7539 7021 7544
3 7547 7546 7545
3 7547 7545 7541
3 7545 7540 7541
3 7545 7548 7540
3 7549 7022 7016
3 7540 7549 7016
3 7548 7549 7540
3 7549 7024 7022
3 7551 7550 7030
3 7551 7030 7029
3 7030 7552 7031
3 7550 7552 7030
3 7019 7031 7542
3 7031 7553 7542
3 7031 7552 7553
3 7542 7553 7543
3 7546 7554 7545
3 7545 7554 7548
3 7548 7554 7555
3 7557 7556 7555
3 7556 7548 7555
3 7556 7549 7548
3 7558 7032 7024
3 7549 7558 7024
3 7556 7558 7549
3 7559 7033 7032
3 7559 7032 7558
3 7559 7035 7033
3 7561 7560 7045
3 7561 7045 7044
3 7029 7045 7551
3 7551 7045 7560
3 7557 7562 7556
3 7556 7562 7558
3 7558 7562 7563
3 7565 7564 7563
3 7564 7558 7563
3 7564 7559 7558
3 7566 7046 7035
3 7559 7566 7035
3 7564 7566 7559
3 7567 7047 7046
3 7567 7046 7566
3 7568 7048 7047
3 7568 7047 7567
3 7569 7049 7048
3 7569 7048 7568
3 7570 7050 7049
3 7570 7049 7569
3 7570 7052 7050
3 7053 7571 7054
3 7572 7055 7054
3 7572 7054 7571
3 7055 7572 7573
3 7574 7055 7573
3 7056 7055 7574
3 7044 7056 7561
3 7561 7056 7574
3 7565 7575 7564
3 7564 7575 7566
3 7566 7575 7576
3 7566 7576 7567
3 7567 7576 7577
3 7567 7577 7568
3 7568 7577 7578
3 7568 7578 7569
3 7569 7578 7579
3 7581 7580 7579
3 7580 7569 7579
3 7580 7570 7569
3 7582 7057 7052
3 7570 7582 7052
3 7580 7582 7570
3 7582 7583 7057
3 7057 7583 7053
3 7583 7584 7053
3 7584 7571 7053
3 7571 7584 7572
3 7572 7584 7585
3 7572 7585 7573
3 7581 7586 7580
3 7580 7586 7582
3 7582 7586 7587
3 7582 7587 7583
3 7590 7589 7588
3 7588 7591 7590
3 7592 7058 7059
3 7060 7592 7059
3 7595 7594 7593
3 7061 7062 7593
3 7062 7595 7593
3 7062 7596 7595
3 7063 7588 7589
3 7596 7063 7589
3 7062 7063 7596
3 7063 7065 7588
3 7065 7591 7588
3 7065 7597 7591
3 7599 7598 7067
3 7067 7598 7066
3 7067 7058 7592
3 7600 7067 7592
3 7599 7067 7600
3 7592 7060 7600
3 7060 7601 7600
3 7060 7069 7601
3 7603 7602 7072
3 7072 7602 7071
3 7604 7072 7073
3 7604 7603 7072
3 7074 7593 7594
3 7604 7074 7594
3 7073 7074 7604
3 7593 7074 7061
3 7076 7597 7065
3 7076 7605 7597
3 7598 7077 7066
3 7606 7077 7598
3 7607 7601 7069
3 7607 7069 7078
3 7609 7607 7608
3 7607 7079 7608
3 7607 7078 7079
3 7080 7608 7079
3 7611 7610 7082
3 7082 7610 7081
3 7082 7071 7602
3 7082 7602 7611
3 7614 7613 7612
3 7613 7605 7612
3 7605 7083 7612
3 7605 7076 7083
3 7606 7084 7077
3 7615 7084 7606
3 7609 7608 7085
3 7086 7609 7085
3 7616 7609 7086
3 7085 7608 7080
3 7618 7617 7088
3 7088 7617 7087
3 7088 7081 7610
3 7088 7610 7618
3 7621 7620 7619
3 7090 7091 7619
3 7620 7090 7619
3 7622 7090 7620
3 7612 7092 7614
3 7092 7622 7614
3 7092 7090 7622
3 7092 7612 7083
3 7624 7093 7623
3 7093 7615 7623
3 7093 7084 7615
3 7625 7624 7623
3 7626 7616 7086
3 7626 7086 7094
3 7628 7627 7096
3 7627 7094 7096
3 7627 7626 7094
3 7628 7629 7627
3 7631 7630 7098
3 7098 7630 7097
3 7098 7087 7617
3 7098 7617 7631
3 7621 7619 7099
3 7100 7621 7099
3 7632 7621 7100
3 7099 7619 7091
3 7624 7101 7093
3 7102 7101 7624
3 7625 7102 7624
3 7633 7102 7625
3 7103 7628 7096
3 7103 7104 7628
3 7104 7629 7628
3 7104 7634 7629
3 7635 7105 7106
3 7636 7635 7106
3 7097 7636 7106
3 7630 7636 7097
3 7638 7637 7107
3 7638 7107 7108
3 7100 7107 7632
3 7632 7107 7637
3 7633 7639 7102
3 7102 7639 7109
3 7111 7109 7639
3 7111 7639 7640
3 7112 7634 7104
3 7112 7641 7634
3 7643 7642 7635
3 7642 7105 7635
3 7642 7114 7105
3 7643 7635 7636
3 7645 7644 7116
3 7645 7116 7117
3 7108 7116 7638
3 7638 7116 7644
3 7640 7118 7111
3 7646 7118 7640
3 7119 7641 7112
3 7119 7647 7641
3 7649 7648 7121
3 7121 7648 7120
3 7121 7114 7642
3 7121 7642 7649
3 7122 7645 7117
3 7122 7650 7645
3 7652 7651 7125
3 7125 7651 7124
3 7125 7118 7646
3 7125 7646 7652
3 7655 7654 7653
3 7654 7647 7653
3 7647 7126 7653
3 7647 7119 7126
3 7657 7656 7129
3 7129 7656 7128
3 7129 7120 7648
3 7129 7648 7657
3 7660 7659 7658
3 7659 7650 7658
3 7650 7130 7658
3 7650 7122 7130
3 7662 7661 7133
3 7133 7661 7132
3 7133 7124 7651
3 7133 7651 7662
3 7655 7653 7134
3 7135 7655 7134
3 7663 7655 7135
3 7134 7653 7126
3 7665 7664 7138
3 7138 7664 7137
3 7138 7128 7656
3 7138 7656 7665
3 7668 7667 7666
3 7666 7667 7660
3 7666 7660 7658
3 7140 7666 7658
3 7139 7140 7658
3 7139 7658 7130
3 7670 7669 7143
3 7143 7669 7142
3 7143 7132 7661
3 7143 7661 7670
3 7672 7671 7145
3 7672 7145 7146
3 7135 7145 7663
3 7663 7145 7671
3 7675 7674 7673
3 7664 7675 7673
3 7147 7664 7673
3 7137 7664 7147
3 7678 7677 7676
3 7676 7677 7668
3 7676 7668 7666
3 7150 7676 7666
3 7149 7150 7666
3 7149 7666 7140
3 7681 7680 7679
3 7151 7152 7679
3 7152 7681 7679
3 7152 7682 7681
3 7152 7142 7669
3 7152 7669 7682
3 7684 7683 7154
3 7684 7154 7155
3 7146 7154 7672
3 7672 7154 7683
3 7687 7686 7685
3 7687 7685 7674
3 7674 7685 7673
3 7685 7156 7673
3 7156 7157 7673
3 7673 7157 7147
3 7690 7689 7688
3 7692 7691 7688
3 7692 7688 7689
3 7694 7693 7691
3 7694 7691 7692
3 7693 7694 7678
3 7693 7678 7676
3 7160 7693 7676
3 7159 7160 7676
3 7159 7676 7150
3 7697 7696 7695
3 7162 7163 7695
3 7163 7697 7695
3 7163 7698 7697
3 7699 7163 7164
3 7699 7698 7163
3 7165 7679 7680
3 7699 7165 7680
3 7164 7165 7699
3 7679 7165 7151
3 7702 7701 7700
3 7701 7684 7700
3 7684 7166 7700
3 7684 7155 7166
3 7685 7686 7169
3 7686 7168 7169
3 7686 7703 7168
3 7685 7169 7156
3 7706 7705 7704
3 7704 7705 7690
3 7688 7704 7690
3 7707 7704 7688
3 7172 7707 7171
3 7707 7691 7171
3 7707 7688 7691
3 7171 7691 7174
3 7174 7691 7693
3 7174 7693 7160
3 7710 7709 7708
3 7710 7708 7696
3 7696 7708 7695
3 7708 7175 7695
3 7175 7176 7695
3 7695 7176 7162
3 7713 7712 7711
3 7711 7712 7702
3 7711 7702 7700
3 7178 7711 7700
3 7177 7178 7700
3 7177 7700 7166
3 7716 7715 7714
3 7703 7716 7714
3 7179 7703 7714
3 7168 7703 7179
3 7719 7718 7717
3 7717 7718 7706
3 7717 7706 7704
3 7182 7717 7704
3 7181 7182 7704
3 7181 7704 7184
3 7184 7704 7707
3 7184 7707 7172
3 7708 7709 7188
3 7709 7187 7188
3 7709 7720 7187
3 7708 7188 7175
3 7723 7722 7721
3 7721 7722 7713
3 7721 7713 7711
3 7190 7721 7711
3 7189 7190 7711
3 7189 7711 7178
3 7714 7715 7192
3 7715 7191 7192
3 7715 7724 7191
3 7179 7714 7192
3 7727 7726 7725
3 7726 7727 7719
3 7726 7719 7717
3 7195 7726 7717
3 7194 7195 7717
3 7194 7717 7182
3 7720 7196 7187
3 7728 7196 7720
3 7723 7721 7197
3 7198 7723 7197
3 7729 7723 7198
3 7197 7721 7190
3 7731 7199 7730
3 7199 7724 7730
3 7199 7191 7724
3 7731 7730 7725
3 7731 7725 7726
3 7201 7731 7726
3 7200 7201 7726
3 7200 7726 7195
3 7728 7202 7196
3 7732 7202 7728
3 7734 7733 7203
3 7734 7203 7204
3 7198 7203 7729
3 7729 7203 7733
3 7731 7206 7199
3 7206 7731 7201
3 7732 7735 7202
3 7202 7735 7208
3 7209 7208 7735
3 7209 7735 7736
3 7739 7738 7737
3 7738 7734 7737
3 7734 7210 7737
3 7734 7204 7210
3 7742 7741 7740
3 7736 7742 7740
3 7211 7736 7740
3 7209 7736 7211
3 7739 7737 7743
3 7739 7743 7744
3 7212 7743 7210
3 7210 7743 7737
3 7747 7746 7745
3 7747 7745 7741
3 7741 7745 7740
3 7745 7214 7740
3 7214 7215 7740
3 7740 7215 7211
3 7750 7749 7748
3 7748 7749 7744
3 7748 7744 7743
3 7218 7748 7743
3 7217 7218 7743
3 7217 7743 7212
3 7753 7752 7751
3 7753 7751 7746
3 7746 7751 7745
3 7751 7220 7745
3 7220 7221 7745
3 7745 7221 7214
3 7750 7748 7754
3 7750 7754 7755
3 7222 7754 7218
3 7218 7754 7748
3 7758 7757 7756
3 7760 7759 7756
3 7756 7759 7758
3 7760 7761 7759
3 7764 7763 7762
3 7764 7762 7752
3 7752 7762 7751
3 7762 7224 7751
3 7224 7225 7751
3 7751 7225 7220
3 7767 7766 7765
3 7765 7766 7755
3 7765 7755 7754
3 7228 7765 7754
3 7227 7228 7754
3 7227 7754 7222
3 7770 7769 7768
3 7770 7768 7757
3 7768 7756 7757
3 7768 7771 7756
3 7756 7772 7760
3 7756 7771 7772
3 7761 7760 7773
3 7773 7760 7772
3 7776 7775 7774
3 7230 7231 7774
3 7231 7776 7774
3 7231 7777 7776
3 7778 7231 7232
3 7778 7777 7231
3 7234 7762 7763
3 7778 7234 7763
3 7232 7234 7778
3 7762 7234 7224
3 7781 7780 7779
3 7779 7780 7767
3 7779 7767 7765
3 7238 7779 7765
3 7237 7238 7765
3 7237 7765 7228
3 7784 7783 7782
3 7784 7782 7769
3 7769 7782 7768
3 7782 7240 7768
3 7240 7241 7768
3 7768 7241 7242
3 7768 7242 7771
3 7771 7242 7244
3 7785 7771 7244
3 7772 7771 7785
3 7773 7772 7786
3 7786 7772 7785
3 7789 7788 7787
3 7789 7787 7775
3 7775 7787 7774
3 7787 7246 7774
3 7246 7247 7774
3 7774 7247 7230
3 7792 7791 7790
3 7790 7791 7781
3 7790 7781 7779
3 7250 7790 7779
3 7249 7250 7779
3 7249 7779 7238
3 7782 7783 7793
3 7793 7783 7794
3 7793 7252 7240
3 7793 7240 7782
3 7254 7785 7244
3 7254 7256 7785
3 7256 7786 7785
3 7256 7795 7786
3 7787 7788 7259
3 7788 7258 7259
3 7788 7796 7258
3 7787 7259 7246
3 7799 7798 7797
3 7797 7798 7792
3 7797 7792 7790
3 7262 7797 7790
3 7261 7262 7790
3 7261 7790 7250
3 7802 7801 7800
3 7802 7800 7794
3 7794 7800 7793
3 7800 7265 7793
3 7265 7266 7793
3 7793 7266 7252
3 7268 7795 7256
3 7268 7803 7795
3 7805 7804 7271
3 7271 7804 7270
3 7271 7258 7796
3 7271 7796 7805
3 7808 7807 7806
3 7810 7809 7806
3 7810 7806 7807
3 7809 7810 7799
3 7809 7799 7797
3 7274 7809 7797
3 7273 7274 7797
3 7273 7797 7262
3 7800 7801 7278
3 7801 7277 7278
3 7801 7811 7277
3 7800 7278 7265
3 7280 7803 7268
3 7280 7812 7803
3 7815 7814 7813
3 7813 7816 7815
3 7804 7281 7270
3 7817 7281 7804
3 7808 7806 7818
3 7808 7818 7819
3 7284 7818 7283
3 7818 7809 7283
3 7818 7806 7809
3 7283 7809 7274
3 7822 7821 7820
3 7811 7822 7820
3 7287 7811 7820
3 7277 7811 7287
3 7823 7812 7280
3 7823 7280 7288
3 7288 7289 7823
3 7823 7289 7824
3 7814 7825 7813
3 7813 7825 7816
3 7817 7290 7281
3 7826 7290 7817
3 7829 7828 7827
3 7827 7828 7819
3 7827 7819 7818
3 7293 7827 7818
3 7292 7293 7818
3 7292 7818 7284
3 7832 7831 7830
3 7832 7830 7821
3 7821 7830 7820
3 7830 7296 7820
3 7296 7297 7820
3 7820 7297 7287
3 7833 7824 7289
3 7833 7289 7298
3 7298 7299 7833
3 7833 7299 7834
3 7837 7836 7835
3 7826 7837 7835
3 7300 7826 7835
3 7290 7826 7300
3 7829 7827 7838
3 7829 7838 7839
3 7302 7838 7293
3 7293 7838 7827
3 7842 7841 7840
3 7842 7840 7831
3 7831 7840 7830
3 7840 7304 7830
3 7304 7305 7830
3 7830 7305 7296
3 7845 7844 7843
3 7844 7834 7843
3 7834 7308 7843
3 7834 7299 7308
3 7835 7836 7311
3 7836 7310 7311
3 7836 7846 7310
3 7835 7311 7300
3 7839 7838 7847
3 7839 7847 7848
3 7313 7847 7302
3 7302 7847 7838
3 7851 7850 7849
3 7851 7849 7841
3 7841 7849 7840
3 7849 7315 7840
3 7315 7316 7840
3 7840 7316 7304
3 7854 7853 7852
3 7852 7853 7845
3 7852 7845 7843
3 7320 7852 7843
3 7319 7320 7843
3 7319 7843 7308
3 7857 7856 7855
3 7846 7857 7855
3 7322 7846 7855
3 7310 7846 7322
3 7860 7859 7858
3 7858 7859 7848
3 7847 7858 7848
3 7861 7858 7847
3 7324 7861 7313
3 7313 7861 7847
3 7849 7850 7862
3 7862 7850 7863
3 7862 7326 7315
3 7862 7315 7849
3 7854 7852 7328
3 7329 7854 7328
3 7864 7854 7329
3 7328 7852 7320
3 7855 7856 7865
3 7865 7856 7866
3 7865 7331 7322
3 7865 7322 7855
3 7860 7858 7867
3 7860 7867 7868
3 7869 7858 7861
3 7867 7858 7869
3 7333 7869 7324
3 7324 7869 7861
3 7872 7871 7870
3 7872 7870 7863
3 7863 7870 7862
3 7870 7335 7862
3 7335 7336 7862
3 7862 7336 7326
3 7875 7874 7873
3 7874 7864 7873
3 7864 7338 7873
3 7864 7329 7338
3 7878 7877 7876
3 7878 7876 7866
3 7866 7876 7865
3 7876 7340 7865
3 7340 7341 7865
3 7865 7341 7331
3 7881 7880 7879
3 7879 7880 7868
3 7867 7879 7868
3 7882 7879 7867
3 7344 7882 7343
3 7882 7869 7343
3 7882 7867 7869
3 7343 7869 7333
3 7870 7871 7883
3 7883 7871 7884
3 7883 7347 7335
3 7883 7335 7870
3 7875 7873 7349
3 7350 7875 7349
3 7885 7875 7350
3 7349 7873 7338
3 7888 7887 7886
3 7888 7886 7877
3 7877 7886 7876
3 7886 7352 7876
3 7352 7353 7876
3 7876 7353 7340
3 7881 7879 7889
3 7881 7889 7890
3 7357 7889 7356
3 7889 7882 7356
3 7889 7879 7882
3 7356 7882 7344
3 7883 7884 7891
3 7891 7884 7892
3 7891 7360 7347
3 7891 7347 7883
3 7895 7894 7893
3 7894 7885 7893
3 7885 7361 7893
3 7885 7350 7361
3 7886 7887 7896
3 7896 7887 7897
3 7896 7363 7352
3 7896 7352 7886
3 7900 7899 7898
3 7898 7899 7890
3 7889 7898 7890
3 7901 7898 7889
3 7365 7901 7357
3 7357 7901 7889
3 7904 7903 7902
3 7904 7902 7892
3 7902 7891 7892
3 7902 7905 7891
3 7905 7368 7360
3 7905 7360 7891
3 7908 7907 7906
3 7906 7907 7895
3 7906 7895 7893
3 7372 7906 7893
3 7371 7372 7893
3 7371 7893 7361
3 7911 7910 7909
3 7911 7909 7897
3 7897 7909 7896
3 7909 7374 7896
3 7374 7375 7896
3 7896 7375 7363
3 7914 7913 7912
3 7912 7913 7900
3 7898 7912 7900
3 7915 7912 7898
3 7378 7915 7377
3 7915 7901 7377
3 7915 7898 7901
3 7377 7901 7365
3 7902 7903 7916
3 7916 7903 7917
3 7902 7918 7905
3 7902 7916 7918
3 7918 7381 7368
3 7918 7368 7905
3 7908 7906 7384
3 7385 7908 7384
3 7919 7908 7385
3 7384 7906 7372
3 7922 7921 7920
3 7922 7920 7910
3 7910 7920 7909
3 7920 7387 7909
3 7387 7388 7909
3 7909 7388 7374
3 7914 7912 7923
3 7914 7923 7924
3 7392 7923 7391
3 7923 7915 7391
3 7923 7912 7915
3 7391 7915 7378
3 7927 7926 7925
3 7927 7925 7917
3 7925 7916 7917
3 7925 7928 7916
3 7916 7929 7918
3 7916 7928 7929
3 7929 7395 7381
3 7929 7381 7918
3 7932 7931 7930
3 7931 7919 7930
3 7919 7397 7930
3 7919 7385 7397
3 7920 7921 7933
3 7933 7921 7934
3 7933 7399 7387
3 7933 7387 7920
3 7937 7936 7935
3 7935 7936 7924
3 7923 7935 7924
3 7938 7935 7923
3 7401 7938 7392
3 7392 7938 7923
3 7925 7926 7939
3 7939 7926 7940
3 7925 7941 7928
3 7925 7939 7941
3 7941 7403 7404
3 7929 7941 7404
3 7928 7941 7929
3 7929 7404 7395
3 7932 7930 7408
3 7409 7932 7408
3 7942 7932 7409
3 7408 7930 7397
3 7933 7934 7943
3 7943 7934 7944
3 7943 7411 7399
3 7943 7399 7933
3 7937 7935 7945
3 7937 7945 7946
3 7414 7945 7413
3 7945 7938 7413
3 7945 7935 7938
3 7413 7938 7401
3 7949 7948 7947
3 7949 7947 7940
3 7947 7939 7940
3 7947 7950 7939
3 7939 7951 7941
3 7939 7950 7951
3 7951 7417 7403
3 7951 7403 7941
3 7419 7942 7409
3 7419 7952 7942
3 7955 7954 7953
3 7955 7953 7944
3 7944 7953 7943
3 7953 7421 7943
3 7421 7422 7943
3 7943 7422 7411
3 7946 7945 7956
3 7946 7956 7957
3 7424 7956 7414
3 7414 7956 7945
3 7947 7948 7958
3 7958 7948 7959
3 7947 7960 7950
3 7947 7958 7960
3 7960 7427 7428
3 7951 7960 7428
3 7950 7960 7951
3 7951 7428 7417
3 7962 7961 7431
3 7962 7431 7432
3 7419 7431 7952
3 7952 7431 7961
3 7954 7963 7953
3 7421 7953 7963
3 7964 7421 7963
3 7434 7421 7964
3 7957 7956 7965
3 7957 7965 7966
3 7436 7965 7424
3 7424 7965 7956
3 7969 7968 7967
3 7969 7967 7959
3 7967 7958 7959
3 7967 7970 7958
3 7970 7439 7440
3 7960 7970 7440
3 7958 7970 7960
3 7960 7440 7427
3 7973 7972 7971
3 7972 7962 7971
3 7962 7442 7971
3 7962 7432 7442
3 7964 7444 7434
3 7974 7444 7964
3 7977 7976 7975
3 7975 7976 7966
3 7965 7975 7966
3 7978 7975 7965
3 7446 7978 7436
3 7436 7978 7965
3 7967 7968 7979
3 7979 7968 7980
3 7967 7981 7970
3 7967 7979 7981
3 7981 7448 7439
3 7981 7439 7970
3 7973 7971 7450
3 7451 7973 7450
3 7982 7973 7451
3 7450 7971 7442
3 7974 7453 7444
3 7983 7453 7974
3 7977 7975 7984
3 7977 7984 7985
3 7986 7975 7978
3 7984 7975 7986
3 7455 7986 7446
3 7446 7986 7978
3 7979 7980 7987
3 7987 7980 7988
3 7979 7989 7981
3 7979 7987 7989
3 7989 7457 7448
3 7989 7448 7981
3 7458 7982 7451
3 7458 7990 7982
3 7993 7992 7991
3 7983 7993 7991
3 7460 7983 7991
3 7453 7983 7460
3 7985 7984 7994
3 7985 7994 7995
3 7996 7984 7986
3 7994 7984 7996
3 7462 7996 7455
3 7455 7996 7986
3 7987 7988 7997
3 7997 7988 7998
3 7997 7464 7465
3 7989 7997 7465
3 7987 7997 7989
3 7989 7465 7457
3 8001 8000 7999
3 8000 7990 7999
3 7990 7467 7999
3 7990 7458 7467
3 7991 7992 8002
3 8002 7992 8003
3 8002 7469 7460
3 8002 7460 7991
3 7995 7994 8004
3 7995 8004 8005
3 7472 8004 7471
3 8004 7996 7471
3 8004 7994 7996
3 7471 7996 7462
3 7997 7998 8006
3 8006 7998 8007
3 8006 7475 7464
3 8006 7464 7997
3 8001 7999 8008
3 8001 8008 8009
3 7477 8008 7467
3 7467 8008 7999
3 8002 8003 7480
3 8003 7479 7480
3 8003 8010 7479
3 8002 7480 7469
3 8005 8004 8011
3 8005 8011 8012
3 7482 8011 7472
3 7472 8011 8004
3 8006 8007 8013
3 8013 8007 8014
3 8013 7484 7475
3 8013 7475 8006
3 8009 8008 8015
3 8009 8015 8016
3 7486 8015 7477
3 7477 8015 8008
3 8019 8018 8017
3 8010 8019 8017
3 7488 8010 8017
3 7479 8010 7488
3 8022 8021 8020
3 8020 8021 8012
3 8020 8012 8011
3 7491 8020 8011
3 7490 7491 8011
3 7490 8011 7482
3 8013 8014 8023
3 8023 8014 8024
3 8023 7494 7484
3 8023 7484 8013
3 8016 8015 7496
3 7497 8016 7496
3 8025 8016 7497
3 7496 8015 7486
3 8028 8027 8026
3 8028 8026 8018
3 8018 8026 8017
3 8026 7499 8017
3 7499 7500 8017
3 8017 7500 7488
3 8022 8020 8029
3 8022 8029 8030
3 7502 8029 7491
3 7491 8029 8020
3 8033 8032 8031
3 8033 8031 8024
3 8031 8023 8024
3 8031 8034 8023
3 8034 7503 7494
3 8034 7494 8023
3 8037 8036 8035
3 8036 8025 8035
3 8025 7505 8035
3 8025 7497 7505
3 8040 8039 8038
3 8040 8038 8027
3 8027 8038 8026
3 8038 7507 8026
3 7507 7508 8026
3 8026 7508 7499
3 8043 8042 8041
3 8041 8042 8030
3 8029 8041 8030
3 8044 8041 8029
3 7510 8044 7502
3 7502 8044 8029
3 8031 8032 8045
3 8045 8032 8046
3 8045 7513 7514
3 8034 8045 7514
3 8031 8045 8034
3 8034 7514 7503
3 8037 8035 8047
3 8037 8047 8048
3 7515 8047 7505
3 7505 8047 8035
3 8038 8039 7518
3 8039 7517 7518
3 8039 8049 7517
3 8038 7518 7507
3 8043 8041 8050
3 8043 8050 8051
3 8052 8041 8044
3 8050 8041 8052
3 7520 8052 7510
3 7510 8052 8044
3 8054 8053 7522
3 7522 8053 7523
3 8055 7522 7524
3 8055 8054 7522
3 7525 8045 8046
3 8055 7525 8046
3 7524 7525 8055
3 8045 7525 7513
3 8048 8047 7526
3 7527 8048 7526
3 8056 8048 7527
3 7526 8047 7515
3 8059 8058 8057
3 8049 8059 8057
3 7529 8049 8057
3 7517 8049 7529
3 8051 8050 8060
3 8051 8060 8061
3 8062 8050 8052
3 8060 8050 8062
3 8062 8052 7520
3 8063 8062 7520
3 7530 8063 7520
3 8064 8062 8063
3 8065 7530 7531
3 8065 8063 7530
3 7531 7523 8053
3 7531 8053 8065
3 8067 8066 7533
3 8067 7533 7534
3 7527 7533 8056
3 8056 7533 8066
3 8070 8069 8068
3 8070 8068 8058
3 8058 8068 8057
3 8068 7536 8057
3 7536 7537 8057
3 8057 7537 7529
3 8071 8061 8060
3 8071 8060 8062
3 8071 8062 8072
3 8072 8062 8064
3 8074 8073 7538
3 8074 7538 7539
3 7534 7538 8067
3 8067 7538 8073
3 8068 8069 8075
3 8075 8069 8076
3 8075 7541 7536
3 8075 7536 8068
3 8079 8078 8077
3 7544 7543 8077
3 8078 7544 8077
3 8080 7544 8078
3 7539 7544 8074
3 8074 7544 8080
3 8083 8082 8081
3 8083 8081 8076
3 8076 8081 8075
3 8081 7546 8075
3 7546 7547 8075
3 8075 7547 7541
3 8085 8084 7550
3 8085 7550 7551
3 7550 8086 7552
3 8084 8086 7550
3 8077 7553 8079
3 7553 8086 8079
3 7553 7552 8086
3 7553 8077 7543
3 8081 8082 8087
3 8087 8082 8088
3 8089 7554 7546
3 8081 8089 7546
3 8087 8089 8081
3 8090 7555 7554
3 8090 7554 8089
3 8090 7557 7555
3 8092 8091 7560
3 8092 7560 7561
3 7551 7560 8085
3 8085 7560 8091
3 8088 8093 8087
3 8095 8094 8093
3 8094 8087 8093
3 8094 8089 8087
3 8089 8096 8090
3 8089 8094 8096
3 8097 7562 7557
3 8090 8097 7557
3 8096 8097 8090
3 8098 7563 7562
3 8098 7562 8097
3 8098 7565 7563
3 8100 8099 7574
3 8100 7574 7573
3 7561 7574 8092
3 8092 7574 8099
3 8095 8101 8094
3 8094 8101 8096
3 8096 8101 8102
3 8096 8102 8097
3 8097 8102 8103
3 8097 8103 8098
3 8098 8103 8104
3 8098 8104 7565
3 8104 7575 7565
3 8104 8105 7575
3 8105 8107 8106
3 7576 8105 8106
3 7575 8105 7576
3 8108 7577 7576
3 8108 7576 8106
3 8109 7578 7577
3 8109 7577 8108
3 8110 7579 7578
3 8110 7578 8109
3 8110 7581 7579
3 7583 8111 7584
3 7584 8111 8112
3 8113 7584 8112
3 7585 7584 8113
3 7573 7585 8100
3 8100 7585 8113
3 8107 8114 8106
3 8106 8114 8108
3 8108 8114 8115
3 8108 8115 8109
3 8109 8115 8116
3 8109 8116 8110
3 8110 8116 8117
3 8117 8119 8118
3 8117 8118 7586
3 8110 8117 7586
3 7581 8110 7586
3 7586 8118 8120
3 8121 7586 8120
3 7587 7586 8121
3 7583 7587 8111
3 7587 8122 8111
3 7587 8121 8122
3 8111 8122 8112
3 8119 8123 8118
3 8118 8123 8120
3 8125 8124 7590
3 7590 8124 7589
3 7590 7591 8125
3 8125 7591 8126
3 8128 8127 7595
3 7595 8127 7594
3 8129 7595 7596
3 8129 8128 7595
3 7596 7589 8124
3 7596 8124 8129
3 7597 8126 7591
3 7597 8130 8126
3 8132 8131 7599
3 7599 8131 7598
3 8133 7599 7600
3 8133 8132 7599
3 7600 7601 8133
3 8133 7601 8134
3 8136 8135 7603
3 7603 8135 7602
3 8137 7603 7604
3 8137 8136 7603
3 7604 7594 8127
3 7604 8127 8137
3 7605 8130 7597
3 7605 8138 8130
3 8131 7606 7598
3 8139 7606 8131
3 8140 8134 7601
3 8140 7601 7607
3 7607 7609 8140
3 8140 7609 8141
3 8143 8142 7611
3 7611 8142 7610
3 7611 7602 8135
3 7611 8135 8143
3 8145 8144 7613
3 8145 7613 7614
3 7605 7613 8138
3 8138 7613 8144
3 8147 7615 8146
3 7615 8139 8146
3 7615 7606 8139
3 8148 8147 8146
3 7616 8150 8149
3 8141 7616 8149
3 7609 7616 8141
3 8150 8151 8149
3 8153 8152 7618
3 7618 8152 7617
3 7618 7610 8142
3 7618 8142 8153
3 8155 8154 7620
3 8155 7620 7621
3 7620 8156 7622
3 8154 8156 7620
3 7614 7622 8145
3 8145 7622 8156
3 8147 7623 7615
3 7625 7623 8147
3 8148 7625 8147
3 8157 7625 8148
3 7626 8150 7616
3 8158 8151 8150
3 7626 8158 8150
3 7627 8158 7626
3 7627 7629 8158
3 8158 7629 8159
3 8161 8160 7631
3 7631 8160 7630
3 7631 7617 8152
3 7631 8152 8161
3 7632 8155 7621
3 7632 8162 8155
3 8157 7633 7625
3 8163 7633 8157
3 7634 8159 7629
3 7634 8164 8159
3 8167 8166 8165
3 8160 8167 8165
3 7636 8160 8165
3 7630 8160 7636
3 8169 8168 7637
3 8169 7637 7638
3 7632 7637 8162
3 8162 7637 8168
3 8163 8170 7633
3 7633 8170 7639
3 7640 7639 8170
3 7640 8170 8171
3 7641 8164 7634
3 7641 8172 8164
3 8175 8174 8173
3 8175 8173 8166
3 8166 8173 8165
3 8173 7642 8165
3 7642 7643 8165
3 8165 7643 7636
3 8177 8176 7644
3 8177 7644 7645
3 7638 7644 8169
3 8169 7644 8176
3 8180 8179 8178
3 8171 8180 8178
3 7646 8171 8178
3 7640 8171 7646
3 7647 8172 7641
3 7647 8181 8172
3 8184 8183 8182
3 8184 8182 8174
3 8174 8182 8173
3 8182 7648 8173
3 7648 7649 8173
3 8173 7649 7642
3 7650 8177 7645
3 7650 8185 8177
3 8188 8187 8186
3 8188 8186 8179
3 8179 8186 8178
3 8186 7651 8178
3 7651 7652 8178
3 8178 7652 7646
3 8190 8189 7654
3 8190 7654 7655
3 7647 7654 8181
3 8181 7654 8189
3 8193 8192 8191
3 8193 8191 8183
3 8183 8191 8182
3 8191 7656 8182
3 7656 7657 8182
3 8182 7657 7648
3 8195 8194 7659
3 8195 7659 7660
3 7650 7659 8185
3 8185 7659 8194
3 8198 8197 8196
3 8198 8196 8187
3 8187 8196 8186
3 8196 7661 8186
3 7661 7662 8186
3 8186 7662 7651
3 8201 8200 8199
3 8200 8190 8199
3 8190 7663 8199
3 8190 7655 7663
3 8204 8203 8202
3 8204 8202 8192
3 8192 8202 8191
3 8202 7664 8191
3 7664 7665 8191
3 8191 7665 7656
3 8207 8206 8205
3 8209 8208 8205
3 8209 8205 8206
3 7667 7668 8208
3 8209 7667 8208
3 8210 7667 8209
3 7660 7667 8195
3 8195 7667 8210
3 8213 8212 8211
3 8213 8211 8197
3 8197 8211 8196
3 8211 7669 8196
3 7669 7670 8196
3 8196 7670 7661
3 8216 8215 8214
3 8214 8215 8201
3 8214 8201 8199
3 7672 8214 8199
3 7671 7672 8199
3 7671 8199 7663
3 8202 8203 7675
3 8203 7674 7675
3 8203 8217 7674
3 8202 7675 7664
3 8220 8219 8218
3 8222 8221 8218
3 8222 8218 8219
3 8221 8222 8207
3 8205 8221 8207
3 8223 8221 8205
3 7678 8223 7677
3 8223 8208 7677
3 8223 8205 8208
3 7677 8208 7668
3 8226 8225 8224
3 8228 8227 8224
3 8224 8227 8226
3 7680 7681 8228
3 7681 8227 8228
3 7681 8229 8227
3 7682 8211 8212
3 8229 7682 8212
3 7681 7682 8229
3 8211 7682 7669
3 8232 8231 8230
3 8230 8231 8216
3 8230 8216 8214
3 7684 8230 8214
3 7683 7684 8214
3 7683 8214 7672
3 8234 8233 7687
3 7687 8233 7686
3 7687 7674 8217
3 7687 8217 8234
3 8237 8236 8235
3 8235 8236 8220
3 8235 8220 8218
3 7690 8235 8218
3 7689 7690 8218
3 7689 8218 7692
3 7692 8218 8221
3 7692 8221 7694
3 7694 8221 8223
3 7694 8223 7678
3 8239 8238 7697
3 7697 8238 7696
3 7698 8224 8225
3 8239 7698 8225
3 7697 7698 8239
3 8224 7698 7699
3 8224 7699 8228
3 8228 7699 7680
3 8242 8241 8240
3 8240 8241 8232
3 8240 8232 8230
3 7702 8240 8230
3 7701 7702 8230
3 7701 8230 7684
3 8233 7703 7686
3 8243 7703 8233
3 8237 8235 7705
3 7706 8237 7705
3 8244 8237 7706
3 7705 8235 7690
3 8247 8246 8245
3 7709 7710 8245
3 7710 8247 8245
3 7710 8248 8247
3 7710 7696 8238
3 7710 8238 8248
3 8251 8250 8249
3 8249 8250 8242
3 8249 8242 8240
3 7713 8249 8240
3 7712 7713 8240
3 7712 8240 7702
3 8252 7715 7716
3 7703 8243 8253
3 8252 7703 8253
3 8254 8252 8253
3 7716 7703 8252
3 7718 7719 8254
3 8253 7718 8254
3 8255 7718 8253
3 7706 7718 8244
3 8244 7718 8255
3 8246 8256 8245
3 7709 8245 8256
3 8257 7709 8256
3 7720 7709 8257
3 8251 8249 7722
3 7723 8251 7722
3 8258 8251 7723
3 7722 8249 7713
3 8259 7724 8252
3 8252 7724 7715
3 7725 8259 7727
3 8259 8254 7727
3 8259 8252 8254
3 7727 8254 7719
3 8257 7728 7720
3 8260 7728 8257
3 8263 8262 8261
3 8262 8258 8261
3 8258 7729 8261
3 8258 7723 7729
3 8259 7730 7724
3 7730 8259 7725
3 8260 7732 7728
3 8264 7732 8260
3 8267 8266 8265
3 8265 8266 8263
3 8265 8263 8261
3 7734 8265 8261
3 7733 7734 8261
3 7733 8261 7729
3 7735 7732 8268
3 7732 8269 8268
3 7732 8264 8269
3 8268 7736 7735
3 8267 8265 7738
3 7739 8267 7738
3 8270 8267 7739
3 7738 8265 7734
3 8273 8272 8271
3 8273 8271 8269
3 8269 8271 8268
3 8271 7741 8268
3 7741 7742 8268
3 8268 7742 7736
3 8276 8275 8274
3 8275 8270 8274
3 8270 7744 8274
3 8270 7739 7744
3 8279 8278 8277
3 8279 8277 8272
3 8272 8277 8271
3 8277 7746 8271
3 7746 7747 8271
3 8271 7747 7741
3 8282 8281 8280
3 8280 8281 8276
3 8280 8276 8274
3 7750 8280 8274
3 7749 7750 8274
3 7749 8274 7744
3 8285 8284 8283
3 8287 8286 8283
3 8283 8286 8285
3 8289 8288 8287
3 8287 8288 8286
3 8289 8290 8288
3 8293 8292 8291
3 8293 8291 8278
3 8278 8291 8277
3 8291 7752 8277
3 7752 7753 8277
3 8277 7753 7746
3 8282 8280 8294
3 8282 8294 8295
3 7755 8294 7750
3 7750 8294 8280
3 8298 8297 8296
3 8298 8296 8284
3 8284 8296 8283
3 8296 7757 8283
3 7757 7758 8283
3 8283 7758 7759
3 8283 7759 8287
3 8287 7759 7761
3 8299 8287 7761
3 8289 8287 8299
3 8290 8289 8300
3 8300 8289 8299
3 8303 8302 8301
3 8301 8304 8303
3 8307 8306 8305
3 8309 8308 8305
3 8305 8308 8307
3 8308 8309 8292
3 8292 8309 8291
3 8309 7763 8291
3 7763 7764 8291
3 8291 7764 7752
3 8312 8311 8310
3 8310 8311 8295
3 8310 8295 8294
3 7767 8310 8294
3 7766 7767 8294
3 7766 8294 7755
3 8315 8314 8313
3 8315 8313 8297
3 8297 8313 8296
3 8313 7769 8296
3 7769 7770 8296
3 8296 7770 7757
3 8317 8316 8299
3 7761 8317 8299
3 7773 8317 7761
3 8299 8316 8300
3 8320 8319 8318
3 8322 8321 8318
3 8318 8321 8320
3 8324 8323 8322
3 8323 8301 8322
3 8302 8321 8322
3 8302 8322 8301
3 7775 8323 8325
3 8323 7775 8301
3 7776 8301 7775
3 8301 7776 8304
3 8326 8304 7776
3 7777 8305 8306
3 8326 7777 8306
3 7776 7777 8326
3 8305 7777 7778
3 8305 7778 8309
3 8309 7778 7763
3 8329 8328 8327
3 8327 8328 8312
3 8327 8312 8310
3 7781 8327 8310
3 7780 7781 8310
3 7780 8310 7767
3 8313 8314 7784
3 8314 7783 7784
3 8314 8330 7783
3 8313 7784 7769
3 7786 8317 7773
3 7786 8331 8317
3 8318 8319 8332
3 8332 8319 8333
3 8318 8334 8322
3 8318 8332 8334
3 7789 8335 7788
3 8335 8322 7788
3 8322 8334 7788
3 8322 8335 8324
3 7789 7775 8325
3 7789 8325 8335
3 8338 8337 8336
3 8336 8337 8329
3 8336 8329 8327
3 7792 8336 8327
3 7791 7792 8327
3 7791 8327 7781
3 8341 8340 8339
3 8330 8341 8339
3 7794 8330 8339
3 7783 8330 7794
3 7795 8331 7786
3 7795 8342 8331
3 8345 8344 8343
3 8345 8343 8333
3 8343 8332 8333
3 8343 8346 8332
3 8332 8347 8334
3 8332 8346 8347
3 8347 7796 7788
3 8347 7788 8334
3 8350 8349 8348
3 8352 8351 8348
3 8352 8348 8349
3 8351 8352 8338
3 8351 8338 8336
3 7799 8351 8336
3 7798 7799 8336
3 7798 8336 7792
3 8355 8354 8353
3 8355 8353 8340
3 8340 8353 8339
3 8353 7801 8339
3 7801 7802 8339
3 8339 7802 7794
3 7803 8342 7795
3 7803 8356 8342
3 8343 8344 8357
3 8357 8344 8358
3 8343 8359 8346
3 8343 8357 8359
3 8359 7804 7805
3 8347 8359 7805
3 8346 8359 8347
3 8347 7805 7796
3 8362 8361 8360
3 8360 8361 8350
3 8360 8350 8348
3 7808 8360 8348
3 7807 7808 8348
3 7807 8348 7810
3 7810 8348 8351
3 7810 8351 7799
3 8365 8364 8363
3 8365 8363 8354
3 8363 8353 8354
3 8363 8366 8353
3 8366 7811 7801
3 8366 7801 8353
3 7812 8356 7803
3 7812 8367 8356
3 8370 8369 8368
3 8370 8368 8358
3 8358 8368 8357
3 8368 7814 8357
3 7814 7815 8357
3 8357 7815 7816
3 8371 8357 7816
3 8359 8357 8371
3 8371 7817 7804
3 8371 7804 8359
3 8362 8360 8372
3 8362 8372 8373
3 7819 8372 7808
3 7808 8372 8360
3 8363 8364 8374
3 8374 8364 8375
3 8374 7821 7822
3 8366 8374 7822
3 8363 8374 8366
3 8366 7822 7811
3 8376 8367 7812
3 8376 7812 7823
3 7823 7824 8376
3 8376 7824 8377
3 8368 8369 8378
3 8378 8369 8379
3 8380 7825 7814
3 8368 8380 7814
3 8378 8380 8368
3 8371 7816 7825
3 8380 8371 7825
3 8381 8371 8380
3 8381 7826 7817
3 8381 7817 8371
3 8384 8383 8382
3 8382 8383 8373
3 8382 8373 8372
3 7829 8382 8372
3 7828 7829 8372
3 7828 8372 7819
3 8387 8386 8385
3 8387 8385 8375
3 8375 8385 8374
3 8385 7831 8374
3 7831 7832 8374
3 8374 7832 7821
3 7824 7833 8388
3 8389 7824 8388
3 8377 7824 8389
3 7834 8388 7833
3 8392 8391 8390
3 8392 8390 8379
3 8390 8378 8379
3 8390 8393 8378
3 8395 8380 8394
3 8380 8393 8394
3 8380 8378 8393
3 8396 7836 7837
3 8380 8396 7837
3 8381 8380 7837
3 8395 8396 8380
3 8381 7837 7826
3 8384 8382 8397
3 8384 8397 8398
3 7839 8397 7829
3 7829 8397 8382
3 8401 8400 8399
3 8401 8399 8386
3 8386 8399 8385
3 8399 7841 8385
3 7841 7842 8385
3 8385 7842 7831
3 8404 8403 8402
3 8402 8403 8389
3 8402 8389 8388
3 7845 8402 8388
3 7844 7845 8388
3 7844 8388 7834
3 8390 8391 8405
3 8405 8391 8406
3 8408 8393 8407
3 8393 8405 8407
3 8393 8390 8405
3 8408 8409 8393
3 8409 8410 8393
3 8411 8394 8393
3 8411 8393 8410
3 8396 8411 8410
3 7846 8396 8410
3 7836 8396 7846
3 8398 8397 8412
3 8398 8412 8413
3 7848 8412 7839
3 7839 8412 8397
3 8416 8415 8414
3 8416 8414 8400
3 8400 8414 8399
3 8414 7850 8399
3 7850 7851 8399
3 8399 7851 7841
3 8404 8402 7853
3 7854 8404 7853
3 8417 8404 7854
3 7853 8402 7845
3 8405 8406 8418
3 8418 8406 8419
3 8407 8405 8420
3 8405 8421 8420
3 8405 8418 8421
3 8420 8421 8409
3 8409 8421 8410
3 8421 7856 8410
3 7856 7857 8410
3 8410 7857 7846
3 8424 8423 8422
3 8422 8423 8413
3 8422 8413 8412
3 7860 8422 8412
3 7859 7860 8412
3 7859 8412 7848
3 8414 8415 8425
3 8425 8415 8426
3 8425 7863 7850
3 8425 7850 8414
3 8429 8428 8427
3 8428 8417 8427
3 8417 7864 8427
3 8417 7854 7864
3 8432 8431 8430
3 8434 8433 8430
3 8433 8418 8430
3 8419 8432 8430
3 8419 8430 8418
3 8436 8435 8433
3 8435 8418 8433
3 8435 8421 8418
3 8435 7866 7856
3 8435 7856 8421
3 8439 8438 8437
3 8437 8438 8424
3 8422 8437 8424
3 8440 8437 8422
3 7868 8440 7860
3 7860 8440 8422
3 8443 8442 8441
3 8443 8441 8426
3 8426 8441 8425
3 8441 7871 8425
3 7871 7872 8425
3 8425 7872 7863
3 8446 8445 8444
3 8444 8445 8429
3 8444 8429 8427
3 7875 8444 8427
3 7874 7875 8427
3 7874 8427 7864
3 8431 8447 8430
3 8447 8448 8430
3 8448 8449 8430
3 8450 8434 8430
3 8450 8430 8449
3 8450 8449 8436
3 8436 8449 8435
3 8449 7877 8435
3 7877 7878 8435
3 8435 7878 7866
3 8453 8452 8451
3 8451 8452 8439
3 8437 8451 8439
3 8454 8451 8437
3 7881 8454 7880
3 8454 8440 7880
3 8454 8437 8440
3 7880 8440 7868
3 8441 8442 8455
3 8455 8442 8456
3 8455 7884 7871
3 8455 7871 8441
3 8446 8444 8457
3 8446 8457 8458
3 7885 8457 7875
3 7875 8457 8444
3 8449 8448 7888
3 8448 7887 7888
3 8448 8459 7887
3 8449 7888 7877
3 8453 8451 8460
3 8453 8460 8461
3 8462 8451 8454
3 8460 8451 8462
3 7890 8462 7881
3 7881 8462 8454
3 8465 8464 8463
3 8465 8463 8456
3 8463 8455 8456
3 8463 8466 8455
3 8466 7892 7884
3 8466 7884 8455
3 8469 8468 8467
3 8467 8468 8458
3 8467 8458 8457
3 7895 8467 8457
3 7894 7895 8457
3 7894 8457 7885
3 8472 8471 8470
3 8459 8472 8470
3 7897 8459 8470
3 7887 8459 7897
3 8475 8474 8473
3 8473 8474 8461
3 8460 8473 8461
3 8476 8473 8460
3 7900 8476 7899
3 8476 8462 7899
3 8476 8460 8462
3 7899 8462 7890
3 8463 8464 8477
3 8477 8464 8478
3 8477 7903 7904
3 8466 8477 7904
3 8463 8477 8466
3 8466 7904 7892
3 8481 8480 8479
3 8479 8480 8469
3 8479 8469 8467
3 7908 8479 8467
3 7907 7908 8467
3 7907 8467 7895
3 8484 8483 8482
3 8484 8482 8471
3 8471 8482 8470
3 8482 7910 8470
3 7910 7911 8470
3 8470 7911 7897
3 8475 8473 8485
3 8475 8485 8486
3 7914 8485 7913
3 8485 8476 7913
3 8485 8473 8476
3 7913 8476 7900
3 8489 8488 8487
3 8489 8487 8478
3 8487 8477 8478
3 8487 8490 8477
3 8490 7917 7903
3 8490 7903 8477
3 8481 8479 8491
3 8481 8491 8492
3 7919 8491 7908
3 7908 8491 8479
3 8482 8483 7922
3 8483 7921 7922
3 8483 8493 7921
3 8482 7922 7910
3 8486 8485 8494
3 8486 8494 8495
3 7924 8494 7914
3 7914 8494 8485
3 8487 8488 8496
3 8496 8488 8497
3 8496 7926 7927
3 8490 8496 7927
3 8487 8496 8490
3 8490 7927 7917
3 8492 8491 7931
3 7932 8492 7931
3 8498 8492 7932
3 7931 8491 7919
3 8501 8500 8499
3 8499 8502 8501
3 8505 8504 8503
3 8493 8505 8503
3 7934 8493 8503
3 7921 8493 7934
3 8508 8507 8506
3 8506 8507 8495
3 8506 8495 8494
3 7937 8506 8494
3 7936 7937 8494
3 7936 8494 7924
3 8511 8510 8509
3 8511 8509 8497
3 8509 8496 8497
3 8509 8512 8496
3 8512 7940 7926
3 8512 7926 8496
3 8515 8514 8513
3 8514 8498 8513
3 8498 7942 8513
3 8498 7932 7942
3 8518 8517 8516
3 8520 8519 8516
3 8519 8499 8516
3 8500 8518 8516
3 8500 8516 8499
3 8499 8519 8502
3 8503 8504 8521
3 8521 8504 8522
3 8521 7944 7934
3 8521 7934 8503
3 8508 8506 8523
3 8508 8523 8524
3 7946 8523 7937
3 7937 8523 8506
3 8527 8526 8525
3 8527 8525 8510
3 8525 8509 8510
3 8525 8528 8509
3 8528 7948 7949
3 8512 8528 7949
3 8509 8528 8512
3 8512 7949 7940
3 8515 8513 8529
3 8515 8529 8530
3 7952 8529 7942
3 7942 8529 8513
3 8516 8517 8531
3 8531 8517 8532
3 8520 8516 8533
3 8533 8516 8531
3 8521 8522 7955
3 8522 7954 7955
3 8522 8534 7954
3 8521 7955 7944
3 8537 8536 8535
3 8535 8536 8524
3 8523 8535 8524
3 8538 8535 8523
3 7957 8538 7946
3 7946 8538 8523
3 8525 8526 8539
3 8539 8526 8540
3 8525 8541 8528
3 8525 8539 8541
3 8541 7959 7948
3 8541 7948 8528
3 8544 8543 8542
3 8542 8543 8530
3 8542 8530 8529
3 7962 8542 8529
3 7961 7962 8529
3 7961 8529 7952
3 8531 8532 8545
3 8545 8532 8546
3 8533 8531 8547
3 8547 8531 8545
3 8550 8549 8548
3 8548 8551 7963
3 8534 8548 7963
3 7954 8534 7963
3 8548 8534 8550
3 8551 7964 7963
3 8537 8535 8552
3 8537 8552 8553
3 8554 8535 8538
3 8552 8535 8554
3 7966 8554 7957
3 7957 8554 8538
3 8539 8540 8555
3 8555 8540 8556
3 8555 7968 7969
3 8541 8555 7969
3 8539 8555 8541
3 8541 7969 7959
3 8544 8542 7972
3 7973 8544 7972
3 8557 8544 7973
3 7972 8542 7962
3 8546 8558 8545
3 8545 8558 8547
3 8549 8559 8548
3 8561 8560 8559
3 8560 8548 8559
3 8560 8551 8548
3 8560 7974 7964
3 8560 7964 8551
3 8553 8552 8562
3 8553 8562 8563
3 7977 8562 7976
3 8562 8554 7976
3 8562 8552 8554
3 7976 8554 7966
3 8555 8556 8564
3 8564 8556 8565
3 8564 7980 7968
3 8564 7968 8555
3 8568 8567 8566
3 8567 8557 8566
3 8557 7982 8566
3 8557 7973 7982
3 8560 8561 8569
3 8569 8561 8570
3 8569 7983 7974
3 8569 7974 8560
3 8563 8562 8571
3 8563 8571 8572
3 7985 8571 7977
3 7977 8571 8562
3 8575 8574 8573
3 8575 8573 8565
3 8573 8564 8565
3 8573 8576 8564
3 8576 7988 7980
3 8576 7980 8564
3 8568 8566 8577
3 8568 8577 8578
3 7990 8577 7982
3 7982 8577 8566
3 8581 8580 8579
3 8581 8579 8570
3 8570 8579 8569
3 8579 7992 8569
3 7992 7993 8569
3 8569 7993 7983
3 8572 8571 8582
3 8572 8582 8583
3 7995 8582 7985
3 7985 8582 8571
3 8573 8574 8584
3 8584 8574 8585
3 8573 8586 8576
3 8573 8584 8586
3 8586 7998 7988
3 8586 7988 8576
3 8589 8588 8587
3 8587 8588 8578
3 8587 8578 8577
3 8001 8587 8577
3 8000 8001 8577
3 8000 8577 7990
3 8579 8580 8590
3 8590 8580 8591
3 8590 8003 7992
3 8590 7992 8579
3 8594 8593 8592
3 8592 8593 8583
3 8582 8592 8583
3 8595 8592 8582
3 8005 8595 7995
3 7995 8595 8582
3 8584 8585 8596
3 8596 8585 8597
3 8584 8598 8586
3 8584 8596 8598
3 8598 8007 7998
3 8598 7998 8586
3 8589 8587 8599
3 8589 8599 8600
3 8009 8599 8001
3 8001 8599 8587
3 8603 8602 8601
3 8603 8601 8591
3 8601 8590 8591
3 8601 8604 8590
3 8604 8010 8003
3 8604 8003 8590
3 8594 8592 8605
3 8594 8605 8606
3 8607 8592 8595
3 8605 8592 8607
3 8012 8607 8005
3 8005 8607 8595
3 8610 8609 8608
3 8610 8608 8597
3 8608 8596 8597
3 8608 8611 8596
3 8596 8612 8598
3 8596 8611 8612
3 8612 8014 8007
3 8612 8007 8598
3 8600 8599 8613
3 8600 8613 8614
3 8016 8613 8009
3 8009 8613 8599
3 8601 8602 8615
3 8615 8602 8616
3 8615 8018 8019
3 8604 8615 8019
3 8601 8615 8604
3 8604 8019 8010
3 8606 8605 8617
3 8606 8617 8618
3 8022 8617 8021
3 8617 8607 8021
3 8617 8605 8607
3 8021 8607 8012
3 8608 8609 8619
3 8619 8609 8620
3 8608 8621 8611
3 8608 8619 8621
3 8611 8622 8612
3 8611 8621 8622
3 8622 8024 8014
3 8622 8014 8612
3 8614 8613 8623
3 8614 8623 8624
3 8025 8623 8016
3 8016 8623 8613
3 8627 8626 8625
3 8627 8625 8616
3 8616 8625 8615
3 8625 8027 8615
3 8027 8028 8615
3 8615 8028 8018
3 8618 8617 8628
3 8618 8628 8629
3 8030 8628 8022
3 8022 8628 8617
3 8619 8620 8630
3 8630 8620 8631
3 8619 8632 8621
3 8619 8630 8632
3 8632 8032 8033
3 8622 8632 8033
3 8621 8632 8622
3 8622 8033 8024
3 8624 8623 8036
3 8037 8624 8036
3 8633 8624 8037
3 8036 8623 8025
3 8636 8635 8634
3 8636 8634 8626
3 8626 8634 8625
3 8634 8039 8625
3 8039 8040 8625
3 8625 8040 8027
3 8639 8638 8637
3 8637 8638 8629
3 8637 8629 8628
3 8043 8637 8628
3 8042 8043 8628
3 8042 8628 8030
3 8630 8631 8640
3 8640 8631 8641
3 8630 8642 8632
3 8630 8640 8642
3 8642 8046 8032
3 8642 8032 8632
3 8645 8644 8643
3 8644 8633 8643
3 8633 8048 8643
3 8633 8037 8048
3 8634 8635 8646
3 8646 8635 8647
3 8646 8049 8039
3 8646 8039 8634
3 8639 8637 8648
3 8639 8648 8649
3 8051 8648 8043
3 8043 8648 8637
3 8652 8651 8650
3 8652 8650 8641
3 8641 8650 8640
3 8650 8053 8640
3 8053 8054 8640
3 8640 8054 8055
3 8640 8055 8642
3 8642 8055 8046
3 8645 8643 8653
3 8645 8653 8654
3 8056 8653 8048
3 8048 8653 8643
3 8657 8656 8655
3 8657 8655 8647
3 8647 8655 8646
3 8655 8058 8646
3 8058 8059 8646
3 8646 8059 8049
3 8660 8659 8658
3 8658 8659 8649
3 8648 8658 8649
3 8661 8658 8648
3 8061 8661 8051
3 8051 8661 8648
3 8663 8662 8063
3 8063 8662 8064
3 8065 8650 8651
3 8663 8065 8651
3 8063 8065 8663
3 8650 8065 8053
3 8666 8665 8664
3 8664 8665 8654
3 8664 8654 8653
3 8067 8664 8653
3 8066 8067 8653
3 8066 8653 8056
3 8669 8668 8667
3 8669 8667 8656
3 8656 8667 8655
3 8667 8069 8655
3 8069 8070 8655
3 8655 8070 8058
3 8670 8660 8658
3 8672 8671 8670
3 8658 8672 8670
3 8661 8672 8658
3 8071 8673 8061
3 8673 8661 8061
3 8673 8672 8661
3 8673 8071 8674
3 8071 8675 8674
3 8071 8072 8675
3 8072 8064 8662
3 8072 8662 8675
3 8678 8677 8676
3 8676 8677 8666
3 8676 8666 8664
3 8074 8676 8664
3 8073 8074 8664
3 8073 8664 8067
3 8667 8668 8679
3 8679 8668 8680
3 8679 8076 8069
3 8679 8069 8667
3 8681 8671 8672
3 8681 8672 8673
3 8681 8673 8682
3 8682 8673 8674
3 8684 8683 8078
3 8684 8078 8079
3 8676 8080 8678
3 8080 8683 8678
3 8080 8078 8683
3 8080 8676 8074
3 8687 8686 8685
3 8687 8685 8680
3 8680 8685 8679
3 8685 8082 8679
3 8082 8083 8679
3 8679 8083 8076
3 8689 8688 8084
3 8689 8084 8085
3 8084 8690 8086
3 8688 8690 8084
3 8079 8086 8684
3 8684 8086 8690
3 8693 8692 8691
3 8693 8691 8686
3 8691 8685 8686
3 8691 8694 8685
3 8694 8088 8082
3 8694 8082 8685
3 8696 8695 8091
3 8696 8091 8092
3 8085 8091 8689
3 8689 8091 8695
3 8692 8697 8691
3 8699 8698 8697
3 8698 8691 8697
3 8698 8694 8691
3 8700 8093 8088
3 8694 8700 8088
3 8698 8700 8694
3 8700 8095 8093
3 8702 8701 8099
3 8702 8099 8100
3 8092 8099 8696
3 8696 8099 8701
3 8699 8703 8698
3 8698 8703 8700
3 8700 8703 8704
3 8704 8706 8705
3 8704 8705 8101
3 8700 8704 8101
3 8095 8700 8101
3 8707 8102 8101
3 8707 8101 8705
3 8708 8103 8102
3 8708 8102 8707
3 8709 8104 8103
3 8709 8103 8708
3 8710 8105 8104
3 8710 8104 8709
3 8710 8107 8105
3 8712 8711 8113
3 8712 8113 8112
3 8100 8113 8702
3 8702 8113 8711
3 8706 8713 8705
3 8705 8713 8707
3 8707 8713 8714
3 8707 8714 8708
3 8708 8714 8715
3 8708 8715 8709
3 8709 8715 8716
3 8709 8716 8710
3 8710 8716 8717
3 8710 8717 8107
3 8717 8114 8107
3 8717 8718 8114
3 8114 8719 8115
3 8718 8719 8114
3 8719 8721 8720
3 8116 8719 8720
3 8115 8719 8116
3 8722 8117 8116
3 8722 8116 8720
3 8722 8119 8117
3 8724 8723 8121
3 8724 8121 8120
3 8121 8725 8122
3 8723 8725 8121
3 8112 8122 8712
3 8712 8122 8725
3 8721 8726 8720
3 8720 8726 8722
3 8722 8726 8727
3 8722 8727 8119
3 8727 8123 8119
3 8727 8728 8123
3 8120 8123 8724
3 8724 8123 8728
3 8729 8124 8125
3 8126 8729 8125
3 8731 8730 8128
3 8128 8730 8127
3 8732 8128 8129
3 8732 8731 8128
3 8129 8124 8729
3 8733 8129 8729
3 8732 8129 8733
3 8729 8126 8733
3 8126 8734 8733
3 8126 8130 8734
3 8735 8131 8132
3 8133 8736 8132
3 8132 8736 8735
3 8134 8736 8133
3 8738 8737 8136
3 8136 8737 8135
3 8739 8136 8137
3 8739 8738 8136
3 8137 8127 8730
3 8137 8730 8739
3 8138 8734 8130
3 8138 8740 8734
3 8741 8139 8735
3 8735 8139 8131
3 8736 8743 8742
3 8741 8736 8742
3 8735 8736 8741
3 8743 8736 8134
3 8140 8743 8134
3 8744 8743 8140
3 8140 8141 8744
3 8744 8141 8745
3 8747 8746 8143
3 8143 8746 8142
3 8143 8135 8737
3 8143 8737 8747
3 8750 8749 8748
3 8144 8145 8748
3 8749 8144 8748
3 8751 8144 8749
3 8138 8144 8740
3 8740 8144 8751
3 8741 8146 8139
3 8148 8146 8741
3 8742 8148 8741
3 8752 8148 8742
3 8753 8745 8141
3 8753 8141 8149
3 8755 8754 8151
3 8754 8149 8151
3 8754 8753 8149
3 8755 8756 8754
3 8758 8757 8153
3 8153 8757 8152
3 8153 8142 8746
3 8153 8746 8758
3 8760 8759 8154
3 8760 8154 8155
3 8748 8156 8750
3 8156 8759 8750
3 8156 8154 8759
3 8156 8748 8145
3 8752 8157 8148
3 8761 8157 8752
3 8158 8755 8151
3 8158 8159 8755
3 8159 8756 8755
3 8159 8762 8756
3 8764 8763 8161
3 8161 8763 8160
3 8161 8152 8757
3 8161 8757 8764
3 8767 8766 8765
3 8766 8760 8765
3 8760 8162 8765
3 8760 8155 8162
3 8769 8163 8768
3 8163 8761 8768
3 8163 8157 8761
3 8770 8769 8768
3 8164 8762 8159
3 8164 8771 8762
3 8773 8772 8167
3 8167 8772 8166
3 8167 8160 8763
3 8167 8763 8773
3 8767 8765 8168
3 8169 8767 8168
3 8774 8767 8169
3 8168 8765 8162
3 8776 8170 8775
3 8170 8163 8775
3 8775 8163 8769
3 8777 8775 8769
3 8769 8770 8777
3 8170 8776 8171
3 8172 8771 8164
3 8172 8778 8771
3 8781 8780 8779
3 8174 8175 8779
3 8175 8781 8779
3 8175 8782 8781
3 8175 8166 8772
3 8175 8772 8782
3 8784 8783 8176
3 8784 8176 8177
3 8169 8176 8774
3 8774 8176 8783
3 8776 8775 8180
3 8775 8179 8180
3 8775 8785 8179
3 8776 8180 8171
3 8788 8787 8786
3 8787 8778 8786
3 8778 8181 8786
3 8778 8172 8181
3 8779 8780 8184
3 8780 8183 8184
3 8780 8789 8183
3 8779 8184 8174
3 8792 8791 8790
3 8791 8784 8790
3 8784 8185 8790
3 8784 8177 8185
3 8794 8793 8188
3 8188 8793 8187
3 8188 8179 8785
3 8188 8785 8794
3 8797 8796 8795
3 8795 8796 8788
3 8795 8788 8786
3 8190 8795 8786
3 8189 8190 8786
3 8189 8786 8181
3 8799 8798 8193
3 8193 8798 8192
3 8193 8183 8789
3 8193 8789 8799
3 8802 8801 8800
3 8804 8803 8800
3 8804 8800 8801
3 8803 8804 8792
3 8803 8792 8790
3 8195 8803 8790
3 8194 8195 8790
3 8194 8790 8185
3 8806 8805 8198
3 8198 8805 8197
3 8198 8187 8793
3 8198 8793 8806
3 8809 8808 8807
3 8807 8808 8797
3 8807 8797 8795
3 8201 8807 8795
3 8200 8201 8795
3 8200 8795 8190
3 8811 8810 8204
3 8204 8810 8203
3 8204 8192 8798
3 8204 8798 8811
3 8814 8813 8812
3 8816 8815 8812
3 8816 8812 8813
3 8206 8207 8815
3 8816 8206 8815
3 8817 8206 8816
3 8800 8209 8802
3 8209 8817 8802
3 8209 8206 8817
3 8209 8800 8210
3 8210 8800 8803
3 8210 8803 8195
3 8820 8819 8818
3 8212 8213 8818
3 8213 8820 8818
3 8213 8821 8820
3 8213 8197 8805
3 8213 8805 8821
3 8809 8807 8215
3 8216 8809 8215
3 8822 8809 8216
3 8215 8807 8201
3 8810 8217 8203
3 8823 8217 8810
3 8814 8812 8219
3 8220 8814 8219
3 8824 8814 8220
3 8219 8812 8222
3 8222 8812 8815
3 8222 8815 8207
3 8826 8825 8226
3 8226 8825 8225
3 8827 8226 8227
3 8827 8826 8226
3 8229 8818 8819
3 8827 8229 8819
3 8227 8229 8827
3 8818 8229 8212
3 8829 8828 8231
3 8829 8231 8232
3 8216 8231 8822
3 8822 8231 8828
3 8831 8830 8234
3 8234 8830 8233
3 8234 8217 8823
3 8234 8823 8831
3 8833 8832 8236
3 8833 8236 8237
3 8220 8236 8824
3 8824 8236 8832
3 8836 8835 8834
3 8838 8837 8834
3 8834 8837 8836
3 8238 8239 8838
3 8239 8837 8838
3 8239 8839 8837
3 8239 8225 8825
3 8239 8825 8839
3 8841 8840 8241
3 8841 8241 8242
3 8232 8241 8829
3 8829 8241 8840
3 8830 8243 8233
3 8842 8243 8830
3 8845 8844 8843
3 8844 8833 8843
3 8833 8244 8843
3 8833 8237 8244
3 8834 8835 8247
3 8835 8246 8247
3 8835 8846 8246
3 8834 8247 8248
3 8834 8248 8838
3 8838 8248 8238
3 8848 8847 8250
3 8848 8250 8251
3 8242 8250 8841
3 8841 8250 8847
3 8842 8849 8243
3 8243 8849 8253
3 8843 8255 8845
3 8255 8849 8845
3 8255 8253 8849
3 8255 8843 8244
3 8852 8851 8850
3 8850 8853 8256
3 8846 8850 8256
3 8246 8846 8256
3 8850 8846 8852
3 8853 8257 8256
3 8856 8855 8854
3 8855 8848 8854
3 8848 8258 8854
3 8848 8251 8258
3 8851 8857 8850
3 8850 8857 8853
3 8853 8857 8858
3 8257 8853 8858
3 8859 8257 8858
3 8260 8257 8859
3 8862 8861 8860
3 8860 8861 8856
3 8860 8856 8854
3 8263 8860 8854
3 8262 8263 8854
3 8262 8854 8258
3 8859 8264 8260
3 8863 8264 8859
3 8866 8865 8864
3 8864 8865 8862
3 8864 8862 8860
3 8267 8864 8860
3 8266 8267 8860
3 8266 8860 8263
3 8869 8868 8867
3 8863 8869 8867
3 8269 8863 8867
3 8264 8863 8269
3 8866 8864 8870
3 8866 8870 8871
3 8270 8870 8267
3 8267 8870 8864
3 8874 8873 8872
3 8876 8875 8872
3 8872 8875 8874
3 8876 8877 8875
3 8880 8879 8878
3 8880 8878 8868
3 8868 8878 8867
3 8878 8272 8867
3 8272 8273 8867
3 8867 8273 8269
3 8883 8882 8881
3 8881 8882 8871
3 8881 8871 8870
3 8276 8881 8870
3 8275 8276 8870
3 8275 8870 8270
3 8886 8885 8884
3 8886 8884 8873
3 8884 8872 8873
3 8884 8887 8872
3 8889 8876 8888
3 8876 8887 8888
3 8876 8872 8887
3 8876 8889 8877
3 8892 8891 8890
3 8894 8893 8890
3 8890 8893 8892
3 8894 8895 8893
3 8898 8897 8896
3 8898 8896 8879
3 8879 8896 8878
3 8896 8278 8878
3 8278 8279 8878
3 8878 8279 8272
3 8901 8900 8899
3 8899 8900 8883
3 8899 8883 8881
3 8282 8899 8881
3 8281 8282 8881
3 8281 8881 8276
3 8904 8903 8902
3 8904 8902 8885
3 8885 8902 8884
3 8902 8284 8884
3 8284 8285 8884
3 8884 8285 8286
3 8884 8286 8887
3 8286 8288 8887
3 8288 8905 8887
3 8905 8888 8887
3 8288 8906 8905
3 8290 8906 8288
3 8909 8908 8907
3 8911 8910 8907
3 8907 8910 8909
3 8910 8911 8891
3 8911 8890 8891
3 8911 8912 8890
3 8890 8913 8894
3 8890 8912 8913
3 8895 8894 8914
3 8894 8915 8914
3 8894 8913 8915
3 8914 8915 8897
3 8897 8915 8896
3 8915 8292 8896
3 8292 8293 8896
3 8896 8293 8278
3 8918 8917 8916
3 8916 8917 8901
3 8899 8916 8901
3 8919 8916 8899
3 8295 8919 8282
3 8282 8919 8899
3 8922 8921 8920
3 8922 8920 8903
3 8903 8920 8902
3 8920 8297 8902
3 8297 8298 8902
3 8902 8298 8284
3 8905 8906 8923
3 8905 8923 8924
3 8300 8923 8290
3 8290 8923 8906
3 8927 8926 8925
3 8927 8925 8908
3 8925 8907 8908
3 8925 8928 8907
3 8928 8302 8303
3 8911 8928 8303
3 8907 8928 8911
3 8911 8303 8304
3 8929 8911 8304
3 8912 8911 8929
3 8929 8306 8307
3 8913 8929 8307
3 8912 8929 8913
3 8913 8307 8308
3 8913 8308 8915
3 8915 8308 8292
3 8932 8931 8930
3 8930 8931 8918
3 8916 8930 8918
3 8933 8930 8916
3 8312 8933 8311
3 8933 8919 8311
3 8933 8916 8919
3 8311 8919 8295
3 8920 8921 8315
3 8921 8314 8315
3 8921 8934 8314
3 8920 8315 8297
3 8924 8923 8316
3 8317 8924 8316
3 8935 8924 8317
3 8316 8923 8300
3 8938 8937 8936
3 8938 8936 8926
3 8926 8936 8925
3 8936 8319 8925
3 8319 8320 8925
3 8925 8320 8321
3 8925 8321 8928
3 8302 8928 8321
3 8323 8324 8939
3 8326 8929 8304
3 8325 8323 8939
3 8929 8326 8306
3 8942 8941 8940
3 8940 8941 8932
3 8930 8940 8932
3 8943 8940 8930
3 8329 8943 8328
3 8943 8933 8328
3 8943 8930 8933
3 8328 8933 8312
3 8946 8945 8944
3 8934 8946 8944
3 8330 8934 8944
3 8314 8934 8330
3 8331 8935 8317
3 8331 8947 8935
3 8936 8937 8948
3 8948 8937 8949
3 8948 8333 8319
3 8948 8319 8936
3 8335 8939 8324
3 8939 8335 8325
3 8952 8951 8950
3 8950 8951 8942
3 8940 8950 8942
3 8953 8950 8940
3 8338 8953 8337
3 8953 8943 8337
3 8953 8940 8943
3 8337 8943 8329
3 8956 8955 8954
3 8956 8954 8945
3 8945 8954 8944
3 8954 8340 8944
3 8340 8341 8944
3 8944 8341 8330
3 8342 8947 8331
3 8342 8957 8947
3 8960 8959 8958
3 8960 8958 8949
3 8949 8958 8948
3 8958 8344 8948
3 8344 8345 8948
3 8948 8345 8333
3 8963 8962 8961
3 8961 8962 8952
3 8961 8952 8950
3 8350 8961 8950
3 8349 8350 8950
3 8349 8950 8352
3 8352 8950 8953
3 8352 8953 8338
3 8966 8965 8964
3 8966 8964 8955
3 8955 8964 8954
3 8964 8354 8954
3 8354 8355 8954
3 8954 8355 8340
3 8969 8968 8967
3 8970 8967 8968
3 8356 8957 8342
3 8356 8971 8957
3 8958 8959 8972
3 8972 8959 8973
3 8972 8358 8344
3 8972 8344 8958
3 8976 8975 8974
3 8974 8975 8963
3 8974 8963 8961
3 8362 8974 8961
3 8361 8362 8961
3 8361 8961 8350
3 8979 8978 8977
3 8979 8977 8965
3 8965 8977 8964
3 8977 8364 8964
3 8364 8365 8964
3 8964 8365 8354
3 8969 8967 8980
3 8969 8980 8981
3 8967 8970 8982
3 8967 8982 8980
3 8367 8971 8356
3 8367 8983 8971
3 8986 8985 8984
3 8986 8984 8973
3 8973 8984 8972
3 8984 8369 8972
3 8369 8370 8972
3 8972 8370 8358
3 8976 8974 8987
3 8976 8987 8988
3 8373 8987 8362
3 8362 8987 8974
3 8991 8990 8989
3 8991 8989 8978
3 8989 8977 8978
3 8989 8992 8977
3 8992 8375 8364
3 8992 8364 8977
3 8995 8994 8993
3 8993 8994 8981
3 8980 8993 8981
3 8996 8993 8980
3 8980 8982 8997
3 8980 8997 8996
3 8998 8983 8367
3 8998 8367 8376
3 8376 8377 8998
3 8998 8377 8999
3 8984 8985 9000
3 9000 8985 9001
3 9000 8379 8369
3 9000 8369 8984
3 9004 9003 9002
3 9002 9003 8988
3 9002 8988 8987
3 8384 9002 8987
3 8383 8384 8987
3 8383 8987 8373
3 8989 8990 9005
3 9005 8990 9006
3 9005 8386 8387
3 8992 9005 8387
3 8989 9005 8992
3 8992 8387 8375
3 8995 8993 9007
3 8995 9007 9008
3 9009 8993 8996
3 9007 8993 9009
3 8996 8997 9010
3 8996 9010 9009
3 9013 9012 9011
3 9015 9014 9011
3 9015 9011 9012
3 9015 8999 9014
3 8999 8389 9014
3 8999 8377 8389
3 9018 9017 9016
3 9018 9016 9001
3 9001 9016 9000
3 9016 8391 9000
3 8391 8392 9000
3 9000 8392 8379
3 8394 9019 8395
3 9019 8396 8395
3 9004 9002 9020
3 9004 9020 9021
3 8398 9020 8384
3 8384 9020 9002
3 9024 9023 9022
3 9024 9022 9006
3 9006 9022 9005
3 9022 8400 9005
3 8400 8401 9005
3 9005 8401 8386
3 9027 9026 9025
3 9025 9026 9008
3 9007 9025 9008
3 9028 9025 9007
3 9009 9030 9029
3 9028 9009 9029
3 9007 9009 9028
3 9033 9032 9031
3 9010 9030 9009
3 9032 9033 9013
3 9011 9032 9013
3 9034 9032 9011
3 8404 9034 8403
3 9034 9014 8403
3 9034 9011 9014
3 8403 9014 8389
3 9016 9017 9035
3 9035 9017 9036
3 9035 8406 8391
3 9035 8391 9016
3 8407 9037 8408
3 8411 9019 8394
3 8409 8408 9037
3 9019 8411 8396
3 9040 9039 9038
3 9038 9039 9021
3 9020 9038 9021
3 9041 9038 9020
3 8413 9041 8398
3 8398 9041 9020
3 9044 9043 9042
3 9044 9042 9023
3 9023 9042 9022
3 9042 8415 9022
3 8415 8416 9022
3 9022 8416 8400
3 9047 9046 9045
3 9045 9046 9027
3 9025 9045 9027
3 9048 9045 9025
3 9049 9025 9028
3 9048 9025 9049
3 9028 9029 9050
3 9028 9050 9049
3 9031 9032 9051
3 9031 9051 9052
3 9053 9032 9034
3 9051 9032 9053
3 8417 9053 8404
3 8404 9053 9034
3 9056 9055 9054
3 9056 9054 9036
3 9054 9035 9036
3 9054 9057 9035
3 9057 8419 8406
3 9057 8406 9035
3 8420 9037 8407
3 9037 8420 8409
3 9060 9059 9058
3 9058 9059 9040
3 9038 9058 9040
3 9061 9058 9038
3 8424 9061 8423
3 9061 9041 8423
3 9061 9038 9041
3 8423 9041 8413
3 9042 9043 9062
3 9062 9043 9063
3 9062 8426 8415
3 9062 8415 9042
3 9066 9065 9064
3 9064 9065 9047
3 9045 9064 9047
3 9067 9064 9045
3 9068 9045 9048
3 9067 9045 9068
3 9069 9048 9049
3 9068 9048 9069
3 9049 9050 9070
3 9071 9049 9070
3 9069 9049 9071
3 9071 9070 9052
3 9051 9071 9052
3 9072 9071 9051
3 8429 9072 8428
3 9072 9053 8428
3 9072 9051 9053
3 8428 9053 8417
3 9054 9055 9073
3 9073 9055 9074
3 9073 8431 8432
3 9057 9073 8432
3 9054 9073 9057
3 8419 9057 8432
3 8433 8434 9075
3 9075 8436 8433
3 9060 9058 9076
3 9060 9076 9077
3 8439 9076 8438
3 9076 9061 8438
3 9076 9058 9061
3 8438 9061 8424
3 9080 9079 9078
3 9080 9078 9063
3 9063 9078 9062
3 9078 8442 9062
3 8442 8443 9062
3 9062 8443 8426
3 9066 9064 9081
3 9066 9081 9082
3 9083 9064 9067
3 9081 9064 9083
3 9084 9067 9068
3 9083 9067 9084
3 9085 9068 9069
3 9084 9068 9085
3 9086 9069 9071
3 9085 9069 9086
3 8446 9086 8445
3 9086 9072 8445
3 9086 9071 9072
3 8445 9072 8429
3 9089 9088 9087
3 9089 9087 9074
3 9087 9073 9074
3 9087 9090 9073
3 9091 8447 8431
3 9073 9091 8431
3 9090 9091 9073
3 8450 9075 8434
3 8448 8447 9091
3 9075 8450 8436
3 9094 9093 9092
3 9092 9093 9077
3 9092 9077 9076
3 8453 9092 9076
3 8452 8453 9076
3 8452 9076 8439
3 9097 9096 9095
3 9097 9095 9079
3 9095 9078 9079
3 9095 9098 9078
3 9098 8456 8442
3 9098 8442 9078
3 9099 9082 9081
3 9099 9081 9083
3 9099 9083 9100
3 9102 9101 9100
3 9083 9102 9100
3 9084 9102 9083
3 9103 9084 9085
3 9102 9084 9103
3 9104 9085 9086
3 9103 9085 9104
3 8458 9104 8446
3 8446 9104 9086
3 9087 9088 9105
3 9105 9088 9106
3 9087 9107 9090
3 9087 9105 9107
3 9090 9108 9091
3 9090 9107 9108
3 9108 8459 8448
3 9108 8448 9091
3 9111 9110 9109
3 9109 9110 9094
3 9092 9109 9094
3 9112 9109 9092
3 8461 9112 8453
3 8453 9112 9092
3 9095 9096 9113
3 9113 9096 9114
3 9113 8464 8465
3 9098 9113 8465
3 9095 9113 9098
3 9098 8465 8456
3 9101 9102 9115
3 9101 9115 9116
3 9117 9102 9103
3 9115 9102 9117
3 8469 9117 8468
3 9117 9104 8468
3 9117 9103 9104
3 8468 9104 8458
3 9120 9119 9118
3 9120 9118 9106
3 9118 9105 9106
3 9118 9121 9105
3 9105 9122 9107
3 9105 9121 9122
3 9122 8471 8472
3 9108 9122 8472
3 9107 9122 9108
3 9108 8472 8459
3 9111 9109 9123
3 9111 9123 9124
3 8475 9123 8474
3 9123 9112 8474
3 9123 9109 9112
3 8474 9112 8461
3 9127 9126 9125
3 9127 9125 9114
3 9125 9113 9114
3 9125 9128 9113
3 9128 8478 8464
3 9128 8464 9113
3 9116 9115 9129
3 9116 9129 9130
3 8481 9129 8480
3 9129 9117 8480
3 9129 9115 9117
3 8480 9117 8469
3 9133 9132 9131
3 9133 9131 9119
3 9131 9118 9119
3 9131 9134 9118
3 9118 9135 9121
3 9118 9134 9135
3 9135 8483 8484
3 9122 9135 8484
3 9121 9135 9122
3 9122 8484 8471
3 9138 9137 9136
3 9136 9137 9124
3 9123 9136 9124
3 9139 9136 9123
3 8486 9139 8475
3 8475 9139 9123
3 9125 9126 9140
3 9140 9126 9141
3 9140 8488 8489
3 9128 9140 8489
3 9125 9140 9128
3 9128 8489 8478
3 9130 9129 9142
3 9130 9142 9143
3 8492 9142 8481
3 8481 9142 9129
3 9131 9132 9144
3 9144 9132 9145
3 9131 9146 9134
3 9131 9144 9146
3 9134 9147 9135
3 9134 9146 9147
3 9147 8493 8483
3 9147 8483 9135
3 9138 9136 9148
3 9138 9148 9149
3 9150 9136 9139
3 9148 9136 9150
3 8495 9150 8486
3 8486 9150 9139
3 9153 9152 9151
3 9153 9151 9141
3 9151 9140 9141
3 9151 9154 9140
3 9154 8497 8488
3 9154 8488 9140
3 9157 9156 9155
3 9155 9156 9143
3 9142 9155 9143
3 9158 9155 9142
3 8498 9158 8492
3 8492 9158 9142
3 9161 9160 9159
3 9161 9159 9145
3 9145 9159 9144
3 9159 8500 9144
3 8500 8501 9144
3 9144 8501 8502
3 9162 9144 8502
3 9146 9144 9162
3 9162 8504 8505
3 9147 9162 8505
3 9146 9162 9147
3 9147 8505 8493
3 9165 9164 9163
3 9163 9164 9149
3 9148 9163 9149
3 9166 9163 9148
3 8508 9166 8507
3 9166 9150 8507
3 9166 9148 9150
3 8507 9150 8495
3 9169 9168 9167
3 9169 9167 9152
3 9167 9151 9152
3 9167 9170 9151
3 9170 8510 8511
3 9154 9170 8511
3 9151 9170 9154
3 9154 8511 8497
3 9157 9155 9171
3 9157 9171 9172
3 8515 9171 8514
3 9171 9158 8514
3 9171 9155 9158
3 8514 9158 8498
3 9159 9160 8518
3 9160 8517 8518
3 9160 9173 8517
3 9175 9174 8520
3 9175 8518 9174
3 8518 9175 9159
3 9176 9159 9175
3 9159 9176 8500
3 9174 8500 9176
3 9176 8519 9174
3 9174 8519 8520
3 8518 8500 9174
3 8519 9176 8502
3 9176 9177 8502
3 9177 9162 8502
3 9177 9176 9178
3 9177 8522 8504
3 9177 8504 9162
3 9165 9163 9179
3 9165 9179 9180
3 9181 9163 9166
3 9179 9163 9181
3 8524 9181 8508
3 8508 9181 9166
3 9167 9168 9182
3 9182 9168 9183
3 9182 8526 8527
3 9170 9182 8527
3 9167 9182 9170
3 9170 8527 8510
3 9186 9185 9184
3 9184 9185 9172
3 9171 9184 9172
3 9187 9184 9171
3 8530 9187 8515
3 8515 9187 9171
3 9190 9189 9188
3 9173 9190 9188
3 8532 9173 9188
3 8517 9173 8532
3 8533 9175 8520
3 8533 9191 9175
3 9177 9178 9192
3 9192 9178 9193
3 9192 8534 8522
3 9192 8522 9177
3 9180 9179 9194
3 9180 9194 9195
3 8537 9194 8536
3 9194 9181 8536
3 9194 9179 9181
3 8536 9181 8524
3 9198 9197 9196
3 9198 9196 9183
3 9196 9182 9183
3 9196 9199 9182
3 9199 8540 8526
3 9199 8526 9182
3 9186 9184 9200
3 9186 9200 9201
3 8544 9200 8543
3 9200 9187 8543
3 9200 9184 9187
3 8543 9187 8530
3 9188 9189 9202
3 9202 9189 9203
3 8532 9204 8546
3 8532 9205 9204
3 9205 8532 9206
3 9188 9206 8532
3 9206 9188 9207
3 9204 9207 9188
3 9188 9202 9204
3 9204 9202 8546
3 9205 9207 9204
3 9205 9206 9208
3 9191 9210 9209
3 9210 9191 8547
3 8533 8547 9191
3 9209 9210 9193
3 9193 9210 9192
3 9210 8549 9192
3 8549 8550 9192
3 9192 8550 8534
3 9213 9212 9211
3 9211 9212 9195
3 9194 9211 9195
3 9214 9211 9194
3 8553 9214 8537
3 8537 9214 9194
3 9196 9197 9215
3 9215 9197 9216
3 9196 9217 9199
3 9196 9215 9217
3 9217 8556 8540
3 9217 8540 9199
3 9220 9219 9218
3 9218 9219 9201
3 9200 9218 9201
3 9221 9218 9200
3 8557 9221 8544
3 8544 9221 9200
3 9203 9222 9202
3 9207 9205 9222
3 9205 8558 9222
3 8546 9202 9222
3 8546 9222 8558
3 9223 9205 9208
3 9205 9223 8558
3 9224 8558 9223
3 8558 9224 8547
3 9210 8547 9224
3 9225 8559 8549
3 9210 9225 8549
3 9224 9225 9210
3 9225 8561 8559
3 9213 9211 9226
3 9213 9226 9227
3 9228 9211 9214
3 9226 9211 9228
3 8563 9228 8553
3 8553 9228 9214
3 9215 9216 9229
3 9229 9216 9230
3 9215 9231 9217
3 9215 9229 9231
3 9231 8565 8556
3 9231 8556 9217
3 9220 9218 9232
3 9220 9232 9233
3 8568 9232 8567
3 9232 9221 8567
3 9232 9218 9221
3 8567 9221 8557
3 9224 9223 9234
3 9234 9223 9235
3 9224 9236 9225
3 9224 9234 9236
3 9236 8570 8561
3 9236 8561 9225
3 9227 9226 9237
3 9227 9237 9238
3 9239 9226 9228
3 9237 9226 9239
3 8572 9239 8563
3 8563 9239 9228
3 9242 9241 9240
3 9242 9240 9230
3 9240 9229 9230
3 9240 9243 9229
3 9243 8574 8575
3 9231 9243 8575
3 9229 9243 9231
3 9231 8575 8565
3 9246 9245 9244
3 9244 9245 9233
3 9232 9244 9233
3 9247 9244 9232
3 8578 9247 8568
3 8568 9247 9232
3 9234 9235 9248
3 9248 9235 9249
3 9248 8580 8581
3 9236 9248 8581
3 9234 9248 9236
3 9236 8581 8570
3 9238 9237 9250
3 9238 9250 9251
3 9252 9237 9239
3 9250 9237 9252
3 8583 9252 8572
3 8572 9252 9239
3 9240 9241 9253
3 9253 9241 9254
3 9240 9255 9243
3 9240 9253 9255
3 9255 8585 8574
3 9255 8574 9243
3 9246 9244 9256
3 9246 9256 9257
3 8589 9256 8588
3 9256 9247 8588
3 9256 9244 9247
3 8588 9247 8578
3 9248 9249 9258
3 9258 9249 9259
3 9258 8591 8580
3 9258 8580 9248
3 9251 9250 9260
3 9251 9260 9261
3 8594 9260 8593
3 9260 9252 8593
3 9260 9250 9252
3 8593 9252 8583
3 9253 9254 9262
3 9262 9254 9263
3 9253 9264 9255
3 9253 9262 9264
3 9264 8597 8585
3 9264 8585 9255
3 9257 9256 9265
3 9257 9265 9266
3 8600 9265 8589
3 8589 9265 9256
3 9269 9268 9267
3 9269 9267 9259
3 9259 9267 9258
3 9267 8602 9258
3 8602 8603 9258
3 9258 8603 8591
3 9261 9260 9270
3 9261 9270 9271
3 8606 9270 8594
3 8594 9270 9260
3 9262 9263 9272
3 9272 9263 9273
3 9272 8609 8610
3 9264 9272 8610
3 9262 9272 9264
3 9264 8610 8597
3 9266 9265 9274
3 9266 9274 9275
3 8614 9274 8600
3 8600 9274 9265
3 9267 9268 9276
3 9276 9268 9277
3 9276 8616 8602
3 9276 8602 9267
3 9271 9270 9278
3 9271 9278 9279
3 8618 9278 8606
3 8606 9278 9270
3 9272 9273 9280
3 9280 9273 9281
3 9280 8620 8609
3 9280 8609 9272
3 9275 9274 9282
3 9275 9282 9283
3 8624 9282 8614
3 8614 9282 9274
3 9286 9285 9284
3 9286 9284 9277
3 9277 9284 9276
3 9284 8626 9276
3 8626 8627 9276
3 9276 8627 8616
3 9279 9278 9287
3 9279 9287 9288
3 8629 9287 8618
3 8618 9287 9278
3 9280 9281 9289
3 9289 9281 9290
3 9289 8631 8620
3 9289 8620 9280
3 9283 9282 9291
3 9283 9291 9292
3 8633 9291 8624
3 8624 9291 9282
3 9284 9285 8636
3 9285 8635 8636
3 9285 9293 8635
3 9284 8636 8626
3 9296 9295 9294
3 9294 9295 9288
3 9294 9288 9287
3 8639 9294 9287
3 8638 8639 9287
3 8638 9287 8629
3 9289 9290 9297
3 9297 9290 9298
3 9297 8641 8631
3 9297 8631 9289
3 9301 9300 9299
3 9299 9300 9292
3 9299 9292 9291
3 8645 9299 9291
3 8644 8645 9291
3 8644 9291 8633
3 9304 9303 9302
3 9293 9304 9302
3 8647 9293 9302
3 8635 9293 8647
3 9296 9294 9305
3 9296 9305 9306
3 8649 9305 8639
3 8639 9305 9294
3 9309 9308 9307
3 9309 9307 9298
3 9298 9307 9297
3 9307 8651 9297
3 8651 8652 9297
3 9297 8652 8641
3 9301 9299 9310
3 9301 9310 9311
3 8654 9310 8645
3 8645 9310 9299
3 9314 9313 9312
3 9314 9312 9303
3 9303 9312 9302
3 9312 8656 9302
3 8656 8657 9302
3 9302 8657 8647
3 9317 9316 9315
3 9315 9316 9306
3 9315 9306 9305
3 8660 9315 9305
3 8659 8660 9305
3 8659 9305 8649
3 9307 9308 8663
3 9308 8662 8663
3 9308 9318 8662
3 9307 8663 8651
3 9321 9320 9319
3 9319 9320 9311
3 9319 9311 9310
3 8666 9319 9310
3 8665 8666 9310
3 8665 9310 8654
3 9312 9313 8669
3 9313 8668 8669
3 9313 9322 8668
3 9312 8669 8656
3 9317 9315 9323
3 9317 9323 9324
3 8670 9325 8660
3 9325 9315 8660
3 9325 9323 9315
3 8671 9325 8670
3 9327 9326 8675
3 8675 9326 8674
3 8675 8662 9318
3 8675 9318 9327
3 9330 9329 9328
3 9328 9329 9321
3 9328 9321 9319
3 8678 9328 9319
3 8677 8678 9319
3 8677 9319 8666
3 9333 9332 9331
3 9322 9333 9331
3 8680 9322 9331
3 8668 9322 8680
3 9334 9324 9323
3 9334 9323 9325
3 9334 9325 9335
3 9335 9325 8671
3 8681 9335 8671
3 9336 9335 8681
3 9337 8681 8682
3 9337 9336 8681
3 8682 8674 9326
3 8682 9326 9337
3 9340 9339 9338
3 9338 9339 9330
3 9338 9330 9328
3 8684 9338 9328
3 8683 8684 9328
3 8683 9328 8678
3 9343 9342 9341
3 9343 9341 9332
3 9332 9341 9331
3 9341 8686 9331
3 8686 8687 9331
3 9331 8687 8680
3 9346 9345 9344
3 8688 8689 9344
3 9345 8688 9344
3 9347 8688 9345
3 9338 8690 9340
3 8690 9347 9340
3 8690 8688 9347
3 8690 9338 8684
3 9350 9349 9348
3 9350 9348 9342
3 9342 9348 9341
3 9348 8692 9341
3 8692 8693 9341
3 9341 8693 8686
3 9353 9352 9351
3 9351 9352 9346
3 9351 9346 9344
3 8696 9351 9344
3 8695 8696 9344
3 8695 9344 8689
3 9349 9354 9348
3 9354 9356 9355
3 9354 9355 8697
3 9348 9354 8697
3 8692 9348 8697
3 9355 8699 8697
3 9359 9358 9357
3 9357 9358 9353
3 9357 9353 9351
3 8702 9357 9351
3 8701 8702 9351
3 8701 9351 8696
3 9356 9360 9355
3 9360 9362 9361
3 9360 9361 8703
3 9355 9360 8703
3 8699 9355 8703
3 9363 8704 8703
3 9363 8703 9361
3 9363 8706 8704
3 9366 9365 9364
3 9364 9365 9359
3 9364 9359 9357
3 8712 9364 9357
3 8711 8712 9357
3 8711 9357 8702
3 9362 9367 9361
3 9361 9367 9363
3 9363 9367 9368
3 9363 9368 8706
3 9368 8713 8706
3 9368 9369 8713
3 9369 9371 9370
3 8714 9369 9370
3 8713 9369 8714
3 9372 8715 8714
3 9372 8714 9370
3 9373 8716 8715
3 9373 8715 9372
3 9374 8717 8716
3 9374 8716 9373
3 9375 8718 8717
3 9375 8717 9374
3 9376 8719 8718
3 9376 8718 9375
3 9376 8721 8719
3 9378 9377 8723
3 9378 8723 8724
3 9364 8725 9366
3 8725 9377 9366
3 8725 8723 9377
3 8725 9364 8712
3 9371 9379 9370
3 9370 9379 9372
3 9372 9379 9380
3 9372 9380 9373
3 9373 9380 9381
3 9373 9381 9374
3 9374 9381 9382
3 9374 9382 9375
3 9375 9382 9383
3 9375 9383 9376
3 9376 9383 9384
3 9384 9386 9385
3 9384 9385 8726
3 9376 9384 8726
3 8721 9376 8726
3 9387 8727 8726
3 9387 8726 9385
3 8727 9387 9388
3 9389 8727 9388
3 8728 8727 9389
3 8724 8728 9378
3 9378 8728 9389
3 9386 9390 9385
3 9385 9390 9387
3 9387 9390 9391
3 9387 9391 9388
3 9394 9393 9392
3 9392 9395 9394
3 9398 9397 9396
3 8730 8731 9396
3 8731 9398 9396
3 8731 9399 9398
3 8732 9392 9393
3 9399 8732 9393
3 8731 8732 9399
3 9400 9395 9392
3 8732 9400 9392
3 8733 9400 8732
3 8733 8734 9400
3 9400 8734 9401
3 9403 9402 8738
3 8738 9402 8737
3 8739 9396 9397
3 9403 8739 9397
3 8738 8739 9403
3 9396 8739 8730
3 8740 9401 8734
3 8740 9404 9401
3 9405 8742 8743
3 8744 9406 8743
3 8743 9406 9405
3 8745 9406 8744
3 9408 9407 8747
3 8747 9407 8746
3 8747 8737 9402
3 8747 9402 9408
3 9410 9409 8749
3 9410 8749 8750
3 8749 9411 8751
3 9409 9411 8749
3 8740 8751 9404
3 9404 8751 9411
3 9413 9412 9405
3 9412 8742 9405
3 9412 8752 8742
3 9413 9405 9406
3 9413 9406 9414
3 9414 9406 8745
3 8753 9414 8745
3 9415 9414 8753
3 9417 9415 9416
3 9415 8754 9416
3 9415 8753 8754
3 8756 9416 8754
3 9419 9418 8758
3 8758 9418 8757
3 8758 8746 9407
3 8758 9407 9419
3 9421 9420 8759
3 9421 8759 8760
3 8750 8759 9410
3 9410 8759 9420
3 9423 8761 9422
3 8761 9412 9422
3 8761 8752 9412
3 9424 9423 9422
3 9425 9417 9416
3 9416 8756 9425
3 8756 9426 9425
3 8756 8762 9426
3 9429 9428 9427
3 8763 8764 9427
3 8764 9429 9427
3 8764 9430 9429
3 8764 8757 9418
3 8764 9418 9430
3 9432 9431 8766
3 9432 8766 8767
3 8760 8766 9421
3 9421 8766 9431
3 9423 8768 8761
3 8770 8768 9423
3 9424 8770 9423
3 9433 8770 9424
3 8771 9426 8762
3 8771 9434 9426
3 9437 9436 9435
3 9437 9435 9428
3 9428 9435 9427
3 9435 8772 9427
3 8772 8773 9427
3 9427 8773 8763
3 8774 9432 8767
3 8774 9438 9432
3 9440 9439 8777
3 8777 9439 8775
3 8777 8770 9433
3 8777 9433 9440
3 9443 9442 9441
3 9442 9434 9441
3 9434 8778 9441
3 9434 8771 8778
3 9445 9444 8781
3 8781 9444 8780
3 8782 9435 9436
3 9445 8782 9436
3 8781 8782 9445
3 9435 8782 8772
3 9447 9446 8783
3 9447 8783 8784
3 8774 8783 9438
3 9438 8783 9446
3 9450 9449 9448
3 9439 9450 9448
3 8785 9439 9448
3 8775 9439 8785
3 9443 9441 8787
3 8788 9443 8787
3 9451 9443 8788
3 8787 9441 8778
3 9454 9453 9452
3 9444 9454 9452
3 8789 9444 9452
3 8780 9444 8789
3 9457 9456 9455
3 9459 9458 9455
3 9459 9455 9456
3 8791 8792 9458
3 9459 8791 9458
3 9460 8791 9459
3 8784 8791 9447
3 9447 8791 9460
3 9463 9462 9461
3 9463 9461 9449
3 9449 9461 9448
3 9461 8793 9448
3 8793 8794 9448
3 9448 8794 8785
3 9465 9464 8796
3 9465 8796 8797
3 8788 8796 9451
3 9451 8796 9464
3 9452 9453 8799
3 9453 8798 8799
3 9453 9466 8798
3 9452 8799 8789
3 9469 9468 9467
3 9471 9470 9467
3 9471 9467 9468
3 9470 9471 9457
3 9470 9457 9455
3 8802 9470 9455
3 8801 8802 9455
3 8801 9455 8804
3 8804 9455 9458
3 8804 9458 8792
3 9474 9473 9472
3 9474 9472 9462
3 9462 9472 9461
3 9472 8805 9461
3 8805 8806 9461
3 9461 8806 8793
3 9476 9475 8808
3 9476 8808 8809
3 8797 8808 9465
3 9465 8808 9475
3 9478 9477 8811
3 8811 9477 8810
3 8811 8798 9466
3 8811 9466 9478
3 9480 9479 8813
3 9480 8813 8814
3 9467 8816 9469
3 8816 9479 9469
3 8816 8813 9479
3 8816 9467 8817
3 8817 9467 9470
3 8817 9470 8802
3 9483 9482 9481
3 9481 9484 9483
3 9487 9486 9485
3 8819 8820 9485
3 8820 9487 9485
3 8820 9488 9487
3 8821 9472 9473
3 9488 8821 9473
3 8820 8821 9488
3 9472 8821 8805
3 9491 9490 9489
3 9490 9476 9489
3 9476 8822 9489
3 9476 8809 8822
3 9477 8823 8810
3 9492 8823 9477
3 8824 9480 8814
3 8824 9493 9480
3 9496 9495 9494
3 9498 9497 9494
3 9494 9497 9496
3 9497 9498 9482
3 9498 9481 9482
3 9498 9499 9481
3 8826 9500 8825
3 9500 9481 8825
3 9481 9499 8825
3 9481 9500 9484
3 8827 9485 9486
3 9500 8827 9486
3 8826 8827 9500
3 9485 8827 8819
3 9503 9502 9501
3 9501 9502 9491
3 9501 9491 9489
3 8829 9501 9489
3 8828 8829 9489
3 8828 9489 8822
3 9504 8830 8831
3 8823 9492 9505
3 9504 8823 9505
3 9506 9504 9505
3 8831 8823 9504
3 8832 8833 9506
3 9505 8832 9506
3 9507 8832 9505
3 8824 8832 9493
3 9493 8832 9507
3 9510 9509 9508
3 9510 9508 9495
3 9495 9508 9494
3 9508 8835 9494
3 8835 8836 9494
3 9494 8836 8837
3 9494 8837 9498
3 9498 8837 8839
3 9498 8839 9499
3 9499 8839 8825
3 9513 9512 9511
3 9511 9512 9503
3 9511 9503 9501
3 8841 9511 9501
3 8840 8841 9501
3 8840 9501 8829
3 9514 8842 9504
3 9504 8842 8830
3 8845 9514 8844
3 9514 9506 8844
3 9514 9504 9506
3 8844 9506 8833
3 9508 9509 9515
3 9515 9509 9516
3 9515 8846 8835
3 9515 8835 9508
3 9519 9518 9517
3 9517 9518 9513
3 9517 9513 9511
3 8848 9517 9511
3 8847 8848 9511
3 8847 9511 8841
3 9514 8849 8842
3 8849 9514 8845
3 9522 9521 9520
3 9522 9520 9516
3 9516 9520 9515
3 9520 8851 9515
3 8851 8852 9515
3 9515 8852 8846
3 9525 9524 9523
3 9523 9524 9519
3 9523 9519 9517
3 8856 9523 9517
3 8855 8856 9517
3 8855 9517 8848
3 9520 9521 9526
3 9526 9521 9527
3 9528 8857 8851
3 9520 9528 8851
3 9526 9528 9520
3 9529 8858 8857
3 9529 8857 9528
3 9529 8859 8858
3 9532 9531 9530
3 9530 9531 9525
3 9530 9525 9523
3 8862 9530 9523
3 8861 8862 9523
3 8861 9523 8856
3 9535 9534 9533
3 9535 9533 9527
3 9533 9526 9527
3 9533 9536 9526
3 9526 9537 9528
3 9526 9536 9537
3 9528 9538 9529
3 9528 9537 9538
3 9538 8863 8859
3 9538 8859 9529
3 9541 9540 9539
3 9539 9540 9532
3 9539 9532 9530
3 8866 9539 9530
3 8865 8866 9530
3 8865 9530 8862
3 9544 9543 9542
3 9546 9545 9542
3 9542 9545 9544
3 9546 9547 9545
3 9550 9549 9548
3 9550 9548 9534
3 9548 9533 9534
3 9548 9551 9533
3 9533 9552 9536
3 9533 9551 9552
3 9536 9553 9537
3 9536 9552 9553
3 9553 8868 8869
3 9538 9553 8869
3 9537 9553 9538
3 9538 8869 8863
3 9541 9539 9554
3 9541 9554 9555
3 8871 9554 8866
3 8866 9554 9539
3 9558 9557 9556
3 9558 9556 9543
3 9543 9556 9542
3 9556 8873 9542
3 8873 8874 9542
3 8875 9559 8874
3 9559 9560 8874
3 9561 8874 9560
3 8874 9561 9542
3 9562 9542 9561
3 9542 9562 9559
3 9559 9546 9542
3 8875 9546 9559
3 9559 9562 9560
3 9560 9562 8877
3 9562 9547 8877
3 9546 8875 8877
3 9546 8877 9547
3 9565 9564 9563
3 9565 9563 9549
3 9563 9548 9549
3 9563 9566 9548
3 9548 9567 9551
3 9548 9566 9567
3 9551 9568 9552
3 9551 9567 9568
3 9568 8879 8880
3 9553 9568 8880
3 9552 9568 9553
3 9553 8880 8868
3 9571 9570 9569
3 9569 9570 9555
3 9569 9555 9554
3 8883 9569 9554
3 8882 8883 9554
3 8882 9554 8871
3 9574 9573 9572
3 9574 9572 9557
3 9557 9572 9556
3 9572 8885 9556
3 8885 8886 9556
3 9556 8886 8873
3 9561 9560 8889
3 8888 9561 8889
3 9575 9561 8888
3 8889 9560 8877
3 9578 9577 9576
3 9578 9576 9564
3 9564 9576 9563
3 9576 8891 9563
3 8891 8892 9563
3 9563 8892 8893
3 9563 8893 9566
3 9566 8893 8895
3 9579 9566 8895
3 9567 9566 9579
3 9579 8897 8898
3 9568 9579 8898
3 9567 9579 9568
3 9568 8898 8879
3 9582 9581 9580
3 9580 9581 9571
3 9580 9571 9569
3 8901 9580 9569
3 8900 8901 9569
3 8900 9569 8883
3 9585 9584 9583
3 9585 9583 9573
3 9573 9583 9572
3 9583 8903 9572
3 8903 8904 9572
3 9572 8904 8885
3 8905 9575 8888
3 8905 9586 9575
3 9588 9587 8909
3 8909 9587 8908
3 8910 9576 9577
3 9588 8910 9577
3 8909 8910 9588
3 9576 8910 8891
3 8914 9579 8895
3 9579 8914 8897
3 9591 9590 9589
3 9589 9590 9582
3 9589 9582 9580
3 8918 9589 9580
3 8917 8918 9580
3 8917 9580 8901
3 9594 9593 9592
3 9594 9592 9584
3 9584 9592 9583
3 9592 8921 9583
3 8921 8922 9583
3 9583 8922 8903
3 8924 9586 8905
3 8924 9595 9586
3 9596 8926 8927
3 9597 9596 8927
3 8908 9597 8927
3 9587 9597 8908
3 9600 9599 9598
3 9598 9599 9591
3 9598 9591 9589
3 8932 9598 9589
3 8931 8932 9589
3 8931 9589 8918
3 9592 9593 9601
3 9601 9593 9602
3 9601 8934 8921
3 9601 8921 9592
3 9605 9604 9603
3 9606 9603 9604
3 8935 9595 8924
3 8935 9607 9595
3 9608 8937 8938
3 9609 9608 8938
3 9609 8938 8926
3 9610 9609 8926
3 9596 9610 8926
3 9610 9596 9597
3 9613 9612 9611
3 9611 9612 9600
3 9611 9600 9598
3 8942 9611 9598
3 8941 8942 9598
3 8941 9598 8932
3 9616 9615 9614
3 9616 9614 9602
3 9602 9614 9601
3 9614 8945 9601
3 8945 8946 9601
3 9601 8946 8934
3 9605 9603 9617
3 9605 9617 9618
3 9603 9606 9619
3 9620 9603 9619
3 9617 9603 9620
3 9619 9607 9620
3 9607 8947 9620
3 9607 8935 8947
3 9622 9621 9608
3 9621 8937 9608
3 9621 8949 8937
3 9622 9608 9609
3 9625 9624 9623
3 9623 9624 9613
3 9623 9613 9611
3 8952 9623 9611
3 8951 8952 9611
3 8951 9611 8942
3 9628 9627 9626
3 9628 9626 9615
3 9615 9626 9614
3 9626 8955 9614
3 8955 8956 9614
3 9614 8956 8945
3 9631 9630 9629
3 9629 9630 9618
3 9617 9629 9618
3 9632 9629 9617
3 9633 9617 9620
3 9632 9617 9633
3 8957 9633 8947
3 8947 9633 9620
3 9634 8959 8960
3 9635 9634 8960
3 8949 9635 8960
3 9621 9635 8949
3 9638 9637 9636
3 9636 9637 9625
3 9636 9625 9623
3 8963 9636 9623
3 8962 8963 9623
3 8962 9623 8952
3 9641 9640 9639
3 9641 9639 9627
3 9627 9639 9626
3 9639 8965 9626
3 8965 8966 9626
3 9626 8966 8955
3 9644 9643 9642
3 9642 9643 9631
3 9642 9631 9629
3 8969 9642 9629
3 8968 8969 9629
3 8968 9629 8970
3 9629 9645 8970
3 9629 9632 9645
3 9646 9632 9633
3 9645 9632 9646
3 8971 9646 8957
3 8957 9646 9633
3 9647 8973 9634
3 9634 8973 8959
3 9634 9635 9648
3 9634 9648 9647
3 9651 9650 9649
3 9649 9650 9638
3 9649 9638 9636
3 8976 9649 9636
3 8975 8976 9636
3 8975 9636 8963
3 9654 9653 9652
3 9654 9652 9640
3 9640 9652 9639
3 9652 8978 9639
3 8978 8979 9639
3 9639 8979 8965
3 9644 9642 9655
3 9644 9655 9656
3 8981 9655 8969
3 8969 9655 9642
3 9657 8982 9645
3 9645 8982 8970
3 9658 9645 9646
3 9657 9645 9658
3 8983 9658 8971
3 8971 9658 9646
3 9659 8985 8986
3 9660 9659 8986
3 9660 8986 8973
3 9661 9660 8973
3 9647 9661 8973
3 9661 9647 9648
3 9664 9663 9662
3 9662 9663 9651
3 9649 9662 9651
3 9665 9662 9649
3 8988 9665 8976
3 8976 9665 9649
3 9668 9667 9666
3 9668 9666 9653
3 9653 9666 9652
3 9666 8990 9652
3 8990 8991 9652
3 9652 8991 8978
3 9671 9670 9669
3 9669 9670 9656
3 9669 9656 9655
3 8995 9669 9655
3 8994 8995 9655
3 8994 9655 8981
3 9672 8997 9657
3 9657 8997 8982
3 9673 9657 9658
3 9672 9657 9673
3 8998 9674 8983
3 9674 9658 8983
3 9674 9673 9658
3 8999 9674 8998
3 9676 9675 9659
3 9675 8985 9659
3 9675 9001 8985
3 9676 9659 9660
3 9664 9662 9677
3 9664 9677 9678
3 9004 9677 9003
3 9677 9665 9003
3 9677 9662 9665
3 9003 9665 8988
3 9681 9680 9679
3 9681 9679 9667
3 9679 9666 9667
3 9679 9682 9666
3 9682 9006 8990
3 9682 8990 9666
3 9685 9684 9683
3 9683 9684 9671
3 9669 9683 9671
3 9686 9683 9669
3 9008 9686 8995
3 8995 9686 9669
3 9687 9010 9672
3 9672 9010 8997
3 9013 9687 9012
3 9687 9673 9012
3 9687 9672 9673
3 9012 9673 9015
3 9015 9673 9674
3 9015 9674 8999
3 9688 9017 9018
3 9689 9688 9018
3 9001 9689 9018
3 9675 9689 9001
3 9692 9691 9690
3 9690 9691 9678
3 9677 9690 9678
3 9693 9690 9677
3 9021 9693 9004
3 9004 9693 9677
3 9696 9695 9694
3 9696 9694 9680
3 9694 9679 9680
3 9694 9697 9679
3 9697 9023 9024
3 9682 9697 9024
3 9679 9697 9682
3 9682 9024 9006
3 9700 9699 9698
3 9698 9699 9685
3 9683 9698 9685
3 9701 9698 9683
3 9027 9701 9026
3 9701 9686 9026
3 9701 9683 9686
3 9026 9686 9008
3 9702 9029 9030
3 9030 9010 9702
3 9010 9687 9702
3 9033 9031 9702
3 9033 9702 9687
3 9033 9687 9013
3 9704 9703 9688
3 9703 9017 9688
3 9703 9036 9017
3 9704 9688 9689
3 9692 9690 9705
3 9692 9705 9706
3 9040 9705 9039
3 9705 9693 9039
3 9705 9690 9693
3 9039 9693 9021
3 9694 9695 9707
3 9707 9695 9708
3 9707 9043 9044
3 9697 9707 9044
3 9694 9707 9697
3 9697 9044 9023
3 9711 9710 9709
3 9709 9710 9700
3 9698 9709 9700
3 9712 9709 9698
3 9047 9712 9046
3 9712 9701 9046
3 9712 9698 9701
3 9046 9701 9027
3 9713 9050 9702
3 9702 9050 9029
3 9052 9713 9031
3 9031 9713 9702
3 9715 9714 9056
3 9056 9714 9055
3 9056 9036 9703
3 9056 9703 9715
3 9718 9717 9716
3 9716 9717 9706
3 9716 9706 9705
3 9060 9716 9705
3 9059 9060 9705
3 9059 9705 9040
3 9721 9720 9719
3 9721 9719 9708
3 9719 9707 9708
3 9719 9722 9707
3 9722 9063 9043
3 9722 9043 9707
3 9711 9709 9723
3 9711 9723 9724
3 9066 9723 9065
3 9723 9712 9065
3 9723 9709 9712
3 9065 9712 9047
3 9713 9070 9050
3 9070 9713 9052
3 9714 9074 9055
3 9725 9074 9714
3 9728 9727 9726
3 9726 9727 9718
3 9716 9726 9718
3 9729 9726 9716
3 9077 9729 9060
3 9060 9729 9716
3 9719 9720 9730
3 9730 9720 9731
3 9730 9079 9080
3 9722 9730 9080
3 9719 9730 9722
3 9722 9080 9063
3 9734 9733 9732
3 9732 9733 9724
3 9723 9732 9724
3 9735 9732 9723
3 9082 9735 9066
3 9066 9735 9723
3 9737 9736 9089
3 9089 9736 9088
3 9089 9074 9725
3 9089 9725 9737
3 9728 9726 9738
3 9728 9738 9739
3 9094 9738 9093
3 9738 9729 9093
3 9738 9726 9729
3 9093 9729 9077
3 9742 9741 9740
3 9742 9740 9731
3 9731 9740 9730
3 9740 9096 9730
3 9096 9097 9730
3 9730 9097 9079
3 9745 9744 9743
3 9743 9744 9734
3 9732 9743 9734
3 9746 9743 9732
3 9747 9732 9735
3 9746 9732 9747
3 9099 9748 9082
3 9748 9735 9082
3 9748 9747 9735
3 9100 9749 9099
3 9099 9749 9748
3 9101 9749 9100
3 9752 9751 9750
3 9736 9752 9750
3 9106 9736 9750
3 9088 9736 9106
3 9755 9754 9753
3 9753 9754 9739
3 9753 9739 9738
3 9111 9753 9738
3 9110 9111 9738
3 9110 9738 9094
3 9758 9757 9756
3 9758 9756 9741
3 9756 9740 9741
3 9756 9759 9740
3 9759 9114 9096
3 9759 9096 9740
3 9745 9743 9760
3 9745 9760 9761
3 9762 9743 9746
3 9760 9743 9762
3 9763 9746 9747
3 9762 9746 9763
3 9764 9747 9748
3 9763 9747 9764
3 9765 9748 9749
3 9764 9748 9765
3 9116 9765 9101
3 9101 9765 9749
3 9768 9767 9766
3 9768 9766 9751
3 9751 9766 9750
3 9766 9119 9750
3 9119 9120 9750
3 9750 9120 9106
3 9755 9753 9769
3 9755 9769 9770
3 9124 9769 9111
3 9111 9769 9753
3 9756 9757 9771
3 9771 9757 9772
3 9771 9126 9127
3 9759 9771 9127
3 9756 9771 9759
3 9759 9127 9114
3 9761 9760 9773
3 9761 9773 9774
3 9775 9760 9762
3 9773 9760 9775
3 9776 9762 9763
3 9775 9762 9776
3 9777 9763 9764
3 9776 9763 9777
3 9778 9764 9765
3 9777 9764 9778
3 9130 9778 9116
3 9116 9778 9765
3 9781 9780 9779
3 9781 9779 9767
3 9767 9779 9766
3 9779 9132 9766
3 9132 9133 9766
3 9766 9133 9119
3 9784 9783 9782
3 9782 9783 9770
3 9782 9770 9769
3 9138 9782 9769
3 9137 9138 9769
3 9137 9769 9124
3 9787 9786 9785
3 9787 9785 9772
3 9785 9771 9772
3 9785 9788 9771
3 9788 9141 9126
3 9788 9126 9771
3 9789 9774 9773
3 9791 9790 9789
3 9773 9791 9789
3 9775 9791 9773
3 9792 9775 9776
3 9791 9775 9792
3 9793 9776 9777
3 9792 9776 9793
3 9794 9777 9778
3 9793 9777 9794
3 9143 9794 9130
3 9130 9794 9778
3 9779 9780 9795
3 9795 9780 9796
3 9795 9145 9132
3 9795 9132 9779
3 9784 9782 9797
3 9784 9797 9798
3 9149 9797 9138
3 9138 9797 9782
3 9801 9800 9799
3 9801 9799 9786
3 9799 9785 9786
3 9799 9802 9785
3 9802 9152 9153
3 9788 9802 9153
3 9785 9802 9788
3 9788 9153 9141
3 9790 9791 9803
3 9790 9803 9804
3 9805 9791 9792
3 9803 9791 9805
3 9806 9792 9793
3 9805 9792 9806
3 9157 9806 9156
3 9806 9794 9156
3 9806 9793 9794
3 9156 9794 9143
3 9809 9808 9807
3 9809 9807 9796
3 9796 9807 9795
3 9807 9160 9795
3 9160 9161 9795
3 9795 9161 9145
3 9812 9811 9810
3 9810 9811 9798
3 9810 9798 9797
3 9165 9810 9797
3 9164 9165 9797
3 9164 9797 9149
3 9799 9800 9813
3 9813 9800 9814
3 9813 9168 9169
3 9802 9813 9169
3 9799 9813 9802
3 9802 9169 9152
3 9804 9803 9815
3 9804 9815 9816
3 9817 9803 9805
3 9815 9803 9817
3 9818 9805 9806
3 9817 9805 9818
3 9172 9818 9157
3 9157 9818 9806
3 9807 9808 9819
3 9819 9808 9820
3 9819 9173 9160
3 9819 9160 9807
3 9175 9821 9176
3 9821 9178 9176
3 9812 9810 9822
3 9812 9822 9823
3 9180 9822 9165
3 9165 9822 9810
3 9826 9825 9824
3 9826 9824 9814
3 9824 9813 9814
3 9824 9827 9813
3 9827 9183 9168
3 9827 9168 9813
3 9830 9829 9828
3 9828 9829 9816
3 9815 9828 9816
3 9831 9828 9815
3 9832 9815 9817
3 9831 9815 9832
3 9186 9832 9185
3 9832 9818 9185
3 9832 9817 9818
3 9185 9818 9172
3 9819 9820 9190
3 9820 9189 9190
3 9820 9833 9189
3 9819 9190 9173
3 9191 9834 9821
3 9191 9821 9175
3 9834 9193 9178
3 9834 9178 9821
3 9823 9822 9835
3 9823 9835 9836
3 9195 9835 9180
3 9180 9835 9822
3 9824 9825 9837
3 9837 9825 9838
3 9837 9197 9198
3 9827 9837 9198
3 9824 9837 9827
3 9827 9198 9183
3 9841 9840 9839
3 9839 9840 9830
3 9828 9839 9830
3 9842 9839 9828
3 9843 9828 9831
3 9842 9828 9843
3 9844 9831 9832
3 9843 9831 9844
3 9201 9844 9186
3 9186 9844 9832
3 9847 9846 9845
3 9833 9847 9845
3 9203 9833 9845
3 9189 9833 9203
3 9207 9848 9206
3 9209 9834 9191
3 9208 9206 9848
3 9834 9209 9193
3 9851 9850 9849
3 9849 9850 9836
3 9849 9836 9835
3 9213 9849 9835
3 9212 9213 9835
3 9212 9835 9195
3 9854 9853 9852
3 9854 9852 9838
3 9852 9837 9838
3 9852 9855 9837
3 9855 9216 9197
3 9855 9197 9837
3 9841 9839 9856
3 9841 9856 9857
3 9858 9839 9842
3 9856 9839 9858
3 9859 9842 9843
3 9858 9842 9859
3 9220 9859 9219
3 9859 9844 9219
3 9859 9843 9844
3 9219 9844 9201
3 9845 9846 9860
3 9860 9846 9861
3 9845 9860 9203
3 9860 9862 9203
3 9862 9222 9203
3 9860 9863 9862
3 9207 9222 9848
3 9222 9864 9848
3 9222 9862 9864
3 9208 9848 9864
3 9865 9208 9864
3 9223 9208 9865
3 9851 9849 9866
3 9851 9866 9867
3 9227 9866 9213
3 9213 9866 9849
3 9852 9853 9868
3 9868 9853 9869
3 9852 9870 9855
3 9852 9868 9870
3 9870 9230 9216
3 9870 9216 9855
3 9857 9856 9871
3 9857 9871 9872
3 9873 9856 9858
3 9871 9856 9873
3 9874 9858 9859
3 9873 9858 9874
3 9233 9874 9220
3 9220 9874 9859
3 9861 9875 9860
3 9860 9875 9863
3 9878 9877 9876
3 9865 9878 9876
3 9235 9865 9876
3 9223 9865 9235
3 9867 9866 9879
3 9867 9879 9880
3 9238 9879 9227
3 9227 9879 9866
3 9868 9869 9881
3 9881 9869 9882
3 9881 9241 9242
3 9870 9881 9242
3 9868 9881 9870
3 9870 9242 9230
3 9872 9871 9883
3 9872 9883 9884
3 9885 9871 9873
3 9883 9871 9885
3 9246 9885 9245
3 9885 9874 9245
3 9885 9873 9874
3 9245 9874 9233
3 9876 9877 9886
3 9886 9877 9887
3 9886 9249 9235
3 9886 9235 9876
3 9880 9879 9888
3 9880 9888 9889
3 9251 9888 9238
3 9238 9888 9879
3 9881 9882 9890
3 9890 9882 9891
3 9890 9254 9241
3 9890 9241 9881
3 9884 9883 9892
3 9884 9892 9893
3 9894 9883 9885
3 9892 9883 9894
3 9257 9894 9246
3 9246 9894 9885
3 9886 9887 9895
3 9895 9887 9896
3 9895 9259 9249
3 9895 9249 9886
3 9889 9888 9897
3 9889 9897 9898
3 9261 9897 9251
3 9251 9897 9888
3 9890 9891 9899
3 9899 9891 9900
3 9899 9263 9254
3 9899 9254 9890
3 9893 9892 9901
3 9893 9901 9902
3 9903 9892 9894
3 9901 9892 9903
3 9266 9903 9257
3 9257 9903 9894
3 9906 9905 9904
3 9906 9904 9896
3 9896 9904 9895
3 9904 9268 9895
3 9268 9269 9895
3 9895 9269 9259
3 9898 9897 9907
3 9898 9907 9908
3 9271 9907 9261
3 9261 9907 9897
3 9911 9910 9909
3 9911 9909 9900
3 9909 9899 9900
3 9909 9912 9899
3 9912 9273 9263
3 9912 9263 9899
3 9902 9901 9913
3 9902 9913 9914
3 9915 9901 9903
3 9913 9901 9915
3 9275 9915 9266
3 9266 9915 9903
3 9904 9905 9916
3 9916 9905 9917
3 9916 9277 9268
3 9916 9268 9904
3 9908 9907 9918
3 9908 9918 9919
3 9279 9918 9271
3 9271 9918 9907
3 9909 9910 9920
3 9920 9910 9921
3 9909 9922 9912
3 9909 9920 9922
3 9922 9281 9273
3 9922 9273 9912
3 9914 9913 9923
3 9914 9923 9924
3 9925 9913 9915
3 9923 9913 9925
3 9283 9925 9275
3 9275 9925 9915
3 9928 9927 9926
3 9928 9926 9917
3 9917 9926 9916
3 9926 9285 9916
3 9285 9286 9916
3 9916 9286 9277
3 9919 9918 9929
3 9919 9929 9930
3 9288 9929 9279
3 9279 9929 9918
3 9920 9921 9931
3 9931 9921 9932
3 9920 9933 9922
3 9920 9931 9933
3 9933 9290 9281
3 9933 9281 9922
3 9924 9923 9934
3 9924 9934 9935
3 9936 9923 9925
3 9934 9923 9936
3 9292 9936 9283
3 9283 9936 9925
3 9926 9927 9937
3 9937 9927 9938
3 9937 9293 9285
3 9937 9285 9926
3 9941 9940 9939
3 9939 9940 9930
3 9939 9930 9929
3 9296 9939 9929
3 9295 9296 9929
3 9295 9929 9288
3 9931 9932 9942
3 9942 9932 9943
3 9931 9944 9933
3 9931 9942 9944
3 9944 9298 9290
3 9944 9290 9933
3 9935 9934 9945
3 9935 9945 9946
3 9301 9945 9300
3 9945 9936 9300
3 9945 9934 9936
3 9300 9936 9292
3 9949 9948 9947
3 9949 9947 9938
3 9938 9947 9937
3 9947 9303 9937
3 9303 9304 9937
3 9937 9304 9293
3 9941 9939 9950
3 9941 9950 9951
3 9306 9950 9296
3 9296 9950 9939
3 9942 9943 9952
3 9952 9943 9953
3 9952 9308 9309
3 9944 9952 9309
3 9942 9952 9944
3 9944 9309 9298
3 9946 9945 9954
3 9946 9954 9955
3 9311 9954 9301
3 9301 9954 9945
3 9958 9957 9956
3 9958 9956 9948
3 9948 9956 9947
3 9956 9313 9947
3 9313 9314 9947
3 9947 9314 9303
3 9961 9960 9959
3 9959 9960 9951
3 9959 9951 9950
3 9317 9959 9950
3 9316 9317 9950
3 9316 9950 9306
3 9964 9963 9962
3 9964 9962 9953
3 9962 9952 9953
3 9962 9965 9952
3 9965 9318 9308
3 9965 9308 9952
3 9968 9967 9966
3 9966 9967 9955
3 9966 9955 9954
3 9321 9966 9954
3 9320 9321 9954
3 9320 9954 9311
3 9956 9957 9969
3 9969 9957 9970
3 9969 9322 9313
3 9969 9313 9956
3 9961 9959 9971
3 9961 9971 9972
3 9324 9971 9317
3 9317 9971 9959
3 9962 9963 9973
3 9973 9963 9974
3 9973 9326 9327
3 9965 9973 9327
3 9962 9973 9965
3 9965 9327 9318
3 9977 9976 9975
3 9975 9976 9968
3 9975 9968 9966
3 9330 9975 9966
3 9329 9330 9966
3 9329 9966 9321
3 9980 9979 9978
3 9980 9978 9970
3 9970 9978 9969
3 9978 9332 9969
3 9332 9333 9969
3 9969 9333 9322
3 9972 9971 9981
3 9972 9981 9982
3 9334 9983 9324
3 9983 9971 9324
3 9983 9981 9971
3 9335 9984 9334
3 9334 9984 9983
3 9984 9335 9985
3 9335 9986 9985
3 9335 9336 9986
3 9337 9973 9974
3 9986 9337 9974
3 9336 9337 9986
3 9973 9337 9326
3 9989 9988 9987
3 9987 9988 9977
3 9987 9977 9975
3 9340 9987 9975
3 9339 9340 9975
3 9339 9975 9330
3 9992 9991 9990
3 9992 9990 9979
3 9979 9990 9978
3 9990 9342 9978
3 9342 9343 9978
3 9978 9343 9332
3 9993 9982 9981
3 9993 9981 9983
3 9993 9983 9994
3 9994 9983 9984
3 9994 9984 9995
3 9995 9984 9985
3 9998 9997 9996
3 9345 9346 9996
3 9997 9345 9996
3 9999 9345 9997
3 9987 9347 9989
3 9347 9999 9989
3 9347 9345 9999
3 9347 9987 9340
3 9990 9991 9350
3 9991 9349 9350
3 9991 10000 9349
3 9990 9350 9342
3 10003 10002 10001
3 10001 10002 9998
3 10001 9998 9996
3 9353 10001 9996
3 9352 9353 9996
3 9352 9996 9346
3 10006 10005 10004
3 10004 10007 9354
3 10000 10004 9354
3 9349 10000 9354
3 10004 10000 10006
3 10007 9356 9354
3 10010 10009 10008
3 10008 10009 10003
3 10008 10003 10001
3 9359 10008 10001
3 9358 9359 10001
3 9358 10001 9353
3 10005 10011 10004
3 10004 10011 10007
3 10007 10011 10012
3 10012 10014 10013
3 10012 10013 9360
3 10007 10012 9360
3 9356 10007 9360
3 10013 9362 9360
3 10017 10016 10015
3 10015 10016 10010
3 10015 10010 10008
3 9366 10015 10008
3 9365 9366 10008
3 9365 10008 9359
3 10014 10018 10013
3 10013 10018 9362
3 10018 9367 9362
3 10018 10019 9367
3 10019 10021 10020
3 9368 10019 10020
3 9367 10019 9368
3 10022 9369 9368
3 10022 9368 10020
3 10022 9371 9369
3 10017 10015 9377
3 9378 10017 9377
3 10023 10017 9378
3 9377 10015 9366
3 10021 10024 10020
3 10020 10024 10022
3 10022 10024 10025
3 10022 10025 9371
3 10025 9379 9371
3 10025 10026 9379
3 9379 10027 9380
3 10026 10027 9379
3 9380 10028 9381
3 10027 10028 9380
3 9381 10029 9382
3 10028 10029 9381
3 9382 10030 9383
3 10029 10030 9382
3 9383 10031 9384
3 10030 10031 9383
3 9386 9384 10031
3 9386 10031 10032
3 10034 10033 9389
3 10034 9389 9388
3 9378 9389 10023
3 10023 9389 10033
3 10032 10035 9386
3 9386 10035 9390
3 9390 10036 9391
3 10035 10036 9390
3 9388 9391 10034
3 10034 9391 10036
3 10038 10037 9394
3 9394 10037 9393
3 9394 9395 10038
3 10038 9395 10039
3 10041 10040 9398
3 9398 10040 9397
3 10042 9398 9399
3 10042 10041 9398
3 9399 9393 10037
3 9399 10037 10042
3 9395 9400 10043
3 10044 9395 10043
3 10039 9395 10044
3 9401 10043 9400
3 10046 10045 9403
3 9403 10045 9402
3 9403 9397 10040
3 9403 10040 10046
3 10044 10043 10047
3 10044 10047 10048
3 9404 10047 9401
3 9401 10047 10043
3 10050 10049 9408
3 9408 10049 9407
3 9408 9402 10045
3 9408 10045 10050
3 10053 10052 10051
3 9409 9410 10051
3 10052 9409 10051
3 10054 9409 10052
3 10047 9411 10048
3 9411 10054 10048
3 9411 9409 10054
3 9411 10047 9404
3 10055 9412 9413
3 9414 10056 9413
3 9413 10056 10055
3 9415 10057 9414
3 9414 10057 10056
3 9417 10057 9415
3 10060 10059 10058
3 9418 9419 10058
3 9419 10060 10058
3 9419 10061 10060
3 9419 9407 10049
3 9419 10049 10061
3 10053 10051 9420
3 9421 10053 9420
3 10062 10053 9421
3 9420 10051 9410
3 10055 9422 9412
3 10055 10056 10063
3 9424 10055 10063
3 10064 9424 10063
3 10055 9424 9422
3 10063 10056 10057
3 10063 10057 10065
3 10065 10057 9417
3 9425 10065 9417
3 10066 10065 9425
3 9425 9426 10066
3 10066 9426 10067
3 10069 10068 9429
3 9429 10068 9428
3 9430 10058 10059
3 10069 9430 10059
3 9429 9430 10069
3 10058 9430 9418
3 10071 10070 9431
3 10071 9431 9432
3 9421 9431 10062
3 10062 9431 10070
3 10074 10073 10072
3 10064 10074 10072
3 9433 10064 10072
3 9424 10064 9433
3 10077 10076 10075
3 10076 10067 10075
3 10067 9434 10075
3 10067 9426 9434
3 10080 10079 10078
3 9436 9437 10078
3 9437 10080 10078
3 9437 10081 10080
3 9437 9428 10068
3 9437 10068 10081
3 10084 10083 10082
3 10083 10071 10082
3 10071 9438 10082
3 10071 9432 9438
3 10087 10086 10085
3 10087 10085 10073
3 10073 10085 10072
3 10085 9439 10072
3 9439 9440 10072
3 10072 9440 9433
3 10077 10075 9442
3 9443 10077 9442
3 10088 10077 9443
3 9442 10075 9434
3 10078 10079 9445
3 10079 9444 9445
3 10079 10089 9444
3 10078 9445 9436
3 10092 10091 10090
3 10094 10093 10090
3 10094 10090 10091
3 10093 10094 10084
3 10093 10084 10082
3 9447 10093 10082
3 9446 9447 10082
3 9446 10082 9438
3 10097 10096 10095
3 10097 10095 10086
3 10086 10095 10085
3 10095 9449 10085
3 9449 9450 10085
3 10085 9450 9439
3 10100 10099 10098
3 10099 10088 10098
3 10088 9451 10098
3 10088 9443 9451
3 10102 10101 9454
3 9454 10101 9453
3 9454 9444 10089
3 9454 10089 10102
3 10105 10104 10103
3 10107 10106 10103
3 10107 10103 10104
3 9456 9457 10106
3 10107 9456 10106
3 10108 9456 10107
3 10090 9459 10092
3 9459 10108 10092
3 9459 9456 10108
3 9459 10090 9460
3 9460 10090 10093
3 9460 10093 9447
3 10111 10110 10109
3 10111 10109 10096
3 10096 10109 10095
3 10109 9462 10095
3 9462 9463 10095
3 10095 9463 9449
3 10114 10113 10112
3 10112 10113 10100
3 10112 10100 10098
3 9465 10112 10098
3 9464 9465 10098
3 9464 10098 9451
3 10101 9466 9453
3 10115 9466 10101
3 10105 10103 9468
3 9469 10105 9468
3 10116 10105 9469
3 9468 10103 9471
3 9471 10103 10106
3 9471 10106 9457
3 10119 10118 10117
3 10121 10120 10117
3 10117 10120 10119
3 10120 10121 10110
3 10110 10121 10109
3 10121 9473 10109
3 9473 9474 10109
3 10109 9474 9462
3 10124 10123 10122
3 10122 10123 10114
3 10122 10114 10112
3 9476 10122 10112
3 9475 9476 10112
3 9475 10112 9465
3 10125 9477 9478
3 10126 10125 9478
3 9466 10126 9478
3 10115 10126 9466
3 10128 10127 9479
3 10128 9479 9480
3 9469 9479 10116
3 10116 9479 10127
3 10131 10130 10129
3 9482 9483 10129
3 9483 10131 10129
3 9483 10132 10131
3 10134 10133 9484
3 10133 9483 9484
3 10133 10132 9483
3 10133 10134 10118
3 10118 10134 10117
3 10134 9486 10117
3 9486 9487 10117
3 10117 9487 9488
3 10117 9488 10121
3 10121 9488 9473
3 10137 10136 10135
3 10135 10136 10124
3 10135 10124 10122
3 9491 10135 10122
3 9490 9491 10122
3 9490 10122 9476
3 10139 10138 10125
3 10138 9477 10125
3 10138 9492 9477
3 10142 10141 10140
3 10126 10139 10125
3 10142 10128 10141
3 10128 9493 10141
3 10128 9480 9493
3 10145 10144 10143
3 9495 9496 10143
3 9496 10145 10143
3 9496 10146 10145
3 9497 10129 10130
3 10146 9497 10130
3 9496 9497 10146
3 10129 9497 9482
3 9500 10134 9484
3 10134 9500 9486
3 10149 10148 10147
3 10147 10148 10137
3 10147 10137 10135
3 9503 10147 10135
3 9502 9503 10135
3 9502 10135 9491
3 10138 10150 9492
3 9492 10150 9505
3 10141 9507 10140
3 9507 10150 10140
3 9507 9505 10150
3 9507 10141 9493
3 10143 10144 9510
3 10144 9509 9510
3 10144 10151 9509
3 10143 9510 9495
3 10154 10153 10152
3 10152 10153 10149
3 10152 10149 10147
3 9513 10152 10147
3 9512 9513 10147
3 9512 10147 9503
3 10151 9516 9509
3 10155 9516 10151
3 10158 10157 10156
3 10156 10157 10154
3 10156 10154 10152
3 9519 10156 10152
3 9518 9519 10152
3 9518 10152 9513
3 10160 10159 9522
3 9522 10159 9521
3 9522 9516 10155
3 9522 10155 10160
3 10163 10162 10161
3 10161 10162 10158
3 10161 10158 10156
3 9525 10161 10156
3 9524 9525 10156
3 9524 10156 9519
3 10159 9527 9521
3 10164 9527 10159
3 10167 10166 10165
3 10165 10166 10163
3 10165 10163 10161
3 9532 10165 10161
3 9531 9532 10161
3 9531 10161 9525
3 10170 10169 10168
3 10172 10171 10168
3 10168 10171 10170
3 10172 10173 10171
3 10175 10174 9535
3 9535 10174 9534
3 9535 9527 10164
3 9535 10164 10175
3 10178 10177 10176
3 10176 10177 10167
3 10176 10167 10165
3 9541 10176 10165
3 9540 9541 10165
3 9540 10165 9532
3 10181 10180 10179
3 10181 10179 10169
3 10169 10179 10168
3 10179 9543 10168
3 9543 9544 10168
3 9545 10182 9544
3 10182 10183 9544
3 10184 9544 10183
3 9544 10184 10168
3 10185 10168 10184
3 10168 10185 10182
3 10182 10172 10168
3 9545 10172 10182
3 10182 10185 10183
3 10183 10185 9547
3 10185 10173 9547
3 10172 9545 9547
3 10172 9547 10173
3 10187 10186 9550
3 9550 10186 9549
3 9550 9534 10174
3 9550 10174 10187
3 10178 10176 10188
3 10178 10188 10189
3 9555 10188 9541
3 9541 10188 10176
3 10192 10191 10190
3 10192 10190 10180
3 10180 10190 10179
3 10190 9557 10179
3 9557 9558 10179
3 10179 9558 9543
3 10184 10183 9562
3 9561 10184 9562
3 10193 10184 9561
3 9562 10183 9547
3 10194 9564 9565
3 10195 10194 9565
3 9549 10195 9565
3 10186 10195 9549
3 10198 10197 10196
3 10196 10197 10189
3 10196 10189 10188
3 9571 10196 10188
3 9570 9571 10188
3 9570 10188 9555
3 10201 10200 10199
3 10201 10199 10191
3 10191 10199 10190
3 10199 9573 10190
3 9573 9574 10190
3 10190 9574 9557
3 9575 10193 9561
3 9575 10202 10193
3 10203 9577 9578
3 10204 10203 9578
3 10204 9578 9564
3 10205 10204 9564
3 10194 10205 9564
3 10205 10194 10195
3 10208 10207 10206
3 10206 10207 10198
3 10206 10198 10196
3 9582 10206 10196
3 9581 9582 10196
3 9581 10196 9571
3 10211 10210 10209
3 10211 10209 10200
3 10200 10209 10199
3 10209 9584 10199
3 9584 9585 10199
3 10199 9585 9573
3 10214 10213 10212
3 10213 10202 10212
3 10202 9586 10212
3 10202 9575 9586
3 10215 9587 9588
3 9577 10203 9588
3 10203 10215 9588
3 10203 10216 10215
3 10203 10204 10217
3 10203 10217 10216
3 10220 10219 10218
3 10218 10219 10208
3 10218 10208 10206
3 9591 10218 10206
3 9590 9591 10206
3 9590 10206 9582
3 10223 10222 10221
3 10223 10221 10210
3 10210 10221 10209
3 10221 9593 10209
3 9593 9594 10209
3 10209 9594 9584
3 10226 10225 10224
3 10224 10225 10214
3 10212 10224 10214
3 10227 10224 10212
3 9595 10227 9586
3 9586 10227 10212
3 10228 9597 10215
3 10215 9597 9587
3 10216 10230 10229
3 10228 10216 10229
3 10215 10216 10228
3 10230 10216 10217
3 10233 10232 10231
3 10231 10232 10220
3 10231 10220 10218
3 9600 10231 10218
3 9599 9600 10218
3 9599 10218 9591
3 10236 10235 10234
3 10236 10234 10222
3 10234 10221 10222
3 10234 10237 10221
3 10237 9602 9593
3 10237 9593 10221
3 10226 10224 9604
3 9605 10226 9604
3 10238 10226 9605
3 9604 10224 9606
3 10224 10239 9606
3 10224 10227 10239
3 9607 10239 9595
3 9595 10239 10227
3 10240 9609 9610
3 10241 10240 9610
3 10241 9610 9597
3 10242 10241 9597
3 10228 10242 9597
3 10242 10228 10229
3 10245 10244 10243
3 10247 10246 10243
3 10247 10243 10244
3 10246 10247 10233
3 10246 10233 10231
3 9613 10246 10231
3 9612 9613 10231
3 9612 10231 9600
3 10250 10249 10248
3 10250 10248 10235
3 10248 10234 10235
3 10248 10251 10234
3 10251 9615 9616
3 10237 10251 9616
3 10234 10251 10237
3 10237 9616 9602
3 10254 10253 10252
3 10253 10238 10252
3 10238 9618 10252
3 10238 9605 9618
3 10239 9619 9606
3 9619 10239 9607
3 10255 9621 9622
3 9609 10240 9622
3 10240 10255 9622
3 10240 10256 10255
3 10240 10241 10257
3 10240 10257 10256
3 10260 10259 10258
3 10258 10259 10245
3 10243 10258 10245
3 10261 10258 10243
3 9625 10261 9624
3 10261 10246 9624
3 10261 10243 10246
3 9624 10246 9613
3 10264 10263 10262
3 10264 10262 10249
3 10262 10248 10249
3 10262 10265 10248
3 10265 9627 9628
3 10251 10265 9628
3 10248 10265 10251
3 10251 9628 9615
3 10268 10267 10266
3 10266 10267 10254
3 10266 10254 10252
3 9631 10266 10252
3 9630 9631 10252
3 9630 10252 9618
3 10269 9635 10255
3 10255 9635 9621
3 10270 10255 10256
3 10269 10255 10270
3 10256 10257 10271
3 10256 10271 10270
3 10274 10273 10272
3 10272 10273 10260
3 10258 10272 10260
3 10275 10272 10258
3 9638 10275 9637
3 10275 10261 9637
3 10275 10258 10261
3 9637 10261 9625
3 10262 10263 10276
3 10276 10263 10277
3 10276 9640 9641
3 10265 10276 9641
3 10262 10276 10265
3 10265 9641 9627
3 10280 10279 10278
3 10278 10279 10268
3 10278 10268 10266
3 9644 10278 10266
3 9643 9644 10266
3 9643 10266 9631
3 10281 9648 10269
3 10269 9648 9635
3 10282 10269 10270
3 10281 10269 10282
3 10270 10271 10283
3 10284 10270 10283
3 10282 10270 10284
3 10284 10283 10274
3 10272 10284 10274
3 10285 10284 10272
3 9651 10285 9650
3 10285 10275 9650
3 10285 10272 10275
3 9650 10275 9638
3 10288 10287 10286
3 10288 10286 10277
3 10277 10286 10276
3 10286 9653 10276
3 9653 9654 10276
3 10276 9654 9640
3 10280 10278 10289
3 10280 10289 10290
3 9656 10289 9644
3 9644 10289 10278
3 10291 9660 9661
3 9648 10281 9661
3 10281 10291 9661
3 10281 10292 10291
3 10293 10281 10282
3 10292 10281 10293
3 10294 10282 10284
3 10293 10282 10294
3 9664 10294 9663
3 10294 10285 9663
3 10294 10284 10285
3 9663 10285 9651
3 10297 10296 10295
3 10297 10295 10287
3 10287 10295 10286
3 10295 9667 10286
3 9667 9668 10286
3 10286 9668 9653
3 10300 10299 10298
3 10298 10299 10290
3 10298 10290 10289
3 9671 10298 10289
3 9670 9671 10289
3 9670 10289 9656
3 10301 9675 9676
3 9660 10291 9676
3 10291 10301 9676
3 10291 10302 10301
3 10303 10291 10292
3 10302 10291 10303
3 10304 10292 10293
3 10303 10292 10304
3 10305 10293 10294
3 10304 10293 10305
3 9678 10305 9664
3 9664 10305 10294
3 10308 10307 10306
3 10308 10306 10296
3 10296 10306 10295
3 10306 9680 10295
3 9680 9681 10295
3 10295 9681 9667
3 10311 10310 10309
3 10309 10310 10300
3 10309 10300 10298
3 9685 10309 10298
3 9684 9685 10298
3 9684 10298 9671
3 10312 9689 10301
3 10301 9689 9675
3 10313 10301 10302
3 10312 10301 10313
3 10314 10302 10303
3 10313 10302 10314
3 10315 10303 10304
3 10314 10303 10315
3 9692 10315 9691
3 10315 10305 9691
3 10315 10304 10305
3 9691 10305 9678
3 10318 10317 10316
3 10318 10316 10307
3 10307 10316 10306
3 10316 9695 10306
3 9695 9696 10306
3 10306 9696 9680
3 10321 10320 10319
3 10319 10320 10311
3 10319 10311 10309
3 9700 10319 10309
3 9699 9700 10309
3 9699 10309 9685
3 10322 9703 9704
3 9689 10312 9704
3 10312 10322 9704
3 10312 10323 10322
3 10324 10312 10313
3 10323 10312 10324
3 10325 10313 10314
3 10324 10313 10325
3 10326 10314 10315
3 10325 10314 10326
3 9706 10326 9692
3 9692 10326 10315
3 10316 10317 10327
3 10327 10317 10328
3 10327 9708 9695
3 10327 9695 10316
3 10331 10330 10329
3 10329 10330 10321
3 10329 10321 10319
3 9711 10329 10319
3 9710 9711 10319
3 9710 10319 9700
3 10332 9714 9715
3 9703 10322 9715
3 10322 10332 9715
3 10322 10333 10332
3 10334 10322 10323
3 10333 10322 10334
3 10335 10323 10324
3 10334 10323 10335
3 10336 10324 10325
3 10335 10324 10336
3 9718 10336 9717
3 10336 10326 9717
3 10336 10325 10326
3 9717 10326 9706
3 10339 10338 10337
3 10339 10337 10328
3 10328 10337 10327
3 10337 9720 10327
3 9720 9721 10327
3 10327 9721 9708
3 10331 10329 10340
3 10331 10340 10341
3 9724 10340 9711
3 9711 10340 10329
3 10342 9725 10332
3 10332 9725 9714
3 10343 10332 10333
3 10342 10332 10343
3 10344 10333 10334
3 10343 10333 10344
3 10345 10334 10335
3 10344 10334 10345
3 9728 10345 9727
3 10345 10336 9727
3 10345 10335 10336
3 9727 10336 9718
3 10348 10347 10346
3 10348 10346 10338
3 10346 10337 10338
3 10346 10349 10337
3 10349 9731 9720
3 10349 9720 10337
3 10352 10351 10350
3 10350 10351 10341
3 10350 10341 10340
3 9734 10350 10340
3 9733 9734 10340
3 9733 10340 9724
3 10353 9736 9737
3 10354 10353 9737
3 10354 9737 9725
3 10355 10354 9725
3 10342 10355 9725
3 10355 10342 10343
3 10355 10343 10356
3 10358 10357 10356
3 10343 10358 10356
3 10344 10358 10343
3 10359 10344 10345
3 10358 10344 10359
3 9739 10359 9728
3 9728 10359 10345
3 10346 10347 10360
3 10360 10347 10361
3 10360 9741 9742
3 10349 10360 9742
3 10346 10360 10349
3 10349 9742 9731
3 10364 10363 10362
3 10362 10363 10352
3 10362 10352 10350
3 9745 10362 10350
3 9744 9745 10350
3 9744 10350 9734
3 10365 9751 9752
3 10366 10365 9752
3 10366 9752 9736
3 10367 10366 9736
3 10353 10367 9736
3 10367 10353 10354
3 10370 10369 10368
3 10368 10369 10357
3 10358 10368 10357
3 10371 10368 10358
3 9755 10371 9754
3 10371 10359 9754
3 10371 10358 10359
3 9754 10359 9739
3 10374 10373 10372
3 10374 10372 10361
3 10361 10372 10360
3 10372 9757 10360
3 9757 9758 10360
3 10360 9758 9741
3 10364 10362 10375
3 10364 10375 10376
3 9761 10375 9745
3 9745 10375 10362
3 10377 9767 9768
3 10378 10377 9768
3 10378 9768 9751
3 10379 10378 9751
3 10365 10379 9751
3 10379 10365 10366
3 10370 10368 10380
3 10370 10380 10381
3 10382 10368 10371
3 10380 10368 10382
3 9770 10382 9755
3 9755 10382 10371
3 10385 10384 10383
3 10385 10383 10373
3 10383 10372 10373
3 10383 10386 10372
3 10386 9772 9757
3 10386 9757 10372
3 10376 10375 10387
3 10376 10387 10388
3 9774 10387 9761
3 9761 10387 10375
3 10389 9780 9781
3 10390 10389 9781
3 10390 9781 9767
3 10391 10390 9767
3 10377 10391 9767
3 10391 10377 10378
3 10381 10380 10392
3 10381 10392 10393
3 9784 10392 9783
3 10392 10382 9783
3 10392 10380 10382
3 9783 10382 9770
3 10383 10384 10394
3 10394 10384 10395
3 10394 9786 9787
3 10386 10394 9787
3 10383 10394 10386
3 10386 9787 9772
3 10398 10397 10396
3 10396 10397 10388
3 10387 10396 10388
3 10399 10396 10387
3 9789 10400 9774
3 10400 10387 9774
3 10400 10399 10387
3 9790 10400 9789
3 10402 10401 10389
3 10401 9780 10389
3 10401 9796 9780
3 10402 10389 10390
3 10405 10404 10403
3 10403 10404 10393
3 10392 10403 10393
3 10406 10403 10392
3 9798 10406 9784
3 9784 10406 10392
3 10409 10408 10407
3 10409 10407 10395
3 10395 10407 10394
3 10407 9800 10394
3 9800 9801 10394
3 10394 9801 9786
3 10398 10396 10410
3 10398 10410 10411
3 10412 10396 10399
3 10410 10396 10412
3 10413 10399 10400
3 10412 10399 10413
3 9804 10413 9790
3 9790 10413 10400
3 10415 10414 9809
3 9809 10414 9808
3 9809 9796 10401
3 9809 10401 10415
3 10405 10403 10416
3 10405 10416 10417
3 9812 10416 9811
3 10416 10406 9811
3 10416 10403 10406
3 9811 10406 9798
3 10420 10419 10418
3 10420 10418 10408
3 10418 10407 10408
3 10418 10421 10407
3 10421 9814 9800
3 10421 9800 10407
3 10424 10423 10422
3 10422 10423 10411
3 10410 10422 10411
3 10425 10422 10410
3 10426 10410 10412
3 10425 10410 10426
3 10427 10412 10413
3 10426 10412 10427
3 9816 10427 9804
3 9804 10427 10413
3 10430 10429 10428
3 10414 10430 10428
3 9820 10414 10428
3 9808 10414 9820
3 10417 10416 10431
3 10417 10431 10432
3 9823 10431 9812
3 9812 10431 10416
3 10418 10419 10433
3 10433 10419 10434
3 10433 9825 9826
3 10421 10433 9826
3 10418 10433 10421
3 10421 9826 9814
3 10424 10422 10435
3 10424 10435 10436
3 10437 10422 10425
3 10435 10422 10437
3 10438 10425 10426
3 10437 10425 10438
3 9830 10438 9829
3 10438 10427 9829
3 10438 10426 10427
3 9829 10427 9816
3 10428 10429 10439
3 10439 10429 10440
3 10439 9833 9820
3 10439 9820 10428
3 10443 10442 10441
3 10441 10442 10432
3 10431 10441 10432
3 10444 10441 10431
3 9836 10444 9823
3 9823 10444 10431
3 10433 10434 10445
3 10445 10434 10446
3 10445 9838 9825
3 10445 9825 10433
3 10436 10435 10447
3 10436 10447 10448
3 10449 10435 10437
3 10447 10435 10449
3 9841 10449 9840
3 10449 10438 9840
3 10449 10437 10438
3 9840 10438 9830
3 10452 10451 10450
3 10452 10450 10440
3 10440 10450 10439
3 10450 9846 10439
3 9846 9847 10439
3 10439 9847 9833
3 10443 10441 10453
3 10443 10453 10454
3 9851 10453 9850
3 10453 10444 9850
3 10453 10441 10444
3 9850 10444 9836
3 10457 10456 10455
3 10457 10455 10446
3 10446 10455 10445
3 10455 9853 10445
3 9853 9854 10445
3 10445 9854 9838
3 10448 10447 10458
3 10448 10458 10459
3 10460 10447 10449
3 10458 10447 10460
3 9857 10460 9841
3 9841 10460 10449
3 10450 10451 10461
3 10461 10451 10462
3 10461 9861 9846
3 10461 9846 10450
3 10464 10463 9862
3 10464 9862 9863
3 10463 10466 10465
3 9864 10463 10465
3 9862 10463 9864
3 10465 9865 9864
3 10454 10453 10467
3 10454 10467 10468
3 9867 10467 9851
3 9851 10467 10453
3 10455 10456 10469
3 10469 10456 10470
3 10469 9869 9853
3 10469 9853 10455
3 10459 10458 10471
3 10459 10471 10472
3 10473 10458 10460
3 10471 10458 10473
3 9872 10473 9857
3 9857 10473 10460
3 10461 10462 10474
3 10474 10462 10475
3 10461 10474 9861
3 10474 10476 9861
3 10476 9875 9861
3 10474 10477 10476
3 9863 9875 10464
3 10464 9875 10476
3 10465 10466 9878
3 10466 9877 9878
3 10466 10478 9877
3 10465 9878 9865
3 10468 10467 10479
3 10468 10479 10480
3 9880 10479 9867
3 9867 10479 10467
3 10469 10470 10481
3 10481 10470 10482
3 10481 9882 9869
3 10481 9869 10469
3 10472 10471 10483
3 10472 10483 10484
3 10485 10471 10473
3 10483 10471 10485
3 9884 10485 9872
3 9872 10485 10473
3 10475 10486 10474
3 10474 10486 10477
3 10489 10488 10487
3 10478 10489 10487
3 9887 10478 10487
3 9877 10478 9887
3 10480 10479 10490
3 10480 10490 10491
3 9889 10490 9880
3 9880 10490 10479
3 10494 10493 10492
3 10494 10492 10482
3 10492 10481 10482
3 10492 10495 10481
3 10495 9891 9882
3 10495 9882 10481
3 10484 10483 10496
3 10484 10496 10497
3 10498 10483 10485
3 10496 10483 10498
3 9893 10498 9884
3 9884 10498 10485
3 10487 10488 10499
3 10499 10488 10500
3 10499 9896 9887
3 10499 9887 10487
3 10503 10502 10501
3 10501 10502 10491
3 10490 10501 10491
3 10504 10501 10490
3 9898 10504 9889
3 9889 10504 10490
3 10492 10493 10505
3 10505 10493 10506
3 10492 10507 10495
3 10492 10505 10507
3 10507 9900 9891
3 10507 9891 10495
3 10497 10496 10508
3 10497 10508 10509
3 10510 10496 10498
3 10508 10496 10510
3 9902 10510 9893
3 9893 10510 10498
3 10499 10500 9906
3 10500 9905 9906
3 10500 10511 9905
3 10499 9906 9896
3 10503 10501 10512
3 10503 10512 10513
3 10514 10501 10504
3 10512 10501 10514
3 9908 10514 9898
3 9898 10514 10504
3 10505 10506 10515
3 10515 10506 10516
3 10515 9910 9911
3 10507 10515 9911
3 10505 10515 10507
3 10507 9911 9900
3 10509 10508 10517
3 10509 10517 10518
3 10519 10508 10510
3 10517 10508 10519
3 9914 10519 9902
3 9902 10519 10510
3 10522 10521 10520
3 10511 10522 10520
3 9917 10511 10520
3 9905 10511 9917
3 10523 10513 10512
3 10525 10524 10523
3 10512 10525 10523
3 10514 10525 10512
3 9919 10525 9908
3 9908 10525 10514
3 10515 10516 10526
3 10526 10516 10527
3 10526 9921 9910
3 10526 9910 10515
3 10518 10517 10528
3 10518 10528 10529
3 10530 10517 10519
3 10528 10517 10530
3 9924 10530 9914
3 9914 10530 10519
3 10520 10521 9928
3 10521 9927 9928
3 10521 10531 9927
3 10520 9928 9917
3 10534 10533 10532
3 10532 10533 10524
3 10525 10532 10524
3 10535 10532 10525
3 9930 10535 9919
3 9919 10535 10525
3 10526 10527 10536
3 10536 10527 10537
3 10536 9932 9921
3 10536 9921 10526
3 10529 10528 10538
3 10529 10538 10539
3 10540 10528 10530
3 10538 10528 10540
3 9935 10540 9924
3 9924 10540 10530
3 10543 10542 10541
3 10531 10543 10541
3 9938 10531 10541
3 9927 10531 9938
3 10534 10532 10544
3 10534 10544 10545
3 9941 10544 9940
3 10544 10535 9940
3 10544 10532 10535
3 9940 10535 9930
3 10536 10537 10546
3 10546 10537 10547
3 10546 9943 9932
3 10546 9932 10536
3 10548 10539 10538
3 10550 10549 10548
3 10538 10550 10548
3 10540 10550 10538
3 9946 10550 9935
3 9935 10550 10540
3 10553 10552 10551
3 10553 10551 10542
3 10542 10551 10541
3 10551 9948 10541
3 9948 9949 10541
3 10541 9949 9938
3 10545 10544 10554
3 10545 10554 10555
3 9951 10554 9941
3 9941 10554 10544
3 10546 10547 10556
3 10556 10547 10557
3 10556 9953 9943
3 10556 9943 10546
3 10560 10559 10558
3 10558 10559 10549
3 10550 10558 10549
3 10561 10558 10550
3 9955 10561 9946
3 9946 10561 10550
3 10551 10552 9958
3 10552 9957 9958
3 10552 10562 9957
3 10551 9958 9948
3 10565 10564 10563
3 10563 10564 10555
3 10563 10555 10554
3 9961 10563 10554
3 9960 9961 10554
3 9960 10554 9951
3 10568 10567 10566
3 10568 10566 10557
3 10557 10566 10556
3 10566 9963 10556
3 9963 9964 10556
3 10556 9964 9953
3 10560 10558 10569
3 10560 10569 10570
3 9968 10569 9967
3 10569 10561 9967
3 10569 10558 10561
3 9967 10561 9955
3 10573 10572 10571
3 10562 10573 10571
3 9970 10562 10571
3 9957 10562 9970
3 10565 10563 10574
3 10565 10574 10575
3 9972 10574 9961
3 9961 10574 10563
3 10566 10567 10576
3 10576 10567 10577
3 10576 9974 9963
3 10576 9963 10566
3 10580 10579 10578
3 10578 10579 10570
3 10578 10570 10569
3 9977 10578 10569
3 9976 9977 10569
3 9976 10569 9968
3 10583 10582 10581
3 10583 10581 10572
3 10572 10581 10571
3 10581 9979 10571
3 9979 9980 10571
3 10571 9980 9970
3 10575 10574 10584
3 10575 10584 10585
3 9982 10584 9972
3 9972 10584 10574
3 10588 10587 10586
3 10588 10586 10577
3 10577 10586 10576
3 10586 9985 10576
3 9985 9986 10576
3 10576 9986 9974
3 10591 10590 10589
3 10589 10590 10580
3 10589 10580 10578
3 9989 10589 10578
3 9988 9989 10578
3 9988 10578 9977
3 10594 10593 10592
3 10594 10592 10582
3 10582 10592 10581
3 10592 9991 10581
3 9991 9992 10581
3 10581 9992 9979
3 10595 10585 10584
3 10595 10584 9982
3 9993 10595 9982
3 10596 10595 9993
3 10597 9993 9994
3 10597 10596 9993
3 9995 10586 10587
3 10597 9995 10587
3 9994 9995 10597
3 10586 9995 9985
3 10600 10599 10598
3 9997 9998 10598
3 10599 9997 10598
3 10601 9997 10599
3 10589 9999 10591
3 9999 10601 10591
3 9999 9997 10601
3 9999 10589 9989
3 10592 10593 10602
3 10602 10593 10603
3 10602 10000 9991
3 10602 9991 10592
3 10606 10605 10604
3 10604 10605 10600
3 10604 10600 10598
3 10003 10604 10598
3 10002 10003 10598
3 10002 10598 9998
3 10609 10608 10607
3 10609 10607 10603
3 10603 10607 10602
3 10607 10005 10602
3 10005 10006 10602
3 10602 10006 10000
3 10606 10604 10009
3 10010 10606 10009
3 10610 10606 10010
3 10009 10604 10003
3 10608 10611 10607
3 10611 10613 10612
3 10611 10612 10011
3 10607 10611 10011
3 10005 10607 10011
3 10614 10012 10011
3 10614 10011 10612
3 10614 10014 10012
3 10616 10615 10016
3 10616 10016 10017
3 10010 10016 10610
3 10610 10016 10615
3 10613 10617 10612
3 10612 10617 10614
3 10614 10617 10618
3 10618 10620 10619
3 10618 10619 10018
3 10614 10618 10018
3 10014 10614 10018
3 10621 10019 10018
3 10621 10018 10619
3 10621 10021 10019
3 10624 10623 10622
3 10623 10616 10622
3 10616 10023 10622
3 10616 10017 10023
3 10620 10625 10619
3 10619 10625 10621
3 10621 10625 10626
3 10626 10628 10627
3 10626 10627 10024
3 10621 10626 10024
3 10021 10621 10024
3 10629 10025 10024
3 10629 10024 10627
3 10630 10026 10025
3 10630 10025 10629
3 10631 10027 10026
3 10631 10026 10630
3 10632 10028 10027
3 10632 10027 10631
3 10633 10029 10028
3 10633 10028 10632
3 10029 10633 10634
3 10635 10029 10634
3 10030 10029 10635
3 10030 10636 10031
3 10635 10636 10030
3 10032 10031 10636
3 10032 10636 10637
3 10640 10639 10638
3 10638 10639 10624
3 10638 10624 10622
3 10034 10638 10622
3 10033 10034 10622
3 10033 10622 10023
3 10628 10641 10627
3 10627 10641 10629
3 10629 10641 10642
3 10629 10642 10630
3 10630 10642 10643
3 10630 10643 10631
3 10631 10643 10644
3 10631 10644 10632
3 10632 10644 10645
3 10632 10645 10633
3 10633 10645 10646
3 10633 10646 10634
3 10637 10647 10032
3 10032 10647 10035
3 10638 10036 10640
3 10036 10647 10640
3 10036 10035 10647
3 10036 10638 10034
3 10650 10649 10648
3 10648 10037 10650
3 10037 10038 10650
3 10652 10651 10650
3 10652 10650 10038
3 10039 10652 10038
3 10654 10653 10041
3 10041 10653 10040
3 10042 10648 10649
3 10654 10042 10649
3 10041 10042 10654
3 10651 10656 10655
3 10656 10648 10655
3 10042 10655 10648
3 10655 10042 10657
3 10037 10657 10042
3 10657 10037 10656
3 10656 10652 10657
3 10651 10652 10656
3 10656 10037 10648
3 10044 10657 10039
3 10039 10657 10652
3 10659 10658 10046
3 10046 10658 10045
3 10046 10040 10653
3 10046 10653 10659
3 10660 10655 10657
3 10657 10044 10660
3 10044 10661 10660
3 10044 10048 10661
3 10664 10663 10662
3 10049 10050 10662
3 10050 10664 10662
3 10050 10665 10664
3 10050 10045 10658
3 10050 10658 10665
3 10667 10666 10052
3 10667 10052 10053
3 10052 10668 10054
3 10666 10668 10052
3 10048 10054 10661
3 10661 10054 10668
3 10671 10670 10669
3 10059 10060 10669
3 10060 10671 10669
3 10060 10672 10671
3 10061 10662 10663
3 10672 10061 10663
3 10060 10061 10672
3 10662 10061 10049
3 10062 10667 10053
3 10062 10673 10667
3 10676 10675 10674
3 10064 10063 10674
3 10063 10676 10674
3 10063 10677 10676
3 10678 10063 10065
3 10678 10677 10063
3 10680 10678 10679
3 10678 10066 10679
3 10678 10065 10066
3 10067 10679 10066
3 10683 10682 10681
3 10683 10681 10670
3 10670 10681 10669
3 10681 10068 10669
3 10068 10069 10669
3 10669 10069 10059
3 10685 10684 10070
3 10685 10070 10071
3 10062 10070 10673
3 10673 10070 10684
3 10674 10675 10074
3 10675 10073 10074
3 10675 10686 10073
3 10674 10074 10064
3 10680 10679 10076
3 10077 10680 10076
3 10687 10680 10077
3 10076 10679 10067
3 10689 10688 10080
3 10080 10688 10079
3 10081 10681 10682
3 10689 10081 10682
3 10080 10081 10689
3 10681 10081 10068
3 10692 10691 10690
3 10083 10084 10690
3 10691 10083 10690
3 10693 10083 10691
3 10071 10083 10685
3 10685 10083 10693
3 10695 10694 10087
3 10087 10694 10086
3 10087 10073 10686
3 10087 10686 10695
3 10698 10697 10696
3 10697 10687 10696
3 10687 10088 10696
3 10687 10077 10088
3 10688 10089 10079
3 10699 10089 10688
3 10702 10701 10700
3 10704 10703 10700
3 10704 10700 10701
3 10091 10092 10703
3 10704 10091 10703
3 10705 10091 10704
3 10690 10094 10692
3 10094 10705 10692
3 10094 10091 10705
3 10094 10690 10084
3 10707 10706 10097
3 10097 10706 10096
3 10097 10086 10694
3 10097 10694 10707
3 10710 10709 10708
3 10708 10709 10698
3 10708 10698 10696
3 10100 10708 10696
3 10099 10100 10696
3 10099 10696 10088
3 10712 10711 10102
3 10102 10711 10101
3 10102 10089 10699
3 10102 10699 10712
3 10714 10713 10104
3 10714 10104 10105
3 10700 10107 10702
3 10107 10713 10702
3 10107 10104 10713
3 10107 10700 10108
3 10108 10700 10703
3 10108 10703 10092
3 10717 10716 10715
3 10110 10111 10715
3 10111 10717 10715
3 10111 10718 10717
3 10111 10096 10706
3 10111 10706 10718
3 10721 10720 10719
3 10719 10720 10710
3 10719 10710 10708
3 10114 10719 10708
3 10113 10114 10708
3 10113 10708 10100
3 10711 10115 10101
3 10722 10115 10711
3 10116 10714 10105
3 10116 10723 10714
3 10726 10725 10724
3 10118 10119 10724
3 10119 10726 10724
3 10119 10727 10726
3 10120 10715 10716
3 10727 10120 10716
3 10119 10120 10727
3 10715 10120 10110
3 10730 10729 10728
3 10728 10729 10721
3 10728 10721 10719
3 10124 10728 10719
3 10123 10124 10719
3 10123 10719 10114
3 10732 10126 10731
3 10126 10722 10731
3 10126 10115 10722
3 10127 10128 10732
3 10731 10127 10732
3 10733 10127 10731
3 10116 10127 10723
3 10723 10127 10733
3 10735 10734 10131
3 10131 10734 10130
3 10736 10131 10132
3 10736 10735 10131
3 10133 10724 10725
3 10736 10133 10725
3 10132 10133 10736
3 10724 10133 10118
3 10739 10738 10737
3 10737 10738 10730
3 10737 10730 10728
3 10137 10737 10728
3 10136 10137 10728
3 10136 10728 10124
3 10740 10138 10139
3 10139 10126 10740
3 10126 10732 10740
3 10142 10140 10740
3 10142 10740 10732
3 10142 10732 10128
3 10741 10144 10145
3 10146 10742 10145
3 10145 10742 10741
3 10743 10742 10146
3 10130 10743 10146
3 10734 10743 10130
3 10746 10745 10744
3 10744 10745 10739
3 10744 10739 10737
3 10149 10744 10737
3 10148 10149 10737
3 10148 10737 10137
3 10740 10150 10138
3 10150 10740 10140
3 10747 10151 10741
3 10741 10151 10144
3 10742 10749 10748
3 10747 10742 10748
3 10741 10742 10747
3 10749 10742 10743
3 10752 10751 10750
3 10754 10753 10750
3 10754 10750 10751
3 10753 10754 10746
3 10753 10746 10744
3 10154 10753 10744
3 10153 10154 10744
3 10153 10744 10149
3 10755 10155 10747
3 10747 10155 10151
3 10747 10748 10756
3 10747 10756 10755
3 10752 10750 10757
3 10752 10757 10758
3 10158 10757 10157
3 10757 10753 10157
3 10757 10750 10753
3 10157 10753 10154
3 10759 10159 10160
3 10760 10759 10160
3 10760 10160 10155
3 10761 10760 10155
3 10755 10761 10155
3 10761 10755 10756
3 10764 10763 10762
3 10762 10763 10758
3 10762 10758 10757
3 10163 10762 10757
3 10162 10163 10757
3 10162 10757 10158
3 10767 10766 10765
3 10769 10768 10765
3 10765 10768 10767
3 10769 10770 10768
3 10771 10164 10759
3 10759 10164 10159
3 10759 10760 10772
3 10759 10772 10771
3 10775 10774 10773
3 10773 10774 10764
3 10773 10764 10762
3 10167 10773 10762
3 10166 10167 10762
3 10166 10762 10163
3 10778 10777 10776
3 10778 10776 10766
3 10766 10776 10765
3 10776 10169 10765
3 10169 10170 10765
3 10171 10779 10170
3 10779 10780 10170
3 10781 10170 10780
3 10170 10781 10765
3 10782 10765 10781
3 10765 10782 10779
3 10779 10769 10765
3 10171 10769 10779
3 10779 10782 10780
3 10780 10782 10173
3 10782 10770 10173
3 10769 10171 10173
3 10769 10173 10770
3 10783 10174 10175
3 10784 10783 10175
3 10784 10175 10164
3 10785 10784 10164
3 10771 10785 10164
3 10785 10771 10772
3 10788 10787 10786
3 10786 10787 10775
3 10786 10775 10773
3 10178 10786 10773
3 10177 10178 10773
3 10177 10773 10167
3 10791 10790 10789
3 10791 10789 10777
3 10777 10789 10776
3 10789 10180 10776
3 10180 10181 10776
3 10776 10181 10169
3 10781 10780 10185
3 10184 10781 10185
3 10792 10781 10184
3 10185 10780 10173
3 10793 10186 10187
3 10794 10793 10187
3 10794 10187 10174
3 10795 10794 10174
3 10783 10795 10174
3 10795 10783 10784
3 10798 10797 10796
3 10796 10797 10788
3 10786 10796 10788
3 10799 10796 10786
3 10189 10799 10178
3 10178 10799 10786
3 10802 10801 10800
3 10802 10800 10790
3 10790 10800 10789
3 10800 10191 10789
3 10191 10192 10789
3 10789 10192 10180
3 10193 10792 10184
3 10193 10803 10792
3 10804 10195 10793
3 10793 10195 10186
3 10793 10794 10805
3 10793 10805 10804
3 10808 10807 10806
3 10806 10807 10798
3 10796 10806 10798
3 10809 10806 10796
3 10198 10809 10197
3 10809 10799 10197
3 10809 10796 10799
3 10197 10799 10189
3 10812 10811 10810
3 10812 10810 10801
3 10801 10810 10800
3 10810 10200 10800
3 10200 10201 10800
3 10800 10201 10191
3 10815 10814 10813
3 10814 10803 10813
3 10803 10202 10813
3 10803 10193 10202
3 10816 10204 10205
3 10195 10804 10205
3 10804 10816 10205
3 10804 10817 10816
3 10804 10805 10818
3 10819 10804 10818
3 10817 10804 10819
3 10821 10820 10819
3 10821 10819 10818
3 10820 10821 10808
3 10806 10820 10808
3 10822 10820 10806
3 10208 10822 10207
3 10822 10809 10207
3 10822 10806 10809
3 10207 10809 10198
3 10825 10824 10823
3 10825 10823 10811
3 10811 10823 10810
3 10823 10210 10810
3 10210 10211 10810
3 10810 10211 10200
3 10828 10827 10826
3 10826 10827 10815
3 10826 10815 10813
3 10214 10826 10813
3 10213 10214 10813
3 10213 10813 10202
3 10829 10217 10816
3 10816 10217 10204
3 10830 10816 10817
3 10829 10816 10830
3 10831 10817 10819
3 10830 10817 10831
3 10832 10819 10820
3 10831 10819 10832
3 10220 10832 10219
3 10832 10822 10219
3 10832 10820 10822
3 10219 10822 10208
3 10835 10834 10833
3 10835 10833 10824
3 10824 10833 10823
3 10833 10222 10823
3 10222 10223 10823
3 10823 10223 10210
3 10838 10837 10836
3 10836 10837 10828
3 10836 10828 10826
3 10226 10836 10826
3 10225 10226 10826
3 10225 10826 10214
3 10839 10229 10230
3 10217 10829 10230
3 10829 10839 10230
3 10829 10840 10839
3 10841 10829 10830
3 10840 10829 10841
3 10842 10830 10831
3 10841 10830 10842
3 10233 10842 10232
3 10842 10832 10232
3 10842 10831 10832
3 10232 10832 10220
3 10845 10844 10843
3 10845 10843 10834
3 10834 10843 10833
3 10843 10235 10833
3 10235 10236 10833
3 10833 10236 10222
3 10838 10836 10846
3 10838 10846 10847
3 10238 10846 10226
3 10226 10846 10836
3 10848 10241 10242
3 10229 10839 10242
3 10839 10848 10242
3 10839 10849 10848
3 10850 10839 10840
3 10849 10839 10850
3 10245 10850 10244
3 10850 10841 10244
3 10850 10840 10841
3 10244 10841 10247
3 10247 10841 10842
3 10247 10842 10233
3 10853 10852 10851
3 10853 10851 10844
3 10844 10851 10843
3 10851 10249 10843
3 10249 10250 10843
3 10843 10250 10235
3 10856 10855 10854
3 10854 10855 10847
3 10854 10847 10846
3 10254 10854 10846
3 10253 10254 10846
3 10253 10846 10238
3 10857 10257 10848
3 10848 10257 10241
3 10858 10848 10849
3 10857 10848 10858
3 10260 10858 10259
3 10858 10850 10259
3 10858 10849 10850
3 10259 10850 10245
3 10861 10860 10859
3 10861 10859 10852
3 10852 10859 10851
3 10859 10263 10851
3 10263 10264 10851
3 10851 10264 10249
3 10864 10863 10862
3 10862 10863 10856
3 10862 10856 10854
3 10268 10862 10854
3 10267 10268 10854
3 10267 10854 10254
3 10865 10271 10857
3 10857 10271 10257
3 10274 10865 10273
3 10865 10858 10273
3 10865 10857 10858
3 10273 10858 10260
3 10868 10867 10866
3 10868 10866 10860
3 10866 10859 10860
3 10866 10869 10859
3 10869 10277 10263
3 10869 10263 10859
3 10872 10871 10870
3 10870 10871 10864
3 10870 10864 10862
3 10280 10870 10862
3 10279 10280 10862
3 10279 10862 10268
3 10865 10283 10271
3 10283 10865 10274
3 10875 10874 10873
3 10875 10873 10867
3 10873 10866 10867
3 10873 10876 10866
3 10876 10287 10288
3 10869 10876 10288
3 10866 10876 10869
3 10869 10288 10277
3 10879 10878 10877
3 10877 10878 10872
3 10870 10877 10872
3 10880 10877 10870
3 10290 10880 10280
3 10280 10880 10870
3 10883 10882 10881
3 10883 10881 10874
3 10881 10873 10874
3 10881 10884 10873
3 10884 10296 10297
3 10876 10884 10297
3 10873 10884 10876
3 10876 10297 10287
3 10887 10886 10885
3 10885 10886 10879
3 10877 10885 10879
3 10888 10885 10877
3 10300 10888 10299
3 10888 10880 10299
3 10888 10877 10880
3 10299 10880 10290
3 10891 10890 10889
3 10891 10889 10882
3 10889 10881 10882
3 10889 10892 10881
3 10892 10307 10308
3 10884 10892 10308
3 10881 10892 10884
3 10884 10308 10296
3 10895 10894 10893
3 10893 10894 10887
3 10885 10893 10887
3 10896 10893 10885
3 10311 10896 10310
3 10896 10888 10310
3 10896 10885 10888
3 10310 10888 10300
3 10889 10890 10897
3 10897 10890 10898
3 10897 10317 10318
3 10892 10897 10318
3 10889 10897 10892
3 10892 10318 10307
3 10901 10900 10899
3 10899 10900 10895
3 10893 10899 10895
3 10902 10899 10893
3 10321 10902 10320
3 10902 10896 10320
3 10902 10893 10896
3 10320 10896 10311
3 10905 10904 10903
3 10905 10903 10898
3 10903 10897 10898
3 10903 10906 10897
3 10906 10328 10317
3 10906 10317 10897
3 10901 10899 10907
3 10901 10907 10908
3 10331 10907 10330
3 10907 10902 10330
3 10907 10899 10902
3 10330 10902 10321
3 10911 10910 10909
3 10911 10909 10904
3 10909 10903 10904
3 10909 10912 10903
3 10912 10338 10339
3 10906 10912 10339
3 10903 10912 10906
3 10906 10339 10328
3 10915 10914 10913
3 10913 10914 10908
3 10907 10913 10908
3 10916 10913 10907
3 10341 10916 10331
3 10331 10916 10907
3 10919 10918 10917
3 10919 10917 10910
3 10917 10909 10910
3 10917 10920 10909
3 10920 10347 10348
3 10912 10920 10348
3 10909 10920 10912
3 10912 10348 10338
3 10915 10913 10921
3 10915 10921 10922
3 10352 10921 10351
3 10921 10916 10351
3 10921 10913 10916
3 10351 10916 10341
3 10923 10354 10355
3 10356 10924 10355
3 10355 10924 10923
3 10357 10924 10356
3 10917 10918 10925
3 10925 10918 10926
3 10917 10927 10920
3 10917 10925 10927
3 10927 10361 10347
3 10927 10347 10920
3 10930 10929 10928
3 10928 10929 10922
3 10928 10922 10921
3 10364 10928 10921
3 10363 10364 10921
3 10363 10921 10352
3 10931 10366 10367
3 10354 10923 10367
3 10923 10931 10367
3 10923 10932 10931
3 10370 10932 10369
3 10932 10924 10369
3 10932 10923 10924
3 10369 10924 10357
3 10935 10934 10933
3 10935 10933 10926
3 10933 10925 10926
3 10933 10936 10925
3 10936 10373 10374
3 10927 10936 10374
3 10925 10936 10927
3 10927 10374 10361
3 10939 10938 10937
3 10937 10938 10930
3 10928 10937 10930
3 10940 10937 10928
3 10376 10940 10364
3 10364 10940 10928
3 10941 10378 10379
3 10366 10931 10379
3 10931 10941 10379
3 10931 10942 10941
3 10943 10931 10932
3 10942 10931 10943
3 10381 10943 10370
3 10370 10943 10932
3 10933 10934 10944
3 10944 10934 10945
3 10944 10384 10385
3 10936 10944 10385
3 10933 10944 10936
3 10936 10385 10373
3 10939 10937 10946
3 10939 10946 10947
3 10948 10937 10940
3 10946 10937 10948
3 10388 10948 10376
3 10376 10948 10940
3 10949 10390 10391
3 10378 10941 10391
3 10941 10949 10391
3 10941 10950 10949
3 10951 10941 10942
3 10950 10941 10951
3 10952 10942 10943
3 10951 10942 10952
3 10393 10952 10381
3 10381 10952 10943
3 10955 10954 10953
3 10955 10953 10945
3 10953 10944 10945
3 10953 10956 10944
3 10956 10395 10384
3 10956 10384 10944
3 10959 10958 10957
3 10957 10958 10947
3 10946 10957 10947
3 10960 10957 10946
3 10398 10960 10397
3 10960 10948 10397
3 10960 10946 10948
3 10397 10948 10388
3 10961 10401 10402
3 10390 10949 10402
3 10949 10961 10402
3 10949 10962 10961
3 10963 10949 10950
3 10962 10949 10963
3 10964 10950 10951
3 10963 10950 10964
3 10405 10964 10404
3 10964 10952 10404
3 10964 10951 10952
3 10404 10952 10393
3 10967 10966 10965
3 10967 10965 10954
3 10965 10953 10954
3 10965 10968 10953
3 10968 10408 10409
3 10956 10968 10409
3 10953 10968 10956
3 10956 10409 10395
3 10959 10957 10969
3 10959 10969 10970
3 10971 10957 10960
3 10969 10957 10971
3 10411 10971 10398
3 10398 10971 10960
3 10972 10414 10415
3 10973 10972 10415
3 10973 10415 10401
3 10974 10973 10401
3 10961 10974 10401
3 10974 10961 10962
3 10974 10962 10975
3 10977 10976 10975
3 10962 10977 10975
3 10963 10977 10962
3 10978 10963 10964
3 10977 10963 10978
3 10417 10978 10405
3 10405 10978 10964
3 10965 10966 10979
3 10979 10966 10980
3 10979 10419 10420
3 10968 10979 10420
3 10965 10979 10968
3 10968 10420 10408
3 10970 10969 10981
3 10970 10981 10982
3 10424 10981 10423
3 10981 10971 10423
3 10981 10969 10971
3 10423 10971 10411
3 10983 10429 10430
3 10984 10983 10430
3 10984 10430 10414
3 10985 10984 10414
3 10972 10985 10414
3 10985 10972 10973
3 10976 10977 10986
3 10976 10986 10987
3 10988 10977 10978
3 10986 10977 10988
3 10432 10988 10417
3 10417 10988 10978
3 10991 10990 10989
3 10991 10989 10980
3 10989 10979 10980
3 10989 10992 10979
3 10992 10434 10419
3 10992 10419 10979
3 10995 10994 10993
3 10993 10994 10982
3 10981 10993 10982
3 10996 10993 10981
3 10436 10996 10424
3 10424 10996 10981
3 10998 10997 10983
3 10997 10429 10983
3 10997 10440 10429
3 10998 10983 10984
3 10987 10986 10999
3 10987 10999 11000
3 10443 10999 10442
3 10999 10988 10442
3 10999 10986 10988
3 10442 10988 10432
3 10989 10990 11001
3 11001 10990 11002
3 10989 11003 10992
3 10989 11001 11003
3 11003 10446 10434
3 11003 10434 10992
3 10995 10993 11004
3 10995 11004 11005
3 11006 10993 10996
3 11004 10993 11006
3 10448 11006 10436
3 10436 11006 10996
3 11008 11007 10452
3 10452 11007 10451
3 10452 10440 10997
3 10452 10997 11008
3 11000 10999 11009
3 11000 11009 11010
3 10454 11009 10443
3 10443 11009 10999
3 11001 11002 11011
3 11011 11002 11012
3 11011 10456 10457
3 11003 11011 10457
3 11001 11011 11003
3 11003 10457 10446
3 11005 11004 11013
3 11005 11013 11014
3 11015 11004 11006
3 11013 11004 11015
3 10459 11015 10448
3 10448 11015 11006
3 11007 10462 10451
3 11016 10462 11007
3 10464 11017 10463
3 11017 10466 10463
3 11010 11009 11018
3 11010 11018 11019
3 10468 11018 10454
3 10454 11018 11009
3 11011 11012 11020
3 11020 11012 11021
3 11020 10470 10456
3 11020 10456 11011
3 11014 11013 11022
3 11014 11022 11023
3 11024 11013 11015
3 11022 11013 11024
3 10472 11024 10459
3 10459 11024 11015
3 11027 11026 11025
3 11016 11027 11025
3 10475 11016 11025
3 10462 11016 10475
3 11029 11028 10476
3 11029 10476 10477
3 10476 11028 10464
3 11028 11030 10464
3 11030 11017 10464
3 11030 11028 11031
3 11030 10478 10466
3 11030 10466 11017
3 11019 11018 11032
3 11019 11032 11033
3 10480 11032 10468
3 10468 11032 11018
3 11036 11035 11034
3 11036 11034 11021
3 11034 11020 11021
3 11034 11037 11020
3 11037 10482 10470
3 11037 10470 11020
3 11040 11039 11038
3 11038 11039 11023
3 11022 11038 11023
3 11041 11038 11022
3 11042 11022 11024
3 11041 11022 11042
3 10484 11042 10472
3 10472 11042 11024
3 11025 11026 11043
3 11043 11026 11044
3 11025 11043 10475
3 11043 11045 10475
3 11045 10486 10475
3 11043 11046 11045
3 10477 10486 11029
3 11029 10486 11045
3 11030 11031 10489
3 11031 10488 10489
3 11031 11047 10488
3 11030 10489 10478
3 11033 11032 11048
3 11033 11048 11049
3 10491 11048 10480
3 10480 11048 11032
3 11034 11035 11050
3 11050 11035 11051
3 11050 10493 10494
3 11037 11050 10494
3 11034 11050 11037
3 11037 10494 10482
3 11040 11038 11052
3 11040 11052 11053
3 11054 11038 11041
3 11052 11038 11054
3 11055 11041 11042
3 11054 11041 11055
3 10497 11055 10484
3 10484 11055 11042
3 11044 11056 11043
3 11043 11056 11046
3 11059 11058 11057
3 11047 11059 11057
3 10500 11047 11057
3 10488 11047 10500
3 11049 11048 10502
3 10503 11049 10502
3 11060 11049 10503
3 10502 11048 10491
3 11050 11051 11061
3 11061 11051 11062
3 11061 10506 10493
3 11061 10493 11050
3 11053 11052 11063
3 11053 11063 11064
3 11065 11052 11054
3 11063 11052 11065
3 11066 11054 11055
3 11065 11054 11066
3 10509 11066 10497
3 10497 11066 11055
3 11057 11058 11067
3 11067 11058 11068
3 11067 10511 10500
3 11067 10500 11057
3 10513 11060 10503
3 10513 11069 11060
3 11061 11062 11070
3 11070 11062 11071
3 11070 10516 10506
3 11070 10506 11061
3 11072 11064 11063
3 11074 11073 11072
3 11063 11074 11072
3 11065 11074 11063
3 11075 11065 11066
3 11074 11065 11075
3 10518 11075 10509
3 10509 11075 11066
3 11078 11077 11076
3 11078 11076 11068
3 11068 11076 11067
3 11076 10521 11067
3 10521 10522 11067
3 11067 10522 10511
3 10513 10523 11079
3 11080 10513 11079
3 11069 10513 11080
3 10524 11079 10523
3 11070 11071 11081
3 11081 11071 11082
3 11081 10527 10516
3 11081 10516 11070
3 11073 11074 11083
3 11073 11083 11084
3 11085 11074 11075
3 11083 11074 11085
3 10529 11085 10518
3 10518 11085 11075
3 11076 11077 11086
3 11086 11077 11087
3 11086 10531 10521
3 11086 10521 11076
3 11090 11089 11088
3 11088 11089 11080
3 11088 11080 11079
3 10534 11088 11079
3 10533 10534 11079
3 10533 11079 10524
3 11081 11082 11091
3 11091 11082 11092
3 11091 10537 10527
3 11091 10527 11081
3 11093 11084 11083
3 11095 11094 11093
3 11083 11095 11093
3 11085 11095 11083
3 10539 11095 10529
3 10529 11095 11085
3 11098 11097 11096
3 11098 11096 11087
3 11087 11096 11086
3 11096 10542 11086
3 10542 10543 11086
3 11086 10543 10531
3 11090 11088 11099
3 11090 11099 11100
3 10545 11099 10534
3 10534 11099 11088
3 11091 11092 11101
3 11101 11092 11102
3 11101 10547 10537
3 11101 10537 11091
3 11094 11095 11103
3 11094 11103 11104
3 10548 11105 10539
3 11105 11095 10539
3 11105 11103 11095
3 10549 11105 10548
3 11108 11107 11106
3 11108 11106 11097
3 11097 11106 11096
3 11106 10552 11096
3 10552 10553 11096
3 11096 10553 10542
3 11100 11099 11109
3 11100 11109 11110
3 10555 11109 10545
3 10545 11109 11099
3 11113 11112 11111
3 11113 11111 11102
3 11111 11101 11102
3 11111 11114 11101
3 11114 10557 10547
3 11114 10547 11101
3 11104 11103 11115
3 11104 11115 11116
3 10560 11115 10559
3 11115 11105 10559
3 11115 11103 11105
3 10559 11105 10549
3 11106 11107 11117
3 11117 11107 11118
3 11117 10562 10552
3 11117 10552 11106
3 11110 11109 10564
3 10565 11110 10564
3 11119 11110 10565
3 10564 11109 10555
3 11111 11112 11120
3 11120 11112 11121
3 11120 10567 10568
3 11114 11120 10568
3 11111 11120 11114
3 11114 10568 10557
3 11116 11115 11122
3 11116 11122 11123
3 10570 11122 10560
3 10560 11122 11115
3 11126 11125 11124
3 11126 11124 11118
3 11118 11124 11117
3 11124 10572 11117
3 10572 10573 11117
3 11117 10573 10562
3 11129 11128 11127
3 11128 11119 11127
3 11119 10575 11127
3 11119 10565 10575
3 11120 11121 11130
3 11130 11121 11131
3 11130 10577 10567
3 11130 10567 11120
3 11134 11133 11132
3 11132 11133 11123
3 11132 11123 11122
3 10580 11132 11122
3 10579 10580 11122
3 10579 11122 10570
3 11124 11125 10583
3 11125 10582 10583
3 11125 11135 10582
3 11124 10583 10572
3 11129 11127 11136
3 11129 11136 11137
3 10585 11136 10575
3 10575 11136 11127
3 11140 11139 11138
3 11140 11138 11131
3 11131 11138 11130
3 11138 10587 11130
3 10587 10588 11130
3 11130 10588 10577
3 11143 11142 11141
3 11141 11142 11134
3 11141 11134 11132
3 10591 11141 11132
3 10590 10591 11132
3 10590 11132 10580
3 11145 11144 10594
3 10594 11144 10593
3 10594 10582 11135
3 10594 11135 11145
3 11137 11136 11146
3 11137 11146 11147
3 11146 11136 10585
3 11148 11146 10585
3 10595 11148 10585
3 11149 11146 11148
3 11150 10595 10596
3 11150 11148 10595
3 10597 11138 11139
3 11150 10597 11139
3 10596 10597 11150
3 11138 10597 10587
3 11152 11151 10599
3 11152 10599 10600
3 11141 10601 11143
3 10601 11151 11143
3 10601 10599 11151
3 10601 11141 10591
3 11155 11154 11153
3 11144 11155 11153
3 10603 11144 11153
3 10593 11144 10603
3 11156 11147 11146
3 11156 11146 11149
3 11158 11157 10605
3 11158 10605 10606
3 10600 10605 11152
3 11152 10605 11157
3 11153 11154 10609
3 11154 10608 10609
3 11154 11159 10608
3 11153 10609 10603
3 11162 11161 11160
3 11161 11158 11160
3 11158 10610 11160
3 11158 10606 10610
3 10611 10608 11163
3 10608 11164 11163
3 10608 11159 11164
3 11163 10613 10611
3 11167 11166 11165
3 11165 11166 11162
3 11165 11162 11160
3 10616 11165 11160
3 10615 10616 11160
3 10615 11160 10610
3 11164 11168 11163
3 11163 11168 10613
3 11168 10617 10613
3 11168 11169 10617
3 11169 11171 11170
3 10618 11169 11170
3 10617 11169 10618
3 11170 10620 10618
3 11174 11173 11172
3 11172 11173 11167
3 11172 11167 11165
3 10624 11172 11165
3 10623 10624 11165
3 10623 11165 10616
3 11171 11175 11170
3 11170 11175 10620
3 11175 10625 10620
3 11175 11176 10625
3 11176 11178 11177
3 10626 11176 11177
3 10625 11176 10626
3 11177 10628 10626
3 10634 11179 10635
3 11180 10636 10635
3 11180 10635 11179
3 10637 10636 11180
3 11183 11182 11181
3 11183 11181 11174
3 11183 11174 11172
3 10640 11183 11172
3 10639 10640 11172
3 10639 11172 10624
3 11178 11184 11177
3 11177 11184 10628
3 11184 10641 10628
3 11184 11185 10641
3 10641 11186 10642
3 11185 11186 10641
3 10642 11187 10643
3 11186 11187 10642
3 10643 11188 10644
3 11187 11188 10643
3 10644 11189 10645
3 11188 11189 10644
3 10645 11190 10646
3 11189 11190 10645
3 10634 10646 11179
3 10646 11191 11179
3 10646 11190 11191
3 11179 11191 11180
3 11180 11191 11192
3 11182 11183 11192
3 11183 10647 11192
3 10637 11180 11192
3 10637 11192 10647
3 10647 11183 10640
3 11193 10649 10650
3 10651 11193 10650
3 11195 11194 10654
3 10654 11194 10653
3 11195 10654 10649
3 11196 11195 10649
3 11193 11196 10649
3 11195 11196 11197
3 10655 11196 10651
3 10651 11196 11193
3 11200 11199 11198
3 10658 10659 11198
3 10659 11200 11198
3 10659 11201 11200
3 10659 10653 11194
3 10659 11194 11201
3 11202 11197 11196
3 11204 11202 11203
3 11203 11202 10660
3 11202 11196 10660
3 11196 10655 10660
3 10661 11203 10660
3 11207 11206 11205
3 10663 10664 11205
3 10664 11207 11205
3 10664 11208 11207
3 10665 11198 11199
3 11208 10665 11199
3 10664 10665 11208
3 11198 10665 10658
3 11210 11209 10666
3 11210 10666 10667
3 11203 10668 11204
3 10668 11209 11204
3 10668 10666 11209
3 10668 11203 10661
3 11212 11211 10671
3 10671 11211 10670
3 10672 11205 11206
3 11212 10672 11206
3 10671 10672 11212
3 11205 10672 10663
3 11215 11214 11213
3 11214 11210 11213
3 11210 10673 11213
3 11210 10667 10673
3 11217 11216 10676
3 10676 11216 10675
3 11218 10676 10677
3 11218 11217 10676
3 11219 10677 10678
3 11219 11218 10677
3 10678 10680 11219
3 11219 10680 11220
3 11222 11221 10683
3 10683 11221 10682
3 10683 10670 11211
3 10683 11211 11222
3 11225 11224 11223
3 11223 11224 11215
3 11223 11215 11213
3 10685 11223 11213
3 10684 10685 11213
3 10684 11213 10673
3 11216 10686 10675
3 11226 10686 11216
3 11229 11228 11227
3 11228 11220 11227
3 11220 10687 11227
3 11220 10680 10687
3 11231 11230 10689
3 10689 11230 10688
3 10689 10682 11221
3 10689 11221 11231
3 11234 11233 11232
3 11236 11235 11232
3 11236 11232 11233
3 10691 10692 11235
3 11236 10691 11235
3 11237 10691 11236
3 11223 10693 11225
3 10693 11237 11225
3 10693 10691 11237
3 10693 11223 10685
3 11239 11238 10695
3 10695 11238 10694
3 10695 10686 11226
3 10695 11226 11239
3 11242 11241 11240
3 11240 11241 11229
3 11240 11229 11227
3 10698 11240 11227
3 10697 10698 11227
3 10697 11227 10687
3 11230 10699 10688
3 11243 10699 11230
3 11245 11244 10701
3 11245 10701 10702
3 11232 10704 11234
3 10704 11244 11234
3 10704 10701 11244
3 10704 11232 10705
3 10705 11232 11235
3 10705 11235 10692
3 11248 11247 11246
3 10706 10707 11246
3 10707 11248 11246
3 10707 11249 11248
3 10707 10694 11238
3 10707 11238 11249
3 11252 11251 11250
3 11250 11251 11242
3 11250 11242 11240
3 10710 11250 11240
3 10709 10710 11240
3 10709 11240 10698
3 11253 10711 10712
3 11254 11253 10712
3 10699 11254 10712
3 11243 11254 10699
3 11256 11255 10713
3 11256 10713 10714
3 10702 10713 11245
3 11245 10713 11255
3 11259 11258 11257
3 11261 11260 11257
3 11257 11260 11259
3 10716 10717 11261
3 10717 11260 11261
3 10717 11262 11260
3 10718 11246 11247
3 11262 10718 11247
3 10717 10718 11262
3 11246 10718 10706
3 11265 11264 11263
3 11263 11264 11252
3 11263 11252 11250
3 10721 11263 11250
3 10720 10721 11250
3 10720 11250 10710
3 11266 10722 11253
3 11253 10722 10711
3 11253 11254 11267
3 11268 11253 11267
3 11266 11253 11268
3 11267 11256 11268
3 11256 10723 11268
3 11256 10714 10723
3 11257 11258 10726
3 11258 10725 10726
3 11258 11269 10725
3 11257 10726 10727
3 11257 10727 11261
3 11261 10727 10716
3 11272 11271 11270
3 11270 11271 11265
3 11270 11265 11263
3 10730 11270 11263
3 10729 10730 11263
3 10729 11263 10721
3 11266 10731 10722
3 10731 11266 10733
3 10733 11266 11268
3 10733 11268 10723
3 11273 10734 10735
3 10736 11274 10735
3 10735 11274 11273
3 11275 11274 10736
3 10725 11275 10736
3 11269 11275 10725
3 11278 11277 11276
3 11280 11279 11276
3 11280 11276 11277
3 11279 11280 11272
3 11279 11272 11270
3 10739 11279 11270
3 10738 10739 11270
3 10738 11270 10730
3 11281 10743 11273
3 11273 10743 10734
3 11282 11273 11274
3 11281 11273 11282
3 11274 11275 11283
3 11284 11274 11283
3 11282 11274 11284
3 11286 11285 11284
3 11286 11284 11283
3 11285 11286 11278
3 11276 11285 11278
3 11287 11285 11276
3 10746 11287 10745
3 11287 11279 10745
3 11287 11276 11279
3 10745 11279 10739
3 11288 10748 10749
3 10743 11281 10749
3 11281 11288 10749
3 11281 11289 11288
3 11290 11281 11282
3 11289 11281 11290
3 11291 11282 11284
3 11290 11282 11291
3 10752 11291 10751
3 11291 11285 10751
3 11291 11284 11285
3 10751 11285 10754
3 10754 11285 11287
3 10754 11287 10746
3 11292 10756 11288
3 11288 10756 10748
3 11293 11288 11289
3 11292 11288 11293
3 11294 11289 11290
3 11293 11289 11294
3 11295 11290 11291
3 11294 11290 11295
3 10758 11295 10752
3 10752 11295 11291
3 11298 11297 11296
3 11296 11299 11298
3 11300 10760 10761
3 10756 11292 10761
3 11292 11300 10761
3 11292 11301 11300
3 11302 11292 11293
3 11301 11292 11302
3 11303 11293 11294
3 11302 11293 11303
3 10764 11303 10763
3 11303 11295 10763
3 11303 11294 11295
3 10763 11295 10758
3 11306 11305 11304
3 10766 10767 11304
3 10767 11306 11304
3 10767 11307 11306
3 10768 11296 11297
3 11307 10768 11297
3 10767 10768 11307
3 10768 10770 11296
3 10770 11299 11296
3 10770 11308 11299
3 11309 10772 11300
3 11300 10772 10760
3 11310 11300 11301
3 11309 11300 11310
3 11311 11301 11302
3 11310 11301 11311
3 10775 11311 10774
3 11311 11303 10774
3 11311 11302 11303
3 10774 11303 10764
3 11314 11313 11312
3 11314 11312 11305
3 11305 11312 11304
3 11312 10777 11304
3 10777 10778 11304
3 11304 10778 10766
3 11316 11315 10782
3 11316 10782 10781
3 10770 10782 11308
3 11308 10782 11315
3 11317 10784 10785
3 10772 11309 10785
3 11309 11317 10785
3 11309 11318 11317
3 11319 11309 11310
3 11318 11309 11319
3 10788 11319 10787
3 11319 11311 10787
3 11319 11310 11311
3 10787 11311 10775
3 11322 11321 11320
3 11322 11320 11313
3 11313 11320 11312
3 11320 10790 11312
3 10790 10791 11312
3 11312 10791 10777
3 10792 11316 10781
3 10792 11323 11316
3 11324 10794 10795
3 10784 11317 10795
3 11317 11324 10795
3 11317 11325 11324
3 11326 11317 11318
3 11325 11317 11326
3 10798 11326 10797
3 11326 11319 10797
3 11326 11318 11319
3 10797 11319 10788
3 11329 11328 11327
3 11329 11327 11321
3 11321 11327 11320
3 11327 10801 11320
3 10801 10802 11320
3 11320 10802 10790
3 11332 11331 11330
3 11334 11333 11330
3 11334 11330 11331
3 11334 11323 11333
3 11323 10803 11333
3 11323 10792 10803
3 11335 10805 11324
3 11324 10805 10794
3 11336 11324 11325
3 11335 11324 11336
3 10808 11336 10807
3 11336 11326 10807
3 11336 11325 11326
3 10807 11326 10798
3 11339 11338 11337
3 11339 11337 11328
3 11328 11337 11327
3 11337 10811 11327
3 10811 10812 11327
3 11327 10812 10801
3 11332 11330 11340
3 11332 11340 11341
3 10815 11340 10814
3 11340 11333 10814
3 11340 11330 11333
3 10814 11333 10803
3 11335 10818 10805
3 10818 11335 10821
3 10821 11335 11336
3 10821 11336 10808
3 11344 11343 11342
3 11344 11342 11338
3 11338 11342 11337
3 11342 10824 11337
3 10824 10825 11337
3 11337 10825 10811
3 11347 11346 11345
3 11345 11346 11341
3 11345 11341 11340
3 10828 11345 11340
3 10827 10828 11340
3 10827 11340 10815
3 11350 11349 11348
3 11350 11348 11343
3 11343 11348 11342
3 11348 10834 11342
3 10834 10835 11342
3 11342 10835 10824
3 11353 11352 11351
3 11351 11352 11347
3 11351 11347 11345
3 10838 11351 11345
3 10837 10838 11345
3 10837 11345 10828
3 11356 11355 11354
3 11356 11354 11349
3 11349 11354 11348
3 11354 10844 11348
3 10844 10845 11348
3 11348 10845 10834
3 11359 11358 11357
3 11357 11358 11353
3 11351 11357 11353
3 11360 11357 11351
3 10847 11360 10838
3 10838 11360 11351
3 11363 11362 11361
3 11363 11361 11355
3 11355 11361 11354
3 11361 10852 11354
3 10852 10853 11354
3 11354 10853 10844
3 11366 11365 11364
3 11364 11365 11359
3 11357 11364 11359
3 11367 11364 11357
3 10856 11367 10855
3 11367 11360 10855
3 11367 11357 11360
3 10855 11360 10847
3 11370 11369 11368
3 11370 11368 11362
3 11362 11368 11361
3 11368 10860 11361
3 10860 10861 11361
3 11361 10861 10852
3 11373 11372 11371
3 11371 11372 11366
3 11364 11371 11366
3 11374 11371 11364
3 10864 11374 10863
3 11374 11367 10863
3 11374 11364 11367
3 10863 11367 10856
3 11377 11376 11375
3 11377 11375 11369
3 11369 11375 11368
3 11375 10867 11368
3 10867 10868 11368
3 11368 10868 10860
3 11380 11379 11378
3 11378 11379 11373
3 11371 11378 11373
3 11381 11378 11371
3 10872 11381 10871
3 11381 11374 10871
3 11381 11371 11374
3 10871 11374 10864
3 11384 11383 11382
3 11384 11382 11376
3 11376 11382 11375
3 11382 10874 11375
3 10874 10875 11375
3 11375 10875 10867
3 11387 11386 11385
3 11385 11386 11380
3 11378 11385 11380
3 11388 11385 11378
3 10879 11388 10878
3 11388 11381 10878
3 11388 11378 11381
3 10878 11381 10872
3 11391 11390 11389
3 11391 11389 11383
3 11383 11389 11382
3 11389 10882 11382
3 10882 10883 11382
3 11382 10883 10874
3 11394 11393 11392
3 11392 11393 11387
3 11385 11392 11387
3 11395 11392 11385
3 10887 11395 10886
3 11395 11388 10886
3 11395 11385 11388
3 10886 11388 10879
3 11398 11397 11396
3 11398 11396 11390
3 11390 11396 11389
3 11396 10890 11389
3 10890 10891 11389
3 11389 10891 10882
3 11394 11392 11399
3 11394 11399 11400
3 10895 11399 10894
3 11399 11395 10894
3 11399 11392 11395
3 10894 11395 10887
3 11403 11402 11401
3 11403 11401 11397
3 11401 11396 11397
3 11401 11404 11396
3 11404 10898 10890
3 11404 10890 11396
3 11407 11406 11405
3 11405 11406 11400
3 11405 11400 11399
3 10901 11405 11399
3 10900 10901 11399
3 10900 11399 10895
3 11401 11402 11408
3 11408 11402 11409
3 11408 10904 10905
3 11404 11408 10905
3 11401 11408 11404
3 11404 10905 10898
3 11412 11411 11410
3 11410 11411 11407
3 11405 11410 11407
3 11413 11410 11405
3 10908 11413 10901
3 10901 11413 11405
3 11416 11415 11414
3 11416 11414 11409
3 11409 11414 11408
3 11414 10910 11408
3 10910 10911 11408
3 11408 10911 10904
3 11412 11410 11417
3 11412 11417 11418
3 10915 11417 10914
3 11417 11413 10914
3 11417 11410 11413
3 10914 11413 10908
3 11421 11420 11419
3 11421 11419 11415
3 11415 11419 11414
3 11419 10918 11414
3 10918 10919 11414
3 11414 10919 10910
3 11424 11423 11422
3 11422 11423 11418
3 11417 11422 11418
3 11425 11422 11417
3 10922 11425 10915
3 10915 11425 11417
3 11428 11427 11426
3 11428 11426 11420
3 11426 11419 11420
3 11426 11429 11419
3 11429 10926 10918
3 11429 10918 11419
3 11432 11431 11430
3 11430 11431 11424
3 11422 11430 11424
3 11433 11430 11422
3 10930 11433 10929
3 11433 11425 10929
3 11433 11422 11425
3 10929 11425 10922
3 11426 11427 11434
3 11434 11427 11435
3 11434 10934 10935
3 11429 11434 10935
3 11426 11434 11429
3 11429 10935 10926
3 11432 11430 11436
3 11432 11436 11437
3 10939 11436 10938
3 11436 11433 10938
3 11436 11430 11433
3 10938 11433 10930
3 11440 11439 11438
3 11440 11438 11435
3 11438 11434 11435
3 11438 11441 11434
3 11441 10945 10934
3 11441 10934 11434
3 11444 11443 11442
3 11442 11443 11437
3 11436 11442 11437
3 11445 11442 11436
3 10947 11445 10939
3 10939 11445 11436
3 11438 11439 11446
3 11446 11439 11447
3 11446 10954 10955
3 11441 11446 10955
3 11438 11446 11441
3 11441 10955 10945
3 11444 11442 11448
3 11444 11448 11449
3 10959 11448 10958
3 11448 11445 10958
3 11448 11442 11445
3 10958 11445 10947
3 11452 11451 11450
3 11452 11450 11447
3 11447 11450 11446
3 11450 10966 11446
3 10966 10967 11446
3 11446 10967 10954
3 11449 11448 11453
3 11449 11453 11454
3 10970 11453 10959
3 10959 11453 11448
3 11455 10973 10974
3 10975 11456 10974
3 10974 11456 11455
3 10976 11456 10975
3 11450 11451 11457
3 11457 11451 11458
3 11457 10980 10966
3 11457 10966 11450
3 11461 11460 11459
3 11459 11460 11454
3 11453 11459 11454
3 11462 11459 11453
3 10982 11462 10970
3 10970 11462 11453
3 11463 10984 10985
3 10973 11455 10985
3 11455 11463 10985
3 11455 11464 11463
3 11465 11455 11456
3 11464 11455 11465
3 10987 11465 10976
3 10976 11465 11456
3 11468 11467 11466
3 11468 11466 11458
3 11458 11466 11457
3 11466 10990 11457
3 10990 10991 11457
3 11457 10991 10980
3 11461 11459 11469
3 11461 11469 11470
3 10995 11469 10994
3 11469 11462 10994
3 11469 11459 11462
3 10994 11462 10982
3 11472 11471 10998
3 10998 11471 10997
3 10998 10984 11463
3 11473 10998 11463
3 11472 10998 11473
3 11473 11463 11464
3 11473 11464 11474
3 11476 11475 11474
3 11464 11476 11474
3 11465 11476 11464
3 11000 11476 10987
3 10987 11476 11465
3 11466 11467 11477
3 11477 11467 11478
3 11477 11002 10990
3 11477 10990 11466
3 11481 11480 11479
3 11479 11480 11470
3 11469 11479 11470
3 11482 11479 11469
3 11005 11482 10995
3 10995 11482 11469
3 11484 11483 11008
3 11008 11483 11007
3 11008 10997 11471
3 11008 11471 11484
3 11475 11476 11485
3 11475 11485 11486
3 11010 11485 11000
3 11000 11485 11476
3 11477 11478 11487
3 11487 11478 11488
3 11487 11012 11002
3 11487 11002 11477
3 11481 11479 11489
3 11481 11489 11490
3 11491 11479 11482
3 11489 11479 11491
3 11014 11491 11005
3 11005 11491 11482
3 11494 11493 11492
3 11483 11494 11492
3 11016 11483 11492
3 11007 11483 11016
3 11486 11485 11495
3 11486 11495 11496
3 11019 11495 11010
3 11010 11495 11485
3 11487 11488 11497
3 11497 11488 11498
3 11497 11021 11012
3 11497 11012 11487
3 11490 11489 11499
3 11490 11499 11500
3 11501 11489 11491
3 11499 11489 11501
3 11023 11501 11014
3 11014 11501 11491
3 11504 11503 11502
3 11504 11502 11493
3 11493 11502 11492
3 11502 11026 11492
3 11026 11027 11492
3 11492 11027 11016
3 11029 11505 11028
3 11505 11031 11028
3 11496 11495 11506
3 11496 11506 11507
3 11033 11506 11019
3 11019 11506 11495
3 11510 11509 11508
3 11510 11508 11498
3 11498 11508 11497
3 11508 11035 11497
3 11035 11036 11497
3 11497 11036 11021
3 11513 11512 11511
3 11511 11512 11500
3 11499 11511 11500
3 11514 11511 11499
3 11040 11514 11039
3 11514 11501 11039
3 11514 11499 11501
3 11039 11501 11023
3 11502 11503 11515
3 11515 11503 11516
3 11515 11044 11026
3 11515 11026 11502
3 11046 11517 11045
3 11505 11029 11045
3 11517 11505 11045
3 11518 11505 11517
3 11518 11047 11031
3 11518 11031 11505
3 11507 11506 11519
3 11507 11519 11520
3 11049 11519 11033
3 11033 11519 11506
3 11508 11509 11521
3 11521 11509 11522
3 11521 11051 11035
3 11521 11035 11508
3 11513 11511 11523
3 11513 11523 11524
3 11525 11511 11514
3 11523 11511 11525
3 11053 11525 11040
3 11040 11525 11514
3 11515 11516 11526
3 11526 11516 11527
3 11515 11526 11044
3 11526 11528 11044
3 11528 11056 11044
3 11526 11529 11528
3 11056 11528 11046
3 11528 11530 11046
3 11530 11517 11046
3 11530 11528 11531
3 11530 11058 11059
3 11518 11530 11059
3 11517 11530 11518
3 11518 11059 11047
3 11520 11519 11532
3 11520 11532 11533
3 11060 11532 11049
3 11049 11532 11519
3 11521 11522 11534
3 11534 11522 11535
3 11534 11062 11051
3 11534 11051 11521
3 11524 11523 11536
3 11524 11536 11537
3 11538 11523 11525
3 11536 11523 11538
3 11064 11538 11053
3 11053 11538 11525
3 11527 11539 11526
3 11526 11539 11529
3 11530 11531 11540
3 11540 11531 11541
3 11540 11068 11058
3 11540 11058 11530
3 11544 11543 11542
3 11542 11543 11533
3 11532 11542 11533
3 11545 11542 11532
3 11069 11545 11060
3 11060 11545 11532
3 11534 11535 11546
3 11546 11535 11547
3 11546 11071 11062
3 11546 11062 11534
3 11548 11537 11536
3 11550 11549 11548
3 11536 11550 11548
3 11538 11550 11536
3 11072 11551 11064
3 11551 11538 11064
3 11551 11550 11538
3 11073 11551 11072
3 11554 11553 11552
3 11554 11552 11541
3 11541 11552 11540
3 11552 11077 11540
3 11077 11078 11540
3 11540 11078 11068
3 11544 11542 11555
3 11544 11555 11556
3 11557 11542 11545
3 11555 11542 11557
3 11080 11557 11069
3 11069 11557 11545
3 11546 11547 11558
3 11558 11547 11559
3 11558 11082 11071
3 11558 11071 11546
3 11560 11549 11550
3 11562 11561 11560
3 11550 11562 11560
3 11551 11562 11550
3 11084 11562 11073
3 11073 11562 11551
3 11552 11553 11563
3 11563 11553 11564
3 11563 11087 11077
3 11563 11077 11552
3 11556 11555 11565
3 11556 11565 11566
3 11090 11565 11089
3 11565 11557 11089
3 11565 11555 11557
3 11089 11557 11080
3 11558 11559 11567
3 11567 11559 11568
3 11567 11092 11082
3 11567 11082 11558
3 11569 11561 11562
3 11571 11569 11570
3 11570 11569 11093
3 11569 11562 11093
3 11562 11084 11093
3 11094 11570 11093
3 11574 11573 11572
3 11574 11572 11564
3 11564 11572 11563
3 11572 11097 11563
3 11097 11098 11563
3 11563 11098 11087
3 11566 11565 11575
3 11566 11575 11576
3 11100 11575 11090
3 11090 11575 11565
3 11567 11568 11577
3 11577 11568 11578
3 11577 11102 11092
3 11577 11092 11567
3 11571 11570 11579
3 11571 11579 11580
3 11104 11579 11094
3 11094 11579 11570
3 11583 11582 11581
3 11583 11581 11573
3 11573 11581 11572
3 11581 11107 11572
3 11107 11108 11572
3 11572 11108 11097
3 11576 11575 11584
3 11576 11584 11585
3 11110 11584 11100
3 11100 11584 11575
3 11577 11578 11113
3 11578 11112 11113
3 11578 11586 11112
3 11577 11113 11102
3 11580 11579 11587
3 11580 11587 11588
3 11116 11587 11104
3 11104 11587 11579
3 11581 11582 11589
3 11589 11582 11590
3 11589 11118 11107
3 11589 11107 11581
3 11593 11592 11591
3 11591 11592 11585
3 11584 11591 11585
3 11594 11591 11584
3 11119 11594 11110
3 11110 11594 11584
3 11597 11596 11595
3 11586 11597 11595
3 11121 11586 11595
3 11112 11586 11121
3 11600 11599 11598
3 11598 11599 11588
3 11587 11598 11588
3 11601 11598 11587
3 11123 11601 11116
3 11116 11601 11587
3 11604 11603 11602
3 11604 11602 11590
3 11590 11602 11589
3 11602 11125 11589
3 11125 11126 11589
3 11589 11126 11118
3 11593 11591 11605
3 11593 11605 11606
3 11129 11605 11128
3 11605 11594 11128
3 11605 11591 11594
3 11128 11594 11119
3 11595 11596 11607
3 11607 11596 11608
3 11607 11131 11121
3 11607 11121 11595
3 11600 11598 11609
3 11600 11609 11610
3 11134 11609 11133
3 11609 11601 11133
3 11609 11598 11601
3 11133 11601 11123
3 11602 11603 11611
3 11611 11603 11612
3 11611 11135 11125
3 11611 11125 11602
3 11606 11605 11613
3 11606 11613 11614
3 11137 11613 11129
3 11129 11613 11605
3 11617 11616 11615
3 11617 11615 11608
3 11608 11615 11607
3 11615 11139 11607
3 11139 11140 11607
3 11607 11140 11131
3 11620 11619 11618
3 11618 11619 11610
3 11618 11610 11609
3 11143 11618 11609
3 11142 11143 11609
3 11142 11609 11134
3 11623 11622 11621
3 11623 11621 11612
3 11612 11621 11611
3 11621 11144 11611
3 11144 11145 11611
3 11611 11145 11135
3 11614 11613 11624
3 11614 11624 11625
3 11147 11624 11137
3 11137 11624 11613
3 11627 11626 11148
3 11148 11626 11149
3 11150 11615 11616
3 11627 11150 11616
3 11148 11150 11627
3 11615 11150 11139
3 11630 11629 11628
3 11628 11629 11620
3 11628 11620 11618
3 11152 11628 11618
3 11151 11152 11618
3 11151 11618 11143
3 11621 11622 11155
3 11622 11154 11155
3 11622 11631 11154
3 11621 11155 11144
3 11632 11625 11624
3 11632 11624 11147
3 11156 11632 11147
3 11633 11632 11156
3 11156 11149 11626
3 11156 11626 11633
3 11636 11635 11634
3 11634 11635 11630
3 11634 11630 11628
3 11158 11634 11628
3 11157 11158 11628
3 11157 11628 11152
3 11639 11638 11637
3 11631 11639 11637
3 11159 11631 11637
3 11154 11631 11159
3 11642 11641 11640
3 11640 11641 11636
3 11640 11636 11634
3 11162 11640 11634
3 11161 11162 11634
3 11161 11634 11158
3 11637 11638 11643
3 11643 11638 11644
3 11643 11164 11159
3 11643 11159 11637
3 11642 11640 11166
3 11167 11642 11166
3 11645 11642 11167
3 11166 11640 11162
3 11644 11646 11643
3 11643 11646 11164
3 11646 11168 11164
3 11646 11647 11168
3 11647 11649 11648
3 11169 11647 11648
3 11168 11647 11169
3 11648 11171 11169
3 11651 11650 11173
3 11651 11173 11174
3 11167 11173 11645
3 11645 11173 11650
3 11649 11652 11648
3 11652 11654 11653
3 11652 11653 11175
3 11648 11652 11175
3 11171 11648 11175
3 11655 11176 11175
3 11655 11175 11653
3 11655 11178 11176
3 11657 11656 11181
3 11657 11181 11182
3 11174 11181 11651
3 11651 11181 11656
3 11654 11658 11653
3 11653 11658 11655
3 11655 11658 11659
3 11655 11659 11178
3 11659 11184 11178
3 11659 11660 11184
3 11660 11662 11661
3 11185 11660 11661
3 11184 11660 11185
3 11663 11186 11185
3 11663 11185 11661
3 11664 11187 11186
3 11664 11186 11663
3 11665 11188 11187
3 11665 11187 11664
3 11666 11189 11188
3 11666 11188 11665
3 11189 11666 11667
3 11668 11189 11667
3 11190 11189 11668
3 11190 11669 11191
3 11668 11669 11190
3 11191 11670 11192
3 11669 11670 11191
3 11182 11192 11657
3 11657 11192 11670
3 11662 11671 11661
3 11661 11671 11663
3 11663 11671 11672
3 11663 11672 11664
3 11664 11672 11673
3 11664 11673 11665
3 11665 11673 11674
3 11665 11674 11666
3 11666 11674 11675
3 11666 11675 11667
3 11676 11194 11195
3 11197 11676 11195
3 11678 11677 11200
3 11200 11677 11199
3 11680 11678 11679
3 11678 11201 11679
3 11678 11200 11201
3 11194 11676 11201
3 11676 11679 11201
3 11676 11681 11679
3 11202 11682 11197
3 11682 11676 11197
3 11682 11681 11676
3 11204 11682 11202
3 11684 11683 11207
3 11207 11683 11206
3 11685 11207 11208
3 11685 11684 11207
3 11208 11199 11677
3 11208 11677 11685
3 11686 11680 11679
3 11686 11679 11681
3 11686 11681 11687
3 11210 11688 11209
3 11688 11681 11209
3 11681 11682 11209
3 11688 11687 11681
3 11209 11682 11204
3 11690 11689 11212
3 11212 11689 11211
3 11212 11206 11683
3 11212 11683 11690
3 11693 11692 11691
3 11214 11215 11691
3 11692 11214 11691
3 11694 11214 11692
3 11210 11214 11688
3 11688 11214 11694
3 11695 11216 11217
3 11218 11696 11217
3 11217 11696 11695
3 11219 11697 11218
3 11218 11697 11696
3 11220 11697 11219
3 11699 11698 11222
3 11222 11698 11221
3 11222 11211 11689
3 11222 11689 11699
3 11702 11701 11700
3 11704 11703 11700
3 11704 11700 11701
3 11703 11704 11693
3 11703 11693 11691
3 11225 11703 11691
3 11224 11225 11691
3 11224 11691 11215
3 11705 11226 11695
3 11695 11226 11216
3 11706 11695 11696
3 11705 11695 11706
3 11229 11706 11228
3 11706 11697 11228
3 11706 11696 11697
3 11228 11697 11220
3 11708 11707 11231
3 11231 11707 11230
3 11231 11221 11698
3 11231 11698 11708
3 11710 11709 11233
3 11710 11233 11234
3 11700 11236 11702
3 11236 11709 11702
3 11236 11233 11709
3 11236 11700 11237
3 11237 11700 11703
3 11237 11703 11225
3 11711 11238 11239
3 11226 11705 11239
3 11705 11711 11239
3 11705 11712 11711
3 11242 11712 11241
3 11712 11706 11241
3 11712 11705 11706
3 11241 11706 11229
3 11707 11243 11230
3 11713 11243 11707
3 11715 11714 11244
3 11715 11244 11245
3 11234 11244 11710
3 11710 11244 11714
3 11716 11247 11248
3 11249 11717 11248
3 11248 11717 11716
3 11238 11711 11249
3 11711 11717 11249
3 11711 11718 11717
3 11252 11718 11251
3 11718 11712 11251
3 11718 11711 11712
3 11251 11712 11242
3 11720 11254 11719
3 11254 11713 11719
3 11254 11243 11713
3 11255 11256 11720
3 11719 11255 11720
3 11721 11255 11719
3 11245 11255 11715
3 11715 11255 11721
3 11722 11258 11259
3 11260 11723 11259
3 11259 11723 11722
3 11723 11260 11724
3 11260 11725 11724
3 11260 11262 11725
3 11725 11262 11247
3 11726 11725 11247
3 11716 11726 11247
3 11725 11726 11727
3 11728 11716 11717
3 11726 11716 11728
3 11265 11728 11264
3 11728 11718 11264
3 11728 11717 11718
3 11264 11718 11252
3 11720 11267 11254
3 11267 11720 11256
3 11729 11269 11722
3 11722 11269 11258
3 11730 11722 11723
3 11729 11722 11730
3 11723 11724 11731
3 11732 11723 11731
3 11730 11723 11732
3 11732 11731 11727
3 11726 11732 11727
3 11733 11732 11726
3 11272 11733 11271
3 11733 11728 11271
3 11733 11726 11728
3 11271 11728 11265
3 11734 11275 11729
3 11729 11275 11269
3 11735 11729 11730
3 11734 11729 11735
3 11278 11735 11277
3 11735 11732 11277
3 11735 11730 11732
3 11277 11732 11280
3 11280 11732 11733
3 11280 11733 11272
3 11734 11283 11275
3 11283 11734 11286
3 11286 11734 11735
3 11286 11735 11278
3 11738 11737 11736
3 11740 11739 11736
3 11736 11739 11738
3 11740 11297 11739
3 11297 11298 11739
3 11742 11741 11739
3 11742 11739 11298
3 11299 11742 11298
3 11745 11744 11743
3 11745 11743 11737
3 11737 11743 11736
3 11743 11305 11736
3 11305 11306 11736
3 11736 11306 11307
3 11736 11307 11740
3 11741 11747 11746
3 11747 11740 11746
3 11307 11746 11740
3 11746 11307 11748
3 11297 11748 11307
3 11748 11297 11747
3 11747 11742 11748
3 11741 11742 11747
3 11747 11297 11740
3 11308 11748 11299
3 11299 11748 11742
3 11751 11750 11749
3 11751 11749 11744
3 11744 11749 11743
3 11749 11313 11743
3 11313 11314 11743
3 11743 11314 11305
3 11754 11753 11752
3 11752 11753 11746
3 11752 11746 11748
3 11316 11752 11748
3 11315 11316 11748
3 11315 11748 11308
3 11757 11756 11755
3 11757 11755 11750
3 11750 11755 11749
3 11755 11321 11749
3 11321 11322 11749
3 11749 11322 11313
3 11760 11759 11758
3 11758 11759 11754
3 11752 11758 11754
3 11761 11758 11752
3 11323 11761 11316
3 11316 11761 11752
3 11764 11763 11762
3 11764 11762 11756
3 11756 11762 11755
3 11762 11328 11755
3 11328 11329 11755
3 11755 11329 11321
3 11767 11766 11765
3 11765 11766 11760
3 11765 11760 11758
3 11332 11765 11758
3 11331 11332 11758
3 11331 11758 11334
3 11334 11758 11761
3 11334 11761 11323
3 11770 11769 11768
3 11770 11768 11763
3 11763 11768 11762
3 11768 11338 11762
3 11338 11339 11762
3 11762 11339 11328
3 11767 11765 11771
3 11767 11771 11772
3 11341 11771 11332
3 11332 11771 11765
3 11775 11774 11773
3 11775 11773 11769
3 11769 11773 11768
3 11773 11343 11768
3 11343 11344 11768
3 11768 11344 11338
3 11778 11777 11776
3 11780 11779 11776
3 11780 11776 11777
3 11779 11780 11772
3 11779 11772 11771
3 11347 11779 11771
3 11346 11347 11771
3 11346 11771 11341
3 11783 11782 11781
3 11783 11781 11774
3 11774 11781 11773
3 11781 11349 11773
3 11349 11350 11773
3 11773 11350 11343
3 11786 11785 11784
3 11784 11785 11778
3 11776 11784 11778
3 11787 11784 11776
3 11353 11787 11352
3 11787 11779 11352
3 11787 11776 11779
3 11352 11779 11347
3 11790 11789 11788
3 11790 11788 11782
3 11782 11788 11781
3 11788 11355 11781
3 11355 11356 11781
3 11781 11356 11349
3 11793 11792 11791
3 11791 11792 11786
3 11784 11791 11786
3 11794 11791 11784
3 11359 11794 11358
3 11794 11787 11358
3 11794 11784 11787
3 11358 11787 11353
3 11797 11796 11795
3 11797 11795 11789
3 11789 11795 11788
3 11795 11362 11788
3 11362 11363 11788
3 11788 11363 11355
3 11800 11799 11798
3 11798 11799 11793
3 11791 11798 11793
3 11801 11798 11791
3 11366 11801 11365
3 11801 11794 11365
3 11801 11791 11794
3 11365 11794 11359
3 11804 11803 11802
3 11806 11805 11802
3 11802 11805 11804
3 11805 11806 11796
3 11796 11806 11795
3 11806 11369 11795
3 11369 11370 11795
3 11795 11370 11362
3 11809 11808 11807
3 11807 11808 11800
3 11798 11807 11800
3 11810 11807 11798
3 11373 11810 11372
3 11810 11801 11372
3 11810 11798 11801
3 11372 11801 11366
3 11802 11803 11811
3 11811 11803 11812
3 11811 11376 11377
3 11806 11811 11377
3 11802 11811 11806
3 11806 11377 11369
3 11815 11814 11813
3 11813 11814 11809
3 11807 11813 11809
3 11816 11813 11807
3 11380 11816 11379
3 11816 11810 11379
3 11816 11807 11810
3 11379 11810 11373
3 11819 11818 11817
3 11819 11817 11812
3 11812 11817 11811
3 11817 11383 11811
3 11383 11384 11811
3 11811 11384 11376
3 11815 11813 11820
3 11815 11820 11821
3 11387 11820 11386
3 11820 11816 11386
3 11820 11813 11816
3 11386 11816 11380
3 11824 11823 11822
3 11824 11822 11818
3 11818 11822 11817
3 11822 11390 11817
3 11390 11391 11817
3 11817 11391 11383
3 11827 11826 11825
3 11825 11826 11821
3 11825 11821 11820
3 11394 11825 11820
3 11393 11394 11820
3 11393 11820 11387
3 11830 11829 11828
3 11830 11828 11823
3 11823 11828 11822
3 11828 11397 11822
3 11397 11398 11822
3 11822 11398 11390
3 11833 11832 11831
3 11831 11832 11827
3 11825 11831 11827
3 11834 11831 11825
3 11400 11834 11394
3 11394 11834 11825
3 11837 11836 11835
3 11837 11835 11829
3 11829 11835 11828
3 11835 11402 11828
3 11402 11403 11828
3 11828 11403 11397
3 11833 11831 11838
3 11833 11838 11839
3 11407 11838 11406
3 11838 11834 11406
3 11838 11831 11834
3 11406 11834 11400
3 11835 11836 11840
3 11840 11836 11841
3 11840 11409 11402
3 11840 11402 11835
3 11844 11843 11842
3 11842 11843 11839
3 11842 11839 11838
3 11412 11842 11838
3 11411 11412 11838
3 11411 11838 11407
3 11847 11846 11845
3 11847 11845 11841
3 11841 11845 11840
3 11845 11415 11840
3 11415 11416 11840
3 11840 11416 11409
3 11850 11849 11848
3 11848 11849 11844
3 11842 11848 11844
3 11851 11848 11842
3 11418 11851 11412
3 11412 11851 11842
3 11854 11853 11852
3 11854 11852 11846
3 11846 11852 11845
3 11852 11420 11845
3 11420 11421 11845
3 11845 11421 11415
3 11857 11856 11855
3 11855 11856 11850
3 11848 11855 11850
3 11858 11855 11848
3 11424 11858 11423
3 11858 11851 11423
3 11858 11848 11851
3 11423 11851 11418
3 11852 11853 11428
3 11853 11427 11428
3 11853 11859 11427
3 11852 11428 11420
3 11857 11855 11860
3 11857 11860 11861
3 11432 11860 11431
3 11860 11858 11431
3 11860 11855 11858
3 11431 11858 11424
3 11864 11863 11862
3 11859 11864 11862
3 11435 11859 11862
3 11427 11859 11435
3 11867 11866 11865
3 11865 11866 11861
3 11860 11865 11861
3 11868 11865 11860
3 11437 11868 11432
3 11432 11868 11860
3 11871 11870 11869
3 11871 11869 11863
3 11863 11869 11862
3 11869 11439 11862
3 11439 11440 11862
3 11862 11440 11435
3 11867 11865 11872
3 11867 11872 11873
3 11444 11872 11443
3 11872 11868 11443
3 11872 11865 11868
3 11443 11868 11437
3 11869 11870 11874
3 11874 11870 11875
3 11874 11447 11439
3 11874 11439 11869
3 11878 11877 11876
3 11876 11877 11873
3 11872 11876 11873
3 11879 11876 11872
3 11449 11879 11444
3 11444 11879 11872
3 11882 11881 11880
3 11882 11880 11875
3 11875 11880 11874
3 11880 11451 11874
3 11451 11452 11874
3 11874 11452 11447
3 11878 11876 11883
3 11878 11883 11884
3 11885 11876 11879
3 11883 11876 11885
3 11454 11885 11449
3 11449 11885 11879
3 11880 11881 11886
3 11886 11881 11887
3 11886 11458 11451
3 11886 11451 11880
3 11890 11889 11888
3 11888 11889 11884
3 11883 11888 11884
3 11891 11888 11883
3 11461 11891 11460
3 11891 11885 11460
3 11891 11883 11885
3 11460 11885 11454
3 11894 11893 11892
3 11894 11892 11887
3 11887 11892 11886
3 11892 11467 11886
3 11467 11468 11886
3 11886 11468 11458
3 11890 11888 11895
3 11890 11895 11896
3 11897 11888 11891
3 11895 11888 11897
3 11470 11897 11461
3 11461 11897 11891
3 11898 11471 11472
3 11473 11899 11472
3 11472 11899 11898
3 11474 11900 11473
3 11473 11900 11899
3 11475 11900 11474
3 11892 11893 11901
3 11901 11893 11902
3 11901 11478 11467
3 11901 11467 11892
3 11896 11895 11903
3 11896 11903 11904
3 11481 11903 11480
3 11903 11897 11480
3 11903 11895 11897
3 11480 11897 11470
3 11905 11483 11484
3 11906 11905 11484
3 11906 11484 11471
3 11907 11906 11471
3 11898 11907 11471
3 11909 11908 11907
3 11898 11909 11907
3 11899 11909 11898
3 11910 11899 11900
3 11909 11899 11910
3 11486 11910 11475
3 11475 11910 11900
3 11901 11902 11911
3 11911 11902 11912
3 11911 11488 11478
3 11911 11478 11901
3 11904 11903 11913
3 11904 11913 11914
3 11490 11913 11481
3 11481 11913 11903
3 11916 11915 11494
3 11494 11915 11493
3 11494 11483 11905
3 11917 11494 11905
3 11916 11494 11917
3 11917 11905 11906
3 11908 11909 11918
3 11908 11918 11919
3 11920 11909 11910
3 11918 11909 11920
3 11496 11920 11486
3 11486 11920 11910
3 11911 11912 11921
3 11921 11912 11922
3 11921 11498 11488
3 11921 11488 11911
3 11925 11924 11923
3 11923 11924 11914
3 11913 11923 11914
3 11926 11923 11913
3 11500 11926 11490
3 11490 11926 11913
3 11928 11927 11504
3 11504 11927 11503
3 11504 11493 11915
3 11504 11915 11928
3 11919 11918 11929
3 11919 11929 11930
3 11931 11918 11920
3 11929 11918 11931
3 11507 11931 11496
3 11496 11931 11920
3 11934 11933 11932
3 11934 11932 11922
3 11922 11932 11921
3 11932 11509 11921
3 11509 11510 11921
3 11921 11510 11498
3 11925 11923 11935
3 11925 11935 11936
3 11513 11935 11512
3 11935 11926 11512
3 11935 11923 11926
3 11512 11926 11500
3 11927 11516 11503
3 11937 11516 11927
3 11930 11929 11938
3 11930 11938 11939
3 11940 11929 11931
3 11938 11929 11940
3 11520 11940 11507
3 11507 11940 11931
3 11932 11933 11941
3 11941 11933 11942
3 11941 11522 11509
3 11941 11509 11932
3 11936 11935 11943
3 11936 11943 11944
3 11524 11943 11513
3 11513 11943 11935
3 11937 11527 11516
3 11945 11527 11937
3 11529 11946 11528
3 11946 11531 11528
3 11939 11938 11947
3 11939 11947 11948
3 11949 11938 11940
3 11947 11938 11949
3 11533 11949 11520
3 11520 11949 11940
3 11941 11942 11950
3 11950 11942 11951
3 11950 11535 11522
3 11950 11522 11941
3 11944 11943 11952
3 11944 11952 11953
3 11537 11952 11524
3 11524 11952 11943
3 11945 11954 11527
3 11527 11954 11539
3 11539 11954 11529
3 11954 11955 11529
3 11955 11946 11529
3 11955 11954 11956
3 11955 11541 11531
3 11955 11531 11946
3 11948 11947 11957
3 11948 11957 11958
3 11544 11957 11543
3 11957 11949 11543
3 11957 11947 11949
3 11543 11949 11533
3 11950 11951 11959
3 11959 11951 11960
3 11959 11547 11535
3 11959 11535 11950
3 11953 11952 11961
3 11953 11961 11962
3 11548 11963 11537
3 11963 11952 11537
3 11963 11961 11952
3 11549 11963 11548
3 11955 11956 11554
3 11956 11553 11554
3 11956 11964 11553
3 11955 11554 11541
3 11958 11957 11965
3 11958 11965 11966
3 11556 11965 11544
3 11544 11965 11957
3 11959 11960 11967
3 11967 11960 11968
3 11967 11559 11547
3 11967 11547 11959
3 11969 11962 11961
3 11971 11970 11969
3 11961 11971 11969
3 11963 11971 11961
3 11560 11972 11549
3 11972 11963 11549
3 11972 11971 11963
3 11561 11972 11560
3 11975 11974 11973
3 11964 11975 11973
3 11564 11964 11973
3 11553 11964 11564
3 11966 11965 11976
3 11966 11976 11977
3 11566 11976 11556
3 11556 11976 11965
3 11967 11968 11978
3 11978 11968 11979
3 11978 11568 11559
3 11978 11559 11967
3 11980 11970 11971
3 11982 11981 11980
3 11971 11982 11980
3 11972 11982 11971
3 11569 11983 11561
3 11983 11972 11561
3 11983 11982 11972
3 11571 11983 11569
3 11986 11985 11984
3 11986 11984 11974
3 11974 11984 11973
3 11984 11573 11973
3 11573 11574 11973
3 11973 11574 11564
3 11977 11976 11987
3 11977 11987 11988
3 11576 11987 11566
3 11566 11987 11976
3 11978 11979 11989
3 11989 11979 11990
3 11989 11578 11568
3 11989 11568 11978
3 11981 11982 11991
3 11981 11991 11992
3 11993 11982 11983
3 11991 11982 11993
3 11580 11993 11571
3 11571 11993 11983
3 11996 11995 11994
3 11996 11994 11985
3 11985 11994 11984
3 11994 11582 11984
3 11582 11583 11984
3 11984 11583 11573
3 11988 11987 11997
3 11988 11997 11998
3 11585 11997 11576
3 11576 11997 11987
3 11989 11990 11999
3 11999 11990 12000
3 11999 11586 11578
3 11999 11578 11989
3 11992 11991 12001
3 11992 12001 12002
3 12003 11991 11993
3 12001 11991 12003
3 11588 12003 11580
3 11580 12003 11993
3 11994 11995 12004
3 12004 11995 12005
3 12004 11590 11582
3 12004 11582 11994
3 12008 12007 12006
3 12006 12007 11998
3 12006 11998 11997
3 11593 12006 11997
3 11592 11593 11997
3 11592 11997 11585
3 12011 12010 12009
3 12011 12009 12000
3 12000 12009 11999
3 12009 11596 11999
3 11596 11597 11999
3 11999 11597 11586
3 12002 12001 12012
3 12002 12012 12013
3 11600 12012 11599
3 12012 12003 11599
3 12012 12001 12003
3 11599 12003 11588
3 12004 12005 11604
3 12005 11603 11604
3 12005 12014 11603
3 12004 11604 11590
3 12008 12006 12015
3 12008 12015 12016
3 11606 12015 11593
3 11593 12015 12006
3 12009 12010 12017
3 12017 12010 12018
3 12017 11608 11596
3 12017 11596 12009
3 12013 12012 12019
3 12013 12019 12020
3 11610 12019 11600
3 11600 12019 12012
3 12014 11612 11603
3 12021 11612 12014
3 12016 12015 12022
3 12016 12022 12023
3 11614 12022 11606
3 11606 12022 12015
3 12017 12018 11617
3 12018 11616 11617
3 12018 12024 11616
3 12017 11617 11608
3 12027 12026 12025
3 12025 12026 12020
3 12025 12020 12019
3 11620 12025 12019
3 11619 11620 12019
3 11619 12019 11610
3 12029 12028 11623
3 11623 12028 11622
3 11623 11612 12021
3 11623 12021 12029
3 12023 12022 12030
3 12023 12030 12031
3 11625 12030 11614
3 11614 12030 12022
3 12033 12032 11627
3 11627 12032 11626
3 11627 11616 12024
3 11627 12024 12033
3 12036 12035 12034
3 12034 12035 12027
3 12034 12027 12025
3 11630 12034 12025
3 11629 11630 12025
3 11629 12025 11620
3 12038 11631 12037
3 11631 12028 12037
3 11631 11622 12028
3 12039 12038 12037
3 12040 12031 12030
3 12040 12030 11625
3 11632 12040 11625
3 12041 12040 11632
3 12042 11632 11633
3 12042 12041 11632
3 11633 11626 12032
3 11633 12032 12042
3 12045 12044 12043
3 12043 12044 12036
3 12043 12036 12034
3 11636 12043 12034
3 11635 11636 12034
3 11635 12034 11630
3 12046 11638 11639
3 11631 12038 11639
3 12038 12046 11639
3 12038 12047 12046
3 12038 12039 12048
3 12038 12048 12047
3 12045 12043 11641
3 11642 12045 11641
3 12049 12045 11642
3 11641 12043 11636
3 12050 11644 12046
3 12046 11644 11638
3 12051 12046 12047
3 12050 12046 12051
3 12047 12048 12052
3 12053 12047 12052
3 12051 12047 12053
3 12054 12053 12052
3 12057 12056 12055
3 12056 12049 12055
3 12049 11645 12055
3 12049 11642 11645
3 12050 11646 11644
3 11646 12050 11647
3 11647 12050 12051
3 11647 12051 11649
3 12051 12058 11649
3 12051 12053 12058
3 12053 12054 12059
3 12053 12059 12058
3 12062 12061 12060
3 12060 12061 12057
3 12060 12057 12055
3 11651 12060 12055
3 11650 11651 12055
3 11650 12055 11645
3 12058 11652 11649
3 11654 11652 12058
3 12059 11654 12058
3 12063 11654 12059
3 12066 12065 12064
3 12064 12065 12062
3 12064 12062 12060
3 11657 12064 12060
3 11656 11657 12060
3 11656 12060 11651
3 12063 12067 11654
3 11654 12067 11658
3 12067 12069 12068
3 11659 12067 12068
3 11658 12067 11659
3 12070 11660 11659
3 12070 11659 12068
3 12070 11662 11660
3 11667 12071 11668
3 11668 12071 12072
3 12073 11668 12072
3 11669 11668 12073
3 12064 11670 12066
3 11670 12073 12066
3 11670 11669 12073
3 11670 12064 11657
3 12069 12074 12068
3 12068 12074 12070
3 12070 12074 12075
3 12070 12075 11662
3 12075 11671 11662
3 12075 12076 11671
3 11671 12077 11672
3 12076 12077 11671
3 11672 12078 11673
3 12077 12078 11672
3 11673 12079 11674
3 12078 12079 11673
3 11674 12080 11675
3 12079 12080 11674
3 11667 11675 12071
3 11675 12081 12071
3 11675 12080 12081
3 12071 12081 12072
3 12084 12083 12082
3 12082 11677 12084
3 11677 11678 12084
3 12086 12085 12084
3 12086 12084 11678
3 11680 12086 11678
3 12088 12087 11684
3 11684 12087 11683
3 11685 12082 12083
3 12088 11685 12083
3 11684 11685 12088
3 12086 12089 12085
3 11677 12082 11685
3 12089 12086 11680
3 11686 12089 11680
3 12090 12089 11686
3 12092 12090 12091
3 12090 11687 12091
3 12090 11686 11687
3 11688 12091 11687
3 12094 12093 11690
3 11690 12093 11689
3 11690 11683 12087
3 11690 12087 12094
3 12097 12096 12095
3 11692 11693 12095
3 12096 11692 12095
3 12098 11692 12096
3 12091 11694 12092
3 11694 12098 12092
3 11694 11692 12098
3 11694 12091 11688
3 12100 12099 11699
3 11699 12099 11698
3 11699 11689 12093
3 11699 12093 12100
3 12103 12102 12101
3 11701 11702 12101
3 12102 11701 12101
3 12104 11701 12102
3 12095 11704 12097
3 11704 12104 12097
3 11704 11701 12104
3 11704 12095 11693
3 12105 11707 11708
3 12106 12105 11708
3 11698 12106 11708
3 12099 12106 11698
3 12109 12108 12107
3 12107 12108 12103
3 12107 12103 12101
3 11710 12107 12101
3 11709 11710 12101
3 11709 12101 11702
3 12110 11713 12105
3 12105 11713 11707
3 12105 12106 12111
3 12112 12105 12111
3 12110 12105 12112
3 12112 12111 12109
3 12112 12109 12107
3 11715 12112 12107
3 11714 11715 12107
3 11714 12107 11710
3 12110 11719 11713
3 11719 12110 11721
3 11721 12110 12112
3 11721 12112 11715
3 12113 11724 11725
3 11727 12113 11725
3 12113 11731 11724
3 11731 12113 11727
3 12116 12115 12114
3 12114 12117 12116
3 12120 12119 12118
3 11737 11738 12118
3 11738 12120 12118
3 11738 12121 12120
3 11739 12114 12115
3 12121 11739 12115
3 11738 11739 12121
3 11739 11741 12114
3 11741 12117 12114
3 11741 12122 12117
3 12125 12124 12123
3 12125 12123 12119
3 12119 12123 12118
3 12123 11744 12118
3 11744 11745 12118
3 12118 11745 11737
3 11746 12122 11741
3 11746 12126 12122
3 12129 12128 12127
3 12129 12127 12124
3 12124 12127 12123
3 12127 11750 12123
3 11750 11751 12123
3 12123 11751 11744
3 12132 12131 12130
3 11753 11754 12130
3 12131 11753 12130
3 12133 11753 12131
3 11746 11753 12126
3 12126 11753 12133
3 12136 12135 12134
3 12136 12134 12128
3 12128 12134 12127
3 12134 11756 12127
3 11756 11757 12127
3 12127 11757 11750
3 12139 12138 12137
3 12137 12138 12132
3 12137 12132 12130
3 11760 12137 12130
3 11759 11760 12130
3 11759 12130 11754
3 12142 12141 12140
3 12142 12140 12135
3 12135 12140 12134
3 12140 11763 12134
3 11763 11764 12134
3 12134 11764 11756
3 12145 12144 12143
3 12143 12144 12139
3 12143 12139 12137
3 11767 12143 12137
3 11766 11767 12137
3 11766 12137 11760
3 12148 12147 12146
3 12148 12146 12141
3 12141 12146 12140
3 12146 11769 12140
3 11769 11770 12140
3 12140 11770 11763
3 12151 12150 12149
3 12149 12150 12145
3 12143 12149 12145
3 12152 12149 12143
3 11772 12152 11767
3 11767 12152 12143
3 12155 12154 12153
3 12155 12153 12147
3 12147 12153 12146
3 12153 11774 12146
3 11774 11775 12146
3 12146 11775 11769
3 12158 12157 12156
3 12156 12157 12151
3 12156 12151 12149
3 11778 12156 12149
3 11777 11778 12149
3 11777 12149 11780
3 11780 12149 12152
3 11780 12152 11772
3 12161 12160 12159
3 12161 12159 12154
3 12154 12159 12153
3 12159 11782 12153
3 11782 11783 12153
3 12153 11783 11774
3 12164 12163 12162
3 12162 12163 12158
3 12162 12158 12156
3 11786 12162 12156
3 11785 11786 12156
3 11785 12156 11778
3 12167 12166 12165
3 12167 12165 12160
3 12160 12165 12159
3 12165 11789 12159
3 11789 11790 12159
3 12159 11790 11782
3 12170 12169 12168
3 12168 12169 12164
3 12168 12164 12162
3 11793 12168 12162
3 11792 11793 12162
3 11792 12162 11786
3 12173 12172 12171
3 12173 12171 12166
3 12166 12171 12165
3 12171 11796 12165
3 11796 11797 12165
3 12165 11797 11789
3 12176 12175 12174
3 12174 12175 12170
3 12174 12170 12168
3 11800 12174 12168
3 11799 11800 12168
3 11799 12168 11793
3 12178 12177 11804
3 11804 12177 11803
3 11805 12171 12172
3 12178 11805 12172
3 11804 11805 12178
3 12171 11805 11796
3 12181 12180 12179
3 12179 12180 12176
3 12179 12176 12174
3 11809 12179 12174
3 11808 11809 12174
3 11808 12174 11800
3 12184 12183 12182
3 12177 12184 12182
3 11812 12177 12182
3 11803 12177 11812
3 12181 12179 11814
3 11815 12181 11814
3 12185 12181 11815
3 11814 12179 11809
3 12188 12187 12186
3 12188 12186 12183
3 12183 12186 12182
3 12186 11818 12182
3 11818 11819 12182
3 12182 11819 11812
3 12191 12190 12189
3 12190 12185 12189
3 12185 11821 12189
3 12185 11815 11821
3 12186 12187 11824
3 12187 11823 11824
3 12187 12192 11823
3 12186 11824 11818
3 12195 12194 12193
3 12193 12194 12191
3 12193 12191 12189
3 11827 12193 12189
3 11826 11827 12189
3 11826 12189 11821
3 12197 12196 11830
3 11830 12196 11829
3 11830 11823 12192
3 11830 12192 12197
3 12200 12199 12198
3 12198 12199 12195
3 12198 12195 12193
3 11833 12198 12193
3 11832 11833 12193
3 11832 12193 11827
3 12202 12201 11837
3 11837 12201 11836
3 11837 11829 12196
3 11837 12196 12202
3 12200 12198 12203
3 12200 12203 12204
3 11839 12203 11833
3 11833 12203 12198
3 12207 12206 12205
3 12201 12207 12205
3 11841 12201 12205
3 11836 12201 11841
3 12210 12209 12208
3 12208 12209 12204
3 12208 12204 12203
3 11844 12208 12203
3 11843 11844 12203
3 11843 12203 11839
3 12205 12206 11847
3 12206 11846 11847
3 12206 12211 11846
3 12205 11847 11841
3 12214 12213 12212
3 12212 12213 12210
3 12212 12210 12208
3 11850 12212 12208
3 11849 11850 12208
3 11849 12208 11844
3 12216 12215 11854
3 11854 12215 11853
3 11854 11846 12211
3 11854 12211 12216
3 12219 12218 12217
3 12217 12218 12214
3 12217 12214 12212
3 11857 12217 12212
3 11856 11857 12212
3 11856 12212 11850
3 12222 12221 12220
3 12215 12222 12220
3 11859 12215 12220
3 11853 12215 11859
3 12225 12224 12223
3 12223 12224 12219
3 12217 12223 12219
3 12226 12223 12217
3 11861 12226 11857
3 11857 12226 12217
3 12220 12221 11864
3 12221 11863 11864
3 12221 12227 11863
3 12220 11864 11859
3 12225 12223 12228
3 12225 12228 12229
3 11867 12228 11866
3 12228 12226 11866
3 12228 12223 12226
3 11866 12226 11861
3 12231 12230 11871
3 11871 12230 11870
3 11871 11863 12227
3 11871 12227 12231
3 12234 12233 12232
3 12232 12233 12229
3 12228 12232 12229
3 12235 12232 12228
3 11873 12235 11867
3 11867 12235 12228
3 12238 12237 12236
3 12230 12238 12236
3 11875 12230 12236
3 11870 12230 11875
3 12234 12232 12239
3 12234 12239 12240
3 11878 12239 11877
3 12239 12235 11877
3 12239 12232 12235
3 11877 12235 11873
3 12236 12237 11882
3 12237 11881 11882
3 12237 12241 11881
3 12236 11882 11875
3 12244 12243 12242
3 12242 12243 12240
3 12239 12242 12240
3 12245 12242 12239
3 11884 12245 11878
3 11878 12245 12239
3 12248 12247 12246
3 12241 12248 12246
3 11887 12241 12246
3 11881 12241 11887
3 12244 12242 12249
3 12244 12249 12250
3 11890 12249 11889
3 12249 12245 11889
3 12249 12242 12245
3 11889 12245 11884
3 12246 12247 11894
3 12247 11893 11894
3 12247 12251 11893
3 12246 11894 11887
3 12250 12249 12252
3 12250 12252 12253
3 11896 12252 11890
3 11890 12252 12249
3 12256 12255 12254
3 12251 12256 12254
3 11902 12251 12254
3 11893 12251 11902
3 12253 12252 12257
3 12253 12257 12258
3 11904 12257 11896
3 11896 12257 12252
3 12259 11906 11907
3 11908 12259 11907
3 12254 12255 12260
3 12260 12255 12261
3 12260 11912 11902
3 12260 11902 12254
3 12258 12257 12262
3 12258 12262 12263
3 11914 12262 11904
3 11904 12262 12257
3 12264 11915 11916
3 11917 12265 11916
3 11916 12265 12264
3 11906 12259 11917
3 12259 12265 11917
3 12259 12266 12265
3 11919 12266 11908
3 11908 12266 12259
3 12260 12261 12267
3 12267 12261 12268
3 12267 11922 11912
3 12267 11912 12260
3 12271 12270 12269
3 12269 12270 12263
3 12269 12263 12262
3 11925 12269 12262
3 11924 11925 12262
3 11924 12262 11914
3 12272 11927 11928
3 12273 12272 11928
3 12273 11928 11915
3 12274 12273 11915
3 12264 12274 11915
3 12276 12275 12274
3 12264 12276 12274
3 12265 12276 12264
3 12277 12265 12266
3 12276 12265 12277
3 11930 12277 11919
3 11919 12277 12266
3 12267 12268 11934
3 12268 11933 11934
3 12268 12278 11933
3 12267 11934 11922
3 12271 12269 12279
3 12271 12279 12280
3 11936 12279 11925
3 11925 12279 12269
3 12283 12282 12281
3 12284 12283 12272
3 12283 11937 12272
3 11937 11927 12272
3 12283 12281 11937
3 12284 12272 12273
3 12285 12275 12276
3 12287 12286 12285
3 12276 12287 12285
3 12277 12287 12276
3 11939 12287 11930
3 11930 12287 12277
3 12278 11942 11933
3 12288 11942 12278
3 12280 12279 12289
3 12280 12289 12290
3 11944 12289 11936
3 11936 12289 12279
3 12281 12282 12291
3 12291 12282 12292
3 12291 11945 11937
3 12291 11937 12281
3 12286 12287 12293
3 12286 12293 12294
3 11948 12293 11939
3 11939 12293 12287
3 12297 12296 12295
3 12288 12297 12295
3 11951 12288 12295
3 11942 12288 11951
3 12290 12289 12298
3 12290 12298 12299
3 11953 12298 11944
3 11944 12298 12289
3 12291 12292 12300
3 12300 12292 12301
3 12302 11954 11945
3 12291 12302 11945
3 12300 12302 12291
3 12302 11956 11954
3 12294 12293 12303
3 12294 12303 12304
3 11958 12303 11948
3 11948 12303 12293
3 12295 12296 12305
3 12305 12296 12306
3 12305 11960 11951
3 12305 11951 12295
3 12299 12298 12307
3 12299 12307 12308
3 11962 12307 11953
3 11953 12307 12298
3 12311 12310 12309
3 12311 12309 12301
3 12309 12300 12301
3 12309 12312 12300
3 12300 12313 12302
3 12300 12312 12313
3 12313 11964 11956
3 12313 11956 12302
3 12304 12303 12314
3 12304 12314 12315
3 11966 12314 11958
3 11958 12314 12303
3 12305 12306 12316
3 12316 12306 12317
3 12316 11968 11960
3 12316 11960 12305
3 12318 12308 12307
3 12320 12318 12319
3 12319 12318 11969
3 12318 12307 11969
3 12307 11962 11969
3 11970 12319 11969
3 12310 12321 12309
3 12323 12322 12321
3 12322 12309 12321
3 12322 12312 12309
3 12322 11974 11975
3 12313 12322 11975
3 12312 12322 12313
3 12313 11975 11964
3 12315 12314 12324
3 12315 12324 12325
3 11977 12324 11966
3 11966 12324 12314
3 12316 12317 12326
3 12326 12317 12327
3 12326 11979 11968
3 12326 11968 12316
3 12328 12320 12319
3 12330 12328 12329
3 12329 12328 11980
3 12328 12319 11980
3 12319 11970 11980
3 11981 12329 11980
3 12333 12332 12331
3 12333 12331 12323
3 12323 12331 12322
3 12331 11985 12322
3 11985 11986 12322
3 12322 11986 11974
3 12325 12324 12334
3 12325 12334 12335
3 11988 12334 11977
3 11977 12334 12324
3 12326 12327 12336
3 12336 12327 12337
3 12336 11990 11979
3 12336 11979 12326
3 12330 12329 12338
3 12330 12338 12339
3 11992 12338 11981
3 11981 12338 12329
3 12342 12341 12340
3 12342 12340 12332
3 12332 12340 12331
3 12340 11995 12331
3 11995 11996 12331
3 12331 11996 11985
3 12345 12344 12343
3 12343 12344 12335
3 12334 12343 12335
3 12346 12343 12334
3 11998 12346 11988
3 11988 12346 12334
3 12336 12337 12347
3 12347 12337 12348
3 12347 12000 11990
3 12347 11990 12336
3 12339 12338 12349
3 12339 12349 12350
3 12002 12349 11992
3 11992 12349 12338
3 12340 12341 12351
3 12351 12341 12352
3 12351 12005 11995
3 12351 11995 12340
3 12345 12343 12353
3 12345 12353 12354
3 12008 12353 12007
3 12353 12346 12007
3 12353 12343 12346
3 12007 12346 11998
3 12357 12356 12355
3 12357 12355 12348
3 12348 12355 12347
3 12355 12010 12347
3 12010 12011 12347
3 12347 12011 12000
3 12350 12349 12358
3 12350 12358 12359
3 12013 12358 12002
3 12002 12358 12349
3 12351 12352 12360
3 12360 12352 12361
3 12360 12014 12005
3 12360 12005 12351
3 12354 12353 12362
3 12354 12362 12363
3 12016 12362 12008
3 12008 12362 12353
3 12355 12356 12364
3 12364 12356 12365
3 12364 12018 12010
3 12364 12010 12355
3 12359 12358 12366
3 12359 12366 12367
3 12020 12366 12013
3 12013 12366 12358
3 12360 12361 12368
3 12368 12361 12369
3 12368 12021 12014
3 12368 12014 12360
3 12363 12362 12370
3 12363 12370 12371
3 12023 12370 12016
3 12016 12370 12362
3 12364 12365 12372
3 12372 12365 12373
3 12372 12024 12018
3 12372 12018 12364
3 12376 12375 12374
3 12374 12375 12367
3 12374 12367 12366
3 12027 12374 12366
3 12026 12027 12366
3 12026 12366 12020
3 12378 12377 12369
3 12377 12028 12369
3 12029 12368 12369
3 12029 12369 12028
3 12029 12021 12368
3 12377 12378 12379
3 12371 12370 12380
3 12371 12380 12381
3 12031 12380 12023
3 12023 12380 12370
3 12384 12383 12382
3 12384 12382 12373
3 12373 12382 12372
3 12382 12032 12372
3 12032 12033 12372
3 12372 12033 12024
3 12387 12386 12385
3 12385 12386 12376
3 12385 12376 12374
3 12036 12385 12374
3 12035 12036 12374
3 12035 12374 12027
3 12377 12037 12028
3 12039 12037 12377
3 12379 12039 12377
3 12388 12039 12379
3 12381 12380 12389
3 12381 12389 12390
3 12389 12380 12031
3 12391 12389 12031
3 12040 12391 12031
3 12392 12389 12391
3 12393 12040 12041
3 12393 12391 12040
3 12042 12382 12383
3 12393 12042 12383
3 12041 12042 12393
3 12382 12042 12032
3 12387 12385 12044
3 12045 12387 12044
3 12394 12387 12045
3 12044 12385 12036
3 12396 12048 12395
3 12048 12388 12395
3 12048 12039 12388
3 12398 12397 12396
3 12398 12396 12395
3 12399 12397 12398
3 12400 12390 12389
3 12400 12389 12392
3 12403 12402 12401
3 12402 12394 12401
3 12394 12049 12401
3 12394 12045 12049
3 12396 12052 12048
3 12052 12396 12054
3 12396 12404 12054
3 12396 12397 12404
3 12397 12399 12405
3 12406 12397 12405
3 12404 12397 12406
3 12407 12406 12405
3 12410 12409 12408
3 12408 12409 12403
3 12408 12403 12401
3 12057 12408 12401
3 12056 12057 12401
3 12056 12401 12049
3 12411 12059 12404
3 12404 12059 12054
3 12412 12404 12406
3 12411 12404 12412
3 12406 12407 12413
3 12414 12406 12413
3 12412 12406 12414
3 12415 12414 12413
3 12410 12408 12061
3 12062 12410 12061
3 12416 12410 12062
3 12061 12408 12057
3 12417 12063 12411
3 12411 12063 12059
3 12418 12411 12412
3 12417 12411 12418
3 12419 12412 12414
3 12418 12412 12419
3 12414 12415 12420
3 12414 12420 12419
3 12422 12421 12065
3 12422 12065 12066
3 12062 12065 12416
3 12416 12065 12421
3 12417 12067 12063
3 12067 12417 12069
3 12417 12423 12069
3 12417 12418 12423
3 12424 12418 12419
3 12423 12418 12424
3 12419 12420 12425
3 12419 12425 12424
3 12428 12427 12426
3 12073 12072 12426
3 12427 12073 12426
3 12429 12073 12427
3 12066 12073 12422
3 12422 12073 12429
3 12423 12074 12069
3 12074 12423 12075
3 12075 12423 12424
3 12425 12430 12424
3 12430 12075 12424
3 12430 12076 12075
3 12076 12431 12077
3 12430 12431 12076
3 12077 12432 12078
3 12431 12432 12077
3 12078 12433 12079
3 12432 12433 12078
3 12079 12434 12080
3 12433 12434 12079
3 12426 12081 12428
3 12081 12434 12428
3 12081 12080 12434
3 12081 12426 12072
3 12436 12435 12084
3 12084 12435 12083
3 12084 12085 12436
3 12436 12085 12437
3 12439 12438 12088
3 12088 12438 12087
3 12088 12083 12435
3 12088 12435 12439
3 12440 12437 12085
3 12440 12085 12089
3 12442 12440 12441
3 12440 12090 12441
3 12440 12089 12090
3 12092 12441 12090
3 12444 12443 12094
3 12094 12443 12093
3 12094 12087 12438
3 12094 12438 12444
3 12446 12445 12096
3 12446 12096 12097
3 12441 12098 12442
3 12098 12445 12442
3 12098 12096 12445
3 12098 12441 12092
3 12447 12099 12100
3 12448 12447 12100
3 12093 12448 12100
3 12443 12448 12093
3 12450 12449 12102
3 12450 12102 12103
3 12102 12451 12104
3 12449 12451 12102
3 12097 12104 12446
3 12446 12104 12451
3 12452 12106 12447
3 12447 12106 12099
3 12453 12108 12109
3 12447 12453 12109
3 12452 12447 12109
3 12453 12447 12448
3 12103 12108 12450
3 12450 12108 12453
3 12452 12111 12106
3 12111 12452 12109
3 12456 12455 12454
3 12454 12457 12456
3 12459 12458 12455
3 12458 12115 12455
3 12116 12454 12455
3 12116 12455 12115
3 12458 12459 12117
3 12459 12457 12117
3 12454 12116 12117
3 12454 12117 12457
3 12462 12461 12460
3 12119 12120 12460
3 12120 12462 12460
3 12120 12463 12462
3 12464 12120 12121
3 12464 12463 12120
3 12121 12115 12458
3 12465 12121 12458
3 12464 12121 12465
3 12458 12117 12465
3 12117 12466 12465
3 12117 12122 12466
3 12469 12468 12467
3 12469 12467 12461
3 12461 12467 12460
3 12467 12124 12460
3 12124 12125 12460
3 12460 12125 12119
3 12472 12471 12470
3 12471 12466 12470
3 12466 12126 12470
3 12466 12122 12126
3 12475 12474 12473
3 12475 12473 12468
3 12468 12473 12467
3 12473 12128 12467
3 12128 12129 12467
3 12467 12129 12124
3 12478 12477 12476
3 12131 12132 12476
3 12477 12131 12476
3 12479 12131 12477
3 12470 12133 12472
3 12133 12479 12472
3 12133 12131 12479
3 12133 12470 12126
3 12482 12481 12480
3 12482 12480 12474
3 12474 12480 12473
3 12480 12135 12473
3 12135 12136 12473
3 12473 12136 12128
3 12485 12484 12483
3 12483 12484 12478
3 12483 12478 12476
3 12139 12483 12476
3 12138 12139 12476
3 12138 12476 12132
3 12488 12487 12486
3 12488 12486 12481
3 12481 12486 12480
3 12486 12141 12480
3 12141 12142 12480
3 12480 12142 12135
3 12491 12490 12489
3 12489 12490 12485
3 12489 12485 12483
3 12145 12489 12483
3 12144 12145 12483
3 12144 12483 12139
3 12494 12493 12492
3 12494 12492 12487
3 12487 12492 12486
3 12492 12147 12486
3 12147 12148 12486
3 12486 12148 12141
3 12497 12496 12495
3 12495 12496 12491
3 12495 12491 12489
3 12151 12495 12489
3 12150 12151 12489
3 12150 12489 12145
3 12500 12499 12498
3 12500 12498 12493
3 12493 12498 12492
3 12498 12154 12492
3 12154 12155 12492
3 12492 12155 12147
3 12503 12502 12501
3 12501 12502 12497
3 12501 12497 12495
3 12158 12501 12495
3 12157 12158 12495
3 12157 12495 12151
3 12498 12499 12161
3 12499 12160 12161
3 12499 12504 12160
3 12498 12161 12154
3 12507 12506 12505
3 12505 12506 12503
3 12505 12503 12501
3 12164 12505 12501
3 12163 12164 12501
3 12163 12501 12158
3 12509 12508 12167
3 12167 12508 12166
3 12167 12160 12504
3 12167 12504 12509
3 12512 12511 12510
3 12510 12511 12507
3 12510 12507 12505
3 12170 12510 12505
3 12169 12170 12505
3 12169 12505 12164
3 12514 12513 12173
3 12173 12513 12172
3 12173 12166 12508
3 12173 12508 12514
3 12517 12516 12515
3 12515 12516 12512
3 12515 12512 12510
3 12176 12515 12510
3 12175 12176 12510
3 12175 12510 12170
3 12519 12518 12178
3 12178 12518 12177
3 12178 12172 12513
3 12178 12513 12519
3 12517 12515 12180
3 12181 12517 12180
3 12520 12517 12181
3 12180 12515 12176
3 12522 12521 12184
3 12184 12521 12183
3 12184 12177 12518
3 12184 12518 12522
3 12525 12524 12523
3 12524 12520 12523
3 12520 12185 12523
3 12520 12181 12185
3 12527 12526 12188
3 12188 12526 12187
3 12188 12183 12521
3 12188 12521 12527
3 12530 12529 12528
3 12528 12529 12525
3 12528 12525 12523
3 12191 12528 12523
3 12190 12191 12523
3 12190 12523 12185
3 12526 12192 12187
3 12531 12192 12526
3 12534 12533 12532
3 12532 12533 12530
3 12532 12530 12528
3 12195 12532 12528
3 12194 12195 12528
3 12194 12528 12191
3 12536 12535 12197
3 12197 12535 12196
3 12197 12192 12531
3 12197 12531 12536
3 12534 12532 12199
3 12200 12534 12199
3 12537 12534 12200
3 12199 12532 12195
3 12539 12538 12202
3 12202 12538 12201
3 12202 12196 12535
3 12202 12535 12539
3 12542 12541 12540
3 12541 12537 12540
3 12537 12204 12540
3 12537 12200 12204
3 12544 12543 12207
3 12207 12543 12206
3 12207 12201 12538
3 12207 12538 12544
3 12547 12546 12545
3 12545 12546 12542
3 12545 12542 12540
3 12210 12545 12540
3 12209 12210 12540
3 12209 12540 12204
3 12550 12549 12548
3 12543 12550 12548
3 12211 12543 12548
3 12206 12543 12211
3 12553 12552 12551
3 12551 12552 12547
3 12551 12547 12545
3 12214 12551 12545
3 12213 12214 12545
3 12213 12545 12210
3 12548 12549 12216
3 12549 12215 12216
3 12549 12554 12215
3 12548 12216 12211
3 12557 12556 12555
3 12555 12556 12553
3 12555 12553 12551
3 12219 12555 12551
3 12218 12219 12551
3 12218 12551 12214
3 12559 12558 12222
3 12222 12558 12221
3 12222 12215 12554
3 12222 12554 12559
3 12557 12555 12224
3 12225 12557 12224
3 12560 12557 12225
3 12224 12555 12219
3 12563 12562 12561
3 12558 12563 12561
3 12227 12558 12561
3 12221 12558 12227
3 12566 12565 12564
3 12565 12560 12564
3 12560 12229 12564
3 12560 12225 12229
3 12561 12562 12231
3 12562 12230 12231
3 12562 12567 12230
3 12561 12231 12227
3 12566 12564 12233
3 12234 12566 12233
3 12568 12566 12234
3 12233 12564 12229
3 12570 12569 12238
3 12238 12569 12237
3 12238 12230 12567
3 12238 12567 12570
3 12573 12572 12571
3 12572 12568 12571
3 12568 12240 12571
3 12568 12234 12240
3 12576 12575 12574
3 12569 12576 12574
3 12241 12569 12574
3 12237 12569 12241
3 12579 12578 12577
3 12577 12578 12573
3 12577 12573 12571
3 12244 12577 12571
3 12243 12244 12571
3 12243 12571 12240
3 12574 12575 12248
3 12575 12247 12248
3 12575 12580 12247
3 12574 12248 12241
3 12579 12577 12581
3 12579 12581 12582
3 12250 12581 12244
3 12244 12581 12577
3 12585 12584 12583
3 12580 12585 12583
3 12251 12580 12583
3 12247 12580 12251
3 12582 12581 12586
3 12582 12586 12587
3 12253 12586 12250
3 12250 12586 12581
3 12583 12584 12256
3 12584 12255 12256
3 12584 12588 12255
3 12583 12256 12251
3 12587 12586 12589
3 12587 12589 12590
3 12258 12589 12253
3 12253 12589 12586
3 12588 12261 12255
3 12591 12261 12588
3 12590 12589 12592
3 12590 12592 12593
3 12263 12592 12258
3 12258 12592 12589
3 12596 12595 12594
3 12591 12596 12594
3 12268 12591 12594
3 12261 12591 12268
3 12593 12592 12270
3 12271 12593 12270
3 12597 12593 12271
3 12270 12592 12263
3 12598 12273 12274
3 12275 12598 12274
3 12594 12595 12599
3 12599 12595 12600
3 12599 12278 12268
3 12599 12268 12594
3 12280 12597 12271
3 12280 12601 12597
3 12602 12282 12283
3 12284 12603 12283
3 12283 12603 12602
3 12273 12598 12284
3 12598 12603 12284
3 12598 12604 12603
3 12285 12605 12275
3 12605 12598 12275
3 12605 12604 12598
3 12286 12605 12285
3 12599 12600 12606
3 12606 12600 12607
3 12606 12288 12278
3 12606 12278 12599
3 12610 12609 12608
3 12609 12601 12608
3 12601 12290 12608
3 12601 12280 12290
3 12612 12611 12602
3 12611 12282 12602
3 12611 12292 12282
3 12612 12602 12603
3 12612 12603 12613
3 12615 12614 12613
3 12603 12615 12613
3 12604 12615 12603
3 12616 12604 12605
3 12615 12604 12616
3 12294 12616 12286
3 12286 12616 12605
3 12606 12607 12297
3 12607 12296 12297
3 12607 12617 12296
3 12606 12297 12288
3 12610 12608 12618
3 12610 12618 12619
3 12299 12618 12290
3 12290 12618 12608
3 12622 12621 12620
3 12611 12622 12620
3 12301 12611 12620
3 12292 12611 12301
3 12623 12614 12615
3 12625 12624 12623
3 12615 12625 12623
3 12616 12625 12615
3 12304 12625 12294
3 12294 12625 12616
3 12617 12306 12296
3 12626 12306 12617
3 12619 12618 12627
3 12619 12627 12628
3 12308 12627 12299
3 12299 12627 12618
3 12620 12621 12311
3 12621 12310 12311
3 12621 12629 12310
3 12620 12311 12301
3 12624 12625 12630
3 12624 12630 12631
3 12315 12630 12304
3 12304 12630 12625
3 12634 12633 12632
3 12626 12634 12632
3 12317 12626 12632
3 12306 12626 12317
3 12628 12627 12635
3 12628 12635 12636
3 12318 12637 12308
3 12637 12627 12308
3 12637 12635 12627
3 12320 12637 12318
3 12321 12310 12638
3 12310 12639 12638
3 12310 12629 12639
3 12638 12323 12321
3 12631 12630 12640
3 12631 12640 12641
3 12325 12640 12315
3 12315 12640 12630
3 12632 12633 12642
3 12642 12633 12643
3 12642 12327 12317
3 12642 12317 12632
3 12644 12636 12635
3 12646 12645 12644
3 12635 12646 12644
3 12637 12646 12635
3 12328 12647 12320
3 12647 12637 12320
3 12647 12646 12637
3 12330 12647 12328
3 12638 12639 12333
3 12639 12332 12333
3 12639 12648 12332
3 12638 12333 12323
3 12651 12650 12649
3 12649 12650 12641
3 12640 12649 12641
3 12652 12649 12640
3 12335 12652 12325
3 12325 12652 12640
3 12642 12643 12653
3 12653 12643 12654
3 12653 12337 12327
3 12653 12327 12642
3 12655 12645 12646
3 12657 12656 12655
3 12646 12657 12655
3 12647 12657 12646
3 12339 12657 12330
3 12330 12657 12647
3 12659 12658 12342
3 12342 12658 12341
3 12342 12332 12648
3 12342 12648 12659
3 12651 12649 12660
3 12651 12660 12661
3 12345 12660 12344
3 12660 12652 12344
3 12660 12649 12652
3 12344 12652 12335
3 12664 12663 12662
3 12664 12662 12654
3 12662 12653 12654
3 12662 12665 12653
3 12665 12348 12337
3 12665 12337 12653
3 12656 12657 12666
3 12656 12666 12667
3 12350 12666 12339
3 12339 12666 12657
3 12658 12352 12341
3 12668 12352 12658
3 12661 12660 12669
3 12661 12669 12670
3 12354 12669 12345
3 12345 12669 12660
3 12662 12663 12671
3 12671 12663 12672
3 12671 12356 12357
3 12665 12671 12357
3 12662 12671 12665
3 12665 12357 12348
3 12667 12666 12673
3 12667 12673 12674
3 12359 12673 12350
3 12350 12673 12666
3 12668 12361 12352
3 12675 12361 12668
3 12670 12669 12676
3 12670 12676 12677
3 12363 12676 12354
3 12354 12676 12669
3 12671 12672 12678
3 12678 12672 12679
3 12678 12365 12356
3 12678 12356 12671
3 12674 12673 12680
3 12674 12680 12681
3 12367 12680 12359
3 12359 12680 12673
3 12683 12369 12682
3 12369 12675 12682
3 12369 12361 12675
3 12684 12683 12682
3 12677 12676 12685
3 12677 12685 12686
3 12371 12685 12363
3 12363 12685 12676
3 12678 12679 12687
3 12687 12679 12688
3 12687 12373 12365
3 12687 12365 12678
3 12691 12690 12689
3 12689 12690 12681
3 12689 12681 12680
3 12376 12689 12680
3 12375 12376 12680
3 12375 12680 12367
3 12683 12378 12369
3 12693 12692 12379
3 12693 12379 12378
3 12684 12693 12378
3 12683 12684 12378
3 12694 12692 12693
3 12686 12685 12695
3 12686 12695 12696
3 12381 12695 12371
3 12371 12695 12685
3 12699 12698 12697
3 12699 12697 12688
3 12688 12697 12687
3 12697 12383 12687
3 12383 12384 12687
3 12687 12384 12373
3 12691 12689 12386
3 12387 12691 12386
3 12700 12691 12387
3 12386 12689 12376
3 12701 12388 12692
3 12692 12388 12379
3 12692 12694 12702
3 12703 12692 12702
3 12701 12692 12703
3 12705 12704 12703
3 12705 12703 12702
3 12696 12695 12706
3 12705 12707 12704
3 12695 12381 12706
3 12381 12708 12706
3 12381 12390 12708
3 12710 12709 12391
3 12391 12709 12392
3 12393 12697 12698
3 12710 12393 12698
3 12391 12393 12710
3 12697 12393 12383
3 12713 12712 12711
3 12712 12700 12711
3 12700 12394 12711
3 12700 12387 12394
3 12701 12395 12388
3 12395 12701 12398
3 12398 12701 12703
3 12398 12703 12399
3 12703 12714 12399
3 12703 12704 12714
3 12704 12707 12715
3 12716 12704 12715
3 12714 12704 12716
3 12717 12716 12400
3 12716 12708 12400
3 12708 12390 12400
3 12708 12716 12715
3 12718 12717 12400
3 12392 12718 12400
3 12709 12718 12392
3 12721 12720 12719
3 12719 12720 12713
3 12719 12713 12711
3 12403 12719 12711
3 12402 12403 12711
3 12402 12711 12394
3 12714 12405 12399
3 12405 12714 12407
3 12714 12722 12407
3 12714 12716 12722
3 12723 12716 12717
3 12722 12716 12723
3 12717 12718 12724
3 12725 12717 12724
3 12723 12717 12725
3 12726 12725 12724
3 12721 12719 12409
3 12410 12721 12409
3 12727 12721 12410
3 12409 12719 12403
3 12722 12413 12407
3 12413 12722 12415
3 12722 12728 12415
3 12722 12723 12728
3 12729 12723 12725
3 12728 12723 12729
3 12725 12726 12730
3 12725 12730 12729
3 12733 12732 12731
3 12732 12727 12731
3 12727 12416 12731
3 12727 12410 12416
3 12734 12420 12728
3 12728 12420 12415
3 12735 12728 12729
3 12734 12728 12735
3 12729 12730 12736
3 12729 12736 12735
3 12739 12738 12737
3 12737 12738 12733
3 12737 12733 12731
3 12422 12737 12731
3 12421 12422 12731
3 12421 12731 12416
3 12740 12425 12734
3 12734 12425 12420
3 12741 12734 12735
3 12740 12734 12741
3 12735 12736 12742
3 12735 12742 12741
3 12745 12744 12743
3 12427 12428 12743
3 12744 12427 12743
3 12746 12427 12744
3 12737 12429 12739
3 12429 12746 12739
3 12429 12427 12746
3 12429 12737 12422
3 12740 12430 12425
3 12430 12747 12431
3 12747 12430 12748
3 12740 12748 12430
3 12748 12740 12749
3 12741 12749 12740
3 12741 12742 12749
3 12751 12747 12750
3 12747 12751 12431
3 12432 12431 12751
3 12432 12752 12433
3 12751 12752 12432
3 12743 12434 12745
3 12434 12752 12745
3 12434 12433 12752
3 12434 12743 12428
3 12748 12753 12747
3 12747 12753 12750
3 12755 12754 12436
3 12436 12754 12435
3 12436 12437 12755
3 12755 12437 12756
3 12758 12757 12439
3 12439 12757 12438
3 12439 12435 12754
3 12439 12754 12758
3 12437 12440 12759
3 12760 12437 12759
3 12756 12437 12760
3 12442 12759 12440
3 12761 12443 12444
3 12762 12761 12444
3 12438 12762 12444
3 12757 12762 12438
3 12765 12764 12763
3 12763 12764 12760
3 12763 12760 12759
3 12446 12763 12759
3 12445 12446 12759
3 12445 12759 12442
3 12766 12448 12761
3 12761 12448 12443
3 12767 12449 12450
3 12761 12767 12450
3 12766 12761 12450
3 12767 12761 12762
3 12763 12451 12765
3 12451 12767 12765
3 12451 12449 12767
3 12451 12763 12446
3 12766 12453 12448
3 12453 12766 12450
3 12768 12455 12456
3 12457 12768 12456
3 12768 12459 12455
3 12459 12768 12457
3 12769 12461 12462
3 12463 12770 12462
3 12462 12770 12769
3 12464 12771 12463
3 12463 12771 12770
3 12465 12772 12464
3 12464 12772 12771
3 12466 12772 12465
3 12773 12468 12469
3 12461 12769 12469
3 12769 12773 12469
3 12769 12774 12773
3 12775 12769 12770
3 12774 12769 12775
3 12776 12770 12771
3 12775 12770 12776
3 12472 12776 12471
3 12776 12772 12471
3 12776 12771 12772
3 12471 12772 12466
3 12777 12474 12475
3 12468 12773 12475
3 12773 12777 12475
3 12773 12778 12777
3 12779 12773 12774
3 12778 12773 12779
3 12478 12779 12477
3 12779 12775 12477
3 12779 12774 12775
3 12477 12775 12479
3 12479 12775 12776
3 12479 12776 12472
3 12780 12481 12482
3 12474 12777 12482
3 12777 12780 12482
3 12777 12781 12780
3 12782 12777 12778
3 12781 12777 12782
3 12485 12782 12484
3 12782 12779 12484
3 12782 12778 12779
3 12484 12779 12478
3 12783 12487 12488
3 12481 12780 12488
3 12780 12783 12488
3 12780 12784 12783
3 12785 12780 12781
3 12784 12780 12785
3 12491 12785 12490
3 12785 12782 12490
3 12785 12781 12782
3 12490 12782 12485
3 12786 12493 12494
3 12487 12783 12494
3 12783 12786 12494
3 12783 12787 12786
3 12788 12783 12784
3 12787 12783 12788
3 12497 12788 12496
3 12788 12785 12496
3 12788 12784 12785
3 12496 12785 12491
3 12789 12499 12500
3 12493 12786 12500
3 12786 12789 12500
3 12786 12790 12789
3 12791 12786 12787
3 12790 12786 12791
3 12503 12791 12502
3 12791 12788 12502
3 12791 12787 12788
3 12502 12788 12497
3 12792 12504 12789
3 12789 12504 12499
3 12793 12789 12790
3 12792 12789 12793
3 12507 12793 12506
3 12793 12791 12506
3 12793 12790 12791
3 12506 12791 12503
3 12794 12508 12509
3 12504 12792 12509
3 12792 12794 12509
3 12792 12795 12794
3 12512 12795 12511
3 12795 12793 12511
3 12795 12792 12793
3 12511 12793 12507
3 12796 12513 12514
3 12508 12794 12514
3 12794 12796 12514
3 12794 12797 12796
3 12517 12797 12516
3 12797 12795 12516
3 12797 12794 12795
3 12516 12795 12512
3 12798 12518 12519
3 12513 12796 12519
3 12796 12798 12519
3 12796 12799 12798
3 12800 12796 12797
3 12799 12796 12800
3 12520 12800 12517
3 12517 12800 12797
3 12801 12521 12522
3 12518 12798 12522
3 12798 12801 12522
3 12798 12802 12801
3 12803 12798 12799
3 12802 12798 12803
3 12525 12803 12524
3 12803 12800 12524
3 12803 12799 12800
3 12524 12800 12520
3 12804 12526 12527
3 12521 12801 12527
3 12801 12804 12527
3 12801 12805 12804
3 12806 12801 12802
3 12805 12801 12806
3 12530 12806 12529
3 12806 12803 12529
3 12806 12802 12803
3 12529 12803 12525
3 12807 12531 12804
3 12804 12531 12526
3 12808 12804 12805
3 12807 12804 12808
3 12534 12808 12533
3 12808 12806 12533
3 12808 12805 12806
3 12533 12806 12530
3 12809 12535 12536
3 12531 12807 12536
3 12807 12809 12536
3 12807 12810 12809
3 12811 12807 12808
3 12810 12807 12811
3 12537 12811 12534
3 12534 12811 12808
3 12812 12538 12539
3 12535 12809 12539
3 12809 12812 12539
3 12809 12813 12812
3 12814 12809 12810
3 12813 12809 12814
3 12542 12814 12541
3 12814 12811 12541
3 12814 12810 12811
3 12541 12811 12537
3 12815 12543 12544
3 12538 12812 12544
3 12812 12815 12544
3 12812 12816 12815
3 12817 12812 12813
3 12816 12812 12817
3 12547 12817 12546
3 12817 12814 12546
3 12817 12813 12814
3 12546 12814 12542
3 12818 12549 12550
3 12543 12815 12550
3 12815 12818 12550
3 12815 12819 12818
3 12820 12815 12816
3 12819 12815 12820
3 12553 12820 12552
3 12820 12817 12552
3 12820 12816 12817
3 12552 12817 12547
3 12821 12554 12818
3 12818 12554 12549
3 12822 12818 12819
3 12821 12818 12822
3 12557 12822 12556
3 12822 12820 12556
3 12822 12819 12820
3 12556 12820 12553
3 12823 12558 12559
3 12554 12821 12559
3 12821 12823 12559
3 12821 12824 12823
3 12825 12821 12822
3 12824 12821 12825
3 12560 12825 12557
3 12557 12825 12822
3 12826 12562 12563
3 12558 12823 12563
3 12823 12826 12563
3 12823 12827 12826
3 12828 12823 12824
3 12827 12823 12828
3 12566 12828 12565
3 12828 12825 12565
3 12828 12824 12825
3 12565 12825 12560
3 12829 12567 12826
3 12826 12567 12562
3 12830 12826 12827
3 12829 12826 12830
3 12831 12827 12828
3 12830 12827 12831
3 12568 12831 12566
3 12566 12831 12828
3 12832 12569 12570
3 12567 12829 12570
3 12829 12832 12570
3 12829 12833 12832
3 12834 12829 12830
3 12833 12829 12834
3 12573 12834 12572
3 12834 12831 12572
3 12834 12830 12831
3 12572 12831 12568
3 12836 12835 12576
3 12576 12835 12575
3 12836 12576 12569
3 12837 12836 12569
3 12832 12837 12569
3 12836 12837 12838
3 12839 12832 12833
3 12837 12832 12839
3 12579 12839 12578
3 12839 12834 12578
3 12839 12833 12834
3 12578 12834 12573
3 12841 12580 12840
3 12580 12835 12840
3 12580 12575 12835
3 12841 12840 12838
3 12837 12841 12838
3 12842 12841 12837
3 12843 12837 12839
3 12842 12837 12843
3 12582 12843 12579
3 12579 12843 12839
3 12845 12844 12585
3 12585 12844 12584
3 12585 12580 12841
3 12846 12585 12841
3 12845 12585 12846
3 12846 12841 12842
3 12846 12842 12847
3 12849 12848 12847
3 12842 12849 12847
3 12843 12849 12842
3 12587 12849 12582
3 12582 12849 12843
3 12844 12588 12584
3 12850 12588 12844
3 12848 12849 12851
3 12848 12851 12852
3 12590 12851 12587
3 12587 12851 12849
3 12855 12854 12853
3 12850 12855 12853
3 12591 12850 12853
3 12588 12850 12591
3 12856 12852 12851
3 12851 12590 12856
3 12590 12857 12856
3 12590 12593 12857
3 12853 12854 12596
3 12854 12595 12596
3 12854 12858 12595
3 12853 12596 12591
3 12597 12857 12593
3 12597 12859 12857
3 12858 12600 12595
3 12860 12600 12858
3 12863 12862 12861
3 12862 12859 12861
3 12859 12601 12861
3 12859 12597 12601
3 12860 12607 12600
3 12864 12607 12860
3 12863 12861 12609
3 12610 12863 12609
3 12865 12863 12610
3 12609 12861 12601
3 12866 12611 12612
3 12613 12867 12612
3 12612 12867 12866
3 12614 12867 12613
3 12870 12869 12868
3 12864 12870 12868
3 12617 12864 12868
3 12607 12864 12617
3 12619 12865 12610
3 12619 12871 12865
3 12873 12872 12622
3 12622 12872 12621
3 12873 12622 12611
3 12874 12873 12611
3 12866 12874 12611
3 12873 12874 12875
3 12876 12866 12867
3 12874 12866 12876
3 12623 12877 12614
3 12877 12867 12614
3 12877 12876 12867
3 12624 12877 12623
3 12868 12869 12878
3 12878 12869 12879
3 12878 12626 12617
3 12878 12617 12868
3 12882 12881 12880
3 12881 12871 12880
3 12871 12628 12880
3 12871 12619 12628
3 12872 12629 12621
3 12883 12629 12872
3 12884 12875 12874
3 12886 12885 12884
3 12874 12886 12884
3 12876 12886 12874
3 12887 12876 12877
3 12886 12876 12887
3 12631 12887 12624
3 12624 12887 12877
3 12890 12889 12888
3 12890 12888 12879
3 12879 12888 12878
3 12888 12633 12878
3 12633 12634 12878
3 12878 12634 12626
3 12882 12880 12891
3 12882 12891 12892
3 12636 12891 12628
3 12628 12891 12880
3 12895 12894 12893
3 12883 12895 12893
3 12639 12883 12893
3 12629 12883 12639
3 12885 12886 12896
3 12885 12896 12897
3 12898 12886 12887
3 12896 12886 12898
3 12641 12898 12631
3 12631 12898 12887
3 12888 12889 12899
3 12899 12889 12900
3 12899 12643 12633
3 12899 12633 12888
3 12901 12892 12891
3 12903 12901 12902
3 12902 12901 12644
3 12901 12891 12644
3 12891 12636 12644
3 12645 12902 12644
3 12893 12894 12904
3 12904 12894 12905
3 12904 12648 12639
3 12904 12639 12893
3 12897 12896 12906
3 12897 12906 12907
3 12651 12906 12650
3 12906 12898 12650
3 12906 12896 12898
3 12650 12898 12641
3 12899 12900 12908
3 12908 12900 12909
3 12908 12654 12643
3 12908 12643 12899
3 12910 12903 12902
3 12912 12910 12911
3 12911 12910 12655
3 12910 12902 12655
3 12902 12645 12655
3 12656 12911 12655
3 12904 12905 12659
3 12905 12658 12659
3 12905 12913 12658
3 12904 12659 12648
3 12907 12906 12914
3 12907 12914 12915
3 12661 12914 12651
3 12651 12914 12906
3 12918 12917 12916
3 12918 12916 12909
3 12909 12916 12908
3 12916 12663 12908
3 12663 12664 12908
3 12908 12664 12654
3 12912 12911 12919
3 12912 12919 12920
3 12667 12919 12656
3 12656 12919 12911
3 12922 12668 12921
3 12668 12913 12921
3 12668 12658 12913
3 12923 12922 12921
3 12915 12914 12924
3 12915 12924 12925
3 12670 12924 12661
3 12661 12924 12914
3 12916 12917 12926
3 12926 12917 12927
3 12926 12672 12663
3 12926 12663 12916
3 12920 12919 12928
3 12920 12928 12929
3 12674 12928 12667
3 12667 12928 12919
3 12930 12675 12922
3 12922 12675 12668
3 12922 12923 12931
3 12922 12931 12930
3 12925 12924 12932
3 12925 12932 12933
3 12677 12932 12670
3 12670 12932 12924
3 12926 12927 12934
3 12934 12927 12935
3 12934 12679 12672
3 12934 12672 12926
3 12929 12928 12936
3 12929 12936 12937
3 12681 12936 12674
3 12674 12936 12928
3 12930 12682 12675
3 12684 12682 12930
3 12931 12684 12930
3 12938 12684 12931
3 12941 12940 12939
3 12939 12940 12933
3 12932 12939 12933
3 12942 12939 12932
3 12686 12942 12677
3 12677 12942 12932
3 12934 12935 12943
3 12943 12935 12944
3 12943 12688 12679
3 12943 12679 12934
3 12947 12946 12945
3 12945 12946 12937
3 12945 12937 12936
3 12691 12945 12936
3 12690 12691 12936
3 12690 12936 12681
3 12938 12948 12684
3 12684 12948 12693
3 12939 12949 12694
3 12948 12939 12694
3 12693 12948 12694
3 12941 12939 12948
3 12950 12939 12942
3 12949 12939 12950
3 12696 12950 12686
3 12686 12950 12942
3 12953 12952 12951
3 12953 12951 12944
3 12944 12951 12943
3 12951 12698 12943
3 12698 12699 12943
3 12943 12699 12688
3 12947 12945 12954
3 12947 12954 12955
3 12700 12954 12691
3 12691 12954 12945
3 12949 12702 12694
3 12702 12949 12705
3 12705 12949 12950
3 12707 12705 12956
3 12705 12950 12956
3 12696 12706 12956
3 12696 12956 12950
3 12708 12956 12706
3 12958 12957 12952
3 12957 12709 12952
3 12710 12951 12952
3 12710 12952 12709
3 12710 12698 12951
3 12957 12958 12959
3 12962 12961 12960
3 12960 12961 12955
3 12960 12955 12954
3 12713 12960 12954
3 12712 12713 12954
3 12712 12954 12700
3 12956 12715 12707
3 12715 12956 12708
3 12963 12718 12957
3 12957 12718 12709
3 12957 12959 12964
3 12957 12964 12963
3 12967 12966 12965
3 12965 12966 12962
3 12965 12962 12960
3 12721 12965 12960
3 12720 12721 12960
3 12720 12960 12713
3 12963 12724 12718
3 12969 12968 12726
3 12969 12726 12724
3 12964 12969 12724
3 12963 12964 12724
3 12970 12968 12969
3 12967 12965 12971
3 12967 12971 12972
3 12727 12971 12721
3 12721 12971 12965
3 12973 12730 12968
3 12968 12730 12726
3 12968 12970 12974
3 12968 12974 12973
3 12977 12976 12975
3 12975 12976 12972
3 12975 12972 12971
3 12733 12975 12971
3 12732 12733 12971
3 12732 12971 12727
3 12978 12736 12973
3 12973 12736 12730
3 12973 12974 12979
3 12973 12979 12978
3 12982 12981 12980
3 12980 12981 12977
3 12980 12977 12975
3 12739 12980 12975
3 12738 12739 12975
3 12738 12975 12733
3 12983 12742 12978
3 12978 12742 12736
3 12978 12979 12984
3 12978 12984 12983
3 12986 12985 12744
3 12986 12744 12745
3 12980 12746 12982
3 12746 12985 12982
3 12746 12744 12985
3 12746 12980 12739
3 12987 12748 12749
3 12749 12742 12987
3 12742 12983 12987
3 12751 12750 12987
3 12751 12987 12983
3 12984 12988 12983
3 12988 12751 12983
3 12988 12752 12751
3 12745 12752 12986
3 12986 12752 12988
3 12987 12753 12748
3 12753 12987 12750
3 12989 12754 12755
3 12756 12989 12755
3 12990 12757 12758
3 12991 12990 12758
3 12991 12758 12754
3 12992 12991 12754
3 12989 12992 12754
3 12989 12756 12992
3 12756 12993 12992
3 12756 12760 12993
3 12994 12762 12990
3 12990 12762 12757
3 12995 12764 12765
3 12990 12995 12765
3 12994 12990 12765
3 12995 12990 12991
3 12760 12764 12993
3 12993 12764 12995
3 12994 12767 12762
3 12767 12994 12765
3 12996 12835 12836
3 12838 12996 12836
3 12996 12840 12835
3 12840 12996 12838
3 12997 12844 12845
3 12846 12998 12845
3 12845 12998 12997
3 12847 12999 12846
3 12846 12999 12998
3 12848 12999 12847
3 13000 12850 12997
3 12997 12850 12844
3 13001 12997 12998
3 13000 12997 13001
3 13002 12998 12999
3 13001 12998 13002
3 12852 13002 12848
3 12848 13002 12999
3 13003 12854 12855
3 13004 13003 12855
3 13004 12855 12850
3 13005 13004 12850
3 13000 13005 12850
3 13005 13000 13001
3 13005 13001 13006
3 13008 13007 13006
3 13001 13008 13006
3 13002 13008 13001
3 12856 13009 12852
3 13009 13002 12852
3 13009 13008 13002
3 12857 13009 12856
3 13011 13010 13003
3 13010 12854 13003
3 13010 12858 12854
3 13011 13003 13004
3 13012 13007 13008
3 13014 13013 13012
3 13008 13014 13012
3 13009 13014 13008
3 12859 13014 12857
3 12857 13014 13009
3 13010 12860 12858
3 13015 12860 13010
3 12862 12863 13016
3 13014 13017 13013
3 13017 13014 13018
3 13014 12859 13018
3 12862 13016 13018
3 12862 13018 12859
3 13021 13020 13019
3 13015 13021 13019
3 12864 13015 13019
3 12860 13015 12864
3 13023 13022 13016
3 12863 13023 13016
3 12865 13023 12863
3 13016 13022 13018
3 13026 13025 13024
3 13026 13024 13020
3 13020 13024 13019
3 13024 12869 13019
3 12869 12870 13019
3 13019 12870 12864
3 13029 13028 13027
3 13028 13023 13027
3 13023 12871 13027
3 13023 12865 12871
3 13030 12872 12873
3 12875 13030 12873
3 13033 13032 13031
3 13033 13031 13025
3 13031 13024 13025
3 13031 13034 13024
3 13034 12879 12869
3 13034 12869 13024
3 13029 13027 12881
3 12882 13029 12881
3 13035 13029 12882
3 12881 13027 12871
3 13036 12883 13030
3 13030 12883 12872
3 12884 13037 12875
3 13037 13030 12875
3 13037 13036 13030
3 12885 13037 12884
3 13031 13032 13038
3 13038 13032 13039
3 13038 12889 12890
3 13034 13038 12890
3 13031 13038 13034
3 13034 12890 12879
3 12892 13035 12882
3 12892 13040 13035
3 13041 12894 12895
3 12883 13036 12895
3 13036 13041 12895
3 13036 13042 13041
3 13043 13036 13037
3 13042 13036 13043
3 12897 13043 12885
3 12885 13043 13037
3 13046 13045 13044
3 13046 13044 13039
3 13044 13038 13039
3 13044 13047 13038
3 13047 12900 12889
3 13047 12889 13038
3 12892 12901 13048
3 13049 12892 13048
3 13040 12892 13049
3 12903 13048 12901
3 13051 13050 13041
3 13050 12894 13041
3 13050 12905 12894
3 13051 13041 13042
3 13051 13042 13052
3 13054 13053 13052
3 13042 13054 13052
3 13043 13054 13042
3 12907 13054 12897
3 12897 13054 13043
3 13044 13045 13055
3 13055 13045 13056
3 13044 13057 13047
3 13044 13055 13057
3 13057 12909 12900
3 13057 12900 13047
3 13058 13049 13048
3 13060 13058 13059
3 13059 13058 12910
3 13058 13048 12910
3 13048 12903 12910
3 12912 13059 12910
3 13062 12913 13061
3 12913 13050 13061
3 12913 12905 13050
3 13063 13062 13061
3 13053 13054 13064
3 13053 13064 13065
3 12915 13064 12907
3 12907 13064 13054
3 13055 13056 13066
3 13066 13056 13067
3 13066 12917 12918
3 13057 13066 12918
3 13055 13066 13057
3 13057 12918 12909
3 13060 13059 13068
3 13060 13068 13069
3 12920 13068 12912
3 12912 13068 13059
3 13062 12921 12913
3 13071 13070 12923
3 13071 12923 12921
3 13063 13071 12921
3 13062 13063 12921
3 13070 13071 13065
3 13064 13070 13065
3 13072 13070 13064
3 12925 13072 12915
3 12915 13072 13064
3 13066 13067 13073
3 13073 13067 13074
3 13073 12927 12917
3 13073 12917 13066
3 13069 13068 13075
3 13069 13075 13076
3 12929 13075 12920
3 12920 13075 13068
3 13077 12931 13070
3 13070 12931 12923
3 13078 13070 13072
3 13077 13070 13078
3 12933 13078 12925
3 12925 13078 13072
3 13073 13074 13079
3 13079 13074 13080
3 13079 12935 12927
3 13079 12927 13073
3 13076 13075 13081
3 13076 13081 13082
3 12937 13081 12929
3 12929 13081 13075
3 13083 12938 13077
3 13077 12938 12931
3 12941 13083 12940
3 13083 13078 12940
3 13083 13077 13078
3 12940 13078 12933
3 13079 13080 13084
3 13084 13080 13085
3 13084 12944 12935
3 13084 12935 13079
3 13088 13087 13086
3 13086 13087 13082
3 13086 13082 13081
3 12947 13086 13081
3 12946 12947 13081
3 12946 13081 12937
3 13083 12948 12938
3 12948 13083 12941
3 13090 13089 13085
3 13089 12952 13085
3 12953 13084 13085
3 12953 13085 12952
3 12953 12944 13084
3 13089 13090 13091
3 13088 13086 13092
3 13088 13092 13093
3 12955 13092 12947
3 12947 13092 13086
3 13089 12958 12952
3 12959 12958 13089
3 13091 12959 13089
3 13094 12959 13091
3 13097 13096 13095
3 13095 13096 13093
3 13095 13093 13092
3 12962 13095 13092
3 12961 12962 13092
3 12961 13092 12955
3 13099 12964 13098
3 12964 13094 13098
3 12964 12959 13094
3 13100 13099 13098
3 13103 13102 13101
3 13101 13102 13097
3 13101 13097 13095
3 12967 13101 13095
3 12966 12967 13095
3 12966 13095 12962
3 13099 12969 12964
3 12970 12969 13099
3 13100 12970 13099
3 13104 12970 13100
3 13103 13101 13105
3 13103 13105 13106
3 12972 13105 12967
3 12967 13105 13101
3 13108 12974 13107
3 12974 13104 13107
3 12974 12970 13104
3 13109 13108 13107
3 13112 13111 13110
3 13110 13111 13106
3 13110 13106 13105
3 12977 13110 13105
3 12976 12977 13105
3 12976 13105 12972
3 13114 13113 13108
3 13113 12974 13108
3 13113 12979 12974
3 13114 13108 13109
3 13112 13110 12981
3 12982 13112 12981
3 13115 13112 12982
3 12981 13110 12977
3 13117 12984 13116
3 12984 13113 13116
3 12984 12979 13113
3 12985 12986 13117
3 13116 12985 13117
3 13118 12985 13116
3 12982 12985 13115
3 13115 12985 13118
3 13117 12988 12984
3 12988 13117 12986
3 13119 12991 12992
3 12993 13119 12992
3 13119 12995 12991
3 12995 13119 12993
3 13120 13004 13005
3 13006 13121 13005
3 13005 13121 13120
3 13007 13121 13006
3 13123 13122 13011
3 13011 13122 13010
3 13011 13004 13120
3 13124 13011 13120
3 13123 13011 13124
3 13126 13125 13124
3 13120 13126 13124
3 13121 13126 13120
3 13012 13127 13007
3 13127 13121 13007
3 13127 13126 13121
3 13013 13127 13012
3 13130 13129 13128
3 13122 13130 13128
3 13015 13122 13128
3 13010 13122 13015
3 13131 13125 13126
3 13131 13126 13127
3 13131 13127 13132
3 13134 13132 13133
3 13133 13132 13017
3 13132 13127 13017
3 13127 13013 13017
3 13018 13133 13017
3 13137 13136 13135
3 13139 13138 13135
3 13135 13138 13137
3 13138 13139 13129
3 13129 13139 13128
3 13139 13020 13128
3 13020 13021 13128
3 13128 13021 13015
3 13134 13133 13022
3 13023 13134 13022
3 13140 13134 13023
3 13022 13133 13018
3 13135 13136 13141
3 13141 13136 13142
3 13141 13025 13026
3 13139 13141 13026
3 13135 13141 13139
3 13139 13026 13020
3 13144 13143 13028
3 13144 13028 13029
3 13023 13028 13140
3 13140 13028 13143
3 13141 13142 13033
3 13142 13032 13033
3 13142 13145 13032
3 13141 13033 13025
3 13035 13144 13029
3 13035 13146 13144
3 13145 13039 13032
3 13147 13039 13145
3 13150 13149 13148
3 13149 13146 13148
3 13146 13040 13148
3 13146 13035 13040
3 13151 13045 13046
3 13152 13151 13046
3 13039 13152 13046
3 13147 13152 13039
3 13150 13148 13153
3 13150 13153 13154
3 13049 13153 13040
3 13040 13153 13148
3 13155 13050 13051
3 13052 13156 13051
3 13051 13156 13155
3 13053 13156 13052
3 13157 13056 13151
3 13151 13056 13045
3 13151 13152 13158
3 13151 13158 13157
3 13159 13154 13153
3 13161 13159 13160
3 13160 13159 13058
3 13159 13153 13058
3 13153 13049 13058
3 13060 13160 13058
3 13155 13061 13050
3 13061 13155 13063
3 13155 13162 13063
3 13155 13156 13162
3 13065 13162 13053
3 13053 13162 13156
3 13163 13067 13157
3 13157 13067 13056
3 13157 13158 13164
3 13157 13164 13163
3 13161 13160 13165
3 13161 13165 13166
3 13069 13165 13060
3 13060 13165 13160
3 13162 13071 13063
3 13071 13162 13065
3 13167 13074 13163
3 13163 13074 13067
3 13163 13164 13168
3 13163 13168 13167
3 13166 13165 13169
3 13166 13169 13170
3 13076 13169 13069
3 13069 13169 13165
3 13171 13080 13167
3 13167 13080 13074
3 13167 13168 13172
3 13167 13172 13171
3 13170 13169 13173
3 13170 13173 13174
3 13082 13173 13076
3 13076 13173 13169
3 13175 13085 13171
3 13171 13085 13080
3 13171 13172 13176
3 13171 13176 13175
3 13179 13178 13177
3 13177 13178 13174
3 13177 13174 13173
3 13088 13177 13173
3 13087 13088 13173
3 13087 13173 13082
3 13175 13090 13085
3 13091 13090 13175
3 13176 13091 13175
3 13180 13091 13176
3 13179 13177 13181
3 13179 13181 13182
3 13093 13181 13088
3 13088 13181 13177
3 13184 13094 13183
3 13094 13180 13183
3 13094 13091 13180
3 13185 13184 13183
3 13188 13187 13186
3 13186 13187 13182
3 13186 13182 13181
3 13097 13186 13181
3 13096 13097 13181
3 13096 13181 13093
3 13184 13098 13094
3 13190 13189 13100
3 13190 13100 13098
3 13185 13190 13098
3 13184 13185 13098
3 13191 13189 13190
3 13188 13186 13102
3 13103 13188 13102
3 13192 13188 13103
3 13102 13186 13097
3 13193 13104 13189
3 13189 13104 13100
3 13189 13191 13194
3 13189 13194 13193
3 13197 13196 13195
3 13196 13192 13195
3 13192 13106 13195
3 13192 13103 13106
3 13193 13107 13104
3 13199 13198 13109
3 13199 13109 13107
3 13194 13199 13107
3 13193 13194 13107
3 13198 13199 13197
3 13198 13197 13195
3 13112 13198 13195
3 13111 13112 13195
3 13111 13195 13106
3 13200 13113 13114
3 13109 13198 13114
3 13198 13200 13114
3 13198 13201 13200
3 13115 13201 13112
3 13112 13201 13198
3 13200 13116 13113
3 13116 13200 13118
3 13118 13200 13201
3 13118 13201 13115
3 13202 13122 13123
3 13124 13203 13123
3 13123 13203 13202
3 13125 13203 13124
3 13205 13204 13130
3 13130 13204 13129
3 13130 13122 13202
3 13206 13130 13202
3 13205 13130 13206
3 13206 13202 13203
3 13206 13203 13207
3 13209 13207 13208
3 13208 13207 13131
3 13207 13203 13131
3 13203 13125 13131
3 13132 13210 13131
3 13131 13210 13208
3 13134 13210 13132
3 13211 13136 13137
3 13138 13212 13137
3 13137 13212 13211
3 13213 13212 13138
3 13129 13213 13138
3 13204 13213 13129
3 13214 13209 13208
3 13216 13215 13214
3 13208 13216 13214
3 13210 13216 13208
3 13140 13216 13134
3 13134 13216 13210
3 13217 13142 13211
3 13211 13142 13136
3 13218 13211 13212
3 13217 13211 13218
3 13212 13213 13219
3 13212 13219 13218
3 13215 13216 13143
3 13144 13215 13143
3 13220 13215 13144
3 13143 13216 13140
3 13221 13145 13217
3 13217 13145 13142
3 13218 13223 13222
3 13221 13218 13222
3 13217 13218 13221
3 13223 13218 13219
3 13146 13220 13144
3 13146 13224 13220
3 13225 13147 13221
3 13221 13147 13145
3 13221 13222 13226
3 13221 13226 13225
3 13228 13227 13149
3 13228 13149 13150
3 13146 13149 13224
3 13224 13149 13227
3 13229 13152 13225
3 13225 13152 13147
3 13225 13226 13230
3 13225 13230 13229
3 13154 13228 13150
3 13154 13231 13228
3 13232 13158 13229
3 13229 13158 13152
3 13229 13230 13233
3 13229 13233 13232
3 13154 13159 13234
3 13235 13154 13234
3 13231 13154 13235
3 13161 13234 13159
3 13236 13164 13232
3 13232 13164 13158
3 13232 13233 13237
3 13232 13237 13236
3 13235 13234 13238
3 13235 13238 13239
3 13166 13238 13161
3 13161 13238 13234
3 13240 13168 13236
3 13236 13168 13164
3 13236 13237 13241
3 13236 13241 13240
3 13239 13238 13242
3 13239 13242 13243
3 13170 13242 13166
3 13166 13242 13238
3 13244 13172 13240
3 13240 13172 13168
3 13240 13241 13245
3 13240 13245 13244
3 13243 13242 13246
3 13243 13246 13247
3 13174 13246 13170
3 13170 13246 13242
3 13248 13176 13244
3 13244 13176 13172
3 13244 13245 13249
3 13244 13249 13248
3 13252 13251 13250
3 13250 13251 13247
3 13250 13247 13246
3 13179 13250 13246
3 13178 13179 13246
3 13178 13246 13174
3 13253 13180 13248
3 13248 13180 13176
3 13248 13249 13254
3 13255 13248 13254
3 13253 13248 13255
3 13256 13255 13254
3 13259 13258 13257
3 13257 13258 13252
3 13250 13257 13252
3 13260 13257 13250
3 13182 13260 13179
3 13179 13260 13250
3 13253 13183 13180
3 13183 13253 13185
3 13253 13261 13185
3 13253 13255 13261
3 13255 13256 13262
3 13255 13262 13261
3 13259 13257 13263
3 13259 13263 13264
3 13188 13263 13187
3 13263 13260 13187
3 13263 13257 13260
3 13187 13260 13182
3 13261 13190 13185
3 13191 13190 13261
3 13262 13191 13261
3 13265 13191 13262
3 13264 13263 13266
3 13264 13266 13267
3 13192 13266 13188
3 13188 13266 13263
3 13269 13194 13268
3 13194 13265 13268
3 13194 13191 13265
3 13269 13268 13267
3 13269 13267 13266
3 13197 13269 13266
3 13196 13197 13266
3 13196 13266 13192
3 13269 13199 13194
3 13199 13269 13197
3 13270 13204 13205
3 13206 13271 13205
3 13205 13271 13270
3 13207 13272 13206
3 13206 13272 13271
3 13209 13272 13207
3 13273 13213 13270
3 13270 13213 13204
3 13271 13275 13274
3 13273 13271 13274
3 13270 13271 13273
3 13277 13276 13275
3 13271 13277 13275
3 13272 13277 13271
3 13214 13278 13209
3 13278 13272 13209
3 13278 13277 13272
3 13215 13278 13214
3 13279 13219 13273
3 13273 13219 13213
3 13273 13274 13280
3 13273 13280 13279
3 13281 13276 13277
3 13281 13277 13278
3 13281 13278 13282
3 13278 13215 13282
3 13215 13283 13282
3 13215 13220 13283
3 13284 13222 13223
3 13285 13284 13223
3 13285 13223 13219
3 13286 13285 13219
3 13279 13286 13219
3 13286 13279 13280
3 13224 13283 13220
3 13224 13287 13283
3 13288 13226 13284
3 13284 13226 13222
3 13284 13285 13289
3 13284 13289 13288
3 13291 13290 13227
3 13291 13227 13228
3 13224 13227 13287
3 13287 13227 13290
3 13292 13230 13288
3 13288 13230 13226
3 13288 13289 13293
3 13288 13293 13292
3 13231 13291 13228
3 13231 13294 13291
3 13295 13233 13292
3 13292 13233 13230
3 13292 13293 13296
3 13292 13296 13295
3 13235 13294 13231
3 13235 13297 13294
3 13298 13237 13295
3 13295 13237 13233
3 13295 13296 13299
3 13295 13299 13298
3 13302 13301 13300
3 13301 13297 13300
3 13297 13239 13300
3 13297 13235 13239
3 13303 13241 13298
3 13298 13241 13237
3 13298 13299 13304
3 13298 13304 13303
3 13302 13300 13305
3 13302 13305 13306
3 13243 13305 13239
3 13239 13305 13300
3 13307 13245 13303
3 13303 13245 13241
3 13303 13304 13308
3 13303 13308 13307
3 13311 13310 13309
3 13309 13310 13306
3 13305 13309 13306
3 13312 13309 13305
3 13247 13312 13243
3 13243 13312 13305
3 13313 13249 13307
3 13307 13249 13245
3 13307 13308 13314
3 13307 13314 13313
3 13311 13309 13315
3 13311 13315 13316
3 13252 13315 13251
3 13315 13312 13251
3 13315 13309 13312
3 13251 13312 13247
3 13313 13254 13249
3 13318 13317 13256
3 13318 13256 13254
3 13314 13318 13254
3 13313 13314 13254
3 13317 13318 13316
3 13317 13316 13315
3 13259 13317 13315
3 13258 13259 13315
3 13258 13315 13252
3 13319 13262 13317
3 13317 13262 13256
3 13264 13319 13259
3 13259 13319 13317
3 13320 13265 13319
3 13319 13265 13262
3 13267 13320 13264
3 13264 13320 13319
3 13320 13268 13265
3 13268 13320 13267
3 13321 13274 13275
3 13276 13321 13275
3 13323 13322 13321
3 13322 13274 13321
3 13322 13280 13274
3 13325 13323 13324
3 13324 13323 13281
3 13323 13321 13281
3 13321 13276 13281
3 13282 13326 13281
3 13281 13326 13324
3 13283 13326 13282
3 13327 13285 13286
3 13328 13327 13286
3 13280 13328 13286
3 13322 13328 13280
3 13329 13325 13324
3 13331 13330 13329
3 13324 13331 13329
3 13326 13331 13324
3 13287 13331 13283
3 13283 13331 13326
3 13332 13289 13327
3 13327 13289 13285
3 13327 13328 13333
3 13327 13333 13332
3 13330 13331 13290
3 13291 13330 13290
3 13334 13330 13291
3 13290 13331 13287
3 13336 13335 13332
3 13335 13289 13332
3 13335 13293 13289
3 13336 13332 13333
3 13339 13338 13337
3 13338 13334 13337
3 13334 13294 13337
3 13334 13291 13294
3 13335 13296 13293
3 13340 13296 13335
3 13343 13342 13341
3 13341 13342 13339
3 13337 13341 13339
3 13344 13341 13337
3 13297 13344 13294
3 13294 13344 13337
3 13340 13299 13296
3 13345 13299 13340
3 13343 13341 13346
3 13343 13346 13347
3 13302 13346 13301
3 13346 13344 13301
3 13346 13341 13344
3 13301 13344 13297
3 13349 13304 13348
3 13304 13345 13348
3 13304 13299 13345
3 13349 13348 13347
3 13346 13349 13347
3 13350 13349 13346
3 13306 13350 13302
3 13302 13350 13346
3 13351 13308 13349
3 13349 13308 13304
3 13311 13351 13310
3 13351 13350 13310
3 13351 13349 13350
3 13310 13350 13306
3 13352 13314 13351
3 13351 13314 13308
3 13316 13352 13311
3 13311 13352 13351
3 13352 13318 13314
3 13318 13352 13316
3 13353 13322 13323
3 13325 13353 13323
3 13354 13328 13353
3 13353 13328 13322
3 13354 13353 13325
3 13355 13354 13325
3 13329 13355 13325
3 13356 13354 13355
3 13329 13330 13355
3 13355 13330 13357
3 13359 13358 13354
3 13358 13328 13354
3 13358 13333 13328
3 13362 13361 13360
3 13356 13359 13354
3 13362 13357 13361
3 13357 13334 13361
3 13357 13330 13334
3 13363 13335 13336
3 13333 13358 13364
3 13363 13333 13364
3 13365 13363 13364
3 13336 13333 13363
3 13365 13364 13360
3 13365 13360 13361
3 13339 13365 13361
3 13338 13339 13361
3 13338 13361 13334
3 13366 13340 13363
3 13363 13340 13335
3 13343 13366 13342
3 13366 13365 13342
3 13366 13363 13365
3 13342 13365 13339
3 13367 13345 13366
3 13366 13345 13340
3 13347 13367 13343
3 13343 13367 13366
3 13367 13348 13345
3 13348 13367 13347
3 13368 13356 13355
3 13357 13368 13355
3 13369 13358 13359
3 13359 13356 13369
3 13356 13368 13369
3 13362 13360 13369
3 13362 13369 13368
3 13362 13368 13357
3 13369 13364 13358
3 13364 13369 13360
3 13372 13371 13370
3 13370 13373 13372
3 13371 13374 13370
3 13370 13374 13373
3 13375 13371 13372
3 13373 13375 13372
3 13375 13374 13371
3 13374 13375 13373
3 13378 13377 13376
3 13376 13379 13378
3 13382 13381 13380
3 13384 13383 13380
3 13383 13376 13380
3 13377 13382 13380
3 13377 13380 13376
3 13376 13383 13379
3 13381 13385 13380
3 13380 13385 13384
3 13386 13377 13378
3 13379 13386 13378
3 13387 13381 13382
3 13382 13377 13387
3 13377 13386 13387
3 13383 13384 13387
3 13383 13387 13386
3 13383 13386 13379
3 13387 13385 13381
3 13385 13387 13384
