ply
format ascii 1.0
element vertex 1795
property float x
property float y
property float z
element face 3590
property list uchar int vertex_indices
end_header
57.50000 -11.00000 5.00000
57.00000 -11.00000 4.50000
57.00000 -11.50000 5.00000
57.00000 -11.00000 5.50000
57.50000 -10.00000 4.00000
57.00000 -10.00000 3.50000
57.00000 -10.50000 4.00000
57.50000 -10.00000 5.00000
57.00000 -10.50000 6.00000
57.50000 -10.00000 6.00000
57.00000 -10.00000 6.50000
57.50000 -9.00000 4.00000
57.00000 -9.00000 3.50000
57.50000 -9.00000 5.00000
57.50000 -9.00000 6.00000
57.00000 -9.00000 6.50000
57.50000 -8.00000 4.00000
57.00000 -8.00000 3.50000
57.50000 -8.00000 5.00000
57.50000 -8.00000 6.00000
57.00000 -8.00000 6.50000
57.00000 -7.50000 4.00000
57.00000 -7.50000 5.00000
57.00000 -7.50000 6.00000
56.50000 -12.00000 5.00000
56.00000 -12.00000 4.50000
56.00000 -12.50000 5.00000
56.00000 -12.00000 5.50000
56.50000 -11.00000 3.00000
56.00000 -11.00000 2.50000
56.00000 -11.50000 3.00000
56.00000 -11.50000 4.00000
56.50000 -11.00000 4.00000
56.00000 -11.50000 6.00000
56.50000 -11.00000 6.00000
56.00000 -11.00000 6.50000
56.50000 -10.00000 3.00000
56.00000 -10.00000 2.50000
56.00000 -10.50000 7.00000
56.50000 -10.00000 7.00000
56.00000 -10.00000 7.50000
56.50000 -9.00000 3.00000
56.00000 -9.00000 2.50000
56.00000 -9.50000 7.00000
56.00000 -9.00000 6.50000
56.50000 -8.00000 3.00000
56.00000 -8.00000 2.50000
56.00000 -8.00000 6.50000
56.00000 -7.50000 3.00000
56.50000 -7.00000 4.00000
56.00000 -7.00000 3.50000
56.50000 -7.00000 5.00000
56.50000 -7.00000 6.00000
56.00000 -7.00000 6.50000
56.00000 -6.50000 4.00000
56.00000 -6.50000 5.00000
56.00000 -6.50000 6.00000
55.50000 -13.00000 5.00000
55.00000 -13.00000 4.50000
55.00000 -13.50000 5.00000
55.00000 -13.50000 6.00000
55.50000 -13.00000 6.00000
55.00000 -13.00000 6.50000
55.50000 -12.00000 3.00000
55.00000 -12.00000 2.50000
55.00000 -12.50000 3.00000
55.00000 -12.50000 4.00000
55.50000 -12.00000 4.00000
55.50000 -12.00000 6.00000
55.00000 -12.50000 7.00000
55.50000 -12.00000 7.00000
55.00000 -12.00000 7.50000
55.00000 -11.00000 2.50000
55.50000 -11.00000 7.00000
55.00000 -11.00000 7.50000
55.50000 -10.00000 2.00000
55.00000 -10.00000 1.50000
55.00000 -10.50000 2.00000
55.00000 -10.00000 7.50000
55.00000 -9.50000 2.00000
55.00000 -9.50000 3.00000
55.50000 -9.00000 3.00000
55.00000 -9.00000 3.50000
55.50000 -9.00000 7.00000
55.00000 -9.00000 7.50000
55.50000 -8.00000 3.00000
55.00000 -8.00000 3.50000
55.00000 -8.50000 7.00000
55.00000 -8.00000 6.50000
55.00000 -7.00000 2.50000
55.50000 -7.00000 3.00000
55.00000 -7.50000 3.00000
55.50000 -7.00000 6.00000
55.00000 -7.50000 6.00000
55.00000 -7.00000 5.50000
55.00000 -6.50000 3.00000
55.00000 -6.50000 4.00000
55.00000 -6.50000 5.00000
54.50000 -14.00000 5.00000
54.00000 -14.00000 4.50000
54.00000 -14.50000 5.00000
54.00000 -14.50000 6.00000
54.50000 -14.00000 6.00000
54.00000 -14.50000 7.00000
54.50000 -14.00000 7.00000
54.00000 -14.00000 7.50000
54.50000 -13.00000 3.00000
54.00000 -13.00000 2.50000
54.00000 -13.50000 3.00000
54.00000 -13.50000 4.00000
54.50000 -13.00000 4.00000
54.50000 -13.00000 7.00000
54.00000 -13.50000 8.00000
54.50000 -13.00000 8.00000
54.00000 -13.00000 8.50000
54.50000 -12.00000 2.00000
54.00000 -12.00000 1.50000
54.00000 -12.50000 2.00000
54.50000 -12.00000 8.00000
54.00000 -12.00000 8.50000
54.50000 -11.00000 2.00000
54.00000 -11.00000 1.50000
54.50000 -11.00000 8.00000
54.00000 -11.00000 8.50000
54.50000 -10.00000 2.00000
54.00000 -10.50000 2.00000
54.50000 -10.50000 2.50000
54.00000 -10.50000 3.00000
54.50000 -10.00000 3.00000
54.50000 -10.00000 4.00000
54.00000 -10.50000 4.00000
54.00000 -10.00000 4.50000
54.00000 -10.50000 8.00000
54.00000 -10.00000 7.50000
54.50000 -9.00000 4.00000
54.00000 -9.00000 4.50000
54.00000 -9.00000 7.50000
54.00000 -8.00000 3.50000
54.00000 -8.50000 4.00000
54.00000 -8.50000 7.00000
54.00000 -8.00000 6.50000
54.00000 -7.00000 2.50000
54.00000 -7.50000 3.00000
54.00000 -7.50000 6.00000
54.00000 -7.00000 5.50000
54.00000 -6.50000 3.00000
54.50000 -6.00000 4.00000
54.00000 -6.00000 3.50000
54.00000 -6.00000 4.50000
54.00000 -6.50000 5.00000
54.00000 -5.50000 4.00000
53.50000 -15.00000 3.00000
53.00000 -15.00000 2.50000
53.00000 -15.50000 3.00000
53.00000 -15.50000 4.00000
53.50000 -15.00000 4.00000
53.00000 -15.50000 5.00000
53.50000 -15.00000 5.00000
53.00000 -15.50000 6.00000
53.50000 -15.00000 6.00000
53.00000 -15.50000 7.00000
53.50000 -15.00000 7.00000
53.00000 -15.50000 8.00000
53.50000 -15.00000 8.00000
53.00000 -15.00000 8.50000
53.50000 -14.00000 2.00000
53.00000 -14.00000 1.50000
53.00000 -14.50000 2.00000
53.50000 -14.00000 3.00000
53.50000 -14.00000 4.00000
53.50000 -14.00000 8.00000
53.00000 -14.00000 8.50000
53.50000 -13.00000 2.00000
53.00000 -13.00000 1.50000
53.00000 -13.00000 8.50000
53.50000 -12.00000 2.00000
53.00000 -12.50000 2.00000
53.00000 -12.00000 2.50000
53.00000 -12.00000 8.50000
53.50000 -11.00000 2.00000
53.00000 -11.50000 3.00000
53.50000 -11.00000 3.00000
53.50000 -11.00000 4.00000
53.00000 -11.50000 4.00000
53.00000 -11.00000 4.50000
53.00000 -11.00000 8.50000
53.00000 -10.00000 4.50000
53.00000 -10.50000 8.00000
53.00000 -10.00000 7.50000
53.50000 -9.00000 4.00000
53.00000 -9.00000 3.50000
53.00000 -9.50000 4.00000
53.00000 -9.00000 7.50000
53.50000 -8.00000 3.00000
53.00000 -8.00000 2.50000
53.00000 -8.50000 3.00000
53.00000 -8.50000 7.00000
53.00000 -8.00000 6.50000
53.50000 -7.00000 2.00000
53.00000 -7.00000 1.50000
53.00000 -7.50000 2.00000
53.00000 -7.50000 6.00000
53.00000 -7.00000 5.50000
53.00000 -6.50000 2.00000
53.00000 -6.50000 3.00000
53.00000 -6.00000 3.50000
53.00000 -6.50000 5.00000
53.00000 -6.00000 4.50000
53.00000 -5.50000 4.00000
52.50000 -16.00000 3.00000
52.00000 -16.00000 2.50000
52.00000 -16.50000 3.00000
52.00000 -16.50000 4.00000
52.50000 -16.00000 4.00000
52.00000 -16.50000 5.00000
52.50000 -16.00000 5.00000
52.00000 -16.50000 6.00000
52.50000 -16.00000 6.00000
52.00000 -16.50000 7.00000
52.50000 -16.00000 7.00000
52.00000 -16.50000 8.00000
52.50000 -16.00000 8.00000
52.00000 -16.50000 9.00000
52.50000 -16.00000 9.00000
52.00000 -16.00000 9.50000
52.00000 -15.00000 2.50000
52.50000 -15.00000 9.00000
52.00000 -15.00000 9.50000
52.50000 -14.00000 2.00000
52.00000 -14.00000 2.50000
52.50000 -14.00000 9.00000
52.00000 -14.00000 9.50000
52.50000 -13.00000 2.00000
52.00000 -13.50000 3.00000
52.50000 -13.00000 3.00000
52.00000 -13.00000 3.50000
52.50000 -13.00000 9.00000
52.00000 -13.00000 9.50000
52.50000 -12.00000 3.00000
52.00000 -12.50000 4.00000
52.50000 -12.00000 4.00000
52.50000 -12.00000 5.00000
52.00000 -12.50000 5.00000
52.00000 -12.00000 5.50000
52.00000 -12.50000 9.00000
52.00000 -12.00000 8.50000
52.00000 -11.50000 5.00000
52.00000 -11.00000 4.50000
52.00000 -11.00000 8.50000
52.00000 -10.00000 4.50000
52.00000 -10.50000 8.00000
52.00000 -10.00000 7.50000
52.00000 -9.00000 3.50000
52.00000 -9.50000 4.00000
52.50000 -9.00000 7.00000
52.00000 -9.50000 7.00000
52.00000 -9.00000 6.50000
52.50000 -8.00000 2.00000
52.00000 -8.00000 1.50000
52.00000 -8.50000 2.00000
52.00000 -8.50000 3.00000
52.50000 -8.00000 6.00000
52.00000 -8.50000 6.00000
52.00000 -8.00000 5.50000
52.00000 -7.00000 1.50000
52.50000 -7.00000 5.00000
52.00000 -7.50000 5.00000
52.00000 -7.00000 4.50000
52.00000 -6.50000 2.00000
52.50000 -6.00000 3.00000
52.00000 -6.00000 2.50000
52.00000 -6.50000 4.00000
52.00000 -6.00000 3.50000
52.50000 -6.00000 4.00000
52.00000 -5.50000 3.00000
51.50000 -19.00000 10.00000
51.00000 -19.00000 9.50000
51.00000 -19.50000 10.00000
51.00000 -19.00000 10.50000
51.50000 -18.00000 5.00000
51.00000 -18.00000 4.50000
51.00000 -18.50000 5.00000
51.00000 -18.00000 5.50000
51.50000 -18.00000 8.00000
51.00000 -18.00000 7.50000
51.00000 -18.50000 8.00000
51.00000 -18.50000 9.00000
51.50000 -18.00000 9.00000
51.50000 -18.00000 10.00000
51.00000 -18.50000 11.00000
51.50000 -18.00000 11.00000
51.00000 -18.00000 11.50000
51.50000 -17.00000 3.00000
51.00000 -17.00000 2.50000
51.00000 -17.50000 3.00000
51.00000 -17.50000 4.00000
51.50000 -17.00000 4.00000
51.50000 -17.00000 5.00000
51.00000 -17.50000 6.00000
51.50000 -17.00000 6.00000
51.00000 -17.50000 7.00000
51.50000 -17.00000 7.00000
51.50000 -17.00000 8.00000
51.50000 -17.00000 9.00000
51.50000 -17.00000 10.00000
51.00000 -17.00000 10.50000
51.00000 -17.50000 11.00000
51.00000 -16.00000 2.50000
51.50000 -16.00000 10.00000
51.00000 -16.00000 10.50000
51.00000 -15.50000 3.00000
51.50000 -15.00000 3.00000
51.00000 -15.00000 3.50000
51.50000 -15.00000 10.00000
51.00000 -15.00000 10.50000
51.50000 -14.00000 3.00000
51.00000 -14.50000 4.00000
51.50000 -14.00000 4.00000
51.50000 -14.00000 5.00000
51.00000 -14.50000 5.00000
51.00000 -14.00000 5.50000
51.00000 -14.50000 10.00000
51.00000 -14.00000 9.50000
51.50000 -13.00000 4.00000
51.50000 -13.00000 5.00000
51.00000 -13.00000 5.50000
51.00000 -13.00000 9.50000
51.00000 -12.00000 5.50000
51.00000 -12.50000 9.00000
51.00000 -12.00000 8.50000
51.00000 -11.00000 4.50000
51.00000 -11.50000 5.00000
51.00000 -11.00000 8.50000
51.50000 -10.00000 4.00000
51.00000 -10.00000 3.50000
51.00000 -10.50000 4.00000
51.00000 -10.50000 8.00000
51.00000 -10.00000 7.50000
51.50000 -9.00000 3.00000
51.00000 -9.00000 2.50000
51.00000 -9.50000 3.00000
51.00000 -9.50000 7.00000
51.00000 -9.00000 6.50000
51.50000 -8.00000 1.00000
51.00000 -8.00000 0.50000
51.00000 -8.50000 1.00000
51.00000 -8.50000 2.00000
51.00000 -8.50000 6.00000
51.00000 -8.00000 5.50000
51.00000 -7.50000 1.00000
51.00000 -7.00000 1.50000
51.00000 -7.50000 5.00000
51.00000 -7.00000 4.50000
51.00000 -6.50000 2.00000
51.00000 -6.00000 2.50000
51.00000 -6.50000 4.00000
51.00000 -6.00000 3.50000
51.00000 -5.50000 3.00000
50.50000 -20.00000 10.00000
50.00000 -20.00000 9.50000
50.00000 -20.50000 10.00000
50.00000 -20.50000 11.00000
50.50000 -20.00000 11.00000
50.00000 -20.00000 11.50000
50.50000 -19.00000 5.00000
50.00000 -19.00000 4.50000
50.00000 -19.50000 5.00000
50.00000 -19.00000 5.50000
50.50000 -19.00000 8.00000
50.00000 -19.00000 7.50000
50.00000 -19.50000 8.00000
50.00000 -19.50000 9.00000
50.50000 -19.00000 9.00000
50.50000 -19.00000 11.00000
50.00000 -19.00000 11.50000
50.50000 -18.00000 4.00000
50.00000 -18.00000 3.50000
50.00000 -18.50000 4.00000
50.00000 -18.50000 6.00000
50.50000 -18.00000 6.00000
50.00000 -18.50000 7.00000
50.50000 -18.00000 7.00000
50.00000 -18.00000 11.50000
50.50000 -17.00000 3.00000
50.00000 -17.00000 3.50000
50.50000 -17.00000 11.00000
50.00000 -17.00000 11.50000
50.50000 -16.00000 3.00000
50.00000 -16.00000 3.50000
50.50000 -16.00000 11.00000
50.00000 -16.00000 11.50000
50.50000 -15.00000 4.00000
50.00000 -15.50000 4.00000
50.50000 -15.00000 5.00000
50.00000 -15.50000 5.00000
50.50000 -15.00000 6.00000
50.00000 -15.50000 6.00000
50.00000 -15.00000 6.50000
50.00000 -15.50000 11.00000
50.00000 -15.00000 10.50000
50.50000 -14.00000 6.00000
50.00000 -14.00000 6.50000
50.00000 -14.50000 10.00000
50.00000 -14.00000 9.50000
50.00000 -13.00000 5.50000
50.00000 -13.50000 6.00000
50.00000 -13.00000 9.50000
50.00000 -12.00000 5.50000
50.00000 -12.50000 9.00000
50.00000 -12.00000 8.50000
50.50000 -11.00000 1.00000
50.00000 -11.00000 0.50000
50.00000 -11.50000 1.00000
50.00000 -11.00000 1.50000
50.50000 -11.00000 4.00000
50.00000 -11.00000 3.50000
50.00000 -11.50000 4.00000
50.00000 -11.50000 5.00000
50.50000 -11.00000 8.00000
50.00000 -11.50000 8.00000
50.00000 -11.00000 7.50000
50.50000 -10.00000 1.00000
50.00000 -10.00000 0.50000
50.00000 -10.50000 2.00000
50.50000 -10.00000 2.00000
50.00000 -10.50000 3.00000
50.50000 -10.00000 3.00000
50.50000 -10.00000 7.00000
50.00000 -10.50000 7.00000
50.00000 -10.00000 6.50000
50.50000 -9.00000 1.00000
50.00000 -9.00000 0.50000
50.50000 -9.00000 2.00000
50.50000 -9.00000 6.00000
50.00000 -9.50000 6.00000
50.00000 -9.00000 5.50000
50.00000 -8.00000 0.50000
50.50000 -8.00000 5.00000
50.00000 -8.50000 5.00000
50.00000 -8.00000 4.50000
50.00000 -7.50000 1.00000
50.00000 -7.00000 1.50000
50.50000 -7.00000 4.00000
50.00000 -7.50000 4.00000
50.00000 -7.00000 3.50000
50.00000 -6.50000 2.00000
50.50000 -6.00000 3.00000
50.00000 -6.50000 3.00000
49.50000 -21.00000 9.00000
49.00000 -21.00000 8.50000
49.00000 -21.50000 9.00000
49.00000 -21.50000 10.00000
49.50000 -21.00000 10.00000
49.00000 -21.50000 11.00000
49.50000 -21.00000 11.00000
49.00000 -21.00000 11.50000
49.50000 -20.00000 5.00000
49.00000 -20.00000 4.50000
49.00000 -20.50000 5.00000
49.00000 -20.50000 6.00000
49.50000 -20.00000 6.00000
49.00000 -20.50000 7.00000
49.50000 -20.00000 7.00000
49.00000 -20.50000 8.00000
49.50000 -20.00000 8.00000
49.50000 -20.00000 9.00000
49.00000 -20.50000 12.00000
49.50000 -20.00000 12.00000
49.00000 -20.00000 12.50000
49.00000 -19.00000 4.50000
49.50000 -19.00000 6.00000
49.50000 -19.00000 7.00000
49.50000 -19.00000 12.00000
49.00000 -19.00000 12.50000
49.50000 -18.00000 4.00000
49.00000 -18.00000 4.50000
49.50000 -18.00000 12.00000
49.00000 -18.00000 12.50000
49.50000 -17.00000 4.00000
49.00000 -17.50000 5.00000
49.50000 -17.00000 5.00000
49.00000 -17.00000 5.50000
49.00000 -17.50000 12.00000
49.00000 -17.00000 11.50000
49.50000 -16.00000 4.00000
49.50000 -16.00000 5.00000
49.00000 -16.50000 6.00000
49.50000 -16.00000 6.00000
49.50000 -16.00000 7.00000
49.00000 -16.50000 7.00000
49.00000 -16.00000 7.50000
49.00000 -16.00000 11.50000
49.50000 -15.00000 7.00000
49.00000 -15.00000 7.50000
49.00000 -15.50000 11.00000
49.00000 -15.00000 10.50000
49.00000 -14.00000 6.50000
49.00000 -14.50000 7.00000
49.00000 -14.50000 10.00000
49.00000 -14.00000 9.50000
49.00000 -13.00000 5.50000
49.00000 -13.50000 6.00000
49.00000 -13.00000 9.50000
49.50000 -12.00000 1.00000
49.00000 -12.00000 0.50000
49.00000 -12.50000 1.00000
49.00000 -12.50000 2.00000
49.50000 -12.00000 2.00000
49.00000 -12.00000 2.50000
49.50000 -12.00000 4.00000
49.00000 -12.00000 3.50000
49.00000 -12.50000 4.00000
49.00000 -12.50000 5.00000
49.50000 -12.00000 5.00000
49.00000 -12.50000 9.00000
49.00000 -12.00000 8.50000
49.00000 -11.00000 0.50000
49.50000 -11.00000 2.00000
49.00000 -11.50000 3.00000
49.50000 -11.00000 3.00000
49.00000 -11.50000 8.00000
49.00000 -11.00000 7.50000
49.00000 -10.00000 0.50000
49.00000 -10.50000 7.00000
49.00000 -10.00000 6.50000
49.00000 -9.00000 0.50000
49.00000 -9.50000 6.00000
49.00000 -9.00000 5.50000
49.00000 -8.00000 0.50000
49.00000 -8.50000 5.00000
49.00000 -8.00000 4.50000
49.00000 -7.50000 1.00000
49.00000 -7.00000 1.50000
49.00000 -7.50000 4.00000
49.00000 -7.00000 3.50000
49.00000 -6.50000 2.00000
49.00000 -6.50000 3.00000
48.50000 -22.00000 9.00000
48.00000 -22.00000 8.50000
48.00000 -22.50000 9.00000
48.00000 -22.50000 10.00000
48.50000 -22.00000 10.00000
48.00000 -22.50000 11.00000
48.50000 -22.00000 11.00000
48.00000 -22.50000 12.00000
48.50000 -22.00000 12.00000
48.00000 -22.00000 12.50000
48.50000 -21.00000 6.00000
48.00000 -21.00000 5.50000
48.00000 -21.50000 6.00000
48.00000 -21.50000 7.00000
48.50000 -21.00000 7.00000
48.00000 -21.50000 8.00000
48.50000 -21.00000 8.00000
48.50000 -21.00000 12.00000
48.00000 -21.00000 12.50000
48.00000 -20.00000 4.50000
48.00000 -20.50000 5.00000
48.00000 -20.00000 12.50000
48.00000 -19.00000 4.50000
48.00000 -19.00000 12.50000
48.00000 -18.50000 5.00000
48.50000 -18.00000 5.00000
48.50000 -18.00000 6.00000
48.00000 -18.50000 6.00000
48.50000 -18.00000 7.00000
48.00000 -18.50000 7.00000
48.50000 -18.00000 8.00000
48.00000 -18.50000 8.00000
48.00000 -18.00000 8.50000
48.00000 -18.00000 12.50000
48.50000 -17.00000 6.00000
48.50000 -17.00000 7.00000
48.50000 -17.00000 8.00000
48.00000 -17.00000 8.50000
48.00000 -17.50000 12.00000
48.00000 -17.00000 11.50000
48.00000 -16.50000 8.00000
48.00000 -16.00000 7.50000
48.00000 -16.00000 11.50000
48.50000 -15.00000 1.00000
48.00000 -15.00000 0.50000
48.00000 -15.50000 1.00000
48.00000 -15.50000 2.00000
48.50000 -15.00000 2.00000
48.00000 -15.00000 2.50000
48.50000 -15.00000 7.00000
48.00000 -15.00000 6.50000
48.00000 -15.50000 7.00000
48.00000 -15.50000 11.00000
48.00000 -15.00000 10.50000
48.50000 -14.00000 1.00000
48.00000 -14.00000 0.50000
48.50000 -14.00000 2.00000
48.00000 -14.00000 2.50000
48.50000 -14.00000 6.00000
48.00000 -14.00000 5.50000
48.00000 -14.50000 6.00000
48.00000 -14.50000 10.00000
48.00000 -14.00000 9.50000
48.50000 -13.00000 1.00000
48.00000 -13.00000 0.50000
48.50000 -13.00000 2.00000
48.00000 -13.50000 3.00000
48.50000 -13.00000 3.00000
48.00000 -13.50000 4.00000
48.50000 -13.00000 4.00000
48.00000 -13.50000 5.00000
48.50000 -13.00000 5.00000
48.50000 -13.00000 9.00000
48.00000 -13.50000 9.00000
48.00000 -13.00000 8.50000
48.00000 -12.00000 0.50000
48.50000 -12.00000 3.00000
48.00000 -12.00000 8.50000
48.00000 -11.00000 0.50000
48.00000 -11.50000 8.00000
48.00000 -11.00000 7.50000
48.00000 -10.00000 0.50000
48.50000 -10.00000 6.00000
48.00000 -10.50000 6.00000
48.00000 -10.00000 5.50000
48.00000 -10.50000 7.00000
48.00000 -9.00000 0.50000
48.50000 -9.00000 5.00000
48.00000 -9.50000 5.00000
48.00000 -9.00000 4.50000
48.00000 -8.00000 0.50000
48.50000 -8.00000 4.00000
48.00000 -8.50000 4.00000
48.00000 -8.00000 3.50000
48.00000 -7.50000 1.00000
48.50000 -7.00000 2.00000
48.00000 -7.50000 2.00000
48.50000 -7.00000 3.00000
48.00000 -7.50000 3.00000
47.50000 -24.00000 10.00000
47.00000 -24.00000 9.50000
47.00000 -24.50000 10.00000
47.00000 -24.00000 10.50000
47.50000 -23.00000 8.00000
47.00000 -23.00000 7.50000
47.00000 -23.50000 8.00000
47.00000 -23.50000 9.00000
47.50000 -23.00000 9.00000
47.50000 -23.00000 10.00000
47.00000 -23.50000 11.00000
47.50000 -23.00000 11.00000
47.00000 -23.50000 12.00000
47.50000 -23.00000 12.00000
47.00000 -23.00000 12.50000
47.50000 -22.00000 6.00000
47.00000 -22.00000 5.50000
47.00000 -22.50000 6.00000
47.00000 -22.50000 7.00000
47.50000 -22.00000 7.00000
47.50000 -22.00000 8.00000
47.00000 -22.50000 13.00000
47.50000 -22.00000 13.00000
47.00000 -22.00000 13.50000
47.00000 -21.00000 5.50000
47.50000 -21.00000 13.00000
47.00000 -21.00000 13.50000
47.50000 -20.00000 5.00000
47.00000 -20.00000 5.50000
47.50000 -20.00000 9.00000
47.00000 -20.50000 9.00000
47.00000 -20.00000 8.50000
47.00000 -20.00000 9.50000
47.50000 -20.00000 13.00000
47.00000 -20.00000 13.50000
47.50000 -19.00000 5.00000
47.00000 -19.50000 6.00000
47.50000 -19.00000 6.00000
47.50000 -19.00000 7.00000
47.00000 -19.50000 7.00000
47.50000 -19.00000 8.00000
47.00000 -19.50000 8.00000
47.50000 -19.00000 9.00000
47.00000 -19.00000 9.50000
47.00000 -19.50000 13.00000
47.00000 -19.00000 12.50000
47.00000 -18.50000 9.00000
47.00000 -18.00000 8.50000
47.00000 -18.00000 12.50000
47.00000 -17.00000 8.50000
47.00000 -17.50000 12.00000
47.00000 -17.00000 11.50000
47.50000 -16.00000 1.00000
47.00000 -16.00000 0.50000
47.00000 -16.50000 1.00000
47.00000 -16.50000 2.00000
47.50000 -16.00000 2.00000
47.00000 -16.00000 2.50000
47.00000 -16.00000 7.50000
47.00000 -16.50000 8.00000
47.00000 -16.00000 11.50000
47.00000 -15.00000 0.50000
47.00000 -15.50000 3.00000
47.50000 -15.00000 3.00000
47.00000 -15.00000 3.50000
47.50000 -15.00000 6.00000
47.00000 -15.00000 5.50000
47.00000 -15.50000 6.00000
47.00000 -15.50000 7.00000
47.00000 -15.50000 11.00000
47.00000 -15.00000 10.50000
47.00000 -14.00000 0.50000
47.50000 -14.00000 3.00000
47.00000 -14.50000 4.00000
47.50000 -14.00000 4.00000
47.00000 -14.50000 5.00000
47.50000 -14.00000 5.00000
47.00000 -14.50000 10.00000
47.00000 -14.00000 9.50000
47.00000 -13.00000 0.50000
47.00000 -13.50000 9.00000
47.00000 -13.00000 8.50000
47.00000 -12.00000 0.50000
47.50000 -12.00000 8.00000
47.00000 -12.50000 8.00000
47.00000 -12.00000 7.50000
47.00000 -11.00000 0.50000
47.50000 -11.00000 7.00000
47.00000 -11.50000 7.00000
47.00000 -11.00000 6.50000
47.00000 -10.00000 0.50000
47.50000 -10.00000 5.00000
47.00000 -10.50000 5.00000
47.00000 -10.00000 4.50000
47.00000 -10.50000 6.00000
47.00000 -9.50000 1.00000
47.50000 -9.00000 1.00000
47.00000 -9.00000 1.50000
47.50000 -9.00000 3.00000
47.00000 -9.50000 3.00000
47.00000 -9.00000 2.50000
47.50000 -9.00000 4.00000
47.00000 -9.50000 4.00000
47.50000 -8.00000 1.00000
47.00000 -8.50000 2.00000
47.50000 -8.00000 2.00000
47.50000 -8.00000 3.00000
46.50000 -25.00000 10.00000
46.00000 -25.00000 9.50000
46.00000 -25.50000 10.00000
46.00000 -25.00000 10.50000
46.50000 -24.00000 8.00000
46.00000 -24.00000 7.50000
46.00000 -24.50000 8.00000
46.00000 -24.50000 9.00000
46.50000 -24.00000 9.00000
46.00000 -24.50000 11.00000
46.50000 -24.00000 11.00000
46.00000 -24.50000 12.00000
46.50000 -24.00000 12.00000
46.00000 -24.00000 12.50000
46.50000 -23.00000 7.00000
46.00000 -23.00000 6.50000
46.00000 -23.50000 7.00000
46.00000 -23.50000 13.00000
46.50000 -23.00000 13.00000
46.00000 -23.00000 13.50000
46.50000 -22.00000 6.00000
46.00000 -22.00000 6.50000
46.00000 -22.00000 13.50000
46.50000 -21.00000 6.00000
46.00000 -21.50000 7.00000
46.50000 -21.00000 7.00000
46.50000 -21.00000 8.00000
46.00000 -21.50000 8.00000
46.50000 -21.00000 9.00000
46.00000 -21.50000 9.00000
46.00000 -21.00000 9.50000
46.00000 -21.00000 13.50000
46.50000 -20.00000 6.00000
46.50000 -20.00000 7.00000
46.50000 -20.00000 8.00000
46.00000 -20.00000 9.50000
46.00000 -20.00000 13.50000
46.00000 -19.00000 9.50000
46.00000 -19.50000 13.00000
46.00000 -19.00000 12.50000
46.50000 -18.00000 2.00000
46.00000 -18.00000 1.50000
46.00000 -18.50000 2.00000
46.00000 -18.00000 2.50000
46.00000 -18.00000 8.50000
46.00000 -18.50000 9.00000
46.00000 -18.00000 12.50000
46.50000 -17.00000 1.00000
46.00000 -17.00000 0.50000
46.00000 -17.50000 1.00000
46.50000 -17.00000 2.00000
46.00000 -17.00000 2.50000
46.50000 -17.00000 8.00000
46.00000 -17.00000 7.50000
46.00000 -17.50000 8.00000
46.00000 -17.50000 12.00000
46.00000 -17.00000 11.50000
46.00000 -16.00000 0.50000
46.00000 -16.50000 3.00000
46.50000 -16.00000 3.00000
46.00000 -16.00000 3.50000
46.50000 -16.00000 6.00000
46.00000 -16.00000 5.50000
46.00000 -16.50000 6.00000
46.00000 -16.50000 7.00000
46.50000 -16.00000 7.00000
46.50000 -16.00000 11.00000
46.00000 -16.50000 11.00000
46.00000 -16.00000 10.50000
46.00000 -15.00000 0.50000
46.00000 -15.50000 4.00000
46.50000 -15.00000 4.00000
46.00000 -15.50000 5.00000
46.50000 -15.00000 5.00000
46.50000 -15.00000 10.00000
46.00000 -15.50000 10.00000
46.00000 -15.00000 9.50000
46.00000 -14.00000 0.50000
46.50000 -14.00000 9.00000
46.00000 -14.50000 9.00000
46.00000 -14.00000 8.50000
46.00000 -13.00000 0.50000
46.50000 -13.00000 8.00000
46.00000 -13.50000 8.00000
46.00000 -13.00000 7.50000
46.00000 -12.50000 1.00000
46.50000 -12.00000 1.00000
46.00000 -12.00000 1.50000
46.50000 -12.00000 7.00000
46.00000 -12.50000 7.00000
46.00000 -12.00000 6.50000
46.50000 -11.00000 1.00000
46.00000 -11.50000 2.00000
46.50000 -11.00000 2.00000
46.50000 -11.00000 3.00000
46.00000 -11.50000 3.00000
46.50000 -11.00000 4.00000
46.00000 -11.50000 4.00000
46.50000 -11.00000 5.00000
46.00000 -11.50000 5.00000
46.50000 -11.00000 6.00000
46.00000 -11.50000 6.00000
46.50000 -10.00000 1.00000
46.50000 -10.00000 2.00000
46.50000 -10.00000 3.00000
46.50000 -10.00000 4.00000
46.50000 -9.00000 2.00000
45.50000 -25.00000 9.00000
45.00000 -25.00000 8.50000
45.00000 -25.50000 9.00000
45.00000 -25.50000 10.00000
45.00000 -25.50000 11.00000
45.50000 -25.00000 11.00000
45.00000 -25.50000 12.00000
45.50000 -25.00000 12.00000
45.00000 -25.50000 13.00000
45.50000 -25.00000 13.00000
45.00000 -25.00000 13.50000
45.50000 -24.00000 7.00000
45.00000 -24.00000 6.50000
45.00000 -24.50000 7.00000
45.00000 -24.50000 8.00000
45.50000 -24.00000 13.00000
45.00000 -24.00000 13.50000
45.50000 -23.00000 7.00000
45.00000 -23.50000 7.00000
45.00000 -23.00000 7.50000
45.00000 -23.00000 13.50000
45.50000 -22.00000 7.00000
45.00000 -22.50000 8.00000
45.50000 -22.00000 8.00000
45.50000 -22.00000 9.00000
45.00000 -22.50000 9.00000
45.50000 -22.00000 10.00000
45.00000 -22.50000 10.00000
45.00000 -22.00000 10.50000
45.00000 -22.00000 13.50000
45.50000 -21.00000 10.00000
45.00000 -21.00000 10.50000
45.00000 -21.00000 13.50000
45.50000 -20.00000 10.00000
45.00000 -20.00000 10.50000
45.00000 -20.00000 13.50000
45.50000 -19.00000 2.00000
45.00000 -19.00000 1.50000
45.00000 -19.50000 2.00000
45.00000 -19.00000 2.50000
45.00000 -19.00000 9.50000
45.00000 -19.50000 10.00000
45.00000 -19.50000 13.00000
45.00000 -19.00000 12.50000
45.50000 -18.00000 1.00000
45.00000 -18.00000 0.50000
45.00000 -18.50000 1.00000
45.00000 -18.50000 3.00000
45.50000 -18.00000 3.00000
45.00000 -18.00000 3.50000
45.50000 -18.00000 8.00000
45.00000 -18.00000 7.50000
45.00000 -18.50000 8.00000
45.00000 -18.50000 9.00000
45.50000 -18.00000 12.00000
45.00000 -18.50000 12.00000
45.00000 -18.00000 11.50000
45.00000 -17.00000 0.50000
45.50000 -17.00000 3.00000
45.00000 -17.00000 3.50000
45.50000 -17.00000 6.00000
45.00000 -17.00000 5.50000
45.00000 -17.50000 6.00000
45.00000 -17.50000 7.00000
45.50000 -17.00000 7.00000
45.50000 -17.00000 11.00000
45.00000 -17.50000 11.00000
45.00000 -17.00000 10.50000
45.00000 -16.00000 0.50000
45.00000 -16.50000 4.00000
45.50000 -16.00000 4.00000
45.00000 -16.50000 5.00000
45.50000 -16.00000 5.00000
45.00000 -16.00000 10.50000
45.00000 -15.00000 0.50000
45.50000 -15.00000 9.00000
45.00000 -15.50000 9.00000
45.00000 -15.00000 8.50000
45.00000 -15.50000 10.00000
45.00000 -14.50000 1.00000
45.50000 -14.00000 1.00000
45.00000 -14.00000 1.50000
45.50000 -14.00000 8.00000
45.00000 -14.50000 8.00000
45.00000 -14.00000 7.50000
45.50000 -13.00000 1.00000
45.00000 -13.50000 2.00000
45.50000 -13.00000 2.00000
45.50000 -13.00000 3.00000
45.00000 -13.50000 3.00000
45.00000 -13.00000 3.50000
45.50000 -13.00000 6.00000
45.00000 -13.50000 6.00000
45.00000 -13.00000 5.50000
45.50000 -13.00000 7.00000
45.00000 -13.50000 7.00000
45.50000 -12.00000 2.00000
45.50000 -12.00000 3.00000
45.00000 -12.50000 4.00000
45.50000 -12.00000 4.00000
45.50000 -12.00000 5.00000
45.00000 -12.50000 5.00000
45.50000 -12.00000 6.00000
44.50000 -26.00000 9.00000
44.00000 -26.00000 8.50000
44.00000 -26.50000 9.00000
44.00000 -26.50000 10.00000
44.50000 -26.00000 10.00000
44.00000 -26.50000 11.00000
44.50000 -26.00000 11.00000
44.00000 -26.50000 12.00000
44.50000 -26.00000 12.00000
44.00000 -26.50000 13.00000
44.50000 -26.00000 13.00000
44.00000 -26.00000 13.50000
44.50000 -25.00000 8.00000
44.00000 -25.00000 7.50000
44.00000 -25.50000 8.00000
44.00000 -25.50000 14.00000
44.50000 -25.00000 14.00000
44.00000 -25.00000 14.50000
44.50000 -24.00000 7.00000
44.00000 -24.00000 7.50000
44.50000 -24.00000 14.00000
44.00000 -24.00000 14.50000
44.50000 -23.00000 8.00000
44.00000 -23.50000 8.00000
44.50000 -23.00000 9.00000
44.00000 -23.50000 9.00000
44.50000 -23.00000 10.00000
44.00000 -23.50000 10.00000
44.50000 -23.00000 11.00000
44.00000 -23.50000 11.00000
44.00000 -23.00000 11.50000
44.50000 -23.00000 14.00000
44.00000 -23.00000 14.50000
44.50000 -22.00000 11.00000
44.00000 -22.00000 11.50000
44.50000 -22.00000 14.00000
44.00000 -22.00000 14.50000
44.00000 -21.00000 10.50000
44.00000 -21.50000 11.00000
44.00000 -21.50000 14.00000
44.00000 -21.00000 13.50000
44.50000 -20.00000 2.00000
44.00000 -20.00000 1.50000
44.00000 -20.50000 2.00000
44.00000 -20.00000 2.50000
44.50000 -20.00000 10.00000
44.00000 -20.00000 9.50000
44.00000 -20.50000 10.00000
44.00000 -20.00000 13.50000
44.00000 -19.00000 1.50000
44.00000 -19.50000 3.00000
44.50000 -19.00000 3.00000
44.00000 -19.00000 3.50000
44.50000 -19.00000 9.00000
44.00000 -19.00000 8.50000
44.00000 -19.50000 9.00000
44.00000 -19.50000 13.00000
44.00000 -19.00000 12.50000
44.00000 -18.00000 0.50000
44.00000 -18.50000 1.00000
44.00000 -18.50000 4.00000
44.50000 -18.00000 4.00000
44.00000 -18.50000 5.00000
44.50000 -18.00000 5.00000
44.00000 -18.50000 6.00000
44.50000 -18.00000 6.00000
44.00000 -18.50000 7.00000
44.50000 -18.00000 7.00000
44.00000 -18.50000 8.00000
44.00000 -18.50000 12.00000
44.00000 -18.00000 11.50000
44.00000 -17.00000 0.50000
44.50000 -17.00000 4.00000
44.50000 -17.00000 5.00000
44.00000 -17.50000 11.00000
44.00000 -17.00000 10.50000
44.00000 -16.50000 1.00000
44.50000 -16.00000 1.00000
44.00000 -16.00000 1.50000
44.50000 -16.00000 10.00000
44.00000 -16.50000 10.00000
44.00000 -16.00000 9.50000
44.50000 -15.00000 1.00000
44.00000 -15.50000 2.00000
44.50000 -15.00000 2.00000
44.00000 -15.00000 2.50000
44.50000 -15.00000 7.00000
44.00000 -15.50000 7.00000
44.00000 -15.00000 6.50000
44.50000 -15.00000 8.00000
44.00000 -15.50000 8.00000
44.00000 -15.50000 9.00000
44.50000 -14.00000 2.00000
44.00000 -14.50000 3.00000
44.50000 -14.00000 3.00000
44.50000 -14.00000 4.00000
44.00000 -14.50000 4.00000
44.50000 -14.00000 5.00000
44.00000 -14.50000 5.00000
44.50000 -14.00000 6.00000
44.00000 -14.50000 6.00000
44.50000 -14.00000 7.00000
44.50000 -13.00000 4.00000
44.50000 -13.00000 5.00000
43.50000 -27.00000 10.00000
43.00000 -27.00000 9.50000
43.00000 -27.50000 10.00000
43.00000 -27.50000 11.00000
43.50000 -27.00000 11.00000
43.00000 -27.50000 12.00000
43.50000 -27.00000 12.00000
43.00000 -27.50000 13.00000
43.50000 -27.00000 13.00000
43.00000 -27.00000 13.50000
43.50000 -26.00000 8.00000
43.00000 -26.00000 7.50000
43.00000 -26.50000 8.00000
43.00000 -26.50000 9.00000
43.00000 -26.50000 14.00000
43.50000 -26.00000 14.00000
43.00000 -26.00000 14.50000
43.50000 -25.00000 8.00000
43.00000 -25.50000 8.00000
43.00000 -25.00000 8.50000
43.00000 -25.00000 14.50000
43.50000 -24.00000 8.00000
43.00000 -24.50000 9.00000
43.50000 -24.00000 9.00000
43.50000 -24.00000 10.00000
43.00000 -24.50000 10.00000
43.50000 -24.00000 11.00000
43.00000 -24.50000 11.00000
43.00000 -24.00000 11.50000
43.00000 -24.00000 14.50000
43.00000 -23.00000 11.50000
43.00000 -23.00000 14.50000
43.00000 -22.00000 11.50000
43.00000 -22.00000 14.50000
43.00000 -21.00000 10.50000
43.00000 -21.50000 11.00000
43.00000 -21.50000 14.00000
43.00000 -21.00000 13.50000
43.50000 -20.00000 1.00000
43.00000 -20.00000 0.50000
43.00000 -20.50000 1.00000
43.00000 -20.50000 2.00000
43.00000 -20.50000 3.00000
43.50000 -20.00000 3.00000
43.00000 -20.00000 3.50000
43.50000 -20.00000 9.00000
43.00000 -20.00000 8.50000
43.00000 -20.50000 9.00000
43.00000 -20.50000 10.00000
43.00000 -20.00000 13.50000
43.50000 -19.00000 1.00000
43.00000 -19.00000 0.50000
43.00000 -19.50000 4.00000
43.50000 -19.00000 4.00000
43.00000 -19.50000 5.00000
43.50000 -19.00000 5.00000
43.00000 -19.50000 6.00000
43.50000 -19.00000 6.00000
43.00000 -19.50000 7.00000
43.50000 -19.00000 7.00000
43.00000 -19.50000 8.00000
43.50000 -19.00000 8.00000
43.00000 -19.50000 13.00000
43.00000 -19.00000 12.50000
43.50000 -18.00000 1.00000
43.00000 -18.50000 1.00000
43.00000 -18.00000 1.50000
43.50000 -18.00000 11.00000
43.00000 -18.50000 11.00000
43.00000 -18.00000 10.50000
43.00000 -18.50000 12.00000
43.50000 -17.00000 1.00000
43.00000 -17.50000 2.00000
43.50000 -17.00000 2.00000
43.00000 -17.00000 2.50000
43.50000 -17.00000 10.00000
43.00000 -17.50000 10.00000
43.00000 -17.00000 9.50000
43.50000 -16.00000 2.00000
43.00000 -16.50000 3.00000
43.50000 -16.00000 3.00000
43.00000 -16.00000 3.50000
43.50000 -16.00000 8.00000
43.00000 -16.50000 8.00000
43.00000 -16.00000 7.50000
43.50000 -16.00000 9.00000
43.00000 -16.50000 9.00000
43.50000 -15.00000 3.00000
43.00000 -15.50000 4.00000
43.50000 -15.00000 4.00000
43.50000 -15.00000 5.00000
43.00000 -15.50000 5.00000
43.50000 -15.00000 6.00000
43.00000 -15.50000 6.00000
43.00000 -15.50000 7.00000
42.50000 -28.00000 10.00000
42.00000 -28.00000 9.50000
42.00000 -28.50000 10.00000
42.00000 -28.50000 11.00000
42.50000 -28.00000 11.00000
42.00000 -28.50000 12.00000
42.50000 -28.00000 12.00000
42.00000 -28.50000 13.00000
42.50000 -28.00000 13.00000
42.00000 -28.00000 13.50000
42.50000 -27.00000 9.00000
42.00000 -27.00000 8.50000
42.00000 -27.50000 9.00000
42.00000 -27.50000 14.00000
42.50000 -27.00000 14.00000
42.00000 -27.00000 14.50000
42.50000 -26.00000 8.00000
42.00000 -26.50000 9.00000
42.50000 -26.00000 9.00000
42.00000 -26.00000 9.50000
42.00000 -26.50000 15.00000
42.50000 -26.00000 15.00000
42.00000 -26.00000 15.50000
42.50000 -25.00000 9.00000
42.00000 -25.50000 10.00000
42.50000 -25.00000 10.00000
42.50000 -25.00000 11.00000
42.00000 -25.50000 11.00000
42.00000 -25.00000 11.50000
42.50000 -25.00000 15.00000
42.00000 -25.00000 15.50000
42.00000 -24.00000 11.50000
42.00000 -24.50000 15.00000
42.00000 -24.00000 14.50000
42.00000 -23.00000 11.50000
42.00000 -23.00000 14.50000
42.50000 -22.00000 11.00000
42.00000 -22.00000 10.50000
42.00000 -22.50000 11.00000
42.00000 -22.00000 14.50000
42.50000 -21.00000 1.00000
42.00000 -21.00000 0.50000
42.00000 -21.50000 1.00000
42.00000 -21.50000 2.00000
42.50000 -21.00000 2.00000
42.00000 -21.50000 3.00000
42.50000 -21.00000 3.00000
42.00000 -21.00000 3.50000
42.50000 -21.00000 9.00000
42.00000 -21.00000 8.50000
42.00000 -21.50000 9.00000
42.00000 -21.50000 10.00000
42.50000 -21.00000 10.00000
42.00000 -21.50000 14.00000
42.00000 -21.00000 13.50000
42.00000 -20.00000 0.50000
42.00000 -20.50000 4.00000
42.50000 -20.00000 4.00000
42.00000 -20.50000 5.00000
42.50000 -20.00000 5.00000
42.00000 -20.50000 6.00000
42.50000 -20.00000 6.00000
42.00000 -20.50000 7.00000
42.50000 -20.00000 7.00000
42.00000 -20.50000 8.00000
42.50000 -20.00000 8.00000
42.50000 -20.00000 13.00000
42.00000 -20.50000 13.00000
42.00000 -20.00000 12.50000
42.00000 -19.50000 1.00000
42.50000 -19.00000 1.00000
42.50000 -19.00000 2.00000
42.00000 -19.50000 2.00000
42.00000 -19.00000 2.50000
42.50000 -19.00000 12.00000
42.00000 -19.50000 12.00000
42.00000 -19.00000 11.50000
42.50000 -18.00000 2.00000
42.00000 -18.00000 2.50000
42.50000 -18.00000 10.00000
42.00000 -18.50000 10.00000
42.00000 -18.00000 9.50000
42.00000 -18.50000 11.00000
42.50000 -17.00000 3.00000
42.00000 -17.50000 3.00000
42.00000 -17.00000 3.50000
42.50000 -17.00000 8.00000
42.00000 -17.50000 8.00000
42.00000 -17.00000 7.50000
42.50000 -17.00000 9.00000
42.00000 -17.50000 9.00000
42.50000 -16.00000 4.00000
42.00000 -16.50000 4.00000
42.50000 -16.00000 5.00000
42.00000 -16.50000 5.00000
42.50000 -16.00000 6.00000
42.00000 -16.50000 6.00000
42.50000 -16.00000 7.00000
42.00000 -16.50000 7.00000
41.50000 -29.00000 11.00000
41.00000 -29.00000 10.50000
41.00000 -29.50000 11.00000
41.00000 -29.50000 12.00000
41.50000 -29.00000 12.00000
41.00000 -29.50000 13.00000
41.50000 -29.00000 13.00000
41.00000 -29.00000 13.50000
41.00000 -28.00000 9.50000
41.00000 -28.50000 10.00000
41.00000 -28.50000 14.00000
41.50000 -28.00000 14.00000
41.00000 -28.00000 14.50000
41.50000 -27.00000 9.00000
41.00000 -27.00000 9.50000
41.00000 -27.50000 15.00000
41.50000 -27.00000 15.00000
41.00000 -27.00000 15.50000
41.50000 -26.00000 10.00000
41.00000 -26.50000 10.00000
41.50000 -26.00000 11.00000
41.00000 -26.50000 11.00000
41.00000 -26.00000 11.50000
41.00000 -26.00000 15.50000
41.50000 -25.00000 12.00000
41.00000 -25.50000 12.00000
41.00000 -25.00000 12.50000
41.00000 -25.00000 15.50000
41.50000 -24.00000 12.00000
41.00000 -24.00000 12.50000
41.50000 -24.00000 15.00000
41.00000 -24.00000 15.50000
41.50000 -23.00000 3.00000
41.00000 -23.00000 2.50000
41.00000 -23.50000 3.00000
41.00000 -23.50000 4.00000
41.50000 -23.00000 4.00000
41.00000 -23.00000 4.50000
41.00000 -23.00000 11.50000
41.00000 -23.50000 12.00000
41.00000 -23.50000 15.00000
41.00000 -23.00000 14.50000
41.50000 -22.00000 2.00000
41.00000 -22.00000 1.50000
41.00000 -22.50000 2.00000
41.50000 -22.00000 3.00000
41.50000 -22.00000 4.00000
41.00000 -22.50000 5.00000
41.50000 -22.00000 5.00000
41.00000 -22.00000 5.50000
41.50000 -22.00000 10.00000
41.00000 -22.00000 9.50000
41.00000 -22.50000 10.00000
41.00000 -22.50000 11.00000
41.50000 -22.00000 14.00000
41.00000 -22.50000 14.00000
41.00000 -22.00000 13.50000
41.00000 -21.00000 0.50000
41.00000 -21.50000 1.00000
41.50000 -21.00000 4.00000
41.50000 -21.00000 5.00000
41.00000 -21.50000 6.00000
41.50000 -21.00000 6.00000
41.00000 -21.50000 7.00000
41.50000 -21.00000 7.00000
41.00000 -21.50000 8.00000
41.50000 -21.00000 8.00000
41.00000 -21.50000 9.00000
41.50000 -21.00000 13.00000
41.00000 -21.50000 13.00000
41.00000 -21.00000 12.50000
41.00000 -20.50000 1.00000
41.50000 -20.00000 1.00000
41.50000 -20.00000 2.00000
41.00000 -20.50000 2.00000
41.00000 -20.00000 2.50000
41.50000 -20.00000 12.00000
41.00000 -20.50000 12.00000
41.00000 -20.00000 11.50000
41.50000 -19.00000 3.00000
41.00000 -19.50000 3.00000
41.00000 -19.00000 3.50000
41.50000 -19.00000 11.00000
41.00000 -19.50000 11.00000
41.00000 -19.00000 10.50000
41.50000 -18.00000 3.00000
41.00000 -18.50000 4.00000
41.50000 -18.00000 4.00000
41.00000 -18.00000 4.50000
41.50000 -18.00000 9.00000
41.00000 -18.50000 9.00000
41.00000 -18.00000 8.50000
41.00000 -18.50000 10.00000
41.50000 -17.00000 4.00000
41.00000 -17.50000 5.00000
41.50000 -17.00000 5.00000
41.50000 -17.00000 6.00000
41.00000 -17.50000 6.00000
41.50000 -17.00000 7.00000
41.00000 -17.50000 7.00000
41.00000 -17.50000 8.00000
40.50000 -30.00000 12.00000
40.00000 -30.00000 11.50000
40.00000 -30.50000 12.00000
40.00000 -30.50000 13.00000
40.50000 -30.00000 13.00000
40.00000 -30.50000 14.00000
40.50000 -30.00000 14.00000
40.00000 -30.00000 14.50000
40.50000 -29.00000 10.00000
40.00000 -29.00000 9.50000
40.00000 -29.50000 10.00000
40.00000 -29.50000 11.00000
40.50000 -29.00000 14.00000
40.00000 -29.50000 15.00000
40.50000 -29.00000 15.00000
40.00000 -29.00000 15.50000
40.00000 -28.00000 9.50000
40.50000 -28.00000 15.00000
40.00000 -28.00000 15.50000
40.00000 -27.50000 10.00000
40.50000 -27.00000 10.00000
40.50000 -27.00000 11.00000
40.00000 -27.50000 11.00000
40.00000 -27.00000 11.50000
40.00000 -27.50000 16.00000
40.50000 -27.00000 16.00000
40.00000 -27.00000 16.50000
40.50000 -26.00000 12.00000
40.00000 -26.50000 12.00000
40.00000 -26.00000 12.50000
40.00000 -26.50000 16.00000
40.00000 -26.00000 15.50000
40.00000 -25.00000 12.50000
40.00000 -25.00000 15.50000
40.50000 -24.00000 4.00000
40.00000 -24.00000 3.50000
40.00000 -24.50000 4.00000
40.00000 -24.00000 4.50000
40.50000 -24.00000 12.00000
40.00000 -24.00000 11.50000
40.00000 -24.50000 12.00000
40.00000 -24.00000 15.50000
40.00000 -23.00000 2.50000
40.00000 -23.50000 3.00000
40.00000 -23.50000 5.00000
40.50000 -23.00000 5.00000
40.00000 -23.50000 6.00000
40.50000 -23.00000 6.00000
40.00000 -23.00000 6.50000
40.50000 -23.00000 11.00000
40.00000 -23.00000 10.50000
40.00000 -23.50000 11.00000
40.00000 -23.50000 15.00000
40.00000 -23.00000 14.50000
40.50000 -22.00000 2.00000
40.00000 -22.00000 2.50000
40.50000 -22.00000 6.00000
40.00000 -22.50000 7.00000
40.50000 -22.00000 7.00000
40.00000 -22.50000 8.00000
40.50000 -22.00000 8.00000
40.00000 -22.50000 9.00000
40.50000 -22.00000 9.00000
40.00000 -22.50000 10.00000
40.00000 -22.50000 14.00000
40.00000 -22.00000 13.50000
40.50000 -21.00000 1.00000
40.50000 -21.00000 2.00000
40.00000 -21.50000 3.00000
40.50000 -21.00000 3.00000
40.00000 -21.00000 3.50000
40.00000 -21.50000 13.00000
40.00000 -21.00000 12.50000
40.50000 -20.00000 3.00000
40.00000 -20.00000 3.50000
40.50000 -20.00000 11.00000
40.00000 -20.50000 11.00000
40.00000 -20.00000 10.50000
40.00000 -20.50000 12.00000
40.50000 -19.00000 4.00000
40.00000 -19.50000 4.00000
40.00000 -19.00000 4.50000
40.50000 -19.00000 9.00000
40.00000 -19.50000 9.00000
40.00000 -19.00000 8.50000
40.50000 -19.00000 10.00000
40.00000 -19.50000 10.00000
40.50000 -18.00000 5.00000
40.00000 -18.50000 5.00000
40.50000 -18.00000 6.00000
40.00000 -18.50000 6.00000
40.50000 -18.00000 7.00000
40.00000 -18.50000 7.00000
40.50000 -18.00000 8.00000
40.00000 -18.50000 8.00000
39.50000 -30.00000 11.00000
39.00000 -30.00000 10.50000
39.00000 -30.50000 11.00000
39.00000 -30.50000 12.00000
39.00000 -30.50000 13.00000
39.00000 -30.50000 14.00000
39.00000 -30.50000 15.00000
39.50000 -30.00000 15.00000
39.00000 -30.00000 15.50000
39.50000 -29.00000 10.00000
39.00000 -29.00000 10.50000
39.00000 -29.50000 16.00000
39.50000 -29.00000 16.00000
39.00000 -29.00000 16.50000
39.50000 -28.00000 10.00000
39.00000 -28.50000 11.00000
39.50000 -28.00000 11.00000
39.00000 -28.00000 11.50000
39.50000 -28.00000 16.00000
39.00000 -28.00000 16.50000
39.50000 -27.00000 12.00000
39.00000 -27.50000 12.00000
39.50000 -27.00000 13.00000
39.00000 -27.50000 13.00000
39.00000 -27.00000 13.50000
39.00000 -27.00000 16.50000
39.50000 -26.00000 13.00000
39.00000 -26.00000 13.50000
39.50000 -26.00000 16.00000
39.00000 -26.00000 16.50000
39.00000 -25.00000 12.50000
39.00000 -25.50000 13.00000
39.00000 -25.50000 16.00000
39.00000 -25.00000 15.50000
39.00000 -24.00000 3.50000
39.00000 -24.50000 4.00000
39.00000 -24.50000 5.00000
39.50000 -24.00000 5.00000
39.00000 -24.50000 6.00000
39.50000 -24.00000 6.00000
39.00000 -24.50000 7.00000
39.50000 -24.00000 7.00000
39.00000 -24.50000 8.00000
39.50000 -24.00000 8.00000
39.00000 -24.00000 8.50000
39.00000 -24.00000 11.50000
39.00000 -24.50000 12.00000
39.00000 -24.00000 15.50000
39.50000 -23.00000 3.00000
39.00000 -23.00000 3.50000
39.50000 -23.00000 7.00000
39.50000 -23.00000 8.00000
39.00000 -23.50000 9.00000
39.50000 -23.00000 9.00000
39.00000 -23.50000 10.00000
39.50000 -23.00000 10.00000
39.00000 -23.50000 11.00000
39.00000 -23.50000 15.00000
39.00000 -23.00000 14.50000
39.50000 -22.00000 3.00000
39.00000 -22.50000 4.00000
39.50000 -22.00000 4.00000
39.00000 -22.00000 4.50000
39.50000 -22.00000 13.00000
39.00000 -22.50000 13.00000
39.00000 -22.00000 12.50000
39.00000 -22.50000 14.00000
39.50000 -21.00000 4.00000
39.00000 -21.00000 4.50000
39.50000 -21.00000 12.00000
39.00000 -21.50000 12.00000
39.00000 -21.00000 11.50000
39.50000 -20.00000 4.00000
39.00000 -20.50000 5.00000
39.50000 -20.00000 5.00000
39.00000 -20.00000 5.50000
39.50000 -20.00000 10.00000
39.00000 -20.50000 10.00000
39.00000 -20.00000 9.50000
39.00000 -20.50000 11.00000
39.50000 -19.00000 5.00000
39.00000 -19.50000 6.00000
39.50000 -19.00000 6.00000
39.50000 -19.00000 7.00000
39.00000 -19.50000 7.00000
39.50000 -19.00000 8.00000
39.00000 -19.50000 8.00000
39.00000 -19.50000 9.00000
38.50000 -30.00000 11.00000
38.00000 -30.00000 11.50000
38.00000 -30.50000 12.00000
38.00000 -30.50000 13.00000
38.00000 -30.50000 14.00000
38.00000 -30.50000 15.00000
38.00000 -30.50000 16.00000
38.50000 -30.00000 16.00000
38.00000 -30.00000 16.50000
38.50000 -29.00000 11.00000
38.00000 -29.50000 12.00000
38.50000 -29.00000 12.00000
38.00000 -29.00000 12.50000
38.00000 -29.00000 16.50000
38.50000 -28.00000 12.00000
38.00000 -28.50000 13.00000
38.50000 -28.00000 13.00000
38.00000 -28.00000 13.50000
38.00000 -28.00000 16.50000
38.00000 -27.00000 13.50000
38.00000 -27.00000 16.50000
38.00000 -26.00000 13.50000
38.00000 -26.00000 16.50000
38.50000 -25.00000 6.00000
38.00000 -25.00000 5.50000
38.00000 -25.50000 6.00000
38.00000 -25.50000 7.00000
38.50000 -25.00000 7.00000
38.00000 -25.00000 7.50000
38.00000 -25.00000 12.50000
38.00000 -25.50000 13.00000
38.00000 -25.50000 16.00000
38.00000 -25.00000 15.50000
38.50000 -24.00000 4.00000
38.00000 -24.00000 4.50000
38.00000 -24.50000 5.00000
38.00000 -24.50000 8.00000
38.00000 -24.50000 9.00000
38.50000 -24.00000 9.00000
38.00000 -24.50000 10.00000
38.50000 -24.00000 10.00000
38.00000 -24.50000 11.00000
38.50000 -24.00000 11.00000
38.00000 -24.50000 12.00000
38.00000 -24.00000 15.50000
38.50000 -23.00000 4.00000
38.00000 -23.00000 4.50000
38.50000 -23.00000 14.00000
38.00000 -23.50000 14.00000
38.00000 -23.00000 13.50000
38.00000 -23.50000 15.00000
38.50000 -22.00000 5.00000
38.00000 -22.50000 5.00000
38.00000 -22.00000 5.50000
38.00000 -22.50000 13.00000
38.00000 -22.00000 12.50000
38.50000 -21.00000 5.00000
38.00000 -21.50000 6.00000
38.50000 -21.00000 6.00000
38.00000 -21.00000 6.50000
38.50000 -21.00000 11.00000
38.00000 -21.50000 11.00000
38.00000 -21.00000 10.50000
38.00000 -21.50000 12.00000
38.50000 -20.00000 6.00000
38.00000 -20.50000 7.00000
38.50000 -20.00000 7.00000
38.50000 -20.00000 8.00000
38.00000 -20.50000 8.00000
38.50000 -20.00000 9.00000
38.00000 -20.50000 9.00000
38.00000 -20.50000 10.00000
37.50000 -30.00000 12.00000
37.50000 -30.00000 13.00000
37.00000 -30.00000 13.50000
37.00000 -30.50000 14.00000
37.00000 -30.50000 15.00000
37.00000 -30.50000 16.00000
37.00000 -30.00000 16.50000
37.50000 -29.00000 13.00000
37.00000 -29.00000 13.50000
37.00000 -29.50000 17.00000
37.50000 -29.00000 17.00000
37.00000 -29.00000 17.50000
37.50000 -28.00000 14.00000
37.00000 -28.50000 14.00000
37.00000 -28.00000 14.50000
37.50000 -28.00000 17.00000
37.00000 -28.00000 17.50000
37.00000 -27.00000 13.50000
37.00000 -27.50000 14.00000
37.50000 -27.00000 17.00000
37.00000 -27.00000 17.50000
37.50000 -26.00000 13.00000
37.00000 -26.00000 12.50000
37.00000 -26.50000 13.00000
37.00000 -26.50000 17.00000
37.00000 -26.00000 16.50000
37.50000 -25.00000 6.00000
37.00000 -25.00000 6.50000
37.00000 -25.50000 7.00000
37.00000 -25.50000 8.00000
37.50000 -25.00000 8.00000
37.00000 -25.50000 9.00000
37.50000 -25.00000 9.00000
37.00000 -25.50000 10.00000
37.50000 -25.00000 10.00000
37.00000 -25.50000 11.00000
37.50000 -25.00000 11.00000
37.00000 -25.50000 12.00000
37.50000 -25.00000 12.00000
37.50000 -25.00000 16.00000
37.00000 -25.00000 16.50000
37.50000 -24.00000 5.00000
37.50000 -24.00000 6.00000
37.00000 -24.00000 6.50000
37.50000 -24.00000 15.00000
37.00000 -24.50000 15.00000
37.00000 -24.00000 14.50000
37.00000 -24.50000 16.00000
37.50000 -23.00000 5.00000
37.50000 -23.00000 6.00000
37.00000 -23.00000 6.50000
37.00000 -23.50000 14.00000
37.00000 -23.00000 13.50000
37.50000 -22.00000 6.00000
37.00000 -22.50000 7.00000
37.50000 -22.00000 7.00000
37.50000 -22.00000 8.00000
37.00000 -22.50000 8.00000
37.00000 -22.00000 8.50000
37.50000 -22.00000 12.00000
37.00000 -22.50000 12.00000
37.00000 -22.00000 11.50000
37.00000 -22.50000 13.00000
37.50000 -21.00000 7.00000
37.50000 -21.00000 8.00000
37.00000 -21.50000 9.00000
37.50000 -21.00000 9.00000
37.50000 -21.00000 10.00000
37.00000 -21.50000 10.00000
37.00000 -21.50000 11.00000
36.50000 -30.00000 14.00000
36.00000 -30.00000 14.50000
36.00000 -30.50000 15.00000
36.50000 -30.00000 16.00000
36.00000 -30.00000 15.50000
36.50000 -29.00000 14.00000
36.00000 -29.00000 14.50000
36.00000 -29.50000 16.00000
36.00000 -29.50000 17.00000
36.00000 -29.00000 17.50000
36.00000 -28.00000 14.50000
36.00000 -28.00000 17.50000
36.00000 -27.00000 13.50000
36.00000 -27.50000 14.00000
36.00000 -27.00000 17.50000
36.50000 -26.00000 9.00000
36.00000 -26.00000 8.50000
36.00000 -26.50000 9.00000
36.00000 -26.50000 10.00000
36.50000 -26.00000 10.00000
36.00000 -26.00000 10.50000
36.00000 -26.00000 12.50000
36.00000 -26.50000 13.00000
36.50000 -26.00000 17.00000
36.00000 -26.00000 17.50000
36.50000 -25.00000 7.00000
36.50000 -25.00000 8.00000
36.00000 -25.00000 8.50000
36.00000 -25.50000 11.00000
36.00000 -25.50000 12.00000
36.50000 -25.00000 16.00000
36.00000 -25.50000 16.00000
36.00000 -25.00000 15.50000
36.00000 -25.50000 17.00000
36.50000 -24.00000 7.00000
36.00000 -24.00000 7.50000
36.00000 -24.50000 8.00000
36.00000 -24.50000 15.00000
36.00000 -24.00000 14.50000
36.50000 -23.00000 7.00000
36.00000 -23.50000 8.00000
36.50000 -23.00000 8.00000
36.50000 -23.00000 9.00000
36.00000 -23.50000 9.00000
36.50000 -23.00000 10.00000
36.00000 -23.50000 10.00000
36.50000 -23.00000 11.00000
36.00000 -23.50000 11.00000
36.50000 -23.00000 12.00000
36.00000 -23.50000 12.00000
36.50000 -23.00000 13.00000
36.00000 -23.50000 13.00000
36.00000 -23.50000 14.00000
36.50000 -22.00000 9.00000
36.50000 -22.00000 10.00000
36.50000 -22.00000 11.00000
35.50000 -30.00000 15.00000
35.50000 -29.00000 15.00000
35.00000 -29.50000 16.00000
35.00000 -29.00000 15.50000
35.50000 -29.00000 17.00000
35.00000 -29.00000 16.50000
35.00000 -28.00000 14.50000
35.00000 -28.50000 15.00000
35.50000 -28.00000 17.00000
35.00000 -28.00000 16.50000
35.50000 -27.00000 13.00000
35.00000 -27.00000 12.50000
35.00000 -27.50000 13.00000
35.00000 -27.50000 14.00000
35.00000 -27.50000 17.00000
35.00000 -27.00000 17.50000
35.50000 -26.00000 9.00000
35.50000 -26.00000 10.00000
35.50000 -26.00000 12.00000
35.00000 -26.00000 11.50000
35.00000 -26.50000 12.00000
35.50000 -26.00000 17.00000
35.00000 -26.50000 17.00000
35.00000 -26.00000 16.50000
35.50000 -25.00000 9.00000
35.50000 -25.00000 10.00000
35.00000 -25.50000 11.00000
35.00000 -25.00000 10.50000
35.00000 -25.50000 16.00000
35.00000 -25.00000 15.50000
35.50000 -24.00000 8.00000
35.50000 -24.00000 9.00000
35.50000 -24.00000 10.00000
35.00000 -24.00000 10.50000
35.50000 -24.00000 13.00000
35.00000 -24.50000 13.00000
35.00000 -24.00000 12.50000
35.50000 -24.00000 14.00000
35.00000 -24.50000 14.00000
35.00000 -24.50000 15.00000
35.00000 -23.50000 11.00000
35.00000 -23.50000 12.00000
34.50000 -29.00000 16.00000
34.50000 -28.00000 15.00000
34.50000 -28.00000 16.00000
34.50000 -27.00000 13.00000
34.50000 -27.00000 14.00000
34.50000 -27.00000 15.00000
34.50000 -27.00000 16.00000
34.50000 -27.00000 17.00000
34.50000 -26.00000 12.00000
34.50000 -26.00000 13.00000
34.50000 -26.00000 14.00000
34.50000 -26.00000 15.00000
34.50000 -26.00000 16.00000
34.50000 -25.00000 11.00000
34.50000 -25.00000 12.00000
34.50000 -25.00000 13.00000
34.50000 -25.00000 14.00000
34.50000 -25.00000 15.00000
34.50000 -24.00000 11.00000
34.50000 -24.00000 12.00000
3 2 1 0
3 0 3 2
3 6 5 4
3 6 4 1
3 4 0 1
3 4 7 0
3 3 0 8
3 0 9 8
3 0 7 9
3 9 10 8
3 4 5 11
3 11 5 12
3 4 13 7
3 4 11 13
3 7 14 9
3 7 13 14
3 10 9 15
3 15 9 14
3 11 12 16
3 16 12 17
3 11 18 13
3 11 16 18
3 13 19 14
3 13 18 19
3 15 14 20
3 20 14 19
3 17 21 16
3 16 21 18
3 18 21 22
3 18 22 19
3 19 22 23
3 19 23 20
3 26 25 24
3 24 27 26
3 30 29 28
3 32 31 28
3 28 31 30
3 31 32 25
3 25 32 24
3 32 1 24
3 1 2 24
3 34 33 3
3 3 33 2
3 33 27 2
3 27 24 2
3 34 35 33
3 28 29 36
3 36 29 37
3 36 5 6
3 32 36 6
3 28 36 32
3 32 6 1
3 8 34 3
3 39 38 10
3 10 38 8
3 38 35 8
3 35 34 8
3 39 40 38
3 36 37 41
3 41 37 42
3 41 12 5
3 41 5 36
3 44 43 39
3 10 44 39
3 15 44 10
3 39 43 40
3 41 42 45
3 45 42 46
3 45 17 12
3 45 12 41
3 20 44 15
3 20 47 44
3 46 48 45
3 48 50 49
3 48 49 21
3 45 48 21
3 17 45 21
3 51 22 21
3 51 21 49
3 52 23 22
3 52 22 51
3 52 53 23
3 53 20 23
3 53 47 20
3 50 54 49
3 49 54 51
3 51 54 55
3 51 55 52
3 52 55 56
3 52 56 53
3 59 58 57
3 61 60 57
3 57 60 59
3 61 62 60
3 65 64 63
3 67 66 63
3 63 66 65
3 66 67 58
3 58 67 57
3 67 25 57
3 25 26 57
3 57 26 27
3 68 57 27
3 61 57 68
3 62 61 69
3 61 70 69
3 61 68 70
3 70 71 69
3 63 64 30
3 64 29 30
3 64 72 29
3 63 30 31
3 63 31 67
3 67 31 25
3 33 68 27
3 68 33 35
3 73 68 35
3 70 68 73
3 71 70 74
3 74 70 73
3 77 76 75
3 72 77 75
3 37 72 75
3 29 72 37
3 38 73 35
3 38 40 73
3 40 74 73
3 40 78 74
3 76 79 75
3 42 37 75
3 80 42 75
3 79 80 75
3 42 80 81
3 82 81 80
3 44 83 43
3 83 84 43
3 84 40 43
3 84 78 40
3 85 46 81
3 81 46 42
3 81 82 86
3 81 86 85
3 88 87 83
3 44 88 83
3 47 88 44
3 83 87 84
3 90 48 89
3 48 46 89
3 89 46 85
3 91 89 85
3 85 86 91
3 48 90 50
3 94 93 92
3 93 88 92
3 88 53 92
3 88 47 53
3 89 95 90
3 90 95 50
3 95 54 50
3 95 96 54
3 54 97 55
3 96 97 54
3 92 56 94
3 56 97 94
3 56 55 97
3 56 92 53
3 100 99 98
3 102 101 98
3 98 101 100
3 104 103 102
3 102 103 101
3 104 105 103
3 108 107 106
3 110 109 106
3 106 109 108
3 109 110 99
3 99 110 98
3 110 58 98
3 58 59 98
3 98 59 60
3 98 60 102
3 102 60 62
3 111 102 62
3 104 102 111
3 105 104 112
3 104 113 112
3 104 111 113
3 113 114 112
3 117 116 115
3 117 115 107
3 107 115 106
3 115 64 106
3 64 65 106
3 106 65 66
3 106 66 110
3 110 66 58
3 69 111 62
3 111 69 71
3 118 111 71
3 113 111 118
3 114 113 119
3 119 113 118
3 115 116 120
3 120 116 121
3 120 72 64
3 120 64 115
3 74 122 118
3 74 118 71
3 119 118 123
3 123 118 122
3 125 124 121
3 124 76 121
3 77 120 121
3 77 121 76
3 127 126 125
3 127 120 126
3 120 127 72
3 128 72 127
3 72 128 77
3 126 77 128
3 128 124 126
3 126 124 125
3 120 77 126
3 130 129 128
3 130 128 127
3 131 129 130
3 133 132 122
3 74 133 122
3 78 133 74
3 122 132 123
3 124 79 76
3 79 124 80
3 80 124 128
3 80 128 82
3 128 134 82
3 128 129 134
3 129 131 135
3 129 135 134
3 84 133 78
3 84 136 133
3 138 137 134
3 137 82 134
3 137 86 82
3 138 134 135
3 140 139 87
3 140 87 88
3 84 87 136
3 136 87 139
3 142 141 91
3 91 141 89
3 91 86 137
3 91 137 142
3 144 143 93
3 144 93 94
3 88 93 140
3 140 93 143
3 141 145 89
3 89 145 95
3 145 147 146
3 96 145 146
3 95 145 96
3 96 146 148
3 149 96 148
3 97 96 149
3 94 97 144
3 144 97 149
3 147 150 146
3 146 150 148
3 153 152 151
3 155 154 151
3 151 154 153
3 157 156 155
3 155 156 154
3 159 158 157
3 157 158 156
3 161 160 159
3 159 160 158
3 163 162 161
3 161 162 160
3 163 164 162
3 167 166 165
3 167 165 152
3 165 151 152
3 165 168 151
3 151 169 155
3 151 168 169
3 169 99 100
3 157 169 100
3 155 169 157
3 157 100 101
3 157 101 159
3 159 101 103
3 159 103 161
3 161 103 105
3 170 161 105
3 163 161 170
3 164 163 171
3 171 163 170
3 165 166 172
3 172 166 173
3 172 107 108
3 168 172 108
3 165 172 168
3 168 108 109
3 168 109 169
3 169 109 99
3 112 170 105
3 112 114 170
3 114 171 170
3 114 174 171
3 176 175 173
3 175 116 173
3 117 172 173
3 117 173 116
3 117 107 172
3 175 176 177
3 119 174 114
3 119 178 174
3 179 121 175
3 175 121 116
3 175 177 180
3 181 175 180
3 179 175 181
3 183 182 181
3 183 181 180
3 184 182 183
3 123 178 119
3 123 185 178
3 179 125 121
3 125 179 127
3 127 179 181
3 127 181 130
3 130 181 182
3 131 130 182
3 184 131 182
3 186 131 184
3 188 187 132
3 188 132 133
3 123 132 185
3 185 132 187
3 191 190 189
3 186 191 189
3 135 186 189
3 131 186 135
3 136 188 133
3 136 192 188
3 195 194 193
3 195 193 190
3 190 193 189
3 193 137 189
3 137 138 189
3 189 138 135
3 197 196 139
3 197 139 140
3 136 139 192
3 192 139 196
3 200 199 198
3 200 198 194
3 194 198 193
3 198 141 193
3 141 142 193
3 193 142 137
3 202 201 143
3 202 143 144
3 140 143 197
3 197 143 201
3 199 203 198
3 198 203 141
3 203 145 141
3 203 204 145
3 147 145 204
3 147 204 205
3 207 206 149
3 207 149 148
3 144 149 202
3 202 149 206
3 205 208 147
3 147 208 150
3 148 150 207
3 207 150 208
3 211 210 209
3 213 212 209
3 209 212 211
3 215 214 213
3 213 214 212
3 217 216 215
3 215 216 214
3 219 218 217
3 217 218 216
3 221 220 219
3 219 220 218
3 223 222 221
3 221 222 220
3 223 224 222
3 209 210 153
3 210 152 153
3 210 225 152
3 209 153 154
3 209 154 213
3 213 154 156
3 213 156 215
3 215 156 158
3 215 158 217
3 217 158 160
3 217 160 219
3 219 160 162
3 219 162 221
3 221 162 164
3 226 221 164
3 223 221 226
3 224 223 227
3 227 223 226
3 228 166 167
3 229 228 167
3 152 229 167
3 225 229 152
3 171 230 226
3 171 226 164
3 227 226 231
3 231 226 230
3 232 173 228
3 228 173 166
3 228 229 233
3 234 228 233
3 232 228 234
3 235 234 233
3 174 236 230
3 174 230 171
3 231 230 237
3 237 230 236
3 232 176 173
3 176 232 177
3 232 238 177
3 232 234 238
3 234 235 239
3 240 234 239
3 238 234 240
3 242 241 240
3 242 240 239
3 243 241 242
3 245 244 236
3 174 245 236
3 178 245 174
3 236 244 237
3 238 180 177
3 180 238 183
3 183 238 240
3 240 241 246
3 184 240 246
3 247 184 246
3 240 184 183
3 246 241 243
3 185 245 178
3 185 248 245
3 247 186 184
3 249 186 247
3 251 250 187
3 251 187 188
3 185 187 248
3 248 187 250
3 253 252 191
3 191 252 190
3 191 186 249
3 191 249 253
3 256 255 254
3 255 251 254
3 251 192 254
3 251 188 192
3 259 258 257
3 194 195 257
3 195 259 257
3 195 260 259
3 195 190 252
3 195 252 260
3 263 262 261
3 261 262 256
3 261 256 254
3 197 261 254
3 196 197 254
3 196 254 192
3 257 258 200
3 258 199 200
3 258 264 199
3 257 200 194
3 267 266 265
3 265 266 263
3 265 263 261
3 202 265 261
3 201 202 261
3 201 261 197
3 264 268 199
3 199 268 203
3 268 270 269
3 204 268 269
3 203 268 204
3 205 204 269
3 273 272 271
3 273 271 267
3 273 267 265
3 207 273 265
3 206 207 265
3 206 265 202
3 270 274 269
3 272 273 274
3 273 208 274
3 205 269 274
3 205 274 208
3 208 273 207
3 277 276 275
3 275 278 277
3 281 280 279
3 279 282 281
3 285 284 283
3 287 286 283
3 283 286 285
3 286 287 276
3 287 275 276
3 287 288 275
3 278 275 289
3 275 290 289
3 275 288 290
3 290 291 289
3 294 293 292
3 296 295 292
3 292 295 294
3 295 296 280
3 296 279 280
3 296 297 279
3 282 279 298
3 279 299 298
3 279 297 299
3 301 300 299
3 299 300 298
3 300 301 284
3 301 283 284
3 301 302 283
3 283 303 287
3 283 302 303
3 287 304 288
3 287 303 304
3 306 290 305
3 290 304 305
3 290 288 304
3 290 306 291
3 292 293 211
3 293 210 211
3 293 307 210
3 292 211 212
3 292 212 296
3 296 212 214
3 296 214 297
3 297 214 216
3 297 216 299
3 299 216 218
3 299 218 301
3 301 218 220
3 301 220 302
3 302 220 222
3 302 222 303
3 303 222 224
3 308 303 224
3 304 303 308
3 305 304 309
3 309 304 308
3 311 225 310
3 225 307 310
3 225 210 307
3 312 311 310
3 227 313 308
3 227 308 224
3 309 308 314
3 314 308 313
3 315 229 311
3 311 229 225
3 311 312 316
3 317 311 316
3 315 311 317
3 319 318 317
3 319 317 316
3 320 318 319
3 322 321 313
3 227 322 313
3 231 322 227
3 313 321 314
3 315 233 229
3 233 315 235
3 315 323 235
3 315 317 323
3 324 317 318
3 323 317 324
3 318 320 325
3 318 325 324
3 237 322 231
3 237 326 322
3 323 239 235
3 239 323 242
3 242 323 324
3 243 242 324
3 325 243 324
3 327 243 325
3 329 328 244
3 329 244 245
3 237 244 326
3 326 244 328
3 331 330 246
3 246 330 247
3 246 243 327
3 246 327 331
3 248 329 245
3 248 332 329
3 335 334 333
3 330 335 333
3 249 330 333
3 247 330 249
3 337 336 250
3 337 250 251
3 248 250 332
3 332 250 336
3 340 339 338
3 340 338 334
3 334 338 333
3 338 252 333
3 252 253 333
3 333 253 249
3 342 341 255
3 342 255 256
3 251 255 337
3 337 255 341
3 345 344 343
3 258 259 343
3 259 345 343
3 259 346 345
3 260 338 339
3 346 260 339
3 259 260 346
3 338 260 252
3 348 347 262
3 348 262 263
3 256 262 342
3 342 262 347
3 344 349 343
3 258 343 349
3 350 258 349
3 264 258 350
3 352 351 266
3 352 266 267
3 263 266 348
3 348 266 351
3 350 353 264
3 264 353 268
3 270 268 353
3 270 353 354
3 356 355 271
3 356 271 272
3 267 271 352
3 352 271 355
3 354 357 270
3 270 357 274
3 272 274 356
3 356 274 357
3 360 359 358
3 362 361 358
3 358 361 360
3 362 363 361
3 366 365 364
3 364 367 366
3 370 369 368
3 372 371 368
3 368 371 370
3 371 372 359
3 359 372 358
3 372 276 358
3 276 277 358
3 358 277 278
3 373 358 278
3 362 358 373
3 363 362 374
3 374 362 373
3 377 376 375
3 377 375 365
3 365 375 364
3 375 280 364
3 280 281 364
3 379 378 282
3 282 378 281
3 378 367 281
3 367 364 281
3 381 380 379
3 379 380 378
3 380 381 369
3 369 381 368
3 381 284 368
3 284 285 368
3 368 285 286
3 368 286 372
3 372 286 276
3 289 373 278
3 289 291 373
3 291 374 373
3 291 382 374
3 383 293 294
3 376 384 375
3 384 294 375
3 294 295 375
3 294 384 383
3 375 295 280
3 298 379 282
3 379 298 300
3 379 300 381
3 381 300 284
3 305 385 306
3 385 386 306
3 386 291 306
3 386 382 291
3 387 307 383
3 383 307 293
3 383 384 388
3 383 388 387
3 309 389 385
3 309 385 305
3 386 385 390
3 390 385 389
3 387 310 307
3 392 391 312
3 392 312 310
3 388 392 310
3 387 388 310
3 394 393 391
3 394 391 392
3 396 395 393
3 396 393 394
3 397 395 396
3 399 398 389
3 309 399 389
3 314 399 309
3 389 398 390
3 391 316 312
3 316 391 319
3 319 391 393
3 319 393 320
3 393 400 320
3 393 395 400
3 395 397 401
3 395 401 400
3 403 402 321
3 403 321 322
3 314 321 399
3 399 321 402
3 405 404 400
3 404 320 400
3 404 325 320
3 405 400 401
3 326 403 322
3 326 406 403
3 404 327 325
3 407 327 404
3 409 408 328
3 409 328 329
3 326 328 406
3 406 328 408
3 412 411 410
3 410 413 412
3 416 415 414
3 330 331 414
3 331 416 414
3 331 417 416
3 331 327 407
3 331 407 417
3 420 419 418
3 419 409 418
3 409 332 418
3 409 329 332
3 410 411 421
3 421 411 422
3 413 410 423
3 410 424 423
3 410 421 424
3 426 425 424
3 424 425 423
3 425 426 415
3 415 426 414
3 426 334 414
3 334 335 414
3 414 335 330
3 429 428 427
3 427 428 420
3 427 420 418
3 337 427 418
3 336 337 418
3 336 418 332
3 421 422 430
3 430 422 431
3 421 432 424
3 421 430 432
3 432 339 340
3 426 432 340
3 424 432 426
3 426 340 334
3 435 434 433
3 433 434 429
3 433 429 427
3 342 433 427
3 341 342 427
3 341 427 337
3 430 431 345
3 431 344 345
3 431 436 344
3 430 345 346
3 430 346 432
3 432 346 339
3 439 438 437
3 437 438 435
3 437 435 433
3 348 437 433
3 347 348 433
3 347 433 342
3 436 440 344
3 344 440 349
3 350 349 440
3 350 440 441
3 444 443 442
3 442 443 439
3 442 439 437
3 352 442 437
3 351 352 437
3 351 437 348
3 441 445 350
3 350 445 353
3 447 446 354
3 353 447 354
3 445 447 353
3 446 447 444
3 446 444 442
3 356 446 442
3 355 356 442
3 355 442 352
3 446 357 354
3 357 446 356
3 450 449 448
3 452 451 448
3 448 451 450
3 454 453 452
3 452 453 451
3 454 455 453
3 458 457 456
3 460 459 456
3 456 459 458
3 462 461 460
3 460 461 459
3 464 463 462
3 462 463 461
3 463 464 449
3 464 448 449
3 464 465 448
3 465 359 360
3 452 465 360
3 448 465 452
3 452 360 361
3 452 361 454
3 467 466 363
3 363 466 361
3 466 455 361
3 455 454 361
3 467 468 466
3 456 457 366
3 457 365 366
3 457 469 365
3 456 366 367
3 470 456 367
3 460 456 470
3 460 471 462
3 460 470 471
3 471 369 370
3 464 471 370
3 462 471 464
3 464 370 371
3 464 371 465
3 465 371 359
3 374 472 467
3 374 467 363
3 468 467 473
3 473 467 472
3 474 376 377
3 475 474 377
3 365 475 377
3 469 475 365
3 378 470 367
3 470 378 380
3 470 380 471
3 471 380 369
3 382 476 472
3 382 472 374
3 473 472 477
3 477 472 476
3 478 384 474
3 474 384 376
3 474 475 479
3 480 474 479
3 478 474 480
3 481 480 479
3 483 482 476
3 382 483 476
3 386 483 382
3 476 482 477
3 484 388 478
3 478 388 384
3 485 478 480
3 484 478 485
3 480 481 486
3 487 480 486
3 485 480 487
3 489 488 487
3 489 487 486
3 490 488 489
3 390 483 386
3 390 491 483
3 484 392 388
3 392 484 394
3 394 484 485
3 394 485 396
3 396 485 487
3 396 487 397
3 487 492 397
3 487 488 492
3 488 490 493
3 488 493 492
3 495 494 398
3 495 398 399
3 390 398 491
3 491 398 494
3 497 496 492
3 496 397 492
3 496 401 397
3 497 492 493
3 499 498 402
3 499 402 403
3 399 402 495
3 495 402 498
3 501 500 405
3 405 500 404
3 405 401 496
3 405 496 501
3 406 499 403
3 406 502 499
3 505 504 503
3 507 506 503
3 503 506 505
3 507 508 506
3 511 510 509
3 513 512 509
3 509 512 511
3 500 512 513
3 407 500 513
3 404 500 407
3 515 514 408
3 515 408 409
3 406 408 502
3 502 408 514
3 503 504 412
3 504 411 412
3 504 516 411
3 503 412 413
3 517 503 413
3 507 503 517
3 508 507 518
3 507 519 518
3 507 517 519
3 518 519 510
3 510 519 509
3 519 415 509
3 415 416 509
3 509 416 417
3 509 417 513
3 513 417 407
3 521 520 419
3 521 419 420
3 409 419 515
3 515 419 520
3 516 422 411
3 522 422 516
3 423 517 413
3 517 423 425
3 517 425 519
3 519 425 415
3 524 523 428
3 524 428 429
3 420 428 521
3 521 428 523
3 522 431 422
3 525 431 522
3 527 526 434
3 527 434 435
3 429 434 524
3 524 434 526
3 525 436 431
3 528 436 525
3 530 529 438
3 530 438 439
3 435 438 527
3 527 438 529
3 528 531 436
3 436 531 440
3 441 440 531
3 441 531 532
3 534 533 443
3 534 443 444
3 439 443 530
3 530 443 533
3 532 535 441
3 441 535 445
3 445 536 447
3 535 536 445
3 444 447 534
3 534 447 536
3 539 538 537
3 541 540 537
3 537 540 539
3 543 542 541
3 541 542 540
3 545 544 543
3 543 544 542
3 545 546 544
3 549 548 547
3 551 550 547
3 547 550 549
3 553 552 551
3 551 552 550
3 552 553 538
3 538 553 537
3 553 449 537
3 449 450 537
3 537 450 451
3 537 451 541
3 541 451 453
3 541 453 543
3 543 453 455
3 554 543 455
3 545 543 554
3 546 545 555
3 555 545 554
3 557 556 458
3 458 556 457
3 459 547 548
3 557 459 548
3 458 459 557
3 547 459 461
3 547 461 551
3 551 461 463
3 551 463 553
3 553 463 449
3 466 554 455
3 466 468 554
3 468 555 554
3 468 558 555
3 556 469 457
3 559 469 556
3 473 558 468
3 473 560 558
3 562 475 561
3 475 559 561
3 475 469 559
3 564 563 562
3 564 562 561
3 566 565 563
3 566 563 564
3 568 567 565
3 568 565 566
3 569 567 568
3 477 560 473
3 477 570 560
3 562 479 475
3 479 562 481
3 562 571 481
3 562 563 571
3 572 563 565
3 571 563 572
3 573 565 567
3 572 565 573
3 567 569 574
3 567 574 573
3 576 575 482
3 576 482 483
3 477 482 570
3 570 482 575
3 571 486 481
3 486 571 489
3 489 571 572
3 572 573 577
3 490 572 577
3 578 490 577
3 572 490 489
3 577 573 574
3 491 576 483
3 491 579 576
3 582 581 580
3 584 583 580
3 580 583 582
3 584 585 583
3 588 587 586
3 578 588 586
3 493 578 586
3 490 578 493
3 590 589 494
3 590 494 495
3 491 494 579
3 579 494 589
3 580 581 591
3 591 581 592
3 580 593 584
3 580 591 593
3 585 584 594
3 594 584 593
3 597 596 595
3 597 595 587
3 587 595 586
3 595 496 586
3 496 497 586
3 586 497 493
3 599 598 498
3 599 498 499
3 495 498 590
3 590 498 598
3 591 592 600
3 600 592 601
3 591 602 593
3 591 600 602
3 594 593 603
3 593 604 603
3 593 602 604
3 606 605 604
3 604 605 603
3 608 607 606
3 606 607 605
3 607 608 596
3 596 608 595
3 608 500 595
3 500 501 595
3 595 501 496
3 611 610 609
3 610 599 609
3 599 502 609
3 599 499 502
3 600 601 505
3 601 504 505
3 601 612 504
3 600 505 506
3 600 506 602
3 602 506 508
3 613 602 508
3 604 602 613
3 613 510 511
3 606 613 511
3 604 613 606
3 606 511 512
3 606 512 608
3 608 512 500
3 611 609 514
3 515 611 514
3 614 611 515
3 514 609 502
3 612 516 504
3 615 516 612
3 518 613 508
3 613 518 510
3 617 616 520
3 617 520 521
3 515 520 614
3 614 520 616
3 615 522 516
3 618 522 615
3 621 620 619
3 523 524 619
3 620 523 619
3 622 523 620
3 521 523 617
3 617 523 622
3 618 525 522
3 623 525 618
3 626 625 624
3 624 625 621
3 624 621 619
3 527 624 619
3 526 527 619
3 526 619 524
3 623 528 525
3 627 528 623
3 630 629 628
3 628 629 626
3 628 626 624
3 530 628 624
3 529 530 624
3 529 624 527
3 627 631 528
3 528 631 531
3 633 632 532
3 531 633 532
3 631 633 531
3 635 634 632
3 635 632 633
3 634 635 630
3 634 630 628
3 534 634 628
3 533 534 628
3 533 628 530
3 632 535 532
3 535 632 536
3 536 632 634
3 536 634 534
3 638 637 636
3 636 639 638
3 642 641 640
3 644 643 640
3 640 643 642
3 643 644 637
3 644 636 637
3 644 645 636
3 639 636 646
3 636 647 646
3 636 645 647
3 649 648 647
3 647 648 646
3 649 650 648
3 653 652 651
3 655 654 651
3 651 654 653
3 654 655 641
3 655 640 641
3 655 656 640
3 656 538 539
3 644 656 539
3 640 656 644
3 644 539 540
3 644 540 645
3 645 540 542
3 645 542 647
3 647 542 544
3 647 544 649
3 658 657 546
3 546 657 544
3 657 650 544
3 650 649 544
3 658 659 657
3 651 652 549
3 652 548 549
3 652 660 548
3 651 549 550
3 651 550 655
3 655 550 552
3 655 552 656
3 656 552 538
3 555 661 658
3 555 658 546
3 659 658 662
3 662 658 661
3 663 556 557
3 664 663 557
3 548 664 557
3 660 664 548
3 667 666 665
3 668 665 666
3 558 669 661
3 558 661 555
3 662 661 670
3 670 661 669
3 671 559 663
3 663 559 556
3 663 664 672
3 673 663 672
3 671 663 673
3 675 674 673
3 675 673 672
3 677 676 674
3 677 674 675
3 676 677 667
3 665 676 667
3 678 676 665
3 665 668 679
3 665 679 678
3 681 680 669
3 558 681 669
3 560 681 558
3 669 680 670
3 671 561 559
3 561 671 564
3 564 671 673
3 564 673 566
3 566 673 674
3 566 674 568
3 568 674 676
3 676 678 682
3 569 676 682
3 683 569 682
3 676 569 568
3 682 678 679
3 570 681 560
3 570 684 681
3 683 574 569
3 685 574 683
3 687 686 575
3 687 575 576
3 570 575 684
3 684 575 686
3 690 689 688
3 692 691 688
3 688 691 690
3 692 693 691
3 695 694 577
3 577 694 578
3 577 574 685
3 577 685 695
3 579 687 576
3 579 696 687
3 688 689 582
3 689 581 582
3 689 697 581
3 688 582 583
3 688 583 692
3 699 698 585
3 585 698 583
3 698 693 583
3 693 692 583
3 699 700 698
3 703 702 701
3 587 588 701
3 588 703 701
3 588 704 703
3 588 578 694
3 588 694 704
3 706 705 589
3 706 589 590
3 579 589 696
3 696 589 705
3 697 592 581
3 707 592 697
3 594 708 699
3 594 699 585
3 700 699 709
3 699 710 709
3 699 708 710
3 712 711 710
3 710 711 709
3 711 712 702
3 702 712 701
3 712 596 701
3 596 597 701
3 701 597 587
3 714 713 598
3 714 598 599
3 590 598 706
3 706 598 713
3 707 601 592
3 715 601 707
3 603 708 594
3 708 603 605
3 708 605 710
3 710 605 607
3 710 607 712
3 712 607 596
3 717 716 610
3 717 610 611
3 599 610 714
3 714 610 716
3 715 612 601
3 718 612 715
3 721 720 719
3 720 717 719
3 717 614 719
3 717 611 614
3 718 615 612
3 722 615 718
3 725 724 723
3 723 724 721
3 723 721 719
3 617 723 719
3 616 617 719
3 616 719 614
3 722 618 615
3 726 618 722
3 729 728 727
3 620 621 727
3 728 620 727
3 730 620 728
3 723 622 725
3 622 730 725
3 622 620 730
3 622 723 617
3 732 623 731
3 623 726 731
3 623 618 726
3 733 732 731
3 736 735 734
3 738 737 734
3 738 734 735
3 737 738 729
3 737 729 727
3 626 737 727
3 625 626 727
3 625 727 621
3 739 627 732
3 732 627 623
3 732 733 740
3 741 732 740
3 739 732 741
3 741 740 736
3 734 741 736
3 742 741 734
3 630 742 629
3 742 737 629
3 742 734 737
3 629 737 626
3 739 631 627
3 631 739 633
3 633 739 741
3 633 741 635
3 635 741 742
3 635 742 630
3 745 744 743
3 743 746 745
3 749 748 747
3 751 750 747
3 747 750 749
3 750 751 744
3 744 751 743
3 751 637 743
3 637 638 743
3 753 752 639
3 639 752 638
3 752 746 638
3 746 743 638
3 755 754 753
3 753 754 752
3 755 756 754
3 759 758 757
3 759 757 748
3 748 757 747
3 757 641 747
3 641 642 747
3 747 642 643
3 747 643 751
3 751 643 637
3 646 753 639
3 753 646 648
3 753 648 755
3 761 760 650
3 650 760 648
3 760 756 648
3 756 755 648
3 761 762 760
3 763 652 653
3 758 764 757
3 764 653 757
3 653 654 757
3 653 764 763
3 757 654 641
3 657 761 650
3 657 659 761
3 659 762 761
3 659 765 762
3 766 660 763
3 763 660 652
3 763 764 767
3 768 763 767
3 766 763 768
3 770 769 768
3 770 768 767
3 772 771 769
3 772 769 770
3 773 771 772
3 662 765 659
3 662 774 765
3 775 664 766
3 766 664 660
3 776 766 768
3 775 766 776
3 777 768 769
3 776 768 777
3 667 777 666
3 777 771 666
3 777 769 771
3 668 666 771
3 773 668 771
3 778 668 773
3 670 774 662
3 670 779 774
3 775 672 664
3 672 775 675
3 675 775 776
3 675 776 677
3 677 776 777
3 677 777 667
3 778 679 668
3 780 679 778
3 782 781 680
3 782 680 681
3 670 680 779
3 779 680 781
3 785 784 783
3 783 786 785
3 788 787 682
3 682 787 683
3 682 679 780
3 682 780 788
3 684 782 681
3 684 789 782
3 792 791 790
3 792 790 784
3 790 783 784
3 790 793 783
3 786 783 794
3 794 783 793
3 797 796 795
3 787 797 795
3 685 787 795
3 683 787 685
3 799 798 686
3 799 686 687
3 684 686 789
3 789 686 798
3 790 791 690
3 791 689 690
3 791 800 689
3 790 690 691
3 790 691 793
3 802 801 693
3 693 801 691
3 801 794 691
3 794 793 691
3 802 803 801
3 806 805 804
3 808 807 804
3 804 807 806
3 807 808 796
3 796 808 795
3 808 694 795
3 694 695 795
3 795 695 685
3 811 810 809
3 810 799 809
3 799 696 809
3 799 687 696
3 800 697 689
3 812 697 800
3 698 802 693
3 814 813 700
3 700 813 698
3 813 803 698
3 803 802 698
3 816 815 814
3 814 815 813
3 815 816 805
3 805 816 804
3 816 702 804
3 702 703 804
3 804 703 704
3 804 704 808
3 808 704 694
3 819 818 817
3 817 818 811
3 817 811 809
3 706 817 809
3 705 706 809
3 705 809 696
3 812 707 697
3 820 707 812
3 709 814 700
3 814 709 711
3 814 711 816
3 816 711 702
3 823 822 821
3 821 822 819
3 821 819 817
3 714 821 817
3 713 714 817
3 713 817 706
3 820 715 707
3 824 715 820
3 827 826 825
3 825 826 823
3 825 823 821
3 717 825 821
3 716 717 821
3 716 821 714
3 829 718 828
3 718 824 828
3 718 715 824
3 830 829 828
3 833 832 831
3 831 832 827
3 831 827 825
3 721 831 825
3 720 721 825
3 720 825 717
3 834 722 829
3 829 722 718
3 829 830 835
3 836 829 835
3 834 829 836
3 838 837 836
3 838 836 835
3 840 839 837
3 840 837 838
3 842 841 839
3 842 839 840
3 844 843 841
3 844 841 842
3 843 844 833
3 843 833 831
3 725 843 831
3 724 725 831
3 724 831 721
3 845 726 834
3 834 726 722
3 846 834 836
3 845 834 846
3 847 836 837
3 846 836 847
3 848 837 839
3 847 837 848
3 729 848 728
3 848 841 728
3 848 839 841
3 728 841 730
3 730 841 843
3 730 843 725
3 845 731 726
3 731 845 733
3 845 849 733
3 845 846 849
3 736 849 735
3 849 847 735
3 849 846 847
3 735 847 738
3 738 847 848
3 738 848 729
3 849 740 733
3 740 849 736
3 852 851 850
3 744 745 850
3 745 852 850
3 745 853 852
3 855 854 746
3 854 745 746
3 854 853 745
3 857 856 855
3 855 856 854
3 859 858 857
3 857 858 856
3 859 860 858
3 863 862 861
3 748 749 861
3 749 863 861
3 749 864 863
3 750 850 851
3 864 750 851
3 749 750 864
3 850 750 744
3 752 855 746
3 855 752 754
3 855 754 857
3 857 754 756
3 865 857 756
3 859 857 865
3 860 859 866
3 866 859 865
3 868 867 862
3 867 758 862
3 759 861 862
3 759 862 758
3 759 748 861
3 867 868 869
3 760 865 756
3 760 762 865
3 762 866 865
3 762 870 866
3 871 764 867
3 867 764 758
3 867 869 872
3 873 867 872
3 871 867 873
3 875 874 873
3 875 873 872
3 877 876 874
3 877 874 875
3 878 876 877
3 765 870 762
3 765 879 870
3 871 767 764
3 767 871 770
3 770 871 873
3 770 873 772
3 772 873 874
3 772 874 773
3 874 880 773
3 874 876 880
3 876 878 881
3 876 881 880
3 774 879 765
3 774 882 879
3 883 778 880
3 880 778 773
3 880 881 884
3 880 884 883
3 779 882 774
3 779 885 882
3 888 887 886
3 886 889 888
3 891 890 883
3 890 778 883
3 890 780 778
3 891 883 884
3 893 892 781
3 893 781 782
3 779 781 885
3 885 781 892
3 896 895 894
3 896 894 887
3 887 894 886
3 894 784 886
3 784 785 886
3 898 897 786
3 786 897 785
3 897 889 785
3 889 886 785
3 898 899 897
3 902 901 900
3 787 788 900
3 788 902 900
3 788 903 902
3 788 780 890
3 788 890 903
3 906 905 904
3 905 893 904
3 893 789 904
3 893 782 789
3 894 895 792
3 895 791 792
3 895 907 791
3 894 792 784
3 794 908 898
3 794 898 786
3 899 898 909
3 909 898 908
3 912 911 910
3 914 913 910
3 910 913 912
3 913 914 901
3 901 914 900
3 914 796 900
3 796 797 900
3 900 797 787
3 917 916 915
3 915 916 906
3 915 906 904
3 799 915 904
3 798 799 904
3 798 904 789
3 907 800 791
3 918 800 907
3 801 908 794
3 920 919 803
3 803 919 801
3 919 909 801
3 909 908 801
3 922 921 920
3 920 921 919
3 921 922 911
3 911 922 910
3 922 805 910
3 805 806 910
3 910 806 807
3 910 807 914
3 914 807 796
3 917 915 810
3 811 917 810
3 923 917 811
3 810 915 799
3 918 812 800
3 924 812 918
3 813 920 803
3 920 813 815
3 920 815 922
3 922 815 805
3 927 926 925
3 818 819 925
3 926 818 925
3 928 818 926
3 811 818 923
3 923 818 928
3 930 820 929
3 820 924 929
3 820 812 924
3 931 930 929
3 934 933 932
3 932 933 927
3 932 927 925
3 823 932 925
3 822 823 925
3 822 925 819
3 935 824 930
3 930 824 820
3 930 931 936
3 937 930 936
3 935 930 937
3 939 938 937
3 939 937 936
3 940 938 939
3 943 942 941
3 945 944 941
3 945 941 942
3 944 945 934
3 944 934 932
3 827 944 932
3 826 827 932
3 826 932 823
3 935 828 824
3 828 935 830
3 935 946 830
3 935 937 946
3 947 937 938
3 946 937 947
3 938 940 948
3 949 938 948
3 947 938 949
3 951 950 949
3 951 949 948
3 950 951 943
3 941 950 943
3 952 950 941
3 833 952 832
3 952 944 832
3 952 941 944
3 832 944 827
3 946 835 830
3 835 946 838
3 838 946 947
3 838 947 840
3 840 947 949
3 840 949 842
3 842 949 950
3 842 950 844
3 844 950 952
3 844 952 833
3 955 954 953
3 957 956 953
3 953 956 955
3 959 958 957
3 957 958 956
3 961 960 959
3 959 960 958
3 963 962 961
3 961 962 960
3 963 964 962
3 967 966 965
3 967 965 954
3 954 965 953
3 965 851 953
3 851 852 953
3 953 852 853
3 953 853 957
3 957 853 854
3 957 854 959
3 959 854 856
3 959 856 961
3 961 856 858
3 961 858 963
3 969 968 860
3 860 968 858
3 968 964 858
3 964 963 858
3 969 970 968
3 971 862 863
3 966 972 965
3 972 863 965
3 863 864 965
3 863 972 971
3 965 864 851
3 866 973 969
3 866 969 860
3 970 969 974
3 974 969 973
3 971 868 862
3 976 975 869
3 976 869 868
3 972 976 868
3 971 972 868
3 978 977 975
3 978 975 976
3 980 979 977
3 980 977 978
3 982 981 979
3 982 979 980
3 983 981 982
3 870 984 973
3 870 973 866
3 974 973 985
3 985 973 984
3 975 872 869
3 872 975 875
3 875 975 977
3 875 977 877
3 877 977 979
3 877 979 878
3 979 986 878
3 979 981 986
3 981 983 987
3 981 987 986
3 879 988 984
3 879 984 870
3 985 984 989
3 989 984 988
3 991 990 986
3 990 878 986
3 990 881 878
3 991 986 987
3 993 992 988
3 879 993 988
3 882 993 879
3 988 992 989
3 996 995 994
3 994 997 996
3 1000 999 998
3 990 1000 998
3 884 990 998
3 881 990 884
3 885 993 882
3 885 1001 993
3 994 995 888
3 995 887 888
3 995 1002 887
3 1004 1003 889
3 889 1003 888
3 1003 997 888
3 997 994 888
3 1004 1005 1003
3 1008 1007 1006
3 1008 1006 999
3 999 1006 998
3 1006 890 998
3 890 891 998
3 998 891 884
3 1010 1009 892
3 1010 892 893
3 885 892 1001
3 1001 892 1009
3 1012 1011 896
3 896 1011 895
3 896 887 1002
3 896 1002 1012
3 897 1004 889
3 1014 1013 899
3 899 1013 897
3 1013 1005 897
3 1005 1004 897
3 1016 1015 1014
3 1014 1015 1013
3 1018 1017 1016
3 1016 1017 1015
3 1020 1019 1018
3 1018 1019 1017
3 901 902 1020
3 902 1019 1020
3 902 1021 1019
3 903 1006 1007
3 1021 903 1007
3 902 903 1021
3 1006 903 890
3 1023 1022 905
3 1023 905 906
3 893 905 1010
3 1010 905 1022
3 1011 907 895
3 1024 907 1011
3 909 1025 1014
3 909 1014 899
3 1014 1026 1016
3 1014 1025 1026
3 1026 911 912
3 1018 1026 912
3 1016 1026 1018
3 1018 912 913
3 1018 913 1020
3 1020 913 901
3 1028 1027 916
3 1028 916 917
3 906 916 1023
3 1023 916 1027
3 1030 918 1029
3 918 1024 1029
3 918 907 1024
3 1031 1030 1029
3 919 1025 909
3 1025 919 921
3 1025 921 1026
3 1026 921 911
3 1034 1033 1032
3 1033 1028 1032
3 1028 923 1032
3 1028 917 923
3 1035 924 1030
3 1030 924 918
3 1030 1031 1036
3 1037 1030 1036
3 1035 1030 1037
3 1038 1037 1036
3 1041 1040 1039
3 1043 1042 1039
3 1043 1039 1040
3 926 927 1042
3 1043 926 1042
3 1044 926 1043
3 1032 928 1034
3 928 1044 1034
3 928 926 1044
3 928 1032 923
3 1035 929 924
3 929 1035 931
3 1035 1045 931
3 1035 1037 1045
3 1037 1038 1046
3 1047 1037 1046
3 1045 1037 1047
3 1049 1048 1047
3 1049 1047 1046
3 1051 1050 1048
3 1051 1048 1049
3 1053 1052 1050
3 1053 1050 1051
3 1052 1053 1041
3 1039 1052 1041
3 1054 1052 1039
3 934 1054 933
3 1054 1042 933
3 1054 1039 1042
3 933 1042 927
3 1045 936 931
3 936 1045 939
3 939 1045 1047
3 939 1047 940
3 1047 1055 940
3 1047 1048 1055
3 1056 1048 1050
3 1055 1048 1056
3 943 1056 942
3 1056 1052 942
3 1056 1050 1052
3 942 1052 945
3 945 1052 1054
3 945 1054 934
3 1055 948 940
3 948 1055 951
3 951 1055 1056
3 951 1056 943
3 1059 1058 1057
3 1061 1060 1057
3 1057 1060 1059
3 1063 1062 1061
3 1061 1062 1060
3 1065 1064 1063
3 1063 1064 1062
3 1065 1066 1064
3 1069 1068 1067
3 954 955 1067
3 955 1069 1067
3 955 1070 1069
3 956 1057 1058
3 1070 956 1058
3 955 956 1070
3 1057 956 958
3 1057 958 1061
3 1061 958 960
3 1061 960 1063
3 1063 960 962
3 1063 962 1065
3 1072 1071 964
3 964 1071 962
3 1071 1066 962
3 1066 1065 962
3 1072 1073 1071
3 1075 1074 1068
3 1074 966 1068
3 967 1067 1068
3 967 1068 966
3 967 954 1067
3 1074 1075 1076
3 968 1072 964
3 968 970 1072
3 970 1073 1072
3 970 1077 1073
3 1078 972 1074
3 1074 972 966
3 1074 1076 1079
3 1080 1074 1079
3 1078 1074 1080
3 1082 1081 1080
3 1082 1080 1079
3 1084 1083 1081
3 1084 1081 1082
3 1085 1083 1084
3 974 1077 970
3 974 1086 1077
3 1078 976 972
3 976 1078 978
3 978 1078 1080
3 978 1080 980
3 980 1080 1081
3 980 1081 982
3 982 1081 1083
3 983 982 1083
3 1085 983 1083
3 1087 983 1085
3 985 1086 974
3 985 1088 1086
3 1087 987 983
3 1089 987 1087
3 989 1088 985
3 989 1090 1088
3 1092 1091 991
3 991 1091 990
3 991 987 1089
3 991 1089 1092
3 1094 1093 992
3 1094 992 993
3 989 992 1090
3 1090 992 1093
3 1097 1096 1095
3 995 996 1095
3 996 1097 1095
3 996 1098 1097
3 1100 1099 997
3 1099 996 997
3 1099 1098 996
3 1100 1101 1099
3 1104 1103 1102
3 999 1000 1102
3 1000 1104 1102
3 1000 1105 1104
3 1000 990 1091
3 1000 1091 1105
3 1001 1094 993
3 1001 1106 1094
3 1095 1096 1107
3 1107 1096 1108
3 1107 1002 995
3 1107 995 1095
3 1003 1100 997
3 1110 1109 1005
3 1005 1109 1003
3 1109 1101 1003
3 1101 1100 1003
3 1112 1111 1110
3 1110 1111 1109
3 1114 1113 1112
3 1112 1113 1111
3 1116 1115 1114
3 1114 1115 1113
3 1118 1117 1116
3 1116 1117 1115
3 1117 1118 1103
3 1103 1118 1102
3 1118 1007 1102
3 1007 1008 1102
3 1102 1008 999
3 1120 1119 1009
3 1120 1009 1010
3 1001 1009 1106
3 1106 1009 1119
3 1122 1121 1108
3 1121 1011 1108
3 1012 1107 1108
3 1012 1108 1011
3 1012 1002 1107
3 1121 1122 1123
3 1013 1110 1005
3 1110 1013 1015
3 1110 1015 1112
3 1112 1015 1017
3 1112 1017 1114
3 1114 1017 1019
3 1114 1019 1116
3 1116 1019 1021
3 1116 1021 1118
3 1118 1021 1007
3 1126 1125 1124
3 1022 1023 1124
3 1125 1022 1124
3 1127 1022 1125
3 1010 1022 1120
3 1120 1022 1127
3 1128 1024 1121
3 1121 1024 1011
3 1121 1123 1129
3 1130 1121 1129
3 1128 1121 1130
3 1131 1130 1129
3 1134 1133 1132
3 1132 1133 1126
3 1132 1126 1124
3 1028 1132 1124
3 1027 1028 1124
3 1027 1124 1023
3 1128 1029 1024
3 1029 1128 1031
3 1128 1135 1031
3 1128 1130 1135
3 1130 1131 1136
3 1137 1130 1136
3 1135 1130 1137
3 1138 1137 1136
3 1141 1140 1139
3 1143 1142 1139
3 1143 1139 1140
3 1142 1143 1134
3 1142 1134 1132
3 1034 1142 1132
3 1033 1034 1132
3 1033 1132 1028
3 1135 1036 1031
3 1036 1135 1038
3 1135 1144 1038
3 1135 1137 1144
3 1137 1138 1145
3 1146 1137 1145
3 1144 1137 1146
3 1148 1147 1146
3 1148 1146 1145
3 1150 1149 1147
3 1150 1147 1148
3 1040 1041 1149
3 1150 1040 1149
3 1151 1040 1150
3 1139 1043 1141
3 1043 1151 1141
3 1043 1040 1151
3 1043 1139 1044
3 1044 1139 1142
3 1044 1142 1034
3 1144 1046 1038
3 1046 1144 1049
3 1049 1144 1146
3 1049 1146 1051
3 1051 1146 1147
3 1051 1147 1053
3 1053 1147 1149
3 1053 1149 1041
3 1154 1153 1152
3 1156 1155 1152
3 1152 1155 1154
3 1158 1157 1156
3 1156 1157 1155
3 1160 1159 1158
3 1158 1159 1157
3 1160 1161 1159
3 1164 1163 1162
3 1164 1162 1153
3 1153 1162 1152
3 1162 1058 1152
3 1058 1059 1152
3 1152 1059 1060
3 1152 1060 1156
3 1156 1060 1062
3 1156 1062 1158
3 1158 1062 1064
3 1158 1064 1160
3 1166 1165 1066
3 1066 1165 1064
3 1165 1161 1064
3 1161 1160 1064
3 1166 1167 1165
3 1168 1068 1069
3 1070 1162 1069
3 1163 1069 1162
3 1069 1163 1168
3 1169 1168 1163
3 1168 1169 1170
3 1070 1058 1162
3 1170 1169 1171
3 1071 1166 1066
3 1173 1172 1073
3 1073 1172 1071
3 1172 1167 1071
3 1167 1166 1071
3 1173 1174 1172
3 1168 1075 1068
3 1075 1168 1076
3 1168 1175 1076
3 1168 1170 1175
3 1170 1171 1176
3 1177 1170 1176
3 1175 1170 1177
3 1179 1178 1177
3 1179 1177 1176
3 1180 1178 1179
3 1077 1181 1173
3 1077 1173 1073
3 1174 1173 1182
3 1182 1173 1181
3 1175 1079 1076
3 1079 1175 1082
3 1082 1175 1177
3 1082 1177 1084
3 1084 1177 1178
3 1085 1084 1178
3 1180 1085 1178
3 1183 1085 1180
3 1185 1184 1181
3 1077 1185 1181
3 1086 1185 1077
3 1181 1184 1182
3 1183 1087 1085
3 1186 1087 1183
3 1088 1185 1086
3 1088 1187 1185
3 1190 1189 1188
3 1186 1190 1188
3 1089 1186 1188
3 1087 1186 1089
3 1090 1187 1088
3 1090 1191 1187
3 1194 1193 1192
3 1196 1195 1192
3 1192 1195 1194
3 1198 1197 1196
3 1196 1197 1195
3 1198 1199 1197
3 1202 1201 1200
3 1204 1203 1200
3 1200 1203 1202
3 1203 1204 1189
3 1189 1204 1188
3 1204 1091 1188
3 1091 1092 1188
3 1188 1092 1089
3 1206 1205 1093
3 1206 1093 1094
3 1090 1093 1191
3 1191 1093 1205
3 1192 1193 1097
3 1193 1096 1097
3 1193 1207 1096
3 1192 1097 1098
3 1192 1098 1196
3 1196 1098 1099
3 1196 1099 1198
3 1209 1208 1101
3 1101 1208 1099
3 1208 1199 1099
3 1199 1198 1099
3 1211 1210 1209
3 1209 1210 1208
3 1213 1212 1211
3 1211 1212 1210
3 1215 1214 1213
3 1213 1214 1212
3 1217 1216 1215
3 1215 1216 1214
3 1216 1217 1201
3 1201 1217 1200
3 1217 1103 1200
3 1103 1104 1200
3 1200 1104 1105
3 1200 1105 1204
3 1204 1105 1091
3 1220 1219 1218
3 1219 1206 1218
3 1206 1106 1218
3 1206 1094 1106
3 1222 1108 1221
3 1108 1207 1221
3 1108 1096 1207
3 1224 1223 1222
3 1224 1222 1221
3 1225 1223 1224
3 1109 1209 1101
3 1209 1109 1111
3 1209 1111 1211
3 1211 1111 1113
3 1211 1113 1213
3 1213 1113 1115
3 1213 1115 1215
3 1215 1115 1117
3 1215 1117 1217
3 1217 1117 1103
3 1228 1227 1226
3 1226 1227 1220
3 1226 1220 1218
3 1120 1226 1218
3 1119 1120 1218
3 1119 1218 1106
3 1222 1122 1108
3 1122 1222 1123
3 1222 1229 1123
3 1222 1223 1229
3 1223 1225 1230
3 1223 1230 1229
3 1233 1232 1231
3 1125 1126 1231
3 1232 1125 1231
3 1234 1125 1232
3 1226 1127 1228
3 1127 1234 1228
3 1127 1125 1234
3 1127 1226 1120
3 1229 1129 1123
3 1236 1235 1131
3 1236 1131 1129
3 1230 1236 1129
3 1229 1230 1129
3 1237 1235 1236
3 1240 1239 1238
3 1242 1241 1238
3 1242 1238 1239
3 1241 1242 1233
3 1241 1233 1231
3 1134 1241 1231
3 1133 1134 1231
3 1133 1231 1126
3 1235 1136 1131
3 1244 1243 1138
3 1244 1138 1136
3 1237 1244 1136
3 1235 1237 1136
3 1246 1245 1243
3 1246 1243 1244
3 1248 1247 1245
3 1248 1245 1246
3 1250 1249 1247
3 1250 1247 1248
3 1249 1250 1240
3 1249 1240 1238
3 1141 1249 1238
3 1140 1141 1238
3 1140 1238 1143
3 1143 1238 1241
3 1143 1241 1134
3 1243 1145 1138
3 1145 1243 1148
3 1148 1243 1245
3 1148 1245 1150
3 1150 1245 1247
3 1150 1247 1151
3 1151 1247 1249
3 1151 1249 1141
3 1253 1252 1251
3 1255 1254 1251
3 1251 1254 1253
3 1257 1256 1255
3 1255 1256 1254
3 1257 1258 1256
3 1260 1259 1154
3 1154 1259 1153
3 1155 1251 1252
3 1260 1155 1252
3 1154 1155 1260
3 1251 1155 1157
3 1251 1157 1255
3 1255 1157 1159
3 1255 1159 1257
3 1262 1261 1161
3 1161 1261 1159
3 1261 1258 1159
3 1258 1257 1159
3 1262 1263 1261
3 1264 1163 1164
3 1265 1264 1164
3 1153 1265 1164
3 1259 1265 1153
3 1165 1262 1161
3 1267 1266 1167
3 1167 1266 1165
3 1266 1263 1165
3 1263 1262 1165
3 1267 1268 1266
3 1264 1169 1163
3 1270 1269 1171
3 1270 1171 1169
3 1265 1270 1169
3 1264 1265 1169
3 1272 1271 1269
3 1272 1269 1270
3 1273 1271 1272
3 1172 1267 1167
3 1172 1174 1267
3 1174 1268 1267
3 1174 1274 1268
3 1269 1176 1171
3 1176 1269 1179
3 1179 1269 1271
3 1276 1275 1180
3 1276 1180 1179
3 1273 1276 1179
3 1271 1273 1179
3 1277 1275 1276
3 1182 1274 1174
3 1182 1278 1274
3 1279 1183 1275
3 1275 1183 1180
3 1275 1277 1280
3 1275 1280 1279
3 1185 1281 1184
3 1281 1282 1184
3 1282 1182 1184
3 1282 1278 1182
3 1285 1284 1283
3 1287 1286 1283
3 1283 1286 1285
3 1287 1288 1286
3 1290 1289 1279
3 1289 1183 1279
3 1289 1186 1183
3 1290 1279 1280
3 1292 1291 1281
3 1185 1292 1281
3 1187 1292 1185
3 1281 1291 1282
3 1295 1294 1293
3 1295 1293 1284
3 1293 1283 1284
3 1293 1296 1283
3 1283 1297 1287
3 1283 1296 1297
3 1288 1287 1298
3 1287 1299 1298
3 1287 1297 1299
3 1299 1300 1298
3 1303 1302 1301
3 1189 1190 1301
3 1190 1303 1301
3 1190 1304 1303
3 1190 1186 1289
3 1190 1289 1304
3 1307 1306 1305
3 1306 1292 1305
3 1292 1191 1305
3 1292 1187 1191
3 1309 1308 1194
3 1194 1308 1193
3 1195 1293 1294
3 1309 1195 1294
3 1194 1195 1309
3 1293 1195 1197
3 1293 1197 1296
3 1296 1197 1199
3 1310 1296 1199
3 1297 1296 1310
3 1297 1311 1299
3 1297 1310 1311
3 1300 1299 1312
3 1299 1313 1312
3 1299 1311 1313
3 1315 1314 1313
3 1313 1314 1312
3 1317 1316 1315
3 1315 1316 1314
3 1201 1202 1317
3 1202 1316 1317
3 1202 1318 1316
3 1203 1301 1302
3 1318 1203 1302
3 1202 1203 1318
3 1301 1203 1189
3 1321 1320 1319
3 1319 1320 1307
3 1319 1307 1305
3 1206 1319 1305
3 1205 1206 1305
3 1205 1305 1191
3 1323 1207 1322
3 1207 1308 1322
3 1207 1193 1308
3 1325 1324 1323
3 1325 1323 1322
3 1326 1324 1325
3 1208 1310 1199
3 1310 1208 1210
3 1310 1210 1311
3 1311 1210 1212
3 1311 1212 1313
3 1313 1212 1214
3 1313 1214 1315
3 1315 1214 1216
3 1315 1216 1317
3 1317 1216 1201
3 1329 1328 1327
3 1327 1328 1321
3 1327 1321 1319
3 1220 1327 1319
3 1219 1220 1319
3 1219 1319 1206
3 1323 1221 1207
3 1221 1323 1224
3 1224 1323 1324
3 1331 1330 1225
3 1331 1225 1224
3 1326 1331 1224
3 1324 1326 1224
3 1332 1330 1331
3 1335 1334 1333
3 1333 1334 1329
3 1333 1329 1327
3 1228 1333 1327
3 1227 1228 1327
3 1227 1327 1220
3 1336 1230 1330
3 1330 1230 1225
3 1330 1332 1337
3 1338 1330 1337
3 1336 1330 1338
3 1339 1338 1337
3 1342 1341 1340
3 1232 1233 1340
3 1341 1232 1340
3 1343 1232 1341
3 1333 1234 1335
3 1234 1343 1335
3 1234 1232 1343
3 1234 1333 1228
3 1336 1236 1230
3 1236 1336 1237
3 1336 1344 1237
3 1336 1338 1344
3 1338 1339 1345
3 1346 1338 1345
3 1344 1338 1346
3 1348 1347 1346
3 1348 1346 1345
3 1350 1349 1347
3 1350 1347 1348
3 1239 1240 1349
3 1350 1239 1349
3 1351 1239 1350
3 1340 1242 1342
3 1242 1351 1342
3 1242 1239 1351
3 1242 1340 1233
3 1344 1244 1237
3 1244 1344 1246
3 1246 1344 1346
3 1246 1346 1248
3 1248 1346 1347
3 1248 1347 1250
3 1250 1347 1349
3 1250 1349 1240
3 1354 1353 1352
3 1356 1355 1352
3 1352 1355 1354
3 1358 1357 1356
3 1356 1357 1355
3 1358 1359 1357
3 1362 1361 1360
3 1252 1253 1360
3 1253 1362 1360
3 1253 1363 1362
3 1254 1352 1353
3 1363 1254 1353
3 1253 1254 1363
3 1352 1254 1256
3 1352 1256 1356
3 1356 1256 1258
3 1364 1356 1258
3 1358 1356 1364
3 1359 1358 1365
3 1358 1366 1365
3 1358 1364 1366
3 1366 1367 1365
3 1360 1361 1260
3 1361 1259 1260
3 1361 1368 1259
3 1360 1260 1252
3 1261 1364 1258
3 1364 1261 1263
3 1369 1364 1263
3 1366 1364 1369
3 1367 1366 1370
3 1370 1366 1369
3 1372 1265 1371
3 1265 1368 1371
3 1265 1259 1368
3 1374 1373 1372
3 1374 1372 1371
3 1375 1373 1374
3 1266 1369 1263
3 1377 1376 1268
3 1268 1376 1266
3 1376 1370 1266
3 1370 1369 1266
3 1377 1378 1376
3 1372 1270 1265
3 1270 1372 1272
3 1272 1372 1373
3 1380 1379 1273
3 1380 1273 1272
3 1375 1380 1272
3 1373 1375 1272
3 1381 1379 1380
3 1383 1382 1377
3 1268 1383 1377
3 1274 1383 1268
3 1377 1382 1378
3 1379 1276 1273
3 1277 1276 1379
3 1381 1277 1379
3 1384 1277 1381
3 1278 1383 1274
3 1278 1385 1383
3 1388 1387 1386
3 1386 1389 1388
3 1392 1391 1390
3 1384 1392 1390
3 1280 1384 1390
3 1277 1384 1280
3 1282 1385 1278
3 1282 1393 1385
3 1395 1394 1285
3 1285 1394 1284
3 1286 1386 1387
3 1395 1286 1387
3 1285 1286 1395
3 1397 1396 1288
3 1288 1396 1286
3 1396 1389 1286
3 1389 1386 1286
3 1399 1398 1397
3 1397 1398 1396
3 1399 1400 1398
3 1403 1402 1401
3 1403 1401 1391
3 1391 1401 1390
3 1401 1289 1390
3 1289 1290 1390
3 1390 1290 1280
3 1405 1404 1291
3 1405 1291 1292
3 1282 1291 1393
3 1393 1291 1404
3 1406 1294 1295
3 1407 1406 1295
3 1284 1407 1295
3 1394 1407 1284
3 1298 1397 1288
3 1397 1298 1300
3 1408 1397 1300
3 1399 1397 1408
3 1400 1399 1409
3 1399 1410 1409
3 1399 1408 1410
3 1412 1411 1410
3 1410 1411 1409
3 1414 1413 1412
3 1412 1413 1411
3 1302 1303 1414
3 1303 1413 1414
3 1303 1415 1413
3 1304 1401 1402
3 1415 1304 1402
3 1303 1304 1415
3 1401 1304 1289
3 1417 1416 1306
3 1417 1306 1307
3 1292 1306 1405
3 1405 1306 1416
3 1418 1308 1309
3 1294 1406 1309
3 1406 1418 1309
3 1406 1419 1418
3 1406 1407 1420
3 1421 1406 1420
3 1419 1406 1421
3 1422 1421 1420
3 1312 1408 1300
3 1408 1312 1314
3 1408 1314 1410
3 1410 1314 1316
3 1410 1316 1412
3 1412 1316 1318
3 1412 1318 1414
3 1414 1318 1302
3 1424 1423 1320
3 1424 1320 1321
3 1307 1320 1417
3 1417 1320 1423
3 1418 1322 1308
3 1322 1418 1325
3 1325 1418 1419
3 1325 1419 1326
3 1419 1425 1326
3 1419 1421 1425
3 1421 1422 1426
3 1421 1426 1425
3 1429 1428 1427
3 1328 1329 1427
3 1428 1328 1427
3 1430 1328 1428
3 1321 1328 1424
3 1424 1328 1430
3 1425 1331 1326
3 1432 1431 1332
3 1432 1332 1331
3 1426 1432 1331
3 1425 1426 1331
3 1433 1431 1432
3 1436 1435 1434
3 1438 1437 1434
3 1438 1434 1435
3 1437 1438 1429
3 1437 1429 1427
3 1335 1437 1427
3 1334 1335 1427
3 1334 1427 1329
3 1431 1337 1332
3 1440 1439 1339
3 1440 1339 1337
3 1433 1440 1337
3 1431 1433 1337
3 1442 1441 1439
3 1442 1439 1440
3 1444 1443 1441
3 1444 1441 1442
3 1446 1445 1443
3 1446 1443 1444
3 1445 1446 1436
3 1445 1436 1434
3 1342 1445 1434
3 1341 1342 1434
3 1341 1434 1343
3 1343 1434 1437
3 1343 1437 1335
3 1439 1345 1339
3 1345 1439 1348
3 1348 1439 1441
3 1348 1441 1350
3 1350 1441 1443
3 1350 1443 1351
3 1351 1443 1445
3 1351 1445 1342
3 1449 1448 1447
3 1353 1354 1447
3 1354 1449 1447
3 1354 1450 1449
3 1451 1354 1355
3 1451 1450 1354
3 1452 1355 1357
3 1452 1451 1355
3 1454 1453 1359
3 1453 1357 1359
3 1453 1452 1357
3 1454 1455 1453
3 1456 1361 1362
3 1448 1457 1447
3 1457 1362 1447
3 1362 1363 1447
3 1362 1457 1456
3 1447 1363 1353
3 1365 1454 1359
3 1459 1458 1367
3 1367 1458 1365
3 1458 1455 1365
3 1455 1454 1365
3 1459 1460 1458
3 1461 1368 1456
3 1456 1368 1361
3 1456 1457 1462
3 1463 1456 1462
3 1461 1456 1463
3 1464 1463 1462
3 1370 1465 1459
3 1370 1459 1367
3 1460 1459 1466
3 1466 1459 1465
3 1461 1371 1368
3 1371 1461 1374
3 1374 1461 1463
3 1468 1467 1375
3 1468 1375 1374
3 1464 1468 1374
3 1463 1464 1374
3 1470 1469 1467
3 1470 1467 1468
3 1471 1469 1470
3 1376 1465 1370
3 1376 1378 1465
3 1378 1466 1465
3 1378 1472 1466
3 1467 1380 1375
3 1380 1467 1381
3 1467 1473 1381
3 1467 1469 1473
3 1469 1471 1474
3 1469 1474 1473
3 1383 1475 1382
3 1475 1476 1382
3 1476 1378 1382
3 1476 1472 1378
3 1478 1477 1473
3 1477 1381 1473
3 1477 1384 1381
3 1478 1473 1474
3 1480 1479 1475
3 1383 1480 1475
3 1385 1480 1383
3 1475 1479 1476
3 1482 1481 1388
3 1388 1481 1387
3 1484 1483 1389
3 1483 1388 1389
3 1483 1482 1388
3 1486 1485 1484
3 1484 1485 1483
3 1488 1487 1486
3 1486 1487 1485
3 1490 1489 1488
3 1488 1489 1487
3 1490 1491 1489
3 1493 1492 1392
3 1392 1492 1391
3 1392 1384 1477
3 1392 1477 1493
3 1393 1480 1385
3 1393 1494 1480
3 1495 1394 1395
3 1496 1495 1395
3 1387 1496 1395
3 1481 1496 1387
3 1396 1484 1389
3 1484 1396 1398
3 1484 1398 1486
3 1486 1398 1400
3 1497 1486 1400
3 1488 1486 1497
3 1488 1498 1490
3 1488 1497 1498
3 1491 1490 1499
3 1490 1500 1499
3 1490 1498 1500
3 1502 1501 1500
3 1500 1501 1499
3 1402 1403 1502
3 1403 1501 1502
3 1403 1503 1501
3 1403 1391 1492
3 1403 1492 1503
3 1505 1504 1404
3 1505 1404 1405
3 1393 1404 1494
3 1494 1404 1504
3 1506 1407 1495
3 1495 1407 1394
3 1495 1496 1507
3 1508 1495 1507
3 1506 1495 1508
3 1509 1508 1507
3 1409 1497 1400
3 1497 1409 1411
3 1497 1411 1498
3 1498 1411 1413
3 1498 1413 1500
3 1500 1413 1415
3 1500 1415 1502
3 1502 1415 1402
3 1512 1511 1510
3 1416 1417 1510
3 1511 1416 1510
3 1513 1416 1511
3 1405 1416 1505
3 1505 1416 1513
3 1506 1420 1407
3 1420 1506 1422
3 1506 1514 1422
3 1506 1508 1514
3 1508 1509 1515
3 1508 1515 1514
3 1518 1517 1516
3 1516 1517 1512
3 1516 1512 1510
3 1424 1516 1510
3 1423 1424 1510
3 1423 1510 1417
3 1519 1426 1514
3 1514 1426 1422
3 1514 1515 1520
3 1521 1514 1520
3 1519 1514 1521
3 1522 1521 1520
3 1525 1524 1523
3 1428 1429 1523
3 1524 1428 1523
3 1526 1428 1524
3 1516 1430 1518
3 1430 1526 1518
3 1430 1428 1526
3 1430 1516 1424
3 1519 1432 1426
3 1432 1519 1433
3 1519 1527 1433
3 1519 1521 1527
3 1521 1522 1528
3 1529 1521 1528
3 1527 1521 1529
3 1531 1530 1529
3 1531 1529 1528
3 1533 1532 1530
3 1533 1530 1531
3 1435 1436 1532
3 1533 1435 1532
3 1534 1435 1533
3 1523 1438 1525
3 1438 1534 1525
3 1438 1435 1534
3 1438 1523 1429
3 1527 1440 1433
3 1440 1527 1442
3 1442 1527 1529
3 1442 1529 1444
3 1444 1529 1530
3 1444 1530 1446
3 1446 1530 1532
3 1446 1532 1436
3 1535 1448 1449
3 1535 1449 1536
3 1449 1537 1536
3 1449 1450 1537
3 1538 1450 1451
3 1538 1537 1450
3 1539 1451 1452
3 1539 1538 1451
3 1540 1452 1453
3 1540 1539 1452
3 1542 1541 1455
3 1541 1453 1455
3 1541 1540 1453
3 1542 1543 1541
3 1544 1457 1535
3 1535 1457 1448
3 1535 1536 1545
3 1546 1535 1545
3 1544 1535 1546
3 1547 1546 1545
3 1458 1542 1455
3 1458 1460 1542
3 1460 1543 1542
3 1460 1548 1543
3 1544 1462 1457
3 1462 1544 1464
3 1544 1549 1464
3 1544 1546 1549
3 1546 1547 1550
3 1551 1546 1550
3 1549 1546 1551
3 1552 1551 1550
3 1466 1548 1460
3 1466 1553 1548
3 1549 1468 1464
3 1468 1549 1470
3 1470 1549 1551
3 1471 1470 1551
3 1552 1471 1551
3 1554 1471 1552
3 1472 1553 1466
3 1472 1555 1553
3 1554 1474 1471
3 1556 1474 1554
3 1476 1555 1472
3 1476 1557 1555
3 1560 1559 1558
3 1562 1561 1558
3 1558 1561 1560
3 1562 1563 1561
3 1565 1564 1478
3 1478 1564 1477
3 1478 1474 1556
3 1478 1556 1565
3 1567 1566 1479
3 1567 1479 1480
3 1476 1479 1557
3 1557 1479 1566
3 1568 1481 1482
3 1568 1482 1569
3 1482 1570 1569
3 1482 1483 1570
3 1485 1558 1559
3 1570 1485 1559
3 1483 1485 1570
3 1558 1485 1487
3 1558 1487 1562
3 1571 1563 1562
3 1487 1571 1562
3 1489 1571 1487
3 1573 1572 1491
3 1572 1489 1491
3 1572 1571 1489
3 1575 1574 1573
3 1573 1574 1572
3 1577 1576 1575
3 1575 1576 1574
3 1492 1493 1577
3 1493 1576 1577
3 1493 1578 1576
3 1493 1477 1564
3 1493 1564 1578
3 1494 1567 1480
3 1494 1579 1567
3 1580 1496 1568
3 1568 1496 1481
3 1568 1569 1581
3 1568 1581 1580
3 1499 1573 1491
3 1573 1499 1501
3 1573 1501 1575
3 1575 1501 1503
3 1575 1503 1577
3 1577 1503 1492
3 1584 1583 1582
3 1504 1505 1582
3 1583 1504 1582
3 1585 1504 1583
3 1494 1504 1579
3 1579 1504 1585
3 1580 1507 1496
3 1587 1586 1509
3 1587 1509 1507
3 1581 1587 1507
3 1580 1581 1507
3 1588 1586 1587
3 1590 1589 1511
3 1590 1511 1512
3 1582 1513 1584
3 1513 1589 1584
3 1513 1511 1589
3 1513 1582 1505
3 1591 1515 1586
3 1586 1515 1509
3 1586 1588 1592
3 1593 1586 1592
3 1591 1586 1593
3 1594 1593 1592
3 1597 1596 1595
3 1517 1518 1595
3 1596 1517 1595
3 1598 1517 1596
3 1512 1517 1590
3 1590 1517 1598
3 1591 1520 1515
3 1520 1591 1522
3 1591 1599 1522
3 1591 1593 1599
3 1593 1594 1600
3 1601 1593 1600
3 1599 1593 1601
3 1603 1602 1601
3 1603 1601 1600
3 1605 1604 1602
3 1605 1602 1603
3 1524 1525 1604
3 1605 1524 1604
3 1606 1524 1605
3 1595 1526 1597
3 1526 1606 1597
3 1526 1524 1606
3 1526 1595 1518
3 1599 1528 1522
3 1528 1599 1531
3 1531 1599 1601
3 1531 1601 1533
3 1533 1601 1602
3 1533 1602 1534
3 1534 1602 1604
3 1534 1604 1525
3 1607 1536 1537
3 1538 1608 1537
3 1537 1608 1607
3 1608 1538 1609
3 1538 1610 1609
3 1538 1539 1610
3 1611 1539 1540
3 1611 1610 1539
3 1612 1540 1541
3 1612 1611 1540
3 1541 1543 1612
3 1612 1543 1613
3 1607 1545 1536
3 1545 1607 1547
3 1607 1614 1547
3 1607 1608 1614
3 1608 1609 1615
3 1608 1615 1614
3 1548 1617 1616
3 1613 1548 1616
3 1543 1548 1613
3 1617 1618 1616
3 1614 1550 1547
3 1620 1619 1552
3 1620 1552 1550
3 1615 1620 1550
3 1614 1615 1550
3 1621 1619 1620
3 1553 1622 1617
3 1553 1617 1548
3 1618 1617 1623
3 1623 1617 1622
3 1625 1624 1619
3 1624 1552 1619
3 1624 1554 1552
3 1625 1619 1621
3 1555 1626 1622
3 1555 1622 1553
3 1623 1622 1627
3 1627 1622 1626
3 1630 1629 1628
3 1624 1630 1628
3 1556 1624 1628
3 1554 1624 1556
3 1632 1631 1626
3 1555 1632 1626
3 1557 1632 1555
3 1626 1631 1627
3 1633 1559 1560
3 1633 1560 1634
3 1560 1635 1634
3 1560 1561 1635
3 1637 1636 1563
3 1636 1561 1563
3 1636 1635 1561
3 1639 1638 1637
3 1637 1638 1636
3 1641 1640 1639
3 1639 1640 1638
3 1643 1642 1641
3 1641 1642 1640
3 1645 1644 1643
3 1643 1644 1642
3 1644 1645 1629
3 1629 1645 1628
3 1645 1564 1628
3 1564 1565 1628
3 1628 1565 1556
3 1567 1646 1566
3 1646 1647 1566
3 1647 1557 1566
3 1647 1632 1557
3 1648 1569 1570
3 1559 1633 1570
3 1633 1648 1570
3 1633 1649 1648
3 1633 1634 1650
3 1633 1650 1649
3 1571 1637 1563
3 1637 1571 1572
3 1637 1572 1639
3 1639 1572 1574
3 1639 1574 1641
3 1641 1574 1576
3 1641 1576 1643
3 1643 1576 1578
3 1643 1578 1645
3 1645 1578 1564
3 1653 1652 1651
3 1652 1654 1646
3 1579 1652 1646
3 1567 1579 1646
3 1651 1652 1579
3 1646 1654 1647
3 1655 1581 1648
3 1648 1581 1569
3 1656 1648 1649
3 1655 1648 1656
3 1649 1650 1657
3 1649 1657 1656
3 1659 1658 1583
3 1659 1583 1584
3 1651 1585 1653
3 1585 1658 1653
3 1585 1583 1658
3 1585 1651 1579
3 1655 1587 1581
3 1587 1655 1588
3 1655 1660 1588
3 1655 1656 1660
3 1656 1657 1661
3 1662 1656 1661
3 1660 1656 1662
3 1664 1663 1662
3 1664 1662 1661
3 1665 1663 1664
3 1668 1667 1666
3 1589 1590 1666
3 1667 1589 1666
3 1669 1589 1667
3 1584 1589 1659
3 1659 1589 1669
3 1660 1592 1588
3 1592 1660 1594
3 1660 1670 1594
3 1660 1662 1670
3 1671 1662 1663
3 1670 1662 1671
3 1663 1665 1672
3 1673 1663 1672
3 1671 1663 1673
3 1675 1674 1673
3 1675 1673 1672
3 1596 1597 1674
3 1675 1596 1674
3 1676 1596 1675
3 1666 1598 1668
3 1598 1676 1668
3 1598 1596 1676
3 1598 1666 1590
3 1670 1600 1594
3 1600 1670 1603
3 1603 1670 1671
3 1603 1671 1605
3 1605 1671 1673
3 1605 1673 1606
3 1606 1673 1674
3 1606 1674 1597
3 1677 1609 1610
3 1677 1610 1678
3 1610 1679 1678
3 1610 1611 1679
3 1681 1679 1680
3 1679 1612 1680
3 1679 1611 1612
3 1613 1680 1612
3 1682 1615 1677
3 1677 1615 1609
3 1677 1678 1683
3 1677 1683 1682
3 1684 1681 1680
3 1684 1680 1613
3 1616 1684 1613
3 1685 1684 1616
3 1616 1618 1685
3 1685 1618 1686
3 1682 1620 1615
3 1621 1620 1682
3 1683 1621 1682
3 1687 1621 1683
3 1623 1686 1618
3 1623 1688 1686
3 1690 1689 1625
3 1625 1689 1624
3 1625 1621 1687
3 1625 1687 1690
3 1627 1688 1623
3 1627 1691 1688
3 1694 1693 1692
3 1696 1695 1692
3 1692 1695 1694
3 1696 1697 1695
3 1699 1698 1630
3 1630 1698 1629
3 1630 1624 1689
3 1630 1689 1699
3 1632 1700 1631
3 1700 1701 1631
3 1701 1627 1631
3 1701 1691 1627
3 1702 1634 1635
3 1636 1703 1635
3 1635 1703 1702
3 1693 1704 1692
3 1704 1636 1692
3 1636 1638 1692
3 1636 1704 1703
3 1692 1638 1640
3 1692 1640 1696
3 1705 1697 1696
3 1640 1705 1696
3 1642 1705 1640
3 1706 1642 1644
3 1706 1705 1642
3 1644 1629 1698
3 1644 1698 1706
3 1709 1708 1707
3 1708 1710 1700
3 1647 1708 1700
3 1632 1647 1700
3 1707 1708 1647
3 1700 1710 1701
3 1711 1650 1702
3 1702 1650 1634
3 1703 1713 1712
3 1711 1703 1712
3 1702 1703 1711
3 1713 1703 1704
3 1715 1714 1652
3 1715 1652 1653
3 1707 1654 1709
3 1654 1714 1709
3 1654 1652 1714
3 1654 1707 1647
3 1716 1657 1711
3 1711 1657 1650
3 1711 1712 1717
3 1718 1711 1717
3 1716 1711 1718
3 1720 1719 1718
3 1720 1718 1717
3 1722 1721 1719
3 1722 1719 1720
3 1724 1723 1721
3 1724 1721 1722
3 1726 1725 1723
3 1726 1723 1724
3 1728 1727 1725
3 1728 1725 1726
3 1658 1659 1727
3 1728 1658 1727
3 1729 1658 1728
3 1653 1658 1715
3 1715 1658 1729
3 1716 1661 1657
3 1661 1716 1664
3 1664 1716 1718
3 1664 1718 1665
3 1718 1730 1665
3 1718 1719 1730
3 1731 1719 1721
3 1730 1719 1731
3 1732 1721 1723
3 1731 1721 1732
3 1668 1732 1667
3 1732 1725 1667
3 1732 1723 1725
3 1667 1725 1669
3 1669 1725 1727
3 1669 1727 1659
3 1730 1672 1665
3 1672 1730 1675
3 1675 1730 1731
3 1675 1731 1676
3 1676 1731 1732
3 1676 1732 1668
3 1733 1678 1679
3 1681 1733 1679
3 1734 1683 1733
3 1733 1683 1678
3 1734 1733 1681
3 1735 1734 1681
3 1684 1735 1681
3 1736 1734 1735
3 1738 1735 1737
3 1735 1685 1737
3 1735 1684 1685
3 1686 1737 1685
3 1740 1739 1734
3 1739 1683 1734
3 1739 1687 1683
3 1740 1734 1736
3 1738 1737 1741
3 1738 1741 1742
3 1688 1741 1686
3 1686 1741 1737
3 1745 1744 1743
3 1689 1690 1743
3 1690 1745 1743
3 1690 1746 1745
3 1690 1687 1739
3 1690 1739 1746
3 1747 1742 1741
3 1741 1688 1747
3 1688 1748 1747
3 1688 1691 1748
3 1749 1693 1694
3 1695 1750 1694
3 1694 1750 1749
3 1697 1750 1695
3 1753 1752 1751
3 1753 1751 1744
3 1744 1751 1743
3 1751 1698 1743
3 1698 1699 1743
3 1743 1699 1689
3 1756 1755 1754
3 1755 1748 1754
3 1748 1701 1754
3 1748 1691 1701
3 1757 1704 1749
3 1749 1704 1693
3 1758 1749 1750
3 1757 1749 1758
3 1758 1750 1697
3 1759 1758 1697
3 1705 1759 1697
3 1760 1758 1759
3 1706 1751 1752
3 1759 1706 1752
3 1705 1706 1759
3 1751 1706 1698
3 1762 1761 1708
3 1762 1708 1709
3 1754 1710 1756
3 1710 1761 1756
3 1710 1708 1761
3 1710 1754 1701
3 1763 1712 1713
3 1704 1757 1713
3 1757 1763 1713
3 1757 1764 1763
3 1765 1757 1758
3 1764 1757 1765
3 1758 1760 1766
3 1758 1766 1765
3 1769 1768 1767
3 1771 1770 1767
3 1771 1767 1768
3 1714 1715 1770
3 1771 1714 1770
3 1772 1714 1771
3 1709 1714 1762
3 1762 1714 1772
3 1763 1717 1712
3 1717 1763 1720
3 1720 1763 1764
3 1720 1764 1722
3 1722 1764 1765
3 1766 1773 1765
3 1773 1722 1765
3 1773 1724 1722
3 1724 1774 1726
3 1773 1774 1724
3 1767 1728 1769
3 1728 1774 1769
3 1728 1726 1774
3 1728 1767 1729
3 1729 1767 1770
3 1729 1770 1715
3 1775 1736 1735
3 1738 1775 1735
3 1776 1739 1740
3 1736 1775 1740
3 1775 1776 1740
3 1775 1777 1776
3 1742 1777 1738
3 1738 1777 1775
3 1778 1744 1745
3 1746 1779 1745
3 1745 1779 1778
3 1739 1776 1746
3 1776 1779 1746
3 1776 1780 1779
3 1781 1776 1777
3 1780 1776 1781
3 1747 1782 1742
3 1782 1777 1742
3 1782 1781 1777
3 1748 1782 1747
3 1783 1752 1753
3 1744 1778 1753
3 1778 1783 1753
3 1778 1784 1783
3 1785 1778 1779
3 1784 1778 1785
3 1786 1779 1780
3 1785 1779 1786
3 1787 1780 1781
3 1786 1780 1787
3 1756 1787 1755
3 1787 1782 1755
3 1787 1781 1782
3 1755 1782 1748
3 1788 1760 1759
3 1752 1783 1759
3 1783 1788 1759
3 1783 1789 1788
3 1790 1783 1784
3 1789 1783 1790
3 1791 1784 1785
3 1790 1784 1791
3 1792 1785 1786
3 1791 1785 1792
3 1762 1792 1761
3 1792 1787 1761
3 1792 1786 1787
3 1761 1787 1756
3 1793 1766 1788
3 1788 1766 1760
3 1794 1788 1789
3 1793 1788 1794
3 1769 1794 1768
3 1794 1790 1768
3 1794 1789 1790
3 1768 1790 1771
3 1771 1790 1791
3 1771 1791 1772
3 1772 1791 1792
3 1772 1792 1762
3 1793 1773 1766
3 1773 1793 1774
3 1774 1793 1794
3 1774 1794 1769
