ply
format ascii 1.0
element vertex 8424
property float x
property float y
property float z
element face 16868
property list uchar int vertex_indices
end_header
34.50000 -17.00000 -7.00000
34.00000 -17.00000 -7.50000
34.00000 -17.50000 -7.00000
34.00000 -17.00000 -6.50000
34.50000 -16.00000 -9.00000
34.00000 -16.00000 -9.50000
34.00000 -16.50000 -9.00000
34.00000 -16.50000 -8.00000
34.50000 -16.00000 -8.00000
34.50000 -16.00000 -7.00000
34.00000 -16.00000 -6.50000
34.50000 -15.00000 -10.00000
34.00000 -15.00000 -10.50000
34.00000 -15.50000 -10.00000
34.50000 -15.00000 -9.00000
34.50000 -15.00000 -8.00000
34.00000 -15.00000 -7.50000
34.00000 -15.50000 -7.00000
34.50000 -14.00000 -11.00000
34.00000 -14.00000 -11.50000
34.00000 -14.50000 -11.00000
34.50000 -14.00000 -10.00000
34.50000 -14.00000 -9.00000
34.00000 -14.00000 -8.50000
34.00000 -14.50000 -8.00000
34.50000 -13.00000 -11.00000
34.00000 -13.00000 -11.50000
34.50000 -13.00000 -10.00000
34.50000 -13.00000 -9.00000
34.00000 -13.00000 -8.50000
34.50000 -12.00000 -11.00000
34.00000 -12.00000 -11.50000
34.00000 -12.00000 -10.50000
34.00000 -12.50000 -10.00000
34.00000 -12.50000 -9.00000
34.50000 -12.00000 -2.00000
34.00000 -12.00000 -2.50000
34.00000 -12.50000 -2.00000
34.00000 -12.50000 -1.00000
34.50000 -12.00000 -1.00000
34.00000 -12.00000 -0.50000
34.00000 -11.50000 -11.00000
34.50000 -11.00000 -3.00000
34.00000 -11.00000 -3.50000
34.00000 -11.50000 -3.00000
34.50000 -11.00000 -2.00000
34.50000 -11.00000 -1.00000
34.00000 -11.50000 0.00000
34.50000 -11.00000 0.00000
34.00000 -11.50000 1.00000
34.50000 -11.00000 1.00000
34.00000 -11.00000 1.50000
34.50000 -10.00000 -3.00000
34.00000 -10.00000 -3.50000
34.50000 -10.00000 -2.00000
34.50000 -10.00000 -1.00000
34.50000 -10.00000 0.00000
34.50000 -10.00000 1.00000
34.00000 -10.50000 2.00000
34.50000 -10.00000 2.00000
34.00000 -10.50000 3.00000
34.50000 -10.00000 3.00000
34.00000 -10.00000 3.50000
34.50000 -9.00000 -3.00000
34.00000 -9.00000 -3.50000
34.50000 -9.00000 -2.00000
34.50000 -9.00000 -1.00000
34.50000 -9.00000 0.00000
34.50000 -9.00000 1.00000
34.50000 -9.00000 2.00000
34.50000 -9.00000 3.00000
34.00000 -9.00000 3.50000
34.50000 -8.00000 -3.00000
34.00000 -8.00000 -3.50000
34.50000 -8.00000 -2.00000
34.50000 -8.00000 -1.00000
34.50000 -8.00000 0.00000
34.50000 -8.00000 1.00000
34.50000 -8.00000 2.00000
34.50000 -8.00000 3.00000
34.00000 -8.00000 3.50000
34.50000 -7.00000 -3.00000
34.00000 -7.00000 -3.50000
34.50000 -7.00000 -2.00000
34.50000 -7.00000 -1.00000
34.50000 -7.00000 0.00000
34.50000 -7.00000 1.00000
34.50000 -7.00000 2.00000
34.50000 -7.00000 3.00000
34.00000 -7.00000 3.50000
34.50000 -6.00000 -3.00000
34.00000 -6.00000 -3.50000
34.50000 -6.00000 -2.00000
34.50000 -6.00000 -1.00000
34.50000 -6.00000 0.00000
34.50000 -6.00000 1.00000
34.50000 -6.00000 2.00000
34.50000 -6.00000 3.00000
34.00000 -6.00000 3.50000
34.00000 -5.50000 -3.00000
34.50000 -5.00000 -2.00000
34.00000 -5.00000 -2.50000
34.50000 -5.00000 -1.00000
34.50000 -5.00000 0.00000
34.50000 -5.00000 1.00000
34.50000 -5.00000 2.00000
34.00000 -5.00000 2.50000
34.00000 -5.50000 3.00000
34.50000 -4.00000 -2.00000
34.00000 -4.00000 -2.50000
34.50000 -4.00000 -1.00000
34.50000 -4.00000 0.00000
34.50000 -4.00000 1.00000
34.50000 -4.00000 2.00000
34.00000 -4.00000 2.50000
34.50000 -3.00000 -2.00000
34.00000 -3.00000 -2.50000
34.50000 -3.00000 -1.00000
34.50000 -3.00000 0.00000
34.50000 -3.00000 1.00000
34.50000 -3.00000 2.00000
34.00000 -3.50000 3.00000
34.50000 -3.00000 3.00000
34.00000 -3.00000 3.50000
34.50000 -2.00000 -2.00000
34.00000 -2.00000 -2.50000
34.50000 -2.00000 -1.00000
34.50000 -2.00000 0.00000
34.50000 -2.00000 1.00000
34.50000 -2.00000 2.00000
34.50000 -2.00000 3.00000
34.00000 -2.00000 3.50000
34.00000 -1.50000 -2.00000
34.50000 -1.00000 -1.00000
34.00000 -1.00000 -1.50000
34.50000 -1.00000 0.00000
34.50000 -1.00000 1.00000
34.50000 -1.00000 2.00000
34.50000 -1.00000 3.00000
34.00000 -1.50000 4.00000
34.50000 -1.00000 4.00000
34.00000 -1.00000 4.50000
34.50000 0.00000 -1.00000
34.00000 0.00000 -1.50000
34.50000 0.00000 0.00000
34.50000 0.00000 1.00000
34.50000 0.00000 2.00000
34.50000 0.00000 3.00000
34.50000 0.00000 4.00000
34.00000 0.00000 4.50000
34.00000 0.50000 -1.00000
34.50000 1.00000 0.00000
34.00000 1.00000 -0.50000
34.50000 1.00000 1.00000
34.50000 1.00000 2.00000
34.50000 1.00000 3.00000
34.00000 1.00000 3.50000
34.00000 0.50000 4.00000
34.50000 2.00000 0.00000
34.00000 2.00000 -0.50000
34.50000 2.00000 1.00000
34.50000 2.00000 2.00000
34.00000 2.00000 2.50000
34.00000 1.50000 3.00000
34.00000 2.50000 0.00000
34.00000 2.50000 1.00000
34.00000 2.50000 2.00000
33.50000 -19.00000 -5.00000
33.00000 -19.00000 -5.50000
33.00000 -19.50000 -5.00000
33.00000 -19.50000 -4.00000
33.50000 -19.00000 -4.00000
33.00000 -19.00000 -3.50000
33.50000 -18.00000 -6.00000
33.00000 -18.00000 -6.50000
33.00000 -18.50000 -6.00000
33.50000 -18.00000 -5.00000
33.50000 -18.00000 -4.00000
33.00000 -18.00000 -3.50000
33.50000 -17.00000 -8.00000
33.00000 -17.00000 -8.50000
33.00000 -17.50000 -8.00000
33.00000 -17.50000 -7.00000
33.50000 -17.00000 -6.00000
33.50000 -17.00000 -5.00000
33.50000 -17.00000 -4.00000
33.00000 -17.00000 -3.50000
33.00000 -16.00000 -9.50000
33.00000 -16.50000 -9.00000
33.50000 -16.00000 -6.00000
33.50000 -16.00000 -5.00000
33.50000 -16.00000 -4.00000
33.00000 -16.00000 -3.50000
33.00000 -15.00000 -10.50000
33.00000 -15.50000 -10.00000
33.50000 -15.00000 -7.00000
33.50000 -15.00000 -6.00000
33.50000 -15.00000 -5.00000
33.50000 -15.00000 -4.00000
33.00000 -15.50000 -3.00000
33.50000 -15.00000 -3.00000
33.00000 -15.00000 -2.50000
33.00000 -14.00000 -11.50000
33.00000 -14.50000 -11.00000
33.50000 -14.00000 -8.00000
33.50000 -14.00000 -7.00000
33.50000 -14.00000 -6.00000
33.50000 -14.00000 -5.00000
33.50000 -14.00000 -4.00000
33.50000 -14.00000 -3.00000
33.00000 -14.50000 -2.00000
33.50000 -14.00000 -2.00000
33.00000 -14.50000 -1.00000
33.50000 -14.00000 -1.00000
33.00000 -14.50000 0.00000
33.50000 -14.00000 0.00000
33.00000 -14.50000 1.00000
33.50000 -14.00000 1.00000
33.00000 -14.00000 1.50000
33.00000 -13.00000 -11.50000
33.50000 -13.00000 -8.00000
33.50000 -13.00000 -7.00000
33.50000 -13.00000 -6.00000
33.50000 -13.00000 -5.00000
33.50000 -13.00000 -4.00000
33.50000 -13.00000 -3.00000
33.50000 -13.00000 -2.00000
33.50000 -13.00000 -1.00000
33.50000 -13.00000 0.00000
33.50000 -13.00000 1.00000
33.00000 -13.50000 2.00000
33.50000 -13.00000 2.00000
33.00000 -13.00000 2.50000
33.50000 -12.00000 -12.00000
33.00000 -12.00000 -12.50000
33.00000 -12.50000 -12.00000
33.50000 -12.00000 -10.00000
33.50000 -12.00000 -9.00000
33.50000 -12.00000 -8.00000
33.00000 -12.00000 -7.50000
33.00000 -12.50000 -7.00000
33.50000 -12.00000 -6.00000
33.00000 -12.00000 -6.50000
33.50000 -12.00000 -5.00000
33.50000 -12.00000 -4.00000
33.50000 -12.00000 -3.00000
33.50000 -12.00000 0.00000
33.50000 -12.00000 1.00000
33.50000 -12.00000 2.00000
33.00000 -12.50000 3.00000
33.50000 -12.00000 3.00000
33.00000 -12.50000 4.00000
33.50000 -12.00000 4.00000
33.00000 -12.00000 4.50000
33.50000 -11.00000 -13.00000
33.00000 -11.00000 -13.50000
33.00000 -11.50000 -13.00000
33.50000 -11.00000 -12.00000
33.50000 -11.00000 -11.00000
33.50000 -11.00000 -10.00000
33.00000 -11.00000 -9.50000
33.00000 -11.50000 -9.00000
33.00000 -11.50000 -8.00000
33.50000 -11.00000 -6.00000
33.00000 -11.00000 -6.50000
33.50000 -11.00000 -5.00000
33.50000 -11.00000 -4.00000
33.50000 -11.00000 2.00000
33.50000 -11.00000 3.00000
33.50000 -11.00000 4.00000
33.00000 -11.00000 4.50000
33.50000 -10.00000 -13.00000
33.00000 -10.00000 -13.50000
33.50000 -10.00000 -12.00000
33.50000 -10.00000 -11.00000
33.00000 -10.00000 -10.50000
33.00000 -10.50000 -10.00000
33.50000 -10.00000 -6.00000
33.00000 -10.00000 -6.50000
33.50000 -10.00000 -5.00000
33.50000 -10.00000 -4.00000
33.50000 -10.00000 4.00000
33.00000 -10.50000 5.00000
33.50000 -10.00000 5.00000
33.00000 -10.00000 5.50000
33.50000 -9.00000 -13.00000
33.00000 -9.00000 -13.50000
33.00000 -9.00000 -12.50000
33.00000 -9.50000 -12.00000
33.00000 -9.50000 -11.00000
33.50000 -9.00000 -7.00000
33.00000 -9.00000 -7.50000
33.00000 -9.50000 -7.00000
33.50000 -9.00000 -6.00000
33.50000 -9.00000 -5.00000
33.50000 -9.00000 -4.00000
33.50000 -9.00000 4.00000
33.50000 -9.00000 5.00000
33.00000 -9.00000 5.50000
33.00000 -8.50000 -13.00000
33.50000 -8.00000 -7.00000
33.00000 -8.00000 -7.50000
33.50000 -8.00000 -6.00000
33.50000 -8.00000 -5.00000
33.50000 -8.00000 -4.00000
33.50000 -8.00000 4.00000
33.00000 -8.00000 4.50000
33.00000 -8.50000 5.00000
33.50000 -7.00000 -7.00000
33.00000 -7.00000 -7.50000
33.50000 -7.00000 -6.00000
33.50000 -7.00000 -5.00000
33.50000 -7.00000 -4.00000
33.50000 -7.00000 4.00000
33.00000 -7.00000 4.50000
33.50000 -6.00000 -7.00000
33.00000 -6.00000 -7.50000
33.50000 -6.00000 -6.00000
33.50000 -6.00000 -5.00000
33.50000 -6.00000 -4.00000
33.50000 -6.00000 4.00000
33.00000 -6.00000 4.50000
33.50000 -5.00000 -7.00000
33.00000 -5.00000 -7.50000
33.50000 -5.00000 -6.00000
33.50000 -5.00000 -5.00000
33.50000 -5.00000 -4.00000
33.50000 -5.00000 -3.00000
33.50000 -5.00000 3.00000
33.50000 -5.00000 4.00000
33.00000 -5.00000 4.50000
33.50000 -4.00000 -7.00000
33.00000 -4.00000 -7.50000
33.50000 -4.00000 -6.00000
33.50000 -4.00000 -5.00000
33.50000 -4.00000 -4.00000
33.50000 -4.00000 -3.00000
33.50000 -4.00000 3.00000
33.50000 -4.00000 4.00000
33.00000 -4.00000 4.50000
33.50000 -3.00000 -7.00000
33.00000 -3.00000 -7.50000
33.50000 -3.00000 -6.00000
33.50000 -3.00000 -5.00000
33.50000 -3.00000 -4.00000
33.50000 -3.00000 -3.00000
33.50000 -3.00000 4.00000
33.00000 -3.50000 5.00000
33.50000 -3.00000 5.00000
33.00000 -3.00000 5.50000
33.50000 -2.00000 -7.00000
33.00000 -2.00000 -7.50000
33.50000 -2.00000 -6.00000
33.50000 -2.00000 -5.00000
33.50000 -2.00000 -4.00000
33.50000 -2.00000 -3.00000
33.50000 -2.00000 4.00000
33.50000 -2.00000 5.00000
33.00000 -2.00000 5.50000
33.50000 -1.00000 -7.00000
33.00000 -1.00000 -7.50000
33.50000 -1.00000 -6.00000
33.50000 -1.00000 -5.00000
33.50000 -1.00000 -4.00000
33.50000 -1.00000 -3.00000
33.50000 -1.00000 -2.00000
33.50000 -1.00000 5.00000
33.00000 -1.00000 5.50000
33.50000 0.00000 -7.00000
33.00000 0.00000 -7.50000
33.50000 0.00000 -6.00000
33.50000 0.00000 -5.00000
33.50000 0.00000 -4.00000
33.50000 0.00000 -3.00000
33.50000 0.00000 -2.00000
33.50000 0.00000 5.00000
33.00000 0.00000 5.50000
33.00000 0.50000 -7.00000
33.50000 1.00000 -6.00000
33.00000 1.00000 -6.50000
33.50000 1.00000 -5.00000
33.50000 1.00000 -4.00000
33.50000 1.00000 -3.00000
33.50000 1.00000 -2.00000
33.50000 1.00000 -1.00000
33.50000 1.00000 4.00000
33.50000 1.00000 5.00000
33.00000 1.00000 5.50000
33.50000 2.00000 -6.00000
33.00000 2.00000 -6.50000
33.50000 2.00000 -5.00000
33.50000 2.00000 -4.00000
33.50000 2.00000 -3.00000
33.50000 2.00000 -2.00000
33.50000 2.00000 -1.00000
33.50000 2.00000 3.00000
33.50000 2.00000 4.00000
33.00000 2.00000 4.50000
33.00000 1.50000 5.00000
33.50000 3.00000 -7.00000
33.00000 3.00000 -7.50000
33.00000 2.50000 -7.00000
33.50000 3.00000 -6.00000
33.50000 3.00000 -5.00000
33.50000 3.00000 -4.00000
33.50000 3.00000 -3.00000
33.50000 3.00000 -2.00000
33.50000 3.00000 -1.00000
33.50000 3.00000 0.00000
33.50000 3.00000 1.00000
33.50000 3.00000 2.00000
33.00000 3.00000 2.50000
33.00000 2.50000 3.00000
33.00000 2.50000 4.00000
33.50000 4.00000 -7.00000
33.00000 4.00000 -7.50000
33.50000 4.00000 -6.00000
33.50000 4.00000 -5.00000
33.50000 4.00000 -4.00000
33.50000 4.00000 -3.00000
33.50000 4.00000 -2.00000
33.50000 4.00000 -1.00000
33.50000 4.00000 0.00000
33.50000 4.00000 1.00000
33.00000 4.00000 1.50000
33.00000 3.50000 2.00000
33.50000 5.00000 -7.00000
33.00000 5.00000 -7.50000
33.50000 5.00000 -6.00000
33.50000 5.00000 -5.00000
33.50000 5.00000 -4.00000
33.50000 5.00000 -3.00000
33.50000 5.00000 -2.00000
33.50000 5.00000 -1.00000
33.00000 5.00000 -0.50000
33.00000 4.50000 0.00000
33.00000 4.50000 1.00000
33.00000 5.50000 -7.00000
33.50000 6.00000 -6.00000
33.00000 6.00000 -6.50000
33.50000 6.00000 -5.00000
33.50000 6.00000 -4.00000
33.50000 6.00000 -3.00000
33.50000 6.00000 -2.00000
33.00000 6.00000 -1.50000
33.00000 5.50000 -1.00000
33.00000 6.50000 -6.00000
33.00000 6.50000 -5.00000
33.00000 6.50000 -4.00000
33.00000 6.50000 -3.00000
33.00000 6.50000 -2.00000
32.50000 -20.00000 -2.00000
32.00000 -20.00000 -2.50000
32.00000 -20.50000 -2.00000
32.00000 -20.00000 -1.50000
32.50000 -19.00000 -5.00000
32.00000 -19.00000 -4.50000
32.00000 -19.50000 -4.00000
32.00000 -19.50000 -3.00000
32.50000 -19.00000 -3.00000
32.50000 -19.00000 -2.00000
32.00000 -19.50000 -1.00000
32.50000 -19.00000 -1.00000
32.00000 -19.00000 -0.50000
32.00000 -18.00000 -6.50000
32.00000 -18.50000 -6.00000
32.00000 -18.50000 -5.00000
32.50000 -18.00000 -3.00000
32.50000 -18.00000 -2.00000
32.50000 -18.00000 -1.00000
32.00000 -18.00000 -0.50000
32.50000 -17.00000 -8.00000
32.00000 -17.00000 -7.50000
32.00000 -17.50000 -7.00000
32.50000 -17.00000 -3.00000
32.50000 -17.00000 -2.00000
32.50000 -17.00000 -1.00000
32.00000 -17.50000 0.00000
32.50000 -17.00000 0.00000
32.00000 -17.50000 1.00000
32.50000 -17.00000 1.00000
32.00000 -17.50000 2.00000
32.50000 -17.00000 2.00000
32.00000 -17.00000 2.50000
32.50000 -16.00000 -9.00000
32.00000 -16.00000 -8.50000
32.00000 -16.50000 -8.00000
32.50000 -16.00000 -3.00000
32.50000 -16.00000 -2.00000
32.50000 -16.00000 -1.00000
32.50000 -16.00000 0.00000
32.50000 -16.00000 1.00000
32.50000 -16.00000 2.00000
32.00000 -16.50000 3.00000
32.50000 -16.00000 3.00000
32.00000 -16.50000 4.00000
32.50000 -16.00000 4.00000
32.00000 -16.00000 4.50000
32.50000 -15.00000 -10.00000
32.00000 -15.00000 -9.50000
32.00000 -15.50000 -9.00000
32.50000 -15.00000 -2.00000
32.50000 -15.00000 -1.00000
32.50000 -15.00000 0.00000
32.50000 -15.00000 1.00000
32.50000 -15.00000 2.00000
32.50000 -15.00000 3.00000
32.50000 -15.00000 4.00000
32.00000 -15.50000 5.00000
32.50000 -15.00000 5.00000
32.00000 -15.00000 5.50000
32.50000 -14.00000 -11.00000
32.00000 -14.00000 -10.50000
32.00000 -14.50000 -10.00000
32.50000 -14.00000 2.00000
32.50000 -14.00000 3.00000
32.50000 -14.00000 4.00000
32.50000 -14.00000 5.00000
32.00000 -14.50000 6.00000
32.50000 -14.00000 6.00000
32.00000 -14.00000 6.50000
32.00000 -13.00000 -11.50000
32.00000 -13.50000 -11.00000
32.50000 -13.00000 3.00000
32.50000 -13.00000 4.00000
32.50000 -13.00000 5.00000
32.50000 -13.00000 6.00000
32.00000 -13.00000 6.50000
32.00000 -12.00000 -12.50000
32.00000 -12.50000 -12.00000
32.50000 -12.00000 -7.00000
32.50000 -12.00000 5.00000
32.50000 -12.00000 6.00000
32.00000 -12.50000 7.00000
32.50000 -12.00000 7.00000
32.00000 -12.00000 7.50000
32.00000 -11.00000 -13.50000
32.00000 -11.50000 -13.00000
32.50000 -11.00000 -9.00000
32.50000 -11.00000 -8.00000
32.50000 -11.00000 -7.00000
32.50000 -11.00000 5.00000
32.50000 -11.00000 6.00000
32.50000 -11.00000 7.00000
32.00000 -11.00000 7.50000
32.00000 -10.00000 -13.50000
32.50000 -10.00000 -10.00000
32.50000 -10.00000 -9.00000
32.50000 -10.00000 -8.00000
32.50000 -10.00000 -7.00000
32.50000 -10.00000 6.00000
32.50000 -10.00000 7.00000
32.00000 -10.00000 7.50000
32.50000 -9.00000 -14.00000
32.00000 -9.00000 -14.50000
32.00000 -9.50000 -14.00000
32.50000 -9.00000 -12.00000
32.50000 -9.00000 -11.00000
32.00000 -9.00000 -10.50000
32.00000 -9.50000 -10.00000
32.00000 -9.50000 -9.00000
32.50000 -9.00000 -8.00000
32.00000 -9.00000 -8.50000
32.50000 -9.00000 6.00000
32.00000 -9.00000 6.50000
32.00000 -9.50000 7.00000
32.50000 -8.00000 -14.00000
32.00000 -8.00000 -14.50000
32.50000 -8.00000 -13.00000
32.00000 -8.00000 -12.50000
32.00000 -8.50000 -12.00000
32.00000 -8.50000 -11.00000
32.50000 -8.00000 -8.00000
32.00000 -8.00000 -8.50000
32.50000 -8.00000 5.00000
32.50000 -8.00000 6.00000
32.00000 -8.00000 6.50000
32.00000 -7.50000 -14.00000
32.00000 -7.50000 -13.00000
32.50000 -7.00000 -8.00000
32.00000 -7.00000 -8.50000
32.50000 -7.00000 5.00000
32.50000 -7.00000 6.00000
32.00000 -7.00000 6.50000
32.50000 -6.00000 -8.00000
32.00000 -6.00000 -8.50000
32.50000 -6.00000 5.00000
32.50000 -6.00000 6.00000
32.00000 -6.00000 6.50000
32.50000 -5.00000 -8.00000
32.00000 -5.00000 -8.50000
32.50000 -5.00000 5.00000
32.50000 -5.00000 6.00000
32.00000 -5.50000 7.00000
32.50000 -5.00000 7.00000
32.00000 -5.00000 7.50000
32.50000 -4.00000 -8.00000
32.00000 -4.00000 -8.50000
32.50000 -4.00000 5.00000
32.50000 -4.00000 6.00000
32.50000 -4.00000 7.00000
32.00000 -4.00000 7.50000
32.00000 -3.50000 -8.00000
32.00000 -3.00000 -7.50000
32.50000 -3.00000 6.00000
32.50000 -3.00000 7.00000
32.00000 -3.00000 7.50000
32.00000 -2.00000 -7.50000
32.50000 -2.00000 6.00000
32.50000 -2.00000 7.00000
32.00000 -2.00000 7.50000
32.00000 -1.00000 -7.50000
32.50000 -1.00000 6.00000
32.50000 -1.00000 7.00000
32.00000 -1.00000 7.50000
32.00000 0.00000 -7.50000
32.50000 0.00000 6.00000
32.50000 0.00000 7.00000
32.00000 0.00000 7.50000
32.50000 1.00000 -7.00000
32.00000 1.00000 -7.50000
32.50000 1.00000 6.00000
32.00000 1.00000 6.50000
32.00000 0.50000 7.00000
32.50000 2.00000 -7.00000
32.00000 2.00000 -7.50000
32.50000 2.00000 5.00000
32.50000 2.00000 6.00000
32.00000 2.00000 6.50000
32.00000 3.00000 -7.50000
32.50000 3.00000 3.00000
32.50000 3.00000 4.00000
32.50000 3.00000 5.00000
32.00000 3.00000 5.50000
32.00000 2.50000 6.00000
32.00000 4.00000 -7.50000
32.50000 4.00000 2.00000
32.50000 4.00000 3.00000
32.50000 4.00000 4.00000
32.00000 4.00000 4.50000
32.00000 3.50000 5.00000
32.00000 5.00000 -7.50000
32.50000 5.00000 0.00000
32.50000 5.00000 1.00000
32.50000 5.00000 2.00000
32.00000 5.00000 2.50000
32.00000 4.50000 3.00000
32.00000 4.50000 4.00000
32.50000 6.00000 -7.00000
32.00000 6.00000 -7.50000
32.50000 6.00000 -1.00000
32.50000 6.00000 0.00000
32.50000 6.00000 1.00000
32.00000 6.00000 1.50000
32.00000 5.50000 2.00000
32.50000 7.00000 -7.00000
32.00000 7.00000 -7.50000
32.50000 7.00000 -6.00000
32.50000 7.00000 -5.00000
32.50000 7.00000 -4.00000
32.50000 7.00000 -3.00000
32.50000 7.00000 -2.00000
32.50000 7.00000 -1.00000
32.00000 7.00000 -0.50000
32.00000 6.50000 0.00000
32.00000 6.50000 1.00000
32.00000 7.50000 -7.00000
32.00000 7.50000 -6.00000
32.00000 7.50000 -5.00000
32.00000 7.50000 -4.00000
32.50000 8.00000 -3.00000
32.00000 8.00000 -3.50000
32.50000 8.00000 -2.00000
32.00000 8.00000 -1.50000
32.00000 7.50000 -1.00000
32.00000 8.50000 -3.00000
32.00000 8.50000 -2.00000
31.50000 -20.00000 -2.00000
31.00000 -20.50000 -1.00000
31.00000 -20.00000 -1.50000
31.50000 -20.00000 -1.00000
31.00000 -20.50000 0.00000
31.50000 -20.00000 0.00000
31.00000 -20.50000 1.00000
31.50000 -20.00000 1.00000
31.00000 -20.00000 1.50000
31.50000 -19.00000 -4.00000
31.00000 -19.00000 -3.50000
31.00000 -19.50000 -3.00000
31.00000 -19.50000 -2.00000
31.50000 -19.00000 0.00000
31.50000 -19.00000 1.00000
31.00000 -19.50000 2.00000
31.50000 -19.00000 2.00000
31.00000 -19.50000 3.00000
31.50000 -19.00000 3.00000
31.00000 -19.00000 3.50000
31.50000 -18.00000 -6.00000
31.50000 -18.00000 -5.00000
31.00000 -18.00000 -4.50000
31.00000 -18.50000 -4.00000
31.50000 -18.00000 0.00000
31.50000 -18.00000 1.00000
31.50000 -18.00000 2.00000
31.50000 -18.00000 3.00000
31.00000 -18.50000 4.00000
31.50000 -18.00000 4.00000
31.00000 -18.00000 4.50000
31.50000 -17.00000 -7.00000
31.00000 -17.00000 -6.50000
31.00000 -17.50000 -6.00000
31.00000 -17.50000 -5.00000
31.50000 -17.00000 3.00000
31.50000 -17.00000 4.00000
31.00000 -17.50000 5.00000
31.50000 -17.00000 5.00000
31.00000 -17.00000 5.50000
31.50000 -16.00000 -8.00000
31.00000 -16.00000 -7.50000
31.00000 -16.50000 -7.00000
31.50000 -16.00000 5.00000
31.00000 -16.50000 6.00000
31.50000 -16.00000 6.00000
31.00000 -16.00000 6.50000
31.50000 -15.00000 -9.00000
31.00000 -15.00000 -8.50000
31.00000 -15.50000 -8.00000
31.50000 -15.00000 6.00000
31.00000 -15.50000 7.00000
31.50000 -15.00000 7.00000
31.00000 -15.00000 7.50000
31.50000 -14.00000 -10.00000
31.00000 -14.00000 -9.50000
31.00000 -14.50000 -9.00000
31.50000 -14.00000 7.00000
31.00000 -14.50000 8.00000
31.50000 -14.00000 8.00000
31.00000 -14.00000 8.50000
31.50000 -13.00000 -11.00000
31.00000 -13.00000 -10.50000
31.00000 -13.50000 -10.00000
31.50000 -13.00000 7.00000
31.50000 -13.00000 8.00000
31.00000 -13.00000 8.50000
31.50000 -12.00000 -12.00000
31.00000 -12.00000 -11.50000
31.00000 -12.50000 -11.00000
31.50000 -12.00000 8.00000
31.00000 -12.00000 8.50000
31.50000 -11.00000 -13.00000
31.00000 -11.00000 -12.50000
31.00000 -11.50000 -12.00000
31.50000 -11.00000 8.00000
31.00000 -11.00000 8.50000
31.00000 -10.00000 -13.50000
31.00000 -10.50000 -13.00000
31.50000 -10.00000 8.00000
31.00000 -10.00000 8.50000
31.50000 -9.00000 -14.00000
31.00000 -9.00000 -13.50000
31.50000 -9.00000 -10.00000
31.50000 -9.00000 -9.00000
31.50000 -9.00000 7.00000
31.50000 -9.00000 8.00000
31.00000 -9.00000 8.50000
31.50000 -8.00000 -14.00000
31.00000 -8.00000 -13.50000
31.50000 -8.00000 -12.00000
31.50000 -8.00000 -11.00000
31.50000 -8.00000 -10.00000
31.50000 -8.00000 -9.00000
31.50000 -8.00000 7.00000
31.50000 -8.00000 8.00000
31.00000 -8.00000 8.50000
31.00000 -7.50000 -13.00000
31.00000 -7.50000 -12.00000
31.00000 -7.50000 -11.00000
31.00000 -7.50000 -10.00000
31.00000 -7.50000 -9.00000
31.00000 -7.00000 -8.50000
31.50000 -7.00000 7.00000
31.50000 -7.00000 8.00000
31.00000 -7.00000 8.50000
31.00000 -6.00000 -8.50000
31.50000 -6.00000 7.00000
31.50000 -6.00000 8.00000
31.00000 -6.50000 9.00000
31.50000 -6.00000 9.00000
31.00000 -6.00000 9.50000
31.50000 -5.00000 -9.00000
31.00000 -5.00000 -9.50000
31.00000 -5.50000 -9.00000
31.50000 -5.00000 8.00000
31.50000 -5.00000 9.00000
31.00000 -5.00000 9.50000
31.50000 -4.00000 -9.00000
31.00000 -4.00000 -9.50000
31.50000 -4.00000 8.00000
31.50000 -4.00000 9.00000
31.00000 -4.50000 10.00000
31.50000 -4.00000 10.00000
31.00000 -4.00000 10.50000
31.00000 -3.50000 -9.00000
31.50000 -3.00000 -8.00000
31.00000 -3.00000 -8.50000
31.50000 -3.00000 8.00000
31.50000 -3.00000 9.00000
31.50000 -3.00000 10.00000
31.00000 -3.00000 10.50000
31.00000 -2.50000 -8.00000
31.00000 -2.00000 -7.50000
31.50000 -2.00000 8.00000
31.50000 -2.00000 9.00000
31.50000 -2.00000 10.00000
31.00000 -2.00000 10.50000
31.00000 -1.00000 -7.50000
31.50000 -1.00000 8.00000
31.50000 -1.00000 9.00000
31.00000 -1.00000 9.50000
31.00000 -1.50000 10.00000
31.00000 0.00000 -7.50000
31.50000 0.00000 8.00000
31.50000 0.00000 9.00000
31.00000 0.00000 9.50000
31.00000 1.00000 -7.50000
31.50000 1.00000 7.00000
31.50000 1.00000 8.00000
31.00000 1.00000 8.50000
31.00000 0.50000 9.00000
31.00000 2.00000 -7.50000
31.50000 2.00000 7.00000
31.50000 2.00000 8.00000
31.00000 2.00000 8.50000
31.00000 3.00000 -7.50000
31.50000 3.00000 6.00000
31.50000 3.00000 7.00000
31.00000 3.00000 7.50000
31.00000 2.50000 8.00000
31.00000 4.00000 -7.50000
31.50000 4.00000 5.00000
31.50000 4.00000 6.00000
31.00000 4.00000 6.50000
31.00000 3.50000 7.00000
31.00000 5.00000 -7.50000
31.50000 5.00000 3.00000
31.50000 5.00000 4.00000
31.50000 5.00000 5.00000
31.00000 5.00000 5.50000
31.00000 4.50000 6.00000
31.00000 6.00000 -7.50000
31.50000 6.00000 2.00000
31.50000 6.00000 3.00000
31.50000 6.00000 4.00000
31.00000 6.00000 4.50000
31.00000 5.50000 5.00000
31.00000 7.00000 -7.50000
31.50000 7.00000 0.00000
31.50000 7.00000 1.00000
31.50000 7.00000 2.00000
31.50000 7.00000 3.00000
31.00000 7.00000 3.50000
31.00000 6.50000 4.00000
31.00000 7.50000 -7.00000
31.00000 7.50000 -6.00000
31.50000 8.00000 -5.00000
31.00000 8.00000 -5.50000
31.50000 8.00000 -4.00000
31.50000 8.00000 -1.00000
31.50000 8.00000 0.00000
31.50000 8.00000 1.00000
31.50000 8.00000 2.00000
31.00000 8.00000 2.50000
31.00000 7.50000 3.00000
31.00000 8.50000 -5.00000
31.00000 8.50000 -4.00000
31.50000 9.00000 -3.00000
31.00000 9.00000 -3.50000
31.50000 9.00000 -2.00000
31.50000 9.00000 -1.00000
31.00000 9.00000 -0.50000
31.00000 8.50000 0.00000
31.00000 8.50000 1.00000
31.00000 8.50000 2.00000
31.00000 9.50000 -3.00000
31.00000 9.50000 -2.00000
31.00000 9.50000 -1.00000
30.50000 -20.00000 -1.00000
30.00000 -20.00000 -0.50000
30.00000 -20.50000 0.00000
30.00000 -20.50000 1.00000
30.00000 -20.50000 2.00000
30.50000 -20.00000 2.00000
30.00000 -20.50000 3.00000
30.50000 -20.00000 3.00000
30.00000 -20.50000 4.00000
30.50000 -20.00000 4.00000
30.00000 -20.50000 5.00000
30.50000 -20.00000 5.00000
30.00000 -20.00000 5.50000
30.50000 -19.00000 -3.00000
30.00000 -19.00000 -2.50000
30.00000 -19.50000 -2.00000
30.00000 -19.50000 -1.00000
30.50000 -19.00000 4.00000
30.50000 -19.00000 5.00000
30.00000 -19.00000 5.50000
30.50000 -18.00000 -4.00000
30.00000 -18.00000 -3.50000
30.00000 -18.50000 -3.00000
30.50000 -18.00000 5.00000
30.00000 -18.50000 6.00000
30.50000 -18.00000 6.00000
30.00000 -18.00000 6.50000
30.50000 -17.00000 -6.00000
30.50000 -17.00000 -5.00000
30.00000 -17.00000 -4.50000
30.00000 -17.50000 -4.00000
30.50000 -17.00000 6.00000
30.00000 -17.50000 7.00000
30.50000 -17.00000 7.00000
30.00000 -17.00000 7.50000
30.50000 -16.00000 -7.00000
30.50000 -16.00000 -6.00000
30.00000 -16.00000 -5.50000
30.00000 -16.50000 -5.00000
30.50000 -16.00000 7.00000
30.00000 -16.50000 8.00000
30.50000 -16.00000 8.00000
30.00000 -16.00000 8.50000
30.50000 -15.00000 -8.00000
30.00000 -15.00000 -7.50000
30.00000 -15.50000 -7.00000
30.00000 -15.50000 -6.00000
30.50000 -15.00000 8.00000
30.00000 -15.50000 9.00000
30.50000 -15.00000 9.00000
30.00000 -15.00000 9.50000
30.50000 -14.00000 -9.00000
30.00000 -14.00000 -8.50000
30.00000 -14.50000 -8.00000
30.50000 -14.00000 9.00000
30.00000 -14.00000 9.50000
30.50000 -13.00000 -10.00000
30.00000 -13.00000 -9.50000
30.00000 -13.50000 -9.00000
30.50000 -13.00000 9.00000
30.00000 -13.50000 10.00000
30.50000 -13.00000 10.00000
30.00000 -13.00000 10.50000
30.50000 -12.00000 -11.00000
30.00000 -12.00000 -10.50000
30.00000 -12.50000 -10.00000
30.50000 -12.00000 9.00000
30.50000 -12.00000 10.00000
30.00000 -12.00000 10.50000
30.50000 -11.00000 -12.00000
30.00000 -11.00000 -11.50000
30.00000 -11.50000 -11.00000
30.50000 -11.00000 9.00000
30.50000 -11.00000 10.00000
30.00000 -11.00000 10.50000
30.00000 -10.00000 -13.50000
30.00000 -10.50000 -13.00000
30.00000 -10.50000 -12.00000
30.50000 -10.00000 9.00000
30.50000 -10.00000 10.00000
30.00000 -10.00000 10.50000
30.00000 -9.50000 -13.00000
30.50000 -9.00000 -13.00000
30.00000 -9.00000 -12.50000
30.50000 -9.00000 9.00000
30.50000 -9.00000 10.00000
30.00000 -9.00000 10.50000
30.50000 -8.00000 -13.00000
30.00000 -8.00000 -12.50000
30.50000 -8.00000 9.00000
30.50000 -8.00000 10.00000
30.00000 -8.00000 10.50000
30.00000 -7.50000 -12.00000
30.00000 -7.50000 -11.00000
30.50000 -7.00000 -10.00000
30.00000 -7.00000 -10.50000
30.50000 -7.00000 -9.00000
30.50000 -7.00000 9.00000
30.50000 -7.00000 10.00000
30.00000 -7.00000 10.50000
30.00000 -6.50000 -10.00000
30.50000 -6.00000 -9.00000
30.00000 -6.00000 -9.50000
30.50000 -6.00000 10.00000
30.00000 -6.50000 11.00000
30.50000 -6.00000 11.00000
30.00000 -6.00000 11.50000
30.00000 -5.00000 -9.50000
30.50000 -5.00000 10.00000
30.50000 -5.00000 11.00000
30.00000 -5.00000 11.50000
30.00000 -4.00000 -9.50000
30.50000 -4.00000 11.00000
30.00000 -4.00000 11.50000
30.00000 -3.50000 -9.00000
30.00000 -3.00000 -8.50000
30.50000 -3.00000 11.00000
30.00000 -3.50000 12.00000
30.50000 -3.00000 12.00000
30.00000 -3.00000 12.50000
30.00000 -2.50000 -8.00000
30.00000 -2.00000 -7.50000
30.50000 -2.00000 11.00000
30.50000 -2.00000 12.00000
30.00000 -2.00000 12.50000
30.00000 -1.00000 -7.50000
30.50000 -1.00000 10.00000
30.50000 -1.00000 11.00000
30.50000 -1.00000 12.00000
30.00000 -1.00000 12.50000
30.00000 0.00000 -7.50000
30.50000 0.00000 10.00000
30.50000 0.00000 11.00000
30.00000 0.00000 11.50000
30.00000 -0.50000 12.00000
30.00000 1.00000 -7.50000
30.50000 1.00000 9.00000
30.50000 1.00000 10.00000
30.50000 1.00000 11.00000
30.00000 1.00000 11.50000
30.00000 2.00000 -7.50000
30.50000 2.00000 9.00000
30.50000 2.00000 10.00000
30.00000 2.00000 10.50000
30.00000 1.50000 11.00000
30.00000 3.00000 -7.50000
30.50000 3.00000 8.00000
30.50000 3.00000 9.00000
30.00000 3.00000 9.50000
30.00000 2.50000 10.00000
30.00000 4.00000 -7.50000
30.50000 4.00000 7.00000
30.50000 4.00000 8.00000
30.50000 4.00000 9.00000
30.00000 4.00000 9.50000
30.00000 5.00000 -7.50000
30.50000 5.00000 6.00000
30.50000 5.00000 7.00000
30.50000 5.00000 8.00000
30.00000 5.00000 8.50000
30.00000 4.50000 9.00000
30.00000 6.00000 -7.50000
30.50000 6.00000 5.00000
30.50000 6.00000 6.00000
30.50000 6.00000 7.00000
30.00000 6.00000 7.50000
30.00000 5.50000 8.00000
30.00000 7.00000 -7.50000
30.50000 7.00000 4.00000
30.50000 7.00000 5.00000
30.50000 7.00000 6.00000
30.00000 7.00000 6.50000
30.00000 6.50000 7.00000
30.50000 8.00000 -7.00000
30.00000 8.00000 -7.50000
30.50000 8.00000 -6.00000
30.50000 8.00000 3.00000
30.50000 8.00000 4.00000
30.50000 8.00000 5.00000
30.00000 8.00000 5.50000
30.00000 7.50000 6.00000
30.00000 8.50000 -7.00000
30.50000 9.00000 -6.00000
30.00000 9.00000 -6.50000
30.50000 9.00000 -5.00000
30.50000 9.00000 -4.00000
30.50000 9.00000 0.00000
30.50000 9.00000 1.00000
30.50000 9.00000 2.00000
30.50000 9.00000 3.00000
30.50000 9.00000 4.00000
30.00000 9.00000 4.50000
30.00000 8.50000 5.00000
30.00000 9.50000 -6.00000
30.00000 9.50000 -5.00000
30.50000 10.00000 -4.00000
30.00000 10.00000 -4.50000
30.50000 10.00000 -3.00000
30.50000 10.00000 -2.00000
30.50000 10.00000 -1.00000
30.50000 10.00000 0.00000
30.50000 10.00000 1.00000
30.50000 10.00000 2.00000
30.00000 10.00000 2.50000
30.00000 9.50000 3.00000
30.00000 9.50000 4.00000
30.00000 10.50000 -4.00000
30.00000 10.50000 -3.00000
30.00000 10.50000 -2.00000
30.50000 11.00000 -1.00000
30.00000 11.00000 -1.50000
30.50000 11.00000 0.00000
30.00000 11.00000 0.50000
30.00000 10.50000 1.00000
30.00000 10.50000 2.00000
30.00000 11.50000 -1.00000
30.00000 11.50000 0.00000
29.50000 -21.00000 3.00000
29.00000 -21.00000 2.50000
29.00000 -21.50000 3.00000
29.00000 -21.50000 4.00000
29.50000 -21.00000 4.00000
29.00000 -21.50000 5.00000
29.50000 -21.00000 5.00000
29.00000 -21.50000 6.00000
29.50000 -21.00000 6.00000
29.00000 -21.00000 6.50000
29.50000 -20.00000 0.00000
29.50000 -20.00000 1.00000
29.00000 -20.00000 1.50000
29.00000 -20.50000 2.00000
29.50000 -20.00000 6.00000
29.00000 -20.50000 7.00000
29.50000 -20.00000 7.00000
29.00000 -20.00000 7.50000
29.50000 -19.00000 -2.00000
29.50000 -19.00000 -1.00000
29.50000 -19.00000 0.00000
29.00000 -19.00000 0.50000
29.00000 -19.50000 1.00000
29.50000 -19.00000 6.00000
29.50000 -19.00000 7.00000
29.00000 -19.50000 8.00000
29.50000 -19.00000 8.00000
29.00000 -19.00000 8.50000
29.50000 -18.00000 -3.00000
29.50000 -18.00000 -2.00000
29.00000 -18.00000 -1.50000
29.00000 -18.50000 -1.00000
29.00000 -18.50000 0.00000
29.50000 -18.00000 7.00000
29.50000 -18.00000 8.00000
29.00000 -18.00000 8.50000
29.50000 -17.00000 -4.00000
29.00000 -17.00000 -3.50000
29.00000 -17.50000 -3.00000
29.00000 -17.50000 -2.00000
29.50000 -17.00000 8.00000
29.00000 -17.50000 9.00000
29.50000 -17.00000 9.00000
29.00000 -17.00000 9.50000
29.50000 -16.00000 -5.00000
29.00000 -16.00000 -4.50000
29.00000 -16.50000 -4.00000
29.50000 -16.00000 9.00000
29.00000 -16.50000 10.00000
29.50000 -16.00000 10.00000
29.00000 -16.00000 10.50000
29.50000 -15.00000 -7.00000
29.50000 -15.00000 -6.00000
29.00000 -15.00000 -5.50000
29.00000 -15.50000 -5.00000
29.50000 -15.00000 10.00000
29.00000 -15.00000 10.50000
29.50000 -14.00000 -8.00000
29.00000 -14.00000 -7.50000
29.00000 -14.50000 -7.00000
29.00000 -14.50000 -6.00000
29.50000 -14.00000 10.00000
29.00000 -14.50000 11.00000
29.50000 -14.00000 11.00000
29.00000 -14.00000 11.50000
29.50000 -13.00000 -9.00000
29.00000 -13.00000 -8.50000
29.00000 -13.50000 -8.00000
29.50000 -13.00000 11.00000
29.00000 -13.00000 11.50000
29.50000 -12.00000 -10.00000
29.00000 -12.00000 -9.50000
29.00000 -12.50000 -9.00000
29.50000 -12.00000 11.00000
29.00000 -12.00000 11.50000
29.00000 -11.00000 -11.50000
29.00000 -11.50000 -11.00000
29.00000 -11.50000 -10.00000
29.50000 -11.00000 11.00000
29.00000 -11.00000 11.50000
29.50000 -10.00000 -13.00000
29.00000 -10.00000 -12.50000
29.00000 -10.50000 -12.00000
29.50000 -10.00000 11.00000
29.00000 -10.50000 12.00000
29.50000 -10.00000 12.00000
29.00000 -10.00000 12.50000
29.50000 -9.00000 -12.00000
29.00000 -9.50000 -12.00000
29.00000 -9.00000 -11.50000
29.50000 -9.00000 11.00000
29.50000 -9.00000 12.00000
29.00000 -9.00000 12.50000
29.50000 -8.00000 -12.00000
29.00000 -8.00000 -11.50000
29.50000 -8.00000 11.00000
29.50000 -8.00000 12.00000
29.00000 -8.00000 12.50000
29.00000 -7.00000 -11.50000
29.50000 -7.00000 -11.00000
29.50000 -7.00000 11.00000
29.50000 -7.00000 12.00000
29.00000 -7.50000 13.00000
29.50000 -7.00000 13.00000
29.00000 -7.00000 13.50000
29.00000 -6.50000 -11.00000
29.00000 -6.50000 -10.00000
29.00000 -6.00000 -9.50000
29.50000 -6.00000 12.00000
29.50000 -6.00000 13.00000
29.00000 -6.00000 13.50000
29.00000 -5.50000 -9.00000
29.50000 -5.00000 -9.00000
29.00000 -5.00000 -8.50000
29.50000 -5.00000 12.00000
29.50000 -5.00000 13.00000
29.00000 -5.00000 13.50000
29.50000 -4.00000 -9.00000
29.00000 -4.00000 -8.50000
29.50000 -4.00000 12.00000
29.50000 -4.00000 13.00000
29.00000 -4.00000 13.50000
29.00000 -3.00000 -8.50000
29.50000 -3.00000 13.00000
29.00000 -3.00000 13.50000
29.00000 -2.50000 -8.00000
29.00000 -2.00000 -7.50000
29.50000 -2.00000 13.00000
29.00000 -2.00000 13.50000
29.00000 -1.00000 -7.50000
29.50000 -1.00000 13.00000
29.00000 -1.00000 13.50000
29.00000 0.00000 -7.50000
29.50000 0.00000 12.00000
29.50000 0.00000 13.00000
29.00000 0.00000 13.50000
29.50000 1.00000 -8.00000
29.00000 1.00000 -8.50000
29.00000 0.50000 -8.00000
29.50000 1.00000 12.00000
29.50000 1.00000 13.00000
29.00000 1.00000 13.50000
29.50000 2.00000 -8.00000
29.00000 2.00000 -8.50000
29.50000 2.00000 11.00000
29.50000 2.00000 12.00000
29.00000 2.00000 12.50000
29.00000 1.50000 13.00000
29.50000 3.00000 -8.00000
29.00000 3.00000 -8.50000
29.50000 3.00000 10.00000
29.50000 3.00000 11.00000
29.00000 3.00000 11.50000
29.00000 2.50000 12.00000
29.50000 4.00000 -8.00000
29.00000 4.00000 -8.50000
29.50000 4.00000 10.00000
29.50000 4.00000 11.00000
29.00000 4.00000 11.50000
29.50000 5.00000 -8.00000
29.00000 5.00000 -8.50000
29.50000 5.00000 9.00000
29.50000 5.00000 10.00000
29.00000 5.00000 10.50000
29.00000 4.50000 11.00000
29.00000 5.50000 -8.00000
29.00000 6.00000 -7.50000
29.50000 6.00000 8.00000
29.50000 6.00000 9.00000
29.50000 6.00000 10.00000
29.00000 6.00000 10.50000
29.00000 7.00000 -7.50000
29.50000 7.00000 7.00000
29.50000 7.00000 8.00000
29.50000 7.00000 9.00000
29.00000 7.00000 9.50000
29.00000 6.50000 10.00000
29.00000 8.00000 -7.50000
29.50000 8.00000 6.00000
29.50000 8.00000 7.00000
29.50000 8.00000 8.00000
29.00000 8.00000 8.50000
29.00000 7.50000 9.00000
29.50000 9.00000 -7.00000
29.00000 9.00000 -7.50000
29.50000 9.00000 5.00000
29.50000 9.00000 6.00000
29.50000 9.00000 7.00000
29.00000 9.00000 7.50000
29.00000 8.50000 8.00000
29.00000 9.50000 -7.00000
29.50000 10.00000 -6.00000
29.00000 10.00000 -6.50000
29.50000 10.00000 -5.00000
29.50000 10.00000 3.00000
29.50000 10.00000 4.00000
29.50000 10.00000 5.00000
29.50000 10.00000 6.00000
29.00000 10.00000 6.50000
29.00000 9.50000 7.00000
29.00000 10.50000 -6.00000
29.50000 11.00000 -5.00000
29.00000 11.00000 -5.50000
29.50000 11.00000 -4.00000
29.50000 11.00000 -3.00000
29.50000 11.00000 -2.00000
29.50000 11.00000 1.00000
29.50000 11.00000 2.00000
29.50000 11.00000 3.00000
29.50000 11.00000 4.00000
29.50000 11.00000 5.00000
29.00000 11.00000 5.50000
29.00000 10.50000 6.00000
29.00000 11.50000 -5.00000
29.50000 12.00000 -4.00000
29.00000 12.00000 -4.50000
29.50000 12.00000 -3.00000
29.50000 12.00000 -2.00000
29.50000 12.00000 -1.00000
29.50000 12.00000 0.00000
29.50000 12.00000 1.00000
29.50000 12.00000 2.00000
29.50000 12.00000 3.00000
29.00000 12.00000 3.50000
29.00000 11.50000 4.00000
29.00000 11.50000 5.00000
29.00000 12.50000 -4.00000
29.00000 12.50000 -3.00000
29.50000 13.00000 -2.00000
29.00000 13.00000 -2.50000
29.50000 13.00000 -1.00000
29.50000 13.00000 0.00000
29.50000 13.00000 1.00000
29.50000 13.00000 2.00000
29.00000 13.00000 2.50000
29.00000 12.50000 3.00000
29.00000 13.50000 -2.00000
29.00000 13.50000 -1.00000
29.00000 13.50000 0.00000
29.00000 13.50000 1.00000
29.00000 13.50000 2.00000
28.50000 -21.00000 3.00000
28.50000 -21.00000 4.00000
28.50000 -21.00000 5.00000
28.50000 -21.00000 6.00000
28.50000 -20.00000 2.00000
28.50000 -20.00000 3.00000
28.00000 -20.00000 3.50000
28.00000 -20.50000 4.00000
28.00000 -20.50000 5.00000
28.00000 -20.50000 6.00000
28.00000 -20.50000 7.00000
28.00000 -20.00000 7.50000
28.50000 -19.00000 1.00000
28.50000 -19.00000 2.00000
28.00000 -19.00000 2.50000
28.00000 -19.50000 3.00000
28.00000 -19.50000 8.00000
28.00000 -19.00000 8.50000
28.50000 -18.00000 -1.00000
28.50000 -18.00000 0.00000
28.50000 -18.00000 1.00000
28.00000 -18.00000 1.50000
28.00000 -18.50000 2.00000
28.00000 -18.50000 9.00000
28.50000 -18.00000 9.00000
28.00000 -18.00000 9.50000
28.50000 -17.00000 -3.00000
28.50000 -17.00000 -2.00000
28.50000 -17.00000 -1.00000
28.00000 -17.00000 -0.50000
28.00000 -17.50000 0.00000
28.00000 -17.50000 1.00000
28.00000 -17.00000 9.50000
28.50000 -16.00000 -4.00000
28.00000 -16.00000 -3.50000
28.00000 -16.50000 -3.00000
28.00000 -16.50000 -2.00000
28.00000 -16.50000 -1.00000
28.00000 -16.50000 10.00000
28.00000 -16.00000 10.50000
28.00000 -15.00000 -5.50000
28.00000 -15.50000 -5.00000
28.00000 -15.50000 -4.00000
28.00000 -15.00000 10.50000
28.50000 -14.00000 -7.00000
28.00000 -14.00000 -6.50000
28.00000 -14.50000 -6.00000
28.50000 -14.00000 11.00000
28.00000 -14.00000 10.50000
28.50000 -13.00000 -8.00000
28.00000 -13.00000 -7.50000
28.00000 -13.50000 -7.00000
28.00000 -13.50000 11.00000
28.00000 -13.00000 11.50000
28.00000 -12.00000 -9.50000
28.00000 -12.50000 -9.00000
28.00000 -12.50000 -8.00000
28.00000 -12.00000 11.50000
28.00000 -11.00000 -11.50000
28.00000 -11.50000 -11.00000
28.00000 -11.50000 -10.00000
28.00000 -11.50000 12.00000
28.50000 -11.00000 12.00000
28.00000 -11.00000 12.50000
28.50000 -10.00000 -12.00000
28.00000 -10.00000 -11.50000
28.00000 -10.00000 12.50000
28.00000 -9.00000 -11.50000
28.00000 -9.50000 13.00000
28.50000 -9.00000 13.00000
28.00000 -9.00000 13.50000
28.00000 -8.00000 -11.50000
28.50000 -8.00000 13.00000
28.00000 -8.00000 13.50000
28.00000 -7.00000 -11.50000
28.00000 -7.00000 13.50000
28.00000 -6.50000 -11.00000
28.00000 -6.50000 -10.00000
28.00000 -6.00000 -9.50000
28.00000 -6.50000 14.00000
28.50000 -6.00000 14.00000
28.00000 -6.00000 14.50000
28.00000 -5.50000 -9.00000
28.00000 -5.00000 -8.50000
28.50000 -5.00000 14.00000
28.00000 -5.00000 14.50000
28.00000 -4.00000 -8.50000
28.50000 -4.00000 14.00000
28.00000 -4.00000 14.50000
28.00000 -3.00000 -8.50000
28.50000 -3.00000 14.00000
28.00000 -3.00000 14.50000
28.50000 -2.00000 -8.00000
28.00000 -2.00000 -8.50000
28.50000 -2.00000 14.00000
28.00000 -2.00000 14.50000
28.50000 -1.00000 -8.00000
28.00000 -1.00000 -8.50000
28.50000 -1.00000 14.00000
28.00000 -1.00000 14.50000
28.50000 0.00000 -8.00000
28.00000 0.00000 -8.50000
28.50000 0.00000 14.00000
28.00000 0.00000 14.50000
28.00000 1.00000 -8.50000
28.50000 1.00000 14.00000
28.00000 1.00000 14.50000
28.50000 2.00000 -9.00000
28.00000 2.00000 -9.50000
28.00000 1.50000 -9.00000
28.50000 2.00000 13.00000
28.00000 2.00000 13.50000
28.00000 1.50000 14.00000
28.50000 3.00000 -9.00000
28.00000 3.00000 -9.50000
28.50000 3.00000 12.00000
28.50000 3.00000 13.00000
28.00000 3.00000 13.50000
28.50000 4.00000 -9.00000
28.00000 4.00000 -9.50000
28.50000 4.00000 12.00000
28.00000 4.00000 12.50000
28.00000 3.50000 13.00000
28.00000 4.50000 -9.00000
28.00000 5.00000 -8.50000
28.50000 5.00000 11.00000
28.50000 5.00000 12.00000
28.00000 5.00000 12.50000
28.50000 6.00000 -8.00000
28.00000 6.00000 -8.50000
28.50000 6.00000 11.00000
28.00000 6.00000 11.50000
28.00000 5.50000 12.00000
28.50000 7.00000 -8.00000
28.00000 7.00000 -8.50000
28.50000 7.00000 10.00000
28.50000 7.00000 11.00000
28.00000 7.00000 11.50000
28.00000 7.50000 -8.00000
28.00000 8.00000 -7.50000
28.50000 8.00000 9.00000
28.50000 8.00000 10.00000
28.00000 8.00000 10.50000
28.00000 7.50000 11.00000
28.00000 9.00000 -7.50000
28.50000 9.00000 8.00000
28.50000 9.00000 9.00000
28.00000 9.00000 9.50000
28.00000 8.50000 10.00000
28.50000 10.00000 -7.00000
28.00000 10.00000 -7.50000
28.50000 10.00000 7.00000
28.50000 10.00000 8.00000
28.50000 10.00000 9.00000
28.00000 10.00000 9.50000
28.00000 10.50000 -7.00000
28.50000 11.00000 -6.00000
28.00000 11.00000 -6.50000
28.50000 11.00000 6.00000
28.50000 11.00000 7.00000
28.00000 11.00000 7.50000
28.00000 10.50000 8.00000
28.00000 10.50000 9.00000
28.50000 12.00000 -6.00000
28.00000 12.00000 -6.50000
28.50000 12.00000 -5.00000
28.50000 12.00000 4.00000
28.50000 12.00000 5.00000
28.50000 12.00000 6.00000
28.00000 12.00000 6.50000
28.00000 11.50000 7.00000
28.00000 12.50000 -6.00000
28.50000 13.00000 -5.00000
28.00000 13.00000 -5.50000
28.50000 13.00000 -4.00000
28.50000 13.00000 -3.00000
28.50000 13.00000 3.00000
28.50000 13.00000 4.00000
28.50000 13.00000 5.00000
28.00000 13.00000 5.50000
28.00000 12.50000 6.00000
28.00000 13.50000 -5.00000
28.00000 13.50000 -4.00000
28.50000 14.00000 -3.00000
28.00000 14.00000 -3.50000
28.50000 14.00000 -2.00000
28.50000 14.00000 -1.00000
28.50000 14.00000 0.00000
28.50000 14.00000 1.00000
28.50000 14.00000 2.00000
28.50000 14.00000 3.00000
28.00000 14.00000 3.50000
28.00000 13.50000 4.00000
28.00000 13.50000 5.00000
28.00000 14.50000 -3.00000
28.00000 14.50000 -2.00000
28.50000 15.00000 -1.00000
28.00000 15.00000 -1.50000
28.50000 15.00000 0.00000
28.00000 15.00000 0.50000
28.00000 14.50000 1.00000
28.00000 14.50000 2.00000
28.00000 14.50000 3.00000
28.00000 15.50000 -1.00000
28.00000 15.50000 0.00000
27.50000 -20.00000 4.00000
27.50000 -20.00000 5.00000
27.50000 -20.00000 6.00000
27.50000 -20.00000 7.00000
27.50000 -19.00000 3.00000
27.50000 -19.00000 4.00000
27.50000 -19.00000 5.00000
27.50000 -19.00000 6.00000
27.50000 -19.00000 7.00000
27.50000 -19.00000 8.00000
27.50000 -18.00000 2.00000
27.50000 -18.00000 3.00000
27.50000 -18.00000 4.00000
27.50000 -18.00000 5.00000
27.50000 -18.00000 6.00000
27.50000 -18.00000 7.00000
27.50000 -18.00000 8.00000
27.50000 -18.00000 9.00000
27.50000 -17.00000 0.00000
27.50000 -17.00000 1.00000
27.50000 -17.00000 2.00000
27.50000 -17.00000 3.00000
27.50000 -17.00000 4.00000
27.50000 -17.00000 5.00000
27.50000 -17.00000 6.00000
27.50000 -17.00000 7.00000
27.50000 -17.00000 8.00000
27.50000 -17.00000 9.00000
27.50000 -16.00000 -4.00000
27.00000 -16.00000 -4.50000
27.00000 -16.50000 -4.00000
27.00000 -16.50000 -3.00000
27.00000 -16.50000 -2.00000
27.00000 -16.50000 -1.00000
27.50000 -16.00000 0.00000
27.00000 -16.00000 -0.50000
27.50000 -16.00000 1.00000
27.50000 -16.00000 2.00000
27.50000 -16.00000 3.00000
27.50000 -16.00000 4.00000
27.50000 -16.00000 5.00000
27.50000 -16.00000 6.00000
27.50000 -16.00000 7.00000
27.50000 -16.00000 8.00000
27.50000 -16.00000 9.00000
27.50000 -16.00000 10.00000
27.00000 -15.00000 -5.50000
27.00000 -15.50000 -5.00000
27.00000 -15.50000 0.00000
27.00000 -15.50000 1.00000
27.00000 -15.50000 2.00000
27.00000 -15.50000 3.00000
27.00000 -15.50000 4.00000
27.00000 -15.00000 4.50000
27.50000 -15.00000 5.00000
27.50000 -15.00000 6.00000
27.50000 -15.00000 7.00000
27.50000 -15.00000 8.00000
27.50000 -15.00000 9.00000
27.50000 -15.00000 10.00000
27.50000 -14.00000 -6.00000
27.00000 -14.00000 -5.50000
27.00000 -14.50000 5.00000
27.00000 -14.50000 6.00000
27.00000 -14.00000 6.50000
27.50000 -14.00000 7.00000
27.50000 -14.00000 8.00000
27.50000 -14.00000 9.00000
27.50000 -14.00000 10.00000
27.50000 -13.00000 -7.00000
27.00000 -13.00000 -6.50000
27.00000 -13.50000 -6.00000
27.00000 -13.50000 7.00000
27.00000 -13.50000 8.00000
27.00000 -13.00000 8.50000
27.50000 -13.00000 9.00000
27.50000 -13.00000 10.00000
27.50000 -13.00000 11.00000
27.00000 -12.00000 -9.50000
27.00000 -12.50000 -9.00000
27.00000 -12.50000 -8.00000
27.00000 -12.50000 -7.00000
27.00000 -12.50000 9.00000
27.00000 -12.00000 9.50000
27.50000 -12.00000 10.00000
27.50000 -12.00000 11.00000
27.50000 -11.00000 -11.00000
27.00000 -11.00000 -10.50000
27.00000 -11.50000 -10.00000
27.00000 -11.50000 10.00000
27.00000 -11.00000 10.50000
27.50000 -11.00000 11.00000
27.50000 -11.00000 12.00000
27.50000 -10.00000 -11.00000
27.00000 -10.00000 -10.50000
27.00000 -10.50000 11.00000
27.00000 -10.00000 11.50000
27.50000 -10.00000 12.00000
27.50000 -9.00000 -11.00000
27.00000 -9.00000 -10.50000
27.00000 -9.50000 12.00000
27.00000 -9.50000 13.00000
27.00000 -9.00000 13.50000
27.50000 -8.00000 -11.00000
27.00000 -8.00000 -10.50000
27.00000 -8.00000 13.50000
27.50000 -7.00000 -11.00000
27.00000 -7.50000 -10.00000
27.50000 -7.00000 -10.00000
27.00000 -7.00000 -9.50000
27.00000 -7.00000 13.50000
27.00000 -6.00000 -9.50000
27.50000 -6.00000 14.00000
27.00000 -6.00000 13.50000
27.00000 -5.50000 -9.00000
27.00000 -5.00000 -8.50000
27.00000 -5.50000 14.00000
27.00000 -5.00000 14.50000
27.00000 -4.00000 -8.50000
27.00000 -4.00000 14.50000
27.00000 -3.00000 -8.50000
27.00000 -3.00000 14.50000
27.00000 -2.00000 -8.50000
27.00000 -2.00000 14.50000
27.00000 -1.00000 -8.50000
27.00000 -1.00000 14.50000
27.00000 0.00000 -8.50000
27.00000 0.00000 14.50000
27.00000 1.00000 -8.50000
27.00000 1.00000 14.50000
27.00000 2.00000 -9.50000
27.00000 1.50000 -9.00000
27.50000 2.00000 14.00000
27.00000 2.00000 14.50000
27.50000 3.00000 -10.00000
27.00000 3.00000 -10.50000
27.00000 2.50000 -10.00000
27.00000 2.50000 14.00000
27.00000 3.00000 13.50000
27.00000 3.50000 -10.00000
27.00000 4.00000 -9.50000
27.50000 4.00000 13.00000
27.00000 4.00000 13.50000
27.50000 5.00000 -9.00000
27.00000 5.00000 -9.50000
27.50000 5.00000 13.00000
27.00000 5.00000 13.50000
27.50000 6.00000 -9.00000
27.00000 6.00000 -9.50000
27.50000 6.00000 12.00000
27.00000 6.00000 12.50000
27.00000 5.50000 13.00000
27.00000 6.50000 -9.00000
27.00000 7.00000 -8.50000
27.50000 7.00000 12.00000
27.00000 7.00000 12.50000
27.50000 8.00000 -8.00000
27.00000 8.00000 -8.50000
27.50000 8.00000 11.00000
27.50000 8.00000 12.00000
27.00000 8.00000 12.50000
27.50000 9.00000 -8.00000
27.00000 9.00000 -8.50000
27.50000 9.00000 10.00000
27.50000 9.00000 11.00000
27.00000 9.00000 11.50000
27.00000 8.50000 12.00000
27.50000 10.00000 -8.00000
27.00000 10.00000 -8.50000
27.50000 10.00000 10.00000
27.00000 10.00000 10.50000
27.00000 9.50000 11.00000
27.00000 10.50000 -8.00000
27.50000 11.00000 -7.00000
27.00000 11.00000 -7.50000
27.50000 11.00000 8.00000
27.50000 11.00000 9.00000
27.00000 11.00000 9.50000
27.00000 10.50000 10.00000
27.50000 12.00000 -7.00000
27.00000 12.00000 -7.50000
27.50000 12.00000 7.00000
27.50000 12.00000 8.00000
27.00000 12.00000 8.50000
27.00000 11.50000 9.00000
27.00000 12.50000 -7.00000
27.50000 13.00000 -6.00000
27.00000 13.00000 -6.50000
27.50000 13.00000 6.00000
27.50000 13.00000 7.00000
27.00000 13.00000 7.50000
27.00000 12.50000 8.00000
27.50000 14.00000 -6.00000
27.00000 14.00000 -6.50000
27.50000 14.00000 -5.00000
27.50000 14.00000 -4.00000
27.50000 14.00000 4.00000
27.50000 14.00000 5.00000
27.50000 14.00000 6.00000
27.00000 14.00000 6.50000
27.00000 13.50000 7.00000
27.00000 14.50000 -6.00000
27.00000 14.50000 -5.00000
27.50000 15.00000 -4.00000
27.00000 15.00000 -4.50000
27.50000 15.00000 -3.00000
27.50000 15.00000 -2.00000
27.50000 15.00000 1.00000
27.50000 15.00000 2.00000
27.50000 15.00000 3.00000
27.50000 15.00000 4.00000
27.00000 15.00000 4.50000
27.00000 14.50000 5.00000
27.00000 14.50000 6.00000
27.00000 15.50000 -4.00000
27.00000 15.50000 -3.00000
27.50000 16.00000 -2.00000
27.00000 16.00000 -2.50000
27.50000 16.00000 -1.00000
27.50000 16.00000 0.00000
27.50000 16.00000 1.00000
27.50000 16.00000 2.00000
27.00000 16.00000 2.50000
27.00000 15.50000 3.00000
27.00000 15.50000 4.00000
27.00000 16.50000 -2.00000
27.00000 16.50000 -1.00000
27.00000 16.50000 0.00000
27.00000 16.50000 1.00000
27.00000 16.50000 2.00000
26.00000 -16.00000 -4.50000
26.00000 -16.50000 -4.00000
26.00000 -16.50000 -3.00000
26.00000 -16.50000 -2.00000
26.00000 -16.50000 -1.00000
26.00000 -16.00000 -0.50000
26.50000 -15.00000 -5.00000
26.00000 -15.00000 -4.50000
26.00000 -15.50000 0.00000
26.00000 -15.50000 1.00000
26.50000 -15.00000 2.00000
26.00000 -15.00000 1.50000
26.50000 -15.00000 3.00000
26.50000 -15.00000 4.00000
26.00000 -14.00000 -5.50000
26.00000 -14.50000 -5.00000
26.00000 -14.50000 2.00000
26.00000 -14.00000 2.50000
26.50000 -14.00000 3.00000
26.50000 -14.00000 4.00000
26.50000 -14.00000 5.00000
26.50000 -14.00000 6.00000
26.50000 -13.00000 -6.00000
26.00000 -13.00000 -5.50000
26.00000 -13.50000 3.00000
26.00000 -13.00000 3.50000
26.50000 -13.00000 4.00000
26.50000 -13.00000 5.00000
26.50000 -13.00000 6.00000
26.50000 -13.00000 7.00000
26.50000 -13.00000 8.00000
26.50000 -12.00000 -9.00000
26.50000 -12.00000 -8.00000
26.00000 -12.00000 -7.50000
26.00000 -12.50000 -7.00000
26.00000 -12.50000 -6.00000
26.00000 -12.50000 4.00000
26.00000 -12.50000 5.00000
26.00000 -12.00000 5.50000
26.50000 -12.00000 6.00000
26.50000 -12.00000 7.00000
26.50000 -12.00000 8.00000
26.50000 -12.00000 9.00000
26.00000 -11.00000 -10.50000
26.00000 -11.50000 -10.00000
26.00000 -11.50000 -9.00000
26.00000 -11.50000 -8.00000
26.00000 -11.50000 6.00000
26.00000 -11.50000 7.00000
26.00000 -11.00000 7.50000
26.50000 -11.00000 8.00000
26.50000 -11.00000 9.00000
26.50000 -11.00000 10.00000
26.00000 -10.00000 -10.50000
26.00000 -10.50000 8.00000
26.00000 -10.50000 9.00000
26.00000 -10.00000 9.50000
26.50000 -10.00000 10.00000
26.50000 -10.00000 11.00000
26.00000 -9.00000 -10.50000
26.00000 -9.50000 10.00000
26.00000 -9.50000 11.00000
26.50000 -9.00000 12.00000
26.00000 -9.00000 11.50000
26.50000 -9.00000 13.00000
26.00000 -8.00000 -10.50000
26.00000 -8.50000 12.00000
26.00000 -8.00000 12.50000
26.50000 -8.00000 13.00000
26.00000 -7.50000 -10.00000
26.00000 -7.00000 -9.50000
26.00000 -7.50000 13.00000
26.00000 -7.00000 13.50000
26.00000 -6.50000 -9.00000
26.50000 -6.00000 -9.00000
26.00000 -6.00000 -8.50000
26.00000 -6.00000 13.50000
26.00000 -5.00000 -8.50000
26.50000 -5.00000 14.00000
26.00000 -5.00000 13.50000
26.00000 -4.50000 -8.00000
26.50000 -4.00000 -8.00000
26.00000 -4.00000 -7.50000
26.50000 -4.00000 14.00000
26.00000 -4.00000 13.50000
26.50000 -3.00000 -8.00000
26.00000 -3.00000 -7.50000
26.00000 -3.50000 14.00000
26.00000 -3.00000 14.50000
26.00000 -2.00000 -8.50000
26.00000 -2.50000 -8.00000
26.00000 -2.00000 14.50000
26.00000 -1.00000 -8.50000
26.00000 -1.00000 14.50000
26.00000 0.00000 -8.50000
26.00000 0.00000 14.50000
26.50000 1.00000 -9.00000
26.00000 1.00000 -9.50000
26.00000 0.50000 -9.00000
26.00000 1.00000 14.50000
26.50000 2.00000 -10.00000
26.00000 2.00000 -10.50000
26.00000 1.50000 -10.00000
26.50000 2.00000 14.00000
26.00000 1.50000 14.00000
26.00000 2.00000 13.50000
26.00000 3.00000 -10.50000
26.00000 3.00000 13.50000
26.50000 4.00000 -10.00000
26.00000 4.00000 -10.50000
26.00000 4.00000 13.50000
26.50000 5.00000 -10.00000
26.00000 5.00000 -10.50000
26.00000 5.00000 13.50000
26.00000 5.50000 -10.00000
26.00000 6.00000 -9.50000
26.00000 5.50000 13.00000
26.00000 6.00000 12.50000
26.50000 7.00000 -9.00000
26.00000 7.00000 -9.50000
26.00000 7.00000 12.50000
26.50000 8.00000 -9.00000
26.00000 8.00000 -9.50000
26.00000 8.00000 12.50000
26.50000 9.00000 -9.00000
26.00000 9.00000 -9.50000
26.00000 8.50000 12.00000
26.00000 9.00000 11.50000
26.50000 10.00000 -9.00000
26.00000 10.00000 -9.50000
26.50000 10.00000 11.00000
26.00000 10.00000 11.50000
26.00000 10.50000 -9.00000
26.50000 11.00000 -8.00000
26.00000 11.00000 -8.50000
26.50000 11.00000 10.00000
26.00000 11.00000 10.50000
26.00000 10.50000 11.00000
26.50000 12.00000 -8.00000
26.00000 12.00000 -8.50000
26.50000 12.00000 9.00000
26.00000 12.00000 9.50000
26.00000 11.50000 10.00000
26.50000 13.00000 -8.00000
26.00000 13.00000 -8.50000
26.50000 13.00000 -7.00000
26.50000 13.00000 8.00000
26.00000 13.00000 8.50000
26.00000 12.50000 9.00000
26.00000 13.50000 -8.00000
26.50000 14.00000 -7.00000
26.00000 14.00000 -7.50000
26.50000 14.00000 7.00000
26.00000 14.00000 7.50000
26.00000 13.50000 8.00000
26.00000 14.50000 -7.00000
26.50000 15.00000 -6.00000
26.00000 15.00000 -6.50000
26.50000 15.00000 -5.00000
26.50000 15.00000 5.00000
26.50000 15.00000 6.00000
26.00000 15.00000 6.50000
26.00000 14.50000 7.00000
26.00000 15.50000 -6.00000
26.50000 16.00000 -5.00000
26.00000 16.00000 -5.50000
26.50000 16.00000 -4.00000
26.50000 16.00000 -3.00000
26.50000 16.00000 3.00000
26.50000 16.00000 4.00000
26.50000 16.00000 5.00000
26.00000 16.00000 5.50000
26.00000 15.50000 6.00000
26.00000 16.50000 -5.00000
26.00000 16.50000 -4.00000
26.50000 17.00000 -3.00000
26.00000 17.00000 -3.50000
26.50000 17.00000 -2.00000
26.50000 17.00000 -1.00000
26.50000 17.00000 0.00000
26.50000 17.00000 1.00000
26.50000 17.00000 2.00000
26.50000 17.00000 3.00000
26.00000 17.00000 3.50000
26.00000 16.50000 4.00000
26.00000 16.50000 5.00000
26.00000 17.50000 -3.00000
26.00000 17.50000 -2.00000
26.50000 18.00000 -1.00000
26.00000 18.00000 -1.50000
26.50000 18.00000 0.00000
26.50000 18.00000 1.00000
26.00000 18.00000 1.50000
26.00000 17.50000 2.00000
26.00000 17.50000 3.00000
26.00000 18.50000 -1.00000
26.00000 18.50000 0.00000
26.00000 18.50000 1.00000
25.50000 -16.00000 -4.00000
25.00000 -16.00000 -3.50000
25.00000 -16.50000 -3.00000
25.00000 -16.50000 -2.00000
25.00000 -16.50000 -1.00000
25.00000 -16.50000 0.00000
25.50000 -16.00000 0.00000
25.00000 -16.00000 0.50000
25.00000 -15.00000 -4.50000
25.00000 -15.50000 -4.00000
25.00000 -15.50000 1.00000
25.00000 -15.00000 1.50000
25.00000 -14.00000 -5.50000
25.00000 -14.50000 -5.00000
25.00000 -14.50000 2.00000
25.00000 -14.00000 2.50000
25.00000 -13.00000 -5.50000
25.50000 -13.00000 3.00000
25.00000 -13.00000 2.50000
25.50000 -12.00000 -7.00000
25.00000 -12.00000 -6.50000
25.00000 -12.50000 -6.00000
25.00000 -12.50000 3.00000
25.50000 -12.00000 4.00000
25.00000 -12.00000 3.50000
25.50000 -12.00000 5.00000
25.50000 -11.00000 -10.00000
25.50000 -11.00000 -9.00000
25.50000 -11.00000 -8.00000
25.00000 -11.00000 -7.50000
25.00000 -11.50000 -7.00000
25.50000 -11.00000 4.00000
25.00000 -11.00000 3.50000
25.50000 -11.00000 5.00000
25.50000 -11.00000 6.00000
25.50000 -11.00000 7.00000
25.00000 -10.00000 -10.50000
25.00000 -10.50000 -10.00000
25.00000 -10.50000 -9.00000
25.00000 -10.50000 -8.00000
25.00000 -10.50000 4.00000
25.00000 -10.00000 4.50000
25.50000 -10.00000 5.00000
25.50000 -10.00000 6.00000
25.50000 -10.00000 7.00000
25.50000 -10.00000 8.00000
25.50000 -10.00000 9.00000
25.00000 -9.50000 -10.00000
25.50000 -9.00000 -10.00000
25.00000 -9.00000 -9.50000
25.00000 -9.50000 5.00000
25.00000 -9.00000 5.50000
25.50000 -9.00000 6.00000
25.50000 -9.00000 7.00000
25.50000 -9.00000 8.00000
25.50000 -9.00000 9.00000
25.50000 -9.00000 10.00000
25.50000 -9.00000 11.00000
25.50000 -8.00000 -10.00000
25.00000 -8.00000 -9.50000
25.00000 -8.50000 6.00000
25.00000 -8.50000 7.00000
25.00000 -8.50000 8.00000
25.00000 -8.50000 9.00000
25.00000 -8.00000 9.50000
25.50000 -8.00000 10.00000
25.50000 -8.00000 11.00000
25.50000 -8.00000 12.00000
25.00000 -7.00000 -9.50000
25.00000 -7.50000 10.00000
25.00000 -7.50000 11.00000
25.00000 -7.00000 11.50000
25.50000 -7.00000 12.00000
25.50000 -7.00000 13.00000
25.00000 -6.50000 -9.00000
25.00000 -6.00000 -8.50000
25.50000 -6.00000 12.00000
25.00000 -6.00000 11.50000
25.50000 -6.00000 13.00000
25.00000 -5.50000 -8.00000
25.50000 -5.00000 -8.00000
25.00000 -5.00000 -7.50000
25.00000 -5.50000 12.00000
25.00000 -5.00000 12.50000
25.50000 -5.00000 13.00000
25.00000 -4.00000 -7.50000
25.50000 -4.00000 13.00000
25.00000 -4.00000 12.50000
25.00000 -3.00000 -7.50000
25.00000 -3.50000 13.00000
25.50000 -3.00000 14.00000
25.00000 -3.00000 13.50000
25.50000 -2.00000 -8.00000
25.00000 -2.00000 -7.50000
25.50000 -2.00000 14.00000
25.00000 -2.00000 13.50000
25.50000 -1.00000 -8.00000
25.00000 -1.00000 -7.50000
25.50000 -1.00000 14.00000
25.00000 -1.00000 13.50000
25.00000 0.00000 -8.50000
25.00000 -0.50000 -8.00000
25.50000 0.00000 14.00000
25.00000 0.00000 13.50000
25.00000 1.00000 -9.50000
25.00000 0.50000 -9.00000
25.50000 1.00000 14.00000
25.00000 1.00000 13.50000
25.00000 2.00000 -10.50000
25.00000 1.50000 -10.00000
25.00000 2.00000 13.50000
25.00000 3.00000 -10.50000
25.00000 3.00000 13.50000
25.00000 4.00000 -10.50000
25.50000 4.00000 13.00000
25.00000 3.50000 13.00000
25.00000 4.00000 12.50000
25.00000 5.00000 -10.50000
25.50000 5.00000 13.00000
25.00000 5.00000 12.50000
25.50000 6.00000 -10.00000
25.00000 6.00000 -10.50000
25.00000 6.00000 12.50000
25.00000 6.50000 -10.00000
25.00000 7.00000 -9.50000
25.00000 7.00000 12.50000
25.00000 8.00000 -9.50000
25.00000 8.00000 12.50000
25.00000 9.00000 -9.50000
25.00000 8.50000 12.00000
25.00000 9.00000 11.50000
25.00000 10.00000 -9.50000
25.00000 10.00000 11.50000
25.50000 11.00000 -9.00000
25.00000 11.00000 -9.50000
25.00000 10.50000 11.00000
25.00000 11.00000 10.50000
25.50000 12.00000 -9.00000
25.00000 12.00000 -9.50000
25.50000 12.00000 10.00000
25.00000 12.00000 10.50000
25.50000 13.00000 -9.00000
25.00000 13.00000 -9.50000
25.50000 13.00000 9.00000
25.00000 13.00000 9.50000
25.00000 12.50000 10.00000
25.00000 13.50000 -9.00000
25.50000 14.00000 -8.00000
25.00000 14.00000 -8.50000
25.50000 14.00000 8.00000
25.00000 14.00000 8.50000
25.00000 13.50000 9.00000
25.00000 14.50000 -8.00000
25.50000 15.00000 -7.00000
25.00000 15.00000 -7.50000
25.50000 15.00000 7.00000
25.00000 15.00000 7.50000
25.00000 14.50000 8.00000
25.00000 15.50000 -7.00000
25.50000 16.00000 -6.00000
25.00000 16.00000 -6.50000
25.50000 16.00000 6.00000
25.00000 16.00000 6.50000
25.00000 15.50000 7.00000
25.00000 16.50000 -6.00000
25.50000 17.00000 -5.00000
25.00000 17.00000 -5.50000
25.50000 17.00000 -4.00000
25.50000 17.00000 4.00000
25.50000 17.00000 5.00000
25.00000 17.00000 5.50000
25.00000 16.50000 6.00000
25.00000 17.50000 -5.00000
25.50000 18.00000 -4.00000
25.00000 18.00000 -4.50000
25.50000 18.00000 -3.00000
25.50000 18.00000 -2.00000
25.50000 18.00000 2.00000
25.50000 18.00000 3.00000
25.00000 18.00000 3.50000
25.00000 17.50000 4.00000
25.00000 17.50000 5.00000
25.00000 18.50000 -4.00000
25.00000 18.50000 -3.00000
25.00000 18.50000 -2.00000
25.50000 19.00000 -1.00000
25.00000 19.00000 -1.50000
25.50000 19.00000 0.00000
25.50000 19.00000 1.00000
25.00000 19.00000 1.50000
25.00000 18.50000 2.00000
25.00000 18.50000 3.00000
25.00000 19.50000 -1.00000
25.00000 19.50000 0.00000
25.00000 19.50000 1.00000
24.50000 -16.00000 -3.00000
24.50000 -16.00000 -2.00000
24.50000 -16.00000 -1.00000
24.50000 -16.00000 0.00000
24.50000 -15.00000 -4.00000
24.50000 -15.00000 -3.00000
24.50000 -15.00000 -2.00000
24.50000 -15.00000 -1.00000
24.50000 -15.00000 0.00000
24.50000 -15.00000 1.00000
24.00000 -14.00000 -5.50000
24.00000 -14.50000 -5.00000
24.00000 -14.50000 -4.00000
24.00000 -14.50000 -3.00000
24.00000 -14.50000 -2.00000
24.00000 -14.50000 -1.00000
24.00000 -14.50000 0.00000
24.00000 -14.00000 0.50000
24.50000 -14.00000 1.00000
24.50000 -14.00000 2.00000
24.50000 -13.00000 -6.00000
24.00000 -13.00000 -6.50000
24.00000 -13.50000 -6.00000
24.00000 -13.50000 1.00000
24.00000 -13.00000 1.50000
24.50000 -13.00000 2.00000
24.00000 -12.00000 -6.50000
24.00000 -12.50000 2.00000
24.50000 -12.00000 3.00000
24.00000 -12.00000 2.50000
24.50000 -11.00000 -7.00000
24.00000 -11.00000 -6.50000
24.00000 -11.50000 3.00000
24.00000 -11.00000 3.50000
24.50000 -10.00000 -10.00000
24.50000 -10.00000 -9.00000
24.00000 -10.00000 -8.50000
24.00000 -10.50000 -8.00000
24.00000 -10.50000 -7.00000
24.00000 -10.50000 4.00000
24.00000 -10.00000 4.50000
24.00000 -9.50000 -9.00000
24.00000 -9.00000 -9.50000
24.00000 -9.50000 5.00000
24.00000 -9.00000 5.50000
24.00000 -8.00000 -9.50000
24.50000 -8.00000 6.00000
24.00000 -8.00000 5.50000
24.50000 -8.00000 7.00000
24.50000 -8.00000 8.00000
24.50000 -8.00000 9.00000
24.00000 -7.00000 -9.50000
24.00000 -7.50000 6.00000
24.00000 -7.00000 6.50000
24.50000 -7.00000 7.00000
24.50000 -7.00000 8.00000
24.50000 -7.00000 9.00000
24.50000 -7.00000 10.00000
24.50000 -7.00000 11.00000
24.00000 -6.50000 -9.00000
24.00000 -6.00000 -8.50000
24.00000 -6.50000 7.00000
24.00000 -6.50000 8.00000
24.00000 -6.50000 9.00000
24.00000 -6.00000 9.50000
24.50000 -6.00000 10.00000
24.50000 -6.00000 11.00000
24.50000 -5.00000 -8.00000
24.00000 -5.00000 -8.50000
24.00000 -5.50000 10.00000
24.00000 -5.00000 10.50000
24.50000 -5.00000 11.00000
24.50000 -5.00000 12.00000
24.00000 -4.50000 -8.00000
24.00000 -4.50000 -7.00000
24.50000 -4.00000 -7.00000
24.00000 -4.00000 -6.50000
24.00000 -4.50000 11.00000
24.00000 -4.00000 11.50000
24.50000 -4.00000 12.00000
24.00000 -3.00000 -7.50000
24.00000 -3.50000 -7.00000
24.50000 -3.00000 12.00000
24.00000 -3.00000 11.50000
24.50000 -3.00000 13.00000
24.00000 -2.00000 -7.50000
24.00000 -2.50000 12.00000
24.00000 -2.00000 12.50000
24.50000 -2.00000 13.00000
24.00000 -1.50000 -7.00000
24.50000 -1.00000 -7.00000
24.00000 -1.00000 -6.50000
24.50000 -1.00000 13.00000
24.00000 -1.00000 12.50000
24.50000 0.00000 -8.00000
24.00000 0.00000 -7.50000
24.00000 -0.50000 -7.00000
24.50000 0.00000 13.00000
24.00000 0.00000 12.50000
24.00000 1.00000 -9.50000
24.00000 0.50000 -9.00000
24.00000 0.50000 -8.00000
24.50000 1.00000 13.00000
24.00000 1.00000 12.50000
24.00000 2.00000 -10.50000
24.00000 1.50000 -10.00000
24.50000 2.00000 13.00000
24.00000 2.00000 12.50000
24.50000 3.00000 -11.00000
24.00000 3.00000 -11.50000
24.00000 2.50000 -11.00000
24.50000 3.00000 13.00000
24.00000 3.00000 12.50000
24.50000 4.00000 -11.00000
24.00000 4.00000 -11.50000
24.00000 4.00000 12.50000
24.50000 5.00000 -11.00000
24.00000 5.00000 -11.50000
24.50000 5.00000 12.00000
24.00000 4.50000 12.00000
24.00000 5.00000 11.50000
24.00000 5.50000 -11.00000
24.00000 6.00000 -10.50000
24.50000 6.00000 12.00000
24.00000 6.00000 11.50000
24.50000 7.00000 -10.00000
24.00000 7.00000 -10.50000
24.50000 7.00000 12.00000
24.00000 7.00000 11.50000
24.50000 8.00000 -10.00000
24.00000 8.00000 -10.50000
24.50000 8.00000 12.00000
24.00000 8.00000 11.50000
24.50000 9.00000 -10.00000
24.00000 9.00000 -10.50000
24.00000 9.00000 11.50000
24.50000 10.00000 -10.00000
24.00000 10.00000 -10.50000
24.50000 10.00000 11.00000
24.00000 9.50000 11.00000
24.00000 10.00000 10.50000
24.50000 11.00000 -10.00000
24.00000 11.00000 -10.50000
24.00000 11.00000 10.50000
24.50000 12.00000 -10.00000
24.00000 12.00000 -10.50000
24.50000 12.00000 10.00000
24.00000 11.50000 10.00000
24.00000 12.00000 9.50000
24.00000 12.50000 -10.00000
24.00000 13.00000 -9.50000
24.50000 13.00000 9.00000
24.00000 12.50000 9.00000
24.00000 13.00000 8.50000
24.50000 14.00000 -9.00000
24.00000 14.00000 -9.50000
24.00000 14.00000 8.50000
24.00000 14.50000 -9.00000
24.50000 15.00000 -8.00000
24.00000 15.00000 -8.50000
24.00000 14.50000 8.00000
24.00000 15.00000 7.50000
24.50000 16.00000 -8.00000
24.00000 16.00000 -8.50000
24.50000 16.00000 -7.00000
24.00000 15.50000 7.00000
24.00000 16.00000 6.50000
24.00000 16.50000 -8.00000
24.50000 17.00000 -7.00000
24.00000 17.00000 -7.50000
24.50000 17.00000 -6.00000
24.00000 16.50000 6.00000
24.00000 17.00000 5.50000
24.00000 17.50000 -7.00000
24.50000 18.00000 -6.00000
24.00000 18.00000 -6.50000
24.50000 18.00000 -5.00000
24.00000 17.50000 4.00000
24.00000 18.00000 3.50000
24.00000 17.50000 5.00000
24.00000 18.50000 -6.00000
24.00000 18.50000 -5.00000
24.50000 19.00000 -4.00000
24.00000 19.00000 -4.50000
24.50000 19.00000 -3.00000
24.50000 19.00000 -2.00000
24.50000 19.00000 2.00000
24.00000 19.00000 2.50000
24.00000 18.50000 3.00000
24.00000 19.50000 -4.00000
24.00000 19.50000 -3.00000
24.50000 20.00000 -2.00000
24.00000 20.00000 -2.50000
24.50000 20.00000 -1.00000
24.00000 20.00000 -0.50000
24.00000 19.50000 0.00000
24.00000 19.50000 1.00000
24.00000 19.50000 2.00000
24.00000 20.50000 -2.00000
24.00000 20.50000 -1.00000
23.00000 -14.00000 -5.50000
23.00000 -14.50000 -5.00000
23.00000 -14.50000 -4.00000
23.00000 -14.50000 -3.00000
23.50000 -14.00000 -2.00000
23.00000 -14.00000 -2.50000
23.50000 -14.00000 -1.00000
23.50000 -14.00000 0.00000
23.00000 -13.00000 -6.50000
23.00000 -13.50000 -6.00000
23.00000 -13.50000 -2.00000
23.00000 -13.50000 -1.00000
23.00000 -13.50000 0.00000
23.50000 -13.00000 1.00000
23.00000 -13.00000 0.50000
23.00000 -12.00000 -6.50000
23.00000 -12.50000 1.00000
23.00000 -12.50000 2.00000
23.00000 -12.00000 2.50000
23.00000 -11.00000 -6.50000
23.00000 -11.50000 3.00000
23.00000 -11.00000 3.50000
23.00000 -10.00000 -8.50000
23.00000 -10.50000 -8.00000
23.00000 -10.50000 -7.00000
23.50000 -10.00000 4.00000
23.00000 -10.00000 3.50000
23.00000 -9.00000 -9.50000
23.00000 -9.50000 -9.00000
23.00000 -9.50000 4.00000
23.50000 -9.00000 5.00000
23.00000 -9.00000 4.50000
23.00000 -8.00000 -9.50000
23.00000 -8.50000 5.00000
23.00000 -8.00000 5.50000
23.00000 -7.00000 -9.50000
23.50000 -7.00000 6.00000
23.00000 -7.00000 5.50000
23.00000 -6.50000 -9.00000
23.00000 -6.00000 -8.50000
23.00000 -6.50000 6.00000
23.50000 -6.00000 7.00000
23.00000 -6.00000 6.50000
23.50000 -6.00000 8.00000
23.50000 -6.00000 9.00000
23.00000 -5.50000 -8.00000
23.50000 -5.00000 -8.00000
23.00000 -5.00000 -7.50000
23.50000 -5.00000 7.00000
23.00000 -5.00000 6.50000
23.50000 -5.00000 8.00000
23.50000 -5.00000 9.00000
23.50000 -5.00000 10.00000
23.00000 -4.00000 -7.50000
23.50000 -4.00000 -7.00000
23.00000 -4.50000 7.00000
23.00000 -4.50000 8.00000
23.00000 -4.00000 8.50000
23.50000 -4.00000 9.00000
23.50000 -4.00000 10.00000
23.50000 -4.00000 11.00000
23.50000 -3.00000 -7.00000
23.00000 -3.50000 -7.00000
23.00000 -3.00000 -6.50000
23.00000 -3.50000 9.00000
23.00000 -3.50000 10.00000
23.00000 -3.00000 10.50000
23.50000 -3.00000 11.00000
23.00000 -2.00000 -7.50000
23.00000 -2.50000 -7.00000
23.50000 -2.00000 11.00000
23.00000 -2.00000 10.50000
23.50000 -2.00000 12.00000
23.00000 -1.50000 -7.00000
23.00000 -1.00000 -6.50000
23.00000 -1.50000 11.00000
23.00000 -1.00000 11.50000
23.50000 -1.00000 12.00000
23.00000 0.00000 -7.50000
23.00000 -0.50000 -7.00000
23.50000 0.00000 12.00000
23.00000 0.00000 11.50000
23.50000 1.00000 -9.00000
23.50000 1.00000 -8.00000
23.00000 1.00000 -7.50000
23.50000 1.00000 12.00000
23.00000 1.00000 11.50000
23.00000 2.00000 -10.50000
23.00000 1.50000 -10.00000
23.00000 1.50000 -9.00000
23.00000 1.50000 -8.00000
23.50000 2.00000 12.00000
23.00000 2.00000 11.50000
23.00000 3.00000 -11.50000
23.00000 2.50000 -11.00000
23.50000 3.00000 12.00000
23.00000 3.00000 11.50000
23.00000 4.00000 -11.50000
23.50000 4.00000 12.00000
23.00000 4.00000 11.50000
23.50000 5.00000 -12.00000
23.00000 5.00000 -12.50000
23.00000 4.50000 -12.00000
23.00000 5.00000 11.50000
23.00000 5.50000 -12.00000
23.50000 6.00000 -11.00000
23.00000 6.00000 -11.50000
23.00000 6.00000 11.50000
23.50000 7.00000 -11.00000
23.00000 7.00000 -11.50000
23.50000 7.00000 11.00000
23.00000 6.50000 11.00000
23.00000 7.00000 10.50000
23.00000 7.50000 -11.00000
23.00000 8.00000 -10.50000
23.50000 8.00000 11.00000
23.00000 8.00000 10.50000
23.00000 9.00000 -10.50000
23.50000 9.00000 11.00000
23.00000 9.00000 10.50000
23.00000 10.00000 -10.50000
23.50000 10.00000 10.00000
23.00000 9.50000 10.00000
23.00000 10.00000 9.50000
23.00000 11.00000 -10.50000
23.50000 11.00000 10.00000
23.00000 11.00000 9.50000
23.00000 12.00000 -10.50000
23.50000 12.00000 9.00000
23.00000 11.50000 9.00000
23.00000 12.00000 8.50000
23.50000 13.00000 -10.00000
23.00000 13.00000 -10.50000
23.50000 13.00000 8.00000
23.00000 12.50000 8.00000
23.00000 13.00000 7.50000
23.50000 14.00000 -10.00000
23.00000 14.00000 -10.50000
23.50000 14.00000 8.00000
23.00000 14.00000 7.50000
23.00000 14.50000 -10.00000
23.50000 15.00000 -9.00000
23.00000 15.00000 -9.50000
23.50000 15.00000 7.00000
23.00000 14.50000 7.00000
23.00000 15.00000 6.50000
23.50000 16.00000 -9.00000
23.00000 16.00000 -9.50000
23.50000 16.00000 6.00000
23.00000 15.50000 6.00000
23.00000 16.00000 5.50000
23.00000 16.50000 -9.00000
23.50000 17.00000 -8.00000
23.00000 17.00000 -8.50000
23.50000 17.00000 5.00000
23.00000 16.50000 5.00000
23.00000 17.00000 4.50000
23.00000 17.50000 -8.00000
23.50000 18.00000 -7.00000
23.00000 18.00000 -7.50000
23.00000 17.50000 4.00000
23.00000 18.00000 3.50000
23.00000 18.50000 -7.00000
23.50000 19.00000 -6.00000
23.00000 19.00000 -6.50000
23.50000 19.00000 -5.00000
23.50000 19.00000 2.00000
23.00000 18.50000 2.00000
23.00000 19.00000 1.50000
23.00000 18.50000 3.00000
23.00000 19.50000 -6.00000
23.50000 20.00000 -5.00000
23.00000 20.00000 -5.50000
23.50000 20.00000 -4.00000
23.50000 20.00000 -3.00000
23.00000 19.50000 0.00000
23.00000 20.00000 -0.50000
23.00000 19.50000 1.00000
23.00000 20.50000 -5.00000
23.00000 20.50000 -4.00000
23.00000 20.50000 -3.00000
23.00000 20.50000 -2.00000
23.00000 20.50000 -1.00000
22.50000 -29.00000 18.00000
22.00000 -29.00000 17.50000
22.00000 -29.50000 18.00000
22.00000 -29.50000 19.00000
22.50000 -29.00000 19.00000
22.00000 -29.00000 19.50000
22.00000 -28.50000 18.00000
22.00000 -28.50000 19.00000
22.50000 -14.00000 -5.00000
22.50000 -14.00000 -4.00000
22.50000 -14.00000 -3.00000
22.50000 -13.00000 -6.00000
22.00000 -13.00000 -5.50000
22.00000 -13.50000 -5.00000
22.00000 -13.50000 -4.00000
22.00000 -13.50000 -3.00000
22.00000 -13.50000 -2.00000
22.00000 -13.50000 -1.00000
22.00000 -13.50000 0.00000
22.00000 -13.00000 0.50000
22.00000 -12.00000 -6.50000
22.00000 -12.50000 -6.00000
22.00000 -12.50000 1.00000
22.50000 -12.00000 2.00000
22.00000 -12.00000 1.50000
22.00000 -11.00000 -6.50000
22.50000 -11.00000 2.00000
22.00000 -11.00000 1.50000
22.50000 -11.00000 3.00000
22.50000 -10.00000 -8.00000
22.00000 -10.00000 -7.50000
22.00000 -10.50000 -7.00000
22.00000 -10.50000 2.00000
22.00000 -10.50000 3.00000
22.00000 -10.00000 3.50000
22.00000 -9.00000 -9.50000
22.00000 -9.50000 -9.00000
22.00000 -9.50000 -8.00000
22.00000 -9.50000 4.00000
22.00000 -9.00000 4.50000
22.00000 -8.00000 -9.50000
22.50000 -8.00000 5.00000
22.00000 -8.00000 4.50000
22.00000 -7.00000 -9.50000
22.00000 -7.50000 5.00000
22.00000 -7.00000 5.50000
22.00000 -6.50000 -9.00000
22.00000 -6.00000 -8.50000
22.50000 -6.00000 6.00000
22.00000 -6.00000 5.50000
22.00000 -5.50000 -8.00000
22.00000 -5.00000 -7.50000
22.00000 -5.50000 6.00000
22.00000 -5.00000 6.50000
22.00000 -4.00000 -7.50000
22.50000 -4.00000 7.00000
22.00000 -4.00000 6.50000
22.50000 -4.00000 8.00000
22.50000 -3.00000 -7.00000
22.00000 -3.00000 -7.50000
22.50000 -3.00000 7.00000
22.00000 -3.00000 6.50000
22.50000 -3.00000 8.00000
22.50000 -3.00000 9.00000
22.50000 -3.00000 10.00000
22.00000 -2.00000 -7.50000
22.00000 -2.50000 7.00000
22.00000 -2.50000 8.00000
22.00000 -2.00000 8.50000
22.50000 -2.00000 9.00000
22.50000 -2.00000 10.00000
22.50000 -1.00000 -7.00000
22.00000 -1.00000 -7.50000
22.00000 -1.50000 9.00000
22.00000 -1.00000 9.50000
22.50000 -1.00000 10.00000
22.50000 -1.00000 11.00000
22.00000 0.00000 -7.50000
22.00000 -0.50000 10.00000
22.00000 0.00000 10.50000
22.50000 0.00000 11.00000
22.00000 1.00000 -7.50000
22.50000 1.00000 11.00000
22.00000 1.00000 10.50000
22.50000 2.00000 -10.00000
22.50000 2.00000 -9.00000
22.00000 2.00000 -8.50000
22.00000 1.50000 -8.00000
22.50000 2.00000 11.00000
22.00000 2.00000 10.50000
22.00000 3.00000 -11.50000
22.00000 2.50000 -11.00000
22.00000 2.50000 -10.00000
22.00000 2.50000 -9.00000
22.50000 3.00000 10.00000
22.00000 2.50000 10.00000
22.00000 3.00000 9.50000
22.50000 3.00000 11.00000
22.50000 4.00000 -12.00000
22.00000 4.00000 -12.50000
22.00000 3.50000 -12.00000
22.50000 4.00000 10.00000
22.00000 4.00000 9.50000
22.50000 4.00000 11.00000
22.00000 5.00000 -12.50000
22.50000 5.00000 10.00000
22.00000 5.00000 9.50000
22.50000 5.00000 11.00000
22.50000 6.00000 -12.00000
22.00000 6.00000 -12.50000
22.50000 6.00000 10.00000
22.00000 6.00000 9.50000
22.50000 6.00000 11.00000
22.00000 6.50000 -12.00000
22.00000 7.00000 -11.50000
22.50000 7.00000 10.00000
22.00000 7.00000 9.50000
22.50000 8.00000 -11.00000
22.00000 8.00000 -11.50000
22.50000 8.00000 10.00000
22.00000 8.00000 9.50000
22.50000 9.00000 -11.00000
22.00000 9.00000 -11.50000
22.50000 9.00000 9.00000
22.00000 8.50000 9.00000
22.00000 9.00000 8.50000
22.50000 9.00000 10.00000
22.50000 10.00000 -11.00000
22.00000 10.00000 -11.50000
22.50000 10.00000 9.00000
22.00000 10.00000 8.50000
22.50000 11.00000 -11.00000
22.00000 11.00000 -11.50000
22.50000 11.00000 8.00000
22.00000 10.50000 8.00000
22.00000 11.00000 7.50000
22.50000 11.00000 9.00000
22.50000 12.00000 -11.00000
22.00000 12.00000 -11.50000
22.50000 12.00000 8.00000
22.00000 12.00000 7.50000
22.50000 13.00000 -11.00000
22.00000 13.00000 -11.50000
22.50000 13.00000 7.00000
22.00000 12.50000 7.00000
22.00000 13.00000 6.50000
22.00000 13.50000 -11.00000
22.00000 14.00000 -10.50000
22.50000 14.00000 6.00000
22.00000 13.50000 6.00000
22.00000 14.00000 5.50000
22.50000 14.00000 7.00000
22.50000 15.00000 -10.00000
22.00000 15.00000 -10.50000
22.50000 15.00000 5.00000
22.00000 14.50000 5.00000
22.00000 15.00000 4.50000
22.50000 15.00000 6.00000
22.00000 15.50000 -10.00000
22.00000 16.00000 -9.50000
22.50000 16.00000 4.00000
22.00000 15.50000 4.00000
22.00000 16.00000 3.50000
22.50000 16.00000 5.00000
22.50000 17.00000 -9.00000
22.00000 17.00000 -9.50000
22.50000 17.00000 3.00000
22.00000 16.50000 3.00000
22.00000 17.00000 2.50000
22.50000 17.00000 4.00000
22.00000 17.50000 -9.00000
22.50000 18.00000 -8.00000
22.00000 18.00000 -8.50000
22.50000 18.00000 2.00000
22.00000 17.50000 2.00000
22.00000 18.00000 1.50000
22.50000 18.00000 3.00000
22.00000 18.50000 -8.00000
22.50000 19.00000 -7.00000
22.00000 19.00000 -7.50000
22.50000 19.00000 1.00000
22.00000 18.50000 1.00000
22.00000 19.00000 0.50000
22.00000 19.50000 -7.00000
22.50000 20.00000 -6.00000
22.00000 20.00000 -6.50000
22.50000 20.00000 -1.00000
22.00000 19.50000 -1.00000
22.00000 20.00000 -1.50000
22.00000 19.50000 0.00000
22.00000 20.50000 -6.00000
22.00000 20.50000 -5.00000
22.00000 20.50000 -4.00000
22.00000 20.50000 -3.00000
22.00000 20.50000 -2.00000
21.50000 -29.00000 16.00000
21.00000 -29.00000 15.50000
21.00000 -29.50000 16.00000
21.00000 -29.00000 16.50000
21.50000 -29.00000 18.00000
21.50000 -29.00000 19.00000
21.00000 -28.50000 16.00000
21.00000 -28.00000 16.50000
21.50000 -28.00000 17.00000
21.00000 -28.50000 17.00000
21.00000 -28.50000 18.00000
21.50000 -28.00000 18.00000
21.00000 -28.50000 19.00000
21.50000 -28.00000 19.00000
21.00000 -28.00000 19.50000
21.50000 -27.00000 17.00000
21.00000 -27.00000 16.50000
21.50000 -27.00000 18.00000
21.50000 -27.00000 19.00000
21.00000 -27.50000 20.00000
21.50000 -27.00000 20.00000
21.00000 -27.50000 21.00000
21.50000 -27.00000 21.00000
21.00000 -27.00000 21.50000
21.00000 -26.50000 17.00000
21.50000 -26.00000 18.00000
21.00000 -26.00000 17.50000
21.50000 -26.00000 19.00000
21.50000 -26.00000 20.00000
21.50000 -26.00000 21.00000
21.00000 -26.50000 22.00000
21.50000 -26.00000 22.00000
21.00000 -26.50000 23.00000
21.50000 -26.00000 23.00000
21.00000 -26.00000 23.50000
21.00000 -25.50000 18.00000
21.50000 -25.00000 19.00000
21.00000 -25.00000 18.50000
21.50000 -25.00000 20.00000
21.50000 -25.00000 21.00000
21.50000 -25.00000 22.00000
21.50000 -25.00000 23.00000
21.00000 -25.00000 23.50000
21.00000 -24.50000 19.00000
21.50000 -24.00000 20.00000
21.00000 -24.00000 19.50000
21.50000 -24.00000 21.00000
21.50000 -24.00000 22.00000
21.50000 -24.00000 23.00000
21.00000 -24.00000 23.50000
21.00000 -23.50000 20.00000
21.50000 -23.00000 21.00000
21.00000 -23.00000 20.50000
21.50000 -23.00000 22.00000
21.50000 -23.00000 23.00000
21.00000 -23.00000 23.50000
21.50000 -22.00000 21.00000
21.00000 -22.00000 20.50000
21.50000 -22.00000 22.00000
21.50000 -22.00000 23.00000
21.00000 -22.50000 24.00000
21.50000 -22.00000 24.00000
21.00000 -22.00000 24.50000
21.00000 -21.50000 21.00000
21.50000 -21.00000 22.00000
21.00000 -21.00000 21.50000
21.50000 -21.00000 23.00000
21.50000 -21.00000 24.00000
21.00000 -21.00000 24.50000
21.00000 -20.50000 22.00000
21.50000 -20.00000 23.00000
21.00000 -20.00000 22.50000
21.50000 -20.00000 24.00000
21.00000 -20.00000 24.50000
21.00000 -19.50000 23.00000
21.00000 -19.50000 24.00000
21.50000 -13.00000 -5.00000
21.50000 -13.00000 -4.00000
21.50000 -13.00000 -3.00000
21.50000 -13.00000 -2.00000
21.50000 -13.00000 -1.00000
21.50000 -13.00000 0.00000
21.50000 -12.00000 -6.00000
21.00000 -12.00000 -5.50000
21.00000 -12.50000 -5.00000
21.00000 -12.50000 -4.00000
21.00000 -12.50000 -3.00000
21.00000 -12.50000 -2.00000
21.00000 -12.50000 -1.00000
21.00000 -12.00000 -0.50000
21.50000 -12.00000 0.00000
21.50000 -12.00000 1.00000
21.00000 -11.00000 -6.50000
21.00000 -11.50000 -6.00000
21.50000 -11.00000 0.00000
21.00000 -11.00000 -0.50000
21.50000 -11.00000 1.00000
21.00000 -10.00000 -7.50000
21.00000 -10.50000 -7.00000
21.00000 -10.50000 0.00000
21.00000 -10.00000 0.50000
21.50000 -10.00000 1.00000
21.50000 -10.00000 2.00000
21.50000 -10.00000 3.00000
21.50000 -9.00000 -9.00000
21.00000 -9.00000 -8.50000
21.00000 -9.50000 -8.00000
21.00000 -9.50000 1.00000
21.00000 -9.50000 2.00000
21.00000 -9.00000 2.50000
21.50000 -9.00000 3.00000
21.50000 -9.00000 4.00000
21.50000 -8.00000 -9.00000
21.00000 -8.00000 -8.50000
21.00000 -8.50000 3.00000
21.00000 -8.00000 3.50000
21.50000 -8.00000 4.00000
21.50000 -7.00000 -9.00000
21.00000 -7.00000 -8.50000
21.00000 -7.50000 4.00000
21.00000 -7.50000 5.00000
21.00000 -7.00000 5.50000
21.00000 -6.00000 -8.50000
21.00000 -6.00000 5.50000
21.50000 -5.00000 -8.00000
21.00000 -5.00000 -8.50000
21.00000 -5.50000 6.00000
21.00000 -5.00000 6.50000
21.00000 -4.50000 -8.00000
21.00000 -4.00000 -7.50000
21.00000 -4.00000 6.50000
21.00000 -3.00000 -7.50000
21.00000 -3.00000 6.50000
21.00000 -2.00000 -7.50000
21.50000 -2.00000 7.00000
21.00000 -2.00000 6.50000
21.50000 -2.00000 8.00000
21.00000 -1.00000 -7.50000
21.50000 -1.00000 7.00000
21.00000 -1.00000 6.50000
21.50000 -1.00000 8.00000
21.50000 -1.00000 9.00000
21.00000 0.00000 -7.50000
21.50000 0.00000 7.00000
21.00000 0.00000 6.50000
21.50000 0.00000 8.00000
21.50000 0.00000 9.00000
21.50000 0.00000 10.00000
21.00000 1.00000 -7.50000
21.00000 0.50000 7.00000
21.00000 1.00000 7.50000
21.50000 1.00000 8.00000
21.50000 1.00000 9.00000
21.50000 1.00000 10.00000
21.50000 2.00000 -8.00000
21.00000 2.00000 -7.50000
21.00000 1.50000 8.00000
21.00000 2.00000 8.50000
21.50000 2.00000 9.00000
21.50000 2.00000 10.00000
21.00000 3.00000 -11.50000
21.00000 2.50000 -11.00000
21.00000 2.50000 -10.00000
21.00000 2.50000 -9.00000
21.00000 2.50000 -8.00000
21.50000 3.00000 9.00000
21.00000 3.00000 8.50000
21.00000 4.00000 -12.50000
21.00000 3.50000 -12.00000
21.50000 4.00000 9.00000
21.00000 4.00000 8.50000
21.00000 5.00000 -12.50000
21.50000 5.00000 9.00000
21.00000 5.00000 8.50000
21.00000 6.00000 -12.50000
21.50000 6.00000 9.00000
21.00000 6.00000 8.50000
21.50000 7.00000 -12.00000
21.00000 7.00000 -12.50000
21.50000 7.00000 9.00000
21.00000 7.00000 8.50000
21.50000 8.00000 -12.00000
21.00000 8.00000 -12.50000
21.50000 8.00000 8.00000
21.00000 7.50000 8.00000
21.00000 8.00000 7.50000
21.50000 8.00000 9.00000
21.00000 8.50000 -12.00000
21.00000 9.00000 -11.50000
21.50000 9.00000 8.00000
21.00000 9.00000 7.50000
21.00000 10.00000 -11.50000
21.50000 10.00000 7.00000
21.00000 9.50000 7.00000
21.00000 10.00000 6.50000
21.50000 10.00000 8.00000
21.00000 11.00000 -11.50000
21.50000 11.00000 7.00000
21.00000 11.00000 6.50000
21.00000 12.00000 -11.50000
21.50000 12.00000 6.00000
21.00000 11.50000 6.00000
21.00000 12.00000 5.50000
21.50000 12.00000 7.00000
21.50000 12.00000 16.00000
21.00000 12.00000 15.50000
21.00000 11.50000 16.00000
21.00000 12.00000 16.50000
21.00000 13.00000 -11.50000
21.50000 13.00000 6.00000
21.00000 13.00000 5.50000
21.50000 13.00000 15.00000
21.00000 13.00000 14.50000
21.00000 12.50000 15.00000
21.50000 13.00000 16.00000
21.00000 13.00000 16.50000
21.50000 14.00000 -11.00000
21.00000 14.00000 -11.50000
21.50000 14.00000 4.00000
21.00000 13.50000 4.00000
21.00000 14.00000 3.50000
21.50000 14.00000 5.00000
21.00000 13.50000 5.00000
21.50000 14.00000 14.00000
21.00000 14.00000 13.50000
21.00000 13.50000 14.00000
21.50000 14.00000 15.00000
21.00000 14.00000 15.50000
21.00000 13.50000 16.00000
21.00000 14.50000 -11.00000
21.00000 15.00000 -10.50000
21.50000 15.00000 3.00000
21.00000 14.50000 3.00000
21.00000 15.00000 2.50000
21.50000 15.00000 4.00000
21.50000 15.00000 13.00000
21.00000 15.00000 12.50000
21.00000 14.50000 13.00000
21.50000 15.00000 14.00000
21.00000 15.00000 14.50000
21.00000 14.50000 15.00000
21.50000 16.00000 -10.00000
21.00000 16.00000 -10.50000
21.50000 16.00000 2.00000
21.00000 15.50000 2.00000
21.00000 16.00000 1.50000
21.50000 16.00000 3.00000
21.50000 16.00000 12.00000
21.00000 16.00000 11.50000
21.00000 15.50000 12.00000
21.50000 16.00000 13.00000
21.50000 16.00000 14.00000
21.00000 16.00000 14.50000
21.00000 16.50000 -10.00000
21.00000 17.00000 -9.50000
21.50000 17.00000 1.00000
21.00000 16.50000 1.00000
21.00000 17.00000 0.50000
21.50000 17.00000 2.00000
21.50000 17.00000 11.00000
21.00000 17.00000 10.50000
21.00000 16.50000 11.00000
21.50000 17.00000 12.00000
21.50000 17.00000 13.00000
21.00000 17.00000 13.50000
21.00000 16.50000 14.00000
21.50000 18.00000 -9.00000
21.00000 18.00000 -9.50000
21.50000 18.00000 0.00000
21.00000 17.50000 0.00000
21.00000 18.00000 -0.50000
21.50000 18.00000 1.00000
21.50000 18.00000 10.00000
21.00000 18.00000 9.50000
21.00000 17.50000 10.00000
21.50000 18.00000 11.00000
21.50000 18.00000 12.00000
21.00000 18.00000 12.50000
21.00000 17.50000 13.00000
21.00000 18.50000 -9.00000
21.50000 19.00000 -8.00000
21.00000 19.00000 -8.50000
21.50000 19.00000 -1.00000
21.00000 18.50000 -1.00000
21.00000 19.00000 -1.50000
21.50000 19.00000 0.00000
21.50000 19.00000 8.00000
21.00000 19.00000 7.50000
21.00000 18.50000 8.00000
21.00000 18.50000 9.00000
21.50000 19.00000 9.00000
21.50000 19.00000 10.00000
21.50000 19.00000 11.00000
21.00000 19.00000 11.50000
21.00000 18.50000 12.00000
21.00000 19.50000 -8.00000
21.50000 20.00000 -7.00000
21.00000 20.00000 -7.50000
21.50000 20.00000 -2.00000
21.00000 19.50000 -2.00000
21.00000 20.00000 -2.50000
21.50000 20.00000 6.00000
21.00000 20.00000 5.50000
21.00000 19.50000 6.00000
21.00000 19.50000 7.00000
21.50000 20.00000 7.00000
21.50000 20.00000 8.00000
21.50000 20.00000 9.00000
21.50000 20.00000 10.00000
21.00000 20.00000 10.50000
21.00000 19.50000 11.00000
21.00000 20.50000 -7.00000
21.00000 20.50000 -6.00000
21.50000 21.00000 -5.00000
21.00000 21.00000 -5.50000
21.50000 21.00000 -4.00000
21.00000 21.00000 -3.50000
21.00000 20.50000 -3.00000
21.50000 21.00000 5.00000
21.00000 21.00000 4.50000
21.00000 20.50000 5.00000
21.50000 21.00000 6.00000
21.50000 21.00000 7.00000
21.50000 21.00000 8.00000
21.50000 21.00000 9.00000
21.00000 21.00000 9.50000
21.00000 20.50000 10.00000
21.00000 21.50000 -5.00000
21.00000 21.50000 -4.00000
21.50000 22.00000 3.00000
21.00000 22.00000 2.50000
21.00000 21.50000 3.00000
21.00000 21.50000 4.00000
21.50000 22.00000 4.00000
21.50000 22.00000 5.00000
21.50000 22.00000 6.00000
21.50000 22.00000 7.00000
21.50000 22.00000 8.00000
21.00000 22.00000 8.50000
21.00000 21.50000 9.00000
21.50000 23.00000 3.00000
21.00000 23.00000 2.50000
21.50000 23.00000 4.00000
21.50000 23.00000 5.00000
21.00000 23.00000 5.50000
21.00000 22.50000 6.00000
21.00000 22.50000 7.00000
21.00000 22.50000 8.00000
21.00000 23.50000 3.00000
21.00000 23.50000 4.00000
21.00000 23.50000 5.00000
20.50000 -29.00000 16.00000
20.00000 -28.00000 15.50000
20.50000 -28.00000 16.00000
20.00000 -28.50000 16.00000
20.00000 -28.00000 16.50000
20.50000 -28.00000 17.00000
20.50000 -28.00000 18.00000
20.50000 -28.00000 19.00000
20.00000 -27.50000 16.00000
20.00000 -27.50000 17.00000
20.00000 -27.00000 16.50000
20.00000 -27.50000 18.00000
20.00000 -27.50000 19.00000
20.50000 -27.00000 20.00000
20.00000 -27.00000 19.50000
20.50000 -27.00000 21.00000
20.50000 -26.00000 17.00000
20.00000 -26.00000 16.50000
20.00000 -26.50000 20.00000
20.00000 -26.50000 21.00000
20.50000 -26.00000 22.00000
20.00000 -26.00000 21.50000
20.50000 -26.00000 23.00000
20.00000 -25.50000 17.00000
20.50000 -25.00000 18.00000
20.00000 -25.00000 17.50000
20.00000 -25.50000 22.00000
20.00000 -25.00000 22.50000
20.50000 -25.00000 23.00000
20.00000 -24.50000 18.00000
20.50000 -24.00000 19.00000
20.00000 -24.00000 18.50000
20.00000 -24.50000 23.00000
20.00000 -24.00000 23.50000
20.50000 -23.00000 19.00000
20.00000 -23.00000 18.50000
20.50000 -23.00000 20.00000
20.00000 -23.50000 24.00000
20.50000 -23.00000 24.00000
20.00000 -23.00000 24.50000
20.00000 -22.50000 19.00000
20.50000 -22.00000 20.00000
20.00000 -22.00000 19.50000
20.00000 -22.50000 25.00000
20.50000 -22.00000 25.00000
20.00000 -22.00000 25.50000
20.00000 -21.50000 20.00000
20.50000 -21.00000 21.00000
20.00000 -21.00000 20.50000
20.50000 -21.00000 25.00000
20.00000 -21.00000 25.50000
20.50000 -20.00000 21.00000
20.00000 -20.00000 20.50000
20.50000 -20.00000 22.00000
20.50000 -20.00000 25.00000
20.00000 -20.00000 25.50000
20.00000 -19.50000 21.00000
20.50000 -19.00000 22.00000
20.00000 -19.00000 21.50000
20.50000 -19.00000 23.00000
20.50000 -19.00000 24.00000
20.50000 -19.00000 25.00000
20.00000 -19.00000 25.50000
20.50000 -18.00000 22.00000
20.00000 -18.00000 21.50000
20.50000 -18.00000 23.00000
20.50000 -18.00000 24.00000
20.50000 -18.00000 25.00000
20.00000 -18.00000 25.50000
20.50000 -17.00000 22.00000
20.00000 -17.00000 21.50000
20.50000 -17.00000 23.00000
20.50000 -17.00000 24.00000
20.50000 -17.00000 25.00000
20.00000 -17.00000 25.50000
20.00000 -16.50000 22.00000
20.50000 -16.00000 23.00000
20.00000 -16.00000 22.50000
20.50000 -16.00000 24.00000
20.50000 -16.00000 25.00000
20.00000 -16.00000 25.50000
20.50000 -15.00000 23.00000
20.00000 -15.00000 22.50000
20.50000 -15.00000 24.00000
20.50000 -15.00000 25.00000
20.00000 -15.00000 25.50000
20.50000 -14.00000 23.00000
20.00000 -14.00000 22.50000
20.50000 -14.00000 24.00000
20.50000 -14.00000 25.00000
20.00000 -14.00000 25.50000
20.50000 -13.00000 23.00000
20.00000 -13.00000 22.50000
20.50000 -13.00000 24.00000
20.50000 -13.00000 25.00000
20.00000 -13.00000 25.50000
20.50000 -12.00000 -5.00000
20.50000 -12.00000 -4.00000
20.50000 -12.00000 -3.00000
20.50000 -12.00000 -2.00000
20.50000 -12.00000 -1.00000
20.50000 -12.00000 23.00000
20.00000 -12.00000 22.50000
20.50000 -12.00000 24.00000
20.50000 -12.00000 25.00000
20.00000 -12.00000 25.50000
20.50000 -11.00000 -6.00000
20.50000 -11.00000 -5.00000
20.50000 -11.00000 -4.00000
20.50000 -11.00000 -3.00000
20.50000 -11.00000 -2.00000
20.50000 -11.00000 -1.00000
20.50000 -11.00000 23.00000
20.00000 -11.00000 22.50000
20.50000 -11.00000 24.00000
20.50000 -11.00000 25.00000
20.00000 -11.00000 25.50000
20.50000 -10.00000 -7.00000
20.50000 -10.00000 -6.00000
20.50000 -10.00000 -5.00000
20.50000 -10.00000 -4.00000
20.50000 -10.00000 -3.00000
20.50000 -10.00000 -2.00000
20.50000 -10.00000 -1.00000
20.50000 -10.00000 0.00000
20.50000 -10.00000 23.00000
20.00000 -10.00000 22.50000
20.50000 -10.00000 24.00000
20.50000 -10.00000 25.00000
20.00000 -10.00000 25.50000
20.50000 -9.00000 -8.00000
20.00000 -9.00000 -7.50000
20.00000 -9.50000 -7.00000
20.00000 -9.50000 -6.00000
20.00000 -9.50000 -5.00000
20.00000 -9.50000 -4.00000
20.00000 -9.50000 -3.00000
20.00000 -9.50000 -2.00000
20.00000 -9.00000 -1.50000
20.50000 -9.00000 -1.00000
20.50000 -9.00000 0.00000
20.50000 -9.00000 1.00000
20.50000 -9.00000 2.00000
20.00000 -9.50000 23.00000
20.50000 -9.00000 24.00000
20.00000 -9.00000 23.50000
20.00000 -9.00000 24.50000
20.00000 -9.50000 25.00000
20.00000 -8.00000 -8.50000
20.00000 -8.50000 -8.00000
20.00000 -8.50000 -1.00000
20.00000 -8.50000 0.00000
20.00000 -8.50000 1.00000
20.00000 -8.00000 1.50000
20.50000 -8.00000 2.00000
20.50000 -8.00000 3.00000
20.50000 -8.00000 24.00000
20.00000 -8.00000 23.50000
20.00000 -8.00000 24.50000
20.00000 -7.00000 -8.50000
20.00000 -7.50000 2.00000
20.00000 -7.50000 3.00000
20.50000 -7.00000 4.00000
20.00000 -7.00000 3.50000
20.50000 -7.00000 5.00000
20.50000 -7.00000 23.00000
20.00000 -7.00000 22.50000
20.00000 -7.50000 23.00000
20.50000 -7.00000 24.00000
20.00000 -7.00000 24.50000
20.00000 -6.00000 -8.50000
20.00000 -6.50000 4.00000
20.00000 -6.00000 4.50000
20.50000 -6.00000 5.00000
20.50000 -6.00000 23.00000
20.00000 -6.00000 22.50000
20.50000 -6.00000 24.00000
20.00000 -6.00000 24.50000
20.00000 -5.00000 -8.50000
20.00000 -5.50000 5.00000
20.50000 -5.00000 6.00000
20.00000 -5.00000 5.50000
20.50000 -5.00000 23.00000
20.00000 -5.00000 22.50000
20.50000 -5.00000 24.00000
20.00000 -5.00000 24.50000
20.50000 -4.00000 -8.00000
20.00000 -4.00000 -8.50000
20.00000 -4.50000 6.00000
20.00000 -4.00000 6.50000
20.00000 -4.50000 23.00000
20.00000 -4.50000 24.00000
20.50000 -3.00000 -8.00000
20.00000 -3.00000 -8.50000
20.00000 -3.00000 6.50000
20.50000 -2.00000 -8.00000
20.00000 -2.00000 -8.50000
20.00000 -2.00000 6.50000
20.50000 -1.00000 -8.00000
20.00000 -1.00000 -8.50000
20.00000 -1.00000 6.50000
20.50000 -1.00000 22.00000
20.00000 -1.00000 21.50000
20.00000 -1.50000 22.00000
20.00000 -1.00000 22.50000
20.50000 0.00000 -8.00000
20.00000 0.00000 -8.50000
20.00000 0.00000 6.50000
20.50000 0.00000 21.00000
20.00000 0.00000 20.50000
20.00000 -0.50000 21.00000
20.50000 0.00000 22.00000
20.00000 0.00000 22.50000
20.00000 0.50000 -8.00000
20.00000 1.00000 -7.50000
20.50000 1.00000 7.00000
20.00000 1.00000 6.50000
20.50000 1.00000 20.00000
20.00000 1.00000 19.50000
20.00000 0.50000 20.00000
20.50000 1.00000 21.00000
20.50000 1.00000 22.00000
20.00000 1.00000 22.50000
20.00000 1.50000 -7.00000
20.50000 2.00000 -7.00000
20.00000 2.00000 -6.50000
20.50000 2.00000 6.00000
20.00000 1.50000 6.00000
20.00000 2.00000 5.50000
20.50000 2.00000 7.00000
20.50000 2.00000 8.00000
20.50000 2.00000 20.00000
20.00000 2.00000 19.50000
20.50000 2.00000 21.00000
20.50000 2.00000 22.00000
20.00000 2.00000 22.50000
20.00000 3.00000 -11.50000
20.00000 2.50000 -11.00000
20.00000 2.50000 -10.00000
20.00000 2.50000 -9.00000
20.00000 2.50000 -8.00000
20.00000 2.50000 -7.00000
20.00000 2.50000 6.00000
20.00000 2.50000 7.00000
20.00000 3.00000 7.50000
20.50000 3.00000 8.00000
20.50000 3.00000 19.00000
20.00000 3.00000 18.50000
20.00000 2.50000 19.00000
20.50000 3.00000 20.00000
20.50000 3.00000 21.00000
20.50000 3.00000 22.00000
20.00000 3.00000 22.50000
20.00000 4.00000 -12.50000
20.00000 3.50000 -12.00000
20.50000 4.00000 8.00000
20.00000 4.00000 7.50000
20.50000 4.00000 19.00000
20.00000 4.00000 18.50000
20.50000 4.00000 20.00000
20.50000 4.00000 21.00000
20.00000 4.00000 21.50000
20.00000 3.50000 22.00000
20.00000 5.00000 -12.50000
20.50000 5.00000 8.00000
20.00000 5.00000 7.50000
20.50000 5.00000 18.00000
20.00000 5.00000 17.50000
20.00000 4.50000 18.00000
20.50000 5.00000 19.00000
20.50000 5.00000 20.00000
20.50000 5.00000 21.00000
20.00000 5.00000 21.50000
20.50000 6.00000 -13.00000
20.00000 6.00000 -13.50000
20.00000 5.50000 -13.00000
20.50000 6.00000 7.00000
20.00000 5.50000 7.00000
20.00000 6.00000 6.50000
20.50000 6.00000 8.00000
20.50000 6.00000 18.00000
20.00000 6.00000 17.50000
20.50000 6.00000 19.00000
20.50000 6.00000 20.00000
20.50000 6.00000 21.00000
20.00000 6.00000 21.50000
20.50000 7.00000 -13.00000
20.00000 7.00000 -13.50000
20.50000 7.00000 7.00000
20.00000 7.00000 6.50000
20.50000 7.00000 8.00000
20.50000 7.00000 17.00000
20.00000 7.00000 16.50000
20.00000 6.50000 17.00000
20.50000 7.00000 18.00000
20.50000 7.00000 19.00000
20.50000 7.00000 20.00000
20.00000 7.00000 20.50000
20.00000 6.50000 21.00000
20.00000 7.50000 -13.00000
20.00000 8.00000 -12.50000
20.50000 8.00000 7.00000
20.00000 8.00000 6.50000
20.50000 8.00000 16.00000
20.00000 8.00000 15.50000
20.00000 7.50000 16.00000
20.50000 8.00000 17.00000
20.50000 8.00000 18.00000
20.50000 8.00000 19.00000
20.50000 8.00000 20.00000
20.00000 8.00000 20.50000
20.50000 9.00000 -12.00000
20.00000 9.00000 -12.50000
20.50000 9.00000 6.00000
20.00000 8.50000 6.00000
20.00000 9.00000 5.50000
20.50000 9.00000 7.00000
20.50000 9.00000 16.00000
20.00000 9.00000 15.50000
20.50000 9.00000 17.00000
20.50000 9.00000 18.00000
20.50000 9.00000 19.00000
20.00000 9.00000 19.50000
20.00000 8.50000 20.00000
20.50000 10.00000 -12.00000
20.00000 10.00000 -12.50000
20.50000 10.00000 6.00000
20.00000 10.00000 5.50000
20.50000 10.00000 15.00000
20.00000 10.00000 14.50000
20.00000 9.50000 15.00000
20.50000 10.00000 16.00000
20.50000 10.00000 17.00000
20.50000 10.00000 18.00000
20.50000 10.00000 19.00000
20.00000 10.00000 19.50000
20.50000 11.00000 -12.00000
20.00000 11.00000 -12.50000
20.50000 11.00000 6.00000
20.00000 11.00000 5.50000
20.50000 11.00000 14.00000
20.00000 11.00000 13.50000
20.00000 10.50000 14.00000
20.50000 11.00000 15.00000
20.50000 11.00000 16.00000
20.50000 11.00000 17.00000
20.50000 11.00000 18.00000
20.00000 11.00000 18.50000
20.00000 10.50000 19.00000
20.00000 11.50000 -12.00000
20.00000 12.00000 -11.50000
20.50000 12.00000 5.00000
20.00000 11.50000 5.00000
20.00000 12.00000 4.50000
20.50000 12.00000 13.00000
20.00000 12.00000 12.50000
20.00000 11.50000 13.00000
20.50000 12.00000 14.00000
20.50000 12.00000 15.00000
20.50000 12.00000 17.00000
20.50000 12.00000 18.00000
20.00000 12.00000 18.50000
20.00000 13.00000 -11.50000
20.50000 13.00000 4.00000
20.00000 12.50000 4.00000
20.00000 13.00000 3.50000
20.50000 13.00000 5.00000
20.50000 13.00000 12.00000
20.00000 13.00000 11.50000
20.00000 12.50000 12.00000
20.50000 13.00000 13.00000
20.50000 13.00000 14.00000
20.50000 13.00000 17.00000
20.00000 13.00000 17.50000
20.00000 12.50000 18.00000
20.00000 14.00000 -11.50000
20.50000 14.00000 3.00000
20.00000 13.50000 3.00000
20.00000 14.00000 2.50000
20.50000 14.00000 12.00000
20.00000 14.00000 11.50000
20.50000 14.00000 13.00000
20.50000 14.00000 16.00000
20.50000 14.00000 17.00000
20.00000 14.00000 17.50000
20.50000 15.00000 -11.00000
20.00000 15.00000 -11.50000
20.50000 15.00000 2.00000
20.00000 14.50000 2.00000
20.00000 15.00000 1.50000
20.50000 15.00000 11.00000
20.00000 15.00000 10.50000
20.00000 14.50000 11.00000
20.50000 15.00000 12.00000
20.50000 15.00000 15.00000
20.50000 15.00000 16.00000
20.00000 15.00000 16.50000
20.00000 14.50000 17.00000
20.00000 15.50000 -11.00000
20.00000 16.00000 -10.50000
20.50000 16.00000 1.00000
20.00000 15.50000 1.00000
20.00000 16.00000 0.50000
20.50000 16.00000 10.00000
20.00000 16.00000 9.50000
20.00000 15.50000 10.00000
20.50000 16.00000 11.00000
20.50000 16.00000 15.00000
20.50000 16.00000 16.00000
20.00000 16.00000 16.50000
20.50000 17.00000 -10.00000
20.00000 17.00000 -10.50000
20.50000 17.00000 0.00000
20.00000 16.50000 0.00000
20.00000 17.00000 -0.50000
20.50000 17.00000 8.00000
20.00000 17.00000 7.50000
20.00000 16.50000 8.00000
20.00000 16.50000 9.00000
20.50000 17.00000 9.00000
20.50000 17.00000 10.00000
20.50000 17.00000 14.00000
20.50000 17.00000 15.00000
20.00000 17.00000 15.50000
20.00000 16.50000 16.00000
20.00000 17.50000 -10.00000
20.00000 18.00000 -9.50000
20.50000 18.00000 -1.00000
20.00000 17.50000 -1.00000
20.00000 18.00000 -1.50000
20.50000 18.00000 7.00000
20.00000 18.00000 6.50000
20.00000 17.50000 7.00000
20.50000 18.00000 8.00000
20.50000 18.00000 9.00000
20.50000 18.00000 13.00000
20.50000 18.00000 14.00000
20.00000 18.00000 14.50000
20.00000 17.50000 15.00000
20.50000 19.00000 -9.00000
20.00000 19.00000 -9.50000
20.50000 19.00000 -2.00000
20.00000 18.50000 -2.00000
20.00000 19.00000 -2.50000
20.50000 19.00000 5.00000
20.00000 19.00000 4.50000
20.00000 18.50000 5.00000
20.00000 18.50000 6.00000
20.50000 19.00000 6.00000
20.50000 19.00000 7.00000
20.50000 19.00000 12.00000
20.50000 19.00000 13.00000
20.00000 19.00000 13.50000
20.00000 18.50000 14.00000
20.00000 19.50000 -9.00000
20.00000 19.50000 -8.00000
20.00000 20.00000 -7.50000
20.50000 20.00000 -3.00000
20.00000 19.50000 -3.00000
20.00000 20.00000 -3.50000
20.50000 20.00000 4.00000
20.00000 20.00000 3.50000
20.00000 19.50000 4.00000
20.50000 20.00000 5.00000
20.50000 20.00000 11.00000
20.50000 20.00000 12.00000
20.00000 20.00000 12.50000
20.00000 19.50000 13.00000
20.00000 20.50000 -7.00000
20.50000 21.00000 -6.00000
20.00000 21.00000 -6.50000
20.50000 21.00000 -4.00000
20.00000 20.50000 -4.00000
20.00000 21.00000 -4.50000
20.50000 21.00000 2.00000
20.00000 21.00000 1.50000
20.00000 20.50000 2.00000
20.00000 20.50000 3.00000
20.50000 21.00000 3.00000
20.50000 21.00000 4.00000
20.50000 21.00000 10.00000
20.50000 21.00000 11.00000
20.00000 21.00000 11.50000
20.00000 20.50000 12.00000
20.00000 21.50000 -6.00000
20.00000 21.50000 -5.00000
20.50000 22.00000 0.00000
20.00000 22.00000 -0.50000
20.00000 21.50000 0.00000
20.00000 21.50000 1.00000
20.50000 22.00000 1.00000
20.50000 22.00000 2.00000
20.50000 22.00000 9.00000
20.50000 22.00000 10.00000
20.00000 22.00000 10.50000
20.00000 21.50000 11.00000
20.50000 23.00000 -1.00000
20.00000 23.00000 -1.50000
20.00000 22.50000 -1.00000
20.50000 23.00000 0.00000
20.50000 23.00000 1.00000
20.50000 23.00000 2.00000
20.50000 23.00000 6.00000
20.50000 23.00000 7.00000
20.50000 23.00000 8.00000
20.00000 23.00000 8.50000
20.00000 22.50000 9.00000
20.00000 22.50000 10.00000
20.00000 23.50000 -1.00000
20.50000 24.00000 0.00000
20.00000 24.00000 -0.50000
20.50000 24.00000 1.00000
20.50000 24.00000 2.00000
20.50000 24.00000 3.00000
20.50000 24.00000 4.00000
20.50000 24.00000 5.00000
20.50000 24.00000 6.00000
20.50000 24.00000 7.00000
20.00000 24.00000 7.50000
20.00000 23.50000 8.00000
20.00000 24.50000 0.00000
20.00000 24.50000 1.00000
20.50000 25.00000 2.00000
20.00000 25.00000 1.50000
20.50000 25.00000 3.00000
20.50000 25.00000 4.00000
20.50000 25.00000 5.00000
20.00000 25.00000 5.50000
20.00000 24.50000 6.00000
20.00000 24.50000 7.00000
20.00000 25.50000 2.00000
20.00000 25.50000 3.00000
20.00000 25.50000 4.00000
20.00000 25.50000 5.00000
19.50000 -28.00000 16.00000
19.00000 -27.00000 15.50000
19.50000 -27.00000 16.00000
19.00000 -27.50000 16.00000
19.00000 -27.00000 16.50000
19.50000 -27.00000 17.00000
19.50000 -27.00000 18.00000
19.50000 -27.00000 19.00000
19.00000 -26.50000 16.00000
19.00000 -26.50000 17.00000
19.00000 -26.00000 16.50000
19.00000 -26.50000 18.00000
19.00000 -26.00000 18.50000
19.50000 -26.00000 19.00000
19.50000 -26.00000 20.00000
19.50000 -26.00000 21.00000
19.00000 -25.50000 17.00000
19.00000 -25.00000 17.50000
19.00000 -25.50000 19.00000
19.00000 -25.50000 20.00000
19.00000 -25.00000 20.50000
19.50000 -25.00000 21.00000
19.50000 -25.00000 22.00000
19.50000 -24.00000 18.00000
19.00000 -24.00000 17.50000
19.00000 -24.50000 21.00000
19.00000 -24.00000 21.50000
19.50000 -24.00000 22.00000
19.50000 -24.00000 23.00000
19.50000 -23.00000 18.00000
19.00000 -23.00000 17.50000
19.00000 -23.50000 22.00000
19.00000 -23.50000 23.00000
19.50000 -23.00000 24.00000
19.00000 -23.00000 23.50000
19.00000 -22.50000 18.00000
19.50000 -22.00000 19.00000
19.00000 -22.00000 18.50000
19.50000 -22.00000 24.00000
19.00000 -22.00000 23.50000
19.50000 -22.00000 25.00000
19.00000 -21.50000 19.00000
19.50000 -21.00000 20.00000
19.00000 -21.00000 19.50000
19.00000 -21.50000 24.00000
19.00000 -21.00000 24.50000
19.50000 -21.00000 25.00000
19.50000 -20.00000 20.00000
19.00000 -20.00000 19.50000
19.00000 -20.50000 25.00000
19.00000 -20.00000 25.50000
19.00000 -19.50000 20.00000
19.50000 -19.00000 21.00000
19.00000 -19.00000 20.50000
19.00000 -19.00000 25.50000
19.50000 -18.00000 21.00000
19.00000 -18.00000 20.50000
19.00000 -18.50000 26.00000
19.50000 -18.00000 26.00000
19.00000 -18.00000 26.50000
19.50000 -17.00000 21.00000
19.00000 -17.00000 20.50000
19.50000 -17.00000 26.00000
19.00000 -17.00000 26.50000
19.50000 -16.00000 21.00000
19.00000 -16.00000 20.50000
19.50000 -16.00000 22.00000
19.50000 -16.00000 26.00000
19.00000 -16.00000 26.50000
19.50000 -15.00000 21.00000
19.00000 -15.00000 20.50000
19.50000 -15.00000 22.00000
19.50000 -15.00000 26.00000
19.00000 -15.00000 26.50000
19.00000 -14.50000 21.00000
19.50000 -14.00000 22.00000
19.00000 -14.00000 21.50000
19.50000 -14.00000 26.00000
19.00000 -14.00000 26.50000
19.50000 -13.00000 22.00000
19.00000 -13.00000 21.50000
19.50000 -13.00000 26.00000
19.00000 -13.00000 26.50000
19.50000 -12.00000 22.00000
19.00000 -12.00000 21.50000
19.50000 -12.00000 26.00000
19.00000 -12.00000 26.50000
19.50000 -11.00000 22.00000
19.00000 -11.00000 21.50000
19.50000 -11.00000 26.00000
19.00000 -11.00000 26.50000
19.50000 -10.00000 22.00000
19.00000 -10.00000 21.50000
19.50000 -10.00000 26.00000
19.00000 -10.00000 26.50000
19.50000 -9.00000 -7.00000
19.50000 -9.00000 -6.00000
19.50000 -9.00000 -5.00000
19.50000 -9.00000 -4.00000
19.50000 -9.00000 -3.00000
19.50000 -9.00000 -2.00000
19.50000 -9.00000 22.00000
19.00000 -9.00000 21.50000
19.50000 -9.00000 23.00000
19.50000 -9.00000 25.00000
19.50000 -9.00000 26.00000
19.00000 -9.00000 26.50000
19.00000 -8.00000 -8.50000
19.00000 -8.50000 -8.00000
19.00000 -8.50000 -7.00000
19.00000 -8.50000 -6.00000
19.00000 -8.50000 -5.00000
19.00000 -8.50000 -4.00000
19.00000 -8.50000 -3.00000
19.00000 -8.50000 -2.00000
19.50000 -8.00000 -1.00000
19.00000 -8.00000 -1.50000
19.50000 -8.00000 0.00000
19.50000 -8.00000 1.00000
19.50000 -8.00000 22.00000
19.00000 -8.00000 21.50000
19.50000 -8.00000 23.00000
19.50000 -8.00000 25.00000
19.50000 -8.00000 26.00000
19.00000 -8.00000 26.50000
19.00000 -7.00000 -8.50000
19.00000 -7.50000 -1.00000
19.00000 -7.50000 0.00000
19.00000 -7.50000 1.00000
19.50000 -7.00000 2.00000
19.00000 -7.00000 1.50000
19.50000 -7.00000 3.00000
19.50000 -7.00000 21.00000
19.00000 -7.00000 20.50000
19.00000 -7.50000 21.00000
19.50000 -7.00000 22.00000
19.50000 -7.00000 25.00000
19.50000 -7.00000 26.00000
19.00000 -7.00000 26.50000
19.50000 -6.00000 -9.00000
19.00000 -6.00000 -9.50000
19.00000 -6.50000 -9.00000
19.00000 -6.50000 2.00000
19.00000 -6.00000 2.50000
19.50000 -6.00000 3.00000
19.50000 -6.00000 4.00000
19.50000 -6.00000 21.00000
19.00000 -6.00000 20.50000
19.50000 -6.00000 22.00000
19.50000 -6.00000 25.00000
19.00000 -6.00000 25.50000
19.00000 -6.50000 26.00000
19.00000 -5.50000 -9.00000
19.00000 -5.00000 -8.50000
19.00000 -5.50000 3.00000
19.00000 -5.50000 4.00000
19.50000 -5.00000 5.00000
19.00000 -5.00000 4.50000
19.50000 -5.00000 21.00000
19.00000 -5.00000 20.50000
19.50000 -5.00000 22.00000
19.50000 -5.00000 25.00000
19.00000 -5.00000 25.50000
19.00000 -4.00000 -8.50000
19.00000 -4.50000 5.00000
19.50000 -4.00000 6.00000
19.00000 -4.00000 5.50000
19.50000 -4.00000 21.00000
19.00000 -4.00000 20.50000
19.50000 -4.00000 22.00000
19.50000 -4.00000 23.00000
19.50000 -4.00000 24.00000
19.50000 -4.00000 25.00000
19.00000 -4.00000 25.50000
19.00000 -3.00000 -8.50000
19.00000 -3.50000 6.00000
19.00000 -3.00000 6.50000
19.50000 -3.00000 21.00000
19.00000 -3.00000 20.50000
19.50000 -3.00000 22.00000
19.50000 -3.00000 23.00000
19.50000 -3.00000 24.00000
19.50000 -3.00000 25.00000
19.00000 -3.00000 25.50000
19.00000 -2.00000 -8.50000
19.00000 -2.00000 6.50000
19.50000 -2.00000 20.00000
19.00000 -2.00000 19.50000
19.00000 -2.50000 20.00000
19.50000 -2.00000 21.00000
19.50000 -2.00000 22.00000
19.50000 -2.00000 23.00000
19.50000 -2.00000 24.00000
19.00000 -2.00000 24.50000
19.00000 -2.50000 25.00000
19.00000 -1.00000 -8.50000
19.00000 -1.00000 6.50000
19.50000 -1.00000 20.00000
19.00000 -1.00000 19.50000
19.50000 -1.00000 21.00000
19.50000 -1.00000 23.00000
19.50000 -1.00000 24.00000
19.00000 -1.00000 24.50000
19.00000 0.00000 -8.50000
19.50000 0.00000 6.00000
19.00000 -0.50000 6.00000
19.00000 0.00000 5.50000
19.50000 0.00000 19.00000
19.00000 0.00000 18.50000
19.00000 -0.50000 19.00000
19.50000 0.00000 20.00000
19.50000 0.00000 23.00000
19.50000 0.00000 24.00000
19.00000 0.00000 24.50000
19.00000 0.50000 -8.00000
19.00000 1.00000 -7.50000
19.50000 1.00000 6.00000
19.00000 1.00000 5.50000
19.50000 1.00000 19.00000
19.00000 1.00000 18.50000
19.50000 1.00000 23.00000
19.50000 1.00000 24.00000
19.00000 1.00000 24.50000
19.50000 2.00000 -7.00000
19.00000 2.00000 -7.50000
19.00000 2.00000 5.50000
19.50000 2.00000 18.00000
19.00000 2.00000 17.50000
19.00000 1.50000 18.00000
19.50000 2.00000 19.00000
19.50000 2.00000 23.00000
19.00000 2.00000 23.50000
19.00000 1.50000 24.00000
19.00000 3.00000 -11.50000
19.00000 2.50000 -11.00000
19.00000 2.50000 -10.00000
19.00000 2.50000 -9.00000
19.50000 3.00000 -8.00000
19.00000 3.00000 -8.50000
19.00000 2.50000 -7.00000
19.50000 3.00000 -7.00000
19.00000 3.00000 -6.50000
19.50000 3.00000 5.00000
19.00000 2.50000 5.00000
19.00000 3.00000 4.50000
19.50000 3.00000 6.00000
19.50000 3.00000 7.00000
19.50000 3.00000 18.00000
19.00000 3.00000 17.50000
19.50000 3.00000 23.00000
19.00000 3.00000 23.50000
19.00000 4.00000 -12.50000
19.00000 3.50000 -12.00000
19.00000 3.50000 -8.00000
19.00000 3.50000 -7.00000
19.50000 4.00000 5.00000
19.00000 4.00000 4.50000
19.50000 4.00000 6.00000
19.50000 4.00000 7.00000
19.50000 4.00000 17.00000
19.00000 4.00000 16.50000
19.00000 3.50000 17.00000
19.50000 4.00000 18.00000
19.50000 4.00000 22.00000
19.50000 4.00000 23.00000
19.00000 4.00000 23.50000
19.50000 5.00000 -13.00000
19.00000 5.00000 -13.50000
19.00000 4.50000 -13.00000
19.50000 5.00000 5.00000
19.00000 5.00000 4.50000
19.50000 5.00000 6.00000
19.50000 5.00000 7.00000
19.50000 5.00000 17.00000
19.00000 5.00000 16.50000
19.50000 5.00000 22.00000
19.00000 5.00000 22.50000
19.00000 4.50000 23.00000
19.00000 6.00000 -13.50000
19.50000 6.00000 5.00000
19.00000 6.00000 4.50000
19.50000 6.00000 6.00000
19.50000 6.00000 16.00000
19.00000 6.00000 15.50000
19.00000 5.50000 16.00000
19.50000 6.00000 17.00000
19.50000 6.00000 22.00000
19.00000 6.00000 22.50000
19.00000 7.00000 -13.50000
19.50000 7.00000 5.00000
19.00000 7.00000 4.50000
19.50000 7.00000 6.00000
19.50000 7.00000 16.00000
19.00000 7.00000 15.50000
19.50000 7.00000 21.00000
19.00000 7.00000 21.50000
19.00000 6.50000 22.00000
19.50000 8.00000 -13.00000
19.00000 8.00000 -13.50000
19.50000 8.00000 5.00000
19.00000 8.00000 4.50000
19.50000 8.00000 6.00000
19.50000 8.00000 15.00000
19.00000 8.00000 14.50000
19.00000 7.50000 15.00000
19.50000 8.00000 21.00000
19.00000 8.00000 21.50000
19.00000 8.50000 -13.00000
19.00000 9.00000 -12.50000
19.50000 9.00000 5.00000
19.00000 9.00000 4.50000
19.50000 9.00000 14.00000
19.00000 9.00000 13.50000
19.00000 8.50000 14.00000
19.50000 9.00000 15.00000
19.50000 9.00000 20.00000
19.00000 9.00000 20.50000
19.00000 8.50000 21.00000
19.00000 10.00000 -12.50000
19.50000 10.00000 4.00000
19.00000 9.50000 4.00000
19.00000 10.00000 3.50000
19.50000 10.00000 5.00000
19.50000 10.00000 14.00000
19.00000 10.00000 13.50000
19.50000 10.00000 20.00000
19.00000 10.00000 20.50000
19.00000 11.00000 -12.50000
19.50000 11.00000 3.00000
19.00000 10.50000 3.00000
19.00000 11.00000 2.50000
19.50000 11.00000 4.00000
19.50000 11.00000 5.00000
19.50000 11.00000 13.00000
19.00000 11.00000 12.50000
19.00000 10.50000 13.00000
19.50000 11.00000 19.00000
19.00000 11.00000 19.50000
19.00000 10.50000 20.00000
19.50000 12.00000 -12.00000
19.00000 12.00000 -12.50000
19.50000 12.00000 3.00000
19.00000 12.00000 2.50000
19.50000 12.00000 4.00000
19.50000 12.00000 12.00000
19.00000 12.00000 11.50000
19.00000 11.50000 12.00000
19.50000 12.00000 19.00000
19.00000 12.00000 19.50000
19.00000 12.50000 -12.00000
19.00000 13.00000 -11.50000
19.50000 13.00000 2.00000
19.00000 12.50000 2.00000
19.00000 13.00000 1.50000
19.50000 13.00000 3.00000
19.50000 13.00000 11.00000
19.00000 13.00000 10.50000
19.00000 12.50000 11.00000
19.50000 13.00000 18.00000
19.00000 13.00000 18.50000
19.00000 12.50000 19.00000
19.00000 14.00000 -11.50000
19.50000 14.00000 1.00000
19.00000 13.50000 1.00000
19.00000 14.00000 0.50000
19.50000 14.00000 2.00000
19.50000 14.00000 10.00000
19.00000 14.00000 9.50000
19.00000 13.50000 10.00000
19.50000 14.00000 11.00000
19.50000 14.00000 18.00000
19.00000 14.00000 18.50000
19.00000 15.00000 -11.50000
19.50000 15.00000 0.00000
19.00000 14.50000 0.00000
19.00000 15.00000 -0.50000
19.50000 15.00000 1.00000
19.50000 15.00000 9.00000
19.00000 15.00000 8.50000
19.00000 14.50000 9.00000
19.50000 15.00000 10.00000
19.50000 15.00000 17.00000
19.00000 15.00000 17.50000
19.00000 14.50000 18.00000
19.50000 16.00000 -11.00000
19.00000 16.00000 -11.50000
19.50000 16.00000 -1.00000
19.00000 15.50000 -1.00000
19.00000 16.00000 -1.50000
19.50000 16.00000 0.00000
19.50000 16.00000 7.00000
19.00000 16.00000 6.50000
19.00000 15.50000 7.00000
19.00000 15.50000 8.00000
19.50000 16.00000 8.00000
19.50000 16.00000 9.00000
19.00000 15.50000 17.00000
19.00000 16.00000 16.50000
19.00000 16.50000 -11.00000
19.00000 17.00000 -10.50000
19.50000 17.00000 -2.00000
19.00000 16.50000 -2.00000
19.00000 17.00000 -2.50000
19.50000 17.00000 -1.00000
19.50000 17.00000 6.00000
19.00000 17.00000 5.50000
19.00000 16.50000 6.00000
19.50000 17.00000 7.00000
19.50000 17.00000 16.00000
19.00000 17.00000 16.50000
19.50000 18.00000 -10.00000
19.00000 18.00000 -10.50000
19.50000 18.00000 -3.00000
19.00000 17.50000 -3.00000
19.00000 18.00000 -3.50000
19.50000 18.00000 -2.00000
19.50000 18.00000 5.00000
19.00000 18.00000 4.50000
19.00000 17.50000 5.00000
19.50000 18.00000 6.00000
19.50000 18.00000 15.00000
19.00000 18.00000 15.50000
19.00000 17.50000 16.00000
19.00000 18.50000 -10.00000
19.00000 19.00000 -9.50000
19.50000 19.00000 -4.00000
19.00000 18.50000 -4.00000
19.00000 19.00000 -4.50000
19.50000 19.00000 -3.00000
19.50000 19.00000 3.00000
19.00000 19.00000 2.50000
19.00000 18.50000 3.00000
19.00000 18.50000 4.00000
19.50000 19.00000 4.00000
19.50000 19.00000 14.00000
19.00000 19.00000 14.50000
19.00000 18.50000 15.00000
19.00000 19.50000 -9.00000
19.50000 20.00000 -8.00000
19.00000 20.00000 -8.50000
19.50000 20.00000 -5.00000
19.00000 19.50000 -5.00000
19.00000 20.00000 -5.50000
19.50000 20.00000 -4.00000
19.50000 20.00000 1.00000
19.00000 20.00000 0.50000
19.00000 19.50000 1.00000
19.00000 19.50000 2.00000
19.50000 20.00000 2.00000
19.50000 20.00000 3.00000
19.50000 20.00000 13.00000
19.00000 20.00000 13.50000
19.00000 19.50000 14.00000
19.00000 20.50000 -8.00000
19.00000 20.50000 -7.00000
19.50000 21.00000 -6.00000
19.00000 20.50000 -6.00000
19.50000 21.00000 -5.00000
19.50000 21.00000 -1.00000
19.00000 21.00000 -1.50000
19.00000 20.50000 -1.00000
19.00000 20.50000 0.00000
19.50000 21.00000 0.00000
19.50000 21.00000 1.00000
19.50000 21.00000 12.00000
19.00000 21.00000 12.50000
19.00000 20.50000 13.00000
19.50000 22.00000 -3.00000
19.00000 22.00000 -3.50000
19.00000 21.50000 -3.00000
19.00000 21.50000 -2.00000
19.50000 22.00000 -2.00000
19.50000 22.00000 -1.00000
19.50000 22.00000 11.00000
19.00000 22.00000 11.50000
19.00000 21.50000 12.00000
19.50000 23.00000 -3.00000
19.00000 23.00000 -3.50000
19.50000 23.00000 -2.00000
19.50000 23.00000 9.00000
19.50000 23.00000 10.00000
19.00000 23.00000 10.50000
19.00000 22.50000 11.00000
19.50000 24.00000 -3.00000
19.00000 24.00000 -3.50000
19.50000 24.00000 -2.00000
19.50000 24.00000 -1.00000
19.50000 24.00000 8.00000
19.00000 24.00000 8.50000
19.00000 23.50000 9.00000
19.00000 23.50000 10.00000
19.00000 24.50000 -3.00000
19.00000 24.50000 -2.00000
19.50000 25.00000 -1.00000
19.00000 25.00000 -1.50000
19.50000 25.00000 0.00000
19.50000 25.00000 1.00000
19.50000 25.00000 6.00000
19.50000 25.00000 7.00000
19.00000 25.00000 7.50000
19.00000 24.50000 8.00000
19.00000 25.50000 -1.00000
19.00000 25.50000 0.00000
19.00000 25.50000 1.00000
19.00000 25.50000 2.00000
19.50000 26.00000 3.00000
19.00000 26.00000 2.50000
19.50000 26.00000 4.00000
19.00000 26.00000 4.50000
19.00000 25.50000 5.00000
19.00000 25.50000 6.00000
19.00000 25.50000 7.00000
19.00000 26.50000 3.00000
19.00000 26.50000 4.00000
18.50000 -27.00000 16.00000
18.50000 -26.00000 17.00000
18.50000 -26.00000 18.00000
18.00000 -25.00000 16.50000
18.50000 -25.00000 17.00000
18.00000 -25.50000 17.00000
18.50000 -25.00000 18.00000
18.00000 -25.00000 17.50000
18.50000 -25.00000 19.00000
18.50000 -25.00000 20.00000
18.00000 -24.50000 17.00000
18.00000 -24.50000 18.00000
18.00000 -24.00000 17.50000
18.00000 -24.50000 19.00000
18.00000 -24.00000 19.50000
18.50000 -24.00000 20.00000
18.50000 -24.00000 21.00000
18.00000 -23.00000 17.50000
18.00000 -23.50000 20.00000
18.00000 -23.00000 20.50000
18.50000 -23.00000 21.00000
18.50000 -23.00000 22.00000
18.50000 -23.00000 23.00000
18.00000 -22.50000 18.00000
18.00000 -22.00000 18.50000
18.00000 -22.50000 21.00000
18.00000 -22.50000 22.00000
18.00000 -22.00000 22.50000
18.50000 -22.00000 23.00000
18.50000 -21.00000 19.00000
18.00000 -21.00000 18.50000
18.00000 -21.50000 23.00000
18.50000 -21.00000 24.00000
18.00000 -21.00000 23.50000
18.00000 -20.50000 19.00000
18.00000 -20.00000 19.50000
18.50000 -20.00000 24.00000
18.00000 -20.00000 23.50000
18.50000 -20.00000 25.00000
18.50000 -19.00000 20.00000
18.00000 -19.00000 19.50000
18.00000 -19.50000 24.00000
18.00000 -19.00000 24.50000
18.50000 -19.00000 25.00000
18.50000 -18.00000 20.00000
18.00000 -18.00000 19.50000
18.50000 -18.00000 25.00000
18.00000 -18.00000 24.50000
18.50000 -18.00000 26.00000
18.50000 -17.00000 20.00000
18.00000 -17.00000 19.50000
18.00000 -17.50000 25.00000
18.00000 -17.00000 25.50000
18.50000 -17.00000 26.00000
18.50000 -16.00000 20.00000
18.00000 -16.00000 19.50000
18.50000 -16.00000 26.00000
18.00000 -16.00000 25.50000
18.00000 -15.50000 20.00000
18.00000 -15.00000 20.50000
18.00000 -15.50000 26.00000
18.00000 -15.00000 26.50000
18.50000 -14.00000 21.00000
18.00000 -14.00000 20.50000
18.00000 -14.00000 26.50000
18.50000 -13.00000 21.00000
18.00000 -13.00000 20.50000
18.00000 -13.00000 26.50000
18.50000 -12.00000 21.00000
18.00000 -12.00000 20.50000
18.00000 -12.50000 27.00000
18.50000 -12.00000 27.00000
18.00000 -12.00000 27.50000
18.50000 -11.00000 21.00000
18.00000 -11.00000 20.50000
18.50000 -11.00000 27.00000
18.00000 -11.00000 27.50000
18.50000 -10.00000 21.00000
18.00000 -10.00000 20.50000
18.50000 -10.00000 27.00000
18.00000 -10.00000 27.50000
18.50000 -9.00000 21.00000
18.00000 -9.00000 20.50000
18.50000 -9.00000 27.00000
18.00000 -9.00000 27.50000
18.50000 -8.00000 -8.00000
18.50000 -8.00000 -7.00000
18.50000 -8.00000 -6.00000
18.50000 -8.00000 -5.00000
18.50000 -8.00000 -4.00000
18.50000 -8.00000 -3.00000
18.50000 -8.00000 -2.00000
18.50000 -8.00000 21.00000
18.00000 -8.00000 20.50000
18.00000 -8.50000 27.00000
18.00000 -8.00000 26.50000
18.00000 -7.00000 -8.50000
18.00000 -7.50000 -8.00000
18.00000 -7.50000 -7.00000
18.00000 -7.50000 -6.00000
18.00000 -7.50000 -5.00000
18.00000 -7.50000 -4.00000
18.00000 -7.00000 -3.50000
18.50000 -7.00000 -3.00000
18.50000 -7.00000 -2.00000
18.50000 -7.00000 -1.00000
18.50000 -7.00000 0.00000
18.50000 -7.00000 1.00000
18.50000 -7.00000 20.00000
18.00000 -7.00000 19.50000
18.00000 -7.50000 20.00000
18.00000 -7.00000 26.50000
18.00000 -6.00000 -9.50000
18.00000 -6.50000 -9.00000
18.00000 -6.50000 -3.00000
18.00000 -6.50000 -2.00000
18.00000 -6.50000 -1.00000
18.00000 -6.50000 0.00000
18.00000 -6.00000 0.50000
18.50000 -6.00000 1.00000
18.50000 -6.00000 2.00000
18.50000 -6.00000 20.00000
18.00000 -6.00000 19.50000
18.50000 -6.00000 26.00000
18.00000 -6.00000 26.50000
18.00000 -5.50000 -9.00000
18.00000 -5.00000 -8.50000
18.00000 -5.50000 1.00000
18.00000 -5.00000 1.50000
18.50000 -5.00000 2.00000
18.50000 -5.00000 3.00000
18.50000 -5.00000 4.00000
18.50000 -5.00000 20.00000
18.00000 -5.00000 19.50000
18.50000 -5.00000 26.00000
18.00000 -5.00000 26.50000
18.50000 -4.00000 -9.00000
18.00000 -4.00000 -9.50000
18.00000 -4.50000 -9.00000
18.00000 -4.50000 2.00000
18.00000 -4.50000 3.00000
18.00000 -4.00000 3.50000
18.50000 -4.00000 4.00000
18.50000 -4.00000 5.00000
18.50000 -4.00000 20.00000
18.00000 -4.00000 19.50000
18.00000 -4.50000 26.00000
18.00000 -4.00000 25.50000
18.50000 -3.00000 -9.00000
18.00000 -3.00000 -9.50000
18.00000 -3.50000 4.00000
18.00000 -3.50000 5.00000
18.50000 -3.00000 6.00000
18.00000 -3.00000 5.50000
18.50000 -3.00000 19.00000
18.00000 -3.00000 18.50000
18.00000 -3.50000 19.00000
18.50000 -3.00000 20.00000
18.00000 -3.00000 25.50000
18.00000 -2.50000 -9.00000
18.00000 -2.00000 -8.50000
18.50000 -2.00000 6.00000
18.00000 -2.00000 5.50000
18.50000 -2.00000 19.00000
18.00000 -2.00000 18.50000
18.50000 -2.00000 25.00000
18.00000 -2.00000 25.50000
18.00000 -1.00000 -8.50000
18.50000 -1.00000 6.00000
18.00000 -1.00000 5.50000
18.50000 -1.00000 18.00000
18.00000 -1.00000 17.50000
18.00000 -1.50000 18.00000
18.50000 -1.00000 19.00000
18.50000 -1.00000 25.00000
18.00000 -1.00000 25.50000
18.00000 0.00000 -8.50000
18.00000 0.00000 5.50000
18.50000 0.00000 18.00000
18.00000 0.00000 17.50000
18.50000 0.00000 25.00000
18.00000 0.00000 25.50000
18.00000 0.50000 -8.00000
18.00000 1.00000 -7.50000
18.00000 1.00000 5.50000
18.50000 1.00000 17.00000
18.00000 1.00000 16.50000
18.00000 0.50000 17.00000
18.50000 1.00000 18.00000
18.00000 0.50000 25.00000
18.00000 1.00000 24.50000
18.00000 1.50000 -7.00000
18.50000 2.00000 -7.00000
18.00000 2.00000 -6.50000
18.50000 2.00000 5.00000
18.00000 1.50000 5.00000
18.00000 2.00000 4.50000
18.50000 2.00000 17.00000
18.00000 2.00000 16.50000
18.50000 2.00000 24.00000
18.00000 2.00000 24.50000
18.50000 3.00000 -11.00000
18.00000 3.00000 -10.50000
18.00000 2.50000 -10.00000
18.50000 3.00000 -9.00000
18.00000 3.00000 -9.50000
18.00000 3.00000 -6.50000
18.00000 3.00000 4.50000
18.50000 3.00000 16.00000
18.00000 3.00000 15.50000
18.00000 2.50000 16.00000
18.50000 3.00000 17.00000
18.00000 2.50000 24.00000
18.00000 3.00000 23.50000
18.00000 4.00000 -12.50000
18.00000 3.50000 -12.00000
18.00000 3.50000 -11.00000
18.00000 3.50000 -9.00000
18.00000 3.50000 -8.00000
18.50000 4.00000 -7.00000
18.00000 4.00000 -7.50000
18.00000 4.00000 -6.50000
18.00000 4.00000 4.50000
18.50000 4.00000 16.00000
18.00000 4.00000 15.50000
18.00000 4.00000 23.50000
18.00000 5.00000 -13.50000
18.00000 4.50000 -13.00000
18.00000 4.50000 -7.00000
18.50000 5.00000 4.00000
18.00000 4.50000 4.00000
18.00000 5.00000 3.50000
18.50000 5.00000 16.00000
18.00000 5.00000 15.50000
18.50000 5.00000 23.00000
18.00000 5.00000 23.50000
18.00000 6.00000 -13.50000
18.50000 6.00000 4.00000
18.00000 6.00000 3.50000
18.50000 6.00000 15.00000
18.00000 6.00000 14.50000
18.00000 5.50000 15.00000
18.00000 5.50000 23.00000
18.00000 6.00000 22.50000
18.50000 7.00000 -14.00000
18.00000 7.00000 -14.50000
18.00000 6.50000 -14.00000
18.50000 7.00000 3.00000
18.00000 6.50000 3.00000
18.00000 7.00000 2.50000
18.50000 7.00000 4.00000
18.50000 7.00000 14.00000
18.00000 7.00000 13.50000
18.00000 6.50000 14.00000
18.50000 7.00000 15.00000
18.50000 7.00000 22.00000
18.00000 7.00000 22.50000
18.00000 7.50000 -14.00000
18.00000 8.00000 -13.50000
18.50000 8.00000 2.00000
18.00000 7.50000 2.00000
18.00000 8.00000 1.50000
18.50000 8.00000 3.00000
18.50000 8.00000 4.00000
18.50000 8.00000 14.00000
18.00000 8.00000 13.50000
18.00000 7.50000 22.00000
18.00000 8.00000 21.50000
18.50000 9.00000 -13.00000
18.00000 9.00000 -13.50000
18.50000 9.00000 2.00000
18.00000 9.00000 1.50000
18.50000 9.00000 3.00000
18.50000 9.00000 4.00000
18.50000 9.00000 13.00000
18.00000 9.00000 12.50000
18.00000 8.50000 13.00000
18.50000 9.00000 21.00000
18.00000 9.00000 21.50000
18.00000 9.50000 -13.00000
18.00000 10.00000 -12.50000
18.50000 10.00000 2.00000
18.00000 10.00000 1.50000
18.50000 10.00000 3.00000
18.50000 10.00000 12.00000
18.00000 10.00000 11.50000
18.00000 9.50000 12.00000
18.50000 10.00000 13.00000
18.50000 10.00000 21.00000
18.00000 10.00000 21.50000
18.00000 11.00000 -12.50000
18.50000 11.00000 2.00000
18.00000 11.00000 1.50000
18.50000 11.00000 11.00000
18.00000 11.00000 10.50000
18.00000 10.50000 11.00000
18.50000 11.00000 12.00000
18.50000 11.00000 20.00000
18.00000 11.00000 20.50000
18.00000 10.50000 21.00000
18.00000 12.00000 -12.50000
18.50000 12.00000 1.00000
18.00000 11.50000 1.00000
18.00000 12.00000 0.50000
18.50000 12.00000 2.00000
18.50000 12.00000 10.00000
18.00000 12.00000 9.50000
18.00000 11.50000 10.00000
18.50000 12.00000 11.00000
18.00000 11.50000 20.00000
18.00000 12.00000 19.50000
18.00000 12.50000 -12.00000
18.00000 13.00000 -11.50000
18.50000 13.00000 0.00000
18.00000 12.50000 0.00000
18.00000 13.00000 -0.50000
18.50000 13.00000 1.00000
18.50000 13.00000 9.00000
18.00000 13.00000 8.50000
18.00000 12.50000 9.00000
18.50000 13.00000 10.00000
18.50000 13.00000 19.00000
18.00000 13.00000 19.50000
18.00000 14.00000 -11.50000
18.50000 14.00000 0.00000
18.00000 14.00000 -0.50000
18.50000 14.00000 8.00000
18.00000 14.00000 7.50000
18.00000 13.50000 8.00000
18.50000 14.00000 9.00000
18.00000 13.50000 19.00000
18.00000 14.00000 18.50000
18.00000 15.00000 -11.50000
18.50000 15.00000 -1.00000
18.00000 14.50000 -1.00000
18.00000 15.00000 -1.50000
18.50000 15.00000 7.00000
18.00000 15.00000 6.50000
18.00000 14.50000 7.00000
18.50000 15.00000 8.00000
18.00000 14.50000 18.00000
18.00000 15.00000 17.50000
18.00000 16.00000 -11.50000
18.50000 16.00000 -2.00000
18.00000 15.50000 -2.00000
18.00000 16.00000 -2.50000
18.50000 16.00000 6.00000
18.00000 16.00000 5.50000
18.00000 15.50000 6.00000
18.50000 16.00000 17.00000
18.00000 16.00000 17.50000
18.00000 16.50000 -11.00000
18.00000 17.00000 -10.50000
18.50000 17.00000 -3.00000
18.00000 16.50000 -3.00000
18.00000 17.00000 -3.50000
18.50000 17.00000 4.00000
18.00000 17.00000 3.50000
18.00000 16.50000 4.00000
18.00000 16.50000 5.00000
18.50000 17.00000 5.00000
18.00000 16.50000 17.00000
18.00000 17.00000 16.50000
18.00000 17.50000 -10.00000
18.50000 18.00000 -10.00000
18.00000 18.00000 -9.50000
18.50000 18.00000 -5.00000
18.00000 17.50000 -5.00000
18.00000 18.00000 -5.50000
18.50000 18.00000 -4.00000
18.00000 17.50000 -4.00000
18.50000 18.00000 2.00000
18.00000 18.00000 1.50000
18.00000 17.50000 2.00000
18.00000 17.50000 3.00000
18.50000 18.00000 3.00000
18.50000 18.00000 4.00000
18.00000 17.50000 16.00000
18.00000 18.00000 15.50000
18.00000 19.00000 -9.50000
18.50000 19.00000 -5.00000
18.00000 19.00000 -5.50000
18.50000 19.00000 1.00000
18.00000 19.00000 0.50000
18.00000 18.50000 1.00000
18.50000 19.00000 2.00000
18.50000 19.00000 15.00000
18.00000 19.00000 15.50000
18.00000 19.50000 -9.00000
18.50000 20.00000 -8.00000
18.00000 19.50000 -8.00000
18.00000 20.00000 -7.50000
18.50000 20.00000 -6.00000
18.00000 19.50000 -6.00000
18.00000 20.00000 -6.50000
18.50000 20.00000 -2.00000
18.00000 20.00000 -2.50000
18.00000 19.50000 -2.00000
18.00000 19.50000 -1.00000
18.50000 20.00000 -1.00000
18.00000 19.50000 0.00000
18.50000 20.00000 0.00000
18.50000 20.00000 14.00000
18.00000 20.00000 14.50000
18.00000 19.50000 15.00000
18.00000 20.50000 -7.00000
18.00000 20.50000 -6.00000
18.50000 21.00000 -6.00000
18.00000 21.00000 -6.50000
18.00000 20.50000 -5.00000
18.50000 21.00000 -5.00000
18.00000 20.50000 -4.00000
18.50000 21.00000 -4.00000
18.00000 20.50000 -3.00000
18.50000 21.00000 -3.00000
18.50000 21.00000 -2.00000
18.50000 21.00000 13.00000
18.00000 21.00000 13.50000
18.00000 20.50000 14.00000
18.00000 21.50000 -6.00000
18.50000 22.00000 -5.00000
18.00000 22.00000 -5.50000
18.50000 22.00000 -4.00000
18.50000 22.00000 12.00000
18.00000 22.00000 12.50000
18.00000 21.50000 13.00000
18.50000 23.00000 -5.00000
18.00000 23.00000 -5.50000
18.50000 23.00000 -4.00000
18.50000 23.00000 11.00000
18.00000 23.00000 11.50000
18.00000 22.50000 12.00000
18.00000 23.50000 -5.00000
18.50000 24.00000 -4.00000
18.00000 24.00000 -4.50000
18.50000 24.00000 9.00000
18.00000 24.00000 9.50000
18.00000 23.50000 10.00000
18.00000 23.50000 11.00000
18.00000 24.50000 -4.00000
18.50000 25.00000 -3.00000
18.00000 25.00000 -3.50000
18.50000 25.00000 -2.00000
18.50000 25.00000 8.00000
18.00000 25.00000 8.50000
18.00000 24.50000 9.00000
18.00000 25.50000 -3.00000
18.00000 25.50000 -2.00000
18.00000 25.50000 -1.00000
18.50000 26.00000 0.00000
18.00000 26.00000 -0.50000
18.50000 26.00000 1.00000
18.50000 26.00000 2.00000
18.50000 26.00000 5.00000
18.00000 26.00000 5.50000
18.00000 25.50000 6.00000
18.00000 25.50000 7.00000
18.00000 25.50000 8.00000
18.00000 26.50000 0.00000
18.00000 26.50000 1.00000
18.00000 26.50000 2.00000
18.00000 26.50000 3.00000
18.00000 26.50000 4.00000
18.00000 26.50000 5.00000
17.50000 -25.00000 17.00000
17.50000 -24.00000 18.00000
17.50000 -24.00000 19.00000
17.00000 -23.00000 17.50000
17.00000 -23.50000 18.00000
17.00000 -23.00000 18.50000
17.50000 -23.00000 19.00000
17.50000 -23.00000 20.00000
17.00000 -22.50000 18.00000
17.50000 -22.50000 18.50000
17.00000 -22.50000 19.00000
17.00000 -22.00000 18.50000
17.00000 -22.00000 19.50000
17.50000 -22.00000 20.00000
17.50000 -22.00000 21.00000
17.50000 -22.00000 22.00000
17.00000 -21.00000 18.50000
17.00000 -21.50000 20.00000
17.00000 -21.00000 20.50000
17.50000 -21.00000 21.00000
17.50000 -21.00000 22.00000
17.50000 -21.00000 23.00000
17.50000 -20.00000 19.00000
17.00000 -20.00000 18.50000
17.00000 -20.50000 21.00000
17.00000 -20.00000 21.50000
17.50000 -20.00000 22.00000
17.50000 -20.00000 23.00000
17.00000 -19.50000 19.00000
17.00000 -19.00000 19.50000
17.00000 -19.50000 22.00000
17.00000 -19.00000 22.50000
17.50000 -19.00000 23.00000
17.50000 -19.00000 24.00000
17.00000 -18.00000 19.50000
17.00000 -18.50000 23.00000
17.00000 -18.00000 23.50000
17.50000 -18.00000 24.00000
17.00000 -17.00000 19.50000
17.00000 -17.50000 24.00000
17.50000 -17.00000 25.00000
17.00000 -17.00000 24.50000
17.00000 -16.00000 19.50000
17.50000 -16.00000 25.00000
17.00000 -16.00000 24.50000
17.50000 -15.00000 20.00000
17.00000 -15.00000 19.50000
17.50000 -15.00000 25.00000
17.00000 -15.00000 24.50000
17.50000 -15.00000 26.00000
17.50000 -14.00000 20.00000
17.00000 -14.00000 19.50000
17.00000 -14.50000 25.00000
17.00000 -14.00000 25.50000
17.50000 -14.00000 26.00000
17.50000 -13.00000 20.00000
17.00000 -13.00000 19.50000
17.50000 -13.00000 26.00000
17.00000 -13.00000 25.50000
17.50000 -12.00000 20.00000
17.00000 -12.00000 19.50000
17.50000 -12.00000 26.00000
17.00000 -12.00000 25.50000
17.50000 -12.00000 27.00000
17.50000 -11.00000 20.00000
17.00000 -11.00000 19.50000
17.50000 -11.00000 26.00000
17.00000 -11.00000 25.50000
17.50000 -11.00000 27.00000
17.50000 -10.00000 20.00000
17.00000 -10.00000 19.50000
17.50000 -10.00000 26.00000
17.00000 -10.00000 25.50000
17.50000 -10.00000 27.00000
17.50000 -9.00000 20.00000
17.00000 -9.00000 19.50000
17.50000 -9.00000 26.00000
17.00000 -9.00000 25.50000
17.50000 -9.00000 27.00000
17.50000 -8.00000 20.00000
17.00000 -8.00000 19.50000
17.00000 -8.50000 26.00000
17.00000 -8.00000 26.50000
17.50000 -7.00000 -8.00000
17.50000 -7.00000 -7.00000
17.50000 -7.00000 -6.00000
17.50000 -7.00000 -5.00000
17.50000 -7.00000 -4.00000
17.50000 -7.00000 19.00000
17.00000 -7.00000 18.50000
17.00000 -7.50000 19.00000
17.00000 -7.00000 26.50000
17.50000 -6.00000 -9.00000
17.00000 -6.00000 -8.50000
17.00000 -6.50000 -8.00000
17.00000 -6.50000 -7.00000
17.00000 -6.50000 -6.00000
17.00000 -6.50000 -5.00000
17.00000 -6.00000 -4.50000
17.50000 -6.00000 -4.00000
17.50000 -6.00000 -3.00000
17.50000 -6.00000 -2.00000
17.50000 -6.00000 -1.00000
17.50000 -6.00000 0.00000
17.50000 -6.00000 19.00000
17.00000 -6.00000 18.50000
17.00000 -6.00000 26.50000
17.00000 -5.00000 -9.50000
17.50000 -5.00000 -9.00000
17.00000 -5.50000 -9.00000
17.00000 -5.50000 -4.00000
17.00000 -5.50000 -3.00000
17.00000 -5.50000 -2.00000
17.00000 -5.50000 -1.00000
17.00000 -5.50000 0.00000
17.50000 -5.00000 1.00000
17.00000 -5.00000 0.50000
17.50000 -5.00000 19.00000
17.00000 -5.00000 18.50000
17.00000 -5.00000 26.50000
17.00000 -4.00000 -9.50000
17.00000 -4.50000 1.00000
17.50000 -4.00000 2.00000
17.00000 -4.00000 1.50000
17.50000 -4.00000 3.00000
17.50000 -4.00000 18.00000
17.00000 -4.00000 17.50000
17.00000 -4.50000 18.00000
17.50000 -4.00000 19.00000
17.50000 -4.00000 26.00000
17.00000 -4.00000 26.50000
17.00000 -3.00000 -9.50000
17.50000 -3.00000 2.00000
17.00000 -3.00000 1.50000
17.50000 -3.00000 3.00000
17.50000 -3.00000 4.00000
17.50000 -3.00000 5.00000
17.50000 -3.00000 18.00000
17.00000 -3.00000 17.50000
17.50000 -3.00000 26.00000
17.00000 -3.00000 26.50000
17.50000 -2.00000 -9.00000
17.00000 -2.00000 -9.50000
17.00000 -2.50000 2.00000
17.00000 -2.50000 3.00000
17.00000 -2.50000 4.00000
17.00000 -2.00000 4.50000
17.50000 -2.00000 5.00000
17.50000 -2.00000 18.00000
17.00000 -2.00000 17.50000
17.00000 -2.50000 26.00000
17.00000 -2.00000 25.50000
17.00000 -1.50000 -9.00000
17.00000 -1.00000 -8.50000
17.00000 -1.50000 5.00000
17.00000 -1.00000 5.50000
17.50000 -1.00000 17.00000
17.00000 -1.00000 16.50000
17.00000 -1.50000 17.00000
17.00000 -1.00000 25.50000
17.00000 0.00000 -8.50000
17.00000 0.00000 5.50000
17.50000 0.00000 17.00000
17.00000 0.00000 16.50000
17.00000 0.00000 25.50000
17.00000 0.50000 -8.00000
17.00000 1.00000 -7.50000
17.00000 1.00000 5.50000
17.50000 1.00000 16.00000
17.00000 1.00000 15.50000
17.00000 0.50000 16.00000
17.00000 0.50000 25.00000
17.00000 1.00000 24.50000
17.00000 1.50000 -7.00000
17.00000 2.00000 -6.50000
17.00000 1.50000 5.00000
17.00000 2.00000 4.50000
17.50000 2.00000 16.00000
17.00000 2.00000 15.50000
17.00000 2.00000 24.50000
17.50000 3.00000 -10.00000
17.00000 3.00000 -6.50000
17.00000 3.00000 4.50000
17.50000 3.00000 15.00000
17.00000 3.00000 14.50000
17.00000 2.50000 15.00000
17.50000 3.00000 24.00000
17.00000 3.00000 24.50000
17.00000 4.00000 -12.50000
17.00000 3.50000 -12.00000
17.00000 3.50000 -11.00000
17.00000 3.50000 -10.00000
17.00000 3.50000 -9.00000
17.00000 3.50000 -8.00000
17.00000 4.00000 -7.50000
17.00000 4.00000 -6.50000
17.50000 4.00000 4.00000
17.00000 3.50000 4.00000
17.00000 4.00000 3.50000
17.50000 4.00000 15.00000
17.00000 4.00000 14.50000
17.00000 3.50000 24.00000
17.00000 4.00000 23.50000
17.00000 5.00000 -13.50000
17.00000 4.50000 -13.00000
17.00000 4.50000 -7.00000
17.00000 5.00000 3.50000
17.50000 5.00000 14.00000
17.00000 5.00000 13.50000
17.00000 4.50000 14.00000
17.50000 5.00000 15.00000
17.00000 5.00000 23.50000
17.50000 6.00000 -14.00000
17.00000 6.00000 -14.50000
17.00000 5.50000 -14.00000
17.50000 6.00000 3.00000
17.00000 5.50000 3.00000
17.00000 6.00000 2.50000
17.50000 6.00000 13.00000
17.00000 6.00000 12.50000
17.00000 5.50000 13.00000
17.50000 6.00000 14.00000
17.50000 6.00000 23.00000
17.00000 6.00000 23.50000
17.00000 7.00000 -14.50000
17.50000 7.00000 2.00000
17.00000 6.50000 2.00000
17.00000 7.00000 1.50000
17.50000 7.00000 13.00000
17.00000 7.00000 12.50000
17.00000 6.50000 23.00000
17.00000 7.00000 22.50000
17.50000 8.00000 -14.00000
17.00000 8.00000 -14.50000
17.50000 8.00000 1.00000
17.00000 7.50000 1.00000
17.00000 8.00000 0.50000
17.50000 8.00000 12.00000
17.00000 8.00000 11.50000
17.00000 7.50000 12.00000
17.50000 8.00000 13.00000
17.50000 8.00000 22.00000
17.00000 8.00000 22.50000
17.00000 8.50000 -14.00000
17.00000 9.00000 -13.50000
17.50000 9.00000 0.00000
17.00000 8.50000 0.00000
17.00000 9.00000 -0.50000
17.50000 9.00000 1.00000
17.50000 9.00000 12.00000
17.00000 9.00000 11.50000
17.00000 8.50000 22.00000
17.00000 9.00000 21.50000
17.00000 9.50000 -13.00000
17.00000 10.00000 -12.50000
17.50000 10.00000 0.00000
17.00000 10.00000 -0.50000
17.50000 10.00000 1.00000
17.50000 10.00000 11.00000
17.00000 10.00000 10.50000
17.00000 9.50000 11.00000
17.00000 10.00000 21.50000
17.00000 11.00000 -12.50000
17.50000 11.00000 0.00000
17.00000 11.00000 -0.50000
17.50000 11.00000 1.00000
17.50000 11.00000 10.00000
17.00000 11.00000 9.50000
17.00000 10.50000 10.00000
17.00000 10.50000 21.00000
17.00000 11.00000 20.50000
17.00000 12.00000 -12.50000
17.50000 12.00000 -1.00000
17.00000 11.50000 -1.00000
17.00000 12.00000 -1.50000
17.50000 12.00000 0.00000
17.50000 12.00000 9.00000
17.00000 12.00000 8.50000
17.00000 11.50000 9.00000
17.50000 12.00000 20.00000
17.00000 12.00000 20.50000
17.00000 12.50000 -12.00000
17.00000 13.00000 -11.50000
17.50000 13.00000 -1.00000
17.00000 13.00000 -1.50000
17.50000 13.00000 8.00000
17.00000 13.00000 7.50000
17.00000 12.50000 8.00000
17.00000 12.50000 20.00000
17.00000 13.00000 19.50000
17.00000 14.00000 -11.50000
17.50000 14.00000 -2.00000
17.00000 13.50000 -2.00000
17.00000 14.00000 -2.50000
17.50000 14.00000 -1.00000
17.50000 14.00000 7.00000
17.00000 14.00000 6.50000
17.00000 13.50000 7.00000
17.50000 14.00000 19.00000
17.00000 14.00000 19.50000
17.00000 15.00000 -11.50000
17.50000 15.00000 -3.00000
17.00000 14.50000 -3.00000
17.00000 15.00000 -3.50000
17.50000 15.00000 -2.00000
17.50000 15.00000 5.00000
17.00000 15.00000 4.50000
17.00000 14.50000 5.00000
17.00000 14.50000 6.00000
17.50000 15.00000 6.00000
17.50000 15.00000 18.00000
17.00000 15.00000 18.50000
17.00000 14.50000 19.00000
17.00000 15.50000 -11.00000
17.50000 16.00000 -11.00000
17.00000 16.00000 -10.50000
17.50000 16.00000 -4.00000
17.00000 15.50000 -4.00000
17.00000 16.00000 -4.50000
17.50000 16.00000 -3.00000
17.50000 16.00000 4.00000
17.00000 16.00000 3.50000
17.00000 15.50000 4.00000
17.50000 16.00000 5.00000
17.00000 15.50000 18.00000
17.00000 16.00000 17.50000
17.00000 17.00000 -10.50000
17.50000 17.00000 -5.00000
17.00000 16.50000 -5.00000
17.00000 17.00000 -5.50000
17.50000 17.00000 -4.00000
17.50000 17.00000 2.00000
17.00000 17.00000 1.50000
17.00000 16.50000 2.00000
17.00000 16.50000 3.00000
17.50000 17.00000 3.00000
17.50000 17.00000 17.00000
17.00000 17.00000 17.50000
17.00000 17.50000 -10.00000
17.00000 18.00000 -9.50000
17.50000 18.00000 -6.00000
17.00000 17.50000 -6.00000
17.00000 18.00000 -6.50000
17.50000 18.00000 0.00000
17.00000 18.00000 -0.50000
17.00000 17.50000 0.00000
17.00000 17.50000 1.00000
17.50000 18.00000 1.00000
17.50000 18.00000 16.00000
17.00000 18.00000 16.50000
17.00000 17.50000 17.00000
17.00000 18.50000 -9.00000
17.50000 19.00000 -9.00000
17.00000 19.00000 -8.50000
17.50000 19.00000 -6.00000
17.00000 19.00000 -6.50000
17.50000 19.00000 -2.00000
17.00000 19.00000 -2.50000
17.00000 18.50000 -2.00000
17.00000 18.50000 -1.00000
17.50000 19.00000 -1.00000
17.50000 19.00000 0.00000
17.00000 18.50000 16.00000
17.00000 19.00000 15.50000
17.00000 19.50000 -8.00000
17.00000 20.00000 -7.50000
17.50000 20.00000 -6.00000
17.00000 19.50000 -6.00000
17.00000 19.50000 -5.00000
17.50000 20.00000 -5.00000
17.00000 19.50000 -4.00000
17.50000 20.00000 -4.00000
17.00000 19.50000 -3.00000
17.50000 20.00000 -3.00000
17.00000 19.50000 15.00000
17.00000 20.00000 14.50000
17.50000 21.00000 -7.00000
17.00000 21.00000 -7.50000
17.00000 20.50000 14.00000
17.00000 21.00000 13.50000
17.50000 22.00000 -7.00000
17.00000 22.00000 -7.50000
17.50000 22.00000 -6.00000
17.00000 21.50000 13.00000
17.00000 22.00000 12.50000
17.00000 22.50000 -7.00000
17.50000 23.00000 -6.00000
17.00000 23.00000 -6.50000
17.50000 23.00000 11.00000
17.00000 22.50000 11.00000
17.00000 23.00000 10.50000
17.00000 22.50000 12.00000
17.00000 23.50000 -6.00000
17.50000 24.00000 -5.00000
17.00000 24.00000 -5.50000
17.50000 24.00000 9.00000
17.00000 23.50000 9.00000
17.00000 24.00000 8.50000
17.00000 23.50000 10.00000
17.00000 24.50000 -5.00000
17.50000 25.00000 -4.00000
17.00000 25.00000 -4.50000
17.50000 25.00000 7.00000
17.00000 24.50000 7.00000
17.00000 25.00000 6.50000
17.50000 25.00000 8.00000
17.00000 24.50000 8.00000
17.00000 25.50000 -4.00000
17.00000 25.50000 -3.00000
17.50000 26.00000 -2.00000
17.00000 26.00000 -2.50000
17.50000 26.00000 -1.00000
17.50000 26.00000 3.00000
17.00000 25.50000 3.00000
17.00000 26.00000 2.50000
17.50000 26.00000 4.00000
17.00000 25.50000 4.00000
17.50000 26.00000 5.00000
17.00000 25.50000 5.00000
17.00000 25.50000 6.00000
17.00000 26.50000 -2.00000
17.00000 26.50000 -1.00000
17.00000 26.50000 0.00000
17.00000 26.50000 1.00000
17.00000 26.50000 2.00000
16.50000 -23.00000 18.00000
16.50000 -22.00000 19.00000
16.50000 -21.00000 19.00000
16.50000 -21.00000 20.00000
16.50000 -20.00000 19.00000
16.50000 -20.00000 20.00000
16.50000 -20.00000 21.00000
16.00000 -19.50000 20.00000
16.00000 -19.00000 19.50000
16.00000 -19.00000 20.50000
16.50000 -19.00000 21.00000
16.50000 -19.00000 22.00000
16.00000 -18.00000 19.50000
16.00000 -18.50000 21.00000
16.00000 -18.00000 21.50000
16.50000 -18.00000 22.00000
16.50000 -18.00000 23.00000
16.00000 -17.00000 19.50000
16.50000 -17.00000 22.00000
16.00000 -17.00000 21.50000
16.50000 -17.00000 23.00000
16.50000 -17.00000 24.00000
16.00000 -16.00000 19.50000
16.00000 -16.50000 22.00000
16.00000 -16.00000 22.50000
16.50000 -16.00000 23.00000
16.50000 -16.00000 24.00000
16.00000 -15.00000 19.50000
16.00000 -15.50000 23.00000
16.00000 -15.00000 23.50000
16.50000 -15.00000 24.00000
16.00000 -14.00000 19.50000
16.50000 -14.00000 24.00000
16.00000 -14.00000 23.50000
16.50000 -14.00000 25.00000
16.00000 -13.00000 19.50000
16.00000 -13.50000 24.00000
16.00000 -13.00000 24.50000
16.50000 -13.00000 25.00000
16.00000 -12.00000 19.50000
16.50000 -12.00000 25.00000
16.00000 -12.00000 24.50000
16.00000 -11.00000 19.50000
16.50000 -11.00000 25.00000
16.00000 -11.00000 24.50000
16.50000 -10.00000 19.00000
16.00000 -10.00000 18.50000
16.00000 -10.50000 19.00000
16.50000 -10.00000 25.00000
16.00000 -10.00000 24.50000
16.50000 -9.00000 19.00000
16.00000 -9.00000 18.50000
16.00000 -9.50000 25.00000
16.00000 -9.00000 25.50000
16.50000 -8.00000 19.00000
16.00000 -8.00000 18.50000
16.50000 -8.00000 26.00000
16.00000 -8.00000 25.50000
16.00000 -7.00000 18.50000
16.50000 -7.00000 26.00000
16.00000 -7.00000 25.50000
16.00000 -6.00000 -8.50000
16.00000 -6.50000 -8.00000
16.50000 -6.00000 -7.00000
16.00000 -6.00000 -7.50000
16.50000 -6.00000 -6.00000
16.50000 -6.00000 -5.00000
16.50000 -6.00000 18.00000
16.00000 -6.00000 17.50000
16.00000 -6.50000 18.00000
16.50000 -6.00000 26.00000
16.00000 -6.00000 25.50000
16.50000 -5.00000 -9.00000
16.00000 -5.00000 -8.50000
16.00000 -5.50000 -7.00000
16.00000 -5.50000 -6.00000
16.00000 -5.50000 -5.00000
16.00000 -5.50000 -4.00000
16.00000 -5.50000 -3.00000
16.50000 -5.00000 -2.00000
16.00000 -5.00000 -2.50000
16.50000 -5.00000 -1.00000
16.50000 -5.00000 0.00000
16.50000 -5.00000 18.00000
16.00000 -5.00000 17.50000
16.50000 -5.00000 26.00000
16.00000 -5.00000 25.50000
16.00000 -4.00000 -9.50000
16.00000 -4.50000 -9.00000
16.00000 -4.50000 -2.00000
16.00000 -4.50000 -1.00000
16.00000 -4.50000 0.00000
16.50000 -4.00000 1.00000
16.00000 -4.00000 0.50000
16.00000 -4.00000 17.50000
16.50000 -4.00000 26.00000
16.00000 -4.00000 25.50000
16.00000 -3.00000 -9.50000
16.50000 -3.00000 1.00000
16.00000 -3.00000 0.50000
16.50000 -3.00000 17.00000
16.00000 -3.00000 16.50000
16.00000 -3.50000 17.00000
16.50000 -3.00000 26.00000
16.00000 -3.00000 25.50000
16.00000 -2.00000 -9.50000
16.00000 -2.50000 1.00000
16.50000 -2.00000 2.00000
16.00000 -2.00000 1.50000
16.50000 -2.00000 3.00000
16.50000 -2.00000 4.00000
16.50000 -2.00000 17.00000
16.00000 -2.00000 16.50000
16.50000 -2.00000 25.00000
16.00000 -2.50000 25.00000
16.00000 -2.00000 24.50000
16.00000 -1.50000 -9.00000
16.00000 -1.00000 -8.50000
16.00000 -1.50000 2.00000
16.00000 -1.50000 3.00000
16.00000 -1.50000 4.00000
16.50000 -1.00000 5.00000
16.00000 -1.00000 4.50000
16.50000 -1.00000 16.00000
16.00000 -1.00000 15.50000
16.00000 -1.50000 16.00000
16.50000 -1.00000 25.00000
16.00000 -1.00000 24.50000
16.00000 0.00000 -8.50000
16.50000 0.00000 5.00000
16.00000 0.00000 4.50000
16.50000 0.00000 16.00000
16.00000 0.00000 15.50000
16.50000 0.00000 25.00000
16.00000 0.00000 24.50000
16.00000 0.50000 -8.00000
16.00000 1.00000 -7.50000
16.50000 1.00000 5.00000
16.00000 1.00000 4.50000
16.50000 1.00000 15.00000
16.00000 1.00000 14.50000
16.00000 0.50000 15.00000
16.00000 1.00000 24.50000
16.00000 1.50000 -7.00000
16.00000 2.00000 -6.50000
16.00000 2.00000 4.50000
16.50000 2.00000 15.00000
16.00000 2.00000 14.50000
16.00000 2.00000 24.50000
16.00000 3.00000 -6.50000
16.00000 3.00000 4.50000
16.50000 3.00000 14.00000
16.00000 3.00000 13.50000
16.00000 2.50000 14.00000
16.00000 3.00000 24.50000
16.50000 4.00000 -13.00000
16.00000 4.00000 -13.50000
16.00000 3.50000 -13.00000
16.00000 3.50000 -12.00000
16.00000 3.50000 -11.00000
16.00000 3.50000 -10.00000
16.00000 3.50000 -9.00000
16.50000 4.00000 -8.00000
16.00000 4.00000 -8.50000
16.00000 3.50000 -6.00000
16.50000 4.00000 -6.00000
16.00000 4.00000 -5.50000
16.00000 3.50000 4.00000
16.00000 4.00000 3.50000
16.50000 4.00000 14.00000
16.00000 4.00000 13.50000
16.50000 4.00000 24.00000
16.00000 4.00000 24.50000
16.00000 5.00000 -13.50000
16.00000 4.50000 -8.00000
16.50000 5.00000 -7.00000
16.00000 5.00000 -7.50000
16.00000 5.00000 -6.50000
16.00000 4.50000 -6.00000
16.50000 5.00000 3.00000
16.00000 4.50000 3.00000
16.00000 5.00000 2.50000
16.50000 5.00000 13.00000
16.00000 5.00000 12.50000
16.00000 4.50000 13.00000
16.00000 4.50000 24.00000
16.00000 5.00000 23.50000
16.00000 6.00000 -14.50000
16.00000 5.50000 -14.00000
16.00000 5.50000 -7.00000
16.00000 6.00000 2.50000
16.50000 6.00000 12.00000
16.00000 6.00000 11.50000
16.00000 5.50000 12.00000
16.00000 6.00000 23.50000
16.00000 7.00000 -14.50000
16.00000 6.50000 2.00000
16.00000 7.00000 1.50000
16.50000 7.00000 12.00000
16.00000 7.00000 11.50000
16.50000 7.00000 23.00000
16.00000 7.00000 23.50000
16.00000 8.00000 -14.50000
16.00000 7.50000 1.00000
16.00000 8.00000 0.50000
16.50000 8.00000 11.00000
16.00000 8.00000 10.50000
16.00000 7.50000 11.00000
16.00000 7.50000 23.00000
16.00000 8.00000 22.50000
16.00000 8.50000 -14.00000
16.00000 9.00000 -13.50000
16.50000 9.00000 -1.00000
16.00000 8.50000 -1.00000
16.00000 9.00000 -1.50000
16.00000 8.50000 0.00000
16.50000 9.00000 11.00000
16.00000 9.00000 10.50000
16.50000 9.00000 22.00000
16.00000 9.00000 22.50000
16.00000 9.50000 -13.00000
16.00000 10.00000 -12.50000
16.50000 10.00000 -1.00000
16.00000 10.00000 -1.50000
16.50000 10.00000 10.00000
16.00000 10.00000 9.50000
16.00000 9.50000 10.00000
16.00000 9.50000 22.00000
16.00000 10.00000 21.50000
16.00000 11.00000 -12.50000
16.50000 11.00000 -2.00000
16.00000 10.50000 -2.00000
16.00000 11.00000 -2.50000
16.50000 11.00000 -1.00000
16.50000 11.00000 8.00000
16.00000 11.00000 7.50000
16.00000 10.50000 8.00000
16.00000 10.50000 9.00000
16.50000 11.00000 9.00000
16.50000 11.00000 21.00000
16.00000 11.00000 21.50000
16.00000 11.50000 -12.00000
16.50000 12.00000 -12.00000
16.00000 12.00000 -11.50000
16.50000 12.00000 -2.00000
16.00000 12.00000 -2.50000
16.50000 12.00000 7.00000
16.00000 12.00000 6.50000
16.00000 11.50000 7.00000
16.50000 12.00000 8.00000
16.00000 11.50000 21.00000
16.00000 12.00000 20.50000
16.00000 13.00000 -11.50000
16.50000 13.00000 -3.00000
16.00000 12.50000 -3.00000
16.00000 13.00000 -3.50000
16.50000 13.00000 -2.00000
16.50000 13.00000 6.00000
16.00000 13.00000 5.50000
16.00000 12.50000 6.00000
16.50000 13.00000 7.00000
16.50000 13.00000 20.00000
16.00000 13.00000 20.50000
16.00000 13.50000 -11.00000
16.50000 14.00000 -11.00000
16.00000 14.00000 -10.50000
16.50000 14.00000 -5.00000
16.00000 13.50000 -5.00000
16.00000 14.00000 -5.50000
16.50000 14.00000 -4.00000
16.00000 13.50000 -4.00000
16.50000 14.00000 -3.00000
16.50000 14.00000 5.00000
16.00000 14.00000 4.50000
16.00000 13.50000 5.00000
16.50000 14.00000 6.00000
16.00000 13.50000 20.00000
16.00000 14.00000 19.50000
16.50000 15.00000 -11.00000
16.00000 15.00000 -10.50000
16.50000 15.00000 -6.00000
16.00000 14.50000 -6.00000
16.00000 15.00000 -6.50000
16.50000 15.00000 -5.00000
16.50000 15.00000 -4.00000
16.50000 15.00000 3.00000
16.00000 15.00000 2.50000
16.00000 14.50000 3.00000
16.00000 14.50000 4.00000
16.50000 15.00000 4.00000
16.00000 14.50000 19.00000
16.00000 15.00000 18.50000
16.00000 16.00000 -10.50000
16.50000 16.00000 -6.00000
16.00000 16.00000 -6.50000
16.50000 16.00000 -5.00000
16.50000 16.00000 1.00000
16.00000 16.00000 0.50000
16.00000 15.50000 1.00000
16.00000 15.50000 2.00000
16.50000 16.00000 2.00000
16.50000 16.00000 3.00000
16.00000 15.50000 18.00000
16.00000 16.00000 17.50000
16.00000 16.50000 -10.00000
16.50000 17.00000 -10.00000
16.00000 17.00000 -9.50000
16.50000 17.00000 -7.00000
16.00000 16.50000 -7.00000
16.00000 17.00000 -7.50000
16.50000 17.00000 -6.00000
16.50000 17.00000 -1.00000
16.00000 17.00000 -1.50000
16.00000 16.50000 -1.00000
16.00000 16.50000 0.00000
16.50000 17.00000 0.00000
16.50000 17.00000 1.00000
16.50000 17.00000 17.00000
16.00000 16.50000 17.00000
16.00000 17.00000 16.50000
16.50000 18.00000 -9.00000
16.00000 17.50000 -9.00000
16.00000 18.00000 -8.50000
16.00000 17.50000 -7.00000
16.00000 17.50000 -6.00000
16.50000 17.50000 -6.50000
16.50000 18.00000 -6.00000
16.00000 18.00000 -5.50000
16.50000 18.00000 -4.00000
16.00000 18.00000 -4.50000
16.00000 17.50000 -4.00000
16.00000 17.50000 -3.00000
16.50000 18.00000 -3.00000
16.00000 17.50000 -2.00000
16.50000 18.00000 -2.00000
16.50000 18.00000 -1.00000
16.50000 18.00000 16.00000
16.00000 17.50000 16.00000
16.00000 18.00000 15.50000
16.00000 19.00000 -8.50000
16.50000 19.00000 -6.00000
16.00000 18.50000 -5.00000
16.50000 19.00000 -5.00000
16.50000 19.00000 -4.00000
16.50000 19.00000 -3.00000
16.50000 19.00000 15.00000
16.00000 18.50000 15.00000
16.00000 19.00000 14.50000
16.50000 20.00000 -8.00000
16.00000 20.00000 -8.50000
16.50000 20.00000 14.00000
16.00000 19.50000 14.00000
16.00000 20.00000 13.50000
16.50000 21.00000 -8.00000
16.00000 21.00000 -8.50000
16.50000 21.00000 13.00000
16.00000 20.50000 13.00000
16.00000 21.00000 12.50000
16.50000 22.00000 -8.00000
16.00000 22.00000 -8.50000
16.50000 22.00000 12.00000
16.00000 21.50000 12.00000
16.00000 22.00000 11.50000
16.00000 22.50000 -8.00000
16.50000 23.00000 -7.00000
16.00000 23.00000 -7.50000
16.50000 23.00000 10.00000
16.00000 22.50000 10.00000
16.00000 23.00000 9.50000
16.00000 22.50000 11.00000
16.00000 23.50000 -7.00000
16.50000 24.00000 -6.00000
16.00000 24.00000 -6.50000
16.50000 24.00000 8.00000
16.00000 23.50000 8.00000
16.00000 24.00000 7.50000
16.00000 23.50000 9.00000
16.00000 24.50000 -6.00000
16.50000 25.00000 -5.00000
16.00000 25.00000 -5.50000
16.50000 25.00000 5.00000
16.00000 24.50000 5.00000
16.00000 25.00000 4.50000
16.50000 25.00000 6.00000
16.00000 24.50000 6.00000
16.00000 24.50000 7.00000
16.00000 25.50000 -5.00000
16.00000 25.50000 -4.00000
16.50000 26.00000 -3.00000
16.00000 26.00000 -3.50000
16.00000 25.50000 -2.00000
16.00000 26.00000 -2.50000
16.50000 26.00000 -2.00000
16.50000 26.00000 -1.00000
16.00000 25.50000 -1.00000
16.50000 26.00000 0.00000
16.00000 25.50000 0.00000
16.50000 26.00000 1.00000
16.00000 25.50000 1.00000
16.50000 26.00000 2.00000
16.00000 25.50000 2.00000
16.00000 25.50000 3.00000
16.00000 25.50000 4.00000
16.00000 26.50000 -3.00000
15.50000 -19.00000 20.00000
15.50000 -18.00000 20.00000
15.50000 -18.00000 21.00000
15.00000 -17.00000 19.50000
15.00000 -17.50000 20.00000
15.00000 -17.00000 20.50000
15.50000 -17.00000 21.00000
15.00000 -16.00000 19.50000
15.50000 -16.00000 21.00000
15.00000 -16.00000 20.50000
15.50000 -16.00000 22.00000
15.00000 -15.00000 19.50000
15.50000 -15.00000 21.00000
15.00000 -15.00000 20.50000
15.50000 -15.00000 22.00000
15.50000 -15.00000 23.00000
15.00000 -14.00000 19.50000
15.00000 -14.50000 21.00000
15.00000 -14.00000 21.50000
15.50000 -14.00000 22.00000
15.50000 -14.00000 23.00000
15.00000 -13.00000 19.50000
15.00000 -13.50000 22.00000
15.00000 -13.00000 22.50000
15.50000 -13.00000 23.00000
15.50000 -13.00000 24.00000
15.50000 -12.00000 19.00000
15.00000 -12.00000 18.50000
15.00000 -12.50000 19.00000
15.00000 -12.50000 23.00000
15.00000 -12.00000 23.50000
15.50000 -12.00000 24.00000
15.50000 -11.00000 19.00000
15.00000 -11.00000 18.50000
15.50000 -11.00000 24.00000
15.00000 -11.00000 23.50000
15.00000 -10.00000 18.50000
15.50000 -10.00000 24.00000
15.00000 -10.00000 23.50000
15.00000 -9.00000 18.50000
15.00000 -9.50000 24.00000
15.50000 -9.00000 25.00000
15.00000 -9.00000 24.50000
15.50000 -8.00000 18.00000
15.00000 -8.00000 17.50000
15.00000 -8.50000 18.00000
15.50000 -8.00000 25.00000
15.00000 -8.00000 24.50000
15.50000 -7.00000 18.00000
15.00000 -7.00000 17.50000
15.50000 -7.00000 25.00000
15.00000 -7.00000 24.50000
15.50000 -6.00000 -8.00000
15.00000 -6.00000 17.50000
15.50000 -6.00000 25.00000
15.00000 -6.00000 24.50000
15.00000 -5.00000 -8.50000
15.00000 -5.50000 -8.00000
15.00000 -5.50000 -7.00000
15.00000 -5.50000 -6.00000
15.50000 -5.00000 -5.00000
15.00000 -5.00000 -5.50000
15.50000 -5.00000 -4.00000
15.50000 -5.00000 -3.00000
15.50000 -5.00000 17.00000
15.00000 -5.00000 16.50000
15.00000 -5.50000 17.00000
15.50000 -5.00000 25.00000
15.00000 -5.00000 24.50000
15.00000 -4.00000 -9.50000
15.00000 -4.50000 -9.00000
15.00000 -4.50000 -5.00000
15.00000 -4.50000 -4.00000
15.00000 -4.50000 -3.00000
15.00000 -4.50000 -2.00000
15.00000 -4.50000 -1.00000
15.50000 -4.00000 0.00000
15.00000 -4.00000 -0.50000
15.50000 -4.00000 17.00000
15.00000 -4.00000 16.50000
15.50000 -4.00000 25.00000
15.00000 -4.00000 24.50000
15.00000 -3.00000 -9.50000
15.50000 -3.00000 0.00000
15.00000 -3.00000 -0.50000
15.50000 -3.00000 16.00000
15.00000 -3.00000 15.50000
15.00000 -3.50000 16.00000
15.50000 -3.00000 25.00000
15.00000 -3.00000 24.50000
15.00000 -2.00000 -9.50000
15.00000 -2.50000 0.00000
15.50000 -2.00000 1.00000
15.00000 -2.00000 0.50000
15.50000 -2.00000 16.00000
15.00000 -2.00000 15.50000
15.00000 -2.00000 24.50000
15.00000 -1.50000 -9.00000
15.00000 -1.00000 -8.50000
15.00000 -1.50000 1.00000
15.50000 -1.00000 2.00000
15.00000 -1.00000 1.50000
15.50000 -1.00000 3.00000
15.50000 -1.00000 4.00000
15.50000 -1.00000 15.00000
15.00000 -1.00000 14.50000
15.00000 -1.50000 15.00000
15.50000 -1.00000 24.00000
15.00000 -1.50000 24.00000
15.00000 -1.00000 23.50000
15.00000 0.00000 -8.50000
15.00000 -0.50000 2.00000
15.00000 -0.50000 3.00000
15.00000 0.00000 3.50000
15.50000 0.00000 4.00000
15.50000 0.00000 15.00000
15.00000 0.00000 14.50000
15.50000 0.00000 24.00000
15.00000 0.00000 23.50000
15.00000 0.50000 -8.00000
15.00000 1.00000 -7.50000
15.00000 0.50000 4.00000
15.00000 1.00000 4.50000
15.00000 1.00000 14.50000
15.50000 1.00000 24.00000
15.00000 1.00000 23.50000
15.00000 1.50000 -7.00000
15.00000 2.00000 -6.50000
15.50000 2.00000 4.00000
15.00000 1.50000 4.00000
15.00000 2.00000 3.50000
15.50000 2.00000 14.00000
15.00000 2.00000 13.50000
15.00000 1.50000 14.00000
15.50000 2.00000 24.00000
15.00000 2.00000 23.50000
15.00000 3.00000 -6.50000
15.50000 3.00000 4.00000
15.00000 3.00000 3.50000
15.50000 3.00000 13.00000
15.00000 3.00000 12.50000
15.00000 2.50000 13.00000
15.50000 3.00000 23.00000
15.00000 2.50000 23.00000
15.00000 3.00000 22.50000
15.50000 3.00000 24.00000
15.00000 4.00000 -13.50000
15.00000 3.50000 -13.00000
15.00000 3.50000 -12.00000
15.00000 3.50000 -11.00000
15.00000 3.50000 -10.00000
15.00000 3.50000 -9.00000
15.00000 4.00000 -8.50000
15.00000 3.50000 -6.00000
15.00000 4.00000 -5.50000
15.50000 4.00000 3.00000
15.00000 3.50000 3.00000
15.00000 4.00000 2.50000
15.50000 4.00000 13.00000
15.00000 4.00000 12.50000
15.50000 4.00000 23.00000
15.00000 4.00000 22.50000
15.50000 4.00000 24.00000
15.50000 5.00000 -14.00000
15.00000 5.00000 -14.50000
15.00000 4.50000 -14.00000
15.00000 4.50000 -8.00000
15.00000 5.00000 -7.50000
15.50000 5.00000 -6.00000
15.00000 5.00000 -5.50000
15.00000 5.00000 2.50000
15.50000 5.00000 12.00000
15.00000 5.00000 11.50000
15.00000 4.50000 12.00000
15.50000 5.00000 23.00000
15.00000 5.00000 22.50000
15.00000 6.00000 -14.50000
15.00000 5.50000 -7.00000
15.00000 5.50000 -6.00000
15.50000 6.00000 2.00000
15.00000 5.50000 2.00000
15.00000 6.00000 1.50000
15.50000 6.00000 11.00000
15.00000 6.00000 10.50000
15.00000 5.50000 11.00000
15.50000 6.00000 23.00000
15.00000 6.00000 22.50000
15.00000 7.00000 -14.50000
15.50000 7.00000 1.00000
15.00000 6.50000 1.00000
15.00000 7.00000 0.50000
15.50000 7.00000 11.00000
15.00000 7.00000 10.50000
15.50000 7.00000 22.00000
15.00000 6.50000 22.00000
15.00000 7.00000 21.50000
15.50000 7.00000 23.00000
15.00000 8.00000 -14.50000
15.50000 8.00000 0.00000
15.00000 7.50000 0.00000
15.00000 8.00000 -0.50000
15.50000 8.00000 10.00000
15.00000 8.00000 9.50000
15.00000 7.50000 10.00000
15.50000 8.00000 22.00000
15.00000 8.00000 21.50000
15.00000 8.50000 -14.00000
15.00000 9.00000 -13.50000
15.50000 9.00000 -2.00000
15.00000 8.50000 -2.00000
15.00000 9.00000 -2.50000
15.00000 8.50000 -1.00000
15.50000 9.00000 9.00000
15.00000 9.00000 8.50000
15.00000 8.50000 9.00000
15.50000 9.00000 10.00000
15.50000 9.00000 21.00000
15.00000 8.50000 21.00000
15.00000 9.00000 20.50000
15.50000 9.00000 22.00000
15.00000 9.50000 -13.00000
15.00000 10.00000 -12.50000
15.50000 10.00000 -3.00000
15.00000 9.50000 -3.00000
15.00000 10.00000 -3.50000
15.50000 10.00000 -2.00000
15.50000 10.00000 8.00000
15.00000 10.00000 7.50000
15.00000 9.50000 8.00000
15.50000 10.00000 9.00000
15.50000 10.00000 21.00000
15.00000 10.00000 20.50000
15.00000 11.00000 -12.50000
15.50000 11.00000 -4.00000
15.00000 10.50000 -4.00000
15.00000 11.00000 -4.50000
15.50000 11.00000 -3.00000
15.50000 11.00000 7.00000
15.00000 11.00000 6.50000
15.00000 10.50000 7.00000
15.50000 11.00000 20.00000
15.00000 10.50000 20.00000
15.00000 11.00000 19.50000
15.50000 11.00000 21.00000
15.00000 11.50000 -12.00000
15.00000 12.00000 -11.50000
15.50000 12.00000 -4.00000
15.00000 12.00000 -4.50000
15.50000 12.00000 -3.00000
15.50000 12.00000 6.00000
15.00000 12.00000 5.50000
15.00000 11.50000 6.00000
15.50000 12.00000 20.00000
15.00000 12.00000 19.50000
15.00000 13.00000 -11.50000
15.50000 13.00000 -6.00000
15.00000 12.50000 -6.00000
15.00000 13.00000 -6.50000
15.50000 13.00000 -5.00000
15.00000 12.50000 -5.00000
15.50000 13.00000 -4.00000
15.50000 13.00000 4.00000
15.00000 13.00000 3.50000
15.00000 12.50000 4.00000
15.00000 12.50000 5.00000
15.50000 13.00000 5.00000
15.50000 13.00000 19.00000
15.00000 12.50000 19.00000
15.00000 13.00000 18.50000
15.50000 13.00000 20.00000
15.00000 13.50000 -11.00000
15.00000 14.00000 -10.50000
15.50000 14.00000 -6.00000
15.00000 14.00000 -6.50000
15.50000 14.00000 3.00000
15.00000 14.00000 2.50000
15.00000 13.50000 3.00000
15.50000 14.00000 4.00000
15.50000 14.00000 18.00000
15.00000 13.50000 18.00000
15.00000 14.00000 17.50000
15.50000 14.00000 19.00000
15.00000 14.50000 -10.00000
15.50000 15.00000 -10.00000
15.00000 15.00000 -9.50000
15.50000 15.00000 -7.00000
15.00000 14.50000 -7.00000
15.00000 15.00000 -7.50000
15.50000 15.00000 0.00000
15.00000 15.00000 -0.50000
15.00000 14.50000 0.00000
15.00000 14.50000 1.00000
15.50000 15.00000 1.00000
15.00000 14.50000 2.00000
15.50000 15.00000 2.00000
15.50000 15.00000 18.00000
15.00000 15.00000 17.50000
15.50000 16.00000 -10.00000
15.00000 16.00000 -9.50000
15.50000 16.00000 -7.00000
15.00000 16.00000 -7.50000
15.50000 16.00000 -2.00000
15.00000 16.00000 -2.50000
15.00000 15.50000 -2.00000
15.00000 15.50000 -1.00000
15.50000 16.00000 -1.00000
15.50000 16.00000 0.00000
15.50000 16.00000 17.00000
15.00000 15.50000 17.00000
15.00000 16.00000 16.50000
15.00000 17.00000 -9.50000
15.50000 17.00000 -7.00000
15.00000 16.50000 -7.00000
15.00000 16.50000 -6.00000
15.50000 17.00000 -6.00000
15.00000 16.50000 -5.00000
15.50000 17.00000 -5.00000
15.00000 16.50000 -4.00000
15.50000 17.00000 -4.00000
15.00000 16.50000 -3.00000
15.50000 17.00000 -3.00000
15.50000 17.00000 -2.00000
15.50000 17.00000 16.00000
15.00000 16.50000 16.00000
15.00000 17.00000 15.50000
15.50000 18.00000 -9.00000
15.00000 18.00000 -9.50000
15.50000 18.00000 -5.00000
15.50000 18.00000 15.00000
15.00000 17.50000 15.00000
15.00000 18.00000 14.50000
15.00000 18.50000 -9.00000
15.00000 19.00000 -8.50000
15.50000 19.00000 14.00000
15.00000 18.50000 14.00000
15.00000 19.00000 13.50000
15.00000 20.00000 -8.50000
15.50000 20.00000 13.00000
15.00000 19.50000 13.00000
15.00000 20.00000 12.50000
15.00000 21.00000 -8.50000
15.50000 21.00000 12.00000
15.00000 20.50000 12.00000
15.00000 21.00000 11.50000
15.00000 22.00000 -8.50000
15.50000 22.00000 11.00000
15.00000 21.50000 11.00000
15.00000 22.00000 10.50000
15.00000 22.50000 -8.00000
15.00000 23.00000 -7.50000
15.50000 23.00000 9.00000
15.00000 22.50000 9.00000
15.00000 23.00000 8.50000
15.00000 22.50000 10.00000
15.00000 23.50000 -7.00000
15.00000 24.00000 -6.50000
15.50000 24.00000 7.00000
15.00000 23.50000 7.00000
15.00000 24.00000 6.50000
15.00000 23.50000 8.00000
15.00000 24.50000 -6.00000
15.00000 25.00000 -5.50000
15.50000 25.00000 3.00000
15.00000 24.50000 3.00000
15.00000 25.00000 2.50000
15.50000 25.00000 4.00000
15.00000 24.50000 4.00000
15.00000 24.50000 5.00000
15.00000 24.50000 6.00000
15.00000 25.50000 -5.00000
15.50000 26.00000 -4.00000
15.00000 26.00000 -4.50000
15.00000 25.50000 -3.00000
15.00000 26.00000 -3.50000
15.50000 26.00000 -3.00000
15.00000 25.50000 -2.00000
15.00000 25.50000 -1.00000
15.00000 25.50000 0.00000
15.00000 25.50000 1.00000
15.00000 25.50000 2.00000
15.00000 26.50000 -4.00000
14.50000 -17.00000 20.00000
14.50000 -16.00000 20.00000
14.50000 -15.00000 20.00000
14.00000 -14.00000 19.50000
14.00000 -14.50000 20.00000
14.50000 -14.00000 21.00000
14.00000 -14.00000 20.50000
14.00000 -13.00000 19.50000
14.50000 -13.00000 21.00000
14.00000 -13.00000 20.50000
14.50000 -13.00000 22.00000
14.50000 -12.00000 19.00000
14.00000 -12.00000 19.50000
14.50000 -12.00000 21.00000
14.00000 -12.00000 20.50000
14.50000 -12.00000 22.00000
14.50000 -12.00000 23.00000
14.50000 -11.00000 19.00000
14.00000 -11.00000 19.50000
14.00000 -11.50000 21.00000
14.00000 -11.00000 21.50000
14.50000 -11.00000 22.00000
14.50000 -11.00000 23.00000
14.00000 -10.00000 18.50000
14.00000 -10.50000 19.00000
14.00000 -10.50000 22.00000
14.00000 -10.00000 22.50000
14.50000 -10.00000 23.00000
14.00000 -9.00000 18.50000
14.50000 -9.00000 23.00000
14.00000 -9.00000 22.50000
14.50000 -9.00000 24.00000
14.00000 -8.00000 17.50000
14.00000 -8.50000 18.00000
14.00000 -8.50000 23.00000
14.00000 -8.00000 23.50000
14.50000 -8.00000 24.00000
14.00000 -7.00000 17.50000
14.50000 -7.00000 24.00000
14.00000 -7.00000 23.50000
14.50000 -6.00000 17.00000
14.00000 -6.00000 16.50000
14.00000 -6.50000 17.00000
14.50000 -6.00000 24.00000
14.00000 -6.00000 23.50000
14.00000 -5.00000 -8.50000
14.00000 -5.50000 -8.00000
14.50000 -5.00000 -7.00000
14.00000 -5.00000 -7.50000
14.50000 -5.00000 -6.00000
14.50000 -5.00000 16.00000
14.00000 -5.00000 15.50000
14.00000 -5.50000 16.00000
14.50000 -5.00000 24.00000
14.00000 -5.00000 23.50000
14.50000 -4.00000 -9.00000
14.00000 -4.00000 -8.50000
14.00000 -4.50000 -7.00000
14.00000 -4.50000 -6.00000
14.00000 -4.50000 -5.00000
14.50000 -4.00000 -4.00000
14.00000 -4.00000 -4.50000
14.50000 -4.00000 -3.00000
14.50000 -4.00000 -2.00000
14.50000 -4.00000 -1.00000
14.50000 -4.00000 16.00000
14.00000 -4.00000 15.50000
14.50000 -4.00000 24.00000
14.00000 -4.00000 23.50000
14.50000 -3.00000 -9.00000
14.00000 -3.00000 -8.50000
14.00000 -3.50000 -4.00000
14.00000 -3.50000 -3.00000
14.00000 -3.50000 -2.00000
14.00000 -3.00000 -1.50000
14.50000 -3.00000 -1.00000
14.50000 -3.00000 15.00000
14.00000 -3.00000 14.50000
14.00000 -3.50000 15.00000
14.50000 -3.00000 24.00000
14.00000 -3.00000 23.50000
14.50000 -2.00000 -9.00000
14.00000 -2.00000 -8.50000
14.00000 -2.50000 -1.00000
14.50000 -2.00000 0.00000
14.00000 -2.00000 -0.50000
14.50000 -2.00000 15.00000
14.00000 -2.00000 14.50000
14.50000 -2.00000 24.00000
14.00000 -2.00000 23.50000
14.00000 -1.00000 -8.50000
14.50000 -1.00000 0.00000
14.00000 -1.00000 -0.50000
14.50000 -1.00000 1.00000
14.50000 -1.00000 14.00000
14.00000 -1.00000 13.50000
14.00000 -1.50000 14.00000
14.00000 -1.00000 23.50000
14.00000 0.00000 -8.50000
14.00000 -0.50000 0.00000
14.00000 -0.50000 1.00000
14.50000 0.00000 2.00000
14.00000 0.00000 1.50000
14.50000 0.00000 3.00000
14.50000 0.00000 14.00000
14.00000 0.00000 13.50000
14.50000 0.00000 23.00000
14.00000 -0.50000 23.00000
14.00000 0.00000 22.50000
14.00000 0.50000 -8.00000
14.00000 1.00000 -7.50000
14.00000 0.50000 2.00000
14.00000 1.00000 2.50000
14.50000 1.00000 3.00000
14.50000 1.00000 4.00000
14.50000 1.00000 14.00000
14.00000 1.00000 13.50000
14.50000 1.00000 23.00000
14.00000 1.00000 22.50000
14.00000 1.50000 -7.00000
14.00000 2.00000 -6.50000
14.50000 2.00000 3.00000
14.00000 2.00000 2.50000
14.50000 2.00000 13.00000
14.00000 2.00000 12.50000
14.00000 1.50000 13.00000
14.50000 2.00000 23.00000
14.00000 2.00000 22.50000
14.00000 3.00000 -6.50000
14.50000 3.00000 3.00000
14.00000 3.00000 2.50000
14.00000 3.00000 12.50000
14.00000 3.00000 22.50000
14.00000 4.00000 -13.50000
14.00000 3.50000 -13.00000
14.00000 3.50000 -12.00000
14.00000 3.50000 -11.00000
14.00000 3.50000 -10.00000
14.00000 3.50000 -9.00000
14.00000 4.00000 -8.50000
14.00000 3.50000 -6.00000
14.00000 4.00000 -5.50000
14.50000 4.00000 2.00000
14.00000 3.50000 2.00000
14.00000 4.00000 1.50000
14.50000 4.00000 12.00000
14.00000 4.00000 11.50000
14.00000 3.50000 12.00000
14.00000 4.00000 22.50000
14.00000 5.00000 -14.50000
14.00000 4.50000 -14.00000
14.00000 4.50000 -8.00000
14.00000 5.00000 -7.50000
14.00000 5.00000 -5.50000
14.50000 5.00000 2.00000
14.00000 5.00000 1.50000
14.50000 5.00000 11.00000
14.00000 5.00000 10.50000
14.00000 4.50000 11.00000
14.50000 5.00000 22.00000
14.00000 4.50000 22.00000
14.00000 5.00000 21.50000
14.00000 6.00000 -14.50000
14.00000 5.50000 -7.00000
14.50000 6.00000 -6.00000
14.00000 6.00000 -6.50000
14.00000 6.00000 -5.50000
14.50000 6.00000 1.00000
14.00000 5.50000 1.00000
14.00000 6.00000 0.50000
14.50000 6.00000 10.00000
14.00000 6.00000 9.50000
14.00000 5.50000 10.00000
14.50000 6.00000 22.00000
14.00000 6.00000 21.50000
14.00000 7.00000 -14.50000
14.00000 6.50000 -6.00000
14.00000 7.00000 0.50000
14.50000 7.00000 10.00000
14.00000 7.00000 9.50000
14.50000 7.00000 21.00000
14.00000 6.50000 21.00000
14.00000 7.00000 20.50000
14.00000 8.00000 -14.50000
14.50000 8.00000 -1.00000
14.00000 7.50000 -1.00000
14.00000 8.00000 -1.50000
14.00000 7.50000 0.00000
14.50000 8.00000 9.00000
14.00000 8.00000 8.50000
14.00000 7.50000 9.00000
14.50000 8.00000 21.00000
14.00000 8.00000 20.50000
14.00000 8.50000 -14.00000
14.00000 9.00000 -13.50000
14.50000 9.00000 -5.00000
14.00000 8.50000 -5.00000
14.00000 9.00000 -5.50000
14.50000 9.00000 -4.00000
14.00000 8.50000 -4.00000
14.50000 9.00000 -3.00000
14.00000 8.50000 -3.00000
14.00000 8.50000 -2.00000
14.50000 9.00000 8.00000
14.00000 9.00000 7.50000
14.00000 8.50000 8.00000
14.00000 9.00000 20.50000
14.00000 9.50000 -13.00000
14.00000 10.00000 -12.50000
14.50000 10.00000 -5.00000
14.00000 10.00000 -5.50000
14.50000 10.00000 -4.00000
14.50000 10.00000 7.00000
14.00000 10.00000 6.50000
14.00000 9.50000 7.00000
14.50000 10.00000 20.00000
14.00000 9.50000 20.00000
14.00000 10.00000 19.50000
14.00000 11.00000 -12.50000
14.50000 11.00000 -5.00000
14.00000 11.00000 -5.50000
14.50000 11.00000 5.00000
14.00000 11.00000 4.50000
14.00000 10.50000 5.00000
14.00000 10.50000 6.00000
14.50000 11.00000 6.00000
14.50000 11.00000 19.00000
14.00000 10.50000 19.00000
14.00000 11.00000 18.50000
14.00000 11.50000 -12.00000
14.00000 12.00000 -11.50000
14.50000 12.00000 -6.00000
14.00000 11.50000 -6.00000
14.00000 12.00000 -6.50000
14.50000 12.00000 -5.00000
14.50000 12.00000 4.00000
14.00000 12.00000 3.50000
14.00000 11.50000 4.00000
14.50000 12.00000 5.00000
14.50000 12.00000 19.00000
14.00000 12.00000 18.50000
14.00000 12.50000 -11.00000
14.50000 13.00000 -11.00000
14.00000 13.00000 -10.50000
14.50000 13.00000 -7.00000
14.00000 12.50000 -7.00000
14.00000 13.00000 -7.50000
14.50000 13.00000 2.00000
14.00000 13.00000 1.50000
14.00000 12.50000 2.00000
14.00000 12.50000 3.00000
14.50000 13.00000 3.00000
14.50000 13.00000 18.00000
14.00000 12.50000 18.00000
14.00000 13.00000 17.50000
14.00000 14.00000 -10.50000
14.50000 14.00000 -7.00000
14.00000 14.00000 -7.50000
14.50000 14.00000 -2.00000
14.00000 14.00000 -2.50000
14.00000 13.50000 -2.00000
14.00000 13.50000 -1.00000
14.50000 14.00000 -1.00000
14.00000 13.50000 0.00000
14.50000 14.00000 0.00000
14.00000 13.50000 1.00000
14.50000 14.00000 1.00000
14.50000 14.00000 2.00000
14.00000 14.00000 17.50000
14.00000 14.50000 -10.00000
14.00000 15.00000 -9.50000
14.00000 15.00000 -7.50000
14.00000 14.50000 -6.00000
14.50000 15.00000 -6.00000
14.00000 15.00000 -6.50000
14.00000 14.50000 -5.00000
14.50000 15.00000 -5.00000
14.00000 14.50000 -4.00000
14.50000 15.00000 -4.00000
14.00000 14.50000 -3.00000
14.50000 15.00000 -3.00000
14.50000 15.00000 -2.00000
14.50000 15.00000 -1.00000
14.50000 15.00000 17.00000
14.00000 14.50000 17.00000
14.00000 15.00000 16.50000
14.00000 16.00000 -9.50000
14.00000 15.50000 -7.00000
14.50000 16.00000 -7.00000
14.50000 16.00000 -6.00000
14.50000 16.00000 -5.00000
14.50000 16.00000 -4.00000
14.50000 16.00000 -3.00000
14.50000 16.00000 16.00000
14.00000 15.50000 16.00000
14.00000 16.00000 15.50000
14.00000 17.00000 -9.50000
14.50000 17.00000 15.00000
14.00000 16.50000 15.00000
14.00000 17.00000 14.50000
14.00000 18.00000 -9.50000
14.00000 18.00000 14.50000
14.50000 19.00000 -9.00000
14.00000 19.00000 -9.50000
14.00000 18.50000 14.00000
14.00000 19.00000 13.50000
14.00000 19.50000 -9.00000
14.00000 20.00000 -8.50000
14.50000 20.00000 12.00000
14.00000 19.50000 12.00000
14.00000 20.00000 11.50000
14.00000 19.50000 13.00000
14.00000 21.00000 -8.50000
14.50000 21.00000 11.00000
14.00000 20.50000 11.00000
14.00000 21.00000 10.50000
14.00000 22.00000 -8.50000
14.50000 22.00000 10.00000
14.00000 21.50000 10.00000
14.00000 22.00000 9.50000
14.00000 22.50000 -8.00000
14.00000 23.00000 -7.50000
14.50000 23.00000 8.00000
14.00000 22.50000 8.00000
14.00000 23.00000 7.50000
14.00000 22.50000 9.00000
14.00000 23.50000 -7.00000
14.00000 24.00000 -6.50000
14.50000 24.00000 6.00000
14.00000 23.50000 6.00000
14.00000 24.00000 5.50000
14.00000 23.50000 7.00000
14.00000 24.50000 -6.00000
14.00000 25.00000 -5.50000
14.50000 25.00000 -2.00000
14.00000 24.50000 -2.00000
14.00000 25.00000 -2.50000
14.50000 25.00000 -1.00000
14.00000 24.50000 -1.00000
14.50000 25.00000 0.00000
14.00000 24.50000 0.00000
14.50000 25.00000 1.00000
14.00000 24.50000 1.00000
14.50000 25.00000 2.00000
14.00000 24.50000 2.00000
14.00000 24.50000 3.00000
14.00000 24.50000 4.00000
14.00000 24.50000 5.00000
14.00000 25.50000 -5.00000
14.50000 26.00000 -4.00000
14.00000 25.50000 -4.00000
14.00000 25.50000 -3.00000
13.50000 -14.00000 20.00000
13.50000 -13.00000 20.00000
13.50000 -12.00000 20.00000
13.50000 -11.00000 20.00000
13.50000 -11.00000 21.00000
13.50000 -10.00000 19.00000
13.50000 -10.00000 20.00000
13.50000 -10.00000 21.00000
13.50000 -10.00000 22.00000
13.00000 -9.00000 18.50000
13.00000 -9.50000 19.00000
13.00000 -9.50000 20.00000
13.00000 -9.00000 20.50000
13.50000 -9.00000 21.00000
13.50000 -9.00000 22.00000
13.50000 -8.00000 18.00000
13.00000 -8.00000 18.50000
13.50000 -8.00000 21.00000
13.00000 -8.00000 20.50000
13.50000 -8.00000 22.00000
13.50000 -8.00000 23.00000
13.00000 -7.00000 17.50000
13.00000 -7.50000 18.00000
13.00000 -7.50000 21.00000
13.00000 -7.00000 21.50000
13.50000 -7.00000 22.00000
13.50000 -7.00000 23.00000
13.00000 -6.00000 16.50000
13.00000 -6.50000 17.00000
13.50000 -6.00000 22.00000
13.00000 -6.00000 21.50000
13.50000 -6.00000 23.00000
13.50000 -5.00000 -8.00000
13.00000 -5.00000 15.50000
13.00000 -5.50000 16.00000
13.00000 -5.50000 22.00000
13.00000 -5.00000 22.50000
13.50000 -5.00000 23.00000
13.00000 -4.00000 -8.50000
13.00000 -4.50000 -8.00000
13.00000 -4.50000 -7.00000
13.00000 -4.50000 -6.00000
13.50000 -4.00000 -5.00000
13.00000 -4.00000 -5.50000
13.00000 -4.00000 15.50000
13.50000 -4.00000 23.00000
13.00000 -4.00000 22.50000
13.00000 -3.00000 -8.50000
13.00000 -3.50000 -5.00000
13.00000 -3.50000 -4.00000
13.50000 -3.00000 -3.00000
13.00000 -3.00000 -3.50000
13.50000 -3.00000 -2.00000
13.00000 -3.00000 14.50000
13.00000 -3.50000 15.00000
13.50000 -3.00000 23.00000
13.00000 -3.00000 22.50000
13.00000 -2.00000 -8.50000
13.00000 -2.50000 -3.00000
13.00000 -2.00000 -2.50000
13.50000 -2.00000 -2.00000
13.50000 -2.00000 -1.00000
13.50000 -2.00000 14.00000
13.00000 -2.00000 13.50000
13.00000 -2.50000 14.00000
13.50000 -2.00000 23.00000
13.00000 -2.00000 22.50000
13.00000 -1.00000 -8.50000
13.00000 -1.50000 -2.00000
13.00000 -1.00000 -1.50000
13.50000 -1.00000 -1.00000
13.50000 -1.00000 13.00000
13.00000 -1.00000 12.50000
13.00000 -1.50000 13.00000
13.50000 -1.00000 23.00000
13.00000 -1.00000 22.50000
13.00000 -0.50000 -8.00000
13.50000 0.00000 -8.00000
13.00000 0.00000 -7.50000
13.50000 0.00000 -1.00000
13.00000 0.00000 -1.50000
13.50000 0.00000 0.00000
13.50000 0.00000 1.00000
13.50000 0.00000 13.00000
13.00000 0.00000 12.50000
13.00000 0.00000 22.50000
13.50000 1.00000 -7.00000
13.00000 0.50000 -7.00000
13.00000 1.00000 -6.50000
13.00000 0.50000 -1.00000
13.00000 1.00000 -0.50000
13.50000 1.00000 0.00000
13.50000 1.00000 1.00000
13.50000 1.00000 2.00000
13.50000 1.00000 12.00000
13.00000 1.00000 11.50000
13.00000 0.50000 12.00000
13.50000 1.00000 13.00000
13.00000 1.00000 22.50000
13.00000 2.00000 -6.50000
13.00000 1.50000 0.00000
13.00000 1.50000 1.00000
13.00000 2.00000 1.50000
13.50000 2.00000 2.00000
13.50000 2.00000 12.00000
13.00000 2.00000 11.50000
13.50000 2.00000 22.00000
13.00000 1.50000 22.00000
13.00000 2.00000 21.50000
13.00000 2.50000 -6.00000
13.50000 3.00000 -6.00000
13.00000 3.00000 -5.50000
13.50000 3.00000 2.00000
13.00000 3.00000 1.50000
13.50000 3.00000 11.00000
13.00000 3.00000 10.50000
13.00000 2.50000 11.00000
13.50000 3.00000 12.00000
13.50000 3.00000 22.00000
13.00000 3.00000 21.50000
13.50000 4.00000 -13.00000
13.00000 4.00000 -12.50000
13.00000 3.50000 -12.00000
13.00000 3.50000 -11.00000
13.00000 3.50000 -10.00000
13.50000 4.00000 -9.00000
13.00000 4.00000 -9.50000
13.00000 4.00000 -5.50000
13.00000 4.00000 1.50000
13.50000 4.00000 11.00000
13.00000 4.00000 10.50000
13.50000 4.00000 22.00000
13.00000 4.00000 21.50000
13.50000 5.00000 -14.00000
13.00000 5.00000 -13.50000
13.00000 4.50000 -13.00000
13.00000 4.50000 -9.00000
13.00000 4.50000 -8.00000
13.00000 5.00000 -7.50000
13.00000 5.00000 -5.50000
13.50000 5.00000 1.00000
13.00000 4.50000 1.00000
13.00000 5.00000 0.50000
13.50000 5.00000 10.00000
13.00000 5.00000 9.50000
13.00000 4.50000 10.00000
13.50000 5.00000 21.00000
13.00000 4.50000 21.00000
13.00000 5.00000 20.50000
13.00000 6.00000 -14.50000
13.00000 5.50000 -14.00000
13.50000 6.00000 -7.00000
13.00000 6.00000 -7.50000
13.00000 6.00000 -5.50000
13.00000 6.00000 0.50000
13.50000 6.00000 9.00000
13.00000 6.00000 8.50000
13.00000 5.50000 9.00000
13.50000 6.00000 21.00000
13.00000 6.00000 20.50000
13.00000 7.00000 -14.50000
13.00000 6.50000 -7.00000
13.50000 7.00000 -6.00000
13.00000 7.00000 -6.50000
13.00000 7.00000 -5.50000
13.50000 7.00000 0.00000
13.00000 6.50000 0.00000
13.00000 7.00000 -0.50000
13.50000 7.00000 9.00000
13.00000 7.00000 8.50000
13.00000 7.00000 20.50000
13.00000 8.00000 -14.50000
13.50000 8.00000 -6.00000
13.00000 8.00000 -6.50000
13.00000 7.50000 -5.00000
13.50000 8.00000 -5.00000
13.50000 8.00000 -4.00000
13.00000 7.50000 -4.00000
13.50000 8.00000 -3.00000
13.00000 7.50000 -3.00000
13.50000 8.00000 -2.00000
13.00000 7.50000 -2.00000
13.00000 7.50000 -1.00000
13.50000 8.00000 8.00000
13.00000 8.00000 7.50000
13.00000 7.50000 8.00000
13.50000 8.00000 20.00000
13.00000 7.50000 20.00000
13.00000 8.00000 19.50000
13.00000 8.50000 -14.00000
13.00000 9.00000 -13.50000
13.50000 9.00000 -6.00000
13.00000 9.00000 -6.50000
13.50000 9.00000 7.00000
13.00000 9.00000 6.50000
13.00000 8.50000 7.00000
13.50000 9.00000 20.00000
13.00000 9.00000 19.50000
13.50000 10.00000 -13.00000
13.00000 10.00000 -13.50000
13.50000 10.00000 -6.00000
13.00000 10.00000 -6.50000
13.50000 10.00000 5.00000
13.00000 10.00000 4.50000
13.00000 9.50000 5.00000
13.00000 9.50000 6.00000
13.50000 10.00000 6.00000
13.50000 10.00000 19.00000
13.00000 9.50000 19.00000
13.00000 10.00000 18.50000
13.00000 10.50000 -13.00000
13.00000 11.00000 -12.50000
13.50000 11.00000 -6.00000
13.00000 11.00000 -6.50000
13.50000 11.00000 4.00000
13.00000 11.00000 3.50000
13.00000 10.50000 4.00000
13.00000 11.00000 18.50000
13.00000 11.50000 -12.00000
13.00000 12.00000 -11.50000
13.00000 12.00000 -6.50000
13.50000 12.00000 1.00000
13.00000 12.00000 0.50000
13.00000 11.50000 1.00000
13.00000 11.50000 2.00000
13.50000 12.00000 2.00000
13.00000 11.50000 3.00000
13.50000 12.00000 3.00000
13.50000 12.00000 18.00000
13.00000 11.50000 18.00000
13.00000 12.00000 17.50000
13.50000 13.00000 -11.00000
13.00000 13.00000 -11.50000
13.50000 13.00000 -7.00000
13.00000 12.50000 -6.00000
13.50000 13.00000 -6.00000
13.00000 12.50000 -5.00000
13.50000 13.00000 -5.00000
13.00000 12.50000 -4.00000
13.50000 13.00000 -4.00000
13.00000 12.50000 -3.00000
13.50000 13.00000 -3.00000
13.00000 12.50000 -2.00000
13.50000 13.00000 -2.00000
13.00000 12.50000 -1.00000
13.50000 13.00000 -1.00000
13.00000 12.50000 0.00000
13.50000 13.00000 0.00000
13.50000 13.00000 1.00000
13.00000 13.00000 17.50000
13.00000 13.50000 -11.00000
13.00000 14.00000 -10.50000
13.50000 14.00000 -7.00000
13.50000 14.00000 -6.00000
13.50000 14.00000 -5.00000
13.50000 14.00000 -4.00000
13.50000 14.00000 -3.00000
13.50000 14.00000 17.00000
13.00000 13.50000 17.00000
13.00000 14.00000 16.50000
13.50000 15.00000 -10.00000
13.00000 15.00000 -10.50000
13.50000 15.00000 -7.00000
13.50000 15.00000 16.00000
13.00000 14.50000 16.00000
13.00000 15.00000 15.50000
13.50000 16.00000 -10.00000
13.00000 16.00000 -10.50000
13.50000 16.00000 15.00000
13.00000 15.50000 15.00000
13.00000 16.00000 14.50000
13.00000 16.50000 -10.00000
13.00000 17.00000 -9.50000
13.00000 17.00000 14.50000
13.00000 18.00000 -9.50000
13.50000 18.00000 14.00000
13.00000 17.50000 14.00000
13.00000 18.00000 13.50000
13.00000 19.00000 -9.50000
13.50000 19.00000 13.00000
13.00000 18.50000 13.00000
13.00000 19.00000 12.50000
13.00000 19.50000 -9.00000
13.00000 20.00000 -8.50000
13.00000 19.50000 12.00000
13.00000 20.00000 11.50000
13.00000 21.00000 -8.50000
13.00000 20.50000 11.00000
13.00000 21.00000 10.50000
13.00000 21.50000 -8.00000
13.50000 22.00000 -8.00000
13.00000 22.00000 -7.50000
13.50000 22.00000 9.00000
13.00000 21.50000 9.00000
13.00000 22.00000 8.50000
13.00000 21.50000 10.00000
13.00000 23.00000 -7.50000
13.50000 23.00000 7.00000
13.00000 22.50000 7.00000
13.00000 23.00000 6.50000
13.00000 22.50000 8.00000
13.00000 23.50000 -7.00000
13.00000 24.00000 -6.50000
13.50000 24.00000 3.00000
13.00000 23.50000 3.00000
13.00000 24.00000 2.50000
13.50000 24.00000 4.00000
13.00000 23.50000 4.00000
13.50000 24.00000 5.00000
13.00000 23.50000 5.00000
13.00000 23.50000 6.00000
13.00000 24.50000 -6.00000
13.50000 25.00000 -5.00000
13.00000 24.50000 -5.00000
13.00000 25.00000 -4.50000
13.00000 24.50000 -2.00000
13.00000 25.00000 -2.50000
13.00000 24.50000 -1.00000
13.00000 24.50000 0.00000
13.00000 24.50000 1.00000
13.00000 24.50000 2.00000
13.00000 25.50000 -4.00000
13.00000 25.50000 -3.00000
12.50000 -9.00000 19.00000
12.50000 -9.00000 20.00000
12.50000 -8.00000 19.00000
12.50000 -8.00000 20.00000
12.00000 -7.00000 17.50000
12.00000 -7.50000 18.00000
12.50000 -7.00000 19.00000
12.00000 -7.00000 18.50000
12.50000 -7.00000 20.00000
12.50000 -7.00000 21.00000
12.50000 -6.00000 17.00000
12.00000 -6.00000 17.50000
12.50000 -6.00000 19.00000
12.00000 -6.00000 18.50000
12.50000 -6.00000 20.00000
12.50000 -6.00000 21.00000
12.50000 -5.00000 16.00000
12.00000 -5.00000 16.50000
12.00000 -5.50000 17.00000
12.00000 -5.50000 19.00000
12.00000 -5.00000 19.50000
12.50000 -5.00000 20.00000
12.50000 -5.00000 21.00000
12.50000 -5.00000 22.00000
12.50000 -4.00000 -8.00000
12.00000 -4.00000 -7.50000
12.00000 -4.50000 -7.00000
12.50000 -4.00000 -6.00000
12.00000 -4.00000 -6.50000
12.00000 -4.00000 15.50000
12.00000 -4.50000 16.00000
12.00000 -4.50000 20.00000
12.00000 -4.00000 20.50000
12.50000 -4.00000 21.00000
12.50000 -4.00000 22.00000
12.00000 -3.00000 -8.50000
12.00000 -3.50000 -8.00000
12.00000 -3.50000 -6.00000
12.00000 -3.50000 -5.00000
12.50000 -3.00000 -4.00000
12.00000 -3.00000 -4.50000
12.00000 -3.00000 14.50000
12.00000 -3.50000 15.00000
12.00000 -3.50000 21.00000
12.00000 -3.00000 21.50000
12.50000 -3.00000 22.00000
12.00000 -2.00000 -8.50000
12.00000 -2.50000 -4.00000
12.50000 -2.00000 -3.00000
12.00000 -2.00000 -3.50000
12.00000 -2.00000 13.50000
12.00000 -2.50000 14.00000
12.50000 -2.00000 22.00000
12.00000 -2.00000 21.50000
12.00000 -1.00000 -8.50000
12.50000 -1.00000 -3.00000
12.00000 -1.00000 -3.50000
12.50000 -1.00000 -2.00000
12.00000 -1.00000 12.50000
12.00000 -1.50000 13.00000
12.50000 -1.00000 22.00000
12.00000 -1.00000 21.50000
12.00000 -0.50000 -8.00000
12.00000 0.00000 -7.50000
12.00000 -0.50000 -3.00000
12.00000 0.00000 -2.50000
12.50000 0.00000 -2.00000
12.50000 0.00000 12.00000
12.00000 0.00000 11.50000
12.00000 -0.50000 12.00000
12.50000 0.00000 22.00000
12.00000 0.00000 21.50000
12.00000 0.50000 -7.00000
12.00000 1.00000 -6.50000
12.50000 1.00000 -2.00000
12.00000 1.00000 -2.50000
12.50000 1.00000 -1.00000
12.50000 1.00000 11.00000
12.00000 1.00000 10.50000
12.00000 0.50000 11.00000
12.50000 1.00000 22.00000
12.00000 1.00000 21.50000
12.00000 1.50000 -6.00000
12.50000 2.00000 -6.00000
12.00000 2.00000 -5.50000
12.00000 1.50000 -2.00000
12.00000 2.00000 -1.50000
12.50000 2.00000 -1.00000
12.50000 2.00000 0.00000
12.50000 2.00000 1.00000
12.50000 2.00000 11.00000
12.00000 2.00000 10.50000
12.50000 2.00000 21.00000
12.00000 1.50000 21.00000
12.00000 2.00000 20.50000
12.00000 3.00000 -5.50000
12.00000 2.50000 -1.00000
12.00000 3.00000 -0.50000
12.50000 3.00000 0.00000
12.50000 3.00000 1.00000
12.50000 3.00000 10.00000
12.00000 3.00000 9.50000
12.00000 2.50000 10.00000
12.50000 3.00000 21.00000
12.00000 3.00000 20.50000
12.00000 4.00000 -12.50000
12.00000 3.50000 -12.00000
12.00000 3.50000 -11.00000
12.00000 3.50000 -10.00000
12.00000 4.00000 -9.50000
12.00000 4.00000 -5.50000
12.50000 4.00000 0.00000
12.00000 4.00000 -0.50000
12.50000 4.00000 1.00000
12.50000 4.00000 9.00000
12.00000 4.00000 8.50000
12.00000 3.50000 9.00000
12.50000 4.00000 10.00000
12.50000 4.00000 21.00000
12.00000 4.00000 20.50000
12.00000 5.00000 -13.50000
12.00000 4.50000 -13.00000
12.00000 4.50000 -9.00000
12.50000 5.00000 -8.00000
12.00000 5.00000 -8.50000
12.00000 4.50000 -5.00000
12.50000 5.00000 -5.00000
12.00000 5.00000 -4.50000
12.50000 5.00000 0.00000
12.00000 5.00000 -0.50000
12.50000 5.00000 9.00000
12.00000 5.00000 8.50000
12.00000 5.00000 20.50000
12.50000 6.00000 -14.00000
12.00000 6.00000 -13.50000
12.00000 5.50000 -8.00000
12.00000 6.00000 -7.50000
12.50000 6.00000 -5.00000
12.00000 6.00000 -4.50000
12.50000 6.00000 -1.00000
12.00000 5.50000 -1.00000
12.00000 6.00000 -1.50000
12.50000 6.00000 0.00000
12.50000 6.00000 8.00000
12.00000 6.00000 7.50000
12.00000 5.50000 8.00000
12.50000 6.00000 20.00000
12.00000 5.50000 20.00000
12.00000 6.00000 19.50000
12.00000 7.00000 -14.50000
12.00000 6.50000 -14.00000
12.00000 6.50000 -7.00000
12.00000 7.00000 -6.50000
12.50000 7.00000 -5.00000
12.00000 6.50000 -4.00000
12.50000 7.00000 -4.00000
12.00000 7.00000 -3.50000
12.50000 7.00000 -2.00000
12.00000 6.50000 -2.00000
12.00000 7.00000 -2.50000
12.50000 7.00000 -1.00000
12.50000 7.00000 7.00000
12.00000 7.00000 6.50000
12.00000 6.50000 7.00000
12.50000 7.00000 8.00000
12.50000 7.00000 20.00000
12.00000 7.00000 19.50000
12.00000 8.00000 -14.50000
12.00000 8.00000 -6.50000
12.00000 7.50000 -3.00000
12.50000 8.00000 6.00000
12.00000 8.00000 5.50000
12.00000 7.50000 6.00000
12.50000 8.00000 7.00000
12.00000 8.00000 19.50000
12.50000 9.00000 -14.00000
12.00000 9.00000 -14.50000
12.00000 9.00000 -6.50000
12.50000 9.00000 5.00000
12.00000 9.00000 4.50000
12.00000 8.50000 5.00000
12.50000 9.00000 6.00000
12.50000 9.00000 19.00000
12.00000 8.50000 19.00000
12.00000 9.00000 18.50000
12.00000 9.50000 -14.00000
12.00000 10.00000 -13.50000
12.00000 9.50000 -6.00000
12.50000 10.00000 -6.00000
12.00000 10.00000 -5.50000
12.50000 10.00000 4.00000
12.00000 10.00000 3.50000
12.00000 9.50000 4.00000
12.00000 10.00000 18.50000
12.00000 10.50000 -13.00000
12.00000 11.00000 -12.50000
12.50000 11.00000 -6.00000
12.00000 10.50000 -5.00000
12.50000 11.00000 -5.00000
12.00000 11.00000 -4.50000
12.50000 11.00000 1.00000
12.00000 11.00000 0.50000
12.00000 10.50000 1.00000
12.00000 10.50000 2.00000
12.50000 11.00000 2.00000
12.00000 10.50000 3.00000
12.50000 11.00000 3.00000
12.50000 11.00000 18.00000
12.00000 10.50000 18.00000
12.00000 11.00000 17.50000
12.00000 11.50000 -12.00000
12.00000 12.00000 -11.50000
12.50000 12.00000 -6.00000
12.50000 12.00000 -5.00000
12.00000 11.50000 -4.00000
12.50000 12.00000 -4.00000
12.00000 11.50000 -3.00000
12.50000 12.00000 -3.00000
12.00000 11.50000 -2.00000
12.50000 12.00000 -2.00000
12.00000 11.50000 -1.00000
12.50000 12.00000 -1.00000
12.00000 11.50000 0.00000
12.50000 12.00000 0.00000
12.00000 12.00000 17.50000
12.00000 13.00000 -11.50000
12.50000 13.00000 17.00000
12.00000 12.50000 17.00000
12.00000 13.00000 16.50000
12.00000 13.50000 -11.00000
12.00000 14.00000 -10.50000
12.50000 14.00000 16.00000
12.00000 13.50000 16.00000
12.00000 14.00000 15.50000
12.00000 15.00000 -10.50000
12.00000 15.00000 15.50000
12.00000 16.00000 -10.50000
12.00000 15.50000 15.00000
12.00000 16.00000 14.50000
12.00000 16.50000 -10.00000
12.00000 17.00000 -9.50000
12.50000 17.00000 14.00000
12.00000 16.50000 14.00000
12.00000 17.00000 13.50000
12.00000 18.00000 -9.50000
12.50000 18.00000 13.00000
12.00000 17.50000 13.00000
12.00000 18.00000 12.50000
12.00000 19.00000 -9.50000
12.50000 19.00000 12.00000
12.00000 18.50000 12.00000
12.00000 19.00000 11.50000
12.00000 19.50000 -9.00000
12.00000 20.00000 -8.50000
12.50000 20.00000 11.00000
12.00000 19.50000 11.00000
12.00000 20.00000 10.50000
12.00000 20.50000 -8.00000
12.50000 21.00000 -8.00000
12.00000 21.00000 -7.50000
12.50000 21.00000 10.00000
12.00000 20.50000 10.00000
12.00000 21.00000 9.50000
12.50000 22.00000 -7.00000
12.00000 21.50000 -7.00000
12.00000 22.00000 -6.50000
12.50000 22.00000 8.00000
12.00000 21.50000 8.00000
12.00000 22.00000 7.50000
12.00000 21.50000 9.00000
12.50000 23.00000 -7.00000
12.00000 23.00000 -6.50000
12.50000 23.00000 5.00000
12.00000 22.50000 5.00000
12.00000 23.00000 4.50000
12.50000 23.00000 6.00000
12.00000 22.50000 6.00000
12.00000 22.50000 7.00000
12.50000 24.00000 -6.00000
12.00000 23.50000 -6.00000
12.50000 24.00000 -5.00000
12.00000 23.50000 -5.00000
12.00000 24.00000 -4.50000
12.50000 24.00000 -1.00000
12.00000 23.50000 -1.00000
12.00000 24.00000 -1.50000
12.50000 24.00000 0.00000
12.00000 23.50000 0.00000
12.50000 24.00000 1.00000
12.00000 23.50000 1.00000
12.50000 24.00000 2.00000
12.00000 23.50000 2.00000
12.00000 23.50000 3.00000
12.00000 23.50000 4.00000
12.50000 25.00000 -4.00000
12.00000 24.50000 -4.00000
12.50000 25.00000 -3.00000
12.00000 24.50000 -3.00000
12.00000 24.50000 -2.00000
11.50000 -7.00000 18.00000
11.50000 -6.00000 18.00000
11.50000 -5.00000 17.00000
11.50000 -5.00000 18.00000
11.50000 -5.00000 19.00000
11.50000 -4.00000 -7.00000
11.00000 -4.00000 15.50000
11.00000 -4.50000 16.00000
11.50000 -4.00000 17.00000
11.00000 -4.00000 16.50000
11.50000 -4.00000 18.00000
11.50000 -4.00000 19.00000
11.50000 -4.00000 20.00000
11.50000 -3.00000 -8.00000
11.00000 -3.00000 -7.50000
11.00000 -3.50000 -7.00000
11.50000 -3.00000 -6.00000
11.00000 -3.00000 -6.50000
11.50000 -3.00000 -5.00000
11.00000 -3.00000 14.50000
11.00000 -3.50000 15.00000
11.00000 -3.50000 17.00000
11.00000 -3.00000 17.50000
11.50000 -3.00000 18.00000
11.50000 -3.00000 19.00000
11.50000 -3.00000 20.00000
11.50000 -3.00000 21.00000
11.50000 -2.00000 -8.00000
11.00000 -2.00000 -7.50000
11.00000 -2.50000 -6.00000
11.00000 -2.00000 -5.50000
11.50000 -2.00000 -5.00000
11.50000 -2.00000 -4.00000
11.00000 -2.00000 13.50000
11.00000 -2.50000 14.00000
11.00000 -2.50000 18.00000
11.00000 -2.00000 18.50000
11.50000 -2.00000 19.00000
11.50000 -2.00000 20.00000
11.50000 -2.00000 21.00000
11.50000 -1.00000 -8.00000
11.00000 -1.00000 -7.50000
11.00000 -1.50000 -5.00000
11.00000 -1.00000 -4.50000
11.50000 -1.00000 -4.00000
11.50000 -1.00000 12.00000
11.00000 -1.00000 11.50000
11.00000 -1.50000 12.00000
11.00000 -1.50000 13.00000
11.00000 -1.50000 19.00000
11.00000 -1.00000 19.50000
11.50000 -1.00000 20.00000
11.50000 -1.00000 21.00000
11.50000 0.00000 -7.00000
11.00000 -0.50000 -7.00000
11.00000 0.00000 -6.50000
11.50000 0.00000 -4.00000
11.00000 0.00000 -4.50000
11.50000 0.00000 -3.00000
11.50000 0.00000 11.00000
11.00000 0.00000 10.50000
11.00000 -0.50000 11.00000
11.50000 0.00000 20.00000
11.00000 0.00000 19.50000
11.50000 0.00000 21.00000
11.50000 1.00000 -6.00000
11.00000 0.50000 -6.00000
11.00000 1.00000 -5.50000
11.00000 0.50000 -4.00000
11.00000 1.00000 -3.50000
11.50000 1.00000 -3.00000
11.50000 1.00000 10.00000
11.00000 1.00000 9.50000
11.00000 0.50000 10.00000
11.00000 0.50000 20.00000
11.00000 1.00000 20.50000
11.50000 1.00000 21.00000
11.50000 2.00000 -5.00000
11.00000 1.50000 -5.00000
11.00000 2.00000 -4.50000
11.50000 2.00000 -3.00000
11.00000 2.00000 -3.50000
11.50000 2.00000 -2.00000
11.50000 2.00000 9.00000
11.00000 2.00000 8.50000
11.00000 1.50000 9.00000
11.50000 2.00000 10.00000
11.50000 2.00000 20.00000
11.00000 1.50000 20.00000
11.00000 2.00000 19.50000
11.50000 3.00000 -11.00000
11.00000 3.00000 -11.50000
11.00000 2.50000 -11.00000
11.00000 3.00000 -10.50000
11.50000 3.00000 -5.00000
11.00000 3.00000 -4.50000
11.00000 2.50000 -3.00000
11.00000 3.00000 -2.50000
11.50000 3.00000 -2.00000
11.50000 3.00000 -1.00000
11.50000 3.00000 8.00000
11.00000 3.00000 7.50000
11.00000 2.50000 8.00000
11.50000 3.00000 9.00000
11.50000 3.00000 20.00000
11.00000 3.00000 19.50000
11.00000 4.00000 -12.50000
11.00000 3.50000 -12.00000
11.00000 3.50000 -10.00000
11.00000 3.50000 -9.00000
11.50000 4.00000 -9.00000
11.00000 4.00000 -8.50000
11.50000 4.00000 -5.00000
11.00000 4.00000 -4.50000
11.00000 3.50000 -2.00000
11.00000 4.00000 -1.50000
11.50000 4.00000 -1.00000
11.50000 4.00000 8.00000
11.00000 4.00000 7.50000
11.50000 4.00000 20.00000
11.00000 4.00000 19.50000
11.00000 5.00000 -13.50000
11.00000 4.50000 -13.00000
11.00000 4.50000 -8.00000
11.50000 5.00000 -8.00000
11.00000 5.00000 -7.50000
11.50000 5.00000 -4.00000
11.00000 4.50000 -4.00000
11.00000 5.00000 -3.50000
11.50000 5.00000 -1.00000
11.00000 5.00000 -1.50000
11.50000 5.00000 7.00000
11.00000 5.00000 6.50000
11.00000 4.50000 7.00000
11.50000 5.00000 8.00000
11.50000 5.00000 20.00000
11.00000 5.00000 19.50000
11.50000 6.00000 -14.00000
11.00000 6.00000 -14.50000
11.00000 5.50000 -14.00000
11.00000 6.00000 -7.50000
11.50000 6.00000 -4.00000
11.00000 5.50000 -3.00000
11.50000 6.00000 -3.00000
11.50000 6.00000 -2.00000
11.00000 5.50000 -2.00000
11.50000 6.00000 6.00000
11.00000 6.00000 5.50000
11.00000 5.50000 6.00000
11.50000 6.00000 7.00000
11.00000 6.00000 19.50000
11.00000 7.00000 -14.50000
11.00000 6.50000 -7.00000
11.00000 7.00000 -6.50000
11.50000 7.00000 -3.00000
11.50000 7.00000 5.00000
11.00000 7.00000 4.50000
11.00000 6.50000 5.00000
11.50000 7.00000 6.00000
11.50000 7.00000 19.00000
11.00000 6.50000 19.00000
11.00000 7.00000 18.50000
11.00000 8.00000 -14.50000
11.00000 7.50000 -6.00000
11.50000 8.00000 -6.00000
11.00000 8.00000 -5.50000
11.50000 8.00000 4.00000
11.00000 8.00000 3.50000
11.00000 7.50000 4.00000
11.50000 8.00000 5.00000
11.50000 8.00000 19.00000
11.00000 8.00000 18.50000
11.00000 9.00000 -14.50000
11.50000 9.00000 -6.00000
11.00000 8.50000 -5.00000
11.50000 9.00000 -5.00000
11.00000 9.00000 -4.50000
11.50000 9.00000 3.00000
11.00000 9.00000 2.50000
11.00000 8.50000 3.00000
11.50000 9.00000 4.00000
11.00000 9.00000 18.50000
11.00000 9.50000 -14.00000
11.00000 10.00000 -13.50000
11.50000 10.00000 -5.00000
11.00000 9.50000 -4.00000
11.50000 10.00000 -4.00000
11.00000 9.50000 -3.00000
11.50000 10.00000 -3.00000
11.00000 10.00000 -2.50000
11.50000 10.00000 0.00000
11.00000 10.00000 -0.50000
11.00000 9.50000 0.00000
11.00000 9.50000 1.00000
11.50000 10.00000 1.00000
11.00000 9.50000 2.00000
11.50000 10.00000 2.00000
11.50000 10.00000 3.00000
11.50000 10.00000 18.00000
11.00000 9.50000 18.00000
11.00000 10.00000 17.50000
11.00000 10.50000 -13.00000
11.00000 11.00000 -12.50000
11.50000 11.00000 -4.00000
11.50000 11.00000 -3.00000
11.00000 10.50000 -2.00000
11.50000 11.00000 -2.00000
11.00000 10.50000 -1.00000
11.50000 11.00000 -1.00000
11.50000 11.00000 0.00000
11.00000 11.00000 17.50000
11.50000 12.00000 -12.00000
11.00000 12.00000 -12.50000
11.50000 12.00000 17.00000
11.00000 11.50000 17.00000
11.00000 12.00000 16.50000
11.00000 12.50000 -12.00000
11.00000 13.00000 -11.50000
11.50000 13.00000 16.00000
11.00000 12.50000 16.00000
11.00000 13.00000 15.50000
11.00000 13.50000 -11.00000
11.00000 14.00000 -10.50000
11.00000 14.00000 15.50000
11.00000 15.00000 -10.50000
11.50000 15.00000 15.00000
11.00000 14.50000 15.00000
11.00000 15.00000 14.50000
11.00000 15.50000 -10.00000
11.50000 16.00000 -10.00000
11.00000 16.00000 -9.50000
11.50000 16.00000 14.00000
11.00000 15.50000 14.00000
11.00000 16.00000 13.50000
11.00000 17.00000 -9.50000
11.50000 17.00000 13.00000
11.00000 16.50000 13.00000
11.00000 17.00000 12.50000
11.00000 18.00000 -9.50000
11.00000 18.00000 12.50000
11.00000 18.50000 -9.00000
11.50000 19.00000 -9.00000
11.00000 19.00000 -8.50000
11.50000 19.00000 11.00000
11.00000 18.50000 11.00000
11.00000 19.00000 10.50000
11.00000 18.50000 12.00000
11.50000 20.00000 -8.00000
11.00000 19.50000 -8.00000
11.00000 20.00000 -7.50000
11.50000 20.00000 10.00000
11.00000 19.50000 10.00000
11.00000 20.00000 9.50000
11.00000 21.00000 -7.50000
11.50000 21.00000 9.00000
11.00000 20.50000 9.00000
11.00000 21.00000 8.50000
11.00000 21.50000 -7.00000
11.50000 22.00000 -6.00000
11.00000 21.50000 -6.00000
11.00000 22.00000 -5.50000
11.50000 22.00000 7.00000
11.00000 21.50000 7.00000
11.00000 22.00000 6.50000
11.00000 21.50000 8.00000
11.50000 23.00000 -6.00000
11.00000 22.50000 -5.00000
11.50000 23.00000 -5.00000
11.00000 23.00000 -4.50000
11.50000 23.00000 1.00000
11.00000 22.50000 1.00000
11.00000 23.00000 0.50000
11.50000 23.00000 2.00000
11.00000 22.50000 2.00000
11.50000 23.00000 3.00000
11.00000 22.50000 3.00000
11.50000 23.00000 4.00000
11.00000 22.50000 4.00000
11.00000 22.50000 5.00000
11.00000 22.50000 6.00000
11.50000 24.00000 -4.00000
11.00000 23.50000 -4.00000
11.50000 24.00000 -3.00000
11.00000 23.50000 -3.00000
11.00000 24.00000 -2.50000
11.00000 23.50000 -1.00000
11.00000 24.00000 -1.50000
11.00000 23.50000 0.00000
11.00000 24.50000 -2.00000
10.50000 -4.00000 16.00000
10.50000 -3.00000 -7.00000
10.50000 -3.00000 15.00000
10.50000 -3.00000 16.00000
10.50000 -3.00000 17.00000
10.50000 -2.00000 -7.00000
10.50000 -2.00000 -6.00000
10.00000 -2.00000 13.50000
10.00000 -2.50000 14.00000
10.50000 -2.00000 15.00000
10.00000 -2.00000 14.50000
10.50000 -2.00000 16.00000
10.50000 -2.00000 17.00000
10.50000 -2.00000 18.00000
10.50000 -1.00000 -7.00000
10.50000 -1.00000 -6.00000
10.50000 -1.00000 -5.00000
10.50000 -1.00000 12.00000
10.00000 -1.00000 12.50000
10.00000 -1.50000 13.00000
10.50000 -1.50000 13.50000
10.00000 -1.50000 14.00000
10.50000 -1.00000 14.00000
10.00000 -1.00000 13.50000
10.50000 -1.00000 15.00000
10.50000 -1.00000 16.00000
10.50000 -1.00000 17.00000
10.50000 -1.00000 18.00000
10.50000 -1.00000 19.00000
10.50000 0.00000 -6.00000
10.50000 0.00000 -5.00000
10.00000 0.00000 10.50000
10.00000 -0.50000 11.00000
10.00000 -0.50000 12.00000
10.00000 -0.50000 14.00000
10.00000 0.00000 14.50000
10.50000 0.00000 15.00000
10.50000 0.00000 16.00000
10.50000 0.00000 17.00000
10.50000 0.00000 18.00000
10.50000 0.00000 19.00000
10.50000 1.00000 -5.00000
10.50000 1.00000 -4.00000
10.50000 1.00000 9.00000
10.00000 1.00000 8.50000
10.00000 0.50000 9.00000
10.00000 0.50000 10.00000
10.00000 0.50000 15.00000
10.00000 0.50000 16.00000
10.00000 0.50000 17.00000
10.00000 1.00000 17.50000
10.50000 1.00000 18.00000
10.50000 1.00000 19.00000
10.50000 1.00000 20.00000
10.50000 2.00000 -4.00000
10.50000 2.00000 8.00000
10.00000 2.00000 7.50000
10.00000 1.50000 8.00000
10.00000 1.50000 18.00000
10.00000 2.00000 18.50000
10.50000 2.00000 19.00000
10.50000 3.00000 -12.00000
10.00000 3.00000 -12.50000
10.00000 2.50000 -12.00000
10.00000 2.50000 -11.00000
10.00000 2.50000 -10.00000
10.50000 3.00000 -10.00000
10.00000 3.00000 -9.50000
10.50000 3.00000 -4.00000
10.50000 3.00000 -3.00000
10.50000 3.00000 7.00000
10.00000 3.00000 6.50000
10.00000 2.50000 7.00000
10.50000 3.00000 19.00000
10.00000 3.00000 18.50000
10.50000 4.00000 -13.00000
10.00000 4.00000 -13.50000
10.00000 3.50000 -13.00000
10.00000 3.50000 -9.00000
10.00000 3.50000 -8.00000
10.50000 4.00000 -8.00000
10.00000 4.00000 -7.50000
10.50000 4.00000 -4.00000
10.50000 4.00000 -3.00000
10.50000 4.00000 -2.00000
10.50000 4.00000 6.00000
10.00000 4.00000 5.50000
10.00000 3.50000 6.00000
10.50000 4.00000 7.00000
10.50000 4.00000 19.00000
10.00000 4.00000 18.50000
10.00000 5.00000 -13.50000
10.00000 4.50000 -7.00000
10.50000 5.00000 -7.00000
10.00000 5.00000 -6.50000
10.50000 5.00000 -3.00000
10.50000 5.00000 -2.00000
10.50000 5.00000 5.00000
10.00000 5.00000 4.50000
10.00000 4.50000 5.00000
10.50000 5.00000 6.00000
10.50000 5.00000 19.00000
10.00000 5.00000 18.50000
10.00000 6.00000 -14.50000
10.00000 5.50000 -14.00000
10.50000 6.00000 -7.00000
10.00000 6.00000 -6.50000
10.50000 6.00000 4.00000
10.00000 6.00000 3.50000
10.00000 5.50000 4.00000
10.50000 6.00000 5.00000
10.50000 6.00000 19.00000
10.00000 6.00000 18.50000
10.00000 7.00000 -14.50000
10.00000 6.50000 -6.00000
10.50000 7.00000 -6.00000
10.00000 6.50000 -5.00000
10.50000 7.00000 -5.00000
10.00000 7.00000 -4.50000
10.50000 7.00000 3.00000
10.00000 7.00000 2.50000
10.00000 6.50000 3.00000
10.50000 7.00000 4.00000
10.50000 7.00000 18.00000
10.00000 6.50000 18.00000
10.00000 7.00000 17.50000
10.50000 8.00000 -15.00000
10.00000 8.00000 -15.50000
10.00000 7.50000 -15.00000
10.50000 8.00000 -5.00000
10.00000 7.50000 -4.00000
10.50000 8.00000 -4.00000
10.00000 8.00000 -3.50000
10.50000 8.00000 2.00000
10.00000 8.00000 1.50000
10.00000 7.50000 2.00000
10.50000 8.00000 3.00000
10.50000 8.00000 18.00000
10.00000 8.00000 17.50000
10.00000 8.50000 -15.00000
10.00000 9.00000 -14.50000
10.50000 9.00000 -4.00000
10.00000 8.50000 -3.00000
10.50000 9.00000 -3.00000
10.00000 8.50000 -2.00000
10.50000 9.00000 -2.00000
10.00000 8.50000 -1.00000
10.50000 9.00000 -1.00000
10.00000 8.50000 0.00000
10.50000 9.00000 0.00000
10.00000 8.50000 1.00000
10.50000 9.00000 1.00000
10.50000 9.00000 2.00000
10.50000 9.00000 18.00000
10.00000 9.00000 17.50000
10.00000 9.50000 -14.00000
10.00000 10.00000 -13.50000
10.50000 10.00000 -2.00000
10.50000 10.00000 -1.00000
10.50000 10.00000 17.00000
10.00000 9.50000 17.00000
10.00000 10.00000 16.50000
10.00000 10.50000 -13.00000
10.00000 11.00000 -12.50000
10.50000 11.00000 17.00000
10.00000 11.00000 16.50000
10.00000 12.00000 -12.50000
10.50000 12.00000 16.00000
10.00000 11.50000 16.00000
10.00000 12.00000 15.50000
10.00000 12.50000 -12.00000
10.00000 13.00000 -11.50000
10.00000 13.00000 15.50000
10.00000 13.50000 -11.00000
10.00000 14.00000 -10.50000
10.50000 14.00000 15.00000
10.00000 13.50000 15.00000
10.00000 14.00000 14.50000
10.00000 15.00000 -10.50000
10.50000 15.00000 14.00000
10.00000 14.50000 14.00000
10.00000 15.00000 13.50000
10.00000 15.50000 -10.00000
10.00000 16.00000 -9.50000
10.50000 16.00000 13.00000
10.00000 15.50000 13.00000
10.00000 16.00000 12.50000
10.00000 17.00000 -9.50000
10.00000 17.00000 12.50000
10.00000 17.50000 -9.00000
10.50000 18.00000 -9.00000
10.00000 18.00000 -8.50000
10.50000 18.00000 12.00000
10.00000 17.50000 12.00000
10.00000 18.00000 11.50000
10.50000 19.00000 -8.00000
10.00000 18.50000 -8.00000
10.00000 19.00000 -7.50000
10.50000 19.00000 10.00000
10.00000 18.50000 10.00000
10.00000 19.00000 9.50000
10.00000 18.50000 11.00000
10.50000 20.00000 -7.00000
10.00000 19.50000 -7.00000
10.00000 20.00000 -6.50000
10.50000 20.00000 9.00000
10.00000 19.50000 9.00000
10.00000 20.00000 8.50000
10.50000 21.00000 -7.00000
10.00000 20.50000 -6.00000
10.50000 21.00000 -6.00000
10.00000 21.00000 -5.50000
10.50000 21.00000 7.00000
10.00000 20.50000 7.00000
10.00000 21.00000 6.50000
10.50000 21.00000 8.00000
10.00000 20.50000 8.00000
10.50000 22.00000 -5.00000
10.00000 21.50000 -5.00000
10.00000 22.00000 -4.50000
10.50000 22.00000 2.00000
10.00000 21.50000 2.00000
10.00000 22.00000 1.50000
10.50000 22.00000 3.00000
10.00000 21.50000 3.00000
10.50000 22.00000 4.00000
10.00000 21.50000 4.00000
10.50000 22.00000 5.00000
10.00000 21.50000 5.00000
10.50000 22.00000 6.00000
10.00000 21.50000 6.00000
10.50000 23.00000 -4.00000
10.00000 22.50000 -4.00000
10.50000 23.00000 -3.00000
10.00000 22.50000 -3.00000
10.00000 23.00000 -2.50000
10.50000 23.00000 0.00000
10.00000 22.50000 0.00000
10.00000 23.00000 -0.50000
10.00000 22.50000 1.00000
10.50000 24.00000 -2.00000
10.00000 23.50000 -2.00000
10.00000 23.50000 -1.00000
9.50000 -2.00000 14.00000
9.50000 -1.00000 13.00000
9.00000 0.00000 10.50000
9.00000 -0.50000 11.00000
9.50000 0.00000 12.00000
9.00000 0.00000 11.50000
9.50000 0.00000 13.00000
9.50000 0.00000 14.00000
9.00000 1.00000 8.50000
9.00000 0.50000 9.00000
9.00000 0.50000 10.00000
9.50000 0.50000 10.50000
9.00000 0.50000 11.00000
9.50000 1.00000 11.00000
9.00000 1.00000 10.50000
9.50000 1.00000 12.00000
9.50000 1.00000 13.00000
9.50000 1.00000 14.00000
9.50000 1.00000 15.00000
9.50000 1.00000 16.00000
9.50000 1.00000 17.00000
9.50000 2.00000 6.00000
9.00000 2.00000 5.50000
9.00000 1.50000 6.00000
9.00000 1.50000 7.00000
9.50000 2.00000 7.00000
9.00000 1.50000 8.00000
9.00000 1.50000 11.00000
9.00000 2.00000 11.50000
9.50000 2.00000 12.00000
9.50000 2.00000 13.00000
9.50000 2.00000 14.00000
9.50000 2.00000 15.00000
9.50000 2.00000 16.00000
9.50000 2.00000 17.00000
9.50000 2.00000 18.00000
9.00000 3.00000 -12.50000
9.00000 2.50000 -12.00000
9.00000 2.50000 -11.00000
9.00000 2.50000 -10.00000
9.00000 3.00000 -9.50000
9.50000 3.00000 5.00000
9.00000 3.00000 4.50000
9.00000 2.50000 5.00000
9.50000 3.00000 6.00000
9.00000 2.50000 12.00000
9.00000 3.00000 12.50000
9.50000 3.00000 13.00000
9.50000 3.00000 14.00000
9.50000 3.00000 15.00000
9.50000 3.00000 16.00000
9.50000 3.00000 17.00000
9.50000 3.00000 18.00000
9.50000 4.00000 -13.00000
9.00000 4.00000 -12.50000
9.00000 3.50000 -9.00000
9.00000 3.50000 -8.00000
9.00000 4.00000 -7.50000
9.50000 4.00000 4.00000
9.00000 4.00000 3.50000
9.00000 3.50000 4.00000
9.50000 4.00000 5.00000
9.00000 3.50000 13.00000
9.00000 3.50000 14.00000
9.00000 3.50000 15.00000
9.00000 4.00000 15.50000
9.50000 4.00000 16.00000
9.50000 4.00000 17.00000
9.50000 4.00000 18.00000
9.00000 5.00000 -13.50000
9.00000 4.50000 -13.00000
9.00000 4.50000 -7.00000
9.00000 5.00000 -6.50000
9.50000 5.00000 2.00000
9.00000 5.00000 1.50000
9.00000 4.50000 2.00000
9.00000 4.50000 3.00000
9.50000 5.00000 3.00000
9.50000 5.00000 4.00000
9.00000 4.50000 16.00000
9.00000 5.00000 16.50000
9.50000 5.00000 17.00000
9.50000 5.00000 18.00000
9.00000 6.00000 -14.50000
9.00000 5.50000 -14.00000
9.00000 5.50000 -6.00000
9.50000 6.00000 -6.00000
9.00000 5.50000 -5.00000
9.50000 6.00000 -5.00000
9.00000 6.00000 -4.50000
9.50000 6.00000 1.00000
9.00000 6.00000 0.50000
9.00000 5.50000 1.00000
9.50000 6.00000 2.00000
9.50000 6.00000 3.00000
9.50000 6.00000 17.00000
9.00000 6.00000 16.50000
9.50000 6.00000 18.00000
9.00000 7.00000 -14.50000
9.00000 6.50000 -4.00000
9.50000 7.00000 -4.00000
9.00000 6.50000 -3.00000
9.50000 7.00000 -3.00000
9.00000 7.00000 -2.50000
9.50000 7.00000 -1.00000
9.00000 7.00000 -1.50000
9.00000 6.50000 -1.00000
9.00000 6.50000 0.00000
9.50000 7.00000 0.00000
9.50000 7.00000 1.00000
9.50000 7.00000 2.00000
9.50000 7.00000 17.00000
9.00000 7.00000 16.50000
9.50000 8.00000 -15.00000
9.00000 8.00000 -14.50000
9.50000 8.00000 -3.00000
9.00000 7.50000 -2.00000
9.50000 8.00000 -2.00000
9.50000 8.00000 -1.00000
9.50000 8.00000 0.00000
9.50000 8.00000 1.00000
9.50000 8.00000 17.00000
9.00000 8.00000 16.50000
9.00000 9.00000 -14.50000
9.50000 9.00000 17.00000
9.00000 9.00000 16.50000
9.00000 9.50000 -14.00000
9.00000 10.00000 -13.50000
9.50000 10.00000 16.00000
9.00000 9.50000 16.00000
9.00000 10.00000 15.50000
9.00000 10.50000 -13.00000
9.00000 11.00000 -12.50000
9.50000 11.00000 16.00000
9.00000 11.00000 15.50000
9.00000 11.50000 -12.00000
9.50000 12.00000 -12.00000
9.00000 12.00000 -11.50000
9.50000 12.00000 15.00000
9.00000 11.50000 15.00000
9.00000 12.00000 14.50000
9.00000 13.00000 -11.50000
9.50000 13.00000 15.00000
9.00000 13.00000 14.50000
9.00000 13.50000 -11.00000
9.00000 14.00000 -10.50000
9.50000 14.00000 14.00000
9.00000 13.50000 14.00000
9.00000 14.00000 13.50000
9.00000 14.50000 -10.00000
9.50000 15.00000 -10.00000
9.00000 15.00000 -9.50000
9.50000 15.00000 13.00000
9.00000 14.50000 13.00000
9.00000 15.00000 12.50000
9.00000 16.00000 -9.50000
9.50000 16.00000 12.00000
9.00000 15.50000 12.00000
9.00000 16.00000 11.50000
9.00000 16.50000 -9.00000
9.50000 17.00000 -9.00000
9.00000 17.00000 -8.50000
9.50000 17.00000 12.00000
9.00000 17.00000 11.50000
9.50000 18.00000 -8.00000
9.00000 17.50000 -8.00000
9.00000 18.00000 -7.50000
9.50000 18.00000 11.00000
9.00000 17.50000 11.00000
9.00000 18.00000 10.50000
9.50000 19.00000 -7.00000
9.00000 18.50000 -7.00000
9.00000 19.00000 -6.50000
9.50000 19.00000 9.00000
9.00000 18.50000 9.00000
9.00000 19.00000 8.50000
9.00000 18.50000 10.00000
9.50000 20.00000 -6.00000
9.00000 19.50000 -6.00000
9.00000 20.00000 -5.50000
9.50000 20.00000 8.00000
9.00000 19.50000 8.00000
9.00000 20.00000 7.50000
9.50000 21.00000 -5.00000
9.00000 20.50000 -5.00000
9.50000 21.00000 -4.00000
9.00000 20.50000 -4.00000
9.00000 21.00000 -3.50000
9.50000 21.00000 5.00000
9.00000 20.50000 5.00000
9.00000 21.00000 4.50000
9.50000 21.00000 6.00000
9.00000 20.50000 6.00000
9.00000 20.50000 7.00000
9.50000 22.00000 -4.00000
9.00000 21.50000 -3.00000
9.50000 22.00000 -3.00000
9.00000 22.00000 -2.50000
9.50000 22.00000 0.00000
9.00000 21.50000 0.00000
9.00000 22.00000 -0.50000
9.50000 22.00000 1.00000
9.00000 21.50000 1.00000
9.00000 21.50000 2.00000
9.00000 21.50000 3.00000
9.00000 21.50000 4.00000
9.50000 23.00000 -2.00000
9.00000 22.50000 -2.00000
9.50000 23.00000 -1.00000
9.00000 22.50000 -1.00000
8.50000 0.00000 11.00000
8.50000 1.00000 8.00000
8.00000 1.00000 7.50000
8.00000 0.50000 8.00000
8.00000 1.00000 8.50000
8.50000 1.00000 9.00000
8.50000 1.00000 10.00000
8.50000 2.00000 5.00000
8.00000 2.00000 4.50000
8.00000 1.50000 5.00000
8.00000 1.50000 6.00000
8.00000 1.50000 7.00000
8.00000 1.50000 8.00000
8.00000 2.00000 7.50000
8.50000 2.00000 8.00000
8.50000 2.00000 9.00000
8.50000 2.00000 10.00000
8.50000 2.00000 11.00000
8.50000 3.00000 -12.00000
8.00000 3.00000 -11.50000
8.00000 2.50000 -11.00000
8.00000 2.50000 -10.00000
8.00000 2.50000 -9.00000
8.50000 3.00000 -9.00000
8.00000 3.00000 -8.50000
8.50000 3.00000 3.00000
8.00000 3.00000 2.50000
8.00000 2.50000 3.00000
8.00000 2.50000 4.00000
8.50000 3.00000 4.00000
8.50000 3.00000 7.00000
8.00000 2.50000 7.00000
8.00000 3.00000 6.50000
8.50000 3.00000 8.00000
8.50000 3.00000 9.00000
8.50000 3.00000 10.00000
8.50000 3.00000 11.00000
8.50000 3.00000 12.00000
8.00000 4.00000 -12.50000
8.00000 3.50000 -12.00000
8.00000 3.50000 -8.00000
8.00000 3.50000 -7.00000
8.50000 4.00000 -7.00000
8.00000 4.00000 -6.50000
8.50000 4.00000 2.00000
8.00000 4.00000 1.50000
8.00000 3.50000 2.00000
8.50000 4.00000 3.00000
8.50000 4.00000 6.00000
8.00000 3.50000 6.00000
8.00000 4.00000 5.50000
8.50000 4.00000 7.00000
8.50000 4.00000 8.00000
8.50000 4.00000 9.00000
8.50000 4.00000 10.00000
8.50000 4.00000 11.00000
8.50000 4.00000 12.00000
8.50000 4.00000 13.00000
8.50000 4.00000 14.00000
8.50000 4.00000 15.00000
8.50000 5.00000 -13.00000
8.00000 5.00000 -12.50000
8.00000 4.50000 -6.00000
8.50000 5.00000 -6.00000
8.00000 5.00000 -5.50000
8.50000 5.00000 -1.00000
8.00000 5.00000 -1.50000
8.00000 4.50000 -1.00000
8.00000 4.50000 0.00000
8.50000 5.00000 0.00000
8.00000 4.50000 1.00000
8.50000 5.00000 1.00000
8.50000 5.00000 5.00000
8.00000 4.50000 5.00000
8.00000 5.00000 4.50000
8.50000 5.00000 6.00000
8.50000 5.00000 7.00000
8.50000 5.00000 8.00000
8.50000 5.00000 9.00000
8.50000 5.00000 10.00000
8.50000 5.00000 11.00000
8.50000 5.00000 12.00000
8.50000 5.00000 13.00000
8.50000 5.00000 14.00000
8.50000 5.00000 15.00000
8.50000 5.00000 16.00000
8.50000 6.00000 -14.00000
8.00000 6.00000 -13.50000
8.00000 5.50000 -13.00000
8.00000 5.50000 -5.00000
8.00000 5.50000 -4.00000
8.50000 6.00000 -4.00000
8.00000 5.50000 -3.00000
8.50000 6.00000 -3.00000
8.00000 5.50000 -2.00000
8.50000 6.00000 -2.00000
8.50000 6.00000 -1.00000
8.50000 6.00000 0.00000
8.00000 5.50000 5.00000
8.00000 5.50000 6.00000
8.00000 5.50000 7.00000
8.00000 6.00000 7.50000
8.50000 6.00000 8.00000
8.00000 6.00000 8.50000
8.00000 5.50000 9.00000
8.00000 5.50000 10.00000
8.00000 5.50000 11.00000
8.00000 5.50000 12.00000
8.00000 6.00000 12.50000
8.50000 6.00000 13.00000
8.50000 6.00000 14.00000
8.50000 6.00000 15.00000
8.50000 6.00000 16.00000
8.50000 7.00000 -14.00000
8.00000 7.00000 -13.50000
8.50000 7.00000 -2.00000
8.00000 6.50000 8.00000
8.00000 6.50000 13.00000
8.00000 6.50000 14.00000
8.00000 7.00000 14.50000
8.50000 7.00000 15.00000
8.50000 7.00000 16.00000
8.00000 8.00000 -14.50000
8.00000 7.50000 -14.00000
8.50000 8.00000 15.00000
8.00000 8.00000 14.50000
8.50000 8.00000 16.00000
8.00000 9.00000 -14.50000
8.50000 9.00000 15.00000
8.00000 9.00000 14.50000
8.50000 9.00000 16.00000
8.00000 9.50000 -14.00000
8.00000 10.00000 -13.50000
8.50000 10.00000 15.00000
8.00000 10.00000 14.50000
8.00000 10.50000 -13.00000
8.00000 11.00000 -12.50000
8.50000 11.00000 14.00000
8.00000 10.50000 14.00000
8.00000 11.00000 13.50000
8.50000 11.00000 15.00000
8.00000 11.50000 -12.00000
8.00000 12.00000 -11.50000
8.50000 12.00000 14.00000
8.00000 12.00000 13.50000
8.00000 12.50000 -11.00000
8.50000 13.00000 -11.00000
8.00000 13.00000 -10.50000
8.50000 13.00000 13.00000
8.00000 12.50000 13.00000
8.00000 13.00000 12.50000
8.50000 13.00000 14.00000
8.50000 14.00000 -10.00000
8.00000 13.50000 -10.00000
8.00000 14.00000 -9.50000
8.50000 14.00000 13.00000
8.00000 14.00000 12.50000
8.00000 15.00000 -9.50000
8.50000 15.00000 12.00000
8.00000 14.50000 12.00000
8.00000 15.00000 11.50000
8.00000 15.50000 -9.00000
8.50000 16.00000 -9.00000
8.00000 16.00000 -8.50000
8.50000 16.00000 11.00000
8.00000 15.50000 11.00000
8.00000 16.00000 10.50000
8.50000 17.00000 -8.00000
8.00000 16.50000 -8.00000
8.00000 17.00000 -7.50000
8.50000 17.00000 10.00000
8.00000 16.50000 10.00000
8.00000 17.00000 9.50000
8.50000 17.00000 11.00000
8.50000 18.00000 -7.00000
8.00000 17.50000 -7.00000
8.00000 18.00000 -6.50000
8.50000 18.00000 9.00000
8.00000 17.50000 9.00000
8.00000 18.00000 8.50000
8.50000 18.00000 10.00000
8.50000 19.00000 -6.00000
8.00000 18.50000 -6.00000
8.00000 19.00000 -5.50000
8.50000 19.00000 7.00000
8.00000 18.50000 7.00000
8.00000 19.00000 6.50000
8.50000 19.00000 8.00000
8.00000 18.50000 8.00000
8.50000 20.00000 -5.00000
8.00000 19.50000 -5.00000
8.50000 20.00000 -4.00000
8.00000 19.50000 -4.00000
8.00000 20.00000 -3.50000
8.50000 20.00000 5.00000
8.00000 19.50000 5.00000
8.00000 20.00000 4.50000
8.50000 20.00000 6.00000
8.00000 19.50000 6.00000
8.50000 20.00000 7.00000
8.50000 21.00000 -3.00000
8.00000 20.50000 -3.00000
8.50000 21.00000 -2.00000
8.00000 20.50000 -2.00000
8.00000 21.00000 -1.50000
8.50000 21.00000 0.00000
8.00000 20.50000 0.00000
8.00000 21.00000 -0.50000
8.50000 21.00000 1.00000
8.00000 20.50000 1.00000
8.50000 21.00000 2.00000
8.00000 20.50000 2.00000
8.50000 21.00000 3.00000
8.00000 20.50000 3.00000
8.50000 21.00000 4.00000
8.00000 20.50000 4.00000
8.50000 22.00000 -2.00000
8.00000 21.50000 -1.00000
8.50000 22.00000 -1.00000
7.50000 1.00000 8.00000
7.50000 2.00000 3.00000
7.00000 2.00000 2.50000
7.00000 1.50000 3.00000
7.00000 1.50000 4.00000
7.50000 2.00000 4.00000
7.00000 1.50000 5.00000
7.00000 1.50000 6.00000
7.50000 2.00000 7.00000
7.00000 2.00000 6.50000
7.50000 3.00000 -11.00000
7.00000 3.00000 -10.50000
7.00000 2.50000 -10.00000
7.50000 3.00000 -9.00000
7.00000 3.00000 -9.50000
7.50000 3.00000 1.00000
7.00000 3.00000 0.50000
7.00000 2.50000 1.00000
7.00000 2.50000 2.00000
7.50000 3.00000 2.00000
7.00000 3.00000 4.50000
7.50000 3.00000 5.00000
7.00000 2.50000 5.00000
7.50000 3.00000 6.00000
7.00000 2.50000 6.00000
7.50000 4.00000 -12.00000
7.00000 4.00000 -11.50000
7.00000 3.50000 -11.00000
7.00000 3.50000 -9.00000
7.00000 3.50000 -8.00000
7.00000 3.50000 -7.00000
7.00000 4.00000 -6.50000
7.50000 4.00000 0.00000
7.00000 4.00000 -0.50000
7.00000 3.50000 0.00000
7.50000 4.00000 1.00000
7.50000 4.00000 4.00000
7.00000 3.50000 4.00000
7.00000 4.00000 3.50000
7.50000 4.00000 5.00000
7.50000 5.00000 -12.00000
7.00000 5.00000 -11.50000
7.00000 4.50000 -6.00000
7.00000 4.50000 -5.00000
7.50000 5.00000 -5.00000
7.00000 5.00000 -4.50000
7.50000 5.00000 -3.00000
7.00000 5.00000 -3.50000
7.00000 4.50000 -3.00000
7.00000 4.50000 -2.00000
7.50000 5.00000 -2.00000
7.00000 4.50000 -1.00000
7.00000 5.00000 1.50000
7.50000 5.00000 2.00000
7.00000 4.50000 2.00000
7.50000 5.00000 3.00000
7.00000 4.50000 3.00000
7.50000 5.00000 4.00000
7.50000 6.00000 -13.00000
7.50000 6.00000 -12.00000
7.00000 6.00000 -11.50000
7.00000 5.50000 -4.00000
7.50000 6.00000 2.00000
7.00000 6.00000 1.50000
7.50000 6.00000 3.00000
7.50000 6.00000 4.00000
7.50000 6.00000 5.00000
7.50000 6.00000 6.00000
7.50000 6.00000 7.00000
7.50000 6.00000 9.00000
7.50000 6.00000 10.00000
7.50000 6.00000 11.00000
7.50000 6.00000 12.00000
7.50000 7.00000 -13.00000
7.00000 7.00000 -12.50000
7.00000 6.50000 -12.00000
7.50000 7.00000 1.00000
7.00000 6.50000 1.00000
7.00000 7.00000 0.50000
7.50000 7.00000 2.00000
7.50000 7.00000 3.00000
7.50000 7.00000 4.00000
7.50000 7.00000 5.00000
7.50000 7.00000 6.00000
7.50000 7.00000 7.00000
7.50000 7.00000 8.00000
7.50000 7.00000 9.00000
7.50000 7.00000 10.00000
7.50000 7.00000 11.00000
7.50000 7.00000 12.00000
7.50000 7.00000 13.00000
7.50000 7.00000 14.00000
7.50000 8.00000 -14.00000
7.00000 8.00000 -13.50000
7.00000 7.50000 -13.00000
7.00000 7.50000 1.00000
7.00000 8.00000 1.50000
7.50000 8.00000 2.00000
7.50000 8.00000 3.00000
7.50000 8.00000 4.00000
7.50000 8.00000 5.00000
7.50000 8.00000 6.00000
7.50000 8.00000 7.00000
7.50000 8.00000 8.00000
7.50000 8.00000 9.00000
7.50000 8.00000 10.00000
7.50000 8.00000 11.00000
7.50000 8.00000 12.00000
7.50000 8.00000 13.00000
7.50000 8.00000 14.00000
7.50000 9.00000 -14.00000
7.00000 9.00000 -13.50000
7.00000 8.50000 2.00000
7.00000 8.50000 3.00000
7.00000 8.50000 4.00000
7.00000 8.50000 5.00000
7.00000 8.50000 6.00000
7.00000 8.50000 7.00000
7.00000 8.50000 8.00000
7.00000 8.50000 9.00000
7.00000 8.50000 10.00000
7.00000 9.00000 10.50000
7.50000 9.00000 11.00000
7.50000 9.00000 12.00000
7.50000 9.00000 13.00000
7.50000 9.00000 14.00000
7.50000 10.00000 -13.00000
7.00000 9.50000 -13.00000
7.00000 10.00000 -12.50000
7.00000 9.50000 11.00000
7.00000 10.00000 11.50000
7.50000 10.00000 12.00000
7.50000 10.00000 13.00000
7.50000 10.00000 14.00000
7.50000 11.00000 -12.00000
7.00000 10.50000 -12.00000
7.00000 11.00000 -11.50000
7.50000 11.00000 12.00000
7.00000 11.00000 11.50000
7.50000 11.00000 13.00000
7.50000 12.00000 -11.00000
7.00000 11.50000 -11.00000
7.00000 12.00000 -10.50000
7.50000 12.00000 12.00000
7.00000 12.00000 11.50000
7.50000 12.00000 13.00000
7.50000 13.00000 -10.00000
7.00000 12.50000 -10.00000
7.00000 13.00000 -9.50000
7.50000 13.00000 11.00000
7.00000 12.50000 11.00000
7.00000 13.00000 10.50000
7.50000 13.00000 12.00000
7.50000 14.00000 -9.00000
7.00000 13.50000 -9.00000
7.00000 14.00000 -8.50000
7.50000 14.00000 11.00000
7.00000 14.00000 10.50000
7.50000 14.00000 12.00000
7.50000 15.00000 -9.00000
7.00000 14.50000 -8.00000
7.50000 15.00000 -8.00000
7.00000 15.00000 -7.50000
7.50000 15.00000 10.00000
7.00000 14.50000 10.00000
7.00000 15.00000 9.50000
7.50000 15.00000 11.00000
7.50000 16.00000 -8.00000
7.00000 16.00000 -7.50000
7.50000 16.00000 9.00000
7.00000 15.50000 9.00000
7.00000 16.00000 8.50000
7.50000 16.00000 10.00000
7.50000 17.00000 -7.00000
7.00000 16.50000 -7.00000
7.00000 17.00000 -6.50000
7.50000 17.00000 8.00000
7.00000 16.50000 8.00000
7.00000 17.00000 7.50000
7.50000 17.00000 9.00000
7.50000 18.00000 -6.00000
7.00000 17.50000 -6.00000
7.50000 18.00000 -5.00000
7.00000 17.50000 -5.00000
7.00000 18.00000 -4.50000
7.50000 18.00000 6.00000
7.00000 17.50000 6.00000
7.00000 18.00000 5.50000
7.50000 18.00000 7.00000
7.00000 17.50000 7.00000
7.50000 18.00000 8.00000
7.50000 19.00000 -5.00000
7.00000 18.50000 -4.00000
7.50000 19.00000 -4.00000
7.00000 19.00000 -3.50000
7.50000 19.00000 1.00000
7.00000 18.50000 1.00000
7.00000 19.00000 0.50000
7.50000 19.00000 2.00000
7.00000 18.50000 2.00000
7.50000 19.00000 3.00000
7.00000 18.50000 3.00000
7.50000 19.00000 4.00000
7.00000 18.50000 4.00000
7.50000 19.00000 5.00000
7.00000 18.50000 5.00000
7.50000 19.00000 6.00000
7.50000 20.00000 -3.00000
7.00000 19.50000 -3.00000
7.50000 20.00000 -2.00000
7.00000 19.50000 -2.00000
7.50000 20.00000 -1.00000
7.00000 19.50000 -1.00000
7.50000 20.00000 0.00000
7.00000 19.50000 0.00000
7.50000 20.00000 1.00000
7.50000 20.00000 2.00000
7.50000 20.00000 3.00000
7.50000 20.00000 4.00000
7.50000 21.00000 -1.00000
6.50000 2.00000 2.00000
6.00000 2.00000 1.50000
6.00000 1.50000 2.00000
6.00000 1.50000 3.00000
6.50000 2.00000 4.00000
6.00000 2.00000 3.50000
6.50000 2.00000 5.00000
6.50000 2.00000 6.00000
6.50000 3.00000 -10.00000
6.00000 3.00000 0.50000
6.00000 2.50000 1.00000
6.00000 3.00000 2.50000
6.50000 3.00000 3.00000
6.00000 2.50000 3.00000
6.50000 3.00000 4.00000
6.50000 4.00000 -11.00000
6.00000 4.00000 -10.50000
6.00000 3.50000 -10.00000
6.00000 3.50000 -9.00000
6.00000 3.50000 -8.00000
6.00000 3.50000 -7.00000
6.00000 4.00000 -6.50000
6.50000 4.00000 0.00000
6.00000 4.00000 0.50000
6.50000 4.00000 2.00000
6.00000 3.50000 2.00000
6.00000 4.00000 1.50000
6.50000 4.00000 3.00000
6.50000 5.00000 -11.00000
6.00000 5.00000 -10.50000
6.00000 4.50000 -6.00000
6.00000 4.50000 -5.00000
6.00000 4.50000 -4.00000
6.50000 5.00000 -4.00000
6.00000 4.50000 -3.00000
6.00000 4.50000 -2.00000
6.00000 4.50000 -1.00000
6.00000 4.50000 0.00000
6.00000 5.00000 0.50000
6.50000 5.00000 1.00000
6.00000 4.50000 1.00000
6.50000 6.00000 -11.00000
6.00000 6.00000 -10.50000
6.50000 6.00000 -1.00000
6.00000 5.50000 -1.00000
6.00000 6.00000 -1.50000
6.50000 6.00000 0.00000
6.00000 5.50000 0.00000
6.50000 6.00000 1.00000
6.50000 7.00000 -12.00000
6.00000 7.00000 -11.50000
6.00000 6.50000 -11.00000
6.50000 7.00000 -1.00000
6.00000 7.00000 -1.50000
6.50000 7.00000 0.00000
6.50000 8.00000 -13.00000
6.50000 8.00000 -12.00000
6.00000 8.00000 -11.50000
6.50000 8.00000 -2.00000
6.00000 7.50000 -2.00000
6.00000 8.00000 -2.50000
6.50000 8.00000 -1.00000
6.50000 8.00000 0.00000
6.50000 8.00000 1.00000
6.50000 9.00000 -13.00000
6.50000 9.00000 -12.00000
6.00000 9.00000 -11.50000
6.50000 9.00000 -2.00000
6.00000 9.00000 -2.50000
6.50000 9.00000 -1.00000
6.50000 9.00000 0.00000
6.50000 9.00000 1.00000
6.50000 9.00000 2.00000
6.50000 9.00000 3.00000
6.50000 9.00000 4.00000
6.50000 9.00000 5.00000
6.50000 9.00000 6.00000
6.50000 9.00000 7.00000
6.50000 9.00000 8.00000
6.50000 9.00000 9.00000
6.50000 9.00000 10.00000
6.50000 10.00000 -12.00000
6.00000 9.50000 -11.00000
6.50000 10.00000 -11.00000
6.00000 10.00000 -10.50000
6.00000 9.50000 -2.00000
6.00000 10.00000 -1.50000
6.50000 10.00000 -1.00000
6.50000 10.00000 0.00000
6.50000 10.00000 1.00000
6.50000 10.00000 2.00000
6.50000 10.00000 3.00000
6.50000 10.00000 4.00000
6.50000 10.00000 5.00000
6.50000 10.00000 6.00000
6.50000 10.00000 7.00000
6.50000 10.00000 8.00000
6.50000 10.00000 9.00000
6.50000 10.00000 10.00000
6.50000 10.00000 11.00000
6.50000 11.00000 -11.00000
6.00000 10.50000 -10.00000
6.50000 11.00000 -10.00000
6.00000 11.00000 -9.50000
6.00000 10.50000 -1.00000
6.00000 10.50000 0.00000
6.00000 10.50000 1.00000
6.00000 10.50000 2.00000
6.00000 10.50000 3.00000
6.00000 10.50000 4.00000
6.00000 10.50000 5.00000
6.00000 11.00000 5.50000
6.50000 11.00000 6.00000
6.50000 11.00000 7.00000
6.50000 11.00000 8.00000
6.50000 11.00000 9.00000
6.50000 11.00000 10.00000
6.50000 11.00000 11.00000
6.50000 12.00000 -10.00000
6.00000 12.00000 -9.50000
6.00000 11.50000 6.00000
6.00000 11.50000 7.00000
6.00000 12.00000 7.50000
6.50000 12.00000 8.00000
6.50000 12.00000 9.00000
6.50000 12.00000 10.00000
6.50000 12.00000 11.00000
6.50000 13.00000 -9.00000
6.00000 12.50000 -9.00000
6.00000 13.00000 -8.50000
6.50000 13.00000 8.00000
6.00000 13.00000 7.50000
6.50000 13.00000 9.00000
6.50000 13.00000 10.00000
6.50000 14.00000 -8.00000
6.00000 13.50000 -8.00000
6.00000 14.00000 -7.50000
6.50000 14.00000 8.00000
6.00000 14.00000 7.50000
6.50000 14.00000 9.00000
6.50000 14.00000 10.00000
6.50000 15.00000 -7.00000
6.00000 14.50000 -7.00000
6.00000 15.00000 -6.50000
6.50000 15.00000 7.00000
6.00000 14.50000 7.00000
6.00000 15.00000 6.50000
6.50000 15.00000 8.00000
6.50000 15.00000 9.00000
6.50000 16.00000 -7.00000
6.00000 15.50000 -6.00000
6.50000 16.00000 -6.00000
6.00000 16.00000 -5.50000
6.50000 16.00000 6.00000
6.00000 15.50000 6.00000
6.00000 16.00000 5.50000
6.50000 16.00000 7.00000
6.50000 16.00000 8.00000
6.50000 17.00000 -6.00000
6.00000 16.50000 -5.00000
6.50000 17.00000 -5.00000
6.50000 17.00000 -4.00000
6.00000 16.50000 -4.00000
6.00000 17.00000 -3.50000
6.50000 17.00000 0.00000
6.00000 16.50000 0.00000
6.00000 17.00000 -0.50000
6.00000 17.00000 0.50000
6.50000 17.00000 4.00000
6.00000 16.50000 4.00000
6.00000 17.00000 3.50000
6.50000 17.00000 5.00000
6.00000 16.50000 5.00000
6.50000 17.00000 6.00000
6.50000 17.00000 7.00000
6.50000 18.00000 -4.00000
6.00000 17.50000 -3.00000
6.50000 18.00000 -3.00000
6.50000 18.00000 -2.00000
6.00000 17.50000 -2.00000
6.50000 18.00000 -1.00000
6.00000 17.50000 -1.00000
6.50000 18.00000 0.00000
6.00000 17.50000 1.00000
6.50000 18.00000 1.00000
6.50000 18.00000 2.00000
6.00000 17.50000 2.00000
6.50000 18.00000 3.00000
6.00000 17.50000 3.00000
6.50000 18.00000 4.00000
6.50000 18.00000 5.00000
6.50000 19.00000 -3.00000
6.50000 19.00000 -2.00000
6.50000 19.00000 -1.00000
6.50000 19.00000 0.00000
5.50000 2.00000 2.00000
5.50000 2.00000 3.00000
5.50000 3.00000 1.00000
5.50000 3.00000 2.00000
5.50000 4.00000 -10.00000
5.50000 4.00000 -9.00000
5.00000 4.00000 -8.50000
5.00000 3.50000 -8.00000
5.00000 3.50000 -7.00000
5.00000 4.00000 -6.50000
5.50000 4.00000 1.00000
5.50000 5.00000 -10.00000
5.00000 5.00000 -9.50000
5.00000 4.50000 -9.00000
5.00000 4.50000 -6.00000
5.00000 4.50000 -5.00000
5.00000 4.50000 -4.00000
5.00000 4.50000 -3.00000
5.50000 5.00000 -2.00000
5.00000 5.00000 -2.50000
5.50000 5.00000 -1.00000
5.50000 5.00000 0.00000
5.50000 6.00000 -10.00000
5.00000 6.00000 -9.50000
5.00000 5.50000 -2.00000
5.00000 6.00000 -1.50000
5.50000 7.00000 -11.00000
5.50000 7.00000 -10.00000
5.00000 7.00000 -9.50000
5.50000 7.00000 -2.00000
5.00000 6.50000 -2.00000
5.00000 7.00000 -2.50000
5.50000 8.00000 -11.00000
5.50000 8.00000 -10.00000
5.00000 8.00000 -9.50000
5.00000 8.00000 -2.50000
5.50000 9.00000 -11.00000
5.50000 9.00000 -10.00000
5.00000 9.00000 -9.50000
5.00000 9.00000 -2.50000
5.50000 10.00000 -10.00000
5.00000 10.00000 -9.50000
5.50000 10.00000 -2.00000
5.00000 10.00000 -2.50000
5.50000 11.00000 -9.00000
5.00000 10.50000 -9.00000
5.00000 11.00000 -8.50000
5.50000 11.00000 -2.00000
5.00000 11.00000 -2.50000
5.50000 11.00000 -1.00000
5.50000 11.00000 0.00000
5.50000 11.00000 1.00000
5.50000 11.00000 2.00000
5.50000 11.00000 3.00000
5.50000 11.00000 4.00000
5.50000 11.00000 5.00000
5.50000 12.00000 -9.00000
5.00000 11.50000 -8.00000
5.50000 12.00000 -8.00000
5.00000 12.00000 -7.50000
5.00000 11.50000 -2.00000
5.00000 12.00000 -1.50000
5.50000 12.00000 -1.00000
5.50000 12.00000 0.00000
5.50000 12.00000 1.00000
5.50000 12.00000 2.00000
5.50000 12.00000 3.00000
5.50000 12.00000 4.00000
5.50000 12.00000 5.00000
5.50000 12.00000 6.00000
5.50000 12.00000 7.00000
5.50000 13.00000 -8.00000
5.00000 12.50000 -7.00000
5.50000 13.00000 -7.00000
5.00000 13.00000 -6.50000
5.00000 12.50000 -1.00000
5.00000 13.00000 -0.50000
5.50000 13.00000 0.00000
5.50000 13.00000 1.00000
5.50000 13.00000 2.00000
5.50000 13.00000 3.00000
5.50000 13.00000 4.00000
5.50000 13.00000 5.00000
5.50000 13.00000 6.00000
5.50000 13.00000 7.00000
5.50000 14.00000 -7.00000
5.00000 13.50000 -6.00000
5.50000 14.00000 -6.00000
5.00000 14.00000 -5.50000
5.50000 14.00000 0.00000
5.00000 14.00000 -0.50000
5.50000 14.00000 1.00000
5.50000 14.00000 2.00000
5.50000 14.00000 3.00000
5.50000 14.00000 4.00000
5.50000 14.00000 5.00000
5.50000 14.00000 6.00000
5.50000 14.00000 7.00000
5.50000 15.00000 -6.00000
5.00000 14.50000 -5.00000
5.50000 15.00000 -5.00000
5.00000 15.00000 -4.50000
5.50000 15.00000 0.00000
5.00000 15.00000 -0.50000
5.50000 15.00000 1.00000
5.50000 15.00000 2.00000
5.50000 15.00000 3.00000
5.50000 15.00000 4.00000
5.50000 15.00000 5.00000
5.50000 15.00000 6.00000
5.50000 16.00000 -5.00000
5.00000 15.50000 -4.00000
5.50000 16.00000 -4.00000
5.50000 16.00000 -3.00000
5.00000 15.50000 -3.00000
5.00000 16.00000 -2.50000
5.50000 16.00000 -1.00000
5.00000 15.50000 -1.00000
5.00000 16.00000 -1.50000
5.50000 16.00000 0.00000
5.50000 16.00000 1.00000
5.50000 16.00000 2.00000
5.50000 16.00000 3.00000
5.50000 16.00000 4.00000
5.50000 16.00000 5.00000
5.50000 17.00000 -3.00000
5.00000 16.50000 -2.00000
5.50000 17.00000 -2.00000
5.50000 17.00000 -1.00000
5.50000 17.00000 1.00000
5.50000 17.00000 2.00000
5.50000 17.00000 3.00000
4.50000 4.00000 -8.00000
4.50000 4.00000 -7.00000
4.50000 5.00000 -9.00000
4.50000 5.00000 -8.00000
4.00000 5.00000 -7.50000
4.00000 4.50000 -7.00000
4.00000 4.50000 -6.00000
4.00000 4.50000 -5.00000
4.00000 4.50000 -4.00000
4.00000 4.50000 -3.00000
4.00000 5.00000 -2.50000
4.50000 6.00000 -9.00000
4.50000 6.00000 -8.00000
4.00000 6.00000 -7.50000
4.00000 5.50000 -2.00000
4.00000 6.00000 -1.50000
4.50000 7.00000 -9.00000
4.50000 7.00000 -8.00000
4.00000 6.50000 -7.00000
4.50000 7.00000 -7.00000
4.00000 7.00000 -6.50000
4.50000 7.00000 -2.00000
4.00000 7.00000 -1.50000
4.50000 8.00000 -9.00000
4.50000 8.00000 -8.00000
4.50000 8.00000 -7.00000
4.00000 7.50000 -6.00000
4.50000 8.00000 -6.00000
4.00000 8.00000 -5.50000
4.00000 7.50000 -2.00000
4.00000 8.00000 -2.50000
4.50000 9.00000 -9.00000
4.50000 9.00000 -8.00000
4.50000 9.00000 -7.00000
4.50000 9.00000 -6.00000
4.00000 9.00000 -5.50000
4.50000 9.00000 -3.00000
4.00000 8.50000 -3.00000
4.00000 9.00000 -3.50000
4.50000 10.00000 -9.00000
4.50000 10.00000 -8.00000
4.50000 10.00000 -7.00000
4.00000 10.00000 -6.50000
4.00000 9.50000 -6.00000
4.50000 10.00000 -3.00000
4.00000 10.00000 -3.50000
4.50000 11.00000 -8.00000
4.50000 11.00000 -7.00000
4.00000 10.50000 -6.00000
4.50000 11.00000 -6.00000
4.50000 11.00000 -5.00000
4.00000 10.50000 -5.00000
4.00000 11.00000 -4.50000
4.00000 10.50000 -3.00000
4.00000 11.00000 -2.50000
4.50000 12.00000 -7.00000
4.50000 12.00000 -6.00000
4.50000 12.00000 -5.00000
4.00000 12.00000 -4.50000
4.50000 12.00000 -2.00000
4.00000 12.00000 -2.50000
4.50000 13.00000 -6.00000
4.50000 13.00000 -5.00000
4.00000 13.00000 -4.50000
4.50000 13.00000 -3.00000
4.00000 12.50000 -3.00000
4.00000 13.00000 -3.50000
4.50000 13.00000 -2.00000
4.50000 13.00000 -1.00000
4.50000 14.00000 -5.00000
4.00000 13.50000 -4.00000
4.50000 14.00000 -4.00000
4.50000 14.00000 -3.00000
4.50000 14.00000 -2.00000
4.50000 14.00000 -1.00000
4.50000 15.00000 -4.00000
4.50000 15.00000 -3.00000
4.50000 15.00000 -2.00000
4.50000 15.00000 -1.00000
4.50000 16.00000 -2.00000
3.50000 5.00000 -7.00000
3.50000 5.00000 -6.00000
3.00000 5.00000 -5.50000
3.00000 4.50000 -5.00000
3.00000 4.50000 -4.00000
3.50000 5.00000 -3.00000
3.00000 5.00000 -3.50000
3.50000 6.00000 -7.00000
3.50000 6.00000 -6.00000
3.00000 5.50000 -5.00000
3.50000 6.00000 -5.00000
3.00000 6.00000 -4.50000
3.00000 5.50000 -3.00000
3.50000 6.00000 -2.00000
3.00000 6.00000 -2.50000
3.50000 7.00000 -6.00000
3.50000 7.00000 -5.00000
3.00000 6.50000 -4.00000
3.50000 7.00000 -4.00000
3.50000 7.00000 -3.00000
3.00000 6.50000 -3.00000
3.50000 7.00000 -2.00000
3.50000 8.00000 -5.00000
3.50000 8.00000 -4.00000
3.50000 8.00000 -3.00000
3.50000 9.00000 -5.00000
3.50000 9.00000 -4.00000
3.50000 10.00000 -6.00000
3.50000 10.00000 -5.00000
3.50000 10.00000 -4.00000
3.50000 11.00000 -4.00000
3.50000 11.00000 -3.00000
3.50000 12.00000 -4.00000
3.50000 12.00000 -3.00000
3.50000 13.00000 -4.00000
2.50000 5.00000 -5.00000
2.50000 5.00000 -4.00000
2.50000 6.00000 -4.00000
2.50000 6.00000 -3.00000
3 2 1 0
3 0 3 2
3 6 5 4
3 8 7 4
3 4 7 6
3 7 8 1
3 8 0 1
3 8 9 0
3 3 0 10
3 10 0 9
3 13 12 11
3 13 11 5
3 11 4 5
3 11 14 4
3 4 15 8
3 4 14 15
3 17 9 16
3 9 15 16
3 9 8 15
3 9 17 10
3 20 19 18
3 20 18 12
3 18 11 12
3 18 21 11
3 11 22 14
3 11 21 22
3 24 15 23
3 15 22 23
3 15 14 22
3 15 24 16
3 18 19 25
3 25 19 26
3 18 27 21
3 18 25 27
3 21 28 22
3 21 27 28
3 23 22 29
3 29 22 28
3 25 26 30
3 30 26 31
3 33 27 32
3 27 30 32
3 27 25 30
3 27 33 28
3 28 33 34
3 28 34 29
3 37 36 35
3 39 38 35
3 35 38 37
3 39 40 38
3 31 41 30
3 30 41 32
3 44 43 42
3 44 42 36
3 42 35 36
3 42 45 35
3 35 46 39
3 35 45 46
3 40 39 47
3 39 48 47
3 39 46 48
3 50 49 48
3 48 49 47
3 50 51 49
3 42 43 52
3 52 43 53
3 42 54 45
3 42 52 54
3 45 55 46
3 45 54 55
3 46 56 48
3 46 55 56
3 48 57 50
3 48 56 57
3 51 50 58
3 50 59 58
3 50 57 59
3 61 60 59
3 59 60 58
3 61 62 60
3 52 53 63
3 63 53 64
3 52 65 54
3 52 63 65
3 54 66 55
3 54 65 66
3 55 67 56
3 55 66 67
3 56 68 57
3 56 67 68
3 57 69 59
3 57 68 69
3 59 70 61
3 59 69 70
3 62 61 71
3 71 61 70
3 63 64 72
3 72 64 73
3 63 74 65
3 63 72 74
3 65 75 66
3 65 74 75
3 66 76 67
3 66 75 76
3 67 77 68
3 67 76 77
3 68 78 69
3 68 77 78
3 69 79 70
3 69 78 79
3 71 70 80
3 80 70 79
3 72 73 81
3 81 73 82
3 72 83 74
3 72 81 83
3 74 84 75
3 74 83 84
3 75 85 76
3 75 84 85
3 76 86 77
3 76 85 86
3 77 87 78
3 77 86 87
3 78 88 79
3 78 87 88
3 80 79 89
3 89 79 88
3 81 82 90
3 90 82 91
3 81 92 83
3 81 90 92
3 83 93 84
3 83 92 93
3 84 94 85
3 84 93 94
3 85 95 86
3 85 94 95
3 86 96 87
3 86 95 96
3 87 97 88
3 87 96 97
3 89 88 98
3 98 88 97
3 91 99 90
3 101 100 99
3 100 90 99
3 100 92 90
3 92 102 93
3 92 100 102
3 93 103 94
3 93 102 103
3 94 104 95
3 94 103 104
3 95 105 96
3 95 104 105
3 107 97 106
3 97 105 106
3 97 96 105
3 97 107 98
3 100 101 108
3 108 101 109
3 100 110 102
3 100 108 110
3 102 111 103
3 102 110 111
3 103 112 104
3 103 111 112
3 104 113 105
3 104 112 113
3 106 105 114
3 114 105 113
3 108 109 115
3 115 109 116
3 108 117 110
3 108 115 117
3 110 118 111
3 110 117 118
3 111 119 112
3 111 118 119
3 112 120 113
3 112 119 120
3 114 113 121
3 113 122 121
3 113 120 122
3 122 123 121
3 115 116 124
3 124 116 125
3 115 126 117
3 115 124 126
3 117 127 118
3 117 126 127
3 118 128 119
3 118 127 128
3 119 129 120
3 119 128 129
3 120 130 122
3 120 129 130
3 123 122 131
3 131 122 130
3 125 132 124
3 134 133 132
3 133 124 132
3 133 126 124
3 126 135 127
3 126 133 135
3 127 136 128
3 127 135 136
3 128 137 129
3 128 136 137
3 129 138 130
3 129 137 138
3 131 130 139
3 130 140 139
3 130 138 140
3 140 141 139
3 133 134 142
3 142 134 143
3 133 144 135
3 133 142 144
3 135 145 136
3 135 144 145
3 136 146 137
3 136 145 146
3 137 147 138
3 137 146 147
3 138 148 140
3 138 147 148
3 141 140 149
3 149 140 148
3 143 150 142
3 152 151 150
3 151 142 150
3 151 144 142
3 144 153 145
3 144 151 153
3 145 154 146
3 145 153 154
3 146 155 147
3 146 154 155
3 157 148 156
3 148 155 156
3 148 147 155
3 148 157 149
3 151 152 158
3 158 152 159
3 151 160 153
3 151 158 160
3 153 161 154
3 153 160 161
3 163 155 162
3 155 161 162
3 155 154 161
3 155 163 156
3 159 164 158
3 158 164 160
3 160 164 165
3 160 165 161
3 161 165 166
3 161 166 162
3 169 168 167
3 171 170 167
3 167 170 169
3 171 172 170
3 175 174 173
3 175 173 168
3 173 167 168
3 173 176 167
3 167 177 171
3 167 176 177
3 172 171 178
3 178 171 177
3 181 180 179
3 1 2 179
3 2 181 179
3 2 182 181
3 183 173 3
3 173 182 3
3 182 2 3
3 173 174 182
3 173 184 176
3 173 183 184
3 176 185 177
3 176 184 185
3 178 177 186
3 186 177 185
3 188 187 6
3 6 187 5
3 7 179 180
3 188 7 180
3 6 7 188
3 179 7 1
3 10 189 183
3 10 183 3
3 183 190 184
3 183 189 190
3 184 191 185
3 184 190 191
3 186 185 192
3 192 185 191
3 194 193 13
3 13 193 12
3 13 5 187
3 13 187 194
3 16 195 17
3 189 10 17
3 195 189 17
3 196 189 195
3 189 197 190
3 189 196 197
3 190 198 191
3 190 197 198
3 192 191 199
3 191 200 199
3 191 198 200
3 200 201 199
3 203 202 20
3 20 202 19
3 20 12 193
3 20 193 203
3 23 204 24
3 195 16 24
3 204 195 24
3 205 195 204
3 195 206 196
3 195 205 206
3 196 207 197
3 196 206 207
3 197 208 198
3 197 207 208
3 198 209 200
3 198 208 209
3 201 200 210
3 200 211 210
3 200 209 211
3 213 212 211
3 211 212 210
3 215 214 213
3 213 214 212
3 217 216 215
3 215 216 214
3 217 218 216
3 202 26 19
3 219 26 202
3 29 220 204
3 29 204 23
3 204 221 205
3 204 220 221
3 205 222 206
3 205 221 222
3 206 223 207
3 206 222 223
3 207 224 208
3 207 223 224
3 208 225 209
3 208 224 225
3 209 226 211
3 209 225 226
3 211 227 213
3 211 226 227
3 213 228 215
3 213 227 228
3 215 229 217
3 215 228 229
3 218 217 230
3 217 231 230
3 217 229 231
3 231 232 230
3 235 234 233
3 219 235 233
3 31 219 233
3 26 219 31
3 32 236 33
3 237 34 33
3 237 33 236
3 220 29 34
3 237 220 34
3 238 220 237
3 240 221 239
3 221 238 239
3 221 220 238
3 242 241 240
3 241 221 240
3 241 222 221
3 222 243 223
3 222 241 243
3 223 244 224
3 223 243 244
3 224 245 225
3 224 244 245
3 245 36 37
3 226 245 37
3 225 245 226
3 226 37 38
3 226 38 227
3 227 38 40
3 246 227 40
3 228 227 246
3 228 247 229
3 228 246 247
3 229 248 231
3 229 247 248
3 232 231 249
3 231 250 249
3 231 248 250
3 252 251 250
3 250 251 249
3 252 253 251
3 256 255 254
3 256 254 234
3 254 233 234
3 254 257 233
3 258 41 31
3 233 258 31
3 257 258 233
3 236 32 41
3 258 236 41
3 259 236 258
3 261 237 260
3 237 259 260
3 237 236 259
3 237 261 238
3 238 261 262
3 238 262 239
3 241 242 263
3 263 242 264
3 241 265 243
3 241 263 265
3 243 266 244
3 243 265 266
3 266 43 44
3 245 266 44
3 244 266 245
3 245 44 36
3 47 246 40
3 246 47 49
3 246 49 247
3 247 49 51
3 267 247 51
3 248 247 267
3 248 268 250
3 248 267 268
3 250 269 252
3 250 268 269
3 253 252 270
3 270 252 269
3 254 255 271
3 271 255 272
3 254 273 257
3 254 271 273
3 257 274 258
3 257 273 274
3 276 259 275
3 259 274 275
3 259 258 274
3 259 276 260
3 263 264 277
3 277 264 278
3 263 279 265
3 263 277 279
3 265 280 266
3 265 279 280
3 280 53 43
3 280 43 266
3 58 267 51
3 267 58 60
3 267 60 268
3 268 60 62
3 281 268 62
3 269 268 281
3 270 269 282
3 269 283 282
3 269 281 283
3 283 284 282
3 271 272 285
3 285 272 286
3 288 273 287
3 273 285 287
3 273 271 285
3 273 288 274
3 274 288 289
3 274 289 275
3 292 291 290
3 292 290 278
3 290 277 278
3 290 293 277
3 277 294 279
3 277 293 294
3 279 295 280
3 279 294 295
3 295 64 53
3 295 53 280
3 71 296 281
3 71 281 62
3 281 297 283
3 281 296 297
3 284 283 298
3 298 283 297
3 286 299 285
3 285 299 287
3 290 291 300
3 300 291 301
3 290 302 293
3 290 300 302
3 293 303 294
3 293 302 303
3 294 304 295
3 294 303 304
3 304 73 64
3 304 64 295
3 80 305 296
3 80 296 71
3 307 297 306
3 297 305 306
3 297 296 305
3 297 307 298
3 300 301 308
3 308 301 309
3 300 310 302
3 300 308 310
3 302 311 303
3 302 310 311
3 303 312 304
3 303 311 312
3 312 82 73
3 312 73 304
3 89 313 305
3 89 305 80
3 306 305 314
3 314 305 313
3 308 309 315
3 315 309 316
3 308 317 310
3 308 315 317
3 310 318 311
3 310 317 318
3 311 319 312
3 311 318 319
3 319 91 82
3 319 82 312
3 98 320 313
3 98 313 89
3 314 313 321
3 321 313 320
3 315 316 322
3 322 316 323
3 315 324 317
3 315 322 324
3 317 325 318
3 317 324 325
3 318 326 319
3 318 325 326
3 327 99 91
3 319 327 91
3 326 327 319
3 327 101 99
3 106 328 107
3 320 98 107
3 328 320 107
3 329 320 328
3 321 320 330
3 330 320 329
3 322 323 331
3 331 323 332
3 322 333 324
3 322 331 333
3 324 334 325
3 324 333 334
3 325 335 326
3 325 334 335
3 326 336 327
3 326 335 336
3 336 109 101
3 336 101 327
3 114 337 328
3 114 328 106
3 328 338 329
3 328 337 338
3 330 329 339
3 339 329 338
3 331 332 340
3 340 332 341
3 331 342 333
3 331 340 342
3 333 343 334
3 333 342 343
3 334 344 335
3 334 343 344
3 335 345 336
3 335 344 345
3 345 116 109
3 345 109 336
3 121 337 114
3 337 121 123
3 346 337 123
3 338 337 346
3 339 338 347
3 338 348 347
3 338 346 348
3 348 349 347
3 340 341 350
3 350 341 351
3 340 352 342
3 340 350 352
3 342 353 343
3 342 352 353
3 343 354 344
3 343 353 354
3 344 355 345
3 344 354 355
3 355 125 116
3 355 116 345
3 131 356 346
3 131 346 123
3 346 357 348
3 346 356 357
3 349 348 358
3 358 348 357
3 350 351 359
3 359 351 360
3 350 361 352
3 350 359 361
3 352 362 353
3 352 361 362
3 353 363 354
3 353 362 363
3 354 364 355
3 354 363 364
3 365 132 125
3 355 365 125
3 364 365 355
3 365 134 132
3 139 356 131
3 356 139 141
3 366 356 141
3 357 356 366
3 358 357 367
3 367 357 366
3 359 360 368
3 368 360 369
3 359 370 361
3 359 368 370
3 361 371 362
3 361 370 371
3 362 372 363
3 362 371 372
3 363 373 364
3 363 372 373
3 364 374 365
3 364 373 374
3 374 143 134
3 374 134 365
3 149 375 366
3 149 366 141
3 367 366 376
3 376 366 375
3 369 377 368
3 379 378 377
3 378 368 377
3 378 370 368
3 370 380 371
3 370 378 380
3 371 381 372
3 371 380 381
3 372 382 373
3 372 381 382
3 373 383 374
3 373 382 383
3 384 150 143
3 374 384 143
3 383 384 374
3 384 152 150
3 156 385 157
3 375 149 157
3 385 375 157
3 386 375 385
3 376 375 387
3 387 375 386
3 378 379 388
3 388 379 389
3 378 390 380
3 378 388 390
3 380 391 381
3 380 390 391
3 381 392 382
3 381 391 392
3 382 393 383
3 382 392 393
3 383 394 384
3 383 393 394
3 394 159 152
3 394 152 384
3 162 395 163
3 385 156 163
3 395 385 163
3 396 385 395
3 398 386 397
3 386 396 397
3 386 385 396
3 386 398 387
3 401 400 399
3 401 399 389
3 399 388 389
3 399 402 388
3 388 403 390
3 388 402 403
3 390 404 391
3 390 403 404
3 391 405 392
3 391 404 405
3 392 406 393
3 392 405 406
3 393 407 394
3 393 406 407
3 408 164 159
3 394 408 159
3 407 408 394
3 409 165 164
3 409 164 408
3 410 166 165
3 410 165 409
3 410 411 166
3 166 411 162
3 411 412 162
3 412 395 162
3 395 412 396
3 396 412 413
3 396 413 397
3 399 400 414
3 414 400 415
3 399 416 402
3 399 414 416
3 402 417 403
3 402 416 417
3 403 418 404
3 403 417 418
3 404 419 405
3 404 418 419
3 405 420 406
3 405 419 420
3 406 421 407
3 406 420 421
3 407 422 408
3 407 421 422
3 408 423 409
3 408 422 423
3 425 410 424
3 410 423 424
3 410 409 423
3 410 425 411
3 414 415 426
3 426 415 427
3 414 428 416
3 414 426 428
3 416 429 417
3 416 428 429
3 417 430 418
3 417 429 430
3 418 431 419
3 418 430 431
3 419 432 420
3 419 431 432
3 420 433 421
3 420 432 433
3 435 422 434
3 422 433 434
3 422 421 433
3 422 435 423
3 423 435 436
3 423 436 424
3 427 437 426
3 439 438 437
3 438 426 437
3 438 428 426
3 428 440 429
3 428 438 440
3 429 441 430
3 429 440 441
3 430 442 431
3 430 441 442
3 431 443 432
3 431 442 443
3 445 433 444
3 433 443 444
3 433 432 443
3 433 445 434
3 439 446 438
3 438 446 440
3 440 446 447
3 440 447 441
3 441 447 448
3 441 448 442
3 442 448 449
3 442 449 443
3 443 449 450
3 443 450 444
3 453 452 451
3 451 454 453
3 455 168 169
3 455 169 456
3 169 457 456
3 169 170 457
3 459 458 172
3 458 170 172
3 458 457 170
3 458 459 452
3 459 451 452
3 459 460 451
3 454 451 461
3 451 462 461
3 451 460 462
3 462 463 461
3 465 464 175
3 175 464 174
3 175 168 455
3 466 175 455
3 465 175 466
3 466 455 456
3 178 467 459
3 178 459 172
3 459 468 460
3 459 467 468
3 460 469 462
3 460 468 469
3 463 462 470
3 470 462 469
3 471 180 181
3 471 181 472
3 181 473 472
3 181 182 473
3 182 174 464
3 182 464 473
3 186 474 467
3 186 467 178
3 467 475 468
3 467 474 475
3 468 476 469
3 468 475 476
3 470 469 477
3 469 478 477
3 469 476 478
3 480 479 478
3 478 479 477
3 482 481 480
3 480 481 479
3 482 483 481
3 484 187 188
3 485 484 188
3 485 188 180
3 486 485 180
3 471 486 180
3 486 471 472
3 192 487 474
3 192 474 186
3 474 488 475
3 474 487 488
3 475 489 476
3 475 488 489
3 476 490 478
3 476 489 490
3 478 491 480
3 478 490 491
3 480 492 482
3 480 491 492
3 483 482 493
3 482 494 493
3 482 492 494
3 496 495 494
3 494 495 493
3 496 497 495
3 498 193 194
3 499 498 194
3 499 194 187
3 500 499 187
3 484 500 187
3 500 484 485
3 199 487 192
3 487 199 201
3 501 487 201
3 488 487 501
3 488 502 489
3 488 501 502
3 489 503 490
3 489 502 503
3 490 504 491
3 490 503 504
3 491 505 492
3 491 504 505
3 492 506 494
3 492 505 506
3 494 507 496
3 494 506 507
3 497 496 508
3 496 509 508
3 496 507 509
3 509 510 508
3 511 202 203
3 512 511 203
3 512 203 193
3 513 512 193
3 498 513 193
3 513 498 499
3 210 501 201
3 501 210 212
3 501 212 502
3 502 212 214
3 502 214 503
3 503 214 216
3 503 216 504
3 504 216 218
3 514 504 218
3 505 504 514
3 505 515 506
3 505 514 515
3 506 516 507
3 506 515 516
3 507 517 509
3 507 516 517
3 510 509 518
3 509 519 518
3 509 517 519
3 519 520 518
3 522 521 511
3 521 202 511
3 521 219 202
3 522 511 512
3 230 514 218
3 514 230 232
3 523 514 232
3 515 514 523
3 515 524 516
3 515 523 524
3 516 525 517
3 516 524 525
3 517 526 519
3 517 525 526
3 520 519 527
3 527 519 526
3 529 528 235
3 235 528 234
3 235 219 521
3 235 521 529
3 239 530 240
3 530 242 240
3 249 523 232
3 523 249 251
3 523 251 524
3 524 251 253
3 531 524 253
3 525 524 531
3 525 532 526
3 525 531 532
3 527 526 533
3 526 534 533
3 526 532 534
3 534 535 533
3 537 536 256
3 256 536 255
3 256 234 528
3 256 528 537
3 260 538 261
3 539 262 261
3 539 261 538
3 530 239 262
3 539 530 262
3 540 530 539
3 540 264 242
3 540 242 530
3 270 541 531
3 270 531 253
3 531 542 532
3 531 541 542
3 532 543 534
3 532 542 543
3 535 534 544
3 544 534 543
3 536 272 255
3 545 272 536
3 275 546 276
3 538 260 276
3 546 538 276
3 547 538 546
3 538 548 539
3 538 547 548
3 539 549 540
3 539 548 549
3 549 278 264
3 549 264 540
3 282 541 270
3 541 282 284
3 550 541 284
3 542 541 550
3 542 551 543
3 542 550 551
3 544 543 552
3 552 543 551
3 555 554 553
3 545 555 553
3 286 545 553
3 272 545 286
3 287 556 288
3 557 289 288
3 557 288 556
3 557 558 289
3 289 558 275
3 558 559 275
3 559 546 275
3 546 559 547
3 547 559 560
3 562 561 560
3 561 547 560
3 561 548 547
3 561 291 292
3 549 561 292
3 548 561 549
3 549 292 278
3 298 563 550
3 298 550 284
3 565 551 564
3 551 563 564
3 551 550 563
3 551 565 552
3 553 554 566
3 566 554 567
3 568 299 286
3 553 568 286
3 566 568 553
3 568 569 299
3 299 569 287
3 569 570 287
3 570 556 287
3 556 570 557
3 557 570 571
3 557 571 558
3 561 562 572
3 572 562 573
3 572 301 291
3 572 291 561
3 306 574 307
3 563 298 307
3 574 563 307
3 575 563 574
3 564 563 576
3 576 563 575
3 567 577 566
3 566 577 568
3 568 577 578
3 568 578 569
3 572 573 579
3 579 573 580
3 579 309 301
3 579 301 572
3 314 581 574
3 314 574 306
3 574 582 575
3 574 581 582
3 576 575 583
3 583 575 582
3 579 580 584
3 584 580 585
3 584 316 309
3 584 309 579
3 321 586 581
3 321 581 314
3 581 587 582
3 581 586 587
3 583 582 588
3 588 582 587
3 584 585 589
3 589 585 590
3 589 323 316
3 589 316 584
3 330 591 586
3 330 586 321
3 586 592 587
3 586 591 592
3 588 587 593
3 587 594 593
3 587 592 594
3 594 595 593
3 589 590 596
3 596 590 597
3 596 332 323
3 596 323 589
3 339 598 591
3 339 591 330
3 591 599 592
3 591 598 599
3 592 600 594
3 592 599 600
3 595 594 601
3 601 594 600
3 597 602 596
3 332 596 602
3 603 332 602
3 341 332 603
3 347 598 339
3 598 347 349
3 604 598 349
3 599 598 604
3 599 605 600
3 599 604 605
3 601 600 606
3 606 600 605
3 603 351 341
3 607 351 603
3 358 608 604
3 358 604 349
3 604 609 605
3 604 608 609
3 606 605 610
3 610 605 609
3 607 360 351
3 611 360 607
3 367 612 608
3 367 608 358
3 608 613 609
3 608 612 613
3 610 609 614
3 614 609 613
3 611 369 360
3 615 369 611
3 376 616 612
3 376 612 367
3 612 617 613
3 612 616 617
3 614 613 618
3 618 613 617
3 377 369 619
3 369 620 619
3 369 615 620
3 619 379 377
3 387 621 616
3 387 616 376
3 623 617 622
3 617 621 622
3 617 616 621
3 617 623 618
3 619 620 624
3 624 620 625
3 624 389 379
3 624 379 619
3 397 626 398
3 621 387 398
3 626 621 398
3 627 621 626
3 622 621 628
3 628 621 627
3 624 625 401
3 625 400 401
3 625 629 400
3 624 401 389
3 411 630 412
3 631 413 412
3 631 412 630
3 626 397 413
3 631 626 413
3 632 626 631
3 634 627 633
3 627 632 633
3 627 626 632
3 627 634 628
3 629 415 400
3 635 415 629
3 424 636 425
3 630 411 425
3 636 630 425
3 637 630 636
3 630 638 631
3 630 637 638
3 640 632 639
3 632 638 639
3 632 631 638
3 632 640 633
3 635 427 415
3 641 427 635
3 434 642 435
3 643 436 435
3 643 435 642
3 636 424 436
3 643 636 436
3 644 636 643
3 646 637 645
3 637 644 645
3 637 636 644
3 637 646 638
3 638 646 647
3 638 647 639
3 437 427 648
3 427 649 648
3 427 641 649
3 648 439 437
3 444 650 445
3 642 434 445
3 650 642 445
3 651 642 650
3 642 652 643
3 642 651 652
3 654 644 653
3 644 652 653
3 644 643 652
3 644 654 645
3 648 649 655
3 655 649 656
3 657 446 439
3 648 657 439
3 655 657 648
3 658 447 446
3 658 446 657
3 659 448 447
3 659 447 658
3 660 449 448
3 660 448 659
3 661 450 449
3 661 449 660
3 650 444 450
3 661 650 450
3 662 650 661
3 664 651 663
3 651 662 663
3 651 650 662
3 651 664 652
3 652 664 665
3 652 665 653
3 656 666 655
3 655 666 657
3 657 666 667
3 657 667 658
3 658 667 668
3 658 668 659
3 659 668 669
3 671 670 669
3 670 659 669
3 670 660 659
3 660 672 661
3 660 670 672
3 674 662 673
3 662 672 673
3 662 661 672
3 662 674 663
3 671 675 670
3 670 675 672
3 672 675 676
3 672 676 673
3 677 452 453
3 679 677 678
3 677 453 678
3 454 680 678
3 454 678 453
3 682 681 680
3 680 681 678
3 684 683 682
3 682 683 681
3 684 685 683
3 686 456 457
3 686 457 687
3 457 688 687
3 457 458 688
3 458 452 677
3 689 458 677
3 688 458 689
3 454 461 680
3 677 679 689
3 680 461 463
3 690 680 463
3 682 680 690
3 682 691 684
3 682 690 691
3 685 684 692
3 684 693 692
3 684 691 693
3 695 694 693
3 693 694 692
3 695 696 694
3 697 464 465
3 466 698 465
3 465 698 697
3 699 698 466
3 699 466 456
3 700 699 456
3 686 700 456
3 700 686 687
3 470 701 690
3 470 690 463
3 690 702 691
3 690 701 702
3 691 703 693
3 691 702 703
3 693 704 695
3 693 703 704
3 696 695 705
3 695 706 705
3 695 704 706
3 706 707 705
3 708 472 473
3 709 708 473
3 709 473 464
3 710 709 464
3 697 710 464
3 710 697 698
3 710 698 711
3 711 698 699
3 477 701 470
3 701 477 479
3 701 479 702
3 702 479 481
3 702 481 703
3 703 481 483
3 712 703 483
3 704 703 712
3 704 713 706
3 704 712 713
3 707 706 714
3 706 715 714
3 706 713 715
3 715 716 714
3 717 485 486
3 718 717 486
3 718 486 472
3 719 718 472
3 708 719 472
3 719 708 709
3 493 712 483
3 712 493 495
3 712 495 713
3 713 495 497
3 720 713 497
3 715 713 720
3 716 715 721
3 715 722 721
3 715 720 722
3 722 723 721
3 724 499 500
3 725 724 500
3 725 500 485
3 726 725 485
3 717 726 485
3 726 717 718
3 508 720 497
3 720 508 510
3 727 720 510
3 722 720 727
3 723 722 728
3 722 729 728
3 722 727 729
3 729 730 728
3 731 512 513
3 732 731 513
3 732 513 499
3 733 732 499
3 724 733 499
3 733 724 725
3 518 727 510
3 727 518 520
3 734 727 520
3 729 727 734
3 730 729 735
3 729 736 735
3 729 734 736
3 736 737 735
3 738 521 522
3 739 738 522
3 739 522 512
3 740 739 512
3 731 740 512
3 740 731 732
3 527 741 734
3 527 734 520
3 734 742 736
3 734 741 742
3 737 736 743
3 743 736 742
3 744 528 529
3 745 744 529
3 745 529 521
3 746 745 521
3 738 746 521
3 746 738 739
3 533 741 527
3 741 533 535
3 747 741 535
3 742 741 747
3 743 742 748
3 748 742 747
3 749 536 537
3 750 749 537
3 750 537 528
3 751 750 528
3 744 751 528
3 751 744 745
3 544 752 747
3 544 747 535
3 748 747 753
3 753 747 752
3 755 754 749
3 754 536 749
3 754 545 536
3 755 749 750
3 552 756 752
3 552 752 544
3 753 752 757
3 757 752 756
3 758 554 555
3 759 758 555
3 545 759 555
3 754 759 545
3 558 760 559
3 761 560 559
3 761 559 760
3 761 562 560
3 564 762 565
3 756 552 565
3 762 756 565
3 763 756 762
3 757 756 764
3 764 756 763
3 765 567 758
3 758 567 554
3 758 759 766
3 758 766 765
3 569 767 570
3 768 571 570
3 768 570 767
3 760 558 571
3 768 760 571
3 769 760 768
3 760 770 761
3 760 769 770
3 770 573 562
3 770 562 761
3 576 771 762
3 576 762 564
3 762 772 763
3 762 771 772
3 764 763 773
3 773 763 772
3 765 577 567
3 766 774 765
3 774 577 765
3 774 578 577
3 569 578 767
3 578 775 767
3 578 774 775
3 767 775 768
3 768 775 776
3 768 776 769
3 769 776 777
3 769 777 770
3 770 777 778
3 573 770 778
3 779 573 778
3 580 573 779
3 583 780 771
3 583 771 576
3 771 781 772
3 771 780 781
3 773 772 782
3 782 772 781
3 779 585 580
3 783 585 779
3 588 784 780
3 588 780 583
3 780 785 781
3 780 784 785
3 782 781 786
3 781 787 786
3 781 785 787
3 787 788 786
3 791 790 789
3 783 791 789
3 590 783 789
3 585 783 590
3 593 784 588
3 784 593 595
3 792 784 595
3 785 784 792
3 785 793 787
3 785 792 793
3 788 787 794
3 794 787 793
3 789 790 795
3 795 790 796
3 795 597 590
3 795 590 789
3 601 797 792
3 601 792 595
3 792 798 793
3 792 797 798
3 794 793 799
3 793 800 799
3 793 798 800
3 800 801 799
3 796 802 795
3 802 804 803
3 802 803 602
3 795 802 602
3 597 795 602
3 803 603 602
3 606 805 797
3 606 797 601
3 797 806 798
3 797 805 806
3 798 807 800
3 798 806 807
3 801 800 808
3 808 800 807
3 804 809 803
3 603 803 809
3 810 603 809
3 607 603 810
3 610 811 805
3 610 805 606
3 805 812 806
3 805 811 812
3 806 813 807
3 806 812 813
3 808 807 814
3 814 807 813
3 810 611 607
3 815 611 810
3 614 816 811
3 614 811 610
3 811 817 812
3 811 816 817
3 819 813 818
3 813 817 818
3 813 812 817
3 813 819 814
3 815 615 611
3 820 615 815
3 618 821 816
3 618 816 614
3 816 822 817
3 816 821 822
3 818 817 823
3 823 817 822
3 820 620 615
3 824 620 820
3 622 825 623
3 821 618 623
3 825 821 623
3 826 821 825
3 828 822 827
3 822 826 827
3 822 821 826
3 822 828 823
3 824 625 620
3 829 625 824
3 628 830 825
3 628 825 622
3 825 831 826
3 825 830 831
3 827 826 832
3 832 826 831
3 829 629 625
3 833 629 829
3 633 834 634
3 830 628 634
3 834 830 634
3 835 830 834
3 837 831 836
3 831 835 836
3 831 830 835
3 831 837 832
3 833 635 629
3 838 635 833
3 639 839 640
3 834 633 640
3 839 834 640
3 840 834 839
3 842 835 841
3 835 840 841
3 835 834 840
3 835 842 836
3 838 641 635
3 843 641 838
3 645 844 646
3 845 647 646
3 845 646 844
3 839 639 647
3 845 839 647
3 846 839 845
3 848 840 847
3 840 846 847
3 840 839 846
3 840 848 841
3 843 649 641
3 849 649 843
3 653 850 654
3 844 645 654
3 850 844 654
3 851 844 850
3 844 852 845
3 844 851 852
3 854 846 853
3 846 852 853
3 846 845 852
3 846 854 847
3 849 656 649
3 855 656 849
3 663 856 664
3 857 665 664
3 857 664 856
3 850 653 665
3 857 850 665
3 858 850 857
3 850 859 851
3 850 858 859
3 861 852 860
3 852 859 860
3 852 851 859
3 852 861 853
3 855 862 656
3 656 862 666
3 666 863 667
3 862 863 666
3 863 865 864
3 668 863 864
3 667 863 668
3 866 669 668
3 866 668 864
3 866 671 669
3 673 867 674
3 856 663 674
3 867 856 674
3 868 856 867
3 856 869 857
3 856 868 869
3 857 870 858
3 857 869 870
3 872 859 871
3 859 870 871
3 859 858 870
3 859 872 860
3 865 873 864
3 864 873 866
3 866 873 874
3 874 876 875
3 874 875 675
3 866 874 675
3 671 866 675
3 877 676 675
3 877 675 875
3 867 673 676
3 877 867 676
3 878 867 877
3 880 868 879
3 868 878 879
3 868 867 878
3 868 880 869
3 869 880 881
3 869 881 870
3 870 881 882
3 870 882 871
3 876 883 875
3 875 883 877
3 877 883 884
3 877 884 878
3 878 884 885
3 878 885 879
3 886 679 678
3 886 678 887
3 678 888 887
3 678 681 888
3 889 681 683
3 889 888 681
3 891 890 685
3 890 683 685
3 890 889 683
3 893 892 891
3 891 892 890
3 895 894 893
3 893 894 892
3 897 896 895
3 895 896 894
3 897 898 896
3 899 687 688
3 899 688 900
3 688 901 900
3 688 689 901
3 689 679 886
3 902 689 886
3 901 689 902
3 902 886 887
3 692 891 685
3 891 692 694
3 891 694 893
3 893 694 696
3 903 893 696
3 895 893 903
3 895 904 897
3 895 903 904
3 898 897 905
3 905 897 904
3 906 699 700
3 907 906 700
3 907 700 687
3 908 907 687
3 899 908 687
3 908 899 900
3 705 903 696
3 903 705 707
3 909 903 707
3 904 903 909
3 905 904 910
3 904 911 910
3 904 909 911
3 911 912 910
3 913 709 710
3 711 914 710
3 710 914 913
3 915 914 711
3 915 711 699
3 916 915 699
3 906 916 699
3 916 906 907
3 714 909 707
3 909 714 716
3 917 909 716
3 911 909 917
3 912 911 918
3 911 919 918
3 911 917 919
3 919 920 918
3 921 718 719
3 709 913 719
3 913 921 719
3 913 922 921
3 914 924 923
3 922 914 923
3 913 914 922
3 924 914 915
3 721 917 716
3 917 721 723
3 925 917 723
3 919 917 925
3 920 919 926
3 919 927 926
3 919 925 927
3 927 928 926
3 929 725 726
3 930 929 726
3 930 726 718
3 931 930 718
3 921 931 718
3 931 921 922
3 931 922 932
3 932 922 923
3 728 925 723
3 925 728 730
3 933 925 730
3 927 925 933
3 928 927 934
3 927 935 934
3 927 933 935
3 935 936 934
3 937 732 733
3 938 937 733
3 938 733 725
3 939 938 725
3 929 939 725
3 939 929 930
3 735 933 730
3 933 735 737
3 940 933 737
3 935 933 940
3 936 935 941
3 941 935 940
3 942 739 740
3 943 942 740
3 943 740 732
3 944 943 732
3 937 944 732
3 944 937 938
3 743 945 940
3 743 940 737
3 941 940 946
3 940 947 946
3 940 945 947
3 947 948 946
3 949 745 746
3 950 949 746
3 950 746 739
3 951 950 739
3 942 951 739
3 951 942 943
3 748 952 945
3 748 945 743
3 945 953 947
3 945 952 953
3 948 947 954
3 954 947 953
3 955 750 751
3 956 955 751
3 956 751 745
3 957 956 745
3 949 957 745
3 957 949 950
3 753 958 952
3 753 952 748
3 952 959 953
3 952 958 959
3 954 953 960
3 960 953 959
3 962 961 755
3 755 961 754
3 755 750 955
3 963 755 955
3 962 755 963
3 963 955 956
3 757 964 958
3 757 958 753
3 958 965 959
3 958 964 965
3 960 959 966
3 966 959 965
3 968 759 967
3 759 961 967
3 759 754 961
3 969 968 967
3 764 970 964
3 764 964 757
3 964 971 965
3 964 970 971
3 966 965 972
3 972 965 971
3 973 766 968
3 968 766 759
3 968 969 974
3 968 974 973
3 773 975 970
3 773 970 764
3 970 976 971
3 970 975 976
3 972 971 977
3 977 971 976
3 973 774 766
3 974 978 973
3 978 774 973
3 978 775 774
3 775 979 776
3 978 979 775
3 979 981 980
3 777 979 980
3 776 979 777
3 982 778 777
3 982 777 980
3 982 779 778
3 782 983 975
3 782 975 773
3 975 984 976
3 975 983 984
3 977 976 985
3 985 976 984
3 981 986 980
3 988 987 986
3 987 980 986
3 987 982 980
3 987 783 779
3 987 779 982
3 786 983 782
3 983 786 788
3 989 983 788
3 984 983 989
3 985 984 990
3 984 991 990
3 984 989 991
3 991 992 990
3 987 988 791
3 988 790 791
3 988 993 790
3 987 791 783
3 794 994 989
3 794 989 788
3 989 995 991
3 989 994 995
3 992 991 996
3 996 991 995
3 993 796 790
3 997 796 993
3 799 994 794
3 994 799 801
3 998 994 801
3 995 994 998
3 996 995 999
3 999 995 998
3 997 1000 796
3 796 1000 802
3 804 802 1000
3 804 1000 1001
3 808 1002 998
3 808 998 801
3 999 998 1003
3 998 1004 1003
3 998 1002 1004
3 1004 1005 1003
3 1001 1006 804
3 804 1006 809
3 810 809 1006
3 810 1006 1007
3 814 1008 1002
3 814 1002 808
3 1002 1009 1004
3 1002 1008 1009
3 1005 1004 1010
3 1010 1004 1009
3 1007 815 810
3 1011 815 1007
3 818 1012 819
3 1008 814 819
3 1012 1008 819
3 1013 1008 1012
3 1008 1014 1009
3 1008 1013 1014
3 1010 1009 1015
3 1015 1009 1014
3 1011 820 815
3 1016 820 1011
3 823 1017 1012
3 823 1012 818
3 1012 1018 1013
3 1012 1017 1018
3 1020 1014 1019
3 1014 1018 1019
3 1014 1013 1018
3 1014 1020 1015
3 1016 824 820
3 1021 824 1016
3 827 1022 828
3 1017 823 828
3 1022 1017 828
3 1023 1017 1022
3 1017 1024 1018
3 1017 1023 1024
3 1019 1018 1025
3 1025 1018 1024
3 1021 829 824
3 1026 829 1021
3 832 1027 1022
3 832 1022 827
3 1022 1028 1023
3 1022 1027 1028
3 1030 1024 1029
3 1024 1028 1029
3 1024 1023 1028
3 1024 1030 1025
3 1026 833 829
3 1031 833 1026
3 836 1032 837
3 1027 832 837
3 1032 1027 837
3 1033 1027 1032
3 1035 1028 1034
3 1028 1033 1034
3 1028 1027 1033
3 1028 1035 1029
3 1031 838 833
3 1036 838 1031
3 841 1037 842
3 1032 836 842
3 1037 1032 842
3 1038 1032 1037
3 1032 1039 1033
3 1032 1038 1039
3 1034 1033 1040
3 1040 1033 1039
3 1036 843 838
3 1041 843 1036
3 847 1042 848
3 1037 841 848
3 1042 1037 848
3 1043 1037 1042
3 1037 1044 1038
3 1037 1043 1044
3 1046 1039 1045
3 1039 1044 1045
3 1039 1038 1044
3 1039 1046 1040
3 1041 849 843
3 1047 849 1041
3 853 1048 854
3 1042 847 854
3 1048 1042 854
3 1049 1042 1048
3 1042 1050 1043
3 1042 1049 1050
3 1052 1044 1051
3 1044 1050 1051
3 1044 1043 1050
3 1044 1052 1045
3 1047 855 849
3 1053 855 1047
3 860 1054 861
3 1048 853 861
3 1054 1048 861
3 1055 1048 1054
3 1048 1056 1049
3 1048 1055 1056
3 1058 1050 1057
3 1050 1056 1057
3 1050 1049 1056
3 1050 1058 1051
3 862 855 1059
3 855 1060 1059
3 855 1053 1060
3 1061 863 862
3 1061 862 1059
3 1061 865 863
3 871 1062 872
3 1054 860 872
3 1062 1054 872
3 1063 1054 1062
3 1054 1064 1055
3 1054 1063 1064
3 1066 1056 1065
3 1056 1064 1065
3 1056 1055 1064
3 1056 1066 1057
3 1060 1067 1059
3 1069 1068 1067
3 1068 1059 1067
3 1068 1061 1059
3 1070 873 865
3 1061 1070 865
3 1068 1070 1061
3 1071 874 873
3 1071 873 1070
3 1071 876 874
3 879 1072 880
3 1073 881 880
3 1073 880 1072
3 1074 882 881
3 1074 881 1073
3 1062 871 882
3 1074 1062 882
3 1075 1062 1074
3 1062 1076 1063
3 1062 1075 1076
3 1078 1064 1077
3 1064 1076 1077
3 1064 1063 1076
3 1064 1078 1065
3 1069 1079 1068
3 1068 1079 1070
3 1070 1079 1080
3 1082 1081 1080
3 1081 1070 1080
3 1081 1071 1070
3 1083 883 876
3 1071 1083 876
3 1081 1083 1071
3 1084 884 883
3 1084 883 1083
3 1085 885 884
3 1085 884 1084
3 1072 879 885
3 1085 1072 885
3 1086 1072 1085
3 1072 1087 1073
3 1072 1086 1087
3 1073 1088 1074
3 1073 1087 1088
3 1090 1075 1089
3 1075 1088 1089
3 1075 1074 1088
3 1075 1090 1076
3 1076 1090 1091
3 1076 1091 1077
3 1082 1092 1081
3 1081 1092 1083
3 1083 1092 1093
3 1083 1093 1084
3 1084 1093 1094
3 1096 1095 1094
3 1095 1084 1094
3 1095 1085 1084
3 1085 1097 1086
3 1085 1095 1097
3 1099 1087 1098
3 1087 1097 1098
3 1087 1086 1097
3 1087 1099 1088
3 1088 1099 1100
3 1088 1100 1089
3 1096 1101 1095
3 1095 1101 1097
3 1097 1101 1102
3 1097 1102 1098
3 1105 1104 1103
3 1107 1106 1103
3 1103 1106 1105
3 1109 1108 1107
3 1107 1108 1106
3 1111 1110 1109
3 1109 1110 1108
3 1111 1112 1110
3 1113 887 888
3 889 1114 888
3 888 1114 1113
3 1114 889 1115
3 889 1116 1115
3 889 890 1116
3 892 1103 1104
3 1116 892 1104
3 890 892 1116
3 1103 892 894
3 1103 894 1107
3 1107 894 896
3 1107 896 1109
3 1109 896 898
3 1117 1109 898
3 1111 1109 1117
3 1112 1111 1118
3 1111 1119 1118
3 1111 1117 1119
3 1119 1120 1118
3 1121 900 901
3 902 1122 901
3 901 1122 1121
3 887 1113 902
3 1113 1122 902
3 1113 1123 1122
3 1114 1125 1124
3 1123 1114 1124
3 1113 1114 1123
3 1125 1114 1115
3 905 1126 1117
3 905 1117 898
3 1117 1127 1119
3 1117 1126 1127
3 1120 1119 1128
3 1119 1129 1128
3 1119 1127 1129
3 1129 1130 1128
3 1131 907 908
3 900 1121 908
3 1121 1131 908
3 1121 1132 1131
3 1122 1134 1133
3 1132 1122 1133
3 1121 1122 1132
3 1134 1122 1123
3 1134 1123 1135
3 1135 1123 1124
3 910 1126 905
3 1126 910 912
3 1136 1126 912
3 1127 1126 1136
3 1127 1137 1129
3 1127 1136 1137
3 1130 1129 1138
3 1138 1129 1137
3 1139 915 916
3 1140 1139 916
3 1140 916 907
3 1141 1140 907
3 1131 1141 907
3 1141 1131 1132
3 1141 1132 1142
3 1142 1132 1133
3 918 1136 912
3 1136 918 920
3 1143 1136 920
3 1137 1136 1143
3 1138 1137 1144
3 1137 1145 1144
3 1137 1143 1145
3 1145 1146 1144
3 1147 923 924
3 1148 1147 924
3 1148 924 915
3 1149 1148 915
3 1139 1149 915
3 1149 1139 1140
3 926 1143 920
3 1143 926 928
3 1150 1143 928
3 1145 1143 1150
3 1146 1145 1151
3 1145 1152 1151
3 1145 1150 1152
3 1152 1153 1151
3 1154 930 931
3 932 1155 931
3 931 1155 1154
3 1156 1155 932
3 1156 932 923
3 1157 1156 923
3 1147 1157 923
3 1157 1147 1148
3 934 1150 928
3 1150 934 936
3 1158 1150 936
3 1152 1150 1158
3 1153 1152 1159
3 1159 1152 1158
3 1160 938 939
3 1161 1160 939
3 1161 939 930
3 1162 1161 930
3 1154 1162 930
3 1162 1154 1155
3 1162 1155 1163
3 1163 1155 1156
3 941 1164 1158
3 941 1158 936
3 1159 1158 1165
3 1158 1166 1165
3 1158 1164 1166
3 1166 1167 1165
3 1168 943 944
3 1169 1168 944
3 1169 944 938
3 1170 1169 938
3 1160 1170 938
3 1170 1160 1161
3 946 1164 941
3 1164 946 948
3 1171 1164 948
3 1166 1164 1171
3 1167 1166 1172
3 1172 1166 1171
3 1173 950 951
3 1174 1173 951
3 1174 951 943
3 1175 1174 943
3 1168 1175 943
3 1175 1168 1169
3 954 1176 1171
3 954 1171 948
3 1172 1171 1177
3 1177 1171 1176
3 1179 1178 957
3 957 1178 956
3 957 950 1173
3 1180 957 1173
3 1179 957 1180
3 1180 1173 1174
3 960 1181 1176
3 960 1176 954
3 1177 1176 1182
3 1182 1176 1181
3 1183 961 962
3 1183 962 1184
3 962 1185 1184
3 962 963 1185
3 963 956 1178
3 963 1178 1185
3 966 1186 1181
3 966 1181 960
3 1182 1181 1187
3 1181 1188 1187
3 1181 1186 1188
3 1188 1189 1187
3 1183 967 961
3 1191 1190 969
3 1191 969 967
3 1184 1191 967
3 1183 1184 967
3 1192 1190 1191
3 972 1193 1186
3 972 1186 966
3 1186 1194 1188
3 1186 1193 1194
3 1189 1188 1195
3 1195 1188 1194
3 1196 974 1190
3 1190 974 969
3 1190 1192 1197
3 1190 1197 1196
3 977 1198 1193
3 977 1193 972
3 1193 1199 1194
3 1193 1198 1199
3 1195 1194 1200
3 1200 1194 1199
3 1196 978 974
3 979 978 1196
3 1201 979 1196
3 1197 1201 1196
3 1202 979 1201
3 1202 981 979
3 985 1203 1198
3 985 1198 977
3 1198 1204 1199
3 1198 1203 1204
3 1200 1199 1205
3 1199 1206 1205
3 1199 1204 1206
3 1206 1207 1205
3 1201 1208 1202
3 1202 1208 981
3 1208 986 981
3 1208 1209 986
3 988 986 1209
3 988 1209 1210
3 990 1203 985
3 1203 990 992
3 1211 1203 992
3 1204 1203 1211
3 1204 1212 1206
3 1204 1211 1212
3 1207 1206 1213
3 1213 1206 1212
3 1215 993 1214
3 993 1210 1214
3 993 988 1210
3 1216 1215 1214
3 996 1217 1211
3 996 1211 992
3 1211 1218 1212
3 1211 1217 1218
3 1213 1212 1219
3 1219 1212 1218
3 1220 997 1215
3 1215 997 993
3 1215 1216 1221
3 1215 1221 1220
3 999 1222 1217
3 999 1217 996
3 1217 1223 1218
3 1217 1222 1223
3 1219 1218 1224
3 1224 1218 1223
3 1220 1000 997
3 1001 1000 1220
3 1221 1001 1220
3 1225 1001 1221
3 1003 1222 999
3 1222 1003 1005
3 1226 1222 1005
3 1223 1222 1226
3 1224 1223 1227
3 1227 1223 1226
3 1225 1228 1001
3 1001 1228 1006
3 1007 1006 1228
3 1007 1228 1229
3 1010 1230 1226
3 1010 1226 1005
3 1227 1226 1231
3 1231 1226 1230
3 1229 1011 1007
3 1232 1011 1229
3 1015 1233 1230
3 1015 1230 1010
3 1231 1230 1234
3 1234 1230 1233
3 1232 1016 1011
3 1235 1016 1232
3 1019 1236 1020
3 1233 1015 1020
3 1236 1233 1020
3 1237 1233 1236
3 1234 1233 1238
3 1238 1233 1237
3 1241 1240 1239
3 1235 1241 1239
3 1021 1235 1239
3 1016 1235 1021
3 1025 1242 1236
3 1025 1236 1019
3 1236 1243 1237
3 1236 1242 1243
3 1238 1237 1244
3 1244 1237 1243
3 1239 1240 1245
3 1245 1240 1246
3 1245 1026 1021
3 1245 1021 1239
3 1029 1247 1030
3 1242 1025 1030
3 1247 1242 1030
3 1248 1242 1247
3 1250 1243 1249
3 1243 1248 1249
3 1243 1242 1248
3 1243 1250 1244
3 1245 1246 1251
3 1251 1246 1252
3 1251 1031 1026
3 1251 1026 1245
3 1034 1253 1035
3 1247 1029 1035
3 1253 1247 1035
3 1254 1247 1253
3 1256 1248 1255
3 1248 1254 1255
3 1248 1247 1254
3 1248 1256 1249
3 1251 1252 1257
3 1257 1252 1258
3 1257 1036 1031
3 1257 1031 1251
3 1040 1259 1253
3 1040 1253 1034
3 1253 1260 1254
3 1253 1259 1260
3 1255 1254 1261
3 1261 1254 1260
3 1257 1258 1262
3 1262 1258 1263
3 1262 1041 1036
3 1262 1036 1257
3 1045 1264 1046
3 1259 1040 1046
3 1264 1259 1046
3 1265 1259 1264
3 1267 1260 1266
3 1260 1265 1266
3 1260 1259 1265
3 1260 1267 1261
3 1263 1268 1262
3 1041 1262 1268
3 1269 1041 1268
3 1047 1041 1269
3 1051 1270 1052
3 1264 1045 1052
3 1270 1264 1052
3 1271 1264 1270
3 1264 1272 1265
3 1264 1271 1272
3 1266 1265 1273
3 1273 1265 1272
3 1269 1053 1047
3 1274 1053 1269
3 1057 1275 1058
3 1270 1051 1058
3 1275 1270 1058
3 1276 1270 1275
3 1270 1277 1271
3 1270 1276 1277
3 1279 1272 1278
3 1272 1277 1278
3 1272 1271 1277
3 1272 1279 1273
3 1274 1060 1053
3 1280 1060 1274
3 1065 1281 1066
3 1275 1057 1066
3 1281 1275 1066
3 1282 1275 1281
3 1275 1283 1276
3 1275 1282 1283
3 1285 1277 1284
3 1277 1283 1284
3 1277 1276 1283
3 1277 1285 1278
3 1067 1060 1286
3 1060 1287 1286
3 1060 1280 1287
3 1286 1069 1067
3 1077 1288 1078
3 1281 1065 1078
3 1288 1281 1078
3 1289 1281 1288
3 1281 1290 1282
3 1281 1289 1290
3 1292 1283 1291
3 1283 1290 1291
3 1283 1282 1290
3 1283 1292 1284
3 1287 1293 1286
3 1293 1295 1294
3 1293 1294 1079
3 1286 1293 1079
3 1069 1286 1079
3 1296 1080 1079
3 1296 1079 1294
3 1296 1082 1080
3 1089 1297 1090
3 1298 1091 1090
3 1298 1090 1297
3 1288 1077 1091
3 1298 1288 1091
3 1299 1288 1298
3 1288 1300 1289
3 1288 1299 1300
3 1302 1290 1301
3 1290 1300 1301
3 1290 1289 1300
3 1290 1302 1291
3 1295 1303 1294
3 1305 1304 1303
3 1304 1294 1303
3 1304 1296 1294
3 1306 1092 1082
3 1296 1306 1082
3 1304 1306 1296
3 1307 1093 1092
3 1307 1092 1306
3 1308 1094 1093
3 1308 1093 1307
3 1308 1096 1094
3 1098 1309 1099
3 1310 1100 1099
3 1310 1099 1309
3 1297 1089 1100
3 1310 1297 1100
3 1311 1297 1310
3 1297 1312 1298
3 1297 1311 1312
3 1298 1313 1299
3 1298 1312 1313
3 1315 1300 1314
3 1300 1313 1314
3 1300 1299 1313
3 1300 1315 1301
3 1305 1316 1304
3 1318 1317 1316
3 1317 1304 1316
3 1317 1306 1304
3 1306 1319 1307
3 1306 1317 1319
3 1307 1320 1308
3 1307 1319 1320
3 1321 1101 1096
3 1308 1321 1096
3 1320 1321 1308
3 1322 1102 1101
3 1322 1101 1321
3 1309 1098 1102
3 1322 1309 1102
3 1323 1309 1322
3 1309 1324 1310
3 1309 1323 1324
3 1310 1325 1311
3 1310 1324 1325
3 1327 1312 1326
3 1312 1325 1326
3 1312 1311 1325
3 1312 1327 1313
3 1313 1327 1328
3 1313 1328 1314
3 1318 1329 1317
3 1317 1329 1319
3 1319 1329 1330
3 1332 1331 1330
3 1331 1319 1330
3 1331 1320 1319
3 1320 1333 1321
3 1320 1331 1333
3 1321 1334 1322
3 1321 1333 1334
3 1322 1335 1323
3 1322 1334 1335
3 1323 1336 1324
3 1323 1335 1336
3 1338 1325 1337
3 1325 1336 1337
3 1325 1324 1336
3 1325 1338 1326
3 1332 1339 1331
3 1331 1339 1333
3 1333 1339 1340
3 1333 1340 1334
3 1334 1340 1341
3 1334 1341 1335
3 1335 1341 1342
3 1335 1342 1336
3 1336 1342 1343
3 1336 1343 1337
3 1344 1104 1105
3 1106 1345 1105
3 1105 1345 1344
3 1108 1346 1106
3 1106 1346 1345
3 1110 1347 1108
3 1108 1347 1346
3 1112 1347 1110
3 1348 1115 1116
3 1104 1344 1116
3 1344 1348 1116
3 1344 1349 1348
3 1345 1351 1350
3 1349 1345 1350
3 1344 1345 1349
3 1351 1345 1346
3 1351 1346 1352
3 1352 1346 1347
3 1352 1347 1353
3 1353 1347 1112
3 1118 1353 1112
3 1354 1353 1118
3 1118 1120 1354
3 1354 1120 1355
3 1356 1124 1125
3 1115 1348 1125
3 1348 1356 1125
3 1348 1357 1356
3 1349 1359 1358
3 1357 1349 1358
3 1348 1349 1357
3 1359 1349 1350
3 1360 1355 1120
3 1360 1120 1128
3 1128 1130 1360
3 1360 1130 1361
3 1362 1133 1134
3 1135 1363 1134
3 1134 1363 1362
3 1124 1356 1135
3 1356 1363 1135
3 1356 1364 1363
3 1357 1366 1365
3 1364 1357 1365
3 1356 1357 1364
3 1366 1357 1358
3 1138 1368 1367
3 1361 1138 1367
3 1130 1138 1361
3 1368 1369 1367
3 1370 1140 1141
3 1142 1371 1141
3 1141 1371 1370
3 1133 1362 1142
3 1362 1371 1142
3 1362 1372 1371
3 1363 1374 1373
3 1372 1363 1373
3 1362 1363 1372
3 1374 1363 1364
3 1374 1364 1375
3 1375 1364 1365
3 1144 1368 1138
3 1144 1146 1368
3 1146 1369 1368
3 1146 1376 1369
3 1377 1148 1149
3 1378 1377 1149
3 1378 1149 1140
3 1379 1378 1140
3 1370 1379 1140
3 1379 1370 1371
3 1379 1371 1380
3 1380 1371 1372
3 1380 1372 1381
3 1381 1372 1373
3 1382 1376 1146
3 1382 1146 1151
3 1151 1153 1382
3 1382 1153 1383
3 1385 1384 1157
3 1157 1384 1156
3 1157 1148 1377
3 1386 1157 1377
3 1385 1157 1386
3 1386 1377 1378
3 1159 1383 1153
3 1159 1387 1383
3 1388 1161 1162
3 1388 1162 1389
3 1162 1390 1389
3 1162 1163 1390
3 1163 1156 1384
3 1163 1384 1390
3 1159 1165 1391
3 1392 1159 1391
3 1387 1159 1392
3 1167 1391 1165
3 1393 1169 1170
3 1394 1393 1170
3 1394 1170 1161
3 1395 1394 1161
3 1388 1395 1161
3 1395 1388 1389
3 1396 1392 1391
3 1391 1167 1396
3 1167 1397 1396
3 1167 1172 1397
3 1399 1398 1175
3 1175 1398 1174
3 1175 1169 1393
3 1400 1175 1393
3 1399 1175 1400
3 1400 1393 1394
3 1177 1397 1172
3 1177 1401 1397
3 1403 1402 1179
3 1179 1402 1178
3 1404 1179 1180
3 1404 1403 1179
3 1180 1174 1398
3 1180 1398 1404
3 1182 1406 1405
3 1401 1182 1405
3 1177 1182 1401
3 1406 1407 1405
3 1408 1184 1185
3 1409 1408 1185
3 1178 1409 1185
3 1402 1409 1178
3 1187 1406 1182
3 1187 1189 1406
3 1189 1407 1406
3 1189 1410 1407
3 1408 1191 1184
3 1192 1191 1408
3 1409 1192 1408
3 1411 1192 1409
3 1195 1413 1412
3 1410 1195 1412
3 1189 1195 1410
3 1413 1414 1412
3 1411 1197 1192
3 1415 1197 1411
3 1200 1416 1413
3 1200 1413 1195
3 1414 1413 1417
3 1417 1413 1416
3 1415 1201 1197
3 1418 1201 1415
3 1205 1416 1200
3 1205 1207 1416
3 1207 1417 1416
3 1207 1419 1417
3 1418 1420 1201
3 1201 1420 1208
3 1208 1421 1209
3 1420 1421 1208
3 1210 1209 1421
3 1210 1421 1422
3 1213 1424 1423
3 1419 1213 1423
3 1207 1213 1419
3 1424 1425 1423
3 1422 1426 1210
3 1210 1426 1214
3 1216 1214 1426
3 1216 1426 1427
3 1219 1428 1424
3 1219 1424 1213
3 1425 1424 1429
3 1429 1424 1428
3 1427 1221 1216
3 1430 1221 1427
3 1224 1431 1428
3 1224 1428 1219
3 1429 1428 1432
3 1432 1428 1431
3 1430 1225 1221
3 1433 1225 1430
3 1227 1434 1431
3 1227 1431 1224
3 1432 1431 1435
3 1435 1431 1434
3 1228 1225 1436
3 1225 1437 1436
3 1225 1433 1437
3 1436 1229 1228
3 1231 1438 1434
3 1231 1434 1227
3 1435 1434 1439
3 1439 1434 1438
3 1436 1437 1440
3 1440 1437 1441
3 1440 1232 1229
3 1440 1229 1436
3 1234 1442 1438
3 1234 1438 1231
3 1439 1438 1443
3 1443 1438 1442
3 1440 1441 1444
3 1444 1441 1445
3 1444 1235 1232
3 1444 1232 1440
3 1238 1446 1442
3 1238 1442 1234
3 1443 1442 1447
3 1447 1442 1446
3 1444 1445 1241
3 1445 1240 1241
3 1445 1448 1240
3 1444 1241 1235
3 1244 1449 1446
3 1244 1446 1238
3 1447 1446 1450
3 1450 1446 1449
3 1453 1452 1451
3 1448 1453 1451
3 1246 1448 1451
3 1240 1448 1246
3 1249 1454 1250
3 1454 1455 1250
3 1250 1455 1244
3 1455 1456 1244
3 1456 1449 1244
3 1449 1456 1450
3 1451 1452 1457
3 1457 1452 1458
3 1457 1252 1246
3 1457 1246 1451
3 1255 1459 1256
3 1454 1249 1256
3 1459 1454 1256
3 1460 1454 1459
3 1455 1454 1461
3 1461 1454 1460
3 1457 1458 1462
3 1462 1458 1463
3 1462 1258 1252
3 1462 1252 1457
3 1261 1464 1459
3 1261 1459 1255
3 1466 1460 1465
3 1460 1464 1465
3 1460 1459 1464
3 1460 1466 1461
3 1463 1467 1462
3 1258 1462 1467
3 1468 1258 1467
3 1263 1258 1468
3 1266 1469 1267
3 1464 1261 1267
3 1469 1464 1267
3 1470 1464 1469
3 1465 1464 1471
3 1471 1464 1470
3 1268 1263 1472
3 1263 1473 1472
3 1263 1468 1473
3 1472 1269 1268
3 1273 1474 1469
3 1273 1469 1266
3 1476 1470 1475
3 1470 1474 1475
3 1470 1469 1474
3 1470 1476 1471
3 1472 1473 1477
3 1477 1473 1478
3 1477 1274 1269
3 1477 1269 1472
3 1278 1479 1279
3 1474 1273 1279
3 1479 1474 1279
3 1480 1474 1479
3 1475 1474 1481
3 1481 1474 1480
3 1478 1482 1477
3 1274 1477 1482
3 1483 1274 1482
3 1280 1274 1483
3 1284 1484 1285
3 1479 1278 1285
3 1484 1479 1285
3 1485 1479 1484
3 1487 1480 1486
3 1480 1485 1486
3 1480 1479 1485
3 1480 1487 1481
3 1483 1287 1280
3 1488 1287 1483
3 1291 1489 1292
3 1484 1284 1292
3 1489 1484 1292
3 1490 1484 1489
3 1492 1485 1491
3 1485 1490 1491
3 1485 1484 1490
3 1485 1492 1486
3 1293 1287 1493
3 1287 1494 1493
3 1287 1488 1494
3 1493 1295 1293
3 1301 1495 1302
3 1489 1291 1302
3 1495 1489 1302
3 1496 1489 1495
3 1489 1497 1490
3 1489 1496 1497
3 1491 1490 1498
3 1498 1490 1497
3 1494 1499 1493
3 1499 1501 1500
3 1499 1500 1303
3 1493 1499 1303
3 1295 1493 1303
3 1500 1305 1303
3 1314 1502 1315
3 1495 1301 1315
3 1502 1495 1315
3 1503 1495 1502
3 1505 1496 1504
3 1496 1503 1504
3 1496 1495 1503
3 1496 1505 1497
3 1497 1505 1506
3 1497 1506 1498
3 1500 1501 1507
3 1507 1501 1508
3 1509 1316 1305
3 1500 1509 1305
3 1507 1509 1500
3 1509 1318 1316
3 1326 1510 1327
3 1511 1328 1327
3 1511 1327 1510
3 1502 1314 1328
3 1511 1502 1328
3 1512 1502 1511
3 1514 1503 1513
3 1503 1512 1513
3 1503 1502 1512
3 1503 1514 1504
3 1508 1515 1507
3 1517 1516 1515
3 1516 1507 1515
3 1516 1509 1507
3 1518 1329 1318
3 1509 1518 1318
3 1516 1518 1509
3 1519 1330 1329
3 1519 1329 1518
3 1519 1332 1330
3 1337 1520 1338
3 1510 1326 1338
3 1520 1510 1338
3 1521 1510 1520
3 1510 1522 1511
3 1510 1521 1522
3 1524 1512 1523
3 1512 1522 1523
3 1512 1511 1522
3 1512 1524 1513
3 1517 1525 1516
3 1516 1525 1518
3 1518 1525 1526
3 1528 1527 1526
3 1527 1518 1526
3 1527 1519 1518
3 1529 1339 1332
3 1519 1529 1332
3 1527 1529 1519
3 1530 1340 1339
3 1530 1339 1529
3 1531 1341 1340
3 1531 1340 1530
3 1532 1342 1341
3 1532 1341 1531
3 1533 1343 1342
3 1533 1342 1532
3 1520 1337 1343
3 1533 1520 1343
3 1534 1520 1533
3 1536 1521 1535
3 1521 1534 1535
3 1521 1520 1534
3 1521 1536 1522
3 1522 1536 1537
3 1522 1537 1523
3 1528 1538 1527
3 1527 1538 1529
3 1529 1538 1539
3 1541 1540 1539
3 1540 1529 1539
3 1540 1530 1529
3 1530 1542 1531
3 1530 1540 1542
3 1544 1532 1543
3 1532 1542 1543
3 1532 1531 1542
3 1532 1544 1533
3 1533 1544 1545
3 1533 1545 1534
3 1534 1545 1546
3 1534 1546 1535
3 1541 1547 1540
3 1540 1547 1542
3 1542 1547 1548
3 1542 1548 1543
3 1549 1350 1351
3 1352 1550 1351
3 1351 1550 1549
3 1353 1551 1352
3 1352 1551 1550
3 1354 1552 1353
3 1353 1552 1551
3 1355 1552 1354
3 1553 1358 1359
3 1350 1549 1359
3 1549 1553 1359
3 1549 1554 1553
3 1555 1549 1550
3 1554 1549 1555
3 1556 1550 1551
3 1555 1550 1556
3 1557 1551 1552
3 1556 1551 1557
3 1360 1558 1355
3 1558 1552 1355
3 1558 1557 1552
3 1361 1558 1360
3 1559 1365 1366
3 1358 1553 1366
3 1553 1559 1366
3 1553 1560 1559
3 1561 1553 1554
3 1560 1553 1561
3 1562 1554 1555
3 1561 1554 1562
3 1563 1555 1556
3 1562 1555 1563
3 1564 1556 1557
3 1563 1556 1564
3 1565 1557 1558
3 1564 1557 1565
3 1367 1566 1361
3 1566 1558 1361
3 1566 1565 1558
3 1369 1566 1367
3 1567 1373 1374
3 1375 1568 1374
3 1374 1568 1567
3 1365 1559 1375
3 1559 1568 1375
3 1559 1569 1568
3 1570 1559 1560
3 1569 1559 1570
3 1571 1560 1561
3 1570 1560 1571
3 1572 1561 1562
3 1571 1561 1572
3 1573 1562 1563
3 1572 1562 1573
3 1574 1563 1564
3 1573 1563 1574
3 1575 1564 1565
3 1574 1564 1575
3 1576 1565 1566
3 1575 1565 1576
3 1376 1576 1369
3 1369 1576 1566
3 1579 1578 1577
3 1378 1379 1577
3 1379 1579 1577
3 1379 1580 1579
3 1581 1379 1380
3 1581 1580 1379
3 1582 1380 1381
3 1582 1581 1380
3 1582 1381 1373
3 1583 1582 1373
3 1567 1583 1373
3 1582 1583 1584
3 1585 1567 1568
3 1583 1567 1585
3 1586 1568 1569
3 1585 1568 1586
3 1587 1569 1570
3 1586 1569 1587
3 1588 1570 1571
3 1587 1570 1588
3 1589 1571 1572
3 1588 1571 1589
3 1590 1572 1573
3 1589 1572 1590
3 1591 1573 1574
3 1590 1573 1591
3 1592 1574 1575
3 1591 1574 1592
3 1593 1575 1576
3 1592 1575 1593
3 1382 1594 1376
3 1594 1576 1376
3 1594 1593 1576
3 1383 1594 1382
3 1596 1595 1385
3 1385 1595 1384
3 1386 1577 1578
3 1596 1386 1578
3 1385 1386 1596
3 1577 1386 1378
3 1597 1584 1583
3 1597 1583 1585
3 1597 1585 1598
3 1598 1585 1586
3 1598 1586 1599
3 1599 1586 1587
3 1599 1587 1600
3 1600 1587 1588
3 1600 1588 1601
3 1603 1602 1601
3 1588 1603 1601
3 1589 1603 1588
3 1604 1589 1590
3 1603 1589 1604
3 1605 1590 1591
3 1604 1590 1605
3 1606 1591 1592
3 1605 1591 1606
3 1607 1592 1593
3 1606 1592 1607
3 1608 1593 1594
3 1607 1593 1608
3 1387 1608 1383
3 1383 1608 1594
3 1609 1389 1390
3 1610 1609 1390
3 1384 1610 1390
3 1595 1610 1384
3 1611 1602 1603
3 1611 1603 1604
3 1611 1604 1612
3 1614 1613 1612
3 1604 1614 1612
3 1605 1614 1604
3 1615 1605 1606
3 1614 1605 1615
3 1616 1606 1607
3 1615 1606 1616
3 1617 1607 1608
3 1616 1607 1617
3 1392 1617 1387
3 1387 1617 1608
3 1618 1394 1395
3 1619 1618 1395
3 1619 1395 1389
3 1620 1619 1389
3 1609 1620 1389
3 1620 1609 1610
3 1621 1613 1614
3 1621 1614 1615
3 1621 1615 1622
3 1624 1623 1622
3 1615 1624 1622
3 1616 1624 1615
3 1625 1616 1617
3 1624 1616 1625
3 1396 1626 1392
3 1626 1617 1392
3 1626 1625 1617
3 1397 1626 1396
3 1628 1627 1399
3 1399 1627 1398
3 1629 1399 1400
3 1629 1628 1399
3 1400 1394 1618
3 1630 1400 1618
3 1629 1400 1630
3 1630 1618 1619
3 1631 1623 1624
3 1633 1632 1631
3 1624 1633 1631
3 1625 1633 1624
3 1634 1625 1626
3 1633 1625 1634
3 1401 1634 1397
3 1397 1634 1626
3 1635 1402 1403
3 1635 1403 1636
3 1403 1637 1636
3 1403 1404 1637
3 1404 1398 1627
3 1404 1627 1637
3 1638 1632 1633
3 1640 1639 1638
3 1633 1640 1638
3 1634 1640 1633
3 1405 1641 1401
3 1641 1634 1401
3 1641 1640 1634
3 1407 1641 1405
3 1642 1409 1635
3 1635 1409 1402
3 1635 1636 1643
3 1635 1643 1642
3 1644 1639 1640
3 1646 1645 1644
3 1640 1646 1644
3 1641 1646 1640
3 1410 1646 1407
3 1407 1646 1641
3 1647 1411 1642
3 1642 1411 1409
3 1642 1643 1648
3 1642 1648 1647
3 1649 1645 1646
3 1649 1646 1410
3 1412 1649 1410
3 1650 1649 1412
3 1412 1414 1650
3 1650 1414 1651
3 1652 1415 1647
3 1647 1415 1411
3 1647 1648 1653
3 1647 1653 1652
3 1417 1651 1414
3 1417 1654 1651
3 1655 1418 1652
3 1652 1418 1415
3 1652 1653 1656
3 1657 1652 1656
3 1655 1652 1657
3 1658 1657 1656
3 1419 1654 1417
3 1419 1659 1654
3 1655 1420 1418
3 1420 1655 1421
3 1421 1655 1657
3 1422 1421 1657
3 1658 1422 1657
3 1660 1422 1658
3 1419 1423 1661
3 1662 1419 1661
3 1659 1419 1662
3 1425 1661 1423
3 1660 1663 1422
3 1422 1663 1426
3 1427 1426 1663
3 1427 1663 1664
3 1665 1662 1661
3 1661 1425 1665
3 1425 1666 1665
3 1425 1429 1666
3 1664 1430 1427
3 1667 1430 1664
3 1432 1666 1429
3 1432 1668 1666
3 1667 1433 1430
3 1669 1433 1667
3 1435 1668 1432
3 1435 1670 1668
3 1669 1437 1433
3 1671 1437 1669
3 1439 1670 1435
3 1439 1672 1670
3 1671 1441 1437
3 1673 1441 1671
3 1443 1672 1439
3 1443 1674 1672
3 1673 1445 1441
3 1675 1445 1673
3 1447 1674 1443
3 1447 1676 1674
3 1675 1448 1445
3 1677 1448 1675
3 1450 1676 1447
3 1450 1678 1676
3 1680 1679 1453
3 1453 1679 1452
3 1453 1448 1677
3 1453 1677 1680
3 1455 1681 1456
3 1681 1682 1456
3 1682 1450 1456
3 1682 1678 1450
3 1685 1684 1683
3 1679 1685 1683
3 1458 1679 1683
3 1452 1679 1458
3 1687 1686 1681
3 1455 1687 1681
3 1461 1687 1455
3 1681 1686 1682
3 1684 1688 1683
3 1458 1683 1688
3 1689 1458 1688
3 1463 1458 1689
3 1465 1690 1466
3 1690 1691 1466
3 1691 1461 1466
3 1691 1687 1461
3 1467 1463 1692
3 1463 1693 1692
3 1463 1689 1693
3 1692 1468 1467
3 1471 1694 1690
3 1471 1690 1465
3 1691 1690 1695
3 1695 1690 1694
3 1692 1693 1696
3 1696 1693 1697
3 1696 1473 1468
3 1696 1468 1692
3 1475 1698 1476
3 1698 1699 1476
3 1476 1699 1471
3 1699 1700 1471
3 1700 1694 1471
3 1694 1700 1695
3 1697 1701 1696
3 1473 1696 1701
3 1702 1473 1701
3 1478 1473 1702
3 1481 1703 1698
3 1481 1698 1475
3 1699 1698 1704
3 1704 1698 1703
3 1482 1478 1705
3 1478 1706 1705
3 1478 1702 1706
3 1705 1483 1482
3 1486 1707 1487
3 1703 1481 1487
3 1707 1703 1487
3 1708 1703 1707
3 1704 1703 1709
3 1709 1703 1708
3 1705 1706 1710
3 1710 1706 1711
3 1710 1488 1483
3 1710 1483 1705
3 1491 1712 1492
3 1707 1486 1492
3 1712 1707 1492
3 1713 1707 1712
3 1715 1708 1714
3 1708 1713 1714
3 1708 1707 1713
3 1708 1715 1709
3 1710 1711 1716
3 1716 1711 1717
3 1716 1494 1488
3 1716 1488 1710
3 1498 1718 1712
3 1498 1712 1491
3 1720 1713 1719
3 1713 1718 1719
3 1713 1712 1718
3 1713 1720 1714
3 1717 1721 1716
3 1721 1723 1722
3 1721 1722 1499
3 1716 1721 1499
3 1494 1716 1499
3 1722 1501 1499
3 1504 1724 1505
3 1725 1506 1505
3 1725 1505 1724
3 1725 1726 1506
3 1506 1726 1498
3 1726 1727 1498
3 1727 1718 1498
3 1718 1727 1719
3 1722 1723 1728
3 1728 1723 1729
3 1728 1508 1501
3 1728 1501 1722
3 1513 1730 1514
3 1724 1504 1514
3 1730 1724 1514
3 1731 1724 1730
3 1733 1725 1732
3 1725 1731 1732
3 1725 1724 1731
3 1725 1733 1726
3 1729 1734 1728
3 1734 1736 1735
3 1734 1735 1515
3 1728 1734 1515
3 1508 1728 1515
3 1735 1517 1515
3 1523 1737 1524
3 1730 1513 1524
3 1737 1730 1524
3 1738 1730 1737
3 1740 1731 1739
3 1731 1738 1739
3 1731 1730 1738
3 1731 1740 1732
3 1735 1736 1741
3 1741 1736 1742
3 1743 1525 1517
3 1735 1743 1517
3 1741 1743 1735
3 1744 1526 1525
3 1744 1525 1743
3 1744 1528 1526
3 1535 1745 1536
3 1746 1537 1536
3 1746 1536 1745
3 1737 1523 1537
3 1746 1737 1537
3 1747 1737 1746
3 1749 1738 1748
3 1738 1747 1748
3 1738 1737 1747
3 1738 1749 1739
3 1742 1750 1741
3 1741 1750 1743
3 1743 1750 1751
3 1753 1752 1751
3 1752 1743 1751
3 1752 1744 1743
3 1754 1538 1528
3 1744 1754 1528
3 1752 1754 1744
3 1755 1539 1538
3 1755 1538 1754
3 1755 1541 1539
3 1543 1756 1544
3 1757 1545 1544
3 1757 1544 1756
3 1758 1546 1545
3 1758 1545 1757
3 1745 1535 1546
3 1758 1745 1546
3 1759 1745 1758
3 1761 1746 1760
3 1746 1759 1760
3 1746 1745 1759
3 1746 1761 1747
3 1747 1761 1762
3 1747 1762 1748
3 1753 1763 1752
3 1752 1763 1754
3 1754 1763 1764
3 1766 1765 1764
3 1765 1754 1764
3 1765 1755 1754
3 1767 1547 1541
3 1755 1767 1541
3 1765 1767 1755
3 1768 1548 1547
3 1768 1547 1767
3 1756 1543 1548
3 1768 1756 1548
3 1769 1756 1768
3 1756 1770 1757
3 1756 1769 1770
3 1772 1758 1771
3 1758 1770 1771
3 1758 1757 1770
3 1758 1772 1759
3 1759 1772 1773
3 1759 1773 1760
3 1766 1774 1765
3 1765 1774 1767
3 1767 1774 1775
3 1767 1775 1768
3 1768 1775 1776
3 1768 1776 1769
3 1769 1776 1777
3 1769 1777 1770
3 1770 1777 1778
3 1770 1778 1771
3 1780 1779 1579
3 1579 1779 1578
3 1781 1579 1580
3 1781 1780 1579
3 1782 1580 1581
3 1782 1781 1580
3 1783 1581 1582
3 1783 1782 1581
3 1582 1584 1783
3 1783 1584 1784
3 1785 1595 1596
3 1786 1785 1596
3 1578 1786 1596
3 1779 1786 1578
3 1787 1784 1584
3 1787 1584 1597
3 1788 1597 1598
3 1788 1787 1597
3 1790 1788 1789
3 1788 1599 1789
3 1788 1598 1599
3 1600 1791 1599
3 1599 1791 1789
3 1601 1792 1600
3 1600 1792 1791
3 1602 1792 1601
3 1794 1793 1785
3 1793 1595 1785
3 1793 1610 1595
3 1794 1785 1786
3 1795 1790 1789
3 1797 1796 1795
3 1789 1797 1795
3 1791 1797 1789
3 1798 1791 1792
3 1797 1791 1798
3 1611 1799 1602
3 1799 1792 1602
3 1799 1798 1792
3 1612 1800 1611
3 1611 1800 1799
3 1613 1800 1612
3 1801 1619 1620
3 1802 1801 1620
3 1610 1802 1620
3 1793 1802 1610
3 1803 1796 1797
3 1805 1804 1803
3 1797 1805 1803
3 1798 1805 1797
3 1806 1798 1799
3 1805 1798 1806
3 1807 1799 1800
3 1806 1799 1807
3 1621 1808 1613
3 1808 1800 1613
3 1808 1807 1800
3 1622 1809 1621
3 1621 1809 1808
3 1623 1809 1622
3 1810 1627 1628
3 1629 1811 1628
3 1628 1811 1810
3 1811 1629 1812
3 1629 1813 1812
3 1629 1630 1813
3 1630 1619 1801
3 1814 1630 1801
3 1813 1630 1814
3 1814 1801 1802
3 1815 1804 1805
3 1815 1805 1806
3 1815 1806 1816
3 1818 1817 1816
3 1806 1818 1816
3 1807 1818 1806
3 1819 1807 1808
3 1818 1807 1819
3 1820 1808 1809
3 1819 1808 1820
3 1631 1821 1623
3 1821 1809 1623
3 1821 1820 1809
3 1632 1821 1631
3 1823 1822 1637
3 1637 1822 1636
3 1637 1627 1810
3 1824 1637 1810
3 1823 1637 1824
3 1824 1810 1811
3 1824 1811 1825
3 1825 1811 1812
3 1826 1817 1818
3 1826 1818 1819
3 1826 1819 1827
3 1829 1828 1827
3 1819 1829 1827
3 1820 1829 1819
3 1830 1820 1821
3 1829 1820 1830
3 1638 1831 1632
3 1831 1821 1632
3 1831 1830 1821
3 1639 1831 1638
3 1822 1643 1636
3 1832 1643 1822
3 1833 1828 1829
3 1833 1829 1830
3 1833 1830 1834
3 1836 1835 1834
3 1830 1836 1834
3 1831 1836 1830
3 1644 1837 1639
3 1837 1831 1639
3 1837 1836 1831
3 1645 1837 1644
3 1832 1648 1643
3 1838 1648 1832
3 1839 1835 1836
3 1839 1836 1837
3 1839 1837 1840
3 1842 1840 1841
3 1841 1840 1649
3 1840 1837 1649
3 1837 1645 1649
3 1650 1843 1649
3 1649 1843 1841
3 1651 1843 1650
3 1838 1653 1648
3 1844 1653 1838
3 1845 1842 1841
3 1847 1846 1845
3 1841 1847 1845
3 1843 1847 1841
3 1654 1847 1651
3 1651 1847 1843
3 1844 1848 1653
3 1653 1848 1656
3 1658 1656 1848
3 1658 1848 1849
3 1850 1846 1847
3 1847 1654 1850
3 1654 1851 1850
3 1654 1659 1851
3 1853 1660 1852
3 1660 1849 1852
3 1660 1658 1849
3 1854 1853 1852
3 1662 1851 1659
3 1662 1855 1851
3 1853 1663 1660
3 1664 1663 1853
3 1854 1664 1853
3 1856 1664 1854
3 1662 1665 1857
3 1858 1662 1857
3 1855 1662 1858
3 1666 1857 1665
3 1860 1667 1859
3 1667 1856 1859
3 1667 1664 1856
3 1861 1860 1859
3 1858 1857 1862
3 1858 1862 1863
3 1668 1862 1666
3 1666 1862 1857
3 1864 1669 1860
3 1860 1669 1667
3 1860 1861 1865
3 1860 1865 1864
3 1866 1863 1862
3 1862 1668 1866
3 1668 1867 1866
3 1668 1670 1867
3 1869 1868 1864
3 1868 1669 1864
3 1868 1671 1669
3 1869 1864 1865
3 1672 1867 1670
3 1672 1870 1867
3 1868 1673 1671
3 1871 1673 1868
3 1674 1870 1672
3 1674 1872 1870
3 1871 1675 1673
3 1873 1675 1871
3 1676 1872 1674
3 1676 1874 1872
3 1877 1876 1875
3 1873 1877 1875
3 1677 1873 1875
3 1675 1873 1677
3 1678 1874 1676
3 1678 1878 1874
3 1881 1880 1879
3 1881 1879 1876
3 1876 1879 1875
3 1879 1679 1875
3 1679 1680 1875
3 1875 1680 1677
3 1884 1883 1882
3 1883 1878 1882
3 1878 1682 1882
3 1878 1678 1682
3 1879 1880 1685
3 1880 1684 1685
3 1880 1885 1684
3 1879 1685 1679
3 1884 1882 1686
3 1687 1884 1686
3 1886 1884 1687
3 1686 1882 1682
3 1688 1684 1887
3 1684 1888 1887
3 1684 1885 1888
3 1887 1689 1688
3 1691 1886 1687
3 1691 1889 1886
3 1887 1888 1890
3 1890 1888 1891
3 1890 1693 1689
3 1890 1689 1887
3 1695 1889 1691
3 1695 1892 1889
3 1891 1893 1890
3 1693 1890 1893
3 1894 1693 1893
3 1697 1693 1894
3 1896 1895 1700
3 1896 1700 1699
3 1695 1700 1892
3 1892 1700 1895
3 1701 1697 1897
3 1697 1898 1897
3 1697 1894 1898
3 1897 1702 1701
3 1704 1896 1699
3 1704 1899 1896
3 1897 1898 1900
3 1900 1898 1901
3 1900 1706 1702
3 1900 1702 1897
3 1709 1899 1704
3 1709 1902 1899
3 1900 1901 1903
3 1903 1901 1904
3 1903 1711 1706
3 1903 1706 1900
3 1906 1905 1715
3 1906 1715 1714
3 1709 1715 1902
3 1902 1715 1905
3 1903 1904 1907
3 1907 1904 1908
3 1907 1717 1711
3 1907 1711 1903
3 1719 1909 1720
3 1909 1910 1720
3 1910 1714 1720
3 1910 1906 1714
3 1908 1911 1907
3 1911 1913 1912
3 1911 1912 1721
3 1907 1911 1721
3 1717 1907 1721
3 1912 1723 1721
3 1726 1914 1727
3 1914 1915 1727
3 1727 1915 1719
3 1915 1916 1719
3 1916 1909 1719
3 1909 1916 1910
3 1912 1913 1917
3 1917 1913 1918
3 1917 1729 1723
3 1917 1723 1912
3 1732 1919 1733
3 1919 1920 1733
3 1733 1920 1726
3 1920 1921 1726
3 1921 1914 1726
3 1914 1921 1915
3 1917 1918 1922
3 1922 1918 1923
3 1924 1734 1729
3 1917 1924 1729
3 1922 1924 1917
3 1924 1736 1734
3 1739 1925 1740
3 1925 1926 1740
3 1740 1926 1732
3 1926 1927 1732
3 1927 1919 1732
3 1919 1927 1920
3 1923 1928 1922
3 1930 1929 1928
3 1929 1922 1928
3 1929 1924 1922
3 1929 1742 1736
3 1929 1736 1924
3 1748 1931 1749
3 1931 1932 1749
3 1749 1932 1739
3 1932 1933 1739
3 1933 1925 1739
3 1925 1933 1926
3 1930 1934 1929
3 1934 1936 1935
3 1934 1935 1750
3 1929 1934 1750
3 1742 1929 1750
3 1937 1751 1750
3 1937 1750 1935
3 1937 1753 1751
3 1760 1938 1761
3 1939 1762 1761
3 1939 1761 1938
3 1939 1940 1762
3 1762 1940 1748
3 1940 1941 1748
3 1941 1931 1748
3 1931 1941 1932
3 1936 1942 1935
3 1944 1943 1942
3 1943 1935 1942
3 1943 1937 1935
3 1945 1763 1753
3 1937 1945 1753
3 1943 1945 1937
3 1946 1764 1763
3 1946 1763 1945
3 1946 1766 1764
3 1771 1947 1772
3 1948 1773 1772
3 1948 1772 1947
3 1938 1760 1773
3 1948 1938 1773
3 1949 1938 1948
3 1951 1939 1950
3 1939 1949 1950
3 1939 1938 1949
3 1939 1951 1940
3 1944 1952 1943
3 1943 1952 1945
3 1945 1952 1953
3 1955 1954 1953
3 1954 1945 1953
3 1954 1946 1945
3 1956 1774 1766
3 1946 1956 1766
3 1954 1956 1946
3 1957 1775 1774
3 1957 1774 1956
3 1958 1776 1775
3 1958 1775 1957
3 1959 1777 1776
3 1959 1776 1958
3 1960 1778 1777
3 1960 1777 1959
3 1947 1771 1778
3 1960 1947 1778
3 1961 1947 1960
3 1963 1948 1962
3 1948 1961 1962
3 1948 1947 1961
3 1948 1963 1949
3 1949 1963 1964
3 1949 1964 1950
3 1955 1965 1954
3 1954 1965 1956
3 1956 1965 1966
3 1968 1967 1966
3 1967 1956 1966
3 1967 1957 1956
3 1957 1969 1958
3 1957 1967 1969
3 1958 1970 1959
3 1958 1969 1970
3 1972 1960 1971
3 1960 1970 1971
3 1960 1959 1970
3 1960 1972 1961
3 1961 1972 1973
3 1961 1973 1962
3 1968 1974 1967
3 1967 1974 1969
3 1969 1974 1975
3 1969 1975 1970
3 1970 1975 1976
3 1970 1976 1971
3 1977 1779 1780
3 1977 1780 1978
3 1780 1979 1978
3 1780 1781 1979
3 1980 1781 1782
3 1980 1979 1781
3 1981 1782 1783
3 1981 1980 1782
3 1983 1982 1784
3 1982 1783 1784
3 1982 1981 1783
3 1983 1984 1982
3 1986 1985 1977
3 1985 1779 1977
3 1985 1786 1779
3 1986 1977 1978
3 1787 1983 1784
3 1987 1984 1983
3 1787 1987 1983
3 1788 1987 1787
3 1788 1790 1987
3 1987 1790 1988
3 1990 1989 1794
3 1794 1989 1793
3 1794 1786 1985
3 1794 1985 1990
3 1991 1988 1790
3 1991 1790 1795
3 1795 1796 1991
3 1991 1796 1992
3 1989 1802 1793
3 1993 1802 1989
3 1796 1803 1994
3 1995 1796 1994
3 1992 1796 1995
3 1804 1994 1803
3 1996 1812 1813
3 1996 1813 1997
3 1813 1998 1997
3 1813 1814 1998
3 1814 1802 1993
3 1814 1993 1998
3 1999 1995 1994
3 2001 1999 2000
3 2000 1999 1815
3 1999 1994 1815
3 1994 1804 1815
3 1816 2002 1815
3 1815 2002 2000
3 1817 2002 1816
3 2003 1822 1823
3 1824 2004 1823
3 1823 2004 2003
3 1825 2005 1824
3 1824 2005 2004
3 2006 2005 1825
3 2006 1825 1812
3 2007 2006 1812
3 1996 2007 1812
3 2007 1996 1997
3 2001 2000 2008
3 2001 2008 2009
3 2010 2000 2002
3 2008 2000 2010
3 1826 2011 1817
3 2011 2002 1817
3 2011 2010 2002
3 1827 2012 1826
3 1826 2012 2011
3 1828 2012 1827
3 2014 2013 2003
3 2013 1822 2003
3 2013 1832 1822
3 2014 2003 2004
3 2014 2004 2015
3 2015 2004 2005
3 2015 2005 2016
3 2016 2005 2006
3 2017 2009 2008
3 2019 2018 2017
3 2008 2019 2017
3 2010 2019 2008
3 2020 2010 2011
3 2019 2010 2020
3 2021 2011 2012
3 2020 2011 2021
3 1833 2022 1828
3 2022 2012 1828
3 2022 2021 2012
3 1834 2023 1833
3 1833 2023 2022
3 1835 2023 1834
3 2025 1838 2024
3 1838 2013 2024
3 1838 1832 2013
3 2026 2025 2024
3 2027 2018 2019
3 2029 2028 2027
3 2019 2029 2027
3 2020 2029 2019
3 2030 2020 2021
3 2029 2020 2030
3 2031 2021 2022
3 2030 2021 2031
3 2032 2022 2023
3 2031 2022 2032
3 1839 2033 1835
3 2033 2023 1835
3 2033 2032 2023
3 1840 2034 1839
3 1839 2034 2033
3 1842 2034 1840
3 2035 1844 2025
3 2025 1844 1838
3 2025 2026 2036
3 2025 2036 2035
3 2037 2028 2029
3 2037 2029 2030
3 2037 2030 2038
3 2038 2030 2031
3 2038 2031 2039
3 2039 2031 2032
3 2039 2032 2040
3 2042 2041 2040
3 2032 2042 2040
3 2033 2042 2032
3 2043 2033 2034
3 2042 2033 2043
3 1845 2044 1842
3 2044 2034 1842
3 2044 2043 2034
3 1846 2044 1845
3 2035 1848 1844
3 1849 1848 2035
3 2036 1849 2035
3 2045 1849 2036
3 2046 2041 2042
3 2046 2042 2043
3 2046 2043 2047
3 2049 2048 2047
3 2043 2049 2047
3 2044 2049 2043
3 1850 2050 1846
3 2050 2044 1846
3 2050 2049 2044
3 1851 2050 1850
3 2045 2051 1849
3 1849 2051 1852
3 1854 1852 2051
3 1854 2051 2052
3 2048 2049 2053
3 2048 2053 2054
3 2055 2049 2050
3 2053 2049 2055
3 1855 2055 1851
3 1851 2055 2050
3 2057 1856 2056
3 1856 2052 2056
3 1856 1854 2052
3 2058 2057 2056
3 2059 2054 2053
3 2061 2060 2059
3 2053 2061 2059
3 2055 2061 2053
3 1858 2061 1855
3 1855 2061 2055
3 2057 1859 1856
3 1861 1859 2057
3 2058 1861 2057
3 2062 1861 2058
3 2060 2061 2063
3 2060 2063 2064
3 1863 2063 1858
3 1858 2063 2061
3 2062 1865 1861
3 2065 1865 2062
3 2066 2064 2063
3 2068 2066 2067
3 2067 2066 1866
3 2066 2063 1866
3 2063 1863 1866
3 1867 2067 1866
3 2069 1868 1869
3 2070 2069 1869
3 1865 2070 1869
3 2065 2070 1865
3 2068 2067 2071
3 2068 2071 2072
3 1870 2071 1867
3 1867 2071 2067
3 2073 1871 2069
3 2069 1871 1868
3 2069 2070 2074
3 2069 2074 2073
3 2072 2071 2075
3 2072 2075 2076
3 1872 2075 1870
3 1870 2075 2071
3 2078 2077 2073
3 2077 1871 2073
3 2077 1873 1871
3 2078 2073 2074
3 2076 2075 2079
3 2076 2079 2080
3 1874 2079 1872
3 1872 2079 2075
3 2082 2081 1877
3 1877 2081 1876
3 1877 1873 2077
3 1877 2077 2082
3 2080 2079 2083
3 2080 2083 2084
3 1878 2083 1874
3 1874 2083 2079
3 2086 2085 1881
3 1881 2085 1880
3 1881 1876 2081
3 1881 2081 2086
3 2084 2083 1883
3 1884 2084 1883
3 2087 2084 1884
3 1883 2083 1878
3 2085 1885 1880
3 2088 1885 2085
3 1886 2087 1884
3 1886 2089 2087
3 2088 1888 1885
3 2090 1888 2088
3 2093 2092 2091
3 2092 2089 2091
3 2089 1889 2091
3 2089 1886 1889
3 2090 1891 1888
3 2094 1891 2090
3 2093 2091 2095
3 2093 2095 2096
3 1892 2095 1889
3 1889 2095 2091
3 1893 1891 2097
3 1891 2098 2097
3 1891 2094 2098
3 2097 1894 1893
3 2096 2095 1895
3 1896 2096 1895
3 2099 2096 1896
3 1895 2095 1892
3 2098 2100 2097
3 1894 2097 2100
3 2101 1894 2100
3 1898 1894 2101
3 1899 2099 1896
3 1899 2102 2099
3 2101 1901 1898
3 2103 1901 2101
3 1902 2102 1899
3 1902 2104 2102
3 2103 1904 1901
3 2105 1904 2103
3 2107 2106 1905
3 2107 1905 1906
3 1902 1905 2104
3 2104 1905 2106
3 2105 1908 1904
3 2108 1908 2105
3 1910 2107 1906
3 1910 2109 2107
3 1911 1908 2110
3 1908 2111 2110
3 1908 2108 2111
3 2110 1913 1911
3 2113 2112 1916
3 2113 1916 1915
3 1910 1916 2109
3 2109 1916 2112
3 2110 2111 2114
3 2114 2111 2115
3 2114 1918 1913
3 2114 1913 2110
3 1920 2116 1921
3 2116 2117 1921
3 2117 1915 1921
3 2117 2113 1915
3 2114 2115 2118
3 2118 2115 2119
3 2118 1923 1918
3 2118 1918 2114
3 1926 2120 1927
3 2120 2121 1927
3 1927 2121 1920
3 2121 2122 1920
3 2122 2116 1920
3 2116 2122 2117
3 2119 2123 2118
3 2123 2125 2124
3 2123 2124 1928
3 2118 2123 1928
3 1923 2118 1928
3 2124 1930 1928
3 1932 2126 1933
3 2126 2127 1933
3 1933 2127 1926
3 2127 2128 1926
3 2128 2120 1926
3 2120 2128 2121
3 2125 2129 2124
3 2129 2131 2130
3 2129 2130 1934
3 2124 2129 1934
3 1930 2124 1934
3 2130 1936 1934
3 1940 2132 1941
3 2132 2133 1941
3 1941 2133 1932
3 2133 2134 1932
3 2134 2126 1932
3 2126 2134 2127
3 2131 2135 2130
3 2135 2137 2136
3 2135 2136 1942
3 2130 2135 1942
3 1936 2130 1942
3 2136 1944 1942
3 1950 2138 1951
3 2138 2139 1951
3 1951 2139 1940
3 2139 2140 1940
3 2140 2132 1940
3 2132 2140 2133
3 2137 2141 2136
3 2141 2143 2142
3 2141 2142 1952
3 2136 2141 1952
3 1944 2136 1952
3 2144 1953 1952
3 2144 1952 2142
3 2144 1955 1953
3 1962 2145 1963
3 2146 1964 1963
3 2146 1963 2145
3 2146 2147 1964
3 1964 2147 1950
3 2147 2148 1950
3 2148 2138 1950
3 2138 2148 2139
3 2143 2149 2142
3 2151 2150 2149
3 2150 2142 2149
3 2150 2144 2142
3 2152 1965 1955
3 2144 2152 1955
3 2150 2152 2144
3 2153 1966 1965
3 2153 1965 2152
3 2153 1968 1966
3 1971 2154 1972
3 2155 1973 1972
3 2155 1972 2154
3 2155 2156 1973
3 1973 2156 1962
3 2156 2157 1962
3 2157 2145 1962
3 2145 2157 2146
3 2146 2157 2158
3 2146 2158 2147
3 2151 2159 2150
3 2150 2159 2152
3 2152 2159 2160
3 2152 2160 2153
3 2153 2160 2161
3 2161 2163 2162
3 2161 2162 1974
3 2153 2161 1974
3 1968 2153 1974
3 2164 1975 1974
3 2164 1974 2162
3 2165 1976 1975
3 2165 1975 2164
3 2165 2166 1976
3 1976 2166 1971
3 2166 2167 1971
3 2167 2154 1971
3 2154 2167 2155
3 2155 2167 2168
3 2155 2168 2156
3 2163 2169 2162
3 2162 2169 2164
3 2164 2169 2170
3 2164 2170 2165
3 2165 2170 2171
3 2165 2171 2166
3 2172 1978 1979
3 1980 2173 1979
3 1979 2173 2172
3 1981 2174 1980
3 1980 2174 2173
3 1982 2175 1981
3 1981 2175 2174
3 1984 2175 1982
3 2176 1985 1986
3 1978 2172 1986
3 2172 2176 1986
3 2172 2177 2176
3 2178 2172 2173
3 2177 2172 2178
3 2179 2173 2174
3 2178 2173 2179
3 2180 2174 2175
3 2179 2174 2180
3 1987 2181 1984
3 2181 2175 1984
3 2181 2180 2175
3 1988 2181 1987
3 2183 2182 1990
3 1990 2182 1989
3 1990 1985 2176
3 2184 1990 2176
3 2183 1990 2184
3 2184 2176 2177
3 2184 2177 2185
3 2185 2177 2178
3 2185 2178 2186
3 2186 2178 2179
3 2186 2179 2187
3 2187 2179 2180
3 2187 2180 2188
3 2190 2189 2188
3 2180 2190 2188
3 2181 2190 2180
3 1991 2191 1988
3 2191 2181 1988
3 2191 2190 2181
3 1992 2191 1991
3 2194 2193 2192
3 2182 2194 2192
3 1993 2182 2192
3 1989 2182 1993
3 2195 2189 2190
3 2197 2196 2195
3 2190 2197 2195
3 2191 2197 2190
3 1995 2197 1992
3 1992 2197 2191
3 2192 2193 1998
3 2193 1997 1998
3 2193 2198 1997
3 2192 1998 1993
3 2199 2196 2197
3 2201 2199 2200
3 2200 2199 1999
3 2199 2197 1999
3 2197 1995 1999
3 2001 2200 1999
3 2202 2006 2007
3 2203 2202 2007
3 1997 2203 2007
3 2198 2203 1997
3 2204 2201 2200
3 2200 2001 2204
3 2001 2205 2204
3 2001 2009 2205
3 2206 2013 2014
3 2015 2207 2014
3 2014 2207 2206
3 2207 2015 2208
3 2015 2209 2208
3 2015 2016 2209
3 2016 2006 2202
3 2210 2016 2202
3 2209 2016 2210
3 2210 2202 2203
3 2211 2205 2009
3 2211 2009 2017
3 2017 2018 2211
3 2211 2018 2212
3 2206 2024 2013
3 2206 2207 2213
3 2026 2206 2213
3 2214 2026 2213
3 2206 2026 2024
3 2213 2207 2208
3 2215 2212 2018
3 2215 2018 2027
3 2027 2028 2215
3 2215 2028 2216
3 2214 2036 2026
3 2217 2036 2214
3 2028 2037 2218
3 2219 2028 2218
3 2216 2028 2219
3 2038 2220 2037
3 2037 2220 2218
3 2039 2221 2038
3 2038 2221 2220
3 2040 2222 2039
3 2039 2222 2221
3 2041 2222 2040
3 2217 2045 2036
3 2223 2045 2217
3 2224 2219 2218
3 2226 2225 2224
3 2218 2226 2224
3 2220 2226 2218
3 2227 2220 2221
3 2226 2220 2227
3 2228 2221 2222
3 2227 2221 2228
3 2046 2229 2041
3 2229 2222 2041
3 2229 2228 2222
3 2047 2230 2046
3 2046 2230 2229
3 2048 2230 2047
3 2223 2231 2045
3 2045 2231 2051
3 2052 2051 2231
3 2052 2231 2232
3 2233 2225 2226
3 2233 2226 2227
3 2233 2227 2234
3 2234 2227 2228
3 2234 2228 2235
3 2237 2236 2235
3 2228 2237 2235
3 2229 2237 2228
3 2238 2229 2230
3 2237 2229 2238
3 2054 2238 2048
3 2048 2238 2230
3 2056 2052 2239
3 2052 2240 2239
3 2052 2232 2240
3 2239 2058 2056
3 2241 2236 2237
3 2243 2242 2241
3 2237 2243 2241
3 2238 2243 2237
3 2059 2244 2054
3 2244 2238 2054
3 2244 2243 2238
3 2060 2244 2059
3 2240 2245 2239
3 2062 2058 2239
3 2246 2062 2239
3 2245 2246 2239
3 2062 2246 2247
3 2248 2247 2246
3 2249 2242 2243
3 2251 2250 2249
3 2243 2251 2249
3 2244 2251 2243
3 2064 2251 2060
3 2060 2251 2244
3 2253 2252 2247
3 2252 2062 2247
3 2252 2065 2062
3 2253 2247 2248
3 2250 2251 2254
3 2250 2254 2255
3 2066 2256 2064
3 2256 2251 2064
3 2256 2254 2251
3 2068 2256 2066
3 2252 2070 2065
3 2257 2070 2252
3 2258 2255 2254
3 2260 2259 2258
3 2254 2260 2258
3 2256 2260 2254
3 2072 2260 2068
3 2068 2260 2256
3 2262 2074 2261
3 2074 2257 2261
3 2074 2070 2257
3 2263 2262 2261
3 2259 2260 2264
3 2259 2264 2265
3 2076 2264 2072
3 2072 2264 2260
3 2266 2077 2078
3 2267 2266 2078
3 2267 2078 2074
3 2268 2267 2074
3 2262 2268 2074
3 2268 2262 2263
3 2265 2264 2269
3 2265 2269 2270
3 2080 2269 2076
3 2076 2269 2264
3 2272 2271 2082
3 2082 2271 2081
3 2082 2077 2266
3 2273 2082 2266
3 2272 2082 2273
3 2273 2266 2267
3 2270 2269 2274
3 2270 2274 2275
3 2084 2274 2080
3 2080 2274 2269
3 2277 2276 2086
3 2086 2276 2085
3 2086 2081 2271
3 2086 2271 2277
3 2275 2274 2278
3 2275 2278 2279
3 2087 2278 2084
3 2084 2278 2274
3 2282 2281 2280
3 2276 2282 2280
3 2088 2276 2280
3 2085 2276 2088
3 2279 2278 2283
3 2279 2283 2284
3 2089 2283 2087
3 2087 2283 2278
3 2280 2281 2285
3 2285 2281 2286
3 2285 2090 2088
3 2285 2088 2280
3 2284 2283 2092
3 2093 2284 2092
3 2287 2284 2093
3 2092 2283 2089
3 2285 2286 2288
3 2288 2286 2289
3 2288 2094 2090
3 2288 2090 2285
3 2292 2291 2290
3 2291 2287 2290
3 2287 2096 2290
3 2287 2093 2096
3 2289 2293 2288
3 2094 2288 2293
3 2294 2094 2293
3 2098 2094 2294
3 2292 2290 2295
3 2292 2295 2296
3 2099 2295 2096
3 2096 2295 2290
3 2100 2098 2297
3 2098 2298 2297
3 2098 2294 2298
3 2297 2101 2100
3 2296 2295 2299
3 2296 2299 2300
3 2102 2299 2099
3 2099 2299 2295
3 2297 2298 2301
3 2301 2298 2302
3 2301 2103 2101
3 2301 2101 2297
3 2300 2299 2303
3 2300 2303 2304
3 2104 2303 2102
3 2102 2303 2299
3 2301 2302 2305
3 2305 2302 2306
3 2305 2105 2103
3 2305 2103 2301
3 2304 2303 2106
3 2107 2304 2106
3 2307 2304 2107
3 2106 2303 2104
3 2305 2306 2308
3 2308 2306 2309
3 2308 2108 2105
3 2308 2105 2305
3 2312 2311 2310
3 2311 2307 2310
3 2307 2109 2310
3 2307 2107 2109
3 2308 2309 2313
3 2313 2309 2314
3 2313 2111 2108
3 2313 2108 2308
3 2312 2310 2112
3 2113 2312 2112
3 2315 2312 2113
3 2112 2310 2109
3 2313 2314 2316
3 2316 2314 2317
3 2316 2115 2111
3 2316 2111 2313
3 2320 2319 2318
3 2319 2315 2318
3 2315 2117 2318
3 2315 2113 2117
3 2317 2321 2316
3 2115 2316 2321
3 2322 2115 2321
3 2119 2115 2322
3 2325 2324 2323
3 2323 2324 2320
3 2323 2320 2318
3 2121 2323 2318
3 2122 2121 2318
3 2122 2318 2117
3 2123 2119 2326
3 2119 2327 2326
3 2119 2322 2327
3 2326 2125 2123
3 2325 2323 2128
3 2127 2325 2128
3 2328 2325 2127
3 2128 2323 2121
3 2327 2329 2326
3 2329 2331 2330
3 2329 2330 2129
3 2326 2329 2129
3 2125 2326 2129
3 2330 2131 2129
3 2333 2332 2134
3 2333 2134 2133
3 2127 2134 2328
3 2328 2134 2332
3 2330 2331 2334
3 2334 2331 2335
3 2336 2135 2131
3 2330 2336 2131
3 2334 2336 2330
3 2336 2137 2135
3 2338 2337 2140
3 2338 2140 2139
3 2133 2140 2333
3 2333 2140 2337
3 2335 2339 2334
3 2341 2340 2339
3 2340 2334 2339
3 2340 2336 2334
3 2342 2141 2137
3 2336 2342 2137
3 2340 2342 2336
3 2342 2143 2141
3 2344 2343 2148
3 2344 2148 2147
3 2139 2148 2338
3 2338 2148 2343
3 2341 2345 2340
3 2347 2346 2345
3 2346 2340 2345
3 2346 2342 2340
3 2348 2149 2143
3 2342 2348 2143
3 2346 2348 2342
3 2348 2151 2149
3 2350 2349 2157
3 2350 2157 2156
3 2157 2351 2158
3 2349 2351 2157
3 2147 2158 2344
3 2344 2158 2351
3 2347 2352 2346
3 2346 2352 2348
3 2348 2352 2353
3 2353 2355 2354
3 2353 2354 2159
3 2348 2353 2159
3 2151 2348 2159
3 2356 2160 2159
3 2356 2159 2354
3 2357 2161 2160
3 2357 2160 2356
3 2357 2163 2161
3 2166 2358 2167
3 2167 2358 2359
3 2360 2167 2359
3 2168 2167 2360
3 2156 2168 2350
3 2350 2168 2360
3 2355 2361 2354
3 2354 2361 2356
3 2356 2361 2362
3 2364 2363 2362
3 2363 2356 2362
3 2363 2357 2356
3 2365 2169 2163
3 2357 2365 2163
3 2363 2365 2357
3 2169 2365 2366
3 2367 2169 2366
3 2170 2169 2367
3 2170 2368 2171
3 2367 2368 2170
3 2166 2171 2358
3 2171 2369 2358
3 2171 2368 2369
3 2358 2369 2359
3 2364 2370 2363
3 2363 2370 2365
3 2365 2370 2371
3 2365 2371 2366
3 2373 2372 2183
3 2183 2372 2182
3 2374 2183 2184
3 2374 2373 2183
3 2375 2184 2185
3 2375 2374 2184
3 2377 2375 2376
3 2375 2186 2376
3 2375 2185 2186
3 2187 2378 2186
3 2186 2378 2376
3 2188 2379 2187
3 2187 2379 2378
3 2189 2379 2188
3 2381 2380 2194
3 2194 2380 2193
3 2194 2182 2372
3 2194 2372 2381
3 2382 2377 2376
3 2382 2376 2378
3 2382 2378 2383
3 2383 2378 2379
3 2383 2379 2384
3 2386 2384 2385
3 2385 2384 2195
3 2384 2379 2195
3 2379 2189 2195
3 2196 2385 2195
3 2380 2198 2193
3 2387 2198 2380
3 2388 2386 2385
3 2388 2385 2196
3 2199 2388 2196
3 2389 2388 2199
3 2199 2201 2389
3 2389 2201 2390
3 2387 2203 2198
3 2391 2203 2387
3 2392 2390 2201
3 2392 2201 2204
3 2204 2205 2392
3 2392 2205 2393
3 2395 2394 2209
3 2209 2394 2208
3 2396 2209 2210
3 2396 2395 2209
3 2210 2203 2391
3 2210 2391 2396
3 2205 2211 2397
3 2398 2205 2397
3 2393 2205 2398
3 2212 2397 2211
3 2400 2399 2213
3 2213 2399 2214
3 2213 2208 2394
3 2213 2394 2400
3 2401 2398 2397
3 2403 2401 2402
3 2402 2401 2215
3 2401 2397 2215
3 2397 2212 2215
3 2216 2402 2215
3 2399 2217 2214
3 2404 2217 2399
3 2405 2403 2402
3 2402 2216 2405
3 2216 2406 2405
3 2216 2219 2406
3 2404 2223 2217
3 2407 2223 2404
3 2219 2224 2408
3 2409 2219 2408
3 2406 2219 2409
3 2225 2408 2224
3 2407 2410 2223
3 2223 2410 2231
3 2232 2231 2410
3 2232 2410 2411
3 2412 2409 2408
3 2414 2412 2413
3 2413 2412 2233
3 2412 2408 2233
3 2408 2225 2233
3 2234 2415 2233
3 2233 2415 2413
3 2235 2416 2234
3 2234 2416 2415
3 2236 2416 2235
3 2418 2240 2417
3 2240 2411 2417
3 2240 2232 2411
3 2419 2418 2417
3 2414 2413 2420
3 2414 2420 2421
3 2422 2413 2415
3 2420 2413 2422
3 2423 2415 2416
3 2422 2415 2423
3 2241 2424 2236
3 2424 2416 2236
3 2424 2423 2416
3 2242 2424 2241
3 2418 2245 2240
3 2246 2245 2418
3 2425 2246 2418
3 2419 2425 2418
3 2426 2246 2425
3 2426 2248 2246
3 2427 2421 2420
3 2427 2420 2422
3 2427 2422 2428
3 2430 2429 2428
3 2422 2430 2428
3 2423 2430 2422
3 2431 2423 2424
3 2430 2423 2431
3 2249 2432 2242
3 2432 2424 2242
3 2432 2431 2424
3 2250 2432 2249
3 2434 2433 2425
3 2433 2252 2425
3 2253 2426 2425
3 2253 2425 2252
3 2253 2248 2426
3 2433 2434 2435
3 2436 2429 2430
3 2436 2430 2431
3 2436 2431 2437
3 2439 2438 2437
3 2431 2439 2437
3 2432 2439 2431
3 2255 2439 2250
3 2250 2439 2432
3 2441 2440 2433
3 2440 2252 2433
3 2440 2257 2252
3 2441 2433 2435
3 2438 2439 2442
3 2438 2442 2443
3 2258 2444 2255
3 2444 2439 2255
3 2444 2442 2439
3 2259 2444 2258
3 2440 2445 2257
3 2257 2445 2261
3 2263 2261 2445
3 2263 2445 2446
3 2447 2443 2442
3 2449 2448 2447
3 2442 2449 2447
3 2444 2449 2442
3 2265 2449 2259
3 2259 2449 2444
3 2451 2450 2268
3 2268 2450 2267
3 2268 2263 2446
3 2268 2446 2451
3 2448 2449 2452
3 2448 2452 2453
3 2270 2452 2265
3 2265 2452 2449
3 2454 2271 2272
3 2273 2455 2272
3 2272 2455 2454
3 2456 2455 2273
3 2267 2456 2273
3 2450 2456 2267
3 2453 2452 2457
3 2453 2457 2458
3 2275 2457 2270
3 2270 2457 2452
3 2460 2459 2277
3 2277 2459 2276
3 2277 2271 2454
3 2461 2277 2454
3 2460 2277 2461
3 2461 2454 2455
3 2461 2455 2462
3 2462 2455 2456
3 2458 2457 2463
3 2458 2463 2464
3 2279 2463 2275
3 2275 2463 2457
3 2466 2465 2282
3 2282 2465 2281
3 2282 2276 2459
3 2282 2459 2466
3 2464 2463 2467
3 2464 2467 2468
3 2284 2467 2279
3 2279 2467 2463
3 2465 2286 2281
3 2469 2286 2465
3 2468 2467 2470
3 2468 2470 2471
3 2287 2470 2284
3 2284 2470 2467
3 2474 2473 2472
3 2469 2474 2472
3 2289 2469 2472
3 2286 2469 2289
3 2471 2470 2291
3 2292 2471 2291
3 2475 2471 2292
3 2291 2470 2287
3 2473 2476 2472
3 2476 2478 2477
3 2476 2477 2293
3 2472 2476 2293
3 2289 2472 2293
3 2477 2294 2293
3 2296 2475 2292
3 2296 2479 2475
3 2477 2478 2480
3 2480 2478 2481
3 2480 2298 2294
3 2480 2294 2477
3 2484 2483 2482
3 2483 2479 2482
3 2479 2300 2482
3 2479 2296 2300
3 2481 2485 2480
3 2298 2480 2485
3 2486 2298 2485
3 2302 2298 2486
3 2484 2482 2487
3 2484 2487 2488
3 2304 2487 2300
3 2300 2487 2482
3 2486 2306 2302
3 2489 2306 2486
3 2488 2487 2490
3 2488 2490 2491
3 2307 2490 2304
3 2304 2490 2487
3 2489 2309 2306
3 2492 2309 2489
3 2495 2494 2493
3 2493 2494 2491
3 2493 2491 2490
3 2312 2493 2490
3 2311 2312 2490
3 2311 2490 2307
3 2492 2314 2309
3 2496 2314 2492
3 2495 2493 2497
3 2495 2497 2498
3 2315 2497 2312
3 2312 2497 2493
3 2496 2317 2314
3 2499 2317 2496
3 2502 2501 2500
3 2500 2501 2498
3 2500 2498 2497
3 2320 2500 2497
3 2319 2320 2497
3 2319 2497 2315
3 2321 2317 2503
3 2317 2504 2503
3 2317 2499 2504
3 2503 2322 2321
3 2507 2506 2505
3 2505 2506 2502
3 2505 2502 2500
3 2325 2505 2500
3 2324 2325 2500
3 2324 2500 2320
3 2503 2504 2508
3 2508 2504 2509
3 2508 2327 2322
3 2508 2322 2503
3 2507 2505 2510
3 2507 2510 2511
3 2328 2510 2325
3 2325 2510 2505
3 2509 2512 2508
3 2512 2514 2513
3 2512 2513 2329
3 2508 2512 2329
3 2327 2508 2329
3 2513 2331 2329
3 2517 2516 2515
3 2515 2516 2511
3 2515 2511 2510
3 2333 2515 2510
3 2332 2333 2510
3 2332 2510 2328
3 2513 2514 2518
3 2518 2514 2519
3 2518 2335 2331
3 2518 2331 2513
3 2522 2521 2520
3 2520 2521 2517
3 2520 2517 2515
3 2338 2520 2515
3 2337 2338 2515
3 2337 2515 2333
3 2519 2523 2518
3 2523 2525 2524
3 2523 2524 2339
3 2518 2523 2339
3 2335 2518 2339
3 2524 2341 2339
3 2528 2527 2526
3 2526 2527 2522
3 2526 2522 2520
3 2344 2526 2520
3 2343 2344 2520
3 2343 2520 2338
3 2525 2529 2524
3 2529 2531 2530
3 2529 2530 2345
3 2524 2529 2345
3 2341 2524 2345
3 2530 2347 2345
3 2533 2532 2349
3 2533 2349 2350
3 2526 2351 2528
3 2351 2532 2528
3 2351 2349 2532
3 2351 2526 2344
3 2531 2534 2530
3 2534 2536 2535
3 2534 2535 2352
3 2530 2534 2352
3 2347 2530 2352
3 2537 2353 2352
3 2537 2352 2535
3 2537 2355 2353
3 2540 2539 2538
3 2360 2359 2538
3 2539 2360 2538
3 2541 2360 2539
3 2350 2360 2533
3 2533 2360 2541
3 2536 2542 2535
3 2544 2543 2542
3 2543 2535 2542
3 2543 2537 2535
3 2545 2361 2355
3 2537 2545 2355
3 2543 2545 2537
3 2546 2362 2361
3 2546 2361 2545
3 2546 2364 2362
3 2548 2547 2367
3 2548 2367 2366
3 2367 2549 2368
3 2547 2549 2367
3 2538 2369 2540
3 2369 2549 2540
3 2369 2368 2549
3 2369 2538 2359
3 2544 2550 2543
3 2543 2550 2545
3 2545 2550 2551
3 2545 2551 2546
3 2546 2551 2552
3 2546 2552 2364
3 2552 2370 2364
3 2552 2553 2370
3 2370 2554 2371
3 2553 2554 2370
3 2366 2371 2548
3 2548 2371 2554
3 2557 2556 2555
3 2559 2558 2555
3 2555 2558 2557
3 2559 2560 2558
3 2556 2561 2555
3 2555 2561 2559
3 2559 2561 2562
3 2559 2562 2560
3 2563 2372 2373
3 2374 2564 2373
3 2373 2564 2563
3 2375 2565 2374
3 2374 2565 2564
3 2377 2565 2375
3 2566 2380 2381
3 2567 2566 2381
3 2567 2381 2372
3 2568 2567 2372
3 2563 2568 2372
3 2568 2563 2564
3 2568 2564 2569
3 2569 2564 2565
3 2569 2565 2570
3 2570 2565 2377
3 2382 2570 2377
3 2571 2570 2382
3 2572 2382 2383
3 2572 2571 2382
3 2573 2383 2384
3 2573 2572 2383
3 2384 2386 2573
3 2573 2386 2574
3 2576 2575 2566
3 2575 2380 2566
3 2575 2387 2380
3 2576 2566 2567
3 2577 2574 2386
3 2577 2386 2388
3 2579 2577 2578
3 2577 2389 2578
3 2577 2388 2389
3 2390 2578 2389
3 2575 2391 2387
3 2580 2391 2575
3 2579 2578 2581
3 2579 2581 2582
3 2392 2583 2390
3 2583 2578 2390
3 2583 2581 2578
3 2393 2583 2392
3 2584 2394 2395
3 2584 2395 2585
3 2395 2586 2585
3 2395 2396 2586
3 2396 2391 2580
3 2396 2580 2586
3 2587 2582 2581
3 2587 2581 2583
3 2587 2583 2588
3 2583 2393 2588
3 2393 2589 2588
3 2393 2398 2589
3 2591 2590 2400
3 2400 2590 2399
3 2400 2394 2584
3 2592 2400 2584
3 2591 2400 2592
3 2592 2584 2585
3 2593 2589 2398
3 2593 2398 2401
3 2401 2403 2593
3 2593 2403 2594
3 2590 2404 2399
3 2595 2404 2590
3 2403 2405 2596
3 2597 2403 2596
3 2594 2403 2597
3 2406 2596 2405
3 2595 2407 2404
3 2598 2407 2595
3 2599 2597 2596
3 2596 2406 2599
3 2406 2600 2599
3 2406 2409 2600
3 2598 2601 2407
3 2407 2601 2410
3 2411 2410 2601
3 2411 2601 2602
3 2409 2412 2603
3 2604 2409 2603
3 2600 2409 2604
3 2414 2603 2412
3 2602 2605 2411
3 2411 2605 2417
3 2419 2417 2605
3 2419 2605 2606
3 2607 2604 2603
3 2603 2414 2607
3 2414 2608 2607
3 2414 2421 2608
3 2606 2425 2419
3 2609 2425 2606
3 2421 2427 2610
3 2611 2421 2610
3 2608 2421 2611
3 2428 2612 2427
3 2427 2612 2610
3 2429 2612 2428
3 2434 2425 2613
3 2425 2614 2613
3 2425 2609 2614
3 2613 2435 2434
3 2611 2610 2615
3 2611 2615 2616
3 2617 2610 2612
3 2615 2610 2617
3 2436 2618 2429
3 2618 2612 2429
3 2618 2617 2612
3 2437 2619 2436
3 2436 2619 2618
3 2438 2619 2437
3 2613 2614 2441
3 2614 2440 2441
3 2614 2620 2440
3 2613 2441 2435
3 2621 2616 2615
3 2621 2615 2617
3 2621 2617 2622
3 2624 2623 2622
3 2617 2624 2622
3 2618 2624 2617
3 2625 2618 2619
3 2624 2618 2625
3 2443 2625 2438
3 2438 2625 2619
3 2445 2440 2626
3 2440 2627 2626
3 2440 2620 2627
3 2626 2446 2445
3 2628 2623 2624
3 2630 2629 2628
3 2624 2630 2628
3 2625 2630 2624
3 2447 2631 2443
3 2631 2625 2443
3 2631 2630 2625
3 2448 2631 2447
3 2626 2627 2451
3 2627 2450 2451
3 2627 2632 2450
3 2626 2451 2446
3 2633 2629 2630
3 2635 2634 2633
3 2630 2635 2633
3 2631 2635 2630
3 2453 2635 2448
3 2448 2635 2631
3 2632 2456 2450
3 2636 2456 2632
3 2634 2635 2637
3 2634 2637 2638
3 2458 2637 2453
3 2453 2637 2635
3 2639 2459 2460
3 2461 2640 2460
3 2460 2640 2639
3 2640 2461 2641
3 2461 2642 2641
3 2461 2462 2642
3 2462 2456 2636
3 2462 2636 2642
3 2638 2637 2643
3 2638 2643 2644
3 2464 2643 2458
3 2458 2643 2637
3 2646 2645 2466
3 2466 2645 2465
3 2466 2459 2639
3 2647 2466 2639
3 2646 2466 2647
3 2647 2639 2640
3 2647 2640 2648
3 2648 2640 2641
3 2651 2650 2649
3 2649 2650 2644
3 2643 2649 2644
3 2652 2649 2643
3 2468 2652 2464
3 2464 2652 2643
3 2655 2654 2653
3 2645 2655 2653
3 2469 2645 2653
3 2465 2645 2469
3 2651 2649 2656
3 2651 2656 2657
3 2658 2649 2652
3 2656 2649 2658
3 2471 2658 2468
3 2468 2658 2652
3 2653 2654 2474
3 2654 2473 2474
3 2654 2659 2473
3 2653 2474 2469
3 2657 2656 2660
3 2657 2660 2661
3 2662 2656 2658
3 2660 2656 2662
3 2475 2662 2471
3 2471 2662 2658
3 2476 2473 2663
3 2473 2664 2663
3 2473 2659 2664
3 2663 2478 2476
3 2661 2660 2665
3 2661 2665 2666
3 2667 2660 2662
3 2665 2660 2667
3 2479 2667 2475
3 2475 2667 2662
3 2664 2668 2663
3 2478 2663 2668
3 2669 2478 2668
3 2481 2478 2669
3 2666 2665 2670
3 2666 2670 2671
3 2484 2670 2483
3 2670 2667 2483
3 2670 2665 2667
3 2483 2667 2479
3 2485 2481 2672
3 2481 2673 2672
3 2481 2669 2673
3 2672 2486 2485
3 2671 2670 2674
3 2671 2674 2675
3 2488 2674 2484
3 2484 2674 2670
3 2672 2673 2676
3 2676 2673 2677
3 2676 2489 2486
3 2676 2486 2672
3 2680 2679 2678
3 2678 2679 2675
3 2674 2678 2675
3 2681 2678 2674
3 2491 2681 2488
3 2488 2681 2674
3 2676 2677 2682
3 2682 2677 2683
3 2682 2492 2489
3 2682 2489 2676
3 2680 2678 2684
3 2680 2684 2685
3 2495 2684 2494
3 2684 2681 2494
3 2684 2678 2681
3 2494 2681 2491
3 2682 2683 2686
3 2686 2683 2687
3 2686 2496 2492
3 2686 2492 2682
3 2690 2689 2688
3 2688 2689 2685
3 2684 2688 2685
3 2691 2688 2684
3 2498 2691 2495
3 2495 2691 2684
3 2686 2687 2692
3 2692 2687 2693
3 2692 2499 2496
3 2692 2496 2686
3 2690 2688 2694
3 2690 2694 2695
3 2502 2694 2501
3 2694 2691 2501
3 2694 2688 2691
3 2501 2691 2498
3 2692 2693 2696
3 2696 2693 2697
3 2696 2504 2499
3 2696 2499 2692
3 2700 2699 2698
3 2698 2699 2695
3 2698 2695 2694
3 2507 2698 2694
3 2506 2507 2694
3 2506 2694 2502
3 2697 2701 2696
3 2504 2696 2701
3 2702 2504 2701
3 2509 2504 2702
3 2705 2704 2703
3 2703 2704 2700
3 2698 2703 2700
3 2706 2703 2698
3 2511 2706 2507
3 2507 2706 2698
3 2512 2509 2707
3 2509 2708 2707
3 2509 2702 2708
3 2707 2514 2512
3 2711 2710 2709
3 2709 2710 2705
3 2703 2709 2705
3 2712 2709 2703
3 2517 2712 2516
3 2712 2706 2516
3 2712 2703 2706
3 2516 2706 2511
3 2708 2713 2707
3 2514 2707 2713
3 2714 2514 2713
3 2519 2514 2714
3 2717 2716 2715
3 2715 2716 2711
3 2709 2715 2711
3 2718 2715 2709
3 2522 2718 2521
3 2718 2712 2521
3 2718 2709 2712
3 2521 2712 2517
3 2523 2519 2719
3 2519 2720 2719
3 2519 2714 2720
3 2719 2525 2523
3 2723 2722 2721
3 2721 2722 2717
3 2715 2721 2717
3 2724 2721 2715
3 2528 2724 2527
3 2724 2718 2527
3 2724 2715 2718
3 2527 2718 2522
3 2720 2725 2719
3 2725 2727 2726
3 2725 2726 2529
3 2719 2725 2529
3 2525 2719 2529
3 2726 2531 2529
3 2730 2729 2728
3 2728 2729 2723
3 2721 2728 2723
3 2731 2728 2721
3 2533 2731 2532
3 2731 2724 2532
3 2731 2721 2724
3 2532 2724 2528
3 2727 2732 2726
3 2732 2734 2733
3 2732 2733 2534
3 2726 2732 2534
3 2531 2726 2534
3 2733 2536 2534
3 2737 2736 2735
3 2735 2736 2730
3 2735 2730 2728
3 2540 2735 2728
3 2539 2540 2728
3 2539 2728 2541
3 2541 2728 2731
3 2541 2731 2533
3 2734 2738 2733
3 2738 2740 2739
3 2738 2739 2542
3 2733 2738 2542
3 2536 2733 2542
3 2739 2544 2542
3 2743 2742 2741
3 2547 2548 2741
3 2742 2547 2741
3 2744 2547 2742
3 2735 2549 2737
3 2549 2744 2737
3 2549 2547 2744
3 2549 2735 2540
3 2740 2745 2739
3 2739 2745 2544
3 2745 2550 2544
3 2745 2746 2550
3 2550 2747 2551
3 2746 2747 2550
3 2551 2748 2552
3 2747 2748 2551
3 2552 2749 2553
3 2748 2749 2552
3 2741 2554 2743
3 2554 2749 2743
3 2554 2553 2749
3 2554 2741 2548
3 2752 2751 2750
3 2750 2753 2752
3 2754 2556 2557
3 2558 2755 2557
3 2557 2755 2754
3 2560 2755 2558
3 2751 2756 2750
3 2756 2757 2750
3 2757 2758 2750
3 2759 2753 2750
3 2759 2750 2758
3 2759 2754 2760
3 2754 2759 2556
3 2758 2556 2759
3 2556 2758 2561
3 2761 2561 2758
3 2760 2755 2762
3 2755 2760 2754
3 2763 2562 2761
3 2561 2761 2562
3 2762 2755 2764
3 2755 2560 2764
3 2562 2763 2764
3 2562 2764 2560
3 2758 2757 2765
3 2765 2757 2766
3 2758 2767 2761
3 2758 2765 2767
3 2761 2768 2763
3 2761 2767 2768
3 2764 2763 2769
3 2763 2770 2769
3 2763 2768 2770
3 2772 2771 2770
3 2770 2771 2769
3 2772 2773 2771
3 2766 2774 2765
3 2776 2775 2774
3 2775 2765 2774
3 2775 2767 2765
3 2767 2777 2768
3 2767 2775 2777
3 2768 2778 2770
3 2768 2777 2778
3 2770 2779 2772
3 2770 2778 2779
3 2773 2772 2780
3 2772 2781 2780
3 2772 2779 2781
3 2783 2782 2781
3 2781 2782 2780
3 2783 2784 2782
3 2776 2785 2775
3 2787 2786 2785
3 2786 2775 2785
3 2786 2777 2775
3 2777 2788 2778
3 2777 2786 2788
3 2778 2789 2779
3 2778 2788 2789
3 2779 2790 2781
3 2779 2789 2790
3 2781 2791 2783
3 2781 2790 2791
3 2784 2783 2792
3 2792 2783 2791
3 2787 2793 2786
3 2795 2794 2793
3 2794 2786 2793
3 2794 2788 2786
3 2788 2796 2789
3 2788 2794 2796
3 2789 2797 2790
3 2789 2796 2797
3 2790 2798 2791
3 2790 2797 2798
3 2792 2791 2799
3 2799 2791 2798
3 2795 2800 2794
3 2802 2801 2800
3 2801 2794 2800
3 2801 2796 2794
3 2796 2803 2797
3 2796 2801 2803
3 2797 2804 2798
3 2797 2803 2804
3 2799 2798 2805
3 2805 2798 2804
3 2801 2802 2806
3 2806 2802 2807
3 2801 2808 2803
3 2801 2806 2808
3 2803 2809 2804
3 2803 2808 2809
3 2805 2804 2810
3 2804 2811 2810
3 2804 2809 2811
3 2811 2812 2810
3 2807 2813 2806
3 2815 2814 2813
3 2814 2806 2813
3 2814 2808 2806
3 2808 2816 2809
3 2808 2814 2816
3 2809 2817 2811
3 2809 2816 2817
3 2812 2811 2818
3 2818 2811 2817
3 2815 2819 2814
3 2821 2820 2819
3 2820 2814 2819
3 2820 2816 2814
3 2816 2822 2817
3 2816 2820 2822
3 2818 2817 2823
3 2823 2817 2822
3 2821 2824 2820
3 2820 2824 2822
3 2822 2824 2825
3 2822 2825 2823
3 2826 2567 2568
3 2569 2827 2568
3 2568 2827 2826
3 2570 2828 2569
3 2569 2828 2827
3 2571 2829 2570
3 2570 2829 2828
3 2572 2830 2571
3 2571 2830 2829
3 2573 2831 2572
3 2572 2831 2830
3 2574 2831 2573
3 2832 2575 2576
3 2833 2832 2576
3 2833 2576 2567
3 2834 2833 2567
3 2826 2834 2567
3 2834 2826 2827
3 2834 2827 2835
3 2835 2827 2828
3 2835 2828 2836
3 2836 2828 2829
3 2836 2829 2837
3 2837 2829 2830
3 2837 2830 2838
3 2840 2839 2838
3 2830 2840 2838
3 2831 2840 2830
3 2577 2841 2574
3 2841 2831 2574
3 2841 2840 2831
3 2579 2841 2577
3 2843 2842 2832
3 2842 2575 2832
3 2842 2580 2575
3 2843 2832 2833
3 2839 2840 2844
3 2839 2844 2845
3 2846 2840 2841
3 2844 2840 2846
3 2582 2846 2579
3 2579 2846 2841
3 2848 2847 2586
3 2586 2847 2585
3 2586 2580 2842
3 2586 2842 2848
3 2849 2845 2844
3 2851 2850 2849
3 2844 2851 2849
3 2846 2851 2844
3 2587 2852 2582
3 2852 2846 2582
3 2852 2851 2846
3 2588 2853 2587
3 2587 2853 2852
3 2589 2853 2588
3 2854 2590 2591
3 2854 2591 2855
3 2591 2856 2855
3 2591 2592 2856
3 2592 2585 2847
3 2592 2847 2856
3 2857 2850 2851
3 2857 2851 2852
3 2857 2852 2858
3 2860 2859 2858
3 2852 2860 2858
3 2853 2860 2852
3 2593 2861 2589
3 2861 2853 2589
3 2861 2860 2853
3 2594 2861 2593
3 2862 2595 2854
3 2854 2595 2590
3 2854 2855 2863
3 2854 2863 2862
3 2864 2859 2860
3 2866 2865 2864
3 2860 2866 2864
3 2861 2866 2860
3 2597 2866 2594
3 2594 2866 2861
3 2867 2598 2862
3 2862 2598 2595
3 2862 2863 2868
3 2862 2868 2867
3 2869 2865 2866
3 2869 2866 2597
3 2599 2869 2597
3 2870 2869 2599
3 2599 2600 2870
3 2870 2600 2871
3 2867 2601 2598
3 2602 2601 2867
3 2868 2602 2867
3 2872 2602 2868
3 2604 2871 2600
3 2604 2873 2871
3 2605 2602 2874
3 2602 2875 2874
3 2602 2872 2875
3 2874 2606 2605
3 2876 2873 2604
3 2876 2604 2607
3 2607 2608 2876
3 2876 2608 2877
3 2875 2878 2874
3 2606 2874 2878
3 2879 2606 2878
3 2609 2606 2879
3 2611 2877 2608
3 2611 2880 2877
3 2879 2614 2609
3 2881 2614 2879
3 2616 2880 2611
3 2616 2882 2880
3 2881 2620 2614
3 2883 2620 2881
3 2616 2621 2884
3 2885 2616 2884
3 2882 2616 2885
3 2622 2886 2621
3 2621 2886 2884
3 2623 2886 2622
3 2883 2627 2620
3 2887 2627 2883
3 2885 2884 2888
3 2885 2888 2889
3 2890 2884 2886
3 2888 2884 2890
3 2628 2891 2623
3 2891 2886 2623
3 2891 2890 2886
3 2629 2891 2628
3 2887 2632 2627
3 2892 2632 2887
3 2889 2888 2893
3 2889 2893 2894
3 2895 2888 2890
3 2893 2888 2895
3 2896 2890 2891
3 2895 2890 2896
3 2633 2897 2629
3 2897 2891 2629
3 2897 2896 2891
3 2634 2897 2633
3 2892 2636 2632
3 2898 2636 2892
3 2899 2894 2893
3 2901 2900 2899
3 2893 2901 2899
3 2895 2901 2893
3 2902 2895 2896
3 2901 2895 2902
3 2903 2896 2897
3 2902 2896 2903
3 2638 2903 2634
3 2634 2903 2897
3 2904 2641 2642
3 2905 2904 2642
3 2636 2905 2642
3 2898 2905 2636
3 2906 2900 2901
3 2908 2907 2906
3 2901 2908 2906
3 2902 2908 2901
3 2909 2902 2903
3 2908 2902 2909
3 2644 2909 2638
3 2638 2909 2903
3 2911 2910 2646
3 2646 2910 2645
3 2912 2646 2647
3 2912 2911 2646
3 2913 2647 2648
3 2913 2912 2647
3 2648 2641 2904
3 2914 2648 2904
3 2913 2648 2914
3 2914 2904 2905
3 2907 2908 2915
3 2907 2915 2916
3 2651 2915 2650
3 2915 2909 2650
3 2915 2908 2909
3 2650 2909 2644
3 2918 2917 2655
3 2655 2917 2654
3 2655 2645 2910
3 2655 2910 2918
3 2916 2915 2919
3 2916 2919 2920
3 2657 2919 2651
3 2651 2919 2915
3 2917 2659 2654
3 2921 2659 2917
3 2920 2919 2922
3 2920 2922 2923
3 2661 2922 2657
3 2657 2922 2919
3 2921 2664 2659
3 2924 2664 2921
3 2923 2922 2925
3 2923 2925 2926
3 2666 2925 2661
3 2661 2925 2922
3 2668 2664 2927
3 2664 2928 2927
3 2664 2924 2928
3 2927 2669 2668
3 2926 2925 2929
3 2926 2929 2930
3 2671 2929 2666
3 2666 2929 2925
3 2927 2928 2931
3 2931 2928 2932
3 2931 2673 2669
3 2931 2669 2927
3 2935 2934 2933
3 2933 2934 2930
3 2929 2933 2930
3 2936 2933 2929
3 2675 2936 2671
3 2671 2936 2929
3 2932 2937 2931
3 2673 2931 2937
3 2938 2673 2937
3 2677 2673 2938
3 2935 2933 2939
3 2935 2939 2940
3 2680 2939 2679
3 2939 2936 2679
3 2939 2933 2936
3 2679 2936 2675
3 2938 2683 2677
3 2941 2683 2938
3 2944 2943 2942
3 2942 2943 2940
3 2939 2942 2940
3 2945 2942 2939
3 2685 2945 2680
3 2680 2945 2939
3 2941 2687 2683
3 2946 2687 2941
3 2944 2942 2947
3 2944 2947 2948
3 2690 2947 2689
3 2947 2945 2689
3 2947 2942 2945
3 2689 2945 2685
3 2946 2693 2687
3 2949 2693 2946
3 2952 2951 2950
3 2950 2951 2948
3 2947 2950 2948
3 2953 2950 2947
3 2695 2953 2690
3 2690 2953 2947
3 2956 2955 2954
3 2954 2957 2956
3 2949 2697 2693
3 2958 2697 2949
3 2952 2950 2959
3 2952 2959 2960
3 2700 2959 2699
3 2959 2953 2699
3 2959 2950 2953
3 2699 2953 2695
3 2963 2962 2961
3 2963 2961 2955
3 2961 2954 2955
3 2961 2964 2954
3 2957 2954 2965
3 2965 2954 2964
3 2701 2697 2966
3 2697 2967 2966
3 2697 2958 2967
3 2966 2702 2701
3 2970 2969 2968
3 2972 2971 2968
3 2972 2968 2969
3 2971 2972 2960
3 2971 2960 2959
3 2705 2971 2959
3 2704 2705 2959
3 2704 2959 2700
3 2975 2974 2973
3 2975 2973 2962
3 2973 2961 2962
3 2973 2976 2961
3 2978 2964 2977
3 2964 2976 2977
3 2964 2961 2976
3 2964 2978 2965
3 2967 2979 2966
3 2702 2966 2979
3 2980 2702 2979
3 2708 2702 2980
3 2983 2982 2981
3 2981 2982 2970
3 2968 2981 2970
3 2984 2981 2968
3 2711 2984 2710
3 2984 2971 2710
3 2984 2968 2971
3 2710 2971 2705
3 2987 2986 2985
3 2987 2985 2974
3 2985 2973 2974
3 2985 2988 2973
3 2990 2976 2989
3 2976 2988 2989
3 2976 2973 2988
3 2976 2990 2977
3 2713 2708 2991
3 2708 2992 2991
3 2708 2980 2992
3 2991 2714 2713
3 2995 2994 2993
3 2993 2994 2983
3 2981 2993 2983
3 2996 2993 2981
3 2717 2996 2716
3 2996 2984 2716
3 2996 2981 2984
3 2716 2984 2711
3 2999 2998 2997
3 2999 2997 2986
3 2997 2985 2986
3 2997 3000 2985
3 2985 3001 2988
3 2985 3000 3001
3 2989 2988 3002
3 3002 2988 3001
3 2992 3003 2991
3 2714 2991 3003
3 3004 2714 3003
3 2720 2714 3004
3 3007 3006 3005
3 3005 3006 2995
3 2993 3005 2995
3 3008 3005 2993
3 2723 3008 2722
3 3008 2996 2722
3 3008 2993 2996
3 2722 2996 2717
3 3011 3010 3009
3 3011 3009 2998
3 3009 2997 2998
3 3009 3012 2997
3 2997 3013 3000
3 2997 3012 3013
3 3015 3001 3014
3 3001 3013 3014
3 3001 3000 3013
3 3001 3015 3002
3 2725 2720 3016
3 2720 3017 3016
3 2720 3004 3017
3 3016 2727 2725
3 3020 3019 3018
3 3018 3019 3007
3 3005 3018 3007
3 3021 3018 3005
3 2730 3021 2729
3 3021 3008 2729
3 3021 3005 3008
3 2729 3008 2723
3 3024 3023 3022
3 3024 3022 3010
3 3022 3009 3010
3 3022 3025 3009
3 3009 3026 3012
3 3009 3025 3026
3 3028 3013 3027
3 3013 3026 3027
3 3013 3012 3026
3 3013 3028 3014
3 3017 3029 3016
3 3029 3031 3030
3 3029 3030 2732
3 3016 3029 2732
3 2727 3016 2732
3 3030 2734 2732
3 3034 3033 3032
3 3032 3033 3020
3 3018 3032 3020
3 3035 3032 3018
3 2737 3035 2736
3 3035 3021 2736
3 3035 3018 3021
3 2736 3021 2730
3 3038 3037 3036
3 3040 3039 3036
3 3036 3039 3038
3 3039 3040 3023
3 3040 3022 3023
3 3040 3041 3022
3 3022 3042 3025
3 3022 3041 3042
3 3044 3026 3043
3 3026 3042 3043
3 3026 3025 3042
3 3026 3044 3027
3 3031 3045 3030
3 3045 3047 3046
3 3045 3046 2738
3 3030 3045 2738
3 2734 3030 2738
3 3046 2740 2738
3 3050 3049 3048
3 3048 3049 3034
3 3048 3034 3032
3 2743 3048 3032
3 2742 2743 3032
3 2742 3032 2744
3 2744 3032 3035
3 2744 3035 2737
3 3053 3052 3051
3 3055 3054 3051
3 3051 3054 3053
3 3054 3055 3037
3 3055 3036 3037
3 3055 3056 3036
3 3036 3057 3040
3 3036 3056 3057
3 3040 3058 3041
3 3040 3057 3058
3 3060 3042 3059
3 3042 3058 3059
3 3042 3041 3058
3 3042 3060 3043
3 3047 3061 3046
3 3046 3061 2740
3 3061 2745 2740
3 3061 3062 2745
3 3062 3064 3063
3 2746 3062 3063
3 2745 3062 2746
3 3065 2747 2746
3 3065 2746 3063
3 2747 3065 3066
3 3067 2747 3066
3 2748 2747 3067
3 3048 2749 3050
3 2749 3067 3050
3 2749 2748 3067
3 2749 3048 2743
3 3070 3069 3068
3 3070 3068 3052
3 3068 3051 3052
3 3068 3071 3051
3 3051 3072 3055
3 3051 3071 3072
3 3055 3073 3056
3 3055 3072 3073
3 3056 3074 3057
3 3056 3073 3074
3 3076 3058 3075
3 3058 3074 3075
3 3058 3057 3074
3 3058 3076 3059
3 3064 3077 3063
3 3063 3077 3065
3 3065 3077 3078
3 3065 3078 3066
3 3081 3080 3079
3 3083 3082 3079
3 3079 3082 3081
3 3082 3083 3069
3 3083 3068 3069
3 3083 3084 3068
3 3068 3085 3071
3 3068 3084 3085
3 3071 3086 3072
3 3071 3085 3086
3 3072 3087 3073
3 3072 3086 3087
3 3089 3074 3088
3 3074 3087 3088
3 3074 3073 3087
3 3074 3089 3075
3 3079 3080 3090
3 3090 3080 3091
3 3079 3092 3083
3 3079 3090 3092
3 3083 3093 3084
3 3083 3092 3093
3 3095 3085 3094
3 3085 3093 3094
3 3085 3084 3093
3 3085 3095 3086
3 3086 3095 3096
3 3086 3096 3087
3 3087 3096 3097
3 3087 3097 3088
3 3091 3098 3090
3 3090 3098 3092
3 3092 3098 3099
3 3092 3099 3093
3 3093 3099 3100
3 3093 3100 3094
3 3101 2751 2752
3 2753 3101 2752
3 3103 2756 3102
3 2756 2751 3102
3 3102 2751 3101
3 3104 3102 3101
3 3106 3105 3103
3 3104 3103 3105
3 3103 3104 3101
3 3103 3101 2756
3 2753 2756 3101
3 2756 2753 2757
3 2759 2757 2753
3 2757 2759 3106
3 2757 3106 3103
3 2760 3107 2759
3 2759 3107 3106
3 2762 3108 2760
3 2760 3108 3107
3 2764 3108 2762
3 3102 3109 3103
3 3106 3110 3105
3 3111 3103 3109
3 3103 3111 2757
3 2766 2757 3111
3 3110 3106 3107
3 3110 3107 3112
3 3112 3107 3108
3 3112 3108 3113
3 3115 3113 3114
3 3114 3113 2769
3 3113 3108 2769
3 3108 2764 2769
3 2771 3116 2769
3 2769 3116 3114
3 2773 3116 2771
3 2774 2766 3117
3 2766 3118 3117
3 2766 3111 3118
3 3117 2776 2774
3 3119 3115 3114
3 3119 3114 3116
3 3119 3116 3120
3 3122 3120 3121
3 3121 3120 2780
3 3120 3116 2780
3 3116 2773 2780
3 2782 3123 2780
3 2780 3123 3121
3 2784 3123 2782
3 3118 3124 3117
3 3124 3126 3125
3 3124 3125 2785
3 3117 3124 2785
3 2776 3117 2785
3 3125 2787 2785
3 3127 3122 3121
3 3129 3128 3127
3 3121 3129 3127
3 3123 3129 3121
3 2792 3129 2784
3 2784 3129 3123
3 3126 3130 3125
3 3130 3132 3131
3 3130 3131 2793
3 3125 3130 2793
3 2787 3125 2793
3 3131 2795 2793
3 3133 3128 3129
3 3129 2792 3133
3 2792 3134 3133
3 2792 2799 3134
3 3131 3132 3135
3 3135 3132 3136
3 3137 2800 2795
3 3131 3137 2795
3 3135 3137 3131
3 3137 2802 2800
3 2805 3139 3138
3 3134 2805 3138
3 2799 2805 3134
3 3139 3140 3138
3 3136 3141 3135
3 3143 3142 3141
3 3142 3135 3141
3 3142 3137 3135
3 3142 2807 2802
3 3142 2802 3137
3 2810 3139 2805
3 3145 3144 2812
3 2812 3144 2810
3 3144 3140 2810
3 3140 3139 2810
3 3145 3146 3144
3 3143 3147 3142
3 3147 3149 3148
3 3147 3148 2813
3 3142 3147 2813
3 2807 3142 2813
3 3148 2815 2813
3 2818 3150 3145
3 2818 3145 2812
3 3146 3145 3151
3 3151 3145 3150
3 3148 3149 3152
3 3152 3149 3153
3 3154 2819 2815
3 3148 3154 2815
3 3152 3154 3148
3 3154 2821 2819
3 2823 3155 3150
3 2823 3150 2818
3 3151 3150 3156
3 3156 3150 3155
3 3153 3157 3152
3 3159 3158 3157
3 3158 3152 3157
3 3158 3154 3152
3 3160 2824 2821
3 3154 3160 2821
3 3158 3160 3154
3 3161 2825 2824
3 3161 2824 3160
3 3155 2823 2825
3 3161 3155 2825
3 3162 3155 3161
3 3156 3155 3163
3 3163 3155 3162
3 3158 3159 3164
3 3164 3159 3165
3 3158 3166 3160
3 3158 3164 3166
3 3160 3167 3161
3 3160 3166 3167
3 3161 3168 3162
3 3161 3167 3168
3 3163 3162 3169
3 3169 3162 3168
3 3164 3165 3170
3 3170 3165 3171
3 3164 3172 3166
3 3164 3170 3172
3 3166 3173 3167
3 3166 3172 3173
3 3167 3174 3168
3 3167 3173 3174
3 3169 3168 3175
3 3175 3168 3174
3 3171 3176 3170
3 3178 3177 3176
3 3177 3170 3176
3 3177 3172 3170
3 3172 3179 3173
3 3172 3177 3179
3 3173 3180 3174
3 3173 3179 3180
3 3175 3174 3181
3 3181 3174 3180
3 3177 3178 3182
3 3182 3178 3183
3 3177 3184 3179
3 3177 3182 3184
3 3179 3185 3180
3 3179 3184 3185
3 3181 3180 3186
3 3186 3180 3185
3 3182 3183 3187
3 3187 3183 3188
3 3182 3189 3184
3 3182 3187 3189
3 3184 3190 3185
3 3184 3189 3190
3 3186 3185 3191
3 3191 3185 3190
3 3187 3188 3192
3 3192 3188 3193
3 3187 3194 3189
3 3187 3192 3194
3 3189 3195 3190
3 3189 3194 3195
3 3191 3190 3196
3 3196 3190 3195
3 3197 2833 2834
3 2835 3198 2834
3 2834 3198 3197
3 2836 3199 2835
3 2835 3199 3198
3 2837 3200 2836
3 2836 3200 3199
3 2838 3201 2837
3 2837 3201 3200
3 2839 3201 2838
3 3192 3193 3202
3 3202 3193 3203
3 3192 3204 3194
3 3192 3202 3204
3 3194 3205 3195
3 3194 3204 3205
3 3196 3195 3206
3 3206 3195 3205
3 3207 2842 2843
3 2833 3197 2843
3 3197 3207 2843
3 3197 3208 3207
3 3209 3197 3198
3 3208 3197 3209
3 3210 3198 3199
3 3209 3198 3210
3 3211 3199 3200
3 3210 3199 3211
3 3212 3200 3201
3 3211 3200 3212
3 2845 3212 2839
3 2839 3212 3201
3 3202 3203 3213
3 3213 3203 3214
3 3202 3215 3204
3 3202 3213 3215
3 3204 3216 3205
3 3204 3215 3216
3 3206 3205 3217
3 3217 3205 3216
3 3218 2847 2848
3 2842 3207 2848
3 3207 3218 2848
3 3207 3219 3218
3 3220 3207 3208
3 3219 3207 3220
3 3221 3208 3209
3 3220 3208 3221
3 3222 3209 3210
3 3221 3209 3222
3 3223 3210 3211
3 3222 3210 3223
3 3224 3211 3212
3 3223 3211 3224
3 2849 3225 2845
3 3225 3212 2845
3 3225 3224 3212
3 2850 3225 2849
3 3213 3214 3226
3 3226 3214 3227
3 3213 3228 3215
3 3213 3226 3228
3 3215 3229 3216
3 3215 3228 3229
3 3217 3216 3230
3 3230 3216 3229
3 3231 2855 2856
3 3232 3231 2856
3 3232 2856 2847
3 3233 3232 2847
3 3218 3233 2847
3 3233 3218 3219
3 3233 3219 3234
3 3234 3219 3220
3 3234 3220 3235
3 3235 3220 3221
3 3235 3221 3236
3 3236 3221 3222
3 3236 3222 3237
3 3237 3222 3223
3 3237 3223 3238
3 3240 3239 3238
3 3223 3240 3238
3 3224 3240 3223
3 3241 3224 3225
3 3240 3224 3241
3 2857 3242 2850
3 3242 3225 2850
3 3242 3241 3225
3 2858 3243 2857
3 2857 3243 3242
3 2859 3243 2858
3 3227 3244 3226
3 3246 3245 3244
3 3245 3226 3244
3 3245 3228 3226
3 3248 3229 3247
3 3229 3245 3247
3 3229 3228 3245
3 3229 3248 3230
3 3250 3249 3231
3 3249 2855 3231
3 3249 2863 2855
3 3250 3231 3232
3 3251 3239 3240
3 3251 3240 3241
3 3251 3241 3252
3 3252 3241 3242
3 3252 3242 3253
3 3255 3254 3253
3 3242 3255 3253
3 3243 3255 3242
3 2864 3256 2859
3 3256 3243 2859
3 3256 3255 3243
3 2865 3256 2864
3 3245 3246 3257
3 3257 3246 3258
3 3247 3245 3259
3 3259 3245 3257
3 3249 2868 2863
3 3260 2868 3249
3 3261 3254 3255
3 3261 3255 3256
3 3261 3256 3262
3 3264 3262 3263
3 3263 3262 2869
3 3262 3256 2869
3 3256 2865 2869
3 2870 3265 2869
3 2869 3265 3263
3 2871 3265 2870
3 3268 3267 3266
3 3268 3266 3258
3 3266 3257 3258
3 3266 3269 3257
3 3259 3257 3270
3 3270 3257 3269
3 3260 2872 2868
3 3271 2872 3260
3 3272 3264 3263
3 3274 3273 3272
3 3263 3274 3272
3 3265 3274 3263
3 2873 3274 2871
3 2871 3274 3265
3 3266 3267 3275
3 3275 3267 3276
3 3266 3277 3269
3 3266 3275 3277
3 3270 3269 3278
3 3278 3269 3277
3 3271 2875 2872
3 3279 2875 3271
3 3280 3273 3274
3 3282 3280 3281
3 3281 3280 2876
3 3280 3274 2876
3 3274 2873 2876
3 2877 3281 2876
3 3275 3276 3283
3 3283 3276 3284
3 3275 3285 3277
3 3275 3283 3285
3 3278 3277 3286
3 3286 3277 3285
3 2878 2875 3287
3 2875 3288 3287
3 2875 3279 3288
3 3287 2879 2878
3 3289 3282 3281
3 3281 2877 3289
3 2877 3290 3289
3 2877 2880 3290
3 3284 3291 3283
3 3283 3291 3285
3 3285 3291 3292
3 3285 3292 3286
3 3287 3288 3293
3 3293 3288 3294
3 3293 2881 2879
3 3293 2879 3287
3 2882 3290 2880
3 2882 3295 3290
3 3293 3294 3296
3 3296 3294 3297
3 3296 2883 2881
3 3296 2881 3293
3 2885 3295 2882
3 2885 3298 3295
3 3296 3297 3299
3 3299 3297 3300
3 3299 2887 2883
3 3299 2883 3296
3 2889 3298 2885
3 2889 3301 3298
3 3304 3303 3302
3 3302 3305 3304
3 3299 3300 3306
3 3306 3300 3307
3 3306 2892 2887
3 3306 2887 3299
3 2894 3301 2889
3 2894 3308 3301
3 3311 3310 3309
3 3311 3309 3303
3 3309 3302 3303
3 3309 3312 3302
3 3305 3302 3313
3 3313 3302 3312
3 3307 3314 3306
3 2892 3306 3314
3 3315 2892 3314
3 2898 2892 3315
3 2894 2899 3316
3 3317 2894 3316
3 3308 2894 3317
3 2900 3316 2899
3 3320 3319 3318
3 3320 3318 3310
3 3318 3309 3310
3 3318 3321 3309
3 3309 3322 3312
3 3309 3321 3322
3 3313 3312 3323
3 3323 3312 3322
3 3325 2905 3324
3 2905 3315 3324
3 2905 2898 3315
3 3326 3325 3324
3 3329 3328 3327
3 3327 3328 3317
3 3316 3327 3317
3 3330 3327 3316
3 2906 3331 2900
3 3331 3316 2900
3 3331 3330 3316
3 2907 3331 2906
3 3318 3319 3332
3 3332 3319 3333
3 3318 3334 3321
3 3318 3332 3334
3 3321 3335 3322
3 3321 3334 3335
3 3323 3322 3336
3 3336 3322 3335
3 3338 3337 2911
3 2911 3337 2910
3 3339 2911 2912
3 3339 3338 2911
3 3340 2912 2913
3 3340 3339 2912
3 3341 2913 2914
3 3341 3340 2913
3 2914 2905 3325
3 3342 2914 3325
3 3341 2914 3342
3 3342 3325 3326
3 3343 3329 3327
3 3343 3327 3330
3 3343 3330 3344
3 3346 3345 3344
3 3330 3346 3344
3 3331 3346 3330
3 2916 3346 2907
3 2907 3346 3331
3 3349 3348 3347
3 3349 3347 3333
3 3347 3332 3333
3 3347 3350 3332
3 3332 3351 3334
3 3332 3350 3351
3 3334 3352 3335
3 3334 3351 3352
3 3336 3335 3353
3 3353 3335 3352
3 3355 3354 2918
3 2918 3354 2917
3 2918 2910 3337
3 2918 3337 3355
3 3345 3346 3356
3 3345 3356 3357
3 2920 3356 2916
3 2916 3356 3346
3 3347 3348 3358
3 3358 3348 3359
3 3347 3360 3350
3 3347 3358 3360
3 3350 3361 3351
3 3350 3360 3361
3 3363 3352 3362
3 3352 3361 3362
3 3352 3351 3361
3 3352 3363 3353
3 3354 2921 2917
3 3364 2921 3354
3 3357 3356 3365
3 3357 3365 3366
3 2923 3365 2920
3 2920 3365 3356
3 3369 3368 3367
3 3369 3367 3359
3 3367 3358 3359
3 3367 3370 3358
3 3358 3371 3360
3 3358 3370 3371
3 3360 3372 3361
3 3360 3371 3372
3 3362 3361 3373
3 3373 3361 3372
3 3376 3375 3374
3 3364 3376 3374
3 2924 3364 3374
3 2921 3364 2924
3 3379 3378 3377
3 3377 3378 3366
3 3365 3377 3366
3 3380 3377 3365
3 2926 3380 2923
3 2923 3380 3365
3 3367 3368 3381
3 3381 3368 3382
3 3367 3383 3370
3 3367 3381 3383
3 3370 3384 3371
3 3370 3383 3384
3 3371 3385 3372
3 3371 3384 3385
3 3373 3372 3386
3 3386 3372 3385
3 3374 3375 3387
3 3387 3375 3388
3 3387 2928 2924
3 3387 2924 3374
3 3379 3377 3389
3 3379 3389 3390
3 3391 3377 3380
3 3389 3377 3391
3 2930 3391 2926
3 2926 3391 3380
3 3394 3393 3392
3 3394 3392 3382
3 3392 3381 3382
3 3392 3395 3381
3 3381 3396 3383
3 3381 3395 3396
3 3383 3397 3384
3 3383 3396 3397
3 3399 3385 3398
3 3385 3397 3398
3 3385 3384 3397
3 3385 3399 3386
3 3388 3400 3387
3 2928 3387 3400
3 3401 2928 3400
3 2932 2928 3401
3 3390 3389 3402
3 3390 3402 3403
3 2935 3402 2934
3 3402 3391 2934
3 3402 3389 3391
3 2934 3391 2930
3 3406 3405 3404
3 3406 3404 3393
3 3404 3392 3393
3 3404 3407 3392
3 3392 3408 3395
3 3392 3407 3408
3 3395 3409 3396
3 3395 3408 3409
3 3396 3410 3397
3 3396 3409 3410
3 3398 3397 3411
3 3411 3397 3410
3 2937 2932 3412
3 2932 3413 3412
3 2932 3401 3413
3 3412 2938 2937
3 3416 3415 3414
3 3414 3415 3403
3 3402 3414 3403
3 3417 3414 3402
3 2940 3417 2935
3 2935 3417 3402
3 3404 3405 3418
3 3418 3405 3419
3 3404 3420 3407
3 3404 3418 3420
3 3407 3421 3408
3 3407 3420 3421
3 3408 3422 3409
3 3408 3421 3422
3 3424 3410 3423
3 3410 3422 3423
3 3410 3409 3422
3 3410 3424 3411
3 3412 3413 3425
3 3425 3413 3426
3 3425 2941 2938
3 3425 2938 3412
3 3416 3414 3427
3 3416 3427 3428
3 2944 3427 2943
3 3427 3417 2943
3 3427 3414 3417
3 2943 3417 2940
3 3431 3430 3429
3 3431 3429 3419
3 3429 3418 3419
3 3429 3432 3418
3 3418 3433 3420
3 3418 3432 3433
3 3420 3434 3421
3 3420 3433 3434
3 3421 3435 3422
3 3421 3434 3435
3 3423 3422 3436
3 3436 3422 3435
3 3425 3426 3437
3 3437 3426 3438
3 3437 2946 2941
3 3437 2941 3425
3 3428 3427 3439
3 3428 3439 3440
3 2948 3439 2944
3 2944 3439 3427
3 3443 3442 3441
3 3443 3441 3430
3 3441 3429 3430
3 3441 3444 3429
3 3429 3445 3432
3 3429 3444 3445
3 3432 3446 3433
3 3432 3445 3446
3 3433 3447 3434
3 3433 3446 3447
3 3449 3435 3448
3 3435 3447 3448
3 3435 3434 3447
3 3435 3449 3436
3 3438 3450 3437
3 2946 3437 3450
3 3451 2946 3450
3 2949 2946 3451
3 3454 3453 3452
3 3452 3453 3440
3 3452 3440 3439
3 2952 3452 3439
3 2951 2952 3439
3 2951 3439 2948
3 3457 3456 3455
3 3457 3455 3442
3 3455 3441 3442
3 3455 3458 3441
3 3441 3459 3444
3 3441 3458 3459
3 3459 2955 2956
3 3445 3459 2956
3 3444 3459 3445
3 3445 2956 2957
3 3460 3445 2957
3 3446 3445 3460
3 3446 3461 3447
3 3446 3460 3461
3 3448 3447 3462
3 3462 3447 3461
3 3451 2958 2949
3 3463 2958 3451
3 3466 3465 3464
3 3464 3465 3454
3 3452 3464 3454
3 3467 3464 3452
3 2960 3467 2952
3 2952 3467 3452
3 3470 3469 3468
3 3470 3468 3456
3 3468 3455 3456
3 3468 3471 3455
3 3455 3472 3458
3 3455 3471 3472
3 3472 2962 2963
3 3459 3472 2963
3 3458 3472 3459
3 3459 2963 2955
3 2965 3473 3460
3 2965 3460 2957
3 3475 3461 3474
3 3461 3473 3474
3 3461 3460 3473
3 3461 3475 3462
3 3463 2967 2958
3 3476 2967 3463
3 3479 3478 3477
3 3477 3478 3466
3 3477 3466 3464
3 2970 3477 3464
3 2969 2970 3464
3 2969 3464 2972
3 2972 3464 3467
3 2972 3467 2960
3 3468 3469 3480
3 3480 3469 3481
3 3468 3482 3471
3 3468 3480 3482
3 3482 2974 2975
3 3472 3482 2975
3 3471 3482 3472
3 3472 2975 2962
3 2977 3483 2978
3 3473 2965 2978
3 3483 3473 2978
3 3484 3473 3483
3 3474 3473 3485
3 3485 3473 3484
3 2979 2967 3486
3 2967 3487 3486
3 2967 3476 3487
3 3486 2980 2979
3 3490 3489 3488
3 3488 3489 3479
3 3488 3479 3477
3 2983 3488 3477
3 2982 2983 3477
3 2982 3477 2970
3 3493 3492 3491
3 3493 3491 3481
3 3491 3480 3481
3 3491 3494 3480
3 3494 2986 2987
3 3482 3494 2987
3 3480 3494 3482
3 3482 2987 2974
3 2989 3495 2990
3 3483 2977 2990
3 3495 3483 2990
3 3496 3483 3495
3 3498 3484 3497
3 3484 3496 3497
3 3484 3483 3496
3 3484 3498 3485
3 3487 3499 3486
3 2980 3486 3499
3 3500 2980 3499
3 2992 2980 3500
3 3503 3502 3501
3 3501 3502 3490
3 3501 3490 3488
3 2995 3501 3488
3 2994 2995 3488
3 2994 3488 2983
3 3506 3505 3504
3 3506 3504 3492
3 3504 3491 3492
3 3504 3507 3491
3 3507 2998 2999
3 3494 3507 2999
3 3491 3507 3494
3 3494 2999 2986
3 3002 3508 3495
3 3002 3495 2989
3 3495 3509 3496
3 3495 3508 3509
3 3497 3496 3510
3 3510 3496 3509
3 3003 2992 3511
3 2992 3512 3511
3 2992 3500 3512
3 3511 3004 3003
3 3515 3514 3513
3 3513 3514 3503
3 3513 3503 3501
3 3007 3513 3501
3 3006 3007 3501
3 3006 3501 2995
3 3518 3517 3516
3 3520 3519 3516
3 3516 3519 3518
3 3519 3520 3505
3 3520 3504 3505
3 3520 3521 3504
3 3521 3010 3011
3 3507 3521 3011
3 3504 3521 3507
3 3507 3011 2998
3 3014 3522 3015
3 3508 3002 3015
3 3522 3508 3015
3 3523 3508 3522
3 3525 3509 3524
3 3509 3523 3524
3 3509 3508 3523
3 3509 3525 3510
3 3512 3526 3511
3 3004 3511 3526
3 3527 3004 3526
3 3017 3004 3527
3 3530 3529 3528
3 3528 3529 3515
3 3528 3515 3513
3 3020 3528 3513
3 3019 3020 3513
3 3019 3513 3007
3 3533 3532 3531
3 3533 3531 3517
3 3531 3516 3517
3 3531 3534 3516
3 3516 3535 3520
3 3516 3534 3535
3 3535 3023 3024
3 3521 3535 3024
3 3520 3535 3521
3 3521 3024 3010
3 3027 3536 3028
3 3522 3014 3028
3 3536 3522 3028
3 3537 3522 3536
3 3539 3523 3538
3 3523 3537 3538
3 3523 3522 3537
3 3523 3539 3524
3 3029 3017 3540
3 3017 3541 3540
3 3017 3527 3541
3 3540 3031 3029
3 3544 3543 3542
3 3542 3543 3530
3 3542 3530 3528
3 3034 3542 3528
3 3033 3034 3528
3 3033 3528 3020
3 3547 3546 3545
3 3549 3548 3545
3 3545 3548 3547
3 3548 3549 3532
3 3549 3531 3532
3 3549 3550 3531
3 3550 3037 3038
3 3534 3550 3038
3 3531 3550 3534
3 3534 3038 3039
3 3534 3039 3535
3 3535 3039 3023
3 3043 3551 3044
3 3536 3027 3044
3 3551 3536 3044
3 3552 3536 3551
3 3554 3537 3553
3 3537 3552 3553
3 3537 3536 3552
3 3537 3554 3538
3 3541 3555 3540
3 3540 3555 3031
3 3555 3045 3031
3 3555 3556 3045
3 3047 3045 3556
3 3047 3556 3557
3 3560 3559 3558
3 3558 3559 3544
3 3558 3544 3542
3 3050 3558 3542
3 3049 3050 3542
3 3049 3542 3034
3 3563 3562 3561
3 3563 3561 3546
3 3561 3545 3546
3 3561 3564 3545
3 3564 3052 3053
3 3549 3564 3053
3 3545 3564 3549
3 3549 3053 3054
3 3549 3054 3550
3 3550 3054 3037
3 3059 3565 3060
3 3551 3043 3060
3 3565 3551 3060
3 3566 3551 3565
3 3568 3552 3567
3 3552 3566 3567
3 3552 3551 3566
3 3552 3568 3553
3 3557 3569 3047
3 3047 3569 3061
3 3569 3571 3570
3 3062 3569 3570
3 3061 3569 3062
3 3570 3064 3062
3 3574 3573 3572
3 3572 3573 3560
3 3572 3560 3558
3 3066 3572 3558
3 3067 3066 3558
3 3067 3558 3050
3 3577 3576 3575
3 3579 3578 3575
3 3575 3578 3577
3 3578 3579 3562
3 3579 3561 3562
3 3579 3580 3561
3 3580 3069 3070
3 3564 3580 3070
3 3561 3580 3564
3 3564 3070 3052
3 3075 3581 3076
3 3565 3059 3076
3 3581 3565 3076
3 3582 3565 3581
3 3584 3566 3583
3 3566 3582 3583
3 3566 3565 3582
3 3566 3584 3567
3 3571 3585 3570
3 3570 3585 3064
3 3585 3077 3064
3 3585 3586 3077
3 3572 3078 3574
3 3078 3586 3574
3 3078 3077 3586
3 3078 3572 3066
3 3589 3588 3587
3 3591 3590 3587
3 3587 3590 3589
3 3590 3591 3576
3 3591 3575 3576
3 3591 3592 3575
3 3592 3080 3081
3 3579 3592 3081
3 3575 3592 3579
3 3579 3081 3082
3 3579 3082 3580
3 3580 3082 3069
3 3088 3593 3089
3 3581 3075 3089
3 3593 3581 3089
3 3594 3581 3593
3 3596 3582 3595
3 3582 3594 3595
3 3582 3581 3594
3 3582 3596 3583
3 3599 3598 3597
3 3599 3597 3588
3 3597 3587 3588
3 3597 3600 3587
3 3587 3601 3591
3 3587 3600 3601
3 3591 3602 3592
3 3591 3601 3602
3 3602 3091 3080
3 3602 3080 3592
3 3094 3603 3095
3 3604 3096 3095
3 3604 3095 3603
3 3605 3097 3096
3 3605 3096 3604
3 3605 3606 3097
3 3097 3606 3088
3 3606 3607 3088
3 3607 3593 3088
3 3593 3607 3594
3 3594 3607 3608
3 3594 3608 3595
3 3598 3609 3597
3 3611 3610 3609
3 3610 3597 3609
3 3610 3600 3597
3 3600 3612 3601
3 3600 3610 3612
3 3601 3613 3602
3 3601 3612 3613
3 3614 3098 3091
3 3602 3614 3091
3 3613 3614 3602
3 3615 3099 3098
3 3615 3098 3614
3 3616 3100 3099
3 3616 3099 3615
3 3603 3094 3100
3 3616 3603 3100
3 3617 3603 3616
3 3603 3618 3604
3 3603 3617 3618
3 3620 3605 3619
3 3605 3618 3619
3 3605 3604 3618
3 3605 3620 3606
3 3611 3621 3610
3 3610 3621 3612
3 3612 3621 3622
3 3624 3623 3622
3 3623 3612 3622
3 3623 3613 3612
3 3613 3625 3614
3 3613 3623 3625
3 3614 3626 3615
3 3614 3625 3626
3 3615 3627 3616
3 3615 3626 3627
3 3629 3617 3628
3 3617 3627 3628
3 3617 3616 3627
3 3617 3629 3618
3 3618 3629 3630
3 3618 3630 3619
3 3624 3631 3623
3 3623 3631 3625
3 3625 3631 3632
3 3625 3632 3626
3 3626 3632 3633
3 3626 3633 3627
3 3627 3633 3634
3 3627 3634 3628
3 3635 3102 3104
3 3105 3635 3104
3 3637 3109 3636
3 3109 3102 3636
3 3636 3102 3635
3 3638 3636 3635
3 3640 3639 3637
3 3638 3637 3639
3 3637 3638 3635
3 3637 3635 3109
3 3105 3109 3635
3 3109 3105 3111
3 3110 3111 3105
3 3111 3110 3640
3 3111 3640 3637
3 3112 3641 3110
3 3110 3641 3640
3 3113 3642 3112
3 3112 3642 3641
3 3115 3642 3113
3 3636 3643 3637
3 3640 3644 3639
3 3645 3637 3643
3 3637 3645 3111
3 3118 3111 3645
3 3644 3640 3641
3 3644 3641 3646
3 3648 3647 3646
3 3641 3648 3646
3 3642 3648 3641
3 3119 3649 3115
3 3649 3642 3115
3 3649 3648 3642
3 3120 3650 3119
3 3119 3650 3649
3 3122 3650 3120
3 3645 3651 3118
3 3118 3651 3124
3 3126 3124 3651
3 3126 3651 3652
3 3653 3647 3648
3 3653 3648 3649
3 3653 3649 3654
3 3656 3655 3654
3 3649 3656 3654
3 3650 3656 3649
3 3127 3657 3122
3 3657 3650 3122
3 3657 3656 3650
3 3128 3657 3127
3 3130 3126 3658
3 3126 3659 3658
3 3126 3652 3659
3 3658 3132 3130
3 3660 3655 3656
3 3662 3661 3660
3 3656 3662 3660
3 3657 3662 3656
3 3133 3663 3128
3 3663 3657 3128
3 3663 3662 3657
3 3134 3663 3133
3 3658 3659 3664
3 3664 3659 3665
3 3664 3136 3132
3 3664 3132 3658
3 3666 3661 3662
3 3666 3662 3663
3 3666 3663 3667
3 3669 3667 3668
3 3668 3667 3138
3 3667 3663 3138
3 3663 3134 3138
3 3140 3668 3138
3 3665 3670 3664
3 3670 3672 3671
3 3670 3671 3141
3 3664 3670 3141
3 3136 3664 3141
3 3671 3143 3141
3 3669 3668 3673
3 3669 3673 3674
3 3144 3675 3140
3 3675 3668 3140
3 3675 3673 3668
3 3146 3675 3144
3 3672 3676 3671
3 3676 3678 3677
3 3676 3677 3147
3 3671 3676 3147
3 3143 3671 3147
3 3677 3149 3147
3 3679 3674 3673
3 3681 3680 3679
3 3673 3681 3679
3 3675 3681 3673
3 3151 3681 3146
3 3146 3681 3675
3 3677 3678 3682
3 3682 3678 3683
3 3682 3153 3149
3 3682 3149 3677
3 3684 3680 3681
3 3681 3151 3684
3 3151 3685 3684
3 3151 3156 3685
3 3683 3686 3682
3 3686 3688 3687
3 3686 3687 3157
3 3682 3686 3157
3 3153 3682 3157
3 3687 3159 3157
3 3163 3685 3156
3 3163 3689 3685
3 3687 3688 3690
3 3690 3688 3691
3 3690 3165 3159
3 3690 3159 3687
3 3169 3693 3692
3 3689 3169 3692
3 3163 3169 3689
3 3693 3694 3692
3 3690 3691 3695
3 3695 3691 3696
3 3695 3171 3165
3 3695 3165 3690
3 3175 3697 3693
3 3175 3693 3169
3 3694 3693 3698
3 3698 3693 3697
3 3695 3696 3699
3 3699 3696 3700
3 3701 3176 3171
3 3695 3701 3171
3 3699 3701 3695
3 3701 3178 3176
3 3181 3702 3697
3 3181 3697 3175
3 3698 3697 3703
3 3703 3697 3702
3 3699 3700 3704
3 3704 3700 3705
3 3699 3706 3701
3 3699 3704 3706
3 3706 3183 3178
3 3706 3178 3701
3 3186 3707 3702
3 3186 3702 3181
3 3703 3702 3708
3 3708 3702 3707
3 3705 3709 3704
3 3711 3710 3709
3 3710 3704 3709
3 3710 3706 3704
3 3710 3188 3183
3 3710 3183 3706
3 3191 3712 3707
3 3191 3707 3186
3 3708 3707 3713
3 3713 3707 3712
3 3710 3711 3714
3 3714 3711 3715
3 3714 3193 3188
3 3714 3188 3710
3 3196 3716 3712
3 3196 3712 3191
3 3713 3712 3717
3 3717 3712 3716
3 3714 3715 3718
3 3718 3715 3719
3 3718 3203 3193
3 3718 3193 3714
3 3206 3720 3716
3 3206 3716 3196
3 3717 3716 3721
3 3721 3716 3720
3 3718 3719 3722
3 3722 3719 3723
3 3722 3214 3203
3 3722 3203 3718
3 3217 3724 3720
3 3217 3720 3206
3 3721 3720 3725
3 3725 3720 3724
3 3722 3723 3726
3 3726 3723 3727
3 3726 3227 3214
3 3726 3214 3722
3 3230 3728 3724
3 3230 3724 3217
3 3725 3724 3729
3 3729 3724 3728
3 3730 3232 3233
3 3234 3731 3233
3 3233 3731 3730
3 3235 3732 3234
3 3234 3732 3731
3 3236 3733 3235
3 3235 3733 3732
3 3237 3734 3236
3 3236 3734 3733
3 3238 3735 3237
3 3237 3735 3734
3 3239 3735 3238
3 3726 3727 3736
3 3736 3727 3737
3 3738 3244 3227
3 3726 3738 3227
3 3736 3738 3726
3 3738 3246 3244
3 3247 3739 3248
3 3728 3230 3248
3 3739 3728 3248
3 3740 3728 3739
3 3729 3728 3741
3 3741 3728 3740
3 3743 3742 3250
3 3250 3742 3249
3 3250 3232 3730
3 3744 3250 3730
3 3743 3250 3744
3 3744 3730 3731
3 3744 3731 3745
3 3745 3731 3732
3 3745 3732 3746
3 3746 3732 3733
3 3746 3733 3747
3 3747 3733 3734
3 3747 3734 3748
3 3748 3734 3735
3 3748 3735 3749
3 3751 3749 3750
3 3750 3749 3251
3 3749 3735 3251
3 3735 3239 3251
3 3252 3752 3251
3 3251 3752 3750
3 3253 3753 3252
3 3252 3753 3752
3 3254 3753 3253
3 3736 3737 3754
3 3754 3737 3755
3 3736 3756 3738
3 3736 3754 3756
3 3756 3258 3246
3 3756 3246 3738
3 3259 3757 3739
3 3259 3739 3247
3 3739 3758 3740
3 3739 3757 3758
3 3741 3740 3759
3 3759 3740 3758
3 3742 3260 3249
3 3760 3260 3742
3 3761 3751 3750
3 3761 3750 3752
3 3761 3752 3762
3 3762 3752 3753
3 3762 3753 3763
3 3765 3763 3764
3 3764 3763 3261
3 3763 3753 3261
3 3753 3254 3261
3 3262 3766 3261
3 3261 3766 3764
3 3264 3766 3262
3 3769 3768 3767
3 3769 3767 3755
3 3767 3754 3755
3 3767 3770 3754
3 3770 3267 3268
3 3756 3770 3268
3 3754 3770 3756
3 3756 3268 3258
3 3270 3771 3757
3 3270 3757 3259
3 3757 3772 3758
3 3757 3771 3772
3 3759 3758 3773
3 3773 3758 3772
3 3776 3775 3774
3 3760 3776 3774
3 3271 3760 3774
3 3260 3760 3271
3 3777 3765 3764
3 3779 3778 3777
3 3764 3779 3777
3 3766 3779 3764
3 3272 3780 3264
3 3780 3766 3264
3 3780 3779 3766
3 3273 3780 3272
3 3767 3768 3781
3 3781 3768 3782
3 3767 3783 3770
3 3767 3781 3783
3 3783 3276 3267
3 3783 3267 3770
3 3278 3784 3771
3 3278 3771 3270
3 3786 3772 3785
3 3772 3784 3785
3 3772 3771 3784
3 3772 3786 3773
3 3775 3787 3774
3 3271 3774 3787
3 3788 3271 3787
3 3279 3271 3788
3 3789 3778 3779
3 3789 3779 3780
3 3789 3780 3790
3 3792 3790 3791
3 3791 3790 3280
3 3790 3780 3280
3 3780 3273 3280
3 3282 3791 3280
3 3781 3782 3793
3 3793 3782 3794
3 3781 3795 3783
3 3781 3793 3795
3 3795 3284 3276
3 3795 3276 3783
3 3286 3796 3784
3 3286 3784 3278
3 3785 3784 3797
3 3797 3784 3796
3 3788 3288 3279
3 3798 3288 3788
3 3799 3792 3791
3 3801 3799 3800
3 3800 3799 3289
3 3799 3791 3289
3 3791 3282 3289
3 3290 3800 3289
3 3793 3794 3802
3 3802 3794 3803
3 3793 3804 3795
3 3793 3802 3804
3 3805 3291 3284
3 3795 3805 3284
3 3804 3805 3795
3 3806 3292 3291
3 3806 3291 3805
3 3796 3286 3292
3 3806 3796 3292
3 3807 3796 3806
3 3797 3796 3808
3 3808 3796 3807
3 3798 3294 3288
3 3809 3294 3798
3 3810 3801 3800
3 3800 3290 3810
3 3290 3811 3810
3 3290 3295 3811
3 3802 3803 3812
3 3812 3803 3813
3 3802 3814 3804
3 3802 3812 3814
3 3804 3815 3805
3 3804 3814 3815
3 3805 3816 3806
3 3805 3815 3816
3 3806 3817 3807
3 3806 3816 3817
3 3808 3807 3818
3 3818 3807 3817
3 3809 3297 3294
3 3819 3297 3809
3 3298 3811 3295
3 3298 3820 3811
3 3823 3822 3821
3 3823 3821 3813
3 3821 3812 3813
3 3821 3824 3812
3 3812 3825 3814
3 3812 3824 3825
3 3814 3826 3815
3 3814 3825 3826
3 3815 3827 3816
3 3815 3826 3827
3 3829 3817 3828
3 3817 3827 3828
3 3817 3816 3827
3 3817 3829 3818
3 3819 3300 3297
3 3830 3300 3819
3 3301 3820 3298
3 3301 3831 3820
3 3821 3822 3832
3 3832 3822 3833
3 3821 3834 3824
3 3821 3832 3834
3 3834 3303 3304
3 3825 3834 3304
3 3824 3834 3825
3 3825 3304 3305
3 3835 3825 3305
3 3826 3825 3835
3 3826 3836 3827
3 3826 3835 3836
3 3828 3827 3837
3 3837 3827 3836
3 3830 3307 3300
3 3838 3307 3830
3 3841 3840 3839
3 3840 3831 3839
3 3831 3308 3839
3 3831 3301 3308
3 3844 3843 3842
3 3844 3842 3833
3 3842 3832 3833
3 3842 3845 3832
3 3845 3310 3311
3 3834 3845 3311
3 3832 3845 3834
3 3834 3311 3303
3 3313 3846 3835
3 3313 3835 3305
3 3835 3847 3836
3 3835 3846 3847
3 3837 3836 3848
3 3848 3836 3847
3 3838 3849 3307
3 3307 3849 3314
3 3315 3314 3849
3 3315 3849 3850
3 3841 3839 3851
3 3841 3851 3852
3 3317 3851 3308
3 3308 3851 3839
3 3842 3843 3853
3 3853 3843 3854
3 3853 3319 3320
3 3845 3853 3320
3 3842 3853 3845
3 3845 3320 3310
3 3323 3855 3846
3 3323 3846 3313
3 3846 3856 3847
3 3846 3855 3856
3 3848 3847 3857
3 3857 3847 3856
3 3324 3315 3858
3 3315 3859 3858
3 3315 3850 3859
3 3858 3326 3324
3 3852 3851 3328
3 3329 3852 3328
3 3860 3852 3329
3 3328 3851 3317
3 3863 3862 3861
3 3863 3861 3854
3 3861 3853 3854
3 3861 3864 3853
3 3864 3333 3319
3 3864 3319 3853
3 3336 3865 3855
3 3336 3855 3323
3 3867 3856 3866
3 3856 3865 3866
3 3856 3855 3865
3 3856 3867 3857
3 3869 3868 3338
3 3338 3868 3337
3 3870 3338 3339
3 3870 3869 3338
3 3871 3339 3340
3 3871 3870 3339
3 3873 3871 3872
3 3871 3341 3872
3 3871 3340 3341
3 3342 3858 3341
3 3859 3341 3858
3 3341 3859 3872
3 3874 3872 3859
3 3872 3874 3875
3 3342 3326 3858
3 3875 3874 3876
3 3879 3878 3877
3 3880 3877 3343
3 3877 3860 3343
3 3860 3329 3343
3 3860 3877 3878
3 3344 3881 3343
3 3343 3881 3880
3 3345 3881 3344
3 3861 3862 3882
3 3882 3862 3883
3 3882 3348 3349
3 3864 3882 3349
3 3861 3882 3864
3 3864 3349 3333
3 3353 3884 3865
3 3353 3865 3336
3 3866 3865 3885
3 3885 3865 3884
3 3887 3886 3355
3 3355 3886 3354
3 3355 3337 3868
3 3355 3868 3887
3 3888 3873 3872
3 3888 3872 3875
3 3888 3875 3889
3 3889 3875 3876
3 3879 3877 3890
3 3879 3890 3891
3 3892 3877 3880
3 3890 3877 3892
3 3893 3880 3881
3 3892 3880 3893
3 3357 3893 3345
3 3345 3893 3881
3 3896 3895 3894
3 3896 3894 3883
3 3894 3882 3883
3 3894 3897 3882
3 3897 3359 3348
3 3897 3348 3882
3 3362 3898 3363
3 3884 3353 3363
3 3898 3884 3363
3 3899 3884 3898
3 3885 3884 3900
3 3900 3884 3899
3 3903 3902 3901
3 3886 3903 3901
3 3364 3886 3901
3 3354 3886 3364
3 3891 3890 3904
3 3891 3904 3905
3 3906 3890 3892
3 3904 3890 3906
3 3907 3892 3893
3 3906 3892 3907
3 3366 3907 3357
3 3357 3907 3893
3 3894 3895 3908
3 3908 3895 3909
3 3908 3368 3369
3 3897 3908 3369
3 3894 3908 3897
3 3897 3369 3359
3 3373 3910 3898
3 3373 3898 3362
3 3912 3899 3911
3 3899 3910 3911
3 3899 3898 3910
3 3899 3912 3900
3 3901 3902 3376
3 3902 3375 3376
3 3902 3913 3375
3 3901 3376 3364
3 3905 3904 3914
3 3905 3914 3915
3 3916 3904 3906
3 3914 3904 3916
3 3379 3916 3378
3 3916 3907 3378
3 3916 3906 3907
3 3378 3907 3366
3 3919 3918 3917
3 3919 3917 3909
3 3917 3908 3909
3 3917 3920 3908
3 3920 3382 3368
3 3920 3368 3908
3 3386 3921 3910
3 3386 3910 3373
3 3911 3910 3922
3 3922 3910 3921
3 3913 3388 3375
3 3923 3388 3913
3 3915 3914 3924
3 3915 3924 3925
3 3926 3914 3916
3 3924 3914 3926
3 3390 3926 3379
3 3379 3926 3916
3 3917 3918 3927
3 3927 3918 3928
3 3927 3393 3394
3 3920 3927 3394
3 3917 3927 3920
3 3920 3394 3382
3 3398 3929 3399
3 3929 3930 3399
3 3399 3930 3386
3 3930 3931 3386
3 3931 3921 3386
3 3921 3931 3922
3 3400 3388 3932
3 3388 3933 3932
3 3388 3923 3933
3 3932 3401 3400
3 3925 3924 3934
3 3925 3934 3935
3 3936 3924 3926
3 3934 3924 3936
3 3403 3936 3390
3 3390 3936 3926
3 3939 3938 3937
3 3939 3937 3928
3 3928 3937 3927
3 3937 3405 3927
3 3405 3406 3927
3 3927 3406 3393
3 3411 3940 3929
3 3411 3929 3398
3 3930 3929 3941
3 3941 3929 3940
3 3933 3942 3932
3 3401 3932 3942
3 3943 3401 3942
3 3413 3401 3943
3 3935 3934 3944
3 3935 3944 3945
3 3416 3944 3415
3 3944 3936 3415
3 3944 3934 3936
3 3415 3936 3403
3 3948 3947 3946
3 3948 3946 3938
3 3946 3937 3938
3 3946 3949 3937
3 3949 3419 3405
3 3949 3405 3937
3 3423 3950 3424
3 3950 3951 3424
3 3424 3951 3411
3 3951 3952 3411
3 3952 3940 3411
3 3940 3952 3941
3 3943 3426 3413
3 3953 3426 3943
3 3956 3955 3954
3 3954 3955 3945
3 3944 3954 3945
3 3957 3954 3944
3 3428 3957 3416
3 3416 3957 3944
3 3946 3947 3958
3 3958 3947 3959
3 3958 3430 3431
3 3949 3958 3431
3 3946 3958 3949
3 3949 3431 3419
3 3436 3960 3950
3 3436 3950 3423
3 3951 3950 3961
3 3961 3950 3960
3 3953 3438 3426
3 3962 3438 3953
3 3965 3964 3963
3 3963 3964 3956
3 3954 3963 3956
3 3966 3963 3954
3 3967 3954 3957
3 3966 3954 3967
3 3440 3967 3428
3 3428 3967 3957
3 3970 3969 3968
3 3970 3968 3959
3 3959 3968 3958
3 3968 3442 3958
3 3442 3443 3958
3 3958 3443 3430
3 3448 3971 3449
3 3971 3972 3449
3 3449 3972 3436
3 3972 3973 3436
3 3973 3960 3436
3 3960 3973 3961
3 3450 3438 3974
3 3438 3975 3974
3 3438 3962 3975
3 3974 3451 3450
3 3965 3963 3976
3 3965 3976 3977
3 3978 3963 3966
3 3976 3963 3978
3 3454 3978 3453
3 3978 3967 3453
3 3978 3966 3967
3 3453 3967 3440
3 3981 3980 3979
3 3981 3979 3969
3 3969 3979 3968
3 3979 3456 3968
3 3456 3457 3968
3 3968 3457 3442
3 3462 3982 3971
3 3462 3971 3448
3 3972 3971 3983
3 3983 3971 3982
3 3975 3984 3974
3 3451 3974 3984
3 3985 3451 3984
3 3463 3451 3985
3 3988 3987 3986
3 3986 3987 3977
3 3976 3986 3977
3 3989 3986 3976
3 3466 3989 3465
3 3989 3978 3465
3 3989 3976 3978
3 3465 3978 3454
3 3992 3991 3990
3 3992 3990 3980
3 3980 3990 3979
3 3990 3469 3979
3 3469 3470 3979
3 3979 3470 3456
3 3474 3993 3475
3 3993 3994 3475
3 3475 3994 3462
3 3994 3995 3462
3 3995 3982 3462
3 3982 3995 3983
3 3985 3476 3463
3 3996 3476 3985
3 3999 3998 3997
3 3997 3998 3988
3 3986 3997 3988
3 4000 3997 3986
3 3479 4000 3478
3 4000 3989 3478
3 4000 3986 3989
3 3478 3989 3466
3 4003 4002 4001
3 4003 4001 3991
3 4001 3990 3991
3 4001 4004 3990
3 4004 3481 3469
3 4004 3469 3990
3 3485 4005 3993
3 3485 3993 3474
3 3994 3993 4006
3 4006 3993 4005
3 3996 3487 3476
3 4007 3487 3996
3 4010 4009 4008
3 4008 4009 3999
3 3997 4008 3999
3 4011 4008 3997
3 3490 4011 3489
3 4011 4000 3489
3 4011 3997 4000
3 3489 4000 3479
3 4014 4013 4012
3 4014 4012 4002
3 4012 4001 4002
3 4012 4015 4001
3 4015 3492 3493
3 4004 4015 3493
3 4001 4015 4004
3 4004 3493 3481
3 3497 4016 3498
3 4016 4017 3498
3 3498 4017 3485
3 4017 4018 3485
3 4018 4005 3485
3 4005 4018 4006
3 3499 3487 4019
3 3487 4020 4019
3 3487 4007 4020
3 4019 3500 3499
3 4023 4022 4021
3 4021 4022 4010
3 4008 4021 4010
3 4024 4021 4008
3 3503 4024 3502
3 4024 4011 3502
3 4024 4008 4011
3 3502 4011 3490
3 4027 4026 4025
3 4029 4028 4025
3 4025 4028 4027
3 4028 4029 4013
3 4029 4012 4013
3 4029 4030 4012
3 4030 3505 3506
3 4015 4030 3506
3 4012 4030 4015
3 4015 3506 3492
3 4032 4031 4016
3 3497 4032 4016
3 3510 4032 3497
3 4016 4031 4017
3 4020 4033 4019
3 3500 4019 4033
3 4034 3500 4033
3 3512 3500 4034
3 4037 4036 4035
3 4035 4036 4023
3 4021 4035 4023
3 4038 4035 4021
3 3515 4038 3514
3 4038 4024 3514
3 4038 4021 4024
3 3514 4024 3503
3 4041 4040 4039
3 4041 4039 4026
3 4039 4025 4026
3 4039 4042 4025
3 4042 3517 3518
3 4029 4042 3518
3 4025 4042 4029
3 4029 3518 3519
3 4029 3519 4030
3 4030 3519 3505
3 3524 4043 3525
3 4043 4044 3525
3 4044 3510 3525
3 4044 4032 3510
3 3526 3512 4045
3 3512 4046 4045
3 3512 4034 4046
3 4045 3527 3526
3 4049 4048 4047
3 4047 4048 4037
3 4035 4047 4037
3 4050 4047 4035
3 3530 4050 3529
3 4050 4038 3529
3 4050 4035 4038
3 3529 4038 3515
3 4053 4052 4051
3 4053 4051 4040
3 4051 4039 4040
3 4051 4054 4039
3 4054 3532 3533
3 4042 4054 3533
3 4039 4054 4042
3 4042 3533 3517
3 3538 4055 3539
3 4055 4056 3539
3 3539 4056 3524
3 4056 4057 3524
3 4057 4043 3524
3 4043 4057 4044
3 4046 4058 4045
3 3527 4045 4058
3 4059 3527 4058
3 3541 3527 4059
3 4062 4061 4060
3 4060 4061 4049
3 4047 4060 4049
3 4063 4060 4047
3 3544 4063 3543
3 4063 4050 3543
3 4063 4047 4050
3 3543 4050 3530
3 4066 4065 4064
3 4068 4067 4064
3 4064 4067 4066
3 4067 4068 4052
3 4052 4068 4051
3 4068 3546 4051
3 3546 3547 4051
3 4051 3547 3548
3 4051 3548 4054
3 4054 3548 3532
3 3553 4069 3554
3 4069 4070 3554
3 3554 4070 3538
3 4070 4071 3538
3 4071 4055 3538
3 4055 4071 4056
3 4059 4072 3541
3 3541 4072 3555
3 4072 4074 4073
3 3556 4072 4073
3 3555 4072 3556
3 4073 3557 3556
3 4077 4076 4075
3 4075 4076 4062
3 4060 4075 4062
3 4078 4075 4060
3 3560 4078 3559
3 4078 4063 3559
3 4078 4060 4063
3 3559 4063 3544
3 4081 4080 4079
3 4083 4082 4079
3 4079 4082 4081
3 4082 4083 4065
3 4083 4064 4065
3 4083 4084 4064
3 4084 3562 3563
3 4068 4084 3563
3 4064 4084 4068
3 4068 3563 3546
3 3567 4085 3568
3 4085 4086 3568
3 3568 4086 3553
3 4086 4087 3553
3 4087 4069 3553
3 4069 4087 4070
3 4074 4088 4073
3 4073 4088 3557
3 4088 3569 3557
3 4088 4089 3569
3 4091 4090 3571
3 3569 4091 3571
3 4089 4091 3569
3 4090 4091 4077
3 4075 4090 4077
3 4092 4090 4075
3 3574 4092 3573
3 4092 4078 3573
3 4092 4075 4078
3 3573 4078 3560
3 4095 4094 4093
3 4097 4096 4093
3 4093 4096 4095
3 4096 4097 4080
3 4097 4079 4080
3 4097 4098 4079
3 4098 3576 3577
3 4083 4098 3577
3 4079 4098 4083
3 4083 3577 3578
3 4083 3578 4084
3 4084 3578 3562
3 3583 4099 3584
3 4099 4100 3584
3 3584 4100 3567
3 4100 4101 3567
3 4101 4085 3567
3 4085 4101 4086
3 4090 3585 3571
3 3585 4090 3586
3 3586 4090 4092
3 3586 4092 3574
3 4104 4103 4102
3 4106 4105 4102
3 4102 4105 4104
3 4105 4106 4094
3 4106 4093 4094
3 4106 4107 4093
3 4107 3588 3589
3 4097 4107 3589
3 4093 4107 4097
3 4097 3589 3590
3 4097 3590 4098
3 4098 3590 3576
3 3595 4108 3596
3 4108 4109 3596
3 3596 4109 3583
3 4109 4110 3583
3 4110 4099 3583
3 4099 4110 4100
3 4102 4103 4111
3 4111 4103 4112
3 4102 4113 4106
3 4102 4111 4113
3 4113 3598 3599
3 4107 4113 3599
3 4106 4113 4107
3 4107 3599 3588
3 3606 4114 3607
3 4115 3608 3607
3 4115 3607 4114
3 4115 4116 3608
3 3608 4116 3595
3 4116 4117 3595
3 4117 4108 3595
3 4108 4117 4109
3 4111 4112 4118
3 4118 4112 4119
3 4111 4120 4113
3 4111 4118 4120
3 4121 3609 3598
3 4113 4121 3598
3 4120 4121 4113
3 4121 3611 3609
3 3619 4122 3620
3 4122 4123 3620
3 3620 4123 3606
3 4123 4124 3606
3 4124 4114 3606
3 4114 4124 4115
3 4115 4124 4125
3 4115 4125 4116
3 4119 4126 4118
3 4118 4126 4120
3 4120 4126 4127
3 4129 4128 4127
3 4128 4120 4127
3 4128 4121 4120
3 4130 3621 3611
3 4121 4130 3611
3 4128 4130 4121
3 4131 3622 3621
3 4131 3621 4130
3 4131 3624 3622
3 3628 4132 3629
3 4133 3630 3629
3 4133 3629 4132
3 4133 4134 3630
3 3630 4134 3619
3 4134 4135 3619
3 4135 4122 3619
3 4122 4135 4123
3 4129 4136 4128
3 4128 4136 4130
3 4130 4136 4137
3 4130 4137 4131
3 4131 4137 4138
3 4131 4138 3624
3 4138 3631 3624
3 4138 4139 3631
3 4139 4141 4140
3 3632 4139 4140
3 3631 4139 3632
3 4142 3633 3632
3 4142 3632 4140
3 3633 4142 4143
3 4144 3633 4143
3 3634 3633 4144
3 3628 3634 4132
3 3634 4145 4132
3 3634 4144 4145
3 4132 4145 4133
3 4133 4145 4146
3 4133 4146 4134
3 4141 4147 4140
3 4140 4147 4142
3 4142 4147 4148
3 4142 4148 4143
3 4149 3636 3638
3 3639 4149 3638
3 4149 3643 3636
3 3645 3643 4150
3 3643 4149 4150
3 3639 3644 4150
3 3639 4150 4149
3 3646 4151 3644
3 3644 4151 4150
3 3647 4151 3646
3 4153 3651 4152
3 3651 3645 4152
3 4152 3645 4150
3 4154 4152 4150
3 4153 3652 3651
3 4156 4154 4155
3 4150 4155 4154
3 4155 4150 4151
3 3653 4157 3647
3 4157 4151 3647
3 4157 4155 4151
3 3654 4158 3653
3 3653 4158 4157
3 3655 4158 3654
3 4152 4159 4153
3 4155 4160 4156
3 4161 4153 4159
3 4153 4161 3652
3 3659 3652 4161
3 4160 4155 4157
3 4160 4157 4162
3 4164 4163 4162
3 4157 4164 4162
3 4158 4164 4157
3 3660 4165 3655
3 4165 4158 3655
3 4165 4164 4158
3 3661 4165 3660
3 4161 3665 3659
3 4166 3665 4161
3 4167 4163 4164
3 4169 4168 4167
3 4164 4169 4167
3 4165 4169 4164
3 3666 4170 3661
3 4170 4165 3661
3 4170 4169 4165
3 3667 4171 3666
3 3666 4171 4170
3 3669 4171 3667
3 4166 4172 3665
3 3665 4172 3670
3 3672 3670 4172
3 3672 4172 4173
3 4174 4168 4169
3 4174 4169 4170
3 4174 4170 4175
3 4177 4176 4175
3 4170 4177 4175
3 4171 4177 4170
3 3674 4177 3669
3 3669 4177 4171
3 3676 3672 4178
3 3672 4179 4178
3 3672 4173 4179
3 4178 3678 3676
3 4180 4176 4177
3 4182 4180 4181
3 4181 4180 3679
3 4180 4177 3679
3 4177 3674 3679
3 3680 4181 3679
3 4179 4183 4178
3 3678 4178 4183
3 4184 3678 4183
3 3683 3678 4184
3 4182 4181 4185
3 4182 4185 4186
3 3684 4187 3680
3 4187 4181 3680
3 4187 4185 4181
3 3685 4187 3684
3 3686 3683 4188
3 3683 4189 4188
3 3683 4184 4189
3 4188 3688 3686
3 4190 4186 4185
3 4192 4191 4190
3 4185 4192 4190
3 4187 4192 4185
3 3689 4192 3685
3 3685 4192 4187
3 4188 4189 4193
3 4193 4189 4194
3 4193 3691 3688
3 4193 3688 4188
3 4191 4192 4195
3 4191 4195 4196
3 3692 4197 3689
3 4197 4192 3689
3 4197 4195 4192
3 3694 4197 3692
3 4193 4194 4198
3 4198 4194 4199
3 4198 3696 3691
3 4198 3691 4193
3 4200 4196 4195
3 4202 4201 4200
3 4195 4202 4200
3 4197 4202 4195
3 3698 4202 3694
3 3694 4202 4197
3 4198 4199 4203
3 4203 4199 4204
3 4203 3700 3696
3 4203 3696 4198
3 4201 4202 4205
3 4201 4205 4206
3 3703 4205 3698
3 3698 4205 4202
3 4204 4207 4203
3 3700 4203 4207
3 4208 3700 4207
3 3705 3700 4208
3 4209 4206 4205
3 4205 3703 4209
3 3703 4210 4209
3 3703 3708 4210
3 3709 3705 4211
3 3705 4212 4211
3 3705 4208 4212
3 4211 3711 3709
3 3713 4210 3708
3 3713 4213 4210
3 4211 4212 4214
3 4214 4212 4215
3 4214 3715 3711
3 4214 3711 4211
3 3717 4213 3713
3 3717 4216 4213
3 4214 4215 4217
3 4217 4215 4218
3 4217 3719 3715
3 4217 3715 4214
3 3721 4220 4219
3 4216 3721 4219
3 3717 3721 4216
3 4220 4221 4219
3 4217 4218 4222
3 4222 4218 4223
3 4222 3723 3719
3 4222 3719 4217
3 3725 4224 4220
3 3725 4220 3721
3 4221 4220 4225
3 4225 4220 4224
3 4222 4223 4226
3 4226 4223 4227
3 4226 3727 3723
3 4226 3723 4222
3 3729 4228 4224
3 3729 4224 3725
3 4225 4224 4229
3 4229 4224 4228
3 4226 4227 4230
3 4230 4227 4231
3 4230 3737 3727
3 4230 3727 4226
3 3741 4232 4228
3 3741 4228 3729
3 4229 4228 4233
3 4233 4228 4232
3 4234 3742 3743
3 3744 4235 3743
3 3743 4235 4234
3 3745 4236 3744
3 3744 4236 4235
3 3746 4237 3745
3 3745 4237 4236
3 3747 4238 3746
3 3746 4238 4237
3 3748 4239 3747
3 3747 4239 4238
3 3749 4240 3748
3 3748 4240 4239
3 3751 4240 3749
3 4230 4231 4241
3 4241 4231 4242
3 4241 3755 3737
3 4241 3737 4230
3 4244 4243 4232
3 3741 4244 4232
3 3759 4244 3741
3 4232 4243 4233
3 4246 4245 4234
3 4245 3742 4234
3 4245 3760 3742
3 4246 4234 4235
3 4246 4235 4247
3 4247 4235 4236
3 4247 4236 4248
3 4248 4236 4237
3 4248 4237 4249
3 4249 4237 4238
3 4249 4238 4250
3 4252 4251 4250
3 4238 4252 4250
3 4239 4252 4238
3 4253 4239 4240
3 4252 4239 4253
3 3761 4254 3751
3 4254 4240 3751
3 4254 4253 4240
3 3762 4255 3761
3 3761 4255 4254
3 3763 4256 3762
3 3762 4256 4255
3 3765 4256 3763
3 4259 4258 4257
3 4259 4257 4242
3 4242 4257 4241
3 4257 3768 4241
3 3768 3769 4241
3 4241 3769 3755
3 3773 4244 3759
3 3773 4260 4244
3 4262 4261 3776
3 3776 4261 3775
3 3776 3760 4245
3 3776 4245 4262
3 4263 4251 4252
3 4263 4252 4253
3 4263 4253 4264
3 4264 4253 4254
3 4264 4254 4265
3 4265 4254 4255
3 4265 4255 4266
3 4268 4267 4266
3 4255 4268 4266
3 4256 4268 4255
3 3777 4269 3765
3 4269 4256 3765
3 4269 4268 4256
3 3778 4269 3777
3 4257 4258 4270
3 4270 4258 4271
3 4270 3782 3768
3 4270 3768 4257
3 3785 4272 3786
3 4272 4273 3786
3 4273 3773 3786
3 4273 4260 3773
3 4261 4274 3775
3 3775 4274 3787
3 3788 3787 4274
3 3788 4274 4275
3 4276 4267 4268
3 4278 4277 4276
3 4268 4278 4276
3 4269 4278 4268
3 3789 4279 3778
3 4279 4269 3778
3 4279 4278 4269
3 3790 4280 3789
3 3789 4280 4279
3 3792 4280 3790
3 4270 4271 4281
3 4281 4271 4282
3 4281 3794 3782
3 4281 3782 4270
3 3797 4283 4272
3 3797 4272 3785
3 4273 4272 4284
3 4284 4272 4283
3 4287 4286 4285
3 4275 4287 4285
3 3798 4275 4285
3 3788 4275 3798
3 4288 4277 4278
3 4288 4278 4279
3 4288 4279 4289
3 4291 4290 4289
3 4279 4291 4289
3 4280 4291 4279
3 3799 4292 3792
3 4292 4280 3792
3 4292 4291 4280
3 3801 4292 3799
3 4281 4282 4293
3 4293 4282 4294
3 4293 3803 3794
3 4293 3794 4281
3 4296 4295 4283
3 3797 4296 4283
3 3808 4296 3797
3 4283 4295 4284
3 4285 4286 4297
3 4297 4286 4298
3 4297 3809 3798
3 4297 3798 4285
3 4299 4290 4291
3 4299 4291 4292
3 4299 4292 4300
3 4302 4300 4301
3 4301 4300 3810
3 4300 4292 3810
3 4292 3801 3810
3 3811 4301 3810
3 4305 4304 4303
3 4305 4303 4294
3 4303 4293 4294
3 4303 4306 4293
3 4306 3813 3803
3 4306 3803 4293
3 3818 4296 3808
3 3818 4307 4296
3 4298 4308 4297
3 3809 4297 4308
3 4309 3809 4308
3 3819 3809 4309
3 4302 4301 4310
3 4302 4310 4311
3 3820 4310 3811
3 3811 4310 4301
3 4303 4304 4312
3 4312 4304 4313
3 4312 3822 3823
3 4306 4312 3823
3 4303 4312 4306
3 4306 3823 3813
3 3828 4314 3829
3 4314 4315 3829
3 4315 3818 3829
3 4315 4307 3818
3 4309 3830 3819
3 4316 3830 4309
3 4311 4310 4317
3 4311 4317 4318
3 3831 4317 3820
3 3820 4317 4310
3 4321 4320 4319
3 4321 4319 4313
3 4319 4312 4313
3 4319 4322 4312
3 4322 3833 3822
3 4322 3822 4312
3 3837 4323 4314
3 3837 4314 3828
3 4315 4314 4324
3 4324 4314 4323
3 4316 3838 3830
3 4325 3838 4316
3 4318 4317 3840
3 3841 4318 3840
3 4326 4318 3841
3 3840 4317 3831
3 4319 4320 4327
3 4327 4320 4328
3 4327 3843 3844
3 4322 4327 3844
3 4319 4327 4322
3 4322 3844 3833
3 3848 4329 4323
3 3848 4323 3837
3 4324 4323 4330
3 4330 4323 4329
3 4325 4331 3838
3 3838 4331 3849
3 3850 3849 4331
3 3850 4331 4332
3 3852 4326 3841
3 3852 4333 4326
3 4336 4335 4334
3 4336 4334 4328
3 4334 4327 4328
3 4334 4337 4327
3 4337 3854 3843
3 4337 3843 4327
3 4339 4338 4329
3 3848 4339 4329
3 3857 4339 3848
3 4329 4338 4330
3 4341 3859 4340
3 3859 4332 4340
3 3859 3850 4332
3 4342 4341 4340
3 4345 4344 4343
3 4344 4333 4343
3 4333 3860 4343
3 4333 3852 3860
3 4334 4335 4346
3 4346 4335 4347
3 4346 3862 3863
3 4337 4346 3863
3 4334 4346 4337
3 4337 3863 3854
3 3866 4348 3867
3 4348 4349 3867
3 4349 3857 3867
3 4349 4339 3857
3 4350 3868 3869
3 4350 3869 4351
3 3869 4352 4351
3 3869 3870 4352
3 4354 4352 4353
3 4352 3871 4353
3 4352 3870 3871
3 3873 4353 3871
3 4341 3874 3859
3 3876 3874 4341
3 4342 3876 4341
3 4355 3876 4342
3 4345 4343 3878
3 3879 4345 3878
3 4356 4345 3879
3 3878 4343 3860
3 4359 4358 4357
3 4359 4357 4347
3 4357 4346 4347
3 4357 4360 4346
3 4360 3883 3862
3 4360 3862 4346
3 4362 4361 4348
3 3866 4362 4348
3 3885 4362 3866
3 4348 4361 4349
3 4364 4363 3887
3 3887 4363 3886
3 3887 3868 4350
3 4365 3887 4350
3 4364 3887 4365
3 4365 4350 4351
3 4366 4354 4353
3 4366 4353 3873
3 3888 4366 3873
3 4367 4366 3888
3 4369 4367 4368
3 4367 3889 4368
3 4367 3888 3889
3 4370 4368 3889
3 3876 4370 3889
3 4355 4370 3876
3 3891 4356 3879
3 3891 4371 4356
3 4357 4358 4372
3 4372 4358 4373
3 4372 3895 3896
3 4360 4372 3896
3 4357 4372 4360
3 4360 3896 3883
3 3900 4362 3885
3 3900 4374 4362
3 4376 4375 3903
3 3903 4375 3902
3 3903 3886 4363
3 3903 4363 4376
3 4377 4369 4368
3 4377 4368 4370
3 4380 4379 4378
3 4379 4371 4378
3 4371 3905 4378
3 4371 3891 3905
3 4372 4373 4381
3 4381 4373 4382
3 4381 3909 3895
3 4381 3895 4372
3 3911 4383 3912
3 4383 4384 3912
3 4384 3900 3912
3 4384 4374 3900
3 4375 3913 3902
3 4385 3913 4375
3 4380 4378 4386
3 4380 4386 4387
3 3915 4386 3905
3 3905 4386 4378
3 4390 4389 4388
3 4390 4388 4382
3 4382 4388 4381
3 4388 3918 4381
3 3918 3919 4381
3 4381 3919 3909
3 4392 4391 4383
3 3911 4392 4383
3 3922 4392 3911
3 4383 4391 4384
3 4395 4394 4393
3 4385 4395 4393
3 3923 4385 4393
3 3913 4385 3923
3 4398 4397 4396
3 4396 4397 4387
3 4386 4396 4387
3 4399 4396 4386
3 3925 4399 3915
3 3915 4399 4386
3 4402 4401 4400
3 4402 4400 4389
3 4400 4388 4389
3 4400 4403 4388
3 4403 3928 3918
3 4403 3918 4388
3 3930 4404 3931
3 4404 4405 3931
3 4405 3922 3931
3 4405 4392 3922
3 4394 4406 4393
3 3923 4393 4406
3 4407 3923 4406
3 3933 3923 4407
3 4410 4409 4408
3 4408 4409 4398
3 4396 4408 4398
3 4411 4408 4396
3 4412 4396 4399
3 4411 4396 4412
3 3935 4412 3925
3 3925 4412 4399
3 4400 4401 4413
3 4413 4401 4414
3 4413 3938 3939
3 4403 4413 3939
3 4400 4413 4403
3 4403 3939 3928
3 4416 4415 4404
3 3930 4416 4404
3 3941 4416 3930
3 4404 4415 4405
3 3942 3933 4417
3 3933 4418 4417
3 3933 4407 4418
3 4417 3943 3942
3 4410 4408 4419
3 4410 4419 4420
3 4421 4408 4411
3 4419 4408 4421
3 4422 4411 4412
3 4421 4411 4422
3 3945 4422 3935
3 3935 4422 4412
3 4425 4424 4423
3 4425 4423 4414
3 4414 4423 4413
3 4423 3947 4413
3 3947 3948 4413
3 4413 3948 3938
3 3951 4426 3952
3 4426 4427 3952
3 4427 3941 3952
3 4427 4416 3941
3 4418 4428 4417
3 3943 4417 4428
3 4429 3943 4428
3 3953 3943 4429
3 4420 4419 4430
3 4420 4430 4431
3 4432 4419 4421
3 4430 4419 4432
3 3956 4432 3955
3 4432 4422 3955
3 4432 4421 4422
3 3955 4422 3945
3 4435 4434 4433
3 4435 4433 4424
3 4433 4423 4424
3 4433 4436 4423
3 4436 3959 3947
3 4436 3947 4423
3 3961 4437 4426
3 3961 4426 3951
3 4427 4426 4438
3 4438 4426 4437
3 4429 3962 3953
3 4439 3962 4429
3 4431 4430 4440
3 4431 4440 4441
3 3965 4440 3964
3 4440 4432 3964
3 4440 4430 4432
3 3964 4432 3956
3 4444 4443 4442
3 4444 4442 4434
3 4442 4433 4434
3 4442 4445 4433
3 4445 3969 3970
3 4436 4445 3970
3 4433 4445 4436
3 4436 3970 3959
3 3972 4446 3973
3 4446 4447 3973
3 3973 4447 3961
3 4447 4448 3961
3 4448 4437 3961
3 4437 4448 4438
3 4439 3975 3962
3 4449 3975 4439
3 4452 4451 4450
3 4450 4451 4441
3 4440 4450 4441
3 4453 4450 4440
3 3977 4453 3965
3 3965 4453 4440
3 4456 4455 4454
3 4456 4454 4443
3 4454 4442 4443
3 4454 4457 4442
3 4457 3980 3981
3 4445 4457 3981
3 4442 4457 4445
3 4445 3981 3969
3 4459 4458 4446
3 3972 4459 4446
3 3983 4459 3972
3 4446 4458 4447
3 4449 4460 3975
3 3975 4460 3984
3 3985 3984 4460
3 3985 4460 4461
3 4464 4463 4462
3 4462 4463 4452
3 4450 4462 4452
3 4465 4462 4450
3 3988 4465 3987
3 4465 4453 3987
3 4465 4450 4453
3 3987 4453 3977
3 4468 4467 4466
3 4468 4466 4455
3 4466 4454 4455
3 4466 4469 4454
3 4469 3991 3992
3 4457 4469 3992
3 4454 4469 4457
3 4457 3992 3980
3 3994 4470 3995
3 4470 4471 3995
3 4471 3983 3995
3 4471 4459 3983
3 4461 3996 3985
3 4472 3996 4461
3 4464 4462 4473
3 4464 4473 4474
3 3999 4473 3998
3 4473 4465 3998
3 4473 4462 4465
3 3998 4465 3988
3 4477 4476 4475
3 4477 4475 4467
3 4475 4466 4467
3 4475 4478 4466
3 4478 4002 4003
3 4469 4478 4003
3 4466 4478 4469
3 4469 4003 3991
3 4480 4479 4470
3 3994 4480 4470
3 4006 4480 3994
3 4470 4479 4471
3 4472 4007 3996
3 4481 4007 4472
3 4484 4483 4482
3 4482 4483 4474
3 4482 4474 4473
3 4010 4482 4473
3 4009 4010 4473
3 4009 4473 3999
3 4487 4486 4485
3 4487 4485 4476
3 4485 4475 4476
3 4485 4488 4475
3 4488 4013 4014
3 4478 4488 4014
3 4475 4488 4478
3 4478 4014 4002
3 4490 4489 4018
3 4490 4018 4017
3 4006 4018 4480
3 4480 4018 4489
3 4481 4020 4007
3 4491 4020 4481
3 4494 4493 4492
3 4492 4493 4484
3 4492 4484 4482
3 4023 4492 4482
3 4022 4023 4482
3 4022 4482 4010
3 4497 4496 4495
3 4497 4495 4486
3 4486 4495 4485
3 4495 4026 4485
3 4026 4027 4485
3 4485 4027 4028
3 4485 4028 4488
3 4488 4028 4013
3 4032 4498 4031
3 4498 4499 4031
3 4499 4017 4031
3 4499 4490 4017
3 4491 4500 4020
3 4020 4500 4033
3 4034 4033 4500
3 4034 4500 4501
3 4504 4503 4502
3 4502 4503 4494
3 4502 4494 4492
3 4037 4502 4492
3 4036 4037 4492
3 4036 4492 4023
3 4507 4506 4505
3 4509 4508 4505
3 4505 4508 4507
3 4508 4509 4496
3 4496 4509 4495
3 4509 4040 4495
3 4040 4041 4495
3 4495 4041 4026
3 4511 4510 4498
3 4032 4511 4498
3 4044 4511 4032
3 4498 4510 4499
3 4513 4046 4512
3 4046 4501 4512
3 4046 4034 4501
3 4514 4513 4512
3 4517 4516 4515
3 4519 4518 4515
3 4519 4515 4516
3 4518 4519 4504
3 4518 4504 4502
3 4049 4518 4502
3 4048 4049 4502
3 4048 4502 4037
3 4522 4521 4520
3 4524 4523 4520
3 4520 4523 4522
3 4523 4524 4506
3 4524 4505 4506
3 4524 4525 4505
3 4525 4052 4053
3 4509 4525 4053
3 4505 4525 4509
3 4509 4053 4040
3 4527 4526 4057
3 4527 4057 4056
3 4044 4057 4511
3 4511 4057 4526
3 4513 4058 4046
3 4059 4058 4513
3 4514 4059 4513
3 4528 4059 4514
3 4517 4515 4529
3 4517 4529 4530
3 4062 4529 4061
3 4529 4518 4061
3 4529 4515 4518
3 4061 4518 4049
3 4533 4532 4531
3 4533 4531 4521
3 4531 4520 4521
3 4531 4534 4520
3 4534 4065 4066
3 4524 4534 4066
3 4520 4534 4524
3 4524 4066 4067
3 4524 4067 4525
3 4525 4067 4052
3 4070 4535 4071
3 4535 4536 4071
3 4536 4056 4071
3 4536 4527 4056
3 4528 4537 4059
3 4059 4537 4072
3 4539 4538 4074
3 4072 4539 4074
3 4537 4539 4072
3 4540 4538 4539
3 4543 4542 4541
3 4541 4542 4530
3 4541 4530 4529
3 4077 4541 4529
3 4076 4077 4529
3 4076 4529 4062
3 4546 4545 4544
3 4548 4547 4544
3 4544 4547 4546
3 4550 4549 4548
3 4548 4549 4547
3 4549 4550 4532
3 4532 4550 4531
3 4550 4080 4531
3 4080 4081 4531
3 4531 4081 4082
3 4531 4082 4534
3 4534 4082 4065
3 4086 4551 4087
3 4551 4552 4087
3 4087 4552 4070
3 4552 4553 4070
3 4553 4535 4070
3 4535 4553 4536
3 4538 4088 4074
3 4540 4554 4538
3 4554 4088 4538
3 4554 4089 4088
3 4555 4543 4541
3 4557 4556 4554
3 4091 4554 4556
3 4554 4091 4089
3 4555 4541 4558
3 4077 4558 4541
3 4558 4077 4559
3 4091 4559 4077
3 4559 4091 4556
3 4561 4560 4559
3 4559 4560 4558
3 4563 4562 4561
3 4561 4562 4560
3 4562 4563 4545
3 4563 4544 4545
3 4563 4564 4544
3 4564 4094 4095
3 4548 4564 4095
3 4544 4564 4548
3 4548 4095 4096
3 4548 4096 4550
3 4550 4096 4080
3 4100 4565 4101
3 4565 4566 4101
3 4101 4566 4086
3 4566 4567 4086
3 4567 4551 4086
3 4551 4567 4552
3 4557 4568 4556
3 4570 4569 4568
3 4569 4556 4568
3 4569 4559 4556
3 4559 4571 4561
3 4559 4569 4571
3 4571 4103 4104
3 4563 4571 4104
3 4561 4571 4563
3 4563 4104 4105
3 4563 4105 4564
3 4564 4105 4094
3 4109 4572 4110
3 4572 4573 4110
3 4110 4573 4100
3 4573 4574 4100
3 4574 4565 4100
3 4565 4574 4566
3 4569 4570 4575
3 4575 4570 4576
3 4569 4577 4571
3 4569 4575 4577
3 4577 4112 4103
3 4577 4103 4571
3 4116 4578 4117
3 4578 4579 4117
3 4117 4579 4109
3 4579 4580 4109
3 4580 4572 4109
3 4572 4580 4573
3 4576 4581 4575
3 4583 4582 4581
3 4582 4575 4581
3 4582 4577 4575
3 4582 4119 4112
3 4582 4112 4577
3 4123 4584 4124
3 4124 4584 4585
3 4586 4124 4585
3 4125 4124 4586
3 4116 4125 4578
3 4125 4587 4578
3 4125 4586 4587
3 4578 4587 4579
3 4583 4588 4582
3 4588 4590 4589
3 4588 4589 4126
3 4582 4588 4126
3 4119 4582 4126
3 4591 4127 4126
3 4591 4126 4589
3 4591 4129 4127
3 4134 4592 4135
3 4592 4593 4135
3 4135 4593 4123
3 4593 4594 4123
3 4594 4584 4123
3 4584 4594 4585
3 4590 4595 4589
3 4589 4595 4591
3 4591 4595 4596
3 4591 4596 4129
3 4596 4136 4129
3 4596 4597 4136
3 4597 4599 4598
3 4137 4597 4598
3 4136 4597 4137
3 4600 4138 4137
3 4600 4137 4598
3 4601 4139 4138
3 4601 4138 4600
3 4601 4141 4139
3 4143 4602 4144
3 4144 4602 4603
3 4604 4144 4603
3 4145 4144 4604
3 4145 4605 4146
3 4604 4605 4145
3 4134 4146 4592
3 4146 4606 4592
3 4146 4605 4606
3 4592 4606 4593
3 4599 4607 4598
3 4598 4607 4600
3 4600 4607 4608
3 4600 4608 4601
3 4601 4608 4609
3 4601 4609 4141
3 4609 4147 4141
3 4609 4610 4147
3 4147 4611 4148
3 4610 4611 4147
3 4143 4148 4602
3 4148 4612 4602
3 4148 4611 4612
3 4602 4612 4603
3 4613 4152 4154
3 4156 4613 4154
3 4613 4159 4152
3 4161 4159 4614
3 4159 4613 4614
3 4156 4160 4614
3 4156 4614 4613
3 4162 4615 4160
3 4160 4615 4614
3 4163 4615 4162
3 4617 4616 4614
3 4616 4161 4614
3 4616 4166 4161
3 4619 4618 4617
3 4614 4619 4617
3 4615 4619 4614
3 4167 4620 4163
3 4620 4615 4163
3 4620 4619 4615
3 4168 4620 4167
3 4616 4621 4166
3 4166 4621 4172
3 4621 4622 4172
3 4622 4618 4172
3 4619 4172 4618
3 4172 4619 4173
3 4623 4173 4619
3 4173 4623 4622
3 4622 4624 4173
3 4621 4624 4622
3 4622 4623 4618
3 4626 4625 4623
3 4619 4626 4623
3 4620 4626 4619
3 4174 4627 4168
3 4627 4620 4168
3 4627 4626 4620
3 4175 4628 4174
3 4174 4628 4627
3 4176 4628 4175
3 4624 4179 4173
3 4629 4179 4624
3 4630 4625 4626
3 4632 4631 4630
3 4626 4632 4630
3 4627 4632 4626
3 4633 4627 4628
3 4632 4627 4633
3 4180 4634 4176
3 4634 4628 4176
3 4634 4633 4628
3 4182 4634 4180
3 4183 4179 4635
3 4179 4636 4635
3 4179 4629 4636
3 4635 4184 4183
3 4637 4631 4632
3 4639 4638 4637
3 4632 4639 4637
3 4633 4639 4632
3 4640 4633 4634
3 4639 4633 4640
3 4186 4640 4182
3 4182 4640 4634
3 4636 4641 4635
3 4184 4635 4641
3 4642 4184 4641
3 4189 4184 4642
3 4643 4638 4639
3 4645 4644 4643
3 4639 4645 4643
3 4640 4645 4639
3 4190 4646 4186
3 4646 4640 4186
3 4646 4645 4640
3 4191 4646 4190
3 4642 4194 4189
3 4647 4194 4642
3 4648 4644 4645
3 4650 4649 4648
3 4645 4650 4648
3 4646 4650 4645
3 4196 4650 4191
3 4191 4650 4646
3 4647 4199 4194
3 4651 4199 4647
3 4652 4649 4650
3 4654 4652 4653
3 4653 4652 4200
3 4652 4650 4200
3 4650 4196 4200
3 4201 4653 4200
3 4651 4204 4199
3 4655 4204 4651
3 4654 4653 4656
3 4654 4656 4657
3 4206 4656 4201
3 4201 4656 4653
3 4207 4204 4658
3 4204 4659 4658
3 4204 4655 4659
3 4658 4208 4207
3 4657 4656 4660
3 4657 4660 4661
3 4209 4662 4206
3 4662 4656 4206
3 4662 4660 4656
3 4210 4662 4209
3 4658 4659 4663
3 4663 4659 4664
3 4663 4212 4208
3 4663 4208 4658
3 4665 4661 4660
3 4667 4666 4665
3 4660 4667 4665
3 4662 4667 4660
3 4213 4667 4210
3 4210 4667 4662
3 4663 4664 4668
3 4668 4664 4669
3 4668 4215 4212
3 4668 4212 4663
3 4666 4667 4670
3 4666 4670 4671
3 4216 4670 4213
3 4213 4670 4667
3 4668 4669 4672
3 4672 4669 4673
3 4672 4218 4215
3 4672 4215 4668
3 4671 4670 4674
3 4671 4674 4675
3 4219 4676 4216
3 4676 4670 4216
3 4676 4674 4670
3 4221 4676 4219
3 4672 4673 4677
3 4677 4673 4678
3 4677 4223 4218
3 4677 4218 4672
3 4675 4674 4679
3 4675 4679 4680
3 4681 4674 4676
3 4679 4674 4681
3 4225 4681 4221
3 4221 4681 4676
3 4677 4678 4682
3 4682 4678 4683
3 4682 4227 4223
3 4682 4223 4677
3 4680 4679 4684
3 4680 4684 4685
3 4686 4679 4681
3 4684 4679 4686
3 4229 4686 4225
3 4225 4686 4681
3 4682 4683 4687
3 4687 4683 4688
3 4687 4231 4227
3 4687 4227 4682
3 4685 4684 4689
3 4685 4689 4690
3 4691 4684 4686
3 4689 4684 4691
3 4233 4691 4229
3 4229 4691 4686
3 4687 4688 4692
3 4692 4688 4693
3 4692 4242 4231
3 4692 4231 4687
3 4694 4690 4689
3 4244 4695 4243
3 4695 4689 4243
3 4689 4691 4243
3 4695 4694 4689
3 4243 4691 4233
3 4696 4245 4246
3 4247 4697 4246
3 4246 4697 4696
3 4248 4698 4247
3 4247 4698 4697
3 4249 4699 4248
3 4248 4699 4698
3 4250 4700 4249
3 4249 4700 4699
3 4251 4700 4250
3 4703 4702 4701
3 4703 4701 4693
3 4693 4701 4692
3 4701 4258 4692
3 4258 4259 4692
3 4692 4259 4242
3 4260 4695 4244
3 4260 4704 4695
3 4705 4261 4262
3 4706 4705 4262
3 4706 4262 4245
3 4707 4706 4245
3 4696 4707 4245
3 4707 4696 4697
3 4707 4697 4708
3 4708 4697 4698
3 4708 4698 4709
3 4709 4698 4699
3 4709 4699 4710
3 4712 4711 4710
3 4699 4712 4710
3 4700 4712 4699
3 4263 4713 4251
3 4713 4700 4251
3 4713 4712 4700
3 4264 4714 4263
3 4263 4714 4713
3 4265 4715 4264
3 4264 4715 4714
3 4266 4716 4265
3 4265 4716 4715
3 4267 4716 4266
3 4701 4702 4717
3 4717 4702 4718
3 4717 4271 4258
3 4717 4258 4701
3 4273 4704 4260
3 4273 4719 4704
3 4721 4274 4720
3 4274 4261 4720
3 4720 4261 4705
3 4722 4720 4705
3 4705 4706 4722
3 4274 4721 4275
3 4723 4711 4712
3 4723 4712 4713
3 4723 4713 4724
3 4724 4713 4714
3 4724 4714 4725
3 4725 4714 4715
3 4725 4715 4726
3 4726 4715 4716
3 4726 4716 4727
3 4729 4727 4728
3 4728 4727 4276
3 4727 4716 4276
3 4716 4267 4276
3 4277 4728 4276
3 4717 4718 4730
3 4730 4718 4731
3 4730 4282 4271
3 4730 4271 4717
3 4284 4719 4273
3 4284 4732 4719
3 4721 4720 4287
3 4720 4286 4287
3 4720 4733 4286
3 4721 4287 4275
3 4734 4729 4728
3 4736 4734 4735
3 4735 4734 4288
3 4734 4728 4288
3 4728 4277 4288
3 4289 4737 4288
3 4288 4737 4735
3 4290 4737 4289
3 4740 4739 4738
3 4740 4738 4731
3 4738 4730 4731
3 4738 4741 4730
3 4741 4294 4282
3 4741 4282 4730
3 4296 4742 4295
3 4742 4743 4295
3 4743 4284 4295
3 4743 4732 4284
3 4733 4298 4286
3 4744 4298 4733
3 4736 4735 4745
3 4736 4745 4746
3 4747 4735 4737
3 4745 4735 4747
3 4299 4748 4290
3 4748 4737 4290
3 4748 4747 4737
3 4300 4749 4299
3 4299 4749 4748
3 4302 4749 4300
3 4738 4739 4750
3 4750 4739 4751
3 4750 4304 4305
3 4741 4750 4305
3 4738 4750 4741
3 4741 4305 4294
3 4307 4752 4742
3 4307 4742 4296
3 4743 4742 4753
3 4753 4742 4752
3 4308 4298 4754
3 4298 4755 4754
3 4298 4744 4755
3 4754 4309 4308
3 4756 4746 4745
3 4756 4745 4747
3 4756 4747 4757
3 4757 4747 4748
3 4757 4748 4758
3 4760 4759 4758
3 4748 4760 4758
3 4749 4760 4748
3 4311 4760 4302
3 4302 4760 4749
3 4750 4751 4761
3 4761 4751 4762
3 4761 4313 4304
3 4761 4304 4750
3 4764 4763 4752
3 4307 4764 4752
3 4315 4764 4307
3 4752 4763 4753
3 4755 4765 4754
3 4309 4754 4765
3 4766 4309 4765
3 4316 4309 4766
3 4767 4759 4760
3 4760 4311 4767
3 4311 4768 4767
3 4311 4318 4768
3 4771 4770 4769
3 4771 4769 4762
3 4762 4769 4761
3 4769 4320 4761
3 4320 4321 4761
3 4761 4321 4313
3 4324 4764 4315
3 4324 4772 4764
3 4766 4325 4316
3 4773 4325 4766
3 4326 4768 4318
3 4326 4774 4768
3 4769 4770 4775
3 4775 4770 4776
3 4775 4328 4320
3 4775 4320 4769
3 4330 4772 4324
3 4330 4777 4772
3 4773 4778 4325
3 4325 4778 4331
3 4332 4331 4778
3 4332 4778 4779
3 4333 4774 4326
3 4333 4780 4774
3 4783 4782 4781
3 4783 4781 4776
3 4776 4781 4775
3 4781 4335 4775
3 4335 4336 4775
3 4775 4336 4328
3 4785 4784 4338
3 4785 4338 4339
3 4330 4338 4777
3 4777 4338 4784
3 4779 4786 4332
3 4332 4786 4340
3 4342 4340 4786
3 4342 4786 4787
3 4789 4788 4344
3 4789 4344 4345
3 4333 4344 4780
3 4780 4344 4788
3 4781 4782 4790
3 4790 4782 4791
3 4790 4347 4335
3 4790 4335 4781
3 4349 4785 4339
3 4349 4792 4785
3 4793 4351 4352
3 4354 4793 4352
3 4787 4355 4342
3 4794 4355 4787
3 4356 4789 4345
3 4356 4795 4789
3 4798 4797 4796
3 4798 4796 4791
3 4791 4796 4790
3 4796 4358 4790
3 4358 4359 4790
3 4790 4359 4347
3 4362 4799 4361
3 4799 4800 4361
3 4800 4349 4361
3 4800 4792 4349
3 4802 4801 4364
3 4364 4801 4363
3 4803 4364 4365
3 4803 4802 4364
3 4365 4351 4793
3 4804 4365 4793
3 4803 4365 4804
3 4804 4793 4354
3 4366 4804 4354
3 4805 4804 4366
3 4806 4366 4367
3 4806 4805 4366
3 4367 4369 4806
3 4806 4369 4807
3 4794 4370 4355
3 4808 4370 4794
3 4811 4810 4809
3 4810 4795 4809
3 4795 4371 4809
3 4795 4356 4371
3 4796 4797 4812
3 4812 4797 4813
3 4812 4373 4358
3 4812 4358 4796
3 4815 4814 4799
3 4362 4815 4799
3 4374 4815 4362
3 4799 4814 4800
3 4817 4816 4376
3 4376 4816 4375
3 4376 4363 4801
3 4376 4801 4817
3 4818 4807 4369
3 4818 4369 4377
3 4377 4370 4808
3 4377 4808 4818
3 4811 4809 4379
3 4380 4811 4379
3 4819 4811 4380
3 4379 4809 4371
3 4822 4821 4820
3 4822 4820 4813
3 4820 4812 4813
3 4820 4823 4812
3 4823 4382 4373
3 4823 4373 4812
3 4384 4815 4374
3 4384 4824 4815
3 4827 4826 4825
3 4816 4827 4825
3 4385 4816 4825
3 4375 4816 4385
3 4830 4829 4828
3 4829 4819 4828
3 4819 4387 4828
3 4819 4380 4387
3 4833 4832 4831
3 4833 4831 4821
3 4831 4820 4821
3 4831 4834 4820
3 4834 4389 4390
3 4823 4834 4390
3 4820 4834 4823
3 4823 4390 4382
3 4392 4835 4391
3 4835 4836 4391
3 4836 4384 4391
3 4836 4824 4384
3 4825 4826 4395
3 4826 4394 4395
3 4826 4837 4394
3 4825 4395 4385
3 4840 4839 4838
3 4838 4839 4830
3 4838 4830 4828
3 4398 4838 4828
3 4397 4398 4828
3 4397 4828 4387
3 4831 4832 4841
3 4841 4832 4842
3 4841 4401 4402
3 4834 4841 4402
3 4831 4841 4834
3 4834 4402 4389
3 4844 4843 4835
3 4392 4844 4835
3 4405 4844 4392
3 4835 4843 4836
3 4406 4394 4845
3 4394 4846 4845
3 4394 4837 4846
3 4845 4407 4406
3 4849 4848 4847
3 4847 4848 4840
3 4847 4840 4838
3 4410 4847 4838
3 4409 4410 4838
3 4409 4838 4398
3 4852 4851 4850
3 4852 4850 4842
3 4850 4841 4842
3 4850 4853 4841
3 4853 4414 4401
3 4853 4401 4841
3 4416 4854 4415
3 4854 4855 4415
3 4855 4405 4415
3 4855 4844 4405
3 4846 4856 4845
3 4407 4845 4856
3 4857 4407 4856
3 4418 4407 4857
3 4860 4859 4858
3 4858 4859 4849
3 4847 4858 4849
3 4861 4858 4847
3 4420 4861 4410
3 4410 4861 4847
3 4850 4851 4862
3 4862 4851 4863
3 4862 4424 4425
3 4853 4862 4425
3 4850 4862 4853
3 4853 4425 4414
3 4865 4864 4854
3 4416 4865 4854
3 4427 4865 4416
3 4854 4864 4855
3 4857 4866 4418
3 4418 4866 4428
3 4429 4428 4866
3 4429 4866 4867
3 4860 4858 4868
3 4860 4868 4869
3 4870 4858 4861
3 4868 4858 4870
3 4431 4870 4420
3 4420 4870 4861
3 4873 4872 4871
3 4873 4871 4863
3 4863 4871 4862
3 4871 4434 4862
3 4434 4435 4862
3 4862 4435 4424
3 4438 4865 4427
3 4438 4874 4865
3 4867 4439 4429
3 4875 4439 4867
3 4869 4868 4876
3 4869 4876 4877
3 4878 4868 4870
3 4876 4868 4878
3 4441 4878 4431
3 4431 4878 4870
3 4881 4880 4879
3 4881 4879 4872
3 4872 4879 4871
3 4879 4443 4871
3 4443 4444 4871
3 4871 4444 4434
3 4883 4882 4448
3 4883 4448 4447
3 4438 4448 4874
3 4874 4448 4882
3 4875 4449 4439
3 4884 4449 4875
3 4887 4886 4885
3 4885 4886 4877
3 4876 4885 4877
3 4888 4885 4876
3 4452 4888 4451
3 4888 4878 4451
3 4888 4876 4878
3 4451 4878 4441
3 4891 4890 4889
3 4891 4889 4880
3 4880 4889 4879
3 4889 4455 4879
3 4455 4456 4879
3 4879 4456 4443
3 4459 4892 4458
3 4892 4893 4458
3 4893 4447 4458
3 4893 4883 4447
3 4884 4894 4449
3 4449 4894 4460
3 4461 4460 4894
3 4461 4894 4895
3 4887 4885 4896
3 4887 4896 4897
3 4464 4896 4463
3 4896 4888 4463
3 4896 4885 4888
3 4463 4888 4452
3 4900 4899 4898
3 4900 4898 4890
3 4890 4898 4889
3 4898 4467 4889
3 4467 4468 4889
3 4889 4468 4455
3 4902 4901 4892
3 4459 4902 4892
3 4471 4902 4459
3 4892 4901 4893
3 4895 4472 4461
3 4903 4472 4895
3 4906 4905 4904
3 4904 4905 4897
3 4896 4904 4897
3 4907 4904 4896
3 4474 4907 4464
3 4464 4907 4896
3 4910 4909 4908
3 4910 4908 4899
3 4899 4908 4898
3 4908 4476 4898
3 4476 4477 4898
3 4898 4477 4467
3 4480 4911 4479
3 4911 4912 4479
3 4912 4471 4479
3 4912 4902 4471
3 4903 4481 4472
3 4913 4481 4903
3 4916 4915 4914
3 4914 4915 4906
3 4904 4914 4906
3 4917 4914 4904
3 4484 4917 4483
3 4917 4907 4483
3 4917 4904 4907
3 4483 4907 4474
3 4920 4919 4918
3 4922 4921 4918
3 4918 4921 4920
3 4921 4922 4909
3 4909 4922 4908
3 4922 4486 4908
3 4486 4487 4908
3 4908 4487 4476
3 4490 4923 4489
3 4923 4924 4489
3 4489 4924 4480
3 4924 4925 4480
3 4925 4911 4480
3 4911 4925 4912
3 4927 4491 4926
3 4491 4913 4926
3 4491 4481 4913
3 4928 4927 4926
3 4931 4930 4929
3 4929 4930 4916
3 4914 4929 4916
3 4932 4929 4914
3 4494 4932 4493
3 4932 4917 4493
3 4932 4914 4917
3 4493 4917 4484
3 4935 4934 4933
3 4935 4933 4919
3 4933 4918 4919
3 4933 4936 4918
3 4936 4496 4497
3 4922 4936 4497
3 4918 4936 4922
3 4922 4497 4486
3 4938 4937 4923
3 4490 4938 4923
3 4499 4938 4490
3 4923 4937 4924
3 4927 4500 4491
3 4501 4500 4927
3 4928 4501 4927
3 4939 4501 4928
3 4942 4941 4940
3 4940 4941 4931
3 4929 4940 4931
3 4943 4940 4929
3 4504 4943 4503
3 4943 4932 4503
3 4943 4929 4932
3 4503 4932 4494
3 4946 4945 4944
3 4948 4947 4944
3 4944 4947 4946
3 4947 4948 4934
3 4934 4948 4933
3 4948 4506 4933
3 4506 4507 4933
3 4933 4507 4508
3 4933 4508 4936
3 4936 4508 4496
3 4511 4949 4510
3 4949 4950 4510
3 4950 4499 4510
3 4950 4938 4499
3 4939 4951 4501
3 4501 4951 4512
3 4514 4512 4951
3 4514 4951 4952
3 4955 4954 4953
3 4953 4954 4942
3 4953 4942 4940
3 4517 4953 4940
3 4516 4517 4940
3 4516 4940 4519
3 4519 4940 4943
3 4519 4943 4504
3 4958 4957 4956
3 4960 4959 4956
3 4956 4959 4958
3 4959 4960 4945
3 4945 4960 4944
3 4960 4521 4944
3 4521 4522 4944
3 4944 4522 4523
3 4944 4523 4948
3 4948 4523 4506
3 4527 4961 4526
3 4961 4962 4526
3 4526 4962 4511
3 4962 4963 4511
3 4963 4949 4511
3 4949 4963 4950
3 4965 4528 4964
3 4528 4952 4964
3 4528 4514 4952
3 4966 4965 4964
3 4955 4953 4967
3 4955 4967 4968
3 4530 4967 4517
3 4517 4967 4953
3 4971 4970 4969
3 4973 4972 4969
3 4969 4972 4971
3 4972 4973 4957
3 4973 4956 4957
3 4973 4974 4956
3 4974 4532 4533
3 4960 4974 4533
3 4956 4974 4960
3 4960 4533 4521
3 4976 4975 4961
3 4527 4976 4961
3 4536 4976 4527
3 4961 4975 4962
3 4965 4537 4528
3 4966 4977 4965
3 4977 4537 4965
3 4977 4539 4537
3 4540 4539 4977
3 4540 4977 4978
3 4542 4543 4979
3 4967 4980 4968
3 4980 4967 4981
3 4530 4981 4967
3 4981 4530 4982
3 4542 4982 4530
3 4982 4542 4979
3 4984 4983 4982
3 4982 4983 4981
3 4986 4985 4984
3 4984 4985 4983
3 4985 4986 4970
3 4970 4986 4969
3 4986 4545 4969
3 4545 4546 4969
3 4969 4546 4547
3 4969 4547 4973
3 4973 4547 4549
3 4973 4549 4974
3 4974 4549 4532
3 4988 4987 4553
3 4988 4553 4552
3 4536 4553 4976
3 4976 4553 4987
3 4554 4540 4989
3 4540 4990 4989
3 4540 4978 4990
3 4555 4979 4543
3 4557 4554 4989
3 4979 4555 4558
3 4979 4558 4982
3 4982 4558 4560
3 4982 4560 4984
3 4984 4560 4562
3 4984 4562 4986
3 4986 4562 4545
3 4992 4991 4567
3 4992 4567 4566
3 4552 4567 4988
3 4988 4567 4991
3 4989 4990 4993
3 4993 4990 4994
3 4995 4568 4557
3 4989 4995 4557
3 4993 4995 4989
3 4995 4570 4568
3 4997 4996 4574
3 4997 4574 4573
3 4566 4574 4992
3 4992 4574 4996
3 4994 4998 4993
3 5000 4999 4998
3 4999 4993 4998
3 4999 4995 4993
3 4999 4576 4570
3 4999 4570 4995
3 5003 5002 5001
3 4580 4579 5001
3 5002 4580 5001
3 5004 4580 5002
3 4573 4580 4997
3 4997 4580 5004
3 5000 5005 4999
3 5005 5007 5006
3 5005 5006 4581
3 4999 5005 4581
3 4576 4999 4581
3 5006 4583 4581
3 5010 5009 5008
3 4586 4585 5008
3 5009 4586 5008
3 5011 4586 5009
3 5001 4587 5003
3 4587 5011 5003
3 4587 4586 5011
3 4587 5001 4579
3 5007 5012 5006
3 5012 5014 5013
3 5012 5013 4588
3 5006 5012 4588
3 4583 5006 4588
3 5013 4590 4588
3 5017 5016 5015
3 5019 5018 5015
3 5019 5015 5016
3 5018 5019 5010
3 5018 5010 5008
3 4593 5018 5008
3 4594 4593 5008
3 4594 5008 4585
3 5014 5020 5013
3 5013 5020 4590
3 5020 4595 4590
3 5020 5021 4595
3 5021 5023 5022
3 4596 5021 5022
3 4595 5021 4596
3 5024 4597 4596
3 5024 4596 5022
3 5024 4599 4597
3 5027 5026 5025
3 5029 5028 5025
3 5029 5025 5026
3 5031 5030 5028
3 5031 5028 5029
3 4604 4603 5030
3 5031 4604 5030
3 5032 4604 5031
3 5015 4605 5017
3 4605 5032 5017
3 4605 4604 5032
3 4605 5015 4606
3 4606 5015 5018
3 4606 5018 4593
3 5023 5033 5022
3 5022 5033 5024
3 5024 5033 5034
3 5024 5034 4599
3 5034 4607 4599
3 5034 5035 4607
3 4607 5036 4608
3 5035 5036 4607
3 4608 5037 4609
3 5036 5037 4608
3 5025 4610 5027
3 4610 5037 5027
3 4610 4609 5037
3 4610 5025 4611
3 4611 5025 5028
3 4611 5028 4612
3 4612 5028 5030
3 4612 5030 4603
3 5038 4616 4617
3 4618 5038 4617
3 5038 4621 4616
3 4624 4621 5039
3 4621 5038 5039
3 4618 4623 5039
3 4618 5039 5038
3 4625 5039 4623
3 5040 4629 5039
3 5039 4629 4624
3 4630 5041 4625
3 5041 5039 4625
3 5041 5040 5039
3 4631 5041 4630
3 5042 4636 5040
3 5040 4636 4629
3 5043 5040 5041
3 5042 5040 5043
3 4637 5044 4631
3 5044 5041 4631
3 5044 5043 5041
3 4638 5044 4637
3 5042 4641 4636
3 5042 5043 5045
3 4642 5042 5045
3 5046 4642 5045
3 5042 4642 4641
3 5048 5047 5045
3 5043 5048 5045
3 5044 5048 5043
3 4643 5049 4638
3 5049 5044 4638
3 5049 5048 5044
3 4644 5049 4643
3 5046 4647 4642
3 5050 4647 5046
3 5051 5047 5048
3 5053 5052 5051
3 5048 5053 5051
3 5049 5053 5048
3 4648 5054 4644
3 5054 5049 4644
3 5054 5053 5049
3 4649 5054 4648
3 5050 4651 4647
3 5055 4651 5050
3 5052 5053 5056
3 5052 5056 5057
3 5058 5053 5054
3 5056 5053 5058
3 4652 5059 4649
3 5059 5054 4649
3 5059 5058 5054
3 4654 5059 4652
3 5055 4655 4651
3 5060 4655 5055
3 5061 5057 5056
3 5063 5062 5061
3 5056 5063 5061
3 5058 5063 5056
3 5064 5058 5059
3 5063 5058 5064
3 4657 5064 4654
3 4654 5064 5059
3 5060 4659 4655
3 5065 4659 5060
3 5066 5062 5063
3 5068 5067 5066
3 5063 5068 5066
3 5064 5068 5063
3 4661 5068 4657
3 4657 5068 5064
3 5065 4664 4659
3 5069 4664 5065
3 5067 5068 5070
3 5067 5070 5071
3 4665 5072 4661
3 5072 5068 4661
3 5072 5070 5068
3 4666 5072 4665
3 5069 4669 4664
3 5073 4669 5069
3 5074 5071 5070
3 5076 5075 5074
3 5070 5076 5074
3 5072 5076 5070
3 4671 5076 4666
3 4666 5076 5072
3 5073 4673 4669
3 5077 4673 5073
3 5075 5076 5078
3 5075 5078 5079
3 4675 5078 4671
3 4671 5078 5076
3 5077 4678 4673
3 5080 4678 5077
3 5079 5078 5081
3 5079 5081 5082
3 4680 5081 4675
3 4675 5081 5078
3 5085 5084 5083
3 5080 5085 5083
3 4683 5080 5083
3 4678 5080 4683
3 5082 5081 5086
3 5082 5086 5087
3 4685 5086 4680
3 4680 5086 5081
3 5083 5084 5088
3 5088 5084 5089
3 5088 4688 4683
3 5088 4683 5083
3 5090 5087 5086
3 5086 4685 5090
3 4685 5091 5090
3 4685 4690 5091
3 5088 5089 5092
3 5092 5089 5093
3 5092 4693 4688
3 5092 4688 5088
3 4690 4694 5094
3 5095 4690 5094
3 5091 4690 5095
3 4695 5094 4694
3 5092 5093 4703
3 5093 4702 4703
3 5093 5096 4702
3 5092 4703 4693
3 5095 5094 5097
3 5095 5097 5098
3 4704 5097 4695
3 4695 5097 5094
3 5100 5099 4707
3 4707 5099 4706
3 5102 5100 5101
3 5100 4708 5101
3 5100 4707 4708
3 4709 5103 4708
3 4708 5103 5101
3 4710 5104 4709
3 4709 5104 5103
3 4711 5104 4710
3 5107 5106 5105
3 5096 5107 5105
3 4718 5096 5105
3 4702 5096 4718
3 5098 5097 5108
3 5098 5108 5109
3 4719 5108 4704
3 4704 5108 5097
3 5110 4720 4722
3 5111 5110 4722
3 4706 5111 4722
3 5099 5111 4706
3 5112 5102 5101
3 5112 5101 5103
3 5112 5103 5113
3 5113 5103 5104
3 5113 5104 5114
3 5114 5104 4711
3 4723 5114 4711
3 5115 5114 4723
3 5116 4723 4724
3 5116 5115 4723
3 5118 5116 5117
3 5116 4725 5117
3 5116 4724 4725
3 4726 5119 4725
3 4725 5119 5117
3 4727 5120 4726
3 4726 5120 5119
3 4729 5120 4727
3 5105 5106 5121
3 5121 5106 5122
3 5121 4731 4718
3 5121 4718 5105
3 5109 5108 5123
3 5109 5123 5124
3 4732 5123 4719
3 4719 5123 5108
3 5126 5125 5110
3 5125 4720 5110
3 5125 4733 4720
3 5126 5110 5111
3 5127 5118 5117
3 5127 5117 5119
3 5127 5119 5128
3 5128 5119 5120
3 5128 5120 5129
3 5131 5129 5130
3 5130 5129 4734
3 5129 5120 4734
3 5120 4729 4734
3 4736 5130 4734
3 5121 5122 4740
3 5122 4739 4740
3 5122 5132 4739
3 5121 4740 4731
3 5124 5123 5133
3 5124 5133 5134
3 4743 5133 4732
3 4732 5133 5123
3 5125 4744 4733
3 5135 4744 5125
3 5131 5130 5136
3 5131 5136 5137
3 4746 5136 4736
3 4736 5136 5130
3 5140 5139 5138
3 5132 5140 5138
3 4751 5132 5138
3 4739 5132 4751
3 5134 5133 5141
3 5134 5141 5142
3 4753 5141 4743
3 4743 5141 5133
3 5135 4755 4744
3 5143 4755 5135
3 5144 5137 5136
3 5146 5144 5145
3 5145 5144 4756
3 5144 5136 4756
3 5136 4746 4756
3 4757 5147 4756
3 4756 5147 5145
3 4758 5148 4757
3 4757 5148 5147
3 4759 5148 4758
3 5138 5139 5149
3 5149 5139 5150
3 5149 4762 4751
3 5149 4751 5138
3 5153 5152 5151
3 5151 5152 5142
3 5151 5142 5141
3 4764 5151 5141
3 4763 4764 5141
3 4763 5141 4753
3 5143 5154 4755
3 4755 5154 4765
3 4766 4765 5154
3 4766 5154 5155
3 5156 5146 5145
3 5156 5145 5147
3 5156 5147 5157
3 5157 5147 5148
3 5157 5148 5158
3 5160 5158 5159
3 5159 5158 4767
3 5158 5148 4767
3 5148 4759 4767
3 4768 5159 4767
3 5163 5162 5161
3 5163 5161 5150
3 5150 5161 5149
3 5161 4770 5149
3 4770 4771 5149
3 5149 4771 4762
3 5153 5151 5164
3 5153 5164 5165
3 4772 5164 4764
3 4764 5164 5151
3 5155 4773 4766
3 5166 4773 5155
3 5160 5159 5167
3 5160 5167 5168
3 4774 5167 4768
3 4768 5167 5159
3 5161 5162 5169
3 5169 5162 5170
3 5169 4776 4770
3 5169 4770 5161
3 5165 5164 5171
3 5165 5171 5172
3 4777 5171 4772
3 4772 5171 5164
3 5166 5173 4773
3 4773 5173 4778
3 4779 4778 5173
3 4779 5173 5174
3 5168 5167 5175
3 5168 5175 5176
3 4780 5175 4774
3 4774 5175 5167
3 5179 5178 5177
3 5179 5177 5170
3 5170 5177 5169
3 5177 4782 5169
3 4782 4783 5169
3 5169 4783 4776
3 5172 5171 4784
3 4785 5172 4784
3 5180 5172 4785
3 4784 5171 4777
3 5174 5181 4779
3 4779 5181 4786
3 4787 4786 5181
3 4787 5181 5182
3 5176 5175 4788
3 4789 5176 4788
3 5183 5176 4789
3 4788 5175 4780
3 5177 5178 5184
3 5184 5178 5185
3 5184 4791 4782
3 5184 4782 5177
3 4792 5180 4785
3 4792 5186 5180
3 5182 4794 4787
3 5187 4794 5182
3 4795 5183 4789
3 4795 5188 5183
3 5191 5190 5189
3 5191 5189 5185
3 5185 5189 5184
3 5189 4797 5184
3 4797 4798 5184
3 5184 4798 4791
3 4800 5186 4792
3 4800 5192 5186
3 5195 5194 5193
3 4801 4802 5193
3 4802 5195 5193
3 4802 5196 5195
3 5197 4802 4803
3 5197 5196 4802
3 5198 4803 4804
3 5198 5197 4803
3 5199 4804 4805
3 5199 5198 4804
3 5201 5199 5200
3 5199 4806 5200
3 5199 4805 4806
3 4807 5200 4806
3 5203 4808 5202
3 4808 5187 5202
3 4808 4794 5187
3 5204 5203 5202
3 5206 5205 4810
3 5206 4810 4811
3 4795 4810 5188
3 5188 4810 5205
3 5189 5190 5207
3 5207 5190 5208
3 5207 4813 4797
3 5207 4797 5189
3 4815 5209 4814
3 5209 5210 4814
3 5210 4800 4814
3 5210 5192 4800
3 5193 5194 4817
3 5194 4816 4817
3 5194 5211 4816
3 5193 4817 4801
3 5212 5201 5200
3 5214 5212 5213
3 5213 5212 4818
3 5212 5200 4818
3 5200 4807 4818
3 5215 5213 4818
3 5215 4818 4808
3 5216 5215 4808
3 5203 5216 4808
3 5216 5203 5204
3 5219 5218 5217
3 5218 5206 5217
3 5206 4819 5217
3 5206 4811 4819
3 5222 5221 5220
3 5222 5220 5208
3 5208 5220 5207
3 5220 4821 5207
3 4821 4822 5207
3 5207 4822 4813
3 5224 5223 5209
3 4815 5224 5209
3 4824 5224 4815
3 5209 5223 5210
3 5226 5225 4827
3 4827 5225 4826
3 4827 4816 5211
3 4827 5211 5226
3 5227 5214 5213
3 5227 5213 5215
3 5219 5217 4829
3 4830 5219 4829
3 5228 5219 4830
3 4829 5217 4819
3 5231 5230 5229
3 5231 5229 5221
3 5221 5229 5220
3 5229 4832 5220
3 4832 4833 5220
3 5220 4833 4821
3 4836 5224 4824
3 4836 5232 5224
3 5225 4837 4826
3 5233 4837 5225
3 5235 5234 4839
3 5235 4839 4840
3 4830 4839 5228
3 5228 4839 5234
3 5229 5230 5236
3 5236 5230 5237
3 5236 4842 4832
3 5236 4832 5229
3 4844 5238 4843
3 5238 5239 4843
3 5239 4836 4843
3 5239 5232 4836
3 5233 4846 4837
3 5240 4846 5233
3 5242 5241 4848
3 5242 4848 4849
3 4840 4848 5235
3 5235 4848 5241
3 5245 5244 5243
3 5245 5243 5237
3 5237 5243 5236
3 5243 4851 5236
3 4851 4852 5236
3 5236 4852 4842
3 5247 5246 5238
3 4844 5247 5238
3 4855 5247 4844
3 5238 5246 5239
3 5240 5248 4846
3 4846 5248 4856
3 4857 4856 5248
3 4857 5248 5249
3 5252 5251 5250
3 4859 4860 5250
3 5251 4859 5250
3 5253 4859 5251
3 4849 4859 5242
3 5242 4859 5253
3 5243 5244 5254
3 5254 5244 5255
3 5254 4863 4851
3 5254 4851 5243
3 4865 5256 4864
3 5256 5257 4864
3 5257 4855 4864
3 5257 5247 4855
3 5249 5258 4857
3 4857 5258 4866
3 4867 4866 5258
3 4867 5258 5259
3 5252 5250 5260
3 5252 5260 5261
3 4869 5260 4860
3 4860 5260 5250
3 5264 5263 5262
3 5264 5262 5255
3 5255 5262 5254
3 5262 4872 5254
3 4872 4873 5254
3 5254 4873 4863
3 5266 5265 5256
3 4865 5266 5256
3 4874 5266 4865
3 5256 5265 5257
3 5259 4875 4867
3 5267 4875 5259
3 5270 5269 5268
3 5268 5269 5261
3 5260 5268 5261
3 5271 5268 5260
3 4877 5271 4869
3 4869 5271 5260
3 5274 5273 5272
3 5276 5275 5272
3 5272 5275 5274
3 5275 5276 5263
3 5263 5276 5262
3 5276 4880 5262
3 4880 4881 5262
3 5262 4881 4872
3 4883 5277 4882
3 5277 5278 4882
3 5278 4874 4882
3 5278 5266 4874
3 5280 4884 5279
3 4884 5267 5279
3 4884 4875 5267
3 5281 5280 5279
3 5270 5268 5282
3 5270 5282 5283
3 4887 5282 4886
3 5282 5271 4886
3 5282 5268 5271
3 4886 5271 4877
3 5286 5285 5284
3 5286 5284 5273
3 5284 5272 5273
3 5284 5287 5272
3 5287 4890 4891
3 5276 5287 4891
3 5272 5287 5276
3 5276 4891 4880
3 5289 5288 5277
3 4883 5289 5277
3 4893 5289 4883
3 5277 5288 5278
3 5280 4894 4884
3 4895 4894 5280
3 5281 4895 5280
3 5290 4895 5281
3 5293 5292 5291
3 5291 5292 5283
3 5282 5291 5283
3 5294 5291 5282
3 4897 5294 4887
3 4887 5294 5282
3 5297 5296 5295
3 5297 5295 5285
3 5295 5284 5285
3 5295 5298 5284
3 5298 4899 4900
3 5287 5298 4900
3 5284 5298 5287
3 5287 4900 4890
3 4902 5299 4901
3 5299 5300 4901
3 5300 4893 4901
3 5300 5289 4893
3 5302 4903 5301
3 4903 5290 5301
3 4903 4895 5290
3 5303 5302 5301
3 5306 5305 5304
3 5308 5307 5304
3 5308 5304 5305
3 5307 5308 5293
3 5291 5307 5293
3 5309 5307 5291
3 4906 5309 4905
3 5309 5294 4905
3 5309 5291 5294
3 4905 5294 4897
3 5312 5311 5310
3 5312 5310 5296
3 5310 5295 5296
3 5310 5313 5295
3 5313 4909 4910
3 5298 5313 4910
3 5295 5313 5298
3 5298 4910 4899
3 5315 5314 5299
3 4902 5315 5299
3 4912 5315 4902
3 5299 5314 5300
3 5316 4913 5302
3 5302 4913 4903
3 5302 5303 5317
3 5302 5317 5316
3 5320 5319 5318
3 5318 5319 5306
3 5304 5318 5306
3 5321 5318 5304
3 5322 5304 5307
3 5321 5304 5322
3 4916 5322 4915
3 5322 5309 4915
3 5322 5307 5309
3 4915 5309 4906
3 5325 5324 5323
3 5327 5326 5323
3 5323 5326 5325
3 5326 5327 5311
3 5311 5327 5310
3 5327 4919 5310
3 4919 4920 5310
3 5310 4920 4921
3 5310 4921 5313
3 5313 4921 4909
3 5329 5328 4925
3 5329 4925 4924
3 4912 4925 5315
3 5315 4925 5328
3 5316 4926 4913
3 4928 4926 5316
3 5317 4928 5316
3 5330 4928 5317
3 5320 5318 5331
3 5320 5331 5332
3 5333 5318 5321
3 5331 5318 5333
3 4931 5333 4930
3 5333 5322 4930
3 5333 5321 5322
3 4930 5322 4916
3 5336 5335 5334
3 5338 5337 5334
3 5334 5337 5336
3 5337 5338 5324
3 5338 5323 5324
3 5338 5339 5323
3 5339 4934 4935
3 5327 5339 4935
3 5323 5339 5327
3 5327 4935 4919
3 5341 5340 4937
3 5341 4937 4938
3 4924 4937 5329
3 5329 4937 5340
3 5343 4939 5342
3 4939 5330 5342
3 4939 4928 5330
3 5344 5343 5342
3 5347 5346 5345
3 5345 5346 5332
3 5331 5345 5332
3 5348 5345 5331
3 4942 5348 4941
3 5348 5333 4941
3 5348 5331 5333
3 4941 5333 4931
3 5351 5350 5349
3 5353 5352 5349
3 5349 5352 5351
3 5352 5353 5335
3 5353 5334 5335
3 5353 5354 5334
3 5354 4945 4946
3 5338 5354 4946
3 5334 5354 5338
3 5338 4946 4947
3 5338 4947 5339
3 5339 4947 4934
3 5357 5356 5355
3 5356 5341 5355
3 5341 4950 5355
3 5341 4938 4950
3 5343 4951 4939
3 5359 5358 4952
3 5359 4952 4951
3 5344 5359 4951
3 5343 5344 4951
3 5360 5358 5359
3 5361 5347 5345
3 5361 5363 5362
3 5361 5364 5363
3 5364 5361 4955
3 5345 4955 5361
3 4955 5345 4954
3 5363 4954 5345
3 5345 5348 5363
3 5363 5348 5362
3 5364 4954 5363
3 5362 5348 5365
3 5348 4942 5365
3 4954 5364 5365
3 4954 5365 4942
3 5368 5367 5366
3 5370 5369 5366
3 5366 5369 5368
3 5372 5371 5370
3 5370 5371 5369
3 5371 5372 5350
3 5372 5349 5350
3 5372 5373 5349
3 5373 4957 4958
3 5353 5373 4958
3 5349 5373 5353
3 5353 4958 4959
3 5353 4959 5354
3 5354 4959 4945
3 5376 5375 5374
3 5374 5375 5357
3 5374 5357 5355
3 4962 5374 5355
3 4963 4962 5355
3 4963 5355 4950
3 5358 4964 4952
3 4966 4964 5358
3 5360 4966 5358
3 5377 4966 5360
3 4968 5378 5364
3 4968 5364 4955
3 5365 5364 5379
3 5364 5380 5379
3 5364 5378 5380
3 5379 5380 5367
3 5380 5366 5367
3 5380 5381 5366
3 5366 5382 5370
3 5366 5381 5382
3 5382 4970 4971
3 5372 5382 4971
3 5370 5382 5372
3 5372 4971 4972
3 5372 4972 5373
3 5373 4972 4957
3 5385 5384 5383
3 5383 5384 5376
3 5383 5376 5374
3 4976 5383 5374
3 4975 4976 5374
3 4975 5374 4962
3 4977 4966 5386
3 4966 5387 5386
3 4966 5377 5387
3 5386 4978 4977
3 4980 5378 4968
3 5378 4980 4981
3 5378 4981 5380
3 5380 4981 4983
3 5380 4983 5381
3 5381 4983 4985
3 5381 4985 5382
3 5382 4985 4970
3 5390 5389 5388
3 5388 5389 5385
3 5388 5385 5383
3 4988 5388 5383
3 4987 4988 5383
3 4987 5383 4976
3 5386 5387 5391
3 5391 5387 5392
3 5391 4990 4978
3 5391 4978 5386
3 5395 5394 5393
3 5393 5394 5390
3 5393 5390 5388
3 4992 5393 5388
3 4991 4992 5388
3 4991 5388 4988
3 5391 5392 5396
3 5396 5392 5397
3 5396 4994 4990
3 5396 4990 5391
3 5400 5399 5398
3 5398 5399 5395
3 5398 5395 5393
3 4997 5398 5393
3 4996 4997 5393
3 4996 5393 4992
3 5397 5401 5396
3 5401 5403 5402
3 5401 5402 4998
3 5396 5401 4998
3 4994 5396 4998
3 5402 5000 4998
3 5406 5405 5404
3 5002 5003 5404
3 5405 5002 5404
3 5407 5002 5405
3 5398 5004 5400
3 5004 5407 5400
3 5004 5002 5407
3 5004 5398 4997
3 5403 5408 5402
3 5408 5410 5409
3 5408 5409 5005
3 5402 5408 5005
3 5000 5402 5005
3 5409 5007 5005
3 5413 5412 5411
3 5009 5010 5411
3 5412 5009 5411
3 5414 5009 5412
3 5404 5011 5406
3 5011 5414 5406
3 5011 5009 5414
3 5011 5404 5003
3 5410 5415 5409
3 5415 5417 5416
3 5415 5416 5012
3 5409 5415 5012
3 5007 5409 5012
3 5416 5014 5012
3 5420 5419 5418
3 5422 5421 5418
3 5422 5418 5419
3 5016 5017 5421
3 5422 5016 5421
3 5423 5016 5422
3 5411 5019 5413
3 5019 5423 5413
3 5019 5016 5423
3 5019 5411 5010
3 5417 5424 5416
3 5416 5424 5014
3 5424 5020 5014
3 5424 5425 5020
3 5425 5427 5426
3 5021 5425 5426
3 5020 5425 5021
3 5023 5021 5426
3 5430 5429 5428
3 5432 5431 5430
3 5432 5430 5428
3 5434 5433 5431
3 5434 5431 5432
3 5436 5435 5433
3 5436 5433 5434
3 5438 5437 5435
3 5438 5435 5436
3 5026 5027 5437
3 5438 5026 5437
3 5439 5026 5438
3 5026 5440 5029
3 5439 5440 5026
3 5418 5031 5420
3 5031 5440 5420
3 5031 5029 5440
3 5031 5418 5032
3 5032 5418 5421
3 5032 5421 5017
3 5427 5441 5426
3 5429 5430 5441
3 5430 5033 5441
3 5023 5426 5441
3 5023 5441 5033
3 5033 5430 5034
3 5034 5430 5431
3 5034 5431 5035
3 5035 5431 5433
3 5035 5433 5036
3 5036 5433 5435
3 5036 5435 5037
3 5037 5435 5437
3 5037 5437 5027
3 5442 5046 5045
3 5047 5442 5045
3 5443 5050 5442
3 5442 5050 5046
3 5051 5444 5047
3 5444 5442 5047
3 5444 5443 5442
3 5052 5444 5051
3 5446 5445 5443
3 5445 5050 5443
3 5445 5055 5050
3 5448 5447 5446
3 5443 5448 5446
3 5444 5448 5443
3 5057 5448 5052
3 5052 5448 5444
3 5445 5060 5055
3 5449 5060 5445
3 5447 5448 5450
3 5447 5450 5451
3 5061 5452 5057
3 5452 5448 5057
3 5452 5450 5448
3 5062 5452 5061
3 5449 5065 5060
3 5453 5065 5449
3 5451 5450 5454
3 5451 5454 5455
3 5456 5450 5452
3 5454 5450 5456
3 5066 5457 5062
3 5457 5452 5062
3 5457 5456 5452
3 5067 5457 5066
3 5453 5069 5065
3 5458 5069 5453
3 5459 5455 5454
3 5461 5460 5459
3 5454 5461 5459
3 5456 5461 5454
3 5462 5456 5457
3 5461 5456 5462
3 5071 5462 5067
3 5067 5462 5457
3 5458 5073 5069
3 5463 5073 5458
3 5464 5460 5461
3 5466 5465 5464
3 5461 5466 5464
3 5462 5466 5461
3 5074 5467 5071
3 5467 5462 5071
3 5467 5466 5462
3 5075 5467 5074
3 5470 5469 5468
3 5463 5470 5468
3 5077 5463 5468
3 5073 5463 5077
3 5471 5465 5466
3 5473 5472 5471
3 5466 5473 5471
3 5467 5473 5466
3 5079 5473 5075
3 5075 5473 5467
3 5468 5469 5474
3 5474 5469 5475
3 5474 5080 5077
3 5474 5077 5468
3 5472 5473 5476
3 5472 5476 5477
3 5082 5476 5079
3 5079 5476 5473
3 5474 5475 5085
3 5475 5084 5085
3 5475 5478 5084
3 5474 5085 5080
3 5477 5476 5479
3 5477 5479 5480
3 5087 5479 5082
3 5082 5479 5476
3 5478 5089 5084
3 5481 5089 5478
3 5482 5480 5479
3 5484 5482 5483
3 5483 5482 5090
3 5482 5479 5090
3 5479 5087 5090
3 5091 5483 5090
3 5487 5486 5485
3 5481 5487 5485
3 5093 5481 5485
3 5089 5481 5093
3 5484 5483 5488
3 5484 5488 5489
3 5095 5488 5091
3 5091 5488 5483
3 5485 5486 5490
3 5490 5486 5491
3 5490 5096 5093
3 5490 5093 5485
3 5489 5488 5492
3 5489 5492 5493
3 5098 5492 5095
3 5095 5492 5488
3 5494 5099 5100
3 5102 5494 5100
3 5490 5491 5107
3 5491 5106 5107
3 5491 5495 5106
3 5490 5107 5096
3 5493 5492 5496
3 5493 5496 5497
3 5109 5496 5098
3 5098 5496 5492
3 5499 5498 5494
3 5498 5099 5494
3 5498 5111 5099
3 5499 5494 5102
3 5112 5499 5102
3 5500 5499 5112
3 5501 5112 5113
3 5501 5500 5112
3 5503 5501 5502
3 5501 5114 5502
3 5501 5113 5114
3 5115 5504 5114
3 5114 5504 5502
3 5116 5505 5115
3 5115 5505 5504
3 5118 5505 5116
3 5508 5507 5506
3 5495 5508 5506
3 5122 5495 5506
3 5106 5495 5122
3 5497 5496 5509
3 5497 5509 5510
3 5124 5509 5109
3 5109 5509 5496
3 5512 5511 5126
3 5126 5511 5125
3 5126 5111 5498
3 5126 5498 5512
3 5513 5503 5502
3 5513 5502 5504
3 5513 5504 5514
3 5514 5504 5505
3 5514 5505 5515
3 5515 5505 5118
3 5127 5515 5118
3 5516 5515 5127
3 5517 5127 5128
3 5517 5516 5127
3 5519 5517 5518
3 5517 5129 5518
3 5517 5128 5129
3 5131 5518 5129
3 5506 5507 5520
3 5520 5507 5521
3 5520 5132 5122
3 5520 5122 5506
3 5510 5509 5522
3 5510 5522 5523
3 5134 5522 5124
3 5124 5522 5509
3 5511 5135 5125
3 5524 5135 5511
3 5519 5518 5525
3 5519 5525 5526
3 5137 5525 5131
3 5131 5525 5518
3 5529 5528 5527
3 5529 5527 5521
3 5521 5527 5520
3 5527 5139 5520
3 5139 5140 5520
3 5520 5140 5132
3 5523 5522 5530
3 5523 5530 5531
3 5142 5530 5134
3 5134 5530 5522
3 5524 5143 5135
3 5532 5143 5524
3 5533 5526 5525
3 5535 5533 5534
3 5534 5533 5144
3 5533 5525 5144
3 5525 5137 5144
3 5146 5534 5144
3 5527 5528 5536
3 5536 5528 5537
3 5536 5150 5139
3 5536 5139 5527
3 5531 5530 5152
3 5153 5531 5152
3 5538 5531 5153
3 5152 5530 5142
3 5532 5539 5143
3 5143 5539 5154
3 5155 5154 5539
3 5155 5539 5540
3 5541 5535 5534
3 5543 5541 5542
3 5542 5541 5156
3 5541 5534 5156
3 5534 5146 5156
3 5157 5544 5156
3 5156 5544 5542
3 5158 5545 5157
3 5157 5545 5544
3 5160 5545 5158
3 5548 5547 5546
3 5548 5546 5537
3 5537 5546 5536
3 5546 5162 5536
3 5162 5163 5536
3 5536 5163 5150
3 5551 5550 5549
3 5550 5538 5549
3 5538 5165 5549
3 5538 5153 5165
3 5540 5166 5155
3 5552 5166 5540
3 5553 5543 5542
3 5553 5542 5544
3 5553 5544 5554
3 5556 5555 5554
3 5544 5556 5554
3 5545 5556 5544
3 5168 5556 5160
3 5160 5556 5545
3 5546 5547 5557
3 5557 5547 5558
3 5557 5170 5162
3 5557 5162 5546
3 5551 5549 5559
3 5551 5559 5560
3 5172 5559 5165
3 5165 5559 5549
3 5552 5561 5166
3 5166 5561 5173
3 5174 5173 5561
3 5174 5561 5562
3 5563 5555 5556
3 5556 5168 5563
3 5168 5564 5563
3 5168 5176 5564
3 5557 5558 5179
3 5558 5178 5179
3 5558 5565 5178
3 5557 5179 5170
3 5560 5559 5566
3 5560 5566 5567
3 5180 5566 5172
3 5172 5566 5559
3 5562 5568 5174
3 5174 5568 5181
3 5182 5181 5568
3 5182 5568 5569
3 5572 5571 5570
3 5571 5564 5570
3 5564 5183 5570
3 5564 5176 5183
3 5575 5574 5573
3 5565 5575 5573
3 5185 5565 5573
3 5178 5565 5185
3 5567 5566 5576
3 5567 5576 5577
3 5186 5576 5180
3 5180 5576 5566
3 5569 5187 5182
3 5578 5187 5569
3 5572 5570 5579
3 5572 5579 5580
3 5188 5579 5183
3 5183 5579 5570
3 5583 5582 5581
3 5583 5581 5574
3 5574 5581 5573
3 5581 5190 5573
3 5190 5191 5573
3 5573 5191 5185
3 5586 5585 5584
3 5584 5585 5577
3 5576 5584 5577
3 5587 5584 5576
3 5192 5587 5186
3 5186 5587 5576
3 5589 5588 5195
3 5195 5588 5194
3 5590 5195 5196
3 5590 5589 5195
3 5591 5196 5197
3 5591 5590 5196
3 5592 5197 5198
3 5592 5591 5197
3 5593 5198 5199
3 5593 5592 5198
3 5199 5201 5593
3 5593 5201 5594
3 5578 5595 5187
3 5187 5595 5202
3 5204 5202 5595
3 5204 5595 5596
3 5599 5598 5597
3 5597 5598 5580
3 5597 5580 5579
3 5206 5597 5579
3 5205 5206 5579
3 5205 5579 5188
3 5581 5582 5600
3 5600 5582 5601
3 5600 5208 5190
3 5600 5190 5581
3 5586 5584 5602
3 5586 5602 5603
3 5604 5584 5587
3 5602 5584 5604
3 5210 5604 5192
3 5192 5604 5587
3 5607 5606 5605
3 5588 5607 5605
3 5211 5588 5605
3 5194 5588 5211
3 5608 5594 5201
3 5608 5201 5212
3 5212 5214 5608
3 5608 5214 5609
3 5610 5215 5216
3 5611 5610 5216
3 5204 5611 5216
3 5596 5611 5204
3 5599 5597 5218
3 5219 5599 5218
3 5612 5599 5219
3 5218 5597 5206
3 5615 5614 5613
3 5615 5613 5601
3 5601 5613 5600
3 5613 5221 5600
3 5221 5222 5600
3 5600 5222 5208
3 5603 5602 5616
3 5603 5616 5617
3 5224 5616 5223
3 5616 5604 5223
3 5616 5602 5604
3 5223 5604 5210
3 5605 5606 5226
3 5606 5225 5226
3 5606 5618 5225
3 5605 5226 5211
3 5619 5609 5214
3 5619 5214 5227
3 5227 5215 5610
3 5620 5227 5610
3 5619 5227 5620
3 5620 5610 5611
3 5623 5622 5621
3 5622 5612 5621
3 5612 5228 5621
3 5612 5219 5228
3 5626 5625 5624
3 5626 5624 5614
3 5614 5624 5613
3 5624 5230 5613
3 5230 5231 5613
3 5613 5231 5221
3 5617 5616 5627
3 5617 5627 5628
3 5232 5627 5224
3 5224 5627 5616
3 5618 5233 5225
3 5629 5233 5618
3 5632 5631 5630
3 5630 5631 5623
3 5630 5623 5621
3 5235 5630 5621
3 5234 5235 5621
3 5234 5621 5228
3 5624 5625 5633
3 5633 5625 5634
3 5633 5237 5230
3 5633 5230 5624
3 5637 5636 5635
3 5635 5636 5628
3 5627 5635 5628
3 5638 5635 5627
3 5239 5638 5232
3 5232 5638 5627
3 5629 5240 5233
3 5639 5240 5629
3 5642 5641 5640
3 5640 5641 5632
3 5640 5632 5630
3 5242 5640 5630
3 5241 5242 5630
3 5241 5630 5235
3 5645 5644 5643
3 5645 5643 5634
3 5634 5643 5633
3 5643 5244 5633
3 5244 5245 5633
3 5633 5245 5237
3 5637 5635 5646
3 5637 5646 5647
3 5247 5646 5246
3 5646 5638 5246
3 5646 5635 5638
3 5246 5638 5239
3 5639 5648 5240
3 5240 5648 5248
3 5249 5248 5648
3 5249 5648 5649
3 5652 5651 5650
3 5251 5252 5650
3 5651 5251 5650
3 5653 5251 5651
3 5640 5253 5642
3 5253 5653 5642
3 5253 5251 5653
3 5253 5640 5242
3 5656 5655 5654
3 5656 5654 5644
3 5654 5643 5644
3 5654 5657 5643
3 5657 5255 5244
3 5657 5244 5643
3 5660 5659 5658
3 5658 5659 5647
3 5646 5658 5647
3 5661 5658 5646
3 5257 5661 5247
3 5247 5661 5646
3 5649 5662 5249
3 5249 5662 5258
3 5259 5258 5662
3 5259 5662 5663
3 5666 5665 5664
3 5664 5665 5652
3 5650 5664 5652
3 5667 5664 5650
3 5261 5667 5252
3 5252 5667 5650
3 5670 5669 5668
3 5670 5668 5655
3 5668 5654 5655
3 5668 5671 5654
3 5671 5263 5264
3 5657 5671 5264
3 5654 5671 5657
3 5657 5264 5255
3 5660 5658 5672
3 5660 5672 5673
3 5266 5672 5265
3 5672 5661 5265
3 5672 5658 5661
3 5265 5661 5257
3 5663 5267 5259
3 5674 5267 5663
3 5677 5676 5675
3 5675 5676 5666
3 5664 5675 5666
3 5678 5675 5664
3 5270 5678 5269
3 5678 5667 5269
3 5678 5664 5667
3 5269 5667 5261
3 5681 5680 5679
3 5681 5679 5669
3 5669 5679 5668
3 5679 5273 5668
3 5273 5274 5668
3 5668 5274 5275
3 5668 5275 5671
3 5671 5275 5263
3 5684 5683 5682
3 5682 5683 5673
3 5672 5682 5673
3 5685 5682 5672
3 5278 5685 5266
3 5266 5685 5672
3 5674 5686 5267
3 5267 5686 5279
3 5281 5279 5686
3 5281 5686 5687
3 5677 5675 5688
3 5677 5688 5689
3 5690 5675 5678
3 5688 5675 5690
3 5283 5690 5270
3 5270 5690 5678
3 5693 5692 5691
3 5693 5691 5680
3 5680 5691 5679
3 5691 5285 5679
3 5285 5286 5679
3 5679 5286 5273
3 5684 5682 5694
3 5684 5694 5695
3 5289 5694 5288
3 5694 5685 5288
3 5694 5682 5685
3 5288 5685 5278
3 5687 5290 5281
3 5696 5290 5687
3 5699 5698 5697
3 5701 5700 5697
3 5701 5697 5698
3 5700 5701 5689
3 5688 5700 5689
3 5702 5700 5688
3 5293 5702 5292
3 5702 5690 5292
3 5702 5688 5690
3 5292 5690 5283
3 5705 5704 5703
3 5707 5706 5703
3 5703 5706 5705
3 5706 5707 5692
3 5692 5707 5691
3 5707 5296 5691
3 5296 5297 5691
3 5691 5297 5285
3 5710 5709 5708
3 5708 5709 5695
3 5694 5708 5695
3 5711 5708 5694
3 5300 5711 5289
3 5289 5711 5694
3 5696 5712 5290
3 5290 5712 5301
3 5303 5301 5712
3 5303 5712 5713
3 5699 5697 5714
3 5699 5714 5715
3 5306 5714 5305
3 5714 5700 5305
3 5714 5697 5700
3 5305 5700 5308
3 5308 5700 5702
3 5308 5702 5293
3 5718 5717 5716
3 5718 5716 5704
3 5716 5703 5704
3 5716 5719 5703
3 5719 5311 5312
3 5707 5719 5312
3 5703 5719 5707
3 5707 5312 5296
3 5722 5721 5720
3 5720 5721 5710
3 5708 5720 5710
3 5723 5720 5708
3 5315 5723 5314
3 5723 5711 5314
3 5723 5708 5711
3 5314 5711 5300
3 5725 5317 5724
3 5317 5713 5724
3 5317 5303 5713
3 5726 5725 5724
3 5729 5728 5727
3 5727 5728 5715
3 5727 5715 5714
3 5320 5727 5714
3 5319 5320 5714
3 5319 5714 5306
3 5732 5731 5730
3 5734 5733 5730
3 5730 5733 5732
3 5736 5735 5734
3 5734 5735 5733
3 5735 5736 5717
3 5717 5736 5716
3 5736 5324 5716
3 5324 5325 5716
3 5716 5325 5326
3 5716 5326 5719
3 5719 5326 5311
3 5722 5720 5737
3 5722 5737 5738
3 5329 5737 5328
3 5737 5723 5328
3 5737 5720 5723
3 5328 5723 5315
3 5739 5330 5725
3 5725 5330 5317
3 5725 5726 5740
3 5725 5740 5739
3 5729 5727 5741
3 5729 5741 5742
3 5332 5741 5320
3 5320 5741 5727
3 5745 5744 5743
3 5747 5746 5743
3 5743 5746 5745
3 5746 5747 5731
3 5747 5730 5731
3 5747 5748 5730
3 5748 5335 5336
3 5734 5748 5336
3 5730 5748 5734
3 5734 5336 5337
3 5734 5337 5736
3 5736 5337 5324
3 5751 5750 5749
3 5749 5750 5738
3 5749 5738 5737
3 5341 5749 5737
3 5340 5341 5737
3 5340 5737 5329
3 5739 5342 5330
3 5344 5342 5739
3 5740 5344 5739
3 5752 5344 5740
3 5346 5347 5753
3 5741 5754 5742
3 5754 5741 5755
3 5332 5755 5741
3 5755 5332 5756
3 5346 5756 5332
3 5756 5346 5753
3 5758 5757 5756
3 5756 5757 5755
3 5760 5759 5758
3 5758 5759 5757
3 5762 5761 5760
3 5760 5761 5759
3 5761 5762 5744
3 5762 5743 5744
3 5762 5763 5743
3 5763 5350 5351
3 5747 5763 5351
3 5743 5763 5747
3 5747 5351 5352
3 5747 5352 5748
3 5748 5352 5335
3 5766 5765 5764
3 5764 5765 5751
3 5764 5751 5749
3 5357 5764 5749
3 5356 5357 5749
3 5356 5749 5341
3 5359 5344 5767
3 5344 5768 5767
3 5344 5752 5768
3 5767 5360 5359
3 5361 5753 5347
3 5753 5361 5362
3 5753 5362 5756
3 5756 5362 5365
3 5769 5756 5365
3 5758 5756 5769
3 5769 5367 5368
3 5760 5769 5368
3 5758 5769 5760
3 5760 5368 5369
3 5760 5369 5762
3 5762 5369 5371
3 5762 5371 5763
3 5763 5371 5350
3 5772 5771 5770
3 5770 5771 5766
3 5770 5766 5764
3 5376 5770 5764
3 5375 5376 5764
3 5375 5764 5357
3 5768 5773 5767
3 5360 5767 5773
3 5774 5360 5773
3 5377 5360 5774
3 5379 5769 5365
3 5769 5379 5367
3 5777 5776 5775
3 5775 5776 5772
3 5775 5772 5770
3 5385 5775 5770
3 5384 5385 5770
3 5384 5770 5376
3 5774 5387 5377
3 5778 5387 5774
3 5781 5780 5779
3 5779 5780 5777
3 5779 5777 5775
3 5390 5779 5775
3 5389 5390 5775
3 5389 5775 5385
3 5778 5392 5387
3 5782 5392 5778
3 5785 5784 5783
3 5783 5784 5781
3 5783 5781 5779
3 5395 5783 5779
3 5394 5395 5779
3 5394 5779 5390
3 5782 5397 5392
3 5786 5397 5782
3 5789 5788 5787
3 5787 5788 5785
3 5787 5785 5783
3 5400 5787 5783
3 5399 5400 5783
3 5399 5783 5395
3 5786 5790 5397
3 5397 5790 5401
3 5403 5401 5790
3 5403 5790 5791
3 5794 5793 5792
3 5405 5406 5792
3 5793 5405 5792
3 5795 5405 5793
3 5787 5407 5789
3 5407 5795 5789
3 5407 5405 5795
3 5407 5787 5400
3 5791 5796 5403
3 5403 5796 5408
3 5410 5408 5796
3 5410 5796 5797
3 5800 5799 5798
3 5412 5413 5798
3 5799 5412 5798
3 5801 5412 5799
3 5792 5414 5794
3 5414 5801 5794
3 5414 5412 5801
3 5414 5792 5406
3 5797 5802 5410
3 5410 5802 5415
3 5417 5415 5802
3 5417 5802 5803
3 5806 5805 5804
3 5808 5807 5804
3 5808 5804 5805
3 5419 5420 5807
3 5808 5419 5807
3 5809 5419 5808
3 5419 5810 5422
3 5809 5810 5419
3 5798 5423 5800
3 5423 5810 5800
3 5423 5422 5810
3 5423 5798 5413
3 5803 5811 5417
3 5417 5811 5424
3 5811 5813 5812
3 5425 5811 5812
3 5424 5811 5425
3 5427 5425 5812
3 5816 5815 5814
3 5428 5429 5816
3 5814 5428 5816
3 5817 5428 5814
3 5428 5818 5432
3 5817 5818 5428
3 5432 5819 5434
3 5818 5819 5432
3 5434 5820 5436
3 5819 5820 5434
3 5436 5821 5438
3 5820 5821 5436
3 5804 5439 5806
3 5439 5821 5806
3 5439 5438 5821
3 5439 5804 5440
3 5440 5804 5807
3 5440 5807 5420
3 5813 5822 5812
3 5815 5816 5822
3 5816 5441 5822
3 5427 5812 5822
3 5427 5822 5441
3 5441 5816 5429
3 5823 5445 5446
3 5447 5823 5446
3 5824 5449 5823
3 5823 5449 5445
3 5451 5824 5447
3 5447 5824 5823
3 5825 5453 5824
3 5824 5453 5449
3 5455 5825 5451
3 5451 5825 5824
3 5827 5826 5825
3 5826 5453 5825
3 5826 5458 5453
3 5829 5827 5828
3 5828 5827 5459
3 5827 5825 5459
3 5825 5455 5459
3 5460 5828 5459
3 5826 5463 5458
3 5830 5463 5826
3 5829 5828 5831
3 5829 5831 5832
3 5464 5833 5460
3 5833 5828 5460
3 5833 5831 5828
3 5465 5833 5464
3 5834 5469 5470
3 5835 5834 5470
3 5463 5835 5470
3 5830 5835 5463
3 5832 5831 5836
3 5832 5836 5837
3 5838 5831 5833
3 5836 5831 5838
3 5471 5839 5465
3 5839 5833 5465
3 5839 5838 5833
3 5472 5839 5471
3 5840 5475 5834
3 5834 5475 5469
3 5834 5835 5841
3 5834 5841 5840
3 5842 5837 5836
3 5844 5843 5842
3 5836 5844 5842
3 5838 5844 5836
3 5845 5838 5839
3 5844 5838 5845
3 5477 5845 5472
3 5472 5845 5839
3 5847 5846 5840
3 5846 5475 5840
3 5846 5478 5475
3 5847 5840 5841
3 5848 5843 5844
3 5850 5849 5848
3 5844 5850 5848
3 5845 5850 5844
3 5480 5850 5477
3 5477 5850 5845
3 5846 5481 5478
3 5851 5481 5846
3 5849 5850 5852
3 5849 5852 5853
3 5482 5854 5480
3 5854 5850 5480
3 5854 5852 5850
3 5484 5854 5482
3 5856 5855 5487
3 5487 5855 5486
3 5487 5481 5851
3 5487 5851 5856
3 5857 5853 5852
3 5859 5858 5857
3 5852 5859 5857
3 5854 5859 5852
3 5489 5859 5484
3 5484 5859 5854
3 5855 5491 5486
3 5860 5491 5855
3 5858 5859 5861
3 5858 5861 5862
3 5493 5861 5489
3 5489 5861 5859
3 5865 5864 5863
3 5860 5865 5863
3 5495 5860 5863
3 5491 5860 5495
3 5862 5861 5866
3 5862 5866 5867
3 5497 5866 5493
3 5493 5866 5861
3 5869 5868 5499
3 5499 5868 5498
3 5871 5869 5870
3 5869 5500 5870
3 5869 5499 5500
3 5501 5872 5500
3 5500 5872 5870
3 5503 5872 5501
3 5875 5874 5873
3 5875 5873 5864
3 5864 5873 5863
3 5873 5507 5863
3 5507 5508 5863
3 5863 5508 5495
3 5867 5866 5876
3 5867 5876 5877
3 5510 5876 5497
3 5497 5876 5866
3 5878 5511 5512
3 5879 5878 5512
3 5498 5879 5512
3 5868 5879 5498
3 5880 5871 5870
3 5880 5870 5872
3 5880 5872 5881
3 5881 5872 5503
3 5513 5881 5503
3 5882 5881 5513
3 5884 5882 5883
3 5882 5514 5883
3 5882 5513 5514
3 5515 5885 5514
3 5514 5885 5883
3 5516 5886 5515
3 5515 5886 5885
3 5517 5887 5516
3 5516 5887 5886
3 5519 5887 5517
3 5873 5874 5888
3 5888 5874 5889
3 5888 5521 5507
3 5888 5507 5873
3 5877 5876 5890
3 5877 5890 5891
3 5523 5890 5510
3 5510 5890 5876
3 5892 5524 5878
3 5878 5524 5511
3 5878 5879 5893
3 5878 5893 5892
3 5894 5884 5883
3 5894 5883 5885
3 5894 5885 5895
3 5895 5885 5886
3 5895 5886 5896
3 5898 5897 5896
3 5886 5898 5896
3 5887 5898 5886
3 5526 5898 5519
3 5519 5898 5887
3 5901 5900 5899
3 5901 5899 5889
3 5889 5899 5888
3 5899 5528 5888
3 5528 5529 5888
3 5888 5529 5521
3 5891 5890 5902
3 5891 5902 5903
3 5531 5902 5523
3 5523 5902 5890
3 5904 5532 5892
3 5892 5532 5524
3 5892 5893 5905
3 5892 5905 5904
3 5906 5897 5898
3 5908 5906 5907
3 5907 5906 5533
3 5906 5898 5533
3 5898 5526 5533
3 5535 5907 5533
3 5899 5900 5909
3 5909 5900 5910
3 5909 5537 5528
3 5909 5528 5899
3 5903 5902 5911
3 5903 5911 5912
3 5538 5911 5531
3 5531 5911 5902
3 5904 5539 5532
3 5540 5539 5904
3 5905 5540 5904
3 5913 5540 5905
3 5908 5907 5914
3 5908 5914 5915
3 5541 5916 5535
3 5916 5907 5535
3 5916 5914 5907
3 5543 5916 5541
3 5919 5918 5917
3 5919 5917 5910
3 5910 5917 5909
3 5917 5547 5909
3 5547 5548 5909
3 5909 5548 5537
3 5912 5911 5550
3 5551 5912 5550
3 5920 5912 5551
3 5550 5911 5538
3 5913 5552 5540
3 5921 5552 5913
3 5922 5915 5914
3 5922 5914 5916
3 5922 5916 5923
3 5925 5923 5924
3 5924 5923 5553
3 5923 5916 5553
3 5916 5543 5553
3 5554 5926 5553
3 5553 5926 5924
3 5555 5926 5554
3 5917 5918 5927
3 5927 5918 5928
3 5927 5558 5547
3 5927 5547 5917
3 5931 5930 5929
3 5930 5920 5929
3 5920 5560 5929
3 5920 5551 5560
3 5921 5932 5552
3 5552 5932 5561
3 5562 5561 5932
3 5562 5932 5933
3 5934 5925 5924
3 5936 5935 5934
3 5924 5936 5934
3 5926 5936 5924
3 5563 5937 5555
3 5937 5926 5555
3 5937 5936 5926
3 5564 5937 5563
3 5927 5928 5938
3 5938 5928 5939
3 5938 5565 5558
3 5938 5558 5927
3 5931 5929 5940
3 5931 5940 5941
3 5567 5940 5560
3 5560 5940 5929
3 5933 5942 5562
3 5562 5942 5568
3 5569 5568 5942
3 5569 5942 5943
3 5935 5936 5944
3 5935 5944 5945
3 5572 5944 5571
3 5944 5937 5571
3 5944 5936 5937
3 5571 5937 5564
3 5948 5947 5946
3 5948 5946 5939
3 5939 5946 5938
3 5946 5574 5938
3 5574 5575 5938
3 5938 5575 5565
3 5941 5940 5949
3 5941 5949 5950
3 5577 5949 5567
3 5567 5949 5940
3 5943 5578 5569
3 5951 5578 5943
3 5945 5944 5952
3 5945 5952 5953
3 5580 5952 5572
3 5572 5952 5944
3 5946 5947 5583
3 5947 5582 5583
3 5947 5954 5582
3 5946 5583 5574
3 5950 5949 5585
3 5586 5950 5585
3 5955 5950 5586
3 5585 5949 5577
3 5957 5956 5589
3 5589 5956 5588
3 5958 5589 5590
3 5958 5957 5589
3 5959 5590 5591
3 5959 5958 5590
3 5960 5591 5592
3 5960 5959 5591
3 5961 5592 5593
3 5961 5960 5592
3 5593 5594 5961
3 5961 5594 5962
3 5951 5963 5578
3 5578 5963 5595
3 5596 5595 5963
3 5596 5963 5964
3 5967 5966 5965
3 5965 5966 5953
3 5965 5953 5952
3 5599 5965 5952
3 5598 5599 5952
3 5598 5952 5580
3 5970 5969 5968
3 5954 5970 5968
3 5601 5954 5968
3 5582 5954 5601
3 5603 5955 5586
3 5603 5971 5955
3 5973 5972 5607
3 5607 5972 5606
3 5607 5588 5956
3 5607 5956 5973
3 5974 5962 5594
3 5974 5594 5608
3 5608 5609 5974
3 5974 5609 5975
3 5964 5611 5596
3 5976 5611 5964
3 5967 5965 5977
3 5967 5977 5978
3 5612 5977 5599
3 5599 5977 5965
3 5981 5980 5979
3 5981 5979 5969
3 5969 5979 5968
3 5979 5614 5968
3 5614 5615 5968
3 5968 5615 5601
3 5984 5983 5982
3 5983 5971 5982
3 5971 5617 5982
3 5971 5603 5617
3 5972 5618 5606
3 5985 5618 5972
3 5986 5975 5609
3 5986 5609 5619
3 5988 5986 5987
3 5986 5620 5987
3 5986 5619 5620
3 5989 5987 5620
3 5611 5989 5620
3 5976 5989 5611
3 5992 5991 5990
3 5990 5991 5978
3 5990 5978 5977
3 5623 5990 5977
3 5622 5623 5977
3 5622 5977 5612
3 5995 5994 5993
3 5995 5993 5980
3 5980 5993 5979
3 5993 5625 5979
3 5625 5626 5979
3 5979 5626 5614
3 5984 5982 5996
3 5984 5996 5997
3 5628 5996 5617
3 5617 5996 5982
3 5985 5629 5618
3 5998 5629 5985
3 5999 5988 5987
3 5999 5987 5989
3 5992 5990 5631
3 5632 5992 5631
3 6000 5992 5632
3 5631 5990 5623
3 5993 5994 6001
3 6001 5994 6002
3 6001 5634 5625
3 6001 5625 5993
3 6005 6004 6003
3 6003 6004 5997
3 6003 5997 5996
3 5637 6003 5996
3 5636 5637 5996
3 5636 5996 5628
3 5998 5639 5629
3 6006 5639 5998
3 6009 6008 6007
3 5641 5642 6007
3 6008 5641 6007
3 6010 5641 6008
3 5632 5641 6000
3 6000 5641 6010
3 6013 6012 6011
3 6013 6011 6002
3 6002 6011 6001
3 6011 5644 6001
3 5644 5645 6001
3 6001 5645 5634
3 6005 6003 6014
3 6005 6014 6015
3 5647 6014 5637
3 5637 6014 6003
3 6006 6016 5639
3 5639 6016 5648
3 5649 5648 6016
3 5649 6016 6017
3 6020 6019 6018
3 6022 6021 6018
3 6022 6018 6019
3 6024 6023 6021
3 6024 6021 6022
3 5651 5652 6023
3 6024 5651 6023
3 6025 5651 6024
3 6007 5653 6009
3 5653 6025 6009
3 5653 5651 6025
3 5653 6007 5642
3 6028 6027 6026
3 6028 6026 6012
3 6012 6026 6011
3 6026 5655 6011
3 5655 5656 6011
3 6011 5656 5644
3 6015 6014 5659
3 5660 6015 5659
3 6029 6015 5660
3 5659 6014 5647
3 6017 6030 5649
3 5649 6030 5662
3 5663 5662 6030
3 5663 6030 6031
3 6020 6018 6032
3 6020 6032 6033
3 6034 6018 6021
3 6032 6018 6034
3 5666 6034 5665
3 6034 6023 5665
3 6034 6021 6023
3 5665 6023 5652
3 6037 6036 6035
3 6037 6035 6027
3 6027 6035 6026
3 6035 5669 6026
3 5669 5670 6026
3 6026 5670 5655
3 6040 6039 6038
3 6039 6029 6038
3 6029 5673 6038
3 6029 5660 5673
3 6031 5674 5663
3 6041 5674 6031
3 6033 6032 6042
3 6033 6042 6043
3 5677 6042 5676
3 6042 6034 5676
3 6042 6032 6034
3 5676 6034 5666
3 6046 6045 6044
3 6048 6047 6044
3 6044 6047 6046
3 6047 6048 6036
3 6036 6048 6035
3 6048 5680 6035
3 5680 5681 6035
3 6035 5681 5669
3 6051 6050 6049
3 6049 6050 6040
3 6049 6040 6038
3 5684 6049 6038
3 5683 5684 6038
3 5683 6038 5673
3 6041 6052 5674
3 5674 6052 5686
3 5687 5686 6052
3 5687 6052 6053
3 6056 6055 6054
3 6054 6055 6043
3 6042 6054 6043
3 6057 6054 6042
3 5689 6057 5677
3 5677 6057 6042
3 6060 6059 6058
3 6060 6058 6045
3 6058 6044 6045
3 6058 6061 6044
3 6061 5692 5693
3 6048 6061 5693
3 6044 6061 6048
3 6048 5693 5680
3 6051 6049 6062
3 6051 6062 6063
3 5695 6062 5684
3 5684 6062 6049
3 6065 5696 6064
3 5696 6053 6064
3 5696 5687 6053
3 6066 6065 6064
3 6069 6068 6067
3 6067 6068 6056
3 6067 6056 6054
3 5699 6067 6054
3 5698 5699 6054
3 5698 6054 5701
3 5701 6054 6057
3 5701 6057 5689
3 6072 6071 6070
3 6074 6073 6070
3 6070 6073 6072
3 6073 6074 6059
3 6059 6074 6058
3 6074 5704 6058
3 5704 5705 6058
3 6058 5705 5706
3 6058 5706 6061
3 6061 5706 5692
3 6077 6076 6075
3 6075 6076 6063
3 6075 6063 6062
3 5710 6075 6062
3 5709 5710 6062
3 5709 6062 5695
3 6065 5712 5696
3 5713 5712 6065
3 6066 5713 6065
3 6078 5713 6066
3 6069 6067 6079
3 6069 6079 6080
3 5715 6079 5699
3 5699 6079 6067
3 6083 6082 6081
3 6085 6084 6081
3 6081 6084 6083
3 6087 6086 6085
3 6085 6086 6084
3 6089 6088 6087
3 6087 6088 6086
3 6088 6089 6071
3 6089 6070 6071
3 6089 6090 6070
3 6090 5717 5718
3 6074 6090 5718
3 6070 6090 6074
3 6074 5718 5704
3 6077 6075 5721
3 5722 6077 5721
3 6091 6077 5722
3 5721 6075 5710
3 6078 6092 5713
3 5713 6092 5724
3 5726 5724 6092
3 5726 6092 6093
3 6080 6079 5728
3 5729 6080 5728
3 6094 6080 5729
3 5728 6079 5715
3 6097 6096 6095
3 6099 6098 6096
3 6096 6098 6095
3 6101 6100 6099
3 6099 6100 6098
3 6103 6102 6101
3 6101 6102 6100
3 6102 6103 6082
3 6103 6081 6082
3 6103 6104 6081
3 6081 6105 6085
3 6081 6104 6105
3 6105 5731 5732
3 6087 6105 5732
3 6085 6105 6087
3 6087 5732 5733
3 6087 5733 6089
3 6089 5733 5735
3 6089 5735 6090
3 6090 5735 5717
3 6108 6107 6106
3 6107 6091 6106
3 6091 5738 6106
3 6091 5722 5738
3 6093 5740 5726
3 6109 5740 6093
3 5742 6111 6110
3 6094 5742 6110
3 5729 5742 6094
3 6110 6111 6097
3 6111 6096 6097
3 6111 6112 6096
3 6096 6113 6099
3 6096 6112 6113
3 6099 6114 6101
3 6099 6113 6114
3 6101 6115 6103
3 6101 6114 6115
3 6115 5744 5745
3 6104 6115 5745
3 6103 6115 6104
3 6104 5745 5746
3 6104 5746 6105
3 6105 5746 5731
3 6118 6117 6116
3 6116 6117 6108
3 6116 6108 6106
3 5751 6116 6106
3 5750 5751 6106
3 5750 6106 5738
3 6109 5752 5740
3 6119 5752 6109
3 5754 6111 5742
3 6111 5754 5755
3 6111 5755 6112
3 6112 5755 5757
3 6112 5757 6113
3 6113 5757 5759
3 6113 5759 6114
3 6114 5759 5761
3 6114 5761 6115
3 6115 5761 5744
3 6122 6121 6120
3 6120 6121 6118
3 6120 6118 6116
3 5766 6120 6116
3 5765 5766 6116
3 5765 6116 5751
3 6119 5768 5752
3 6123 5768 6119
3 6122 6120 5771
3 5772 6122 5771
3 6124 6122 5772
3 5771 6120 5766
3 5773 5768 6125
3 5768 6126 6125
3 5768 6123 6126
3 6125 5774 5773
3 6128 6127 5776
3 6128 5776 5777
3 5772 5776 6124
3 6124 5776 6127
3 6126 6129 6125
3 5774 6125 6129
3 6130 5774 6129
3 5778 5774 6130
3 6133 6132 6131
3 5780 5781 6131
3 6132 5780 6131
3 6134 5780 6132
3 5777 5780 6128
3 6128 5780 6134
3 6130 5782 5778
3 6135 5782 6130
3 6138 6137 6136
3 6136 6137 6133
3 6136 6133 6131
3 5785 6136 6131
3 5784 5785 6131
3 5784 6131 5781
3 6135 5786 5782
3 6139 5786 6135
3 6142 6141 6140
3 6140 6141 6138
3 6140 6138 6136
3 5789 6140 6136
3 5788 5789 6136
3 5788 6136 5785
3 6139 6143 5786
3 5786 6143 5790
3 5791 5790 6143
3 5791 6143 6144
3 6147 6146 6145
3 5793 5794 6145
3 6146 5793 6145
3 6148 5793 6146
3 6140 5795 6142
3 5795 6148 6142
3 5795 5793 6148
3 5795 6140 5789
3 6144 6149 5791
3 5791 6149 5796
3 5797 5796 6149
3 5797 6149 6150
3 6153 6152 6151
3 5799 5800 6151
3 6152 5799 6151
3 6154 5799 6152
3 6145 5801 6147
3 5801 6154 6147
3 5801 5799 6154
3 5801 6145 5794
3 6150 6155 5797
3 5797 6155 5802
3 5803 5802 6155
3 5803 6155 6156
3 6159 6158 6157
3 6161 6160 6157
3 6161 6157 6158
3 6163 6162 6160
3 6163 6160 6161
3 6165 6164 6162
3 6165 6162 6163
3 6167 6166 6164
3 6167 6164 6165
3 5805 5806 6166
3 6167 5805 6166
3 6168 5805 6167
3 5805 6169 5808
3 6168 6169 5805
3 5808 6170 5809
3 6169 6170 5808
3 6151 5810 6153
3 5810 6170 6153
3 5810 5809 6170
3 5810 6151 5800
3 6156 6171 5803
3 5803 6171 5811
3 6173 6172 5813
3 5811 6173 5813
3 6171 6173 5811
3 5814 5815 6172
3 6173 5814 6172
3 6174 5814 6173
3 6157 5817 6159
3 5817 6174 6159
3 5817 5814 6174
3 5817 6157 5818
3 5818 6157 6160
3 5818 6160 5819
3 5819 6160 6162
3 5819 6162 5820
3 5820 6162 6164
3 5820 6164 5821
3 5821 6164 6166
3 5821 6166 5806
3 6172 5822 5813
3 5822 6172 5815
3 6175 5826 5827
3 5829 6175 5827
3 6176 5830 6175
3 6175 5830 5826
3 5832 6176 5829
3 5829 6176 6175
3 6177 5835 6176
3 6176 5835 5830
3 5837 6177 5832
3 5832 6177 6176
3 6178 5841 6177
3 6177 5841 5835
3 5842 6179 5837
3 6179 6177 5837
3 6179 6178 6177
3 5843 6179 5842
3 6180 5846 5847
3 5841 6178 5847
3 6178 6180 5847
3 6178 6181 6180
3 6182 6178 6179
3 6181 6178 6182
3 5848 6183 5843
3 6183 6179 5843
3 6183 6182 6179
3 5849 6183 5848
3 6185 6184 6180
3 6184 5846 6180
3 6184 5851 5846
3 6185 6180 6181
3 6185 6181 6186
3 6188 6187 6186
3 6181 6188 6186
3 6182 6188 6181
3 6189 6182 6183
3 6188 6182 6189
3 5853 6189 5849
3 5849 6189 6183
3 6190 5855 5856
3 6191 6190 5856
3 5851 6191 5856
3 6184 6191 5851
3 6187 6188 6192
3 6187 6192 6193
3 6194 6188 6189
3 6192 6188 6194
3 5857 6195 5853
3 6195 6189 5853
3 6195 6194 6189
3 5858 6195 5857
3 6197 6196 6190
3 6196 5855 6190
3 6196 5860 5855
3 6197 6190 6191
3 6198 6193 6192
3 6200 6199 6198
3 6192 6200 6198
3 6194 6200 6192
3 6201 6194 6195
3 6200 6194 6201
3 5862 6201 5858
3 5858 6201 6195
3 6203 6202 5865
3 5865 6202 5864
3 5865 5860 6196
3 5865 6196 6203
3 6199 6200 6204
3 6199 6204 6205
3 6206 6200 6201
3 6204 6200 6206
3 5867 6206 5862
3 5862 6206 6201
3 6207 5868 5869
3 5871 6207 5869
3 6209 6208 5875
3 5875 6208 5874
3 5875 5864 6202
3 5875 6202 6209
3 6210 6205 6204
3 6212 6211 6210
3 6204 6212 6210
3 6206 6212 6204
3 5877 6212 5867
3 5867 6212 6206
3 6214 6213 6207
3 6213 5868 6207
3 6213 5879 5868
3 6214 6207 5871
3 5880 6214 5871
3 6215 6214 5880
3 6216 5880 5881
3 6216 6215 5880
3 6218 6216 6217
3 6216 5882 6217
3 6216 5881 5882
3 5884 6217 5882
3 6208 5889 5874
3 6219 5889 6208
3 6211 6212 6220
3 6211 6220 6221
3 5891 6220 5877
3 5877 6220 6212
3 6213 5893 5879
3 6222 5893 6213
3 6223 6218 6217
3 6223 6217 5884
3 5894 6223 5884
3 6224 6223 5894
3 6226 6224 6225
3 6224 5895 6225
3 6224 5894 5895
3 5896 6227 5895
3 5895 6227 6225
3 5897 6227 5896
3 6229 6228 5901
3 5901 6228 5900
3 5901 5889 6219
3 5901 6219 6229
3 6221 6220 6230
3 6221 6230 6231
3 5903 6230 5891
3 5891 6230 6220
3 6222 5905 5893
3 6232 5905 6222
3 6233 6226 6225
3 6235 6234 6233
3 6225 6235 6233
3 6227 6235 6225
3 5906 6236 5897
3 6236 6227 5897
3 6236 6235 6227
3 5908 6236 5906
3 6239 6238 6237
3 6228 6239 6237
3 5910 6228 6237
3 5900 6228 5910
3 6231 6230 6240
3 6231 6240 6241
3 5912 6240 5903
3 5903 6240 6230
3 6232 5913 5905
3 6242 5913 6232
3 6243 6234 6235
3 6245 6244 6243
3 6235 6245 6243
3 6236 6245 6235
3 5915 6245 5908
3 5908 6245 6236
3 6248 6247 6246
3 6248 6246 6238
3 6238 6246 6237
3 6246 5918 6237
3 5918 5919 6237
3 6237 5919 5910
3 6241 6240 6249
3 6241 6249 6250
3 5920 6249 5912
3 5912 6249 6240
3 6252 5921 6251
3 5921 6242 6251
3 5921 5913 6242
3 6253 6252 6251
3 6244 6245 6254
3 6244 6254 6255
3 5922 6256 5915
3 6256 6245 5915
3 6256 6254 6245
3 5923 6257 5922
3 5922 6257 6256
3 5925 6257 5923
3 6246 6247 6258
3 6258 6247 6259
3 6258 5928 5918
3 6258 5918 6246
3 6250 6249 5930
3 5931 6250 5930
3 6260 6250 5931
3 5930 6249 5920
3 6252 5932 5921
3 6262 6261 5933
3 6262 5933 5932
3 6253 6262 5932
3 6252 6253 5932
3 6263 6261 6262
3 6264 6255 6254
3 6266 6265 6264
3 6254 6266 6264
3 6256 6266 6254
3 6267 6256 6257
3 6266 6256 6267
3 5934 6268 5925
3 6268 6257 5925
3 6268 6267 6257
3 5935 6268 5934
3 6271 6270 6269
3 6271 6269 6259
3 6269 6258 6259
3 6269 6272 6258
3 6272 5939 5928
3 6272 5928 6258
3 5941 6260 5931
3 5941 6273 6260
3 6261 5942 5933
3 5943 5942 6261
3 6263 5943 6261
3 6274 5943 6263
3 6275 6265 6266
3 6275 6266 6267
3 6275 6267 6276
3 6278 6277 6276
3 6267 6278 6276
3 6268 6278 6267
3 5945 6278 5935
3 5935 6278 6268
3 6269 6270 6279
3 6279 6270 6280
3 6279 5947 5948
3 6272 6279 5948
3 6269 6279 6272
3 6272 5948 5939
3 6283 6282 6281
3 6282 6273 6281
3 6273 5950 6281
3 6273 5941 5950
3 6285 5951 6284
3 5951 6274 6284
3 5951 5943 6274
3 6286 6285 6284
3 6277 6278 6287
3 6277 6287 6288
3 5953 6287 5945
3 5945 6287 6278
3 6291 6290 6289
3 6291 6289 6280
3 6289 6279 6280
3 6289 6292 6279
3 6292 5954 5947
3 6292 5947 6279
3 6283 6281 6293
3 6283 6293 6294
3 5955 6293 5950
3 5950 6293 6281
3 6295 5956 5957
3 6295 5957 6296
3 5957 6297 6296
3 5957 5958 6297
3 6298 5958 5959
3 6298 6297 5958
3 6299 5959 5960
3 6299 6298 5959
3 6301 6299 6300
3 6299 5961 6300
3 6299 5960 5961
3 5962 6300 5961
3 6285 5963 5951
3 5964 5963 6285
3 6286 5964 6285
3 6302 5964 6286
3 6288 6287 5966
3 5967 6288 5966
3 6303 6288 5967
3 5966 6287 5953
3 6289 6290 6304
3 6304 6290 6305
3 6304 5969 5970
3 6292 6304 5970
3 6289 6304 6292
3 6292 5970 5954
3 6294 6293 6306
3 6294 6306 6307
3 5971 6306 5955
3 5955 6306 6293
3 6308 5972 5973
3 6309 6308 5973
3 6309 5973 5956
3 6310 6309 5956
3 6295 6310 5956
3 6310 6295 6296
3 6311 6301 6300
3 6311 6300 5962
3 5974 6311 5962
3 6312 6311 5974
3 5974 5975 6312
3 6312 5975 6313
3 6302 5976 5964
3 6314 5976 6302
3 6317 6316 6315
3 6316 6303 6315
3 6303 5978 6315
3 6303 5967 5978
3 6320 6319 6318
3 6320 6318 6305
3 6305 6318 6304
3 6318 5980 6304
3 5980 5981 6304
3 6304 5981 5969
3 6323 6322 6321
3 6321 6322 6307
3 6321 6307 6306
3 5984 6321 6306
3 5983 5984 6306
3 5983 6306 5971
3 6325 6324 6308
3 6324 5972 6308
3 6324 5985 5972
3 6325 6308 6309
3 5975 5986 6326
3 6327 5975 6326
3 6313 5975 6327
3 5988 6326 5986
3 6314 5989 5976
3 6328 5989 6314
3 6317 6315 5991
3 5992 6317 5991
3 6329 6317 5992
3 5991 6315 5978
3 6332 6331 6330
3 6332 6330 6319
3 6319 6330 6318
3 6330 5994 6318
3 5994 5995 6318
3 6318 5995 5980
3 6323 6321 6333
3 6323 6333 6334
3 5997 6333 5984
3 5984 6333 6321
3 6324 5998 5985
3 6335 5998 6324
3 6336 6327 6326
3 6338 6336 6337
3 6337 6336 5999
3 6336 6326 5999
3 6326 5988 5999
3 6339 6337 5999
3 5989 6339 5999
3 6328 6339 5989
3 6342 6341 6340
3 6341 6329 6340
3 6329 6000 6340
3 6329 5992 6000
3 6330 6331 6343
3 6343 6331 6344
3 6343 6002 5994
3 6343 5994 6330
3 6334 6333 6004
3 6005 6334 6004
3 6345 6334 6005
3 6004 6333 5997
3 6335 6006 5998
3 6346 6006 6335
3 6338 6337 6347
3 6338 6347 6348
3 6337 6339 6349
3 6350 6337 6349
3 6347 6337 6350
3 6352 6351 6350
3 6352 6350 6349
3 6354 6353 6351
3 6354 6351 6352
3 6356 6355 6353
3 6356 6353 6354
3 6008 6009 6355
3 6356 6008 6355
3 6357 6008 6356
3 6340 6010 6342
3 6010 6357 6342
3 6010 6008 6357
3 6010 6340 6000
3 6360 6359 6358
3 6360 6358 6344
3 6344 6358 6343
3 6358 6012 6343
3 6012 6013 6343
3 6343 6013 6002
3 6363 6362 6361
3 6362 6345 6361
3 6345 6015 6361
3 6345 6005 6015
3 6346 6364 6006
3 6006 6364 6016
3 6017 6016 6364
3 6017 6364 6365
3 6348 6347 6366
3 6348 6366 6367
3 6020 6366 6019
3 6366 6350 6019
3 6366 6347 6350
3 6019 6350 6022
3 6022 6350 6351
3 6022 6351 6024
3 6024 6351 6353
3 6024 6353 6025
3 6025 6353 6355
3 6025 6355 6009
3 6370 6369 6368
3 6370 6368 6359
3 6359 6368 6358
3 6368 6027 6358
3 6027 6028 6358
3 6358 6028 6012
3 6363 6361 6371
3 6363 6371 6372
3 6029 6371 6015
3 6015 6371 6361
3 6030 6017 6373
3 6017 6374 6373
3 6017 6365 6374
3 6373 6031 6030
3 6367 6366 6375
3 6367 6375 6376
3 6033 6375 6020
3 6020 6375 6366
3 6379 6378 6377
3 6381 6380 6377
3 6377 6380 6379
3 6380 6381 6369
3 6369 6381 6368
3 6381 6036 6368
3 6036 6037 6368
3 6368 6037 6027
3 6384 6383 6382
3 6382 6383 6372
3 6382 6372 6371
3 6040 6382 6371
3 6039 6040 6371
3 6039 6371 6029
3 6374 6385 6373
3 6031 6373 6385
3 6386 6031 6385
3 6041 6031 6386
3 6376 6375 6387
3 6376 6387 6388
3 6043 6387 6033
3 6033 6387 6375
3 6391 6390 6389
3 6391 6389 6378
3 6378 6389 6377
3 6389 6045 6377
3 6045 6046 6377
3 6377 6046 6047
3 6377 6047 6381
3 6381 6047 6036
3 6384 6382 6050
3 6051 6384 6050
3 6392 6384 6051
3 6050 6382 6040
3 6386 6393 6041
3 6041 6393 6052
3 6053 6052 6393
3 6053 6393 6394
3 6388 6387 6055
3 6056 6388 6055
3 6395 6388 6056
3 6055 6387 6043
3 6398 6397 6396
3 6400 6399 6396
3 6396 6399 6398
3 6402 6401 6400
3 6400 6401 6399
3 6401 6402 6390
3 6390 6402 6389
3 6402 6059 6389
3 6059 6060 6389
3 6389 6060 6045
3 6405 6404 6403
3 6404 6392 6403
3 6392 6063 6403
3 6392 6051 6063
3 6064 6053 6406
3 6053 6407 6406
3 6053 6394 6407
3 6406 6066 6064
3 6069 6408 6068
3 6395 6056 6409
3 6056 6408 6409
3 6408 6410 6409
3 6056 6068 6408
3 6412 6411 6410
3 6410 6411 6409
3 6414 6413 6412
3 6412 6413 6411
3 6416 6415 6414
3 6414 6415 6413
3 6418 6417 6416
3 6416 6417 6415
3 6420 6419 6418
3 6418 6419 6417
3 6422 6421 6420
3 6420 6421 6419
3 6421 6422 6397
3 6422 6396 6397
3 6422 6423 6396
3 6423 6071 6072
3 6400 6423 6072
3 6396 6423 6400
3 6400 6072 6073
3 6400 6073 6402
3 6402 6073 6059
3 6405 6403 6076
3 6077 6405 6076
3 6424 6405 6077
3 6076 6403 6063
3 6407 6425 6406
3 6066 6406 6425
3 6426 6066 6425
3 6078 6066 6426
3 6080 6427 6408
3 6080 6408 6069
3 6408 6428 6410
3 6408 6427 6428
3 6410 6429 6412
3 6410 6428 6429
3 6412 6430 6414
3 6412 6429 6430
3 6414 6431 6416
3 6414 6430 6431
3 6431 6082 6083
3 6418 6431 6083
3 6416 6431 6418
3 6418 6083 6084
3 6418 6084 6420
3 6420 6084 6086
3 6420 6086 6422
3 6422 6086 6088
3 6422 6088 6423
3 6423 6088 6071
3 6434 6433 6432
3 6433 6424 6432
3 6424 6091 6432
3 6424 6077 6091
3 6092 6078 6435
3 6078 6436 6435
3 6078 6426 6436
3 6435 6093 6092
3 6094 6437 6427
3 6094 6427 6080
3 6437 6097 6095
3 6428 6437 6095
3 6427 6437 6428
3 6428 6095 6098
3 6428 6098 6429
3 6429 6098 6100
3 6429 6100 6430
3 6430 6100 6102
3 6430 6102 6431
3 6431 6102 6082
3 6440 6439 6438
3 6438 6439 6434
3 6438 6434 6432
3 6108 6438 6432
3 6107 6108 6432
3 6107 6432 6091
3 6435 6436 6441
3 6441 6436 6442
3 6441 6109 6093
3 6441 6093 6435
3 6110 6437 6094
3 6437 6110 6097
3 6445 6444 6443
3 6443 6444 6440
3 6443 6440 6438
3 6118 6443 6438
3 6117 6118 6438
3 6117 6438 6108
3 6442 6446 6441
3 6109 6441 6446
3 6447 6109 6446
3 6119 6109 6447
3 6445 6443 6121
3 6122 6445 6121
3 6448 6445 6122
3 6121 6443 6118
3 6447 6123 6119
3 6449 6123 6447
3 6452 6451 6450
3 6451 6448 6450
3 6448 6124 6450
3 6448 6122 6124
3 6449 6126 6123
3 6453 6126 6449
3 6456 6455 6454
3 6454 6455 6452
3 6454 6452 6450
3 6128 6454 6450
3 6127 6128 6450
3 6127 6450 6124
3 6453 6457 6126
3 6126 6457 6129
3 6130 6129 6457
3 6130 6457 6458
3 6460 6459 6132
3 6460 6132 6133
3 6454 6134 6456
3 6134 6459 6456
3 6134 6132 6459
3 6134 6454 6128
3 6458 6135 6130
3 6461 6135 6458
3 6463 6462 6137
3 6463 6137 6138
3 6133 6137 6460
3 6460 6137 6462
3 6465 6139 6464
3 6139 6461 6464
3 6139 6135 6461
3 6466 6465 6464
3 6469 6468 6467
3 6141 6142 6467
3 6468 6141 6467
3 6470 6141 6468
3 6138 6141 6463
3 6463 6141 6470
3 6465 6143 6139
3 6144 6143 6465
3 6466 6144 6465
3 6471 6144 6466
3 6474 6473 6472
3 6146 6147 6472
3 6473 6146 6472
3 6475 6146 6473
3 6467 6148 6469
3 6148 6475 6469
3 6148 6146 6475
3 6148 6467 6142
3 6471 6476 6144
3 6144 6476 6149
3 6150 6149 6476
3 6150 6476 6477
3 6480 6479 6478
3 6482 6481 6478
3 6482 6478 6479
3 6484 6483 6481
3 6484 6481 6482
3 6152 6153 6483
3 6484 6152 6483
3 6485 6152 6484
3 6472 6154 6474
3 6154 6485 6474
3 6154 6152 6485
3 6154 6472 6147
3 6477 6486 6150
3 6150 6486 6155
3 6488 6487 6156
3 6155 6488 6156
3 6486 6488 6155
3 6489 6487 6488
3 6491 6490 6158
3 6491 6158 6159
3 6158 6492 6161
3 6490 6492 6158
3 6161 6493 6163
3 6492 6493 6161
3 6163 6494 6165
3 6493 6494 6163
3 6165 6495 6167
3 6494 6495 6165
3 6478 6168 6480
3 6168 6495 6480
3 6168 6167 6495
3 6168 6478 6169
3 6169 6478 6481
3 6169 6481 6170
3 6170 6481 6483
3 6170 6483 6153
3 6487 6171 6156
3 6489 6496 6487
3 6496 6171 6487
3 6496 6173 6171
3 6173 6497 6174
3 6496 6497 6173
3 6159 6174 6491
3 6491 6174 6497
3 6498 6184 6185
3 6186 6499 6185
3 6185 6499 6498
3 6187 6499 6186
3 6500 6191 6498
3 6498 6191 6184
3 6501 6498 6499
3 6500 6498 6501
3 6193 6501 6187
3 6187 6501 6499
3 6503 6502 6197
3 6197 6502 6196
3 6503 6197 6191
3 6504 6503 6191
3 6500 6504 6191
3 6503 6504 6505
3 6506 6500 6501
3 6504 6500 6506
3 6198 6507 6193
3 6507 6501 6193
3 6507 6506 6501
3 6199 6507 6198
3 6508 6202 6203
3 6509 6508 6203
3 6196 6509 6203
3 6502 6509 6196
3 6505 6504 6510
3 6505 6510 6511
3 6512 6504 6506
3 6510 6504 6512
3 6513 6506 6507
3 6512 6506 6513
3 6205 6513 6199
3 6199 6513 6507
3 6514 6208 6209
3 6515 6514 6209
3 6515 6209 6202
3 6516 6515 6202
3 6508 6516 6202
3 6516 6508 6509
3 6517 6511 6510
3 6519 6518 6517
3 6510 6519 6517
3 6512 6519 6510
3 6520 6512 6513
3 6519 6512 6520
3 6210 6521 6205
3 6521 6513 6205
3 6521 6520 6513
3 6211 6521 6210
3 6522 6213 6214
3 6522 6214 6523
3 6214 6524 6523
3 6214 6215 6524
3 6526 6524 6525
3 6524 6216 6525
3 6524 6215 6216
3 6218 6525 6216
3 6528 6527 6514
3 6527 6208 6514
3 6527 6219 6208
3 6528 6514 6515
3 6529 6518 6519
3 6531 6530 6529
3 6519 6531 6529
3 6520 6531 6519
3 6532 6520 6521
3 6531 6520 6532
3 6221 6532 6211
3 6211 6532 6521
3 6534 6533 6522
3 6533 6213 6522
3 6533 6222 6213
3 6534 6522 6523
3 6535 6526 6525
3 6535 6525 6218
3 6223 6535 6218
3 6536 6535 6223
3 6538 6536 6537
3 6536 6224 6537
3 6536 6223 6224
3 6226 6537 6224
3 6540 6539 6229
3 6229 6539 6228
3 6229 6219 6527
3 6229 6527 6540
3 6541 6530 6531
3 6543 6542 6541
3 6531 6543 6541
3 6532 6543 6531
3 6231 6543 6221
3 6221 6543 6532
3 6533 6232 6222
3 6544 6232 6533
3 6545 6538 6537
3 6547 6545 6546
3 6546 6545 6233
3 6545 6537 6233
3 6537 6226 6233
3 6234 6546 6233
3 6549 6548 6239
3 6239 6548 6238
3 6239 6228 6539
3 6239 6539 6549
3 6542 6543 6550
3 6542 6550 6551
3 6241 6550 6231
3 6231 6550 6543
3 6544 6242 6232
3 6552 6242 6544
3 6547 6546 6553
3 6547 6553 6554
3 6243 6555 6234
3 6555 6546 6234
3 6555 6553 6546
3 6244 6555 6243
3 6557 6556 6248
3 6248 6556 6247
3 6248 6238 6548
3 6248 6548 6557
3 6551 6550 6558
3 6551 6558 6559
3 6250 6558 6241
3 6241 6558 6550
3 6552 6560 6242
3 6242 6560 6251
3 6253 6251 6560
3 6253 6560 6561
3 6562 6554 6553
3 6564 6563 6562
3 6553 6564 6562
3 6555 6564 6553
3 6255 6564 6244
3 6244 6564 6555
3 6567 6566 6565
3 6556 6567 6565
3 6259 6556 6565
3 6247 6556 6259
3 6559 6558 6568
3 6559 6568 6569
3 6260 6568 6250
3 6250 6568 6558
3 6561 6570 6253
3 6253 6570 6262
3 6263 6262 6570
3 6263 6570 6571
3 6563 6564 6572
3 6563 6572 6573
3 6264 6574 6255
3 6574 6564 6255
3 6574 6572 6564
3 6265 6574 6264
3 6577 6576 6575
3 6577 6575 6566
3 6566 6575 6565
3 6575 6270 6565
3 6270 6271 6565
3 6565 6271 6259
3 6569 6568 6578
3 6569 6578 6579
3 6273 6578 6260
3 6260 6578 6568
3 6581 6274 6580
3 6274 6571 6580
3 6274 6263 6571
3 6582 6581 6580
3 6583 6573 6572
3 6585 6584 6583
3 6572 6585 6583
3 6574 6585 6572
3 6275 6586 6265
3 6586 6574 6265
3 6586 6585 6574
3 6276 6587 6275
3 6275 6587 6586
3 6277 6587 6276
3 6575 6576 6588
3 6588 6576 6589
3 6588 6280 6270
3 6588 6270 6575
3 6592 6591 6590
3 6590 6591 6579
3 6590 6579 6578
3 6283 6590 6578
3 6282 6283 6578
3 6282 6578 6273
3 6581 6284 6274
3 6286 6284 6581
3 6582 6286 6581
3 6593 6286 6582
3 6594 6584 6585
3 6596 6595 6594
3 6585 6596 6594
3 6586 6596 6585
3 6597 6586 6587
3 6596 6586 6597
3 6288 6597 6277
3 6277 6597 6587
3 6600 6599 6598
3 6600 6598 6589
3 6589 6598 6588
3 6598 6290 6588
3 6290 6291 6588
3 6588 6291 6280
3 6592 6590 6601
3 6592 6601 6602
3 6294 6601 6283
3 6283 6601 6590
3 6604 6603 6297
3 6297 6603 6296
3 6605 6297 6298
3 6605 6604 6297
3 6606 6298 6299
3 6606 6605 6298
3 6299 6301 6606
3 6606 6301 6607
3 6593 6302 6286
3 6608 6302 6593
3 6595 6596 6609
3 6595 6609 6610
3 6611 6596 6597
3 6609 6596 6611
3 6303 6611 6288
3 6288 6611 6597
3 6614 6613 6612
3 6614 6612 6599
3 6612 6598 6599
3 6612 6615 6598
3 6615 6305 6290
3 6615 6290 6598
3 6602 6601 6616
3 6602 6616 6617
3 6307 6616 6294
3 6294 6616 6601
3 6619 6618 6310
3 6310 6618 6309
3 6310 6296 6603
3 6310 6603 6619
3 6620 6607 6301
3 6620 6301 6311
3 6622 6620 6621
3 6620 6312 6621
3 6620 6311 6312
3 6313 6621 6312
3 6624 6314 6623
3 6314 6608 6623
3 6314 6302 6608
3 6625 6624 6623
3 6610 6609 6626
3 6610 6626 6627
3 6317 6626 6316
3 6626 6611 6316
3 6626 6609 6611
3 6316 6611 6303
3 6612 6613 6628
3 6628 6613 6629
3 6628 6319 6320
3 6615 6628 6320
3 6612 6628 6615
3 6615 6320 6305
3 6617 6616 6322
3 6323 6617 6322
3 6630 6617 6323
3 6322 6616 6307
3 6631 6324 6325
3 6632 6631 6325
3 6309 6632 6325
3 6618 6632 6309
3 6633 6622 6621
3 6621 6313 6633
3 6313 6634 6633
3 6313 6327 6634
3 6635 6328 6624
3 6624 6328 6314
3 6624 6625 6636
3 6624 6636 6635
3 6639 6638 6637
3 6637 6638 6627
3 6626 6637 6627
3 6640 6637 6626
3 6329 6640 6317
3 6317 6640 6626
3 6643 6642 6641
3 6643 6641 6629
3 6629 6641 6628
3 6641 6331 6628
3 6331 6332 6628
3 6628 6332 6319
3 6646 6645 6644
3 6645 6630 6644
3 6630 6334 6644
3 6630 6323 6334
3 6648 6647 6631
3 6647 6324 6631
3 6647 6335 6324
3 6648 6631 6632
3 6649 6634 6327
3 6649 6327 6336
3 6336 6338 6649
3 6649 6338 6650
3 6651 6339 6635
3 6635 6339 6328
3 6635 6636 6652
3 6653 6635 6652
3 6651 6635 6653
3 6654 6653 6652
3 6657 6656 6655
3 6655 6656 6639
3 6637 6655 6639
3 6658 6655 6637
3 6342 6658 6341
3 6658 6640 6341
3 6658 6637 6640
3 6341 6640 6329
3 6661 6660 6659
3 6661 6659 6642
3 6659 6641 6642
3 6659 6662 6641
3 6662 6344 6331
3 6662 6331 6641
3 6646 6644 6663
3 6646 6663 6664
3 6345 6663 6334
3 6334 6663 6644
3 6647 6346 6335
3 6665 6346 6647
3 6348 6650 6338
3 6348 6666 6650
3 6651 6349 6339
3 6349 6651 6352
3 6352 6651 6653
3 6654 6667 6653
3 6667 6352 6653
3 6667 6354 6352
3 6655 6356 6657
3 6356 6667 6657
3 6356 6354 6667
3 6356 6655 6357
3 6357 6655 6658
3 6357 6658 6342
3 6670 6669 6668
3 6670 6668 6660
3 6668 6659 6660
3 6668 6671 6659
3 6671 6359 6360
3 6662 6671 6360
3 6659 6671 6662
3 6662 6360 6344
3 6664 6663 6362
3 6363 6664 6362
3 6672 6664 6363
3 6362 6663 6345
3 6364 6346 6673
3 6346 6674 6673
3 6346 6665 6674
3 6673 6365 6364
3 6367 6666 6348
3 6367 6675 6666
3 6678 6677 6676
3 6678 6676 6669
3 6676 6668 6669
3 6676 6679 6668
3 6679 6369 6370
3 6671 6679 6370
3 6668 6679 6671
3 6671 6370 6359
3 6682 6681 6680
3 6681 6672 6680
3 6672 6372 6680
3 6672 6363 6372
3 6674 6683 6673
3 6365 6673 6683
3 6684 6365 6683
3 6374 6365 6684
3 6376 6686 6685
3 6675 6376 6685
3 6367 6376 6675
3 6686 6687 6685
3 6690 6689 6688
3 6690 6688 6677
3 6677 6688 6676
3 6688 6378 6676
3 6378 6379 6676
3 6676 6379 6380
3 6676 6380 6679
3 6679 6380 6369
3 6682 6680 6383
3 6384 6682 6383
3 6691 6682 6384
3 6383 6680 6372
3 6684 6692 6374
3 6374 6692 6385
3 6386 6385 6692
3 6386 6692 6693
3 6388 6694 6686
3 6388 6686 6376
3 6687 6686 6695
3 6686 6696 6695
3 6686 6694 6696
3 6696 6697 6695
3 6700 6699 6698
3 6702 6701 6698
3 6698 6701 6700
3 6704 6703 6702
3 6702 6703 6701
3 6703 6704 6689
3 6689 6704 6688
3 6704 6390 6688
3 6390 6391 6688
3 6688 6391 6378
3 6707 6706 6705
3 6706 6691 6705
3 6691 6392 6705
3 6691 6384 6392
3 6693 6708 6386
3 6386 6708 6393
3 6394 6393 6708
3 6394 6708 6709
3 6395 6710 6694
3 6395 6694 6388
3 6694 6711 6696
3 6694 6710 6711
3 6697 6696 6712
3 6696 6713 6712
3 6696 6711 6713
3 6715 6714 6713
3 6713 6714 6712
3 6717 6716 6715
3 6715 6716 6714
3 6719 6718 6717
3 6717 6718 6716
3 6721 6720 6719
3 6719 6720 6718
3 6720 6721 6699
3 6699 6721 6698
3 6721 6397 6698
3 6397 6398 6698
3 6698 6398 6399
3 6698 6399 6702
3 6702 6399 6401
3 6702 6401 6704
3 6704 6401 6390
3 6707 6705 6404
3 6405 6707 6404
3 6722 6707 6405
3 6404 6705 6392
3 6709 6407 6394
3 6723 6407 6709
3 6409 6710 6395
3 6710 6409 6411
3 6710 6411 6711
3 6711 6411 6413
3 6711 6413 6713
3 6713 6413 6415
3 6713 6415 6715
3 6715 6415 6417
3 6715 6417 6717
3 6717 6417 6419
3 6717 6419 6719
3 6719 6419 6421
3 6719 6421 6721
3 6721 6421 6397
3 6726 6725 6724
3 6725 6722 6724
3 6722 6424 6724
3 6722 6405 6424
3 6723 6727 6407
3 6407 6727 6425
3 6426 6425 6727
3 6426 6727 6728
3 6731 6730 6729
3 6729 6730 6726
3 6729 6726 6724
3 6434 6729 6724
3 6433 6434 6724
3 6433 6724 6424
3 6728 6436 6426
3 6732 6436 6728
3 6731 6729 6439
3 6440 6731 6439
3 6733 6731 6440
3 6439 6729 6434
3 6732 6442 6436
3 6734 6442 6732
3 6736 6735 6444
3 6736 6444 6445
3 6440 6444 6733
3 6733 6444 6735
3 6734 6737 6442
3 6442 6737 6446
3 6447 6446 6737
3 6447 6737 6738
3 6741 6740 6739
3 6740 6736 6739
3 6736 6448 6739
3 6736 6445 6448
3 6738 6449 6447
3 6742 6449 6738
3 6745 6744 6743
3 6743 6744 6741
3 6743 6741 6739
3 6452 6743 6739
3 6451 6452 6739
3 6451 6739 6448
3 6742 6453 6449
3 6746 6453 6742
3 6749 6748 6747
3 6747 6748 6745
3 6747 6745 6743
3 6456 6747 6743
3 6455 6456 6743
3 6455 6743 6452
3 6746 6750 6453
3 6453 6750 6457
3 6458 6457 6750
3 6458 6750 6751
3 6754 6753 6752
3 6752 6753 6749
3 6752 6749 6747
3 6460 6752 6747
3 6459 6460 6747
3 6459 6747 6456
3 6756 6461 6755
3 6461 6751 6755
3 6461 6458 6751
3 6757 6756 6755
3 6760 6759 6758
3 6758 6759 6754
3 6758 6754 6752
3 6463 6758 6752
3 6462 6463 6752
3 6462 6752 6460
3 6756 6464 6461
3 6762 6761 6466
3 6762 6466 6464
3 6757 6762 6464
3 6756 6757 6464
3 6763 6761 6762
3 6766 6765 6764
3 6468 6469 6764
3 6765 6468 6764
3 6767 6468 6765
3 6758 6470 6760
3 6470 6767 6760
3 6470 6468 6767
3 6470 6758 6463
3 6768 6471 6761
3 6761 6471 6466
3 6761 6763 6769
3 6761 6769 6768
3 6772 6771 6770
3 6774 6773 6770
3 6774 6770 6771
3 6473 6474 6773
3 6774 6473 6773
3 6775 6473 6774
3 6764 6475 6766
3 6475 6775 6766
3 6475 6473 6775
3 6475 6764 6469
3 6768 6476 6471
3 6777 6776 6477
3 6777 6477 6476
3 6769 6777 6476
3 6768 6769 6476
3 6779 6778 6776
3 6779 6776 6777
3 6780 6778 6779
3 6783 6782 6781
3 6785 6784 6781
3 6785 6781 6782
3 6787 6786 6784
3 6787 6784 6785
3 6789 6788 6786
3 6789 6786 6787
3 6479 6480 6788
3 6789 6479 6788
3 6790 6479 6789
3 6479 6791 6482
3 6790 6791 6479
3 6770 6484 6772
3 6484 6791 6772
3 6484 6482 6791
3 6484 6770 6485
3 6485 6770 6773
3 6485 6773 6474
3 6776 6486 6477
3 6486 6776 6488
3 6488 6776 6778
3 6793 6792 6489
3 6793 6489 6488
3 6780 6793 6488
3 6778 6780 6488
3 6795 6794 6792
3 6795 6792 6793
3 6490 6491 6794
3 6795 6490 6794
3 6796 6490 6795
3 6781 6492 6783
3 6492 6796 6783
3 6492 6490 6796
3 6492 6781 6493
3 6493 6781 6784
3 6493 6784 6494
3 6494 6784 6786
3 6494 6786 6495
3 6495 6786 6788
3 6495 6788 6480
3 6792 6496 6489
3 6496 6792 6497
3 6497 6792 6794
3 6497 6794 6491
3 6797 6502 6503
3 6505 6797 6503
3 6798 6509 6797
3 6797 6509 6502
3 6511 6798 6505
3 6505 6798 6797
3 6799 6515 6516
3 6509 6798 6516
3 6798 6799 6516
3 6798 6800 6799
3 6517 6801 6511
3 6801 6798 6511
3 6801 6800 6798
3 6518 6801 6517
3 6802 6523 6524
3 6526 6802 6524
3 6804 6803 6528
3 6528 6803 6527
3 6804 6528 6515
3 6805 6804 6515
3 6799 6805 6515
3 6804 6805 6806
3 6807 6799 6800
3 6805 6799 6807
3 6808 6800 6801
3 6807 6800 6808
3 6529 6809 6518
3 6809 6801 6518
3 6809 6808 6801
3 6530 6809 6529
3 6810 6533 6534
3 6811 6810 6534
3 6811 6534 6523
3 6812 6811 6523
3 6802 6812 6523
3 6814 6812 6813
3 6813 6812 6535
3 6812 6802 6535
3 6802 6526 6535
3 6536 6815 6535
3 6535 6815 6813
3 6538 6815 6536
3 6817 6816 6540
3 6540 6816 6539
3 6540 6527 6803
3 6540 6803 6817
3 6818 6806 6805
3 6820 6819 6818
3 6805 6820 6818
3 6807 6820 6805
3 6821 6807 6808
3 6820 6807 6821
3 6822 6808 6809
3 6821 6808 6822
3 6541 6823 6530
3 6823 6809 6530
3 6823 6822 6809
3 6542 6823 6541
3 6824 6544 6810
3 6810 6544 6533
3 6810 6811 6825
3 6810 6825 6824
3 6826 6814 6813
3 6828 6827 6826
3 6813 6828 6826
3 6815 6828 6813
3 6545 6829 6538
3 6829 6815 6538
3 6829 6828 6815
3 6547 6829 6545
3 6831 6830 6549
3 6549 6830 6548
3 6549 6539 6816
3 6549 6816 6831
3 6832 6819 6820
3 6834 6833 6832
3 6820 6834 6832
3 6821 6834 6820
3 6835 6821 6822
3 6834 6821 6835
3 6836 6822 6823
3 6835 6822 6836
3 6551 6836 6542
3 6542 6836 6823
3 6837 6552 6824
3 6824 6552 6544
3 6824 6825 6838
3 6824 6838 6837
3 6839 6827 6828
3 6841 6840 6839
3 6828 6841 6839
3 6829 6841 6828
3 6554 6841 6547
3 6547 6841 6829
3 6844 6843 6842
3 6556 6557 6842
3 6557 6844 6842
3 6557 6845 6844
3 6557 6548 6830
3 6557 6830 6845
3 6846 6833 6834
3 6848 6847 6846
3 6834 6848 6846
3 6835 6848 6834
3 6849 6835 6836
3 6848 6835 6849
3 6559 6849 6551
3 6551 6849 6836
3 6837 6560 6552
3 6851 6850 6561
3 6851 6561 6560
3 6838 6851 6560
3 6837 6838 6560
3 6852 6850 6851
3 6840 6841 6853
3 6840 6853 6854
3 6562 6855 6554
3 6855 6841 6554
3 6855 6853 6841
3 6563 6855 6562
3 6858 6857 6856
3 6858 6856 6843
3 6843 6856 6842
3 6856 6566 6842
3 6566 6567 6842
3 6842 6567 6556
3 6847 6848 6859
3 6847 6859 6860
3 6861 6848 6849
3 6859 6848 6861
3 6569 6861 6559
3 6559 6861 6849
3 6850 6570 6561
3 6863 6862 6571
3 6863 6571 6570
3 6852 6863 6570
3 6850 6852 6570
3 6864 6862 6863
3 6865 6854 6853
3 6867 6866 6865
3 6853 6867 6865
3 6855 6867 6853
3 6573 6867 6563
3 6563 6867 6855
3 6870 6869 6868
3 6870 6868 6857
3 6857 6868 6856
3 6868 6576 6856
3 6576 6577 6856
3 6856 6577 6566
3 6871 6860 6859
3 6873 6872 6871
3 6859 6873 6871
3 6861 6873 6859
3 6579 6873 6569
3 6569 6873 6861
3 6862 6580 6571
3 6875 6874 6582
3 6875 6582 6580
3 6864 6875 6580
3 6862 6864 6580
3 6876 6874 6875
3 6866 6867 6877
3 6866 6877 6878
3 6583 6879 6573
3 6879 6867 6573
3 6879 6877 6867
3 6584 6879 6583
3 6882 6881 6880
3 6882 6880 6869
3 6880 6868 6869
3 6880 6883 6868
3 6883 6589 6576
3 6883 6576 6868
3 6886 6885 6884
3 6884 6885 6872
3 6884 6872 6873
3 6592 6884 6873
3 6591 6592 6873
3 6591 6873 6579
3 6889 6888 6887
3 6887 6890 6889
3 6891 6593 6874
3 6874 6593 6582
3 6874 6876 6892
3 6874 6892 6891
3 6893 6878 6877
3 6895 6894 6893
3 6877 6895 6893
3 6879 6895 6877
3 6594 6896 6584
3 6896 6879 6584
3 6896 6895 6879
3 6595 6896 6594
3 6899 6898 6897
3 6899 6897 6881
3 6897 6880 6881
3 6897 6900 6880
3 6900 6599 6600
3 6883 6900 6600
3 6880 6900 6883
3 6883 6600 6589
3 6886 6884 6901
3 6886 6901 6902
3 6602 6901 6592
3 6592 6901 6884
3 6904 6903 6604
3 6604 6903 6603
3 6605 6887 6888
3 6904 6605 6888
3 6604 6605 6904
3 6905 6890 6887
3 6605 6905 6887
3 6606 6905 6605
3 6907 6906 6607
3 6906 6606 6607
3 6906 6905 6606
3 6907 6908 6906
3 6909 6608 6891
3 6891 6608 6593
3 6891 6892 6910
3 6891 6910 6909
3 6911 6894 6895
3 6913 6912 6911
3 6895 6913 6911
3 6896 6913 6895
3 6610 6913 6595
3 6595 6913 6896
3 6897 6898 6914
3 6914 6898 6915
3 6914 6613 6614
3 6900 6914 6614
3 6897 6914 6900
3 6900 6614 6599
3 6902 6901 6916
3 6902 6916 6917
3 6617 6916 6602
3 6602 6916 6901
3 6919 6918 6619
3 6619 6918 6618
3 6619 6603 6903
3 6619 6903 6919
3 6620 6907 6607
3 6921 6920 6622
3 6622 6920 6620
3 6920 6908 6620
3 6908 6907 6620
3 6921 6922 6920
3 6909 6623 6608
3 6924 6923 6625
3 6924 6625 6623
3 6910 6924 6623
3 6909 6910 6623
3 6925 6923 6924
3 6912 6913 6926
3 6912 6926 6927
3 6627 6926 6610
3 6610 6926 6913
3 6930 6929 6928
3 6930 6928 6915
3 6928 6914 6915
3 6928 6931 6914
3 6931 6629 6613
3 6931 6613 6914
3 6917 6916 6932
3 6917 6932 6933
3 6630 6932 6617
3 6617 6932 6916
3 6936 6935 6934
3 6918 6936 6934
3 6632 6918 6934
3 6618 6918 6632
3 6633 6921 6622
3 6633 6634 6921
3 6634 6922 6921
3 6634 6937 6922
3 6938 6636 6923
3 6923 6636 6625
3 6923 6925 6939
3 6940 6923 6939
3 6938 6923 6940
3 6942 6941 6940
3 6942 6940 6939
3 6941 6942 6927
3 6941 6927 6926
3 6639 6941 6926
3 6638 6639 6926
3 6638 6926 6627
3 6945 6944 6943
3 6945 6943 6929
3 6943 6928 6929
3 6943 6946 6928
3 6946 6642 6643
3 6931 6946 6643
3 6928 6946 6931
3 6931 6643 6629
3 6933 6932 6645
3 6646 6933 6645
3 6947 6933 6646
3 6645 6932 6630
3 6934 6935 6648
3 6935 6647 6648
3 6935 6948 6647
3 6934 6648 6632
3 6949 6937 6634
3 6949 6634 6649
3 6649 6650 6949
3 6949 6650 6950
3 6938 6652 6636
3 6652 6938 6654
3 6938 6951 6654
3 6938 6940 6951
3 6657 6951 6656
3 6951 6941 6656
3 6951 6940 6941
3 6656 6941 6639
3 6954 6953 6952
3 6954 6952 6944
3 6952 6943 6944
3 6952 6955 6943
3 6955 6660 6661
3 6946 6955 6661
3 6943 6955 6946
3 6946 6661 6642
3 6958 6957 6956
3 6957 6947 6956
3 6947 6664 6956
3 6947 6646 6664
3 6948 6665 6647
3 6959 6665 6948
3 6666 6961 6960
3 6950 6666 6960
3 6650 6666 6950
3 6961 6962 6960
3 6951 6667 6654
3 6667 6951 6657
3 6965 6964 6963
3 6965 6963 6953
3 6963 6952 6953
3 6963 6966 6952
3 6966 6669 6670
3 6955 6966 6670
3 6952 6966 6955
3 6955 6670 6660
3 6958 6956 6967
3 6958 6967 6968
3 6672 6967 6664
3 6664 6967 6956
3 6959 6674 6665
3 6969 6674 6959
3 6675 6970 6961
3 6675 6961 6666
3 6962 6961 6971
3 6961 6972 6971
3 6961 6970 6972
3 6972 6973 6971
3 6976 6975 6974
3 6976 6974 6964
3 6974 6963 6964
3 6974 6977 6963
3 6977 6677 6678
3 6966 6977 6678
3 6963 6977 6966
3 6966 6678 6669
3 6968 6967 6681
3 6682 6968 6681
3 6978 6968 6682
3 6681 6967 6672
3 6969 6979 6674
3 6674 6979 6683
3 6684 6683 6979
3 6684 6979 6980
3 6685 6970 6675
3 6970 6685 6687
3 6981 6970 6687
3 6972 6970 6981
3 6973 6972 6982
3 6972 6983 6982
3 6972 6981 6983
3 6985 6984 6983
3 6983 6984 6982
3 6985 6986 6984
3 6989 6988 6987
3 6991 6990 6987
3 6987 6990 6989
3 6993 6992 6991
3 6991 6992 6990
3 6992 6993 6975
3 6993 6974 6975
3 6993 6994 6974
3 6994 6689 6690
3 6977 6994 6690
3 6974 6994 6977
3 6977 6690 6677
3 6997 6996 6995
3 6996 6978 6995
3 6978 6691 6995
3 6978 6682 6691
3 6980 6998 6684
3 6684 6998 6692
3 6693 6692 6998
3 6693 6998 6999
3 6695 6981 6687
3 6981 6695 6697
3 7000 6981 6697
3 6983 6981 7000
3 6983 7001 6985
3 6983 7000 7001
3 6986 6985 7002
3 6985 7003 7002
3 6985 7001 7003
3 7005 7004 7003
3 7003 7004 7002
3 7004 7005 6988
3 7005 6987 6988
3 7005 7006 6987
3 7006 6699 6700
3 6991 7006 6700
3 6987 7006 6991
3 6991 6700 6701
3 6991 6701 6993
3 6993 6701 6703
3 6993 6703 6994
3 6994 6703 6689
3 6997 6995 6706
3 6707 6997 6706
3 7007 6997 6707
3 6706 6995 6691
3 6708 6693 7008
3 6693 7009 7008
3 6693 6999 7009
3 7008 6709 6708
3 6712 7000 6697
3 7000 6712 6714
3 7000 6714 7001
3 7001 6714 6716
3 7001 6716 7003
3 7003 6716 6718
3 7003 6718 7005
3 7005 6718 6720
3 7005 6720 7006
3 7006 6720 6699
3 7012 7011 7010
3 7011 7007 7010
3 7007 6722 7010
3 7007 6707 6722
3 7009 7013 7008
3 6709 7008 7013
3 7014 6709 7013
3 6723 6709 7014
3 7017 7016 7015
3 7015 7016 7012
3 7015 7012 7010
3 6726 7015 7010
3 6725 6726 7010
3 6725 7010 6722
3 7014 7018 6723
3 6723 7018 6727
3 6728 6727 7018
3 6728 7018 7019
3 7017 7015 6730
3 6731 7017 6730
3 7020 7017 6731
3 6730 7015 6726
3 7019 6732 6728
3 7021 6732 7019
3 7024 7023 7022
3 7023 7020 7022
3 7020 6733 7022
3 7020 6731 6733
3 7026 6734 7025
3 6734 7021 7025
3 6734 6732 7021
3 7027 7026 7025
3 7030 7029 7028
3 7028 7029 7024
3 7028 7024 7022
3 6736 7028 7022
3 6735 6736 7022
3 6735 7022 6733
3 7026 6737 6734
3 6738 6737 7026
3 7027 6738 7026
3 7031 6738 7027
3 7034 7033 7032
3 7032 7033 7030
3 7032 7030 7028
3 6741 7032 7028
3 6740 6741 7028
3 6740 7028 6736
3 7031 6742 6738
3 7035 6742 7031
3 7034 7032 6744
3 6745 7034 6744
3 7036 7034 6745
3 6744 7032 6741
3 7038 6746 7037
3 6746 7035 7037
3 6746 6742 7035
3 7039 7038 7037
3 7042 7041 7040
3 6748 6749 7040
3 7041 6748 7040
3 7043 6748 7041
3 6745 6748 7036
3 7036 6748 7043
3 7038 6750 6746
3 7045 7044 6751
3 7045 6751 6750
3 7039 7045 6750
3 7038 7039 6750
3 7046 7044 7045
3 7049 7048 7047
3 7047 7048 7042
3 7047 7042 7040
3 6754 7047 7040
3 6753 6754 7040
3 6753 7040 6749
3 7044 6755 6751
3 6757 6755 7044
3 7046 6757 7044
3 7050 6757 7046
3 7053 7052 7051
3 7051 7052 7049
3 7051 7049 7047
3 6760 7051 7047
3 6759 6760 7047
3 6759 7047 6754
3 7050 7054 6757
3 6757 7054 6762
3 7056 7055 6763
3 6762 7056 6763
3 7054 7056 6762
3 7057 7055 7056
3 7060 7059 7058
3 6765 6766 7058
3 7059 6765 7058
3 7061 6765 7059
3 7051 6767 7053
3 6767 7061 7053
3 6767 6765 7061
3 6767 7051 6760
3 7062 6769 7055
3 7055 6769 6763
3 7055 7057 7063
3 7064 7055 7063
3 7062 7055 7064
3 7065 7064 7063
3 7068 7067 7066
3 7070 7069 7066
3 7070 7066 7067
3 7072 7071 7069
3 7072 7069 7070
3 7074 7073 7071
3 7074 7071 7072
3 6771 6772 7073
3 7074 6771 7073
3 7075 6771 7074
3 6771 7076 6774
3 7075 7076 6771
3 7058 6775 7060
3 6775 7076 7060
3 6775 6774 7076
3 6775 7058 6766
3 7062 6777 6769
3 6777 7062 6779
3 6779 7062 7064
3 7078 7077 6780
3 7078 6780 6779
3 7065 7078 6779
3 7064 7065 6779
3 7080 7079 7077
3 7080 7077 7078
3 7081 7079 7080
3 7083 7082 6782
3 7083 6782 6783
3 6782 7084 6785
3 7082 7084 6782
3 7066 6787 7068
3 6787 7084 7068
3 6787 6785 7084
3 6787 7066 6789
3 6789 7066 7069
3 6789 7069 6790
3 6790 7069 7071
3 6790 7071 6791
3 6791 7071 7073
3 6791 7073 6772
3 7077 6793 6780
3 6793 7077 6795
3 6795 7077 7079
3 7081 7085 7079
3 7085 6795 7079
3 7085 6796 6795
3 6783 6796 7083
3 7083 6796 7085
3 7086 6803 6804
3 6806 7086 6804
3 7087 6811 6812
3 6814 7087 6812
3 7088 6816 6817
3 6803 7086 6817
3 7086 7088 6817
3 7086 7089 7088
3 6818 7090 6806
3 7090 7086 6806
3 7090 7089 7086
3 6819 7090 6818
3 7091 6825 7087
3 7087 6825 6811
3 6826 7092 6814
3 7092 7087 6814
3 7092 7091 7087
3 6827 7092 6826
3 7094 7093 6831
3 6831 7093 6830
3 7094 6831 6816
3 7095 7094 6816
3 7088 7095 6816
3 7094 7095 7096
3 7097 7088 7089
3 7095 7088 7097
3 7098 7089 7090
3 7097 7089 7098
3 6832 7099 6819
3 7099 7090 6819
3 7099 7098 7090
3 6833 7099 6832
3 7100 6838 7091
3 7091 6838 6825
3 7101 7091 7092
3 7100 7091 7101
3 6839 7102 6827
3 7102 7092 6827
3 7102 7101 7092
3 6840 7102 6839
3 7103 6843 6844
3 7103 6844 7104
3 6844 7105 7104
3 6844 6845 7105
3 7093 7106 6830
3 7106 7107 6830
3 7108 6830 7107
3 6830 7108 6845
3 7109 6845 7108
3 6845 7109 7106
3 7106 7105 6845
3 7093 7105 7106
3 7106 7109 7107
3 7108 7107 7096
3 7095 7108 7096
3 7110 7108 7095
3 7111 7095 7097
3 7110 7095 7111
3 7112 7097 7098
3 7111 7097 7112
3 7113 7098 7099
3 7112 7098 7113
3 6846 7114 6833
3 7114 7099 6833
3 7114 7113 7099
3 6847 7114 6846
3 7100 6851 6838
3 6851 7100 6852
3 7100 7115 6852
3 7100 7101 7115
3 7116 7101 7102
3 7115 7101 7116
3 6854 7116 6840
3 6840 7116 7102
3 7118 7117 6858
3 6858 7117 6857
3 6858 6843 7103
3 7119 6858 7103
3 7118 6858 7119
3 7119 7103 7104
3 7120 7109 7108
3 7122 7121 7120
3 7108 7122 7120
3 7110 7122 7108
3 7123 7110 7111
3 7122 7110 7123
3 7124 7111 7112
3 7123 7111 7124
3 7125 7112 7113
3 7124 7112 7125
3 7126 7113 7114
3 7125 7113 7126
3 6860 7126 6847
3 6847 7126 7114
3 7115 6863 6852
3 6863 7115 6864
3 7115 7127 6864
3 7115 7116 7127
3 6865 7128 6854
3 7128 7116 6854
3 7128 7127 7116
3 6866 7128 6865
3 7131 7130 7129
3 6869 6870 7129
3 6870 7131 7129
3 6870 7132 7131
3 6870 6857 7117
3 6870 7117 7132
3 7133 7121 7122
3 7133 7122 7123
3 7133 7123 7134
3 7134 7123 7124
3 7134 7124 7135
3 7137 7136 7135
3 7124 7137 7135
3 7125 7137 7124
3 7138 7125 7126
3 7137 7125 7138
3 6871 7139 6860
3 7139 7126 6860
3 7139 7138 7126
3 6872 7139 6871
3 7127 6875 6864
3 6875 7127 6876
3 7127 7140 6876
3 7127 7128 7140
3 6878 7140 6866
3 6866 7140 7128
3 7143 7142 7141
3 7143 7141 7130
3 7130 7141 7129
3 7141 6881 7129
3 6881 6882 7129
3 7129 6882 6869
3 7144 7136 7137
3 7146 7145 7144
3 7137 7146 7144
3 7138 7146 7137
3 6886 7146 6885
3 7146 7139 6885
3 7146 7138 7139
3 6885 7139 6872
3 7149 7148 7147
3 6888 6889 7147
3 6889 7149 7147
3 6889 7150 7149
3 7152 7151 6890
3 7151 6889 6890
3 7151 7150 6889
3 7152 7153 7151
3 7154 6892 7140
3 7140 6892 6876
3 6893 7155 6878
3 7155 7140 6878
3 7155 7154 7140
3 6894 7155 6893
3 7158 7157 7156
3 7158 7156 7142
3 7142 7156 7141
3 7156 6898 7141
3 6898 6899 7141
3 7141 6899 6881
3 7145 7146 7159
3 7145 7159 7160
3 6902 7159 6886
3 6886 7159 7146
3 7163 7162 7161
3 7163 7161 7148
3 7148 7161 7147
3 7161 6903 7147
3 6903 6904 7147
3 7147 6904 6888
3 6905 7152 6890
3 7164 7153 7152
3 6905 7164 7152
3 6906 7164 6905
3 7166 7165 6908
3 7165 6906 6908
3 7165 7164 6906
3 7166 7167 7165
3 7168 6910 7154
3 7154 6910 6892
3 7169 7154 7155
3 7168 7154 7169
3 6911 7170 6894
3 7170 7155 6894
3 7170 7169 7155
3 6912 7170 6911
3 7173 7172 7171
3 7173 7171 7157
3 7171 7156 7157
3 7171 7174 7156
3 7174 6915 6898
3 7174 6898 7156
3 7160 7159 7175
3 7160 7175 7176
3 6917 7175 6902
3 6902 7175 7159
3 7161 7162 6919
3 7162 6918 6919
3 7162 7177 6918
3 7161 6919 6903
3 6920 7166 6908
3 7179 7178 6922
3 6922 7178 6920
3 7178 7167 6920
3 7167 7166 6920
3 7179 7180 7178
3 7168 6924 6910
3 6924 7168 6925
3 7168 7181 6925
3 7168 7169 7181
3 7182 7169 7170
3 7181 7169 7182
3 6927 7182 6912
3 6912 7182 7170
3 7185 7184 7183
3 7185 7183 7172
3 7183 7171 7172
3 7183 7186 7171
3 7186 6929 6930
3 7174 7186 6930
3 7171 7186 7174
3 7174 6930 6915
3 7176 7175 7187
3 7176 7187 7188
3 6933 7187 6917
3 6917 7187 7175
3 7190 7189 6936
3 6936 7189 6935
3 6936 6918 7177
3 6936 7177 7190
3 6937 7191 7179
3 6937 7179 6922
3 7180 7179 7192
3 7192 7179 7191
3 7181 6939 6925
3 6939 7181 6942
3 6942 7181 7182
3 6942 7182 6927
3 7195 7194 7193
3 7195 7193 7184
3 7193 7183 7184
3 7193 7196 7183
3 7196 6944 6945
3 7186 7196 6945
3 7183 7196 7186
3 7186 6945 6929
3 7188 7187 7197
3 7188 7197 7198
3 6947 7197 6933
3 6933 7197 7187
3 7189 6948 6935
3 7199 6948 7189
3 6949 7191 6937
3 7201 7200 6950
3 6950 7200 6949
3 7200 7192 6949
3 7192 7191 6949
3 7203 7202 7201
3 7201 7202 7200
3 7203 7204 7202
3 7207 7206 7205
3 7207 7205 7194
3 7205 7193 7194
3 7205 7208 7193
3 7208 6953 6954
3 7196 7208 6954
3 7193 7208 7196
3 7196 6954 6944
3 7211 7210 7209
3 7209 7210 7198
3 7209 7198 7197
3 6958 7209 7197
3 6957 6958 7197
3 6957 7197 6947
3 7214 7213 7212
3 7199 7214 7212
3 6959 7199 7212
3 6948 7199 6959
3 6960 7201 6950
3 7201 6960 6962
3 7215 7201 6962
3 7203 7201 7215
3 7204 7203 7216
3 7203 7217 7216
3 7203 7215 7217
3 7217 7218 7216
3 7221 7220 7219
3 7221 7219 7206
3 7219 7205 7206
3 7219 7222 7205
3 7222 6964 6965
3 7208 7222 6965
3 7205 7222 7208
3 7208 6965 6953
3 7211 7209 7223
3 7211 7223 7224
3 6968 7223 6958
3 6958 7223 7209
3 7213 7225 7212
3 6959 7212 7225
3 7226 6959 7225
3 6969 6959 7226
3 6971 7215 6962
3 7215 6971 6973
3 7227 7215 6973
3 7217 7215 7227
3 7218 7217 7228
3 7217 7229 7228
3 7217 7227 7229
3 7231 7230 7229
3 7229 7230 7228
3 7233 7232 7231
3 7231 7232 7230
3 7235 7234 7233
3 7233 7234 7232
3 7237 7236 7235
3 7235 7236 7234
3 7236 7237 7220
3 7237 7219 7220
3 7237 7238 7219
3 7238 6975 6976
3 7222 7238 6976
3 7219 7238 7222
3 7222 6976 6964
3 7224 7223 7239
3 7224 7239 7240
3 6978 7239 6968
3 6968 7239 7223
3 7226 7241 6969
3 6969 7241 6979
3 6980 6979 7241
3 6980 7241 7242
3 6982 7227 6973
3 7227 6982 6984
3 7227 6984 7229
3 7229 6984 6986
3 7243 7229 6986
3 7231 7229 7243
3 7231 7244 7233
3 7231 7243 7244
3 7244 6988 6989
3 7235 7244 6989
3 7233 7244 7235
3 7235 6989 6990
3 7235 6990 7237
3 7237 6990 6992
3 7237 6992 7238
3 7238 6992 6975
3 7247 7246 7245
3 7245 7246 7240
3 7245 7240 7239
3 6997 7245 7239
3 6996 6997 7239
3 6996 7239 6978
3 7242 7248 6980
3 6980 7248 6998
3 6999 6998 7248
3 6999 7248 7249
3 7002 7243 6986
3 7243 7002 7004
3 7243 7004 7244
3 7244 7004 6988
3 7247 7245 7250
3 7247 7250 7251
3 7007 7250 6997
3 6997 7250 7245
3 7249 7009 6999
3 7252 7009 7249
3 7255 7254 7253
3 7253 7254 7251
3 7253 7251 7250
3 7012 7253 7250
3 7011 7012 7250
3 7011 7250 7007
3 7252 7256 7009
3 7009 7256 7013
3 7014 7013 7256
3 7014 7256 7257
3 7255 7253 7016
3 7017 7255 7016
3 7258 7255 7017
3 7016 7253 7012
3 7257 7259 7014
3 7014 7259 7018
3 7019 7018 7259
3 7019 7259 7260
3 7263 7262 7261
3 7262 7258 7261
3 7258 7020 7261
3 7258 7017 7020
3 7260 7021 7019
3 7264 7021 7260
3 7267 7266 7265
3 7265 7266 7263
3 7265 7263 7261
3 7024 7265 7261
3 7023 7024 7261
3 7023 7261 7020
3 7264 7268 7021
3 7021 7268 7025
3 7027 7025 7268
3 7027 7268 7269
3 7272 7271 7270
3 7270 7271 7267
3 7270 7267 7265
3 7030 7270 7265
3 7029 7030 7265
3 7029 7265 7024
3 7269 7031 7027
3 7273 7031 7269
3 7272 7270 7033
3 7034 7272 7033
3 7274 7272 7034
3 7033 7270 7030
3 7276 7035 7275
3 7035 7273 7275
3 7035 7031 7273
3 7277 7276 7275
3 7280 7279 7278
3 7279 7274 7278
3 7274 7036 7278
3 7274 7034 7036
3 7276 7037 7035
3 7282 7281 7039
3 7282 7039 7037
3 7277 7282 7037
3 7276 7277 7037
3 7283 7281 7282
3 7286 7285 7284
3 7041 7042 7284
3 7285 7041 7284
3 7287 7041 7285
3 7278 7043 7280
3 7043 7287 7280
3 7043 7041 7287
3 7043 7278 7036
3 7281 7045 7039
3 7289 7288 7046
3 7289 7046 7045
3 7283 7289 7045
3 7281 7283 7045
3 7290 7288 7289
3 7293 7292 7291
3 7291 7292 7286
3 7291 7286 7284
3 7049 7291 7284
3 7048 7049 7284
3 7048 7284 7042
3 7294 7050 7288
3 7288 7050 7046
3 7288 7290 7295
3 7296 7288 7295
3 7294 7288 7296
3 7297 7296 7295
3 7300 7299 7298
3 7302 7301 7298
3 7302 7298 7299
3 7301 7302 7293
3 7301 7293 7291
3 7053 7301 7291
3 7052 7053 7291
3 7052 7291 7049
3 7294 7054 7050
3 7054 7294 7056
3 7056 7294 7296
3 7304 7303 7057
3 7304 7057 7056
3 7297 7304 7056
3 7296 7297 7056
3 7305 7303 7304
3 7308 7307 7306
3 7310 7309 7306
3 7310 7306 7307
3 7312 7311 7309
3 7312 7309 7310
3 7314 7313 7311
3 7314 7311 7312
3 7316 7315 7313
3 7316 7313 7314
3 7315 7316 7300
3 7315 7300 7298
3 7060 7315 7298
3 7059 7060 7298
3 7059 7298 7061
3 7061 7298 7301
3 7061 7301 7053
3 7303 7063 7057
3 7318 7317 7065
3 7318 7065 7063
3 7305 7318 7063
3 7303 7305 7063
3 7320 7319 7317
3 7320 7317 7318
3 7321 7319 7320
3 7324 7323 7322
3 7067 7068 7322
3 7323 7067 7322
3 7325 7067 7323
3 7306 7070 7308
3 7070 7325 7308
3 7070 7067 7325
3 7070 7306 7072
3 7072 7306 7309
3 7072 7309 7074
3 7074 7309 7311
3 7074 7311 7075
3 7075 7311 7313
3 7075 7313 7076
3 7076 7313 7315
3 7076 7315 7060
3 7317 7078 7065
3 7078 7317 7080
3 7080 7317 7319
3 7327 7326 7081
3 7327 7081 7080
3 7321 7327 7080
3 7319 7321 7080
3 7082 7083 7326
3 7327 7082 7326
3 7328 7082 7327
3 7322 7084 7324
3 7084 7328 7324
3 7084 7082 7328
3 7084 7322 7068
3 7326 7085 7081
3 7085 7326 7083
3 7329 7093 7094
3 7096 7329 7094
3 7330 7104 7105
3 7105 7093 7330
3 7093 7329 7330
3 7107 7109 7330
3 7107 7330 7329
3 7107 7329 7096
3 7332 7331 7118
3 7118 7331 7117
3 7334 7332 7333
3 7332 7119 7333
3 7332 7118 7119
3 7104 7330 7119
3 7330 7333 7119
3 7330 7335 7333
3 7120 7336 7109
3 7336 7330 7109
3 7336 7335 7330
3 7121 7336 7120
3 7338 7337 7131
3 7131 7337 7130
3 7339 7131 7132
3 7339 7338 7131
3 7331 7340 7117
3 7340 7341 7117
3 7342 7117 7341
3 7117 7342 7132
3 7343 7132 7342
3 7132 7343 7340
3 7340 7339 7132
3 7331 7339 7340
3 7340 7343 7341
3 7342 7341 7334
3 7333 7342 7334
3 7344 7342 7333
3 7345 7333 7335
3 7344 7333 7345
3 7346 7335 7336
3 7345 7335 7346
3 7133 7347 7121
3 7347 7336 7121
3 7347 7346 7336
3 7134 7348 7133
3 7133 7348 7347
3 7135 7349 7134
3 7134 7349 7348
3 7136 7349 7135
3 7352 7351 7350
3 7354 7353 7350
3 7350 7353 7352
3 7142 7143 7354
3 7143 7353 7354
3 7143 7355 7353
3 7143 7130 7337
3 7143 7337 7355
3 7356 7343 7342
3 7358 7357 7356
3 7342 7358 7356
3 7344 7358 7342
3 7359 7344 7345
3 7358 7344 7359
3 7360 7345 7346
3 7359 7345 7360
3 7361 7346 7347
3 7360 7346 7361
3 7362 7347 7348
3 7361 7347 7362
3 7363 7348 7349
3 7362 7348 7363
3 7144 7364 7136
3 7364 7349 7136
3 7364 7363 7349
3 7145 7364 7144
3 7366 7365 7149
3 7149 7365 7148
3 7367 7149 7150
3 7367 7366 7149
3 7368 7150 7151
3 7368 7367 7150
3 7151 7153 7368
3 7368 7153 7369
3 7372 7371 7370
3 7372 7370 7351
3 7370 7350 7351
3 7370 7373 7350
3 7373 7157 7158
3 7354 7373 7158
3 7350 7373 7354
3 7354 7158 7142
3 7374 7357 7358
3 7376 7375 7374
3 7358 7376 7374
3 7359 7376 7358
3 7377 7359 7360
3 7376 7359 7377
3 7378 7360 7361
3 7377 7360 7378
3 7379 7361 7362
3 7378 7361 7379
3 7380 7362 7363
3 7379 7362 7380
3 7381 7363 7364
3 7380 7363 7381
3 7160 7381 7145
3 7145 7381 7364
3 7382 7162 7163
3 7383 7382 7163
3 7148 7383 7163
3 7365 7383 7148
3 7384 7369 7153
3 7384 7153 7164
3 7385 7164 7165
3 7385 7384 7164
3 7165 7167 7385
3 7385 7167 7386
3 7389 7388 7387
3 7389 7387 7371
3 7387 7370 7371
3 7387 7390 7370
3 7390 7172 7173
3 7373 7390 7173
3 7370 7390 7373
3 7373 7173 7157
3 7391 7375 7376
3 7391 7376 7377
3 7391 7377 7392
3 7392 7377 7378
3 7392 7378 7393
3 7395 7394 7393
3 7378 7395 7393
3 7379 7395 7378
3 7396 7379 7380
3 7395 7379 7396
3 7397 7380 7381
3 7396 7380 7397
3 7176 7397 7160
3 7160 7397 7381
3 7399 7398 7382
3 7398 7162 7382
3 7398 7177 7162
3 7399 7382 7383
3 7400 7386 7167
3 7400 7167 7178
3 7178 7180 7400
3 7400 7180 7401
3 7404 7403 7402
3 7406 7405 7402
3 7402 7405 7404
3 7405 7406 7388
3 7406 7387 7388
3 7406 7407 7387
3 7407 7184 7185
3 7390 7407 7185
3 7387 7407 7390
3 7390 7185 7172
3 7408 7394 7395
3 7410 7409 7408
3 7395 7410 7408
3 7396 7410 7395
3 7411 7396 7397
3 7410 7396 7411
3 7188 7411 7176
3 7176 7411 7397
3 7413 7412 7190
3 7190 7412 7189
3 7190 7177 7398
3 7190 7398 7413
3 7192 7415 7414
3 7401 7192 7414
3 7180 7192 7401
3 7417 7416 7415
3 7415 7416 7414
3 7417 7418 7416
3 7421 7420 7419
3 7421 7419 7403
3 7419 7402 7403
3 7419 7422 7402
3 7402 7423 7406
3 7402 7422 7423
3 7423 7194 7195
3 7407 7423 7195
3 7406 7423 7407
3 7407 7195 7184
3 7409 7410 7424
3 7409 7424 7425
3 7426 7410 7411
3 7424 7410 7426
3 7198 7426 7188
3 7188 7426 7411
3 7412 7199 7189
3 7427 7199 7412
3 7200 7415 7192
3 7415 7200 7202
3 7415 7202 7417
3 7429 7428 7204
3 7204 7428 7202
3 7428 7418 7202
3 7418 7417 7202
3 7431 7430 7429
3 7429 7430 7428
3 7431 7432 7430
3 7435 7434 7433
3 7437 7436 7433
3 7433 7436 7435
3 7436 7437 7420
3 7437 7419 7420
3 7437 7438 7419
3 7419 7439 7422
3 7419 7438 7439
3 7439 7206 7207
3 7423 7439 7207
3 7422 7439 7423
3 7423 7207 7194
3 7425 7424 7440
3 7425 7440 7441
3 7211 7440 7210
3 7440 7426 7210
3 7440 7424 7426
3 7210 7426 7198
3 7442 7213 7214
3 7443 7442 7214
3 7199 7443 7214
3 7427 7443 7199
3 7216 7429 7204
3 7429 7216 7218
3 7444 7429 7218
3 7431 7429 7444
3 7432 7431 7445
3 7431 7446 7445
3 7431 7444 7446
3 7445 7446 7434
3 7446 7433 7434
3 7446 7447 7433
3 7433 7448 7437
3 7433 7447 7448
3 7437 7449 7438
3 7437 7448 7449
3 7449 7220 7221
3 7439 7449 7221
3 7438 7449 7439
3 7439 7221 7206
3 7441 7440 7450
3 7441 7450 7451
3 7224 7450 7211
3 7211 7450 7440
3 7442 7225 7213
3 7226 7225 7442
3 7443 7226 7442
3 7452 7226 7443
3 7228 7444 7218
3 7444 7228 7230
3 7444 7230 7446
3 7446 7230 7232
3 7446 7232 7447
3 7447 7232 7234
3 7447 7234 7448
3 7448 7234 7236
3 7448 7236 7449
3 7449 7236 7220
3 7451 7450 7453
3 7451 7453 7454
3 7240 7453 7224
3 7224 7453 7450
3 7452 7455 7226
3 7226 7455 7241
3 7242 7241 7455
3 7242 7455 7456
3 7459 7458 7457
3 7457 7458 7454
3 7457 7454 7453
3 7247 7457 7453
3 7246 7247 7453
3 7246 7453 7240
3 7456 7460 7242
3 7242 7460 7248
3 7249 7248 7460
3 7249 7460 7461
3 7459 7457 7462
3 7459 7462 7463
3 7251 7462 7247
3 7247 7462 7457
3 7465 7252 7464
3 7252 7461 7464
3 7252 7249 7461
3 7466 7465 7464
3 7469 7468 7467
3 7467 7468 7463
3 7467 7463 7462
3 7255 7467 7462
3 7254 7255 7462
3 7254 7462 7251
3 7465 7256 7252
3 7257 7256 7465
3 7466 7257 7465
3 7470 7257 7466
3 7469 7467 7471
3 7469 7471 7472
3 7258 7471 7255
3 7255 7471 7467
3 7470 7473 7257
3 7257 7473 7259
3 7260 7259 7473
3 7260 7473 7474
3 7477 7476 7475
3 7475 7476 7472
3 7475 7472 7471
3 7263 7475 7471
3 7262 7263 7471
3 7262 7471 7258
3 7479 7264 7478
3 7264 7474 7478
3 7264 7260 7474
3 7480 7479 7478
3 7483 7482 7481
3 7481 7482 7477
3 7481 7477 7475
3 7267 7481 7475
3 7266 7267 7475
3 7266 7475 7263
3 7479 7268 7264
3 7269 7268 7479
3 7480 7269 7479
3 7484 7269 7480
3 7487 7486 7485
3 7485 7486 7483
3 7485 7483 7481
3 7272 7485 7481
3 7271 7272 7481
3 7271 7481 7267
3 7489 7273 7488
3 7273 7484 7488
3 7273 7269 7484
3 7490 7489 7488
3 7487 7485 7491
3 7487 7491 7492
3 7274 7491 7272
3 7272 7491 7485
3 7489 7275 7273
3 7494 7493 7277
3 7494 7277 7275
3 7490 7494 7275
3 7489 7490 7275
3 7495 7493 7494
3 7498 7497 7496
3 7496 7497 7492
3 7496 7492 7491
3 7280 7496 7491
3 7279 7280 7491
3 7279 7491 7274
3 7493 7282 7277
3 7500 7499 7283
3 7500 7283 7282
3 7495 7500 7282
3 7493 7495 7282
3 7501 7499 7500
3 7504 7503 7502
3 7285 7286 7502
3 7503 7285 7502
3 7505 7285 7503
3 7496 7287 7498
3 7287 7505 7498
3 7287 7285 7505
3 7287 7496 7280
3 7499 7289 7283
3 7507 7506 7290
3 7507 7290 7289
3 7501 7507 7289
3 7499 7501 7289
3 7508 7506 7507
3 7511 7510 7509
3 7509 7510 7504
3 7509 7504 7502
3 7293 7509 7502
3 7292 7293 7502
3 7292 7502 7286
3 7506 7295 7290
3 7513 7512 7297
3 7513 7297 7295
3 7508 7513 7295
3 7506 7508 7295
3 7515 7514 7512
3 7515 7512 7513
3 7516 7514 7515
3 7519 7518 7517
3 7521 7520 7517
3 7521 7517 7518
3 7299 7300 7520
3 7521 7299 7520
3 7522 7299 7521
3 7509 7302 7511
3 7302 7522 7511
3 7302 7299 7522
3 7302 7509 7293
3 7512 7304 7297
3 7304 7512 7305
3 7512 7523 7305
3 7512 7514 7523
3 7514 7516 7524
3 7525 7514 7524
3 7523 7514 7525
3 7526 7525 7524
3 7529 7528 7527
3 7531 7530 7527
3 7531 7527 7528
3 7307 7308 7530
3 7531 7307 7530
3 7532 7307 7531
3 7307 7533 7310
3 7532 7533 7307
3 7310 7534 7312
3 7533 7534 7310
3 7517 7314 7519
3 7314 7534 7519
3 7314 7312 7534
3 7314 7517 7316
3 7316 7517 7520
3 7316 7520 7300
3 7523 7318 7305
3 7318 7523 7320
3 7320 7523 7525
3 7536 7535 7321
3 7536 7321 7320
3 7526 7536 7320
3 7525 7526 7320
3 7538 7537 7535
3 7538 7535 7536
3 7537 7538 7529
3 7537 7529 7527
3 7324 7537 7527
3 7323 7324 7527
3 7323 7527 7325
3 7325 7527 7530
3 7325 7530 7308
3 7535 7327 7321
3 7327 7535 7328
3 7328 7535 7537
3 7328 7537 7324
3 7539 7331 7332
3 7334 7539 7332
3 7542 7541 7540
3 7540 7337 7542
3 7337 7338 7542
3 7544 7543 7542
3 7544 7542 7338
3 7339 7545 7338
3 7338 7545 7544
3 7339 7331 7545
3 7331 7539 7545
3 7341 7343 7545
3 7341 7545 7539
3 7341 7539 7334
3 7548 7547 7546
3 7351 7352 7546
3 7352 7548 7546
3 7352 7549 7548
3 7550 7352 7353
3 7550 7549 7352
3 7553 7552 7551
3 7550 7540 7541
3 7540 7550 7355
3 7353 7355 7550
3 7540 7355 7337
3 7551 7543 7553
3 7544 7553 7543
3 7553 7544 7554
3 7555 7544 7545
3 7554 7544 7555
3 7356 7556 7343
3 7556 7545 7343
3 7556 7555 7545
3 7357 7556 7356
3 7557 7365 7366
3 7557 7366 7558
3 7366 7559 7558
3 7366 7367 7559
3 7560 7367 7368
3 7560 7559 7367
3 7562 7561 7369
3 7561 7368 7369
3 7561 7560 7368
3 7562 7563 7561
3 7566 7565 7564
3 7568 7567 7564
3 7564 7567 7566
3 7567 7568 7547
3 7547 7568 7546
3 7568 7371 7546
3 7371 7372 7546
3 7546 7372 7351
3 7571 7570 7569
3 7569 7570 7552
3 7553 7569 7552
3 7572 7569 7553
3 7573 7553 7554
3 7572 7553 7573
3 7574 7554 7555
3 7573 7554 7574
3 7575 7555 7556
3 7574 7555 7575
3 7374 7576 7357
3 7576 7556 7357
3 7576 7575 7556
3 7375 7576 7374
3 7578 7577 7557
3 7577 7365 7557
3 7577 7383 7365
3 7578 7557 7558
3 7384 7562 7369
3 7579 7563 7562
3 7384 7579 7562
3 7385 7579 7384
3 7581 7580 7386
3 7580 7385 7386
3 7580 7579 7385
3 7581 7582 7580
3 7585 7584 7583
3 7585 7583 7565
3 7583 7564 7565
3 7583 7586 7564
3 7586 7388 7389
3 7568 7586 7389
3 7564 7586 7568
3 7568 7389 7371
3 7589 7588 7587
3 7587 7588 7571
3 7569 7587 7571
3 7590 7587 7569
3 7591 7569 7572
3 7590 7569 7591
3 7592 7572 7573
3 7591 7572 7592
3 7593 7573 7574
3 7592 7573 7593
3 7594 7574 7575
3 7593 7574 7594
3 7595 7575 7576
3 7594 7575 7595
3 7391 7596 7375
3 7596 7576 7375
3 7596 7595 7576
3 7392 7597 7391
3 7391 7597 7596
3 7393 7598 7392
3 7392 7598 7597
3 7394 7598 7393
3 7599 7398 7399
3 7600 7599 7399
3 7383 7600 7399
3 7577 7600 7383
3 7400 7581 7386
3 7602 7601 7401
3 7401 7601 7400
3 7601 7582 7400
3 7582 7581 7400
3 7602 7603 7601
3 7606 7605 7604
3 7608 7607 7604
3 7604 7607 7606
3 7610 7609 7608
3 7608 7609 7607
3 7609 7610 7584
3 7584 7610 7583
3 7610 7403 7583
3 7403 7404 7583
3 7583 7404 7405
3 7583 7405 7586
3 7586 7405 7388
3 7613 7612 7611
3 7611 7612 7589
3 7587 7611 7589
3 7614 7611 7587
3 7615 7587 7590
3 7614 7587 7615
3 7616 7590 7591
3 7615 7590 7616
3 7617 7591 7592
3 7616 7591 7617
3 7618 7592 7593
3 7617 7592 7618
3 7619 7593 7594
3 7618 7593 7619
3 7620 7594 7595
3 7619 7594 7620
3 7621 7595 7596
3 7620 7595 7621
3 7622 7596 7597
3 7621 7596 7622
3 7623 7597 7598
3 7622 7597 7623
3 7408 7624 7394
3 7624 7598 7394
3 7624 7623 7598
3 7409 7624 7408
3 7625 7412 7413
3 7626 7625 7413
3 7626 7413 7398
3 7627 7626 7398
3 7599 7627 7398
3 7627 7599 7600
3 7414 7602 7401
3 7628 7603 7602
3 7414 7628 7602
3 7416 7628 7414
3 7630 7629 7418
3 7629 7416 7418
3 7629 7628 7416
3 7632 7631 7630
3 7630 7631 7629
3 7634 7633 7632
3 7632 7633 7631
3 7633 7634 7605
3 7634 7604 7605
3 7634 7635 7604
3 7604 7636 7608
3 7604 7635 7636
3 7636 7420 7421
3 7610 7636 7421
3 7608 7636 7610
3 7610 7421 7403
3 7637 7613 7611
3 7637 7611 7614
3 7637 7614 7638
3 7638 7614 7615
3 7638 7615 7639
3 7641 7640 7639
3 7615 7641 7639
3 7616 7641 7615
3 7617 7643 7642
3 7641 7617 7642
3 7616 7617 7641
3 7643 7617 7618
3 7643 7618 7644
3 7644 7618 7619
3 7644 7619 7645
3 7645 7619 7620
3 7645 7620 7646
3 7648 7647 7646
3 7620 7648 7646
3 7621 7648 7620
3 7649 7621 7622
3 7648 7621 7649
3 7650 7622 7623
3 7649 7622 7650
3 7651 7623 7624
3 7650 7623 7651
3 7425 7651 7409
3 7409 7651 7624
3 7652 7427 7625
3 7625 7427 7412
3 7625 7626 7653
3 7625 7653 7652
3 7428 7630 7418
3 7630 7428 7430
3 7630 7430 7632
3 7632 7430 7432
3 7654 7632 7432
3 7634 7632 7654
3 7654 7434 7435
3 7635 7654 7435
3 7634 7654 7635
3 7635 7435 7436
3 7635 7436 7636
3 7636 7436 7420
3 7655 7640 7641
3 7655 7641 7642
3 7656 7647 7648
3 7656 7648 7649
3 7656 7649 7657
3 7659 7658 7657
3 7649 7659 7657
3 7650 7659 7649
3 7660 7650 7651
3 7659 7650 7660
3 7441 7660 7425
3 7425 7660 7651
3 7662 7661 7652
3 7661 7427 7652
3 7661 7443 7427
3 7662 7652 7653
3 7445 7654 7432
3 7654 7445 7434
3 7658 7659 7663
3 7658 7663 7664
3 7665 7659 7660
3 7663 7659 7665
3 7451 7665 7441
3 7441 7665 7660
3 7661 7452 7443
3 7666 7452 7661
3 7664 7663 7667
3 7664 7667 7668
3 7669 7663 7665
3 7667 7663 7669
3 7454 7669 7451
3 7451 7669 7665
3 7666 7670 7452
3 7452 7670 7455
3 7456 7455 7670
3 7456 7670 7671
3 7668 7667 7672
3 7668 7672 7673
3 7459 7672 7458
3 7672 7669 7458
3 7672 7667 7669
3 7458 7669 7454
3 7671 7674 7456
3 7456 7674 7460
3 7461 7460 7674
3 7461 7674 7675
3 7678 7677 7676
3 7676 7677 7673
3 7672 7676 7673
3 7679 7676 7672
3 7463 7679 7459
3 7459 7679 7672
3 7675 7680 7461
3 7461 7680 7464
3 7466 7464 7680
3 7466 7680 7681
3 7678 7676 7682
3 7678 7682 7683
3 7469 7682 7468
3 7682 7679 7468
3 7682 7676 7679
3 7468 7679 7463
3 7685 7470 7684
3 7470 7681 7684
3 7470 7466 7681
3 7686 7685 7684
3 7689 7688 7687
3 7687 7688 7683
3 7682 7687 7683
3 7690 7687 7682
3 7472 7690 7469
3 7469 7690 7682
3 7685 7473 7470
3 7692 7691 7474
3 7692 7474 7473
3 7686 7692 7473
3 7685 7686 7473
3 7693 7691 7692
3 7689 7687 7694
3 7689 7694 7695
3 7477 7694 7476
3 7694 7690 7476
3 7694 7687 7690
3 7476 7690 7472
3 7691 7478 7474
3 7480 7478 7691
3 7693 7480 7691
3 7696 7480 7693
3 7699 7698 7697
3 7697 7698 7695
3 7697 7695 7694
3 7483 7697 7694
3 7482 7483 7694
3 7482 7694 7477
3 7701 7484 7700
3 7484 7696 7700
3 7484 7480 7696
3 7702 7701 7700
3 7705 7704 7703
3 7703 7704 7699
3 7703 7699 7697
3 7487 7703 7697
3 7486 7487 7697
3 7486 7697 7483
3 7701 7488 7484
3 7707 7706 7490
3 7707 7490 7488
3 7702 7707 7488
3 7701 7702 7488
3 7708 7706 7707
3 7711 7710 7709
3 7709 7710 7705
3 7703 7709 7705
3 7712 7709 7703
3 7492 7712 7487
3 7487 7712 7703
3 7706 7494 7490
3 7714 7713 7495
3 7714 7495 7494
3 7708 7714 7494
3 7706 7708 7494
3 7715 7713 7714
3 7718 7717 7716
3 7716 7717 7711
3 7709 7716 7711
3 7719 7716 7709
3 7498 7719 7497
3 7719 7712 7497
3 7719 7709 7712
3 7497 7712 7492
3 7713 7500 7495
3 7721 7720 7501
3 7721 7501 7500
3 7715 7721 7500
3 7713 7715 7500
3 7722 7720 7721
3 7725 7724 7723
3 7727 7726 7723
3 7727 7723 7724
3 7726 7727 7718
3 7726 7718 7716
3 7504 7726 7716
3 7503 7504 7716
3 7503 7716 7505
3 7505 7716 7719
3 7505 7719 7498
3 7720 7507 7501
3 7729 7728 7508
3 7729 7508 7507
3 7722 7729 7507
3 7720 7722 7507
3 7731 7730 7728
3 7731 7728 7729
3 7732 7730 7731
3 7735 7734 7733
3 7737 7736 7733
3 7737 7733 7734
3 7736 7737 7725
3 7723 7736 7725
3 7738 7736 7723
3 7511 7738 7510
3 7738 7726 7510
3 7738 7723 7726
3 7510 7726 7504
3 7728 7513 7508
3 7513 7728 7515
3 7515 7728 7730
3 7740 7739 7516
3 7740 7516 7515
3 7732 7740 7515
3 7730 7732 7515
3 7742 7741 7739
3 7742 7739 7740
3 7743 7741 7742
3 7746 7745 7744
3 7748 7747 7744
3 7748 7744 7745
3 7750 7749 7747
3 7750 7747 7748
3 7752 7751 7749
3 7752 7749 7750
3 7754 7753 7751
3 7754 7751 7752
3 7753 7754 7735
3 7753 7735 7733
3 7519 7753 7733
3 7518 7519 7733
3 7518 7733 7521
3 7521 7733 7736
3 7521 7736 7522
3 7522 7736 7738
3 7522 7738 7511
3 7739 7524 7516
3 7524 7739 7526
3 7739 7755 7526
3 7739 7741 7755
3 7741 7743 7756
3 7757 7741 7756
3 7755 7741 7757
3 7757 7756 7746
3 7757 7746 7744
3 7529 7757 7744
3 7528 7529 7744
3 7528 7744 7531
3 7531 7744 7747
3 7531 7747 7532
3 7532 7747 7749
3 7532 7749 7533
3 7533 7749 7751
3 7533 7751 7534
3 7534 7751 7753
3 7534 7753 7519
3 7755 7536 7526
3 7536 7755 7538
3 7538 7755 7757
3 7538 7757 7529
3 7758 7541 7542
3 7543 7758 7542
3 7761 7760 7759
3 7763 7762 7759
3 7759 7762 7761
3 7547 7548 7763
3 7548 7762 7763
3 7548 7764 7762
3 7765 7548 7549
3 7765 7764 7548
3 7767 7765 7766
3 7765 7550 7766
3 7765 7549 7550
3 7550 7541 7766
3 7541 7758 7766
3 7551 7552 7766
3 7551 7766 7758
3 7551 7758 7543
3 7768 7558 7559
3 7768 7559 7769
3 7559 7770 7769
3 7559 7560 7770
3 7772 7770 7771
3 7770 7561 7771
3 7770 7560 7561
3 7563 7771 7561
3 7775 7774 7773
3 7777 7776 7773
3 7773 7776 7775
3 7776 7777 7760
3 7760 7777 7759
3 7777 7565 7759
3 7565 7566 7759
3 7759 7566 7567
3 7759 7567 7763
3 7547 7763 7567
3 7780 7779 7778
3 7782 7781 7779
3 7782 7779 7780
3 7781 7782 7767
3 7781 7767 7766
3 7571 7781 7766
3 7570 7571 7766
3 7570 7766 7552
3 7783 7577 7578
3 7784 7783 7578
3 7784 7578 7558
3 7785 7784 7558
3 7768 7785 7558
3 7785 7768 7769
3 7786 7772 7771
3 7786 7771 7563
3 7579 7786 7563
3 7787 7786 7579
3 7788 7579 7580
3 7788 7787 7579
3 7580 7582 7788
3 7788 7582 7789
3 7792 7791 7790
3 7792 7790 7774
3 7790 7773 7774
3 7790 7793 7773
3 7793 7584 7585
3 7777 7793 7585
3 7773 7793 7777
3 7777 7585 7565
3 7796 7795 7794
3 7794 7795 7778
3 7779 7794 7778
3 7797 7794 7779
3 7589 7797 7588
3 7797 7781 7588
3 7797 7779 7781
3 7588 7781 7571
3 7798 7600 7783
3 7783 7600 7577
3 7783 7784 7799
3 7783 7799 7798
3 7800 7789 7582
3 7800 7582 7601
3 7802 7801 7603
3 7801 7601 7603
3 7801 7800 7601
3 7802 7803 7801
3 7806 7805 7804
3 7808 7807 7804
3 7804 7807 7806
3 7605 7606 7808
3 7606 7807 7808
3 7606 7809 7807
3 7607 7790 7791
3 7809 7607 7791
3 7606 7607 7809
3 7790 7607 7609
3 7790 7609 7793
3 7584 7793 7609
3 7812 7811 7810
3 7814 7813 7811
3 7814 7811 7812
3 7813 7814 7796
3 7794 7813 7796
3 7815 7813 7794
3 7613 7815 7612
3 7815 7797 7612
3 7815 7794 7797
3 7612 7797 7589
3 7816 7626 7627
3 7600 7798 7627
3 7798 7816 7627
3 7798 7817 7816
3 7798 7799 7818
3 7798 7818 7817
3 7628 7802 7603
3 7819 7803 7802
3 7628 7819 7802
3 7629 7819 7628
3 7631 7804 7805
3 7819 7631 7805
3 7629 7631 7819
3 7804 7631 7633
3 7804 7633 7808
3 7808 7633 7605
3 7810 7811 7820
3 7810 7820 7821
3 7822 7811 7813
3 7820 7811 7822
3 7823 7813 7815
3 7822 7813 7823
3 7637 7824 7613
3 7824 7815 7613
3 7824 7823 7815
3 7638 7825 7637
3 7637 7825 7824
3 7639 7826 7638
3 7638 7826 7825
3 7640 7826 7639
3 7827 7642 7643
3 7644 7828 7643
3 7643 7828 7827
3 7645 7829 7644
3 7644 7829 7828
3 7646 7830 7645
3 7645 7830 7829
3 7647 7830 7646
3 7831 7653 7816
3 7816 7653 7626
3 7817 7833 7832
3 7831 7817 7832
3 7816 7817 7831
3 7833 7817 7818
3 7836 7835 7834
3 7834 7835 7821
3 7820 7834 7821
3 7837 7834 7820
3 7838 7820 7822
3 7837 7820 7838
3 7839 7822 7823
3 7838 7822 7839
3 7840 7823 7824
3 7839 7823 7840
3 7841 7824 7825
3 7840 7824 7841
3 7842 7825 7826
3 7841 7825 7842
3 7655 7843 7640
3 7843 7826 7640
3 7843 7842 7826
3 7642 7827 7655
3 7827 7843 7655
3 7827 7844 7843
3 7845 7827 7828
3 7844 7827 7845
3 7846 7828 7829
3 7845 7828 7846
3 7847 7829 7830
3 7846 7829 7847
3 7656 7848 7647
3 7848 7830 7647
3 7848 7847 7830
3 7657 7849 7656
3 7656 7849 7848
3 7658 7849 7657
3 7850 7661 7662
3 7851 7850 7662
3 7851 7662 7653
3 7852 7851 7653
3 7831 7852 7653
3 7852 7831 7832
3 7853 7836 7834
3 7855 7854 7853
3 7834 7855 7853
3 7837 7855 7834
3 7856 7837 7838
3 7855 7837 7856
3 7857 7838 7839
3 7856 7838 7857
3 7858 7839 7840
3 7857 7839 7858
3 7859 7840 7841
3 7858 7840 7859
3 7860 7841 7842
3 7859 7841 7860
3 7861 7842 7843
3 7860 7842 7861
3 7862 7843 7844
3 7861 7843 7862
3 7863 7844 7845
3 7862 7844 7863
3 7864 7845 7846
3 7863 7845 7864
3 7865 7846 7847
3 7864 7846 7865
3 7866 7847 7848
3 7865 7847 7866
3 7867 7848 7849
3 7866 7848 7867
3 7664 7867 7658
3 7658 7867 7849
3 7868 7666 7850
3 7850 7666 7661
3 7850 7851 7869
3 7850 7869 7868
3 7870 7854 7855
3 7870 7855 7856
3 7870 7856 7871
3 7871 7856 7857
3 7871 7857 7872
3 7872 7857 7858
3 7872 7858 7873
3 7873 7858 7859
3 7873 7859 7874
3 7874 7859 7860
3 7874 7860 7875
3 7875 7860 7861
3 7875 7861 7876
3 7876 7861 7862
3 7876 7862 7877
3 7877 7862 7863
3 7877 7863 7878
3 7880 7879 7878
3 7863 7880 7878
3 7864 7880 7863
3 7881 7864 7865
3 7880 7864 7881
3 7882 7865 7866
3 7881 7865 7882
3 7883 7866 7867
3 7882 7866 7883
3 7668 7883 7664
3 7664 7883 7867
3 7868 7670 7666
3 7885 7884 7671
3 7885 7671 7670
3 7869 7885 7670
3 7868 7869 7670
3 7886 7884 7885
3 7887 7879 7880
3 7889 7888 7887
3 7880 7889 7887
3 7881 7889 7880
3 7890 7881 7882
3 7889 7881 7890
3 7891 7882 7883
3 7890 7882 7891
3 7673 7891 7668
3 7668 7891 7883
3 7884 7674 7671
3 7893 7892 7675
3 7893 7675 7674
3 7886 7893 7674
3 7884 7886 7674
3 7894 7892 7893
3 7888 7889 7895
3 7888 7895 7896
3 7897 7889 7890
3 7895 7889 7897
3 7678 7897 7677
3 7897 7891 7677
3 7897 7890 7891
3 7677 7891 7673
3 7892 7680 7675
3 7899 7898 7681
3 7899 7681 7680
3 7894 7899 7680
3 7892 7894 7680
3 7900 7898 7899
3 7896 7895 7901
3 7896 7901 7902
3 7903 7895 7897
3 7901 7895 7903
3 7683 7903 7678
3 7678 7903 7897
3 7898 7684 7681
3 7905 7904 7686
3 7905 7686 7684
3 7900 7905 7684
3 7898 7900 7684
3 7906 7904 7905
3 7909 7908 7907
3 7907 7908 7902
3 7901 7907 7902
3 7910 7907 7901
3 7689 7910 7688
3 7910 7903 7688
3 7910 7901 7903
3 7688 7903 7683
3 7904 7692 7686
3 7912 7911 7693
3 7912 7693 7692
3 7906 7912 7692
3 7904 7906 7692
3 7913 7911 7912
3 7909 7907 7914
3 7909 7914 7915
3 7916 7907 7910
3 7914 7907 7916
3 7695 7916 7689
3 7689 7916 7910
3 7917 7696 7911
3 7911 7696 7693
3 7911 7913 7918
3 7919 7911 7918
3 7917 7911 7919
3 7920 7919 7918
3 7923 7922 7921
3 7921 7922 7915
3 7914 7921 7915
3 7924 7921 7914
3 7699 7924 7698
3 7924 7916 7698
3 7924 7914 7916
3 7698 7916 7695
3 7917 7700 7696
3 7700 7917 7702
3 7917 7925 7702
3 7917 7919 7925
3 7919 7920 7926
3 7919 7926 7925
3 7929 7928 7927
3 7927 7928 7923
3 7921 7927 7923
3 7930 7927 7921
3 7705 7930 7704
3 7930 7924 7704
3 7930 7921 7924
3 7704 7924 7699
3 7925 7707 7702
3 7932 7931 7708
3 7932 7708 7707
3 7926 7932 7707
3 7925 7926 7707
3 7933 7931 7932
3 7936 7935 7934
3 7934 7935 7929
3 7927 7934 7929
3 7937 7934 7927
3 7711 7937 7710
3 7937 7930 7710
3 7937 7927 7930
3 7710 7930 7705
3 7931 7714 7708
3 7939 7938 7715
3 7939 7715 7714
3 7933 7939 7714
3 7931 7933 7714
3 7941 7940 7938
3 7941 7938 7939
3 7942 7940 7941
3 7945 7944 7943
3 7947 7946 7943
3 7947 7943 7944
3 7946 7947 7936
3 7934 7946 7936
3 7948 7946 7934
3 7718 7948 7717
3 7948 7937 7717
3 7948 7934 7937
3 7717 7937 7711
3 7938 7721 7715
3 7721 7938 7722
3 7938 7949 7722
3 7938 7940 7949
3 7940 7942 7950
3 7951 7940 7950
3 7949 7940 7951
3 7952 7951 7950
3 7955 7954 7953
3 7957 7956 7953
3 7957 7953 7954
3 7959 7958 7956
3 7959 7956 7957
3 7961 7960 7958
3 7961 7958 7959
3 7963 7962 7960
3 7963 7960 7961
3 7962 7963 7945
3 7943 7962 7945
3 7964 7962 7943
3 7725 7964 7724
3 7964 7946 7724
3 7964 7943 7946
3 7724 7946 7727
3 7727 7946 7948
3 7727 7948 7718
3 7949 7729 7722
3 7729 7949 7731
3 7731 7949 7951
3 7966 7965 7732
3 7966 7732 7731
3 7952 7966 7731
3 7951 7952 7731
3 7968 7967 7965
3 7968 7965 7966
3 7970 7969 7967
3 7970 7967 7968
3 7972 7971 7969
3 7972 7969 7970
3 7971 7972 7955
3 7953 7971 7955
3 7973 7971 7953
3 7974 7953 7956
3 7973 7953 7974
3 7975 7956 7958
3 7974 7956 7975
3 7976 7958 7960
3 7975 7958 7976
3 7735 7976 7734
3 7976 7962 7734
3 7976 7960 7962
3 7734 7962 7737
3 7737 7962 7964
3 7737 7964 7725
3 7965 7740 7732
3 7740 7965 7742
3 7742 7965 7967
3 7742 7967 7743
3 7967 7977 7743
3 7967 7969 7977
3 7746 7977 7745
3 7977 7971 7745
3 7977 7969 7971
3 7745 7971 7748
3 7748 7971 7973
3 7748 7973 7750
3 7750 7973 7974
3 7750 7974 7752
3 7752 7974 7975
3 7752 7975 7754
3 7754 7975 7976
3 7754 7976 7735
3 7977 7756 7743
3 7756 7977 7746
3 7980 7979 7978
3 7760 7761 7978
3 7761 7980 7978
3 7761 7981 7980
3 7983 7981 7982
3 7981 7762 7982
3 7981 7761 7762
3 7764 7984 7762
3 7762 7984 7982
3 7765 7985 7764
3 7764 7985 7984
3 7767 7985 7765
3 7986 7769 7770
3 7772 7986 7770
3 7988 7987 7775
3 7775 7987 7774
3 7776 7978 7979
3 7988 7776 7979
3 7775 7776 7988
3 7760 7978 7776
3 7991 7990 7989
3 7990 7991 7983
3 7982 7990 7983
3 7992 7990 7982
3 7778 7992 7780
3 7992 7984 7780
3 7992 7982 7984
3 7780 7984 7782
3 7782 7984 7985
3 7782 7985 7767
3 7993 7784 7785
3 7994 7993 7785
3 7994 7785 7769
3 7995 7994 7769
3 7986 7995 7769
3 7995 7986 7772
3 7786 7995 7772
3 7996 7995 7786
3 7997 7786 7787
3 7997 7996 7786
3 7998 7787 7788
3 7998 7997 7787
3 7788 7789 7998
3 7998 7789 7999
3 8000 7791 7792
3 8001 8000 7792
3 7774 8001 7792
3 7987 8001 7774
3 8004 8003 8002
3 8002 8003 7989
3 7990 8002 7989
3 8005 8002 7990
3 7796 8005 7795
3 8005 7992 7795
3 8005 7990 7992
3 7795 7992 7778
3 8006 7799 7993
3 7993 7799 7784
3 7993 7994 8007
3 7993 8007 8006
3 8008 7999 7789
3 8008 7789 7800
3 8009 7800 7801
3 8009 8008 7800
3 8011 8010 7803
3 8010 7801 7803
3 8010 8009 7801
3 7805 7806 8011
3 7806 8010 8011
3 7806 8012 8010
3 8013 7806 7807
3 8013 8012 7806
3 8014 7807 7809
3 8014 8013 7807
3 7809 7791 8000
3 8015 7809 8000
3 8014 7809 8015
3 8018 8017 8016
3 8001 8015 8000
3 8017 8018 8004
3 8017 8004 8002
3 7810 8017 8002
3 7812 7810 8002
3 7812 8002 7814
3 7814 8002 8005
3 7814 8005 7796
3 8019 7818 8006
3 8006 7818 7799
3 8006 8007 8020
3 8006 8020 8019
3 7819 8011 7803
3 8011 7819 7805
3 8023 8022 8021
3 8025 8024 8021
3 8025 8021 8022
3 8024 8025 8016
3 8017 8024 8016
3 8026 8024 8017
3 7821 8026 7810
3 7810 8026 8017
3 8027 7832 7833
3 8028 8027 7833
3 8028 7833 7818
3 8029 8028 7818
3 8019 8029 7818
3 8029 8019 8020
3 8023 8021 8030
3 8023 8030 8031
3 8032 8021 8024
3 8030 8021 8032
3 7836 8032 7835
3 8032 8026 7835
3 8032 8024 8026
3 7835 8026 7821
3 8033 7851 7852
3 7832 8027 7852
3 8027 8033 7852
3 8027 8034 8033
3 8027 8028 8035
3 8027 8035 8034
3 8038 8037 8036
3 8036 8037 8031
3 8030 8036 8031
3 8039 8036 8030
3 8040 8030 8032
3 8039 8030 8040
3 7853 8041 7836
3 8041 8032 7836
3 8041 8040 8032
3 7854 8041 7853
3 8042 7869 8033
3 8033 7869 7851
3 8043 8033 8034
3 8042 8033 8043
3 8034 8035 8044
3 8034 8044 8043
3 8038 8036 8045
3 8038 8045 8046
3 8047 8036 8039
3 8045 8036 8047
3 8048 8039 8040
3 8047 8039 8048
3 8049 8040 8041
3 8048 8040 8049
3 7870 8050 7854
3 8050 8041 7854
3 8050 8049 8041
3 7871 8051 7870
3 7870 8051 8050
3 7872 8052 7871
3 7871 8052 8051
3 7873 8053 7872
3 7872 8053 8052
3 7874 8054 7873
3 7873 8054 8053
3 7875 8055 7874
3 7874 8055 8054
3 7876 8056 7875
3 7875 8056 8055
3 7877 8057 7876
3 7876 8057 8056
3 7878 8058 7877
3 7877 8058 8057
3 7879 8058 7878
3 8042 7885 7869
3 7885 8042 7886
3 8042 8059 7886
3 8042 8043 8059
3 8043 8044 8060
3 8061 8043 8060
3 8059 8043 8061
3 8062 8061 8060
3 8063 8046 8045
3 8065 8064 8063
3 8045 8065 8063
3 8047 8065 8045
3 8066 8047 8048
3 8065 8047 8066
3 8067 8048 8049
3 8066 8048 8067
3 8068 8049 8050
3 8067 8049 8068
3 8069 8050 8051
3 8068 8050 8069
3 8070 8051 8052
3 8069 8051 8070
3 8071 8052 8053
3 8070 8052 8071
3 8072 8053 8054
3 8071 8053 8072
3 8073 8054 8055
3 8072 8054 8073
3 8074 8055 8056
3 8073 8055 8074
3 8075 8056 8057
3 8074 8056 8075
3 8076 8057 8058
3 8075 8057 8076
3 7887 8077 7879
3 8077 8058 7879
3 8077 8076 8058
3 7888 8077 7887
3 8059 7893 7886
3 7893 8059 7894
3 8059 8078 7894
3 8059 8061 8078
3 8061 8062 8079
3 8080 8061 8079
3 8078 8061 8080
3 8081 8080 8079
3 8082 8064 8065
3 8082 8065 8066
3 8082 8066 8083
3 8083 8066 8067
3 8083 8067 8084
3 8084 8067 8068
3 8084 8068 8085
3 8085 8068 8069
3 8085 8069 8086
3 8086 8069 8070
3 8086 8070 8087
3 8087 8070 8071
3 8087 8071 8088
3 8090 8089 8088
3 8071 8090 8088
3 8072 8090 8071
3 8091 8072 8073
3 8090 8072 8091
3 8092 8073 8074
3 8091 8073 8092
3 8093 8074 8075
3 8092 8074 8093
3 8094 8075 8076
3 8093 8075 8094
3 8095 8076 8077
3 8094 8076 8095
3 7896 8095 7888
3 7888 8095 8077
3 8078 7899 7894
3 7899 8078 7900
3 8078 8096 7900
3 8078 8080 8096
3 8080 8081 8097
3 8080 8097 8096
3 8098 8089 8090
3 8098 8090 8091
3 8098 8091 8099
3 8101 8100 8099
3 8091 8101 8099
3 8092 8101 8091
3 8102 8092 8093
3 8101 8092 8102
3 8103 8093 8094
3 8102 8093 8103
3 8104 8094 8095
3 8103 8094 8104
3 7902 8104 7896
3 7896 8104 8095
3 8096 7905 7900
3 8106 8105 7906
3 8106 7906 7905
3 8097 8106 7905
3 8096 8097 7905
3 8107 8105 8106
3 8100 8101 8108
3 8100 8108 8109
3 8110 8101 8102
3 8108 8101 8110
3 8111 8102 8103
3 8110 8102 8111
3 7909 8111 7908
3 8111 8104 7908
3 8111 8103 8104
3 7908 8104 7902
3 8105 7912 7906
3 8113 8112 7913
3 8113 7913 7912
3 8107 8113 7912
3 8105 8107 7912
3 8114 8112 8113
3 8109 8108 8115
3 8109 8115 8116
3 8117 8108 8110
3 8115 8108 8117
3 8118 8110 8111
3 8117 8110 8118
3 7915 8118 7909
3 7909 8118 8111
3 8112 7918 7913
3 8120 8119 7920
3 8120 7920 7918
3 8114 8120 7918
3 8112 8114 7918
3 8121 8119 8120
3 8124 8123 8122
3 8122 8123 8116
3 8115 8122 8116
3 8125 8122 8115
3 8126 8115 8117
3 8125 8115 8126
3 7923 8126 7922
3 8126 8118 7922
3 8126 8117 8118
3 7922 8118 7915
3 8127 7926 8119
3 8119 7926 7920
3 8119 8121 8128
3 8129 8119 8128
3 8127 8119 8129
3 8130 8129 8128
3 8133 8132 8131
3 8131 8132 8124
3 8122 8131 8124
3 8134 8131 8122
3 8135 8122 8125
3 8134 8122 8135
3 7929 8135 7928
3 8135 8126 7928
3 8135 8125 8126
3 7928 8126 7923
3 8127 7932 7926
3 7932 8127 7933
3 8127 8136 7933
3 8127 8129 8136
3 8129 8130 8137
3 8138 8129 8137
3 8136 8129 8138
3 8140 8139 8138
3 8140 8138 8137
3 8141 8139 8140
3 8144 8143 8142
3 8145 8142 8143
3 8148 8147 8146
3 8150 8149 8146
3 8150 8146 8147
3 8149 8150 8133
3 8131 8149 8133
3 8151 8149 8131
3 8152 8131 8134
3 8151 8131 8152
3 7936 8152 7935
3 8152 8135 7935
3 8152 8134 8135
3 7935 8135 7929
3 8136 7939 7933
3 7939 8136 7941
3 7941 8136 8138
3 7941 8138 7942
3 8138 8153 7942
3 8138 8139 8153
3 8139 8141 8154
3 8155 8139 8154
3 8153 8139 8155
3 8157 8156 8155
3 8157 8155 8154
3 8159 8158 8156
3 8159 8156 8157
3 8158 8159 8144
3 8142 8158 8144
3 8160 8158 8142
3 8142 8145 8161
3 8162 8142 8161
3 8160 8142 8162
3 8164 8163 8162
3 8164 8162 8161
3 8166 8165 8163
3 8166 8163 8164
3 8165 8166 8148
3 8146 8165 8148
3 8167 8165 8146
3 8168 8146 8149
3 8167 8146 8168
3 7945 8168 7944
3 8168 8151 7944
3 8168 8149 8151
3 7944 8151 7947
3 7947 8151 8152
3 7947 8152 7936
3 8153 7950 7942
3 7950 8153 7952
3 8153 8169 7952
3 8153 8155 8169
3 8170 8155 8156
3 8169 8155 8170
3 8171 8156 8158
3 8170 8156 8171
3 8172 8158 8160
3 8171 8158 8172
3 7955 8172 7954
3 8172 8162 7954
3 8172 8160 8162
3 7954 8162 7957
3 7957 8162 8163
3 7957 8163 7959
3 7959 8163 8165
3 7959 8165 7961
3 7961 8165 8167
3 7961 8167 7963
3 7963 8167 8168
3 7963 8168 7945
3 8169 7966 7952
3 7966 8169 7968
3 7968 8169 8170
3 7968 8170 7970
3 7970 8170 8171
3 7970 8171 7972
3 7972 8171 8172
3 7972 8172 7955
3 8173 7979 7980
3 7981 8174 7980
3 7980 8174 8173
3 7983 8174 7981
3 8175 7987 7988
3 7979 8173 7988
3 8173 8175 7988
3 8173 8176 8175
3 7989 8176 7991
3 8176 8174 7991
3 8176 8173 8174
3 7991 8174 7983
3 8177 7994 7995
3 7996 8178 7995
3 7995 8178 8177
3 8178 7996 8179
3 7996 8180 8179
3 7996 7997 8180
3 8181 7997 7998
3 8181 8180 7997
3 7998 7999 8181
3 8181 7999 8182
3 8183 8001 8175
3 8175 8001 7987
3 8004 8183 8003
3 8183 8176 8003
3 8183 8175 8176
3 8003 8176 7989
3 8184 8007 8177
3 8177 8007 7994
3 8178 8186 8185
3 8184 8178 8185
3 8177 8178 8184
3 8186 8178 8179
3 8187 8182 7999
3 8187 7999 8008
3 8188 8008 8009
3 8188 8187 8008
3 8189 8009 8010
3 8189 8188 8009
3 8190 8010 8012
3 8190 8189 8010
3 8192 8190 8191
3 8190 8013 8191
3 8190 8012 8013
3 8014 8193 8013
3 8013 8193 8191
3 8015 8194 8014
3 8014 8194 8193
3 8015 8001 8194
3 8001 8183 8194
3 8018 8016 8194
3 8018 8194 8183
3 8018 8183 8004
3 8195 8020 8184
3 8184 8020 8007
3 8184 8185 8196
3 8184 8196 8195
3 8197 8192 8191
3 8023 8198 8022
3 8198 8191 8022
3 8191 8193 8022
3 8198 8197 8191
3 8022 8193 8025
3 8025 8193 8194
3 8025 8194 8016
3 8199 8028 8029
3 8020 8195 8029
3 8195 8199 8029
3 8195 8200 8199
3 8195 8196 8201
3 8195 8201 8200
3 8204 8203 8202
3 8203 8198 8202
3 8198 8031 8202
3 8198 8023 8031
3 8205 8035 8199
3 8199 8035 8028
3 8206 8199 8200
3 8205 8199 8206
3 8200 8201 8207
3 8200 8207 8206
3 8204 8202 8037
3 8038 8204 8037
3 8208 8204 8038
3 8037 8202 8031
3 8209 8044 8205
3 8205 8044 8035
3 8210 8205 8206
3 8209 8205 8210
3 8206 8207 8211
3 8206 8211 8210
3 8046 8208 8038
3 8046 8212 8208
3 8209 8060 8044
3 8060 8209 8062
3 8209 8213 8062
3 8209 8210 8213
3 8210 8211 8214
3 8210 8214 8213
3 8046 8063 8215
3 8216 8046 8215
3 8212 8046 8216
3 8064 8215 8063
3 8213 8079 8062
3 8218 8217 8081
3 8218 8081 8079
3 8214 8218 8079
3 8213 8214 8079
3 8219 8217 8218
3 8216 8215 8220
3 8216 8220 8221
3 8082 8222 8064
3 8222 8215 8064
3 8222 8220 8215
3 8083 8223 8082
3 8082 8223 8222
3 8084 8224 8083
3 8083 8224 8223
3 8085 8225 8084
3 8084 8225 8224
3 8086 8226 8085
3 8085 8226 8225
3 8087 8227 8086
3 8086 8227 8226
3 8088 8228 8087
3 8087 8228 8227
3 8089 8228 8088
3 8229 8097 8217
3 8217 8097 8081
3 8217 8219 8230
3 8231 8217 8230
3 8229 8217 8231
3 8232 8231 8230
3 8233 8221 8220
3 8235 8234 8233
3 8220 8235 8233
3 8222 8235 8220
3 8236 8222 8223
3 8235 8222 8236
3 8237 8223 8224
3 8236 8223 8237
3 8238 8224 8225
3 8237 8224 8238
3 8239 8225 8226
3 8238 8225 8239
3 8240 8226 8227
3 8239 8226 8240
3 8241 8227 8228
3 8240 8227 8241
3 8098 8242 8089
3 8242 8228 8089
3 8242 8241 8228
3 8099 8243 8098
3 8098 8243 8242
3 8100 8243 8099
3 8229 8106 8097
3 8106 8229 8107
3 8229 8244 8107
3 8229 8231 8244
3 8231 8232 8245
3 8246 8231 8245
3 8244 8231 8246
3 8247 8246 8245
3 8248 8234 8235
3 8250 8249 8248
3 8235 8250 8248
3 8236 8250 8235
3 8251 8236 8237
3 8250 8236 8251
3 8252 8237 8238
3 8251 8237 8252
3 8253 8238 8239
3 8252 8238 8253
3 8254 8239 8240
3 8253 8239 8254
3 8255 8240 8241
3 8254 8240 8255
3 8256 8241 8242
3 8255 8241 8256
3 8257 8242 8243
3 8256 8242 8257
3 8109 8257 8100
3 8100 8257 8243
3 8244 8113 8107
3 8113 8244 8114
3 8244 8258 8114
3 8244 8246 8258
3 8246 8247 8259
3 8260 8246 8259
3 8258 8246 8260
3 8261 8260 8259
3 8249 8250 8262
3 8249 8262 8263
3 8264 8250 8251
3 8262 8250 8264
3 8265 8251 8252
3 8264 8251 8265
3 8266 8252 8253
3 8265 8252 8266
3 8267 8253 8254
3 8266 8253 8267
3 8268 8254 8255
3 8267 8254 8268
3 8269 8255 8256
3 8268 8255 8269
3 8270 8256 8257
3 8269 8256 8270
3 8116 8270 8109
3 8109 8270 8257
3 8258 8120 8114
3 8120 8258 8121
3 8258 8271 8121
3 8258 8260 8271
3 8260 8261 8272
3 8273 8260 8272
3 8271 8260 8273
3 8274 8273 8272
3 8263 8262 8275
3 8263 8275 8276
3 8277 8262 8264
3 8275 8262 8277
3 8278 8264 8265
3 8277 8264 8278
3 8279 8265 8266
3 8278 8265 8279
3 8280 8266 8267
3 8279 8266 8280
3 8281 8267 8268
3 8280 8267 8281
3 8282 8268 8269
3 8281 8268 8282
3 8124 8282 8123
3 8282 8270 8123
3 8282 8269 8270
3 8123 8270 8116
3 8271 8128 8121
3 8128 8271 8130
3 8271 8283 8130
3 8271 8273 8283
3 8273 8274 8284
3 8285 8273 8284
3 8283 8273 8285
3 8287 8286 8285
3 8287 8285 8284
3 8288 8286 8287
3 8291 8290 8289
3 8289 8290 8276
3 8275 8289 8276
3 8292 8289 8275
3 8293 8275 8277
3 8292 8275 8293
3 8294 8277 8278
3 8293 8277 8294
3 8295 8278 8279
3 8294 8278 8295
3 8296 8279 8280
3 8295 8279 8296
3 8297 8280 8281
3 8296 8280 8297
3 8133 8297 8132
3 8297 8282 8132
3 8297 8281 8282
3 8132 8282 8124
3 8283 8137 8130
3 8137 8283 8140
3 8140 8283 8285
3 8140 8285 8141
3 8285 8298 8141
3 8285 8286 8298
3 8286 8288 8299
3 8300 8286 8299
3 8298 8286 8300
3 8300 8299 8291
3 8289 8300 8291
3 8301 8300 8289
3 8144 8301 8143
3 8301 8292 8143
3 8301 8289 8292
3 8143 8292 8145
3 8292 8302 8145
3 8292 8293 8302
3 8303 8293 8294
3 8302 8293 8303
3 8304 8294 8295
3 8303 8294 8304
3 8148 8304 8147
3 8304 8296 8147
3 8304 8295 8296
3 8147 8296 8150
3 8150 8296 8297
3 8150 8297 8133
3 8298 8154 8141
3 8154 8298 8157
3 8157 8298 8300
3 8157 8300 8159
3 8159 8300 8301
3 8159 8301 8144
3 8302 8161 8145
3 8161 8302 8164
3 8164 8302 8303
3 8164 8303 8166
3 8166 8303 8304
3 8166 8304 8148
3 8305 8179 8180
3 8181 8306 8180
3 8180 8306 8305
3 8182 8306 8181
3 8307 8185 8186
3 8179 8305 8186
3 8305 8307 8186
3 8305 8308 8307
3 8306 8310 8309
3 8308 8306 8309
3 8305 8306 8308
3 8310 8306 8182
3 8187 8310 8182
3 8311 8310 8187
3 8312 8187 8188
3 8312 8311 8187
3 8313 8188 8189
3 8313 8312 8188
3 8314 8189 8190
3 8314 8313 8189
3 8190 8192 8314
3 8314 8192 8315
3 8316 8196 8307
3 8307 8196 8185
3 8317 8307 8308
3 8316 8307 8317
3 8308 8309 8318
3 8308 8318 8317
3 8319 8315 8192
3 8319 8192 8197
3 8197 8198 8319
3 8319 8198 8320
3 8321 8201 8316
3 8316 8201 8196
3 8322 8316 8317
3 8321 8316 8322
3 8317 8318 8323
3 8324 8317 8323
3 8322 8317 8324
3 8325 8324 8323
3 8204 8326 8203
3 8326 8327 8203
3 8327 8198 8203
3 8327 8320 8198
3 8328 8207 8321
3 8321 8207 8201
3 8329 8321 8322
3 8328 8321 8329
3 8330 8322 8324
3 8329 8322 8330
3 8324 8325 8331
3 8332 8324 8331
3 8330 8324 8332
3 8333 8332 8331
3 8335 8334 8326
3 8204 8335 8326
3 8208 8335 8204
3 8326 8334 8327
3 8336 8211 8328
3 8328 8211 8207
3 8337 8328 8329
3 8336 8328 8337
3 8338 8329 8330
3 8337 8329 8338
3 8339 8330 8332
3 8338 8330 8339
3 8332 8333 8340
3 8332 8340 8339
3 8343 8342 8341
3 8342 8335 8341
3 8335 8212 8341
3 8335 8208 8212
3 8344 8214 8336
3 8336 8214 8211
3 8345 8336 8337
3 8344 8336 8345
3 8346 8337 8338
3 8345 8337 8346
3 8339 8348 8347
3 8346 8339 8347
3 8338 8339 8346
3 8348 8339 8340
3 8343 8341 8349
3 8343 8349 8350
3 8216 8349 8212
3 8212 8349 8341
3 8344 8218 8214
3 8218 8344 8219
3 8344 8351 8219
3 8344 8345 8351
3 8352 8345 8346
3 8351 8345 8352
3 8346 8347 8353
3 8354 8346 8353
3 8352 8346 8354
3 8356 8355 8354
3 8356 8354 8353
3 8357 8355 8356
3 8358 8350 8349
3 8349 8216 8358
3 8216 8359 8358
3 8216 8221 8359
3 8351 8230 8219
3 8230 8351 8232
3 8351 8360 8232
3 8351 8352 8360
3 8361 8352 8354
3 8360 8352 8361
3 8362 8354 8355
3 8361 8354 8362
3 8355 8357 8363
3 8355 8363 8362
3 8221 8233 8364
3 8365 8221 8364
3 8359 8221 8365
3 8234 8364 8233
3 8360 8245 8232
3 8245 8360 8247
3 8360 8366 8247
3 8360 8361 8366
3 8367 8361 8362
3 8366 8361 8367
3 8362 8363 8368
3 8362 8368 8367
3 8371 8370 8369
3 8369 8370 8365
3 8364 8369 8365
3 8372 8369 8364
3 8248 8373 8234
3 8373 8364 8234
3 8373 8372 8364
3 8249 8373 8248
3 8366 8259 8247
3 8259 8366 8261
3 8366 8374 8261
3 8366 8367 8374
3 8367 8368 8375
3 8376 8367 8375
3 8374 8367 8376
3 8376 8375 8371
3 8369 8376 8371
3 8377 8376 8369
3 8378 8369 8372
3 8377 8369 8378
3 8379 8372 8373
3 8378 8372 8379
3 8263 8379 8249
3 8249 8379 8373
3 8374 8272 8261
3 8272 8374 8274
3 8374 8380 8274
3 8374 8376 8380
3 8381 8376 8377
3 8380 8376 8381
3 8382 8377 8378
3 8381 8377 8382
3 8383 8378 8379
3 8382 8378 8383
3 8276 8383 8263
3 8263 8383 8379
3 8380 8284 8274
3 8284 8380 8287
3 8287 8380 8381
3 8287 8381 8288
3 8381 8384 8288
3 8381 8382 8384
3 8291 8384 8290
3 8384 8383 8290
3 8384 8382 8383
3 8290 8383 8276
3 8384 8299 8288
3 8299 8384 8291
3 8385 8309 8310
3 8311 8386 8310
3 8310 8386 8385
3 8386 8311 8387
3 8311 8388 8387
3 8311 8312 8388
3 8389 8312 8313
3 8389 8388 8312
3 8391 8389 8390
3 8389 8314 8390
3 8389 8313 8314
3 8315 8390 8314
3 8392 8318 8385
3 8385 8318 8309
3 8393 8385 8386
3 8392 8385 8393
3 8386 8387 8394
3 8395 8386 8394
3 8393 8386 8395
3 8396 8395 8394
3 8397 8391 8390
3 8399 8397 8398
3 8398 8397 8319
3 8397 8390 8319
3 8390 8315 8319
3 8320 8398 8319
3 8392 8323 8318
3 8323 8392 8325
3 8392 8400 8325
3 8392 8393 8400
3 8401 8393 8395
3 8400 8393 8401
3 8395 8396 8402
3 8403 8395 8402
3 8401 8395 8403
3 8405 8404 8403
3 8405 8403 8402
3 8404 8405 8399
3 8398 8404 8399
3 8406 8404 8398
3 8327 8406 8320
3 8320 8406 8398
3 8400 8331 8325
3 8331 8400 8333
3 8400 8407 8333
3 8400 8401 8407
3 8408 8401 8403
3 8407 8401 8408
3 8409 8403 8404
3 8408 8403 8409
3 8335 8409 8334
3 8409 8406 8334
3 8409 8404 8406
3 8334 8406 8327
3 8410 8340 8407
3 8407 8340 8333
3 8411 8407 8408
3 8410 8407 8411
3 8343 8411 8342
3 8411 8409 8342
3 8411 8408 8409
3 8342 8409 8335
3 8412 8347 8348
3 8340 8410 8348
3 8410 8412 8348
3 8410 8413 8412
3 8414 8410 8411
3 8413 8410 8414
3 8350 8414 8343
3 8343 8414 8411
3 8412 8353 8347
3 8353 8412 8356
3 8356 8412 8413
3 8356 8413 8357
3 8413 8415 8357
3 8413 8414 8415
3 8358 8416 8350
3 8416 8414 8350
3 8416 8415 8414
3 8359 8416 8358
3 8417 8363 8415
3 8415 8363 8357
3 8418 8415 8416
3 8417 8415 8418
3 8365 8418 8359
3 8359 8418 8416
3 8419 8368 8417
3 8417 8368 8363
3 8371 8419 8370
3 8419 8418 8370
3 8419 8417 8418
3 8370 8418 8365
3 8419 8375 8368
3 8375 8419 8371
3 8420 8387 8388
3 8389 8421 8388
3 8388 8421 8420
3 8391 8421 8389
3 8420 8394 8387
3 8394 8420 8396
3 8420 8422 8396
3 8420 8421 8422
3 8397 8423 8391
3 8423 8421 8391
3 8423 8422 8421
3 8399 8423 8397
3 8422 8402 8396
3 8402 8422 8405
3 8405 8422 8423
3 8405 8423 8399
