ply
format ascii 1.0
element vertex 3296
property float x
property float y
property float z
element face 6588
property list uchar int vertex_indices
end_header
0.30000 4.49999 14.50000
-0.20000 4.49999 14.00000
-0.20000 4.99999 14.50000
-0.20000 4.49999 15.00000
0.30000 3.49999 12.50000
-0.20000 3.49999 12.00000
-0.20000 3.99999 12.50000
-0.20000 3.99999 13.50000
0.30000 3.49999 13.50000
0.30000 3.49999 14.50000
-0.20000 3.99999 15.50000
0.30000 3.49999 15.50000
-0.20000 3.49999 16.00000
0.30000 2.49999 8.50000
-0.20000 2.49999 8.00000
-0.20000 2.99999 8.50000
-0.20000 2.99999 9.50000
0.30000 2.49999 9.50000
-0.20000 2.99999 10.50000
0.30000 2.49999 10.50000
-0.20000 2.99999 11.50000
0.30000 2.49999 11.50000
0.30000 2.49999 12.50000
0.30000 2.49999 13.50000
0.30000 2.49999 14.50000
-0.20000 2.49999 15.00000
-0.20000 2.99999 15.50000
0.30000 1.49999 7.50000
-0.20000 1.49999 7.00000
-0.20000 1.99999 7.50000
0.30000 1.49999 8.50000
0.30000 1.49999 9.50000
0.30000 1.49999 10.50000
0.30000 1.49999 11.50000
0.30000 1.49999 12.50000
0.30000 1.49999 13.50000
0.30000 1.49999 14.50000
-0.20000 1.99999 15.50000
0.30000 1.49999 15.50000
-0.20000 1.99999 16.50000
0.30000 1.49999 16.50000
-0.20000 1.49999 17.00000
0.30000 0.49999 7.50000
-0.20000 0.49999 7.00000
0.30000 0.49999 8.50000
0.30000 0.49999 9.50000
0.30000 0.49999 10.50000
0.30000 0.49999 11.50000
0.30000 0.49999 12.50000
0.30000 0.49999 13.50000
0.30000 0.49999 14.50000
0.30000 0.49999 15.50000
0.30000 0.49999 16.50000
-0.20000 0.49999 17.00000
0.30000 -0.50001 7.50000
-0.20000 -0.50001 7.00000
0.30000 -0.50001 8.50000
0.30000 -0.50001 9.50000
0.30000 -0.50001 10.50000
0.30000 -0.50001 11.50000
0.30000 -0.50001 12.50000
-0.20000 -0.50001 13.00000
-0.20000 -0.00001 13.50000
-0.20000 -0.00001 14.50000
0.30000 -0.50001 15.50000
-0.20000 -0.50001 15.00000
0.30000 -0.50001 16.50000
-0.20000 -0.00001 17.50000
0.30000 -0.50001 17.50000
-0.20000 -0.50001 18.00000
0.30000 -1.50001 7.50000
-0.20000 -1.50001 7.00000
0.30000 -1.50001 8.50000
0.30000 -1.50001 9.50000
0.30000 -1.50001 10.50000
0.30000 -1.50001 11.50000
0.30000 -1.50001 12.50000
-0.20000 -1.50001 13.00000
0.30000 -1.50001 14.50000
-0.20000 -1.50001 14.00000
-0.20000 -1.00001 14.50000
0.30000 -1.50001 15.50000
0.30000 -1.50001 16.50000
0.30000 -1.50001 17.50000
-0.20000 -1.50001 18.00000
0.30000 -2.50001 7.50000
-0.20000 -2.50001 7.00000
0.30000 -2.50001 8.50000
0.30000 -2.50001 9.50000
0.30000 -2.50001 10.50000
0.30000 -2.50001 11.50000
0.30000 -2.50001 12.50000
-0.20000 -2.00001 13.50000
0.30000 -2.50001 13.50000
-0.20000 -2.00001 14.50000
-0.20000 -2.50001 14.00000
0.30000 -2.50001 15.50000
-0.20000 -2.50001 15.00000
0.30000 -2.50001 16.50000
0.30000 -2.50001 17.50000
-0.20000 -2.50001 18.00000
0.30000 -3.50001 7.50000
-0.20000 -3.50001 7.00000
0.30000 -3.50001 8.50000
0.30000 -3.50001 9.50000
0.30000 -3.50001 10.50000
0.30000 -3.50001 11.50000
0.30000 -3.50001 12.50000
0.30000 -3.50001 13.50000
-0.20000 -3.00001 14.50000
0.30000 -3.50001 14.50000
0.30000 -3.50001 15.50000
0.30000 -3.50001 16.50000
0.30000 -3.50001 17.50000
-0.20000 -3.00001 18.50000
0.30000 -3.50001 18.50000
-0.20000 -3.50001 19.00000
0.30000 -4.50001 7.50000
-0.20000 -4.50001 7.00000
0.30000 -4.50001 8.50000
0.30000 -4.50001 9.50000
0.30000 -4.50001 10.50000
0.30000 -4.50001 11.50000
0.30000 -4.50001 12.50000
0.30000 -4.50001 13.50000
0.30000 -4.50001 14.50000
0.30000 -4.50001 15.50000
0.30000 -4.50001 16.50000
0.30000 -4.50001 17.50000
0.30000 -4.50001 18.50000
-0.20000 -4.50001 19.00000
-0.20000 -5.00001 7.50000
-0.20000 -5.00001 8.50000
0.30000 -5.50001 9.50000
-0.20000 -5.50001 9.00000
0.30000 -5.50001 10.50000
0.30000 -5.50001 11.50000
0.30000 -5.50001 12.50000
0.30000 -5.50001 13.50000
0.30000 -5.50001 14.50000
0.30000 -5.50001 15.50000
0.30000 -5.50001 16.50000
0.30000 -5.50001 17.50000
0.30000 -5.50001 18.50000
-0.20000 -5.50001 19.00000
-0.20000 -6.00001 9.50000
0.30000 -6.50001 10.50000
-0.20000 -6.50001 10.00000
0.30000 -6.50001 11.50000
0.30000 -6.50001 12.50000
0.30000 -6.50001 13.50000
0.30000 -6.50001 14.50000
0.30000 -6.50001 15.50000
0.30000 -6.50001 16.50000
0.30000 -6.50001 17.50000
-0.20000 -6.50001 18.00000
-0.20000 -6.00001 18.50000
-0.20000 -7.00001 10.50000
0.30000 -7.50001 11.50000
-0.20000 -7.50001 11.00000
0.30000 -7.50001 12.50000
0.30000 -7.50001 13.50000
0.30000 -7.50001 14.50000
0.30000 -7.50001 15.50000
0.30000 -7.50001 16.50000
0.30000 -7.50001 17.50000
-0.20000 -7.50001 18.00000
-0.20000 -8.00001 11.50000
0.30000 -8.50001 12.50000
-0.20000 -8.50001 12.00000
0.30000 -8.50001 13.50000
0.30000 -8.50001 14.50000
0.30000 -8.50001 15.50000
0.30000 -8.50001 16.50000
-0.20000 -8.50001 17.00000
-0.20000 -8.00001 17.50000
-0.20000 -9.00001 12.50000
-0.20000 -9.00001 13.50000
0.30000 -9.50001 14.50000
-0.20000 -9.50001 14.00000
0.30000 -9.50001 15.50000
-0.20000 -9.50001 16.00000
-0.20000 -9.00001 16.50000
-0.20000 -10.00001 14.50000
-0.20000 -10.00001 15.50000
-0.70000 5.49999 13.50000
-1.20000 5.49999 13.00000
-1.20000 5.99999 13.50000
-1.20000 5.49999 14.00000
-0.70000 4.49999 8.50000
-1.20000 4.49999 8.00000
-1.20000 4.99999 8.50000
-1.20000 4.99999 9.50000
-0.70000 4.49999 9.50000
-1.20000 4.99999 10.50000
-0.70000 4.49999 10.50000
-1.20000 4.99999 11.50000
-0.70000 4.49999 11.50000
-1.20000 4.99999 12.50000
-0.70000 4.49999 12.50000
-0.70000 4.49999 13.50000
-1.20000 4.99999 14.50000
-1.20000 4.99999 15.50000
-0.70000 4.49999 15.50000
-1.20000 4.49999 16.00000
-0.70000 3.49999 7.50000
-1.20000 3.49999 7.00000
-1.20000 3.99999 7.50000
-0.70000 3.49999 8.50000
-0.70000 3.49999 9.50000
-0.70000 3.49999 10.50000
-0.70000 3.49999 11.50000
-1.20000 3.99999 16.50000
-0.70000 3.49999 16.50000
-1.20000 3.49999 17.00000
-0.70000 2.49999 7.50000
-1.20000 2.49999 7.00000
-0.70000 2.49999 15.50000
-0.70000 2.49999 16.50000
-1.20000 2.99999 17.50000
-0.70000 2.49999 17.50000
-1.20000 2.49999 18.00000
-0.70000 1.49999 6.50000
-1.20000 1.49999 6.00000
-1.20000 1.99999 6.50000
-0.70000 1.49999 17.50000
-1.20000 1.49999 18.00000
-0.70000 0.49999 6.50000
-1.20000 0.49999 6.00000
-0.70000 0.49999 17.50000
-1.20000 0.49999 18.00000
-0.70000 -0.50001 5.50000
-1.20000 -0.50001 5.00000
-1.20000 -0.00001 5.50000
-0.70000 -0.50001 6.50000
-0.70000 -0.50001 13.50000
-0.70000 -0.50001 14.50000
-1.20000 -0.00001 18.50000
-0.70000 -0.50001 18.50000
-1.20000 -0.50001 19.00000
-0.70000 -1.50001 5.50000
-1.20000 -1.50001 5.00000
-0.70000 -1.50001 6.50000
-0.70000 -1.50001 13.50000
-0.70000 -1.50001 18.50000
-1.20000 -1.50001 19.00000
-1.20000 -2.00001 5.50000
-0.70000 -2.50001 6.50000
-1.20000 -2.50001 6.00000
-0.70000 -2.50001 14.50000
-0.70000 -2.50001 18.50000
-1.20000 -2.50001 19.00000
-0.70000 -3.50001 6.50000
-1.20000 -3.50001 6.00000
-1.20000 -3.50001 19.00000
-0.70000 -4.50001 6.50000
-1.20000 -4.50001 6.00000
-1.20000 -4.50001 19.00000
-1.20000 -5.00001 6.50000
-0.70000 -5.50001 7.50000
-1.20000 -5.50001 7.00000
-0.70000 -5.50001 8.50000
-1.20000 -5.50001 19.00000
-1.20000 -6.00001 7.50000
-0.70000 -6.50001 8.50000
-1.20000 -6.50001 8.00000
-0.70000 -6.50001 9.50000
-0.70000 -6.50001 18.50000
-1.20000 -6.50001 19.00000
-0.70000 -7.50001 8.50000
-1.20000 -7.50001 8.00000
-0.70000 -7.50001 9.50000
-0.70000 -7.50001 10.50000
-0.70000 -7.50001 18.50000
-1.20000 -7.50001 19.00000
-1.20000 -8.00001 8.50000
-0.70000 -8.50001 9.50000
-1.20000 -8.50001 9.00000
-0.70000 -8.50001 10.50000
-0.70000 -8.50001 11.50000
-0.70000 -8.50001 17.50000
-1.20000 -8.50001 18.00000
-1.20000 -8.00001 18.50000
-1.20000 -9.00001 9.50000
-0.70000 -9.50001 10.50000
-1.20000 -9.50001 10.00000
-0.70000 -9.50001 11.50000
-0.70000 -9.50001 12.50000
-0.70000 -9.50001 13.50000
-0.70000 -9.50001 16.50000
-1.20000 -9.50001 17.00000
-1.20000 -9.00001 17.50000
-1.20000 -10.00001 10.50000
-1.20000 -10.00001 11.50000
-0.70000 -10.50001 12.50000
-1.20000 -10.50001 12.00000
-0.70000 -10.50001 13.50000
-0.70000 -10.50001 14.50000
-1.20000 -10.50001 15.00000
-1.20000 -10.00001 15.50000
-1.20000 -10.00001 16.50000
-1.20000 -11.00001 12.50000
-0.70000 -11.50001 13.50000
-1.20000 -11.50001 13.00000
-1.20000 -11.50001 14.00000
-1.20000 -11.00001 14.50000
-1.20000 -12.00001 13.50000
-1.70000 7.49999 8.50000
-2.20000 7.49999 8.00000
-2.20000 7.99999 8.50000
-2.20000 7.49999 9.00000
-1.70000 6.49999 8.50000
-2.20000 6.49999 8.00000
-2.20000 6.99999 9.50000
-1.70000 6.49999 9.50000
-2.20000 6.99999 10.50000
-1.70000 6.49999 10.50000
-2.20000 6.99999 11.50000
-1.70000 6.49999 11.50000
-2.20000 6.99999 12.50000
-1.70000 6.49999 12.50000
-2.20000 6.99999 13.50000
-1.70000 6.49999 13.50000
-2.20000 6.99999 14.50000
-1.70000 6.49999 14.50000
-2.20000 6.99999 15.50000
-1.70000 6.49999 15.50000
-2.20000 6.49999 16.00000
-1.70000 5.49999 8.50000
-2.20000 5.49999 8.00000
-1.70000 5.49999 9.50000
-1.70000 5.49999 10.50000
-1.70000 5.49999 11.50000
-1.70000 5.49999 12.50000
-1.70000 5.49999 14.50000
-1.70000 5.49999 15.50000
-2.20000 5.99999 16.50000
-1.70000 5.49999 16.50000
-2.20000 5.99999 17.50000
-1.70000 5.49999 17.50000
-2.20000 5.49999 18.00000
-1.70000 4.49999 6.50000
-2.20000 4.49999 6.00000
-2.20000 4.99999 6.50000
-2.20000 4.99999 7.50000
-1.70000 4.49999 7.50000
-1.70000 4.49999 16.50000
-1.70000 4.49999 17.50000
-2.20000 4.49999 18.00000
-1.70000 3.49999 6.50000
-2.20000 3.49999 6.00000
-1.70000 3.49999 17.50000
-2.20000 3.99999 18.50000
-1.70000 3.49999 18.50000
-2.20000 3.49999 19.00000
-1.70000 2.49999 6.50000
-2.20000 2.49999 6.00000
-1.70000 2.49999 18.50000
-2.20000 2.99999 19.50000
-1.70000 2.49999 19.50000
-2.20000 2.49999 20.00000
-1.70000 1.49999 5.50000
-2.20000 1.49999 5.00000
-2.20000 1.99999 5.50000
-1.70000 1.49999 18.50000
-1.70000 1.49999 19.50000
-2.20000 1.99999 20.50000
-1.70000 1.49999 20.50000
-2.20000 1.49999 21.00000
-1.70000 0.49999 5.50000
-2.20000 0.49999 5.00000
-1.70000 0.49999 18.50000
-1.70000 0.49999 19.50000
-1.70000 0.49999 20.50000
-2.20000 0.49999 21.00000
-2.20000 -0.50001 5.00000
-1.70000 -0.50001 19.50000
-1.70000 -0.50001 20.50000
-2.20000 -0.00001 21.50000
-1.70000 -0.50001 21.50000
-2.20000 -0.50001 22.00000
-2.20000 -1.50001 5.00000
-1.70000 -1.50001 19.50000
-2.20000 -1.50001 20.00000
-2.20000 -1.00001 20.50000
-2.20000 -1.00001 21.50000
-1.70000 -2.50001 5.50000
-2.20000 -2.50001 5.00000
-1.70000 -2.50001 19.50000
-2.20000 -2.50001 20.00000
-1.70000 -3.50001 5.50000
-2.20000 -3.50001 5.00000
-1.70000 -3.50001 19.50000
-2.20000 -3.50001 20.00000
-1.70000 -4.50001 5.50000
-2.20000 -4.50001 5.00000
-1.70000 -4.50001 19.50000
-2.20000 -4.50001 20.00000
-1.70000 -5.50001 5.50000
-2.20000 -5.50001 5.00000
-1.70000 -5.50001 6.50000
-1.70000 -5.50001 19.50000
-2.20000 -5.50001 20.00000
-1.70000 -6.50001 5.50000
-2.20000 -6.50001 5.00000
-1.70000 -6.50001 6.50000
-1.70000 -6.50001 7.50000
-1.70000 -6.50001 19.50000
-2.20000 -6.00001 20.50000
-1.70000 -6.50001 20.50000
-2.20000 -6.50001 21.00000
-2.20000 -7.00001 5.50000
-1.70000 -7.50001 6.50000
-2.20000 -7.50001 6.00000
-1.70000 -7.50001 7.50000
-1.70000 -7.50001 19.50000
-2.20000 -7.50001 20.00000
-2.20000 -7.00001 20.50000
-1.70000 -8.50001 6.50000
-2.20000 -8.50001 6.00000
-1.70000 -8.50001 7.50000
-1.70000 -8.50001 8.50000
-1.70000 -8.50001 18.50000
-1.70000 -8.50001 19.50000
-2.20000 -8.50001 20.00000
-2.20000 -9.00001 6.50000
-1.70000 -9.50001 7.50000
-2.20000 -9.50001 7.00000
-1.70000 -9.50001 8.50000
-1.70000 -9.50001 9.50000
-1.70000 -9.50001 17.50000
-1.70000 -9.50001 18.50000
-2.20000 -9.50001 19.00000
-2.20000 -9.00001 19.50000
-2.20000 -10.00001 7.50000
-2.20000 -10.00001 8.50000
-1.70000 -10.50001 9.50000
-2.20000 -10.50001 9.00000
-1.70000 -10.50001 10.50000
-1.70000 -10.50001 11.50000
-1.70000 -10.50001 15.50000
-1.70000 -10.50001 16.50000
-1.70000 -10.50001 17.50000
-1.70000 -10.50001 18.50000
-2.20000 -10.50001 19.00000
-1.70000 -11.50001 9.50000
-2.20000 -11.50001 9.00000
-1.70000 -11.50001 10.50000
-1.70000 -11.50001 11.50000
-1.70000 -11.50001 12.50000
-1.70000 -11.50001 14.50000
-1.70000 -11.50001 15.50000
-2.20000 -11.50001 16.00000
-2.20000 -11.00001 16.50000
-2.20000 -11.00001 17.50000
-2.20000 -11.00001 18.50000
-1.70000 -12.50001 9.50000
-2.20000 -12.50001 9.00000
-1.70000 -12.50001 10.50000
-1.70000 -12.50001 11.50000
-1.70000 -12.50001 12.50000
-1.70000 -12.50001 13.50000
-2.20000 -12.50001 14.00000
-2.20000 -12.00001 14.50000
-2.20000 -12.00001 15.50000
-1.70000 -13.50001 9.50000
-2.20000 -13.50001 9.00000
-1.70000 -13.50001 10.50000
-1.70000 -13.50001 11.50000
-2.20000 -13.50001 12.00000
-2.20000 -13.00001 12.50000
-2.20000 -13.00001 13.50000
-2.20000 -14.00001 9.50000
-2.20000 -14.00001 10.50000
-2.20000 -14.00001 11.50000
-2.70000 8.49999 11.50000
-3.20000 8.49999 11.00000
-3.20000 8.99999 11.50000
-3.20000 8.49999 12.00000
-3.20000 7.49999 8.00000
-3.20000 7.99999 8.50000
-3.20000 7.99999 9.50000
-2.70000 7.49999 9.50000
-3.20000 7.99999 10.50000
-2.70000 7.49999 10.50000
-2.70000 7.49999 11.50000
-3.20000 7.99999 12.50000
-2.70000 7.49999 12.50000
-3.20000 7.99999 13.50000
-2.70000 7.49999 13.50000
-3.20000 7.99999 14.50000
-2.70000 7.49999 14.50000
-3.20000 7.49999 15.00000
-2.70000 6.49999 7.50000
-3.20000 6.49999 7.00000
-3.20000 6.99999 7.50000
-3.20000 6.99999 15.50000
-3.20000 6.99999 16.50000
-2.70000 6.49999 16.50000
-3.20000 6.49999 17.00000
-2.70000 5.49999 6.50000
-3.20000 5.49999 6.00000
-3.20000 5.99999 6.50000
-2.70000 5.49999 7.50000
-3.20000 5.99999 17.50000
-3.20000 5.99999 18.50000
-2.70000 5.49999 18.50000
-3.20000 5.49999 19.00000
-3.20000 4.49999 6.00000
-2.70000 4.49999 18.50000
-3.20000 4.99999 19.50000
-2.70000 4.49999 19.50000
-3.20000 4.49999 20.00000
-3.20000 3.49999 6.00000
-2.70000 3.49999 19.50000
-3.20000 3.99999 20.50000
-2.70000 3.49999 20.50000
-3.20000 3.49999 21.00000
-2.70000 2.49999 5.50000
-3.20000 2.49999 5.00000
-3.20000 2.99999 5.50000
-2.70000 2.49999 20.50000
-3.20000 2.99999 21.50000
-2.70000 2.49999 21.50000
-3.20000 2.49999 22.00000
-3.20000 1.49999 5.00000
-2.70000 1.49999 21.50000
-3.20000 1.49999 22.00000
-3.20000 0.49999 5.00000
-2.70000 0.49999 21.50000
-3.20000 0.99999 22.50000
-2.70000 0.49999 22.50000
-3.20000 0.49999 23.00000
-3.20000 -0.50001 5.00000
-2.70000 -0.50001 22.50000
-3.20000 -0.50001 23.00000
-3.20000 -1.50001 5.00000
-2.70000 -1.50001 20.50000
-2.70000 -1.50001 21.50000
-2.70000 -1.50001 22.50000
-3.20000 -1.50001 23.00000
-3.20000 -2.50001 5.00000
-2.70000 -2.50001 20.50000
-2.70000 -2.50001 21.50000
-2.70000 -2.50001 22.50000
-3.20000 -2.50001 23.00000
-3.20000 -3.50001 5.00000
-2.70000 -3.50001 20.50000
-2.70000 -3.50001 21.50000
-2.70000 -3.50001 22.50000
-3.20000 -3.50001 23.00000
-3.20000 -4.50001 5.00000
-2.70000 -4.50001 20.50000
-2.70000 -4.50001 21.50000
-2.70000 -4.50001 22.50000
-3.20000 -4.50001 23.00000
-3.20000 -5.50001 5.00000
-2.70000 -5.50001 20.50000
-2.70000 -5.50001 21.50000
-3.20000 -5.50001 22.00000
-3.20000 -5.00001 22.50000
-3.20000 -6.50001 5.00000
-2.70000 -6.50001 21.50000
-3.20000 -6.50001 22.00000
-3.20000 -7.00001 5.50000
-3.20000 -7.50001 6.00000
-2.70000 -7.50001 20.50000
-3.20000 -7.50001 21.00000
-3.20000 -7.00001 21.50000
-3.20000 -8.50001 6.00000
-2.70000 -8.50001 20.50000
-3.20000 -8.50001 21.00000
-2.70000 -9.50001 6.50000
-3.20000 -9.50001 6.00000
-2.70000 -9.50001 19.50000
-2.70000 -9.50001 20.50000
-3.20000 -9.50001 21.00000
-3.20000 -10.00001 6.50000
-2.70000 -10.50001 7.50000
-3.20000 -10.50001 7.00000
-2.70000 -10.50001 8.50000
-2.70000 -10.50001 19.50000
-3.20000 -10.50001 20.00000
-3.20000 -10.00001 20.50000
-2.70000 -11.50001 7.50000
-3.20000 -11.50001 7.00000
-2.70000 -11.50001 8.50000
-2.70000 -11.50001 16.50000
-2.70000 -11.50001 17.50000
-2.70000 -11.50001 18.50000
-3.20000 -11.50001 19.00000
-3.20000 -11.00001 19.50000
-2.70000 -12.50001 7.50000
-3.20000 -12.50001 7.00000
-2.70000 -12.50001 8.50000
-2.70000 -12.50001 14.50000
-2.70000 -12.50001 15.50000
-2.70000 -12.50001 16.50000
-2.70000 -12.50001 17.50000
-3.20000 -12.50001 18.00000
-3.20000 -12.00001 18.50000
-3.20000 -13.00001 7.50000
-2.70000 -13.50001 8.50000
-3.20000 -13.50001 8.00000
-2.70000 -13.50001 12.50000
-2.70000 -13.50001 13.50000
-3.20000 -13.50001 14.00000
-3.20000 -13.00001 14.50000
-3.20000 -13.00001 15.50000
-3.20000 -13.00001 16.50000
-3.20000 -13.00001 17.50000
-3.20000 -14.00001 8.50000
-2.70000 -14.50001 9.50000
-3.20000 -14.50001 9.00000
-3.20000 -14.50001 10.00000
-3.20000 -14.00001 10.50000
-3.20000 -14.00001 11.50000
-3.20000 -14.00001 12.50000
-3.20000 -14.00001 13.50000
-3.20000 -15.00001 9.50000
-3.70000 8.49999 10.50000
-4.20000 8.49999 10.00000
-4.20000 8.99999 10.50000
-4.20000 8.99999 11.50000
-4.20000 8.99999 12.50000
-3.70000 8.49999 12.50000
-4.20000 8.99999 13.50000
-3.70000 8.49999 13.50000
-4.20000 8.49999 14.00000
-3.70000 7.49999 7.50000
-4.20000 7.49999 7.00000
-4.20000 7.99999 7.50000
-4.20000 7.99999 8.50000
-4.20000 7.99999 9.50000
-4.20000 7.99999 14.50000
-4.20000 7.99999 15.50000
-3.70000 7.49999 15.50000
-4.20000 7.49999 16.00000
-4.20000 6.49999 7.00000
-4.20000 6.99999 16.50000
-4.20000 6.99999 17.50000
-3.70000 6.49999 17.50000
-4.20000 6.49999 18.00000
-3.70000 5.49999 6.50000
-4.20000 5.49999 7.00000
-4.20000 5.99999 18.50000
-4.20000 5.99999 19.50000
-3.70000 5.49999 19.50000
-4.20000 5.49999 20.00000
-4.20000 4.49999 6.00000
-4.20000 4.99999 6.50000
-4.20000 4.99999 20.50000
-3.70000 4.49999 20.50000
-4.20000 4.49999 21.00000
-4.20000 3.49999 6.00000
-4.20000 3.99999 21.50000
-3.70000 3.49999 21.50000
-4.20000 3.49999 22.00000
-3.70000 2.49999 5.50000
-4.20000 2.49999 6.00000
-4.20000 2.49999 22.00000
-3.70000 1.49999 5.50000
-4.20000 1.49999 6.00000
-4.20000 1.99999 22.50000
-3.70000 1.49999 22.50000
-4.20000 1.49999 23.00000
-3.70000 0.49999 5.50000
-4.20000 0.49999 6.00000
-4.20000 0.49999 23.00000
-3.70000 -0.50001 5.50000
-4.20000 -0.50001 6.00000
-4.20000 -0.00001 23.50000
-3.70000 -0.50001 23.50000
-4.20000 -0.50001 24.00000
-3.70000 -1.50001 5.50000
-4.20000 -1.50001 6.00000
-3.70000 -1.50001 23.50000
-4.20000 -1.50001 24.00000
-3.70000 -2.50001 5.50000
-4.20000 -2.50001 6.00000
-3.70000 -2.50001 23.50000
-4.20000 -2.50001 24.00000
-3.70000 -3.50001 5.50000
-4.20000 -3.50001 6.00000
-3.70000 -3.50001 23.50000
-4.20000 -3.50001 24.00000
-3.70000 -4.50001 5.50000
-4.20000 -4.50001 6.00000
-3.70000 -4.50001 23.50000
-4.20000 -4.50001 24.00000
-3.70000 -5.50001 5.50000
-4.20000 -5.50001 6.00000
-3.70000 -5.50001 22.50000
-4.20000 -5.50001 23.00000
-4.20000 -5.00001 23.50000
-3.70000 -6.50001 5.50000
-4.20000 -6.50001 6.00000
-3.70000 -6.50001 22.50000
-4.20000 -6.50001 23.00000
-4.20000 -7.50001 6.00000
-3.70000 -7.50001 21.50000
-3.70000 -7.50001 22.50000
-4.20000 -7.50001 23.00000
-4.20000 -8.50001 6.00000
-3.70000 -8.50001 21.50000
-4.20000 -8.50001 22.00000
-4.20000 -8.00001 22.50000
-4.20000 -9.50001 6.00000
-3.70000 -9.50001 21.50000
-4.20000 -9.50001 22.00000
-4.20000 -10.00001 6.50000
-4.20000 -10.50001 7.00000
-3.70000 -10.50001 20.50000
-4.20000 -10.50001 21.00000
-4.20000 -10.00001 21.50000
-4.20000 -11.50001 7.00000
-3.70000 -11.50001 19.50000
-4.20000 -11.50001 20.00000
-4.20000 -11.00001 20.50000
-4.20000 -12.50001 7.00000
-3.70000 -12.50001 18.50000
-4.20000 -12.50001 19.00000
-4.20000 -12.00001 19.50000
-3.70000 -13.50001 7.50000
-4.20000 -13.50001 7.00000
-3.70000 -13.50001 14.50000
-3.70000 -13.50001 15.50000
-3.70000 -13.50001 16.50000
-3.70000 -13.50001 17.50000
-4.20000 -13.50001 18.00000
-4.20000 -13.00001 18.50000
-4.20000 -14.00001 7.50000
-3.70000 -14.50001 8.50000
-4.20000 -14.50001 8.00000
-3.70000 -14.50001 10.50000
-3.70000 -14.50001 11.50000
-3.70000 -14.50001 12.50000
-3.70000 -14.50001 13.50000
-3.70000 -14.50001 14.50000
-3.70000 -14.50001 15.50000
-4.20000 -14.50001 16.00000
-4.20000 -14.00001 16.50000
-4.20000 -14.00001 17.50000
-4.20000 -15.00001 8.50000
-4.20000 -15.00001 9.50000
-4.20000 -15.00001 10.50000
-4.20000 -15.00001 11.50000
-4.20000 -15.00001 12.50000
-4.20000 -15.00001 13.50000
-4.20000 -15.00001 14.50000
-4.20000 -15.00001 15.50000
-5.20000 8.49999 10.00000
-5.20000 8.99999 10.50000
-5.20000 8.99999 11.50000
-5.20000 8.99999 12.50000
-5.20000 8.99999 13.50000
-5.20000 8.99999 14.50000
-4.70000 8.49999 14.50000
-5.20000 8.99999 15.50000
-4.70000 8.49999 15.50000
-5.20000 8.49999 16.00000
-4.70000 7.49999 7.50000
-5.20000 7.49999 8.00000
-5.20000 7.99999 8.50000
-5.20000 7.99999 9.50000
-5.20000 7.99999 16.50000
-4.70000 7.49999 16.50000
-5.20000 7.99999 17.50000
-4.70000 7.49999 17.50000
-5.20000 7.49999 18.00000
-5.20000 6.49999 7.00000
-5.20000 6.99999 7.50000
-5.20000 6.99999 18.50000
-4.70000 6.49999 18.50000
-5.20000 6.49999 19.00000
-4.70000 5.49999 6.50000
-5.20000 5.49999 6.00000
-5.20000 5.99999 6.50000
-5.20000 5.99999 19.50000
-5.20000 5.49999 20.00000
-5.20000 4.49999 6.00000
-5.20000 4.99999 20.50000
-5.20000 4.49999 21.00000
-5.20000 3.49999 6.00000
-5.20000 3.99999 21.50000
-5.20000 3.49999 22.00000
-5.20000 2.49999 6.00000
-5.20000 2.49999 22.00000
-5.20000 1.49999 6.00000
-5.20000 1.99999 22.50000
-5.20000 1.49999 23.00000
-5.20000 0.49999 6.00000
-5.20000 0.49999 23.00000
-5.20000 -0.50001 6.00000
-5.20000 -0.00001 23.50000
-5.20000 -0.50001 24.00000
-5.20000 -1.50001 6.00000
-5.20000 -1.50001 24.00000
-5.20000 -2.50001 6.00000
-5.20000 -2.50001 24.00000
-5.20000 -3.50001 6.00000
-5.20000 -3.50001 24.00000
-5.20000 -4.50001 6.00000
-5.20000 -4.50001 24.00000
-5.20000 -5.50001 6.00000
-4.70000 -5.50001 23.50000
-5.20000 -5.50001 24.00000
-5.20000 -6.50001 6.00000
-4.70000 -6.50001 23.50000
-5.20000 -6.50001 24.00000
-5.20000 -7.50001 6.00000
-4.70000 -7.50001 23.50000
-5.20000 -7.50001 24.00000
-5.20000 -8.50001 6.00000
-4.70000 -8.50001 22.50000
-5.20000 -8.50001 23.00000
-5.20000 -8.00001 23.50000
-5.20000 -9.50001 6.00000
-5.20000 -9.00001 22.50000
-5.20000 -9.50001 22.00000
-5.20000 -10.00001 6.50000
-5.20000 -10.50001 7.00000
-4.70000 -10.50001 21.50000
-5.20000 -10.50001 22.00000
-5.20000 -11.50001 7.00000
-4.70000 -11.50001 20.50000
-5.20000 -11.50001 21.00000
-5.20000 -11.00001 21.50000
-5.20000 -12.50001 7.00000
-4.70000 -12.50001 19.50000
-4.70000 -12.50001 20.50000
-5.20000 -12.50001 21.00000
-5.20000 -13.50001 7.00000
-4.70000 -13.50001 18.50000
-4.70000 -13.50001 19.50000
-5.20000 -13.50001 20.00000
-5.20000 -13.00001 20.50000
-5.20000 -14.00001 7.50000
-5.20000 -14.50001 8.00000
-4.70000 -14.50001 16.50000
-4.70000 -14.50001 17.50000
-4.70000 -14.50001 18.50000
-5.20000 -14.50001 19.00000
-5.20000 -14.00001 19.50000
-5.20000 -15.00001 8.50000
-5.20000 -15.00001 9.50000
-4.70000 -15.50001 10.50000
-5.20000 -15.50001 10.00000
-4.70000 -15.50001 11.50000
-4.70000 -15.50001 12.50000
-4.70000 -15.50001 13.50000
-4.70000 -15.50001 14.50000
-4.70000 -15.50001 15.50000
-4.70000 -15.50001 16.50000
-5.20000 -15.50001 17.00000
-5.20000 -15.00001 17.50000
-5.20000 -15.00001 18.50000
-5.20000 -16.00001 10.50000
-5.20000 -16.00001 11.50000
-4.70000 -16.50001 12.50000
-5.20000 -16.50001 12.00000
-4.70000 -16.50001 13.50000
-5.20000 -16.50001 14.00000
-5.20000 -16.00001 14.50000
-5.20000 -16.00001 15.50000
-5.20000 -16.00001 16.50000
-5.20000 -17.00001 12.50000
-5.20000 -17.00001 13.50000
-5.70000 8.49999 10.50000
-5.70000 8.49999 11.50000
-6.20000 8.49999 12.00000
-6.20000 8.99999 12.50000
-6.20000 8.99999 13.50000
-6.20000 8.99999 14.50000
-6.20000 8.99999 15.50000
-6.20000 8.99999 16.50000
-5.70000 8.49999 16.50000
-6.20000 8.49999 17.00000
-5.70000 7.49999 8.50000
-5.70000 7.49999 9.50000
-5.70000 7.49999 10.50000
-6.20000 7.49999 11.00000
-6.20000 7.99999 11.50000
-6.20000 7.99999 17.50000
-6.20000 7.99999 18.50000
-5.70000 7.49999 18.50000
-6.20000 7.49999 19.00000
-5.70000 6.49999 7.50000
-5.70000 6.49999 8.50000
-5.70000 6.49999 9.50000
-6.20000 6.49999 10.00000
-6.20000 6.99999 10.50000
-6.20000 6.99999 19.50000
-5.70000 6.49999 19.50000
-6.20000 6.49999 20.00000
-5.70000 5.49999 6.50000
-5.70000 5.49999 7.50000
-5.70000 5.49999 8.50000
-5.70000 5.49999 9.50000
-6.20000 5.49999 10.00000
-6.20000 5.99999 20.50000
-5.70000 5.49999 20.50000
-6.20000 5.49999 21.00000
-5.70000 4.49999 6.50000
-6.20000 4.49999 7.00000
-6.20000 4.99999 7.50000
-6.20000 4.99999 8.50000
-6.20000 4.99999 9.50000
-6.20000 4.99999 21.50000
-5.70000 4.49999 21.50000
-6.20000 4.49999 22.00000
-6.20000 3.49999 6.00000
-6.20000 3.99999 6.50000
-6.20000 3.49999 22.00000
-6.20000 2.49999 6.00000
-6.20000 2.99999 22.50000
-5.70000 2.49999 22.50000
-6.20000 2.49999 23.00000
-6.20000 1.49999 6.00000
-6.20000 1.49999 23.00000
-6.20000 0.49999 6.00000
-6.20000 0.99999 23.50000
-5.70000 0.49999 23.50000
-6.20000 0.49999 24.00000
-6.20000 -0.00001 6.50000
-5.70000 -0.50001 6.50000
-6.20000 -0.50001 7.00000
-6.20000 -0.50001 24.00000
-5.70000 -1.50001 6.50000
-6.20000 -1.50001 7.00000
-6.20000 -1.50001 24.00000
-6.20000 -2.50001 6.00000
-6.20000 -2.00001 6.50000
-6.20000 -2.50001 24.00000
-6.20000 -3.50001 6.00000
-6.20000 -3.50001 24.00000
-6.20000 -4.50001 6.00000
-6.20000 -4.00001 24.50000
-5.70000 -4.50001 24.50000
-6.20000 -4.50001 25.00000
-6.20000 -5.50001 6.00000
-5.70000 -5.50001 24.50000
-6.20000 -5.50001 25.00000
-6.20000 -6.50001 6.00000
-6.20000 -6.00001 24.50000
-6.20000 -6.50001 24.00000
-6.20000 -7.50001 6.00000
-6.20000 -7.50001 24.00000
-6.20000 -8.50001 6.00000
-5.70000 -8.50001 23.50000
-6.20000 -8.50001 24.00000
-6.20000 -9.50001 6.00000
-5.70000 -9.50001 22.50000
-6.20000 -9.50001 23.00000
-6.20000 -9.00001 23.50000
-5.70000 -10.50001 6.50000
-6.20000 -10.50001 6.00000
-6.20000 -10.00001 22.50000
-6.20000 -10.50001 22.00000
-6.20000 -11.00001 6.50000
-6.20000 -11.50001 7.00000
-5.70000 -11.50001 21.50000
-6.20000 -11.50001 22.00000
-6.20000 -12.50001 7.00000
-6.20000 -12.00001 21.50000
-6.20000 -12.50001 21.00000
-6.20000 -13.50001 7.00000
-5.70000 -13.50001 20.50000
-6.20000 -13.50001 21.00000
-6.20000 -14.00001 7.50000
-6.20000 -14.50001 8.00000
-5.70000 -14.50001 19.50000
-6.20000 -14.50001 20.00000
-6.20000 -14.00001 20.50000
-5.70000 -15.50001 8.50000
-6.20000 -15.50001 8.00000
-5.70000 -15.50001 9.50000
-5.70000 -15.50001 17.50000
-5.70000 -15.50001 18.50000
-6.20000 -15.50001 19.00000
-6.20000 -15.00001 19.50000
-5.70000 -16.50001 8.50000
-6.20000 -16.50001 8.00000
-5.70000 -16.50001 9.50000
-5.70000 -16.50001 10.50000
-5.70000 -16.50001 11.50000
-5.70000 -16.50001 14.50000
-5.70000 -16.50001 15.50000
-5.70000 -16.50001 16.50000
-5.70000 -16.50001 17.50000
-6.20000 -16.50001 18.00000
-6.20000 -16.00001 18.50000
-6.20000 -17.00001 8.50000
-6.20000 -17.00001 9.50000
-5.70000 -17.50001 10.50000
-6.20000 -17.50001 10.00000
-5.70000 -17.50001 11.50000
-5.70000 -17.50001 12.50000
-5.70000 -17.50001 13.50000
-5.70000 -17.50001 14.50000
-5.70000 -17.50001 15.50000
-6.20000 -17.50001 16.00000
-6.20000 -17.00001 16.50000
-6.20000 -17.00001 17.50000
-5.70000 -18.50001 7.50000
-6.20000 -18.50001 7.00000
-6.20000 -18.00001 7.50000
-6.20000 -18.50001 8.00000
-6.20000 -18.00001 10.50000
-5.70000 -18.50001 11.50000
-6.20000 -18.50001 11.00000
-5.70000 -18.50001 12.50000
-5.70000 -18.50001 13.50000
-5.70000 -18.50001 14.50000
-6.20000 -18.50001 15.00000
-6.20000 -18.00001 15.50000
-6.20000 -19.00001 7.50000
-6.20000 -19.00001 11.50000
-6.20000 -19.00001 12.50000
-6.20000 -19.00001 13.50000
-6.20000 -19.00001 14.50000
-6.70000 8.49999 12.50000
-6.70000 8.49999 13.50000
-7.20000 8.49999 14.00000
-7.20000 8.99999 14.50000
-7.20000 8.99999 15.50000
-7.20000 8.99999 16.50000
-7.20000 8.99999 17.50000
-6.70000 8.49999 17.50000
-7.20000 8.49999 18.00000
-6.70000 7.49999 11.50000
-6.70000 7.49999 12.50000
-7.20000 7.49999 13.00000
-7.20000 7.99999 13.50000
-7.20000 7.99999 18.50000
-7.20000 7.49999 19.00000
-6.70000 6.49999 10.50000
-6.70000 6.49999 11.50000
-7.20000 6.49999 12.00000
-7.20000 6.99999 12.50000
-7.20000 6.99999 19.50000
-7.20000 6.49999 20.00000
-6.70000 5.49999 10.50000
-7.20000 5.49999 11.00000
-7.20000 5.99999 11.50000
-7.20000 5.99999 20.50000
-7.20000 5.49999 21.00000
-6.70000 4.49999 7.50000
-6.70000 4.49999 8.50000
-6.70000 4.49999 9.50000
-7.20000 4.49999 10.00000
-7.20000 4.99999 10.50000
-7.20000 4.99999 21.50000
-7.20000 4.49999 22.00000
-6.70000 3.49999 6.50000
-6.70000 3.49999 7.50000
-7.20000 3.49999 8.00000
-7.20000 3.99999 8.50000
-7.20000 3.99999 9.50000
-7.20000 3.99999 22.50000
-6.70000 3.49999 22.50000
-7.20000 3.49999 23.00000
-6.70000 2.49999 6.50000
-6.70000 2.49999 7.50000
-7.20000 2.49999 8.00000
-7.20000 2.49999 23.00000
-6.70000 1.49999 6.50000
-6.70000 1.49999 7.50000
-7.20000 1.49999 8.00000
-7.20000 1.49999 23.00000
-6.70000 0.49999 6.50000
-6.70000 0.49999 7.50000
-7.20000 0.49999 8.00000
-7.20000 0.99999 23.50000
-7.20000 0.49999 24.00000
-6.70000 -0.50001 7.50000
-7.20000 -0.50001 8.00000
-7.20000 -0.00001 24.50000
-6.70000 -0.50001 24.50000
-7.20000 -0.50001 25.00000
-7.20000 -1.50001 7.00000
-7.20000 -1.00001 7.50000
-6.70000 -1.50001 24.50000
-7.20000 -1.50001 25.00000
-6.70000 -2.50001 6.50000
-7.20000 -2.50001 7.00000
-6.70000 -2.50001 24.50000
-7.20000 -2.50001 25.00000
-6.70000 -3.50001 6.50000
-7.20000 -3.50001 7.00000
-6.70000 -3.50001 24.50000
-7.20000 -3.50001 25.00000
-7.20000 -4.50001 6.00000
-7.20000 -4.00001 6.50000
-7.20000 -4.00001 25.50000
-6.70000 -4.50001 25.50000
-7.20000 -4.50001 26.00000
-7.20000 -5.50001 6.00000
-7.20000 -5.00001 25.50000
-7.20000 -5.50001 25.00000
-7.20000 -6.50001 6.00000
-6.70000 -6.50001 24.50000
-7.20000 -6.50001 25.00000
-7.20000 -7.50001 6.00000
-6.70000 -7.50001 24.50000
-7.20000 -7.50001 25.00000
-7.20000 -8.50001 6.00000
-7.20000 -8.00001 24.50000
-7.20000 -8.50001 24.00000
-7.20000 -9.50001 6.00000
-6.70000 -9.50001 23.50000
-7.20000 -9.50001 24.00000
-7.20000 -10.50001 6.00000
-6.70000 -10.50001 22.50000
-6.70000 -10.50001 23.50000
-7.20000 -10.50001 24.00000
-7.20000 -11.00001 6.50000
-7.20000 -11.50001 7.00000
-6.70000 -11.50001 22.50000
-7.20000 -11.50001 23.00000
-7.20000 -11.00001 23.50000
-7.20000 -12.50001 7.00000
-6.70000 -12.50001 21.50000
-7.20000 -12.50001 22.00000
-7.20000 -12.00001 22.50000
-7.20000 -13.50001 7.00000
-7.20000 -13.00001 21.50000
-7.20000 -13.50001 21.00000
-6.70000 -14.50001 7.50000
-7.20000 -14.50001 7.00000
-6.70000 -14.50001 20.50000
-7.20000 -14.50001 21.00000
-7.20000 -15.00001 7.50000
-7.20000 -15.50001 8.00000
-6.70000 -15.50001 19.50000
-7.20000 -15.50001 20.00000
-7.20000 -15.00001 20.50000
-7.20000 -16.50001 8.00000
-6.70000 -16.50001 18.50000
-7.20000 -16.50001 19.00000
-7.20000 -16.00001 19.50000
-6.70000 -17.50001 8.50000
-7.20000 -17.50001 8.00000
-6.70000 -17.50001 9.50000
-6.70000 -17.50001 16.50000
-6.70000 -17.50001 17.50000
-7.20000 -17.50001 18.00000
-7.20000 -17.00001 18.50000
-7.20000 -18.50001 7.00000
-7.20000 -18.00001 7.50000
-7.20000 -18.00001 8.50000
-7.20000 -18.50001 8.00000
-6.70000 -18.50001 9.50000
-7.20000 -18.50001 9.00000
-6.70000 -18.50001 10.50000
-6.70000 -18.50001 15.50000
-6.70000 -18.50001 16.50000
-7.20000 -18.50001 17.00000
-7.20000 -18.00001 17.50000
-7.20000 -19.00001 7.50000
-7.20000 -19.00001 9.50000
-6.70000 -19.50001 10.50000
-7.20000 -19.50001 10.00000
-6.70000 -19.50001 11.50000
-6.70000 -19.50001 12.50000
-6.70000 -19.50001 13.50000
-6.70000 -19.50001 14.50000
-7.20000 -19.50001 15.00000
-7.20000 -19.00001 15.50000
-7.20000 -19.00001 16.50000
-7.20000 -20.00001 10.50000
-6.70000 -20.50001 11.50000
-7.20000 -20.50001 11.00000
-7.20000 -20.50001 12.00000
-7.20000 -20.00001 12.50000
-7.20000 -20.00001 13.50000
-7.20000 -20.00001 14.50000
-7.20000 -21.00001 11.50000
-7.70000 8.49999 14.50000
-7.70000 8.49999 15.50000
-8.20000 8.49999 16.00000
-8.20000 8.99999 16.50000
-8.20000 8.99999 17.50000
-8.20000 8.49999 18.00000
-7.70000 7.49999 13.50000
-7.70000 7.49999 14.50000
-8.20000 7.49999 15.00000
-8.20000 7.99999 15.50000
-8.20000 7.99999 18.50000
-8.20000 7.49999 19.00000
-7.70000 6.49999 12.50000
-7.70000 6.49999 13.50000
-8.20000 6.49999 14.00000
-8.20000 6.99999 14.50000
-8.20000 6.99999 19.50000
-8.20000 6.99999 20.50000
-7.70000 6.49999 20.50000
-8.20000 6.49999 21.00000
-7.70000 5.49999 11.50000
-8.20000 5.49999 12.00000
-8.20000 5.99999 12.50000
-8.20000 5.99999 13.50000
-8.20000 5.99999 21.50000
-7.70000 5.49999 21.50000
-8.20000 5.49999 22.00000
-7.70000 4.49999 10.50000
-8.20000 4.49999 11.00000
-8.20000 4.99999 11.50000
-8.20000 4.49999 22.00000
-7.70000 3.49999 8.50000
-7.70000 3.49999 9.50000
-8.20000 3.49999 10.00000
-8.20000 3.99999 10.50000
-8.20000 3.99999 22.50000
-8.20000 3.49999 23.00000
-7.70000 2.49999 8.50000
-7.70000 2.49999 9.50000
-8.20000 2.49999 10.00000
-8.20000 2.99999 23.50000
-7.70000 2.49999 23.50000
-8.20000 2.49999 24.00000
-7.70000 1.49999 8.50000
-8.20000 1.49999 9.00000
-8.20000 1.99999 9.50000
-7.70000 1.49999 23.50000
-8.20000 1.99999 24.50000
-7.70000 1.49999 24.50000
-8.20000 1.49999 25.00000
-7.70000 0.49999 8.50000
-8.20000 0.49999 9.00000
-7.70000 0.49999 24.50000
-8.20000 0.49999 25.00000
-7.70000 -0.50001 8.50000
-8.20000 -0.50001 9.00000
-8.20000 -0.50001 25.00000
-7.70000 -1.50001 7.50000
-8.20000 -1.50001 8.00000
-8.20000 -1.00001 8.50000
-8.20000 -1.50001 25.00000
-7.70000 -2.50001 7.50000
-8.20000 -2.50001 8.00000
-8.20000 -2.00001 25.50000
-7.70000 -2.50001 25.50000
-8.20000 -2.50001 26.00000
-8.20000 -3.50001 7.00000
-8.20000 -3.00001 7.50000
-7.70000 -3.50001 25.50000
-8.20000 -3.50001 26.00000
-7.70000 -4.50001 6.50000
-8.20000 -4.50001 7.00000
-8.20000 -4.50001 26.00000
-8.20000 -5.50001 6.00000
-8.20000 -5.00001 6.50000
-7.70000 -5.50001 25.50000
-8.20000 -5.50001 26.00000
-8.20000 -6.50001 6.00000
-7.70000 -6.50001 25.50000
-8.20000 -6.50001 26.00000
-8.20000 -7.50001 6.00000
-8.20000 -7.00001 25.50000
-8.20000 -7.50001 25.00000
-7.70000 -8.50001 5.50000
-8.20000 -8.50001 5.00000
-8.20000 -8.00001 5.50000
-7.70000 -8.50001 24.50000
-8.20000 -8.50001 25.00000
-7.70000 -9.50001 5.50000
-8.20000 -9.50001 5.00000
-7.70000 -9.50001 24.50000
-8.20000 -9.50001 25.00000
-8.20000 -10.00001 5.50000
-8.20000 -10.50001 6.00000
-8.20000 -10.00001 24.50000
-8.20000 -10.50001 24.00000
-7.70000 -11.50001 6.50000
-8.20000 -11.50001 6.00000
-7.70000 -11.50001 23.50000
-8.20000 -11.50001 24.00000
-8.20000 -12.00001 6.50000
-8.20000 -12.50001 7.00000
-7.70000 -12.50001 22.50000
-8.20000 -12.50001 23.00000
-8.20000 -12.00001 23.50000
-8.20000 -13.50001 7.00000
-7.70000 -13.50001 21.50000
-8.20000 -13.50001 22.00000
-8.20000 -13.00001 22.50000
-8.20000 -14.50001 7.00000
-8.20000 -14.00001 21.50000
-8.20000 -14.50001 21.00000
-7.70000 -15.50001 7.50000
-8.20000 -15.50001 7.00000
-8.20000 -15.00001 20.50000
-8.20000 -15.50001 20.00000
-7.70000 -16.50001 7.50000
-8.20000 -16.50001 7.00000
-7.70000 -16.50001 19.50000
-8.20000 -16.50001 20.00000
-7.70000 -17.50001 7.50000
-8.20000 -17.50001 7.00000
-7.70000 -17.50001 18.50000
-8.20000 -17.50001 19.00000
-8.20000 -17.00001 19.50000
-8.20000 -18.50001 7.00000
-7.70000 -18.50001 8.50000
-7.70000 -18.50001 17.50000
-8.20000 -18.50001 18.00000
-8.20000 -18.00001 18.50000
-8.20000 -19.00001 7.50000
-7.70000 -19.50001 8.50000
-8.20000 -19.50001 8.00000
-7.70000 -19.50001 9.50000
-7.70000 -19.50001 15.50000
-8.20000 -19.50001 16.00000
-8.20000 -19.00001 16.50000
-8.20000 -19.00001 17.50000
-8.20000 -20.00001 8.50000
-7.70000 -20.50001 9.50000
-8.20000 -20.50001 9.00000
-7.70000 -20.50001 10.50000
-7.70000 -20.50001 12.50000
-7.70000 -20.50001 13.50000
-8.20000 -20.50001 14.00000
-8.20000 -20.00001 14.50000
-8.20000 -20.00001 15.50000
-7.70000 -21.50001 9.50000
-8.20000 -21.50001 9.00000
-7.70000 -21.50001 10.50000
-7.70000 -21.50001 11.50000
-8.20000 -21.50001 12.00000
-8.20000 -21.00001 12.50000
-8.20000 -21.00001 13.50000
-8.20000 -22.00001 9.50000
-8.20000 -22.00001 10.50000
-8.20000 -22.00001 11.50000
-8.70000 8.49999 16.50000
-8.70000 8.49999 17.50000
-8.70000 7.49999 15.50000
-8.70000 7.49999 16.50000
-8.70000 7.49999 17.50000
-9.20000 7.99999 18.50000
-9.20000 7.49999 18.00000
-9.20000 7.99999 19.50000
-8.70000 7.49999 19.50000
-9.20000 7.49999 20.00000
-8.70000 6.49999 14.50000
-8.70000 6.49999 15.50000
-9.20000 6.49999 16.00000
-9.20000 6.99999 16.50000
-9.20000 6.99999 17.50000
-9.20000 6.99999 20.50000
-9.20000 6.49999 21.00000
-8.70000 5.49999 12.50000
-8.70000 5.49999 13.50000
-9.20000 5.49999 14.00000
-9.20000 5.99999 14.50000
-9.20000 5.99999 15.50000
-9.20000 5.99999 21.50000
-9.20000 5.49999 22.00000
-8.70000 4.49999 11.50000
-8.70000 4.49999 12.50000
-9.20000 4.49999 13.00000
-9.20000 4.99999 13.50000
-9.20000 4.99999 22.50000
-8.70000 4.49999 22.50000
-9.20000 4.49999 23.00000
-8.70000 3.49999 10.50000
-9.20000 3.49999 11.00000
-9.20000 3.99999 11.50000
-9.20000 3.99999 12.50000
-9.20000 3.99999 23.50000
-8.70000 3.49999 23.50000
-9.20000 3.49999 24.00000
-8.70000 2.49999 10.50000
-9.20000 2.49999 11.00000
-9.20000 2.49999 24.00000
-8.70000 1.49999 9.50000
-9.20000 1.49999 10.00000
-9.20000 1.99999 10.50000
-9.20000 1.99999 24.50000
-9.20000 1.49999 25.00000
-8.70000 0.49999 9.50000
-9.20000 0.49999 10.00000
-9.20000 0.99999 25.50000
-8.70000 0.49999 25.50000
-9.20000 0.49999 26.00000
-8.70000 -0.50001 9.50000
-9.20000 -0.50001 10.00000
-8.70000 -0.50001 25.50000
-9.20000 -0.50001 26.00000
-8.70000 -1.50001 8.50000
-9.20000 -1.50001 9.00000
-9.20000 -1.00001 9.50000
-8.70000 -1.50001 25.50000
-9.20000 -1.50001 26.00000
-9.20000 -2.50001 8.00000
-9.20000 -2.00001 8.50000
-9.20000 -2.50001 26.00000
-8.70000 -3.50001 7.50000
-9.20000 -3.50001 8.00000
-9.20000 -3.50001 26.00000
-9.20000 -4.50001 7.00000
-9.20000 -4.00001 7.50000
-9.20000 -4.50001 26.00000
-8.70000 -5.50001 6.50000
-9.20000 -5.50001 7.00000
-9.20000 -5.50001 26.00000
-9.20000 -6.50001 6.00000
-9.20000 -6.00001 6.50000
-9.20000 -6.50001 26.00000
-9.20000 -7.50001 6.00000
-8.70000 -7.50001 25.50000
-9.20000 -7.50001 26.00000
-9.20000 -8.50001 5.00000
-9.20000 -8.00001 5.50000
-8.70000 -8.50001 25.50000
-9.20000 -8.50001 26.00000
-9.20000 -9.50001 5.00000
-9.20000 -9.00001 25.50000
-9.20000 -9.50001 25.00000
-9.20000 -10.00001 5.50000
-9.20000 -10.50001 6.00000
-8.70000 -10.50001 24.50000
-9.20000 -10.50001 25.00000
-9.20000 -11.50001 6.00000
-9.20000 -11.00001 24.50000
-9.20000 -11.50001 24.00000
-8.70000 -12.50001 6.50000
-9.20000 -12.50001 6.00000
-9.20000 -12.00001 23.50000
-9.20000 -12.50001 23.00000
-8.70000 -13.50001 6.50000
-9.20000 -13.50001 6.00000
-8.70000 -13.50001 22.50000
-9.20000 -13.50001 23.00000
-8.70000 -14.50001 6.50000
-9.20000 -14.50001 6.00000
-8.70000 -14.50001 21.50000
-9.20000 -14.50001 22.00000
-9.20000 -14.00001 22.50000
-8.70000 -15.50001 6.50000
-9.20000 -15.50001 6.00000
-8.70000 -15.50001 20.50000
-9.20000 -15.50001 21.00000
-9.20000 -15.00001 21.50000
-8.70000 -16.50001 6.50000
-9.20000 -16.50001 6.00000
-9.20000 -16.00001 20.50000
-9.20000 -16.50001 20.00000
-9.20000 -17.00001 6.50000
-9.20000 -17.50001 7.00000
-8.70000 -17.50001 19.50000
-9.20000 -17.50001 20.00000
-8.70000 -18.50001 6.50000
-9.20000 -18.50001 6.00000
-9.20000 -18.00001 6.50000
-8.70000 -18.50001 18.50000
-9.20000 -18.50001 19.00000
-9.20000 -18.00001 19.50000
-8.70000 -19.50001 6.50000
-9.20000 -19.50001 6.00000
-8.70000 -19.50001 7.50000
-8.70000 -19.50001 16.50000
-8.70000 -19.50001 17.50000
-9.20000 -19.50001 18.00000
-9.20000 -19.00001 18.50000
-9.20000 -20.00001 6.50000
-9.20000 -20.00001 7.50000
-8.70000 -20.50001 8.50000
-9.20000 -20.50001 8.00000
-8.70000 -20.50001 14.50000
-9.20000 -20.50001 15.00000
-9.20000 -20.00001 15.50000
-9.20000 -20.00001 16.50000
-9.20000 -20.00001 17.50000
-8.70000 -21.50001 8.50000
-9.20000 -21.50001 8.00000
-8.70000 -21.50001 12.50000
-9.20000 -21.50001 13.00000
-9.20000 -21.00001 13.50000
-9.20000 -21.00001 14.50000
-9.20000 -22.00001 8.50000
-8.70000 -22.50001 9.50000
-9.20000 -22.50001 9.00000
-8.70000 -22.50001 10.50000
-9.20000 -22.50001 11.00000
-9.20000 -22.00001 11.50000
-9.20000 -22.00001 12.50000
-9.20000 -23.00001 9.50000
-9.20000 -23.00001 10.50000
-9.70000 7.49999 18.50000
-9.70000 7.49999 19.50000
-9.70000 6.49999 16.50000
-9.70000 6.49999 17.50000
-9.70000 6.49999 18.50000
-9.70000 6.49999 19.50000
-9.70000 6.49999 20.50000
-9.70000 5.49999 14.50000
-9.70000 5.49999 15.50000
-9.70000 5.49999 16.50000
-10.20000 5.49999 17.00000
-10.20000 5.99999 17.50000
-10.20000 5.99999 18.50000
-10.20000 5.99999 19.50000
-10.20000 5.99999 20.50000
-10.20000 5.99999 21.50000
-10.20000 5.49999 22.00000
-9.70000 4.49999 13.50000
-9.70000 4.49999 14.50000
-10.20000 4.49999 15.00000
-10.20000 4.99999 15.50000
-10.20000 4.99999 16.50000
-10.20000 4.99999 22.50000
-10.20000 4.49999 23.00000
-9.70000 3.49999 11.50000
-9.70000 3.49999 12.50000
-10.20000 3.49999 13.00000
-10.20000 3.99999 13.50000
-10.20000 3.99999 14.50000
-10.20000 3.99999 23.50000
-10.20000 3.49999 24.00000
-9.70000 2.49999 11.50000
-10.20000 2.49999 12.00000
-10.20000 2.99999 12.50000
-10.20000 2.49999 24.00000
-9.70000 1.49999 10.50000
-10.20000 1.49999 11.00000
-10.20000 1.99999 11.50000
-10.20000 1.99999 24.50000
-10.20000 1.49999 25.00000
-9.70000 0.49999 10.50000
-10.20000 0.49999 11.00000
-10.20000 0.99999 25.50000
-10.20000 0.49999 26.00000
-9.70000 -0.50001 10.50000
-10.20000 -0.50001 11.00000
-10.20000 -0.50001 26.00000
-9.70000 -1.50001 9.50000
-10.20000 -1.50001 10.00000
-10.20000 -1.00001 10.50000
-10.20000 -1.00001 26.50000
-9.70000 -1.50001 26.50000
-10.20000 -1.50001 27.00000
-9.70000 -2.50001 8.50000
-10.20000 -2.50001 9.00000
-10.20000 -2.00001 9.50000
-9.70000 -2.50001 26.50000
-10.20000 -2.50001 27.00000
-10.20000 -3.50001 8.00000
-10.20000 -3.00001 8.50000
-9.70000 -3.50001 26.50000
-10.20000 -3.50001 27.00000
-9.70000 -4.50001 7.50000
-10.20000 -4.50001 8.00000
-9.70000 -4.50001 26.50000
-10.20000 -4.50001 27.00000
-10.20000 -5.50001 7.00000
-10.20000 -5.00001 7.50000
-10.20000 -5.00001 26.50000
-10.20000 -5.50001 26.00000
-10.20000 -6.50001 6.00000
-10.20000 -6.00001 6.50000
-10.20000 -6.50001 26.00000
-10.20000 -7.50001 6.00000
-10.20000 -7.50001 26.00000
-10.20000 -8.50001 5.00000
-10.20000 -8.00001 5.50000
-10.20000 -8.50001 26.00000
-10.20000 -9.50001 5.00000
-9.70000 -9.50001 25.50000
-10.20000 -9.50001 26.00000
-9.70000 -10.50001 5.50000
-10.20000 -10.50001 5.00000
-10.20000 -10.00001 25.50000
-10.20000 -10.50001 25.00000
-10.20000 -11.00001 5.50000
-10.20000 -11.50001 6.00000
-10.20000 -11.00001 24.50000
-10.20000 -11.50001 24.00000
-10.20000 -12.50001 6.00000
-9.70000 -12.50001 23.50000
-10.20000 -12.50001 24.00000
-10.20000 -13.50001 6.00000
-10.20000 -13.00001 23.50000
-10.20000 -13.50001 23.00000
-10.20000 -14.50001 6.00000
-10.20000 -14.00001 22.50000
-10.20000 -14.50001 22.00000
-9.70000 -15.50001 5.50000
-10.20000 -15.50001 5.00000
-10.20000 -15.00001 5.50000
-10.20000 -15.00001 21.50000
-10.20000 -15.50001 21.00000
-9.70000 -16.50001 5.50000
-10.20000 -16.50001 5.00000
-10.20000 -16.00001 20.50000
-10.20000 -16.50001 20.00000
-9.70000 -17.50001 5.50000
-10.20000 -17.50001 5.00000
-9.70000 -17.50001 6.50000
-10.20000 -17.50001 20.00000
-9.70000 -18.50001 5.50000
-10.20000 -18.50001 5.00000
-10.20000 -18.00001 19.50000
-10.20000 -18.50001 19.00000
-10.20000 -19.00001 5.50000
-10.20000 -19.50001 6.00000
-10.20000 -19.00001 18.50000
-10.20000 -19.50001 18.00000
-10.20000 -20.00001 6.50000
-9.70000 -20.50001 7.50000
-10.20000 -20.50001 7.00000
-9.70000 -20.50001 15.50000
-9.70000 -20.50001 16.50000
-10.20000 -20.50001 17.00000
-10.20000 -20.00001 17.50000
-9.70000 -21.50001 7.50000
-10.20000 -21.50001 7.00000
-9.70000 -21.50001 13.50000
-10.20000 -21.50001 14.00000
-10.20000 -21.00001 14.50000
-10.20000 -21.00001 15.50000
-10.20000 -21.00001 16.50000
-10.20000 -22.00001 7.50000
-9.70000 -22.50001 8.50000
-10.20000 -22.50001 8.00000
-9.70000 -22.50001 11.50000
-10.20000 -22.50001 12.00000
-10.20000 -22.00001 12.50000
-10.20000 -22.00001 13.50000
-10.20000 -23.00001 8.50000
-9.70000 -23.50001 9.50000
-10.20000 -23.50001 9.00000
-9.70000 -23.50001 10.50000
-10.20000 -23.50001 11.00000
-10.20000 -23.00001 11.50000
-10.20000 -24.00001 9.50000
-10.20000 -24.00001 10.50000
-10.70000 5.49999 17.50000
-10.70000 5.49999 18.50000
-10.70000 5.49999 19.50000
-10.70000 5.49999 20.50000
-10.70000 5.49999 21.50000
-10.70000 4.49999 15.50000
-10.70000 4.49999 16.50000
-10.70000 4.49999 17.50000
-11.20000 4.49999 18.00000
-11.20000 4.99999 18.50000
-11.20000 4.99999 19.50000
-11.20000 4.99999 20.50000
-11.20000 4.99999 21.50000
-11.20000 4.99999 22.50000
-11.20000 4.49999 23.00000
-10.70000 3.49999 13.50000
-10.70000 3.49999 14.50000
-11.20000 3.49999 15.00000
-11.20000 3.99999 15.50000
-11.20000 3.99999 16.50000
-11.20000 3.99999 17.50000
-11.20000 3.99999 23.50000
-11.20000 3.49999 24.00000
-10.70000 2.49999 12.50000
-11.20000 2.49999 13.00000
-11.20000 2.99999 13.50000
-11.20000 2.99999 14.50000
-11.20000 2.49999 24.00000
-10.70000 1.49999 11.50000
-10.70000 1.49999 12.50000
-11.20000 1.49999 13.00000
-11.20000 1.99999 24.50000
-11.20000 1.49999 25.00000
-10.70000 0.49999 11.50000
-11.20000 0.49999 12.00000
-11.20000 0.99999 12.50000
-11.20000 0.99999 25.50000
-11.20000 0.49999 26.00000
-11.20000 -0.50001 11.00000
-11.20000 -0.00001 11.50000
-11.20000 -0.50001 26.00000
-10.70000 -1.50001 10.50000
-11.20000 -1.50001 11.00000
-11.20000 -1.00001 26.50000
-11.20000 -1.50001 27.00000
-11.20000 -2.50001 9.00000
-11.20000 -2.00001 9.50000
-11.20000 -2.00001 10.50000
-11.20000 -2.50001 27.00000
-10.70000 -3.50001 8.50000
-11.20000 -3.50001 9.00000
-11.20000 -3.50001 27.00000
-11.20000 -4.50001 8.00000
-11.20000 -4.00001 8.50000
-11.20000 -4.50001 27.00000
-11.20000 -5.50001 7.00000
-11.20000 -5.00001 7.50000
-10.70000 -5.50001 26.50000
-11.20000 -5.50001 27.00000
-10.70000 -6.50001 6.50000
-11.20000 -6.50001 7.00000
-10.70000 -6.50001 26.50000
-11.20000 -6.50001 27.00000
-11.20000 -7.50001 6.00000
-11.20000 -7.00001 6.50000
-10.70000 -7.50001 26.50000
-11.20000 -7.50001 27.00000
-10.70000 -8.50001 5.50000
-11.20000 -8.50001 6.00000
-11.20000 -8.00001 26.50000
-11.20000 -8.50001 26.00000
-11.20000 -9.50001 5.00000
-11.20000 -9.00001 5.50000
-11.20000 -9.50001 26.00000
-11.20000 -10.50001 5.00000
-10.70000 -10.50001 25.50000
-11.20000 -10.50001 26.00000
-11.20000 -11.00001 5.50000
-11.20000 -11.50001 6.00000
-10.70000 -11.50001 24.50000
-11.20000 -11.50001 25.00000
-11.20000 -11.00001 25.50000
-11.20000 -12.50001 6.00000
-11.20000 -12.00001 24.50000
-11.20000 -12.50001 24.00000
-11.20000 -13.50001 6.00000
-10.70000 -13.50001 23.50000
-11.20000 -13.50001 24.00000
-11.20000 -14.50001 6.00000
-10.70000 -14.50001 22.50000
-11.20000 -14.50001 23.00000
-11.20000 -14.00001 23.50000
-11.20000 -15.50001 5.00000
-11.20000 -15.00001 5.50000
-10.70000 -15.50001 21.50000
-11.20000 -15.50001 22.00000
-11.20000 -15.00001 22.50000
-11.20000 -16.50001 5.00000
-10.70000 -16.50001 20.50000
-11.20000 -16.50001 21.00000
-11.20000 -16.00001 21.50000
-10.70000 -17.50001 4.50000
-11.20000 -17.50001 4.00000
-11.20000 -17.00001 4.50000
-11.20000 -17.00001 20.50000
-11.20000 -17.50001 20.00000
-10.70000 -18.50001 4.50000
-11.20000 -18.50001 4.00000
-11.20000 -18.00001 19.50000
-11.20000 -18.50001 19.00000
-11.20000 -19.00001 4.50000
-10.70000 -19.50001 5.50000
-11.20000 -19.50001 5.00000
-11.20000 -19.00001 18.50000
-11.20000 -19.50001 18.00000
-11.20000 -20.00001 5.50000
-10.70000 -20.50001 6.50000
-11.20000 -20.50001 6.00000
-11.20000 -20.00001 17.50000
-11.20000 -20.50001 17.00000
-10.70000 -21.50001 6.50000
-11.20000 -21.50001 6.00000
-10.70000 -21.50001 14.50000
-11.20000 -21.50001 15.00000
-11.20000 -21.00001 15.50000
-11.20000 -21.00001 16.50000
-11.20000 -22.00001 6.50000
-10.70000 -22.50001 7.50000
-11.20000 -22.50001 7.00000
-11.20000 -22.00001 12.50000
-11.20000 -22.50001 12.00000
-11.20000 -22.00001 13.50000
-11.20000 -22.00001 14.50000
-11.20000 -23.00001 7.50000
-10.70000 -23.50001 8.50000
-11.20000 -23.50001 8.00000
-11.20000 -23.00001 11.50000
-11.20000 -23.50001 11.00000
-11.20000 -24.00001 8.50000
-11.20000 -24.00001 9.50000
-11.20000 -24.00001 10.50000
-11.70000 4.49999 18.50000
-11.70000 4.49999 19.50000
-11.70000 4.49999 20.50000
-11.70000 4.49999 21.50000
-11.70000 4.49999 22.50000
-11.70000 3.49999 15.50000
-12.20000 3.49999 16.00000
-12.20000 3.99999 16.50000
-12.20000 3.99999 17.50000
-12.20000 3.99999 18.50000
-12.20000 3.99999 19.50000
-12.20000 3.99999 20.50000
-12.20000 3.49999 21.00000
-11.70000 3.49999 21.50000
-11.70000 3.49999 22.50000
-11.70000 3.49999 23.50000
-11.70000 2.49999 13.50000
-12.20000 2.49999 14.00000
-12.20000 2.99999 14.50000
-12.20000 2.99999 15.50000
-12.20000 2.99999 21.50000
-12.20000 2.49999 22.00000
-11.70000 2.49999 22.50000
-11.70000 2.49999 23.50000
-11.70000 1.49999 13.50000
-12.20000 1.49999 14.00000
-12.20000 1.99999 22.50000
-12.20000 1.99999 23.50000
-12.20000 1.99999 24.50000
-12.20000 1.49999 25.00000
-11.70000 0.49999 12.50000
-12.20000 0.49999 13.00000
-12.20000 0.99999 13.50000
-12.20000 0.99999 25.50000
-12.20000 0.49999 26.00000
-11.70000 -0.50001 11.50000
-11.70000 -0.50001 12.50000
-12.20000 -0.50001 13.00000
-12.20000 -0.50001 26.00000
-11.70000 -1.50001 11.50000
-12.20000 -1.50001 12.00000
-12.20000 -1.00001 12.50000
-12.20000 -1.00001 26.50000
-12.20000 -1.50001 27.00000
-11.70000 -2.50001 9.50000
-12.20000 -2.50001 10.00000
-12.20000 -2.00001 10.50000
-12.20000 -2.00001 11.50000
-12.20000 -2.50001 27.00000
-12.20000 -3.50001 9.00000
-12.20000 -3.00001 9.50000
-12.20000 -3.50001 27.00000
-12.20000 -4.50001 8.00000
-12.20000 -4.00001 8.50000
-12.20000 -4.50001 27.00000
-11.70000 -5.50001 7.50000
-12.20000 -5.50001 8.00000
-12.20000 -5.50001 27.00000
-12.20000 -6.50001 7.00000
-12.20000 -6.00001 7.50000
-12.20000 -6.50001 27.00000
-12.20000 -7.50001 6.00000
-12.20000 -7.00001 6.50000
-12.20000 -7.50001 27.00000
-12.20000 -8.50001 6.00000
-11.70000 -8.50001 26.50000
-12.20000 -8.50001 27.00000
-11.70000 -9.50001 5.50000
-12.20000 -9.50001 6.00000
-12.20000 -9.00001 26.50000
-12.20000 -9.50001 26.00000
-12.20000 -10.50001 5.00000
-12.20000 -10.00001 5.50000
-12.20000 -10.50001 26.00000
-11.70000 -11.50001 5.50000
-12.20000 -11.50001 5.00000
-12.20000 -11.00001 25.50000
-12.20000 -11.50001 25.00000
-12.20000 -12.00001 5.50000
-12.20000 -12.50001 6.00000
-11.70000 -12.50001 24.50000
-12.20000 -12.50001 25.00000
-12.20000 -13.50001 6.00000
-12.20000 -13.00001 24.50000
-12.20000 -13.50001 24.00000
-12.20000 -14.50001 6.00000
-12.20000 -14.00001 23.50000
-12.20000 -14.50001 23.00000
-12.20000 -15.50001 5.00000
-12.20000 -15.00001 5.50000
-12.20000 -15.00001 22.50000
-12.20000 -15.50001 22.00000
-12.20000 -16.50001 5.00000
-12.20000 -16.00001 21.50000
-12.20000 -16.50001 21.00000
-12.20000 -17.50001 4.00000
-12.20000 -17.00001 4.50000
-12.20000 -17.00001 20.50000
-12.20000 -17.50001 20.00000
-12.20000 -18.50001 4.00000
-12.20000 -18.00001 19.50000
-12.20000 -18.50001 19.00000
-11.70000 -19.50001 4.50000
-12.20000 -19.50001 4.00000
-12.20000 -19.00001 18.50000
-12.20000 -19.50001 18.00000
-12.20000 -20.00001 4.50000
-11.70000 -20.50001 5.50000
-12.20000 -20.50001 5.00000
-12.20000 -20.00001 17.50000
-12.20000 -20.50001 17.00000
-12.20000 -21.00001 5.50000
-12.20000 -21.50001 6.00000
-11.70000 -21.50001 15.50000
-12.20000 -21.50001 16.00000
-12.20000 -21.00001 16.50000
-11.70000 -22.50001 6.50000
-12.20000 -22.50001 6.00000
-11.70000 -22.50001 12.50000
-12.20000 -22.50001 13.00000
-12.20000 -22.00001 13.50000
-12.20000 -22.00001 14.50000
-12.20000 -22.00001 15.50000
-12.20000 -23.00001 6.50000
-11.70000 -23.50001 7.50000
-12.20000 -23.50001 7.00000
-11.70000 -23.50001 11.50000
-12.20000 -23.50001 12.00000
-12.20000 -23.00001 12.50000
-12.20000 -24.00001 7.50000
-12.20000 -24.00001 8.50000
-12.20000 -24.00001 9.50000
-12.20000 -24.00001 10.50000
-12.20000 -24.00001 11.50000
-12.70000 3.49999 16.50000
-12.70000 3.49999 17.50000
-12.70000 3.49999 18.50000
-12.70000 3.49999 19.50000
-12.70000 3.49999 20.50000
-12.70000 2.49999 14.50000
-12.70000 2.49999 15.50000
-13.20000 2.49999 16.00000
-13.20000 2.99999 16.50000
-13.20000 2.99999 17.50000
-13.20000 2.99999 18.50000
-13.20000 2.99999 19.50000
-13.20000 2.49999 20.00000
-12.70000 2.49999 20.50000
-12.70000 2.49999 21.50000
-12.70000 1.49999 14.50000
-13.20000 1.49999 15.00000
-13.20000 1.99999 15.50000
-13.20000 1.99999 20.50000
-13.20000 1.99999 21.50000
-12.70000 1.49999 22.50000
-13.20000 1.49999 22.00000
-12.70000 1.49999 23.50000
-12.70000 1.49999 24.50000
-12.70000 0.49999 13.50000
-13.20000 0.49999 14.00000
-13.20000 0.99999 14.50000
-13.20000 0.99999 22.50000
-13.20000 0.99999 23.50000
-13.20000 0.99999 24.50000
-12.70000 0.49999 25.50000
-13.20000 0.49999 25.00000
-12.70000 -0.50001 13.50000
-13.20000 -0.50001 14.00000
-13.20000 -0.00001 25.50000
-13.20000 -0.50001 26.00000
-12.70000 -1.50001 12.50000
-13.20000 -1.50001 13.00000
-13.20000 -1.00001 13.50000
-12.70000 -1.50001 26.50000
-13.20000 -1.50001 26.00000
-13.20000 -2.50001 10.00000
-13.20000 -2.00001 10.50000
-13.20000 -2.00001 11.50000
-13.20000 -2.00001 12.50000
-13.20000 -2.00001 26.50000
-13.20000 -2.50001 27.00000
-13.20000 -3.50001 9.00000
-13.20000 -3.00001 9.50000
-13.20000 -3.50001 27.00000
-13.20000 -4.50001 8.00000
-13.20000 -4.00001 8.50000
-13.20000 -4.50001 27.00000
-13.20000 -5.50001 8.00000
-13.20000 -5.50001 27.00000
-13.20000 -6.50001 7.00000
-13.20000 -6.00001 7.50000
-13.20000 -6.00001 27.50000
-12.70000 -6.50001 27.50000
-13.20000 -6.50001 28.00000
-13.20000 -7.50001 6.00000
-13.20000 -7.00001 6.50000
-13.20000 -7.00001 27.50000
-13.20000 -7.50001 27.00000
-13.20000 -8.50001 6.00000
-13.20000 -8.50001 27.00000
-13.20000 -9.50001 6.00000
-12.70000 -9.50001 26.50000
-13.20000 -9.50001 27.00000
-13.20000 -10.50001 5.00000
-13.20000 -10.00001 5.50000
-13.20000 -10.00001 26.50000
-13.20000 -10.50001 26.00000
-13.20000 -11.50001 5.00000
-12.70000 -11.50001 25.50000
-13.20000 -11.50001 26.00000
-13.20000 -12.00001 5.50000
-13.20000 -12.50001 6.00000
-13.20000 -12.00001 25.50000
-13.20000 -12.50001 25.00000
-13.20000 -13.50001 6.00000
-13.20000 -13.00001 24.50000
-13.20000 -13.50001 24.00000
-13.20000 -14.50001 6.00000
-12.70000 -14.50001 23.50000
-13.20000 -14.50001 24.00000
-13.20000 -15.50001 5.00000
-13.20000 -15.00001 5.50000
-12.70000 -15.50001 22.50000
-13.20000 -15.50001 23.00000
-13.20000 -15.00001 23.50000
-13.20000 -16.50001 5.00000
-12.70000 -16.50001 21.50000
-13.20000 -16.50001 22.00000
-13.20000 -16.00001 22.50000
-13.20000 -17.50001 4.00000
-13.20000 -17.00001 4.50000
-12.70000 -17.50001 20.50000
-13.20000 -17.50001 21.00000
-13.20000 -17.00001 21.50000
-13.20000 -18.50001 4.00000
-12.70000 -18.50001 19.50000
-13.20000 -18.50001 20.00000
-13.20000 -18.00001 20.50000
-13.20000 -19.50001 4.00000
-12.70000 -19.50001 18.50000
-13.20000 -19.50001 19.00000
-13.20000 -19.00001 19.50000
-13.20000 -20.00001 4.50000
-13.20000 -20.50001 5.00000
-12.70000 -20.50001 17.50000
-13.20000 -20.50001 18.00000
-13.20000 -20.00001 18.50000
-12.70000 -21.50001 5.50000
-13.20000 -21.50001 5.00000
-13.20000 -21.00001 16.50000
-13.20000 -21.50001 16.00000
-13.20000 -21.00001 17.50000
-13.20000 -22.00001 5.50000
-13.20000 -22.50001 6.00000
-12.70000 -22.50001 13.50000
-13.20000 -22.50001 14.00000
-13.20000 -22.00001 14.50000
-13.20000 -22.00001 15.50000
-13.20000 -23.00001 6.50000
-13.20000 -23.50001 7.00000
-13.20000 -23.00001 12.50000
-13.20000 -23.50001 12.00000
-13.20000 -23.00001 13.50000
-13.20000 -24.00001 7.50000
-13.20000 -24.00001 8.50000
-13.20000 -24.00001 9.50000
-13.20000 -24.00001 10.50000
-13.20000 -24.00001 11.50000
-13.70000 2.49999 16.50000
-13.70000 2.49999 17.50000
-13.70000 2.49999 18.50000
-13.70000 2.49999 19.50000
-13.70000 1.49999 15.50000
-14.20000 1.49999 16.00000
-14.20000 1.99999 16.50000
-14.20000 1.99999 17.50000
-14.20000 1.99999 18.50000
-14.20000 1.99999 19.50000
-14.20000 1.99999 20.50000
-13.70000 1.49999 21.50000
-14.20000 1.49999 21.00000
-13.70000 0.49999 14.50000
-14.20000 0.49999 15.00000
-14.20000 0.99999 15.50000
-14.20000 0.99999 21.50000
-14.20000 0.99999 22.50000
-14.20000 0.99999 23.50000
-13.70000 0.49999 24.50000
-14.20000 0.49999 24.00000
-13.70000 -0.50001 14.50000
-14.20000 -0.50001 15.00000
-14.20000 -0.00001 24.50000
-13.70000 -0.50001 25.50000
-14.20000 -0.50001 25.00000
-13.70000 -1.50001 13.50000
-14.20000 -1.50001 14.00000
-14.20000 -1.00001 14.50000
-13.70000 -1.50001 25.50000
-14.20000 -1.50001 25.00000
-13.70000 -2.50001 10.50000
-14.20000 -2.50001 11.00000
-14.20000 -2.00001 11.50000
-14.20000 -2.00001 12.50000
-14.20000 -2.00001 13.50000
-14.20000 -2.00001 25.50000
-13.70000 -2.50001 26.50000
-14.20000 -2.50001 26.00000
-13.70000 -3.50001 9.50000
-14.20000 -3.50001 10.00000
-14.20000 -3.00001 10.50000
-13.70000 -3.50001 26.50000
-14.20000 -3.50001 26.00000
-13.70000 -4.50001 8.50000
-14.20000 -4.50001 9.00000
-14.20000 -4.00001 9.50000
-14.20000 -4.00001 26.50000
-14.20000 -4.50001 27.00000
-14.20000 -5.50001 8.00000
-14.20000 -5.00001 8.50000
-14.20000 -5.50001 27.00000
-14.20000 -6.50001 7.00000
-14.20000 -6.00001 7.50000
-13.70000 -6.50001 27.50000
-14.20000 -6.50001 27.00000
-14.20000 -7.50001 6.00000
-14.20000 -7.00001 6.50000
-14.20000 -7.50001 27.00000
-14.20000 -8.50001 6.00000
-14.20000 -8.50001 27.00000
-14.20000 -9.50001 6.00000
-14.20000 -9.50001 27.00000
-14.20000 -10.50001 5.00000
-14.20000 -10.00001 5.50000
-13.70000 -10.50001 26.50000
-14.20000 -10.50001 27.00000
-14.20000 -11.50001 5.00000
-14.20000 -11.00001 26.50000
-14.20000 -11.50001 26.00000
-14.20000 -12.00001 5.50000
-14.20000 -12.50001 6.00000
-13.70000 -12.50001 25.50000
-14.20000 -12.50001 26.00000
-14.20000 -13.50001 6.00000
-13.70000 -13.50001 24.50000
-14.20000 -13.50001 25.00000
-14.20000 -13.00001 25.50000
-14.20000 -14.50001 6.00000
-14.20000 -14.00001 24.50000
-14.20000 -14.50001 24.00000
-13.70000 -15.50001 5.50000
-14.20000 -15.50001 6.00000
-14.20000 -15.00001 23.50000
-14.20000 -15.50001 23.00000
-14.20000 -16.50001 5.00000
-14.20000 -16.00001 5.50000
-13.70000 -16.50001 22.50000
-14.20000 -16.50001 23.00000
-14.20000 -17.50001 4.00000
-14.20000 -17.00001 4.50000
-13.70000 -17.50001 21.50000
-14.20000 -17.50001 22.00000
-14.20000 -17.00001 22.50000
-14.20000 -18.50001 4.00000
-14.20000 -18.00001 20.50000
-14.20000 -18.50001 20.00000
-14.20000 -18.00001 21.50000
-14.20000 -19.50001 4.00000
-14.20000 -19.00001 19.50000
-14.20000 -19.50001 19.00000
-14.20000 -20.00001 4.50000
-14.20000 -20.50001 5.00000
-14.20000 -20.00001 18.50000
-14.20000 -20.50001 18.00000
-14.20000 -21.50001 5.00000
-14.20000 -21.00001 16.50000
-14.20000 -21.50001 16.00000
-14.20000 -21.00001 17.50000
-14.20000 -22.00001 5.50000
-14.20000 -22.50001 6.00000
-14.20000 -22.00001 14.50000
-14.20000 -22.50001 14.00000
-14.20000 -22.00001 15.50000
-14.20000 -23.00001 6.50000
-14.20000 -23.50001 7.00000
-13.70000 -23.50001 12.50000
-14.20000 -23.50001 13.00000
-14.20000 -23.00001 13.50000
-14.20000 -24.00001 7.50000
-14.20000 -24.00001 8.50000
-14.20000 -24.00001 9.50000
-14.20000 -24.00001 10.50000
-14.20000 -24.00001 11.50000
-14.20000 -24.00001 12.50000
-14.70000 1.49999 16.50000
-14.70000 1.49999 17.50000
-14.70000 1.49999 18.50000
-14.70000 1.49999 19.50000
-14.70000 1.49999 20.50000
-14.70000 0.49999 15.50000
-14.70000 0.49999 16.50000
-14.70000 0.49999 17.50000
-15.20000 0.49999 18.00000
-15.20000 0.99999 18.50000
-15.20000 0.99999 19.50000
-15.20000 0.99999 20.50000
-15.20000 0.99999 21.50000
-15.20000 0.99999 22.50000
-14.70000 0.49999 23.50000
-15.20000 0.49999 23.00000
-14.70000 -0.50001 15.50000
-15.20000 -0.50001 16.00000
-15.20000 -0.00001 16.50000
-15.20000 -0.00001 17.50000
-15.20000 -0.00001 23.50000
-14.70000 -0.50001 24.50000
-15.20000 -0.50001 24.00000
-14.70000 -1.50001 14.50000
-15.20000 -1.50001 15.00000
-15.20000 -1.00001 15.50000
-15.20000 -1.00001 24.50000
-15.20000 -1.50001 25.00000
-14.70000 -2.50001 11.50000
-14.70000 -2.50001 12.50000
-15.20000 -2.50001 13.00000
-15.20000 -2.00001 13.50000
-15.20000 -2.00001 14.50000
-14.70000 -2.50001 25.50000
-15.20000 -2.50001 25.00000
-14.70000 -3.50001 10.50000
-15.20000 -3.50001 11.00000
-15.20000 -3.00001 11.50000
-15.20000 -3.00001 12.50000
-14.70000 -3.50001 25.50000
-15.20000 -3.50001 25.00000
-14.70000 -4.50001 9.50000
-15.20000 -4.50001 10.00000
-15.20000 -4.00001 10.50000
-14.70000 -4.50001 25.50000
-15.20000 -4.50001 25.00000
-14.70000 -4.50001 26.50000
-15.20000 -5.50001 8.00000
-15.20000 -5.00001 8.50000
-15.20000 -5.00001 9.50000
-15.20000 -5.00001 25.50000
-15.20000 -5.50001 26.00000
-14.70000 -5.50001 26.50000
-15.20000 -6.50001 7.00000
-15.20000 -6.00001 7.50000
-14.70000 -6.50001 26.50000
-15.20000 -6.50001 26.00000
-15.20000 -7.50001 6.00000
-15.20000 -7.00001 6.50000
-15.20000 -7.00001 26.50000
-15.20000 -7.50001 27.00000
-15.20000 -8.50001 6.00000
-14.70000 -8.50001 26.50000
-15.20000 -8.00001 26.50000
-15.20000 -8.50001 26.00000
-15.20000 -9.50001 6.00000
-14.70000 -9.50001 26.50000
-15.20000 -9.50001 26.00000
-15.20000 -10.50001 5.00000
-15.20000 -10.00001 5.50000
-14.70000 -10.50001 26.50000
-15.20000 -10.50001 26.00000
-15.20000 -11.50001 5.00000
-15.20000 -11.50001 26.00000
-15.20000 -12.00001 5.50000
-15.20000 -12.50001 6.00000
-15.20000 -12.50001 26.00000
-15.20000 -13.50001 6.00000
-15.20000 -13.00001 25.50000
-15.20000 -13.50001 25.00000
-15.20000 -14.50001 6.00000
-14.70000 -14.50001 24.50000
-15.20000 -14.50001 25.00000
-15.20000 -15.50001 6.00000
-14.70000 -15.50001 23.50000
-15.20000 -15.50001 24.00000
-15.20000 -15.00001 24.50000
-15.20000 -16.50001 5.00000
-15.20000 -16.00001 5.50000
-15.20000 -16.00001 23.50000
-15.20000 -16.50001 23.00000
-14.70000 -17.50001 3.50000
-15.20000 -17.50001 3.00000
-15.20000 -17.00001 3.50000
-15.20000 -17.00001 4.50000
-15.20000 -17.00001 22.50000
-15.20000 -17.50001 22.00000
-15.20000 -18.00001 3.50000
-15.20000 -18.50001 4.00000
-14.70000 -18.50001 20.50000
-15.20000 -18.50001 21.00000
-15.20000 -18.00001 21.50000
-15.20000 -19.50001 4.00000
-15.20000 -19.00001 19.50000
-15.20000 -19.50001 19.00000
-15.20000 -19.00001 20.50000
-14.70000 -20.50001 4.50000
-15.20000 -20.50001 4.00000
-15.20000 -20.00001 18.50000
-15.20000 -20.50001 18.00000
-15.20000 -21.00001 4.50000
-15.20000 -21.50001 5.00000
-15.20000 -21.00001 16.50000
-15.20000 -21.50001 16.00000
-15.20000 -21.00001 17.50000
-15.20000 -22.00001 5.50000
-15.20000 -22.50001 6.00000
-15.20000 -22.00001 14.50000
-15.20000 -22.50001 14.00000
-15.20000 -22.00001 15.50000
-15.20000 -23.00001 6.50000
-15.20000 -23.50001 7.00000
-15.20000 -23.00001 13.50000
-15.20000 -23.50001 13.00000
-15.20000 -24.00001 7.50000
-15.20000 -24.00001 8.50000
-15.20000 -24.00001 9.50000
-15.20000 -24.00001 10.50000
-15.20000 -24.00001 11.50000
-15.20000 -24.00001 12.50000
-15.70000 0.49999 18.50000
-15.70000 0.49999 19.50000
-15.70000 0.49999 20.50000
-15.70000 0.49999 21.50000
-15.70000 0.49999 22.50000
-15.70000 -0.50001 16.50000
-15.70000 -0.50001 17.50000
-16.20000 -0.50001 18.00000
-16.20000 -0.00001 18.50000
-16.20000 -0.00001 19.50000
-16.20000 -0.00001 20.50000
-16.20000 -0.00001 21.50000
-16.20000 -0.00001 22.50000
-16.20000 -0.00001 23.50000
-16.20000 -0.50001 24.00000
-15.70000 -1.50001 15.50000
-16.20000 -1.50001 16.00000
-16.20000 -1.00001 16.50000
-16.20000 -1.00001 17.50000
-16.20000 -1.00001 24.50000
-16.20000 -1.50001 25.00000
-15.70000 -2.50001 13.50000
-15.70000 -2.50001 14.50000
-16.20000 -2.50001 15.00000
-16.20000 -2.00001 15.50000
-16.20000 -2.50001 25.00000
-15.70000 -3.50001 11.50000
-15.70000 -3.50001 12.50000
-16.20000 -3.50001 13.00000
-16.20000 -3.00001 13.50000
-16.20000 -3.00001 14.50000
-16.20000 -3.50001 25.00000
-15.70000 -4.50001 10.50000
-16.20000 -4.50001 11.00000
-16.20000 -4.00001 11.50000
-16.20000 -4.00001 12.50000
-16.20000 -4.50001 25.00000
-15.70000 -5.50001 8.50000
-16.20000 -5.50001 9.00000
-16.20000 -5.00001 9.50000
-16.20000 -5.00001 10.50000
-15.70000 -5.50001 25.50000
-16.20000 -5.50001 25.00000
-16.20000 -6.50001 7.00000
-16.20000 -6.00001 7.50000
-16.20000 -6.00001 8.50000
-15.70000 -6.50001 25.50000
-16.20000 -6.50001 25.00000
-16.20000 -7.50001 6.00000
-16.20000 -7.00001 6.50000
-15.70000 -7.50001 25.50000
-16.20000 -7.50001 25.00000
-15.70000 -7.50001 26.50000
-16.20000 -8.50001 6.00000
-15.70000 -8.50001 25.50000
-16.20000 -8.50001 25.00000
-15.70000 -9.50001 5.50000
-16.20000 -9.50001 5.00000
-16.20000 -9.00001 5.50000
-15.70000 -9.50001 25.50000
-16.20000 -9.50001 25.00000
-16.20000 -10.50001 5.00000
-15.70000 -10.50001 25.50000
-16.20000 -10.50001 25.00000
-16.20000 -11.50001 5.00000
-15.70000 -11.50001 25.50000
-16.20000 -11.50001 25.00000
-16.20000 -12.00001 5.50000
-16.20000 -12.50001 6.00000
-15.70000 -12.50001 25.50000
-16.20000 -12.50001 25.00000
-16.20000 -13.50001 6.00000
-16.20000 -13.50001 25.00000
-16.20000 -14.50001 6.00000
-16.20000 -14.50001 25.00000
-16.20000 -15.50001 6.00000
-16.20000 -15.00001 24.50000
-16.20000 -15.50001 24.00000
-16.20000 -16.50001 5.00000
-16.20000 -16.00001 5.50000
-16.20000 -16.00001 23.50000
-16.20000 -16.50001 23.00000
-16.20000 -17.50001 3.00000
-16.20000 -17.00001 3.50000
-16.20000 -17.00001 4.50000
-16.20000 -17.00001 22.50000
-16.20000 -17.50001 22.00000
-16.20000 -18.00001 3.50000
-16.20000 -18.50001 4.00000
-16.20000 -18.00001 21.50000
-16.20000 -18.50001 21.00000
-16.20000 -19.50001 4.00000
-16.20000 -19.00001 19.50000
-16.20000 -19.50001 19.00000
-16.20000 -19.00001 20.50000
-16.20000 -20.50001 4.00000
-15.70000 -20.50001 17.50000
-16.20000 -20.00001 17.50000
-16.20000 -20.50001 17.00000
-16.20000 -20.00001 18.50000
-16.20000 -21.00001 4.50000
-16.20000 -21.50001 5.00000
-16.20000 -21.00001 16.50000
-16.20000 -21.50001 16.00000
-16.20000 -22.00001 5.50000
-16.20000 -22.50001 6.00000
-16.20000 -22.00001 14.50000
-16.20000 -22.50001 14.00000
-16.20000 -22.00001 15.50000
-16.20000 -23.00001 6.50000
-16.20000 -23.50001 7.00000
-15.70000 -23.50001 12.50000
-16.20000 -23.00001 12.50000
-16.20000 -23.50001 12.00000
-16.20000 -23.00001 13.50000
-16.20000 -24.00001 7.50000
-16.20000 -24.00001 8.50000
-16.20000 -24.00001 9.50000
-16.20000 -24.00001 10.50000
-16.20000 -24.00001 11.50000
-16.70000 -0.50001 18.50000
-16.70000 -0.50001 19.50000
-16.70000 -0.50001 20.50000
-16.70000 -0.50001 21.50000
-16.70000 -0.50001 22.50000
-16.70000 -0.50001 23.50000
-16.70000 -1.50001 16.50000
-16.70000 -1.50001 17.50000
-16.70000 -1.50001 18.50000
-16.70000 -1.50001 19.50000
-16.70000 -1.50001 20.50000
-17.20000 -1.50001 21.00000
-17.20000 -1.00001 21.50000
-17.20000 -1.00001 22.50000
-17.20000 -1.50001 23.00000
-16.70000 -1.50001 23.50000
-16.70000 -1.50001 24.50000
-16.70000 -2.50001 15.50000
-16.70000 -2.50001 16.50000
-16.70000 -2.50001 17.50000
-16.70000 -2.50001 18.50000
-17.20000 -2.50001 19.00000
-17.20000 -2.00001 19.50000
-17.20000 -2.00001 20.50000
-17.20000 -2.00001 23.50000
-17.20000 -2.50001 24.00000
-16.70000 -2.50001 24.50000
-16.70000 -3.50001 13.50000
-16.70000 -3.50001 14.50000
-16.70000 -3.50001 15.50000
-16.70000 -3.50001 16.50000
-16.70000 -3.50001 17.50000
-17.20000 -3.50001 18.00000
-17.20000 -3.00001 18.50000
-16.70000 -3.50001 24.50000
-17.20000 -3.50001 24.00000
-16.70000 -4.50001 11.50000
-16.70000 -4.50001 12.50000
-16.70000 -4.50001 13.50000
-16.70000 -4.50001 14.50000
-16.70000 -4.50001 15.50000
-16.70000 -4.50001 16.50000
-16.70000 -4.50001 17.50000
-17.20000 -4.50001 18.00000
-16.70000 -4.50001 24.50000
-17.20000 -4.50001 24.00000
-16.70000 -5.50001 9.50000
-17.20000 -5.50001 10.00000
-17.20000 -5.00001 10.50000
-17.20000 -5.00001 11.50000
-17.20000 -5.00001 12.50000
-17.20000 -5.00001 13.50000
-17.20000 -5.00001 14.50000
-17.20000 -5.00001 15.50000
-17.20000 -5.00001 16.50000
-17.20000 -5.00001 17.50000
-16.70000 -5.50001 24.50000
-17.20000 -5.50001 24.00000
-17.20000 -6.50001 7.00000
-17.20000 -6.00001 7.50000
-17.20000 -6.00001 8.50000
-17.20000 -6.00001 9.50000
-17.20000 -6.00001 24.50000
-17.20000 -6.50001 25.00000
-17.20000 -7.50001 6.00000
-17.20000 -7.00001 6.50000
-17.20000 -7.50001 25.00000
-17.20000 -8.50001 6.00000
-17.20000 -8.50001 25.00000
-17.20000 -9.50001 5.00000
-17.20000 -9.00001 5.50000
-17.20000 -9.50001 25.00000
-17.20000 -10.50001 5.00000
-17.20000 -10.50001 25.00000
-17.20000 -11.50001 5.00000
-16.70000 -11.50001 24.50000
-17.20000 -11.00001 24.50000
-17.20000 -11.50001 24.00000
-17.20000 -12.00001 5.50000
-17.20000 -12.50001 6.00000
-16.70000 -12.50001 24.50000
-17.20000 -12.50001 24.00000
-17.20000 -13.50001 6.00000
-16.70000 -13.50001 24.50000
-17.20000 -13.50001 24.00000
-17.20000 -14.50001 6.00000
-16.70000 -14.50001 23.50000
-17.20000 -14.00001 23.50000
-17.20000 -14.50001 23.00000
-16.70000 -14.50001 24.50000
-17.20000 -15.50001 6.00000
-16.70000 -15.50001 23.50000
-17.20000 -15.50001 23.00000
-17.20000 -16.50001 5.00000
-17.20000 -16.00001 5.50000
-16.70000 -16.50001 22.50000
-17.20000 -16.00001 22.50000
-17.20000 -16.50001 22.00000
-17.20000 -17.50001 3.00000
-17.20000 -17.00001 3.50000
-17.20000 -17.00001 4.50000
-16.70000 -17.50001 21.50000
-17.20000 -17.00001 21.50000
-17.20000 -17.50001 21.00000
-16.70000 -18.50001 3.50000
-17.20000 -18.50001 3.00000
-16.70000 -18.50001 20.50000
-17.20000 -18.00001 20.50000
-17.20000 -18.50001 20.00000
-16.70000 -19.50001 3.50000
-17.20000 -19.50001 3.00000
-17.20000 -19.00001 19.50000
-17.20000 -19.50001 19.00000
-17.20000 -20.00001 3.50000
-17.20000 -20.50001 4.00000
-17.20000 -20.00001 17.50000
-17.20000 -20.50001 17.00000
-17.20000 -20.00001 18.50000
-17.20000 -21.00001 4.50000
-17.20000 -21.50001 5.00000
-16.70000 -21.50001 15.50000
-17.20000 -21.00001 15.50000
-17.20000 -21.50001 15.00000
-17.20000 -21.00001 16.50000
-17.20000 -22.00001 5.50000
-17.20000 -22.50001 6.00000
-17.20000 -22.00001 14.50000
-17.20000 -22.50001 14.00000
-17.20000 -23.00001 6.50000
-17.20000 -23.50001 7.00000
-17.20000 -23.00001 12.50000
-17.20000 -23.50001 12.00000
-17.20000 -23.00001 13.50000
-17.20000 -24.00001 7.50000
-17.20000 -24.00001 8.50000
-17.20000 -24.00001 9.50000
-17.20000 -24.00001 10.50000
-17.20000 -24.00001 11.50000
-17.70000 -1.50001 21.50000
-17.70000 -1.50001 22.50000
-17.70000 -2.50001 19.50000
-17.70000 -2.50001 20.50000
-17.70000 -2.50001 21.50000
-17.70000 -2.50001 22.50000
-17.70000 -2.50001 23.50000
-17.70000 -3.50001 18.50000
-17.70000 -3.50001 19.50000
-17.70000 -3.50001 20.50000
-17.70000 -3.50001 21.50000
-17.70000 -3.50001 22.50000
-17.70000 -3.50001 23.50000
-17.70000 -4.50001 18.50000
-17.70000 -4.50001 19.50000
-18.20000 -4.50001 20.00000
-18.20000 -4.00001 20.50000
-18.20000 -4.00001 21.50000
-18.20000 -4.50001 22.00000
-17.70000 -4.50001 22.50000
-17.70000 -4.50001 23.50000
-17.70000 -5.50001 10.50000
-17.70000 -5.50001 11.50000
-17.70000 -5.50001 12.50000
-17.70000 -5.50001 13.50000
-17.70000 -5.50001 14.50000
-17.70000 -5.50001 15.50000
-17.70000 -5.50001 16.50000
-17.70000 -5.50001 17.50000
-18.20000 -5.50001 18.00000
-18.20000 -5.00001 18.50000
-18.20000 -5.00001 19.50000
-18.20000 -5.00001 22.50000
-18.20000 -5.50001 23.00000
-17.70000 -5.50001 23.50000
-17.70000 -6.50001 7.50000
-17.70000 -6.50001 8.50000
-18.20000 -6.50001 9.00000
-18.20000 -6.00001 9.50000
-18.20000 -6.00001 10.50000
-18.20000 -6.00001 11.50000
-18.20000 -6.00001 12.50000
-18.20000 -6.00001 13.50000
-18.20000 -6.00001 14.50000
-18.20000 -6.00001 15.50000
-18.20000 -6.00001 16.50000
-18.20000 -6.00001 17.50000
-18.20000 -6.00001 23.50000
-17.70000 -6.50001 24.50000
-18.20000 -6.50001 24.00000
-17.70000 -7.50001 6.50000
-18.20000 -7.50001 7.00000
-18.20000 -7.00001 7.50000
-18.20000 -7.00001 8.50000
-17.70000 -7.50001 24.50000
-18.20000 -7.50001 24.00000
-17.70000 -8.50001 6.50000
-18.20000 -8.50001 7.00000
-17.70000 -8.50001 24.50000
-18.20000 -8.50001 24.00000
-17.70000 -9.50001 5.50000
-18.20000 -9.50001 6.00000
-18.20000 -9.00001 6.50000
-17.70000 -9.50001 24.50000
-18.20000 -9.50001 24.00000
-17.70000 -10.50001 5.50000
-18.20000 -10.50001 6.00000
-17.70000 -10.50001 24.50000
-18.20000 -10.50001 24.00000
-17.70000 -11.50001 5.50000
-18.20000 -11.50001 6.00000
-18.20000 -11.50001 24.00000
-18.20000 -12.50001 6.00000
-17.70000 -12.50001 23.50000
-18.20000 -12.00001 23.50000
-18.20000 -12.50001 23.00000
-18.20000 -13.00001 6.50000
-17.70000 -13.50001 6.50000
-18.20000 -13.50001 7.00000
-17.70000 -13.50001 23.50000
-18.20000 -13.50001 23.00000
-17.70000 -14.50001 6.50000
-18.20000 -14.50001 7.00000
-18.20000 -14.50001 23.00000
-17.70000 -15.50001 6.50000
-18.20000 -15.50001 7.00000
-17.70000 -15.50001 22.50000
-18.20000 -15.00001 22.50000
-18.20000 -15.50001 22.00000
-17.70000 -16.50001 5.50000
-18.20000 -16.50001 6.00000
-18.20000 -16.00001 6.50000
-17.70000 -16.50001 21.50000
-18.20000 -16.00001 21.50000
-18.20000 -16.50001 21.00000
-18.20000 -17.50001 3.00000
-18.20000 -17.00001 3.50000
-18.20000 -17.00001 4.50000
-18.20000 -17.00001 5.50000
-18.20000 -17.50001 21.00000
-18.20000 -18.50001 3.00000
-18.20000 -18.00001 20.50000
-18.20000 -18.50001 20.00000
-18.20000 -19.50001 3.00000
-18.20000 -19.00001 19.50000
-18.20000 -19.50001 19.00000
-18.20000 -20.00001 3.50000
-18.20000 -20.50001 4.00000
-17.70000 -20.50001 16.50000
-18.20000 -20.00001 16.50000
-18.20000 -20.50001 16.00000
-18.20000 -20.00001 17.50000
-18.20000 -20.00001 18.50000
-18.20000 -21.00001 4.50000
-18.20000 -21.50001 5.00000
-18.20000 -21.00001 15.50000
-18.20000 -21.50001 15.00000
-18.20000 -22.00001 5.50000
-18.20000 -22.50001 6.00000
-18.20000 -22.00001 14.50000
-18.20000 -22.50001 14.00000
-18.20000 -23.00001 6.50000
-17.70000 -23.50001 7.50000
-18.20000 -23.00001 7.50000
-18.20000 -23.50001 8.00000
-17.70000 -23.50001 11.50000
-18.20000 -23.00001 11.50000
-18.20000 -23.50001 11.00000
-18.20000 -23.00001 12.50000
-18.20000 -23.00001 13.50000
-18.20000 -24.00001 8.50000
-18.20000 -24.00001 9.50000
-18.20000 -24.00001 10.50000
-18.70000 -4.50001 20.50000
-18.70000 -4.50001 21.50000
-18.70000 -5.50001 18.50000
-18.70000 -5.50001 19.50000
-18.70000 -5.50001 20.50000
-18.70000 -5.50001 21.50000
-18.70000 -5.50001 22.50000
-18.70000 -6.50001 9.50000
-18.70000 -6.50001 10.50000
-18.70000 -6.50001 11.50000
-19.20000 -6.50001 12.00000
-19.20000 -6.00001 12.50000
-18.70000 -6.50001 13.50000
-19.20000 -6.50001 13.00000
-18.70000 -6.50001 14.50000
-18.70000 -6.50001 15.50000
-18.70000 -6.50001 16.50000
-18.70000 -6.50001 17.50000
-19.20000 -6.50001 18.00000
-19.20000 -6.00001 18.50000
-19.20000 -6.00001 19.50000
-19.20000 -6.00001 20.50000
-19.20000 -6.50001 21.00000
-18.70000 -6.50001 21.50000
-18.70000 -6.50001 22.50000
-18.70000 -6.50001 23.50000
-18.70000 -7.50001 7.50000
-18.70000 -7.50001 8.50000
-19.20000 -7.50001 9.00000
-19.20000 -7.00001 9.50000
-19.20000 -7.00001 10.50000
-19.20000 -7.00001 11.50000
-19.20000 -7.00001 13.50000
-19.20000 -7.00001 14.50000
-19.20000 -7.00001 15.50000
-19.20000 -7.00001 16.50000
-19.20000 -7.00001 17.50000
-19.20000 -7.00001 21.50000
-19.20000 -7.50001 22.00000
-18.70000 -7.50001 22.50000
-18.70000 -7.50001 23.50000
-18.70000 -8.50001 7.50000
-19.20000 -8.50001 8.00000
-19.20000 -8.00001 8.50000
-18.70000 -8.50001 22.50000
-19.20000 -8.50001 22.00000
-18.70000 -8.50001 23.50000
-18.70000 -9.50001 6.50000
-19.20000 -9.50001 7.00000
-19.20000 -9.00001 7.50000
-18.70000 -9.50001 22.50000
-19.20000 -9.50001 22.00000
-18.70000 -9.50001 23.50000
-19.20000 -10.50001 6.00000
-19.20000 -10.00001 6.50000
-18.70000 -10.50001 22.50000
-19.20000 -10.50001 22.00000
-18.70000 -10.50001 23.50000
-19.20000 -11.50001 6.00000
-19.20000 -11.00001 22.50000
-19.20000 -11.50001 23.00000
-18.70000 -11.50001 23.50000
-19.20000 -12.00001 6.50000
-18.70000 -12.50001 6.50000
-19.20000 -12.50001 7.00000
-18.70000 -12.50001 22.50000
-19.20000 -12.00001 22.50000
-19.20000 -12.50001 22.00000
-19.20000 -13.50001 7.00000
-18.70000 -13.50001 22.50000
-19.20000 -13.50001 22.00000
-19.20000 -14.50001 7.00000
-18.70000 -14.50001 22.50000
-19.20000 -14.50001 22.00000
-19.20000 -15.50001 7.00000
-18.70000 -15.50001 21.50000
-19.20000 -15.00001 21.50000
-19.20000 -15.50001 21.00000
-18.70000 -16.50001 3.50000
-19.20000 -16.50001 3.00000
-19.20000 -16.00001 3.50000
-19.20000 -16.50001 4.00000
-19.20000 -16.50001 6.00000
-19.20000 -16.00001 6.50000
-19.20000 -16.50001 21.00000
-19.20000 -17.50001 3.00000
-19.20000 -17.00001 4.50000
-19.20000 -17.00001 5.50000
-18.70000 -17.50001 20.50000
-19.20000 -17.00001 20.50000
-19.20000 -17.50001 20.00000
-19.20000 -18.50001 3.00000
-18.70000 -18.50001 19.50000
-19.20000 -18.00001 19.50000
-19.20000 -18.50001 19.00000
-19.20000 -19.50001 3.00000
-18.70000 -19.50001 18.50000
-19.20000 -19.00001 18.50000
-19.20000 -19.50001 18.00000
-19.20000 -20.00001 3.50000
-19.20000 -20.50001 4.00000
-19.20000 -20.00001 16.50000
-19.20000 -20.50001 16.00000
-19.20000 -20.00001 17.50000
-19.20000 -21.00001 4.50000
-19.20000 -21.50001 5.00000
-18.70000 -21.50001 14.50000
-19.20000 -21.00001 14.50000
-19.20000 -21.50001 14.00000
-19.20000 -21.00001 15.50000
-19.20000 -22.00001 5.50000
-19.20000 -22.50001 6.00000
-18.70000 -22.50001 13.50000
-19.20000 -22.00001 13.50000
-19.20000 -22.50001 13.00000
-19.20000 -23.00001 6.50000
-19.20000 -23.00001 7.50000
-18.70000 -23.50001 8.50000
-19.20000 -23.00001 8.50000
-18.70000 -23.50001 9.50000
-19.20000 -23.00001 9.50000
-18.70000 -23.50001 10.50000
-19.20000 -23.00001 10.50000
-19.20000 -23.00001 11.50000
-19.20000 -23.00001 12.50000
-19.70000 -6.50001 12.50000
-19.70000 -6.50001 18.50000
-19.70000 -6.50001 19.50000
-19.70000 -6.50001 20.50000
-19.70000 -7.50001 9.50000
-20.20000 -7.50001 10.00000
-20.20000 -7.00001 10.50000
-20.20000 -7.00001 11.50000
-20.20000 -7.00001 12.50000
-19.70000 -7.50001 13.50000
-20.20000 -7.50001 13.00000
-19.70000 -7.50001 14.50000
-19.70000 -7.50001 15.50000
-19.70000 -7.50001 16.50000
-19.70000 -7.50001 17.50000
-19.70000 -7.50001 18.50000
-19.70000 -7.50001 19.50000
-19.70000 -7.50001 20.50000
-19.70000 -7.50001 21.50000
-19.70000 -8.50001 8.50000
-20.20000 -8.50001 9.00000
-20.20000 -8.00001 9.50000
-20.20000 -8.00001 13.50000
-20.20000 -8.00001 14.50000
-20.20000 -8.00001 15.50000
-20.20000 -8.00001 16.50000
-20.20000 -8.00001 17.50000
-20.20000 -8.00001 18.50000
-20.20000 -8.50001 19.00000
-19.70000 -8.50001 19.50000
-19.70000 -8.50001 20.50000
-19.70000 -8.50001 21.50000
-19.70000 -9.50001 7.50000
-20.20000 -9.50001 8.00000
-20.20000 -9.00001 8.50000
-20.20000 -9.00001 19.50000
-20.20000 -9.50001 20.00000
-19.70000 -9.50001 20.50000
-19.70000 -9.50001 21.50000
-19.70000 -10.50001 6.50000
-20.20000 -10.50001 7.00000
-20.20000 -10.00001 7.50000
-19.70000 -10.50001 20.50000
-20.20000 -10.50001 20.00000
-19.70000 -10.50001 21.50000
-19.70000 -11.50001 6.50000
-20.20000 -11.50001 7.00000
-19.70000 -11.50001 20.50000
-20.20000 -11.50001 20.00000
-19.70000 -11.50001 21.50000
-19.70000 -11.50001 22.50000
-20.20000 -12.50001 7.00000
-19.70000 -12.50001 19.50000
-20.20000 -12.00001 19.50000
-20.20000 -12.50001 19.00000
-19.70000 -12.50001 20.50000
-19.70000 -12.50001 21.50000
-20.20000 -13.50001 7.00000
-20.20000 -13.00001 19.50000
-20.20000 -13.50001 20.00000
-19.70000 -13.50001 20.50000
-19.70000 -13.50001 21.50000
-20.20000 -14.50001 7.00000
-19.70000 -14.50001 20.50000
-20.20000 -14.50001 20.00000
-19.70000 -14.50001 21.50000
-20.20000 -15.50001 7.00000
-19.70000 -15.50001 20.50000
-20.20000 -15.50001 20.00000
-20.20000 -16.50001 3.00000
-20.20000 -16.00001 3.50000
-20.20000 -16.50001 4.00000
-20.20000 -16.50001 6.00000
-20.20000 -16.00001 6.50000
-19.70000 -16.50001 20.50000
-20.20000 -16.50001 20.00000
-20.20000 -17.50001 3.00000
-20.20000 -17.00001 4.50000
-20.20000 -17.00001 5.50000
-20.20000 -17.50001 20.00000
-20.20000 -18.50001 3.00000
-20.20000 -18.00001 19.50000
-20.20000 -18.50001 19.00000
-20.20000 -19.50001 3.00000
-19.70000 -19.50001 17.50000
-20.20000 -19.00001 17.50000
-20.20000 -19.50001 17.00000
-20.20000 -19.00001 18.50000
-20.20000 -20.00001 3.50000
-20.20000 -20.50001 4.00000
-20.20000 -20.00001 16.50000
-20.20000 -20.50001 16.00000
-20.20000 -21.00001 4.50000
-20.20000 -21.50001 5.00000
-20.20000 -21.00001 14.50000
-20.20000 -21.50001 14.00000
-20.20000 -21.00001 15.50000
-20.20000 -22.00001 5.50000
-19.70000 -22.50001 6.50000
-20.20000 -22.00001 6.50000
-20.20000 -22.50001 7.00000
-19.70000 -22.50001 12.50000
-20.20000 -22.00001 12.50000
-20.20000 -22.50001 12.00000
-20.20000 -22.00001 13.50000
-20.20000 -23.00001 7.50000
-20.20000 -23.00001 8.50000
-20.20000 -23.00001 9.50000
-20.20000 -23.00001 10.50000
-20.20000 -23.00001 11.50000
-20.70000 -7.50001 10.50000
-20.70000 -7.50001 11.50000
-20.70000 -7.50001 12.50000
-20.70000 -8.50001 9.50000
-20.70000 -8.50001 10.50000
-20.70000 -8.50001 11.50000
-20.70000 -8.50001 12.50000
-20.70000 -8.50001 13.50000
-20.70000 -8.50001 14.50000
-20.70000 -8.50001 15.50000
-20.70000 -8.50001 16.50000
-20.70000 -8.50001 17.50000
-20.70000 -8.50001 18.50000
-20.70000 -9.50001 8.50000
-20.70000 -9.50001 9.50000
-21.20000 -9.50001 10.00000
-21.20000 -9.00001 10.50000
-21.20000 -9.00001 11.50000
-21.20000 -9.50001 12.00000
-20.70000 -9.50001 12.50000
-20.70000 -9.50001 13.50000
-20.70000 -9.50001 14.50000
-20.70000 -9.50001 15.50000
-20.70000 -9.50001 16.50000
-20.70000 -9.50001 17.50000
-20.70000 -9.50001 18.50000
-20.70000 -9.50001 19.50000
-20.70000 -10.50001 7.50000
-20.70000 -10.50001 8.50000
-21.20000 -10.50001 9.00000
-21.20000 -10.00001 9.50000
-21.20000 -10.00001 12.50000
-21.20000 -10.50001 13.00000
-20.70000 -10.50001 13.50000
-20.70000 -10.50001 14.50000
-20.70000 -10.50001 15.50000
-20.70000 -10.50001 16.50000
-20.70000 -10.50001 17.50000
-20.70000 -10.50001 18.50000
-20.70000 -10.50001 19.50000
-21.20000 -11.50001 7.00000
-21.20000 -11.00001 7.50000
-21.20000 -11.00001 8.50000
-21.20000 -11.00001 13.50000
-21.20000 -11.00001 14.50000
-21.20000 -11.00001 15.50000
-21.20000 -11.50001 16.00000
-20.70000 -11.50001 16.50000
-20.70000 -11.50001 17.50000
-20.70000 -11.50001 18.50000
-20.70000 -11.50001 19.50000
-21.20000 -12.50001 7.00000
-21.20000 -12.00001 16.50000
-21.20000 -12.00001 17.50000
-21.20000 -12.50001 18.00000
-20.70000 -12.50001 18.50000
-21.20000 -13.00001 7.50000
-20.70000 -13.50001 7.50000
-21.20000 -13.50001 8.00000
-20.70000 -13.50001 18.50000
-21.20000 -13.50001 18.00000
-20.70000 -13.50001 19.50000
-20.70000 -14.50001 7.50000
-21.20000 -14.50001 8.00000
-21.20000 -14.00001 18.50000
-21.20000 -14.50001 19.00000
-20.70000 -14.50001 19.50000
-20.70000 -15.50001 7.50000
-21.20000 -15.50001 8.00000
-20.70000 -15.50001 19.50000
-21.20000 -15.50001 19.00000
-20.70000 -16.50001 3.50000
-21.20000 -16.50001 6.00000
-21.20000 -16.00001 6.50000
-21.20000 -16.00001 7.50000
-20.70000 -16.50001 19.50000
-21.20000 -16.50001 19.00000
-21.20000 -17.50001 3.00000
-21.20000 -17.00001 3.50000
-21.20000 -17.00001 4.50000
-21.20000 -17.00001 5.50000
-20.70000 -17.50001 18.50000
-21.20000 -17.00001 18.50000
-21.20000 -17.50001 18.00000
-20.70000 -17.50001 19.50000
-21.20000 -18.50001 3.00000
-20.70000 -18.50001 18.50000
-21.20000 -18.50001 18.00000
-21.20000 -19.00001 3.50000
-20.70000 -19.50001 3.50000
-21.20000 -19.50001 4.00000
-21.20000 -19.00001 17.50000
-21.20000 -19.50001 17.00000
-21.20000 -20.50001 4.00000
-20.70000 -20.50001 15.50000
-21.20000 -20.00001 15.50000
-21.20000 -20.50001 15.00000
-21.20000 -20.00001 16.50000
-21.20000 -21.00001 4.50000
-21.20000 -21.50001 5.00000
-21.20000 -21.00001 14.50000
-21.20000 -21.50001 14.00000
-21.20000 -22.00001 5.50000
-21.20000 -22.00001 6.50000
-21.20000 -22.50001 7.00000
-20.70000 -22.50001 11.50000
-21.20000 -22.00001 11.50000
-21.20000 -22.50001 11.00000
-21.20000 -22.00001 12.50000
-21.20000 -22.00001 13.50000
-21.20000 -23.00001 7.50000
-21.20000 -23.00001 8.50000
-21.20000 -23.00001 9.50000
-21.20000 -23.00001 10.50000
-21.70000 -9.50001 10.50000
-21.70000 -9.50001 11.50000
-21.70000 -10.50001 9.50000
-21.70000 -10.50001 10.50000
-21.70000 -10.50001 11.50000
-21.70000 -10.50001 12.50000
-21.70000 -11.50001 7.50000
-21.70000 -11.50001 8.50000
-21.70000 -11.50001 9.50000
-21.70000 -11.50001 10.50000
-21.70000 -11.50001 11.50000
-21.70000 -11.50001 12.50000
-21.70000 -11.50001 13.50000
-21.70000 -11.50001 14.50000
-21.70000 -11.50001 15.50000
-21.70000 -12.50001 7.50000
-21.70000 -12.50001 8.50000
-21.70000 -12.50001 9.50000
-21.70000 -12.50001 10.50000
-22.20000 -12.50001 11.00000
-22.20000 -12.00001 11.50000
-22.20000 -12.50001 12.00000
-21.70000 -12.50001 12.50000
-21.70000 -12.50001 13.50000
-21.70000 -12.50001 14.50000
-21.70000 -12.50001 15.50000
-21.70000 -12.50001 16.50000
-21.70000 -12.50001 17.50000
-21.70000 -13.50001 8.50000
-21.70000 -13.50001 9.50000
-22.20000 -13.50001 10.00000
-22.20000 -13.00001 10.50000
-22.20000 -13.00001 12.50000
-22.20000 -13.00001 13.50000
-22.20000 -13.00001 14.50000
-22.20000 -13.00001 15.50000
-22.20000 -13.50001 16.00000
-21.70000 -13.50001 16.50000
-21.70000 -13.50001 17.50000
-21.70000 -14.50001 8.50000
-21.70000 -14.50001 9.50000
-22.20000 -14.00001 10.50000
-21.70000 -14.50001 10.50000
-22.20000 -14.50001 11.00000
-22.20000 -14.00001 16.50000
-22.20000 -14.50001 17.00000
-21.70000 -14.50001 17.50000
-21.70000 -14.50001 18.50000
-21.70000 -15.50001 8.50000
-21.70000 -15.50001 9.50000
-22.20000 -15.50001 10.00000
-22.20000 -15.00001 10.50000
-21.70000 -15.50001 17.50000
-22.20000 -15.50001 17.00000
-21.70000 -15.50001 18.50000
-22.20000 -16.50001 6.00000
-22.20000 -16.00001 6.50000
-22.20000 -16.00001 7.50000
-22.20000 -16.00001 8.50000
-22.20000 -16.00001 9.50000
-21.70000 -16.50001 17.50000
-22.20000 -16.50001 17.00000
-21.70000 -16.50001 18.50000
-22.20000 -17.50001 3.00000
-22.20000 -17.00001 3.50000
-22.20000 -17.00001 4.50000
-22.20000 -17.00001 5.50000
-21.70000 -17.50001 17.50000
-22.20000 -17.50001 17.00000
-22.20000 -18.50001 3.00000
-21.70000 -18.50001 17.50000
-22.20000 -18.50001 17.00000
-22.20000 -19.00001 3.50000
-22.20000 -19.50001 4.00000
-21.70000 -19.50001 16.50000
-22.20000 -19.00001 16.50000
-22.20000 -19.50001 16.00000
-22.20000 -20.00001 4.50000
-21.70000 -20.50001 4.50000
-22.20000 -20.50001 5.00000
-21.70000 -20.50001 14.50000
-22.20000 -20.00001 14.50000
-22.20000 -20.50001 14.00000
-22.20000 -20.00001 15.50000
-21.70000 -21.50001 5.50000
-22.20000 -21.00001 5.50000
-22.20000 -21.50001 6.00000
-21.70000 -21.50001 11.50000
-22.20000 -21.00001 11.50000
-22.20000 -21.50001 11.00000
-21.70000 -21.50001 12.50000
-22.20000 -21.00001 12.50000
-21.70000 -21.50001 13.50000
-22.20000 -21.00001 13.50000
-22.20000 -22.00001 6.50000
-21.70000 -22.50001 7.50000
-22.20000 -22.00001 7.50000
-21.70000 -22.50001 8.50000
-22.20000 -22.00001 8.50000
-21.70000 -22.50001 9.50000
-22.20000 -22.00001 9.50000
-21.70000 -22.50001 10.50000
-22.20000 -22.00001 10.50000
-22.70000 -12.50001 11.50000
-22.70000 -13.50001 10.50000
-22.70000 -13.50001 11.50000
-22.70000 -13.50001 12.50000
-22.70000 -13.50001 13.50000
-22.70000 -13.50001 14.50000
-22.70000 -13.50001 15.50000
-22.70000 -14.50001 11.50000
-22.70000 -14.50001 12.50000
-22.70000 -14.50001 13.50000
-22.70000 -14.50001 14.50000
-22.70000 -14.50001 15.50000
-22.70000 -14.50001 16.50000
-22.70000 -15.50001 10.50000
-22.70000 -15.50001 11.50000
-22.70000 -15.50001 12.50000
-22.70000 -15.50001 13.50000
-22.70000 -15.50001 14.50000
-22.70000 -15.50001 15.50000
-22.70000 -15.50001 16.50000
-22.70000 -16.50001 4.50000
-23.20000 -16.50001 4.00000
-23.20000 -16.00001 4.50000
-23.20000 -16.00001 5.50000
-22.70000 -16.50001 5.50000
-23.20000 -16.00001 6.50000
-23.20000 -16.00001 7.50000
-23.20000 -16.00001 8.50000
-23.20000 -16.00001 9.50000
-22.70000 -16.50001 10.50000
-23.20000 -16.50001 10.00000
-22.70000 -16.50001 11.50000
-23.20000 -16.50001 12.00000
-23.20000 -16.00001 12.50000
-23.20000 -16.00001 13.50000
-23.20000 -16.00001 14.50000
-23.20000 -16.50001 15.00000
-22.70000 -16.50001 15.50000
-22.70000 -16.50001 16.50000
-23.20000 -17.50001 3.00000
-23.20000 -17.00001 3.50000
-23.20000 -17.00001 10.50000
-23.20000 -17.00001 11.50000
-23.20000 -17.00001 15.50000
-23.20000 -17.50001 16.00000
-22.70000 -17.50001 16.50000
-23.20000 -18.50001 3.00000
-22.70000 -18.50001 15.50000
-23.20000 -18.00001 15.50000
-23.20000 -18.50001 15.00000
-22.70000 -18.50001 16.50000
-23.20000 -19.00001 3.50000
-23.20000 -19.50001 4.00000
-22.70000 -19.50001 14.50000
-23.20000 -19.00001 14.50000
-23.20000 -19.50001 14.00000
-22.70000 -19.50001 15.50000
-23.20000 -20.00001 4.50000
-23.20000 -20.50001 5.00000
-22.70000 -20.50001 12.50000
-23.20000 -20.00001 12.50000
-23.20000 -20.50001 12.00000
-22.70000 -20.50001 13.50000
-23.20000 -20.00001 13.50000
-23.20000 -21.00001 5.50000
-22.70000 -21.50001 6.50000
-23.20000 -21.00001 6.50000
-23.20000 -21.50001 7.00000
-22.70000 -21.50001 8.50000
-23.20000 -21.00001 8.50000
-23.20000 -21.50001 8.00000
-22.70000 -21.50001 9.50000
-23.20000 -21.00001 9.50000
-22.70000 -21.50001 10.50000
-23.20000 -21.00001 10.50000
-23.20000 -21.00001 11.50000
-23.20000 -22.00001 7.50000
-23.70000 -16.50001 4.50000
-23.70000 -16.50001 5.50000
-23.70000 -16.50001 6.50000
-23.70000 -16.50001 7.50000
-23.70000 -16.50001 8.50000
-23.70000 -16.50001 9.50000
-23.70000 -16.50001 12.50000
-23.70000 -16.50001 13.50000
-23.70000 -16.50001 14.50000
-23.70000 -17.50001 3.50000
-23.70000 -17.50001 4.50000
-23.70000 -17.50001 5.50000
-24.20000 -17.50001 6.00000
-24.20000 -17.00001 6.50000
-24.20000 -17.00001 7.50000
-24.20000 -17.00001 8.50000
-24.20000 -17.00001 9.50000
-23.70000 -17.50001 10.50000
-24.20000 -17.50001 10.00000
-23.70000 -17.50001 11.50000
-23.70000 -17.50001 12.50000
-23.70000 -17.50001 13.50000
-23.70000 -17.50001 14.50000
-23.70000 -17.50001 15.50000
-23.70000 -18.50001 3.50000
-23.70000 -18.50001 4.50000
-24.20000 -18.50001 5.00000
-24.20000 -18.00001 5.50000
-24.20000 -18.00001 10.50000
-24.20000 -18.00001 11.50000
-24.20000 -18.50001 12.00000
-23.70000 -18.50001 12.50000
-23.70000 -18.50001 13.50000
-23.70000 -18.50001 14.50000
-23.70000 -19.50001 4.50000
-24.20000 -19.50001 5.00000
-23.70000 -19.50001 12.50000
-24.20000 -19.50001 12.00000
-23.70000 -19.50001 13.50000
-23.70000 -20.50001 5.50000
-24.20000 -20.00001 5.50000
-24.20000 -20.50001 6.00000
-23.70000 -20.50001 8.50000
-24.20000 -20.00001 8.50000
-24.20000 -20.50001 8.00000
-23.70000 -20.50001 9.50000
-24.20000 -20.00001 9.50000
-23.70000 -20.50001 10.50000
-24.20000 -20.00001 10.50000
-23.70000 -20.50001 11.50000
-24.20000 -20.00001 11.50000
-24.20000 -21.00001 6.50000
-23.70000 -21.50001 7.50000
-24.20000 -21.00001 7.50000
-24.70000 -17.50001 6.50000
-24.70000 -17.50001 7.50000
-24.70000 -17.50001 8.50000
-24.70000 -17.50001 9.50000
-24.70000 -18.50001 5.50000
-24.70000 -18.50001 6.50000
-24.70000 -18.50001 7.50000
-24.70000 -18.50001 8.50000
-24.70000 -18.50001 9.50000
-24.70000 -18.50001 10.50000
-24.70000 -18.50001 11.50000
-24.70000 -19.50001 5.50000
-24.70000 -19.50001 6.50000
-24.70000 -19.50001 7.50000
-24.70000 -19.50001 8.50000
-24.70000 -19.50001 9.50000
-24.70000 -19.50001 10.50000
-24.70000 -19.50001 11.50000
-24.70000 -20.50001 6.50000
-24.70000 -20.50001 7.50000
3 2 1 0
3 0 3 2
3 6 5 4
3 8 7 4
3 4 7 6
3 7 8 1
3 8 0 1
3 8 9 0
3 3 0 10
3 0 11 10
3 0 9 11
3 11 12 10
3 15 14 13
3 17 16 13
3 13 16 15
3 19 18 17
3 17 18 16
3 21 20 19
3 19 20 18
3 20 21 5
3 21 4 5
3 21 22 4
3 4 23 8
3 4 22 23
3 8 24 9
3 8 23 24
3 26 11 25
3 11 24 25
3 11 9 24
3 11 26 12
3 29 28 27
3 29 27 14
3 27 13 14
3 27 30 13
3 13 31 17
3 13 30 31
3 17 32 19
3 17 31 32
3 19 33 21
3 19 32 33
3 21 34 22
3 21 33 34
3 22 35 23
3 22 34 35
3 23 36 24
3 23 35 36
3 25 24 37
3 24 38 37
3 24 36 38
3 40 39 38
3 38 39 37
3 40 41 39
3 27 28 42
3 42 28 43
3 27 44 30
3 27 42 44
3 30 45 31
3 30 44 45
3 31 46 32
3 31 45 46
3 32 47 33
3 32 46 47
3 33 48 34
3 33 47 48
3 34 49 35
3 34 48 49
3 35 50 36
3 35 49 50
3 36 51 38
3 36 50 51
3 38 52 40
3 38 51 52
3 41 40 53
3 53 40 52
3 42 43 54
3 54 43 55
3 42 56 44
3 42 54 56
3 44 57 45
3 44 56 57
3 45 58 46
3 45 57 58
3 46 59 47
3 46 58 59
3 47 60 48
3 47 59 60
3 62 49 61
3 49 60 61
3 49 48 60
3 49 62 50
3 50 62 63
3 65 64 63
3 64 50 63
3 64 51 50
3 51 66 52
3 51 64 66
3 53 52 67
3 52 68 67
3 52 66 68
3 68 69 67
3 54 55 70
3 70 55 71
3 54 72 56
3 54 70 72
3 56 73 57
3 56 72 73
3 57 74 58
3 57 73 74
3 58 75 59
3 58 74 75
3 59 76 60
3 59 75 76
3 61 60 77
3 77 60 76
3 80 79 78
3 80 78 65
3 78 64 65
3 78 81 64
3 64 82 66
3 64 81 82
3 66 83 68
3 66 82 83
3 69 68 84
3 84 68 83
3 70 71 85
3 85 71 86
3 70 87 72
3 70 85 87
3 72 88 73
3 72 87 88
3 73 89 74
3 73 88 89
3 74 90 75
3 74 89 90
3 75 91 76
3 75 90 91
3 77 76 92
3 76 93 92
3 76 91 93
3 95 94 93
3 94 78 93
3 79 92 93
3 79 93 78
3 97 96 94
3 96 78 94
3 96 81 78
3 81 98 82
3 81 96 98
3 82 99 83
3 82 98 99
3 84 83 100
3 100 83 99
3 85 86 101
3 101 86 102
3 85 103 87
3 85 101 103
3 87 104 88
3 87 103 104
3 88 105 89
3 88 104 105
3 89 106 90
3 89 105 106
3 90 107 91
3 90 106 107
3 91 108 93
3 91 107 108
3 95 93 109
3 93 110 109
3 93 108 110
3 109 110 97
3 110 96 97
3 110 111 96
3 96 112 98
3 96 111 112
3 98 113 99
3 98 112 113
3 100 99 114
3 99 115 114
3 99 113 115
3 115 116 114
3 101 102 117
3 117 102 118
3 101 119 103
3 101 117 119
3 103 120 104
3 103 119 120
3 104 121 105
3 104 120 121
3 105 122 106
3 105 121 122
3 106 123 107
3 106 122 123
3 107 124 108
3 107 123 124
3 108 125 110
3 108 124 125
3 110 126 111
3 110 125 126
3 111 127 112
3 111 126 127
3 112 128 113
3 112 127 128
3 113 129 115
3 113 128 129
3 116 115 130
3 130 115 129
3 118 131 117
3 117 131 119
3 119 131 132
3 134 133 132
3 133 119 132
3 133 120 119
3 120 135 121
3 120 133 135
3 121 136 122
3 121 135 136
3 122 137 123
3 122 136 137
3 123 138 124
3 123 137 138
3 124 139 125
3 124 138 139
3 125 140 126
3 125 139 140
3 126 141 127
3 126 140 141
3 127 142 128
3 127 141 142
3 128 143 129
3 128 142 143
3 130 129 144
3 144 129 143
3 134 145 133
3 147 146 145
3 146 133 145
3 146 135 133
3 135 148 136
3 135 146 148
3 136 149 137
3 136 148 149
3 137 150 138
3 137 149 150
3 138 151 139
3 138 150 151
3 139 152 140
3 139 151 152
3 140 153 141
3 140 152 153
3 141 154 142
3 141 153 154
3 156 143 155
3 143 154 155
3 143 142 154
3 143 156 144
3 147 157 146
3 159 158 157
3 158 146 157
3 158 148 146
3 148 160 149
3 148 158 160
3 149 161 150
3 149 160 161
3 150 162 151
3 150 161 162
3 151 163 152
3 151 162 163
3 152 164 153
3 152 163 164
3 153 165 154
3 153 164 165
3 155 154 166
3 166 154 165
3 159 167 158
3 169 168 167
3 168 158 167
3 168 160 158
3 160 170 161
3 160 168 170
3 161 171 162
3 161 170 171
3 162 172 163
3 162 171 172
3 163 173 164
3 163 172 173
3 175 165 174
3 165 173 174
3 165 164 173
3 165 175 166
3 169 176 168
3 168 176 170
3 170 176 177
3 179 178 177
3 178 170 177
3 178 171 170
3 171 180 172
3 171 178 180
3 182 173 181
3 173 180 181
3 173 172 180
3 173 182 174
3 179 183 178
3 178 183 180
3 180 183 184
3 180 184 181
3 187 186 185
3 185 188 187
3 191 190 189
3 193 192 189
3 189 192 191
3 195 194 193
3 193 194 192
3 197 196 195
3 195 196 194
3 199 198 197
3 197 198 196
3 198 199 186
3 199 185 186
3 199 200 185
3 2 201 1
3 201 185 1
3 185 200 1
3 185 201 188
3 203 202 3
3 202 2 3
3 202 201 2
3 203 204 202
3 207 206 205
3 207 205 190
3 205 189 190
3 205 208 189
3 189 209 193
3 189 208 209
3 193 210 195
3 193 209 210
3 195 211 197
3 195 210 211
3 211 5 6
3 199 211 6
3 197 211 199
3 199 6 7
3 199 7 200
3 200 7 1
3 10 203 3
3 213 212 12
3 12 212 10
3 212 204 10
3 204 203 10
3 213 214 212
3 205 206 215
3 215 206 216
3 215 14 15
3 208 215 15
3 205 215 208
3 208 15 16
3 208 16 209
3 209 16 18
3 209 18 210
3 210 18 20
3 210 20 211
3 211 20 5
3 25 217 26
3 213 12 26
3 217 213 26
3 218 213 217
3 214 213 219
3 213 220 219
3 213 218 220
3 220 221 219
3 224 223 222
3 224 222 216
3 216 222 215
3 222 28 215
3 28 29 215
3 215 29 14
3 37 217 25
3 217 37 39
3 217 39 218
3 218 39 41
3 225 218 41
3 220 218 225
3 221 220 226
3 226 220 225
3 222 223 227
3 227 223 228
3 227 43 28
3 227 28 222
3 53 229 225
3 53 225 41
3 226 225 230
3 230 225 229
3 233 232 231
3 233 231 228
3 231 227 228
3 231 234 227
3 234 55 43
3 234 43 227
3 61 235 62
3 236 63 62
3 236 62 235
3 236 65 63
3 67 229 53
3 238 237 69
3 69 237 67
3 237 230 67
3 230 229 67
3 238 239 237
3 231 232 240
3 240 232 241
3 231 242 234
3 231 240 242
3 242 71 55
3 242 55 234
3 77 243 235
3 77 235 61
3 243 79 80
3 236 243 80
3 235 243 236
3 236 80 65
3 84 244 238
3 84 238 69
3 239 238 245
3 245 238 244
3 241 246 240
3 248 247 246
3 247 240 246
3 247 242 240
3 247 86 71
3 247 71 242
3 92 243 77
3 79 243 92
3 94 95 249
3 249 97 94
3 100 250 244
3 100 244 84
3 245 244 251
3 251 244 250
3 247 248 252
3 252 248 253
3 252 102 86
3 252 86 247
3 109 249 95
3 249 109 97
3 114 250 100
3 114 116 250
3 116 251 250
3 116 254 251
3 252 253 255
3 255 253 256
3 255 118 102
3 255 102 252
3 130 254 116
3 130 257 254
3 256 258 255
3 258 260 259
3 258 259 131
3 255 258 131
3 118 255 131
3 261 132 131
3 261 131 259
3 261 134 132
3 144 257 130
3 144 262 257
3 260 263 259
3 265 264 263
3 264 259 263
3 264 261 259
3 266 145 134
3 261 266 134
3 264 266 261
3 266 147 145
3 155 267 156
3 267 268 156
3 268 144 156
3 268 262 144
3 264 265 269
3 269 265 270
3 264 271 266
3 264 269 271
3 272 157 147
3 266 272 147
3 271 272 266
3 272 159 157
3 166 273 267
3 166 267 155
3 268 267 274
3 274 267 273
3 270 275 269
3 277 276 275
3 276 269 275
3 276 271 269
3 271 278 272
3 271 276 278
3 279 167 159
3 272 279 159
3 278 279 272
3 279 169 167
3 174 280 175
3 280 281 175
3 175 281 166
3 281 282 166
3 282 273 166
3 273 282 274
3 277 283 276
3 285 284 283
3 284 276 283
3 284 278 276
3 278 286 279
3 278 284 286
3 287 176 169
3 279 287 169
3 286 287 279
3 288 177 176
3 288 176 287
3 288 179 177
3 181 289 182
3 289 290 182
3 182 290 174
3 290 291 174
3 291 280 174
3 280 291 281
3 285 292 284
3 284 292 286
3 286 292 293
3 295 294 293
3 294 286 293
3 294 287 286
3 287 296 288
3 287 294 296
3 297 183 179
3 288 297 179
3 296 297 288
3 183 297 298
3 299 183 298
3 184 183 299
3 181 184 289
3 184 300 289
3 184 299 300
3 289 300 290
3 295 301 294
3 303 302 301
3 302 294 301
3 302 296 294
3 305 297 304
3 297 302 304
3 297 296 302
3 297 305 298
3 303 306 302
3 302 306 304
3 309 308 307
3 307 310 309
3 307 308 311
3 311 308 312
3 310 307 313
3 307 314 313
3 307 311 314
3 316 315 314
3 314 315 313
3 318 317 316
3 316 317 315
3 320 319 318
3 318 319 317
3 322 321 320
3 320 321 319
3 324 323 322
3 322 323 321
3 326 325 324
3 324 325 323
3 326 327 325
3 311 312 328
3 328 312 329
3 311 330 314
3 311 328 330
3 314 331 316
3 314 330 331
3 316 332 318
3 316 331 332
3 318 333 320
3 318 332 333
3 333 186 187
3 322 333 187
3 320 333 322
3 322 187 188
3 334 322 188
3 324 322 334
3 324 335 326
3 324 334 335
3 327 326 336
3 326 337 336
3 326 335 337
3 339 338 337
3 337 338 336
3 339 340 338
3 343 342 341
3 345 344 341
3 341 344 343
3 344 345 329
3 329 345 328
3 345 190 328
3 190 191 328
3 328 191 192
3 328 192 330
3 330 192 194
3 330 194 331
3 331 194 196
3 331 196 332
3 332 196 198
3 332 198 333
3 333 198 186
3 201 334 188
3 334 201 202
3 334 202 335
3 335 202 204
3 346 335 204
3 337 335 346
3 337 347 339
3 337 346 347
3 340 339 348
3 348 339 347
3 341 342 349
3 349 342 350
3 349 206 207
3 345 349 207
3 341 349 345
3 345 207 190
3 212 346 204
3 346 212 214
3 351 346 214
3 347 346 351
3 348 347 352
3 347 353 352
3 347 351 353
3 353 354 352
3 349 350 355
3 355 350 356
3 355 216 206
3 355 206 349
3 219 351 214
3 351 219 221
3 357 351 221
3 353 351 357
3 354 353 358
3 353 359 358
3 353 357 359
3 359 360 358
3 363 362 361
3 363 361 356
3 356 361 355
3 361 223 355
3 223 224 355
3 355 224 216
3 226 364 357
3 226 357 221
3 357 365 359
3 357 364 365
3 360 359 366
3 359 367 366
3 359 365 367
3 367 368 366
3 361 362 369
3 369 362 370
3 369 228 223
3 369 223 361
3 230 371 364
3 230 364 226
3 364 372 365
3 364 371 372
3 365 373 367
3 365 372 373
3 368 367 374
3 374 367 373
3 369 370 233
3 370 232 233
3 370 375 232
3 369 233 228
3 237 371 230
3 371 237 239
3 376 371 239
3 372 371 376
3 372 377 373
3 372 376 377
3 374 373 378
3 373 379 378
3 373 377 379
3 379 380 378
3 375 241 232
3 381 241 375
3 245 382 376
3 245 376 239
3 384 377 383
3 377 382 383
3 377 376 382
3 377 384 379
3 379 384 385
3 379 385 380
3 246 241 386
3 241 387 386
3 241 381 387
3 386 248 246
3 251 388 382
3 251 382 245
3 383 382 389
3 389 382 388
3 386 387 390
3 390 387 391
3 390 253 248
3 390 248 386
3 254 392 388
3 254 388 251
3 389 388 393
3 393 388 392
3 390 391 394
3 394 391 395
3 394 256 253
3 394 253 390
3 257 396 392
3 257 392 254
3 393 392 397
3 397 392 396
3 394 395 398
3 398 395 399
3 400 258 256
3 394 400 256
3 398 400 394
3 400 260 258
3 262 401 396
3 262 396 257
3 397 396 402
3 402 396 401
3 398 399 403
3 403 399 404
3 398 405 400
3 398 403 405
3 406 263 260
3 400 406 260
3 405 406 400
3 406 265 263
3 268 407 401
3 268 401 262
3 402 401 408
3 401 409 408
3 401 407 409
3 409 410 408
3 404 411 403
3 413 412 411
3 412 403 411
3 412 405 403
3 405 414 406
3 405 412 414
3 414 270 265
3 414 265 406
3 274 415 407
3 274 407 268
3 417 409 416
3 409 415 416
3 409 407 415
3 409 417 410
3 412 413 418
3 418 413 419
3 412 420 414
3 412 418 420
3 421 275 270
3 414 421 270
3 420 421 414
3 421 277 275
3 281 422 282
3 415 274 282
3 422 415 282
3 423 415 422
3 416 415 424
3 424 415 423
3 419 425 418
3 427 426 425
3 426 418 425
3 426 420 418
3 420 428 421
3 420 426 428
3 429 283 277
3 421 429 277
3 428 429 421
3 429 285 283
3 290 430 291
3 422 281 291
3 430 422 291
3 431 422 430
3 433 423 432
3 423 431 432
3 423 422 431
3 423 433 424
3 427 434 426
3 426 434 428
3 428 434 435
3 437 436 435
3 436 428 435
3 436 429 428
3 438 292 285
3 429 438 285
3 436 438 429
3 439 293 292
3 439 292 438
3 439 295 293
3 298 440 299
3 441 300 299
3 441 299 440
3 430 290 300
3 441 430 300
3 442 430 441
3 430 443 431
3 430 442 443
3 432 431 444
3 444 431 443
3 436 437 445
3 445 437 446
3 436 447 438
3 436 445 447
3 438 448 439
3 438 447 448
3 449 301 295
3 439 449 295
3 448 449 439
3 449 303 301
3 304 450 305
3 440 298 305
3 450 440 305
3 451 440 450
3 453 441 452
3 441 451 452
3 441 440 451
3 441 453 442
3 442 453 454
3 442 454 443
3 443 454 455
3 443 455 444
3 445 446 456
3 456 446 457
3 445 458 447
3 445 456 458
3 447 459 448
3 447 458 459
3 448 460 449
3 448 459 460
3 461 306 303
3 449 461 303
3 460 461 449
3 461 462 306
3 306 462 304
3 462 463 304
3 463 450 304
3 450 463 451
3 451 463 464
3 451 464 452
3 456 457 465
3 465 457 466
3 456 467 458
3 456 465 467
3 458 468 459
3 458 467 468
3 470 460 469
3 460 468 469
3 460 459 468
3 460 470 461
3 461 470 471
3 461 471 462
3 466 472 465
3 465 472 467
3 467 472 473
3 467 473 468
3 468 473 474
3 468 474 469
3 477 476 475
3 475 478 477
3 480 479 309
3 309 479 308
3 482 481 310
3 481 309 310
3 481 480 309
3 484 483 482
3 482 483 481
3 483 484 476
3 484 475 476
3 484 485 475
3 478 475 486
3 475 487 486
3 475 485 487
3 489 488 487
3 487 488 486
3 491 490 489
3 489 490 488
3 491 492 490
3 495 494 493
3 479 495 493
3 312 479 493
3 308 479 312
3 313 482 310
3 482 313 315
3 482 315 484
3 484 315 317
3 484 317 485
3 485 317 319
3 485 319 487
3 487 319 321
3 487 321 489
3 489 321 323
3 489 323 491
3 496 492 491
3 323 496 491
3 325 496 323
3 498 497 327
3 497 325 327
3 497 496 325
3 498 499 497
3 502 501 500
3 502 500 494
3 500 493 494
3 500 503 493
3 503 329 312
3 503 312 493
3 336 498 327
3 504 499 498
3 336 504 498
3 338 504 336
3 506 505 340
3 505 338 340
3 505 504 338
3 506 507 505
3 500 501 343
3 501 342 343
3 501 508 342
3 500 343 344
3 500 344 503
3 503 344 329
3 348 509 506
3 348 506 340
3 507 506 510
3 506 511 510
3 506 509 511
3 511 512 510
3 508 350 342
3 513 350 508
3 352 509 348
3 509 352 354
3 514 509 354
3 511 509 514
3 512 511 515
3 511 516 515
3 511 514 516
3 516 517 515
3 520 519 518
3 513 520 518
3 356 513 518
3 350 513 356
3 358 514 354
3 514 358 360
3 521 514 360
3 516 514 521
3 517 516 522
3 516 523 522
3 516 521 523
3 523 524 522
3 518 519 363
3 519 362 363
3 519 525 362
3 518 363 356
3 366 521 360
3 521 366 368
3 526 521 368
3 523 521 526
3 524 523 527
3 527 523 526
3 525 370 362
3 528 370 525
3 374 529 526
3 374 526 368
3 527 526 530
3 526 531 530
3 526 529 531
3 531 532 530
3 528 375 370
3 533 375 528
3 378 529 374
3 529 378 380
3 534 529 380
3 531 529 534
3 532 531 535
3 535 531 534
3 533 381 375
3 536 381 533
3 383 537 384
3 538 385 384
3 538 384 537
3 534 380 385
3 538 534 385
3 539 534 538
3 535 534 540
3 540 534 539
3 536 387 381
3 541 387 536
3 389 542 537
3 389 537 383
3 537 543 538
3 537 542 543
3 538 544 539
3 538 543 544
3 540 539 545
3 545 539 544
3 541 391 387
3 546 391 541
3 393 547 542
3 393 542 389
3 542 548 543
3 542 547 548
3 543 549 544
3 543 548 549
3 545 544 550
3 550 544 549
3 546 395 391
3 551 395 546
3 397 552 547
3 397 547 393
3 547 553 548
3 547 552 553
3 548 554 549
3 548 553 554
3 550 549 555
3 555 549 554
3 551 399 395
3 556 399 551
3 402 557 552
3 402 552 397
3 552 558 553
3 552 557 558
3 560 554 559
3 554 558 559
3 554 553 558
3 554 560 555
3 556 404 399
3 561 404 556
3 408 557 402
3 557 408 410
3 562 557 410
3 558 557 562
3 559 558 563
3 563 558 562
3 561 564 404
3 404 564 411
3 413 411 564
3 413 564 565
3 416 566 417
3 566 567 417
3 417 567 410
3 567 568 410
3 568 562 410
3 562 568 563
3 565 419 413
3 569 419 565
3 424 570 566
3 424 566 416
3 567 566 571
3 571 566 570
3 425 419 572
3 419 573 572
3 419 569 573
3 572 427 425
3 432 574 433
3 570 424 433
3 574 570 433
3 575 570 574
3 571 570 576
3 576 570 575
3 573 577 572
3 577 579 578
3 577 578 434
3 572 577 434
3 427 572 434
3 580 435 434
3 580 434 578
3 580 437 435
3 444 581 574
3 444 574 432
3 583 575 582
3 575 581 582
3 575 574 581
3 575 583 576
3 578 579 584
3 584 579 585
3 578 586 580
3 578 584 586
3 586 446 437
3 586 437 580
3 452 587 453
3 588 454 453
3 588 453 587
3 589 455 454
3 589 454 588
3 589 590 455
3 455 590 444
3 590 591 444
3 591 581 444
3 581 591 582
3 584 585 592
3 592 585 593
3 584 594 586
3 584 592 594
3 594 457 446
3 594 446 586
3 462 595 463
3 596 464 463
3 596 463 595
3 587 452 464
3 596 587 464
3 597 587 596
3 587 598 588
3 587 597 598
3 600 589 599
3 589 598 599
3 589 588 598
3 589 600 590
3 593 601 592
3 603 602 601
3 602 592 601
3 602 594 592
3 602 466 457
3 602 457 594
3 469 604 470
3 605 471 470
3 605 470 604
3 605 606 471
3 471 606 462
3 606 607 462
3 607 595 462
3 595 607 596
3 596 607 608
3 596 608 597
3 597 608 609
3 597 609 598
3 598 609 610
3 598 610 599
3 603 611 602
3 611 613 612
3 611 612 472
3 602 611 472
3 466 602 472
3 472 612 614
3 615 472 614
3 473 472 615
3 473 616 474
3 615 616 473
3 469 474 604
3 474 617 604
3 474 616 617
3 604 617 605
3 605 617 618
3 605 618 606
3 613 619 612
3 612 619 614
3 622 621 620
3 476 477 620
3 477 622 620
3 477 623 622
3 625 624 478
3 624 477 478
3 624 623 477
3 627 626 625
3 625 626 624
3 627 628 626
3 631 630 629
3 479 480 629
3 480 631 629
3 480 632 631
3 633 480 481
3 633 632 480
3 483 620 621
3 633 483 621
3 481 483 633
3 620 483 476
3 486 625 478
3 625 486 488
3 625 488 627
3 634 628 627
3 488 634 627
3 490 634 488
3 636 635 492
3 635 490 492
3 635 634 490
3 636 637 635
3 629 630 495
3 630 494 495
3 630 638 494
3 629 495 479
3 496 636 492
3 639 637 636
3 496 639 636
3 497 639 496
3 641 640 499
3 640 497 499
3 640 639 497
3 641 642 640
3 643 501 502
3 644 643 502
3 494 644 502
3 638 644 494
3 504 641 499
3 645 642 641
3 504 645 641
3 505 645 504
3 647 646 507
3 646 505 507
3 646 645 505
3 647 648 646
3 650 649 643
3 649 501 643
3 649 508 501
3 650 643 644
3 510 647 507
3 652 651 512
3 512 651 510
3 651 648 510
3 648 647 510
3 652 653 651
3 649 513 508
3 654 513 649
3 515 652 512
3 656 655 517
3 517 655 515
3 655 653 515
3 653 652 515
3 656 657 655
3 658 519 520
3 659 658 520
3 513 659 520
3 654 659 513
3 522 656 517
3 522 524 656
3 524 657 656
3 524 660 657
3 661 525 658
3 658 525 519
3 658 659 662
3 658 662 661
3 527 664 663
3 660 527 663
3 524 527 660
3 664 665 663
3 666 528 661
3 661 528 525
3 661 662 667
3 661 667 666
3 530 664 527
3 530 532 664
3 532 665 664
3 532 668 665
3 669 533 666
3 666 533 528
3 666 667 670
3 666 670 669
3 535 672 671
3 668 535 671
3 532 535 668
3 672 673 671
3 674 536 669
3 669 536 533
3 669 670 675
3 669 675 674
3 540 676 672
3 540 672 535
3 673 672 677
3 677 672 676
3 678 541 674
3 674 541 536
3 674 675 679
3 674 679 678
3 545 680 676
3 545 676 540
3 677 676 681
3 681 676 680
3 682 546 678
3 678 546 541
3 678 679 683
3 678 683 682
3 550 684 680
3 550 680 545
3 681 680 685
3 685 680 684
3 686 551 682
3 682 551 546
3 682 683 687
3 682 687 686
3 555 688 684
3 555 684 550
3 685 684 689
3 689 684 688
3 690 556 686
3 686 556 551
3 686 687 691
3 686 691 690
3 559 692 560
3 692 693 560
3 560 693 555
3 693 694 555
3 694 688 555
3 688 694 689
3 695 561 690
3 690 561 556
3 690 691 696
3 690 696 695
3 563 697 692
3 563 692 559
3 693 692 698
3 698 692 697
3 695 564 561
3 565 564 695
3 696 565 695
3 699 565 696
3 567 700 568
3 697 563 568
3 700 697 568
3 701 697 700
3 698 697 702
3 702 697 701
3 699 569 565
3 703 569 699
3 571 704 700
3 571 700 567
3 706 701 705
3 701 704 705
3 701 700 704
3 701 706 702
3 703 573 569
3 707 573 703
3 576 708 704
3 576 704 571
3 705 704 709
3 709 704 708
3 707 710 573
3 573 710 577
3 579 577 710
3 579 710 711
3 582 712 583
3 712 713 583
3 583 713 576
3 713 714 576
3 714 708 576
3 708 714 709
3 711 585 579
3 715 585 711
3 590 716 591
3 716 717 591
3 591 717 582
3 717 718 582
3 718 712 582
3 712 718 713
3 715 593 585
3 719 593 715
3 599 720 600
3 720 721 600
3 600 721 590
3 721 722 590
3 722 716 590
3 716 722 717
3 601 593 723
3 593 724 723
3 593 719 724
3 723 603 601
3 606 725 607
3 726 608 607
3 726 607 725
3 727 609 608
3 727 608 726
3 728 610 609
3 728 609 727
3 728 729 610
3 610 729 599
3 729 730 599
3 730 720 599
3 720 730 721
3 724 731 723
3 731 733 732
3 731 732 611
3 723 731 611
3 603 723 611
3 732 613 611
3 614 734 615
3 735 616 615
3 735 615 734
3 736 617 616
3 736 616 735
3 737 618 617
3 737 617 736
3 725 606 618
3 737 725 618
3 738 725 737
3 725 739 726
3 725 738 739
3 741 727 740
3 727 739 740
3 727 726 739
3 727 741 728
3 728 741 742
3 728 742 729
3 733 743 732
3 732 743 613
3 743 619 613
3 743 744 619
3 614 619 734
3 619 745 734
3 619 744 745
3 734 745 735
3 735 745 746
3 735 746 736
3 736 746 747
3 736 747 737
3 737 747 748
3 737 748 738
3 738 748 749
3 738 749 739
3 739 749 750
3 739 750 740
3 752 751 622
3 622 751 621
3 753 622 623
3 753 752 622
3 754 623 624
3 754 753 623
3 755 624 626
3 755 754 624
3 757 756 628
3 756 626 628
3 756 755 626
3 759 758 757
3 757 758 756
3 759 760 758
3 761 630 631
3 761 631 762
3 631 763 762
3 631 632 763
3 764 632 633
3 764 763 632
3 633 621 751
3 633 751 764
3 634 757 628
3 757 634 635
3 757 635 759
3 766 765 637
3 637 765 635
3 765 760 635
3 760 759 635
3 768 767 766
3 766 767 765
3 768 769 767
3 771 770 761
3 770 630 761
3 770 638 630
3 771 761 762
3 639 766 637
3 766 639 640
3 766 640 768
3 773 772 642
3 642 772 640
3 772 769 640
3 769 768 640
3 773 774 772
3 777 776 775
3 770 777 775
3 644 770 775
3 638 770 644
3 645 773 642
3 778 774 773
3 645 778 773
3 646 778 645
3 646 648 778
3 778 648 779
3 775 776 650
3 776 649 650
3 776 780 649
3 775 650 644
3 781 779 648
3 781 648 651
3 651 653 781
3 781 653 782
3 780 654 649
3 783 654 780
3 784 782 653
3 784 653 655
3 655 657 784
3 784 657 785
3 783 659 654
3 786 659 783
3 660 785 657
3 660 787 785
3 786 662 659
3 788 662 786
3 789 787 660
3 789 660 663
3 663 665 789
3 789 665 790
3 788 667 662
3 791 667 788
3 668 790 665
3 668 792 790
3 791 670 667
3 793 670 791
3 794 792 668
3 794 668 671
3 671 673 794
3 794 673 795
3 793 675 670
3 796 675 793
3 677 795 673
3 677 797 795
3 796 679 675
3 798 679 796
3 681 797 677
3 681 799 797
3 798 683 679
3 800 683 798
3 685 799 681
3 685 801 799
3 800 687 683
3 802 687 800
3 689 801 685
3 689 803 801
3 802 691 687
3 804 691 802
3 693 805 694
3 805 806 694
3 806 689 694
3 806 803 689
3 804 696 691
3 807 696 804
3 698 808 805
3 698 805 693
3 806 805 809
3 809 805 808
3 807 699 696
3 810 699 807
3 702 811 808
3 702 808 698
3 809 808 812
3 812 808 811
3 810 703 699
3 813 703 810
3 705 814 706
3 814 815 706
3 706 815 702
3 815 816 702
3 816 811 702
3 811 816 812
3 813 707 703
3 817 707 813
3 819 818 814
3 705 819 814
3 709 819 705
3 814 818 815
3 817 820 707
3 707 820 710
3 711 710 820
3 711 820 821
3 713 822 714
3 822 823 714
3 823 709 714
3 823 819 709
3 821 715 711
3 824 715 821
3 717 825 718
3 825 826 718
3 718 826 713
3 826 827 713
3 827 822 713
3 822 827 823
3 824 719 715
3 828 719 824
3 721 829 722
3 825 717 722
3 829 825 722
3 830 825 829
3 826 825 831
3 831 825 830
3 828 724 719
3 832 724 828
3 729 833 730
3 829 721 730
3 833 829 730
3 834 829 833
3 836 830 835
3 830 834 835
3 830 829 834
3 830 836 831
3 832 837 724
3 724 837 731
3 733 731 837
3 733 837 838
3 740 839 741
3 840 742 741
3 840 741 839
3 833 729 742
3 840 833 742
3 841 833 840
3 843 834 842
3 834 841 842
3 834 833 841
3 834 843 835
3 838 844 733
3 733 844 743
3 743 845 744
3 844 845 743
3 845 847 846
3 745 845 846
3 744 845 745
3 848 746 745
3 848 745 846
3 849 747 746
3 849 746 848
3 850 748 747
3 850 747 849
3 851 749 748
3 851 748 850
3 852 750 749
3 852 749 851
3 839 740 750
3 852 839 750
3 853 839 852
3 855 840 854
3 840 853 854
3 840 839 853
3 840 855 841
3 841 855 856
3 841 856 842
3 847 857 846
3 846 857 848
3 848 857 858
3 860 859 858
3 859 848 858
3 859 849 848
3 849 861 850
3 849 859 861
3 863 851 862
3 851 861 862
3 851 850 861
3 851 863 852
3 852 863 864
3 852 864 853
3 853 864 865
3 853 865 854
3 860 866 859
3 859 866 861
3 861 866 867
3 861 867 862
3 868 751 752
3 753 869 752
3 752 869 868
3 869 753 870
3 753 871 870
3 753 754 871
3 872 754 755
3 872 871 754
3 873 755 756
3 873 872 755
3 874 756 758
3 874 873 756
3 876 875 760
3 875 758 760
3 875 874 758
3 876 877 875
3 878 762 763
3 764 879 763
3 763 879 878
3 751 868 764
3 868 879 764
3 868 880 879
3 869 882 881
3 880 869 881
3 868 869 880
3 882 869 870
3 765 876 760
3 883 877 876
3 765 883 876
3 767 883 765
3 885 884 769
3 884 767 769
3 884 883 767
3 885 886 884
3 887 770 771
3 762 878 771
3 878 887 771
3 878 888 887
3 889 878 879
3 888 878 889
3 880 891 890
3 889 880 890
3 879 880 889
3 891 880 881
3 772 885 769
3 893 892 774
3 774 892 772
3 892 886 772
3 886 885 772
3 893 894 892
3 895 776 777
3 770 887 777
3 887 895 777
3 887 896 895
3 897 887 888
3 896 887 897
3 898 888 889
3 897 888 898
3 889 890 899
3 889 899 898
3 778 893 774
3 901 900 779
3 779 900 778
3 900 894 778
3 894 893 778
3 901 902 900
3 903 780 895
3 895 780 776
3 896 905 904
3 903 896 904
3 895 896 903
3 905 896 897
3 905 897 906
3 906 897 898
3 906 898 907
3 907 898 899
3 781 901 779
3 909 908 782
3 782 908 781
3 908 902 781
3 902 901 781
3 909 910 908
3 912 911 903
3 911 780 903
3 911 783 780
3 912 903 904
3 784 909 782
3 784 785 909
3 785 910 909
3 785 913 910
3 911 786 783
3 914 786 911
3 787 916 915
3 913 787 915
3 785 787 913
3 916 917 915
3 914 788 786
3 918 788 914
3 789 916 787
3 789 790 916
3 790 917 916
3 790 919 917
3 918 791 788
3 920 791 918
3 792 922 921
3 919 792 921
3 790 792 919
3 922 923 921
3 925 793 924
3 793 920 924
3 793 791 920
3 926 925 924
3 794 922 792
3 794 795 922
3 795 923 922
3 795 927 923
3 928 796 925
3 925 796 793
3 925 926 929
3 925 929 928
3 797 927 795
3 797 930 927
3 932 931 928
3 931 796 928
3 931 798 796
3 932 928 929
3 799 930 797
3 799 933 930
3 931 800 798
3 934 800 931
3 801 933 799
3 801 935 933
3 934 802 800
3 936 802 934
3 803 938 937
3 935 803 937
3 801 803 935
3 938 939 937
3 936 804 802
3 940 804 936
3 806 941 938
3 806 938 803
3 939 938 942
3 942 938 941
3 940 807 804
3 943 807 940
3 945 944 941
3 806 945 941
3 809 945 806
3 941 944 942
3 943 810 807
3 946 810 943
3 812 945 809
3 812 947 945
3 946 813 810
3 948 813 946
3 815 949 816
3 949 950 816
3 950 812 816
3 950 947 812
3 948 817 813
3 951 817 948
3 819 952 818
3 952 953 818
3 818 953 815
3 953 954 815
3 954 949 815
3 949 954 950
3 820 817 955
3 817 956 955
3 817 951 956
3 955 821 820
3 958 957 952
3 819 958 952
3 823 958 819
3 952 957 953
3 956 959 955
3 821 955 959
3 960 821 959
3 824 821 960
3 826 961 827
3 961 962 827
3 962 823 827
3 962 958 823
3 960 828 824
3 963 828 960
3 965 964 961
3 826 965 961
3 831 965 826
3 961 964 962
3 963 832 828
3 966 832 963
3 835 967 836
3 967 968 836
3 968 831 836
3 968 965 831
3 966 969 832
3 832 969 837
3 838 837 969
3 838 969 970
3 842 971 843
3 971 972 843
3 843 972 835
3 972 973 835
3 973 967 835
3 967 973 968
3 844 838 974
3 838 975 974
3 838 970 975
3 976 845 844
3 976 844 974
3 976 847 845
3 854 977 855
3 978 856 855
3 978 855 977
3 978 979 856
3 856 979 842
3 979 980 842
3 980 971 842
3 971 980 972
3 974 975 981
3 981 975 982
3 974 983 976
3 974 981 983
3 984 857 847
3 976 984 847
3 983 984 976
3 985 858 857
3 985 857 984
3 985 860 858
3 862 986 863
3 987 864 863
3 987 863 986
3 988 865 864
3 988 864 987
3 977 854 865
3 988 977 865
3 989 977 988
3 991 978 990
3 978 989 990
3 978 977 989
3 978 991 979
3 982 992 981
3 981 992 983
3 983 992 993
3 995 994 993
3 994 983 993
3 994 984 983
3 984 996 985
3 984 994 996
3 997 866 860
3 985 997 860
3 996 997 985
3 998 867 866
3 998 866 997
3 986 862 867
3 998 986 867
3 999 986 998
3 986 1000 987
3 986 999 1000
3 1002 988 1001
3 988 1000 1001
3 988 987 1000
3 988 1002 989
3 989 1002 1003
3 989 1003 990
3 1006 1005 1004
3 1004 1007 1006
3 995 1008 994
3 1010 1009 1008
3 1009 994 1008
3 1009 996 994
3 996 1011 997
3 996 1009 1011
3 997 1012 998
3 997 1011 1012
3 998 1013 999
3 998 1012 1013
3 1015 1000 1014
3 1000 1013 1014
3 1000 999 1013
3 1000 1015 1001
3 1005 1016 1004
3 1004 1016 1007
3 1010 1017 1009
3 1009 1017 1011
3 1011 1017 1018
3 1011 1018 1012
3 1012 1018 1019
3 1012 1019 1013
3 1013 1019 1020
3 1013 1020 1014
3 1021 870 871
3 872 1022 871
3 871 1022 1021
3 1022 872 1023
3 872 1024 1023
3 872 873 1024
3 1025 873 874
3 1025 1024 873
3 1026 874 875
3 1026 1025 874
3 1028 1027 877
3 1027 875 877
3 1027 1026 875
3 1028 1029 1027
3 1030 881 882
3 870 1021 882
3 1021 1030 882
3 1021 1031 1030
3 1022 1033 1032
3 1031 1022 1032
3 1021 1022 1031
3 1033 1022 1023
3 883 1028 877
3 1034 1029 1028
3 883 1034 1028
3 884 1034 883
3 884 886 1034
3 1034 886 1035
3 1036 890 891
3 881 1030 891
3 1030 1036 891
3 1030 1037 1036
3 1031 1039 1038
3 1037 1031 1038
3 1030 1031 1037
3 1039 1031 1032
3 1040 1035 886
3 1040 886 892
3 892 894 1040
3 1040 894 1041
3 1042 899 1036
3 1036 899 890
3 1037 1044 1043
3 1042 1037 1043
3 1036 1037 1042
3 1044 1037 1038
3 1045 1041 894
3 1045 894 900
3 900 902 1045
3 1045 902 1046
3 1047 904 905
3 906 1048 905
3 905 1048 1047
3 907 1049 906
3 906 1049 1048
3 1050 1049 907
3 1050 907 899
3 1051 1050 899
3 1042 1051 899
3 1051 1042 1043
3 1052 1046 902
3 1052 902 908
3 908 910 1052
3 1052 910 1053
3 1054 911 912
3 904 1047 912
3 1047 1054 912
3 1047 1055 1054
3 1048 1057 1056
3 1055 1048 1056
3 1047 1048 1055
3 1057 1048 1049
3 1057 1049 1058
3 1058 1049 1050
3 913 1060 1059
3 1053 913 1059
3 910 913 1053
3 1060 1061 1059
3 1062 914 1054
3 1054 914 911
3 1063 1054 1055
3 1062 1054 1063
3 1055 1056 1064
3 1055 1064 1063
3 915 1060 913
3 915 917 1060
3 917 1061 1060
3 917 1065 1061
3 1066 918 1062
3 1062 918 914
3 1067 1062 1063
3 1066 1062 1067
3 1063 1064 1068
3 1063 1068 1067
3 919 1065 917
3 919 1069 1065
3 1070 920 1066
3 1066 920 918
3 1071 1066 1067
3 1070 1066 1071
3 1067 1068 1072
3 1067 1072 1071
3 1073 1069 919
3 1073 919 921
3 921 923 1073
3 1073 923 1074
3 1070 924 920
3 924 1070 926
3 1070 1075 926
3 1070 1071 1075
3 1071 1072 1076
3 1071 1076 1075
3 927 1078 1077
3 1074 927 1077
3 923 927 1074
3 1078 1079 1077
3 1081 1080 1075
3 1080 926 1075
3 1080 929 926
3 1081 1075 1076
3 930 1082 1078
3 930 1078 927
3 1079 1078 1083
3 1083 1078 1082
3 1084 931 932
3 1085 1084 932
3 929 1085 932
3 1080 1085 929
3 933 1086 1082
3 933 1082 930
3 1083 1082 1087
3 1087 1082 1086
3 1088 934 1084
3 1084 934 931
3 1084 1085 1089
3 1084 1089 1088
3 935 1090 1086
3 935 1086 933
3 1087 1086 1091
3 1091 1086 1090
3 1093 1092 1088
3 1092 934 1088
3 1092 936 934
3 1093 1088 1089
3 937 1090 935
3 1095 1094 939
3 939 1094 937
3 1094 1091 937
3 1091 1090 937
3 1095 1096 1094
3 1092 940 936
3 1097 940 1092
3 1099 1098 1095
3 939 1099 1095
3 942 1099 939
3 1095 1098 1096
3 1097 943 940
3 1100 943 1097
3 945 1101 944
3 1101 1102 944
3 1102 942 944
3 1102 1099 942
3 1100 946 943
3 1103 946 1100
3 947 1104 1101
3 947 1101 945
3 1102 1101 1105
3 1105 1101 1104
3 1103 948 946
3 1106 948 1103
3 1108 1107 1104
3 947 1108 1104
3 950 1108 947
3 1104 1107 1105
3 1106 951 948
3 1109 951 1106
3 953 1110 954
3 1110 1111 954
3 1111 950 954
3 1111 1108 950
3 1109 956 951
3 1112 956 1109
3 958 1113 957
3 1110 953 957
3 1113 1110 957
3 1114 1110 1113
3 1111 1110 1115
3 1115 1110 1114
3 1112 1116 956
3 956 1116 959
3 960 959 1116
3 960 1116 1117
3 962 1118 1113
3 962 1113 958
3 1120 1114 1119
3 1114 1118 1119
3 1114 1113 1118
3 1114 1120 1115
3 1117 963 960
3 1121 963 1117
3 965 1122 964
3 1122 1123 964
3 964 1123 962
3 1123 1124 962
3 1124 1118 962
3 1118 1124 1119
3 1121 966 963
3 1125 966 1121
3 1127 1126 1122
3 965 1127 1122
3 968 1127 965
3 1122 1126 1123
3 969 966 1128
3 966 1129 1128
3 966 1125 1129
3 1128 970 969
3 972 1130 973
3 1130 1131 973
3 1131 968 973
3 1131 1127 968
3 1129 1132 1128
3 970 1128 1132
3 1133 970 1132
3 975 970 1133
3 979 1134 980
3 1134 1135 980
3 980 1135 972
3 1135 1136 972
3 1136 1130 972
3 1130 1136 1131
3 1133 982 975
3 1137 982 1133
3 990 1138 991
3 1138 1139 991
3 991 1139 979
3 1139 1140 979
3 1140 1134 979
3 1134 1140 1135
3 992 982 1141
3 982 1142 1141
3 982 1137 1142
3 1143 993 992
3 1143 992 1141
3 1143 995 993
3 1001 1144 1002
3 1145 1003 1002
3 1145 1002 1144
3 1145 1146 1003
3 1003 1146 990
3 1146 1147 990
3 1147 1138 990
3 1138 1147 1139
3 1149 1148 1006
3 1006 1148 1005
3 1006 1142 1149
3 1142 1006 1141
3 1007 1141 1006
3 1141 1007 1150
3 1151 1150 1007
3 1153 1152 1150
3 1152 1141 1150
3 1152 1143 1141
3 1154 1008 995
3 1143 1154 995
3 1152 1154 1143
3 1154 1010 1008
3 1014 1155 1015
3 1144 1001 1015
3 1155 1144 1015
3 1156 1144 1155
3 1158 1145 1157
3 1145 1156 1157
3 1145 1144 1156
3 1145 1158 1146
3 1148 1159 1005
3 1005 1159 1016
3 1007 1016 1151
3 1151 1016 1159
3 1153 1160 1152
3 1162 1161 1160
3 1161 1152 1160
3 1161 1154 1152
3 1163 1017 1010
3 1154 1163 1010
3 1161 1163 1154
3 1164 1018 1017
3 1164 1017 1163
3 1165 1019 1018
3 1165 1018 1164
3 1166 1020 1019
3 1166 1019 1165
3 1166 1167 1020
3 1020 1167 1014
3 1167 1168 1014
3 1168 1155 1014
3 1155 1168 1156
3 1156 1168 1169
3 1156 1169 1157
3 1162 1170 1161
3 1172 1171 1170
3 1171 1161 1170
3 1171 1163 1161
3 1174 1164 1173
3 1164 1171 1173
3 1164 1163 1171
3 1164 1174 1165
3 1165 1174 1175
3 1165 1175 1166
3 1166 1175 1176
3 1166 1176 1167
3 1172 1177 1171
3 1171 1177 1173
3 1178 1023 1024
3 1025 1179 1024
3 1024 1179 1178
3 1179 1025 1180
3 1025 1181 1180
3 1025 1026 1181
3 1182 1026 1027
3 1182 1181 1026
3 1027 1029 1182
3 1182 1029 1183
3 1184 1032 1033
3 1023 1178 1033
3 1178 1184 1033
3 1178 1185 1184
3 1179 1187 1186
3 1185 1179 1186
3 1178 1179 1185
3 1187 1179 1180
3 1188 1183 1029
3 1188 1029 1034
3 1034 1035 1188
3 1188 1035 1189
3 1190 1038 1039
3 1032 1184 1039
3 1184 1190 1039
3 1184 1191 1190
3 1185 1193 1192
3 1191 1185 1192
3 1184 1185 1191
3 1193 1185 1186
3 1194 1189 1035
3 1194 1035 1040
3 1196 1195 1041
3 1195 1040 1041
3 1195 1194 1040
3 1196 1197 1195
3 1198 1043 1044
3 1199 1198 1044
3 1199 1044 1038
3 1200 1199 1038
3 1190 1200 1038
3 1200 1190 1191
3 1200 1191 1201
3 1201 1191 1192
3 1045 1196 1041
3 1203 1202 1046
3 1046 1202 1045
3 1202 1197 1045
3 1197 1196 1045
3 1203 1204 1202
3 1205 1050 1051
3 1206 1205 1051
3 1206 1051 1043
3 1207 1206 1043
3 1198 1207 1043
3 1207 1198 1199
3 1052 1203 1046
3 1052 1053 1203
3 1053 1204 1203
3 1053 1208 1204
3 1209 1056 1057
3 1058 1210 1057
3 1057 1210 1209
3 1211 1210 1058
3 1211 1058 1050
3 1212 1211 1050
3 1205 1212 1050
3 1212 1205 1206
3 1213 1208 1053
3 1213 1053 1059
3 1059 1061 1213
3 1213 1061 1214
3 1215 1064 1209
3 1209 1064 1056
3 1216 1209 1210
3 1215 1209 1216
3 1210 1211 1217
3 1210 1217 1216
3 1065 1219 1218
3 1214 1065 1218
3 1061 1065 1214
3 1219 1220 1218
3 1221 1068 1215
3 1215 1068 1064
3 1216 1223 1222
3 1221 1216 1222
3 1215 1216 1221
3 1223 1216 1217
3 1069 1224 1219
3 1069 1219 1065
3 1220 1219 1225
3 1219 1226 1225
3 1219 1224 1226
3 1226 1227 1225
3 1228 1072 1221
3 1221 1072 1068
3 1221 1222 1229
3 1221 1229 1228
3 1073 1224 1069
3 1224 1073 1074
3 1230 1224 1074
3 1226 1224 1230
3 1227 1226 1231
3 1231 1226 1230
3 1232 1076 1228
3 1228 1076 1072
3 1228 1229 1233
3 1228 1233 1232
3 1077 1230 1074
3 1077 1079 1230
3 1079 1231 1230
3 1079 1234 1231
3 1235 1080 1081
3 1236 1235 1081
3 1236 1081 1076
3 1237 1236 1076
3 1232 1237 1076
3 1237 1232 1233
3 1083 1234 1079
3 1083 1238 1234
3 1239 1085 1235
3 1235 1085 1080
3 1235 1236 1240
3 1235 1240 1239
3 1087 1242 1241
3 1238 1087 1241
3 1083 1087 1238
3 1242 1243 1241
3 1245 1244 1239
3 1244 1085 1239
3 1244 1089 1085
3 1245 1239 1240
3 1091 1246 1242
3 1091 1242 1087
3 1243 1242 1247
3 1247 1242 1246
3 1248 1092 1093
3 1249 1248 1093
3 1089 1249 1093
3 1244 1249 1089
3 1094 1246 1091
3 1094 1096 1246
3 1096 1247 1246
3 1096 1250 1247
3 1252 1251 1248
3 1251 1092 1248
3 1251 1097 1092
3 1252 1248 1249
3 1099 1253 1098
3 1253 1254 1098
3 1254 1096 1098
3 1254 1250 1096
3 1251 1100 1097
3 1255 1100 1251
3 1102 1256 1253
3 1102 1253 1099
3 1254 1253 1257
3 1257 1253 1256
3 1255 1103 1100
3 1258 1103 1255
3 1260 1259 1256
3 1102 1260 1256
3 1105 1260 1102
3 1256 1259 1257
3 1263 1262 1261
3 1258 1263 1261
3 1106 1258 1261
3 1103 1258 1106
3 1108 1264 1107
3 1264 1265 1107
3 1265 1105 1107
3 1265 1260 1105
3 1261 1262 1266
3 1266 1262 1267
3 1266 1109 1106
3 1266 1106 1261
3 1111 1268 1264
3 1111 1264 1108
3 1265 1264 1269
3 1269 1264 1268
3 1267 1270 1266
3 1109 1266 1270
3 1271 1109 1270
3 1112 1109 1271
3 1273 1272 1268
3 1111 1273 1268
3 1115 1273 1111
3 1268 1272 1269
3 1116 1112 1274
3 1112 1275 1274
3 1112 1271 1275
3 1274 1117 1116
3 1119 1276 1120
3 1276 1277 1120
3 1277 1115 1120
3 1277 1273 1115
3 1275 1278 1274
3 1117 1274 1278
3 1279 1117 1278
3 1121 1117 1279
3 1123 1280 1124
3 1280 1281 1124
3 1124 1281 1119
3 1281 1282 1119
3 1282 1276 1119
3 1276 1282 1277
3 1279 1125 1121
3 1283 1125 1279
3 1127 1284 1126
3 1284 1285 1126
3 1126 1285 1123
3 1285 1286 1123
3 1286 1280 1123
3 1280 1286 1281
3 1283 1129 1125
3 1287 1129 1283
3 1289 1288 1284
3 1127 1289 1284
3 1131 1289 1127
3 1284 1288 1285
3 1132 1129 1290
3 1129 1291 1290
3 1129 1287 1291
3 1290 1133 1132
3 1293 1292 1136
3 1293 1136 1135
3 1131 1136 1289
3 1289 1136 1292
3 1290 1291 1294
3 1294 1291 1295
3 1294 1137 1133
3 1294 1133 1290
3 1139 1296 1140
3 1296 1297 1140
3 1297 1135 1140
3 1297 1293 1135
3 1294 1295 1298
3 1298 1295 1299
3 1298 1142 1137
3 1298 1137 1294
3 1146 1300 1147
3 1300 1301 1147
3 1147 1301 1139
3 1301 1302 1139
3 1302 1296 1139
3 1296 1302 1297
3 1298 1299 1149
3 1299 1148 1149
3 1299 1303 1148
3 1142 1298 1149
3 1150 1151 1304
3 1304 1153 1150
3 1157 1305 1158
3 1305 1306 1158
3 1158 1306 1146
3 1306 1307 1146
3 1307 1300 1146
3 1300 1307 1301
3 1303 1308 1148
3 1148 1308 1159
3 1159 1308 1151
3 1308 1309 1151
3 1309 1304 1151
3 1309 1308 1310
3 1311 1160 1153
3 1304 1311 1153
3 1309 1311 1304
3 1311 1162 1160
3 1167 1312 1168
3 1168 1312 1313
3 1314 1168 1313
3 1169 1168 1314
3 1157 1169 1305
3 1169 1315 1305
3 1169 1314 1315
3 1305 1315 1306
3 1310 1316 1309
3 1318 1317 1316
3 1317 1309 1316
3 1317 1311 1309
3 1319 1170 1162
3 1311 1319 1162
3 1317 1319 1311
3 1319 1172 1170
3 1173 1320 1174
3 1321 1175 1174
3 1321 1174 1320
3 1175 1321 1322
3 1323 1175 1322
3 1176 1175 1323
3 1167 1176 1312
3 1176 1324 1312
3 1176 1323 1324
3 1312 1324 1313
3 1317 1318 1325
3 1325 1318 1326
3 1317 1327 1319
3 1317 1325 1327
3 1328 1177 1172
3 1319 1328 1172
3 1327 1328 1319
3 1328 1329 1177
3 1177 1329 1173
3 1329 1330 1173
3 1330 1320 1173
3 1320 1330 1321
3 1321 1330 1331
3 1321 1331 1322
3 1326 1332 1325
3 1325 1332 1327
3 1327 1332 1333
3 1327 1333 1328
3 1328 1333 1334
3 1328 1334 1329
3 1335 1180 1181
3 1182 1336 1181
3 1181 1336 1335
3 1183 1336 1182
3 1337 1186 1187
3 1180 1335 1187
3 1335 1337 1187
3 1335 1338 1337
3 1339 1335 1336
3 1338 1335 1339
3 1339 1336 1183
3 1340 1339 1183
3 1188 1340 1183
3 1341 1339 1340
3 1343 1342 1189
3 1342 1188 1189
3 1342 1340 1188
3 1343 1344 1342
3 1345 1192 1193
3 1186 1337 1193
3 1337 1345 1193
3 1337 1346 1345
3 1338 1348 1347
3 1346 1338 1347
3 1337 1338 1346
3 1348 1338 1339
3 1348 1339 1349
3 1349 1339 1341
3 1194 1343 1189
3 1350 1344 1343
3 1194 1350 1343
3 1195 1350 1194
3 1195 1197 1350
3 1350 1197 1351
3 1352 1199 1200
3 1201 1353 1200
3 1200 1353 1352
3 1354 1353 1201
3 1354 1201 1192
3 1355 1354 1192
3 1345 1355 1192
3 1355 1345 1346
3 1355 1346 1356
3 1356 1346 1347
3 1357 1351 1197
3 1357 1197 1202
3 1202 1204 1357
3 1357 1204 1358
3 1359 1206 1207
3 1199 1352 1207
3 1352 1359 1207
3 1352 1360 1359
3 1353 1362 1361
3 1360 1353 1361
3 1352 1353 1360
3 1362 1353 1354
3 1208 1364 1363
3 1358 1208 1363
3 1204 1208 1358
3 1364 1365 1363
3 1366 1211 1212
3 1367 1366 1212
3 1367 1212 1206
3 1368 1367 1206
3 1359 1368 1206
3 1368 1359 1360
3 1368 1360 1369
3 1369 1360 1361
3 1213 1364 1208
3 1371 1370 1214
3 1214 1370 1213
3 1370 1365 1213
3 1365 1364 1213
3 1371 1372 1370
3 1373 1217 1366
3 1366 1217 1211
3 1366 1367 1374
3 1366 1374 1373
3 1218 1371 1214
3 1218 1220 1371
3 1220 1372 1371
3 1220 1375 1372
3 1376 1222 1223
3 1377 1376 1223
3 1377 1223 1217
3 1378 1377 1217
3 1373 1378 1217
3 1378 1373 1374
3 1379 1375 1220
3 1379 1220 1225
3 1225 1227 1379
3 1379 1227 1380
3 1381 1229 1376
3 1376 1229 1222
3 1376 1377 1382
3 1376 1382 1381
3 1231 1384 1383
3 1380 1231 1383
3 1227 1231 1380
3 1384 1385 1383
3 1386 1233 1381
3 1381 1233 1229
3 1381 1382 1387
3 1381 1387 1386
3 1234 1388 1384
3 1234 1384 1231
3 1385 1384 1389
3 1389 1384 1388
3 1390 1236 1237
3 1391 1390 1237
3 1391 1237 1233
3 1392 1391 1233
3 1386 1392 1233
3 1392 1386 1387
3 1238 1393 1388
3 1238 1388 1234
3 1389 1388 1394
3 1394 1388 1393
3 1396 1395 1390
3 1395 1236 1390
3 1395 1240 1236
3 1396 1390 1391
3 1241 1393 1238
3 1241 1243 1393
3 1243 1394 1393
3 1243 1397 1394
3 1398 1244 1245
3 1399 1398 1245
3 1240 1399 1245
3 1395 1399 1240
3 1247 1397 1243
3 1247 1400 1397
3 1402 1401 1398
3 1401 1244 1398
3 1401 1249 1244
3 1402 1398 1399
3 1250 1400 1247
3 1250 1403 1400
3 1404 1251 1252
3 1405 1404 1252
3 1249 1405 1252
3 1401 1405 1249
3 1254 1403 1250
3 1254 1406 1403
3 1408 1407 1404
3 1407 1251 1404
3 1407 1255 1251
3 1408 1404 1405
3 1257 1406 1254
3 1257 1409 1406
3 1407 1258 1255
3 1410 1258 1407
3 1260 1411 1259
3 1411 1412 1259
3 1412 1257 1259
3 1412 1409 1257
3 1414 1413 1263
3 1263 1413 1262
3 1263 1258 1410
3 1263 1410 1414
3 1265 1415 1411
3 1265 1411 1260
3 1412 1411 1416
3 1416 1411 1415
3 1413 1267 1262
3 1417 1267 1413
3 1419 1418 1415
3 1265 1419 1415
3 1269 1419 1265
3 1415 1418 1416
3 1417 1420 1267
3 1267 1420 1270
3 1271 1270 1420
3 1271 1420 1421
3 1273 1422 1272
3 1422 1423 1272
3 1423 1269 1272
3 1423 1419 1269
3 1421 1275 1271
3 1424 1275 1421
3 1426 1425 1422
3 1273 1426 1422
3 1277 1426 1273
3 1422 1425 1423
3 1278 1275 1427
3 1275 1428 1427
3 1275 1424 1428
3 1427 1279 1278
3 1430 1429 1282
3 1430 1282 1281
3 1277 1282 1426
3 1426 1282 1429
3 1427 1428 1431
3 1431 1428 1432
3 1431 1283 1279
3 1431 1279 1427
3 1285 1433 1286
3 1433 1434 1286
3 1434 1281 1286
3 1434 1430 1281
3 1431 1432 1435
3 1435 1432 1436
3 1435 1287 1283
3 1435 1283 1431
3 1289 1437 1288
3 1437 1438 1288
3 1288 1438 1285
3 1438 1439 1285
3 1439 1433 1285
3 1433 1439 1434
3 1435 1436 1440
3 1440 1436 1441
3 1440 1291 1287
3 1440 1287 1435
3 1293 1442 1292
3 1442 1443 1292
3 1292 1443 1289
3 1443 1444 1289
3 1444 1437 1289
3 1437 1444 1438
3 1440 1441 1445
3 1445 1441 1446
3 1445 1295 1291
3 1445 1291 1440
3 1448 1447 1442
3 1293 1448 1442
3 1297 1448 1293
3 1442 1447 1443
3 1446 1449 1445
3 1295 1445 1449
3 1450 1295 1449
3 1299 1295 1450
3 1301 1451 1302
3 1451 1452 1302
3 1452 1297 1302
3 1452 1448 1297
3 1455 1454 1453
3 1450 1455 1453
3 1303 1450 1453
3 1299 1450 1303
3 1306 1456 1307
3 1456 1457 1307
3 1307 1457 1301
3 1457 1458 1301
3 1458 1451 1301
3 1451 1458 1452
3 1453 1454 1459
3 1459 1454 1460
3 1461 1308 1303
3 1453 1461 1303
3 1459 1461 1453
3 1461 1310 1308
3 1313 1462 1314
3 1463 1315 1314
3 1463 1314 1462
3 1463 1464 1315
3 1315 1464 1306
3 1464 1465 1306
3 1465 1456 1306
3 1456 1465 1457
3 1460 1466 1459
3 1459 1466 1461
3 1461 1466 1467
3 1467 1469 1468
3 1467 1468 1316
3 1461 1467 1316
3 1310 1461 1316
3 1468 1318 1316
3 1322 1470 1323
3 1323 1470 1471
3 1472 1323 1471
3 1324 1323 1472
3 1313 1324 1462
3 1324 1473 1462
3 1324 1472 1473
3 1462 1473 1463
3 1463 1473 1474
3 1463 1474 1464
3 1468 1469 1475
3 1475 1469 1476
3 1475 1326 1318
3 1475 1318 1468
3 1329 1477 1330
3 1330 1477 1478
3 1479 1330 1478
3 1331 1330 1479
3 1322 1331 1470
3 1331 1480 1470
3 1331 1479 1480
3 1470 1480 1471
3 1476 1481 1475
3 1481 1483 1482
3 1481 1482 1332
3 1475 1481 1332
3 1326 1475 1332
3 1484 1333 1332
3 1484 1332 1482
3 1333 1484 1485
3 1486 1333 1485
3 1334 1333 1486
3 1329 1334 1477
3 1334 1487 1477
3 1334 1486 1487
3 1477 1487 1478
3 1483 1488 1482
3 1482 1488 1484
3 1484 1488 1489
3 1484 1489 1485
3 1490 1341 1340
3 1342 1491 1340
3 1340 1491 1490
3 1344 1491 1342
3 1492 1347 1348
3 1349 1493 1348
3 1348 1493 1492
3 1341 1490 1349
3 1490 1493 1349
3 1490 1494 1493
3 1495 1490 1491
3 1494 1490 1495
3 1350 1496 1344
3 1496 1491 1344
3 1496 1495 1491
3 1351 1496 1350
3 1497 1354 1355
3 1356 1498 1355
3 1355 1498 1497
3 1347 1492 1356
3 1492 1498 1356
3 1492 1499 1498
3 1493 1501 1500
3 1499 1493 1500
3 1492 1493 1499
3 1501 1493 1494
3 1501 1494 1502
3 1502 1494 1495
3 1502 1495 1503
3 1503 1495 1496
3 1503 1496 1504
3 1504 1496 1351
3 1357 1504 1351
3 1505 1504 1357
3 1357 1358 1505
3 1505 1358 1506
3 1507 1361 1362
3 1354 1497 1362
3 1497 1507 1362
3 1497 1508 1507
3 1498 1510 1509
3 1508 1498 1509
3 1497 1498 1508
3 1510 1498 1499
3 1510 1499 1511
3 1511 1499 1500
3 1512 1506 1358
3 1512 1358 1363
3 1363 1365 1512
3 1512 1365 1513
3 1514 1367 1368
3 1369 1515 1368
3 1368 1515 1514
3 1516 1515 1369
3 1516 1369 1361
3 1517 1516 1361
3 1507 1517 1361
3 1517 1507 1508
3 1517 1508 1518
3 1518 1508 1509
3 1519 1513 1365
3 1519 1365 1370
3 1370 1372 1519
3 1519 1372 1520
3 1521 1374 1514
3 1514 1374 1367
3 1515 1523 1522
3 1521 1515 1522
3 1514 1515 1521
3 1523 1515 1516
3 1375 1520 1372
3 1375 1524 1520
3 1525 1377 1378
3 1526 1525 1378
3 1526 1378 1374
3 1527 1526 1374
3 1521 1527 1374
3 1527 1521 1522
3 1528 1524 1375
3 1528 1375 1379
3 1379 1380 1528
3 1528 1380 1529
3 1530 1382 1525
3 1525 1382 1377
3 1525 1526 1531
3 1525 1531 1530
3 1532 1529 1380
3 1532 1380 1383
3 1383 1385 1532
3 1532 1385 1533
3 1534 1387 1530
3 1530 1387 1382
3 1530 1531 1535
3 1530 1535 1534
3 1389 1533 1385
3 1389 1536 1533
3 1537 1391 1392
3 1538 1537 1392
3 1538 1392 1387
3 1539 1538 1387
3 1534 1539 1387
3 1539 1534 1535
3 1394 1541 1540
3 1536 1394 1540
3 1389 1394 1536
3 1541 1542 1540
3 1543 1395 1396
3 1544 1543 1396
3 1544 1396 1391
3 1545 1544 1391
3 1537 1545 1391
3 1545 1537 1538
3 1397 1546 1541
3 1397 1541 1394
3 1542 1541 1547
3 1547 1541 1546
3 1549 1548 1543
3 1548 1395 1543
3 1548 1399 1395
3 1549 1543 1544
3 1400 1550 1546
3 1400 1546 1397
3 1547 1546 1551
3 1551 1546 1550
3 1552 1401 1402
3 1553 1552 1402
3 1399 1553 1402
3 1548 1553 1399
3 1403 1554 1550
3 1403 1550 1400
3 1551 1550 1555
3 1555 1550 1554
3 1557 1556 1552
3 1556 1401 1552
3 1556 1405 1401
3 1557 1552 1553
3 1559 1558 1554
3 1403 1559 1554
3 1406 1559 1403
3 1554 1558 1555
3 1561 1560 1408
3 1408 1560 1407
3 1408 1405 1556
3 1408 1556 1561
3 1409 1559 1406
3 1409 1562 1559
3 1560 1410 1407
3 1563 1410 1560
3 1412 1562 1409
3 1412 1564 1562
3 1566 1565 1414
3 1414 1565 1413
3 1414 1410 1563
3 1414 1563 1566
3 1416 1564 1412
3 1416 1567 1564
3 1565 1417 1413
3 1568 1417 1565
3 1419 1569 1418
3 1569 1570 1418
3 1570 1416 1418
3 1570 1567 1416
3 1420 1417 1571
3 1417 1572 1571
3 1417 1568 1572
3 1571 1421 1420
3 1574 1573 1569
3 1419 1574 1569
3 1423 1574 1419
3 1569 1573 1570
3 1572 1575 1571
3 1421 1571 1575
3 1576 1421 1575
3 1424 1421 1576
3 1578 1577 1425
3 1578 1425 1426
3 1423 1425 1574
3 1574 1425 1577
3 1576 1428 1424
3 1579 1428 1576
3 1430 1580 1429
3 1580 1581 1429
3 1581 1426 1429
3 1581 1578 1426
3 1579 1432 1428
3 1582 1432 1579
3 1584 1583 1580
3 1430 1584 1580
3 1434 1584 1430
3 1580 1583 1581
3 1582 1436 1432
3 1585 1436 1582
3 1587 1586 1439
3 1587 1439 1438
3 1434 1439 1584
3 1584 1439 1586
3 1590 1589 1588
3 1585 1590 1588
3 1441 1585 1588
3 1436 1585 1441
3 1592 1591 1444
3 1592 1444 1443
3 1438 1444 1587
3 1587 1444 1591
3 1588 1589 1593
3 1593 1589 1594
3 1593 1446 1441
3 1593 1441 1588
3 1596 1595 1447
3 1596 1447 1448
3 1443 1447 1592
3 1592 1447 1595
3 1593 1594 1597
3 1597 1594 1598
3 1599 1449 1446
3 1593 1599 1446
3 1597 1599 1593
3 1599 1450 1449
3 1452 1596 1448
3 1452 1600 1596
3 1597 1598 1601
3 1601 1598 1602
3 1601 1454 1455
3 1599 1601 1455
3 1597 1601 1599
3 1599 1455 1450
3 1604 1603 1458
3 1604 1458 1457
3 1452 1458 1600
3 1600 1458 1603
3 1602 1605 1601
3 1454 1601 1605
3 1606 1454 1605
3 1460 1454 1606
3 1608 1607 1465
3 1608 1465 1464
3 1457 1465 1604
3 1604 1465 1607
3 1606 1609 1460
3 1460 1609 1466
3 1609 1611 1610
3 1467 1609 1610
3 1466 1609 1467
3 1610 1469 1467
3 1471 1612 1472
3 1613 1473 1472
3 1613 1472 1612
3 1473 1613 1614
3 1615 1473 1614
3 1474 1473 1615
3 1464 1474 1608
3 1608 1474 1615
3 1610 1611 1616
3 1616 1611 1617
3 1616 1476 1469
3 1616 1469 1610
3 1478 1618 1479
3 1479 1618 1619
3 1620 1479 1619
3 1480 1479 1620
3 1471 1480 1612
3 1480 1621 1612
3 1480 1620 1621
3 1612 1621 1613
3 1613 1621 1622
3 1613 1622 1614
3 1617 1623 1616
3 1623 1625 1624
3 1623 1624 1481
3 1616 1623 1481
3 1476 1616 1481
3 1624 1483 1481
3 1485 1626 1486
3 1486 1626 1627
3 1628 1486 1627
3 1487 1486 1628
3 1478 1487 1618
3 1487 1629 1618
3 1487 1628 1629
3 1618 1629 1619
3 1625 1630 1624
3 1630 1632 1631
3 1630 1631 1488
3 1624 1630 1488
3 1483 1624 1488
3 1633 1489 1488
3 1633 1488 1631
3 1633 1634 1489
3 1489 1634 1485
3 1634 1635 1485
3 1635 1626 1485
3 1626 1635 1627
3 1632 1636 1631
3 1631 1636 1633
3 1633 1636 1637
3 1633 1637 1634
3 1638 1500 1501
3 1502 1639 1501
3 1501 1639 1638
3 1503 1640 1502
3 1502 1640 1639
3 1504 1641 1503
3 1503 1641 1640
3 1505 1642 1504
3 1504 1642 1641
3 1506 1642 1505
3 1643 1509 1510
3 1511 1644 1510
3 1510 1644 1643
3 1500 1638 1511
3 1638 1644 1511
3 1638 1645 1644
3 1639 1647 1646
3 1645 1639 1646
3 1638 1639 1645
3 1647 1639 1640
3 1647 1640 1648
3 1648 1640 1641
3 1648 1641 1649
3 1649 1641 1642
3 1649 1642 1650
3 1650 1642 1506
3 1512 1650 1506
3 1651 1650 1512
3 1512 1513 1651
3 1651 1513 1652
3 1653 1516 1517
3 1518 1654 1517
3 1517 1654 1653
3 1655 1654 1518
3 1655 1518 1509
3 1656 1655 1509
3 1643 1656 1509
3 1656 1643 1644
3 1656 1644 1657
3 1657 1644 1645
3 1657 1645 1658
3 1658 1645 1646
3 1659 1652 1513
3 1659 1513 1519
3 1519 1520 1659
3 1659 1520 1660
3 1661 1522 1523
3 1662 1661 1523
3 1662 1523 1516
3 1663 1662 1516
3 1653 1663 1516
3 1663 1653 1654
3 1663 1654 1664
3 1664 1654 1655
3 1524 1660 1520
3 1524 1665 1660
3 1666 1526 1527
3 1522 1661 1527
3 1661 1666 1527
3 1661 1667 1666
3 1661 1662 1668
3 1661 1668 1667
3 1669 1665 1524
3 1669 1524 1528
3 1528 1529 1669
3 1669 1529 1670
3 1671 1531 1666
3 1666 1531 1526
3 1667 1673 1672
3 1671 1667 1672
3 1666 1667 1671
3 1673 1667 1668
3 1674 1670 1529
3 1674 1529 1532
3 1532 1533 1674
3 1674 1533 1675
3 1677 1676 1671
3 1676 1531 1671
3 1676 1535 1531
3 1677 1671 1672
3 1536 1675 1533
3 1536 1678 1675
3 1679 1538 1539
3 1680 1679 1539
3 1535 1680 1539
3 1676 1680 1535
3 1681 1678 1536
3 1681 1536 1540
3 1540 1542 1681
3 1681 1542 1682
3 1684 1683 1545
3 1545 1683 1544
3 1545 1538 1679
3 1685 1545 1679
3 1684 1545 1685
3 1685 1679 1680
3 1547 1682 1542
3 1547 1686 1682
3 1687 1548 1549
3 1688 1687 1549
3 1544 1688 1549
3 1683 1688 1544
3 1551 1686 1547
3 1551 1689 1686
3 1691 1690 1687
3 1690 1548 1687
3 1690 1553 1548
3 1691 1687 1688
3 1555 1689 1551
3 1555 1692 1689
3 1694 1693 1557
3 1557 1693 1556
3 1557 1553 1690
3 1557 1690 1694
3 1559 1695 1558
3 1695 1696 1558
3 1696 1555 1558
3 1696 1692 1555
3 1697 1560 1561
3 1698 1697 1561
3 1556 1698 1561
3 1693 1698 1556
3 1562 1699 1695
3 1562 1695 1559
3 1696 1695 1700
3 1700 1695 1699
3 1702 1701 1697
3 1701 1560 1697
3 1701 1563 1560
3 1702 1697 1698
3 1564 1703 1699
3 1564 1699 1562
3 1700 1699 1704
3 1704 1699 1703
3 1705 1565 1566
3 1706 1705 1566
3 1563 1706 1566
3 1701 1706 1563
3 1708 1707 1703
3 1564 1708 1703
3 1567 1708 1564
3 1703 1707 1704
3 1710 1709 1705
3 1709 1565 1705
3 1709 1568 1565
3 1710 1705 1706
3 1570 1708 1567
3 1570 1711 1708
3 1709 1572 1568
3 1712 1572 1709
3 1574 1713 1573
3 1713 1714 1573
3 1714 1570 1573
3 1714 1711 1570
3 1712 1715 1572
3 1572 1715 1575
3 1576 1575 1715
3 1576 1715 1716
3 1578 1717 1577
3 1717 1718 1577
3 1577 1718 1574
3 1718 1719 1574
3 1719 1713 1574
3 1713 1719 1714
3 1716 1579 1576
3 1720 1579 1716
3 1722 1721 1717
3 1578 1722 1717
3 1581 1722 1578
3 1717 1721 1718
3 1720 1582 1579
3 1723 1582 1720
3 1584 1724 1583
3 1724 1725 1583
3 1725 1581 1583
3 1725 1722 1581
3 1723 1585 1582
3 1726 1585 1723
3 1587 1727 1586
3 1727 1728 1586
3 1586 1728 1584
3 1728 1729 1584
3 1729 1724 1584
3 1724 1729 1725
3 1731 1730 1590
3 1590 1730 1589
3 1590 1585 1726
3 1590 1726 1731
3 1592 1732 1591
3 1732 1733 1591
3 1591 1733 1587
3 1733 1734 1587
3 1734 1727 1587
3 1727 1734 1728
3 1730 1594 1589
3 1735 1594 1730
3 1596 1736 1595
3 1736 1737 1595
3 1595 1737 1592
3 1737 1738 1592
3 1738 1732 1592
3 1732 1738 1733
3 1741 1740 1739
3 1735 1741 1739
3 1598 1735 1739
3 1594 1735 1598
3 1743 1742 1736
3 1596 1743 1736
3 1600 1743 1596
3 1736 1742 1737
3 1739 1740 1744
3 1744 1740 1745
3 1744 1602 1598
3 1744 1598 1739
3 1747 1746 1603
3 1747 1603 1604
3 1600 1603 1743
3 1743 1603 1746
3 1745 1748 1744
3 1748 1750 1749
3 1748 1749 1605
3 1744 1748 1605
3 1602 1744 1605
3 1749 1606 1605
3 1752 1751 1607
3 1752 1607 1608
3 1604 1607 1747
3 1747 1607 1751
3 1750 1753 1749
3 1753 1755 1754
3 1753 1754 1609
3 1749 1753 1609
3 1606 1749 1609
3 1754 1611 1609
3 1757 1756 1615
3 1757 1615 1614
3 1608 1615 1752
3 1752 1615 1756
3 1754 1755 1758
3 1758 1755 1759
3 1758 1617 1611
3 1758 1611 1754
3 1619 1760 1620
3 1620 1760 1761
3 1762 1620 1761
3 1621 1620 1762
3 1621 1763 1622
3 1762 1763 1621
3 1614 1622 1757
3 1757 1622 1763
3 1759 1764 1758
3 1764 1766 1765
3 1764 1765 1623
3 1758 1764 1623
3 1617 1758 1623
3 1765 1625 1623
3 1768 1767 1628
3 1768 1628 1627
3 1628 1769 1629
3 1767 1769 1628
3 1619 1629 1760
3 1629 1770 1760
3 1629 1769 1770
3 1760 1770 1761
3 1766 1771 1765
3 1771 1773 1772
3 1771 1772 1630
3 1765 1771 1630
3 1625 1765 1630
3 1772 1632 1630
3 1775 1774 1635
3 1775 1635 1634
3 1627 1635 1768
3 1768 1635 1774
3 1773 1776 1772
3 1772 1776 1632
3 1776 1636 1632
3 1776 1777 1636
3 1636 1778 1637
3 1777 1778 1636
3 1634 1637 1775
3 1775 1637 1778
3 1779 1646 1647
3 1648 1780 1647
3 1647 1780 1779
3 1649 1781 1648
3 1648 1781 1780
3 1650 1782 1649
3 1649 1782 1781
3 1651 1783 1650
3 1650 1783 1782
3 1652 1783 1651
3 1784 1655 1656
3 1784 1656 1785
3 1656 1786 1785
3 1656 1657 1786
3 1787 1657 1658
3 1787 1786 1657
3 1658 1646 1779
3 1788 1658 1779
3 1787 1658 1788
3 1788 1779 1780
3 1788 1780 1789
3 1789 1780 1781
3 1789 1781 1790
3 1792 1791 1790
3 1781 1792 1790
3 1782 1792 1781
3 1793 1782 1783
3 1792 1782 1793
3 1659 1794 1652
3 1794 1783 1652
3 1794 1793 1783
3 1660 1794 1659
3 1795 1662 1663
3 1795 1663 1796
3 1663 1797 1796
3 1663 1664 1797
3 1664 1655 1784
3 1798 1664 1784
3 1797 1664 1798
3 1798 1784 1785
3 1799 1791 1792
3 1801 1800 1799
3 1792 1801 1799
3 1793 1801 1792
3 1802 1793 1794
3 1801 1793 1802
3 1665 1802 1660
3 1660 1802 1794
3 1803 1668 1795
3 1795 1668 1662
3 1795 1796 1804
3 1795 1804 1803
3 1805 1800 1801
3 1805 1801 1802
3 1805 1802 1806
3 1806 1802 1665
3 1669 1806 1665
3 1807 1806 1669
3 1669 1670 1807
3 1807 1670 1808
3 1809 1672 1673
3 1810 1809 1673
3 1810 1673 1668
3 1811 1810 1668
3 1803 1811 1668
3 1811 1803 1804
3 1812 1808 1670
3 1812 1670 1674
3 1674 1675 1812
3 1812 1675 1813
3 1814 1676 1677
3 1672 1809 1677
3 1809 1814 1677
3 1809 1815 1814
3 1809 1810 1816
3 1809 1816 1815
3 1678 1813 1675
3 1678 1817 1813
3 1818 1680 1814
3 1814 1680 1676
3 1815 1820 1819
3 1818 1815 1819
3 1814 1815 1818
3 1820 1815 1816
3 1821 1817 1678
3 1821 1678 1681
3 1681 1682 1821
3 1821 1682 1822
3 1823 1683 1684
3 1823 1684 1824
3 1684 1825 1824
3 1684 1685 1825
3 1685 1680 1818
3 1826 1685 1818
3 1825 1685 1826
3 1826 1818 1819
3 1686 1822 1682
3 1686 1827 1822
3 1829 1828 1823
3 1828 1683 1823
3 1828 1688 1683
3 1829 1823 1824
3 1689 1827 1686
3 1689 1830 1827
3 1832 1831 1691
3 1691 1831 1690
3 1691 1688 1828
3 1691 1828 1832
3 1692 1830 1689
3 1692 1833 1830
3 1834 1693 1694
3 1835 1834 1694
3 1690 1835 1694
3 1831 1835 1690
3 1696 1833 1692
3 1696 1836 1833
3 1838 1837 1834
3 1837 1693 1834
3 1837 1698 1693
3 1838 1834 1835
3 1700 1836 1696
3 1700 1839 1836
3 1841 1840 1702
3 1702 1840 1701
3 1702 1698 1837
3 1702 1837 1841
3 1704 1839 1700
3 1704 1842 1839
3 1840 1706 1701
3 1843 1706 1840
3 1708 1844 1707
3 1844 1845 1707
3 1845 1704 1707
3 1845 1842 1704
3 1846 1709 1710
3 1847 1846 1710
3 1706 1847 1710
3 1843 1847 1706
3 1849 1848 1844
3 1708 1849 1844
3 1711 1849 1708
3 1844 1848 1845
3 1851 1850 1846
3 1850 1709 1846
3 1850 1712 1709
3 1851 1846 1847
3 1714 1849 1711
3 1714 1852 1849
3 1715 1712 1853
3 1712 1854 1853
3 1712 1850 1854
3 1853 1716 1715
3 1856 1855 1719
3 1856 1719 1718
3 1714 1719 1852
3 1852 1719 1855
3 1854 1857 1853
3 1716 1853 1857
3 1858 1716 1857
3 1720 1716 1858
3 1722 1859 1721
3 1859 1860 1721
3 1860 1718 1721
3 1860 1856 1718
3 1858 1723 1720
3 1861 1723 1858
3 1863 1862 1859
3 1722 1863 1859
3 1725 1863 1722
3 1859 1862 1860
3 1861 1726 1723
3 1864 1726 1861
3 1866 1865 1729
3 1866 1729 1728
3 1725 1729 1863
3 1863 1729 1865
3 1868 1867 1731
3 1731 1867 1730
3 1731 1726 1864
3 1731 1864 1868
3 1870 1869 1734
3 1870 1734 1733
3 1728 1734 1866
3 1866 1734 1869
3 1867 1735 1730
3 1871 1735 1867
3 1873 1872 1738
3 1873 1738 1737
3 1733 1738 1870
3 1870 1738 1872
3 1875 1874 1741
3 1741 1874 1740
3 1741 1735 1871
3 1741 1871 1875
3 1877 1876 1742
3 1877 1742 1743
3 1737 1742 1873
3 1873 1742 1876
3 1874 1745 1740
3 1878 1745 1874
3 1880 1879 1746
3 1880 1746 1747
3 1743 1746 1877
3 1877 1746 1879
3 1748 1745 1881
3 1745 1882 1881
3 1745 1878 1882
3 1881 1750 1748
3 1884 1883 1751
3 1884 1751 1752
3 1747 1751 1880
3 1880 1751 1883
3 1882 1885 1881
3 1885 1887 1886
3 1885 1886 1753
3 1881 1885 1753
3 1750 1881 1753
3 1886 1755 1753
3 1889 1888 1756
3 1889 1756 1757
3 1752 1756 1884
3 1884 1756 1888
3 1887 1890 1886
3 1755 1886 1890
3 1891 1755 1890
3 1759 1755 1891
3 1761 1892 1762
3 1762 1892 1893
3 1894 1762 1893
3 1763 1762 1894
3 1757 1763 1889
3 1889 1763 1894
3 1764 1759 1895
3 1759 1896 1895
3 1759 1891 1896
3 1895 1766 1764
3 1768 1897 1767
3 1767 1897 1898
3 1899 1767 1898
3 1769 1767 1899
3 1769 1900 1770
3 1899 1900 1769
3 1761 1770 1892
3 1770 1901 1892
3 1770 1900 1901
3 1892 1901 1893
3 1896 1902 1895
3 1902 1904 1903
3 1902 1903 1771
3 1895 1902 1771
3 1766 1895 1771
3 1903 1773 1771
3 1775 1905 1774
3 1905 1906 1774
3 1774 1906 1768
3 1906 1907 1768
3 1907 1897 1768
3 1897 1907 1898
3 1904 1908 1903
3 1903 1908 1773
3 1908 1776 1773
3 1908 1909 1776
3 1776 1910 1777
3 1909 1910 1776
3 1777 1911 1778
3 1910 1911 1777
3 1775 1778 1905
3 1778 1912 1905
3 1778 1911 1912
3 1905 1912 1906
3 1913 1785 1786
3 1787 1914 1786
3 1786 1914 1913
3 1788 1915 1787
3 1787 1915 1914
3 1789 1916 1788
3 1788 1916 1915
3 1790 1917 1789
3 1789 1917 1916
3 1791 1917 1790
3 1918 1796 1797
3 1798 1919 1797
3 1797 1919 1918
3 1920 1919 1798
3 1920 1798 1785
3 1921 1920 1785
3 1913 1921 1785
3 1921 1913 1914
3 1921 1914 1922
3 1922 1914 1915
3 1922 1915 1923
3 1923 1915 1916
3 1923 1916 1924
3 1926 1925 1924
3 1916 1926 1924
3 1917 1926 1916
3 1799 1927 1791
3 1927 1917 1791
3 1927 1926 1917
3 1800 1927 1799
3 1928 1804 1918
3 1918 1804 1796
3 1919 1930 1929
3 1928 1919 1929
3 1918 1919 1928
3 1930 1919 1920
3 1931 1925 1926
3 1931 1926 1927
3 1931 1927 1932
3 1934 1932 1933
3 1933 1932 1805
3 1932 1927 1805
3 1927 1800 1805
3 1806 1935 1805
3 1805 1935 1933
3 1807 1936 1806
3 1806 1936 1935
3 1808 1936 1807
3 1937 1810 1811
3 1938 1937 1811
3 1938 1811 1804
3 1939 1938 1804
3 1928 1939 1804
3 1939 1928 1929
3 1940 1934 1933
3 1940 1933 1935
3 1940 1935 1941
3 1941 1935 1936
3 1941 1936 1942
3 1944 1942 1943
3 1943 1942 1812
3 1942 1936 1812
3 1936 1808 1812
3 1813 1943 1812
3 1945 1816 1937
3 1937 1816 1810
3 1937 1938 1946
3 1937 1946 1945
3 1947 1944 1943
3 1943 1813 1947
3 1813 1948 1947
3 1813 1817 1948
3 1949 1819 1820
3 1950 1949 1820
3 1950 1820 1816
3 1951 1950 1816
3 1945 1951 1816
3 1951 1945 1946
3 1817 1821 1952
3 1953 1817 1952
3 1948 1817 1953
3 1822 1952 1821
3 1955 1954 1825
3 1825 1954 1824
3 1956 1825 1826
3 1956 1955 1825
3 1826 1819 1949
3 1957 1826 1949
3 1956 1826 1957
3 1957 1949 1950
3 1958 1953 1952
3 1952 1822 1958
3 1822 1959 1958
3 1822 1827 1959
3 1961 1960 1829
3 1829 1960 1828
3 1829 1824 1954
3 1829 1954 1961
3 1830 1959 1827
3 1830 1962 1959
3 1964 1963 1832
3 1832 1963 1831
3 1832 1828 1960
3 1832 1960 1964
3 1833 1962 1830
3 1833 1965 1962
3 1963 1835 1831
3 1966 1835 1963
3 1836 1965 1833
3 1836 1967 1965
3 1969 1968 1838
3 1838 1968 1837
3 1838 1835 1966
3 1838 1966 1969
3 1839 1971 1970
3 1967 1839 1970
3 1836 1839 1967
3 1971 1972 1970
3 1974 1973 1841
3 1841 1973 1840
3 1841 1837 1968
3 1841 1968 1974
3 1976 1975 1971
3 1839 1976 1971
3 1842 1976 1839
3 1971 1975 1972
3 1973 1843 1840
3 1977 1843 1973
3 1845 1976 1842
3 1845 1978 1976
3 1977 1847 1843
3 1979 1847 1977
3 1849 1980 1848
3 1980 1981 1848
3 1981 1845 1848
3 1981 1978 1845
3 1983 1982 1851
3 1851 1982 1850
3 1851 1847 1979
3 1851 1979 1983
3 1985 1984 1980
3 1849 1985 1980
3 1852 1985 1849
3 1980 1984 1981
3 1982 1854 1850
3 1986 1854 1982
3 1856 1987 1855
3 1987 1988 1855
3 1988 1852 1855
3 1988 1985 1852
3 1986 1989 1854
3 1854 1989 1857
3 1858 1857 1989
3 1858 1989 1990
3 1992 1991 1987
3 1856 1992 1987
3 1860 1992 1856
3 1987 1991 1988
3 1990 1861 1858
3 1993 1861 1990
3 1995 1994 1862
3 1995 1862 1863
3 1860 1862 1992
3 1992 1862 1994
3 1993 1864 1861
3 1996 1864 1993
3 1866 1997 1865
3 1997 1998 1865
3 1998 1863 1865
3 1998 1995 1863
3 2000 1999 1868
3 1868 1999 1867
3 1868 1864 1996
3 1868 1996 2000
3 1870 2001 1869
3 2001 2002 1869
3 1869 2002 1866
3 2002 2003 1866
3 2003 1997 1866
3 1997 2003 1998
3 1999 1871 1867
3 2004 1871 1999
3 1873 2005 1872
3 2005 2006 1872
3 1872 2006 1870
3 2006 2007 1870
3 2007 2001 1870
3 2001 2007 2002
3 2009 2008 1875
3 1875 2008 1874
3 1875 1871 2004
3 1875 2004 2009
3 1877 2010 1876
3 2010 2011 1876
3 1876 2011 1873
3 2011 2012 1873
3 2012 2005 1873
3 2005 2012 2006
3 2008 1878 1874
3 2013 1878 2008
3 1880 2014 1879
3 2014 2015 1879
3 1879 2015 1877
3 2015 2016 1877
3 2016 2010 1877
3 2010 2016 2011
3 2013 1882 1878
3 2017 1882 2013
3 1884 2018 1883
3 2018 2019 1883
3 1883 2019 1880
3 2019 2020 1880
3 2020 2014 1880
3 2014 2020 2015
3 2017 2021 1882
3 1882 2021 1885
3 1887 1885 2021
3 1887 2021 2022
3 1889 2023 1888
3 2023 2024 1888
3 1888 2024 1884
3 2024 2025 1884
3 2025 2018 1884
3 2018 2025 2019
3 1890 1887 2026
3 1887 2027 2026
3 1887 2022 2027
3 2026 1891 1890
3 2029 2028 1894
3 2029 1894 1893
3 1889 1894 2023
3 1894 2030 2023
3 1894 2028 2030
3 2023 2030 2024
3 2027 2031 2026
3 1891 2026 2031
3 2032 1891 2031
3 1896 1891 2032
3 1898 2033 1899
3 1899 2033 2034
3 2035 1899 2034
3 1900 1899 2035
3 1900 2036 1901
3 2035 2036 1900
3 1893 1901 2029
3 2029 1901 2036
3 2032 2037 1896
3 1896 2037 1902
3 1904 1902 2037
3 1904 2037 2038
3 2040 2039 1907
3 2040 1907 1906
3 1898 1907 2033
3 1907 2041 2033
3 1907 2039 2041
3 2033 2041 2034
3 2038 2042 1904
3 1904 2042 1908
3 1908 2043 1909
3 2042 2043 1908
3 1909 2044 1910
3 2043 2044 1909
3 1910 2045 1911
3 2044 2045 1910
3 1911 2046 1912
3 2045 2046 1911
3 1906 1912 2040
3 2040 1912 2046
3 2047 1920 1921
3 1922 2048 1921
3 1921 2048 2047
3 1923 2049 1922
3 1922 2049 2048
3 1924 2050 1923
3 1923 2050 2049
3 1925 2050 1924
3 2051 1929 1930
3 2052 2051 1930
3 2052 1930 1920
3 2053 2052 1920
3 2047 2053 1920
3 2053 2047 2048
3 2053 2048 2054
3 2054 2048 2049
3 2054 2049 2055
3 2055 2049 2050
3 2055 2050 2056
3 2056 2050 1925
3 1931 2056 1925
3 2057 2056 1931
3 2059 2057 2058
3 2057 1932 2058
3 2057 1931 1932
3 1934 2058 1932
3 2060 1938 1939
3 2061 2060 1939
3 2061 1939 1929
3 2062 2061 1929
3 2051 2062 1929
3 2062 2051 2052
3 2063 2059 2058
3 2063 2058 1934
3 1940 2063 1934
3 2064 2063 1940
3 2065 1940 1941
3 2065 2064 1940
3 2067 2065 2066
3 2065 1942 2066
3 2065 1941 1942
3 1944 2066 1942
3 2068 1946 2060
3 2060 1946 1938
3 2060 2061 2069
3 2060 2069 2068
3 2070 2067 2066
3 2072 2070 2071
3 2071 2070 1947
3 2070 2066 1947
3 2066 1944 1947
3 1948 2071 1947
3 2073 1950 1951
3 2074 2073 1951
3 2074 1951 1946
3 2075 2074 1946
3 2068 2075 1946
3 2075 2068 2069
3 2072 2071 2076
3 2072 2076 2077
3 1953 2076 1948
3 1948 2076 2071
3 2078 1954 1955
3 2078 1955 2079
3 1955 2080 2079
3 1955 1956 2080
3 2081 1956 1957
3 2081 2080 1956
3 1957 1950 2073
3 2082 1957 2073
3 2081 1957 2082
3 2082 2073 2074
3 2083 2077 2076
3 2085 2083 2084
3 2084 2083 1958
3 2083 2076 1958
3 2076 1953 1958
3 1959 2084 1958
3 2086 1960 1961
3 2087 2086 1961
3 2087 1961 1954
3 2088 2087 1954
3 2078 2088 1954
3 2088 2078 2079
3 2085 2084 2089
3 2085 2089 2090
3 1962 2089 1959
3 1959 2089 2084
3 2091 1963 1964
3 2092 2091 1964
3 2092 1964 1960
3 2093 2092 1960
3 2086 2093 1960
3 2093 2086 2087
3 2094 2090 2089
3 2089 1962 2094
3 1962 2095 2094
3 1962 1965 2095
3 2097 2096 2091
3 2096 1963 2091
3 2096 1966 1963
3 2097 2091 2092
3 1967 2095 1965
3 1967 2098 2095
3 2100 2099 1969
3 1969 2099 1968
3 1969 1966 2096
3 1969 2096 2100
3 1967 1970 2101
3 2102 1967 2101
3 2098 1967 2102
3 1972 2101 1970
3 2104 2103 1974
3 1974 2103 1973
3 1974 1968 2099
3 1974 2099 2104
3 2102 2101 1975
3 1976 2102 1975
3 2105 2102 1976
3 1975 2101 1972
3 2103 1977 1973
3 2106 1977 2103
3 1978 2105 1976
3 1978 2107 2105
3 2106 1979 1977
3 2108 1979 2106
3 1981 2107 1978
3 1981 2109 2107
3 2111 2110 1983
3 1983 2110 1982
3 1983 1979 2108
3 1983 2108 2111
3 1985 2112 1984
3 2112 2113 1984
3 2113 1981 1984
3 2113 2109 1981
3 2110 1986 1982
3 2114 1986 2110
3 2116 2115 2112
3 1985 2116 2112
3 1988 2116 1985
3 2112 2115 2113
3 2114 2117 1986
3 1986 2117 1989
3 1990 1989 2117
3 1990 2117 2118
3 1992 2119 1991
3 2119 2120 1991
3 2120 1988 1991
3 2120 2116 1988
3 2118 1993 1990
3 2121 1993 2118
3 1995 2122 1994
3 2122 2123 1994
3 1994 2123 1992
3 2123 2124 1992
3 2124 2119 1992
3 2119 2124 2120
3 2121 1996 1993
3 2125 1996 2121
3 2127 2126 2122
3 1995 2127 2122
3 1998 2127 1995
3 2122 2126 2123
3 2128 1999 2000
3 2129 2128 2000
3 1996 2129 2000
3 2125 2129 1996
3 2131 2130 2003
3 2131 2003 2002
3 1998 2003 2127
3 2127 2003 2130
3 2133 2132 2128
3 2132 1999 2128
3 2132 2004 1999
3 2133 2128 2129
3 2006 2134 2007
3 2134 2135 2007
3 2135 2002 2007
3 2135 2131 2002
3 2137 2136 2009
3 2009 2136 2008
3 2009 2004 2132
3 2009 2132 2137
3 2011 2138 2012
3 2138 2139 2012
3 2012 2139 2006
3 2139 2140 2006
3 2140 2134 2006
3 2134 2140 2135
3 2136 2013 2008
3 2141 2013 2136
3 2143 2142 2016
3 2143 2016 2015
3 2011 2016 2138
3 2016 2144 2138
3 2016 2142 2144
3 2138 2144 2139
3 2141 2017 2013
3 2145 2017 2141
3 2147 2146 2020
3 2147 2020 2019
3 2015 2020 2143
3 2143 2020 2146
3 2145 2148 2017
3 2017 2148 2021
3 2022 2021 2148
3 2022 2148 2149
3 2151 2150 2025
3 2151 2025 2024
3 2019 2025 2147
3 2147 2025 2150
3 2149 2027 2022
3 2152 2027 2149
3 2154 2153 2028
3 2154 2028 2029
3 2028 2155 2030
3 2153 2155 2028
3 2024 2030 2151
3 2151 2030 2155
3 2152 2156 2027
3 2027 2156 2031
3 2032 2031 2156
3 2032 2156 2157
3 2159 2158 2035
3 2159 2035 2034
3 2035 2160 2036
3 2158 2160 2035
3 2029 2036 2154
3 2154 2036 2160
3 2157 2161 2032
3 2032 2161 2037
3 2038 2037 2161
3 2038 2161 2162
3 2040 2163 2039
3 2039 2163 2164
3 2165 2039 2164
3 2041 2039 2165
3 2034 2041 2159
3 2159 2041 2165
3 2162 2166 2038
3 2038 2166 2042
3 2042 2167 2043
3 2166 2167 2042
3 2043 2168 2044
3 2167 2168 2043
3 2044 2169 2045
3 2168 2169 2044
3 2045 2170 2046
3 2169 2170 2045
3 2040 2046 2163
3 2046 2171 2163
3 2046 2170 2171
3 2163 2171 2164
3 2172 2052 2053
3 2054 2173 2053
3 2053 2173 2172
3 2055 2174 2054
3 2054 2174 2173
3 2056 2175 2055
3 2055 2175 2174
3 2057 2176 2056
3 2056 2176 2175
3 2059 2176 2057
3 2177 2061 2062
3 2052 2172 2062
3 2172 2177 2062
3 2172 2178 2177
3 2179 2172 2173
3 2178 2172 2179
3 2174 2181 2180
3 2179 2174 2180
3 2173 2174 2179
3 2181 2174 2175
3 2181 2175 2182
3 2182 2175 2176
3 2182 2176 2183
3 2183 2176 2059
3 2063 2183 2059
3 2184 2183 2063
3 2185 2063 2064
3 2185 2184 2063
3 2187 2185 2186
3 2185 2065 2186
3 2185 2064 2065
3 2067 2186 2065
3 2188 2069 2177
3 2177 2069 2061
3 2178 2190 2189
3 2188 2178 2189
3 2177 2178 2188
3 2190 2178 2179
3 2190 2179 2191
3 2191 2179 2180
3 2192 2187 2186
3 2194 2192 2193
3 2193 2192 2070
3 2192 2186 2070
3 2186 2067 2070
3 2072 2193 2070
3 2195 2074 2075
3 2196 2195 2075
3 2196 2075 2069
3 2197 2196 2069
3 2188 2197 2069
3 2197 2188 2189
3 2198 2194 2193
3 2193 2072 2198
3 2072 2199 2198
3 2072 2077 2199
3 2200 2079 2080
3 2081 2201 2080
3 2080 2201 2200
3 2201 2081 2202
3 2081 2203 2202
3 2081 2082 2203
3 2082 2074 2195
3 2204 2082 2195
3 2203 2082 2204
3 2204 2195 2196
3 2077 2083 2205
3 2206 2077 2205
3 2199 2077 2206
3 2085 2205 2083
3 2207 2087 2088
3 2208 2207 2088
3 2208 2088 2079
3 2209 2208 2079
3 2200 2209 2079
3 2209 2200 2201
3 2209 2201 2210
3 2210 2201 2202
3 2206 2205 2211
3 2206 2211 2212
3 2090 2211 2085
3 2085 2211 2205
3 2213 2092 2093
3 2214 2213 2093
3 2214 2093 2087
3 2215 2214 2087
3 2207 2215 2087
3 2215 2207 2208
3 2212 2211 2216
3 2212 2216 2217
3 2094 2218 2090
3 2218 2211 2090
3 2218 2216 2211
3 2095 2218 2094
3 2220 2219 2097
3 2097 2219 2096
3 2097 2092 2213
3 2221 2097 2213
3 2220 2097 2221
3 2221 2213 2214
3 2222 2217 2216
3 2224 2223 2222
3 2216 2224 2222
3 2218 2224 2216
3 2098 2224 2095
3 2095 2224 2218
3 2226 2225 2100
3 2100 2225 2099
3 2100 2096 2219
3 2100 2219 2226
3 2223 2224 2227
3 2223 2227 2228
3 2102 2227 2098
3 2098 2227 2224
3 2230 2229 2104
3 2104 2229 2103
3 2104 2099 2225
3 2104 2225 2230
3 2231 2228 2227
3 2227 2102 2231
3 2102 2232 2231
3 2102 2105 2232
3 2229 2106 2103
3 2233 2106 2229
3 2236 2235 2234
3 2235 2232 2234
3 2232 2107 2234
3 2232 2105 2107
3 2233 2108 2106
3 2237 2108 2233
3 2236 2234 2238
3 2236 2238 2239
3 2109 2238 2107
3 2107 2238 2234
3 2241 2240 2111
3 2111 2240 2110
3 2111 2108 2237
3 2111 2237 2241
3 2239 2238 2242
3 2239 2242 2243
3 2113 2242 2109
3 2109 2242 2238
3 2240 2114 2110
3 2244 2114 2240
3 2243 2242 2115
3 2116 2243 2115
3 2245 2243 2116
3 2115 2242 2113
3 2244 2246 2114
3 2114 2246 2117
3 2118 2117 2246
3 2118 2246 2247
3 2120 2245 2116
3 2120 2248 2245
3 2247 2121 2118
3 2249 2121 2247
3 2251 2250 2124
3 2251 2124 2123
3 2120 2124 2248
3 2248 2124 2250
3 2249 2125 2121
3 2252 2125 2249
3 2127 2253 2126
3 2253 2254 2126
3 2254 2123 2126
3 2254 2251 2123
3 2252 2129 2125
3 2255 2129 2252
3 2131 2256 2130
3 2256 2257 2130
3 2130 2257 2127
3 2257 2258 2127
3 2258 2253 2127
3 2253 2258 2254
3 2260 2259 2133
3 2133 2259 2132
3 2133 2129 2255
3 2133 2255 2260
3 2262 2261 2256
3 2131 2262 2256
3 2135 2262 2131
3 2256 2261 2257
3 2265 2264 2263
3 2136 2137 2263
3 2137 2265 2263
3 2137 2266 2265
3 2137 2132 2259
3 2137 2259 2266
3 2268 2267 2140
3 2268 2140 2139
3 2135 2140 2262
3 2262 2140 2267
3 2264 2269 2263
3 2136 2263 2269
3 2270 2136 2269
3 2141 2136 2270
3 2143 2271 2142
3 2142 2271 2272
3 2273 2142 2272
3 2144 2142 2273
3 2139 2144 2268
3 2268 2144 2273
3 2270 2145 2141
3 2274 2145 2270
3 2276 2275 2146
3 2276 2146 2147
3 2143 2146 2271
3 2146 2277 2271
3 2146 2275 2277
3 2271 2277 2272
3 2148 2145 2278
3 2145 2279 2278
3 2145 2274 2279
3 2278 2149 2148
3 2281 2280 2150
3 2281 2150 2151
3 2147 2150 2276
3 2276 2150 2280
3 2279 2282 2278
3 2149 2278 2282
3 2283 2149 2282
3 2152 2149 2283
3 2285 2284 2153
3 2285 2153 2154
3 2153 2286 2155
3 2284 2286 2153
3 2151 2155 2281
3 2281 2155 2286
3 2283 2287 2152
3 2152 2287 2156
3 2157 2156 2287
3 2157 2287 2288
3 2290 2289 2158
3 2290 2158 2159
3 2158 2291 2160
3 2289 2291 2158
3 2154 2160 2285
3 2285 2160 2291
3 2288 2292 2157
3 2157 2292 2161
3 2162 2161 2292
3 2162 2292 2293
3 2295 2294 2165
3 2295 2165 2164
3 2159 2165 2290
3 2290 2165 2294
3 2293 2296 2162
3 2162 2296 2166
3 2166 2297 2167
3 2296 2297 2166
3 2167 2298 2168
3 2297 2298 2167
3 2168 2299 2169
3 2298 2299 2168
3 2169 2300 2170
3 2299 2300 2169
3 2170 2301 2171
3 2300 2301 2170
3 2164 2171 2295
3 2295 2171 2301
3 2302 2180 2181
3 2182 2303 2181
3 2181 2303 2302
3 2183 2304 2182
3 2182 2304 2303
3 2184 2305 2183
3 2183 2305 2304
3 2185 2306 2184
3 2184 2306 2305
3 2187 2306 2185
3 2307 2189 2190
3 2191 2308 2190
3 2190 2308 2307
3 2309 2308 2191
3 2309 2191 2180
3 2310 2309 2180
3 2302 2310 2180
3 2310 2302 2303
3 2310 2303 2311
3 2311 2303 2304
3 2311 2304 2312
3 2312 2304 2305
3 2312 2305 2313
3 2313 2305 2306
3 2313 2306 2314
3 2314 2306 2187
3 2192 2314 2187
3 2315 2314 2192
3 2192 2194 2315
3 2315 2194 2316
3 2317 2196 2197
3 2318 2317 2197
3 2318 2197 2189
3 2319 2318 2189
3 2307 2319 2189
3 2319 2307 2308
3 2319 2308 2320
3 2320 2308 2309
3 2321 2316 2194
3 2321 2194 2198
3 2198 2199 2321
3 2321 2199 2322
3 2323 2202 2203
3 2204 2324 2203
3 2203 2324 2323
3 2325 2324 2204
3 2325 2204 2196
3 2326 2325 2196
3 2317 2326 2196
3 2326 2317 2318
3 2206 2322 2199
3 2206 2327 2322
3 2328 2208 2209
3 2210 2329 2209
3 2209 2329 2328
3 2330 2329 2210
3 2330 2210 2202
3 2331 2330 2202
3 2323 2331 2202
3 2331 2323 2324
3 2331 2324 2332
3 2332 2324 2325
3 2212 2327 2206
3 2212 2333 2327
3 2334 2214 2215
3 2335 2334 2215
3 2335 2215 2208
3 2336 2335 2208
3 2328 2336 2208
3 2336 2328 2329
3 2336 2329 2337
3 2337 2329 2330
3 2217 2333 2212
3 2217 2338 2333
3 2339 2219 2220
3 2339 2220 2340
3 2220 2341 2340
3 2220 2221 2341
3 2221 2214 2334
3 2342 2221 2334
3 2341 2221 2342
3 2342 2334 2335
3 2217 2222 2343
3 2344 2217 2343
3 2338 2217 2344
3 2223 2343 2222
3 2346 2345 2226
3 2226 2345 2225
3 2226 2219 2339
3 2347 2226 2339
3 2346 2226 2347
3 2347 2339 2340
3 2344 2343 2348
3 2344 2348 2349
3 2228 2348 2223
3 2223 2348 2343
3 2351 2350 2230
3 2230 2350 2229
3 2230 2225 2345
3 2230 2345 2351
3 2349 2348 2352
3 2349 2352 2353
3 2231 2354 2228
3 2354 2348 2228
3 2354 2352 2348
3 2232 2354 2231
3 2350 2233 2229
3 2355 2233 2350
3 2353 2352 2356
3 2353 2356 2357
3 2236 2356 2235
3 2356 2354 2235
3 2356 2352 2354
3 2235 2354 2232
3 2360 2359 2358
3 2355 2360 2358
3 2237 2355 2358
3 2233 2355 2237
3 2357 2356 2361
3 2357 2361 2362
3 2239 2361 2236
3 2236 2361 2356
3 2358 2359 2241
3 2359 2240 2241
3 2359 2363 2240
3 2358 2241 2237
3 2362 2361 2364
3 2362 2364 2365
3 2243 2364 2239
3 2239 2364 2361
3 2363 2244 2240
3 2366 2244 2363
3 2365 2364 2367
3 2365 2367 2368
3 2245 2367 2243
3 2243 2367 2364
3 2366 2369 2244
3 2244 2369 2246
3 2247 2246 2369
3 2247 2369 2370
3 2368 2367 2371
3 2368 2371 2372
3 2248 2371 2245
3 2245 2371 2367
3 2370 2249 2247
3 2373 2249 2370
3 2372 2371 2250
3 2251 2372 2250
3 2374 2372 2251
3 2250 2371 2248
3 2373 2252 2249
3 2375 2252 2373
3 2254 2374 2251
3 2254 2376 2374
3 2375 2255 2252
3 2377 2255 2375
3 2379 2378 2258
3 2379 2258 2257
3 2254 2258 2376
3 2376 2258 2378
3 2381 2380 2260
3 2260 2380 2259
3 2260 2255 2377
3 2260 2377 2381
3 2383 2382 2261
3 2383 2261 2262
3 2257 2261 2379
3 2379 2261 2382
3 2385 2384 2265
3 2265 2384 2264
3 2386 2265 2266
3 2386 2385 2265
3 2266 2259 2380
3 2266 2380 2386
3 2388 2387 2267
3 2388 2267 2268
3 2262 2267 2383
3 2383 2267 2387
3 2384 2389 2264
3 2264 2389 2269
3 2270 2269 2389
3 2270 2389 2390
3 2392 2391 2273
3 2392 2273 2272
3 2268 2273 2388
3 2388 2273 2391
3 2390 2274 2270
3 2393 2274 2390
3 2395 2394 2275
3 2395 2275 2276
3 2275 2396 2277
3 2394 2396 2275
3 2272 2277 2392
3 2392 2277 2396
3 2393 2279 2274
3 2397 2279 2393
3 2400 2399 2398
3 2280 2281 2398
3 2399 2280 2398
3 2401 2280 2399
3 2276 2280 2395
3 2395 2280 2401
3 2397 2402 2279
3 2279 2402 2282
3 2283 2282 2402
3 2283 2402 2403
3 2405 2404 2284
3 2405 2284 2285
3 2398 2286 2400
3 2286 2404 2400
3 2286 2284 2404
3 2286 2398 2281
3 2403 2406 2283
3 2283 2406 2287
3 2288 2287 2406
3 2288 2406 2407
3 2409 2408 2289
3 2409 2289 2290
3 2289 2410 2291
3 2408 2410 2289
3 2285 2291 2405
3 2405 2291 2410
3 2407 2411 2288
3 2288 2411 2292
3 2293 2292 2411
3 2293 2411 2412
3 2415 2414 2413
3 2294 2295 2413
3 2414 2294 2413
3 2416 2294 2414
3 2290 2294 2409
3 2409 2294 2416
3 2412 2417 2293
3 2293 2417 2296
3 2296 2418 2297
3 2417 2418 2296
3 2297 2419 2298
3 2418 2419 2297
3 2298 2420 2299
3 2419 2420 2298
3 2299 2421 2300
3 2420 2421 2299
3 2413 2301 2415
3 2301 2421 2415
3 2301 2300 2421
3 2301 2413 2295
3 2422 2309 2310
3 2311 2423 2310
3 2310 2423 2422
3 2312 2424 2311
3 2311 2424 2423
3 2313 2425 2312
3 2312 2425 2424
3 2314 2426 2313
3 2313 2426 2425
3 2315 2427 2314
3 2314 2427 2426
3 2316 2427 2315
3 2428 2318 2319
3 2320 2429 2319
3 2319 2429 2428
3 2309 2422 2320
3 2422 2429 2320
3 2422 2430 2429
3 2431 2422 2423
3 2430 2422 2431
3 2432 2423 2424
3 2431 2423 2432
3 2425 2434 2433
3 2432 2425 2433
3 2424 2425 2432
3 2434 2425 2426
3 2434 2426 2435
3 2437 2436 2435
3 2426 2437 2435
3 2427 2437 2426
3 2321 2438 2316
3 2438 2427 2316
3 2438 2437 2427
3 2322 2438 2321
3 2439 2325 2326
3 2318 2428 2326
3 2428 2439 2326
3 2428 2440 2439
3 2441 2428 2429
3 2440 2428 2441
3 2442 2429 2430
3 2441 2429 2442
3 2431 2444 2443
3 2442 2431 2443
3 2430 2431 2442
3 2444 2431 2432
3 2444 2432 2445
3 2445 2432 2433
3 2446 2436 2437
3 2448 2447 2446
3 2437 2448 2446
3 2438 2448 2437
3 2327 2448 2322
3 2322 2448 2438
3 2449 2330 2331
3 2332 2450 2331
3 2331 2450 2449
3 2325 2439 2332
3 2439 2450 2332
3 2439 2451 2450
3 2452 2439 2440
3 2451 2439 2452
3 2453 2440 2441
3 2452 2440 2453
3 2442 2455 2454
3 2453 2442 2454
3 2441 2442 2453
3 2455 2442 2443
3 2447 2448 2456
3 2447 2456 2457
3 2333 2456 2327
3 2327 2456 2448
3 2458 2335 2336
3 2337 2459 2336
3 2336 2459 2458
3 2330 2449 2337
3 2449 2459 2337
3 2449 2460 2459
3 2461 2449 2450
3 2460 2449 2461
3 2462 2450 2451
3 2461 2450 2462
3 2463 2451 2452
3 2462 2451 2463
3 2464 2452 2453
3 2463 2452 2464
3 2453 2454 2465
3 2453 2465 2464
3 2457 2456 2466
3 2457 2466 2467
3 2338 2466 2333
3 2333 2466 2456
3 2468 2340 2341
3 2468 2341 2469
3 2341 2470 2469
3 2341 2342 2470
3 2342 2335 2458
3 2471 2342 2458
3 2470 2342 2471
3 2471 2458 2459
3 2471 2459 2472
3 2472 2459 2460
3 2472 2460 2473
3 2473 2460 2461
3 2473 2461 2474
3 2474 2461 2462
3 2474 2462 2475
3 2475 2462 2463
3 2475 2463 2476
3 2476 2463 2464
3 2476 2464 2477
3 2477 2464 2465
3 2467 2466 2478
3 2467 2478 2479
3 2344 2478 2338
3 2338 2478 2466
3 2481 2480 2346
3 2346 2480 2345
3 2482 2346 2347
3 2482 2481 2346
3 2347 2340 2468
3 2483 2347 2468
3 2482 2347 2483
3 2483 2468 2469
3 2484 2479 2478
3 2478 2344 2484
3 2344 2485 2484
3 2344 2349 2485
3 2487 2486 2351
3 2351 2486 2350
3 2351 2345 2480
3 2351 2480 2487
3 2353 2485 2349
3 2353 2488 2485
3 2486 2355 2350
3 2489 2355 2486
3 2357 2488 2353
3 2357 2490 2488
3 2492 2491 2360
3 2360 2491 2359
3 2360 2355 2489
3 2360 2489 2492
3 2362 2490 2357
3 2362 2493 2490
3 2491 2363 2359
3 2494 2363 2491
3 2365 2493 2362
3 2365 2495 2493
3 2494 2366 2363
3 2496 2366 2494
3 2499 2498 2497
3 2498 2495 2497
3 2495 2368 2497
3 2495 2365 2368
3 2496 2500 2366
3 2366 2500 2369
3 2370 2369 2500
3 2370 2500 2501
3 2499 2497 2502
3 2499 2502 2503
3 2372 2502 2368
3 2368 2502 2497
3 2501 2373 2370
3 2504 2373 2501
3 2503 2502 2505
3 2503 2505 2506
3 2374 2505 2372
3 2372 2505 2502
3 2504 2375 2373
3 2507 2375 2504
3 2510 2509 2508
3 2508 2509 2506
3 2505 2508 2506
3 2511 2508 2505
3 2376 2511 2374
3 2374 2511 2505
3 2507 2377 2375
3 2512 2377 2507
3 2510 2508 2513
3 2510 2513 2514
3 2379 2513 2378
3 2513 2511 2378
3 2513 2508 2511
3 2378 2511 2376
3 2516 2515 2381
3 2381 2515 2380
3 2381 2377 2512
3 2381 2512 2516
3 2519 2518 2517
3 2517 2518 2514
3 2517 2514 2513
3 2383 2517 2513
3 2382 2383 2513
3 2382 2513 2379
3 2521 2520 2385
3 2385 2520 2384
3 2522 2385 2386
3 2522 2521 2385
3 2386 2380 2515
3 2386 2515 2522
3 2525 2524 2523
3 2523 2524 2519
3 2523 2519 2517
3 2388 2523 2517
3 2387 2388 2517
3 2387 2517 2383
3 2389 2384 2526
3 2384 2527 2526
3 2384 2520 2527
3 2526 2390 2389
3 2530 2529 2528
3 2528 2529 2525
3 2528 2525 2523
3 2392 2528 2523
3 2391 2392 2523
3 2391 2523 2388
3 2526 2527 2531
3 2531 2527 2532
3 2531 2393 2390
3 2531 2390 2526
3 2534 2533 2394
3 2534 2394 2395
3 2528 2396 2530
3 2396 2533 2530
3 2396 2394 2533
3 2396 2528 2392
3 2532 2535 2531
3 2393 2531 2535
3 2536 2393 2535
3 2397 2393 2536
3 2538 2537 2399
3 2538 2399 2400
3 2399 2539 2401
3 2537 2539 2399
3 2395 2401 2534
3 2534 2401 2539
3 2536 2540 2397
3 2397 2540 2402
3 2403 2402 2540
3 2403 2540 2541
3 2544 2543 2542
3 2404 2405 2542
3 2543 2404 2542
3 2545 2404 2543
3 2400 2404 2538
3 2538 2404 2545
3 2541 2546 2403
3 2403 2546 2406
3 2407 2406 2546
3 2407 2546 2547
3 2549 2548 2408
3 2549 2408 2409
3 2542 2410 2544
3 2410 2548 2544
3 2410 2408 2548
3 2410 2542 2405
3 2547 2550 2407
3 2407 2550 2411
3 2412 2411 2550
3 2412 2550 2551
3 2553 2552 2414
3 2553 2414 2415
3 2414 2554 2416
3 2552 2554 2414
3 2409 2416 2549
3 2549 2416 2554
3 2551 2555 2412
3 2412 2555 2417
3 2417 2556 2418
3 2555 2556 2417
3 2418 2557 2419
3 2556 2557 2418
3 2419 2558 2420
3 2557 2558 2419
3 2420 2559 2421
3 2558 2559 2420
3 2415 2421 2553
3 2553 2421 2559
3 2560 2433 2434
3 2435 2561 2434
3 2434 2561 2560
3 2436 2561 2435
3 2562 2443 2444
3 2445 2563 2444
3 2444 2563 2562
3 2433 2560 2445
3 2560 2563 2445
3 2560 2564 2563
3 2565 2560 2561
3 2564 2560 2565
3 2446 2566 2436
3 2566 2561 2436
3 2566 2565 2561
3 2447 2566 2446
3 2567 2454 2455
3 2443 2562 2455
3 2562 2567 2455
3 2562 2568 2567
3 2569 2562 2563
3 2568 2562 2569
3 2570 2563 2564
3 2569 2563 2570
3 2571 2564 2565
3 2570 2564 2571
3 2572 2565 2566
3 2571 2565 2572
3 2457 2572 2447
3 2447 2572 2566
3 2573 2465 2567
3 2567 2465 2454
3 2574 2567 2568
3 2573 2567 2574
3 2569 2576 2575
3 2574 2569 2575
3 2568 2569 2574
3 2576 2569 2570
3 2576 2570 2577
3 2579 2578 2577
3 2570 2579 2577
3 2571 2579 2570
3 2580 2571 2572
3 2579 2571 2580
3 2467 2580 2457
3 2457 2580 2572
3 2581 2469 2470
3 2471 2582 2470
3 2470 2582 2581
3 2472 2583 2471
3 2471 2583 2582
3 2473 2584 2472
3 2472 2584 2583
3 2474 2585 2473
3 2473 2585 2584
3 2475 2586 2474
3 2474 2586 2585
3 2476 2587 2475
3 2475 2587 2586
3 2477 2588 2476
3 2476 2588 2587
3 2589 2588 2477
3 2589 2477 2465
3 2590 2589 2465
3 2573 2590 2465
3 2590 2573 2574
3 2590 2574 2591
3 2591 2574 2575
3 2592 2578 2579
3 2594 2593 2592
3 2579 2594 2592
3 2580 2594 2579
3 2479 2594 2467
3 2467 2594 2580
3 2595 2480 2481
3 2482 2596 2481
3 2481 2596 2595
3 2596 2482 2597
3 2482 2598 2597
3 2482 2483 2598
3 2483 2469 2581
3 2599 2483 2581
3 2598 2483 2599
3 2599 2581 2582
3 2599 2582 2600
3 2600 2582 2583
3 2600 2583 2601
3 2601 2583 2584
3 2601 2584 2602
3 2602 2584 2585
3 2602 2585 2603
3 2603 2585 2586
3 2603 2586 2604
3 2604 2586 2587
3 2604 2587 2605
3 2605 2587 2588
3 2605 2588 2606
3 2606 2588 2589
3 2607 2593 2594
3 2609 2607 2608
3 2608 2607 2484
3 2607 2594 2484
3 2594 2479 2484
3 2485 2608 2484
3 2610 2486 2487
3 2611 2610 2487
3 2611 2487 2480
3 2612 2611 2480
3 2595 2612 2480
3 2612 2595 2596
3 2612 2596 2613
3 2613 2596 2597
3 2609 2608 2614
3 2609 2614 2615
3 2488 2614 2485
3 2485 2614 2608
3 2616 2489 2610
3 2610 2489 2486
3 2610 2611 2617
3 2610 2617 2616
3 2615 2614 2618
3 2615 2618 2619
3 2490 2618 2488
3 2488 2618 2614
3 2620 2491 2492
3 2621 2620 2492
3 2621 2492 2489
3 2622 2621 2489
3 2616 2622 2489
3 2622 2616 2617
3 2619 2618 2623
3 2619 2623 2624
3 2493 2623 2490
3 2490 2623 2618
3 2625 2494 2620
3 2620 2494 2491
3 2620 2621 2626
3 2620 2626 2625
3 2624 2623 2627
3 2624 2627 2628
3 2495 2627 2493
3 2493 2627 2623
3 2629 2496 2625
3 2625 2496 2494
3 2625 2626 2630
3 2625 2630 2629
3 2628 2627 2498
3 2499 2628 2498
3 2631 2628 2499
3 2498 2627 2495
3 2629 2500 2496
3 2501 2500 2629
3 2630 2501 2629
3 2632 2501 2630
3 2635 2634 2633
3 2634 2631 2633
3 2631 2503 2633
3 2631 2499 2503
3 2637 2504 2636
3 2504 2632 2636
3 2504 2501 2632
3 2638 2637 2636
3 2635 2633 2639
3 2635 2639 2640
3 2506 2639 2503
3 2503 2639 2633
3 2641 2507 2637
3 2637 2507 2504
3 2637 2638 2642
3 2637 2642 2641
3 2640 2639 2509
3 2510 2640 2509
3 2643 2640 2510
3 2509 2639 2506
3 2644 2512 2641
3 2641 2512 2507
3 2641 2642 2645
3 2641 2645 2644
3 2648 2647 2646
3 2647 2643 2646
3 2643 2514 2646
3 2643 2510 2514
3 2649 2515 2516
3 2650 2649 2516
3 2650 2516 2512
3 2651 2650 2512
3 2644 2651 2512
3 2651 2644 2645
3 2654 2653 2652
3 2652 2653 2648
3 2652 2648 2646
3 2519 2652 2646
3 2518 2519 2646
3 2518 2646 2514
3 2656 2655 2521
3 2521 2655 2520
3 2657 2521 2522
3 2657 2656 2521
3 2522 2515 2649
3 2658 2522 2649
3 2657 2522 2658
3 2658 2649 2650
3 2654 2652 2524
3 2525 2654 2524
3 2659 2654 2525
3 2524 2652 2519
3 2655 2527 2520
3 2660 2527 2655
3 2662 2661 2529
3 2662 2529 2530
3 2525 2529 2659
3 2659 2529 2661
3 2660 2532 2527
3 2663 2532 2660
3 2665 2664 2533
3 2665 2533 2534
3 2530 2533 2662
3 2662 2533 2664
3 2663 2666 2532
3 2532 2666 2535
3 2536 2535 2666
3 2536 2666 2667
3 2670 2669 2668
3 2537 2538 2668
3 2669 2537 2668
3 2671 2537 2669
3 2537 2672 2539
3 2671 2672 2537
3 2534 2539 2665
3 2665 2539 2672
3 2667 2673 2536
3 2536 2673 2540
3 2541 2540 2673
3 2541 2673 2674
3 2676 2675 2543
3 2676 2543 2544
3 2668 2545 2670
3 2545 2675 2670
3 2545 2543 2675
3 2545 2668 2538
3 2674 2677 2541
3 2541 2677 2546
3 2547 2546 2677
3 2547 2677 2678
3 2680 2679 2548
3 2680 2548 2549
3 2544 2548 2676
3 2676 2548 2679
3 2678 2681 2547
3 2547 2681 2550
3 2683 2682 2551
3 2550 2683 2551
3 2681 2683 2550
3 2684 2682 2683
3 2687 2686 2685
3 2552 2553 2685
3 2686 2552 2685
3 2688 2552 2686
3 2552 2689 2554
3 2688 2689 2552
3 2549 2554 2680
3 2680 2554 2689
3 2682 2555 2551
3 2684 2690 2682
3 2690 2555 2682
3 2690 2556 2555
3 2556 2691 2557
3 2690 2691 2556
3 2557 2692 2558
3 2691 2692 2557
3 2685 2559 2687
3 2559 2692 2687
3 2559 2558 2692
3 2559 2685 2553
3 2693 2575 2576
3 2577 2694 2576
3 2576 2694 2693
3 2578 2694 2577
3 2695 2589 2590
3 2591 2696 2590
3 2590 2696 2695
3 2575 2693 2591
3 2693 2696 2591
3 2693 2697 2696
3 2698 2693 2694
3 2697 2693 2698
3 2592 2699 2578
3 2699 2694 2578
3 2699 2698 2694
3 2593 2699 2592
3 2700 2597 2598
3 2599 2701 2598
3 2598 2701 2700
3 2600 2702 2599
3 2599 2702 2701
3 2702 2600 2703
3 2600 2704 2703
3 2600 2601 2704
3 2706 2704 2705
3 2704 2602 2705
3 2704 2601 2602
3 2603 2707 2602
3 2602 2707 2705
3 2604 2708 2603
3 2603 2708 2707
3 2605 2709 2604
3 2604 2709 2708
3 2606 2710 2605
3 2605 2710 2709
3 2711 2710 2606
3 2711 2606 2589
3 2712 2711 2589
3 2695 2712 2589
3 2712 2695 2696
3 2712 2696 2713
3 2713 2696 2697
3 2713 2697 2714
3 2716 2715 2714
3 2697 2716 2714
3 2698 2716 2697
3 2717 2698 2699
3 2716 2698 2717
3 2607 2718 2593
3 2718 2699 2593
3 2718 2717 2699
3 2609 2718 2607
3 2719 2611 2612
3 2613 2720 2612
3 2612 2720 2719
3 2721 2720 2613
3 2721 2613 2597
3 2722 2721 2597
3 2700 2722 2597
3 2722 2700 2701
3 2722 2701 2723
3 2723 2701 2702
3 2723 2702 2724
3 2724 2702 2703
3 2725 2706 2705
3 2725 2705 2707
3 2725 2707 2726
3 2726 2707 2708
3 2726 2708 2727
3 2727 2708 2709
3 2727 2709 2728
3 2728 2709 2710
3 2728 2710 2729
3 2729 2710 2711
3 2730 2715 2716
3 2732 2731 2730
3 2716 2732 2730
3 2717 2732 2716
3 2733 2717 2718
3 2732 2717 2733
3 2615 2733 2609
3 2609 2733 2718
3 2734 2617 2719
3 2719 2617 2611
3 2720 2736 2735
3 2734 2720 2735
3 2719 2720 2734
3 2736 2720 2721
3 2731 2732 2737
3 2731 2737 2738
3 2739 2732 2733
3 2737 2732 2739
3 2619 2739 2615
3 2615 2739 2733
3 2740 2621 2622
3 2741 2740 2622
3 2741 2622 2617
3 2742 2741 2617
3 2734 2742 2617
3 2742 2734 2735
3 2738 2737 2743
3 2738 2743 2744
3 2745 2737 2739
3 2743 2737 2745
3 2624 2745 2619
3 2619 2745 2739
3 2747 2746 2740
3 2746 2621 2740
3 2746 2626 2621
3 2747 2740 2741
3 2744 2743 2748
3 2744 2748 2749
3 2750 2743 2745
3 2748 2743 2750
3 2628 2750 2624
3 2624 2750 2745
3 2746 2630 2626
3 2751 2630 2746
3 2752 2749 2748
3 2754 2753 2752
3 2748 2754 2752
3 2750 2754 2748
3 2631 2754 2628
3 2628 2754 2750
3 2756 2632 2755
3 2632 2751 2755
3 2632 2630 2751
3 2757 2756 2755
3 2760 2759 2758
3 2758 2759 2753
3 2758 2753 2754
3 2635 2758 2754
3 2634 2635 2754
3 2634 2754 2631
3 2756 2636 2632
3 2638 2636 2756
3 2757 2638 2756
3 2761 2638 2757
3 2760 2758 2762
3 2760 2762 2763
3 2640 2762 2635
3 2635 2762 2758
3 2761 2642 2638
3 2764 2642 2761
3 2763 2762 2765
3 2763 2765 2766
3 2643 2765 2640
3 2640 2765 2762
3 2764 2645 2642
3 2767 2645 2764
3 2770 2769 2768
3 2768 2769 2766
3 2768 2766 2765
3 2648 2768 2765
3 2647 2648 2765
3 2647 2765 2643
3 2773 2772 2771
3 2771 2774 2773
3 2776 2775 2651
3 2651 2775 2650
3 2651 2645 2767
3 2651 2767 2776
3 2770 2768 2653
3 2654 2770 2653
3 2777 2770 2654
3 2653 2768 2648
3 2771 2772 2656
3 2772 2655 2656
3 2772 2778 2655
3 2779 2774 2771
3 2656 2779 2771
3 2657 2779 2656
3 2780 2657 2658
3 2780 2779 2657
3 2658 2650 2775
3 2658 2775 2780
3 2783 2782 2781
3 2782 2777 2781
3 2777 2659 2781
3 2777 2654 2659
3 2778 2660 2655
3 2784 2660 2778
3 2787 2786 2785
3 2785 2786 2783
3 2785 2783 2781
3 2662 2785 2781
3 2661 2662 2781
3 2661 2781 2659
3 2784 2663 2660
3 2788 2663 2784
3 2791 2790 2789
3 2789 2790 2787
3 2789 2787 2785
3 2665 2789 2785
3 2664 2665 2785
3 2664 2785 2662
3 2788 2792 2663
3 2663 2792 2666
3 2667 2666 2792
3 2667 2792 2793
3 2795 2794 2669
3 2795 2669 2670
3 2669 2796 2671
3 2794 2796 2669
3 2789 2672 2791
3 2672 2796 2791
3 2672 2671 2796
3 2672 2789 2665
3 2793 2797 2667
3 2667 2797 2673
3 2674 2673 2797
3 2674 2797 2798
3 2801 2800 2799
3 2675 2676 2799
3 2800 2675 2799
3 2802 2675 2800
3 2670 2675 2795
3 2795 2675 2802
3 2798 2803 2674
3 2674 2803 2677
3 2678 2677 2803
3 2678 2803 2804
3 2807 2806 2805
3 2805 2806 2801
3 2805 2801 2799
3 2680 2805 2799
3 2679 2680 2799
3 2679 2799 2676
3 2804 2808 2678
3 2678 2808 2681
3 2681 2809 2683
3 2808 2809 2681
3 2811 2810 2684
3 2683 2811 2684
3 2809 2811 2683
3 2813 2812 2810
3 2813 2810 2811
3 2815 2814 2812
3 2815 2812 2813
3 2686 2687 2814
3 2815 2686 2814
3 2816 2686 2815
3 2686 2817 2688
3 2816 2817 2686
3 2805 2689 2807
3 2689 2817 2807
3 2689 2688 2817
3 2689 2805 2680
3 2810 2690 2684
3 2690 2810 2691
3 2691 2810 2812
3 2691 2812 2692
3 2692 2812 2814
3 2692 2814 2687
3 2818 2703 2704
3 2706 2818 2704
3 2819 2711 2712
3 2713 2820 2712
3 2712 2820 2819
3 2714 2821 2713
3 2713 2821 2820
3 2715 2821 2714
3 2822 2721 2722
3 2822 2722 2823
3 2722 2824 2823
3 2722 2723 2824
3 2825 2723 2724
3 2825 2824 2723
3 2724 2703 2818
3 2826 2724 2818
3 2825 2724 2826
3 2828 2826 2827
3 2827 2826 2725
3 2826 2818 2725
3 2818 2706 2725
3 2726 2829 2725
3 2725 2829 2827
3 2727 2830 2726
3 2726 2830 2829
3 2728 2831 2727
3 2727 2831 2830
3 2729 2832 2728
3 2728 2832 2831
3 2711 2819 2729
3 2819 2832 2729
3 2819 2833 2832
3 2834 2819 2820
3 2833 2819 2834
3 2835 2820 2821
3 2834 2820 2835
3 2730 2836 2715
3 2836 2821 2715
3 2836 2835 2821
3 2731 2836 2730
3 2837 2735 2736
3 2838 2837 2736
3 2838 2736 2721
3 2839 2838 2721
3 2822 2839 2721
3 2839 2822 2823
3 2840 2828 2827
3 2840 2827 2829
3 2840 2829 2841
3 2841 2829 2830
3 2841 2830 2842
3 2842 2830 2831
3 2842 2831 2843
3 2843 2831 2832
3 2843 2832 2844
3 2844 2832 2833
3 2844 2833 2845
3 2847 2846 2845
3 2833 2847 2845
3 2834 2847 2833
3 2848 2834 2835
3 2847 2834 2848
3 2849 2835 2836
3 2848 2835 2849
3 2738 2849 2731
3 2731 2849 2836
3 2850 2741 2742
3 2851 2850 2742
3 2851 2742 2735
3 2852 2851 2735
3 2837 2852 2735
3 2852 2837 2838
3 2853 2846 2847
3 2855 2854 2853
3 2847 2855 2853
3 2848 2855 2847
3 2856 2848 2849
3 2855 2848 2856
3 2744 2856 2738
3 2738 2856 2849
3 2857 2746 2747
3 2858 2857 2747
3 2858 2747 2741
3 2859 2858 2741
3 2850 2859 2741
3 2859 2850 2851
3 2854 2855 2860
3 2854 2860 2861
3 2862 2855 2856
3 2860 2855 2862
3 2749 2862 2744
3 2744 2862 2856
3 2863 2751 2857
3 2857 2751 2746
3 2857 2858 2864
3 2857 2864 2863
3 2861 2860 2865
3 2861 2865 2866
3 2867 2860 2862
3 2865 2860 2867
3 2752 2868 2749
3 2868 2862 2749
3 2868 2867 2862
3 2753 2868 2752
3 2863 2755 2751
3 2757 2755 2863
3 2864 2757 2863
3 2869 2757 2864
3 2872 2871 2870
3 2870 2871 2866
3 2865 2870 2866
3 2873 2870 2865
3 2874 2865 2867
3 2873 2865 2874
3 2760 2874 2759
3 2874 2868 2759
3 2874 2867 2868
3 2759 2868 2753
3 2869 2761 2757
3 2875 2761 2869
3 2876 2872 2870
3 2878 2877 2876
3 2870 2878 2876
3 2873 2878 2870
3 2879 2873 2874
3 2878 2873 2879
3 2763 2879 2760
3 2760 2879 2874
3 2875 2764 2761
3 2880 2764 2875
3 2877 2878 2881
3 2877 2881 2882
3 2883 2878 2879
3 2881 2878 2883
3 2766 2883 2763
3 2763 2883 2879
3 2880 2767 2764
3 2884 2767 2880
3 2882 2881 2885
3 2882 2885 2886
3 2770 2885 2769
3 2885 2883 2769
3 2885 2881 2883
3 2769 2883 2766
3 2888 2887 2773
3 2773 2887 2772
3 2773 2774 2888
3 2888 2774 2889
3 2891 2890 2776
3 2776 2890 2775
3 2776 2767 2884
3 2776 2884 2891
3 2886 2885 2892
3 2886 2892 2893
3 2777 2892 2770
3 2770 2892 2885
3 2887 2778 2772
3 2894 2778 2887
3 2895 2889 2774
3 2895 2774 2779
3 2896 2779 2780
3 2896 2895 2779
3 2780 2775 2890
3 2780 2890 2896
3 2893 2892 2782
3 2783 2893 2782
3 2897 2893 2783
3 2782 2892 2777
3 2894 2784 2778
3 2898 2784 2894
3 2900 2899 2786
3 2900 2786 2787
3 2783 2786 2897
3 2897 2786 2899
3 2898 2788 2784
3 2901 2788 2898
3 2904 2903 2902
3 2790 2791 2902
3 2903 2790 2902
3 2905 2790 2903
3 2787 2790 2900
3 2900 2790 2905
3 2901 2906 2788
3 2788 2906 2792
3 2793 2792 2906
3 2793 2906 2907
3 2909 2908 2794
3 2909 2794 2795
3 2902 2796 2904
3 2796 2908 2904
3 2796 2794 2908
3 2796 2902 2791
3 2907 2910 2793
3 2793 2910 2797
3 2798 2797 2910
3 2798 2910 2911
3 2913 2912 2800
3 2913 2800 2801
3 2800 2914 2802
3 2912 2914 2800
3 2795 2802 2909
3 2909 2802 2914
3 2911 2915 2798
3 2798 2915 2803
3 2917 2916 2804
3 2803 2917 2804
3 2915 2917 2803
3 2918 2916 2917
3 2921 2920 2919
3 2806 2807 2919
3 2920 2806 2919
3 2922 2806 2920
3 2801 2806 2913
3 2913 2806 2922
3 2916 2808 2804
3 2918 2923 2916
3 2923 2808 2916
3 2923 2809 2808
3 2809 2924 2811
3 2923 2924 2809
3 2811 2925 2813
3 2924 2925 2811
3 2813 2926 2815
3 2925 2926 2813
3 2815 2927 2816
3 2926 2927 2815
3 2919 2817 2921
3 2817 2927 2921
3 2817 2816 2927
3 2817 2919 2807
3 2928 2823 2824
3 2825 2929 2824
3 2824 2929 2928
3 2826 2930 2825
3 2825 2930 2929
3 2828 2930 2826
3 2931 2838 2839
3 2823 2928 2839
3 2928 2931 2839
3 2928 2932 2931
3 2933 2928 2929
3 2932 2928 2933
3 2934 2929 2930
3 2933 2929 2934
3 2840 2935 2828
3 2935 2930 2828
3 2935 2934 2930
3 2841 2936 2840
3 2840 2936 2935
3 2842 2937 2841
3 2841 2937 2936
3 2843 2938 2842
3 2842 2938 2937
3 2844 2939 2843
3 2843 2939 2938
3 2845 2940 2844
3 2844 2940 2939
3 2846 2940 2845
3 2941 2851 2852
3 2838 2931 2852
3 2931 2941 2852
3 2931 2942 2941
3 2932 2944 2943
3 2942 2932 2943
3 2931 2932 2942
3 2944 2932 2933
3 2944 2933 2945
3 2947 2946 2945
3 2933 2947 2945
3 2934 2947 2933
3 2948 2934 2935
3 2947 2934 2948
3 2949 2935 2936
3 2948 2935 2949
3 2950 2936 2937
3 2949 2936 2950
3 2951 2937 2938
3 2950 2937 2951
3 2952 2938 2939
3 2951 2938 2952
3 2953 2939 2940
3 2952 2939 2953
3 2853 2954 2846
3 2954 2940 2846
3 2954 2953 2940
3 2854 2954 2853
3 2955 2858 2859
3 2851 2941 2859
3 2941 2955 2859
3 2941 2956 2955
3 2942 2958 2957
3 2956 2942 2957
3 2941 2942 2956
3 2958 2942 2943
3 2959 2946 2947
3 2961 2960 2959
3 2947 2961 2959
3 2948 2961 2947
3 2962 2948 2949
3 2961 2948 2962
3 2963 2949 2950
3 2962 2949 2963
3 2964 2950 2951
3 2963 2950 2964
3 2965 2951 2952
3 2964 2951 2965
3 2966 2952 2953
3 2965 2952 2966
3 2967 2953 2954
3 2966 2953 2967
3 2861 2967 2854
3 2854 2967 2954
3 2969 2968 2955
3 2968 2858 2955
3 2968 2864 2858
3 2969 2955 2956
3 2969 2956 2970
3 2970 2956 2957
3 2971 2960 2961
3 2971 2961 2962
3 2971 2962 2972
3 2972 2962 2963
3 2972 2963 2973
3 2975 2974 2973
3 2963 2975 2973
3 2964 2975 2963
3 2976 2964 2965
3 2975 2964 2976
3 2977 2965 2966
3 2976 2965 2977
3 2978 2966 2967
3 2977 2966 2978
3 2866 2978 2861
3 2861 2978 2967
3 2968 2869 2864
3 2979 2869 2968
3 2980 2974 2975
3 2980 2975 2976
3 2980 2976 2981
3 2983 2982 2981
3 2976 2983 2981
3 2977 2983 2976
3 2872 2983 2871
3 2983 2978 2871
3 2983 2977 2978
3 2871 2978 2866
3 2985 2875 2984
3 2875 2979 2984
3 2875 2869 2979
3 2986 2985 2984
3 2982 2983 2987
3 2982 2987 2988
3 2876 2989 2872
3 2989 2983 2872
3 2989 2987 2983
3 2877 2989 2876
3 2990 2880 2985
3 2985 2880 2875
3 2985 2986 2991
3 2985 2991 2990
3 2992 2988 2987
3 2994 2993 2992
3 2987 2994 2992
3 2989 2994 2987
3 2882 2994 2877
3 2877 2994 2989
3 2995 2884 2990
3 2990 2884 2880
3 2990 2991 2996
3 2990 2996 2995
3 2993 2994 2997
3 2993 2997 2998
3 2886 2997 2882
3 2882 2997 2994
3 2999 2887 2888
3 2889 2999 2888
3 3001 3000 2891
3 2891 3000 2890
3 2891 2884 2995
3 3002 2891 2995
3 3001 2891 3002
3 3002 2995 2996
3 2998 2997 3003
3 2998 3003 3004
3 2893 3003 2886
3 2886 3003 2997
3 3006 3005 2999
3 3005 2887 2999
3 3005 2894 2887
3 3006 2999 2889
3 2895 3006 2889
3 3007 3006 2895
3 3008 2895 2896
3 3008 3007 2895
3 2896 2890 3000
3 2896 3000 3008
3 3011 3010 3009
3 3009 3010 3004
3 3003 3009 3004
3 3012 3009 3003
3 2897 3012 2893
3 2893 3012 3003
3 3005 2898 2894
3 3013 2898 3005
3 3011 3009 3014
3 3011 3014 3015
3 2900 3014 2899
3 3014 3012 2899
3 3014 3009 3012
3 2899 3012 2897
3 3017 2901 3016
3 2901 3013 3016
3 2901 2898 3013
3 3018 3017 3016
3 3020 3019 2903
3 3020 2903 2904
3 3014 2905 3015
3 2905 3019 3015
3 2905 2903 3019
3 2905 3014 2900
3 3017 2906 2901
3 2907 2906 3017
3 3018 2907 3017
3 3021 2907 3018
3 3024 3023 3022
3 2908 2909 3022
3 3023 2908 3022
3 3025 2908 3023
3 2904 2908 3020
3 3020 2908 3025
3 3021 3026 2907
3 2907 3026 2910
3 2911 2910 3026
3 2911 3026 3027
3 3029 3028 2912
3 3029 2912 2913
3 3022 2914 3024
3 2914 3028 3024
3 2914 2912 3028
3 2914 3022 2909
3 3027 3030 2911
3 2911 3030 2915
3 2915 3031 2917
3 3030 3031 2915
3 2918 2917 3031
3 2918 3031 3032
3 3035 3034 3033
3 2920 2921 3033
3 3034 2920 3033
3 3036 2920 3034
3 2920 3037 2922
3 3036 3037 2920
3 2913 2922 3029
3 3029 2922 3037
3 3032 3038 2918
3 2918 3038 2923
3 2923 3039 2924
3 3038 3039 2923
3 2924 3040 2925
3 3039 3040 2924
3 2925 3041 2926
3 3040 3041 2925
3 3033 2927 3035
3 2927 3041 3035
3 2927 2926 3041
3 2927 3033 2921
3 3042 2943 2944
3 2945 3043 2944
3 2944 3043 3042
3 2946 3043 2945
3 3044 2957 2958
3 2943 3042 2958
3 3042 3044 2958
3 3042 3045 3044
3 3046 3042 3043
3 3045 3042 3046
3 2959 3047 2946
3 3047 3043 2946
3 3047 3046 3043
3 2960 3047 2959
3 3048 2968 2969
3 2970 3049 2969
3 2969 3049 3048
3 2957 3044 2970
3 3044 3049 2970
3 3044 3050 3049
3 3051 3044 3045
3 3050 3044 3051
3 3052 3045 3046
3 3051 3045 3052
3 3053 3046 3047
3 3052 3046 3053
3 2971 3054 2960
3 3054 3047 2960
3 3054 3053 3047
3 2972 3055 2971
3 2971 3055 3054
3 2973 3056 2972
3 2972 3056 3055
3 2974 3056 2973
3 3057 2979 3048
3 3048 2979 2968
3 3058 3048 3049
3 3057 3048 3058
3 3059 3049 3050
3 3058 3049 3059
3 3060 3050 3051
3 3059 3050 3060
3 3052 3062 3061
3 3060 3052 3061
3 3051 3052 3060
3 3064 3063 3062
3 3052 3064 3062
3 3053 3064 3052
3 3065 3053 3054
3 3064 3053 3065
3 3066 3054 3055
3 3065 3054 3066
3 3067 3055 3056
3 3066 3055 3067
3 2980 3068 2974
3 3068 3056 2974
3 3068 3067 3056
3 2981 3069 2980
3 2980 3069 3068
3 2982 3069 2981
3 3057 2984 2979
3 2984 3057 2986
3 3057 3070 2986
3 3057 3058 3070
3 3071 3058 3059
3 3070 3058 3071
3 3060 3073 3072
3 3071 3060 3072
3 3059 3060 3071
3 3073 3060 3061
3 3074 3063 3064
3 3074 3064 3065
3 3074 3065 3075
3 3075 3065 3066
3 3075 3066 3076
3 3076 3066 3067
3 3076 3067 3077
3 3079 3078 3077
3 3067 3079 3077
3 3068 3079 3067
3 3080 3068 3069
3 3079 3068 3080
3 2988 3080 2982
3 2982 3080 3069
3 3081 2991 3070
3 3070 2991 2986
3 3082 3070 3071
3 3081 3070 3082
3 3071 3072 3083
3 3084 3071 3083
3 3082 3071 3084
3 3085 3084 3083
3 3086 3078 3079
3 3088 3087 3086
3 3079 3088 3086
3 3080 3088 3079
3 2992 3089 2988
3 3089 3080 2988
3 3089 3088 3080
3 2993 3089 2992
3 3090 2996 3081
3 3081 2996 2991
3 3091 3081 3082
3 3090 3081 3091
3 3084 3093 3092
3 3091 3084 3092
3 3082 3084 3091
3 3093 3084 3085
3 3087 3088 3094
3 3087 3094 3095
3 3096 3088 3089
3 3094 3088 3096
3 2998 3096 2993
3 2993 3096 3089
3 3098 3097 3001
3 3001 3097 3000
3 3099 3001 3002
3 3099 3098 3001
3 3002 2996 3090
3 3100 3002 3090
3 3099 3002 3100
3 3100 3090 3091
3 3100 3091 3101
3 3101 3091 3092
3 3095 3094 3102
3 3095 3102 3103
3 3104 3094 3096
3 3102 3094 3104
3 3004 3104 2998
3 2998 3104 3096
3 3106 3105 3006
3 3006 3105 3005
3 3107 3006 3007
3 3107 3106 3006
3 3108 3007 3008
3 3108 3107 3007
3 3008 3000 3097
3 3008 3097 3108
3 3103 3102 3109
3 3103 3109 3110
3 3011 3109 3010
3 3109 3104 3010
3 3109 3102 3104
3 3010 3104 3004
3 3105 3013 3005
3 3111 3013 3105
3 3110 3109 3112
3 3110 3112 3113
3 3015 3112 3011
3 3011 3112 3109
3 3111 3114 3013
3 3013 3114 3016
3 3018 3016 3114
3 3018 3114 3115
3 3118 3117 3116
3 3116 3117 3113
3 3116 3113 3112
3 3020 3116 3112
3 3019 3020 3112
3 3019 3112 3015
3 3120 3021 3119
3 3021 3115 3119
3 3021 3018 3115
3 3121 3120 3119
3 3124 3123 3122
3 3023 3024 3122
3 3123 3023 3122
3 3125 3023 3123
3 3116 3025 3118
3 3025 3125 3118
3 3025 3023 3125
3 3025 3116 3020
3 3120 3026 3021
3 3127 3126 3027
3 3127 3027 3026
3 3121 3127 3026
3 3120 3121 3026
3 3128 3126 3127
3 3131 3130 3129
3 3133 3132 3129
3 3133 3129 3130
3 3135 3134 3132
3 3135 3132 3133
3 3134 3135 3124
3 3134 3124 3122
3 3029 3134 3122
3 3028 3029 3122
3 3028 3122 3024
3 3126 3030 3027
3 3128 3136 3126
3 3136 3030 3126
3 3136 3031 3030
3 3138 3137 3032
3 3031 3138 3032
3 3136 3138 3031
3 3140 3139 3137
3 3140 3137 3138
3 3142 3141 3139
3 3142 3139 3140
3 3144 3143 3141
3 3144 3141 3142
3 3143 3144 3131
3 3143 3131 3129
3 3035 3143 3129
3 3034 3035 3129
3 3034 3129 3036
3 3036 3129 3132
3 3036 3132 3037
3 3037 3132 3134
3 3037 3134 3029
3 3137 3038 3032
3 3038 3137 3039
3 3039 3137 3139
3 3039 3139 3040
3 3040 3139 3141
3 3040 3141 3041
3 3041 3141 3143
3 3041 3143 3035
3 3145 3061 3062
3 3063 3145 3062
3 3146 3072 3073
3 3061 3145 3073
3 3145 3146 3073
3 3145 3147 3146
3 3074 3148 3063
3 3148 3145 3063
3 3148 3147 3145
3 3075 3149 3074
3 3074 3149 3148
3 3076 3150 3075
3 3075 3150 3149
3 3077 3151 3076
3 3076 3151 3150
3 3078 3151 3077
3 3146 3083 3072
3 3083 3146 3085
3 3146 3152 3085
3 3146 3147 3152
3 3153 3147 3148
3 3152 3147 3153
3 3154 3148 3149
3 3153 3148 3154
3 3155 3149 3150
3 3154 3149 3155
3 3156 3150 3151
3 3155 3150 3156
3 3086 3157 3078
3 3157 3151 3078
3 3157 3156 3151
3 3087 3157 3086
3 3158 3092 3093
3 3085 3152 3093
3 3152 3158 3093
3 3152 3159 3158
3 3160 3152 3153
3 3159 3152 3160
3 3161 3153 3154
3 3160 3153 3161
3 3162 3154 3155
3 3161 3154 3162
3 3163 3155 3156
3 3162 3155 3163
3 3164 3156 3157
3 3163 3156 3164
3 3095 3164 3087
3 3087 3164 3157
3 3167 3166 3165
3 3169 3168 3165
3 3165 3168 3167
3 3097 3098 3169
3 3098 3168 3169
3 3098 3170 3168
3 3171 3098 3099
3 3171 3170 3098
3 3172 3099 3100
3 3172 3171 3099
3 3173 3100 3101
3 3173 3172 3100
3 3173 3101 3092
3 3174 3173 3092
3 3158 3174 3092
3 3173 3174 3175
3 3176 3158 3159
3 3174 3158 3176
3 3160 3178 3177
3 3176 3160 3177
3 3159 3160 3176
3 3178 3160 3161
3 3178 3161 3179
3 3179 3161 3162
3 3179 3162 3180
3 3182 3181 3180
3 3162 3182 3180
3 3163 3182 3162
3 3183 3163 3164
3 3182 3163 3183
3 3103 3183 3095
3 3095 3183 3164
3 3185 3184 3106
3 3106 3184 3105
3 3107 3165 3166
3 3185 3107 3166
3 3106 3107 3185
3 3165 3107 3108
3 3165 3108 3169
3 3169 3108 3097
3 3186 3175 3174
3 3186 3174 3176
3 3186 3176 3187
3 3187 3176 3177
3 3188 3181 3182
3 3190 3189 3188
3 3182 3190 3188
3 3183 3190 3182
3 3110 3190 3103
3 3103 3190 3183
3 3184 3111 3105
3 3191 3111 3184
3 3194 3193 3192
3 3192 3193 3189
3 3190 3192 3189
3 3195 3192 3190
3 3113 3195 3110
3 3110 3195 3190
3 3191 3196 3111
3 3111 3196 3114
3 3115 3114 3196
3 3115 3196 3197
3 3200 3199 3198
3 3198 3199 3194
3 3192 3198 3194
3 3201 3198 3192
3 3118 3201 3117
3 3201 3195 3117
3 3201 3192 3195
3 3117 3195 3113
3 3197 3202 3115
3 3115 3202 3119
3 3121 3119 3202
3 3121 3202 3203
3 3206 3205 3204
3 3208 3207 3204
3 3208 3204 3205
3 3207 3208 3200
3 3207 3200 3198
3 3124 3207 3198
3 3123 3124 3198
3 3123 3198 3125
3 3125 3198 3201
3 3125 3201 3118
3 3203 3209 3121
3 3121 3209 3127
3 3211 3210 3128
3 3127 3211 3128
3 3209 3211 3127
3 3212 3210 3211
3 3215 3214 3213
3 3217 3216 3213
3 3217 3213 3214
3 3219 3218 3216
3 3219 3216 3217
3 3130 3131 3218
3 3219 3130 3218
3 3220 3130 3219
3 3204 3133 3206
3 3133 3220 3206
3 3133 3130 3220
3 3133 3204 3135
3 3135 3204 3207
3 3135 3207 3124
3 3210 3136 3128
3 3212 3221 3210
3 3221 3136 3210
3 3221 3138 3136
3 3213 3140 3215
3 3140 3221 3215
3 3140 3138 3221
3 3140 3213 3142
3 3142 3213 3216
3 3142 3216 3144
3 3144 3216 3218
3 3144 3218 3131
3 3222 3166 3167
3 3168 3223 3167
3 3167 3223 3222
3 3170 3224 3168
3 3168 3224 3223
3 3171 3225 3170
3 3170 3225 3224
3 3172 3226 3171
3 3171 3226 3225
3 3173 3227 3172
3 3172 3227 3226
3 3175 3227 3173
3 3228 3177 3178
3 3179 3229 3178
3 3178 3229 3228
3 3180 3230 3179
3 3179 3230 3229
3 3181 3230 3180
3 3231 3184 3185
3 3166 3222 3185
3 3222 3231 3185
3 3222 3232 3231
3 3233 3222 3223
3 3232 3222 3233
3 3224 3235 3234
3 3233 3224 3234
3 3223 3224 3233
3 3235 3224 3225
3 3235 3225 3236
3 3236 3225 3226
3 3236 3226 3237
3 3237 3226 3227
3 3237 3227 3238
3 3240 3238 3239
3 3239 3238 3186
3 3238 3227 3186
3 3227 3175 3186
3 3187 3241 3186
3 3186 3241 3239
3 3177 3228 3187
3 3228 3241 3187
3 3228 3242 3241
3 3243 3228 3229
3 3242 3228 3243
3 3244 3229 3230
3 3243 3229 3244
3 3188 3245 3181
3 3245 3230 3181
3 3245 3244 3230
3 3189 3245 3188
3 3246 3191 3231
3 3231 3191 3184
3 3247 3231 3232
3 3246 3231 3247
3 3233 3249 3248
3 3247 3233 3248
3 3232 3233 3247
3 3249 3233 3234
3 3250 3240 3239
3 3250 3239 3241
3 3250 3241 3251
3 3253 3252 3251
3 3241 3253 3251
3 3242 3253 3241
3 3254 3242 3243
3 3253 3242 3254
3 3255 3243 3244
3 3254 3243 3255
3 3194 3255 3193
3 3255 3245 3193
3 3255 3244 3245
3 3193 3245 3189
3 3246 3196 3191
3 3196 3246 3197
3 3246 3256 3197
3 3246 3247 3256
3 3247 3248 3257
3 3247 3257 3256
3 3252 3253 3258
3 3252 3258 3259
3 3260 3253 3254
3 3258 3253 3260
3 3200 3260 3199
3 3260 3255 3199
3 3260 3254 3255
3 3199 3255 3194
3 3256 3202 3197
3 3262 3261 3203
3 3262 3203 3202
3 3257 3262 3202
3 3256 3257 3202
3 3263 3261 3262
3 3266 3265 3264
3 3268 3267 3264
3 3268 3264 3265
3 3270 3269 3267
3 3270 3267 3268
3 3272 3271 3269
3 3272 3269 3270
3 3271 3272 3259
3 3271 3259 3258
3 3206 3271 3258
3 3205 3206 3258
3 3205 3258 3208
3 3208 3258 3260
3 3208 3260 3200
3 3261 3209 3203
3 3263 3273 3261
3 3273 3209 3261
3 3273 3211 3209
3 3275 3274 3212
3 3211 3275 3212
3 3273 3275 3211
3 3274 3275 3266
3 3274 3266 3264
3 3215 3274 3264
3 3214 3215 3264
3 3214 3264 3217
3 3217 3264 3267
3 3217 3267 3219
3 3219 3267 3269
3 3219 3269 3220
3 3220 3269 3271
3 3220 3271 3206
3 3274 3221 3212
3 3221 3274 3215
3 3276 3234 3235
3 3236 3277 3235
3 3235 3277 3276
3 3237 3278 3236
3 3236 3278 3277
3 3238 3279 3237
3 3237 3279 3278
3 3240 3279 3238
3 3280 3248 3249
3 3234 3276 3249
3 3276 3280 3249
3 3276 3281 3280
3 3282 3276 3277
3 3281 3276 3282
3 3283 3277 3278
3 3282 3277 3283
3 3284 3278 3279
3 3283 3278 3284
3 3250 3285 3240
3 3285 3279 3240
3 3285 3284 3279
3 3251 3286 3250
3 3250 3286 3285
3 3252 3286 3251
3 3287 3257 3280
3 3280 3257 3248
3 3288 3280 3281
3 3287 3280 3288
3 3289 3281 3282
3 3288 3281 3289
3 3290 3282 3283
3 3289 3282 3290
3 3291 3283 3284
3 3290 3283 3291
3 3292 3284 3285
3 3291 3284 3292
3 3293 3285 3286
3 3292 3285 3293
3 3259 3293 3252
3 3252 3293 3286
3 3287 3262 3257
3 3262 3287 3263
3 3287 3294 3263
3 3287 3288 3294
3 3295 3288 3289
3 3294 3288 3295
3 3266 3295 3265
3 3295 3290 3265
3 3295 3289 3290
3 3265 3290 3268
3 3268 3290 3291
3 3268 3291 3270
3 3270 3291 3292
3 3270 3292 3272
3 3272 3292 3293
3 3272 3293 3259
3 3294 3273 3263
3 3273 3294 3275
3 3275 3294 3295
3 3275 3295 3266
