ply
format ascii 1.0
element vertex 3134
property float x
property float y
property float z
element face 6272
property list uchar int vertex_indices
end_header
-9.70000 4.49999 -11.50000
-10.20000 4.49999 -12.00000
-10.20000 4.99999 -11.50000
-10.20000 4.99999 -10.50000
-9.70000 4.49999 -10.50000
-10.20000 4.49999 -10.00000
-9.70000 3.49999 -11.50000
-10.20000 3.49999 -12.00000
-10.20000 3.49999 -11.00000
-10.20000 3.99999 -10.50000
-10.20000 2.99999 -11.50000
-10.70000 5.49999 -11.50000
-11.20000 5.49999 -12.00000
-11.20000 5.99999 -11.50000
-11.20000 5.99999 -10.50000
-10.70000 5.49999 -10.50000
-11.20000 5.49999 -10.00000
-11.20000 4.49999 -12.00000
-11.20000 4.99999 -9.50000
-10.70000 4.49999 -9.50000
-11.20000 4.99999 -8.50000
-10.70000 4.49999 -8.50000
-11.20000 4.49999 -8.00000
-11.20000 3.49999 -12.00000
-10.70000 3.49999 -10.50000
-10.70000 3.49999 -9.50000
-10.70000 3.49999 -8.50000
-11.20000 3.99999 -7.50000
-10.70000 3.49999 -7.50000
-11.20000 3.99999 -6.50000
-10.70000 3.49999 -6.50000
-11.20000 3.49999 -6.00000
-10.70000 2.49999 -11.50000
-11.20000 2.49999 -12.00000
-10.70000 2.49999 -10.50000
-10.70000 2.49999 -9.50000
-10.70000 2.49999 -8.50000
-10.70000 2.49999 -7.50000
-11.20000 2.49999 -7.00000
-11.20000 2.99999 -6.50000
-11.20000 1.99999 -11.50000
-11.20000 1.99999 -10.50000
-11.20000 1.99999 -9.50000
-11.20000 1.99999 -8.50000
-11.20000 1.99999 -7.50000
-12.20000 5.49999 -12.00000
-12.20000 5.99999 -11.50000
-12.20000 5.99999 -10.50000
-12.20000 5.49999 -10.00000
-12.20000 4.49999 -12.00000
-12.20000 4.99999 -9.50000
-12.20000 4.99999 -8.50000
-12.20000 4.49999 -8.00000
-11.70000 3.49999 -12.50000
-12.20000 3.49999 -13.00000
-12.20000 3.99999 -12.50000
-12.20000 3.99999 -7.50000
-12.20000 3.99999 -6.50000
-12.20000 3.99999 -5.50000
-11.70000 3.49999 -5.50000
-12.20000 3.49999 -5.00000
-12.20000 2.99999 -12.50000
-12.20000 2.49999 -12.00000
-11.70000 2.49999 -6.50000
-11.70000 2.49999 -5.50000
-12.20000 2.49999 -5.00000
-12.20000 1.99999 -11.50000
-12.20000 1.99999 -10.50000
-11.70000 1.49999 -9.50000
-12.20000 1.49999 -10.00000
-11.70000 1.49999 -8.50000
-11.70000 1.49999 -7.50000
-11.70000 1.49999 -6.50000
-11.70000 1.49999 -5.50000
-12.20000 1.49999 -5.00000
-12.20000 0.99999 -9.50000
-12.20000 0.99999 -8.50000
-11.70000 0.49999 -7.50000
-12.20000 0.49999 -8.00000
-11.70000 0.49999 -6.50000
-12.20000 0.49999 -6.00000
-12.20000 0.99999 -5.50000
-12.20000 -0.00001 -7.50000
-12.20000 -0.00001 -6.50000
-11.70000 -25.50001 7.50000
-12.20000 -25.50001 7.00000
-12.20000 -25.00001 7.50000
-12.20000 -25.50001 8.00000
-12.20000 -26.00001 7.50000
-13.20000 5.49999 -12.00000
-13.20000 5.99999 -11.50000
-13.20000 5.99999 -10.50000
-13.20000 5.49999 -10.00000
-13.20000 4.49999 -12.00000
-13.20000 4.99999 -9.50000
-12.70000 4.49999 -8.50000
-13.20000 4.49999 -9.00000
-13.20000 3.49999 -13.00000
-13.20000 3.99999 -12.50000
-13.20000 3.99999 -8.50000
-13.20000 3.99999 -7.50000
-13.20000 3.99999 -6.50000
-12.70000 3.49999 -5.50000
-13.20000 3.49999 -6.00000
-12.70000 2.49999 -12.50000
-13.20000 2.49999 -13.00000
-13.20000 2.99999 -5.50000
-13.20000 2.99999 -4.50000
-12.70000 2.49999 -4.50000
-13.20000 2.49999 -4.00000
-13.20000 1.99999 -12.50000
-12.70000 1.49999 -11.50000
-13.20000 1.49999 -12.00000
-12.70000 1.49999 -10.50000
-12.70000 1.49999 -4.50000
-13.20000 1.49999 -4.00000
-13.20000 0.99999 -11.50000
-13.20000 0.99999 -10.50000
-12.70000 0.49999 -9.50000
-13.20000 0.49999 -10.00000
-12.70000 0.49999 -8.50000
-12.70000 0.49999 -5.50000
-12.70000 0.49999 -4.50000
-13.20000 0.49999 -4.00000
-13.20000 -0.00001 -9.50000
-12.70000 -0.50001 -8.50000
-13.20000 -0.50001 -9.00000
-12.70000 -0.50001 -7.50000
-12.70000 -0.50001 -6.50000
-12.70000 -0.50001 -5.50000
-13.20000 -0.50001 -5.00000
-13.20000 -0.00001 -4.50000
-13.20000 -1.00001 -8.50000
-13.20000 -1.00001 -7.50000
-12.70000 -1.50001 -6.50000
-13.20000 -1.50001 -7.00000
-13.20000 -1.50001 -6.00000
-13.20000 -1.00001 -5.50000
-13.20000 -2.00001 -6.50000
-12.70000 -23.50001 6.50000
-13.20000 -23.50001 6.00000
-13.20000 -23.00001 6.50000
-13.20000 -23.50001 7.00000
-12.70000 -24.50001 5.50000
-13.20000 -24.50001 5.00000
-13.20000 -24.00001 5.50000
-12.70000 -24.50001 6.50000
-13.20000 -24.00001 7.50000
-12.70000 -24.50001 7.50000
-13.20000 -24.00001 8.50000
-12.70000 -24.50001 8.50000
-13.20000 -24.00001 9.50000
-12.70000 -24.50001 9.50000
-13.20000 -24.00001 10.50000
-12.70000 -24.50001 10.50000
-13.20000 -24.00001 11.50000
-12.70000 -24.50001 11.50000
-13.20000 -24.50001 12.00000
-13.20000 -25.00001 5.50000
-12.70000 -25.50001 6.50000
-13.20000 -25.50001 6.00000
-12.70000 -25.50001 8.50000
-12.70000 -25.50001 9.50000
-12.70000 -25.50001 10.50000
-13.20000 -25.50001 11.00000
-13.20000 -25.00001 11.50000
-13.20000 -26.00001 6.50000
-12.70000 -26.50001 7.50000
-13.20000 -26.50001 7.00000
-12.70000 -26.50001 8.50000
-12.70000 -26.50001 9.50000
-12.70000 -26.50001 10.50000
-13.20000 -26.50001 11.00000
-13.20000 -27.00001 7.50000
-12.70000 -27.50001 8.50000
-13.20000 -27.50001 8.00000
-12.70000 -27.50001 9.50000
-12.70000 -27.50001 10.50000
-13.20000 -27.50001 11.00000
-13.20000 -28.00001 8.50000
-13.20000 -28.00001 9.50000
-13.20000 -28.00001 10.50000
-13.70000 6.49999 -12.50000
-14.20000 6.49999 -13.00000
-14.20000 6.99999 -12.50000
-14.20000 6.49999 -12.00000
-13.70000 5.49999 -12.50000
-14.20000 5.49999 -13.00000
-14.20000 5.99999 -11.50000
-14.20000 5.99999 -10.50000
-14.20000 5.49999 -10.00000
-13.70000 4.49999 -12.50000
-14.20000 4.49999 -13.00000
-14.20000 4.99999 -9.50000
-14.20000 4.99999 -8.50000
-13.70000 4.49999 -8.50000
-14.20000 4.49999 -8.00000
-14.20000 3.49999 -13.00000
-14.20000 3.99999 -7.50000
-13.70000 3.49999 -6.50000
-14.20000 3.49999 -7.00000
-14.20000 2.49999 -13.00000
-14.20000 2.99999 -6.50000
-14.20000 2.99999 -5.50000
-14.20000 2.99999 -4.50000
-14.20000 2.49999 -4.00000
-13.70000 1.49999 -12.50000
-14.20000 1.49999 -13.00000
-14.20000 1.49999 -4.00000
-13.70000 1.49999 -2.50000
-14.20000 1.49999 -3.00000
-14.20000 1.99999 -2.50000
-14.20000 1.49999 -2.00000
-14.20000 0.99999 -12.50000
-13.70000 0.49999 -11.50000
-14.20000 0.49999 -12.00000
-13.70000 0.49999 -10.50000
-14.20000 0.99999 -3.50000
-13.70000 0.49999 -3.50000
-14.20000 0.99999 -2.50000
-14.20000 0.49999 -3.00000
-14.20000 -0.00001 -11.50000
-13.70000 -0.50001 -10.50000
-14.20000 -0.50001 -11.00000
-13.70000 -0.50001 -9.50000
-13.70000 -0.50001 -4.50000
-14.20000 -0.50001 -4.00000
-14.20000 -0.00001 -3.50000
-14.20000 -1.00001 -10.50000
-13.70000 -1.50001 -9.50000
-14.20000 -1.50001 -10.00000
-13.70000 -1.50001 -8.50000
-13.70000 -1.50001 -7.50000
-13.70000 -1.50001 -5.50000
-14.20000 -1.50001 -5.00000
-14.20000 -1.00001 -4.50000
-14.20000 -2.00001 -9.50000
-14.20000 -2.00001 -8.50000
-14.20000 -2.00001 -7.50000
-13.70000 -2.50001 -6.50000
-14.20000 -2.50001 -7.00000
-14.20000 -2.50001 -6.00000
-14.20000 -2.00001 -5.50000
-14.20000 -3.00001 -6.50000
-13.70000 -22.50001 3.50000
-14.20000 -22.50001 3.00000
-14.20000 -22.00001 3.50000
-14.20000 -22.50001 4.00000
-13.70000 -22.50001 5.50000
-14.20000 -22.50001 5.00000
-14.20000 -22.00001 5.50000
-14.20000 -22.50001 6.00000
-14.20000 -23.00001 3.50000
-14.20000 -23.50001 4.00000
-13.70000 -23.50001 4.50000
-14.20000 -23.00001 4.50000
-13.70000 -23.50001 5.50000
-14.20000 -23.00001 6.50000
-14.20000 -23.50001 7.00000
-14.20000 -24.00001 4.50000
-14.20000 -24.50001 5.00000
-14.20000 -24.00001 7.50000
-14.20000 -24.00001 8.50000
-14.20000 -24.00001 9.50000
-14.20000 -24.00001 10.50000
-14.20000 -24.00001 11.50000
-14.20000 -24.50001 12.00000
-14.20000 -25.00001 5.50000
-14.20000 -25.50001 6.00000
-13.70000 -25.50001 11.50000
-14.20000 -25.50001 12.00000
-14.20000 -26.00001 6.50000
-14.20000 -26.50001 7.00000
-14.20000 -26.00001 11.50000
-14.20000 -26.50001 11.00000
-14.20000 -27.00001 7.50000
-14.20000 -27.50001 8.00000
-14.20000 -27.50001 11.00000
-13.70000 -28.50001 8.50000
-14.20000 -28.50001 8.00000
-13.70000 -28.50001 9.50000
-13.70000 -28.50001 10.50000
-14.20000 -28.50001 11.00000
-14.20000 -29.00001 8.50000
-13.70000 -29.50001 9.50000
-14.20000 -29.50001 9.00000
-14.20000 -29.50001 10.00000
-14.20000 -29.00001 10.50000
-14.20000 -30.00001 9.50000
-15.20000 6.49999 -13.00000
-15.20000 6.99999 -12.50000
-15.20000 6.49999 -12.00000
-15.20000 5.49999 -13.00000
-15.20000 5.99999 -11.50000
-15.20000 5.99999 -10.50000
-15.20000 5.49999 -10.00000
-15.20000 4.49999 -13.00000
-15.20000 4.99999 -9.50000
-15.20000 4.99999 -8.50000
-15.20000 4.49999 -8.00000
-14.70000 3.49999 -13.50000
-15.20000 3.49999 -14.00000
-15.20000 3.99999 -13.50000
-15.20000 3.99999 -7.50000
-15.20000 3.49999 -7.00000
-15.20000 2.99999 -13.50000
-15.20000 2.49999 -13.00000
-15.20000 2.99999 -6.50000
-15.20000 2.99999 -5.50000
-14.70000 2.49999 -4.50000
-15.20000 2.49999 -5.00000
-15.20000 1.49999 -13.00000
-15.20000 1.99999 -4.50000
-15.20000 1.99999 -3.50000
-14.70000 1.49999 -3.50000
-15.20000 1.99999 -2.50000
-15.20000 1.49999 -2.00000
-15.20000 0.99999 -12.50000
-15.20000 0.49999 -12.00000
-14.70000 0.49999 -2.50000
-15.20000 0.49999 -2.00000
-14.70000 -0.50001 -11.50000
-15.20000 -0.50001 -12.00000
-14.70000 -0.50001 -3.50000
-15.20000 -0.50001 -3.00000
-15.20000 -0.00001 -2.50000
-15.20000 -1.00001 -11.50000
-14.70000 -1.50001 -10.50000
-15.20000 -1.50001 -11.00000
-14.70000 -1.50001 -4.50000
-15.20000 -1.50001 -4.00000
-15.20000 -1.00001 -3.50000
-15.20000 -2.00001 -10.50000
-14.70000 -2.50001 -9.50000
-15.20000 -2.50001 -10.00000
-14.70000 -2.50001 -8.50000
-14.70000 -2.50001 -7.50000
-14.70000 -2.50001 -5.50000
-14.70000 -2.50001 -4.50000
-15.20000 -2.50001 -4.00000
-15.20000 -3.00001 -9.50000
-14.70000 -3.50001 -8.50000
-15.20000 -3.50001 -9.00000
-14.70000 -3.50001 -7.50000
-14.70000 -3.50001 -6.50000
-14.70000 -3.50001 -5.50000
-15.20000 -3.50001 -5.00000
-15.20000 -3.00001 -4.50000
-15.20000 -4.00001 -8.50000
-15.20000 -4.00001 -7.50000
-14.70000 -4.50001 -6.50000
-15.20000 -4.50001 -7.00000
-14.70000 -4.50001 -5.50000
-15.20000 -4.50001 -5.00000
-15.20000 -5.00001 -6.50000
-15.20000 -5.00001 -5.50000
-14.70000 -21.50001 2.50000
-15.20000 -21.50001 2.00000
-15.20000 -21.00001 2.50000
-15.20000 -21.00001 3.50000
-14.70000 -21.50001 3.50000
-15.20000 -21.00001 4.50000
-14.70000 -21.50001 4.50000
-15.20000 -21.50001 5.00000
-15.20000 -22.00001 2.50000
-15.20000 -22.50001 3.00000
-14.70000 -22.50001 4.50000
-15.20000 -22.00001 5.50000
-15.20000 -22.50001 6.00000
-15.20000 -23.00001 3.50000
-14.70000 -23.00001 4.00000
-15.20000 -23.50001 4.00000
-15.20000 -23.00001 6.50000
-15.20000 -23.50001 7.00000
-15.20000 -24.00001 4.50000
-15.20000 -24.50001 5.00000
-15.20000 -24.00001 7.50000
-15.20000 -24.00001 8.50000
-15.20000 -24.00001 9.50000
-15.20000 -24.00001 10.50000
-15.20000 -24.00001 11.50000
-15.20000 -24.00001 12.50000
-14.70000 -24.50001 12.50000
-15.20000 -24.50001 13.00000
-14.70000 -25.50001 5.50000
-15.20000 -25.50001 5.00000
-15.20000 -25.00001 12.50000
-15.20000 -25.50001 12.00000
-15.20000 -26.00001 5.50000
-14.70000 -26.50001 6.50000
-15.20000 -26.50001 6.00000
-14.70000 -26.50001 11.50000
-15.20000 -26.50001 12.00000
-15.20000 -27.00001 6.50000
-14.70000 -27.50001 7.50000
-15.20000 -27.50001 7.00000
-15.20000 -27.00001 11.50000
-15.20000 -27.50001 11.00000
-15.20000 -28.00001 7.50000
-15.20000 -28.50001 8.00000
-15.20000 -28.50001 11.00000
-15.20000 -29.00001 8.50000
-15.20000 -29.50001 9.00000
-15.20000 -29.00001 10.50000
-15.20000 -29.50001 10.00000
-15.20000 -30.00001 9.50000
-15.70000 6.49999 -13.50000
-16.20000 6.49999 -14.00000
-16.20000 6.99999 -13.50000
-16.20000 6.99999 -12.50000
-16.20000 6.99999 -11.50000
-15.70000 6.49999 -11.50000
-16.20000 6.49999 -11.00000
-15.70000 5.49999 -13.50000
-16.20000 5.49999 -14.00000
-16.20000 5.99999 -10.50000
-16.20000 5.49999 -10.00000
-15.70000 4.49999 -13.50000
-16.20000 4.49999 -14.00000
-16.20000 4.99999 -9.50000
-15.70000 4.49999 -8.50000
-16.20000 4.49999 -9.00000
-16.20000 3.49999 -14.00000
-16.20000 3.99999 -8.50000
-16.20000 3.99999 -7.50000
-16.20000 3.49999 -7.00000
-15.70000 2.49999 -13.50000
-16.20000 2.49999 -14.00000
-16.20000 2.99999 -6.50000
-15.70000 2.49999 -5.50000
-16.20000 2.49999 -6.00000
-16.20000 1.99999 -13.50000
-16.20000 1.49999 -13.00000
-16.20000 1.99999 -5.50000
-16.20000 1.99999 -4.50000
-15.70000 1.49999 -3.50000
-16.20000 1.49999 -4.00000
-15.70000 1.49999 -2.50000
-15.70000 0.49999 -12.50000
-16.20000 0.49999 -13.00000
-16.20000 0.99999 -3.50000
-16.20000 0.99999 -2.50000
-16.20000 0.99999 -1.50000
-15.70000 0.49999 -1.50000
-16.20000 0.49999 -1.00000
-16.20000 -0.00001 -12.50000
-16.20000 -0.50001 -12.00000
-15.70000 -0.50001 -2.50000
-16.20000 -0.50001 -2.00000
-16.20000 -0.00001 -1.50000
-16.20000 -1.00001 -11.50000
-16.20000 -1.50001 -11.00000
-15.70000 -1.50001 -3.50000
-15.70000 -1.50001 -2.50000
-16.20000 -1.50001 -2.00000
-15.70000 -2.50001 -10.50000
-16.20000 -2.50001 -11.00000
-15.70000 -2.50001 -3.50000
-16.20000 -2.50001 -3.00000
-16.20000 -2.00001 -2.50000
-16.20000 -3.00001 -10.50000
-15.70000 -3.50001 -9.50000
-16.20000 -3.50001 -10.00000
-15.70000 -3.50001 -4.50000
-15.70000 -3.50001 -3.50000
-16.20000 -3.50001 -3.00000
-16.20000 -4.00001 -9.50000
-15.70000 -4.50001 -8.50000
-16.20000 -4.50001 -9.00000
-15.70000 -4.50001 -7.50000
-15.70000 -4.50001 -4.50000
-16.20000 -4.50001 -4.00000
-16.20000 -4.00001 -3.50000
-16.20000 -5.00001 -8.50000
-15.70000 -5.50001 -7.50000
-16.20000 -5.50001 -8.00000
-15.70000 -5.50001 -6.50000
-15.70000 -5.50001 -5.50000
-16.20000 -5.50001 -5.00000
-16.20000 -5.00001 -4.50000
-16.20000 -6.00001 -7.50000
-16.20000 -6.00001 -6.50000
-16.20000 -6.00001 -5.50000
-15.70000 -18.50001 0.50000
-16.20000 -18.50001 0.00000
-16.20000 -18.00001 0.50000
-16.20000 -18.50001 1.00000
-16.20000 -19.00001 0.50000
-16.20000 -19.50001 1.00000
-15.70000 -19.50001 1.50000
-16.20000 -19.00001 1.50000
-16.20000 -19.50001 2.00000
-16.20000 -20.00001 1.50000
-16.20000 -20.50001 2.00000
-15.70000 -20.50001 2.50000
-16.20000 -20.00001 2.50000
-16.20000 -20.00001 3.50000
-15.70000 -20.50001 3.50000
-16.20000 -20.50001 4.00000
-16.20000 -21.50001 2.00000
-16.20000 -21.00001 4.50000
-16.20000 -21.50001 5.00000
-16.20000 -22.00001 2.50000
-16.20000 -22.50001 3.00000
-16.20000 -22.00001 5.50000
-16.20000 -22.50001 6.00000
-16.20000 -23.00001 3.50000
-16.20000 -23.50001 4.00000
-16.20000 -23.00001 6.50000
-16.20000 -23.50001 7.00000
-15.70000 -23.50001 12.50000
-16.20000 -23.50001 12.00000
-16.20000 -23.00001 12.50000
-16.20000 -23.50001 13.00000
-15.70000 -24.50001 4.50000
-16.20000 -24.50001 4.00000
-16.20000 -24.00001 7.50000
-16.20000 -24.00001 8.50000
-16.20000 -24.00001 9.50000
-16.20000 -24.00001 10.50000
-16.20000 -24.00001 11.50000
-16.20000 -24.50001 13.00000
-16.20000 -25.00001 4.50000
-16.20000 -25.50001 5.00000
-15.70000 -25.50001 12.50000
-16.20000 -25.50001 13.00000
-16.20000 -26.00001 5.50000
-16.20000 -26.50001 6.00000
-16.20000 -26.00001 12.50000
-16.20000 -26.50001 12.00000
-16.20000 -27.00001 6.50000
-16.20000 -27.50001 7.00000
-15.70000 -27.50001 11.50000
-16.20000 -27.50001 12.00000
-16.20000 -28.00001 7.50000
-16.20000 -28.50001 8.00000
-16.20000 -28.00001 11.50000
-16.20000 -28.50001 11.00000
-16.20000 -29.00001 8.50000
-16.20000 -29.50001 9.00000
-16.20000 -29.00001 10.50000
-16.20000 -29.50001 10.00000
-16.20000 -30.00001 9.50000
-17.20000 6.49999 -14.00000
-17.20000 6.99999 -13.50000
-17.20000 6.99999 -12.50000
-17.20000 6.99999 -11.50000
-17.20000 6.49999 -11.00000
-16.70000 5.49999 -14.50000
-17.20000 5.49999 -15.00000
-17.20000 5.99999 -14.50000
-17.20000 5.99999 -10.50000
-17.20000 5.49999 -10.00000
-16.70000 4.49999 -14.50000
-17.20000 4.49999 -15.00000
-17.20000 4.99999 -9.50000
-17.20000 4.49999 -9.00000
-16.70000 3.49999 -14.50000
-17.20000 3.49999 -15.00000
-17.20000 3.99999 -8.50000
-16.70000 3.49999 -7.50000
-17.20000 3.49999 -8.00000
-17.20000 2.99999 -14.50000
-17.20000 2.49999 -14.00000
-17.20000 2.99999 -7.50000
-16.70000 2.49999 -6.50000
-17.20000 2.49999 -7.00000
-17.20000 1.99999 -13.50000
-17.20000 1.49999 -13.00000
-17.20000 1.99999 -6.50000
-17.20000 1.99999 -5.50000
-16.70000 1.49999 -4.50000
-17.20000 1.49999 -5.00000
-17.20000 0.49999 -13.00000
-17.20000 0.99999 -4.50000
-17.20000 0.99999 -3.50000
-16.70000 0.49999 -2.50000
-17.20000 0.49999 -3.00000
-16.70000 0.49999 -1.50000
-17.20000 -0.00001 -12.50000
-17.20000 -0.50001 -12.00000
-17.20000 -0.00001 -2.50000
-17.20000 -0.50001 -2.00000
-16.70000 -1.50001 -11.50000
-17.20000 -1.50001 -12.00000
-17.20000 -1.50001 -2.00000
-17.20000 -2.00001 -11.50000
-17.20000 -2.50001 -11.00000
-16.70000 -2.50001 -2.50000
-17.20000 -2.50001 -2.00000
-16.70000 -3.50001 -10.50000
-17.20000 -3.50001 -11.00000
-16.70000 -3.50001 -2.50000
-17.20000 -3.50001 -2.00000
-17.20000 -4.00001 -10.50000
-16.70000 -4.50001 -9.50000
-17.20000 -4.50001 -10.00000
-16.70000 -4.50001 -3.50000
-17.20000 -4.50001 -3.00000
-17.20000 -4.00001 -2.50000
-16.70000 -5.50001 -9.50000
-17.20000 -5.50001 -10.00000
-16.70000 -5.50001 -8.50000
-16.70000 -5.50001 -4.50000
-16.70000 -5.50001 -3.50000
-17.20000 -5.50001 -3.00000
-17.20000 -6.00001 -9.50000
-17.20000 -6.00001 -8.50000
-17.20000 -6.00001 -7.50000
-17.20000 -6.00001 -6.50000
-16.70000 -6.50001 -5.50000
-17.20000 -6.50001 -6.00000
-16.70000 -6.50001 -4.50000
-17.20000 -6.50001 -4.00000
-17.20000 -6.00001 -3.50000
-17.20000 -7.00001 -5.50000
-17.20000 -7.00001 -4.50000
-16.70000 -16.50001 -0.50000
-17.20000 -16.50001 -1.00000
-17.20000 -16.00001 -0.50000
-17.20000 -16.00001 0.50000
-16.70000 -16.50001 0.50000
-17.20000 -16.50001 1.00000
-16.70000 -17.50001 -0.50000
-17.20000 -17.50001 -1.00000
-16.70000 -17.50001 0.50000
-17.20000 -17.50001 1.00000
-17.20000 -18.00001 -0.50000
-17.20000 -18.50001 0.00000
-17.20000 -18.00001 1.50000
-16.70000 -18.50001 1.50000
-17.20000 -18.50001 2.00000
-17.20000 -19.00001 0.50000
-16.70000 -19.00001 1.00000
-17.20000 -19.50001 1.00000
-17.20000 -19.00001 2.50000
-16.70000 -19.50001 2.50000
-17.20000 -19.50001 3.00000
-16.70000 -20.50001 1.50000
-17.20000 -20.50001 1.00000
-17.20000 -20.00001 3.50000
-17.20000 -20.50001 4.00000
-17.20000 -21.00001 1.50000
-17.20000 -21.50001 2.00000
-17.20000 -21.00001 4.50000
-17.20000 -21.50001 5.00000
-16.70000 -22.50001 2.50000
-17.20000 -22.50001 2.00000
-17.20000 -22.00001 5.50000
-17.20000 -22.50001 6.00000
-17.20000 -23.00001 2.50000
-16.70000 -23.50001 3.50000
-17.20000 -23.50001 3.00000
-17.20000 -23.00001 6.50000
-17.20000 -23.50001 7.00000
-17.20000 -23.50001 12.00000
-17.20000 -23.00001 12.50000
-17.20000 -23.50001 13.00000
-17.20000 -24.00001 3.50000
-17.20000 -24.50001 4.00000
-17.20000 -24.00001 7.50000
-17.20000 -24.00001 8.50000
-17.20000 -24.00001 9.50000
-17.20000 -24.00001 10.50000
-17.20000 -24.00001 11.50000
-17.20000 -24.50001 13.00000
-17.20000 -25.00001 4.50000
-17.20000 -25.50001 5.00000
-17.20000 -25.50001 13.00000
-17.20000 -26.00001 5.50000
-17.20000 -26.50001 6.00000
-17.20000 -26.00001 12.50000
-17.20000 -26.50001 12.00000
-17.20000 -27.00001 6.50000
-17.20000 -27.50001 7.00000
-17.20000 -27.50001 12.00000
-16.70000 -28.50001 7.50000
-17.20000 -28.50001 7.00000
-17.20000 -28.00001 11.50000
-17.20000 -28.50001 11.00000
-17.20000 -29.00001 7.50000
-16.70000 -29.50001 8.50000
-17.20000 -29.50001 8.00000
-17.20000 -29.00001 10.50000
-17.20000 -29.50001 10.00000
-17.20000 -30.00001 8.50000
-17.20000 -30.00001 9.50000
-17.70000 6.49999 -14.50000
-18.20000 6.49999 -15.00000
-18.20000 6.99999 -14.50000
-18.20000 6.99999 -13.50000
-18.20000 6.99999 -12.50000
-17.70000 6.49999 -11.50000
-18.20000 6.49999 -12.00000
-18.20000 5.49999 -15.00000
-18.20000 5.99999 -11.50000
-18.20000 5.99999 -10.50000
-18.20000 5.49999 -10.00000
-18.20000 4.49999 -15.00000
-18.20000 4.99999 -9.50000
-18.20000 4.49999 -9.00000
-18.20000 3.49999 -15.00000
-18.20000 3.99999 -8.50000
-18.20000 3.49999 -8.00000
-18.20000 2.99999 -14.50000
-18.20000 2.49999 -14.00000
-18.20000 2.99999 -7.50000
-18.20000 2.49999 -7.00000
-18.20000 1.99999 -13.50000
-18.20000 1.49999 -13.00000
-18.20000 1.99999 -6.50000
-17.70000 1.49999 -5.50000
-18.20000 1.49999 -6.00000
-18.20000 0.49999 -13.00000
-18.20000 0.99999 -5.50000
-18.20000 0.99999 -4.50000
-17.70000 0.49999 -3.50000
-18.20000 0.49999 -4.00000
-17.70000 -0.50001 -12.50000
-18.20000 -0.50001 -13.00000
-17.70000 -0.50001 -4.50000
-18.20000 -0.00001 -4.50000
-18.20000 -0.50001 -5.00000
-17.70000 -0.50001 -3.50000
-18.20000 -0.00001 -2.50000
-18.20000 -0.50001 -3.00000
-18.20000 -0.50001 -2.00000
-18.20000 -1.00001 -12.50000
-18.20000 -1.50001 -12.00000
-18.20000 -1.00001 -4.50000
-18.20000 -1.00001 -3.50000
-18.20000 -1.50001 -2.00000
-17.70000 -2.50001 -11.50000
-18.20000 -2.50001 -12.00000
-18.20000 -2.50001 -2.00000
-18.20000 -3.00001 -11.50000
-18.20000 -3.50001 -11.00000
-18.20000 -3.00001 -1.50000
-17.70000 -3.50001 -1.50000
-18.20000 -3.50001 -1.00000
-18.20000 -4.00001 -10.50000
-18.20000 -4.50001 -10.00000
-17.70000 -4.50001 -2.50000
-18.20000 -4.50001 -2.00000
-18.20000 -4.00001 -1.50000
-18.20000 -5.50001 -10.00000
-18.20000 -5.00001 -2.50000
-18.20000 -5.50001 -3.00000
-18.20000 -6.00001 -9.50000
-17.70000 -6.50001 -8.50000
-18.20000 -6.50001 -9.00000
-17.70000 -6.50001 -7.50000
-17.70000 -6.50001 -6.50000
-17.70000 -6.50001 -3.50000
-18.20000 -6.50001 -3.00000
-18.20000 -7.00001 -8.50000
-18.20000 -7.00001 -7.50000
-18.20000 -7.00001 -6.50000
-18.20000 -7.00001 -5.50000
-17.70000 -7.50001 -4.50000
-18.20000 -7.50001 -5.00000
-18.20000 -7.50001 -4.00000
-18.20000 -7.00001 -3.50000
-18.20000 -8.00001 -4.50000
-17.70000 -14.50001 -1.50000
-18.20000 -14.50001 -2.00000
-18.20000 -14.00001 -1.50000
-18.20000 -14.50001 -1.00000
-17.70000 -15.50001 -1.50000
-18.20000 -15.50001 -2.00000
-18.20000 -15.00001 -0.50000
-17.70000 -15.50001 -0.50000
-18.20000 -15.00001 0.50000
-17.70000 -15.50001 0.50000
-18.20000 -15.50001 1.00000
-18.20000 -16.00001 -1.50000
-18.20000 -16.50001 -1.00000
-18.20000 -16.50001 1.00000
-18.20000 -17.50001 -1.00000
-18.20000 -17.50001 1.00000
-18.20000 -18.00001 -0.50000
-18.20000 -18.50001 0.00000
-18.20000 -18.00001 1.50000
-18.20000 -18.00001 2.50000
-17.70000 -18.50001 2.50000
-18.20000 -18.50001 3.00000
-17.70000 -19.50001 0.50000
-18.20000 -19.50001 0.00000
-18.20000 -19.50001 3.00000
-18.20000 -20.00001 0.50000
-18.20000 -20.50001 1.00000
-18.20000 -20.00001 3.50000
-18.20000 -20.50001 4.00000
-17.70000 -21.50001 1.50000
-18.20000 -21.50001 1.00000
-18.20000 -21.00001 4.50000
-18.20000 -21.50001 5.00000
-18.20000 -22.00001 1.50000
-18.20000 -22.50001 2.00000
-18.20000 -22.00001 5.50000
-18.20000 -22.50001 6.00000
-18.20000 -23.00001 2.50000
-18.20000 -23.50001 3.00000
-18.20000 -23.00001 6.50000
-18.20000 -23.00001 7.50000
-17.70000 -23.50001 7.50000
-18.20000 -23.50001 8.00000
-17.70000 -23.50001 11.50000
-18.20000 -23.50001 11.00000
-18.20000 -23.00001 11.50000
-18.20000 -23.00001 12.50000
-18.20000 -23.50001 13.00000
-18.20000 -24.00001 3.50000
-18.20000 -24.50001 4.00000
-18.20000 -24.00001 8.50000
-18.20000 -24.00001 9.50000
-18.20000 -24.00001 10.50000
-18.20000 -24.50001 13.00000
-18.20000 -25.00001 4.50000
-18.20000 -25.50001 5.00000
-18.20000 -25.50001 13.00000
-17.70000 -26.50001 5.50000
-18.20000 -26.50001 5.00000
-18.20000 -26.00001 12.50000
-18.20000 -26.50001 12.00000
-18.20000 -27.00001 5.50000
-17.70000 -27.50001 6.50000
-18.20000 -27.50001 6.00000
-18.20000 -27.50001 12.00000
-18.20000 -28.00001 6.50000
-18.20000 -28.50001 7.00000
-18.20000 -28.00001 11.50000
-18.20000 -28.50001 11.00000
-17.70000 -29.50001 7.50000
-18.20000 -29.50001 7.00000
-18.20000 -29.00001 10.50000
-18.20000 -29.50001 10.00000
-18.20000 -30.00001 7.50000
-18.20000 -30.00001 8.50000
-18.20000 -30.00001 9.50000
-18.70000 7.49999 -14.50000
-19.20000 7.49999 -15.00000
-19.20000 7.99999 -14.50000
-19.20000 7.49999 -14.00000
-18.70000 6.49999 -15.50000
-19.20000 6.49999 -16.00000
-19.20000 6.99999 -15.50000
-19.20000 6.99999 -13.50000
-19.20000 6.99999 -12.50000
-19.20000 6.49999 -12.00000
-18.70000 5.49999 -15.50000
-19.20000 5.49999 -16.00000
-19.20000 5.99999 -11.50000
-19.20000 5.99999 -10.50000
-19.20000 5.49999 -10.00000
-19.20000 4.99999 -15.50000
-19.20000 4.49999 -15.00000
-19.20000 4.99999 -9.50000
-19.20000 4.49999 -9.00000
-19.20000 3.49999 -15.00000
-19.20000 3.99999 -8.50000
-19.20000 3.49999 -8.00000
-19.20000 2.99999 -14.50000
-19.20000 2.49999 -14.00000
-19.20000 2.99999 -7.50000
-19.20000 2.49999 -7.00000
-19.20000 1.99999 -13.50000
-19.20000 1.49999 -13.00000
-19.20000 1.99999 -6.50000
-19.20000 1.49999 -6.00000
-19.20000 0.49999 -13.00000
-19.20000 0.99999 -5.50000
-18.70000 0.49999 -4.50000
-19.20000 0.49999 -5.00000
-19.20000 -0.50001 -13.00000
-19.20000 -0.50001 -5.00000
-18.70000 -0.50001 -2.50000
-19.20000 -1.00001 -12.50000
-19.20000 -1.50001 -12.00000
-18.70000 -1.50001 -4.50000
-19.20000 -1.50001 -5.00000
-18.70000 -1.50001 -3.50000
-18.70000 -1.50001 -2.50000
-19.20000 -2.00001 -11.50000
-18.70000 -2.50001 -11.50000
-19.20000 -2.50001 -11.00000
-19.20000 -2.00001 -4.50000
-19.20000 -2.00001 -3.50000
-19.20000 -2.00001 -2.50000
-19.20000 -2.50001 -2.00000
-19.20000 -3.50001 -11.00000
-18.70000 -3.50001 -1.50000
-19.20000 -3.50001 -2.00000
-18.70000 -4.50001 -10.50000
-19.20000 -4.50001 -11.00000
-19.20000 -4.50001 -2.00000
-19.20000 -5.00001 -10.50000
-19.20000 -5.50001 -10.00000
-18.70000 -5.50001 -2.50000
-19.20000 -5.50001 -2.00000
-19.20000 -6.00001 -9.50000
-19.20000 -6.50001 -9.00000
-18.70000 -6.50001 -2.50000
-19.20000 -6.50001 -2.00000
-19.20000 -7.00001 -8.50000
-18.70000 -7.50001 -7.50000
-19.20000 -7.50001 -8.00000
-18.70000 -7.50001 -6.50000
-18.70000 -7.50001 -5.50000
-19.20000 -7.00001 -3.50000
-19.20000 -7.50001 -4.00000
-19.20000 -7.00001 -2.50000
-18.70000 -8.50001 -7.50000
-19.20000 -8.50001 -8.00000
-18.70000 -8.50001 -6.50000
-18.70000 -8.50001 -5.50000
-19.20000 -8.00001 -4.50000
-19.20000 -8.50001 -5.00000
-19.20000 -9.00001 -7.50000
-18.70000 -9.50001 -6.50000
-19.20000 -9.50001 -7.00000
-18.70000 -9.50001 -5.50000
-19.20000 -9.00001 -4.50000
-18.70000 -9.50001 -4.50000
-19.20000 -9.50001 -4.00000
-19.20000 -10.00001 -6.50000
-18.70000 -10.50001 -5.50000
-19.20000 -10.50001 -6.00000
-18.70000 -10.50001 -4.50000
-19.20000 -10.50001 -4.00000
-19.20000 -11.00001 -5.50000
-19.20000 -11.00001 -4.50000
-19.20000 -11.50001 -4.00000
-18.70000 -11.50001 -3.50000
-19.20000 -11.00001 -3.50000
-19.20000 -11.50001 -3.00000
-18.70000 -12.50001 -3.50000
-19.20000 -12.50001 -4.00000
-19.20000 -12.00001 -2.50000
-18.70000 -12.50001 -2.50000
-19.20000 -12.50001 -2.00000
-19.20000 -13.00001 -3.50000
-18.70000 -13.50001 -2.50000
-19.20000 -13.50001 -3.00000
-19.20000 -13.00001 -1.50000
-18.70000 -13.50001 -1.50000
-19.20000 -13.50001 -1.00000
-18.70000 -14.50001 -2.50000
-19.20000 -14.50001 -3.00000
-19.20000 -14.00001 -0.50000
-18.70000 -14.50001 -0.50000
-19.20000 -14.50001 0.00000
-19.20000 -15.00001 -2.50000
-19.20000 -15.50001 -2.00000
-19.20000 -15.00001 0.50000
-19.20000 -15.50001 1.00000
-18.70000 -16.50001 -1.50000
-19.20000 -16.50001 -2.00000
-19.20000 -16.50001 1.00000
-19.20000 -17.00001 -1.50000
-19.20000 -17.50001 -1.00000
-19.20000 -17.00001 1.50000
-18.70000 -17.50001 1.50000
-19.20000 -17.00001 2.50000
-18.70000 -17.50001 2.50000
-19.20000 -17.50001 3.00000
-18.70000 -18.50001 -0.50000
-19.20000 -18.50001 -1.00000
-19.20000 -18.50001 3.00000
-19.20000 -19.00001 -0.50000
-19.20000 -19.50001 0.00000
-19.20000 -19.50001 3.00000
-19.20000 -20.00001 0.50000
-19.20000 -20.50001 1.00000
-19.20000 -20.00001 3.50000
-19.20000 -20.50001 4.00000
-19.20000 -21.50001 1.00000
-19.20000 -21.00001 4.50000
-19.20000 -21.50001 5.00000
-19.20000 -22.00001 1.50000
-19.20000 -22.50001 2.00000
-19.20000 -22.00001 5.50000
-19.20000 -22.50001 6.00000
-19.20000 -23.00001 2.50000
-19.20000 -23.50001 3.00000
-19.20000 -23.00001 6.50000
-19.20000 -23.00001 7.50000
-19.20000 -23.00001 8.50000
-18.70000 -23.50001 8.50000
-19.20000 -23.00001 9.50000
-18.70000 -23.50001 9.50000
-19.20000 -23.00001 10.50000
-18.70000 -23.50001 10.50000
-19.20000 -23.00001 11.50000
-19.20000 -23.00001 12.50000
-19.20000 -23.50001 13.00000
-19.20000 -24.00001 3.50000
-19.20000 -24.50001 4.00000
-19.20000 -24.50001 13.00000
-18.70000 -25.50001 4.50000
-19.20000 -25.50001 4.00000
-19.20000 -25.50001 13.00000
-19.20000 -26.00001 4.50000
-19.20000 -26.50001 5.00000
-19.20000 -26.00001 12.50000
-19.20000 -26.50001 12.00000
-19.20000 -27.00001 5.50000
-19.20000 -27.50001 6.00000
-19.20000 -27.50001 12.00000
-19.20000 -28.00001 6.50000
-19.20000 -28.50001 7.00000
-19.20000 -28.00001 11.50000
-19.20000 -28.50001 11.00000
-19.20000 -29.50001 7.00000
-19.20000 -29.00001 10.50000
-19.20000 -29.50001 10.00000
-19.20000 -30.00001 7.50000
-19.20000 -30.00001 8.50000
-19.20000 -30.00001 9.50000
-19.70000 7.49999 -15.50000
-20.20000 7.49999 -16.00000
-20.20000 7.99999 -15.50000
-20.20000 7.99999 -14.50000
-20.20000 7.49999 -14.00000
-20.20000 6.49999 -16.00000
-20.20000 6.99999 -13.50000
-20.20000 6.99999 -12.50000
-20.20000 6.49999 -12.00000
-20.20000 5.49999 -16.00000
-20.20000 5.99999 -11.50000
-20.20000 5.99999 -10.50000
-20.20000 5.49999 -10.00000
-20.20000 4.99999 -15.50000
-20.20000 4.49999 -15.00000
-20.20000 4.99999 -9.50000
-20.20000 4.49999 -9.00000
-20.20000 3.49999 -15.00000
-20.20000 3.99999 -8.50000
-20.20000 3.49999 -8.00000
-20.20000 2.99999 -14.50000
-20.20000 2.49999 -14.00000
-20.20000 2.99999 -7.50000
-20.20000 2.49999 -7.00000
-19.70000 1.49999 -13.50000
-20.20000 1.49999 -14.00000
-20.20000 1.99999 -6.50000
-20.20000 1.49999 -6.00000
-20.20000 0.99999 -13.50000
-20.20000 0.49999 -13.00000
-20.20000 0.99999 -5.50000
-20.20000 0.49999 -5.00000
-20.20000 -0.50001 -13.00000
-20.20000 -0.50001 -5.00000
-20.20000 -1.00001 -12.50000
-20.20000 -1.50001 -12.00000
-20.20000 -1.50001 -5.00000
-19.70000 -2.50001 -11.50000
-20.20000 -2.50001 -12.00000
-20.20000 -2.00001 -4.50000
-19.70000 -2.50001 -3.50000
-20.20000 -2.50001 -4.00000
-19.70000 -2.50001 -2.50000
-20.20000 -3.00001 -11.50000
-20.20000 -3.50001 -11.00000
-20.20000 -3.00001 -3.50000
-20.20000 -3.00001 -2.50000
-20.20000 -3.50001 -2.00000
-20.20000 -4.50001 -11.00000
-20.20000 -4.50001 -2.00000
-20.20000 -5.00001 -10.50000
-20.20000 -5.50001 -10.00000
-19.70000 -5.50001 -2.50000
-20.20000 -5.00001 -2.50000
-20.20000 -5.50001 -3.00000
-20.20000 -6.00001 -9.50000
-20.20000 -6.50001 -9.00000
-19.70000 -6.50001 -2.50000
-20.20000 -6.50001 -3.00000
-19.70000 -7.50001 -8.50000
-20.20000 -7.50001 -9.00000
-20.20000 -7.00001 -3.50000
-20.20000 -7.50001 -4.00000
-20.20000 -8.00001 -8.50000
-20.20000 -8.50001 -8.00000
-19.70000 -8.50001 -4.50000
-20.20000 -8.50001 -4.00000
-20.20000 -9.00001 -7.50000
-20.20000 -9.50001 -7.00000
-20.20000 -9.00001 -3.50000
-19.70000 -9.50001 -3.50000
-20.20000 -9.50001 -3.00000
-20.20000 -10.00001 -6.50000
-20.20000 -10.50001 -6.00000
-19.70000 -10.50001 -3.50000
-20.20000 -10.50001 -3.00000
-20.20000 -11.00001 -5.50000
-19.70000 -11.50001 -4.50000
-20.20000 -11.50001 -5.00000
-20.20000 -11.00001 -2.50000
-19.70000 -11.50001 -2.50000
-20.20000 -11.50001 -2.00000
-20.20000 -12.00001 -4.50000
-20.20000 -12.50001 -4.00000
-20.20000 -12.00001 -1.50000
-19.70000 -12.50001 -1.50000
-20.20000 -12.50001 -1.00000
-19.70000 -13.50001 -3.50000
-20.20000 -13.50001 -4.00000
-20.20000 -13.00001 -0.50000
-19.70000 -13.50001 -0.50000
-20.20000 -13.50001 0.00000
-20.20000 -14.00001 -3.50000
-20.20000 -14.50001 -3.00000
-20.20000 -14.00001 0.50000
-19.70000 -14.50001 0.50000
-20.20000 -14.50001 1.00000
-20.20000 -15.00001 -2.50000
-20.20000 -15.50001 -2.00000
-20.20000 -15.50001 1.00000
-20.20000 -16.50001 -2.00000
-20.20000 -16.50001 1.00000
-19.70000 -16.50001 2.50000
-20.20000 -16.50001 2.00000
-20.20000 -16.00001 2.50000
-20.20000 -16.50001 3.00000
-20.20000 -17.00001 -1.50000
-20.20000 -17.50001 -1.00000
-20.20000 -17.00001 1.50000
-20.20000 -17.50001 3.00000
-20.20000 -18.50001 -1.00000
-20.20000 -18.50001 3.00000
-20.20000 -19.00001 -0.50000
-20.20000 -19.50001 0.00000
-20.20000 -19.50001 3.00000
-19.70000 -20.50001 0.50000
-20.20000 -20.50001 0.00000
-20.20000 -20.00001 3.50000
-20.20000 -20.50001 4.00000
-20.20000 -21.00001 0.50000
-20.20000 -21.50001 1.00000
-20.20000 -21.00001 4.50000
-20.20000 -21.50001 5.00000
-20.20000 -22.00001 1.50000
-20.20000 -22.50001 2.00000
-20.20000 -22.00001 5.50000
-20.20000 -22.00001 6.50000
-19.70000 -22.50001 6.50000
-20.20000 -22.50001 7.00000
-20.20000 -23.00001 2.50000
-20.20000 -23.50001 3.00000
-20.20000 -23.00001 7.50000
-20.20000 -23.00001 8.50000
-20.20000 -23.00001 9.50000
-20.20000 -23.00001 10.50000
-20.20000 -23.00001 11.50000
-19.70000 -23.50001 12.50000
-20.20000 -23.50001 12.00000
-19.70000 -24.50001 3.50000
-20.20000 -24.50001 3.00000
-20.20000 -24.00001 12.50000
-20.20000 -24.50001 13.00000
-20.20000 -25.00001 3.50000
-20.20000 -25.50001 4.00000
-20.20000 -25.50001 13.00000
-19.70000 -26.50001 4.50000
-20.20000 -26.50001 4.00000
-20.20000 -26.00001 12.50000
-20.20000 -26.50001 12.00000
-20.20000 -27.00001 4.50000
-19.70000 -27.50001 5.50000
-20.20000 -27.50001 5.00000
-20.20000 -27.50001 12.00000
-20.20000 -28.00001 5.50000
-19.70000 -28.50001 6.50000
-20.20000 -28.50001 6.00000
-19.70000 -28.50001 11.50000
-20.20000 -28.50001 12.00000
-20.20000 -29.00001 6.50000
-20.20000 -29.50001 7.00000
-20.20000 -29.00001 10.50000
-20.20000 -29.50001 10.00000
-20.20000 -29.00001 11.50000
-20.20000 -30.00001 7.50000
-20.20000 -30.00001 8.50000
-20.20000 -30.00001 9.50000
-21.20000 7.49999 -16.00000
-21.20000 7.99999 -15.50000
-21.20000 7.99999 -14.50000
-21.20000 7.49999 -14.00000
-21.20000 6.49999 -16.00000
-21.20000 6.99999 -13.50000
-21.20000 6.99999 -12.50000
-21.20000 6.49999 -12.00000
-21.20000 5.49999 -16.00000
-21.20000 5.99999 -11.50000
-21.20000 5.99999 -10.50000
-21.20000 5.49999 -10.00000
-20.70000 4.49999 -15.50000
-21.20000 4.49999 -16.00000
-21.20000 4.99999 -9.50000
-21.20000 4.49999 -9.00000
-21.20000 3.99999 -15.50000
-21.20000 3.49999 -15.00000
-21.20000 3.99999 -8.50000
-21.20000 3.49999 -8.00000
-20.70000 2.49999 -14.50000
-21.20000 2.49999 -15.00000
-21.20000 2.99999 -7.50000
-21.20000 2.49999 -7.00000
-21.20000 1.99999 -14.50000
-21.20000 1.49999 -14.00000
-21.20000 1.99999 -6.50000
-21.20000 1.49999 -6.00000
-20.70000 0.49999 -13.50000
-21.20000 0.49999 -14.00000
-21.20000 0.99999 -5.50000
-21.20000 0.49999 -5.00000
-21.20000 -0.00001 -13.50000
-21.20000 -0.50001 -13.00000
-21.20000 -0.50001 -5.00000
-21.20000 -1.00001 -12.50000
-21.20000 -1.50001 -12.00000
-21.20000 -1.00001 -4.50000
-20.70000 -1.50001 -4.50000
-21.20000 -1.50001 -4.00000
-21.20000 -2.50001 -12.00000
-21.20000 -2.50001 -4.00000
-21.20000 -3.00001 -11.50000
-21.20000 -3.50001 -11.00000
-21.20000 -3.00001 -3.50000
-21.20000 -3.00001 -2.50000
-21.20000 -3.50001 -2.00000
-21.20000 -4.50001 -11.00000
-21.20000 -4.50001 -2.00000
-21.20000 -5.00001 -10.50000
-21.20000 -5.50001 -10.00000
-21.20000 -5.00001 -2.50000
-21.20000 -5.50001 -3.00000
-21.20000 -6.00001 -9.50000
-21.20000 -6.50001 -9.00000
-21.20000 -6.50001 -3.00000
-21.20000 -7.00001 -8.50000
-20.70000 -7.50001 -8.50000
-21.20000 -7.50001 -8.00000
-20.70000 -7.50001 -3.50000
-21.20000 -7.50001 -3.00000
-21.20000 -8.50001 -8.00000
-20.70000 -8.50001 -3.50000
-21.20000 -8.50001 -3.00000
-21.20000 -9.00001 -7.50000
-21.20000 -9.50001 -7.00000
-21.20000 -9.50001 -3.00000
-21.20000 -10.00001 -6.50000
-21.20000 -10.50001 -6.00000
-21.20000 -10.00001 -2.50000
-20.70000 -10.50001 -2.50000
-21.20000 -10.50001 -2.00000
-21.20000 -11.00001 -5.50000
-21.20000 -11.50001 -5.00000
-21.20000 -11.00001 -1.50000
-20.70000 -11.50001 -1.50000
-21.20000 -11.50001 -1.00000
-20.70000 -12.50001 -4.50000
-21.20000 -12.50001 -5.00000
-21.20000 -12.50001 -1.00000
-21.20000 -13.00001 -4.50000
-21.20000 -13.50001 -4.00000
-21.20000 -13.00001 -0.50000
-21.20000 -13.50001 0.00000
-21.20000 -14.00001 -3.50000
-21.20000 -14.50001 -3.00000
-20.70000 -14.50001 0.50000
-21.20000 -14.50001 0.00000
-20.70000 -15.50001 -2.50000
-21.20000 -15.50001 -3.00000
-21.20000 -15.00001 0.50000
-21.20000 -15.50001 1.00000
-21.20000 -16.00001 -2.50000
-21.20000 -16.50001 -2.00000
-21.20000 -16.00001 1.50000
-20.70000 -16.50001 1.50000
-21.20000 -16.50001 2.00000
-20.70000 -16.50001 2.50000
-21.20000 -17.00001 -1.50000
-21.20000 -17.50001 -1.00000
-21.20000 -17.00001 2.50000
-21.20000 -17.50001 3.00000
-21.20000 -18.50001 -1.00000
-21.20000 -18.50001 3.00000
-20.70000 -19.50001 -0.50000
-21.20000 -19.50001 -1.00000
-21.20000 -19.00001 3.50000
-20.70000 -19.50001 3.50000
-21.20000 -19.50001 4.00000
-21.20000 -20.00001 -0.50000
-21.20000 -20.50001 0.00000
-21.20000 -20.50001 4.00000
-21.20000 -21.00001 0.50000
-21.20000 -21.50001 1.00000
-21.20000 -21.00001 4.50000
-21.20000 -21.50001 5.00000
-20.70000 -22.50001 1.50000
-21.20000 -22.50001 1.00000
-21.20000 -22.00001 5.50000
-21.20000 -22.00001 6.50000
-21.20000 -22.50001 7.00000
-21.20000 -23.00001 1.50000
-20.70000 -23.50001 2.50000
-21.20000 -23.50001 2.00000
-21.20000 -23.00001 7.50000
-21.20000 -23.00001 8.50000
-21.20000 -23.00001 9.50000
-21.20000 -23.00001 10.50000
-21.20000 -23.00001 11.50000
-21.20000 -23.50001 12.00000
-21.20000 -24.00001 2.50000
-21.20000 -24.50001 3.00000
-20.70000 -24.50001 12.50000
-21.20000 -24.50001 12.00000
-21.20000 -25.00001 3.50000
-21.20000 -25.50001 4.00000
-20.70000 -25.50001 12.50000
-21.20000 -25.50001 12.00000
-21.20000 -26.50001 4.00000
-21.20000 -26.50001 12.00000
-21.20000 -27.00001 4.50000
-21.20000 -27.50001 5.00000
-21.20000 -27.50001 12.00000
-20.70000 -28.50001 5.50000
-21.20000 -28.50001 5.00000
-20.70000 -28.50001 11.50000
-21.20000 -28.00001 11.50000
-21.20000 -28.50001 11.00000
-21.20000 -29.00001 5.50000
-20.70000 -29.50001 6.50000
-21.20000 -29.50001 6.00000
-21.20000 -29.00001 10.50000
-21.20000 -29.50001 10.00000
-21.20000 -30.00001 6.50000
-21.20000 -30.00001 7.50000
-21.20000 -30.00001 8.50000
-21.20000 -30.00001 9.50000
-21.70000 7.49999 -15.50000
-22.20000 7.49999 -15.00000
-22.20000 7.99999 -14.50000
-22.20000 7.49999 -14.00000
-21.70000 6.49999 -16.50000
-22.20000 6.49999 -17.00000
-22.20000 6.99999 -16.50000
-22.20000 6.99999 -15.50000
-22.20000 6.99999 -13.50000
-22.20000 6.99999 -12.50000
-22.20000 6.49999 -12.00000
-22.20000 5.99999 -16.50000
-22.20000 5.49999 -16.00000
-22.20000 5.99999 -11.50000
-22.20000 5.99999 -10.50000
-22.20000 5.49999 -10.00000
-22.20000 4.49999 -16.00000
-22.20000 4.99999 -9.50000
-22.20000 4.49999 -9.00000
-21.70000 3.49999 -15.50000
-22.20000 3.49999 -16.00000
-22.20000 3.99999 -8.50000
-22.20000 3.49999 -8.00000
-22.20000 2.99999 -15.50000
-22.20000 2.49999 -15.00000
-22.20000 2.99999 -7.50000
-22.20000 2.49999 -7.00000
-21.70000 1.49999 -14.50000
-22.20000 1.49999 -15.00000
-22.20000 1.99999 -6.50000
-22.20000 1.49999 -6.00000
-22.20000 0.99999 -14.50000
-22.20000 0.49999 -14.00000
-22.20000 0.99999 -5.50000
-22.20000 0.99999 -4.50000
-21.70000 0.49999 -4.50000
-22.20000 0.49999 -4.00000
-22.20000 -0.00001 -13.50000
-22.20000 -0.50001 -13.00000
-21.70000 -0.50001 -4.50000
-22.20000 -0.00001 -3.50000
-21.70000 -0.50001 -3.50000
-22.20000 -0.50001 -3.00000
-21.70000 -1.50001 -12.50000
-22.20000 -1.50001 -13.00000
-22.20000 -1.00001 -3.50000
-22.20000 -1.50001 -4.00000
-22.20000 -2.00001 -12.50000
-22.20000 -2.50001 -12.00000
-22.20000 -2.00001 -3.50000
-21.70000 -2.50001 -3.50000
-22.20000 -2.50001 -3.00000
-22.20000 -3.00001 -11.50000
-22.20000 -3.50001 -11.00000
-22.20000 -3.50001 -3.00000
-21.70000 -3.50001 -2.50000
-22.20000 -4.50001 -11.00000
-22.20000 -4.00001 -2.50000
-22.20000 -4.50001 -2.00000
-22.20000 -5.00001 -10.50000
-22.20000 -5.50001 -10.00000
-21.70000 -5.50001 -2.50000
-22.20000 -5.50001 -2.00000
-22.20000 -6.00001 -9.50000
-22.20000 -6.50001 -9.00000
-22.20000 -6.00001 -2.50000
-22.20000 -6.50001 -3.00000
-22.20000 -7.00001 -8.50000
-22.20000 -7.50001 -8.00000
-22.20000 -7.50001 -3.00000
-22.20000 -8.00001 -7.50000
-21.70000 -8.50001 -7.50000
-22.20000 -8.50001 -7.00000
-22.20000 -8.50001 -3.00000
-22.20000 -9.50001 -7.00000
-22.20000 -9.00001 -2.50000
-21.70000 -9.50001 -2.50000
-22.20000 -9.50001 -2.00000
-22.20000 -10.00001 -6.50000
-22.20000 -10.50001 -6.00000
-22.20000 -10.50001 -2.00000
-22.20000 -11.00001 -5.50000
-22.20000 -11.50001 -5.00000
-22.20000 -11.00001 -1.50000
-22.20000 -11.50001 -1.00000
-22.20000 -12.50001 -5.00000
-22.20000 -12.50001 -1.00000
-22.20000 -13.00001 -4.50000
-22.20000 -13.50001 -4.00000
-22.20000 -13.00001 -0.50000
-22.20000 -13.50001 0.00000
-22.20000 -14.00001 -3.50000
-22.20000 -14.50001 -3.00000
-22.20000 -14.50001 0.00000
-22.20000 -15.50001 -3.00000
-22.20000 -15.00001 0.50000
-22.20000 -15.00001 1.50000
-21.70000 -15.50001 1.50000
-22.20000 -15.50001 2.00000
-22.20000 -16.00001 -2.50000
-22.20000 -16.50001 -2.00000
-22.20000 -16.50001 2.00000
-21.70000 -17.50001 -1.50000
-22.20000 -17.50001 -2.00000
-22.20000 -17.00001 2.50000
-22.20000 -17.50001 3.00000
-21.70000 -18.50001 -1.50000
-22.20000 -18.50001 -2.00000
-22.20000 -18.50001 3.00000
-22.20000 -19.00001 -1.50000
-22.20000 -19.50001 -1.00000
-22.20000 -19.00001 3.50000
-22.20000 -19.50001 4.00000
-21.70000 -20.50001 -0.50000
-22.20000 -20.50001 -1.00000
-22.20000 -20.00001 4.50000
-21.70000 -20.50001 4.50000
-22.20000 -20.50001 5.00000
-22.20000 -21.00001 -0.50000
-21.70000 -21.50001 0.50000
-22.20000 -21.50001 0.00000
-22.20000 -21.00001 5.50000
-21.70000 -21.50001 5.50000
-22.20000 -21.50001 6.00000
-22.20000 -22.00001 0.50000
-22.20000 -22.50001 1.00000
-22.20000 -22.00001 6.50000
-22.20000 -22.00001 7.50000
-21.70000 -22.50001 7.50000
-22.20000 -22.00001 8.50000
-21.70000 -22.50001 8.50000
-22.20000 -22.50001 9.00000
-21.70000 -23.50001 1.50000
-22.20000 -23.50001 1.00000
-22.20000 -23.00001 9.50000
-22.20000 -23.00001 10.50000
-21.70000 -23.50001 11.50000
-22.20000 -23.50001 11.00000
-22.20000 -24.00001 1.50000
-21.70000 -24.50001 2.50000
-22.20000 -24.50001 2.00000
-22.20000 -24.00001 11.50000
-22.20000 -24.50001 12.00000
-22.20000 -25.00001 2.50000
-21.70000 -25.50001 3.50000
-22.20000 -25.50001 3.00000
-22.20000 -25.50001 12.00000
-22.20000 -26.00001 3.50000
-22.20000 -26.50001 4.00000
-22.20000 -26.50001 12.00000
-21.70000 -27.50001 4.50000
-22.20000 -27.50001 4.00000
-22.20000 -27.50001 12.00000
-22.20000 -28.00001 4.50000
-22.20000 -28.50001 5.00000
-22.20000 -28.00001 11.50000
-22.20000 -28.50001 11.00000
-22.20000 -29.00001 5.50000
-22.20000 -29.50001 6.00000
-22.20000 -29.00001 10.50000
-22.20000 -29.50001 10.00000
-22.20000 -30.00001 6.50000
-22.20000 -30.00001 7.50000
-22.20000 -30.00001 8.50000
-22.20000 -30.00001 9.50000
-22.70000 7.49999 -14.50000
-22.70000 6.49999 -16.50000
-23.20000 6.49999 -16.00000
-23.20000 6.99999 -15.50000
-23.20000 6.99999 -14.50000
-23.20000 6.99999 -13.50000
-23.20000 6.99999 -12.50000
-23.20000 6.49999 -12.00000
-23.20000 5.49999 -17.00000
-22.70000 5.49999 -16.50000
-23.20000 5.99999 -16.50000
-23.20000 5.99999 -11.50000
-23.20000 5.99999 -10.50000
-23.20000 5.49999 -10.00000
-22.70000 4.49999 -16.50000
-23.20000 4.49999 -17.00000
-23.20000 4.99999 -9.50000
-23.20000 4.49999 -9.00000
-23.20000 3.99999 -16.50000
-23.20000 3.49999 -16.00000
-23.20000 3.99999 -8.50000
-23.20000 3.49999 -8.00000
-22.70000 2.49999 -15.50000
-23.20000 2.49999 -16.00000
-23.20000 2.99999 -7.50000
-23.20000 2.99999 -6.50000
-22.70000 2.49999 -6.50000
-23.20000 2.49999 -6.00000
-23.20000 1.99999 -15.50000
-23.20000 1.49999 -15.00000
-23.20000 1.99999 -5.50000
-22.70000 1.49999 -5.50000
-23.20000 1.49999 -5.00000
-23.20000 0.99999 -14.50000
-23.20000 0.49999 -14.00000
-23.20000 0.99999 -4.50000
-23.20000 0.49999 -4.00000
-22.70000 -0.50001 -13.50000
-23.20000 -0.50001 -14.00000
-23.20000 -0.00001 -3.50000
-23.20000 -0.50001 -3.00000
-23.20000 -1.00001 -13.50000
-23.20000 -1.50001 -13.00000
-22.70000 -1.50001 -3.50000
-23.20000 -1.50001 -3.00000
-23.20000 -2.00001 -12.50000
-23.20000 -2.50001 -12.00000
-23.20000 -2.50001 -3.00000
-22.70000 -3.50001 -11.50000
-23.20000 -3.50001 -12.00000
-23.20000 -3.50001 -3.00000
-23.20000 -4.00001 -11.50000
-23.20000 -4.50001 -11.00000
-23.20000 -4.00001 -2.50000
-23.20000 -4.50001 -2.00000
-23.20000 -5.00001 -10.50000
-23.20000 -5.50001 -10.00000
-23.20000 -5.50001 -2.00000
-23.20000 -6.00001 -9.50000
-23.20000 -6.50001 -9.00000
-22.70000 -6.50001 -2.50000
-23.20000 -6.50001 -2.00000
-23.20000 -7.00001 -8.50000
-23.20000 -7.50001 -8.00000
-22.70000 -7.50001 -2.50000
-23.20000 -7.50001 -2.00000
-22.70000 -8.50001 -7.50000
-23.20000 -8.50001 -8.00000
-22.70000 -8.50001 -2.50000
-23.20000 -8.50001 -2.00000
-23.20000 -9.00001 -7.50000
-23.20000 -9.50001 -7.00000
-23.20000 -9.50001 -2.00000
-23.20000 -10.00001 -6.50000
-23.20000 -10.50001 -6.00000
-23.20000 -10.00001 -1.50000
-22.70000 -10.50001 -1.50000
-23.20000 -10.50001 -1.00000
-22.70000 -11.50001 -5.50000
-23.20000 -11.50001 -6.00000
-23.20000 -11.50001 -1.00000
-23.20000 -12.00001 -5.50000
-23.20000 -12.50001 -5.00000
-23.20000 -12.00001 -0.50000
-22.70000 -12.50001 -0.50000
-23.20000 -12.50001 0.00000
-23.20000 -13.00001 -4.50000
-23.20000 -13.50001 -4.00000
-23.20000 -13.50001 0.00000
-22.70000 -14.50001 -3.50000
-23.20000 -14.50001 -4.00000
-23.20000 -14.00001 0.50000
-22.70000 -14.50001 0.50000
-23.20000 -14.50001 1.00000
-23.20000 -15.00001 -3.50000
-23.20000 -15.50001 -3.00000
-23.20000 -15.00001 1.50000
-23.20000 -15.50001 2.00000
-22.70000 -16.50001 -2.50000
-23.20000 -16.50001 -3.00000
-23.20000 -16.50001 2.00000
-22.70000 -17.50001 -2.50000
-23.20000 -17.50001 -3.00000
-23.20000 -17.00001 2.50000
-23.20000 -17.50001 3.00000
-23.20000 -18.00001 -2.50000
-23.20000 -18.50001 -2.00000
-23.20000 -18.50001 3.00000
-22.70000 -19.50001 -1.50000
-23.20000 -19.50001 -2.00000
-23.20000 -19.00001 3.50000
-23.20000 -19.50001 4.00000
-22.70000 -20.50001 -1.50000
-23.20000 -20.50001 -2.00000
-23.20000 -20.00001 4.50000
-23.20000 -20.50001 5.00000
-23.20000 -21.00001 -1.50000
-22.70000 -21.50001 -0.50000
-23.20000 -21.50001 -1.00000
-23.20000 -21.00001 5.50000
-23.20000 -21.00001 6.50000
-22.70000 -21.50001 6.50000
-23.20000 -21.50001 7.00000
-23.20000 -22.00001 -0.50000
-22.70000 -22.50001 0.50000
-23.20000 -22.50001 0.00000
-23.20000 -22.00001 7.50000
-22.70000 -22.50001 8.50000
-23.20000 -22.50001 8.00000
-23.20000 -23.00001 0.50000
-23.20000 -23.50001 1.00000
-23.20000 -23.00001 8.50000
-23.20000 -23.00001 9.50000
-22.70000 -23.50001 10.50000
-23.20000 -23.50001 10.00000
-22.70000 -24.50001 1.50000
-23.20000 -24.50001 1.00000
-23.20000 -24.00001 10.50000
-22.70000 -24.50001 11.50000
-23.20000 -24.50001 11.00000
-23.20000 -25.00001 1.50000
-22.70000 -25.50001 2.50000
-23.20000 -25.50001 2.00000
-23.20000 -25.00001 11.50000
-23.20000 -25.50001 12.00000
-23.20000 -26.00001 2.50000
-22.70000 -26.50001 3.50000
-23.20000 -26.50001 3.00000
-23.20000 -26.50001 12.00000
-23.20000 -27.00001 3.50000
-23.20000 -27.50001 4.00000
-23.20000 -27.50001 12.00000
-23.20000 -28.00001 4.50000
-23.20000 -28.50001 5.00000
-23.20000 -28.00001 11.50000
-23.20000 -28.50001 11.00000
-23.20000 -29.00001 5.50000
-23.20000 -29.50001 6.00000
-23.20000 -29.00001 10.50000
-23.20000 -29.50001 10.00000
-23.20000 -30.00001 6.50000
-23.20000 -30.00001 7.50000
-23.20000 -30.00001 8.50000
-23.20000 -30.00001 9.50000
-23.70000 6.49999 -15.50000
-24.20000 6.49999 -15.00000
-24.20000 6.99999 -14.50000
-24.20000 6.99999 -13.50000
-24.20000 6.99999 -12.50000
-24.20000 6.49999 -12.00000
-24.20000 5.49999 -17.00000
-24.20000 5.99999 -16.50000
-24.20000 5.99999 -15.50000
-24.20000 5.99999 -11.50000
-23.70000 5.49999 -10.50000
-24.20000 5.49999 -11.00000
-24.20000 4.49999 -17.00000
-24.20000 4.99999 -10.50000
-24.20000 4.99999 -9.50000
-24.20000 4.49999 -9.00000
-24.20000 3.99999 -16.50000
-24.20000 3.49999 -16.00000
-24.20000 3.99999 -8.50000
-24.20000 3.49999 -8.00000
-24.20000 2.49999 -16.00000
-24.20000 2.99999 -7.50000
-24.20000 2.99999 -6.50000
-24.20000 2.49999 -6.00000
-24.20000 1.99999 -15.50000
-24.20000 1.49999 -15.00000
-24.20000 1.99999 -5.50000
-24.20000 1.49999 -5.00000
-23.70000 0.49999 -14.50000
-24.20000 0.49999 -15.00000
-24.20000 0.99999 -4.50000
-24.20000 0.49999 -4.00000
-24.20000 -0.00001 -14.50000
-24.20000 -0.50001 -14.00000
-23.70000 -0.50001 -3.50000
-24.20000 -0.50001 -4.00000
-23.70000 -1.50001 -13.50000
-24.20000 -1.50001 -14.00000
-24.20000 -1.00001 -3.50000
-24.20000 -1.50001 -3.00000
-24.20000 -2.00001 -13.50000
-23.70000 -2.50001 -12.50000
-24.20000 -2.50001 -13.00000
-24.20000 -2.50001 -3.00000
-24.20000 -3.00001 -12.50000
-24.20000 -3.50001 -12.00000
-24.20000 -3.00001 -2.50000
-23.70000 -3.50001 -2.50000
-24.20000 -3.50001 -2.00000
-24.20000 -4.00001 -11.50000
-24.20000 -4.50001 -11.00000
-24.20000 -4.50001 -2.00000
-24.20000 -5.00001 -10.50000
-24.20000 -5.50001 -10.00000
-24.20000 -5.00001 -1.50000
-23.70000 -5.50001 -1.50000
-24.20000 -5.50001 -1.00000
-23.70000 -6.50001 -9.50000
-24.20000 -6.50001 -10.00000
-23.70000 -6.50001 -1.50000
-24.20000 -6.50001 -1.00000
-24.20000 -7.00001 -9.50000
-23.70000 -7.50001 -8.50000
-24.20000 -7.50001 -9.00000
-23.70000 -7.50001 -1.50000
-24.20000 -7.50001 -1.00000
-24.20000 -8.00001 -8.50000
-24.20000 -8.50001 -8.00000
-23.70000 -8.50001 -1.50000
-24.20000 -8.50001 -1.00000
-24.20000 -9.00001 -7.50000
-24.20000 -9.50001 -7.00000
-23.70000 -9.50001 -1.50000
-24.20000 -9.50001 -1.00000
-23.70000 -10.50001 -6.50000
-24.20000 -10.50001 -7.00000
-24.20000 -10.50001 -1.00000
-24.20000 -11.00001 -6.50000
-24.20000 -11.50001 -6.00000
-24.20000 -11.50001 -1.00000
-23.70000 -12.50001 -5.50000
-24.20000 -12.50001 -6.00000
-24.20000 -12.00001 -0.50000
-24.20000 -12.50001 0.00000
-23.70000 -13.50001 -5.50000
-24.20000 -13.50001 -6.00000
-23.70000 -13.50001 -4.50000
-24.20000 -13.00001 0.50000
-23.70000 -13.50001 0.50000
-24.20000 -13.50001 1.00000
-24.20000 -14.00001 -5.50000
-23.70000 -14.50001 -4.50000
-24.20000 -14.50001 -5.00000
-24.20000 -14.50001 1.00000
-23.70000 -15.50001 -4.50000
-24.20000 -15.50001 -5.00000
-23.70000 -15.50001 -3.50000
-24.20000 -15.00001 1.50000
-24.20000 -15.50001 2.00000
-24.20000 -16.00001 -4.50000
-23.70000 -16.50001 -3.50000
-24.20000 -16.50001 -4.00000
-24.20000 -16.50001 2.00000
-23.70000 -17.50001 -3.50000
-24.20000 -17.50001 -4.00000
-24.20000 -17.00001 2.50000
-24.20000 -17.50001 3.00000
-24.20000 -18.00001 -3.50000
-23.70000 -18.50001 -2.50000
-24.20000 -18.50001 -3.00000
-24.20000 -18.00001 3.50000
-23.70000 -18.50001 3.50000
-24.20000 -18.50001 4.00000
-23.70000 -19.50001 -2.50000
-24.20000 -19.50001 -3.00000
-24.20000 -19.00001 4.50000
-23.70000 -19.50001 4.50000
-24.20000 -19.50001 5.00000
-24.20000 -20.00001 -2.50000
-24.20000 -20.50001 -2.00000
-24.20000 -20.00001 5.50000
-23.70000 -20.50001 5.50000
-24.20000 -20.50001 6.00000
-23.70000 -21.50001 -1.50000
-24.20000 -21.50001 -2.00000
-24.20000 -21.00001 6.50000
-24.20000 -21.50001 7.00000
-24.20000 -22.00001 -1.50000
-23.70000 -22.50001 -0.50000
-24.20000 -22.50001 -1.00000
-24.20000 -22.00001 7.50000
-24.20000 -22.50001 8.00000
-24.20000 -23.00001 -0.50000
-23.70000 -23.50001 0.50000
-24.20000 -23.50001 0.00000
-24.20000 -23.00001 8.50000
-23.70000 -23.50001 9.50000
-24.20000 -23.50001 9.00000
-24.20000 -24.00001 0.50000
-24.20000 -24.50001 1.00000
-24.20000 -24.00001 9.50000
-24.20000 -24.00001 10.50000
-24.20000 -24.50001 11.00000
-24.20000 -25.00001 1.50000
-24.20000 -25.50001 2.00000
-23.70000 -25.50001 11.50000
-24.20000 -25.50001 11.00000
-24.20000 -26.00001 2.50000
-24.20000 -26.50001 3.00000
-24.20000 -26.00001 11.50000
-24.20000 -26.50001 12.00000
-24.20000 -27.00001 3.50000
-24.20000 -27.50001 4.00000
-24.20000 -27.50001 12.00000
-24.20000 -28.00001 4.50000
-24.20000 -28.50001 5.00000
-24.20000 -28.00001 11.50000
-24.20000 -28.50001 11.00000
-24.20000 -29.00001 5.50000
-23.70000 -29.50001 6.50000
-24.20000 -29.00001 6.50000
-24.20000 -29.50001 7.00000
-23.70000 -29.50001 9.50000
-24.20000 -29.00001 9.50000
-24.20000 -29.50001 9.00000
-24.20000 -29.00001 10.50000
-24.20000 -30.00001 7.50000
-24.20000 -30.00001 8.50000
-24.70000 6.49999 -14.50000
-24.70000 6.49999 -13.50000
-24.70000 6.49999 -12.50000
-24.70000 5.49999 -16.50000
-25.20000 5.49999 -16.00000
-25.20000 5.99999 -15.50000
-25.20000 5.99999 -14.50000
-25.20000 5.99999 -13.50000
-25.20000 5.99999 -12.50000
-25.20000 5.99999 -11.50000
-25.20000 5.49999 -11.00000
-25.20000 4.49999 -17.00000
-25.20000 4.99999 -16.50000
-25.20000 4.99999 -10.50000
-25.20000 4.99999 -9.50000
-25.20000 4.49999 -9.00000
-25.20000 3.99999 -16.50000
-25.20000 3.49999 -16.00000
-25.20000 3.99999 -8.50000
-25.20000 3.49999 -8.00000
-25.20000 2.49999 -16.00000
-25.20000 2.99999 -7.50000
-25.20000 2.99999 -6.50000
-25.20000 2.49999 -6.00000
-24.70000 1.49999 -15.50000
-25.20000 1.49999 -16.00000
-25.20000 1.99999 -5.50000
-25.20000 1.99999 -4.50000
-24.70000 1.49999 -4.50000
-25.20000 1.49999 -4.00000
-25.20000 0.99999 -15.50000
-25.20000 0.49999 -15.00000
-25.20000 0.49999 -4.00000
-25.20000 -0.00001 -14.50000
-25.20000 -0.50001 -14.00000
-25.20000 -0.50001 -4.00000
-25.20000 -1.50001 -14.00000
-25.20000 -1.00001 -3.50000
-25.20000 -1.50001 -3.00000
-25.20000 -2.00001 -13.50000
-25.20000 -2.50001 -13.00000
-25.20000 -2.50001 -3.00000
-25.20000 -3.00001 -12.50000
-25.20000 -3.50001 -12.00000
-25.20000 -3.00001 -2.50000
-25.20000 -3.50001 -2.00000
-24.70000 -4.50001 -11.50000
-25.20000 -4.50001 -12.00000
-25.20000 -4.50001 -2.00000
-25.20000 -5.00001 -11.50000
-24.70000 -5.50001 -10.50000
-25.20000 -5.50001 -11.00000
-25.20000 -5.00001 -1.50000
-25.20000 -5.50001 -1.00000
-25.20000 -6.00001 -10.50000
-25.20000 -6.50001 -10.00000
-25.20000 -6.50001 -1.00000
-25.20000 -7.00001 -9.50000
-25.20000 -7.50001 -9.00000
-25.20000 -7.00001 -0.50000
-24.70000 -7.50001 -0.50000
-25.20000 -7.50001 0.00000
-24.70000 -8.50001 -8.50000
-25.20000 -8.50001 -9.00000
-24.70000 -8.50001 -0.50000
-25.20000 -8.50001 0.00000
-25.20000 -9.00001 -8.50000
-24.70000 -9.50001 -7.50000
-25.20000 -9.50001 -8.00000
-24.70000 -9.50001 -0.50000
-25.20000 -9.50001 0.00000
-24.70000 -10.50001 -7.50000
-25.20000 -10.50001 -8.00000
-24.70000 -10.50001 -0.50000
-25.20000 -10.50001 0.00000
-25.20000 -11.00001 -7.50000
-24.70000 -11.50001 -6.50000
-25.20000 -11.50001 -7.00000
-24.70000 -11.50001 -0.50000
-25.20000 -11.50001 0.00000
-24.70000 -12.50001 -6.50000
-25.20000 -12.50001 -7.00000
-25.20000 -12.50001 0.00000
-24.70000 -13.50001 -6.50000
-25.20000 -13.50001 -7.00000
-25.20000 -13.00001 0.50000
-25.20000 -13.50001 1.00000
-25.20000 -14.00001 -6.50000
-24.70000 -14.50001 -5.50000
-25.20000 -14.50001 -6.00000
-25.20000 -14.50001 1.00000
-25.20000 -15.00001 -5.50000
-25.20000 -15.50001 -5.00000
-24.70000 -15.50001 1.50000
-25.20000 -15.50001 1.00000
-24.70000 -16.50001 -4.50000
-25.20000 -16.50001 -5.00000
-25.20000 -16.00001 1.50000
-25.20000 -16.50001 2.00000
-25.20000 -17.00001 -4.50000
-25.20000 -17.50001 -4.00000
-25.20000 -17.00001 2.50000
-25.20000 -17.50001 3.00000
-25.20000 -18.00001 -3.50000
-25.20000 -18.50001 -3.00000
-24.70000 -18.50001 3.50000
-25.20000 -18.50001 3.00000
-25.20000 -19.50001 -3.00000
-25.20000 -19.00001 3.50000
-24.70000 -19.50001 4.50000
-25.20000 -19.50001 4.00000
-24.70000 -20.50001 -2.50000
-25.20000 -20.50001 -3.00000
-25.20000 -20.00001 4.50000
-24.70000 -20.50001 5.50000
-25.20000 -20.50001 5.00000
-25.20000 -21.00001 -2.50000
-25.20000 -21.50001 -2.00000
-25.20000 -21.00001 5.50000
-24.70000 -21.50001 6.50000
-25.20000 -21.50001 6.00000
-24.70000 -22.50001 -1.50000
-25.20000 -22.50001 -2.00000
-25.20000 -22.00001 6.50000
-24.70000 -22.50001 7.50000
-25.20000 -22.50001 7.00000
-25.20000 -23.00001 -1.50000
-25.20000 -23.00001 -0.50000
-25.20000 -23.50001 0.00000
-25.20000 -23.00001 7.50000
-25.20000 -23.00001 8.50000
-25.20000 -23.50001 9.00000
-25.20000 -24.00001 0.50000
-25.20000 -24.50001 1.00000
-25.20000 -24.00001 9.50000
-24.70000 -24.50001 10.50000
-25.20000 -24.50001 10.00000
-25.20000 -25.00001 1.50000
-25.20000 -25.50001 2.00000
-25.20000 -25.00001 10.50000
-25.20000 -25.50001 11.00000
-25.20000 -26.00001 2.50000
-25.20000 -26.50001 3.00000
-24.70000 -26.50001 11.50000
-25.20000 -26.50001 11.00000
-25.20000 -27.00001 3.50000
-25.20000 -27.50001 4.00000
-24.70000 -27.50001 11.50000
-25.20000 -27.50001 11.00000
-25.20000 -28.00001 4.50000
-24.70000 -28.50001 5.50000
-25.20000 -28.00001 5.50000
-25.20000 -28.50001 6.00000
-25.20000 -28.50001 11.00000
-25.20000 -29.00001 6.50000
-24.70000 -29.50001 7.50000
-25.20000 -29.00001 7.50000
-24.70000 -29.50001 8.50000
-25.20000 -29.00001 8.50000
-25.20000 -29.00001 9.50000
-25.20000 -29.00001 10.50000
-25.70000 5.49999 -15.50000
-26.20000 5.49999 -15.00000
-26.20000 5.99999 -14.50000
-26.20000 5.99999 -13.50000
-26.20000 5.99999 -12.50000
-26.20000 5.99999 -11.50000
-26.20000 5.49999 -11.00000
-25.70000 4.49999 -16.50000
-26.20000 4.49999 -16.00000
-26.20000 4.99999 -15.50000
-26.20000 4.99999 -10.50000
-26.20000 4.99999 -9.50000
-26.20000 4.49999 -9.00000
-26.20000 3.49999 -16.00000
-26.20000 3.99999 -8.50000
-26.20000 3.99999 -7.50000
-25.70000 3.49999 -7.50000
-26.20000 3.49999 -7.00000
-26.20000 2.49999 -16.00000
-26.20000 2.99999 -6.50000
-26.20000 2.49999 -6.00000
-26.20000 1.49999 -16.00000
-26.20000 1.99999 -5.50000
-26.20000 1.99999 -4.50000
-26.20000 1.49999 -4.00000
-26.20000 0.99999 -15.50000
-26.20000 0.49999 -15.00000
-26.20000 0.49999 -4.00000
-26.20000 -0.00001 -14.50000
-26.20000 -0.50001 -14.00000
-26.20000 -0.00001 -3.50000
-25.70000 -0.50001 -3.50000
-26.20000 -0.50001 -3.00000
-26.20000 -1.50001 -14.00000
-26.20000 -1.50001 -3.00000
-26.20000 -2.00001 -13.50000
-26.20000 -2.50001 -13.00000
-26.20000 -2.00001 -2.50000
-25.70000 -2.50001 -2.50000
-26.20000 -2.50001 -2.00000
-26.20000 -3.00001 -12.50000
-26.20000 -3.50001 -12.00000
-26.20000 -3.50001 -2.00000
-26.20000 -4.50001 -12.00000
-26.20000 -4.00001 -1.50000
-25.70000 -4.50001 -1.50000
-26.20000 -4.50001 -1.00000
-26.20000 -5.00001 -11.50000
-26.20000 -5.50001 -11.00000
-26.20000 -5.50001 -1.00000
-26.20000 -6.00001 -10.50000
-26.20000 -6.50001 -10.00000
-26.20000 -6.00001 -0.50000
-25.70000 -6.50001 -0.50000
-26.20000 -6.50001 0.00000
-25.70000 -7.50001 -9.50000
-26.20000 -7.50001 -10.00000
-26.20000 -7.50001 0.00000
-26.20000 -8.00001 -9.50000
-26.20000 -8.50001 -9.00000
-26.20000 -8.50001 0.00000
-26.20000 -9.00001 -8.50000
-26.20000 -9.50001 -8.00000
-26.20000 -9.50001 0.00000
-26.20000 -10.50001 -8.00000
-26.20000 -10.00001 0.50000
-25.70000 -10.50001 0.50000
-26.20000 -10.50001 1.00000
-25.70000 -11.50001 -7.50000
-26.20000 -11.50001 -8.00000
-25.70000 -11.50001 0.50000
-26.20000 -11.50001 1.00000
-26.20000 -12.00001 -7.50000
-26.20000 -12.50001 -7.00000
-25.70000 -12.50001 0.50000
-26.20000 -12.50001 1.00000
-26.20000 -13.50001 -7.00000
-26.20000 -13.50001 1.00000
-26.20000 -14.00001 -6.50000
-26.20000 -14.50001 -6.00000
-26.20000 -14.50001 1.00000
-26.20000 -15.00001 -5.50000
-26.20000 -15.50001 -5.00000
-26.20000 -15.50001 1.00000
-26.20000 -16.50001 -5.00000
-26.20000 -16.00001 1.50000
-26.20000 -16.50001 2.00000
-26.20000 -17.00001 -4.50000
-26.20000 -17.50001 -4.00000
-25.70000 -17.50001 2.50000
-26.20000 -17.50001 2.00000
-26.20000 -18.00001 -3.50000
-26.20000 -18.50001 -3.00000
-26.20000 -18.00001 2.50000
-26.20000 -18.50001 3.00000
-26.20000 -19.50001 -3.00000
-26.20000 -19.00001 3.50000
-26.20000 -19.50001 4.00000
-26.20000 -20.00001 -2.50000
-25.70000 -20.50001 -2.50000
-26.20000 -20.50001 -2.00000
-26.20000 -20.00001 4.50000
-26.20000 -20.50001 5.00000
-26.20000 -21.50001 -2.00000
-26.20000 -21.00001 5.50000
-26.20000 -21.50001 6.00000
-26.20000 -22.50001 -2.00000
-26.20000 -22.00001 6.50000
-26.20000 -22.50001 7.00000
-26.20000 -23.00001 -1.50000
-26.20000 -23.00001 -0.50000
-26.20000 -23.50001 0.00000
-26.20000 -23.00001 7.50000
-26.20000 -23.00001 8.50000
-26.20000 -23.50001 9.00000
-26.20000 -24.00001 0.50000
-26.20000 -24.50001 1.00000
-26.20000 -24.00001 9.50000
-26.20000 -24.50001 10.00000
-26.20000 -25.00001 1.50000
-26.20000 -25.50001 2.00000
-25.70000 -25.50001 10.50000
-26.20000 -25.50001 10.00000
-26.20000 -26.00001 2.50000
-26.20000 -26.50001 3.00000
-26.20000 -26.00001 10.50000
-26.20000 -26.50001 11.00000
-26.20000 -27.00001 3.50000
-25.70000 -27.50001 4.50000
-26.20000 -27.00001 4.50000
-26.20000 -27.50001 5.00000
-26.20000 -27.50001 11.00000
-26.20000 -28.00001 5.50000
-26.20000 -28.50001 6.00000
-25.70000 -28.50001 10.50000
-26.20000 -28.00001 10.50000
-26.20000 -28.50001 10.00000
-26.20000 -29.00001 6.50000
-26.20000 -29.00001 7.50000
-26.20000 -29.00001 8.50000
-26.20000 -29.00001 9.50000
-26.70000 5.49999 -14.50000
-27.20000 5.49999 -14.00000
-27.20000 5.99999 -13.50000
-27.20000 5.99999 -12.50000
-26.70000 5.49999 -11.50000
-27.20000 5.49999 -12.00000
-26.70000 4.49999 -15.50000
-26.70000 4.49999 -14.50000
-27.20000 4.49999 -14.00000
-27.20000 4.99999 -11.50000
-27.20000 4.99999 -10.50000
-27.20000 4.99999 -9.50000
-27.20000 4.49999 -9.00000
-27.20000 3.49999 -16.00000
-27.20000 3.99999 -15.50000
-27.20000 3.99999 -14.50000
-27.20000 3.99999 -8.50000
-27.20000 3.99999 -7.50000
-27.20000 3.49999 -7.00000
-27.20000 2.49999 -16.00000
-27.20000 2.99999 -6.50000
-27.20000 2.99999 -5.50000
-26.70000 2.49999 -5.50000
-27.20000 2.49999 -5.00000
-27.20000 1.99999 -15.50000
-26.70000 1.49999 -15.50000
-27.20000 1.49999 -15.00000
-27.20000 1.49999 -5.00000
-26.70000 1.49999 -4.50000
-27.20000 0.49999 -15.00000
-27.20000 0.99999 -4.50000
-27.20000 0.99999 -3.50000
-26.70000 0.49999 -3.50000
-27.20000 0.49999 -3.00000
-27.20000 -0.00001 -14.50000
-27.20000 -0.50001 -14.00000
-27.20000 -0.00001 -2.50000
-26.70000 -0.50001 -2.50000
-27.20000 -0.50001 -2.00000
-27.20000 -1.50001 -14.00000
-26.70000 -1.50001 -2.50000
-27.20000 -1.00001 -1.50000
-26.70000 -1.50001 -1.50000
-27.20000 -1.50001 -1.00000
-27.20000 -2.00001 -13.50000
-27.20000 -2.50001 -13.00000
-26.70000 -2.50001 -1.50000
-27.20000 -2.50001 -1.00000
-27.20000 -3.00001 -12.50000
-27.20000 -3.50001 -12.00000
-26.70000 -3.50001 -1.50000
-27.20000 -3.50001 -1.00000
-27.20000 -4.00001 -11.50000
-26.70000 -4.50001 -11.50000
-27.20000 -4.50001 -11.00000
-27.20000 -4.50001 -1.00000
-27.20000 -5.50001 -11.00000
-27.20000 -5.50001 -1.00000
-27.20000 -6.00001 -10.50000
-27.20000 -6.50001 -10.00000
-27.20000 -6.00001 -0.50000
-27.20000 -6.50001 0.00000
-27.20000 -7.50001 -10.00000
-27.20000 -7.50001 0.00000
-27.20000 -8.00001 -9.50000
-27.20000 -8.50001 -9.00000
-27.20000 -8.50001 0.00000
-27.20000 -9.00001 -8.50000
-27.20000 -9.50001 -8.00000
-27.20000 -9.50001 0.00000
-27.20000 -10.50001 -8.00000
-27.20000 -10.00001 0.50000
-27.20000 -10.50001 1.00000
-27.20000 -11.50001 -8.00000
-27.20000 -11.50001 1.00000
-27.20000 -12.00001 -7.50000
-27.20000 -12.50001 -7.00000
-27.20000 -12.00001 1.50000
-26.70000 -12.50001 1.50000
-27.20000 -12.50001 2.00000
-27.20000 -13.50001 -7.00000
-27.20000 -13.00001 1.50000
-27.20000 -13.50001 1.00000
-27.20000 -14.00001 -6.50000
-27.20000 -14.50001 -6.00000
-27.20000 -14.50001 1.00000
-27.20000 -15.00001 -5.50000
-27.20000 -15.50001 -5.00000
-27.20000 -15.50001 1.00000
-27.20000 -16.00001 -4.50000
-26.70000 -16.50001 -4.50000
-27.20000 -16.50001 -4.00000
-27.20000 -16.00001 1.50000
-27.20000 -16.50001 2.00000
-27.20000 -17.50001 -4.00000
-27.20000 -17.50001 2.00000
-27.20000 -18.00001 -3.50000
-27.20000 -18.50001 -3.00000
-27.20000 -18.00001 2.50000
-27.20000 -18.50001 3.00000
-27.20000 -19.50001 -3.00000
-27.20000 -19.00001 3.50000
-27.20000 -19.50001 4.00000
-27.20000 -20.00001 -2.50000
-27.20000 -20.50001 -2.00000
-27.20000 -20.00001 4.50000
-27.20000 -20.50001 5.00000
-27.20000 -21.50001 -2.00000
-27.20000 -21.00001 5.50000
-27.20000 -21.50001 6.00000
-27.20000 -22.00001 -1.50000
-26.70000 -22.50001 -1.50000
-27.20000 -22.50001 -1.00000
-27.20000 -22.00001 6.50000
-27.20000 -22.50001 7.00000
-27.20000 -23.00001 -0.50000
-27.20000 -23.50001 0.00000
-27.20000 -23.00001 7.50000
-27.20000 -23.00001 8.50000
-27.20000 -23.50001 9.00000
-27.20000 -24.00001 0.50000
-27.20000 -24.50001 1.00000
-26.70000 -24.50001 9.50000
-27.20000 -24.50001 9.00000
-27.20000 -25.00001 1.50000
-27.20000 -25.50001 2.00000
-27.20000 -25.00001 9.50000
-27.20000 -25.50001 10.00000
-27.20000 -26.00001 2.50000
-26.70000 -26.50001 3.50000
-27.20000 -26.00001 3.50000
-27.20000 -26.50001 4.00000
-26.70000 -26.50001 10.50000
-27.20000 -26.50001 10.00000
-27.20000 -27.00001 4.50000
-27.20000 -27.50001 5.00000
-26.70000 -27.50001 10.50000
-27.20000 -27.50001 10.00000
-27.20000 -28.00001 5.50000
-26.70000 -28.50001 6.50000
-27.20000 -28.00001 6.50000
-27.20000 -28.50001 7.00000
-26.70000 -28.50001 8.50000
-27.20000 -28.00001 8.50000
-27.20000 -28.50001 8.00000
-26.70000 -28.50001 9.50000
-27.20000 -28.00001 9.50000
-27.20000 -29.00001 7.50000
-27.70000 5.49999 -13.50000
-27.70000 5.49999 -12.50000
-27.70000 4.49999 -13.50000
-28.20000 4.49999 -13.00000
-28.20000 4.99999 -12.50000
-28.20000 4.99999 -11.50000
-28.20000 4.99999 -10.50000
-27.70000 4.49999 -9.50000
-28.20000 4.49999 -10.00000
-27.70000 3.49999 -15.50000
-28.20000 3.49999 -15.00000
-28.20000 3.99999 -14.50000
-28.20000 3.99999 -13.50000
-28.20000 3.99999 -9.50000
-28.20000 3.99999 -8.50000
-28.20000 3.99999 -7.50000
-28.20000 3.49999 -7.00000
-27.70000 2.49999 -15.50000
-28.20000 2.49999 -15.00000
-28.20000 2.99999 -6.50000
-27.70000 2.49999 -5.50000
-28.20000 2.49999 -6.00000
-27.70000 1.49999 -14.50000
-28.20000 1.99999 -14.50000
-28.20000 1.49999 -14.00000
-28.20000 1.99999 -5.50000
-28.20000 1.49999 -5.00000
-27.70000 0.49999 -14.50000
-28.20000 0.49999 -14.00000
-28.20000 0.99999 -4.50000
-28.20000 0.99999 -3.50000
-28.20000 0.99999 -2.50000
-27.70000 0.49999 -2.50000
-28.20000 0.49999 -2.00000
-28.20000 -0.50001 -14.00000
-28.20000 -0.50001 -2.00000
-28.20000 -1.00001 -13.50000
-27.70000 -1.50001 -13.50000
-28.20000 -1.50001 -13.00000
-28.20000 -1.00001 -1.50000
-28.20000 -1.50001 -1.00000
-27.70000 -2.50001 -12.50000
-28.20000 -2.00001 -12.50000
-28.20000 -2.50001 -12.00000
-28.20000 -2.50001 -1.00000
-27.70000 -3.50001 -11.50000
-28.20000 -3.00001 -11.50000
-28.20000 -3.50001 -11.00000
-28.20000 -3.00001 -0.50000
-27.70000 -3.50001 -0.50000
-28.20000 -3.50001 0.00000
-28.20000 -4.50001 -11.00000
-27.70000 -4.50001 -0.50000
-28.20000 -4.50001 0.00000
-28.20000 -5.00001 -10.50000
-27.70000 -5.50001 -10.50000
-28.20000 -5.50001 -10.00000
-27.70000 -5.50001 -0.50000
-28.20000 -5.00001 0.50000
-27.70000 -5.50001 0.50000
-28.20000 -5.50001 1.00000
-28.20000 -6.50001 -10.00000
-27.70000 -6.50001 0.50000
-28.20000 -6.50001 1.00000
-28.20000 -7.00001 -9.50000
-27.70000 -7.50001 -9.50000
-28.20000 -7.50001 -9.00000
-27.70000 -7.50001 0.50000
-28.20000 -7.50001 1.00000
-28.20000 -8.50001 -9.00000
-27.70000 -8.50001 0.50000
-28.20000 -8.50001 1.00000
-28.20000 -9.00001 -8.50000
-28.20000 -9.50001 -8.00000
-27.70000 -9.50001 0.50000
-28.20000 -9.00001 1.50000
-27.70000 -9.50001 1.50000
-28.20000 -9.50001 2.00000
-28.20000 -10.00001 -7.50000
-27.70000 -10.50001 -7.50000
-28.20000 -10.50001 -7.00000
-27.70000 -10.50001 1.50000
-28.20000 -10.50001 2.00000
-27.70000 -11.50001 -7.50000
-28.20000 -11.50001 -7.00000
-27.70000 -11.50001 1.50000
-28.20000 -11.50001 2.00000
-28.20000 -12.50001 -7.00000
-28.20000 -12.50001 2.00000
-28.20000 -13.00001 -6.50000
-27.70000 -13.50001 -6.50000
-28.20000 -13.50001 -6.00000
-27.70000 -13.50001 1.50000
-28.20000 -13.50001 2.00000
-27.70000 -14.50001 -5.50000
-28.20000 -14.00001 -5.50000
-28.20000 -14.50001 -5.00000
-28.20000 -14.00001 1.50000
-28.20000 -14.50001 1.00000
-28.20000 -15.50001 -5.00000
-28.20000 -15.00001 1.50000
-27.70000 -15.50001 1.50000
-28.20000 -15.50001 2.00000
-28.20000 -16.00001 -4.50000
-28.20000 -16.50001 -4.00000
-28.20000 -16.50001 2.00000
-28.20000 -17.00001 -3.50000
-27.70000 -17.50001 -3.50000
-28.20000 -17.50001 -3.00000
-28.20000 -17.00001 2.50000
-27.70000 -17.50001 2.50000
-28.20000 -17.50001 3.00000
-28.20000 -18.50001 -3.00000
-28.20000 -18.50001 3.00000
-28.20000 -19.00001 -2.50000
-27.70000 -19.50001 -2.50000
-28.20000 -19.50001 -2.00000
-28.20000 -19.00001 3.50000
-28.20000 -19.50001 4.00000
-28.20000 -20.50001 -2.00000
-28.20000 -20.00001 4.50000
-28.20000 -20.50001 5.00000
-28.20000 -21.50001 -2.00000
-28.20000 -21.00001 5.50000
-28.20000 -21.50001 6.00000
-28.20000 -22.00001 -1.50000
-28.20000 -22.50001 -1.00000
-28.20000 -22.00001 6.50000
-28.20000 -22.50001 7.00000
-28.20000 -23.00001 -0.50000
-28.20000 -23.50001 0.00000
-28.20000 -23.00001 7.50000
-27.70000 -23.50001 8.50000
-28.20000 -23.50001 8.00000
-28.20000 -24.00001 0.50000
-27.70000 -24.50001 1.50000
-28.20000 -24.00001 1.50000
-28.20000 -24.50001 2.00000
-27.70000 -24.50001 8.50000
-28.20000 -24.50001 8.00000
-27.70000 -25.50001 2.50000
-28.20000 -25.00001 2.50000
-28.20000 -25.50001 3.00000
-28.20000 -25.00001 8.50000
-27.70000 -25.50001 9.50000
-28.20000 -25.50001 9.00000
-28.20000 -26.00001 3.50000
-28.20000 -26.50001 4.00000
-27.70000 -26.50001 9.50000
-28.20000 -26.50001 9.00000
-28.20000 -27.00001 4.50000
-27.70000 -27.50001 5.50000
-28.20000 -27.00001 5.50000
-28.20000 -27.50001 6.00000
-27.70000 -27.50001 7.50000
-28.20000 -27.00001 7.50000
-28.20000 -27.50001 7.00000
-27.70000 -27.50001 8.50000
-28.20000 -27.00001 8.50000
-27.70000 -27.50001 9.50000
-28.20000 -28.00001 6.50000
-27.70000 -28.50001 7.50000
-28.70000 4.49999 -12.50000
-28.70000 4.49999 -11.50000
-28.70000 4.49999 -10.50000
-28.70000 3.49999 -14.50000
-28.70000 3.49999 -13.50000
-28.70000 3.49999 -12.50000
-28.70000 3.49999 -11.50000
-29.20000 3.49999 -11.00000
-29.20000 3.99999 -10.50000
-29.20000 3.99999 -9.50000
-29.20000 3.99999 -8.50000
-29.20000 3.99999 -7.50000
-29.20000 3.49999 -7.00000
-28.70000 2.49999 -14.50000
-28.70000 2.49999 -13.50000
-29.20000 2.49999 -13.00000
-29.20000 2.99999 -12.50000
-29.20000 2.99999 -11.50000
-29.20000 2.99999 -6.50000
-29.20000 2.49999 -6.00000
-28.70000 1.49999 -13.50000
-29.20000 1.49999 -13.00000
-29.20000 1.99999 -5.50000
-29.20000 1.49999 -5.00000
-28.70000 1.49999 -3.50000
-29.20000 1.49999 -4.00000
-29.20000 1.99999 -3.50000
-29.20000 1.49999 -3.00000
-28.70000 0.49999 -13.50000
-29.20000 0.49999 -13.00000
-29.20000 0.99999 -4.50000
-29.20000 0.99999 -2.50000
-29.20000 0.49999 -2.00000
-28.70000 -0.50001 -13.50000
-29.20000 -0.00001 -12.50000
-28.70000 -0.50001 -12.50000
-29.20000 -0.50001 -12.00000
-29.20000 -0.50001 -2.00000
-28.70000 -1.50001 -12.50000
-29.20000 -1.00001 -11.50000
-28.70000 -1.50001 -11.50000
-29.20000 -1.50001 -11.00000
-29.20000 -1.00001 -1.50000
-29.20000 -1.50001 -1.00000
-28.70000 -2.50001 -11.50000
-29.20000 -2.00001 -10.50000
-28.70000 -2.50001 -10.50000
-29.20000 -2.50001 -10.00000
-29.20000 -2.50001 -1.00000
-28.70000 -3.50001 -10.50000
-29.20000 -3.00001 -9.50000
-28.70000 -3.50001 -9.50000
-29.20000 -3.50001 -9.00000
-29.20000 -3.00001 -0.50000
-29.20000 -3.50001 0.00000
-28.70000 -4.50001 -10.50000
-28.70000 -4.50001 -9.50000
-29.20000 -4.50001 -9.00000
-29.20000 -4.50001 0.00000
-28.70000 -5.50001 -9.50000
-29.20000 -5.50001 -9.00000
-28.70000 -5.50001 0.50000
-29.20000 -5.50001 0.00000
-28.70000 -6.50001 -9.50000
-29.20000 -6.50001 -9.00000
-29.20000 -6.00001 0.50000
-29.20000 -6.50001 1.00000
-28.70000 -7.50001 -8.50000
-29.20000 -7.00001 -8.50000
-29.20000 -7.50001 -8.00000
-29.20000 -7.50001 1.00000
-28.70000 -8.50001 -8.50000
-29.20000 -8.00001 -7.50000
-28.70000 -8.50001 -7.50000
-29.20000 -8.50001 -7.00000
-29.20000 -8.50001 1.00000
-28.70000 -9.50001 -7.50000
-29.20000 -9.50001 -7.00000
-29.20000 -9.00001 1.50000
-29.20000 -9.50001 2.00000
-29.20000 -10.50001 -7.00000
-29.20000 -10.50001 2.00000
-29.20000 -11.00001 -6.50000
-28.70000 -11.50001 -6.50000
-29.20000 -11.50001 -6.00000
-29.20000 -11.50001 2.00000
-28.70000 -12.50001 -6.50000
-29.20000 -12.50001 -6.00000
-29.20000 -12.50001 2.00000
-28.70000 -13.50001 -5.50000
-29.20000 -13.00001 -5.50000
-29.20000 -13.50001 -5.00000
-29.20000 -13.00001 2.50000
-28.70000 -13.50001 2.50000
-29.20000 -13.50001 3.00000
-29.20000 -14.50001 -5.00000
-28.70000 -14.50001 1.50000
-29.20000 -14.50001 2.00000
-29.20000 -14.00001 2.50000
-29.20000 -15.00001 -4.50000
-28.70000 -15.50001 -4.50000
-29.20000 -15.50001 -4.00000
-29.20000 -15.00001 2.50000
-28.70000 -15.50001 2.50000
-29.20000 -15.50001 3.00000
-28.70000 -16.50001 -3.50000
-29.20000 -16.00001 -3.50000
-29.20000 -16.50001 -3.00000
-28.70000 -16.50001 2.50000
-29.20000 -16.50001 3.00000
-29.20000 -17.50001 -3.00000
-29.20000 -17.50001 3.00000
-29.20000 -18.00001 -2.50000
-28.70000 -18.50001 -2.50000
-29.20000 -18.50001 -2.00000
-29.20000 -18.00001 3.50000
-28.70000 -18.50001 3.50000
-29.20000 -18.50001 4.00000
-29.20000 -19.50001 -2.00000
-29.20000 -19.00001 4.50000
-28.70000 -19.50001 4.50000
-29.20000 -19.50001 5.00000
-29.20000 -20.50001 -2.00000
-29.20000 -20.00001 5.50000
-28.70000 -20.50001 5.50000
-29.20000 -20.50001 6.00000
-29.20000 -21.00001 -1.50000
-28.70000 -21.50001 -1.50000
-29.20000 -21.50001 -1.00000
-29.20000 -21.50001 6.00000
-28.70000 -22.50001 -0.50000
-29.20000 -22.00001 -0.50000
-29.20000 -22.50001 0.00000
-29.20000 -22.00001 6.50000
-29.20000 -22.50001 7.00000
-28.70000 -23.50001 0.50000
-29.20000 -23.00001 0.50000
-29.20000 -23.50001 1.00000
-28.70000 -23.50001 7.50000
-29.20000 -23.50001 7.00000
-29.20000 -24.00001 1.50000
-29.20000 -24.50001 2.00000
-29.20000 -24.00001 7.50000
-29.20000 -24.50001 8.00000
-29.20000 -25.00001 2.50000
-28.70000 -25.50001 3.50000
-29.20000 -25.00001 3.50000
-29.20000 -25.50001 4.00000
-28.70000 -25.50001 8.50000
-29.20000 -25.50001 8.00000
-28.70000 -26.50001 4.50000
-29.20000 -26.00001 4.50000
-29.20000 -26.50001 5.00000
-28.70000 -26.50001 6.50000
-29.20000 -26.00001 6.50000
-29.20000 -26.50001 6.00000
-28.70000 -26.50001 7.50000
-29.20000 -26.00001 7.50000
-28.70000 -26.50001 8.50000
-29.20000 -27.00001 5.50000
-28.70000 -27.50001 6.50000
-29.70000 3.49999 -10.50000
-29.70000 3.49999 -9.50000
-29.70000 3.49999 -8.50000
-29.70000 3.49999 -7.50000
-29.70000 2.49999 -12.50000
-29.70000 2.49999 -11.50000
-30.20000 2.49999 -11.00000
-30.20000 2.99999 -10.50000
-30.20000 2.49999 -10.00000
-29.70000 2.49999 -9.50000
-29.70000 2.49999 -8.50000
-29.70000 2.49999 -7.50000
-29.70000 2.49999 -6.50000
-29.70000 1.49999 -12.50000
-29.70000 1.49999 -11.50000
-30.20000 1.99999 -10.50000
-29.70000 1.49999 -10.50000
-30.20000 1.99999 -9.50000
-30.20000 1.49999 -10.00000
-30.20000 1.99999 -8.50000
-30.20000 1.99999 -7.50000
-30.20000 1.49999 -7.00000
-29.70000 1.49999 -6.50000
-29.70000 1.49999 -5.50000
-29.70000 1.49999 -3.50000
-29.70000 0.49999 -12.50000
-29.70000 0.49999 -11.50000
-29.70000 0.49999 -10.50000
-30.20000 0.49999 -10.00000
-30.20000 0.99999 -6.50000
-30.20000 0.99999 -5.50000
-30.20000 0.99999 -4.50000
-30.20000 0.99999 -3.50000
-29.70000 0.49999 -2.50000
-30.20000 0.49999 -3.00000
-29.70000 -0.50001 -11.50000
-29.70000 -0.50001 -10.50000
-30.20000 -0.50001 -10.00000
-30.20000 -0.00001 -2.50000
-30.20000 -0.50001 -2.00000
-29.70000 -1.50001 -10.50000
-30.20000 -1.00001 -9.50000
-29.70000 -1.50001 -9.50000
-30.20000 -1.50001 -9.00000
-30.20000 -1.00001 -1.50000
-30.20000 -1.50001 -1.00000
-29.70000 -2.50001 -9.50000
-30.20000 -2.00001 -8.50000
-29.70000 -2.50001 -8.50000
-30.20000 -2.50001 -8.00000
-30.20000 -2.50001 -1.00000
-29.70000 -3.50001 -8.50000
-30.20000 -3.50001 -8.00000
-29.70000 -3.50001 -0.50000
-30.20000 -3.50001 -1.00000
-29.70000 -4.50001 -8.50000
-30.20000 -4.50001 -8.00000
-30.20000 -4.00001 -0.50000
-30.20000 -4.50001 0.00000
-29.70000 -5.50001 -8.50000
-30.20000 -5.00001 -7.50000
-29.70000 -5.50001 -7.50000
-30.20000 -5.50001 -7.00000
-30.20000 -5.50001 0.00000
-29.70000 -6.50001 -8.50000
-29.70000 -6.50001 -7.50000
-30.20000 -6.50001 -7.00000
-30.20000 -6.00001 0.50000
-30.20000 -6.50001 1.00000
-29.70000 -7.50001 -7.50000
-30.20000 -7.00001 -6.50000
-29.70000 -7.50001 -6.50000
-30.20000 -7.50001 -6.00000
-30.20000 -7.50001 1.00000
-29.70000 -8.50001 -6.50000
-30.20000 -8.50001 -6.00000
-30.20000 -8.50001 1.00000
-29.70000 -9.50001 -6.50000
-30.20000 -9.50001 -6.00000
-29.70000 -9.50001 1.50000
-30.20000 -9.50001 1.00000
-29.70000 -10.50001 -6.50000
-30.20000 -10.50001 -6.00000
-30.20000 -10.00001 1.50000
-30.20000 -10.50001 2.00000
-29.70000 -11.50001 -5.50000
-30.20000 -11.00001 -5.50000
-30.20000 -11.50001 -5.00000
-30.20000 -11.50001 2.00000
-29.70000 -12.50001 -5.50000
-30.20000 -12.50001 -5.00000
-30.20000 -12.50001 2.00000
-29.70000 -13.50001 -4.50000
-30.20000 -13.00001 -4.50000
-30.20000 -13.50001 -4.00000
-30.20000 -13.00001 2.50000
-30.20000 -13.50001 3.00000
-29.70000 -14.50001 -4.50000
-30.20000 -14.50001 -4.00000
-29.70000 -14.50001 2.50000
-30.20000 -14.50001 3.00000
-29.70000 -15.50001 -3.50000
-30.20000 -15.00001 -3.50000
-30.20000 -15.50001 -3.00000
-30.20000 -15.50001 3.00000
-30.20000 -16.50001 -3.00000
-30.20000 -16.00001 3.50000
-29.70000 -16.50001 3.50000
-30.20000 -16.50001 4.00000
-30.20000 -17.00001 -2.50000
-29.70000 -17.50001 -2.50000
-30.20000 -17.50001 -2.00000
-29.70000 -17.50001 3.50000
-30.20000 -17.50001 4.00000
-30.20000 -18.50001 -2.00000
-30.20000 -18.50001 4.00000
-30.20000 -19.00001 -1.50000
-29.70000 -19.50001 -1.50000
-30.20000 -19.50001 -1.00000
-30.20000 -19.00001 4.50000
-30.20000 -19.50001 5.00000
-29.70000 -20.50001 -1.50000
-30.20000 -20.50001 -1.00000
-29.70000 -20.50001 5.50000
-30.20000 -20.50001 5.00000
-30.20000 -21.50001 -1.00000
-29.70000 -21.50001 5.50000
-30.20000 -21.50001 5.00000
-30.20000 -22.00001 -0.50000
-30.20000 -22.50001 0.00000
-30.20000 -22.00001 5.50000
-29.70000 -22.50001 6.50000
-30.20000 -22.50001 6.00000
-30.20000 -23.00001 0.50000
-29.70000 -23.50001 1.50000
-30.20000 -23.00001 1.50000
-30.20000 -23.50001 2.00000
-30.20000 -23.00001 6.50000
-30.20000 -23.50001 7.00000
-29.70000 -24.50001 2.50000
-30.20000 -24.00001 2.50000
-30.20000 -24.50001 3.00000
-29.70000 -24.50001 6.50000
-30.20000 -24.00001 6.50000
-30.20000 -24.50001 6.00000
-29.70000 -24.50001 7.50000
-30.20000 -25.00001 3.50000
-29.70000 -25.50001 4.50000
-30.20000 -25.00001 4.50000
-30.20000 -25.50001 5.00000
-29.70000 -25.50001 6.50000
-30.20000 -25.50001 6.00000
-29.70000 -25.50001 7.50000
-29.70000 -26.50001 5.50000
-30.20000 -26.00001 5.50000
-30.70000 2.49999 -10.50000
-30.70000 1.49999 -9.50000
-30.70000 1.49999 -8.50000
-30.70000 1.49999 -7.50000
-30.70000 0.49999 -9.50000
-30.70000 0.49999 -8.50000
-30.70000 0.49999 -7.50000
-31.20000 0.99999 -6.50000
-31.20000 0.49999 -7.00000
-30.70000 0.49999 -5.50000
-31.20000 0.49999 -6.00000
-30.70000 0.49999 -4.50000
-30.70000 0.49999 -3.50000
-30.70000 -0.50001 -9.50000
-30.70000 -0.50001 -8.50000
-30.70000 -0.50001 -7.50000
-31.20000 -0.50001 -7.00000
-31.20000 -0.00001 -5.50000
-31.20000 -0.50001 -5.00000
-30.70000 -0.50001 -4.50000
-30.70000 -0.50001 -3.50000
-30.70000 -0.50001 -2.50000
-30.70000 -1.50001 -8.50000
-30.70000 -1.50001 -7.50000
-31.20000 -1.00001 -6.50000
-30.70000 -1.50001 -6.50000
-31.20000 -1.50001 -6.00000
-31.20000 -1.00001 -4.50000
-31.20000 -1.00001 -3.50000
-31.20000 -1.00001 -2.50000
-30.70000 -1.50001 -1.50000
-31.20000 -1.50001 -2.00000
-30.70000 -2.50001 -7.50000
-30.70000 -2.50001 -6.50000
-31.20000 -2.50001 -6.00000
-31.20000 -2.00001 -1.50000
-31.20000 -2.50001 -1.00000
-30.70000 -3.50001 -7.50000
-30.70000 -3.50001 -6.50000
-31.20000 -3.50001 -6.00000
-31.20000 -3.50001 -1.00000
-30.70000 -4.50001 -7.50000
-30.70000 -4.50001 -6.50000
-31.20000 -4.50001 -6.00000
-30.70000 -4.50001 -0.50000
-31.20000 -4.50001 -1.00000
-30.70000 -5.50001 -6.50000
-31.20000 -5.50001 -6.00000
-31.20000 -5.00001 -0.50000
-31.20000 -5.50001 0.00000
-30.70000 -6.50001 -6.50000
-31.20000 -6.00001 -5.50000
-30.70000 -6.50001 -5.50000
-31.20000 -6.50001 -5.00000
-30.70000 -6.50001 0.50000
-31.20000 -6.50001 0.00000
-30.70000 -7.50001 -5.50000
-31.20000 -7.50001 -5.00000
-31.20000 -7.00001 0.50000
-31.20000 -7.50001 1.00000
-30.70000 -8.50001 -5.50000
-31.20000 -8.50001 -5.00000
-31.20000 -8.50001 1.00000
-30.70000 -9.50001 -5.50000
-31.20000 -9.50001 -5.00000
-31.20000 -9.50001 1.00000
-30.70000 -10.50001 -5.50000
-31.20000 -10.50001 -5.00000
-31.20000 -10.00001 1.50000
-31.20000 -10.50001 2.00000
-30.70000 -11.50001 -4.50000
-31.20000 -11.00001 -4.50000
-31.20000 -11.50001 -4.00000
-31.20000 -11.50001 2.00000
-30.70000 -12.50001 -4.50000
-31.20000 -12.50001 -4.00000
-31.20000 -12.50001 2.00000
-30.70000 -13.50001 -3.50000
-31.20000 -13.00001 -3.50000
-31.20000 -13.50001 -3.00000
-31.20000 -13.00001 2.50000
-31.20000 -13.50001 3.00000
-30.70000 -14.50001 -3.50000
-31.20000 -14.50001 -3.00000
-31.20000 -14.50001 3.00000
-31.20000 -15.50001 -3.00000
-31.20000 -15.50001 3.00000
-31.20000 -16.00001 -2.50000
-30.70000 -16.50001 -2.50000
-31.20000 -16.50001 -2.00000
-30.70000 -16.50001 3.50000
-31.20000 -16.50001 3.00000
-31.20000 -17.50001 -2.00000
-30.70000 -17.50001 3.50000
-31.20000 -17.50001 3.00000
-31.20000 -18.00001 -1.50000
-30.70000 -18.50001 -1.50000
-31.20000 -18.50001 -1.00000
-30.70000 -18.50001 3.50000
-31.20000 -18.50001 3.00000
-31.20000 -19.50001 -1.00000
-31.20000 -19.00001 3.50000
-30.70000 -19.50001 4.50000
-31.20000 -19.50001 4.00000
-31.20000 -20.00001 -0.50000
-30.70000 -20.50001 -0.50000
-31.20000 -20.50001 0.00000
-30.70000 -20.50001 4.50000
-31.20000 -20.50001 4.00000
-30.70000 -21.50001 -0.50000
-31.20000 -21.50001 0.00000
-31.20000 -21.00001 4.50000
-31.20000 -21.50001 5.00000
-30.70000 -22.50001 0.50000
-31.20000 -22.00001 0.50000
-31.20000 -22.50001 1.00000
-30.70000 -22.50001 5.50000
-31.20000 -22.50001 5.00000
-31.20000 -23.00001 1.50000
-30.70000 -23.50001 2.50000
-31.20000 -23.00001 2.50000
-31.20000 -23.50001 3.00000
-30.70000 -23.50001 5.50000
-31.20000 -23.50001 5.00000
-30.70000 -23.50001 6.50000
-30.70000 -24.50001 3.50000
-31.20000 -24.00001 3.50000
-31.20000 -24.50001 4.00000
-30.70000 -24.50001 5.50000
-31.20000 -24.50001 5.00000
-31.20000 -25.00001 4.50000
-30.70000 -25.50001 5.50000
-31.70000 0.49999 -6.50000
-31.70000 -0.50001 -6.50000
-31.70000 -0.50001 -5.50000
-31.70000 -1.50001 -5.50000
-31.70000 -1.50001 -4.50000
-31.70000 -1.50001 -3.50000
-31.70000 -1.50001 -2.50000
-31.70000 -2.50001 -5.50000
-32.20000 -2.50001 -5.00000
-32.20000 -2.00001 -4.50000
-32.20000 -2.50001 -4.00000
-31.70000 -2.50001 -3.50000
-32.20000 -2.50001 -3.00000
-32.20000 -2.00001 -2.50000
-31.70000 -2.50001 -1.50000
-32.20000 -2.50001 -2.00000
-31.70000 -3.50001 -5.50000
-32.20000 -3.00001 -4.50000
-31.70000 -3.50001 -4.50000
-32.20000 -3.00001 -3.50000
-32.20000 -3.50001 -4.00000
-32.20000 -3.50001 -3.00000
-31.70000 -3.50001 -2.50000
-32.20000 -3.00001 -2.50000
-32.20000 -3.00001 -1.50000
-32.20000 -3.50001 -2.00000
-32.20000 -3.50001 -1.00000
-31.70000 -4.50001 -5.50000
-31.70000 -4.50001 -4.50000
-32.20000 -4.50001 -4.00000
-32.20000 -4.00001 -2.50000
-32.20000 -4.50001 -1.00000
-31.70000 -5.50001 -5.50000
-31.70000 -5.50001 -4.50000
-32.20000 -5.50001 -4.00000
-32.20000 -5.00001 -0.50000
-32.20000 -5.50001 0.00000
-31.70000 -6.50001 -4.50000
-32.20000 -6.50001 -4.00000
-32.20000 -6.50001 0.00000
-31.70000 -7.50001 -4.50000
-32.20000 -7.50001 -4.00000
-31.70000 -7.50001 0.50000
-32.20000 -7.50001 0.00000
-31.70000 -8.50001 -4.50000
-32.20000 -8.50001 -4.00000
-32.20000 -8.00001 0.50000
-32.20000 -8.50001 1.00000
-31.70000 -9.50001 -4.50000
-32.20000 -9.00001 -3.50000
-31.70000 -9.50001 -3.50000
-32.20000 -9.50001 -3.00000
-32.20000 -9.50001 1.00000
-31.70000 -10.50001 -4.50000
-31.70000 -10.50001 -3.50000
-32.20000 -10.50001 -3.00000
-31.70000 -10.50001 1.50000
-32.20000 -10.50001 1.00000
-31.70000 -11.50001 -3.50000
-32.20000 -11.50001 -3.00000
-32.20000 -11.00001 1.50000
-32.20000 -11.50001 2.00000
-31.70000 -12.50001 -3.50000
-32.20000 -12.50001 -3.00000
-32.20000 -12.50001 2.00000
-31.70000 -13.50001 -2.50000
-32.20000 -13.00001 -2.50000
-32.20000 -13.50001 -2.00000
-31.70000 -13.50001 2.50000
-32.20000 -13.50001 2.00000
-31.70000 -14.50001 -2.50000
-32.20000 -14.50001 -2.00000
-31.70000 -14.50001 2.50000
-32.20000 -14.50001 2.00000
-31.70000 -15.50001 -2.50000
-32.20000 -15.50001 -2.00000
-31.70000 -15.50001 2.50000
-32.20000 -15.50001 2.00000
-32.20000 -16.50001 -2.00000
-31.70000 -16.50001 2.50000
-32.20000 -16.50001 2.00000
-32.20000 -17.00001 -1.50000
-31.70000 -17.50001 -1.50000
-32.20000 -17.50001 -1.00000
-31.70000 -17.50001 2.50000
-32.20000 -17.50001 2.00000
-32.20000 -18.50001 -1.00000
-32.20000 -18.00001 2.50000
-32.20000 -18.50001 3.00000
-32.20000 -19.00001 -0.50000
-31.70000 -19.50001 -0.50000
-32.20000 -19.50001 0.00000
-31.70000 -19.50001 3.50000
-32.20000 -19.50001 3.00000
-32.20000 -20.50001 0.00000
-31.70000 -20.50001 3.50000
-32.20000 -20.50001 3.00000
-32.20000 -21.00001 0.50000
-31.70000 -21.50001 0.50000
-32.20000 -21.50001 1.00000
-31.70000 -21.50001 3.50000
-32.20000 -21.50001 3.00000
-31.70000 -21.50001 4.50000
-31.70000 -22.50001 1.50000
-32.20000 -22.00001 1.50000
-32.20000 -22.50001 2.00000
-31.70000 -22.50001 3.50000
-32.20000 -22.50001 3.00000
-31.70000 -22.50001 4.50000
-32.20000 -23.00001 2.50000
-31.70000 -23.50001 3.50000
-31.70000 -23.50001 4.50000
-31.70000 -24.50001 4.50000
-32.70000 -2.50001 -4.50000
-32.70000 -2.50001 -2.50000
-32.70000 -3.50001 -3.50000
-32.70000 -3.50001 -1.50000
-32.70000 -4.50001 -3.50000
-32.70000 -4.50001 -2.50000
-33.20000 -4.50001 -2.00000
-33.20000 -4.00001 -1.50000
-33.20000 -4.50001 -1.00000
-32.70000 -5.50001 -3.50000
-33.20000 -5.50001 -3.00000
-33.20000 -5.00001 -2.50000
-32.70000 -5.50001 -0.50000
-33.20000 -5.50001 -1.00000
-32.70000 -6.50001 -3.50000
-33.20000 -6.50001 -3.00000
-33.20000 -6.00001 -0.50000
-33.20000 -6.50001 0.00000
-32.70000 -7.50001 -3.50000
-33.20000 -7.50001 -3.00000
-33.20000 -7.50001 0.00000
-32.70000 -8.50001 -3.50000
-33.20000 -8.00001 -2.50000
-32.70000 -8.50001 -2.50000
-33.20000 -8.50001 -2.00000
-33.20000 -8.00001 0.50000
-33.20000 -8.50001 1.00000
-32.70000 -9.50001 -2.50000
-33.20000 -9.50001 -2.00000
-33.20000 -9.50001 1.00000
-32.70000 -10.50001 -2.50000
-33.20000 -10.50001 -2.00000
-32.70000 -10.50001 0.50000
-33.20000 -10.00001 0.50000
-33.20000 -10.50001 0.00000
-32.70000 -11.50001 -2.50000
-33.20000 -11.50001 -2.00000
-32.70000 -11.50001 0.50000
-33.20000 -11.50001 0.00000
-32.70000 -11.50001 1.50000
-32.70000 -12.50001 -2.50000
-33.20000 -12.50001 -2.00000
-32.70000 -12.50001 0.50000
-33.20000 -12.50001 0.00000
-32.70000 -12.50001 1.50000
-32.70000 -13.50001 -1.50000
-33.20000 -13.00001 -1.50000
-33.20000 -13.50001 -1.00000
-32.70000 -13.50001 0.50000
-33.20000 -13.50001 0.00000
-32.70000 -13.50001 1.50000
-32.70000 -14.50001 -1.50000
-33.20000 -14.50001 -1.00000
-33.20000 -14.00001 0.50000
-33.20000 -14.50001 1.00000
-32.70000 -14.50001 1.50000
-32.70000 -15.50001 -1.50000
-33.20000 -15.50001 -1.00000
-32.70000 -15.50001 1.50000
-33.20000 -15.50001 1.00000
-32.70000 -16.50001 -1.50000
-33.20000 -16.00001 -0.50000
-32.70000 -16.50001 -0.50000
-33.20000 -16.50001 0.00000
-32.70000 -16.50001 1.50000
-33.20000 -16.50001 1.00000
-32.70000 -17.50001 -0.50000
-33.20000 -17.00001 0.50000
-32.70000 -17.50001 0.50000
-32.70000 -17.50001 1.50000
-32.70000 -18.50001 -0.50000
-32.70000 -18.50001 0.50000
-32.70000 -18.50001 1.50000
-32.70000 -18.50001 2.50000
-32.70000 -19.50001 0.50000
-32.70000 -19.50001 1.50000
-32.70000 -19.50001 2.50000
-32.70000 -20.50001 0.50000
-32.70000 -20.50001 1.50000
-32.70000 -20.50001 2.50000
-32.70000 -21.50001 1.50000
-32.70000 -21.50001 2.50000
-32.70000 -22.50001 2.50000
-33.70000 -4.50001 -1.50000
-33.70000 -5.50001 -2.50000
-33.70000 -5.50001 -1.50000
-33.70000 -6.50001 -2.50000
-33.70000 -6.50001 -1.50000
-33.70000 -6.50001 -0.50000
-33.70000 -7.50001 -2.50000
-33.70000 -7.50001 -1.50000
-33.70000 -7.50001 -0.50000
-34.20000 -8.00001 -1.50000
-34.20000 -8.50001 -2.00000
-34.20000 -8.50001 -1.00000
-33.70000 -8.50001 -0.50000
-33.70000 -8.50001 0.50000
-34.20000 -9.50001 -2.00000
-33.70000 -9.50001 -0.50000
-34.20000 -9.50001 -1.00000
-33.70000 -9.50001 0.50000
-34.20000 -10.50001 -2.00000
-33.70000 -10.50001 -0.50000
-34.20000 -10.50001 -1.00000
-34.20000 -11.00001 -1.50000
-33.70000 -11.50001 -1.50000
-33.70000 -11.50001 -0.50000
-33.70000 -12.50001 -1.50000
-33.70000 -12.50001 -0.50000
-33.70000 -13.50001 -0.50000
-34.20000 -14.50001 -1.00000
-34.20000 -14.00001 -0.50000
-33.70000 -14.50001 0.50000
-34.20000 -14.50001 0.00000
-34.20000 -15.00001 -0.50000
-33.70000 -15.50001 -0.50000
-33.70000 -15.50001 0.50000
-33.70000 -16.50001 0.50000
-34.70000 -8.50001 -1.50000
-34.70000 -9.50001 -1.50000
-34.70000 -10.50001 -1.50000
-34.70000 -14.50001 -0.50000
3 2 1 0
3 4 3 0
3 0 3 2
3 4 5 3
3 0 1 6
3 6 1 7
3 9 4 8
3 4 6 8
3 4 0 6
3 4 9 5
3 7 10 6
3 6 10 8
3 13 12 11
3 15 14 11
3 11 14 13
3 15 16 14
3 11 12 2
3 12 1 2
3 12 17 1
3 11 2 3
3 11 3 15
3 19 18 5
3 5 18 3
3 18 16 3
3 16 15 3
3 21 20 19
3 19 20 18
3 21 22 20
3 17 7 1
3 23 7 17
3 8 24 9
3 19 5 9
3 24 19 9
3 25 19 24
3 19 26 21
3 19 25 26
3 22 21 27
3 21 28 27
3 21 26 28
3 30 29 28
3 28 29 27
3 30 31 29
3 10 7 32
3 7 33 32
3 7 23 33
3 24 8 10
3 32 24 10
3 34 24 32
3 24 35 25
3 24 34 35
3 25 36 26
3 25 35 36
3 26 37 28
3 26 36 37
3 39 30 38
3 30 37 38
3 30 28 37
3 30 39 31
3 33 40 32
3 32 40 34
3 34 40 41
3 34 41 35
3 35 41 42
3 35 42 36
3 36 42 43
3 36 43 37
3 37 43 44
3 37 44 38
3 46 45 13
3 13 45 12
3 47 13 14
3 47 46 13
3 14 16 47
3 47 16 48
3 45 17 12
3 49 17 45
3 50 48 16
3 50 16 18
3 51 18 20
3 51 50 18
3 20 22 51
3 51 22 52
3 55 54 53
3 49 55 53
3 23 49 53
3 17 49 23
3 56 52 22
3 56 22 27
3 57 27 29
3 57 56 27
3 59 58 31
3 58 29 31
3 58 57 29
3 59 60 58
3 54 61 53
3 23 53 61
3 62 23 61
3 33 23 62
3 38 63 39
3 59 31 39
3 63 59 39
3 64 59 63
3 60 59 65
3 65 59 64
3 62 66 33
3 33 66 40
3 40 67 41
3 66 67 40
3 67 69 68
3 42 67 68
3 41 67 42
3 70 43 42
3 70 42 68
3 71 44 43
3 71 43 70
3 63 38 44
3 71 63 44
3 72 63 71
3 63 73 64
3 63 72 73
3 65 64 74
3 74 64 73
3 69 75 68
3 68 75 70
3 70 75 76
3 78 77 76
3 77 70 76
3 77 71 70
3 71 79 72
3 71 77 79
3 81 73 80
3 73 79 80
3 73 72 79
3 73 81 74
3 78 82 77
3 77 82 79
3 79 82 83
3 79 83 80
3 86 85 84
3 84 87 86
3 85 88 84
3 84 88 87
3 90 89 46
3 46 89 45
3 91 46 47
3 91 90 46
3 47 48 91
3 91 48 92
3 89 49 45
3 93 49 89
3 94 92 48
3 94 48 50
3 96 94 95
3 94 51 95
3 94 50 51
3 52 95 51
3 98 97 55
3 55 97 54
3 55 49 93
3 55 93 98
3 99 96 95
3 99 95 52
3 56 99 52
3 100 99 56
3 101 56 57
3 101 100 56
3 103 101 102
3 101 58 102
3 101 57 58
3 60 102 58
3 61 54 104
3 54 105 104
3 54 97 105
3 104 62 61
3 106 103 102
3 60 65 102
3 65 107 102
3 107 106 102
3 107 65 108
3 108 109 107
3 105 110 104
3 110 112 111
3 110 111 66
3 104 110 66
3 62 104 66
3 113 67 66
3 113 66 111
3 113 69 67
3 74 114 108
3 74 108 65
3 109 108 115
3 115 108 114
3 112 116 111
3 111 116 113
3 113 116 117
3 117 119 118
3 117 118 75
3 113 117 75
3 69 113 75
3 120 76 75
3 120 75 118
3 120 78 76
3 80 121 81
3 114 74 81
3 121 114 81
3 122 114 121
3 115 114 123
3 123 114 122
3 119 124 118
3 126 125 124
3 125 118 124
3 125 120 118
3 127 82 78
3 120 127 78
3 125 127 120
3 128 83 82
3 128 82 127
3 121 80 83
3 128 121 83
3 129 121 128
3 131 122 130
3 122 129 130
3 122 121 129
3 122 131 123
3 126 132 125
3 125 132 127
3 127 132 133
3 135 134 133
3 134 127 133
3 134 128 127
3 137 129 136
3 129 134 136
3 129 128 134
3 129 137 130
3 135 138 134
3 134 138 136
3 141 140 139
3 139 142 141
3 145 144 143
3 145 143 140
3 143 139 140
3 143 146 139
3 142 139 147
3 139 148 147
3 139 146 148
3 150 149 148
3 148 149 147
3 152 151 150
3 150 151 149
3 154 153 152
3 152 153 151
3 156 155 154
3 154 155 153
3 156 157 155
3 144 158 143
3 160 159 158
3 159 143 158
3 159 146 143
3 159 85 86
3 148 159 86
3 146 159 148
3 148 86 87
3 161 148 87
3 150 148 161
3 150 162 152
3 150 161 162
3 152 163 154
3 152 162 163
3 165 156 164
3 156 163 164
3 156 154 163
3 156 165 157
3 160 166 159
3 166 168 167
3 166 167 88
3 159 166 88
3 85 159 88
3 161 87 88
3 167 161 88
3 169 161 167
3 161 170 162
3 161 169 170
3 162 171 163
3 162 170 171
3 164 163 172
3 172 163 171
3 168 173 167
3 175 174 173
3 174 167 173
3 174 169 167
3 169 176 170
3 169 174 176
3 170 177 171
3 170 176 177
3 172 171 178
3 178 171 177
3 175 179 174
3 174 179 176
3 176 179 180
3 176 180 177
3 177 180 181
3 177 181 178
3 184 183 182
3 182 185 184
3 182 183 186
3 186 183 187
3 90 188 89
3 188 182 89
3 182 186 89
3 182 188 185
3 189 90 91
3 189 188 90
3 91 92 189
3 189 92 190
3 186 187 191
3 191 187 192
3 191 93 89
3 191 89 186
3 193 190 92
3 193 92 94
3 195 194 96
3 194 94 96
3 194 193 94
3 195 196 194
3 191 192 98
3 192 97 98
3 192 197 97
3 191 98 93
3 99 195 96
3 198 196 195
3 99 198 195
3 100 198 99
3 200 198 199
3 198 101 199
3 198 100 101
3 103 199 101
3 197 105 97
3 201 105 197
3 202 200 199
3 202 199 103
3 106 202 103
3 203 202 106
3 204 106 107
3 204 203 106
3 107 109 204
3 204 109 205
3 110 105 206
3 105 207 206
3 105 201 207
3 206 112 110
3 115 205 109
3 115 208 205
3 211 210 209
3 209 212 211
3 207 213 206
3 213 215 214
3 213 214 116
3 206 213 116
3 112 206 116
3 216 117 116
3 216 116 214
3 216 119 117
3 123 218 217
3 208 123 217
3 115 123 208
3 220 219 218
3 219 209 218
3 210 217 218
3 210 218 209
3 209 219 212
3 215 221 214
3 223 222 221
3 222 214 221
3 222 216 214
3 224 124 119
3 216 224 119
3 222 224 216
3 224 126 124
3 130 225 131
3 225 226 131
3 131 226 123
3 226 227 123
3 227 218 123
3 218 227 220
3 223 228 222
3 230 229 228
3 229 222 228
3 229 224 222
3 231 132 126
3 224 231 126
3 229 231 224
3 232 133 132
3 232 132 231
3 232 135 133
3 136 233 137
3 233 234 137
3 137 234 130
3 234 235 130
3 235 225 130
3 225 235 226
3 230 236 229
3 229 236 231
3 231 236 237
3 231 237 232
3 232 237 238
3 238 240 239
3 238 239 138
3 232 238 138
3 135 232 138
3 239 241 138
3 138 241 136
3 241 242 136
3 242 233 136
3 233 242 234
3 240 243 239
3 239 243 241
3 246 245 244
3 244 247 246
3 250 249 248
3 248 251 250
3 245 252 244
3 252 253 244
3 253 254 244
3 255 247 244
3 255 244 254
3 255 254 249
3 254 248 249
3 254 256 248
3 141 257 140
3 257 248 140
3 248 256 140
3 248 257 251
3 141 142 257
3 257 142 258
3 253 259 254
3 260 144 145
3 254 260 145
3 256 254 145
3 259 260 254
3 256 145 140
3 261 258 142
3 261 142 147
3 262 147 149
3 262 261 147
3 263 149 151
3 263 262 149
3 264 151 153
3 264 263 151
3 265 153 155
3 265 264 153
3 155 157 265
3 265 157 266
3 260 267 144
3 144 267 158
3 160 158 267
3 160 267 268
3 164 269 165
3 269 270 165
3 270 157 165
3 270 266 157
3 268 271 160
3 160 271 166
3 168 166 271
3 168 271 272
3 274 273 269
3 164 274 269
3 172 274 164
3 269 273 270
3 272 275 168
3 168 275 173
3 175 173 275
3 175 275 276
3 178 274 172
3 178 277 274
3 179 175 278
3 175 279 278
3 175 276 279
3 280 180 179
3 280 179 278
3 281 181 180
3 281 180 280
3 281 282 181
3 282 178 181
3 282 277 178
3 279 283 278
3 285 284 283
3 284 278 283
3 284 280 278
3 287 281 286
3 281 284 286
3 281 280 284
3 281 287 282
3 285 288 284
3 284 288 286
3 290 289 184
3 184 289 183
3 184 185 290
3 290 185 291
3 289 187 183
3 292 187 289
3 293 291 185
3 293 185 188
3 294 188 189
3 294 293 188
3 189 190 294
3 294 190 295
3 292 192 187
3 296 192 292
3 297 295 190
3 297 190 193
3 298 193 194
3 298 297 193
3 194 196 298
3 298 196 299
3 302 301 300
3 296 302 300
3 197 296 300
3 192 296 197
3 303 299 196
3 303 196 198
3 198 200 303
3 303 200 304
3 301 305 300
3 197 300 305
3 306 197 305
3 201 197 306
3 307 304 200
3 307 200 202
3 308 202 203
3 308 307 202
3 310 308 309
3 308 204 309
3 308 203 204
3 205 309 204
3 306 207 201
3 311 207 306
3 312 310 309
3 205 208 309
3 208 313 309
3 313 312 309
3 313 208 314
3 210 211 314
3 211 313 314
3 211 315 313
3 211 212 315
3 315 212 316
3 311 317 207
3 207 317 213
3 215 213 317
3 215 317 318
3 217 314 208
3 210 314 217
3 219 220 319
3 319 320 219
3 320 212 219
3 320 316 212
3 221 215 321
3 215 322 321
3 215 318 322
3 321 223 221
3 226 323 227
3 323 324 227
3 227 324 220
3 324 325 220
3 325 319 220
3 319 325 320
3 322 326 321
3 326 328 327
3 326 327 228
3 321 326 228
3 223 321 228
3 327 230 228
3 234 329 235
3 329 330 235
3 235 330 226
3 330 331 226
3 331 323 226
3 323 331 324
3 328 332 327
3 332 334 333
3 332 333 236
3 327 332 236
3 230 327 236
3 335 237 236
3 335 236 333
3 336 238 237
3 336 237 335
3 336 240 238
3 241 337 242
3 329 234 242
3 337 329 242
3 338 329 337
3 330 329 339
3 339 329 338
3 334 340 333
3 342 341 340
3 341 333 340
3 341 335 333
3 335 343 336
3 335 341 343
3 344 243 240
3 336 344 240
3 343 344 336
3 337 241 243
3 344 337 243
3 345 337 344
3 347 338 346
3 338 345 346
3 338 337 345
3 338 347 339
3 342 348 341
3 341 348 343
3 343 348 349
3 351 350 349
3 350 343 349
3 350 344 343
3 344 352 345
3 344 350 352
3 346 345 353
3 353 345 352
3 351 354 350
3 350 354 352
3 352 354 355
3 352 355 353
3 358 357 356
3 360 359 356
3 356 359 358
3 362 361 360
3 360 361 359
3 362 363 361
3 357 364 356
3 365 245 246
3 356 365 246
3 360 356 246
3 364 365 356
3 360 246 247
3 366 360 247
3 362 360 366
3 250 367 249
3 367 362 249
3 362 366 249
3 362 367 363
3 250 251 367
3 367 251 368
3 365 369 245
3 245 369 252
3 369 370 252
3 369 247 370
3 247 369 366
3 371 366 369
3 366 371 255
3 370 255 371
3 371 253 370
3 370 253 252
3 247 255 370
3 366 255 249
3 372 368 251
3 372 251 257
3 257 258 372
3 372 258 373
3 371 374 253
3 253 374 259
3 260 259 374
3 260 374 375
3 376 373 258
3 376 258 261
3 377 261 262
3 377 376 261
3 378 262 263
3 378 377 262
3 379 263 264
3 379 378 263
3 380 264 265
3 380 379 264
3 382 381 266
3 381 265 266
3 381 380 265
3 382 383 381
3 267 260 384
3 260 385 384
3 260 375 385
3 384 268 267
3 387 386 382
3 266 387 382
3 270 387 266
3 382 386 383
3 385 388 384
3 388 390 389
3 388 389 271
3 384 388 271
3 268 384 271
3 389 272 271
3 274 391 273
3 391 392 273
3 392 270 273
3 392 387 270
3 390 393 389
3 393 395 394
3 393 394 275
3 389 393 275
3 272 389 275
3 394 276 275
3 397 396 391
3 274 397 391
3 277 397 274
3 391 396 392
3 395 398 394
3 276 394 398
3 399 276 398
3 279 276 399
3 282 397 277
3 282 400 397
3 399 401 279
3 279 401 283
3 285 283 401
3 285 401 402
3 404 403 287
3 404 287 286
3 282 287 400
3 400 287 403
3 402 405 285
3 285 405 288
3 286 288 404
3 404 288 405
3 408 407 406
3 289 290 406
3 290 408 406
3 290 409 408
3 411 410 291
3 410 290 291
3 410 409 290
3 411 412 410
3 406 407 413
3 413 407 414
3 413 292 289
3 413 289 406
3 293 411 291
3 415 412 411
3 293 415 411
3 294 415 293
3 294 295 415
3 415 295 416
3 413 414 417
3 417 414 418
3 417 296 292
3 417 292 413
3 419 416 295
3 419 295 297
3 421 419 420
3 419 298 420
3 419 297 298
3 299 420 298
3 417 418 302
3 418 301 302
3 418 422 301
3 417 302 296
3 423 421 420
3 423 420 299
3 303 423 299
3 424 423 303
3 303 304 424
3 424 304 425
3 305 301 426
3 301 427 426
3 301 422 427
3 426 306 305
3 428 425 304
3 428 304 307
3 430 428 429
3 428 308 429
3 428 307 308
3 310 429 308
3 427 431 426
3 306 426 431
3 432 306 431
3 311 306 432
3 433 430 429
3 433 429 310
3 312 433 310
3 434 433 312
3 436 434 435
3 434 313 435
3 434 312 313
3 315 437 313
3 313 437 435
3 316 437 315
3 317 311 438
3 311 439 438
3 311 432 439
3 438 318 317
3 440 436 435
3 440 435 437
3 440 437 441
3 316 320 437
3 320 442 437
3 442 441 437
3 442 320 443
3 443 444 442
3 439 445 438
3 318 438 445
3 446 318 445
3 322 318 446
3 324 447 325
3 447 448 325
3 325 448 320
3 448 449 320
3 449 443 320
3 443 449 444
3 446 450 322
3 322 450 326
3 328 326 450
3 328 450 451
3 330 452 331
3 447 324 331
3 452 447 331
3 453 447 452
3 448 447 454
3 454 447 453
3 332 328 455
3 328 456 455
3 328 451 456
3 455 334 332
3 339 457 452
3 339 452 330
3 459 453 458
3 453 457 458
3 453 452 457
3 453 459 454
3 456 460 455
3 460 462 461
3 460 461 340
3 455 460 340
3 334 455 340
3 461 342 340
3 346 463 347
3 457 339 347
3 463 457 347
3 464 457 463
3 458 457 465
3 465 457 464
3 462 466 461
3 466 468 467
3 466 467 348
3 461 466 348
3 342 461 348
3 469 349 348
3 469 348 467
3 469 351 349
3 353 470 463
3 353 463 346
3 472 464 471
3 464 470 471
3 464 463 470
3 464 472 465
3 468 473 467
3 475 474 473
3 474 467 473
3 474 469 467
3 476 354 351
3 469 476 351
3 474 476 469
3 477 355 354
3 477 354 476
3 477 478 355
3 355 478 353
3 478 479 353
3 479 470 353
3 470 479 471
3 475 480 474
3 474 480 476
3 476 480 481
3 476 481 477
3 477 481 482
3 477 482 478
3 485 484 483
3 483 486 485
3 484 487 483
3 487 488 483
3 488 489 483
3 490 486 483
3 490 483 489
3 489 491 490
3 488 492 489
3 492 493 489
3 493 494 489
3 495 491 489
3 495 489 494
3 497 496 494
3 494 496 495
3 497 498 496
3 494 493 358
3 493 357 358
3 493 499 357
3 494 358 359
3 494 359 497
3 500 498 497
3 359 500 497
3 361 500 359
3 361 363 500
3 500 363 501
3 499 502 357
3 357 502 364
3 365 364 502
3 365 502 503
3 504 501 363
3 504 363 367
3 367 368 504
3 504 368 505
3 503 506 365
3 365 506 369
3 371 369 506
3 371 506 507
3 508 505 368
3 508 368 372
3 372 373 508
3 508 373 509
3 512 511 510
3 510 513 512
3 374 371 514
3 371 515 514
3 371 507 515
3 514 375 374
3 516 509 373
3 516 373 376
3 517 376 377
3 517 516 376
3 518 377 378
3 518 517 377
3 519 378 379
3 519 518 378
3 520 379 380
3 520 519 379
3 381 510 511
3 520 381 511
3 380 381 520
3 381 383 510
3 383 513 510
3 383 521 513
3 515 522 514
3 375 514 522
3 523 375 522
3 385 375 523
3 387 524 386
3 524 525 386
3 525 383 386
3 525 521 383
3 523 526 385
3 385 526 388
3 390 388 526
3 390 526 527
3 529 528 524
3 387 529 524
3 392 529 387
3 524 528 525
3 527 530 390
3 390 530 393
3 395 393 530
3 395 530 531
3 397 532 396
3 532 533 396
3 533 392 396
3 533 529 392
3 531 534 395
3 395 534 398
3 399 398 534
3 399 534 535
3 537 536 532
3 397 537 532
3 400 537 397
3 532 536 533
3 535 538 399
3 399 538 401
3 402 401 538
3 402 538 539
3 541 540 403
3 541 403 404
3 400 403 537
3 537 403 540
3 539 542 402
3 402 542 405
3 404 405 541
3 541 405 542
3 544 543 408
3 408 543 407
3 545 408 409
3 545 544 408
3 546 409 410
3 546 545 409
3 410 412 546
3 546 412 547
3 550 549 548
3 543 550 548
3 414 543 548
3 407 543 414
3 551 547 412
3 551 412 415
3 415 416 551
3 551 416 552
3 548 549 553
3 553 549 554
3 553 418 414
3 553 414 548
3 555 552 416
3 555 416 419
3 419 421 555
3 555 421 556
3 553 554 557
3 557 554 558
3 557 422 418
3 557 418 553
3 559 556 421
3 559 421 423
3 561 559 560
3 559 424 560
3 559 423 424
3 425 560 424
3 558 562 557
3 422 557 562
3 563 422 562
3 427 422 563
3 564 561 560
3 566 564 565
3 565 564 428
3 564 560 428
3 560 425 428
3 430 565 428
3 563 567 427
3 427 567 431
3 432 431 567
3 432 567 568
3 569 566 565
3 569 565 430
3 433 569 430
3 570 569 433
3 572 570 571
3 570 434 571
3 570 433 434
3 436 571 434
3 568 439 432
3 573 439 568
3 574 572 571
3 574 571 436
3 440 574 436
3 575 574 440
3 577 575 576
3 575 441 576
3 575 440 441
3 442 578 441
3 441 578 576
3 444 578 442
3 573 579 439
3 439 579 445
3 446 445 579
3 446 579 580
3 581 577 576
3 448 582 449
3 582 576 449
3 576 578 449
3 582 581 576
3 449 578 444
3 450 446 583
3 446 584 583
3 446 580 584
3 583 451 450
3 454 582 448
3 454 585 582
3 584 586 583
3 451 583 586
3 587 451 586
3 456 451 587
3 458 588 459
3 588 589 459
3 589 454 459
3 589 585 454
3 460 456 590
3 456 591 590
3 456 587 591
3 590 462 460
3 465 592 588
3 465 588 458
3 589 588 593
3 593 588 592
3 591 594 590
3 594 596 595
3 594 595 466
3 590 594 466
3 462 590 466
3 595 468 466
3 471 597 472
3 597 598 472
3 472 598 465
3 598 599 465
3 599 592 465
3 592 599 593
3 595 596 600
3 600 596 601
3 602 473 468
3 595 602 468
3 600 602 595
3 602 475 473
3 478 603 479
3 597 471 479
3 603 597 479
3 604 597 603
3 598 597 605
3 605 597 604
3 601 606 600
3 600 606 602
3 602 606 607
3 602 607 475
3 607 480 475
3 607 608 480
3 480 609 481
3 608 609 480
3 609 611 610
3 482 609 610
3 481 609 482
3 603 478 482
3 610 603 482
3 612 603 610
3 614 604 613
3 604 612 613
3 604 603 612
3 604 614 605
3 611 615 610
3 610 615 612
3 612 615 616
3 612 616 613
3 619 618 617
3 621 620 617
3 617 620 619
3 621 622 620
3 617 618 623
3 623 618 624
3 617 625 621
3 617 623 625
3 622 621 626
3 626 621 625
3 624 627 623
3 628 484 485
3 623 628 485
3 625 623 485
3 627 628 623
3 630 629 486
3 486 629 485
3 629 626 485
3 626 625 485
3 630 631 629
3 628 632 484
3 484 632 487
3 632 633 487
3 632 486 633
3 486 632 630
3 634 630 632
3 630 634 490
3 633 490 634
3 634 488 633
3 633 488 487
3 486 490 633
3 636 635 491
3 491 635 490
3 635 631 490
3 631 630 490
3 636 637 635
3 492 488 638
3 488 639 638
3 488 634 639
3 495 636 491
3 493 492 638
3 640 637 636
3 495 640 636
3 496 640 495
3 496 498 640
3 640 498 641
3 639 642 638
3 493 638 642
3 643 493 642
3 499 493 643
3 644 641 498
3 644 498 500
3 500 501 644
3 644 501 645
3 502 499 646
3 499 647 646
3 499 643 647
3 646 503 502
3 648 645 501
3 648 501 504
3 504 505 648
3 648 505 649
3 647 650 646
3 650 652 651
3 650 651 506
3 646 650 506
3 503 646 506
3 651 507 506
3 653 649 505
3 653 505 508
3 508 509 653
3 653 509 654
3 656 655 512
3 512 655 511
3 512 513 656
3 656 513 657
3 652 658 651
3 507 651 658
3 659 507 658
3 515 507 659
3 660 654 509
3 660 509 516
3 661 516 517
3 661 660 516
3 662 517 518
3 662 661 517
3 663 518 519
3 663 662 518
3 664 519 520
3 664 663 519
3 520 511 655
3 520 655 664
3 521 657 513
3 521 665 657
3 659 666 515
3 515 666 522
3 523 522 666
3 523 666 667
3 525 665 521
3 525 668 665
3 667 669 523
3 523 669 526
3 527 526 669
3 527 669 670
3 672 671 528
3 672 528 529
3 525 528 668
3 668 528 671
3 670 673 527
3 527 673 530
3 531 530 673
3 531 673 674
3 533 672 529
3 533 675 672
3 534 531 676
3 531 677 676
3 531 674 677
3 676 535 534
3 679 678 536
3 679 536 537
3 533 536 675
3 675 536 678
3 677 680 676
3 680 682 681
3 680 681 538
3 676 680 538
3 535 676 538
3 681 539 538
3 684 683 540
3 684 540 541
3 537 540 679
3 679 540 683
3 682 685 681
3 681 685 539
3 685 542 539
3 685 686 542
3 541 542 684
3 684 542 686
3 689 688 687
3 543 544 687
3 544 689 687
3 544 690 689
3 691 544 545
3 691 690 544
3 693 691 692
3 691 546 692
3 691 545 546
3 547 692 546
3 687 688 550
3 688 549 550
3 688 694 549
3 687 550 543
3 695 693 692
3 695 692 547
3 551 695 547
3 696 695 551
3 551 552 696
3 696 552 697
3 694 554 549
3 698 554 694
3 699 697 552
3 699 552 555
3 555 556 699
3 699 556 700
3 698 558 554
3 701 558 698
3 702 700 556
3 702 556 559
3 559 561 702
3 702 561 703
3 701 704 558
3 558 704 562
3 563 562 704
3 563 704 705
3 706 703 561
3 706 561 564
3 564 566 706
3 706 566 707
3 705 708 563
3 563 708 567
3 568 567 708
3 568 708 709
3 710 707 566
3 710 566 569
3 712 710 711
3 710 570 711
3 710 569 570
3 572 711 570
3 709 573 568
3 713 573 709
3 714 712 711
3 714 711 572
3 574 714 572
3 715 714 574
3 717 715 716
3 715 575 716
3 715 574 575
3 577 716 575
3 579 573 718
3 573 719 718
3 573 713 719
3 718 580 579
3 722 721 720
3 720 721 717
3 716 720 717
3 723 720 716
3 723 716 577
3 724 723 577
3 581 724 577
3 725 723 724
3 581 582 724
3 724 582 726
3 719 727 718
3 580 718 727
3 728 580 727
3 584 580 728
3 729 722 720
3 729 720 723
3 729 723 730
3 730 723 725
3 585 726 582
3 585 731 726
3 586 584 732
3 584 733 732
3 584 728 733
3 732 587 586
3 589 731 585
3 589 734 731
3 733 735 732
3 587 732 735
3 736 587 735
3 591 587 736
3 593 738 737
3 734 593 737
3 589 593 734
3 738 739 737
3 736 740 591
3 591 740 594
3 596 594 740
3 596 740 741
3 598 742 599
3 742 743 599
3 599 743 593
3 743 744 593
3 744 738 593
3 738 744 739
3 741 601 596
3 745 601 741
3 747 746 742
3 598 747 742
3 605 747 598
3 742 746 743
3 745 748 601
3 601 748 606
3 748 750 749
3 607 748 749
3 606 748 607
3 751 608 607
3 751 607 749
3 752 609 608
3 752 608 751
3 752 611 609
3 613 753 614
3 753 754 614
3 754 605 614
3 754 747 605
3 750 755 749
3 749 755 751
3 751 755 756
3 751 756 752
3 752 756 757
3 752 757 611
3 757 615 611
3 757 758 615
3 758 760 759
3 616 758 759
3 615 758 616
3 759 761 616
3 616 761 613
3 761 762 613
3 762 753 613
3 753 762 754
3 760 763 759
3 759 763 761
3 766 765 764
3 764 767 766
3 764 765 768
3 768 765 769
3 767 764 770
3 764 771 770
3 764 768 771
3 773 772 771
3 771 772 770
3 773 774 772
3 769 775 768
3 776 618 619
3 768 776 619
3 771 768 619
3 775 776 768
3 771 619 620
3 771 620 773
3 620 622 773
3 622 774 773
3 622 777 774
3 776 624 618
3 778 624 776
3 626 777 622
3 626 779 777
3 778 780 624
3 624 780 627
3 628 627 780
3 628 780 781
3 782 779 626
3 782 626 629
3 784 783 631
3 783 629 631
3 783 782 629
3 784 785 783
3 632 628 786
3 628 787 786
3 628 781 787
3 786 634 632
3 635 784 631
3 635 637 784
3 637 785 784
3 637 788 785
3 787 789 786
3 634 786 789
3 790 634 789
3 639 634 790
3 791 788 637
3 791 637 640
3 640 641 791
3 791 641 792
3 642 639 793
3 639 794 793
3 639 790 794
3 793 643 642
3 795 792 641
3 795 641 644
3 644 645 795
3 795 645 796
3 794 797 793
3 643 793 797
3 798 643 797
3 647 643 798
3 799 796 645
3 799 645 648
3 648 649 799
3 799 649 800
3 798 801 647
3 647 801 650
3 652 650 801
3 652 801 802
3 803 800 649
3 803 649 653
3 805 804 654
3 804 653 654
3 804 803 653
3 805 806 804
3 809 808 807
3 655 656 807
3 656 809 807
3 656 810 809
3 656 657 810
3 810 657 811
3 802 812 652
3 652 812 658
3 659 658 812
3 659 812 813
3 660 805 654
3 814 806 805
3 660 814 805
3 661 814 660
3 815 661 662
3 815 814 661
3 816 662 663
3 816 815 662
3 664 807 808
3 816 664 808
3 663 664 816
3 807 664 655
3 665 811 657
3 665 817 811
3 813 818 659
3 659 818 666
3 667 666 818
3 667 818 819
3 668 817 665
3 668 820 817
3 669 667 821
3 667 822 821
3 667 819 822
3 821 670 669
3 824 823 671
3 824 671 672
3 668 671 820
3 820 671 823
3 822 825 821
3 825 827 826
3 825 826 673
3 821 825 673
3 670 821 673
3 826 674 673
3 675 824 672
3 675 828 824
3 827 829 826
3 674 826 829
3 830 674 829
3 677 674 830
3 832 831 678
3 832 678 679
3 675 678 828
3 828 678 831
3 680 677 833
3 677 834 833
3 677 830 834
3 833 682 680
3 836 835 683
3 836 683 684
3 679 683 832
3 832 683 835
3 834 837 833
3 833 837 682
3 837 685 682
3 837 838 685
3 685 839 686
3 838 839 685
3 684 686 836
3 836 686 839
3 842 841 840
3 840 843 842
3 846 845 844
3 846 844 841
3 841 844 840
3 844 688 840
3 688 689 840
3 847 843 840
3 689 847 840
3 690 847 689
3 848 690 691
3 848 847 690
3 691 693 848
3 848 693 849
3 844 845 850
3 850 845 851
3 850 694 688
3 850 688 844
3 852 849 693
3 852 693 695
3 853 695 696
3 853 852 695
3 696 697 853
3 853 697 854
3 851 855 850
3 694 850 855
3 856 694 855
3 698 694 856
3 857 854 697
3 857 697 699
3 699 700 857
3 857 700 858
3 856 701 698
3 859 701 856
3 860 858 700
3 860 700 702
3 702 703 860
3 860 703 861
3 859 862 701
3 701 862 704
3 705 704 862
3 705 862 863
3 864 861 703
3 864 703 706
3 706 707 864
3 864 707 865
3 863 866 705
3 705 866 708
3 709 708 866
3 709 866 867
3 868 865 707
3 868 707 710
3 710 712 868
3 868 712 869
3 867 713 709
3 870 713 867
3 871 869 712
3 871 712 714
3 873 871 872
3 871 715 872
3 871 714 715
3 717 872 715
3 870 719 713
3 874 719 870
3 873 872 721
3 722 873 721
3 875 873 722
3 721 872 717
3 876 725 724
3 726 876 724
3 874 877 719
3 719 877 727
3 728 727 877
3 728 877 878
3 722 729 879
3 880 722 879
3 875 722 880
3 730 881 729
3 729 881 879
3 725 876 730
3 876 881 730
3 876 882 881
3 731 882 726
3 726 882 876
3 884 733 883
3 733 878 883
3 733 728 878
3 885 884 883
3 886 880 879
3 886 879 881
3 886 881 887
3 887 881 882
3 887 882 888
3 882 731 888
3 731 889 888
3 731 734 889
3 884 735 733
3 736 735 884
3 885 736 884
3 890 736 885
3 734 737 891
3 892 734 891
3 889 734 892
3 739 891 737
3 740 736 893
3 736 894 893
3 736 890 894
3 893 741 740
3 892 891 744
3 743 892 744
3 895 892 743
3 744 891 739
3 894 896 893
3 741 893 896
3 897 741 896
3 745 741 897
3 747 898 746
3 898 899 746
3 899 743 746
3 899 895 743
3 897 900 745
3 745 900 748
3 750 748 900
3 750 900 901
3 754 902 898
3 754 898 747
3 899 898 903
3 903 898 902
3 901 904 750
3 750 904 755
3 904 906 905
3 756 904 905
3 755 904 756
3 907 757 756
3 907 756 905
3 908 758 757
3 908 757 907
3 908 760 758
3 910 909 762
3 910 762 761
3 754 762 902
3 762 911 902
3 762 909 911
3 902 911 903
3 905 906 912
3 912 906 913
3 905 914 907
3 905 912 914
3 907 915 908
3 907 914 915
3 908 915 760
3 915 916 760
3 916 763 760
3 915 917 916
3 761 763 910
3 910 763 916
3 913 918 912
3 920 919 918
3 919 912 918
3 919 914 912
3 914 921 915
3 914 919 921
3 917 915 922
3 915 923 922
3 915 921 923
3 923 924 922
3 920 925 919
3 927 926 925
3 926 919 925
3 926 921 919
3 921 928 923
3 921 926 928
3 924 923 929
3 929 923 928
3 927 930 926
3 926 930 928
3 928 930 931
3 931 932 928
3 932 933 928
3 934 929 928
3 934 928 933
3 933 935 934
3 933 932 936
3 936 932 937
3 935 933 938
3 933 939 938
3 933 936 939
3 939 940 938
3 937 941 936
3 943 942 941
3 942 936 941
3 942 939 936
3 940 939 944
3 939 945 944
3 939 942 945
3 945 946 944
3 942 943 947
3 947 943 948
3 947 765 766
3 945 947 766
3 942 947 945
3 950 949 767
3 767 949 766
3 949 946 766
3 946 945 766
3 950 951 949
3 948 952 947
3 765 947 952
3 953 765 952
3 769 765 953
3 770 950 767
3 954 951 950
3 770 954 950
3 772 954 770
3 772 774 954
3 954 774 955
3 775 769 956
3 769 957 956
3 769 953 957
3 956 776 775
3 777 955 774
3 777 958 955
3 957 959 956
3 776 956 959
3 960 776 959
3 778 776 960
3 779 962 961
3 958 779 961
3 777 779 958
3 964 963 962
3 962 963 961
3 964 965 963
3 780 778 966
3 778 967 966
3 778 960 967
3 966 781 780
3 782 962 779
3 962 782 783
3 962 783 964
3 783 785 964
3 785 965 964
3 785 968 965
3 967 969 966
3 781 966 969
3 970 781 969
3 787 781 970
3 788 968 785
3 788 971 968
3 970 972 787
3 787 972 789
3 790 789 972
3 790 972 973
3 974 971 788
3 974 788 791
3 791 792 974
3 974 792 975
3 973 794 790
3 976 794 973
3 977 975 792
3 977 792 795
3 795 796 977
3 977 796 978
3 976 979 794
3 794 979 797
3 798 797 979
3 798 979 980
3 981 978 796
3 981 796 799
3 799 800 981
3 981 800 982
3 980 983 798
3 798 983 801
3 802 801 983
3 802 983 984
3 985 982 800
3 985 800 803
3 986 803 804
3 986 985 803
3 988 987 806
3 987 804 806
3 987 986 804
3 990 989 988
3 988 989 987
3 992 991 990
3 990 991 989
3 808 809 992
3 809 991 992
3 809 993 991
3 994 809 810
3 994 993 809
3 810 811 994
3 994 811 995
3 984 996 802
3 802 996 812
3 813 812 996
3 813 996 997
3 814 988 806
3 988 814 815
3 988 815 990
3 990 815 816
3 990 816 992
3 992 816 808
3 817 995 811
3 817 998 995
3 818 813 999
3 813 1000 999
3 813 997 1000
3 999 819 818
3 820 998 817
3 820 1001 998
3 1000 1002 999
3 819 999 1002
3 1003 819 1002
3 822 819 1003
3 1005 1004 823
3 1005 823 824
3 820 823 1001
3 1001 823 1004
3 1003 1006 822
3 822 1006 825
3 827 825 1006
3 827 1006 1007
3 828 1005 824
3 828 1008 1005
3 1007 1009 827
3 827 1009 829
3 830 829 1009
3 830 1009 1010
3 1012 1011 831
3 1012 831 832
3 828 831 1008
3 1008 831 1011
3 1010 834 830
3 1013 834 1010
3 1015 1014 835
3 1015 835 836
3 832 835 1012
3 1012 835 1014
3 1013 1016 834
3 834 1016 837
3 837 1017 838
3 1016 1017 837
3 838 1018 839
3 1017 1018 838
3 836 839 1015
3 1015 839 1018
3 1021 1020 1019
3 841 842 1019
3 842 1021 1019
3 842 1022 1021
3 842 843 1022
3 1022 843 1023
3 1019 1020 846
3 1020 845 846
3 1020 1024 845
3 1019 846 841
3 1025 1023 843
3 1025 843 847
3 1026 847 848
3 1026 1025 847
3 848 849 1026
3 1026 849 1027
3 1024 851 845
3 1028 851 1024
3 1029 1027 849
3 1029 849 852
3 1030 852 853
3 1030 1029 852
3 853 854 1030
3 1030 854 1031
3 1028 1032 851
3 851 1032 855
3 856 855 1032
3 856 1032 1033
3 1034 1031 854
3 1034 854 857
3 857 858 1034
3 1034 858 1035
3 1033 859 856
3 1036 859 1033
3 1037 1035 858
3 1037 858 860
3 860 861 1037
3 1037 861 1038
3 1036 1039 859
3 859 1039 862
3 863 862 1039
3 863 1039 1040
3 1041 1038 861
3 1041 861 864
3 864 865 1041
3 1041 865 1042
3 866 863 1043
3 863 1044 1043
3 863 1040 1044
3 1043 867 866
3 1045 1042 865
3 1045 865 868
3 868 869 1045
3 1045 869 1046
3 1044 1047 1043
3 867 1043 1047
3 1048 867 1047
3 870 867 1048
3 1049 1046 869
3 1049 869 871
3 871 873 1049
3 1049 873 1050
3 1048 874 870
3 1051 874 1048
3 875 1050 873
3 875 1052 1050
3 1051 1053 874
3 874 1053 877
3 878 877 1053
3 878 1053 1054
3 880 1052 875
3 880 1055 1052
3 883 878 1056
3 878 1057 1056
3 878 1054 1057
3 1056 885 883
3 1058 1055 880
3 1058 880 886
3 1060 1058 1059
3 1058 887 1059
3 1058 886 887
3 888 1061 887
3 887 1061 1059
3 889 1061 888
3 1057 1062 1056
3 885 1056 1062
3 1063 885 1062
3 890 885 1063
3 1064 1060 1059
3 1064 1059 1061
3 1064 1061 1065
3 1061 889 1065
3 889 1066 1065
3 889 892 1066
3 1063 894 890
3 1067 894 1063
3 895 1066 892
3 895 1068 1066
3 1067 1069 894
3 894 1069 896
3 897 896 1069
3 897 1069 1070
3 1073 1072 1071
3 1072 1068 1071
3 1068 899 1071
3 1068 895 899
3 1070 1074 897
3 897 1074 900
3 901 900 1074
3 901 1074 1075
3 1073 1071 1076
3 1073 1076 1077
3 903 1076 899
3 899 1076 1071
3 904 901 1078
3 901 1079 1078
3 901 1075 1079
3 1078 906 904
3 1081 1080 909
3 1081 909 910
3 1076 911 1077
3 911 1080 1077
3 911 909 1080
3 911 1076 903
3 1079 1082 1078
3 906 1078 1082
3 1083 906 1082
3 913 906 1083
3 917 1084 916
3 1084 1085 916
3 1085 910 916
3 1085 1081 910
3 1083 1086 913
3 913 1086 918
3 920 918 1086
3 920 1086 1087
3 922 1084 917
3 1089 1088 924
3 924 1088 922
3 1088 1085 922
3 1085 1084 922
3 1089 1090 1088
3 1087 1091 920
3 920 1091 925
3 927 925 1091
3 927 1091 1092
3 929 1093 1089
3 929 1089 924
3 1090 1089 1094
3 1094 1089 1093
3 1092 1095 927
3 927 1095 930
3 1095 1097 1096
3 931 1095 1096
3 930 1095 931
3 934 1093 929
3 932 931 1096
3 1099 1098 935
3 935 1098 934
3 1098 1094 934
3 1094 1093 934
3 1099 1100 1098
3 1097 1101 1096
3 932 1096 1101
3 1102 932 1101
3 937 932 1102
3 938 1099 935
3 1104 1103 940
3 940 1103 938
3 1103 1100 938
3 1100 1099 938
3 1104 1105 1103
3 941 937 1106
3 937 1107 1106
3 937 1102 1107
3 1106 943 941
3 944 1104 940
3 1109 1108 946
3 946 1108 944
3 1108 1105 944
3 1105 1104 944
3 1109 1110 1108
3 1107 1111 1106
3 943 1106 1111
3 1112 943 1111
3 948 943 1112
3 949 1109 946
3 1114 1113 951
3 951 1113 949
3 1113 1110 949
3 1110 1109 949
3 1114 1115 1113
3 1112 1116 948
3 948 1116 952
3 953 952 1116
3 953 1116 1117
3 954 1114 951
3 954 955 1114
3 955 1115 1114
3 955 1118 1115
3 1117 957 953
3 1119 957 1117
3 958 1118 955
3 958 1120 1118
3 1123 1122 1121
3 1121 1124 1123
3 1119 1125 957
3 957 1125 959
3 960 959 1125
3 960 1125 1126
3 1127 1120 958
3 1127 958 961
3 963 1121 1122
3 1127 963 1122
3 961 963 1127
3 963 965 1121
3 965 1124 1121
3 965 1128 1124
3 1126 967 960
3 1129 967 1126
3 968 1128 965
3 968 1130 1128
3 1129 1131 967
3 967 1131 969
3 970 969 1131
3 970 1131 1132
3 971 1130 968
3 971 1133 1130
3 972 970 1134
3 970 1135 1134
3 970 1132 1135
3 1134 973 972
3 1136 1133 971
3 1136 971 974
3 974 975 1136
3 1136 975 1137
3 1135 1138 1134
3 973 1134 1138
3 1139 973 1138
3 976 973 1139
3 1140 1137 975
3 1140 975 977
3 977 978 1140
3 1140 978 1141
3 1139 1142 976
3 976 1142 979
3 980 979 1142
3 980 1142 1143
3 1144 1141 978
3 1144 978 981
3 1146 1145 982
3 1145 981 982
3 1145 1144 981
3 1146 1147 1145
3 1143 1148 980
3 980 1148 983
3 984 983 1148
3 984 1148 1149
3 985 1146 982
3 1150 1147 1146
3 985 1150 1146
3 986 1150 985
3 1151 986 987
3 1151 1150 986
3 1152 987 989
3 1152 1151 987
3 1153 989 991
3 1153 1152 989
3 1154 991 993
3 1154 1153 991
3 1156 1154 1155
3 1154 994 1155
3 1154 993 994
3 995 1155 994
3 996 984 1157
3 984 1158 1157
3 984 1149 1158
3 1157 997 996
3 1159 1156 1155
3 1155 995 1159
3 995 1160 1159
3 995 998 1160
3 1158 1161 1157
3 997 1157 1161
3 1162 997 1161
3 1000 997 1162
3 1001 1160 998
3 1001 1163 1160
3 1002 1000 1164
3 1000 1165 1164
3 1000 1162 1165
3 1164 1003 1002
3 1167 1166 1004
3 1167 1004 1005
3 1001 1004 1163
3 1163 1004 1166
3 1165 1168 1164
3 1168 1170 1169
3 1168 1169 1006
3 1164 1168 1006
3 1003 1164 1006
3 1169 1007 1006
3 1008 1167 1005
3 1008 1171 1167
3 1170 1172 1169
3 1172 1174 1173
3 1172 1173 1009
3 1169 1172 1009
3 1007 1169 1009
3 1173 1010 1009
3 1012 1175 1011
3 1175 1176 1011
3 1176 1008 1011
3 1176 1171 1008
3 1174 1177 1173
3 1010 1173 1177
3 1178 1010 1177
3 1013 1010 1178
3 1180 1179 1014
3 1180 1014 1015
3 1012 1014 1175
3 1014 1181 1175
3 1014 1179 1181
3 1175 1181 1176
3 1178 1182 1013
3 1013 1182 1016
3 1016 1183 1017
3 1182 1183 1016
3 1017 1184 1018
3 1183 1184 1017
3 1015 1018 1180
3 1180 1018 1184
3 1186 1185 1021
3 1021 1185 1020
3 1187 1021 1022
3 1187 1186 1021
3 1022 1023 1187
3 1187 1023 1188
3 1185 1024 1020
3 1189 1024 1185
3 1190 1188 1023
3 1190 1023 1025
3 1191 1025 1026
3 1191 1190 1025
3 1026 1027 1191
3 1191 1027 1192
3 1189 1028 1024
3 1193 1028 1189
3 1194 1192 1027
3 1194 1027 1029
3 1195 1029 1030
3 1195 1194 1029
3 1030 1031 1195
3 1195 1031 1196
3 1032 1028 1197
3 1028 1198 1197
3 1028 1193 1198
3 1197 1033 1032
3 1199 1196 1031
3 1199 1031 1034
3 1034 1035 1199
3 1199 1035 1200
3 1198 1201 1197
3 1033 1197 1201
3 1202 1033 1201
3 1036 1033 1202
3 1203 1200 1035
3 1203 1035 1037
3 1037 1038 1203
3 1203 1038 1204
3 1039 1036 1205
3 1036 1206 1205
3 1036 1202 1206
3 1205 1040 1039
3 1207 1204 1038
3 1207 1038 1041
3 1041 1042 1207
3 1207 1042 1208
3 1206 1209 1205
3 1040 1205 1209
3 1210 1040 1209
3 1044 1040 1210
3 1211 1208 1042
3 1211 1042 1045
3 1045 1046 1211
3 1211 1046 1212
3 1047 1044 1213
3 1044 1214 1213
3 1044 1210 1214
3 1213 1048 1047
3 1215 1212 1046
3 1215 1046 1049
3 1049 1050 1215
3 1215 1050 1216
3 1214 1217 1213
3 1048 1213 1217
3 1218 1048 1217
3 1051 1048 1218
3 1052 1216 1050
3 1052 1219 1216
3 1218 1220 1051
3 1051 1220 1053
3 1054 1053 1220
3 1054 1220 1221
3 1055 1223 1222
3 1219 1055 1222
3 1052 1055 1219
3 1223 1224 1222
3 1221 1057 1054
3 1225 1057 1221
3 1058 1223 1055
3 1058 1060 1223
3 1060 1224 1223
3 1060 1226 1224
3 1225 1227 1057
3 1057 1227 1062
3 1063 1062 1227
3 1063 1227 1228
3 1229 1226 1060
3 1229 1060 1064
3 1230 1064 1065
3 1230 1229 1064
3 1065 1066 1230
3 1230 1066 1231
3 1228 1067 1063
3 1232 1067 1228
3 1068 1231 1066
3 1068 1233 1231
3 1232 1234 1067
3 1067 1234 1069
3 1070 1069 1234
3 1070 1234 1235
3 1237 1236 1072
3 1237 1072 1073
3 1068 1072 1233
3 1233 1072 1236
3 1235 1238 1070
3 1070 1238 1074
3 1075 1074 1238
3 1075 1238 1239
3 1077 1237 1073
3 1077 1240 1237
3 1242 1079 1241
3 1079 1239 1241
3 1079 1075 1239
3 1243 1242 1241
3 1081 1244 1080
3 1244 1245 1080
3 1245 1077 1080
3 1245 1240 1077
3 1242 1082 1079
3 1083 1082 1242
3 1243 1083 1242
3 1246 1083 1243
3 1085 1247 1244
3 1085 1244 1081
3 1245 1244 1248
3 1248 1244 1247
3 1246 1249 1083
3 1083 1249 1086
3 1087 1086 1249
3 1087 1249 1250
3 1088 1247 1085
3 1088 1090 1247
3 1090 1248 1247
3 1090 1251 1248
3 1250 1252 1087
3 1087 1252 1091
3 1092 1091 1252
3 1092 1252 1253
3 1094 1255 1254
3 1251 1094 1254
3 1090 1094 1251
3 1255 1256 1254
3 1253 1257 1092
3 1092 1257 1095
3 1097 1095 1257
3 1097 1257 1258
3 1098 1255 1094
3 1260 1259 1100
3 1100 1259 1098
3 1259 1256 1098
3 1256 1255 1098
3 1260 1261 1259
3 1101 1097 1262
3 1097 1263 1262
3 1097 1258 1263
3 1262 1102 1101
3 1103 1260 1100
3 1103 1105 1260
3 1105 1261 1260
3 1105 1264 1261
3 1263 1265 1262
3 1102 1262 1265
3 1266 1102 1265
3 1107 1102 1266
3 1267 1264 1105
3 1267 1105 1108
3 1108 1110 1267
3 1267 1110 1268
3 1266 1269 1107
3 1107 1269 1111
3 1112 1111 1269
3 1112 1269 1270
3 1110 1113 1271
3 1272 1110 1271
3 1268 1110 1272
3 1115 1271 1113
3 1116 1112 1273
3 1112 1274 1273
3 1112 1270 1274
3 1273 1117 1116
3 1275 1272 1271
3 1271 1115 1275
3 1115 1276 1275
3 1115 1118 1276
3 1274 1277 1273
3 1117 1273 1277
3 1278 1117 1277
3 1119 1117 1278
3 1120 1280 1279
3 1276 1120 1279
3 1118 1120 1276
3 1280 1122 1279
3 1122 1123 1279
3 1282 1281 1279
3 1282 1279 1123
3 1124 1282 1123
3 1278 1283 1119
3 1119 1283 1125
3 1126 1125 1283
3 1126 1283 1284
3 1127 1280 1120
3 1282 1285 1281
3 1122 1280 1127
3 1282 1124 1285
3 1124 1286 1285
3 1124 1128 1286
3 1284 1129 1126
3 1287 1129 1284
3 1130 1286 1128
3 1130 1288 1286
3 1131 1129 1289
3 1129 1290 1289
3 1129 1287 1290
3 1289 1132 1131
3 1133 1292 1291
3 1288 1133 1291
3 1130 1133 1288
3 1292 1293 1291
3 1290 1294 1289
3 1132 1289 1294
3 1295 1132 1294
3 1135 1132 1295
3 1136 1292 1133
3 1136 1137 1292
3 1137 1293 1292
3 1137 1296 1293
3 1295 1297 1135
3 1135 1297 1138
3 1139 1138 1297
3 1139 1297 1298
3 1299 1296 1137
3 1299 1137 1140
3 1140 1141 1299
3 1299 1141 1300
3 1142 1139 1301
3 1139 1302 1301
3 1139 1298 1302
3 1301 1143 1142
3 1303 1300 1141
3 1303 1141 1144
3 1304 1144 1145
3 1304 1303 1144
3 1145 1147 1304
3 1304 1147 1305
3 1302 1306 1301
3 1306 1308 1307
3 1306 1307 1148
3 1301 1306 1148
3 1143 1301 1148
3 1307 1149 1148
3 1309 1305 1147
3 1309 1147 1150
3 1310 1150 1151
3 1310 1309 1150
3 1311 1151 1152
3 1311 1310 1151
3 1312 1152 1153
3 1312 1311 1152
3 1313 1153 1154
3 1313 1312 1153
3 1154 1156 1313
3 1313 1156 1314
3 1308 1315 1307
3 1149 1307 1315
3 1316 1149 1315
3 1158 1149 1316
3 1156 1159 1317
3 1318 1156 1317
3 1314 1156 1318
3 1160 1317 1159
3 1316 1319 1158
3 1158 1319 1161
3 1162 1161 1319
3 1162 1319 1320
3 1318 1317 1321
3 1318 1321 1322
3 1163 1321 1160
3 1160 1321 1317
3 1320 1165 1162
3 1323 1165 1320
3 1322 1321 1166
3 1167 1322 1166
3 1324 1322 1167
3 1166 1321 1163
3 1323 1325 1165
3 1165 1325 1168
3 1170 1168 1325
3 1170 1325 1326
3 1171 1324 1167
3 1171 1327 1324
3 1172 1170 1328
3 1170 1329 1328
3 1170 1326 1329
3 1328 1174 1172
3 1332 1331 1330
3 1331 1327 1330
3 1327 1176 1330
3 1327 1171 1176
3 1329 1333 1328
3 1333 1335 1334
3 1333 1334 1177
3 1328 1333 1177
3 1174 1328 1177
3 1334 1178 1177
3 1337 1336 1179
3 1337 1179 1180
3 1330 1181 1332
3 1181 1336 1332
3 1181 1179 1336
3 1181 1330 1176
3 1335 1338 1334
3 1334 1338 1178
3 1338 1182 1178
3 1338 1339 1182
3 1182 1340 1183
3 1339 1340 1182
3 1183 1341 1184
3 1340 1341 1183
3 1180 1184 1337
3 1337 1184 1341
3 1342 1185 1186
3 1342 1186 1343
3 1186 1344 1343
3 1186 1187 1344
3 1187 1188 1344
3 1344 1188 1345
3 1348 1347 1346
3 1349 1348 1342
3 1348 1189 1342
3 1189 1185 1342
3 1348 1346 1189
3 1349 1342 1343
3 1350 1345 1188
3 1350 1188 1190
3 1351 1190 1191
3 1351 1350 1190
3 1191 1192 1351
3 1351 1192 1352
3 1347 1353 1346
3 1189 1346 1353
3 1354 1189 1353
3 1193 1189 1354
3 1355 1352 1192
3 1355 1192 1194
3 1356 1194 1195
3 1356 1355 1194
3 1195 1196 1356
3 1356 1196 1357
3 1354 1198 1193
3 1358 1198 1354
3 1359 1357 1196
3 1359 1196 1199
3 1199 1200 1359
3 1359 1200 1360
3 1201 1198 1361
3 1198 1362 1361
3 1198 1358 1362
3 1361 1202 1201
3 1363 1360 1200
3 1363 1200 1203
3 1203 1204 1363
3 1363 1204 1364
3 1362 1365 1361
3 1202 1361 1365
3 1366 1202 1365
3 1206 1202 1366
3 1367 1364 1204
3 1367 1204 1207
3 1207 1208 1367
3 1367 1208 1368
3 1209 1206 1369
3 1206 1370 1369
3 1206 1366 1370
3 1369 1210 1209
3 1371 1368 1208
3 1371 1208 1211
3 1211 1212 1371
3 1371 1212 1372
3 1370 1373 1369
3 1210 1369 1373
3 1374 1210 1373
3 1214 1210 1374
3 1375 1372 1212
3 1375 1212 1215
3 1377 1376 1216
3 1376 1215 1216
3 1376 1375 1215
3 1377 1378 1376
3 1374 1379 1214
3 1214 1379 1217
3 1218 1217 1379
3 1218 1379 1380
3 1219 1381 1377
3 1219 1377 1216
3 1378 1377 1382
3 1377 1383 1382
3 1377 1381 1383
3 1383 1384 1382
3 1220 1218 1385
3 1218 1386 1385
3 1218 1380 1386
3 1385 1221 1220
3 1222 1381 1219
3 1383 1381 1387
3 1381 1224 1387
3 1224 1388 1387
3 1224 1381 1222
3 1383 1387 1384
3 1386 1389 1385
3 1221 1385 1389
3 1390 1221 1389
3 1225 1221 1390
3 1226 1392 1391
3 1388 1226 1391
3 1224 1226 1388
3 1392 1393 1391
3 1390 1394 1225
3 1225 1394 1227
3 1228 1227 1394
3 1228 1394 1395
3 1229 1392 1226
3 1229 1230 1392
3 1230 1396 1392
3 1396 1393 1392
3 1230 1397 1396
3 1231 1397 1230
3 1395 1232 1228
3 1398 1232 1395
3 1399 1396 1397
3 1397 1231 1399
3 1231 1400 1399
3 1231 1233 1400
3 1398 1401 1232
3 1232 1401 1234
3 1235 1234 1401
3 1235 1401 1402
3 1237 1403 1236
3 1403 1404 1236
3 1404 1233 1236
3 1404 1400 1233
3 1402 1405 1235
3 1235 1405 1238
3 1239 1238 1405
3 1239 1405 1406
3 1408 1407 1403
3 1237 1408 1403
3 1240 1408 1237
3 1403 1407 1404
3 1406 1409 1239
3 1239 1409 1241
3 1243 1241 1409
3 1243 1409 1410
3 1245 1408 1240
3 1245 1411 1408
3 1413 1246 1412
3 1246 1410 1412
3 1246 1243 1410
3 1414 1413 1412
3 1248 1411 1245
3 1248 1415 1411
3 1413 1249 1246
3 1250 1249 1413
3 1414 1250 1413
3 1416 1250 1414
3 1251 1418 1417
3 1415 1251 1417
3 1248 1251 1415
3 1418 1419 1417
3 1416 1420 1250
3 1250 1420 1252
3 1253 1252 1420
3 1253 1420 1421
3 1254 1418 1251
3 1254 1256 1418
3 1256 1419 1418
3 1256 1422 1419
3 1421 1423 1253
3 1253 1423 1257
3 1258 1257 1423
3 1258 1423 1424
3 1425 1422 1256
3 1425 1256 1259
3 1259 1261 1425
3 1425 1261 1426
3 1424 1263 1258
3 1427 1263 1424
3 1264 1426 1261
3 1264 1428 1426
3 1427 1429 1263
3 1263 1429 1265
3 1266 1265 1429
3 1266 1429 1430
3 1431 1428 1264
3 1431 1264 1267
3 1267 1268 1431
3 1431 1268 1432
3 1430 1433 1266
3 1266 1433 1269
3 1270 1269 1433
3 1270 1433 1434
3 1272 1432 1268
3 1272 1435 1432
3 1434 1274 1270
3 1436 1274 1434
3 1437 1435 1272
3 1437 1272 1275
3 1439 1438 1276
3 1438 1275 1276
3 1438 1437 1275
3 1439 1440 1438
3 1436 1441 1274
3 1274 1441 1277
3 1278 1277 1441
3 1278 1441 1442
3 1279 1439 1276
3 1279 1281 1439
3 1281 1440 1439
3 1281 1443 1440
3 1283 1278 1444
3 1278 1445 1444
3 1278 1442 1445
3 1444 1284 1283
3 1446 1443 1281
3 1446 1281 1285
3 1285 1286 1446
3 1446 1286 1447
3 1444 1445 1448
3 1448 1445 1449
3 1448 1287 1284
3 1448 1284 1444
3 1288 1447 1286
3 1288 1450 1447
3 1449 1451 1448
3 1287 1448 1451
3 1452 1287 1451
3 1290 1287 1452
3 1453 1450 1288
3 1453 1288 1291
3 1291 1293 1453
3 1453 1293 1454
3 1294 1290 1455
3 1290 1456 1455
3 1290 1452 1456
3 1455 1295 1294
3 1296 1458 1457
3 1454 1296 1457
3 1293 1296 1454
3 1458 1459 1457
3 1456 1460 1455
3 1460 1462 1461
3 1460 1461 1297
3 1455 1460 1297
3 1295 1455 1297
3 1461 1298 1297
3 1299 1458 1296
3 1464 1463 1300
3 1300 1463 1299
3 1463 1459 1299
3 1459 1458 1299
3 1464 1465 1463
3 1462 1466 1461
3 1298 1461 1466
3 1467 1298 1466
3 1302 1298 1467
3 1303 1464 1300
3 1468 1465 1464
3 1303 1468 1464
3 1304 1468 1303
3 1470 1469 1305
3 1469 1304 1305
3 1469 1468 1304
3 1472 1471 1470
3 1470 1471 1469
3 1472 1473 1471
3 1306 1302 1474
3 1302 1475 1474
3 1302 1467 1475
3 1474 1308 1306
3 1309 1470 1305
3 1470 1309 1310
3 1470 1310 1472
3 1476 1473 1472
3 1310 1476 1472
3 1311 1476 1310
3 1477 1311 1312
3 1477 1476 1311
3 1479 1477 1478
3 1477 1313 1478
3 1477 1312 1313
3 1314 1478 1313
3 1475 1480 1474
3 1480 1482 1481
3 1480 1481 1315
3 1474 1480 1315
3 1308 1474 1315
3 1481 1316 1315
3 1483 1479 1478
3 1478 1314 1483
3 1314 1484 1483
3 1314 1318 1484
3 1482 1485 1481
3 1485 1487 1486
3 1485 1486 1319
3 1481 1485 1319
3 1316 1481 1319
3 1486 1320 1319
3 1322 1484 1318
3 1322 1488 1484
3 1487 1489 1486
3 1320 1486 1489
3 1490 1320 1489
3 1323 1320 1490
3 1324 1488 1322
3 1324 1491 1488
3 1325 1323 1492
3 1323 1493 1492
3 1323 1490 1493
3 1492 1326 1325
3 1327 1491 1324
3 1327 1494 1491
3 1493 1495 1492
3 1326 1492 1495
3 1496 1326 1495
3 1329 1326 1496
3 1498 1497 1331
3 1498 1331 1332
3 1327 1331 1494
3 1494 1331 1497
3 1496 1499 1329
3 1329 1499 1333
3 1335 1333 1499
3 1335 1499 1500
3 1502 1501 1336
3 1502 1336 1337
3 1332 1336 1498
3 1498 1336 1501
3 1500 1503 1335
3 1335 1503 1338
3 1338 1504 1339
3 1503 1504 1338
3 1339 1505 1340
3 1504 1505 1339
3 1340 1506 1341
3 1505 1506 1340
3 1337 1341 1502
3 1502 1341 1506
3 1507 1343 1344
3 1345 1507 1344
3 1508 1347 1348
3 1508 1348 1509
3 1348 1510 1509
3 1348 1349 1510
3 1349 1343 1507
3 1511 1349 1507
3 1510 1349 1511
3 1511 1507 1345
3 1350 1511 1345
3 1512 1511 1350
3 1513 1350 1351
3 1513 1512 1350
3 1351 1352 1513
3 1513 1352 1514
3 1516 1353 1515
3 1353 1347 1515
3 1515 1347 1508
3 1517 1515 1508
3 1508 1509 1517
3 1353 1516 1354
3 1518 1514 1352
3 1518 1352 1355
3 1519 1355 1356
3 1519 1518 1355
3 1356 1357 1519
3 1519 1357 1520
3 1516 1515 1521
3 1521 1515 1522
3 1521 1358 1354
3 1521 1354 1516
3 1523 1520 1357
3 1523 1357 1359
3 1359 1360 1523
3 1523 1360 1524
3 1522 1525 1521
3 1358 1521 1525
3 1526 1358 1525
3 1362 1358 1526
3 1527 1524 1360
3 1527 1360 1363
3 1363 1364 1527
3 1527 1364 1528
3 1365 1362 1529
3 1362 1530 1529
3 1362 1526 1530
3 1529 1366 1365
3 1531 1528 1364
3 1531 1364 1367
3 1533 1532 1368
3 1532 1367 1368
3 1532 1531 1367
3 1533 1534 1532
3 1530 1535 1529
3 1366 1529 1535
3 1536 1366 1535
3 1370 1366 1536
3 1371 1533 1368
3 1538 1537 1372
3 1372 1537 1371
3 1537 1534 1371
3 1534 1533 1371
3 1538 1539 1537
3 1536 1540 1370
3 1370 1540 1373
3 1374 1373 1540
3 1374 1540 1541
3 1375 1538 1372
3 1542 1539 1538
3 1375 1542 1538
3 1376 1542 1375
3 1376 1378 1542
3 1542 1378 1543
3 1379 1374 1544
3 1374 1545 1544
3 1374 1541 1545
3 1544 1380 1379
3 1546 1543 1378
3 1546 1378 1382
3 1382 1384 1546
3 1546 1384 1547
3 1545 1548 1544
3 1380 1544 1548
3 1549 1380 1548
3 1386 1380 1549
3 1388 1550 1387
3 1550 1551 1387
3 1551 1384 1387
3 1551 1547 1384
3 1549 1552 1386
3 1386 1552 1389
3 1390 1389 1552
3 1390 1552 1553
3 1391 1550 1388
3 1391 1393 1550
3 1393 1551 1550
3 1393 1554 1551
3 1394 1390 1555
3 1390 1556 1555
3 1390 1553 1556
3 1555 1395 1394
3 1396 1554 1393
3 1396 1557 1554
3 1556 1558 1555
3 1395 1555 1558
3 1559 1395 1558
3 1398 1395 1559
3 1560 1557 1396
3 1560 1396 1399
3 1399 1400 1560
3 1560 1400 1561
3 1559 1562 1398
3 1398 1562 1401
3 1402 1401 1562
3 1402 1562 1563
3 1404 1561 1400
3 1404 1564 1561
3 1563 1565 1402
3 1402 1565 1405
3 1406 1405 1565
3 1406 1565 1566
3 1408 1567 1407
3 1567 1568 1407
3 1568 1404 1407
3 1568 1564 1404
3 1566 1569 1406
3 1406 1569 1409
3 1410 1409 1569
3 1410 1569 1570
3 1411 1571 1567
3 1411 1567 1408
3 1568 1567 1572
3 1572 1567 1571
3 1412 1410 1573
3 1410 1574 1573
3 1410 1570 1574
3 1573 1414 1412
3 1415 1575 1571
3 1415 1571 1411
3 1572 1571 1576
3 1576 1571 1575
3 1574 1577 1573
3 1414 1573 1577
3 1578 1414 1577
3 1416 1414 1578
3 1417 1575 1415
3 1417 1419 1575
3 1419 1576 1575
3 1419 1579 1576
3 1578 1580 1416
3 1416 1580 1420
3 1421 1420 1580
3 1421 1580 1581
3 1422 1583 1582
3 1579 1422 1582
3 1419 1422 1579
3 1583 1584 1582
3 1423 1421 1585
3 1421 1586 1585
3 1421 1581 1586
3 1585 1424 1423
3 1425 1583 1422
3 1425 1426 1583
3 1426 1584 1583
3 1426 1587 1584
3 1586 1588 1585
3 1424 1585 1588
3 1589 1424 1588
3 1427 1424 1589
3 1428 1591 1590
3 1587 1428 1590
3 1426 1428 1587
3 1591 1592 1590
3 1589 1593 1427
3 1427 1593 1429
3 1430 1429 1593
3 1430 1593 1594
3 1431 1591 1428
3 1431 1432 1591
3 1432 1592 1591
3 1432 1595 1592
3 1433 1430 1596
3 1430 1597 1596
3 1430 1594 1597
3 1596 1434 1433
3 1435 1599 1598
3 1595 1435 1598
3 1432 1435 1595
3 1599 1600 1598
3 1597 1601 1596
3 1434 1596 1601
3 1602 1434 1601
3 1436 1434 1602
3 1437 1599 1435
3 1603 1600 1599
3 1437 1603 1599
3 1438 1603 1437
3 1438 1440 1603
3 1603 1440 1604
3 1441 1436 1605
3 1436 1606 1605
3 1436 1602 1606
3 1605 1442 1441
3 1443 1604 1440
3 1443 1607 1604
3 1605 1606 1608
3 1608 1606 1609
3 1608 1445 1442
3 1608 1442 1605
3 1610 1607 1443
3 1610 1443 1446
3 1446 1447 1610
3 1610 1447 1611
3 1609 1612 1608
3 1445 1608 1612
3 1613 1445 1612
3 1449 1445 1613
3 1450 1611 1447
3 1450 1614 1611
3 1451 1449 1615
3 1449 1616 1615
3 1449 1613 1616
3 1615 1452 1451
3 1617 1614 1450
3 1617 1450 1453
3 1453 1454 1617
3 1617 1454 1618
3 1615 1616 1619
3 1619 1616 1620
3 1619 1456 1452
3 1619 1452 1615
3 1621 1618 1454
3 1621 1454 1457
3 1457 1459 1621
3 1621 1459 1622
3 1620 1623 1619
3 1623 1625 1624
3 1623 1624 1460
3 1619 1623 1460
3 1456 1619 1460
3 1624 1462 1460
3 1626 1622 1459
3 1626 1459 1463
3 1628 1627 1465
3 1627 1463 1465
3 1627 1626 1463
3 1628 1629 1627
3 1625 1630 1624
3 1630 1632 1631
3 1630 1631 1466
3 1624 1630 1466
3 1462 1624 1466
3 1631 1467 1466
3 1468 1628 1465
3 1633 1629 1628
3 1468 1633 1628
3 1469 1633 1468
3 1635 1633 1634
3 1633 1471 1634
3 1633 1469 1471
3 1473 1634 1471
3 1632 1636 1631
3 1467 1631 1636
3 1637 1467 1636
3 1475 1467 1637
3 1638 1635 1634
3 1638 1634 1473
3 1476 1638 1473
3 1639 1638 1476
3 1641 1639 1640
3 1639 1477 1640
3 1639 1476 1477
3 1479 1640 1477
3 1480 1475 1642
3 1475 1643 1642
3 1475 1637 1643
3 1642 1482 1480
3 1644 1641 1640
3 1646 1644 1645
3 1645 1644 1483
3 1644 1640 1483
3 1640 1479 1483
3 1484 1645 1483
3 1643 1647 1642
3 1647 1649 1648
3 1647 1648 1485
3 1642 1647 1485
3 1482 1642 1485
3 1648 1487 1485
3 1650 1646 1645
3 1645 1484 1650
3 1484 1651 1650
3 1484 1488 1651
3 1649 1652 1648
3 1652 1654 1653
3 1652 1653 1489
3 1648 1652 1489
3 1487 1648 1489
3 1653 1490 1489
3 1491 1651 1488
3 1491 1655 1651
3 1654 1656 1653
3 1490 1653 1656
3 1657 1490 1656
3 1493 1490 1657
3 1494 1655 1491
3 1494 1658 1655
3 1657 1659 1493
3 1493 1659 1495
3 1496 1495 1659
3 1496 1659 1660
3 1662 1661 1497
3 1662 1497 1498
3 1494 1497 1658
3 1658 1497 1661
3 1660 1663 1496
3 1496 1663 1499
3 1500 1499 1663
3 1500 1663 1664
3 1666 1665 1501
3 1666 1501 1502
3 1498 1501 1662
3 1662 1501 1665
3 1664 1667 1500
3 1500 1667 1503
3 1503 1668 1504
3 1667 1668 1503
3 1504 1669 1505
3 1668 1669 1504
3 1505 1670 1506
3 1669 1670 1505
3 1502 1506 1666
3 1666 1506 1670
3 1671 1509 1510
3 1671 1510 1672
3 1510 1673 1672
3 1510 1511 1673
3 1674 1511 1512
3 1674 1673 1511
3 1675 1512 1513
3 1675 1674 1512
3 1513 1514 1675
3 1675 1514 1676
3 1678 1677 1517
3 1517 1677 1515
3 1517 1509 1671
3 1679 1517 1671
3 1678 1517 1679
3 1679 1671 1672
3 1680 1676 1514
3 1680 1514 1518
3 1682 1680 1681
3 1680 1519 1681
3 1680 1518 1519
3 1520 1681 1519
3 1677 1522 1515
3 1683 1522 1677
3 1684 1682 1681
3 1684 1681 1520
3 1523 1684 1520
3 1685 1684 1523
3 1523 1524 1685
3 1685 1524 1686
3 1683 1687 1522
3 1522 1687 1525
3 1526 1525 1687
3 1526 1687 1688
3 1689 1686 1524
3 1689 1524 1527
3 1527 1528 1689
3 1689 1528 1690
3 1688 1530 1526
3 1691 1530 1688
3 1692 1690 1528
3 1692 1528 1531
3 1693 1531 1532
3 1693 1692 1531
3 1532 1534 1693
3 1693 1534 1694
3 1691 1695 1530
3 1530 1695 1535
3 1536 1535 1695
3 1536 1695 1696
3 1697 1694 1534
3 1697 1534 1537
3 1537 1539 1697
3 1697 1539 1698
3 1540 1536 1699
3 1536 1700 1699
3 1536 1696 1700
3 1699 1541 1540
3 1701 1698 1539
3 1701 1539 1542
3 1542 1543 1701
3 1701 1543 1702
3 1700 1703 1699
3 1541 1699 1703
3 1704 1541 1703
3 1545 1541 1704
3 1543 1546 1705
3 1706 1543 1705
3 1702 1543 1706
3 1547 1705 1546
3 1548 1545 1707
3 1545 1708 1707
3 1545 1704 1708
3 1707 1549 1548
3 1709 1706 1705
3 1705 1547 1709
3 1547 1710 1709
3 1547 1551 1710
3 1708 1711 1707
3 1711 1713 1712
3 1711 1712 1552
3 1707 1711 1552
3 1549 1707 1552
3 1712 1553 1552
3 1554 1710 1551
3 1554 1714 1710
3 1713 1715 1712
3 1553 1712 1715
3 1716 1553 1715
3 1556 1553 1716
3 1557 1718 1717
3 1714 1557 1717
3 1554 1557 1714
3 1718 1719 1717
3 1716 1720 1556
3 1556 1720 1558
3 1559 1558 1720
3 1559 1720 1721
3 1560 1718 1557
3 1560 1561 1718
3 1561 1719 1718
3 1561 1722 1719
3 1721 1723 1559
3 1559 1723 1562
3 1563 1562 1723
3 1563 1723 1724
3 1564 1726 1725
3 1722 1564 1725
3 1561 1564 1722
3 1726 1727 1725
3 1565 1563 1728
3 1563 1729 1728
3 1563 1724 1729
3 1728 1566 1565
3 1568 1730 1726
3 1568 1726 1564
3 1727 1726 1731
3 1731 1726 1730
3 1729 1732 1728
3 1732 1734 1733
3 1732 1733 1569
3 1728 1732 1569
3 1566 1728 1569
3 1733 1570 1569
3 1572 1735 1730
3 1572 1730 1568
3 1731 1730 1736
3 1736 1730 1735
3 1734 1737 1733
3 1570 1733 1737
3 1738 1570 1737
3 1574 1570 1738
3 1576 1739 1735
3 1576 1735 1572
3 1736 1735 1740
3 1740 1735 1739
3 1738 1741 1574
3 1574 1741 1577
3 1578 1577 1741
3 1578 1741 1742
3 1579 1743 1739
3 1579 1739 1576
3 1740 1739 1744
3 1744 1739 1743
3 1580 1578 1745
3 1578 1746 1745
3 1578 1742 1746
3 1745 1581 1580
3 1582 1743 1579
3 1582 1584 1743
3 1584 1744 1743
3 1584 1747 1744
3 1746 1748 1745
3 1581 1745 1748
3 1749 1581 1748
3 1586 1581 1749
3 1587 1747 1584
3 1587 1750 1747
3 1588 1586 1751
3 1586 1752 1751
3 1586 1749 1752
3 1751 1589 1588
3 1753 1750 1587
3 1753 1587 1590
3 1590 1592 1753
3 1753 1592 1754
3 1751 1752 1755
3 1755 1752 1756
3 1757 1593 1589
3 1751 1757 1589
3 1755 1757 1751
3 1757 1594 1593
3 1595 1759 1758
3 1754 1595 1758
3 1592 1595 1754
3 1759 1760 1758
3 1756 1761 1755
3 1763 1762 1761
3 1762 1755 1761
3 1762 1757 1755
3 1762 1597 1594
3 1762 1594 1757
3 1598 1759 1595
3 1598 1600 1759
3 1600 1760 1759
3 1600 1764 1760
3 1762 1763 1765
3 1765 1763 1766
3 1767 1601 1597
3 1762 1767 1597
3 1765 1767 1762
3 1767 1602 1601
3 1768 1764 1600
3 1768 1600 1603
3 1603 1604 1768
3 1768 1604 1769
3 1766 1770 1765
3 1772 1771 1770
3 1771 1765 1770
3 1771 1767 1765
3 1771 1606 1602
3 1771 1602 1767
3 1607 1769 1604
3 1607 1773 1769
3 1771 1772 1774
3 1774 1772 1775
3 1774 1609 1606
3 1774 1606 1771
3 1776 1773 1607
3 1776 1607 1610
3 1610 1611 1776
3 1776 1611 1777
3 1775 1778 1774
3 1778 1780 1779
3 1778 1779 1612
3 1774 1778 1612
3 1609 1774 1612
3 1779 1613 1612
3 1614 1782 1781
3 1777 1614 1781
3 1611 1614 1777
3 1782 1783 1781
3 1779 1780 1784
3 1784 1780 1785
3 1784 1616 1613
3 1784 1613 1779
3 1617 1782 1614
3 1787 1786 1618
3 1618 1786 1617
3 1786 1783 1617
3 1783 1782 1617
3 1787 1788 1786
3 1785 1789 1784
3 1616 1784 1789
3 1790 1616 1789
3 1620 1616 1790
3 1621 1787 1618
3 1792 1791 1622
3 1622 1791 1621
3 1791 1788 1621
3 1788 1787 1621
3 1792 1793 1791
3 1623 1620 1794
3 1620 1795 1794
3 1620 1790 1795
3 1794 1625 1623
3 1626 1792 1622
3 1796 1793 1792
3 1626 1796 1792
3 1627 1796 1626
3 1627 1629 1796
3 1796 1629 1797
3 1795 1798 1794
3 1798 1800 1799
3 1798 1799 1630
3 1794 1798 1630
3 1625 1794 1630
3 1799 1632 1630
3 1801 1797 1629
3 1801 1629 1633
3 1633 1635 1801
3 1801 1635 1802
3 1800 1803 1799
3 1803 1805 1804
3 1803 1804 1636
3 1799 1803 1636
3 1632 1799 1636
3 1804 1637 1636
3 1806 1802 1635
3 1806 1635 1638
3 1808 1806 1807
3 1806 1639 1807
3 1806 1638 1639
3 1641 1807 1639
3 1805 1809 1804
3 1637 1804 1809
3 1810 1637 1809
3 1643 1637 1810
3 1811 1808 1807
3 1811 1807 1641
3 1644 1811 1641
3 1812 1811 1644
3 1644 1646 1812
3 1812 1646 1813
3 1810 1814 1643
3 1643 1814 1647
3 1649 1647 1814
3 1649 1814 1815
3 1646 1650 1816
3 1817 1646 1816
3 1813 1646 1817
3 1651 1816 1650
3 1815 1818 1649
3 1649 1818 1652
3 1654 1652 1818
3 1654 1818 1819
3 1820 1817 1816
3 1816 1651 1820
3 1651 1821 1820
3 1651 1655 1821
3 1819 1822 1654
3 1654 1822 1656
3 1657 1656 1822
3 1657 1822 1823
3 1658 1821 1655
3 1658 1824 1821
3 1823 1825 1657
3 1657 1825 1659
3 1660 1659 1825
3 1660 1825 1826
3 1828 1827 1661
3 1828 1661 1662
3 1658 1661 1824
3 1824 1661 1827
3 1826 1829 1660
3 1660 1829 1663
3 1831 1830 1664
3 1663 1831 1664
3 1829 1831 1663
3 1832 1830 1831
3 1835 1834 1833
3 1665 1666 1833
3 1834 1665 1833
3 1836 1665 1834
3 1662 1665 1828
3 1828 1665 1836
3 1830 1667 1664
3 1832 1837 1830
3 1837 1667 1830
3 1837 1668 1667
3 1668 1838 1669
3 1837 1838 1668
3 1833 1670 1835
3 1670 1838 1835
3 1670 1669 1838
3 1670 1833 1666
3 1839 1672 1673
3 1674 1840 1673
3 1673 1840 1839
3 1675 1841 1674
3 1674 1841 1840
3 1676 1841 1675
3 1842 1677 1678
3 1842 1678 1843
3 1678 1844 1843
3 1678 1679 1844
3 1679 1672 1839
3 1845 1679 1839
3 1844 1679 1845
3 1845 1839 1840
3 1845 1840 1846
3 1846 1840 1841
3 1846 1841 1847
3 1847 1841 1676
3 1680 1847 1676
3 1848 1847 1680
3 1680 1682 1848
3 1848 1682 1849
3 1851 1850 1842
3 1850 1677 1842
3 1850 1683 1677
3 1851 1842 1843
3 1852 1849 1682
3 1852 1682 1684
3 1853 1684 1685
3 1853 1852 1684
3 1685 1686 1853
3 1853 1686 1854
3 1850 1855 1683
3 1683 1855 1687
3 1688 1687 1855
3 1688 1855 1856
3 1857 1854 1686
3 1857 1686 1689
3 1689 1690 1857
3 1857 1690 1858
3 1856 1691 1688
3 1859 1691 1856
3 1860 1858 1690
3 1860 1690 1692
3 1861 1692 1693
3 1861 1860 1692
3 1693 1694 1861
3 1861 1694 1862
3 1695 1691 1863
3 1691 1864 1863
3 1691 1859 1864
3 1863 1696 1695
3 1865 1862 1694
3 1865 1694 1697
3 1867 1866 1698
3 1866 1697 1698
3 1866 1865 1697
3 1867 1868 1866
3 1864 1869 1863
3 1696 1863 1869
3 1870 1696 1869
3 1700 1696 1870
3 1701 1867 1698
3 1701 1702 1867
3 1702 1868 1867
3 1702 1871 1868
3 1870 1872 1700
3 1700 1872 1703
3 1704 1703 1872
3 1704 1872 1873
3 1706 1871 1702
3 1706 1874 1871
3 1873 1708 1704
3 1875 1708 1873
3 1876 1874 1706
3 1876 1706 1709
3 1709 1710 1876
3 1876 1710 1877
3 1875 1878 1708
3 1708 1878 1711
3 1713 1711 1878
3 1713 1878 1879
3 1714 1877 1710
3 1714 1880 1877
3 1879 1881 1713
3 1713 1881 1715
3 1716 1715 1881
3 1716 1881 1882
3 1883 1880 1714
3 1883 1714 1717
3 1717 1719 1883
3 1883 1719 1884
3 1720 1716 1885
3 1716 1886 1885
3 1716 1882 1886
3 1885 1721 1720
3 1722 1884 1719
3 1722 1887 1884
3 1886 1888 1885
3 1888 1890 1889
3 1888 1889 1723
3 1885 1888 1723
3 1721 1885 1723
3 1889 1724 1723
3 1891 1887 1722
3 1891 1722 1725
3 1725 1727 1891
3 1891 1727 1892
3 1890 1893 1889
3 1724 1889 1893
3 1894 1724 1893
3 1729 1724 1894
3 1731 1892 1727
3 1731 1895 1892
3 1894 1896 1729
3 1729 1896 1732
3 1734 1732 1896
3 1734 1896 1897
3 1736 1899 1898
3 1895 1736 1898
3 1731 1736 1895
3 1899 1900 1898
3 1737 1734 1901
3 1734 1902 1901
3 1734 1897 1902
3 1901 1738 1737
3 1740 1903 1899
3 1740 1899 1736
3 1900 1899 1904
3 1904 1899 1903
3 1902 1905 1901
3 1905 1907 1906
3 1905 1906 1741
3 1901 1905 1741
3 1738 1901 1741
3 1906 1742 1741
3 1744 1908 1903
3 1744 1903 1740
3 1904 1903 1909
3 1909 1903 1908
3 1906 1907 1910
3 1910 1907 1911
3 1910 1746 1742
3 1910 1742 1906
3 1747 1912 1908
3 1747 1908 1744
3 1909 1908 1913
3 1913 1908 1912
3 1911 1914 1910
3 1914 1916 1915
3 1914 1915 1748
3 1910 1914 1748
3 1746 1910 1748
3 1915 1749 1748
3 1750 1917 1912
3 1750 1912 1747
3 1913 1912 1918
3 1918 1912 1917
3 1915 1916 1919
3 1919 1916 1920
3 1919 1752 1749
3 1919 1749 1915
3 1753 1917 1750
3 1753 1754 1917
3 1754 1918 1917
3 1754 1921 1918
3 1919 1920 1922
3 1922 1920 1923
3 1922 1756 1752
3 1922 1752 1919
3 1924 1921 1754
3 1924 1754 1758
3 1758 1760 1924
3 1924 1760 1925
3 1923 1926 1922
3 1926 1928 1927
3 1926 1927 1761
3 1922 1926 1761
3 1756 1922 1761
3 1927 1763 1761
3 1764 1925 1760
3 1764 1929 1925
3 1928 1930 1927
3 1763 1927 1930
3 1931 1763 1930
3 1766 1763 1931
3 1764 1768 1932
3 1933 1764 1932
3 1929 1764 1933
3 1769 1932 1768
3 1770 1766 1934
3 1766 1935 1934
3 1766 1931 1935
3 1934 1772 1770
3 1936 1933 1932
3 1932 1769 1936
3 1769 1937 1936
3 1769 1773 1937
3 1935 1938 1934
3 1772 1934 1938
3 1939 1772 1938
3 1775 1772 1939
3 1940 1937 1773
3 1940 1773 1776
3 1776 1777 1940
3 1940 1777 1941
3 1939 1942 1775
3 1775 1942 1778
3 1780 1778 1942
3 1780 1942 1943
3 1777 1781 1944
3 1945 1777 1944
3 1941 1777 1945
3 1783 1944 1781
3 1943 1785 1780
3 1946 1785 1943
3 1947 1945 1944
3 1949 1947 1948
3 1948 1947 1786
3 1947 1944 1786
3 1944 1783 1786
3 1788 1948 1786
3 1789 1785 1950
3 1785 1951 1950
3 1785 1946 1951
3 1950 1790 1789
3 1952 1949 1948
3 1954 1952 1953
3 1953 1952 1791
3 1952 1948 1791
3 1948 1788 1791
3 1793 1953 1791
3 1951 1955 1950
3 1790 1950 1955
3 1956 1790 1955
3 1795 1790 1956
3 1957 1954 1953
3 1959 1957 1958
3 1958 1957 1796
3 1957 1953 1796
3 1953 1793 1796
3 1797 1958 1796
3 1798 1795 1960
3 1795 1961 1960
3 1795 1956 1961
3 1960 1800 1798
3 1962 1959 1958
3 1964 1962 1963
3 1963 1962 1801
3 1962 1958 1801
3 1958 1797 1801
3 1802 1963 1801
3 1961 1965 1960
3 1960 1965 1800
3 1965 1803 1800
3 1965 1966 1803
3 1805 1803 1966
3 1805 1966 1967
3 1968 1964 1963
3 1968 1963 1802
3 1806 1968 1802
3 1969 1968 1806
3 1806 1808 1969
3 1969 1808 1970
3 1967 1971 1805
3 1805 1971 1809
3 1810 1809 1971
3 1810 1971 1972
3 1973 1970 1808
3 1973 1808 1811
3 1975 1973 1974
3 1973 1812 1974
3 1973 1811 1812
3 1813 1974 1812
3 1972 1976 1810
3 1810 1976 1814
3 1815 1814 1976
3 1815 1976 1977
3 1978 1975 1974
3 1974 1813 1978
3 1813 1979 1978
3 1813 1817 1979
3 1977 1980 1815
3 1815 1980 1818
3 1819 1818 1980
3 1819 1980 1981
3 1817 1820 1982
3 1983 1817 1982
3 1979 1817 1983
3 1821 1982 1820
3 1981 1984 1819
3 1819 1984 1822
3 1823 1822 1984
3 1823 1984 1985
3 1983 1982 1986
3 1983 1986 1987
3 1824 1986 1821
3 1821 1986 1982
3 1985 1988 1823
3 1823 1988 1825
3 1990 1989 1826
3 1825 1990 1826
3 1988 1990 1825
3 1991 1989 1990
3 1987 1986 1827
3 1828 1987 1827
3 1992 1987 1828
3 1827 1986 1824
3 1989 1829 1826
3 1991 1993 1989
3 1993 1829 1989
3 1993 1831 1829
3 1995 1994 1832
3 1831 1995 1832
3 1993 1995 1831
3 1997 1996 1994
3 1997 1994 1995
3 1834 1835 1996
3 1997 1834 1996
3 1998 1834 1997
3 1834 1999 1836
3 1998 1999 1834
3 1828 1836 1992
3 1992 1836 1999
3 1994 1837 1832
3 1837 1994 1838
3 1838 1994 1996
3 1838 1996 1835
3 2000 1843 1844
3 2000 1844 2001
3 1844 2002 2001
3 1844 1845 2002
3 2003 1845 1846
3 2003 2002 1845
3 2004 1846 1847
3 2004 2003 1846
3 2005 1847 1848
3 2005 2004 1847
3 1848 1849 2005
3 2005 1849 2006
3 2007 1850 1851
3 2008 2007 1851
3 2008 1851 1843
3 2009 2008 1843
3 2000 2009 1843
3 2009 2000 2001
3 2010 2006 1849
3 2010 1849 1852
3 2011 1852 1853
3 2011 2010 1852
3 1853 1854 2011
3 2011 1854 2012
3 2007 1855 1850
3 1856 1855 2007
3 2008 1856 2007
3 2013 1856 2008
3 2014 2012 1854
3 2014 1854 1857
3 2016 2015 1858
3 2015 1857 1858
3 2015 2014 1857
3 2016 2017 2015
3 2013 1859 1856
3 2018 1859 2013
3 1860 2016 1858
3 2019 2017 2016
3 1860 2019 2016
3 1861 2019 1860
3 1861 1862 2019
3 2019 1862 2020
3 2018 1864 1859
3 2021 1864 2018
3 2022 2020 1862
3 2022 1862 1865
3 2023 1865 1866
3 2023 2022 1865
3 1866 1868 2023
3 2023 1868 2024
3 2021 2025 1864
3 1864 2025 1869
3 1870 1869 2025
3 1870 2025 2026
3 1871 2024 1868
3 1871 2027 2024
3 2026 2028 1870
3 1870 2028 1872
3 1873 1872 2028
3 1873 2028 2029
3 1874 2031 2030
3 2027 1874 2030
3 1871 1874 2027
3 2031 2032 2030
3 2029 1875 1873
3 2033 1875 2029
3 1876 2031 1874
3 1876 1877 2031
3 1877 2032 2031
3 1877 2034 2032
3 2033 2035 1875
3 1875 2035 1878
3 1879 1878 2035
3 1879 2035 2036
3 1880 2038 2037
3 2034 1880 2037
3 1877 1880 2034
3 2038 2039 2037
3 2036 2040 1879
3 1879 2040 1881
3 1882 1881 2040
3 1882 2040 2041
3 1883 2038 1880
3 1883 1884 2038
3 1884 2039 2038
3 1884 2042 2039
3 2041 1886 1882
3 2043 1886 2041
3 1887 2045 2044
3 2042 1887 2044
3 1884 1887 2042
3 2045 2046 2044
3 2043 2047 1886
3 1886 2047 1888
3 1890 1888 2047
3 1890 2047 2048
3 1891 2045 1887
3 1891 1892 2045
3 1892 2046 2045
3 1892 2049 2046
3 2048 2050 1890
3 1890 2050 1893
3 1894 1893 2050
3 1894 2050 2051
3 1895 2053 2052
3 2049 1895 2052
3 1892 1895 2049
3 2053 2054 2052
3 1896 1894 2055
3 1894 2056 2055
3 1894 2051 2056
3 2055 1897 1896
3 1898 2053 1895
3 1898 1900 2053
3 1900 2054 2053
3 1900 2057 2054
3 2056 2058 2055
3 1897 2055 2058
3 2059 1897 2058
3 1902 1897 2059
3 1904 2057 1900
3 1904 2060 2057
3 2059 2061 1902
3 1902 2061 1905
3 1907 1905 2061
3 1907 2061 2062
3 1909 2060 1904
3 1909 2063 2060
3 2062 1911 1907
3 2064 1911 2062
3 1913 2066 2065
3 2063 1913 2065
3 1909 1913 2063
3 2066 2067 2065
3 1914 1911 2068
3 1911 2069 2068
3 1911 2064 2069
3 2068 1916 1914
3 1918 2070 2066
3 1918 2066 1913
3 2067 2066 2071
3 2071 2066 2070
3 2069 2072 2068
3 1916 2068 2072
3 2073 1916 2072
3 1920 1916 2073
3 1921 2074 2070
3 1921 2070 1918
3 2071 2070 2075
3 2075 2070 2074
3 2073 1923 1920
3 2076 1923 2073
3 1924 2074 1921
3 1924 1925 2074
3 1925 2075 2074
3 1925 2077 2075
3 2076 2078 1923
3 1923 2078 1926
3 1928 1926 2078
3 1928 2078 2079
3 1929 2077 1925
3 1929 2080 2077
3 2079 2081 1928
3 1928 2081 1930
3 1931 1930 2081
3 1931 2081 2082
3 1933 2080 1929
3 1933 2083 2080
3 2082 1935 1931
3 2084 1935 2082
3 2085 2083 1933
3 2085 1933 1936
3 1936 1937 2085
3 2085 1937 2086
3 2084 2087 1935
3 1935 2087 1938
3 1939 1938 2087
3 1939 2087 2088
3 1937 1940 2089
3 2090 1937 2089
3 2086 1937 2090
3 1941 2089 1940
3 2088 2091 1939
3 1939 2091 1942
3 1943 1942 2091
3 1943 2091 2092
3 2093 2090 2089
3 2089 1941 2093
3 1941 2094 2093
3 1941 1945 2094
3 2092 1946 1943
3 2095 1946 2092
3 2096 2094 1945
3 2096 1945 1947
3 1947 1949 2096
3 2096 1949 2097
3 2099 1951 2098
3 1951 2095 2098
3 1951 1946 2095
3 2100 2099 2098
3 2101 2097 1949
3 2101 1949 1952
3 1952 1954 2101
3 2101 1954 2102
3 2099 1955 1951
3 1956 1955 2099
3 2100 1956 2099
3 2103 1956 2100
3 2104 2102 1954
3 2104 1954 1957
3 1957 1959 2104
3 2104 1959 2105
3 2103 1961 1956
3 2106 1961 2103
3 2107 2105 1959
3 2107 1959 1962
3 1962 1964 2107
3 2107 1964 2108
3 2106 2109 1961
3 1961 2109 1965
3 1965 2110 1966
3 2109 2110 1965
3 1967 1966 2110
3 1967 2110 2111
3 2112 2108 1964
3 2112 1964 1968
3 2113 1968 1969
3 2113 2112 1968
3 1969 1970 2113
3 2113 1970 2114
3 2111 2115 1967
3 1967 2115 1971
3 1972 1971 2115
3 1972 2115 2116
3 2117 2114 1970
3 2117 1970 1973
3 1973 1975 2117
3 2117 1975 2118
3 2116 2119 1972
3 1972 2119 1976
3 1977 1976 2119
3 1977 2119 2120
3 1975 1978 2121
3 2122 1975 2121
3 2118 1975 2122
3 1979 2121 1978
3 2120 2123 1977
3 1977 2123 1980
3 1981 1980 2123
3 1981 2123 2124
3 2125 2122 2121
3 2121 1979 2125
3 1979 2126 2125
3 1979 1983 2126
3 2124 2127 1981
3 1981 2127 1984
3 2129 2128 1985
3 1984 2129 1985
3 2127 2129 1984
3 2130 2128 2129
3 1987 2126 1983
3 1987 2131 2126
3 2128 1988 1985
3 2130 2132 2128
3 2132 1988 2128
3 2132 1990 1988
3 1991 1990 2132
3 1991 2132 2133
3 2136 2135 2134
3 2135 2131 2134
3 2131 1992 2134
3 2131 1987 1992
3 2133 2137 1991
3 1991 2137 1993
3 1993 2138 1995
3 2137 2138 1993
3 1995 2139 1997
3 2138 2139 1995
3 1997 2140 1998
3 2139 2140 1997
3 2134 1999 2136
3 1999 2140 2136
3 1999 1998 2140
3 1999 2134 1992
3 2141 2001 2002
3 2141 2002 2142
3 2002 2143 2142
3 2002 2003 2143
3 2144 2003 2004
3 2144 2143 2003
3 2146 2144 2145
3 2144 2005 2145
3 2144 2004 2005
3 2006 2145 2005
3 2147 2008 2009
3 2001 2141 2009
3 2141 2147 2009
3 2141 2148 2147
3 2141 2142 2149
3 2141 2149 2148
3 2150 2146 2145
3 2150 2145 2006
3 2010 2150 2006
3 2151 2150 2010
3 2152 2010 2011
3 2152 2151 2010
3 2011 2012 2152
3 2152 2012 2153
3 2155 2154 2147
3 2154 2008 2147
3 2154 2013 2008
3 2155 2147 2148
3 2155 2148 2156
3 2156 2148 2149
3 2157 2153 2012
3 2157 2012 2014
3 2158 2014 2015
3 2158 2157 2014
3 2015 2017 2158
3 2158 2017 2159
3 2154 2018 2013
3 2160 2018 2154
3 2161 2159 2017
3 2161 2017 2019
3 2163 2162 2020
3 2162 2019 2020
3 2162 2161 2019
3 2163 2164 2162
3 2166 2021 2165
3 2021 2160 2165
3 2021 2018 2160
3 2167 2166 2165
3 2022 2163 2020
3 2022 2023 2163
3 2023 2168 2163
3 2168 2164 2163
3 2023 2169 2168
3 2024 2169 2023
3 2166 2025 2021
3 2026 2025 2166
3 2167 2026 2166
3 2170 2026 2167
3 2171 2168 2169
3 2024 2027 2169
3 2027 2172 2169
3 2172 2171 2169
3 2172 2027 2173
3 2173 2174 2172
3 2170 2175 2026
3 2026 2175 2028
3 2029 2028 2175
3 2029 2175 2176
3 2030 2173 2027
3 2178 2177 2032
3 2032 2177 2030
3 2177 2174 2030
3 2174 2173 2030
3 2178 2179 2177
3 2176 2033 2029
3 2180 2033 2176
3 2034 2181 2178
3 2034 2178 2032
3 2179 2178 2182
3 2178 2183 2182
3 2178 2181 2183
3 2183 2184 2182
3 2180 2185 2033
3 2033 2185 2035
3 2036 2035 2185
3 2036 2185 2186
3 2037 2181 2034
3 2181 2037 2039
3 2187 2181 2039
3 2183 2181 2187
3 2184 2183 2188
3 2188 2183 2187
3 2186 2189 2036
3 2036 2189 2040
3 2041 2040 2189
3 2041 2189 2190
3 2042 2191 2187
3 2042 2187 2039
3 2188 2187 2192
3 2192 2187 2191
3 2194 2043 2193
3 2043 2190 2193
3 2043 2041 2190
3 2195 2194 2193
3 2044 2191 2042
3 2044 2046 2191
3 2046 2192 2191
3 2046 2196 2192
3 2194 2047 2043
3 2048 2047 2194
3 2195 2048 2194
3 2197 2048 2195
3 2049 2196 2046
3 2049 2198 2196
3 2197 2199 2048
3 2048 2199 2050
3 2051 2050 2199
3 2051 2199 2200
3 2201 2198 2049
3 2201 2049 2052
3 2052 2054 2201
3 2201 2054 2202
3 2200 2056 2051
3 2203 2056 2200
3 2057 2202 2054
3 2057 2204 2202
3 2203 2205 2056
3 2056 2205 2058
3 2059 2058 2205
3 2059 2205 2206
3 2060 2204 2057
3 2060 2207 2204
3 2206 2208 2059
3 2059 2208 2061
3 2062 2061 2208
3 2062 2208 2209
3 2063 2207 2060
3 2063 2210 2207
3 2209 2064 2062
3 2211 2064 2209
3 2212 2210 2063
3 2212 2063 2065
3 2065 2067 2212
3 2212 2067 2213
3 2211 2069 2064
3 2214 2069 2211
3 2071 2213 2067
3 2071 2215 2213
3 2214 2216 2069
3 2069 2216 2072
3 2073 2072 2216
3 2073 2216 2217
3 2075 2219 2218
3 2215 2075 2218
3 2071 2075 2215
3 2219 2220 2218
3 2217 2076 2073
3 2221 2076 2217
3 2223 2222 2219
3 2075 2223 2219
3 2077 2223 2075
3 2219 2222 2220
3 2221 2224 2076
3 2076 2224 2078
3 2079 2078 2224
3 2079 2224 2225
3 2080 2223 2077
3 2080 2226 2223
3 2225 2227 2079
3 2079 2227 2081
3 2082 2081 2227
3 2082 2227 2228
3 2083 2226 2080
3 2083 2229 2226
3 2231 2084 2230
3 2084 2228 2230
3 2084 2082 2228
3 2232 2231 2230
3 2233 2229 2083
3 2233 2083 2085
3 2085 2086 2233
3 2233 2086 2234
3 2231 2087 2084
3 2088 2087 2231
3 2232 2088 2231
3 2235 2088 2232
3 2090 2234 2086
3 2090 2236 2234
3 2235 2237 2088
3 2088 2237 2091
3 2092 2091 2237
3 2092 2237 2238
3 2239 2236 2090
3 2239 2090 2093
3 2093 2094 2239
3 2239 2094 2240
3 2238 2095 2092
3 2241 2095 2238
3 2242 2240 2094
3 2242 2094 2096
3 2096 2097 2242
3 2242 2097 2243
3 2241 2244 2095
3 2095 2244 2098
3 2100 2098 2244
3 2100 2244 2245
3 2246 2243 2097
3 2246 2097 2101
3 2101 2102 2246
3 2246 2102 2247
3 2245 2103 2100
3 2248 2103 2245
3 2249 2247 2102
3 2249 2102 2104
3 2104 2105 2249
3 2249 2105 2250
3 2252 2106 2251
3 2106 2248 2251
3 2106 2103 2248
3 2253 2252 2251
3 2254 2250 2105
3 2254 2105 2107
3 2107 2108 2254
3 2254 2108 2255
3 2252 2109 2106
3 2253 2256 2252
3 2256 2109 2252
3 2256 2110 2109
3 2111 2110 2256
3 2111 2256 2257
3 2258 2255 2108
3 2258 2108 2112
3 2259 2112 2113
3 2259 2258 2112
3 2113 2114 2259
3 2259 2114 2260
3 2257 2261 2111
3 2111 2261 2115
3 2116 2115 2261
3 2116 2261 2262
3 2114 2117 2263
3 2264 2114 2263
3 2260 2114 2264
3 2118 2263 2117
3 2262 2265 2116
3 2116 2265 2119
3 2120 2119 2265
3 2120 2265 2266
3 2267 2264 2263
3 2263 2118 2267
3 2118 2268 2267
3 2118 2122 2268
3 2266 2269 2120
3 2120 2269 2123
3 2271 2270 2124
3 2123 2271 2124
3 2269 2271 2123
3 2272 2270 2271
3 2122 2125 2273
3 2274 2122 2273
3 2268 2122 2274
3 2126 2273 2125
3 2270 2127 2124
3 2272 2275 2270
3 2275 2127 2270
3 2275 2129 2127
3 2130 2129 2275
3 2130 2275 2276
3 2274 2273 2277
3 2274 2277 2278
3 2131 2277 2126
3 2126 2277 2273
3 2276 2279 2130
3 2130 2279 2132
3 2281 2280 2133
3 2132 2281 2133
3 2279 2281 2132
3 2282 2280 2281
3 2285 2284 2283
3 2287 2286 2283
3 2287 2283 2284
3 2286 2287 2278
3 2286 2278 2277
3 2136 2286 2277
3 2135 2136 2277
3 2135 2277 2131
3 2280 2137 2133
3 2282 2288 2280
3 2288 2137 2280
3 2288 2138 2137
3 2283 2139 2285
3 2139 2288 2285
3 2139 2138 2288
3 2139 2283 2140
3 2140 2283 2286
3 2140 2286 2136
3 2289 2142 2143
3 2144 2290 2143
3 2143 2290 2289
3 2146 2290 2144
3 2291 2149 2289
3 2289 2149 2142
3 2290 2293 2292
3 2291 2290 2292
3 2289 2290 2291
3 2293 2290 2146
3 2150 2293 2146
3 2294 2293 2150
3 2295 2150 2151
3 2295 2294 2150
3 2297 2295 2296
3 2295 2152 2296
3 2295 2151 2152
3 2153 2296 2152
3 2298 2154 2155
3 2298 2155 2299
3 2155 2300 2299
3 2155 2156 2300
3 2156 2149 2291
3 2301 2156 2291
3 2300 2156 2301
3 2301 2291 2292
3 2302 2297 2296
3 2302 2296 2153
3 2157 2302 2153
3 2303 2302 2157
3 2304 2157 2158
3 2304 2303 2157
3 2158 2159 2304
3 2304 2159 2305
3 2306 2160 2298
3 2298 2160 2154
3 2298 2299 2307
3 2298 2307 2306
3 2308 2305 2159
3 2308 2159 2161
3 2310 2308 2309
3 2308 2162 2309
3 2308 2161 2162
3 2164 2309 2162
3 2306 2165 2160
3 2312 2311 2167
3 2312 2167 2165
3 2307 2312 2165
3 2306 2307 2165
3 2313 2311 2312
3 2314 2310 2309
3 2309 2164 2314
3 2164 2315 2314
3 2164 2168 2315
3 2316 2170 2311
3 2311 2170 2167
3 2311 2313 2317
3 2311 2317 2316
3 2318 2315 2168
3 2318 2168 2171
3 2319 2171 2172
3 2319 2318 2171
3 2321 2320 2174
3 2320 2172 2174
3 2320 2319 2172
3 2321 2322 2320
3 2316 2175 2170
3 2176 2175 2316
3 2317 2176 2316
3 2323 2176 2317
3 2177 2321 2174
3 2177 2179 2321
3 2179 2322 2321
3 2179 2324 2322
3 2326 2180 2325
3 2180 2323 2325
3 2180 2176 2323
3 2327 2326 2325
3 2328 2324 2179
3 2328 2179 2182
3 2182 2184 2328
3 2328 2184 2329
3 2326 2185 2180
3 2331 2330 2186
3 2331 2186 2185
3 2327 2331 2185
3 2326 2327 2185
3 2332 2330 2331
3 2188 2329 2184
3 2188 2333 2329
3 2330 2189 2186
3 2335 2334 2190
3 2335 2190 2189
3 2332 2335 2189
3 2330 2332 2189
3 2336 2334 2335
3 2192 2338 2337
3 2333 2192 2337
3 2188 2192 2333
3 2338 2339 2337
3 2334 2193 2190
3 2195 2193 2334
3 2336 2195 2334
3 2340 2195 2336
3 2196 2341 2338
3 2196 2338 2192
3 2339 2338 2342
3 2342 2338 2341
3 2344 2197 2343
3 2197 2340 2343
3 2197 2195 2340
3 2345 2344 2343
3 2198 2346 2341
3 2198 2341 2196
3 2342 2341 2347
3 2341 2348 2347
3 2341 2346 2348
3 2348 2349 2347
3 2344 2199 2197
3 2200 2199 2344
3 2345 2200 2344
3 2350 2200 2345
3 2201 2346 2198
3 2346 2201 2202
3 2351 2346 2202
3 2348 2346 2351
3 2349 2348 2352
3 2352 2348 2351
3 2354 2203 2353
3 2203 2350 2353
3 2203 2200 2350
3 2355 2354 2353
3 2204 2356 2351
3 2204 2351 2202
3 2352 2351 2357
3 2357 2351 2356
3 2354 2205 2203
3 2206 2205 2354
3 2355 2206 2354
3 2358 2206 2355
3 2207 2359 2356
3 2207 2356 2204
3 2357 2356 2360
3 2360 2356 2359
3 2358 2361 2206
3 2206 2361 2208
3 2209 2208 2361
3 2209 2361 2362
3 2210 2363 2359
3 2210 2359 2207
3 2360 2359 2364
3 2359 2365 2364
3 2359 2363 2365
3 2365 2366 2364
3 2368 2211 2367
3 2211 2362 2367
3 2211 2209 2362
3 2369 2368 2367
3 2212 2363 2210
3 2363 2212 2213
3 2370 2363 2213
3 2365 2363 2370
3 2366 2365 2371
3 2371 2365 2370
3 2372 2214 2368
3 2368 2214 2211
3 2368 2369 2373
3 2368 2373 2372
3 2215 2374 2370
3 2215 2370 2213
3 2371 2370 2375
3 2375 2370 2374
3 2372 2216 2214
3 2217 2216 2372
3 2373 2217 2372
3 2376 2217 2373
3 2218 2374 2215
3 2218 2220 2374
3 2220 2375 2374
3 2220 2377 2375
3 2379 2221 2378
3 2221 2376 2378
3 2221 2217 2376
3 2380 2379 2378
3 2223 2381 2222
3 2381 2382 2222
3 2382 2220 2222
3 2382 2377 2220
3 2379 2224 2221
3 2384 2383 2225
3 2384 2225 2224
3 2380 2384 2224
3 2379 2380 2224
3 2385 2383 2384
3 2387 2386 2381
3 2223 2387 2381
3 2226 2387 2223
3 2381 2386 2382
3 2383 2227 2225
3 2228 2227 2383
3 2385 2228 2383
3 2388 2228 2385
3 2229 2390 2389
3 2387 2229 2389
3 2226 2229 2387
3 2390 2391 2389
3 2388 2392 2228
3 2228 2392 2230
3 2232 2230 2392
3 2232 2392 2393
3 2233 2390 2229
3 2233 2234 2390
3 2234 2391 2390
3 2234 2394 2391
3 2396 2235 2395
3 2235 2393 2395
3 2235 2232 2393
3 2397 2396 2395
3 2236 2399 2398
3 2394 2236 2398
3 2234 2236 2394
3 2399 2400 2398
3 2396 2237 2235
3 2238 2237 2396
3 2397 2238 2396
3 2401 2238 2397
3 2239 2399 2236
3 2239 2240 2399
3 2240 2400 2399
3 2240 2402 2400
3 2404 2241 2403
3 2241 2401 2403
3 2241 2238 2401
3 2405 2404 2403
3 2406 2402 2240
3 2406 2240 2242
3 2242 2243 2406
3 2406 2243 2407
3 2404 2244 2241
3 2245 2244 2404
3 2405 2245 2404
3 2408 2245 2405
3 2409 2407 2243
3 2409 2243 2246
3 2246 2247 2409
3 2409 2247 2410
3 2408 2248 2245
3 2411 2248 2408
3 2412 2410 2247
3 2412 2247 2249
3 2249 2250 2412
3 2412 2250 2413
3 2411 2414 2248
3 2248 2414 2251
3 2253 2251 2414
3 2253 2414 2415
3 2416 2413 2250
3 2416 2250 2254
3 2254 2255 2416
3 2416 2255 2417
3 2415 2418 2253
3 2253 2418 2256
3 2257 2256 2418
3 2257 2418 2419
3 2420 2417 2255
3 2420 2255 2258
3 2422 2420 2421
3 2420 2259 2421
3 2420 2258 2259
3 2260 2421 2259
3 2419 2423 2257
3 2257 2423 2261
3 2425 2424 2262
3 2261 2425 2262
3 2423 2425 2261
3 2426 2424 2425
3 2422 2421 2427
3 2422 2427 2428
3 2264 2427 2260
3 2260 2427 2421
3 2424 2265 2262
3 2430 2429 2266
3 2430 2266 2265
3 2426 2430 2265
3 2424 2426 2265
3 2431 2429 2430
3 2432 2428 2427
3 2434 2432 2433
3 2433 2432 2267
3 2432 2427 2267
3 2427 2264 2267
3 2268 2433 2267
3 2429 2269 2266
3 2431 2435 2429
3 2435 2269 2429
3 2435 2271 2269
3 2272 2271 2435
3 2272 2435 2436
3 2434 2433 2437
3 2434 2437 2438
3 2274 2437 2268
3 2268 2437 2433
3 2436 2439 2272
3 2272 2439 2275
3 2441 2440 2276
3 2275 2441 2276
3 2439 2441 2275
3 2442 2440 2441
3 2445 2444 2443
3 2447 2446 2443
3 2447 2443 2444
3 2446 2447 2438
3 2437 2446 2438
3 2448 2446 2437
3 2278 2448 2274
3 2274 2448 2437
3 2440 2279 2276
3 2442 2449 2440
3 2449 2279 2440
3 2449 2281 2279
3 2443 2450 2282
3 2449 2443 2282
3 2281 2449 2282
3 2445 2443 2449
3 2285 2450 2284
3 2450 2446 2284
3 2450 2443 2446
3 2284 2446 2287
3 2287 2446 2448
3 2287 2448 2278
3 2450 2288 2282
3 2288 2450 2285
3 2451 2292 2293
3 2294 2452 2293
3 2293 2452 2451
3 2295 2453 2294
3 2294 2453 2452
3 2297 2453 2295
3 2454 2299 2300
3 2301 2455 2300
3 2300 2455 2454
3 2292 2451 2301
3 2451 2455 2301
3 2451 2456 2455
3 2457 2451 2452
3 2456 2451 2457
3 2453 2459 2458
3 2457 2453 2458
3 2452 2453 2457
3 2459 2453 2297
3 2302 2459 2297
3 2460 2459 2302
3 2461 2302 2303
3 2461 2460 2302
3 2462 2303 2304
3 2462 2461 2303
3 2304 2305 2462
3 2462 2305 2463
3 2464 2307 2454
3 2454 2307 2299
3 2465 2454 2455
3 2464 2454 2465
3 2456 2467 2466
3 2465 2456 2466
3 2455 2456 2465
3 2467 2456 2457
3 2467 2457 2468
3 2468 2457 2458
3 2469 2463 2305
3 2469 2305 2308
3 2308 2310 2469
3 2469 2310 2470
3 2464 2312 2307
3 2312 2464 2313
3 2464 2471 2313
3 2464 2465 2471
3 2465 2466 2472
3 2465 2472 2471
3 2473 2470 2310
3 2473 2310 2314
3 2314 2315 2473
3 2473 2315 2474
3 2477 2476 2475
3 2475 2478 2477
3 2479 2317 2471
3 2471 2317 2313
3 2471 2472 2480
3 2471 2480 2479
3 2481 2474 2315
3 2481 2315 2318
3 2319 2475 2476
3 2481 2319 2476
3 2318 2319 2481
3 2482 2478 2475
3 2319 2482 2475
3 2320 2482 2319
3 2320 2322 2482
3 2482 2322 2483
3 2484 2323 2479
3 2479 2323 2317
3 2479 2480 2485
3 2486 2479 2485
3 2484 2479 2486
3 2487 2486 2485
3 2324 2483 2322
3 2324 2488 2483
3 2484 2325 2323
3 2325 2484 2327
3 2484 2489 2327
3 2484 2486 2489
3 2486 2487 2490
3 2491 2486 2490
3 2489 2486 2491
3 2492 2491 2490
3 2493 2488 2324
3 2493 2324 2328
3 2328 2329 2493
3 2493 2329 2494
3 2489 2331 2327
3 2331 2489 2332
3 2489 2495 2332
3 2489 2491 2495
3 2491 2492 2496
3 2497 2491 2496
3 2495 2491 2497
3 2498 2497 2496
3 2333 2494 2329
3 2333 2499 2494
3 2495 2335 2332
3 2335 2495 2336
3 2495 2500 2336
3 2495 2497 2500
3 2497 2498 2501
3 2502 2497 2501
3 2500 2497 2502
3 2503 2502 2501
3 2504 2499 2333
3 2504 2333 2337
3 2337 2339 2504
3 2504 2339 2505
3 2506 2340 2500
3 2500 2340 2336
3 2507 2500 2502
3 2506 2500 2507
3 2502 2503 2508
3 2502 2508 2507
3 2342 2505 2339
3 2342 2509 2505
3 2506 2343 2340
3 2343 2506 2345
3 2506 2510 2345
3 2506 2507 2510
3 2507 2508 2511
3 2507 2511 2510
3 2342 2347 2512
3 2513 2342 2512
3 2509 2342 2513
3 2349 2512 2347
3 2514 2350 2510
3 2510 2350 2345
3 2510 2511 2515
3 2510 2515 2514
3 2516 2513 2512
3 2512 2349 2516
3 2349 2517 2516
3 2349 2352 2517
3 2514 2353 2350
3 2519 2518 2355
3 2519 2355 2353
3 2515 2519 2353
3 2514 2515 2353
3 2520 2518 2519
3 2357 2517 2352
3 2357 2521 2517
3 2522 2358 2518
3 2518 2358 2355
3 2518 2520 2523
3 2524 2518 2523
3 2522 2518 2524
3 2525 2524 2523
3 2360 2521 2357
3 2360 2526 2521
3 2522 2361 2358
3 2361 2522 2362
3 2522 2527 2362
3 2522 2524 2527
3 2524 2525 2528
3 2524 2528 2527
3 2529 2526 2360
3 2529 2360 2364
3 2364 2366 2529
3 2529 2366 2530
3 2527 2367 2362
3 2369 2367 2527
3 2528 2369 2527
3 2531 2369 2528
3 2371 2530 2366
3 2371 2532 2530
3 2534 2373 2533
3 2373 2531 2533
3 2373 2369 2531
3 2535 2534 2533
3 2375 2532 2371
3 2375 2536 2532
3 2537 2376 2534
3 2534 2376 2373
3 2534 2535 2538
3 2534 2538 2537
3 2377 2536 2375
3 2377 2539 2536
3 2537 2378 2376
3 2541 2540 2380
3 2541 2380 2378
3 2538 2541 2378
3 2537 2538 2378
3 2542 2540 2541
3 2382 2544 2543
3 2539 2382 2543
3 2377 2382 2539
3 2544 2545 2543
3 2540 2384 2380
3 2385 2384 2540
3 2542 2385 2540
3 2546 2385 2542
3 2387 2547 2386
3 2547 2548 2386
3 2386 2548 2382
3 2548 2549 2382
3 2549 2544 2382
3 2544 2549 2545
3 2551 2388 2550
3 2388 2546 2550
3 2388 2385 2546
3 2552 2551 2550
3 2389 2547 2387
3 2554 2553 2391
3 2391 2553 2389
3 2553 2548 2389
3 2548 2547 2389
3 2554 2555 2553
3 2551 2392 2388
3 2557 2556 2393
3 2557 2393 2392
3 2552 2557 2392
3 2551 2552 2392
3 2558 2556 2557
3 2394 2559 2554
3 2394 2554 2391
3 2555 2554 2560
3 2560 2554 2559
3 2556 2395 2393
3 2397 2395 2556
3 2558 2397 2556
3 2561 2397 2558
3 2398 2559 2394
3 2398 2400 2559
3 2400 2560 2559
3 2400 2562 2560
3 2564 2401 2563
3 2401 2561 2563
3 2401 2397 2561
3 2565 2564 2563
3 2402 2567 2566
3 2562 2402 2566
3 2400 2402 2562
3 2567 2568 2566
3 2564 2403 2401
3 2405 2403 2564
3 2565 2405 2564
3 2569 2405 2565
3 2406 2567 2402
3 2571 2570 2407
3 2407 2570 2406
3 2570 2568 2406
3 2568 2567 2406
3 2571 2572 2570
3 2569 2408 2405
3 2573 2408 2569
3 2409 2571 2407
3 2575 2574 2410
3 2410 2574 2409
3 2574 2572 2409
3 2572 2571 2409
3 2575 2576 2574
3 2578 2411 2577
3 2411 2573 2577
3 2411 2408 2573
3 2579 2578 2577
3 2412 2575 2410
3 2412 2413 2575
3 2413 2576 2575
3 2413 2580 2576
3 2578 2414 2411
3 2582 2581 2415
3 2582 2415 2414
3 2579 2582 2414
3 2578 2579 2414
3 2583 2581 2582
3 2584 2580 2413
3 2584 2413 2416
3 2416 2417 2584
3 2584 2417 2585
3 2581 2418 2415
3 2587 2586 2419
3 2587 2419 2418
3 2583 2587 2418
3 2581 2583 2418
3 2588 2586 2587
3 2417 2420 2589
3 2590 2417 2589
3 2585 2417 2590
3 2422 2589 2420
3 2586 2423 2419
3 2588 2591 2586
3 2591 2423 2586
3 2591 2425 2423
3 2426 2425 2591
3 2426 2591 2592
3 2593 2590 2589
3 2589 2422 2593
3 2422 2594 2593
3 2422 2428 2594
3 2592 2595 2426
3 2426 2595 2430
3 2597 2596 2431
3 2430 2597 2431
3 2595 2597 2430
3 2598 2596 2597
3 2428 2432 2599
3 2600 2428 2599
3 2594 2428 2600
3 2434 2599 2432
3 2596 2435 2431
3 2602 2601 2436
3 2602 2436 2435
3 2598 2602 2435
3 2596 2598 2435
3 2603 2601 2602
3 2606 2605 2604
3 2608 2607 2604
3 2608 2604 2605
3 2607 2608 2600
3 2599 2607 2600
3 2609 2607 2599
3 2438 2609 2434
3 2434 2609 2599
3 2601 2439 2436
3 2603 2610 2601
3 2610 2439 2601
3 2610 2441 2439
3 2604 2611 2442
3 2610 2604 2442
3 2441 2610 2442
3 2606 2604 2610
3 2445 2611 2444
3 2611 2607 2444
3 2611 2604 2607
3 2444 2607 2447
3 2447 2607 2609
3 2447 2609 2438
3 2611 2449 2442
3 2449 2611 2445
3 2612 2458 2459
3 2460 2613 2459
3 2459 2613 2612
3 2461 2614 2460
3 2460 2614 2613
3 2462 2615 2461
3 2461 2615 2614
3 2463 2615 2462
3 2616 2466 2467
3 2468 2617 2467
3 2467 2617 2616
3 2618 2617 2468
3 2618 2468 2458
3 2619 2618 2458
3 2612 2619 2458
3 2621 2620 2619
3 2612 2621 2619
3 2613 2621 2612
3 2622 2613 2614
3 2621 2613 2622
3 2623 2614 2615
3 2622 2614 2623
3 2469 2624 2463
3 2624 2615 2463
3 2624 2623 2615
3 2470 2624 2469
3 2625 2472 2616
3 2616 2472 2466
3 2626 2616 2617
3 2625 2616 2626
3 2617 2618 2627
3 2628 2617 2627
3 2626 2617 2628
3 2620 2621 2629
3 2627 2630 2628
3 2629 2621 2622
3 2629 2622 2631
3 2631 2622 2623
3 2631 2623 2632
3 2634 2633 2632
3 2623 2634 2632
3 2624 2634 2623
3 2473 2635 2470
3 2635 2624 2470
3 2635 2634 2624
3 2474 2635 2473
3 2636 2476 2477
3 2478 2636 2477
3 2637 2480 2625
3 2625 2480 2472
3 2638 2625 2626
3 2637 2625 2638
3 2639 2626 2628
3 2638 2626 2639
3 2628 2630 2640
3 2628 2640 2639
3 2641 2633 2634
3 2641 2634 2635
3 2641 2635 2642
3 2642 2635 2474
3 2481 2642 2474
3 2643 2642 2481
3 2481 2476 2636
3 2644 2481 2636
3 2643 2481 2644
3 2646 2644 2645
3 2645 2644 2482
3 2644 2636 2482
3 2636 2478 2482
3 2483 2645 2482
3 2637 2485 2480
3 2485 2637 2487
3 2637 2647 2487
3 2637 2638 2647
3 2648 2638 2639
3 2647 2638 2648
3 2639 2640 2649
3 2639 2649 2648
3 2650 2646 2645
3 2645 2483 2650
3 2483 2651 2650
3 2483 2488 2651
3 2647 2490 2487
3 2490 2647 2492
3 2647 2652 2492
3 2647 2648 2652
3 2648 2649 2653
3 2654 2648 2653
3 2652 2648 2654
3 2655 2654 2653
3 2656 2651 2488
3 2656 2488 2493
3 2493 2494 2656
3 2656 2494 2657
3 2652 2496 2492
3 2496 2652 2498
3 2652 2658 2498
3 2652 2654 2658
3 2654 2655 2659
3 2660 2654 2659
3 2658 2654 2660
3 2661 2660 2659
3 2499 2657 2494
3 2499 2662 2657
3 2658 2501 2498
3 2501 2658 2503
3 2658 2663 2503
3 2658 2660 2663
3 2660 2661 2664
3 2660 2664 2663
3 2499 2504 2665
3 2666 2499 2665
3 2662 2499 2666
3 2505 2665 2504
3 2667 2508 2663
3 2663 2508 2503
3 2663 2664 2668
3 2663 2668 2667
3 2669 2666 2665
3 2665 2505 2669
3 2505 2670 2669
3 2505 2509 2670
3 2671 2511 2667
3 2667 2511 2508
3 2667 2668 2672
3 2673 2667 2672
3 2671 2667 2673
3 2674 2673 2672
3 2513 2670 2509
3 2513 2675 2670
3 2676 2515 2671
3 2671 2515 2511
3 2677 2671 2673
3 2676 2671 2677
3 2673 2674 2678
3 2673 2678 2677
3 2679 2675 2513
3 2679 2513 2516
3 2516 2517 2679
3 2679 2517 2680
3 2676 2519 2515
3 2519 2676 2520
3 2676 2681 2520
3 2676 2677 2681
3 2677 2678 2682
3 2683 2677 2682
3 2681 2677 2683
3 2684 2683 2682
3 2521 2680 2517
3 2521 2685 2680
3 2681 2523 2520
3 2523 2681 2525
3 2681 2686 2525
3 2681 2683 2686
3 2683 2684 2687
3 2683 2687 2686
3 2526 2685 2521
3 2526 2688 2685
3 2689 2528 2686
3 2686 2528 2525
3 2686 2687 2690
3 2686 2690 2689
3 2526 2529 2691
3 2692 2526 2691
3 2688 2526 2692
3 2530 2691 2529
3 2693 2531 2689
3 2689 2531 2528
3 2689 2690 2694
3 2689 2694 2693
3 2695 2692 2691
3 2691 2530 2695
3 2530 2696 2695
3 2530 2532 2696
3 2693 2533 2531
3 2698 2697 2535
3 2698 2535 2533
3 2694 2698 2533
3 2693 2694 2533
3 2699 2697 2698
3 2536 2696 2532
3 2536 2700 2696
3 2701 2538 2697
3 2697 2538 2535
3 2697 2699 2702
3 2697 2702 2701
3 2539 2700 2536
3 2539 2703 2700
3 2701 2541 2538
3 2705 2704 2542
3 2705 2542 2541
3 2702 2705 2541
3 2701 2702 2541
3 2706 2704 2705
3 2707 2703 2539
3 2707 2539 2543
3 2543 2545 2707
3 2707 2545 2708
3 2709 2546 2704
3 2704 2546 2542
3 2704 2706 2710
3 2704 2710 2709
3 2548 2711 2549
3 2711 2712 2549
3 2712 2545 2549
3 2712 2708 2545
3 2709 2550 2546
3 2714 2713 2552
3 2714 2552 2550
3 2710 2714 2550
3 2709 2710 2550
3 2715 2713 2714
3 2553 2711 2548
3 2553 2555 2711
3 2555 2712 2711
3 2555 2716 2712
3 2713 2557 2552
3 2558 2557 2713
3 2715 2558 2713
3 2717 2558 2715
3 2560 2719 2718
3 2716 2560 2718
3 2555 2560 2716
3 2719 2720 2718
3 2722 2561 2721
3 2561 2717 2721
3 2561 2558 2717
3 2723 2722 2721
3 2562 2724 2719
3 2562 2719 2560
3 2720 2719 2725
3 2725 2719 2724
3 2722 2563 2561
3 2565 2563 2722
3 2723 2565 2722
3 2726 2565 2723
3 2566 2724 2562
3 2566 2568 2724
3 2568 2725 2724
3 2568 2727 2725
3 2729 2569 2728
3 2569 2726 2728
3 2569 2565 2726
3 2730 2729 2728
3 2731 2727 2568
3 2731 2568 2570
3 2570 2572 2731
3 2731 2572 2732
3 2733 2573 2729
3 2729 2573 2569
3 2729 2730 2734
3 2729 2734 2733
3 2572 2574 2735
3 2736 2572 2735
3 2732 2572 2736
3 2576 2735 2574
3 2733 2577 2573
3 2579 2577 2733
3 2734 2579 2733
3 2737 2579 2734
3 2736 2735 2738
3 2736 2738 2739
3 2580 2738 2576
3 2576 2738 2735
3 2737 2740 2579
3 2579 2740 2582
3 2583 2582 2740
3 2583 2740 2741
3 2742 2739 2738
3 2744 2742 2743
3 2743 2742 2584
3 2742 2738 2584
3 2738 2580 2584
3 2585 2743 2584
3 2741 2745 2583
3 2583 2745 2587
3 2747 2746 2588
3 2587 2747 2588
3 2745 2747 2587
3 2748 2746 2747
3 2749 2744 2743
3 2743 2585 2749
3 2585 2750 2749
3 2585 2590 2750
3 2746 2591 2588
3 2752 2751 2592
3 2752 2592 2591
3 2748 2752 2591
3 2746 2748 2591
3 2753 2751 2752
3 2756 2755 2754
3 2757 2754 2593
3 2754 2750 2593
3 2750 2590 2593
3 2750 2754 2755
3 2594 2757 2593
3 2751 2595 2592
3 2753 2758 2751
3 2758 2595 2751
3 2758 2597 2595
3 2760 2759 2598
3 2597 2760 2598
3 2758 2760 2597
3 2761 2759 2760
3 2756 2754 2762
3 2756 2762 2763
3 2764 2754 2757
3 2762 2754 2764
3 2600 2764 2594
3 2594 2764 2757
3 2759 2602 2598
3 2766 2765 2603
3 2766 2603 2602
3 2761 2766 2602
3 2759 2761 2602
3 2765 2766 2763
3 2765 2763 2762
3 2606 2765 2762
3 2605 2606 2762
3 2605 2762 2608
3 2608 2762 2764
3 2608 2764 2600
3 2765 2610 2603
3 2610 2765 2606
3 2767 2618 2619
3 2620 2767 2619
3 2767 2627 2618
3 2630 2627 2768
3 2627 2767 2768
3 2620 2629 2768
3 2620 2768 2767
3 2631 2769 2629
3 2629 2769 2768
3 2632 2770 2631
3 2631 2770 2769
3 2633 2770 2632
3 2771 2640 2768
3 2768 2640 2630
3 2772 2768 2769
3 2771 2768 2772
3 2773 2769 2770
3 2772 2769 2773
3 2773 2770 2633
3 2774 2773 2633
3 2641 2774 2633
3 2775 2773 2774
3 2777 2774 2776
3 2774 2642 2776
3 2774 2641 2642
3 2643 2778 2642
3 2642 2778 2776
3 2644 2779 2643
3 2643 2779 2778
3 2646 2779 2644
3 2780 2649 2771
3 2771 2649 2640
3 2781 2771 2772
3 2780 2771 2781
3 2782 2772 2773
3 2781 2772 2782
3 2773 2775 2783
3 2773 2783 2782
3 2784 2777 2776
3 2786 2785 2784
3 2776 2786 2784
3 2778 2786 2776
3 2787 2778 2779
3 2786 2778 2787
3 2650 2788 2646
3 2788 2779 2646
3 2788 2787 2779
3 2651 2788 2650
3 2780 2653 2649
3 2653 2780 2655
3 2780 2789 2655
3 2780 2781 2789
3 2790 2781 2782
3 2789 2781 2790
3 2782 2783 2791
3 2792 2782 2791
3 2790 2782 2792
3 2793 2792 2791
3 2794 2785 2786
3 2794 2786 2787
3 2794 2787 2795
3 2795 2787 2788
3 2795 2788 2796
3 2798 2796 2797
3 2797 2796 2656
3 2796 2788 2656
3 2788 2651 2656
3 2657 2797 2656
3 2789 2659 2655
3 2659 2789 2661
3 2789 2799 2661
3 2789 2790 2799
3 2800 2790 2792
3 2799 2790 2800
3 2792 2793 2801
3 2792 2801 2800
3 2802 2798 2797
3 2797 2657 2802
3 2657 2803 2802
3 2657 2662 2803
3 2804 2664 2799
3 2799 2664 2661
3 2805 2799 2800
3 2804 2799 2805
3 2800 2801 2806
3 2800 2806 2805
3 2666 2803 2662
3 2666 2807 2803
3 2808 2668 2804
3 2804 2668 2664
3 2809 2804 2805
3 2808 2804 2809
3 2805 2806 2810
3 2805 2810 2809
3 2666 2669 2811
3 2812 2666 2811
3 2807 2666 2812
3 2670 2811 2669
3 2808 2672 2668
3 2672 2808 2674
3 2808 2813 2674
3 2808 2809 2813
3 2809 2810 2814
3 2809 2814 2813
3 2815 2812 2811
3 2811 2670 2815
3 2670 2816 2815
3 2670 2675 2816
3 2817 2678 2813
3 2813 2678 2674
3 2813 2814 2818
3 2819 2813 2818
3 2817 2813 2819
3 2820 2819 2818
3 2675 2679 2821
3 2822 2675 2821
3 2816 2675 2822
3 2680 2821 2679
3 2817 2682 2678
3 2682 2817 2684
3 2817 2823 2684
3 2817 2819 2823
3 2819 2820 2824
3 2819 2824 2823
3 2825 2822 2821
3 2821 2680 2825
3 2680 2826 2825
3 2680 2685 2826
3 2827 2687 2823
3 2823 2687 2684
3 2823 2824 2828
3 2823 2828 2827
3 2688 2826 2685
3 2688 2829 2826
3 2830 2690 2827
3 2827 2690 2687
3 2827 2828 2831
3 2827 2831 2830
3 2692 2829 2688
3 2692 2832 2829
3 2833 2694 2830
3 2830 2694 2690
3 2830 2831 2834
3 2830 2834 2833
3 2835 2832 2692
3 2835 2692 2695
3 2695 2696 2835
3 2835 2696 2836
3 2833 2698 2694
3 2838 2837 2699
3 2838 2699 2698
3 2834 2838 2698
3 2833 2834 2698
3 2839 2837 2838
3 2700 2836 2696
3 2700 2840 2836
3 2841 2702 2837
3 2837 2702 2699
3 2837 2839 2842
3 2837 2842 2841
3 2703 2840 2700
3 2703 2843 2840
3 2841 2705 2702
3 2845 2844 2706
3 2845 2706 2705
3 2842 2845 2705
3 2841 2842 2705
3 2846 2844 2845
3 2847 2843 2703
3 2847 2703 2707
3 2707 2708 2847
3 2847 2708 2848
3 2849 2710 2844
3 2844 2710 2706
3 2844 2846 2850
3 2844 2850 2849
3 2712 2848 2708
3 2712 2851 2848
3 2849 2714 2710
3 2715 2714 2849
3 2850 2715 2849
3 2852 2715 2850
3 2716 2851 2712
3 2716 2853 2851
3 2855 2717 2854
3 2717 2852 2854
3 2717 2715 2852
3 2856 2855 2854
3 2716 2718 2857
3 2858 2716 2857
3 2853 2716 2858
3 2720 2857 2718
3 2855 2721 2717
3 2723 2721 2855
3 2856 2723 2855
3 2859 2723 2856
3 2858 2857 2860
3 2858 2860 2861
3 2725 2860 2720
3 2720 2860 2857
3 2863 2726 2862
3 2726 2859 2862
3 2726 2723 2859
3 2864 2863 2862
3 2861 2860 2865
3 2861 2865 2866
3 2727 2865 2725
3 2725 2865 2860
3 2863 2728 2726
3 2730 2728 2863
3 2864 2730 2863
3 2867 2730 2864
3 2868 2866 2865
3 2870 2868 2869
3 2869 2868 2731
3 2868 2865 2731
3 2865 2727 2731
3 2732 2869 2731
3 2872 2734 2871
3 2734 2867 2871
3 2734 2730 2867
3 2873 2872 2871
3 2870 2869 2874
3 2870 2874 2875
3 2736 2874 2732
3 2732 2874 2869
3 2876 2737 2872
3 2872 2737 2734
3 2872 2873 2877
3 2872 2877 2876
3 2878 2875 2874
3 2874 2736 2878
3 2736 2879 2878
3 2736 2739 2879
3 2876 2740 2737
3 2881 2880 2741
3 2881 2741 2740
3 2877 2881 2740
3 2876 2877 2740
3 2882 2880 2881
3 2739 2742 2883
3 2884 2739 2883
3 2879 2739 2884
3 2744 2883 2742
3 2880 2745 2741
3 2882 2885 2880
3 2885 2745 2880
3 2885 2747 2745
3 2887 2886 2748
3 2747 2887 2748
3 2885 2887 2747
3 2888 2886 2887
3 2884 2883 2889
3 2884 2889 2890
3 2749 2891 2744
3 2891 2883 2744
3 2891 2889 2883
3 2750 2891 2749
3 2886 2752 2748
3 2893 2892 2753
3 2893 2753 2752
3 2888 2893 2752
3 2886 2888 2752
3 2894 2892 2893
3 2890 2889 2895
3 2890 2895 2896
3 2756 2895 2755
3 2895 2891 2755
3 2895 2889 2891
3 2755 2891 2750
3 2892 2758 2753
3 2894 2897 2892
3 2897 2758 2892
3 2897 2760 2758
3 2895 2898 2761
3 2897 2895 2761
3 2760 2897 2761
3 2896 2895 2897
3 2763 2898 2756
3 2756 2898 2895
3 2898 2766 2761
3 2766 2898 2763
3 2899 2775 2774
3 2777 2899 2774
3 2900 2783 2899
3 2899 2783 2775
3 2784 2901 2777
3 2901 2899 2777
3 2901 2900 2899
3 2785 2901 2784
3 2900 2791 2783
3 2791 2900 2793
3 2900 2902 2793
3 2900 2901 2902
3 2794 2903 2785
3 2903 2901 2785
3 2903 2902 2901
3 2795 2904 2794
3 2794 2904 2903
3 2796 2905 2795
3 2795 2905 2904
3 2798 2905 2796
3 2906 2801 2902
3 2902 2801 2793
3 2903 2908 2907
3 2906 2903 2907
3 2902 2903 2906
3 2910 2909 2908
3 2903 2910 2908
3 2904 2910 2903
3 2905 2912 2911
3 2910 2905 2911
3 2904 2905 2910
3 2914 2912 2913
3 2913 2912 2802
3 2912 2905 2802
3 2905 2798 2802
3 2803 2913 2802
3 2915 2806 2906
3 2906 2806 2801
3 2906 2907 2916
3 2917 2906 2916
3 2915 2906 2917
3 2909 2910 2918
3 2916 2919 2917
3 2922 2921 2920
3 2911 2918 2910
3 2914 2913 2923
3 2922 2924 2921
3 2913 2803 2923
3 2803 2925 2923
3 2803 2807 2925
3 2926 2810 2915
3 2915 2810 2806
3 2927 2915 2917
3 2926 2915 2927
3 2917 2919 2928
3 2917 2928 2927
3 2929 2920 2921
3 2929 2921 2924
3 2812 2925 2807
3 2812 2930 2925
3 2931 2814 2926
3 2926 2814 2810
3 2932 2926 2927
3 2931 2926 2932
3 2927 2928 2933
3 2927 2933 2932
3 2934 2930 2812
3 2934 2812 2815
3 2815 2816 2934
3 2934 2816 2935
3 2931 2818 2814
3 2818 2931 2820
3 2931 2936 2820
3 2931 2932 2936
3 2932 2933 2937
3 2932 2937 2936
3 2822 2935 2816
3 2822 2938 2935
3 2939 2824 2936
3 2936 2824 2820
3 2936 2937 2940
3 2936 2940 2939
3 2822 2825 2941
3 2942 2822 2941
3 2938 2822 2942
3 2826 2941 2825
3 2943 2828 2939
3 2939 2828 2824
3 2939 2940 2944
3 2939 2944 2943
3 2945 2942 2941
3 2941 2826 2945
3 2826 2946 2945
3 2826 2829 2946
3 2947 2831 2943
3 2943 2831 2828
3 2943 2944 2948
3 2949 2943 2948
3 2947 2943 2949
3 2950 2949 2948
3 2832 2946 2829
3 2832 2951 2946
3 2952 2834 2947
3 2947 2834 2831
3 2953 2947 2949
3 2952 2947 2953
3 2949 2950 2954
3 2949 2954 2953
3 2832 2835 2955
3 2956 2832 2955
3 2951 2832 2956
3 2836 2955 2835
3 2952 2838 2834
3 2838 2952 2839
3 2952 2957 2839
3 2952 2953 2957
3 2953 2954 2958
3 2953 2958 2957
3 2959 2956 2955
3 2955 2836 2959
3 2836 2960 2959
3 2836 2840 2960
3 2961 2842 2957
3 2957 2842 2839
3 2957 2958 2962
3 2957 2962 2961
3 2843 2960 2840
3 2843 2963 2960
3 2961 2845 2842
3 2965 2964 2846
3 2965 2846 2845
3 2962 2965 2845
3 2961 2962 2845
3 2966 2964 2965
3 2843 2847 2967
3 2968 2843 2967
3 2963 2843 2968
3 2848 2967 2847
3 2969 2850 2964
3 2964 2850 2846
3 2964 2966 2970
3 2964 2970 2969
3 2968 2967 2971
3 2968 2971 2972
3 2851 2971 2848
3 2848 2971 2967
3 2973 2852 2969
3 2969 2852 2850
3 2969 2970 2974
3 2969 2974 2973
3 2972 2971 2975
3 2972 2975 2976
3 2853 2975 2851
3 2851 2975 2971
3 2973 2854 2852
3 2856 2854 2973
3 2974 2856 2973
3 2977 2856 2974
3 2976 2975 2978
3 2976 2978 2979
3 2858 2978 2853
3 2853 2978 2975
3 2981 2859 2980
3 2859 2977 2980
3 2859 2856 2977
3 2982 2981 2980
3 2979 2978 2983
3 2979 2983 2984
3 2861 2983 2858
3 2858 2983 2978
3 2981 2862 2859
3 2864 2862 2981
3 2982 2864 2981
3 2985 2864 2982
3 2986 2984 2983
3 2983 2861 2986
3 2861 2987 2986
3 2861 2866 2987
3 2989 2867 2988
3 2867 2985 2988
3 2867 2864 2985
3 2990 2989 2988
3 2866 2868 2991
3 2992 2866 2991
3 2987 2866 2992
3 2870 2991 2868
3 2989 2871 2867
3 2873 2871 2989
3 2990 2873 2989
3 2993 2873 2990
3 2992 2991 2994
3 2992 2994 2995
3 2875 2994 2870
3 2870 2994 2991
3 2997 2877 2996
3 2877 2993 2996
3 2877 2873 2993
3 2998 2997 2996
3 2995 2994 2999
3 2995 2999 3000
3 2878 3001 2875
3 3001 2994 2875
3 3001 2999 2994
3 2879 3001 2878
3 2997 2881 2877
3 3003 3002 2882
3 3003 2882 2881
3 2998 3003 2881
3 2997 2998 2881
3 3004 3002 3003
3 3000 2999 3005
3 3000 3005 3006
3 3007 2999 3001
3 3005 2999 3007
3 2884 3007 2879
3 2879 3007 3001
3 3002 2885 2882
3 3004 3008 3002
3 3008 2885 3002
3 3008 2887 2885
3 3005 3009 2888
3 3008 3005 2888
3 2887 3008 2888
3 3006 3005 3008
3 3010 3005 3007
3 3009 3005 3010
3 2890 3010 2884
3 2884 3010 3007
3 3009 2893 2888
3 2893 3009 2894
3 3009 3011 2894
3 3009 3010 3011
3 2896 3011 2890
3 2890 3011 3010
3 3011 2897 2894
3 2897 3011 2896
3 3012 2907 2908
3 2909 3012 2908
3 3013 2911 2912
3 2914 3013 2912
3 3012 2916 2907
3 2919 2916 3014
3 2916 3012 3014
3 2909 2918 3014
3 2909 3014 3012
3 2918 2911 3014
3 2911 3013 3014
3 2922 2920 3014
3 2922 3014 3013
3 2924 2922 3015
3 2922 3013 3015
3 2914 2923 3015
3 2914 3015 3013
3 2925 3015 2923
3 3016 2928 3014
3 3014 2928 2919
3 2929 3017 2920
3 3017 3014 2920
3 3017 3016 3014
3 3018 3017 2929
3 3018 2929 2924
3 3019 3018 2924
3 3015 3019 2924
3 3015 2925 3019
3 2925 3020 3019
3 2925 2930 3020
3 3021 2933 3016
3 3016 2933 2928
3 3017 3023 3022
3 3021 3017 3022
3 3016 3017 3021
3 3023 3017 3018
3 2930 2934 3024
3 3025 2930 3024
3 3020 2930 3025
3 2935 3024 2934
3 3026 2937 3021
3 3021 2937 2933
3 3021 3022 3027
3 3021 3027 3026
3 3028 3025 3024
3 3024 2935 3028
3 2935 3029 3028
3 2935 2938 3029
3 3030 2940 3026
3 3026 2940 2937
3 3026 3027 3031
3 3026 3031 3030
3 2942 3029 2938
3 2942 3032 3029
3 3033 2944 3030
3 3030 2944 2940
3 3030 3031 3034
3 3035 3030 3034
3 3033 3030 3035
3 3036 3035 3034
3 3037 3032 2942
3 3037 2942 2945
3 2945 2946 3037
3 3037 2946 3038
3 3033 2948 2944
3 2948 3033 2950
3 3033 3039 2950
3 3033 3035 3039
3 3035 3036 3040
3 3035 3040 3039
3 2951 3038 2946
3 2951 3041 3038
3 3042 2954 3039
3 3039 2954 2950
3 3039 3040 3043
3 3039 3043 3042
3 3046 3045 3044
3 3045 3041 3044
3 3041 2956 3044
3 3041 2951 2956
3 3047 2958 3042
3 3042 2958 2954
3 3042 3043 3048
3 3042 3048 3047
3 3046 3044 3049
3 3046 3049 3050
3 2959 3051 2956
3 3051 3044 2956
3 3051 3049 3044
3 2960 3051 2959
3 3052 2962 3047
3 3047 2962 2958
3 3047 3048 3053
3 3047 3053 3052
3 3050 3049 3054
3 3050 3054 3055
3 3056 3049 3051
3 3054 3049 3056
3 2963 3056 2960
3 2960 3056 3051
3 3052 2965 2962
3 3058 3057 2966
3 3058 2966 2965
3 3053 3058 2965
3 3052 3053 2965
3 3059 3057 3058
3 3055 3054 3060
3 3055 3060 3061
3 3062 3054 3056
3 3060 3054 3062
3 2968 3062 2963
3 2963 3062 3056
3 3063 2970 3057
3 3057 2970 2966
3 3057 3059 3064
3 3057 3064 3063
3 3065 3061 3060
3 3067 3066 3065
3 3060 3067 3065
3 3062 3067 3060
3 2972 3067 2968
3 2968 3067 3062
3 3068 2974 3063
3 3063 2974 2970
3 3063 3064 3069
3 3063 3069 3068
3 3066 3067 3070
3 3066 3070 3071
3 2976 3070 2972
3 2972 3070 3067
3 3072 2977 3068
3 3068 2977 2974
3 3068 3069 3073
3 3074 3068 3073
3 3072 3068 3074
3 3075 3074 3073
3 3071 3070 3076
3 3071 3076 3077
3 2979 3076 2976
3 2976 3076 3070
3 3072 2980 2977
3 2980 3072 2982
3 3072 3078 2982
3 3072 3074 3078
3 3074 3075 3079
3 3080 3074 3079
3 3078 3074 3080
3 3080 3079 3077
3 3076 3080 3077
3 3081 3080 3076
3 2984 3081 2979
3 2979 3081 3076
3 3082 2985 3078
3 3078 2985 2982
3 3083 3078 3080
3 3082 3078 3083
3 3084 3080 3081
3 3083 3080 3084
3 2986 3085 2984
3 3085 3081 2984
3 3085 3084 3081
3 2987 3085 2986
3 3082 2988 2985
3 2988 3082 2990
3 3082 3086 2990
3 3082 3083 3086
3 3087 3083 3084
3 3086 3083 3087
3 3088 3084 3085
3 3087 3084 3088
3 2992 3088 2987
3 2987 3088 3085
3 3089 2993 3086
3 3086 2993 2990
3 3090 3086 3087
3 3089 3086 3090
3 3091 3087 3088
3 3090 3087 3091
3 2995 3091 2992
3 2992 3091 3088
3 3089 2996 2993
3 2996 3089 2998
3 3089 3092 2998
3 3089 3090 3092
3 3093 3090 3091
3 3092 3090 3093
3 3000 3093 2995
3 2995 3093 3091
3 3092 3003 2998
3 3003 3092 3004
3 3092 3094 3004
3 3092 3093 3094
3 3006 3094 3000
3 3000 3094 3093
3 3094 3008 3004
3 3008 3094 3006
3 3095 3018 3019
3 3020 3095 3019
3 3096 3022 3023
3 3018 3095 3023
3 3095 3096 3023
3 3095 3097 3096
3 3025 3097 3020
3 3020 3097 3095
3 3098 3027 3096
3 3096 3027 3022
3 3099 3096 3097
3 3098 3096 3099
3 3028 3100 3025
3 3100 3097 3025
3 3100 3099 3097
3 3029 3100 3028
3 3101 3031 3098
3 3098 3031 3027
3 3102 3098 3099
3 3101 3098 3102
3 3103 3099 3100
3 3102 3099 3103
3 3032 3103 3029
3 3029 3103 3100
3 3101 3034 3031
3 3101 3102 3104
3 3036 3101 3104
3 3105 3036 3104
3 3101 3036 3034
3 3107 3106 3104
3 3102 3107 3104
3 3103 3107 3102
3 3037 3108 3032
3 3108 3103 3032
3 3108 3107 3103
3 3038 3108 3037
3 3105 3040 3036
3 3109 3040 3105
3 3106 3107 3110
3 3106 3110 3111
3 3112 3107 3108
3 3110 3107 3112
3 3041 3112 3038
3 3038 3112 3108
3 3109 3043 3040
3 3113 3043 3109
3 3111 3110 3114
3 3111 3114 3115
3 3046 3114 3045
3 3114 3112 3045
3 3114 3110 3112
3 3045 3112 3041
3 3117 3048 3116
3 3048 3113 3116
3 3048 3043 3113
3 3117 3116 3115
3 3114 3117 3115
3 3118 3117 3114
3 3050 3118 3046
3 3046 3118 3114
3 3119 3053 3117
3 3117 3053 3048
3 3120 3117 3118
3 3119 3117 3120
3 3055 3120 3050
3 3050 3120 3118
3 3119 3058 3053
3 3058 3119 3059
3 3119 3121 3059
3 3119 3120 3121
3 3061 3121 3055
3 3055 3121 3120
3 3123 3122 3121
3 3122 3059 3121
3 3122 3064 3059
3 3125 3123 3124
3 3124 3123 3065
3 3123 3121 3065
3 3121 3061 3065
3 3066 3124 3065
3 3127 3069 3126
3 3069 3122 3126
3 3069 3064 3122
3 3127 3126 3125
3 3124 3127 3125
3 3128 3127 3124
3 3071 3128 3066
3 3066 3128 3124
3 3127 3073 3069
3 3073 3127 3075
3 3127 3129 3075
3 3127 3128 3129
3 3077 3129 3071
3 3071 3129 3128
3 3129 3079 3075
3 3079 3129 3077
3 3130 3105 3104
3 3106 3130 3104
3 3131 3109 3130
3 3130 3109 3105
3 3111 3131 3106
3 3106 3131 3130
3 3132 3113 3131
3 3131 3113 3109
3 3115 3132 3111
3 3111 3132 3131
3 3132 3116 3113
3 3116 3132 3115
3 3133 3122 3123
3 3125 3133 3123
3 3133 3126 3122
3 3126 3133 3125
