ply
format ascii 1.0
element vertex 2528
property float x
property float y
property float z
element face 5056
property list uchar int vertex_indices
end_header
1.30000 32.49999 36.50000
0.80000 32.49999 36.00000
0.80000 32.99999 36.50000
0.80000 32.99999 37.50000
1.30000 32.49999 37.50000
0.80000 32.49999 38.00000
1.30000 31.49999 36.50000
0.80000 31.49999 36.00000
1.30000 31.49999 37.50000
0.80000 31.49999 38.00000
0.80000 30.99999 36.50000
1.30000 30.49999 37.50000
0.80000 30.49999 37.00000
0.80000 30.99999 38.50000
1.30000 30.49999 38.50000
0.80000 30.49999 39.00000
1.30000 29.49999 37.50000
0.80000 29.49999 37.00000
1.30000 29.49999 38.50000
0.80000 29.99999 39.50000
1.30000 29.49999 39.50000
0.80000 29.49999 40.00000
0.80000 28.99999 37.50000
1.30000 28.49999 38.50000
0.80000 28.49999 38.00000
1.30000 28.49999 39.50000
0.80000 28.49999 40.00000
1.30000 27.49999 38.50000
0.80000 27.49999 38.00000
1.30000 27.49999 39.50000
0.80000 27.99999 40.50000
1.30000 27.49999 40.50000
0.80000 27.49999 41.00000
0.80000 26.99999 38.50000
1.30000 26.49999 39.50000
0.80000 26.49999 39.00000
1.30000 26.49999 40.50000
0.80000 26.99999 41.50000
1.30000 26.49999 41.50000
0.80000 26.49999 42.00000
1.30000 25.49999 39.50000
0.80000 25.49999 39.00000
1.30000 25.49999 40.50000
1.30000 25.49999 41.50000
0.80000 25.49999 42.00000
0.80000 24.99999 39.50000
1.30000 24.49999 40.50000
0.80000 24.49999 40.00000
1.30000 24.49999 41.50000
0.80000 24.99999 42.50000
1.30000 24.49999 42.50000
0.80000 24.49999 43.00000
0.80000 23.99999 40.50000
1.30000 23.49999 41.50000
0.80000 23.49999 41.00000
1.30000 23.49999 42.50000
0.80000 23.49999 43.00000
0.80000 22.99999 41.50000
1.30000 22.49999 42.50000
0.80000 22.49999 42.00000
0.80000 22.49999 43.00000
1.30000 21.49999 42.50000
0.80000 21.49999 42.00000
0.80000 21.49999 43.00000
1.30000 20.49999 42.50000
0.80000 20.49999 42.00000
0.80000 20.99999 43.50000
1.30000 20.49999 43.50000
0.80000 20.49999 44.00000
1.30000 19.49999 42.50000
0.80000 19.49999 42.00000
1.30000 19.49999 43.50000
0.80000 19.99999 44.50000
1.30000 19.49999 44.50000
0.80000 19.49999 45.00000
1.30000 18.49999 42.50000
0.80000 18.49999 42.00000
1.30000 18.49999 43.50000
1.30000 18.49999 44.50000
0.80000 18.49999 45.00000
0.80000 17.99999 42.50000
1.30000 17.49999 43.50000
0.80000 17.49999 43.00000
1.30000 17.49999 44.50000
0.80000 17.49999 45.00000
0.80000 16.99999 43.50000
1.30000 16.49999 44.50000
0.80000 16.49999 44.00000
0.80000 16.49999 45.00000
0.80000 15.99999 44.50000
0.80000 15.49999 45.00000
1.30000 15.49999 45.50000
0.80000 15.99999 45.50000
0.80000 15.49999 46.00000
1.30000 14.49999 45.50000
0.80000 14.49999 45.00000
0.80000 14.49999 46.00000
0.80000 13.99999 45.50000
0.30000 41.49999 29.50000
-0.20000 41.49999 29.00000
-0.20000 41.99999 29.50000
-0.20000 41.99999 30.50000
0.30000 41.49999 30.50000
-0.20000 41.99999 31.50000
0.30000 41.49999 31.50000
-0.20000 41.49999 32.00000
0.30000 40.49999 28.50000
-0.20000 40.49999 28.00000
-0.20000 40.99999 28.50000
0.30000 40.49999 29.50000
0.30000 40.49999 30.50000
0.30000 40.49999 31.50000
-0.20000 40.99999 32.50000
0.30000 40.49999 32.50000
-0.20000 40.49999 33.00000
0.30000 39.49999 26.50000
-0.20000 39.49999 26.00000
-0.20000 39.99999 26.50000
-0.20000 39.99999 27.50000
0.30000 39.49999 27.50000
0.30000 39.49999 28.50000
0.30000 39.49999 29.50000
0.30000 39.49999 30.50000
0.30000 39.49999 31.50000
-0.20000 39.49999 32.00000
-0.20000 39.99999 32.50000
0.30000 38.49999 25.50000
-0.20000 38.49999 25.00000
-0.20000 38.99999 25.50000
0.30000 38.49999 26.50000
0.30000 38.49999 27.50000
0.30000 38.49999 28.50000
0.30000 38.49999 29.50000
-0.20000 38.49999 30.00000
-0.20000 38.99999 30.50000
-0.20000 38.99999 31.50000
0.30000 37.49999 23.50000
-0.20000 37.49999 23.00000
-0.20000 37.99999 23.50000
-0.20000 37.99999 24.50000
0.30000 37.49999 24.50000
-0.20000 37.99999 25.50000
-0.20000 37.49999 25.00000
-0.20000 37.99999 26.50000
-0.20000 37.99999 27.50000
-0.20000 37.99999 28.50000
-0.20000 37.99999 29.50000
0.30000 37.49999 32.50000
-0.20000 37.49999 32.00000
-0.20000 37.99999 32.50000
-0.20000 37.99999 33.50000
0.30000 37.49999 33.50000
-0.20000 37.99999 34.50000
0.30000 37.49999 34.50000
-0.20000 37.99999 35.50000
0.30000 37.49999 35.50000
-0.20000 37.49999 36.00000
-0.20000 36.99999 23.50000
-0.20000 36.99999 24.50000
0.30000 36.49999 32.50000
-0.20000 36.49999 32.00000
0.30000 36.49999 33.50000
0.30000 36.49999 34.50000
0.30000 36.49999 35.50000
-0.20000 36.99999 36.50000
0.30000 36.49999 36.50000
-0.20000 36.49999 37.00000
-0.20000 35.99999 32.50000
0.30000 35.49999 33.50000
-0.20000 35.49999 33.00000
0.30000 35.49999 34.50000
0.30000 35.49999 35.50000
0.30000 35.49999 36.50000
-0.20000 35.49999 37.00000
-0.20000 34.99999 33.50000
0.30000 34.49999 34.50000
-0.20000 34.49999 34.00000
0.30000 34.49999 35.50000
0.30000 34.49999 36.50000
-0.20000 34.99999 37.50000
0.30000 34.49999 37.50000
-0.20000 34.49999 38.00000
0.30000 33.49999 34.50000
-0.20000 33.49999 34.00000
0.30000 33.49999 35.50000
0.30000 33.49999 36.50000
0.30000 33.49999 37.50000
-0.20000 33.49999 38.00000
0.30000 32.49999 34.50000
-0.20000 32.49999 34.00000
0.30000 32.49999 35.50000
-0.20000 32.99999 38.50000
0.30000 32.49999 38.50000
-0.20000 32.49999 39.00000
0.30000 31.49999 34.50000
-0.20000 31.49999 34.00000
0.30000 31.49999 35.50000
0.30000 31.49999 38.50000
-0.20000 31.49999 39.00000
0.30000 30.49999 34.50000
-0.20000 30.49999 34.00000
0.30000 30.49999 35.50000
0.30000 30.49999 36.50000
-0.20000 30.99999 39.50000
0.30000 30.49999 39.50000
-0.20000 30.49999 40.00000
0.30000 29.49999 33.50000
-0.20000 29.49999 33.00000
-0.20000 29.99999 33.50000
0.30000 29.49999 34.50000
0.30000 29.49999 35.50000
0.30000 29.49999 36.50000
-0.20000 29.49999 40.00000
0.30000 28.49999 33.50000
-0.20000 28.49999 33.00000
0.30000 28.49999 34.50000
0.30000 28.49999 35.50000
0.30000 28.49999 36.50000
0.30000 28.49999 37.50000
-0.20000 28.99999 40.50000
0.30000 28.49999 40.50000
-0.20000 28.49999 41.00000
-0.20000 27.99999 33.50000
0.30000 27.49999 34.50000
-0.20000 27.49999 34.00000
0.30000 27.49999 35.50000
0.30000 27.49999 36.50000
0.30000 27.49999 37.50000
-0.20000 27.99999 41.50000
0.30000 27.49999 41.50000
-0.20000 27.49999 42.00000
0.30000 26.49999 34.50000
-0.20000 26.49999 34.00000
0.30000 26.49999 35.50000
0.30000 26.49999 36.50000
0.30000 26.49999 37.50000
0.30000 26.49999 38.50000
-0.20000 26.49999 42.00000
0.30000 25.49999 34.50000
-0.20000 25.49999 34.00000
0.30000 25.49999 35.50000
0.30000 25.49999 36.50000
0.30000 25.49999 37.50000
0.30000 25.49999 38.50000
-0.20000 25.99999 42.50000
0.30000 25.49999 42.50000
-0.20000 25.49999 43.00000
-0.20000 24.99999 34.50000
-0.20000 24.99999 35.50000
0.30000 24.49999 36.50000
-0.20000 24.49999 36.00000
0.30000 24.49999 37.50000
0.30000 24.49999 38.50000
0.30000 24.49999 39.50000
-0.20000 24.49999 43.00000
-0.20000 23.99999 36.50000
-0.20000 23.99999 37.50000
0.30000 23.49999 38.50000
-0.20000 23.49999 38.00000
0.30000 23.49999 39.50000
0.30000 23.49999 40.50000
-0.20000 23.99999 43.50000
0.30000 23.49999 43.50000
-0.20000 23.49999 44.00000
0.30000 22.49999 38.50000
-0.20000 22.49999 38.00000
0.30000 22.49999 39.50000
0.30000 22.49999 40.50000
0.30000 22.49999 41.50000
0.30000 22.49999 43.50000
-0.20000 22.49999 44.00000
-0.20000 21.99999 38.50000
0.30000 21.49999 39.50000
-0.20000 21.49999 39.00000
0.30000 21.49999 40.50000
0.30000 21.49999 41.50000
0.30000 21.49999 43.50000
-0.20000 21.99999 44.50000
0.30000 21.49999 44.50000
-0.20000 21.49999 45.00000
0.30000 20.49999 39.50000
-0.20000 20.49999 39.00000
0.30000 20.49999 40.50000
0.30000 20.49999 41.50000
0.30000 20.49999 44.50000
-0.20000 20.49999 45.00000
-0.20000 19.99999 39.50000
0.30000 19.49999 40.50000
-0.20000 19.49999 40.00000
0.30000 19.49999 41.50000
-0.20000 19.99999 45.50000
0.30000 19.49999 45.50000
-0.20000 19.49999 46.00000
0.30000 18.49999 40.50000
-0.20000 18.49999 40.00000
0.30000 18.49999 41.50000
0.30000 18.49999 45.50000
-0.20000 18.49999 46.00000
0.30000 17.49999 40.50000
-0.20000 17.49999 40.00000
0.30000 17.49999 41.50000
0.30000 17.49999 42.50000
0.30000 17.49999 45.50000
-0.20000 17.49999 46.00000
-0.20000 16.99999 40.50000
0.30000 16.49999 41.50000
-0.20000 16.49999 41.00000
0.30000 16.49999 42.50000
0.30000 16.49999 43.50000
0.30000 16.49999 45.50000
-0.20000 16.99999 46.50000
0.30000 16.49999 46.50000
-0.20000 16.49999 47.00000
0.30000 15.49999 38.50000
-0.20000 15.49999 38.00000
-0.20000 15.99999 38.50000
-0.20000 15.99999 39.50000
0.30000 15.49999 39.50000
-0.20000 15.99999 40.50000
0.30000 15.49999 40.50000
0.30000 15.49999 41.50000
0.30000 15.49999 42.50000
0.30000 15.49999 43.50000
0.30000 15.49999 44.50000
0.30000 15.49999 46.50000
-0.20000 15.49999 47.00000
0.30000 14.49999 37.50000
-0.20000 14.49999 37.00000
-0.20000 14.99999 37.50000
0.30000 14.49999 38.50000
0.30000 14.49999 39.50000
0.30000 14.49999 40.50000
0.30000 14.49999 41.50000
0.30000 14.49999 42.50000
0.30000 14.49999 43.50000
0.30000 14.49999 44.50000
0.30000 14.49999 46.50000
-0.20000 14.99999 47.50000
0.30000 14.49999 47.50000
-0.20000 14.49999 48.00000
-0.20000 13.99999 37.50000
0.30000 13.49999 38.50000
-0.20000 13.49999 38.00000
0.30000 13.49999 39.50000
0.30000 13.49999 40.50000
0.30000 13.49999 41.50000
0.30000 13.49999 42.50000
0.30000 13.49999 43.50000
0.30000 13.49999 44.50000
0.30000 13.49999 45.50000
0.30000 13.49999 46.50000
0.30000 13.49999 47.50000
-0.20000 13.49999 48.00000
0.30000 12.49999 38.50000
-0.20000 12.49999 38.00000
0.30000 12.49999 39.50000
0.30000 12.49999 40.50000
-0.20000 12.49999 41.00000
-0.20000 12.99999 41.50000
0.30000 12.49999 42.50000
-0.20000 12.49999 42.00000
0.30000 12.49999 43.50000
0.30000 12.49999 44.50000
0.30000 12.49999 45.50000
0.30000 12.49999 46.50000
0.30000 12.49999 47.50000
-0.20000 12.49999 48.00000
0.30000 11.49999 38.50000
-0.20000 11.49999 38.00000
0.30000 11.49999 39.50000
-0.20000 11.49999 40.00000
-0.20000 11.99999 40.50000
0.30000 11.49999 42.50000
-0.20000 11.49999 42.00000
0.30000 11.49999 43.50000
0.30000 11.49999 44.50000
0.30000 11.49999 45.50000
-0.20000 11.49999 46.00000
-0.20000 11.99999 46.50000
-0.20000 11.99999 47.50000
-0.20000 10.99999 38.50000
-0.20000 10.99999 39.50000
-0.20000 10.99999 42.50000
-0.20000 10.99999 43.50000
-0.20000 10.99999 44.50000
-0.20000 10.99999 45.50000
-0.70000 42.49999 29.50000
-1.20000 42.49999 29.00000
-1.20000 42.99999 29.50000
-1.20000 42.49999 30.00000
-1.20000 41.49999 29.00000
-1.20000 41.99999 30.50000
-1.20000 41.99999 31.50000
-1.20000 41.49999 32.00000
-1.20000 40.49999 28.00000
-1.20000 40.99999 28.50000
-1.20000 40.99999 32.50000
-1.20000 40.49999 33.00000
-0.70000 39.49999 26.50000
-1.20000 39.49999 27.00000
-1.20000 39.99999 27.50000
-0.70000 39.49999 32.50000
-1.20000 39.99999 33.50000
-0.70000 39.49999 33.50000
-1.20000 39.49999 34.00000
-1.20000 38.49999 25.00000
-1.20000 38.99999 25.50000
-1.20000 38.99999 26.50000
-0.70000 38.49999 30.50000
-0.70000 38.49999 31.50000
-0.70000 38.49999 32.50000
-0.70000 38.49999 33.50000
-1.20000 38.99999 34.50000
-0.70000 38.49999 34.50000
-1.20000 38.99999 35.50000
-0.70000 38.49999 35.50000
-1.20000 38.49999 36.00000
-1.20000 37.49999 23.00000
-1.20000 37.99999 23.50000
-1.20000 37.99999 24.50000
-0.70000 37.99999 25.00000
-0.70000 37.49999 25.50000
-0.70000 37.49999 26.50000
-0.70000 37.49999 27.50000
-0.70000 37.49999 28.50000
-0.70000 37.49999 29.50000
-0.70000 37.49999 30.50000
-0.70000 37.49999 31.50000
-1.20000 37.99999 36.50000
-0.70000 37.49999 36.50000
-1.20000 37.49999 37.00000
-0.70000 36.49999 23.50000
-1.20000 36.49999 23.00000
-0.70000 36.49999 24.50000
-0.70000 36.49999 25.50000
-0.70000 36.49999 26.50000
-0.70000 36.49999 27.50000
-0.70000 36.49999 28.50000
-0.70000 36.49999 29.50000
-0.70000 36.49999 30.50000
-0.70000 36.49999 31.50000
-1.20000 36.49999 37.00000
-1.20000 35.99999 23.50000
-1.20000 35.99999 24.50000
-0.70000 35.49999 25.50000
-1.20000 35.49999 25.00000
-0.70000 35.49999 26.50000
-0.70000 35.49999 27.50000
-0.70000 35.49999 28.50000
-0.70000 35.49999 29.50000
-0.70000 35.49999 30.50000
-0.70000 35.49999 31.50000
-0.70000 35.49999 32.50000
-1.20000 35.99999 37.50000
-0.70000 35.49999 37.50000
-1.20000 35.49999 38.00000
-0.70000 34.49999 25.50000
-1.20000 34.49999 25.00000
-0.70000 34.49999 26.50000
-0.70000 34.49999 27.50000
-0.70000 34.49999 28.50000
-0.70000 34.49999 29.50000
-1.20000 34.49999 30.00000
-1.20000 34.99999 30.50000
-1.20000 34.99999 31.50000
-1.20000 34.99999 32.50000
-0.70000 34.49999 33.50000
-1.20000 34.49999 33.00000
-1.20000 34.99999 38.50000
-0.70000 34.49999 38.50000
-1.20000 34.49999 39.00000
-1.20000 33.99999 25.50000
-0.70000 33.49999 26.50000
-1.20000 33.49999 26.00000
-0.70000 33.49999 27.50000
-0.70000 33.49999 28.50000
-0.70000 33.49999 29.50000
-1.20000 33.99999 30.50000
-0.70000 33.49999 30.50000
-1.20000 33.49999 31.00000
-0.70000 33.49999 33.50000
-1.20000 33.49999 33.00000
-0.70000 33.49999 38.50000
-1.20000 33.49999 39.00000
-1.20000 32.99999 26.50000
-0.70000 32.49999 27.50000
-1.20000 32.49999 27.00000
-0.70000 32.49999 28.50000
-0.70000 32.49999 29.50000
-0.70000 32.49999 30.50000
-1.20000 32.99999 31.50000
-0.70000 32.49999 31.50000
-1.20000 32.99999 32.50000
-0.70000 32.49999 32.50000
-0.70000 32.49999 33.50000
-1.20000 32.49999 39.00000
-1.20000 31.99999 27.50000
-0.70000 31.49999 28.50000
-1.20000 31.49999 28.00000
-0.70000 31.49999 29.50000
-0.70000 31.49999 30.50000
-0.70000 31.49999 31.50000
-0.70000 31.49999 32.50000
-0.70000 31.49999 33.50000
-1.20000 31.99999 39.50000
-0.70000 31.49999 39.50000
-1.20000 31.49999 40.00000
-1.20000 30.99999 28.50000
-0.70000 30.49999 29.50000
-1.20000 30.49999 29.00000
-0.70000 30.49999 30.50000
-0.70000 30.49999 31.50000
-0.70000 30.49999 32.50000
-0.70000 30.49999 33.50000
-1.20000 30.49999 40.00000
-0.70000 29.49999 29.50000
-1.20000 29.49999 29.00000
-0.70000 29.49999 30.50000
-0.70000 29.49999 31.50000
-0.70000 29.49999 32.50000
-1.20000 29.99999 40.50000
-0.70000 29.49999 40.50000
-1.20000 29.49999 41.00000
-1.20000 28.99999 29.50000
-0.70000 28.49999 30.50000
-1.20000 28.49999 30.00000
-0.70000 28.49999 31.50000
-0.70000 28.49999 32.50000
-1.20000 28.49999 41.00000
-1.20000 27.99999 30.50000
-0.70000 27.49999 31.50000
-1.20000 27.49999 31.00000
-0.70000 27.49999 32.50000
-0.70000 27.49999 33.50000
-1.20000 27.99999 41.50000
-1.20000 27.49999 42.00000
-0.70000 26.49999 31.50000
-1.20000 26.49999 31.00000
-0.70000 26.49999 32.50000
-0.70000 26.49999 33.50000
-1.20000 26.49999 42.00000
-0.70000 25.49999 31.50000
-1.20000 25.49999 31.00000
-0.70000 25.49999 32.50000
-0.70000 25.49999 33.50000
-1.20000 25.99999 42.50000
-1.20000 25.49999 43.00000
-1.20000 24.99999 31.50000
-1.20000 24.99999 32.50000
-0.70000 24.49999 33.50000
-1.20000 24.49999 33.00000
-0.70000 24.49999 34.50000
-0.70000 24.49999 35.50000
-1.20000 24.99999 43.50000
-0.70000 24.49999 43.50000
-1.20000 24.49999 44.00000
-1.20000 23.99999 33.50000
-0.70000 23.49999 34.50000
-1.20000 23.49999 34.00000
-0.70000 23.49999 35.50000
-0.70000 23.49999 36.50000
-0.70000 23.49999 37.50000
-1.20000 23.49999 44.00000
-1.20000 22.99999 34.50000
-0.70000 22.49999 35.50000
-1.20000 22.49999 35.00000
-0.70000 22.49999 36.50000
-0.70000 22.49999 37.50000
-1.20000 22.99999 44.50000
-0.70000 22.49999 44.50000
-1.20000 22.49999 45.00000
-1.20000 21.99999 35.50000
-0.70000 21.49999 36.50000
-1.20000 21.49999 36.00000
-0.70000 21.49999 37.50000
-0.70000 21.49999 38.50000
-1.20000 21.49999 45.00000
-0.70000 20.49999 36.50000
-1.20000 20.49999 36.00000
-0.70000 20.49999 37.50000
-0.70000 20.49999 38.50000
-1.20000 20.49999 45.00000
-0.70000 19.49999 36.50000
-1.20000 19.49999 36.00000
-0.70000 19.49999 37.50000
-0.70000 19.49999 38.50000
-0.70000 19.49999 39.50000
-1.20000 19.99999 45.50000
-1.20000 19.49999 46.00000
-0.70000 18.49999 36.50000
-1.20000 18.49999 36.00000
-0.70000 18.49999 37.50000
-0.70000 18.49999 38.50000
-0.70000 18.49999 39.50000
-1.20000 18.99999 46.50000
-0.70000 18.49999 46.50000
-1.20000 18.49999 47.00000
-0.70000 17.49999 36.50000
-1.20000 17.49999 36.00000
-0.70000 17.49999 37.50000
-0.70000 17.49999 38.50000
-0.70000 17.49999 39.50000
-0.70000 17.49999 46.50000
-1.20000 17.49999 47.00000
-0.70000 16.49999 36.50000
-1.20000 16.49999 36.00000
-0.70000 16.49999 37.50000
-0.70000 16.49999 38.50000
-0.70000 16.49999 39.50000
-0.70000 16.49999 40.50000
-1.20000 16.49999 47.00000
-0.70000 15.49999 36.50000
-1.20000 15.49999 36.00000
-0.70000 15.49999 37.50000
-1.20000 15.99999 47.50000
-0.70000 15.49999 47.50000
-1.20000 15.49999 48.00000
-0.70000 14.49999 36.50000
-1.20000 14.49999 36.00000
-1.20000 14.49999 48.00000
-0.70000 13.49999 36.50000
-1.20000 13.49999 36.00000
-0.70000 13.49999 37.50000
-1.20000 13.49999 48.00000
-1.20000 12.99999 36.50000
-0.70000 12.49999 37.50000
-1.20000 12.49999 37.00000
-0.70000 12.49999 41.50000
-1.20000 12.99999 48.50000
-0.70000 12.49999 48.50000
-1.20000 12.49999 49.00000
-0.70000 11.49999 37.50000
-1.20000 11.49999 37.00000
-0.70000 11.49999 40.50000
-0.70000 11.49999 41.50000
-0.70000 11.49999 44.50000
-1.20000 11.99999 44.50000
-1.20000 11.49999 44.00000
-0.70000 11.49999 45.50000
-1.20000 11.99999 45.50000
-1.20000 11.99999 46.50000
-1.20000 11.99999 47.50000
-1.20000 11.99999 48.50000
-0.70000 10.49999 37.50000
-1.20000 10.49999 37.00000
-0.70000 10.49999 38.50000
-1.20000 10.49999 39.00000
-1.20000 10.99999 39.50000
-1.20000 10.99999 40.50000
-1.20000 10.99999 41.50000
-1.20000 10.99999 42.50000
-1.20000 10.99999 43.50000
-1.20000 9.99999 37.50000
-1.20000 9.99999 38.50000
-2.20000 42.49999 29.00000
-2.20000 42.99999 29.50000
-2.20000 42.99999 30.50000
-1.70000 42.49999 30.50000
-2.20000 42.49999 31.00000
-2.20000 41.49999 29.00000
-2.20000 41.99999 31.50000
-2.20000 41.99999 32.50000
-1.70000 41.49999 32.50000
-2.20000 41.49999 33.00000
-2.20000 40.49999 28.00000
-2.20000 40.99999 28.50000
-2.20000 40.99999 33.50000
-1.70000 40.49999 33.50000
-2.20000 40.49999 34.00000
-1.70000 39.49999 26.50000
-2.20000 39.49999 26.00000
-2.20000 39.99999 26.50000
-2.20000 39.99999 27.50000
-2.20000 39.99999 34.50000
-1.70000 39.49999 34.50000
-2.20000 39.99999 35.50000
-1.70000 39.49999 35.50000
-2.20000 39.49999 36.00000
-2.20000 38.49999 25.00000
-2.20000 38.99999 25.50000
-2.20000 38.99999 36.50000
-1.70000 38.49999 36.50000
-2.20000 38.49999 37.00000
-2.20000 37.49999 23.00000
-2.20000 37.99999 23.50000
-2.20000 37.99999 24.50000
-2.20000 37.49999 37.00000
-2.20000 36.49999 23.00000
-2.20000 36.99999 37.50000
-1.70000 36.49999 37.50000
-2.20000 36.49999 38.00000
-2.20000 35.99999 23.50000
-1.70000 35.49999 24.50000
-2.20000 35.49999 24.00000
-2.20000 35.49999 38.00000
-2.20000 34.99999 24.50000
-2.20000 34.49999 25.00000
-1.70000 34.49999 30.50000
-1.70000 34.49999 31.50000
-1.70000 34.49999 32.50000
-2.20000 34.99999 38.50000
-2.20000 34.49999 39.00000
-2.20000 33.99999 25.50000
-2.20000 33.49999 26.00000
-1.70000 33.49999 31.50000
-1.70000 33.49999 32.50000
-2.20000 33.49999 39.00000
-1.70000 32.49999 26.50000
-2.20000 32.49999 26.00000
-2.20000 32.49999 39.00000
-2.20000 31.99999 26.50000
-1.70000 31.49999 27.50000
-2.20000 31.49999 27.00000
-2.20000 31.99999 39.50000
-2.20000 31.49999 40.00000
-1.70000 30.49999 27.50000
-2.20000 30.49999 27.00000
-1.70000 30.49999 28.50000
-2.20000 30.49999 40.00000
-2.20000 29.99999 27.50000
-1.70000 29.49999 28.50000
-2.20000 29.49999 28.00000
-1.70000 29.49999 40.50000
-2.20000 29.49999 40.00000
-2.20000 28.99999 28.50000
-1.70000 28.49999 29.50000
-2.20000 28.49999 29.00000
-2.20000 28.99999 40.50000
-2.20000 28.49999 41.00000
-2.20000 27.99999 29.50000
-1.70000 27.49999 30.50000
-2.20000 27.49999 30.00000
-1.70000 27.49999 36.50000
-2.20000 27.99999 36.50000
-2.20000 27.49999 36.00000
-2.20000 27.49999 37.00000
-2.20000 27.99999 41.50000
-2.20000 27.49999 42.00000
-2.20000 26.99999 30.50000
-2.20000 26.49999 31.00000
-2.20000 26.99999 36.50000
-2.20000 26.49999 42.00000
-2.20000 25.49999 31.00000
-2.20000 25.99999 42.50000
-2.20000 25.49999 43.00000
-2.20000 24.99999 31.50000
-1.70000 24.49999 32.50000
-2.20000 24.49999 32.00000
-2.20000 24.99999 43.50000
-2.20000 24.49999 44.00000
-1.70000 23.49999 32.50000
-2.20000 23.49999 32.00000
-1.70000 23.49999 33.50000
-2.20000 23.49999 44.00000
-2.20000 22.99999 32.50000
-1.70000 22.49999 33.50000
-2.20000 22.49999 33.00000
-1.70000 22.49999 34.50000
-1.70000 22.49999 44.50000
-2.20000 22.49999 44.00000
-1.70000 21.49999 33.50000
-2.20000 21.49999 33.00000
-1.70000 21.49999 34.50000
-1.70000 21.49999 35.50000
-2.20000 21.99999 44.50000
-2.20000 21.49999 45.00000
-2.20000 20.99999 33.50000
-1.70000 20.49999 34.50000
-2.20000 20.49999 34.00000
-1.70000 20.49999 35.50000
-2.20000 20.49999 45.00000
-1.70000 19.49999 34.50000
-2.20000 19.49999 34.00000
-1.70000 19.49999 35.50000
-2.20000 19.99999 45.50000
-2.20000 19.49999 46.00000
-1.70000 18.49999 34.50000
-2.20000 18.49999 34.00000
-1.70000 18.49999 35.50000
-2.20000 18.99999 46.50000
-2.20000 18.49999 47.00000
-2.20000 17.99999 34.50000
-1.70000 17.49999 35.50000
-2.20000 17.49999 35.00000
-1.70000 17.49999 41.50000
-2.20000 17.99999 41.50000
-2.20000 17.49999 41.00000
-2.20000 17.49999 42.00000
-2.20000 17.49999 47.00000
-1.70000 16.49999 35.50000
-2.20000 16.49999 35.00000
-1.70000 16.49999 41.50000
-2.20000 16.49999 41.00000
-2.20000 16.99999 42.50000
-1.70000 16.49999 42.50000
-2.20000 16.49999 43.00000
-2.20000 16.49999 47.00000
-1.70000 15.49999 35.50000
-2.20000 15.49999 35.00000
-2.20000 15.99999 41.50000
-2.20000 15.99999 42.50000
-2.20000 15.99999 47.50000
-2.20000 15.49999 48.00000
-1.70000 14.49999 35.50000
-2.20000 14.49999 35.00000
-2.20000 14.49999 48.00000
-2.20000 13.99999 35.50000
-2.20000 13.49999 36.00000
-2.20000 13.99999 48.50000
-1.70000 13.49999 48.50000
-2.20000 13.49999 49.00000
-1.70000 12.49999 36.50000
-2.20000 12.49999 36.00000
-2.20000 12.49999 49.00000
-1.70000 11.49999 36.50000
-2.20000 11.49999 36.00000
-1.70000 11.49999 44.50000
-1.70000 11.49999 45.50000
-1.70000 11.49999 46.50000
-1.70000 11.49999 47.50000
-1.70000 11.49999 48.50000
-2.20000 11.49999 49.00000
-1.70000 10.49999 36.50000
-2.20000 10.49999 36.00000
-1.70000 10.49999 39.50000
-1.70000 10.49999 40.50000
-2.20000 10.49999 41.00000
-2.20000 10.99999 41.50000
-2.20000 10.99999 42.50000
-2.20000 10.99999 43.50000
-2.20000 10.99999 44.50000
-2.20000 10.99999 45.50000
-2.20000 10.99999 46.50000
-2.20000 10.99999 47.50000
-2.20000 10.99999 48.50000
-1.70000 9.49999 36.50000
-2.20000 9.49999 36.00000
-2.20000 9.99999 37.50000
-2.20000 9.49999 37.00000
-2.20000 9.99999 38.50000
-2.20000 9.99999 39.50000
-2.20000 9.99999 40.50000
-2.20000 8.99999 36.50000
-3.20000 42.49999 29.00000
-3.20000 42.99999 29.50000
-3.20000 42.99999 30.50000
-3.20000 42.99999 31.50000
-2.70000 42.49999 31.50000
-3.20000 42.49999 32.00000
-3.20000 41.49999 29.00000
-3.20000 41.99999 32.50000
-3.20000 41.49999 33.00000
-3.20000 40.49999 28.00000
-3.20000 40.99999 28.50000
-3.20000 40.99999 33.50000
-3.20000 40.49999 34.00000
-2.70000 39.49999 26.50000
-3.20000 39.49999 27.00000
-3.20000 39.99999 27.50000
-3.20000 39.99999 34.50000
-3.20000 39.99999 35.50000
-3.20000 39.49999 36.00000
-3.20000 38.49999 25.00000
-3.20000 38.99999 25.50000
-3.20000 38.99999 26.50000
-3.20000 38.99999 36.50000
-3.20000 38.49999 37.00000
-3.20000 37.49999 23.00000
-3.20000 37.99999 23.50000
-3.20000 37.99999 24.50000
-3.20000 37.49999 37.00000
-2.70000 36.49999 21.50000
-3.20000 36.49999 21.00000
-3.20000 36.99999 21.50000
-3.20000 36.99999 22.50000
-2.70000 36.49999 22.50000
-3.20000 36.99999 37.50000
-3.20000 36.49999 38.00000
-3.20000 35.99999 21.50000
-3.20000 35.99999 22.50000
-2.70000 35.49999 23.50000
-3.20000 35.49999 23.00000
-3.20000 35.99999 38.50000
-2.70000 35.49999 38.50000
-3.20000 35.49999 39.00000
-3.20000 34.99999 23.50000
-3.20000 34.99999 24.50000
-3.20000 34.49999 25.00000
-3.20000 34.49999 39.00000
-2.70000 33.49999 25.50000
-3.20000 33.49999 25.00000
-3.20000 33.49999 39.00000
-3.20000 32.99999 25.50000
-3.20000 32.49999 26.00000
-3.20000 32.99999 39.50000
-2.70000 32.49999 39.50000
-3.20000 32.49999 40.00000
-2.70000 31.49999 26.50000
-3.20000 31.49999 26.00000
-3.20000 31.49999 39.00000
-2.70000 31.49999 39.50000
-3.20000 31.99999 39.50000
-3.20000 30.99999 26.50000
-3.20000 30.49999 27.00000
-2.70000 30.49999 35.50000
-3.20000 30.99999 35.50000
-3.20000 30.49999 35.00000
-3.20000 30.49999 36.00000
-2.70000 30.49999 39.50000
-3.20000 30.49999 39.00000
-3.20000 29.99999 27.50000
-3.20000 29.49999 28.00000
-2.70000 29.49999 34.50000
-3.20000 29.99999 34.50000
-3.20000 29.49999 34.00000
-2.70000 29.49999 35.50000
-3.20000 29.49999 36.00000
-2.70000 29.49999 39.50000
-3.20000 29.49999 39.00000
-3.20000 28.99999 28.50000
-3.20000 28.49999 29.00000
-2.70000 28.49999 34.50000
-3.20000 28.49999 34.00000
-2.70000 28.49999 35.50000
-3.20000 28.99999 36.50000
-2.70000 28.49999 36.50000
-3.20000 28.49999 37.00000
-3.20000 28.99999 39.50000
-2.70000 28.49999 40.50000
-3.20000 28.49999 40.00000
-3.20000 27.99999 29.50000
-3.20000 27.49999 30.00000
-2.70000 27.49999 34.50000
-3.20000 27.49999 34.00000
-2.70000 27.49999 35.50000
-2.70000 27.49999 37.50000
-3.20000 27.99999 37.50000
-3.20000 27.49999 38.00000
-3.20000 27.99999 40.50000
-2.70000 27.49999 41.50000
-3.20000 27.49999 41.00000
-3.20000 26.99999 30.50000
-3.20000 26.49999 31.00000
-2.70000 26.49999 34.50000
-3.20000 26.49999 34.00000
-2.70000 26.49999 35.50000
-2.70000 26.49999 36.50000
-2.70000 26.49999 37.50000
-3.20000 26.49999 38.00000
-3.20000 26.99999 41.50000
-3.20000 26.49999 42.00000
-3.20000 25.49999 31.00000
-3.20000 25.99999 34.50000
-3.20000 25.49999 35.00000
-2.70000 25.49999 35.50000
-2.70000 25.49999 36.50000
-2.70000 25.49999 37.50000
-3.20000 25.99999 38.50000
-2.70000 25.49999 38.50000
-3.20000 25.49999 39.00000
-3.20000 25.99999 42.50000
-3.20000 25.49999 43.00000
-3.20000 24.99999 31.50000
-3.20000 24.49999 32.00000
-2.70000 24.49999 35.50000
-3.20000 24.49999 35.00000
-2.70000 24.49999 36.50000
-2.70000 24.49999 37.50000
-2.70000 24.49999 38.50000
-3.20000 24.49999 39.00000
-2.70000 24.49999 43.50000
-3.20000 24.49999 43.00000
-3.20000 23.49999 32.00000
-3.20000 23.99999 35.50000
-3.20000 23.49999 36.00000
-2.70000 23.49999 36.50000
-2.70000 23.49999 37.50000
-2.70000 23.49999 38.50000
-3.20000 23.99999 39.50000
-2.70000 23.49999 39.50000
-3.20000 23.49999 40.00000
-3.20000 23.99999 43.50000
-3.20000 23.49999 44.00000
-3.20000 22.99999 32.50000
-3.20000 22.49999 33.00000
-3.20000 22.99999 36.50000
-3.20000 22.49999 37.00000
-2.70000 22.49999 37.50000
-2.70000 22.49999 38.50000
-2.70000 22.49999 39.50000
-3.20000 22.99999 40.50000
-2.70000 22.49999 40.50000
-3.20000 22.49999 41.00000
-3.20000 22.49999 44.00000
-3.20000 21.49999 33.00000
-2.70000 21.49999 37.50000
-3.20000 21.49999 37.00000
-2.70000 21.49999 38.50000
-2.70000 21.49999 39.50000
-2.70000 21.49999 40.50000
-3.20000 21.49999 41.00000
-3.20000 21.99999 44.50000
-3.20000 21.49999 45.00000
-3.20000 20.99999 33.50000
-3.20000 20.49999 34.00000
-2.70000 20.49999 37.50000
-3.20000 20.49999 37.00000
-2.70000 20.49999 38.50000
-2.70000 20.49999 39.50000
-2.70000 20.49999 40.50000
-3.20000 20.99999 41.50000
-2.70000 20.49999 41.50000
-3.20000 20.49999 42.00000
-3.20000 20.99999 45.50000
-2.70000 20.49999 45.50000
-3.20000 20.49999 46.00000
-3.20000 19.49999 34.00000
-3.20000 19.99999 37.50000
-3.20000 19.49999 38.00000
-2.70000 19.49999 38.50000
-2.70000 19.49999 39.50000
-2.70000 19.49999 40.50000
-2.70000 19.49999 41.50000
-3.20000 19.49999 42.00000
-3.20000 19.49999 46.00000
-3.20000 18.49999 34.00000
-2.70000 18.49999 38.50000
-3.20000 18.49999 38.00000
-2.70000 18.49999 39.50000
-2.70000 18.49999 40.50000
-2.70000 18.49999 41.50000
-3.20000 18.49999 42.00000
-2.70000 18.49999 45.50000
-3.20000 18.99999 45.50000
-3.20000 18.49999 45.00000
-2.70000 18.49999 46.50000
-3.20000 17.99999 34.50000
-3.20000 17.49999 35.00000
-3.20000 17.99999 38.50000
-3.20000 17.49999 39.00000
-2.70000 17.49999 39.50000
-2.70000 17.49999 40.50000
-2.70000 17.49999 42.50000
-3.20000 17.99999 42.50000
-3.20000 17.49999 43.00000
-2.70000 17.49999 45.50000
-3.20000 17.49999 45.00000
-2.70000 17.49999 46.50000
-3.20000 16.49999 35.00000
-2.70000 16.49999 39.50000
-3.20000 16.49999 39.00000
-2.70000 16.49999 40.50000
-3.20000 16.49999 43.00000
-3.20000 16.99999 45.50000
-3.20000 16.49999 46.00000
-2.70000 16.49999 46.50000
-3.20000 15.49999 35.00000
-2.70000 15.49999 39.50000
-3.20000 15.49999 39.00000
-2.70000 15.49999 40.50000
-2.70000 15.49999 41.50000
-2.70000 15.49999 42.50000
-3.20000 15.49999 43.00000
-2.70000 15.49999 46.50000
-3.20000 15.49999 46.00000
-2.70000 15.49999 47.50000
-3.20000 14.99999 35.50000
-2.70000 14.49999 35.50000
-3.20000 14.49999 36.00000
-2.70000 14.49999 39.50000
-3.20000 14.49999 39.00000
-2.70000 14.49999 40.50000
-2.70000 14.49999 41.50000
-2.70000 14.49999 42.50000
-3.20000 14.99999 43.50000
-2.70000 14.49999 43.50000
-3.20000 14.49999 44.00000
-3.20000 14.99999 46.50000
-3.20000 14.49999 47.00000
-2.70000 14.49999 47.50000
-3.20000 13.49999 36.00000
-2.70000 13.49999 39.50000
-3.20000 13.49999 39.00000
-2.70000 13.49999 40.50000
-2.70000 13.49999 41.50000
-2.70000 13.49999 42.50000
-2.70000 13.49999 43.50000
-3.20000 13.49999 44.00000
-3.20000 13.99999 47.50000
-2.70000 13.49999 48.50000
-3.20000 13.49999 48.00000
-3.20000 12.49999 36.00000
-2.70000 12.49999 39.50000
-3.20000 12.49999 39.00000
-2.70000 12.49999 40.50000
-2.70000 12.49999 41.50000
-2.70000 12.49999 42.50000
-2.70000 12.49999 43.50000
-3.20000 12.99999 44.50000
-2.70000 12.49999 44.50000
-3.20000 12.49999 45.00000
-2.70000 12.49999 48.50000
-3.20000 12.49999 48.00000
-3.20000 11.49999 36.00000
-2.70000 11.49999 39.50000
-3.20000 11.49999 39.00000
-2.70000 11.49999 40.50000
-2.70000 11.49999 41.50000
-2.70000 11.49999 42.50000
-2.70000 11.49999 43.50000
-2.70000 11.49999 44.50000
-3.20000 11.49999 45.00000
-3.20000 11.99999 48.50000
-3.20000 11.49999 49.00000
-3.20000 10.49999 36.00000
-2.70000 10.49999 39.50000
-3.20000 10.49999 39.00000
-2.70000 10.49999 40.50000
-3.20000 10.99999 45.50000
-3.20000 10.99999 46.50000
-3.20000 10.99999 47.50000
-3.20000 10.99999 48.50000
-3.20000 9.49999 36.00000
-2.70000 9.49999 37.50000
-2.70000 9.49999 38.50000
-3.20000 9.49999 39.00000
-3.20000 8.99999 36.50000
-3.20000 8.99999 37.50000
-3.20000 8.99999 38.50000
-3.70000 42.49999 29.50000
-4.20000 42.49999 30.00000
-4.20000 42.99999 30.50000
-4.20000 42.99999 31.50000
-4.20000 42.49999 32.00000
-4.20000 41.49999 29.00000
-4.20000 41.99999 29.50000
-3.70000 41.49999 32.50000
-4.20000 41.49999 32.00000
-4.20000 40.49999 28.00000
-4.20000 40.99999 28.50000
-4.20000 40.99999 32.50000
-3.70000 40.49999 33.50000
-4.20000 40.49999 33.00000
-3.70000 39.49999 27.50000
-4.20000 39.99999 28.50000
-3.70000 39.49999 28.50000
-4.20000 39.49999 29.00000
-4.20000 39.99999 33.50000
-4.20000 39.99999 34.50000
-3.70000 39.49999 35.50000
-4.20000 39.49999 35.00000
-3.70000 38.49999 25.50000
-3.70000 38.49999 26.50000
-3.70000 38.49999 27.50000
-3.70000 38.49999 28.50000
-4.20000 38.49999 29.00000
-4.20000 38.99999 35.50000
-3.70000 38.49999 36.50000
-4.20000 38.49999 36.00000
-4.20000 37.49999 23.00000
-4.20000 37.99999 23.50000
-4.20000 37.99999 24.50000
-3.70000 37.49999 25.50000
-4.20000 37.49999 25.00000
-3.70000 37.49999 26.50000
-3.70000 37.49999 27.50000
-3.70000 37.49999 28.50000
-4.20000 37.49999 29.00000
-4.20000 37.99999 36.50000
-4.20000 37.49999 37.00000
-3.70000 36.49999 21.50000
-4.20000 36.49999 22.00000
-4.20000 36.99999 22.50000
-4.20000 36.99999 25.50000
-4.20000 36.49999 26.00000
-3.70000 36.49999 26.50000
-3.70000 36.49999 27.50000
-3.70000 36.49999 28.50000
-4.20000 36.99999 29.50000
-3.70000 36.49999 29.50000
-3.70000 36.49999 30.50000
-4.20000 36.99999 30.50000
-4.20000 36.49999 31.00000
-4.20000 36.99999 37.50000
-4.20000 36.49999 38.00000
-4.20000 35.99999 22.50000
-4.20000 35.49999 23.00000
-3.70000 35.49999 24.50000
-4.20000 35.99999 24.50000
-4.20000 35.49999 24.00000
-4.20000 35.49999 25.00000
-4.20000 35.99999 26.50000
-4.20000 35.49999 27.00000
-3.70000 35.49999 27.50000
-3.70000 35.49999 28.50000
-3.70000 35.49999 29.50000
-3.70000 35.49999 30.50000
-4.20000 35.99999 31.50000
-3.70000 35.49999 31.50000
-3.70000 35.49999 32.50000
-4.20000 35.99999 32.50000
-4.20000 35.49999 33.00000
-3.70000 35.49999 38.50000
-4.20000 35.49999 38.00000
-4.20000 34.99999 23.50000
-4.20000 34.49999 25.00000
-4.20000 34.99999 27.50000
-4.20000 34.49999 28.00000
-3.70000 34.49999 28.50000
-3.70000 34.49999 29.50000
-3.70000 34.49999 30.50000
-3.70000 34.49999 31.50000
-3.70000 34.49999 32.50000
-4.20000 34.99999 33.50000
-3.70000 34.49999 33.50000
-4.20000 34.49999 34.00000
-4.20000 34.99999 38.50000
-4.20000 34.49999 39.00000
-4.20000 33.49999 25.00000
-4.20000 33.99999 28.50000
-4.20000 33.49999 29.00000
-3.70000 33.49999 29.50000
-3.70000 33.49999 30.50000
-3.70000 33.49999 31.50000
-3.70000 33.49999 32.50000
-3.70000 33.49999 33.50000
-4.20000 33.99999 34.50000
-3.70000 33.49999 34.50000
-4.20000 33.49999 35.00000
-4.20000 33.49999 39.00000
-4.20000 32.99999 25.50000
-4.20000 32.49999 26.00000
-3.70000 32.49999 29.50000
-4.20000 32.49999 29.00000
-3.70000 32.49999 30.50000
-3.70000 32.49999 31.50000
-3.70000 32.49999 32.50000
-3.70000 32.49999 33.50000
-3.70000 32.49999 34.50000
-4.20000 32.49999 35.00000
-3.70000 32.49999 39.50000
-4.20000 32.49999 39.00000
-4.20000 31.99999 26.50000
-3.70000 31.49999 26.50000
-4.20000 31.49999 27.00000
-4.20000 31.99999 29.50000
-4.20000 31.49999 30.00000
-3.70000 31.49999 30.50000
-3.70000 31.49999 31.50000
-3.70000 31.49999 32.50000
-3.70000 31.49999 33.50000
-3.70000 31.49999 34.50000
-4.20000 31.49999 35.00000
-4.20000 31.49999 39.00000
-4.20000 30.49999 27.00000
-4.20000 30.99999 30.50000
-4.20000 30.49999 31.00000
-3.70000 30.49999 31.50000
-3.70000 30.49999 32.50000
-3.70000 30.49999 33.50000
-3.70000 30.49999 34.50000
-4.20000 30.99999 35.50000
-4.20000 30.49999 36.00000
-3.70000 30.49999 38.50000
-4.20000 30.99999 38.50000
-4.20000 30.49999 38.00000
-4.20000 29.99999 27.50000
-4.20000 29.49999 28.00000
-4.20000 29.99999 31.50000
-4.20000 29.49999 32.00000
-3.70000 29.49999 32.50000
-3.70000 29.49999 33.50000
-4.20000 29.49999 36.00000
-3.70000 29.49999 38.50000
-4.20000 29.49999 38.00000
-4.20000 28.99999 28.50000
-4.20000 28.49999 29.00000
-3.70000 28.49999 32.50000
-4.20000 28.49999 32.00000
-3.70000 28.49999 33.50000
-4.20000 28.99999 36.50000
-4.20000 28.49999 37.00000
-4.20000 28.99999 38.50000
-3.70000 28.49999 39.50000
-4.20000 28.49999 39.00000
-4.20000 27.99999 29.50000
-4.20000 27.49999 30.00000
-4.20000 27.99999 32.50000
-4.20000 27.49999 33.00000
-3.70000 27.49999 33.50000
-3.70000 27.49999 37.50000
-4.20000 27.49999 37.00000
-4.20000 27.99999 39.50000
-3.70000 27.49999 40.50000
-4.20000 27.49999 40.00000
-4.20000 26.99999 30.50000
-4.20000 26.49999 31.00000
-4.20000 26.99999 33.50000
-4.20000 26.49999 34.00000
-4.20000 26.99999 37.50000
-4.20000 26.49999 38.00000
-4.20000 26.99999 40.50000
-3.70000 26.49999 41.50000
-4.20000 26.49999 41.00000
-4.20000 25.49999 31.00000
-3.70000 25.49999 34.50000
-4.20000 25.49999 34.00000
-3.70000 25.49999 38.50000
-4.20000 25.49999 38.00000
-4.20000 25.99999 41.50000
-4.20000 25.99999 42.50000
-4.20000 25.49999 43.00000
-4.20000 24.99999 31.50000
-4.20000 24.49999 32.00000
-4.20000 24.99999 34.50000
-4.20000 24.49999 35.00000
-4.20000 24.99999 38.50000
-4.20000 24.49999 39.00000
-4.20000 24.49999 43.00000
-4.20000 23.49999 32.00000
-3.70000 23.49999 35.50000
-4.20000 23.49999 35.00000
-4.20000 23.99999 39.50000
-4.20000 23.49999 40.00000
-4.20000 23.99999 43.50000
-4.20000 23.49999 44.00000
-4.20000 22.99999 32.50000
-4.20000 22.49999 33.00000
-4.20000 22.99999 35.50000
-3.70000 22.49999 36.50000
-4.20000 22.49999 36.00000
-4.20000 22.99999 40.50000
-4.20000 22.49999 41.00000
-4.20000 22.49999 44.00000
-4.20000 21.49999 33.00000
-3.70000 21.49999 36.50000
-4.20000 21.49999 36.00000
-4.20000 21.49999 41.00000
-3.70000 21.49999 44.50000
-4.20000 21.49999 44.00000
-4.20000 20.99999 33.50000
-4.20000 20.49999 34.00000
-4.20000 20.99999 36.50000
-4.20000 20.49999 37.00000
-3.70000 20.49999 41.50000
-4.20000 20.49999 41.00000
-3.70000 20.49999 44.50000
-4.20000 20.49999 44.00000
-3.70000 20.49999 45.50000
-4.20000 19.49999 34.00000
-3.70000 19.49999 37.50000
-4.20000 19.49999 37.00000
-3.70000 19.49999 41.50000
-4.20000 19.49999 41.00000
-3.70000 19.49999 44.50000
-4.20000 19.49999 44.00000
-3.70000 19.49999 45.50000
-4.20000 18.49999 34.00000
-4.20000 18.99999 37.50000
-4.20000 18.49999 38.00000
-4.20000 18.99999 41.50000
-4.20000 18.49999 42.00000
-3.70000 18.49999 44.50000
-4.20000 18.49999 44.00000
-4.20000 17.99999 34.50000
-4.20000 17.49999 35.00000
-3.70000 17.49999 38.50000
-4.20000 17.49999 38.00000
-3.70000 17.49999 42.50000
-4.20000 17.49999 42.00000
-3.70000 17.49999 44.50000
-4.20000 17.49999 44.00000
-4.20000 16.49999 35.00000
-3.70000 16.49999 38.50000
-4.20000 16.49999 38.00000
-3.70000 16.49999 42.50000
-4.20000 16.49999 42.00000
-4.20000 16.99999 44.50000
-3.70000 16.49999 45.50000
-4.20000 16.49999 45.00000
-4.20000 15.49999 35.00000
-3.70000 15.49999 38.50000
-4.20000 15.49999 38.00000
-4.20000 15.99999 42.50000
-4.20000 15.49999 43.00000
-3.70000 15.49999 45.50000
-4.20000 15.49999 45.00000
-4.20000 14.99999 35.50000
-4.20000 14.49999 36.00000
-4.20000 14.99999 38.50000
-4.20000 14.49999 39.00000
-3.70000 14.49999 43.50000
-4.20000 14.49999 43.00000
-4.20000 14.99999 45.50000
-3.70000 14.49999 46.50000
-4.20000 14.49999 46.00000
-4.20000 13.49999 36.00000
-4.20000 13.49999 39.00000
-4.20000 13.99999 43.50000
-4.20000 13.49999 44.00000
-4.20000 13.99999 46.50000
-3.70000 13.49999 47.50000
-4.20000 13.49999 47.00000
-4.20000 12.49999 36.00000
-4.20000 12.49999 39.00000
-3.70000 12.49999 44.50000
-4.20000 12.49999 44.00000
-4.20000 12.99999 47.50000
-4.20000 12.49999 48.00000
-4.20000 11.49999 36.00000
-4.20000 11.49999 39.00000
-4.20000 11.99999 44.50000
-4.20000 11.49999 45.00000
-3.70000 11.49999 48.50000
-4.20000 11.49999 48.00000
-4.20000 10.49999 36.00000
-4.20000 10.49999 39.00000
-4.20000 10.99999 45.50000
-3.70000 10.49999 46.50000
-4.20000 10.49999 46.00000
-4.20000 10.49999 47.00000
-4.20000 10.99999 47.50000
-4.20000 9.49999 36.00000
-4.20000 9.49999 39.00000
-4.20000 9.99999 46.50000
-4.20000 8.99999 36.50000
-4.20000 8.99999 37.50000
-4.20000 8.99999 38.50000
-5.20000 42.49999 30.00000
-5.20000 42.99999 30.50000
-5.20000 42.99999 31.50000
-5.20000 42.49999 32.00000
-5.20000 41.49999 29.00000
-5.20000 41.99999 29.50000
-5.20000 41.49999 32.00000
-5.20000 40.49999 28.00000
-5.20000 40.99999 28.50000
-5.20000 40.99999 32.50000
-5.20000 40.49999 33.00000
-5.20000 39.99999 28.50000
-5.20000 39.49999 29.00000
-5.20000 39.99999 33.50000
-4.70000 39.49999 34.50000
-5.20000 39.49999 34.00000
-5.20000 38.99999 29.50000
-4.70000 38.49999 29.50000
-5.20000 38.49999 30.00000
-5.20000 38.99999 34.50000
-4.70000 38.49999 35.50000
-5.20000 38.49999 35.00000
-5.20000 37.49999 23.00000
-5.20000 37.99999 23.50000
-4.70000 37.49999 24.50000
-5.20000 37.49999 24.00000
-4.70000 37.49999 29.50000
-5.20000 37.49999 30.00000
-5.20000 37.99999 35.50000
-5.20000 37.99999 36.50000
-5.20000 37.49999 37.00000
-5.20000 36.49999 22.00000
-5.20000 36.99999 22.50000
-5.20000 36.99999 24.50000
-4.70000 36.49999 25.50000
-5.20000 36.49999 25.00000
-5.20000 36.99999 30.50000
-5.20000 36.49999 31.00000
-5.20000 36.99999 37.50000
-5.20000 36.49999 38.00000
-5.20000 35.99999 22.50000
-5.20000 35.49999 23.00000
-4.70000 35.49999 24.50000
-5.20000 35.99999 25.50000
-4.70000 35.49999 26.50000
-5.20000 35.49999 26.00000
-5.20000 35.99999 31.50000
-5.20000 35.99999 32.50000
-5.20000 35.49999 33.00000
-5.20000 35.49999 38.00000
-5.20000 34.99999 23.50000
-4.70000 34.49999 24.50000
-5.20000 34.49999 24.00000
-5.20000 34.99999 26.50000
-4.70000 34.49999 27.50000
-5.20000 34.49999 27.00000
-5.20000 34.99999 33.50000
-5.20000 34.49999 34.00000
-4.70000 34.49999 38.50000
-5.20000 34.49999 38.00000
-5.20000 33.99999 24.50000
-5.20000 33.49999 25.00000
-5.20000 33.99999 27.50000
-4.70000 33.49999 28.50000
-5.20000 33.49999 28.00000
-5.20000 33.99999 34.50000
-5.20000 33.49999 35.00000
-4.70000 33.49999 38.50000
-5.20000 33.49999 38.00000
-5.20000 32.99999 25.50000
-5.20000 32.49999 26.00000
-4.70000 32.49999 28.50000
-5.20000 32.49999 28.00000
-5.20000 32.49999 35.00000
-5.20000 32.99999 38.50000
-5.20000 32.49999 39.00000
-5.20000 31.99999 26.50000
-5.20000 31.49999 27.00000
-5.20000 31.99999 28.50000
-4.70000 31.49999 29.50000
-5.20000 31.49999 29.00000
-5.20000 31.49999 35.00000
-5.20000 31.49999 39.00000
-5.20000 30.99999 27.50000
-4.70000 30.49999 27.50000
-5.20000 30.49999 28.00000
-5.20000 30.99999 29.50000
-4.70000 30.49999 30.50000
-5.20000 30.49999 30.00000
-4.70000 30.49999 35.50000
-5.20000 30.49999 35.00000
-5.20000 30.99999 38.50000
-5.20000 30.49999 38.00000
-4.70000 29.49999 28.50000
-5.20000 29.99999 28.50000
-5.20000 29.49999 29.00000
-5.20000 29.99999 30.50000
-4.70000 29.49999 31.50000
-5.20000 29.49999 31.00000
-5.20000 29.99999 35.50000
-5.20000 29.49999 36.00000
-5.20000 29.49999 38.00000
-5.20000 28.49999 29.00000
-5.20000 28.99999 31.50000
-5.20000 28.49999 32.00000
-4.70000 28.49999 36.50000
-5.20000 28.49999 36.00000
-4.70000 28.49999 38.50000
-5.20000 28.49999 38.00000
-5.20000 27.99999 29.50000
-5.20000 27.49999 30.00000
-4.70000 27.49999 32.50000
-5.20000 27.49999 32.00000
-5.20000 27.99999 36.50000
-5.20000 27.49999 37.00000
-5.20000 27.99999 38.50000
-4.70000 27.49999 39.50000
-5.20000 27.49999 39.00000
-5.20000 26.99999 30.50000
-5.20000 26.49999 31.00000
-5.20000 26.99999 32.50000
-4.70000 26.49999 33.50000
-5.20000 26.49999 33.00000
-4.70000 26.49999 37.50000
-5.20000 26.49999 37.00000
-5.20000 26.99999 39.50000
-5.20000 26.99999 40.50000
-5.20000 26.49999 41.00000
-5.20000 25.49999 31.00000
-5.20000 25.99999 33.50000
-5.20000 25.49999 34.00000
-5.20000 25.99999 37.50000
-5.20000 25.49999 38.00000
-5.20000 25.99999 41.50000
-4.70000 25.49999 42.50000
-5.20000 25.49999 42.00000
-5.20000 24.99999 31.50000
-5.20000 24.49999 32.00000
-4.70000 24.49999 34.50000
-5.20000 24.49999 34.00000
-5.20000 24.99999 38.50000
-5.20000 24.49999 39.00000
-5.20000 24.99999 42.50000
-5.20000 24.49999 43.00000
-5.20000 23.99999 32.50000
-4.70000 23.49999 32.50000
-5.20000 23.49999 33.00000
-5.20000 23.99999 34.50000
-5.20000 23.49999 35.00000
-5.20000 23.99999 39.50000
-5.20000 23.49999 40.00000
-5.20000 23.99999 43.50000
-5.20000 23.49999 44.00000
-5.20000 22.49999 33.00000
-5.20000 22.99999 35.50000
-5.20000 22.49999 36.00000
-4.70000 22.49999 40.50000
-5.20000 22.49999 40.00000
-5.20000 22.49999 44.00000
-5.20000 21.99999 33.50000
-4.70000 21.49999 33.50000
-5.20000 21.49999 34.00000
-5.20000 21.49999 36.00000
-5.20000 21.99999 40.50000
-5.20000 21.49999 41.00000
-5.20000 21.49999 44.00000
-5.20000 20.49999 34.00000
-4.70000 20.49999 36.50000
-5.20000 20.49999 36.00000
-5.20000 20.49999 41.00000
-5.20000 20.99999 44.50000
-4.70000 20.49999 44.50000
-5.20000 20.49999 45.00000
-5.20000 19.49999 34.00000
-5.20000 19.99999 36.50000
-5.20000 19.49999 37.00000
-5.20000 19.49999 41.00000
-4.70000 19.49999 44.50000
-5.20000 19.49999 45.00000
-5.20000 18.99999 34.50000
-4.70000 18.49999 34.50000
-5.20000 18.49999 35.00000
-4.70000 18.49999 37.50000
-5.20000 18.49999 37.00000
-4.70000 18.49999 41.50000
-5.20000 18.49999 41.00000
-5.20000 18.99999 44.50000
-5.20000 18.49999 44.00000
-5.20000 17.49999 35.00000
-4.70000 17.49999 37.50000
-5.20000 17.49999 37.00000
-4.70000 17.49999 41.50000
-5.20000 17.49999 41.00000
-5.20000 17.49999 44.00000
-5.20000 16.49999 35.00000
-5.20000 16.99999 37.50000
-5.20000 16.49999 38.00000
-5.20000 16.99999 41.50000
-5.20000 16.49999 42.00000
-4.70000 16.49999 44.50000
-5.20000 16.49999 44.00000
-5.20000 15.99999 35.50000
-4.70000 15.49999 35.50000
-5.20000 15.49999 36.00000
-5.20000 15.49999 38.00000
-4.70000 15.49999 42.50000
-5.20000 15.49999 42.00000
-5.20000 15.99999 44.50000
-5.20000 15.49999 45.00000
-5.20000 14.49999 36.00000
-4.70000 14.49999 38.50000
-5.20000 14.49999 38.00000
-5.20000 14.99999 42.50000
-5.20000 14.49999 43.00000
-4.70000 14.49999 45.50000
-5.20000 14.49999 45.00000
-5.20000 13.49999 36.00000
-5.20000 13.99999 38.50000
-5.20000 13.49999 39.00000
-4.70000 13.49999 43.50000
-5.20000 13.49999 43.00000
-5.20000 13.99999 45.50000
-4.70000 13.49999 46.50000
-5.20000 13.49999 46.00000
-5.20000 12.49999 36.00000
-5.20000 12.49999 39.00000
-5.20000 12.99999 43.50000
-5.20000 12.49999 44.00000
-5.20000 12.99999 46.50000
-4.70000 12.49999 47.50000
-5.20000 12.49999 47.00000
-5.20000 11.49999 36.00000
-5.20000 11.49999 39.00000
-4.70000 11.49999 44.50000
-5.20000 11.49999 44.00000
-4.70000 11.49999 47.50000
-5.20000 11.49999 47.00000
-5.20000 10.99999 36.50000
-4.70000 10.49999 36.50000
-5.20000 10.49999 37.00000
-5.20000 10.49999 39.00000
-5.20000 10.99999 44.50000
-4.70000 10.49999 45.50000
-5.20000 10.49999 45.00000
-4.70000 10.49999 47.50000
-5.20000 10.99999 47.50000
-5.20000 10.49999 48.00000
-4.70000 9.49999 36.50000
-5.20000 9.49999 37.00000
-5.20000 9.49999 39.00000
-5.20000 9.99999 45.50000
-5.20000 9.99999 46.50000
-5.20000 9.99999 47.50000
-5.20000 8.99999 37.50000
-5.20000 8.99999 38.50000
-6.20000 42.49999 30.00000
-6.20000 42.99999 30.50000
-5.70000 42.49999 31.50000
-6.20000 42.49999 31.00000
-6.20000 41.49999 29.00000
-6.20000 41.99999 29.50000
-6.20000 41.99999 31.50000
-6.20000 41.49999 32.00000
-5.70000 40.49999 28.50000
-6.20000 40.49999 29.00000
-6.20000 40.99999 32.50000
-6.20000 40.49999 33.00000
-6.20000 39.49999 29.00000
-5.70000 39.49999 33.50000
-6.20000 39.49999 33.00000
-5.70000 38.49999 29.50000
-6.20000 38.49999 29.00000
-6.20000 38.99999 33.50000
-5.70000 38.49999 34.50000
-6.20000 38.49999 34.00000
-5.70000 37.49999 23.50000
-6.20000 37.99999 29.50000
-6.20000 37.49999 30.00000
-6.20000 37.99999 34.50000
-6.20000 37.99999 35.50000
-6.20000 37.99999 36.50000
-6.20000 37.49999 37.00000
-5.70000 36.49999 22.50000
-5.70000 36.49999 23.50000
-5.70000 36.49999 24.50000
-5.70000 36.49999 30.50000
-6.20000 36.49999 30.00000
-5.70000 36.49999 37.50000
-6.20000 36.49999 37.00000
-5.70000 35.49999 23.50000
-5.70000 35.49999 24.50000
-5.70000 35.49999 25.50000
-6.20000 35.99999 30.50000
-5.70000 35.49999 31.50000
-6.20000 35.49999 31.00000
-5.70000 35.49999 32.50000
-6.20000 35.99999 37.50000
-6.20000 35.49999 38.00000
-5.70000 34.49999 24.50000
-5.70000 34.49999 25.50000
-5.70000 34.49999 26.50000
-6.20000 34.99999 31.50000
-6.20000 34.99999 32.50000
-5.70000 34.49999 33.50000
-6.20000 34.49999 33.00000
-6.20000 34.49999 38.00000
-5.70000 33.49999 25.50000
-5.70000 33.49999 26.50000
-5.70000 33.49999 27.50000
-6.20000 33.99999 33.50000
-5.70000 33.49999 34.50000
-6.20000 33.49999 34.00000
-6.20000 33.49999 38.00000
-5.70000 32.49999 26.50000
-5.70000 32.49999 27.50000
-6.20000 32.99999 34.50000
-6.20000 32.49999 35.00000
-6.20000 32.99999 38.50000
-6.20000 32.49999 39.00000
-5.70000 31.49999 27.50000
-5.70000 31.49999 28.50000
-6.20000 31.49999 35.00000
-6.20000 31.49999 39.00000
-5.70000 30.49999 28.50000
-5.70000 30.49999 29.50000
-6.20000 30.49999 35.00000
-5.70000 30.49999 38.50000
-6.20000 30.49999 39.00000
-5.70000 29.49999 29.50000
-5.70000 29.49999 30.50000
-5.70000 29.49999 35.50000
-6.20000 29.49999 35.00000
-6.20000 29.99999 38.50000
-6.20000 29.49999 38.00000
-5.70000 28.49999 29.50000
-5.70000 28.49999 30.50000
-5.70000 28.49999 31.50000
-6.20000 28.99999 35.50000
-6.20000 28.49999 36.00000
-6.20000 28.49999 38.00000
-5.70000 27.49999 30.50000
-5.70000 27.49999 31.50000
-5.70000 27.49999 36.50000
-6.20000 27.49999 36.00000
-6.20000 27.99999 38.50000
-6.20000 27.49999 39.00000
-5.70000 26.49999 31.50000
-5.70000 26.49999 32.50000
-6.20000 26.99999 36.50000
-6.20000 26.49999 37.00000
-6.20000 26.99999 39.50000
-6.20000 26.99999 40.50000
-6.20000 26.49999 41.00000
-5.70000 25.49999 31.50000
-5.70000 25.49999 32.50000
-5.70000 25.49999 33.50000
-6.20000 25.99999 37.50000
-6.20000 25.49999 38.00000
-6.20000 25.99999 41.50000
-6.20000 25.49999 42.00000
-5.70000 24.49999 32.50000
-5.70000 24.49999 33.50000
-5.70000 24.49999 38.50000
-6.20000 24.49999 38.00000
-6.20000 24.99999 42.50000
-6.20000 24.49999 43.00000
-5.70000 23.49999 33.50000
-5.70000 23.49999 34.50000
-6.20000 23.99999 38.50000
-5.70000 23.49999 39.50000
-6.20000 23.49999 39.00000
-5.70000 23.49999 43.50000
-6.20000 23.49999 43.00000
-5.70000 22.49999 33.50000
-5.70000 22.49999 34.50000
-5.70000 22.49999 35.50000
-6.20000 22.99999 39.50000
-6.20000 22.49999 40.00000
-6.20000 22.99999 43.50000
-6.20000 22.49999 44.00000
-5.70000 21.49999 34.50000
-5.70000 21.49999 35.50000
-5.70000 21.49999 40.50000
-6.20000 21.49999 40.00000
-6.20000 21.99999 44.50000
-5.70000 21.49999 44.50000
-6.20000 21.49999 45.00000
-5.70000 20.49999 34.50000
-5.70000 20.49999 35.50000
-6.20000 20.99999 40.50000
-6.20000 20.49999 41.00000
-6.20000 20.49999 45.00000
-5.70000 19.49999 34.50000
-5.70000 19.49999 35.50000
-5.70000 19.49999 36.50000
-6.20000 19.49999 41.00000
-6.20000 19.49999 45.00000
-5.70000 18.49999 35.50000
-5.70000 18.49999 36.50000
-6.20000 18.49999 41.00000
-5.70000 18.49999 43.50000
-6.20000 18.99999 43.50000
-6.20000 18.49999 43.00000
-6.20000 18.99999 44.50000
-5.70000 17.49999 35.50000
-5.70000 17.49999 36.50000
-6.20000 17.49999 41.00000
-5.70000 17.49999 43.50000
-6.20000 17.49999 43.00000
-5.70000 16.49999 35.50000
-5.70000 16.49999 36.50000
-5.70000 16.49999 37.50000
-5.70000 16.49999 41.50000
-6.20000 16.49999 41.00000
-6.20000 16.99999 43.50000
-6.20000 16.49999 44.00000
-5.70000 15.49999 36.50000
-5.70000 15.49999 37.50000
-6.20000 15.99999 41.50000
-6.20000 15.49999 42.00000
-5.70000 15.49999 44.50000
-6.20000 15.49999 44.00000
-5.70000 14.49999 36.50000
-5.70000 14.49999 37.50000
-5.70000 14.49999 42.50000
-6.20000 14.49999 42.00000
-6.20000 14.99999 44.50000
-6.20000 14.49999 45.00000
-5.70000 13.49999 36.50000
-5.70000 13.49999 37.50000
-5.70000 13.49999 38.50000
-6.20000 13.99999 42.50000
-6.20000 13.49999 43.00000
-6.20000 13.99999 45.50000
-6.20000 13.49999 46.00000
-5.70000 12.49999 36.50000
-6.20000 12.49999 37.00000
-6.20000 12.99999 37.50000
-6.20000 12.49999 38.00000
-5.70000 12.49999 38.50000
-5.70000 12.49999 43.50000
-6.20000 12.49999 43.00000
-5.70000 12.49999 46.50000
-6.20000 12.49999 46.00000
-5.70000 11.49999 36.50000
-6.20000 11.49999 37.00000
-5.70000 11.49999 38.50000
-6.20000 11.49999 38.00000
-6.20000 11.99999 43.50000
-6.20000 11.49999 44.00000
-6.20000 11.99999 46.50000
-6.20000 11.49999 47.00000
-5.70000 10.49999 37.50000
-6.20000 10.99999 37.50000
-5.70000 10.49999 38.50000
-5.70000 10.49999 44.50000
-6.20000 10.49999 44.00000
-5.70000 10.49999 47.50000
-6.20000 10.49999 47.00000
-5.70000 9.49999 37.50000
-5.70000 9.49999 38.50000
-6.20000 9.99999 44.50000
-6.20000 9.99999 45.50000
-6.20000 9.99999 46.50000
-7.20000 42.49999 30.00000
-7.20000 42.99999 30.50000
-7.20000 42.49999 31.00000
-7.20000 41.49999 29.00000
-7.20000 41.99999 29.50000
-7.20000 41.99999 31.50000
-7.20000 41.49999 32.00000
-7.20000 40.49999 29.00000
-7.20000 40.99999 32.50000
-7.20000 40.49999 33.00000
-7.20000 39.49999 29.00000
-6.70000 39.49999 32.50000
-7.20000 39.99999 32.50000
-7.20000 39.49999 32.00000
-7.20000 38.49999 29.00000
-6.70000 38.49999 32.50000
-7.20000 38.49999 32.00000
-6.70000 38.49999 33.50000
-6.70000 37.49999 29.50000
-7.20000 37.49999 29.00000
-7.20000 37.99999 32.50000
-7.20000 37.99999 33.50000
-7.20000 37.99999 34.50000
-7.20000 37.99999 35.50000
-6.70000 37.49999 36.50000
-7.20000 37.49999 36.00000
-7.20000 36.99999 29.50000
-7.20000 36.49999 30.00000
-7.20000 36.99999 36.50000
-7.20000 36.49999 37.00000
-6.70000 35.49999 30.50000
-7.20000 35.49999 30.00000
-6.70000 35.49999 37.50000
-7.20000 35.49999 37.00000
-7.20000 34.99999 30.50000
-7.20000 34.99999 31.50000
-6.70000 34.49999 32.50000
-7.20000 34.49999 32.00000
-6.70000 34.49999 37.50000
-7.20000 34.49999 37.00000
-7.20000 33.99999 32.50000
-7.20000 33.99999 33.50000
-7.20000 33.49999 34.00000
-7.20000 33.99999 37.50000
-7.20000 33.49999 38.00000
-6.70000 32.49999 34.50000
-7.20000 32.49999 34.00000
-6.70000 32.49999 38.50000
-7.20000 32.49999 38.00000
-7.20000 31.99999 34.50000
-7.20000 31.49999 35.00000
-6.70000 31.49999 38.50000
-7.20000 31.49999 38.00000
-7.20000 30.49999 35.00000
-7.20000 30.99999 38.50000
-7.20000 30.49999 39.00000
-7.20000 29.49999 35.00000
-6.70000 29.49999 38.50000
-7.20000 29.49999 39.00000
-6.70000 28.49999 35.50000
-7.20000 28.49999 35.00000
-7.20000 28.99999 38.50000
-7.20000 28.49999 38.00000
-7.20000 27.99999 35.50000
-7.20000 27.49999 36.00000
-7.20000 27.99999 38.50000
-7.20000 27.49999 39.00000
-7.20000 26.99999 36.50000
-7.20000 26.49999 37.00000
-7.20000 26.99999 39.50000
-6.70000 26.49999 40.50000
-7.20000 26.49999 40.00000
-6.70000 25.49999 37.50000
-7.20000 25.49999 37.00000
-7.20000 25.99999 40.50000
-7.20000 25.99999 41.50000
-7.20000 25.49999 42.00000
-7.20000 24.99999 37.50000
-7.20000 24.49999 38.00000
-7.20000 24.99999 42.50000
-7.20000 24.49999 43.00000
-7.20000 23.99999 38.50000
-7.20000 23.49999 39.00000
-7.20000 23.49999 43.00000
-7.20000 22.99999 39.50000
-7.20000 22.49999 40.00000
-7.20000 22.99999 43.50000
-7.20000 22.49999 44.00000
-7.20000 21.49999 40.00000
-6.70000 21.49999 44.50000
-7.20000 21.49999 44.00000
-6.70000 20.49999 40.50000
-7.20000 20.49999 40.00000
-6.70000 20.49999 44.50000
-7.20000 20.49999 44.00000
-6.70000 19.49999 40.50000
-7.20000 19.49999 40.00000
-6.70000 19.49999 44.50000
-7.20000 19.49999 44.00000
-6.70000 18.49999 40.50000
-7.20000 18.49999 40.00000
-7.20000 18.99999 43.50000
-7.20000 18.49999 43.00000
-7.20000 17.99999 40.50000
-7.20000 17.49999 41.00000
-7.20000 17.49999 43.00000
-7.20000 16.49999 41.00000
-6.70000 16.49999 43.50000
-7.20000 16.49999 43.00000
-6.70000 15.49999 41.50000
-7.20000 15.49999 41.00000
-7.20000 15.99999 43.50000
-7.20000 15.49999 44.00000
-7.20000 14.99999 41.50000
-7.20000 14.49999 42.00000
-6.70000 14.49999 44.50000
-7.20000 14.49999 44.00000
-6.70000 13.49999 42.50000
-7.20000 13.49999 42.00000
-7.20000 13.99999 44.50000
-6.70000 13.49999 45.50000
-7.20000 13.49999 45.00000
-6.70000 12.49999 37.50000
-7.20000 12.99999 42.50000
-7.20000 12.49999 43.00000
-7.20000 12.99999 45.50000
-7.20000 12.49999 46.00000
-6.70000 11.49999 37.50000
-6.70000 11.49999 43.50000
-7.20000 11.49999 43.00000
-6.70000 11.49999 46.50000
-7.20000 11.49999 46.00000
-7.20000 10.99999 43.50000
-7.20000 10.49999 44.00000
-7.20000 10.99999 46.50000
-7.20000 10.49999 47.00000
-6.70000 9.49999 44.50000
-7.20000 9.49999 44.00000
-6.70000 9.49999 45.50000
-6.70000 9.49999 46.50000
-7.20000 9.49999 47.00000
-6.70000 8.49999 44.50000
-7.20000 8.49999 44.00000
-7.20000 8.49999 45.00000
-7.20000 8.99999 45.50000
-7.20000 8.99999 46.50000
-7.20000 7.99999 44.50000
-8.20000 42.49999 30.00000
-8.20000 42.99999 30.50000
-8.20000 42.49999 31.00000
-8.20000 41.49999 29.00000
-8.20000 41.99999 29.50000
-8.20000 41.99999 31.50000
-8.20000 41.49999 32.00000
-8.20000 40.49999 29.00000
-7.70000 40.49999 32.50000
-8.20000 40.49999 32.00000
-7.70000 39.49999 28.50000
-8.20000 39.49999 28.00000
-8.20000 39.99999 28.50000
-8.20000 39.49999 32.00000
-8.20000 38.99999 28.50000
-8.20000 38.49999 29.00000
-8.20000 38.49999 32.00000
-8.20000 37.49999 29.00000
-7.70000 37.49999 32.50000
-8.20000 37.49999 32.00000
-7.70000 37.49999 33.50000
-7.70000 37.49999 34.50000
-7.70000 37.49999 35.50000
-7.70000 36.49999 29.50000
-8.20000 36.49999 29.00000
-8.20000 36.99999 32.50000
-8.20000 36.99999 33.50000
-8.20000 36.99999 34.50000
-8.20000 36.99999 35.50000
-7.70000 36.49999 36.50000
-8.20000 36.49999 36.00000
-8.20000 35.99999 29.50000
-8.20000 35.49999 30.00000
-7.70000 35.49999 36.50000
-8.20000 35.49999 36.00000
-8.20000 34.99999 30.50000
-7.70000 34.49999 31.50000
-8.20000 34.49999 31.00000
-8.20000 34.99999 36.50000
-8.20000 34.49999 37.00000
-8.20000 33.99999 31.50000
-8.20000 33.99999 32.50000
-7.70000 33.49999 33.50000
-8.20000 33.49999 33.00000
-7.70000 33.49999 37.50000
-8.20000 33.49999 37.00000
-8.20000 32.99999 33.50000
-8.20000 32.49999 34.00000
-8.20000 32.99999 37.50000
-8.20000 32.49999 38.00000
-7.70000 31.49999 34.50000
-8.20000 31.49999 34.00000
-8.20000 31.49999 38.00000
-7.70000 30.49999 34.50000
-8.20000 30.49999 34.00000
-7.70000 30.49999 38.50000
-8.20000 30.49999 38.00000
-8.20000 29.99999 34.50000
-8.20000 29.49999 35.00000
-7.70000 29.49999 38.50000
-8.20000 29.49999 38.00000
-8.20000 28.49999 35.00000
-8.20000 28.49999 38.00000
-8.20000 27.99999 35.50000
-8.20000 27.49999 36.00000
-8.20000 27.99999 38.50000
-8.20000 27.49999 39.00000
-7.70000 26.49999 36.50000
-8.20000 26.49999 36.00000
-8.20000 26.99999 39.50000
-8.20000 26.49999 40.00000
-8.20000 25.99999 36.50000
-8.20000 25.49999 37.00000
-8.20000 25.99999 40.50000
-8.20000 25.99999 41.50000
-8.20000 25.49999 42.00000
-8.20000 24.99999 37.50000
-8.20000 24.49999 38.00000
-7.70000 24.49999 42.50000
-8.20000 24.49999 42.00000
-8.20000 23.99999 38.50000
-8.20000 23.49999 39.00000
-8.20000 23.99999 42.50000
-8.20000 23.49999 43.00000
-8.20000 22.99999 39.50000
-8.20000 22.49999 40.00000
-7.70000 22.49999 43.50000
-8.20000 22.49999 43.00000
-8.20000 21.49999 40.00000
-7.70000 21.49999 43.50000
-8.20000 21.49999 43.00000
-8.20000 20.49999 40.00000
-8.20000 20.99999 43.50000
-8.20000 20.49999 44.00000
-8.20000 19.49999 40.00000
-7.70000 19.49999 42.50000
-8.20000 19.99999 42.50000
-8.20000 19.49999 42.00000
-8.20000 19.49999 43.00000
-8.20000 19.49999 44.00000
-8.20000 18.49999 40.00000
-7.70000 18.49999 42.50000
-8.20000 18.49999 42.00000
-7.70000 18.99999 43.00000
-8.20000 18.49999 43.00000
-7.70000 18.49999 43.50000
-8.20000 18.49999 44.00000
-7.70000 17.49999 40.50000
-8.20000 17.49999 40.00000
-8.20000 17.99999 42.50000
-8.20000 17.49999 43.00000
-8.20000 17.99999 43.50000
-8.20000 16.99999 40.50000
-8.20000 16.49999 41.00000
-8.20000 16.49999 43.00000
-8.20000 15.49999 41.00000
-8.20000 15.99999 43.50000
-8.20000 15.49999 44.00000
-8.20000 14.99999 41.50000
-8.20000 14.49999 42.00000
-8.20000 14.49999 44.00000
-8.20000 13.49999 42.00000
-7.70000 13.49999 44.50000
-8.20000 13.49999 44.00000
-8.20000 12.99999 42.50000
-8.20000 12.49999 43.00000
-8.20000 12.99999 44.50000
-7.70000 12.49999 45.50000
-8.20000 12.49999 45.00000
-8.20000 11.49999 43.00000
-7.70000 11.49999 45.50000
-8.20000 11.49999 45.00000
-7.70000 10.49999 43.50000
-8.20000 10.49999 43.00000
-8.20000 10.99999 45.50000
-7.70000 10.49999 46.50000
-8.20000 10.49999 46.00000
-8.20000 9.99999 43.50000
-8.20000 9.49999 44.00000
-7.70000 9.49999 46.50000
-8.20000 9.49999 46.00000
-8.20000 8.49999 44.00000
-8.20000 8.99999 45.50000
-8.20000 8.49999 45.00000
-8.20000 7.99999 44.50000
-8.70000 42.49999 30.50000
-9.20000 41.49999 29.00000
-9.20000 41.99999 29.50000
-9.20000 41.99999 30.50000
-8.70000 41.49999 31.50000
-9.20000 41.49999 31.00000
-9.20000 40.49999 29.00000
-8.70000 40.49999 31.50000
-9.20000 40.49999 31.00000
-9.20000 39.49999 28.00000
-9.20000 39.99999 28.50000
-8.70000 39.49999 31.50000
-9.20000 39.49999 31.00000
-8.70000 38.49999 28.50000
-9.20000 38.49999 28.00000
-8.70000 38.49999 31.50000
-9.20000 38.49999 31.00000
-9.20000 37.99999 28.50000
-9.20000 37.49999 29.00000
-9.20000 37.99999 31.50000
-9.20000 37.49999 32.00000
-9.20000 36.49999 29.00000
-9.20000 36.99999 32.50000
-8.70000 36.49999 33.50000
-9.20000 36.49999 33.00000
-8.70000 36.49999 34.50000
-8.70000 36.49999 35.50000
-9.20000 35.99999 29.50000
-9.20000 35.49999 30.00000
-9.20000 35.99999 33.50000
-9.20000 35.99999 34.50000
-9.20000 35.49999 35.00000
-8.70000 35.49999 35.50000
-9.20000 34.99999 30.50000
-9.20000 34.49999 31.00000
-9.20000 34.99999 35.50000
-8.70000 34.49999 36.50000
-9.20000 34.49999 36.00000
-9.20000 33.99999 31.50000
-9.20000 33.99999 32.50000
-9.20000 33.49999 33.00000
-8.70000 33.49999 36.50000
-9.20000 33.49999 36.00000
-9.20000 32.99999 33.50000
-9.20000 32.49999 34.00000
-9.20000 32.99999 36.50000
-8.70000 32.49999 37.50000
-9.20000 32.49999 37.00000
-9.20000 31.49999 34.00000
-8.70000 31.49999 37.50000
-9.20000 31.49999 37.00000
-9.20000 30.49999 34.00000
-8.70000 30.49999 37.50000
-9.20000 30.49999 37.00000
-8.70000 29.49999 34.50000
-9.20000 29.49999 34.00000
-9.20000 29.99999 37.50000
-9.20000 29.49999 38.00000
-9.20000 28.99999 34.50000
-9.20000 28.49999 35.00000
-9.20000 28.49999 38.00000
-9.20000 27.99999 35.50000
-9.20000 27.49999 36.00000
-9.20000 27.99999 38.50000
-9.20000 27.49999 39.00000
-9.20000 26.49999 36.00000
-9.20000 26.99999 39.50000
-9.20000 26.49999 40.00000
-9.20000 25.99999 36.50000
-9.20000 25.49999 37.00000
-9.20000 25.99999 40.50000
-8.70000 25.49999 41.50000
-9.20000 25.49999 41.00000
-9.20000 24.99999 37.50000
-9.20000 24.49999 38.00000
-9.20000 24.99999 41.50000
-9.20000 24.49999 42.00000
-9.20000 23.99999 38.50000
-9.20000 23.49999 39.00000
-8.70000 23.49999 42.50000
-9.20000 23.49999 42.00000
-8.70000 22.49999 39.50000
-9.20000 22.49999 39.00000
-8.70000 22.49999 42.50000
-9.20000 22.49999 42.00000
-9.20000 21.99999 39.50000
-9.20000 21.49999 40.00000
-8.70000 21.49999 42.50000
-9.20000 21.49999 42.00000
-9.20000 20.49999 40.00000
-8.70000 20.49999 42.50000
-9.20000 20.49999 42.00000
-8.70000 20.49999 43.50000
-9.20000 19.49999 40.00000
-8.70000 19.49999 42.50000
-9.20000 19.99999 42.50000
-8.70000 19.49999 43.50000
-9.20000 19.49999 43.00000
-9.20000 18.49999 40.00000
-8.70000 18.49999 42.50000
-9.20000 18.49999 43.00000
-8.70000 18.49999 43.50000
-9.20000 17.49999 40.00000
-9.20000 17.49999 43.00000
-8.70000 16.49999 40.50000
-9.20000 16.49999 40.00000
-9.20000 16.49999 43.00000
-9.20000 15.99999 40.50000
-9.20000 15.49999 41.00000
-9.20000 15.99999 43.50000
-9.20000 15.49999 44.00000
-8.70000 14.49999 41.50000
-9.20000 14.49999 41.00000
-9.20000 14.49999 44.00000
-9.20000 13.99999 41.50000
-9.20000 13.49999 42.00000
-9.20000 13.49999 44.00000
-9.20000 12.99999 42.50000
-9.20000 12.49999 43.00000
-9.20000 12.99999 44.50000
-9.20000 12.49999 45.00000
-9.20000 11.49999 43.00000
-9.20000 11.49999 45.00000
-9.20000 10.49999 43.00000
-8.70000 10.49999 45.50000
-9.20000 10.49999 45.00000
-9.20000 9.99999 43.50000
-9.20000 9.49999 44.00000
-8.70000 9.49999 45.50000
-9.20000 9.49999 45.00000
-9.20000 8.99999 44.50000
-8.70000 8.49999 44.50000
-9.70000 41.49999 29.50000
-9.70000 41.49999 30.50000
-9.70000 40.49999 29.50000
-9.70000 40.49999 30.50000
-9.70000 39.49999 28.50000
-10.20000 39.49999 29.00000
-10.20000 39.99999 29.50000
-10.20000 39.49999 30.00000
-9.70000 39.49999 30.50000
-10.20000 38.49999 28.00000
-10.20000 38.99999 28.50000
-10.20000 38.99999 30.50000
-10.20000 38.49999 31.00000
-10.20000 37.99999 28.50000
-10.20000 37.49999 29.00000
-9.70000 37.49999 31.50000
-10.20000 37.49999 31.00000
-10.20000 36.49999 29.00000
-10.20000 36.99999 31.50000
-9.70000 36.49999 32.50000
-10.20000 36.49999 32.00000
-10.20000 35.99999 29.50000
-10.20000 35.49999 30.00000
-10.20000 35.99999 32.50000
-9.70000 35.49999 33.50000
-10.20000 35.49999 33.00000
-9.70000 35.49999 34.50000
-10.20000 34.99999 30.50000
-10.20000 34.49999 31.00000
-10.20000 34.99999 33.50000
-10.20000 34.99999 34.50000
-9.70000 34.49999 35.50000
-10.20000 34.49999 35.00000
-10.20000 33.99999 31.50000
-9.70000 33.49999 32.50000
-10.20000 33.49999 32.00000
-9.70000 33.49999 35.50000
-10.20000 33.49999 35.00000
-10.20000 32.99999 32.50000
-9.70000 32.49999 33.50000
-10.20000 32.49999 33.00000
-10.20000 32.99999 35.50000
-9.70000 32.49999 36.50000
-10.20000 32.49999 36.00000
-10.20000 31.99999 33.50000
-10.20000 31.49999 34.00000
-9.70000 31.49999 36.50000
-10.20000 31.49999 36.00000
-10.20000 30.49999 34.00000
-9.70000 30.49999 36.50000
-10.20000 30.49999 36.00000
-10.20000 29.99999 34.50000
-9.70000 29.49999 34.50000
-10.20000 29.49999 35.00000
-10.20000 29.99999 36.50000
-9.70000 29.49999 37.50000
-10.20000 29.49999 37.00000
-10.20000 28.49999 35.00000
-10.20000 28.99999 37.50000
-10.20000 28.49999 38.00000
-10.20000 27.99999 35.50000
-10.20000 27.49999 36.00000
-9.70000 27.49999 38.50000
-10.20000 27.49999 38.00000
-10.20000 26.49999 36.00000
-10.20000 26.99999 38.50000
-9.70000 26.49999 39.50000
-10.20000 26.49999 39.00000
-10.20000 25.99999 36.50000
-10.20000 25.49999 37.00000
-10.20000 25.99999 39.50000
-9.70000 25.49999 40.50000
-10.20000 25.49999 40.00000
-10.20000 24.99999 37.50000
-10.20000 24.49999 38.00000
-10.20000 24.99999 40.50000
-9.70000 24.49999 41.50000
-10.20000 24.49999 41.00000
-10.20000 23.99999 38.50000
-10.20000 23.49999 39.00000
-10.20000 23.99999 41.50000
-10.20000 23.49999 42.00000
-10.20000 22.49999 39.00000
-10.20000 22.49999 42.00000
-10.20000 21.99999 39.50000
-10.20000 21.49999 40.00000
-10.20000 21.49999 42.00000
-10.20000 20.49999 40.00000
-10.20000 20.49999 42.00000
-10.20000 19.49999 40.00000
-9.70000 19.49999 42.50000
-10.20000 19.49999 42.00000
-10.20000 18.49999 40.00000
-9.70000 18.49999 42.50000
-10.20000 18.49999 42.00000
-10.20000 17.49999 40.00000
-10.20000 17.99999 42.50000
-10.20000 17.49999 43.00000
-10.20000 16.99999 40.50000
-9.70000 16.49999 40.50000
-10.20000 16.49999 41.00000
-10.20000 16.49999 43.00000
-10.20000 15.49999 41.00000
-9.70000 15.49999 43.50000
-10.20000 15.49999 43.00000
-10.20000 14.99999 41.50000
-9.70000 14.49999 41.50000
-10.20000 14.49999 42.00000
-9.70000 14.49999 43.50000
-10.20000 14.49999 43.00000
-10.20000 13.49999 42.00000
-10.20000 13.99999 43.50000
-10.20000 13.49999 44.00000
-10.20000 12.99999 42.50000
-9.70000 12.49999 43.50000
-10.20000 12.99999 43.50000
-9.70000 12.49999 44.50000
-9.70000 11.49999 43.50000
-9.70000 11.49999 44.50000
-9.70000 10.49999 43.50000
-9.70000 10.49999 44.50000
-9.70000 9.49999 44.50000
-10.70000 39.49999 29.50000
-10.70000 38.49999 28.50000
-10.70000 38.49999 29.50000
-10.70000 38.49999 30.50000
-10.70000 37.49999 29.50000
-10.70000 37.49999 30.50000
-10.70000 36.49999 29.50000
-10.70000 36.49999 30.50000
-10.70000 36.49999 31.50000
-10.70000 35.49999 30.50000
-10.70000 35.49999 31.50000
-10.70000 35.49999 32.50000
-10.70000 34.49999 31.50000
-10.70000 34.49999 32.50000
-10.70000 34.49999 33.50000
-10.70000 34.49999 34.50000
-10.70000 33.49999 32.50000
-10.70000 33.49999 33.50000
-10.70000 33.49999 34.50000
-10.70000 32.49999 33.50000
-10.70000 32.49999 34.50000
-10.70000 32.49999 35.50000
-10.70000 31.49999 34.50000
-10.70000 31.49999 35.50000
-10.70000 30.49999 34.50000
-10.70000 30.49999 35.50000
-10.70000 29.49999 35.50000
-10.70000 29.49999 36.50000
-10.70000 28.49999 35.50000
-10.70000 28.49999 36.50000
-10.70000 28.49999 37.50000
-10.70000 27.49999 36.50000
-10.70000 27.49999 37.50000
-10.70000 26.49999 36.50000
-10.70000 26.49999 37.50000
-10.70000 26.49999 38.50000
-10.70000 25.49999 37.50000
-10.70000 25.49999 38.50000
-10.70000 25.49999 39.50000
-11.20000 24.99999 38.50000
-11.20000 24.49999 38.00000
-11.20000 24.99999 39.50000
-10.70000 24.49999 40.50000
-11.20000 24.49999 40.00000
-11.20000 23.99999 38.50000
-11.20000 23.49999 39.00000
-11.20000 23.99999 40.50000
-10.70000 23.49999 41.50000
-11.20000 23.49999 41.00000
-11.20000 22.99999 39.50000
-10.70000 22.49999 39.50000
-11.20000 22.49999 40.00000
-10.70000 22.49999 41.50000
-11.20000 22.49999 41.00000
-11.20000 21.49999 40.00000
-10.70000 21.49999 41.50000
-11.20000 21.49999 41.00000
-11.20000 20.49999 40.00000
-10.70000 20.49999 41.50000
-11.20000 20.49999 41.00000
-11.20000 19.49999 40.00000
-10.70000 19.49999 41.50000
-11.20000 19.49999 41.00000
-11.20000 18.49999 40.00000
-10.70000 18.49999 41.50000
-11.20000 18.49999 41.00000
-11.20000 17.99999 40.50000
-10.70000 17.49999 40.50000
-10.70000 17.49999 41.50000
-10.70000 17.49999 42.50000
-11.20000 16.99999 41.50000
-11.20000 16.49999 41.00000
-11.20000 16.49999 42.00000
-10.70000 16.49999 42.50000
-11.20000 15.99999 41.50000
-10.70000 15.49999 41.50000
-10.70000 15.49999 42.50000
-10.70000 14.49999 42.50000
-10.70000 13.49999 42.50000
-10.70000 13.49999 43.50000
-11.70000 24.49999 38.50000
-11.70000 24.49999 39.50000
-11.70000 23.49999 39.50000
-11.70000 23.49999 40.50000
-11.70000 22.49999 40.50000
-11.70000 21.49999 40.50000
-11.70000 20.49999 40.50000
-11.70000 19.49999 40.50000
-11.70000 18.49999 40.50000
-11.70000 16.49999 41.50000
3 2 1 0
3 4 3 0
3 0 3 2
3 4 5 3
3 0 1 6
3 6 1 7
3 0 8 4
3 0 6 8
3 5 4 9
3 9 4 8
3 7 10 6
3 12 11 10
3 11 6 10
3 11 8 6
3 9 8 13
3 8 14 13
3 8 11 14
3 14 15 13
3 11 12 16
3 16 12 17
3 11 18 14
3 11 16 18
3 15 14 19
3 14 20 19
3 14 18 20
3 20 21 19
3 17 22 16
3 24 23 22
3 23 16 22
3 23 18 16
3 18 25 20
3 18 23 25
3 21 20 26
3 26 20 25
3 23 24 27
3 27 24 28
3 23 29 25
3 23 27 29
3 26 25 30
3 25 31 30
3 25 29 31
3 31 32 30
3 28 33 27
3 35 34 33
3 34 27 33
3 34 29 27
3 29 36 31
3 29 34 36
3 32 31 37
3 31 38 37
3 31 36 38
3 38 39 37
3 34 35 40
3 40 35 41
3 34 42 36
3 34 40 42
3 36 43 38
3 36 42 43
3 39 38 44
3 44 38 43
3 41 45 40
3 47 46 45
3 46 40 45
3 46 42 40
3 42 48 43
3 42 46 48
3 44 43 49
3 43 50 49
3 43 48 50
3 50 51 49
3 47 52 46
3 54 53 52
3 53 46 52
3 53 48 46
3 48 55 50
3 48 53 55
3 51 50 56
3 56 50 55
3 54 57 53
3 59 58 57
3 58 53 57
3 58 55 53
3 56 55 60
3 60 55 58
3 58 59 61
3 61 59 62
3 60 58 63
3 63 58 61
3 61 62 64
3 64 62 65
3 63 61 66
3 61 67 66
3 61 64 67
3 67 68 66
3 64 65 69
3 69 65 70
3 64 71 67
3 64 69 71
3 68 67 72
3 67 73 72
3 67 71 73
3 73 74 72
3 69 70 75
3 75 70 76
3 69 77 71
3 69 75 77
3 71 78 73
3 71 77 78
3 74 73 79
3 79 73 78
3 76 80 75
3 82 81 80
3 81 75 80
3 81 77 75
3 77 83 78
3 77 81 83
3 79 78 84
3 84 78 83
3 82 85 81
3 87 86 85
3 86 81 85
3 86 83 81
3 84 83 88
3 88 83 86
3 87 89 86
3 89 90 86
3 90 91 86
3 92 88 86
3 92 86 91
3 91 93 92
3 91 90 94
3 94 90 95
3 93 91 96
3 96 91 94
3 95 97 94
3 94 97 96
3 100 99 98
3 102 101 98
3 98 101 100
3 104 103 102
3 102 103 101
3 104 105 103
3 108 107 106
3 108 106 99
3 106 98 99
3 106 109 98
3 98 110 102
3 98 109 110
3 102 111 104
3 102 110 111
3 105 104 112
3 104 113 112
3 104 111 113
3 113 114 112
3 117 116 115
3 119 118 115
3 115 118 117
3 118 119 107
3 119 106 107
3 119 120 106
3 106 121 109
3 106 120 121
3 109 122 110
3 109 121 122
3 110 123 111
3 110 122 123
3 125 113 124
3 113 123 124
3 113 111 123
3 113 125 114
3 128 127 126
3 128 126 116
3 126 115 116
3 126 129 115
3 115 130 119
3 115 129 130
3 119 131 120
3 119 130 131
3 120 132 121
3 120 131 132
3 134 122 133
3 122 132 133
3 122 121 132
3 122 134 123
3 123 134 135
3 123 135 124
3 138 137 136
3 140 139 136
3 136 139 138
3 142 141 140
3 141 126 140
3 127 139 140
3 127 140 126
3 126 141 129
3 129 141 143
3 129 143 130
3 130 143 144
3 130 144 131
3 131 144 145
3 131 145 132
3 132 145 146
3 132 146 133
3 149 148 147
3 151 150 147
3 147 150 149
3 153 152 151
3 151 152 150
3 155 154 153
3 153 154 152
3 155 156 154
3 137 157 136
3 136 157 140
3 140 157 158
3 140 158 142
3 147 148 159
3 159 148 160
3 147 161 151
3 147 159 161
3 151 162 153
3 151 161 162
3 153 163 155
3 153 162 163
3 156 155 164
3 155 165 164
3 155 163 165
3 165 166 164
3 160 167 159
3 169 168 167
3 168 159 167
3 168 161 159
3 161 170 162
3 161 168 170
3 162 171 163
3 162 170 171
3 163 172 165
3 163 171 172
3 166 165 173
3 173 165 172
3 169 174 168
3 176 175 174
3 175 168 174
3 175 170 168
3 170 177 171
3 170 175 177
3 171 178 172
3 171 177 178
3 173 172 179
3 172 180 179
3 172 178 180
3 180 181 179
3 175 176 182
3 182 176 183
3 175 184 177
3 175 182 184
3 177 185 178
3 177 184 185
3 178 186 180
3 178 185 186
3 181 180 187
3 187 180 186
3 182 183 188
3 188 183 189
3 182 190 184
3 182 188 190
3 190 1 2
3 185 190 2
3 184 190 185
3 185 2 3
3 185 3 186
3 192 191 5
3 5 191 3
3 191 187 3
3 187 186 3
3 192 193 191
3 188 189 194
3 194 189 195
3 188 196 190
3 188 194 196
3 196 7 1
3 196 1 190
3 9 197 192
3 9 192 5
3 193 192 198
3 198 192 197
3 194 195 199
3 199 195 200
3 194 201 196
3 194 199 201
3 202 10 7
3 196 202 7
3 201 202 196
3 202 12 10
3 13 197 9
3 204 203 15
3 15 203 13
3 203 198 13
3 198 197 13
3 204 205 203
3 208 207 206
3 208 206 200
3 206 199 200
3 206 209 199
3 199 210 201
3 199 209 210
3 201 211 202
3 201 210 211
3 211 17 12
3 211 12 202
3 19 204 15
3 19 21 204
3 21 205 204
3 21 212 205
3 206 207 213
3 213 207 214
3 206 215 209
3 206 213 215
3 209 216 210
3 209 215 216
3 210 217 211
3 210 216 217
3 218 22 17
3 211 218 17
3 217 218 211
3 218 24 22
3 26 220 219
3 212 26 219
3 21 26 212
3 220 221 219
3 214 222 213
3 224 223 222
3 223 213 222
3 223 215 213
3 215 225 216
3 215 223 225
3 216 226 217
3 216 225 226
3 217 227 218
3 217 226 227
3 227 28 24
3 227 24 218
3 30 220 26
3 229 228 32
3 32 228 30
3 228 221 30
3 221 220 30
3 229 230 228
3 223 224 231
3 231 224 232
3 223 233 225
3 223 231 233
3 225 234 226
3 225 233 234
3 226 235 227
3 226 234 235
3 236 33 28
3 227 236 28
3 235 236 227
3 236 35 33
3 37 229 32
3 37 39 229
3 39 230 229
3 39 237 230
3 231 232 238
3 238 232 239
3 231 240 233
3 231 238 240
3 233 241 234
3 233 240 241
3 234 242 235
3 234 241 242
3 235 243 236
3 235 242 243
3 243 41 35
3 243 35 236
3 44 245 244
3 237 44 244
3 39 44 237
3 245 246 244
3 239 247 238
3 238 247 240
3 240 247 248
3 250 249 248
3 249 240 248
3 249 241 240
3 241 251 242
3 241 249 251
3 242 252 243
3 242 251 252
3 253 45 41
3 243 253 41
3 252 253 243
3 253 47 45
3 49 245 44
3 49 51 245
3 51 246 245
3 51 254 246
3 250 255 249
3 249 255 251
3 251 255 256
3 258 257 256
3 257 251 256
3 257 252 251
3 252 259 253
3 252 257 259
3 260 52 47
3 253 260 47
3 259 260 253
3 260 54 52
3 56 262 261
3 254 56 261
3 51 56 254
3 262 263 261
3 257 258 264
3 264 258 265
3 257 266 259
3 257 264 266
3 259 267 260
3 259 266 267
3 268 57 54
3 260 268 54
3 267 268 260
3 268 59 57
3 60 269 262
3 60 262 56
3 263 262 270
3 270 262 269
3 265 271 264
3 273 272 271
3 272 264 271
3 272 266 264
3 266 274 267
3 266 272 274
3 267 275 268
3 267 274 275
3 275 62 59
3 275 59 268
3 63 276 269
3 63 269 60
3 270 269 277
3 269 278 277
3 269 276 278
3 278 279 277
3 272 273 280
3 280 273 281
3 272 282 274
3 272 280 282
3 274 283 275
3 274 282 283
3 283 65 62
3 283 62 275
3 66 276 63
3 276 66 68
3 284 276 68
3 278 276 284
3 279 278 285
3 285 278 284
3 281 286 280
3 288 287 286
3 287 280 286
3 287 282 280
3 282 289 283
3 282 287 289
3 289 70 65
3 289 65 283
3 72 284 68
3 291 290 74
3 74 290 72
3 290 285 72
3 285 284 72
3 291 292 290
3 287 288 293
3 293 288 294
3 287 295 289
3 287 293 295
3 295 76 70
3 295 70 289
3 79 296 291
3 79 291 74
3 292 291 297
3 297 291 296
3 293 294 298
3 298 294 299
3 293 300 295
3 293 298 300
3 301 80 76
3 295 301 76
3 300 301 295
3 301 82 80
3 84 302 296
3 84 296 79
3 297 296 303
3 303 296 302
3 299 304 298
3 306 305 304
3 305 298 304
3 305 300 298
3 300 307 301
3 300 305 307
3 308 85 82
3 301 308 82
3 307 308 301
3 308 87 85
3 88 309 302
3 88 302 84
3 303 302 310
3 302 311 310
3 302 309 311
3 311 312 310
3 315 314 313
3 317 316 313
3 313 316 315
3 319 318 317
3 317 318 316
3 318 319 306
3 319 305 306
3 319 320 305
3 305 321 307
3 305 320 321
3 307 322 308
3 307 321 322
3 323 89 87
3 308 323 87
3 322 323 308
3 92 309 88
3 90 89 323
3 309 92 93
3 324 309 93
3 311 309 324
3 312 311 325
3 325 311 324
3 328 327 326
3 328 326 314
3 326 313 314
3 326 329 313
3 313 330 317
3 313 329 330
3 317 331 319
3 317 330 331
3 319 332 320
3 319 331 332
3 320 333 321
3 320 332 333
3 321 334 322
3 321 333 334
3 322 335 323
3 322 334 335
3 335 95 90
3 335 90 323
3 96 336 324
3 96 324 93
3 325 324 337
3 324 338 337
3 324 336 338
3 338 339 337
3 327 340 326
3 342 341 340
3 341 326 340
3 341 329 326
3 329 343 330
3 329 341 343
3 330 344 331
3 330 343 344
3 331 345 332
3 331 344 345
3 332 346 333
3 332 345 346
3 333 347 334
3 333 346 347
3 334 348 335
3 334 347 348
3 349 97 95
3 335 349 95
3 348 349 335
3 336 96 97
3 349 336 97
3 350 336 349
3 336 351 338
3 336 350 351
3 339 338 352
3 352 338 351
3 341 342 353
3 353 342 354
3 341 355 343
3 341 353 355
3 343 356 344
3 343 355 356
3 358 345 357
3 345 356 357
3 345 344 356
3 360 359 358
3 359 345 358
3 359 346 345
3 346 361 347
3 346 359 361
3 347 362 348
3 347 361 362
3 348 363 349
3 348 362 363
3 349 364 350
3 349 363 364
3 350 365 351
3 350 364 365
3 352 351 366
3 366 351 365
3 353 354 367
3 367 354 368
3 353 369 355
3 353 367 369
3 371 356 370
3 356 369 370
3 356 355 369
3 356 371 357
3 359 360 372
3 372 360 373
3 359 374 361
3 359 372 374
3 361 375 362
3 361 374 375
3 362 376 363
3 362 375 376
3 378 364 377
3 364 376 377
3 364 363 376
3 364 378 365
3 365 378 379
3 365 379 366
3 368 380 367
3 367 380 369
3 369 380 381
3 369 381 370
3 373 382 372
3 372 382 374
3 374 382 383
3 374 383 375
3 375 383 384
3 375 384 376
3 376 384 385
3 376 385 377
3 388 387 386
3 386 389 388
3 386 387 100
3 387 99 100
3 387 390 99
3 391 389 386
3 100 391 386
3 101 391 100
3 392 101 103
3 392 391 101
3 103 105 392
3 392 105 393
3 395 394 108
3 108 394 107
3 108 99 390
3 108 390 395
3 396 393 105
3 396 105 112
3 112 114 396
3 396 114 397
3 398 116 117
3 398 117 399
3 117 400 399
3 117 118 400
3 118 107 394
3 118 394 400
3 124 401 125
3 397 114 402
3 114 401 402
3 401 403 402
3 114 125 401
3 403 404 402
3 406 405 128
3 128 405 127
3 128 116 398
3 407 128 398
3 406 128 407
3 407 398 399
3 133 408 134
3 409 135 134
3 409 134 408
3 401 124 135
3 409 401 135
3 410 401 409
3 401 411 403
3 401 410 411
3 404 403 412
3 403 413 412
3 403 411 413
3 415 414 413
3 413 414 412
3 415 416 414
3 418 417 138
3 138 417 137
3 419 138 139
3 419 418 138
3 405 420 127
3 405 141 420
3 141 405 421
3 419 421 405
3 421 419 142
3 420 142 419
3 419 139 420
3 420 139 127
3 141 142 420
3 422 143 141
3 422 141 421
3 423 144 143
3 423 143 422
3 424 145 144
3 424 144 423
3 425 146 145
3 425 145 424
3 408 133 146
3 425 408 146
3 426 408 425
3 408 427 409
3 408 426 427
3 427 148 149
3 410 427 149
3 409 427 410
3 410 149 150
3 410 150 411
3 411 150 152
3 411 152 413
3 413 152 154
3 413 154 415
3 429 428 156
3 156 428 154
3 428 416 154
3 416 415 154
3 429 430 428
3 157 137 431
3 137 432 431
3 137 417 432
3 433 158 157
3 433 157 431
3 421 142 158
3 433 421 158
3 434 421 433
3 421 435 422
3 421 434 435
3 422 436 423
3 422 435 436
3 423 437 424
3 423 436 437
3 424 438 425
3 424 437 438
3 425 439 426
3 425 438 439
3 426 440 427
3 426 439 440
3 440 160 148
3 440 148 427
3 164 429 156
3 164 166 429
3 166 430 429
3 166 441 430
3 432 442 431
3 431 442 433
3 433 442 443
3 445 444 443
3 444 433 443
3 444 434 433
3 434 446 435
3 434 444 446
3 435 447 436
3 435 446 447
3 436 448 437
3 436 447 448
3 437 449 438
3 437 448 449
3 438 450 439
3 438 449 450
3 439 451 440
3 439 450 451
3 452 167 160
3 440 452 160
3 451 452 440
3 452 169 167
3 173 454 453
3 441 173 453
3 166 173 441
3 454 455 453
3 444 445 456
3 456 445 457
3 444 458 446
3 444 456 458
3 446 459 447
3 446 458 459
3 447 460 448
3 447 459 460
3 448 461 449
3 448 460 461
3 463 450 462
3 450 461 462
3 450 449 461
3 450 463 451
3 451 463 464
3 451 464 452
3 452 464 465
3 465 467 466
3 465 466 174
3 452 465 174
3 169 452 174
3 466 176 174
3 179 454 173
3 469 468 181
3 181 468 179
3 468 455 179
3 455 454 179
3 469 470 468
3 457 471 456
3 473 472 471
3 472 456 471
3 472 458 456
3 458 474 459
3 458 472 474
3 459 475 460
3 459 474 475
3 460 476 461
3 460 475 476
3 462 461 477
3 461 478 477
3 461 476 478
3 478 479 477
3 466 467 480
3 480 467 481
3 480 183 176
3 480 176 466
3 187 482 469
3 187 469 181
3 470 469 483
3 483 469 482
3 473 484 472
3 486 485 484
3 485 472 484
3 485 474 472
3 474 487 475
3 474 485 487
3 475 488 476
3 475 487 488
3 476 489 478
3 476 488 489
3 479 478 490
3 478 491 490
3 478 489 491
3 493 492 491
3 491 492 490
3 492 493 481
3 493 480 481
3 493 494 480
3 494 189 183
3 494 183 480
3 191 482 187
3 191 193 482
3 193 483 482
3 193 495 483
3 486 496 485
3 498 497 496
3 497 485 496
3 497 487 485
3 487 499 488
3 487 497 499
3 488 500 489
3 488 499 500
3 489 501 491
3 489 500 501
3 491 502 493
3 491 501 502
3 493 503 494
3 493 502 503
3 503 195 189
3 503 189 494
3 198 505 504
3 495 198 504
3 193 198 495
3 505 506 504
3 498 507 497
3 509 508 507
3 508 497 507
3 508 499 497
3 499 510 500
3 499 508 510
3 500 511 501
3 500 510 511
3 501 512 502
3 501 511 512
3 502 513 503
3 502 512 513
3 513 200 195
3 513 195 503
3 203 505 198
3 203 205 505
3 205 506 505
3 205 514 506
3 508 509 515
3 515 509 516
3 508 517 510
3 508 515 517
3 510 518 511
3 510 517 518
3 511 519 512
3 511 518 519
3 519 207 208
3 513 519 208
3 512 519 513
3 513 208 200
3 212 521 520
3 514 212 520
3 205 212 514
3 521 522 520
3 516 523 515
3 525 524 523
3 524 515 523
3 524 517 515
3 517 526 518
3 517 524 526
3 518 527 519
3 518 526 527
3 527 214 207
3 527 207 519
3 219 521 212
3 219 221 521
3 221 522 521
3 221 528 522
3 525 529 524
3 531 530 529
3 530 524 529
3 530 526 524
3 526 532 527
3 526 530 532
3 533 222 214
3 527 533 214
3 532 533 527
3 533 224 222
3 534 528 221
3 534 221 228
3 228 230 534
3 534 230 535
3 530 531 536
3 536 531 537
3 530 538 532
3 530 536 538
3 532 539 533
3 532 538 539
3 539 232 224
3 539 224 533
3 237 535 230
3 237 540 535
3 536 537 541
3 541 537 542
3 536 543 538
3 536 541 543
3 538 544 539
3 538 543 544
3 544 239 232
3 544 232 539
3 545 540 237
3 545 237 244
3 244 246 545
3 545 246 546
3 542 547 541
3 541 547 543
3 543 547 548
3 550 549 548
3 549 543 548
3 549 544 543
3 551 247 239
3 544 551 239
3 549 551 544
3 552 248 247
3 552 247 551
3 552 250 248
3 254 554 553
3 546 254 553
3 246 254 546
3 554 555 553
3 550 556 549
3 558 557 556
3 557 549 556
3 557 551 549
3 551 559 552
3 551 557 559
3 560 255 250
3 552 560 250
3 559 560 552
3 561 256 255
3 561 255 560
3 561 258 256
3 261 554 254
3 261 263 554
3 263 555 554
3 263 562 555
3 558 563 557
3 565 564 563
3 564 557 563
3 564 559 557
3 559 566 560
3 559 564 566
3 560 567 561
3 560 566 567
3 567 265 258
3 567 258 561
3 270 569 568
3 562 270 568
3 263 270 562
3 569 570 568
3 565 571 564
3 573 572 571
3 572 564 571
3 572 566 564
3 566 574 567
3 566 572 574
3 575 271 265
3 567 575 265
3 574 575 567
3 575 273 271
3 277 569 270
3 277 279 569
3 279 570 569
3 279 576 570
3 572 573 577
3 577 573 578
3 572 579 574
3 572 577 579
3 574 580 575
3 574 579 580
3 580 281 273
3 580 273 575
3 285 576 279
3 285 581 576
3 577 578 582
3 582 578 583
3 577 584 579
3 577 582 584
3 579 585 580
3 579 584 585
3 586 286 281
3 580 586 281
3 585 586 580
3 586 288 286
3 587 581 285
3 587 285 290
3 290 292 587
3 587 292 588
3 582 583 589
3 589 583 590
3 582 591 584
3 582 589 591
3 584 592 585
3 584 591 592
3 585 593 586
3 585 592 593
3 593 294 288
3 593 288 586
3 297 595 594
3 588 297 594
3 292 297 588
3 595 596 594
3 589 590 597
3 597 590 598
3 589 599 591
3 589 597 599
3 591 600 592
3 591 599 600
3 592 601 593
3 592 600 601
3 601 299 294
3 601 294 593
3 303 602 595
3 303 595 297
3 596 595 603
3 603 595 602
3 597 598 604
3 604 598 605
3 597 606 599
3 597 604 606
3 599 607 600
3 599 606 607
3 600 608 601
3 600 607 608
3 609 304 299
3 601 609 299
3 608 609 601
3 609 306 304
3 310 602 303
3 310 312 602
3 312 603 602
3 312 610 603
3 604 605 611
3 611 605 612
3 604 613 606
3 604 611 613
3 613 314 315
3 607 613 315
3 606 613 607
3 607 315 316
3 607 316 608
3 608 316 318
3 608 318 609
3 609 318 306
3 325 615 614
3 610 325 614
3 312 325 610
3 615 616 614
3 611 612 617
3 617 612 618
3 617 327 328
3 613 617 328
3 611 617 613
3 613 328 314
3 337 615 325
3 337 339 615
3 339 616 615
3 339 619 616
3 617 618 620
3 620 618 621
3 622 340 327
3 617 622 327
3 620 622 617
3 622 342 340
3 352 619 339
3 352 623 619
3 621 624 620
3 626 625 624
3 625 620 624
3 625 622 620
3 625 354 342
3 625 342 622
3 357 627 358
3 627 360 358
3 366 629 628
3 623 366 628
3 352 366 623
3 629 630 628
3 625 626 631
3 631 626 632
3 631 368 354
3 631 354 625
3 370 633 371
3 627 357 371
3 633 627 371
3 634 627 633
3 634 373 360
3 634 360 627
3 637 636 635
3 639 638 635
3 639 635 636
3 378 377 638
3 639 378 638
3 640 378 639
3 378 641 379
3 640 641 378
3 366 379 629
3 379 642 629
3 379 641 642
3 629 642 630
3 631 632 643
3 643 632 644
3 645 380 368
3 631 645 368
3 643 645 631
3 380 645 646
3 647 380 646
3 381 380 647
3 370 381 633
3 381 648 633
3 381 647 648
3 633 648 634
3 634 648 649
3 634 649 373
3 649 382 373
3 649 650 382
3 382 651 383
3 650 651 382
3 635 384 637
3 384 651 637
3 384 383 651
3 384 635 385
3 385 635 638
3 385 638 377
3 644 652 643
3 643 652 645
3 645 652 653
3 645 653 646
3 655 654 388
3 388 654 387
3 657 656 389
3 656 388 389
3 656 655 388
3 657 658 656
3 654 390 387
3 659 390 654
3 391 657 389
3 660 658 657
3 391 660 657
3 392 660 391
3 662 661 393
3 661 392 393
3 661 660 392
3 662 663 661
3 665 664 395
3 395 664 394
3 395 390 659
3 395 659 665
3 396 662 393
3 667 666 397
3 397 666 396
3 666 663 396
3 663 662 396
3 667 668 666
3 671 670 669
3 399 400 669
3 400 671 669
3 400 672 671
3 400 394 664
3 400 664 672
3 402 667 397
3 674 673 404
3 404 673 402
3 673 668 402
3 668 667 402
3 676 675 674
3 674 675 673
3 676 677 675
3 679 678 406
3 406 678 405
3 407 669 670
3 679 407 670
3 406 407 679
3 669 407 399
3 412 674 404
3 674 412 414
3 674 414 676
3 681 680 416
3 416 680 414
3 680 677 414
3 677 676 414
3 681 682 680
3 684 683 418
3 418 683 417
3 685 418 419
3 685 684 418
3 419 405 678
3 419 678 685
3 428 681 416
3 428 430 681
3 430 682 681
3 430 686 682
3 683 432 417
3 687 432 683
3 441 689 688
3 686 441 688
3 430 441 686
3 689 690 688
3 687 691 432
3 432 691 442
3 691 693 692
3 443 691 692
3 442 691 443
3 692 445 443
3 453 689 441
3 453 455 689
3 455 690 689
3 455 694 690
3 693 695 692
3 445 692 695
3 696 445 695
3 457 445 696
3 462 697 463
3 698 464 463
3 698 463 697
3 699 465 464
3 699 464 698
3 699 467 465
3 700 694 455
3 700 455 468
3 468 470 700
3 700 470 701
3 696 702 457
3 457 702 471
3 473 471 702
3 473 702 703
3 477 697 462
3 697 477 479
3 704 697 479
3 698 697 704
3 698 705 699
3 698 704 705
3 705 481 467
3 705 467 699
3 483 701 470
3 483 706 701
3 484 473 707
3 473 708 707
3 473 703 708
3 707 486 484
3 490 704 479
3 704 490 492
3 704 492 705
3 705 492 481
3 495 706 483
3 495 709 706
3 708 710 707
3 710 712 711
3 710 711 496
3 707 710 496
3 486 707 496
3 711 498 496
3 713 709 495
3 713 495 504
3 504 506 713
3 713 506 714
3 711 712 715
3 715 712 716
3 717 507 498
3 711 717 498
3 715 717 711
3 717 509 507
3 514 714 506
3 514 718 714
3 716 719 715
3 721 720 719
3 720 715 719
3 720 717 715
3 720 516 509
3 720 509 717
3 514 520 722
3 723 514 722
3 718 514 723
3 522 722 520
3 721 724 720
3 724 726 725
3 724 725 523
3 720 724 523
3 516 720 523
3 725 525 523
3 727 723 722
3 722 522 727
3 522 728 727
3 522 528 728
3 726 729 725
3 729 731 730
3 729 730 529
3 725 729 529
3 525 725 529
3 730 531 529
3 734 733 732
3 735 732 733
3 736 728 528
3 736 528 534
3 534 535 736
3 736 535 737
3 731 738 730
3 531 730 738
3 739 531 738
3 537 531 739
3 740 734 732
3 740 732 735
3 540 737 535
3 540 741 737
3 739 542 537
3 742 542 739
3 743 741 540
3 743 540 545
3 545 546 743
3 743 546 744
3 742 745 542
3 542 745 547
3 745 747 746
3 548 745 746
3 547 745 548
3 746 550 548
3 748 744 546
3 748 546 553
3 553 555 748
3 748 555 749
3 746 747 750
3 750 747 751
3 752 556 550
3 746 752 550
3 750 752 746
3 752 558 556
3 562 749 555
3 562 753 749
3 751 754 750
3 756 755 754
3 755 750 754
3 755 752 750
3 757 563 558
3 752 757 558
3 755 757 752
3 757 565 563
3 562 568 758
3 759 562 758
3 753 562 759
3 570 758 568
3 755 756 760
3 760 756 761
3 755 762 757
3 755 760 762
3 763 571 565
3 757 763 565
3 762 763 757
3 763 573 571
3 764 759 758
3 758 570 764
3 570 765 764
3 570 576 765
3 761 766 760
3 768 767 766
3 767 760 766
3 767 762 760
3 762 769 763
3 762 767 769
3 769 578 573
3 769 573 763
3 581 765 576
3 581 770 765
3 767 768 771
3 771 768 772
3 767 773 769
3 767 771 773
3 773 583 578
3 773 578 769
3 774 770 581
3 774 581 587
3 587 588 774
3 774 588 775
3 771 772 776
3 776 772 777
3 771 778 773
3 771 776 778
3 778 590 583
3 778 583 773
3 779 775 588
3 779 588 594
3 594 596 779
3 779 596 780
3 777 781 776
3 783 782 781
3 782 776 781
3 782 778 776
3 782 598 590
3 782 590 778
3 786 785 784
3 787 784 785
3 603 780 596
3 603 788 780
3 782 783 789
3 789 783 790
3 789 605 598
3 789 598 782
3 786 784 791
3 786 791 792
3 784 787 793
3 794 784 793
3 791 784 794
3 795 794 793
3 610 788 603
3 610 796 788
3 789 790 797
3 797 790 798
3 797 612 605
3 797 605 789
3 799 792 791
3 799 791 794
3 799 794 800
3 800 794 795
3 801 796 610
3 801 610 614
3 614 616 801
3 801 616 802
3 797 798 803
3 803 798 804
3 803 618 612
3 803 612 797
3 619 802 616
3 619 805 802
3 804 806 803
3 618 803 806
3 807 618 806
3 621 618 807
3 623 809 808
3 805 623 808
3 619 623 805
3 809 810 808
3 624 621 811
3 621 812 811
3 621 807 812
3 811 626 624
3 628 809 623
3 628 630 809
3 630 810 809
3 630 813 810
3 811 812 814
3 814 812 815
3 814 632 626
3 814 626 811
3 637 816 636
3 817 639 636
3 817 636 816
3 818 640 639
3 818 639 817
3 819 641 640
3 819 640 818
3 820 642 641
3 820 641 819
3 820 821 642
3 821 630 642
3 821 813 630
3 814 815 822
3 822 815 823
3 822 644 632
3 822 632 814
3 646 824 647
3 825 648 647
3 825 647 824
3 648 825 826
3 827 648 826
3 649 648 827
3 649 828 650
3 827 828 649
3 650 829 651
3 828 829 650
3 637 651 816
3 651 830 816
3 651 829 830
3 816 830 817
3 817 830 831
3 817 831 818
3 818 831 832
3 818 832 819
3 819 832 833
3 819 833 820
3 820 833 834
3 820 834 821
3 822 823 835
3 835 823 836
3 822 835 644
3 835 837 644
3 837 652 644
3 835 838 837
3 652 839 653
3 837 839 652
3 646 653 824
3 653 840 824
3 653 839 840
3 824 840 825
3 825 840 841
3 825 841 826
3 836 842 835
3 835 842 838
3 844 843 655
3 655 843 654
3 845 655 656
3 845 844 655
3 847 846 658
3 846 656 658
3 846 845 656
3 847 848 846
3 843 659 654
3 849 659 843
3 660 847 658
3 850 848 847
3 660 850 847
3 661 850 660
3 661 663 850
3 850 663 851
3 853 852 665
3 665 852 664
3 665 659 849
3 665 849 853
3 854 851 663
3 854 663 666
3 666 668 854
3 854 668 855
3 856 670 671
3 856 671 857
3 671 858 857
3 671 672 858
3 672 664 852
3 672 852 858
3 859 855 668
3 859 668 673
3 860 673 675
3 860 859 673
3 675 677 860
3 860 677 861
3 863 862 679
3 679 862 678
3 679 670 856
3 864 679 856
3 863 679 864
3 864 856 857
3 865 861 677
3 865 677 680
3 680 682 865
3 865 682 866
3 868 867 684
3 684 867 683
3 869 684 685
3 869 868 684
3 685 678 862
3 685 862 869
3 686 866 682
3 686 870 866
3 873 872 871
3 875 874 871
3 871 874 873
3 867 874 875
3 687 867 875
3 683 867 687
3 876 870 686
3 876 686 688
3 688 690 876
3 876 690 877
3 872 878 871
3 871 878 875
3 875 878 879
3 879 881 880
3 879 880 691
3 875 879 691
3 687 875 691
3 880 693 691
3 694 883 882
3 877 694 882
3 690 694 877
3 883 884 882
3 881 885 880
3 880 885 693
3 885 695 693
3 885 886 695
3 696 695 886
3 696 886 887
3 700 883 694
3 700 701 883
3 701 884 883
3 701 888 884
3 702 696 889
3 696 890 889
3 696 887 890
3 889 703 702
3 706 888 701
3 706 891 888
3 890 892 889
3 703 889 892
3 893 703 892
3 708 703 893
3 709 895 894
3 891 709 894
3 706 709 891
3 895 896 894
3 710 708 897
3 708 898 897
3 708 893 898
3 897 712 710
3 895 709 713
3 901 900 899
3 900 901 714
3 901 896 714
3 895 713 714
3 895 714 896
3 898 902 897
3 712 897 902
3 903 712 902
3 716 712 903
3 906 905 904
3 907 904 905
3 899 900 908
3 899 908 909
3 718 908 714
3 714 908 900
3 903 910 716
3 716 910 719
3 721 719 910
3 721 910 911
3 914 913 912
3 912 913 906
3 904 912 906
3 915 912 904
3 904 907 916
3 904 916 915
3 909 908 917
3 909 917 918
3 723 917 718
3 718 917 908
3 911 919 721
3 721 919 724
3 726 724 919
3 726 919 920
3 914 912 921
3 914 921 922
3 923 912 915
3 921 912 923
3 915 916 924
3 925 915 924
3 923 915 925
3 926 925 924
3 927 918 917
3 929 927 928
3 928 927 727
3 927 917 727
3 917 723 727
3 728 928 727
3 920 930 726
3 726 930 729
3 731 729 930
3 731 930 931
3 922 921 932
3 922 932 933
3 934 921 923
3 932 921 934
3 734 934 733
3 934 925 733
3 934 923 925
3 936 935 735
3 936 735 733
3 926 936 733
3 925 926 733
3 937 935 936
3 938 929 928
3 940 938 939
3 939 938 736
3 938 928 736
3 928 728 736
3 737 939 736
3 931 941 731
3 731 941 738
3 739 738 941
3 739 941 942
3 933 932 943
3 933 943 944
3 945 932 934
3 943 932 945
3 740 946 734
3 946 934 734
3 946 945 934
3 735 935 740
3 935 946 740
3 935 947 946
3 935 937 948
3 935 948 947
3 949 940 939
3 939 737 949
3 737 950 949
3 737 741 950
3 942 742 739
3 951 742 942
3 952 944 943
3 954 953 952
3 943 954 952
3 945 954 943
3 955 945 946
3 954 945 955
3 956 946 947
3 955 946 956
3 947 948 957
3 958 947 957
3 956 947 958
3 959 958 957
3 960 950 741
3 960 741 743
3 743 744 960
3 960 744 961
3 951 962 742
3 742 962 745
3 747 745 962
3 747 962 963
3 953 954 964
3 953 964 965
3 966 954 955
3 964 954 966
3 967 955 956
3 966 955 967
3 968 956 958
3 967 956 968
3 958 959 969
3 958 969 968
3 744 748 970
3 971 744 970
3 961 744 971
3 749 970 748
3 963 751 747
3 972 751 963
3 973 965 964
3 975 974 973
3 964 975 973
3 966 975 964
3 976 966 967
3 975 966 976
3 977 967 968
3 976 967 977
3 968 969 978
3 979 968 978
3 977 968 979
3 980 979 978
3 981 971 970
3 970 749 981
3 749 982 981
3 749 753 982
3 972 983 751
3 751 983 754
3 756 754 983
3 756 983 984
3 985 974 975
3 987 986 985
3 975 987 985
3 976 987 975
3 988 976 977
3 987 976 988
3 989 977 979
3 988 977 989
3 979 980 990
3 991 979 990
3 989 979 991
3 992 991 990
3 759 982 753
3 759 993 982
3 984 761 756
3 994 761 984
3 986 987 995
3 986 995 996
3 997 987 988
3 995 987 997
3 998 988 989
3 997 988 998
3 999 989 991
3 998 989 999
3 991 992 1000
3 991 1000 999
3 1001 993 759
3 1001 759 764
3 764 765 1001
3 1001 765 1002
3 994 1003 761
3 761 1003 766
3 768 766 1003
3 768 1003 1004
3 996 995 1005
3 996 1005 1006
3 1007 995 997
3 1005 995 1007
3 1008 997 998
3 1007 997 1008
3 1009 998 999
3 1008 998 1009
3 999 1000 1010
3 1011 999 1010
3 1009 999 1011
3 1012 1011 1010
3 770 1014 1013
3 1002 770 1013
3 765 770 1002
3 1014 1015 1013
3 1004 772 768
3 1016 772 1004
3 1017 1006 1005
3 1019 1018 1017
3 1005 1019 1017
3 1007 1019 1005
3 1020 1007 1008
3 1019 1007 1020
3 1021 1008 1009
3 1020 1008 1021
3 1022 1009 1011
3 1021 1009 1022
3 1011 1012 1023
3 1011 1023 1022
3 774 1014 770
3 774 775 1014
3 775 1015 1014
3 775 1024 1015
3 1016 777 772
3 1025 777 1016
3 1018 1019 1026
3 1018 1026 1027
3 1028 1019 1020
3 1026 1019 1028
3 1029 1020 1021
3 1028 1020 1029
3 1030 1021 1022
3 1029 1021 1030
3 1022 1023 1031
3 1022 1031 1030
3 1034 1033 1032
3 1035 1032 779
3 1032 1024 779
3 1024 775 779
3 1024 1032 1033
3 780 1035 779
3 1025 1036 777
3 777 1036 781
3 783 781 1036
3 783 1036 1037
3 1038 1027 1026
3 1040 1039 1038
3 1026 1040 1038
3 1028 1040 1026
3 1041 1028 1029
3 1040 1028 1041
3 786 1041 785
3 1041 1030 785
3 1041 1029 1030
3 1043 1042 787
3 1043 787 785
3 1031 1043 785
3 1030 1031 785
3 1044 1042 1043
3 1034 1032 1045
3 1034 1045 1046
3 1047 1032 1035
3 1045 1032 1047
3 788 1047 780
3 780 1047 1035
3 1037 790 783
3 1048 790 1037
3 1039 1040 1049
3 1039 1049 1050
3 1051 1040 1041
3 1049 1040 1051
3 792 1051 786
3 786 1051 1041
3 1042 793 787
3 795 793 1042
3 1044 795 1042
3 1052 795 1044
3 1053 1046 1045
3 1055 1054 1053
3 1045 1055 1053
3 1047 1055 1045
3 796 1055 788
3 788 1055 1047
3 1048 798 790
3 1056 798 1048
3 1050 1049 1057
3 1050 1057 1058
3 1059 1049 1051
3 1057 1049 1059
3 799 1060 792
3 1060 1051 792
3 1060 1059 1051
3 800 1061 799
3 799 1061 1060
3 1062 1061 800
3 795 1062 800
3 1052 1062 795
3 1054 1055 1063
3 1054 1063 1064
3 801 1065 796
3 1065 1055 796
3 1065 1063 1055
3 802 1065 801
3 1067 804 1066
3 804 1056 1066
3 804 798 1056
3 1068 1067 1066
3 1058 1057 1069
3 1058 1069 1070
3 1071 1057 1059
3 1069 1057 1071
3 1072 1059 1060
3 1071 1059 1072
3 1073 1060 1061
3 1072 1060 1073
3 1061 1062 1074
3 1075 1061 1074
3 1073 1061 1075
3 1076 1075 1074
3 1077 1064 1063
3 1079 1078 1077
3 1063 1079 1077
3 1065 1079 1063
3 805 1079 802
3 802 1079 1065
3 1067 806 804
3 807 806 1067
3 1068 807 1067
3 1080 807 1068
3 1070 1069 1081
3 1070 1081 1082
3 1083 1069 1071
3 1081 1069 1083
3 1084 1071 1072
3 1083 1071 1084
3 1085 1072 1073
3 1084 1072 1085
3 1086 1073 1075
3 1085 1073 1086
3 1075 1076 1087
3 1075 1087 1086
3 1088 1078 1079
3 1090 1088 1089
3 1089 1088 808
3 1088 1079 808
3 1079 805 808
3 810 1089 808
3 1080 812 807
3 1091 812 1080
3 1082 1081 1092
3 1082 1092 1093
3 1094 1081 1083
3 1092 1081 1094
3 1095 1083 1084
3 1094 1083 1095
3 1096 1084 1085
3 1095 1084 1096
3 1097 1085 1086
3 1096 1085 1097
3 1086 1087 1098
3 1099 1086 1098
3 1097 1086 1099
3 1100 1099 1098
3 1090 1089 1101
3 1090 1101 1102
3 813 1101 810
3 810 1101 1089
3 1091 815 812
3 1103 815 1091
3 1093 1092 1104
3 1093 1104 1105
3 1106 1092 1094
3 1104 1092 1106
3 1107 1094 1095
3 1106 1094 1107
3 1108 1095 1096
3 1107 1095 1108
3 1109 1096 1097
3 1108 1096 1109
3 1110 1097 1099
3 1109 1097 1110
3 1099 1100 1111
3 1099 1111 1110
3 1112 1102 1101
3 1101 813 1112
3 813 1113 1112
3 813 821 1113
3 1103 823 815
3 1114 823 1103
3 1105 1104 1115
3 1105 1115 1116
3 1117 1104 1106
3 1115 1104 1117
3 826 1117 827
3 1117 1107 827
3 1117 1106 1107
3 827 1107 828
3 828 1107 1108
3 828 1108 829
3 829 1108 1109
3 829 1109 830
3 830 1109 1110
3 1111 1118 1110
3 1118 830 1110
3 1118 831 830
3 831 1119 832
3 1118 1119 831
3 832 1120 833
3 1119 1120 832
3 833 1121 834
3 1120 1121 833
3 821 834 1113
3 1113 834 1121
3 1114 836 823
3 1122 836 1114
3 838 1123 837
3 1124 839 837
3 1124 837 1123
3 1125 1116 1115
3 839 1125 1115
3 840 839 1115
3 1125 839 1124
3 840 1115 841
3 841 1115 1117
3 841 1117 826
3 1122 1126 836
3 836 1126 842
3 838 842 1123
3 842 1127 1123
3 842 1126 1127
3 1123 1127 1124
3 1124 1127 1128
3 1124 1128 1125
3 1129 843 844
3 1129 844 1130
3 844 1131 1130
3 844 845 1131
3 1132 845 846
3 1132 1131 845
3 846 848 1132
3 1132 848 1133
3 1135 1134 1129
3 1134 843 1129
3 1134 849 843
3 1135 1129 1130
3 848 850 1136
3 1137 848 1136
3 1133 848 1137
3 851 1136 850
3 1139 1138 853
3 853 1138 852
3 853 849 1134
3 853 1134 1139
3 1140 1137 1136
3 1142 1140 1141
3 1141 1140 854
3 1140 1136 854
3 1136 851 854
3 855 1141 854
3 1143 857 858
3 852 1138 1144
3 1143 852 1144
3 1145 1143 1144
3 858 852 1143
3 1146 1145 1144
3 1147 1142 1141
3 1147 1141 855
3 859 1147 855
3 1148 1147 859
3 1150 1148 1149
3 1148 860 1149
3 1148 859 860
3 861 1149 860
3 1151 862 863
3 864 1152 863
3 863 1152 1151
3 857 1143 864
3 1143 1152 864
3 1143 1153 1152
3 1154 1143 1145
3 1153 1143 1154
3 1145 1146 1155
3 1145 1155 1154
3 1156 1150 1149
3 1158 1156 1157
3 1157 1156 865
3 1156 1149 865
3 1149 861 865
3 866 1157 865
3 1160 1159 868
3 868 1159 867
3 1161 868 869
3 1161 1160 868
3 1161 869 862
3 1162 1161 862
3 1151 1162 862
3 1161 1162 1163
3 1164 1151 1152
3 1162 1151 1164
3 1165 1152 1153
3 1164 1152 1165
3 1166 1153 1154
3 1165 1153 1166
3 1154 1155 1167
3 1154 1167 1166
3 1168 1158 1157
3 1157 866 1168
3 866 1169 1168
3 866 870 1169
3 1170 872 873
3 1170 873 1171
3 873 1172 1171
3 873 874 1172
3 874 867 1159
3 874 1159 1172
3 1173 1163 1162
3 1175 1174 1173
3 1162 1175 1173
3 1164 1175 1162
3 1176 1164 1165
3 1175 1164 1176
3 1177 1165 1166
3 1176 1165 1177
3 1166 1167 1178
3 1179 1166 1178
3 1177 1166 1179
3 1181 1180 1179
3 1181 1179 1178
3 1182 1180 1181
3 1183 1169 870
3 1183 870 876
3 876 877 1183
3 1183 877 1184
3 1170 878 872
3 1171 1185 1170
3 1185 878 1170
3 1185 879 878
3 881 879 1185
3 881 1185 1186
3 1189 1188 1187
3 1190 1187 1188
3 1191 1174 1175
3 1193 1192 1191
3 1175 1193 1191
3 1176 1193 1175
3 1194 1176 1177
3 1193 1176 1194
3 1195 1177 1179
3 1194 1177 1195
3 1196 1179 1180
3 1195 1179 1196
3 1180 1182 1197
3 1198 1180 1197
3 1196 1180 1198
3 1200 1199 1198
3 1200 1198 1197
3 1201 1199 1200
3 877 882 1202
3 1203 877 1202
3 1184 877 1203
3 884 1202 882
3 1186 1204 881
3 881 1204 885
3 1187 886 1189
3 886 1204 1189
3 886 885 1204
3 887 886 1187
3 1190 887 1187
3 1205 887 1190
3 1206 1192 1193
3 1208 1207 1206
3 1193 1208 1206
3 1194 1208 1193
3 1209 1194 1195
3 1208 1194 1209
3 1210 1195 1196
3 1209 1195 1210
3 1211 1196 1198
3 1210 1196 1211
3 1212 1198 1199
3 1211 1198 1212
3 1199 1201 1213
3 1214 1199 1213
3 1212 1199 1214
3 1215 1214 1213
3 1216 1203 1202
3 1202 884 1216
3 884 1217 1216
3 884 888 1217
3 1205 890 887
3 1218 890 1205
3 1219 1207 1208
3 1221 1220 1219
3 1208 1221 1219
3 1209 1221 1208
3 1222 1209 1210
3 1221 1209 1222
3 1223 1210 1211
3 1222 1210 1223
3 1224 1211 1212
3 1223 1211 1224
3 1225 1212 1214
3 1224 1212 1225
3 1214 1215 1226
3 1227 1214 1226
3 1225 1214 1227
3 1228 1227 1226
3 891 1217 888
3 891 1229 1217
3 1218 1230 890
3 890 1230 892
3 893 892 1230
3 893 1230 1231
3 1220 1221 1232
3 1220 1232 1233
3 1234 1221 1222
3 1232 1221 1234
3 1235 1222 1223
3 1234 1222 1235
3 1236 1223 1224
3 1235 1223 1236
3 1237 1224 1225
3 1236 1224 1237
3 1238 1225 1227
3 1237 1225 1238
3 1227 1228 1239
3 1227 1239 1238
3 891 894 1240
3 1241 891 1240
3 1229 891 1241
3 896 1240 894
3 1243 898 1242
3 898 1231 1242
3 898 893 1231
3 1244 1243 1242
3 1245 1233 1232
3 1247 1246 1245
3 1232 1247 1245
3 1234 1247 1232
3 1248 1234 1235
3 1247 1234 1248
3 1249 1235 1236
3 1248 1235 1249
3 1250 1236 1237
3 1249 1236 1250
3 1251 1237 1238
3 1250 1237 1251
3 1238 1239 1252
3 1238 1252 1251
3 1241 1240 901
3 899 1241 901
3 1253 1241 899
3 901 1240 896
3 1243 902 898
3 903 902 1243
3 1244 903 1243
3 1254 903 1244
3 1255 1246 1247
3 1257 1256 1255
3 1247 1257 1255
3 1248 1257 1247
3 1258 1248 1249
3 1257 1248 1258
3 1259 1249 1250
3 1258 1249 1259
3 1260 1250 1251
3 1259 1250 1260
3 1261 905 906
3 1251 1261 906
3 1260 1251 906
3 1261 1251 1252
3 907 905 1261
3 907 1261 1262
3 1265 1264 1263
3 1264 1253 1263
3 1253 909 1263
3 1253 899 909
3 1254 1266 903
3 903 1266 910
3 911 910 1266
3 911 1266 1267
3 1268 1256 1257
3 1270 1269 1268
3 1257 1270 1268
3 1258 1270 1257
3 1271 1258 1259
3 1270 1258 1271
3 914 1271 913
3 1271 1260 913
3 1271 1259 1260
3 913 1260 906
3 1262 916 907
3 1272 916 1262
3 1265 1263 1273
3 1265 1273 1274
3 918 1273 909
3 909 1273 1263
3 1267 1275 911
3 911 1275 919
3 920 919 1275
3 920 1275 1276
3 1269 1270 1277
3 1269 1277 1278
3 1279 1270 1271
3 1277 1270 1279
3 922 1279 914
3 914 1279 1271
3 1272 1280 916
3 916 1280 924
3 926 924 1280
3 926 1280 1281
3 1282 1274 1273
3 1284 1282 1283
3 1283 1282 927
3 1282 1273 927
3 1273 918 927
3 929 1283 927
3 1276 1285 920
3 920 1285 930
3 931 930 1285
3 931 1285 1286
3 1287 1278 1277
3 1289 1288 1287
3 1277 1289 1287
3 1279 1289 1277
3 933 1289 922
3 922 1289 1279
3 936 926 1290
3 926 1291 1290
3 926 1281 1291
3 1290 937 936
3 1292 1284 1283
3 1294 1292 1293
3 1293 1292 938
3 1292 1283 938
3 1283 929 938
3 940 1293 938
3 1286 1295 931
3 931 1295 941
3 942 941 1295
3 942 1295 1296
3 1297 1288 1289
3 1289 933 1297
3 933 1298 1297
3 933 944 1298
3 1291 1299 1290
3 937 1290 1299
3 1300 937 1299
3 948 937 1300
3 1301 1294 1293
3 1303 1301 1302
3 1302 1301 949
3 1301 1293 949
3 1293 940 949
3 950 1302 949
3 1296 951 942
3 1304 951 1296
3 944 952 1305
3 1306 944 1305
3 1298 944 1306
3 953 1305 952
3 957 948 1307
3 948 1308 1307
3 948 1300 1308
3 1307 959 957
3 1309 1303 1302
3 1309 1302 950
3 960 1309 950
3 1310 1309 960
3 960 961 1310
3 1310 961 1311
3 1304 1312 951
3 951 1312 962
3 963 962 1312
3 963 1312 1313
3 1314 1306 1305
3 1305 953 1314
3 953 1315 1314
3 953 965 1315
3 1308 1316 1307
3 959 1307 1316
3 1317 959 1316
3 969 959 1317
3 971 1311 961
3 971 1318 1311
3 1313 972 963
3 1319 972 1313
3 965 973 1320
3 1321 965 1320
3 1315 965 1321
3 974 1320 973
3 1317 1322 969
3 969 1322 978
3 980 978 1322
3 980 1322 1323
3 1324 1318 971
3 1324 971 981
3 981 982 1324
3 1324 982 1325
3 1319 1326 972
3 972 1326 983
3 984 983 1326
3 984 1326 1327
3 1328 1321 1320
3 1330 1328 1329
3 1329 1328 985
3 1328 1320 985
3 1320 974 985
3 986 1329 985
3 1323 1331 980
3 980 1331 990
3 992 990 1331
3 992 1331 1332
3 993 1325 982
3 993 1333 1325
3 1327 994 984
3 1334 994 1327
3 1330 1329 1335
3 1330 1335 1336
3 996 1335 986
3 986 1335 1329
3 1332 1000 992
3 1337 1000 1332
3 993 1001 1338
3 1339 993 1338
3 1333 993 1339
3 1002 1338 1001
3 1334 1340 994
3 994 1340 1003
3 1004 1003 1340
3 1004 1340 1341
3 1342 1336 1335
3 1335 996 1342
3 996 1343 1342
3 996 1006 1343
3 1010 1000 1344
3 1000 1345 1344
3 1000 1337 1345
3 1344 1012 1010
3 1339 1338 1346
3 1339 1346 1347
3 1013 1348 1002
3 1348 1338 1002
3 1348 1346 1338
3 1015 1348 1013
3 1341 1016 1004
3 1349 1016 1341
3 1006 1017 1350
3 1351 1006 1350
3 1343 1006 1351
3 1018 1350 1017
3 1344 1345 1352
3 1352 1345 1353
3 1352 1023 1012
3 1352 1012 1344
3 1347 1346 1354
3 1347 1354 1355
3 1356 1346 1348
3 1354 1346 1356
3 1024 1356 1015
3 1015 1356 1348
3 1349 1025 1016
3 1357 1025 1349
3 1358 1351 1350
3 1350 1018 1358
3 1018 1359 1358
3 1018 1027 1359
3 1353 1360 1352
3 1023 1352 1360
3 1361 1023 1360
3 1031 1023 1361
3 1355 1354 1362
3 1355 1362 1363
3 1034 1362 1033
3 1362 1356 1033
3 1362 1354 1356
3 1033 1356 1024
3 1357 1364 1025
3 1025 1364 1036
3 1037 1036 1364
3 1037 1364 1365
3 1027 1038 1366
3 1367 1027 1366
3 1359 1027 1367
3 1039 1366 1038
3 1043 1031 1368
3 1031 1369 1368
3 1031 1361 1369
3 1368 1044 1043
3 1363 1362 1370
3 1363 1370 1371
3 1046 1370 1034
3 1034 1370 1362
3 1365 1048 1037
3 1372 1048 1365
3 1367 1366 1373
3 1367 1373 1374
3 1050 1373 1039
3 1039 1373 1366
3 1368 1369 1375
3 1375 1369 1376
3 1375 1052 1044
3 1375 1044 1368
3 1377 1371 1370
3 1379 1377 1378
3 1378 1377 1053
3 1377 1370 1053
3 1370 1046 1053
3 1054 1378 1053
3 1372 1056 1048
3 1380 1056 1372
3 1374 1373 1381
3 1374 1381 1382
3 1058 1381 1050
3 1050 1381 1373
3 1376 1383 1375
3 1052 1375 1383
3 1384 1052 1383
3 1062 1052 1384
3 1379 1378 1385
3 1379 1385 1386
3 1064 1385 1054
3 1054 1385 1378
3 1380 1387 1056
3 1056 1387 1066
3 1068 1066 1387
3 1068 1387 1388
3 1389 1382 1381
3 1381 1058 1389
3 1058 1390 1389
3 1058 1070 1390
3 1074 1062 1391
3 1062 1392 1391
3 1062 1384 1392
3 1391 1076 1074
3 1393 1386 1385
3 1395 1393 1394
3 1394 1393 1077
3 1393 1385 1077
3 1385 1064 1077
3 1078 1394 1077
3 1388 1080 1068
3 1396 1080 1388
3 1082 1390 1070
3 1082 1397 1390
3 1392 1398 1391
3 1076 1391 1398
3 1399 1076 1398
3 1087 1076 1399
3 1400 1395 1394
3 1402 1400 1401
3 1401 1400 1088
3 1400 1394 1088
3 1394 1078 1088
3 1090 1401 1088
3 1396 1091 1080
3 1403 1091 1396
3 1093 1397 1082
3 1093 1404 1397
3 1098 1087 1405
3 1087 1406 1405
3 1087 1399 1406
3 1405 1100 1098
3 1407 1402 1401
3 1401 1090 1407
3 1090 1408 1407
3 1090 1102 1408
3 1403 1103 1091
3 1409 1103 1403
3 1105 1404 1093
3 1105 1410 1404
3 1406 1411 1405
3 1100 1405 1411
3 1412 1100 1411
3 1111 1100 1412
3 1102 1112 1413
3 1414 1102 1413
3 1408 1102 1414
3 1113 1413 1112
3 1409 1114 1103
3 1415 1114 1409
3 1116 1410 1105
3 1116 1416 1410
3 1412 1417 1111
3 1111 1417 1118
3 1417 1419 1418
3 1119 1417 1418
3 1118 1417 1119
3 1119 1418 1420
3 1421 1119 1420
3 1120 1119 1421
3 1413 1121 1414
3 1121 1421 1414
3 1121 1120 1421
3 1121 1413 1113
3 1415 1122 1114
3 1422 1122 1415
3 1125 1416 1116
3 1125 1423 1416
3 1419 1424 1418
3 1418 1424 1420
3 1422 1425 1122
3 1122 1425 1126
3 1126 1426 1127
3 1425 1426 1126
3 1127 1427 1128
3 1426 1427 1127
3 1125 1128 1423
3 1423 1128 1427
3 1429 1428 1131
3 1131 1428 1130
3 1430 1131 1132
3 1430 1429 1131
3 1132 1133 1430
3 1430 1133 1431
3 1433 1432 1135
3 1135 1432 1134
3 1135 1130 1428
3 1135 1428 1433
3 1137 1431 1133
3 1137 1434 1431
3 1436 1435 1139
3 1139 1435 1138
3 1139 1134 1432
3 1139 1432 1436
3 1437 1434 1137
3 1437 1137 1140
3 1140 1142 1437
3 1437 1142 1438
3 1435 1439 1138
3 1138 1439 1144
3 1146 1144 1439
3 1146 1439 1440
3 1441 1438 1142
3 1441 1142 1147
3 1443 1441 1442
3 1441 1148 1442
3 1441 1147 1148
3 1150 1442 1148
3 1445 1155 1444
3 1155 1440 1444
3 1155 1146 1440
3 1446 1445 1444
3 1447 1443 1442
3 1449 1447 1448
3 1448 1447 1156
3 1447 1442 1156
3 1442 1150 1156
3 1158 1448 1156
3 1451 1450 1160
3 1160 1450 1159
3 1453 1451 1452
3 1451 1161 1452
3 1451 1160 1161
3 1163 1452 1161
3 1454 1167 1445
3 1445 1167 1155
3 1445 1446 1455
3 1445 1455 1454
3 1456 1449 1448
3 1456 1448 1158
3 1168 1456 1158
3 1457 1456 1168
3 1168 1169 1457
3 1457 1169 1458
3 1460 1459 1172
3 1172 1459 1171
3 1172 1159 1450
3 1172 1450 1460
3 1461 1453 1452
3 1463 1461 1462
3 1462 1461 1173
3 1461 1452 1173
3 1452 1163 1173
3 1174 1462 1173
3 1454 1178 1167
3 1455 1464 1454
3 1464 1178 1454
3 1464 1181 1178
3 1182 1181 1464
3 1182 1464 1465
3 1466 1458 1169
3 1466 1169 1183
3 1183 1184 1466
3 1466 1184 1467
3 1459 1468 1171
3 1171 1468 1185
3 1186 1185 1468
3 1186 1468 1469
3 1189 1470 1188
3 1462 1471 1463
3 1190 1188 1470
3 1473 1471 1472
3 1472 1471 1191
3 1471 1462 1191
3 1462 1174 1191
3 1192 1472 1191
3 1465 1474 1182
3 1182 1474 1197
3 1197 1475 1200
3 1474 1475 1197
3 1201 1200 1475
3 1201 1475 1476
3 1203 1467 1184
3 1203 1477 1467
3 1469 1478 1186
3 1186 1478 1204
3 1204 1478 1189
3 1478 1479 1189
3 1479 1470 1189
3 1479 1478 1480
3 1479 1205 1190
3 1479 1190 1470
3 1481 1473 1472
3 1483 1481 1482
3 1482 1481 1206
3 1481 1472 1206
3 1472 1192 1206
3 1207 1482 1206
3 1476 1484 1201
3 1201 1484 1213
3 1215 1213 1484
3 1215 1484 1485
3 1203 1216 1486
3 1487 1203 1486
3 1477 1203 1487
3 1217 1486 1216
3 1480 1488 1479
3 1205 1479 1488
3 1489 1205 1488
3 1218 1205 1489
3 1490 1483 1482
3 1492 1490 1491
3 1491 1490 1219
3 1490 1482 1219
3 1482 1207 1219
3 1220 1491 1219
3 1485 1493 1215
3 1215 1493 1226
3 1228 1226 1493
3 1228 1493 1494
3 1487 1486 1495
3 1487 1495 1496
3 1229 1495 1217
3 1217 1495 1486
3 1489 1497 1218
3 1218 1497 1230
3 1231 1230 1497
3 1231 1497 1498
3 1492 1491 1499
3 1492 1499 1500
3 1233 1499 1220
3 1220 1499 1491
3 1494 1239 1228
3 1501 1239 1494
3 1502 1496 1495
3 1495 1229 1502
3 1229 1503 1502
3 1229 1241 1503
3 1498 1504 1231
3 1231 1504 1242
3 1244 1242 1504
3 1244 1504 1505
3 1506 1500 1499
3 1508 1506 1507
3 1507 1506 1245
3 1506 1499 1245
3 1499 1233 1245
3 1246 1507 1245
3 1501 1252 1239
3 1509 1252 1501
3 1253 1503 1241
3 1253 1510 1503
3 1512 1254 1511
3 1254 1505 1511
3 1254 1244 1505
3 1513 1512 1511
3 1514 1508 1507
3 1516 1514 1515
3 1515 1514 1255
3 1514 1507 1255
3 1507 1246 1255
3 1256 1515 1255
3 1261 1252 1517
3 1252 1518 1517
3 1252 1509 1518
3 1517 1262 1261
3 1520 1519 1264
3 1520 1264 1265
3 1253 1264 1510
3 1510 1264 1519
3 1512 1266 1254
3 1522 1521 1267
3 1522 1267 1266
3 1513 1522 1266
3 1512 1513 1266
3 1523 1521 1522
3 1524 1516 1515
3 1526 1524 1525
3 1525 1524 1268
3 1524 1515 1268
3 1515 1256 1268
3 1269 1525 1268
3 1518 1527 1517
3 1262 1517 1527
3 1528 1262 1527
3 1272 1262 1528
3 1274 1520 1265
3 1274 1529 1520
3 1521 1275 1267
3 1276 1275 1521
3 1523 1276 1521
3 1530 1276 1523
3 1531 1526 1525
3 1525 1269 1531
3 1269 1532 1531
3 1269 1278 1532
3 1280 1272 1533
3 1272 1534 1533
3 1272 1528 1534
3 1533 1281 1280
3 1274 1282 1535
3 1536 1274 1535
3 1529 1274 1536
3 1284 1535 1282
3 1530 1537 1276
3 1276 1537 1285
3 1286 1285 1537
3 1286 1537 1538
3 1278 1287 1539
3 1540 1278 1539
3 1532 1278 1540
3 1288 1539 1287
3 1534 1541 1533
3 1281 1533 1541
3 1542 1281 1541
3 1291 1281 1542
3 1543 1536 1535
3 1545 1543 1544
3 1544 1543 1292
3 1543 1535 1292
3 1535 1284 1292
3 1294 1544 1292
3 1538 1546 1286
3 1286 1546 1295
3 1296 1295 1546
3 1296 1546 1547
3 1548 1540 1539
3 1550 1548 1549
3 1549 1548 1297
3 1548 1539 1297
3 1539 1288 1297
3 1298 1549 1297
3 1299 1291 1551
3 1291 1552 1551
3 1291 1542 1552
3 1551 1300 1299
3 1553 1545 1544
3 1553 1544 1294
3 1301 1553 1294
3 1554 1553 1301
3 1301 1303 1554
3 1554 1303 1555
3 1547 1304 1296
3 1556 1304 1547
3 1557 1550 1549
3 1549 1298 1557
3 1298 1558 1557
3 1298 1306 1558
3 1552 1559 1551
3 1300 1551 1559
3 1560 1300 1559
3 1308 1300 1560
3 1561 1555 1303
3 1561 1303 1309
3 1563 1561 1562
3 1561 1310 1562
3 1561 1309 1310
3 1311 1562 1310
3 1556 1564 1304
3 1304 1564 1312
3 1313 1312 1564
3 1313 1564 1565
3 1306 1314 1566
3 1567 1306 1566
3 1558 1306 1567
3 1315 1566 1314
3 1560 1568 1308
3 1308 1568 1316
3 1317 1316 1568
3 1317 1568 1569
3 1570 1563 1562
3 1562 1311 1570
3 1311 1571 1570
3 1311 1318 1571
3 1573 1319 1572
3 1319 1565 1572
3 1319 1313 1565
3 1574 1573 1572
3 1575 1567 1566
3 1566 1315 1575
3 1315 1576 1575
3 1315 1321 1576
3 1569 1577 1317
3 1317 1577 1322
3 1323 1322 1577
3 1323 1577 1578
3 1579 1571 1318
3 1579 1318 1324
3 1324 1325 1579
3 1579 1325 1580
3 1573 1326 1319
3 1327 1326 1573
3 1574 1327 1573
3 1581 1327 1574
3 1582 1576 1321
3 1582 1321 1328
3 1328 1330 1582
3 1582 1330 1583
3 1331 1323 1584
3 1323 1585 1584
3 1323 1578 1585
3 1584 1332 1331
3 1333 1580 1325
3 1333 1586 1580
3 1588 1334 1587
3 1334 1581 1587
3 1334 1327 1581
3 1589 1588 1587
3 1336 1583 1330
3 1336 1590 1583
3 1585 1591 1584
3 1332 1584 1591
3 1592 1332 1591
3 1337 1332 1592
3 1339 1586 1333
3 1339 1593 1586
3 1588 1340 1334
3 1341 1340 1588
3 1589 1341 1588
3 1594 1341 1589
3 1336 1342 1595
3 1596 1336 1595
3 1590 1336 1596
3 1343 1595 1342
3 1592 1345 1337
3 1597 1345 1592
3 1347 1599 1598
3 1593 1347 1598
3 1339 1347 1593
3 1599 1600 1598
3 1594 1349 1341
3 1601 1349 1594
3 1602 1596 1595
3 1595 1343 1602
3 1343 1603 1602
3 1343 1351 1603
3 1597 1353 1345
3 1604 1353 1597
3 1355 1605 1599
3 1355 1599 1347
3 1600 1599 1606
3 1606 1599 1605
3 1608 1357 1607
3 1357 1601 1607
3 1357 1349 1601
3 1609 1608 1607
3 1351 1358 1610
3 1611 1351 1610
3 1603 1351 1611
3 1359 1610 1358
3 1360 1353 1612
3 1353 1613 1612
3 1353 1604 1613
3 1612 1361 1360
3 1615 1614 1605
3 1355 1615 1605
3 1363 1615 1355
3 1605 1614 1606
3 1608 1364 1357
3 1365 1364 1608
3 1609 1365 1608
3 1616 1365 1609
3 1611 1610 1617
3 1611 1617 1618
3 1367 1617 1359
3 1359 1617 1610
3 1612 1613 1619
3 1619 1613 1620
3 1619 1369 1361
3 1619 1361 1612
3 1371 1615 1363
3 1371 1621 1615
3 1616 1372 1365
3 1622 1372 1616
3 1623 1618 1617
3 1617 1367 1623
3 1367 1624 1623
3 1367 1374 1624
3 1620 1625 1619
3 1369 1619 1625
3 1626 1369 1625
3 1376 1369 1626
3 1371 1377 1627
3 1628 1371 1627
3 1621 1371 1628
3 1379 1627 1377
3 1630 1380 1629
3 1380 1622 1629
3 1380 1372 1622
3 1631 1630 1629
3 1382 1624 1374
3 1382 1632 1624
3 1383 1376 1633
3 1376 1634 1633
3 1376 1626 1634
3 1633 1384 1383
3 1635 1628 1627
3 1627 1379 1635
3 1379 1636 1635
3 1379 1386 1636
3 1630 1387 1380
3 1388 1387 1630
3 1631 1388 1630
3 1637 1388 1631
3 1382 1389 1638
3 1639 1382 1638
3 1632 1382 1639
3 1390 1638 1389
3 1634 1640 1633
3 1384 1633 1640
3 1641 1384 1640
3 1392 1384 1641
3 1386 1393 1642
3 1643 1386 1642
3 1636 1386 1643
3 1395 1642 1393
3 1637 1396 1388
3 1644 1396 1637
3 1645 1639 1638
3 1638 1390 1645
3 1390 1646 1645
3 1390 1397 1646
3 1398 1392 1647
3 1392 1648 1647
3 1392 1641 1648
3 1647 1399 1398
3 1649 1643 1642
3 1651 1649 1650
3 1650 1649 1400
3 1649 1642 1400
3 1642 1395 1400
3 1402 1650 1400
3 1644 1403 1396
3 1652 1403 1644
3 1404 1646 1397
3 1404 1653 1646
3 1648 1654 1647
3 1399 1647 1654
3 1655 1399 1654
3 1406 1399 1655
3 1656 1651 1650
3 1658 1656 1657
3 1657 1656 1407
3 1656 1650 1407
3 1650 1402 1407
3 1408 1657 1407
3 1652 1409 1403
3 1659 1409 1652
3 1410 1653 1404
3 1410 1660 1653
3 1411 1406 1661
3 1406 1662 1661
3 1406 1655 1662
3 1661 1412 1411
3 1658 1657 1663
3 1658 1663 1664
3 1414 1663 1408
3 1408 1663 1657
3 1666 1415 1665
3 1415 1659 1665
3 1415 1409 1659
3 1667 1666 1665
3 1416 1660 1410
3 1416 1668 1660
3 1662 1669 1661
3 1669 1671 1670
3 1669 1670 1417
3 1661 1669 1417
3 1412 1661 1417
3 1670 1419 1417
3 1421 1420 1672
3 1663 1673 1664
3 1673 1663 1674
3 1663 1414 1674
3 1421 1672 1674
3 1421 1674 1414
3 1675 1422 1666
3 1666 1422 1415
3 1666 1667 1676
3 1666 1676 1675
3 1423 1668 1416
3 1423 1677 1668
3 1671 1678 1670
3 1670 1678 1419
3 1678 1424 1419
3 1678 1679 1424
3 1420 1424 1672
3 1424 1680 1672
3 1424 1679 1680
3 1672 1680 1674
3 1675 1425 1422
3 1676 1681 1675
3 1681 1425 1675
3 1681 1426 1425
3 1426 1682 1427
3 1681 1682 1426
3 1423 1427 1677
3 1677 1427 1682
3 1684 1683 1429
3 1429 1683 1428
3 1686 1684 1685
3 1684 1430 1685
3 1684 1429 1430
3 1431 1685 1430
3 1688 1687 1433
3 1433 1687 1432
3 1433 1428 1683
3 1433 1683 1688
3 1689 1686 1685
3 1685 1431 1689
3 1431 1690 1689
3 1431 1434 1690
3 1691 1435 1436
3 1692 1691 1436
3 1432 1692 1436
3 1687 1692 1432
3 1693 1690 1434
3 1693 1434 1437
3 1437 1438 1693
3 1693 1438 1694
3 1691 1439 1435
3 1440 1439 1691
3 1692 1440 1691
3 1695 1440 1692
3 1438 1441 1696
3 1697 1438 1696
3 1694 1438 1697
3 1443 1696 1441
3 1444 1440 1698
3 1440 1699 1698
3 1440 1695 1699
3 1698 1446 1444
3 1700 1697 1696
3 1702 1700 1701
3 1701 1700 1447
3 1700 1696 1447
3 1696 1443 1447
3 1449 1701 1447
3 1703 1450 1451
3 1453 1703 1451
3 1699 1704 1698
3 1446 1698 1704
3 1705 1446 1704
3 1455 1446 1705
3 1706 1702 1701
3 1706 1701 1449
3 1456 1706 1449
3 1707 1706 1456
3 1708 1456 1457
3 1708 1707 1456
3 1457 1458 1708
3 1708 1458 1709
3 1710 1459 1460
3 1450 1703 1460
3 1703 1710 1460
3 1703 1711 1710
3 1461 1712 1453
3 1712 1703 1453
3 1712 1711 1703
3 1463 1712 1461
3 1464 1455 1713
3 1455 1714 1713
3 1455 1705 1714
3 1713 1465 1464
3 1458 1466 1715
3 1716 1458 1715
3 1709 1458 1716
3 1467 1715 1466
3 1710 1468 1459
3 1468 1710 1469
3 1710 1717 1469
3 1710 1711 1717
3 1718 1711 1712
3 1717 1711 1718
3 1471 1719 1463
3 1719 1712 1463
3 1719 1718 1712
3 1473 1719 1471
3 1714 1720 1713
3 1720 1722 1721
3 1720 1721 1474
3 1713 1720 1474
3 1465 1713 1474
3 1723 1475 1474
3 1723 1474 1721
3 1723 1476 1475
3 1724 1716 1715
3 1715 1467 1724
3 1467 1725 1724
3 1467 1477 1725
3 1717 1478 1469
3 1478 1717 1480
3 1717 1726 1480
3 1717 1718 1726
3 1727 1718 1719
3 1726 1718 1727
3 1481 1728 1473
3 1728 1719 1473
3 1728 1727 1719
3 1483 1728 1481
3 1722 1729 1721
3 1721 1729 1723
3 1723 1729 1730
3 1730 1732 1731
3 1730 1731 1484
3 1723 1730 1484
3 1476 1723 1484
3 1731 1485 1484
3 1487 1725 1477
3 1487 1733 1725
3 1726 1488 1480
3 1488 1726 1489
3 1726 1734 1489
3 1726 1727 1734
3 1735 1727 1728
3 1734 1727 1735
3 1490 1736 1483
3 1736 1728 1483
3 1736 1735 1728
3 1492 1736 1490
3 1732 1737 1731
3 1737 1739 1738
3 1737 1738 1493
3 1731 1737 1493
3 1485 1731 1493
3 1738 1494 1493
3 1496 1733 1487
3 1496 1740 1733
3 1734 1497 1489
3 1497 1734 1498
3 1734 1741 1498
3 1734 1735 1741
3 1742 1735 1736
3 1741 1735 1742
3 1500 1742 1492
3 1492 1742 1736
3 1739 1743 1738
3 1494 1738 1743
3 1744 1494 1743
3 1501 1494 1744
3 1745 1740 1496
3 1745 1496 1502
3 1502 1503 1745
3 1745 1503 1746
3 1741 1504 1498
3 1504 1741 1505
3 1741 1747 1505
3 1741 1742 1747
3 1506 1748 1500
3 1748 1742 1500
3 1748 1747 1742
3 1508 1748 1506
3 1744 1509 1501
3 1749 1509 1744
3 1510 1746 1503
3 1510 1750 1746
3 1747 1511 1505
3 1511 1747 1513
3 1747 1751 1513
3 1747 1748 1751
3 1514 1752 1508
3 1752 1748 1508
3 1752 1751 1748
3 1516 1752 1514
3 1749 1518 1509
3 1753 1518 1749
3 1520 1754 1519
3 1754 1755 1519
3 1755 1510 1519
3 1755 1750 1510
3 1751 1522 1513
3 1522 1751 1523
3 1751 1756 1523
3 1751 1752 1756
3 1524 1757 1516
3 1757 1752 1516
3 1757 1756 1752
3 1526 1757 1524
3 1527 1518 1758
3 1518 1759 1758
3 1518 1753 1759
3 1758 1528 1527
3 1761 1760 1754
3 1520 1761 1754
3 1529 1761 1520
3 1754 1760 1755
3 1762 1530 1756
3 1756 1530 1523
3 1763 1756 1757
3 1762 1756 1763
3 1531 1764 1526
3 1764 1757 1526
3 1764 1763 1757
3 1532 1764 1531
3 1759 1765 1758
3 1528 1758 1765
3 1766 1528 1765
3 1534 1528 1766
3 1536 1761 1529
3 1536 1767 1761
3 1762 1537 1530
3 1537 1762 1538
3 1762 1768 1538
3 1762 1763 1768
3 1769 1763 1764
3 1768 1763 1769
3 1540 1769 1532
3 1532 1769 1764
3 1541 1534 1770
3 1534 1771 1770
3 1534 1766 1771
3 1770 1542 1541
3 1772 1767 1536
3 1772 1536 1543
3 1543 1545 1772
3 1772 1545 1773
3 1768 1546 1538
3 1546 1768 1547
3 1768 1774 1547
3 1768 1769 1774
3 1548 1775 1540
3 1775 1769 1540
3 1775 1774 1769
3 1550 1775 1548
3 1771 1776 1770
3 1542 1770 1776
3 1777 1542 1776
3 1552 1542 1777
3 1778 1773 1545
3 1778 1545 1553
3 1779 1553 1554
3 1779 1778 1553
3 1554 1555 1779
3 1779 1555 1780
3 1781 1556 1774
3 1774 1556 1547
3 1782 1774 1775
3 1781 1774 1782
3 1557 1783 1550
3 1783 1775 1550
3 1783 1782 1775
3 1558 1783 1557
3 1777 1784 1552
3 1552 1784 1559
3 1560 1559 1784
3 1560 1784 1785
3 1786 1780 1555
3 1786 1555 1561
3 1561 1563 1786
3 1786 1563 1787
3 1781 1564 1556
3 1564 1781 1565
3 1781 1788 1565
3 1781 1782 1788
3 1789 1782 1783
3 1788 1782 1789
3 1567 1789 1558
3 1558 1789 1783
3 1568 1560 1790
3 1560 1791 1790
3 1560 1785 1791
3 1790 1569 1568
3 1792 1787 1563
3 1792 1563 1570
3 1570 1571 1792
3 1792 1571 1793
3 1788 1572 1565
3 1572 1788 1574
3 1788 1794 1574
3 1788 1789 1794
3 1575 1795 1567
3 1795 1789 1567
3 1795 1794 1789
3 1576 1795 1575
3 1791 1796 1790
3 1796 1798 1797
3 1796 1797 1577
3 1790 1796 1577
3 1569 1790 1577
3 1797 1578 1577
3 1571 1579 1799
3 1800 1571 1799
3 1793 1571 1800
3 1580 1799 1579
3 1801 1581 1794
3 1794 1581 1574
3 1802 1794 1795
3 1801 1794 1802
3 1582 1803 1576
3 1803 1795 1576
3 1803 1802 1795
3 1583 1803 1582
3 1798 1804 1797
3 1578 1797 1804
3 1805 1578 1804
3 1585 1578 1805
3 1806 1800 1799
3 1799 1580 1806
3 1580 1807 1806
3 1580 1586 1807
3 1801 1587 1581
3 1587 1801 1589
3 1801 1808 1589
3 1801 1802 1808
3 1809 1802 1803
3 1808 1802 1809
3 1590 1809 1583
3 1583 1809 1803
3 1591 1585 1810
3 1585 1811 1810
3 1585 1805 1811
3 1810 1592 1591
3 1593 1813 1812
3 1807 1593 1812
3 1586 1593 1807
3 1813 1814 1812
3 1815 1594 1808
3 1808 1594 1589
3 1816 1808 1809
3 1815 1808 1816
3 1596 1816 1590
3 1590 1816 1809
3 1811 1817 1810
3 1592 1810 1817
3 1818 1592 1817
3 1597 1592 1818
3 1598 1813 1593
3 1598 1600 1813
3 1600 1814 1813
3 1600 1819 1814
3 1820 1601 1815
3 1815 1601 1594
3 1821 1815 1816
3 1820 1815 1821
3 1602 1822 1596
3 1822 1816 1596
3 1822 1821 1816
3 1603 1822 1602
3 1818 1604 1597
3 1823 1604 1818
3 1606 1819 1600
3 1606 1824 1819
3 1820 1607 1601
3 1607 1820 1609
3 1820 1825 1609
3 1820 1821 1825
3 1826 1821 1822
3 1825 1821 1826
3 1611 1826 1603
3 1603 1826 1822
3 1823 1613 1604
3 1827 1613 1823
3 1830 1829 1828
3 1614 1615 1828
3 1829 1614 1828
3 1831 1614 1829
3 1606 1614 1824
3 1824 1614 1831
3 1832 1616 1825
3 1825 1616 1609
3 1833 1825 1826
3 1832 1825 1833
3 1618 1833 1611
3 1611 1833 1826
3 1827 1620 1613
3 1834 1620 1827
3 1830 1828 1835
3 1830 1835 1836
3 1621 1835 1615
3 1615 1835 1828
3 1837 1622 1832
3 1832 1622 1616
3 1838 1832 1833
3 1837 1832 1838
3 1623 1839 1618
3 1839 1833 1618
3 1839 1838 1833
3 1624 1839 1623
3 1625 1620 1840
3 1620 1841 1840
3 1620 1834 1841
3 1840 1626 1625
3 1842 1836 1835
3 1835 1621 1842
3 1621 1843 1842
3 1621 1628 1843
3 1837 1629 1622
3 1629 1837 1631
3 1837 1844 1631
3 1837 1838 1844
3 1845 1838 1839
3 1844 1838 1845
3 1632 1845 1624
3 1624 1845 1839
3 1841 1846 1840
3 1626 1840 1846
3 1847 1626 1846
3 1634 1626 1847
3 1628 1635 1848
3 1849 1628 1848
3 1843 1628 1849
3 1636 1848 1635
3 1850 1637 1844
3 1844 1637 1631
3 1851 1844 1845
3 1850 1844 1851
3 1639 1851 1632
3 1632 1851 1845
3 1640 1634 1852
3 1634 1853 1852
3 1634 1847 1853
3 1852 1641 1640
3 1854 1849 1848
3 1848 1636 1854
3 1636 1855 1854
3 1636 1643 1855
3 1856 1644 1850
3 1850 1644 1637
3 1857 1850 1851
3 1856 1850 1857
3 1645 1858 1639
3 1858 1851 1639
3 1858 1857 1851
3 1646 1858 1645
3 1853 1859 1852
3 1641 1852 1859
3 1860 1641 1859
3 1648 1641 1860
3 1861 1855 1643
3 1861 1643 1649
3 1649 1651 1861
3 1861 1651 1862
3 1863 1652 1856
3 1856 1652 1644
3 1857 1865 1864
3 1863 1857 1864
3 1856 1857 1863
3 1867 1866 1865
3 1857 1867 1865
3 1858 1867 1857
3 1653 1867 1646
3 1646 1867 1858
3 1654 1648 1868
3 1648 1869 1868
3 1648 1860 1869
3 1868 1655 1654
3 1651 1656 1870
3 1871 1651 1870
3 1862 1651 1871
3 1658 1870 1656
3 1872 1659 1863
3 1863 1659 1652
3 1863 1864 1873
3 1863 1873 1872
3 1866 1867 1874
3 1866 1874 1875
3 1660 1874 1653
3 1653 1874 1867
3 1869 1876 1868
3 1655 1868 1876
3 1877 1655 1876
3 1662 1655 1877
3 1878 1871 1870
3 1870 1658 1878
3 1658 1879 1878
3 1658 1664 1879
3 1872 1665 1659
3 1881 1880 1667
3 1881 1667 1665
3 1873 1881 1665
3 1872 1873 1665
3 1880 1881 1875
3 1874 1880 1875
3 1882 1880 1874
3 1668 1882 1660
3 1660 1882 1874
3 1669 1662 1883
3 1662 1884 1883
3 1662 1877 1884
3 1883 1671 1669
3 1664 1673 1885
3 1886 1664 1885
3 1879 1664 1886
3 1674 1885 1673
3 1887 1676 1880
3 1880 1676 1667
3 1888 1880 1882
3 1887 1880 1888
3 1677 1888 1668
3 1668 1888 1882
3 1884 1889 1883
3 1883 1889 1671
3 1889 1678 1671
3 1889 1890 1678
3 1678 1891 1679
3 1890 1891 1678
3 1885 1680 1886
3 1680 1891 1886
3 1680 1679 1891
3 1680 1885 1674
3 1887 1681 1676
3 1681 1887 1682
3 1682 1887 1888
3 1682 1888 1677
3 1893 1892 1684
3 1684 1892 1683
3 1684 1686 1893
3 1893 1686 1894
3 1896 1895 1688
3 1688 1895 1687
3 1688 1683 1892
3 1688 1892 1896
3 1897 1894 1686
3 1897 1686 1689
3 1689 1690 1897
3 1897 1690 1898
3 1895 1692 1687
3 1899 1692 1895
3 1900 1898 1690
3 1900 1690 1693
3 1693 1694 1900
3 1900 1694 1901
3 1899 1695 1692
3 1902 1695 1899
3 1905 1904 1903
3 1904 1901 1903
3 1901 1697 1903
3 1901 1694 1697
3 1902 1699 1695
3 1906 1699 1902
3 1905 1903 1907
3 1905 1907 1908
3 1700 1909 1697
3 1909 1903 1697
3 1909 1907 1903
3 1702 1909 1700
3 1704 1699 1910
3 1699 1911 1910
3 1699 1906 1911
3 1910 1705 1704
3 1912 1908 1907
3 1912 1907 1909
3 1912 1909 1913
3 1913 1909 1702
3 1706 1913 1702
3 1914 1913 1706
3 1915 1706 1707
3 1915 1914 1706
3 1917 1915 1916
3 1915 1708 1916
3 1915 1707 1708
3 1709 1916 1708
3 1911 1918 1910
3 1705 1910 1918
3 1919 1705 1918
3 1714 1705 1919
3 1920 1917 1916
3 1916 1709 1920
3 1709 1921 1920
3 1709 1716 1921
3 1720 1714 1922
3 1714 1923 1922
3 1714 1919 1923
3 1922 1722 1720
3 1716 1724 1924
3 1925 1716 1924
3 1921 1716 1925
3 1725 1924 1724
3 1923 1926 1922
3 1922 1926 1722
3 1926 1729 1722
3 1926 1927 1729
3 1927 1929 1928
3 1730 1927 1928
3 1729 1927 1730
3 1928 1732 1730
3 1925 1924 1930
3 1925 1930 1931
3 1733 1930 1725
3 1725 1930 1924
3 1929 1932 1928
3 1928 1932 1732
3 1932 1737 1732
3 1932 1933 1737
3 1739 1737 1933
3 1739 1933 1934
3 1935 1931 1930
3 1930 1733 1935
3 1733 1936 1935
3 1733 1740 1936
3 1743 1739 1937
3 1739 1938 1937
3 1739 1934 1938
3 1937 1744 1743
3 1740 1745 1939
3 1940 1740 1939
3 1936 1740 1940
3 1746 1939 1745
3 1938 1941 1937
3 1744 1937 1941
3 1942 1744 1941
3 1749 1744 1942
3 1940 1939 1943
3 1940 1943 1944
3 1750 1943 1746
3 1746 1943 1939
3 1942 1753 1749
3 1945 1753 1942
3 1946 1944 1943
3 1943 1750 1946
3 1750 1947 1946
3 1750 1755 1947
3 1945 1759 1753
3 1948 1759 1945
3 1761 1949 1760
3 1949 1950 1760
3 1950 1755 1760
3 1950 1947 1755
3 1765 1759 1951
3 1759 1952 1951
3 1759 1948 1952
3 1951 1766 1765
3 1954 1953 1949
3 1761 1954 1949
3 1767 1954 1761
3 1949 1953 1950
3 1952 1955 1951
3 1766 1951 1955
3 1956 1766 1955
3 1771 1766 1956
3 1957 1954 1767
3 1957 1767 1772
3 1772 1773 1957
3 1957 1773 1958
3 1956 1959 1771
3 1771 1959 1776
3 1777 1776 1959
3 1777 1959 1960
3 1961 1958 1773
3 1961 1773 1778
3 1963 1961 1962
3 1961 1779 1962
3 1961 1778 1779
3 1780 1962 1779
3 1784 1777 1964
3 1777 1965 1964
3 1777 1960 1965
3 1964 1785 1784
3 1966 1963 1962
3 1966 1962 1780
3 1786 1966 1780
3 1967 1966 1786
3 1786 1787 1967
3 1967 1787 1968
3 1965 1969 1964
3 1785 1964 1969
3 1970 1785 1969
3 1791 1785 1970
3 1971 1968 1787
3 1971 1787 1792
3 1792 1793 1971
3 1971 1793 1972
3 1970 1973 1791
3 1791 1973 1796
3 1798 1796 1973
3 1798 1973 1974
3 1800 1972 1793
3 1800 1975 1972
3 1974 1976 1798
3 1798 1976 1804
3 1805 1804 1976
3 1805 1976 1977
3 1978 1975 1800
3 1978 1800 1806
3 1806 1807 1978
3 1978 1807 1979
3 1977 1811 1805
3 1980 1811 1977
3 1807 1812 1981
3 1982 1807 1981
3 1979 1807 1982
3 1814 1981 1812
3 1817 1811 1983
3 1811 1984 1983
3 1811 1980 1984
3 1983 1818 1817
3 1982 1981 1985
3 1982 1985 1986
3 1819 1985 1814
3 1814 1985 1981
3 1983 1984 1987
3 1987 1984 1988
3 1987 1823 1818
3 1987 1818 1983
3 1986 1985 1989
3 1986 1989 1990
3 1824 1989 1819
3 1819 1989 1985
3 1987 1988 1991
3 1991 1988 1992
3 1991 1827 1823
3 1991 1823 1987
3 1994 1993 1829
3 1994 1829 1830
3 1989 1831 1990
3 1831 1993 1990
3 1831 1829 1993
3 1831 1989 1824
3 1992 1995 1991
3 1827 1991 1995
3 1996 1827 1995
3 1834 1827 1996
3 1836 1994 1830
3 1836 1997 1994
3 1996 1841 1834
3 1998 1841 1996
3 1836 1842 1999
3 2000 1836 1999
3 1997 1836 2000
3 1843 1999 1842
3 1846 1841 2001
3 1841 2002 2001
3 1841 1998 2002
3 2001 1847 1846
3 2003 2000 1999
3 1999 1843 2003
3 1843 2004 2003
3 1843 1849 2004
3 2002 2005 2001
3 1847 2001 2005
3 2006 1847 2005
3 1853 1847 2006
3 1849 1854 2007
3 2008 1849 2007
3 2004 1849 2008
3 1855 2007 1854
3 1859 1853 2009
3 1853 2010 2009
3 1853 2006 2010
3 2009 1860 1859
3 2011 2008 2007
3 2013 2011 2012
3 2012 2011 1861
3 2011 2007 1861
3 2007 1855 1861
3 1862 2012 1861
3 2014 1864 1865
3 1866 2014 1865
3 2010 2015 2009
3 1860 2009 2015
3 2016 1860 2015
3 1869 1860 2016
3 2017 2013 2012
3 2012 1862 2017
3 1862 2018 2017
3 1862 1871 2018
3 2019 1873 2014
3 2014 1873 1864
3 1875 2019 1866
3 1866 2019 2014
3 1876 1869 2020
3 1869 2021 2020
3 1869 2016 2021
3 2020 1877 1876
3 1871 1878 2022
3 2023 1871 2022
3 2018 1871 2023
3 1879 2022 1878
3 2019 1881 1873
3 1881 2019 1875
3 2021 2024 2020
3 1877 2020 2024
3 2025 1877 2024
3 1884 1877 2025
3 2026 2023 2022
3 2022 1879 2026
3 1879 2027 2026
3 1879 1886 2027
3 1889 1884 2028
3 1884 2029 2028
3 1884 2025 2029
3 2030 1890 1889
3 2030 1889 2028
3 2031 1891 1890
3 2031 1890 2030
3 2031 2032 1891
3 2032 1886 1891
3 2032 2027 1886
3 2028 2029 2033
3 2033 2029 2034
3 2036 2030 2035
3 2030 2033 2035
3 2030 2028 2033
3 2030 2036 2031
3 2031 2036 2037
3 2031 2037 2032
3 2034 2038 2033
3 2033 2038 2035
3 2040 2039 1893
3 1893 2039 1892
3 1893 1894 2040
3 2040 1894 2041
3 2043 2042 1896
3 1896 2042 1895
3 1896 1892 2039
3 1896 2039 2043
3 2044 2041 1894
3 2044 1894 1897
3 1897 1898 2044
3 2044 1898 2045
3 2042 1899 1895
3 2046 1899 2042
3 1898 1900 2047
3 2048 1898 2047
3 2045 1898 2048
3 1901 2047 1900
3 2051 2050 2049
3 2046 2051 2049
3 1902 2046 2049
3 1899 2046 1902
3 2048 2047 1904
3 1905 2048 1904
3 2052 2048 1905
3 1904 2047 1901
3 2050 2053 2049
3 1902 2049 2053
3 2054 1902 2053
3 1906 1902 2054
3 1908 2052 1905
3 1908 2055 2052
3 2054 1911 1906
3 2056 1911 2054
3 1908 1912 2057
3 2058 1908 2057
3 2055 1908 2058
3 1913 2059 1912
3 1912 2059 2057
3 1914 2060 1913
3 1913 2060 2059
3 1915 2061 1914
3 1914 2061 2060
3 1917 2061 1915
3 1918 1911 2062
3 1911 2063 2062
3 1911 2056 2063
3 2062 1919 1918
3 2064 2058 2057
3 2064 2057 2059
3 2064 2059 2065
3 2065 2059 2060
3 2065 2060 2066
3 2066 2060 2061
3 2066 2061 2067
3 2069 2067 2068
3 2068 2067 1920
3 2067 2061 1920
3 2061 1917 1920
3 1921 2068 1920
3 2063 2070 2062
3 1919 2062 2070
3 2071 1919 2070
3 1923 1919 2071
3 2069 2068 2072
3 2069 2072 2073
3 1925 2072 1921
3 1921 2072 2068
3 2071 2074 1923
3 1923 2074 1926
3 2074 2076 2075
3 1927 2074 2075
3 1926 2074 1927
3 2075 1929 1927
3 2077 2073 2072
3 2072 1925 2077
3 1925 2078 2077
3 1925 1931 2078
3 2076 2079 2075
3 2075 2079 1929
3 2079 1932 1929
3 2079 2080 1932
3 2080 2082 2081
3 1933 2080 2081
3 1932 2080 1933
3 2081 1934 1933
3 1931 1935 2083
3 2084 1931 2083
3 2078 1931 2084
3 1936 2083 1935
3 2082 2085 2081
3 1934 2081 2085
3 2086 1934 2085
3 1938 1934 2086
3 2087 2084 2083
3 2083 1936 2087
3 1936 2088 2087
3 1936 1940 2088
3 1941 1938 2089
3 1938 2090 2089
3 1938 2086 2090
3 2089 1942 1941
3 1944 2088 1940
3 1944 2091 2088
3 2089 2090 2092
3 2092 2090 2093
3 2092 1945 1942
3 2092 1942 2089
3 1944 1946 2094
3 2095 1944 2094
3 2091 1944 2095
3 1947 2094 1946
3 2093 2096 2092
3 1945 2092 2096
3 2097 1945 2096
3 1948 1945 2097
3 2095 2094 2098
3 2095 2098 2099
3 1950 2098 1947
3 1947 2098 2094
3 2097 1952 1948
3 2100 1952 2097
3 2099 2098 1953
3 1954 2099 1953
3 2101 2099 1954
3 1953 2098 1950
3 2100 2102 1952
3 1952 2102 1955
3 1956 1955 2102
3 1956 2102 2103
3 2104 2101 1954
3 2104 1954 1957
3 1957 1958 2104
3 2104 1958 2105
3 1959 1956 2106
3 1956 2107 2106
3 1956 2103 2107
3 2106 1960 1959
3 2108 2105 1958
3 2108 1958 1961
3 1961 1963 2108
3 2108 1963 2109
3 2107 2110 2106
3 1960 2106 2110
3 2111 1960 2110
3 1965 1960 2111
3 2112 2109 1963
3 2112 1963 1966
3 2113 1966 1967
3 2113 2112 1966
3 1967 1968 2113
3 2113 1968 2114
3 2111 2115 1965
3 1965 2115 1969
3 1970 1969 2115
3 1970 2115 2116
3 1968 1971 2117
3 2118 1968 2117
3 2114 1968 2118
3 1972 2117 1971
3 2116 2119 1970
3 1970 2119 1973
3 1974 1973 2119
3 1974 2119 2120
3 2121 2118 2117
3 2117 1972 2121
3 1972 2122 2121
3 1972 1975 2122
3 2120 2123 1974
3 1974 2123 1976
3 1977 1976 2123
3 1977 2123 2124
3 1975 1978 2125
3 2126 1975 2125
3 2122 1975 2126
3 1979 2125 1978
3 2124 1980 1977
3 2127 1980 2124
3 2126 2125 2128
3 2126 2128 2129
3 1982 2128 1979
3 1979 2128 2125
3 2127 1984 1980
3 2130 1984 2127
3 2131 2129 2128
3 2128 1982 2131
3 1982 2132 2131
3 1982 1986 2132
3 2130 1988 1984
3 2133 1988 2130
3 2136 2135 2134
3 2137 2134 2135
3 1990 2132 1986
3 1990 2138 2132
3 2133 1992 1988
3 2139 1992 2133
3 2136 2134 2140
3 2136 2140 2141
3 2143 2142 2137
3 2142 2144 2137
3 1993 2137 2144
3 2137 1993 2134
3 1994 2134 1993
3 2134 1994 2142
3 2142 2140 2134
3 2143 2140 2142
3 2142 1994 2144
3 2144 2145 1993
3 2145 1990 1993
3 2145 2138 1990
3 1995 1992 2146
3 1992 2147 2146
3 1992 2139 2147
3 2146 1996 1995
3 2148 2141 2140
3 2143 2148 2140
3 2150 2144 2149
3 1994 2149 2144
3 2149 1994 1997
3 2144 2150 2145
3 2147 2151 2146
3 1996 2146 2151
3 2152 1996 2151
3 1998 1996 2152
3 2000 2149 1997
3 2000 2153 2149
3 2152 2002 1998
3 2154 2002 2152
3 2155 2153 2000
3 2155 2000 2003
3 2003 2004 2155
3 2155 2004 2156
3 2154 2157 2002
3 2002 2157 2005
3 2006 2005 2157
3 2006 2157 2158
3 2008 2156 2004
3 2008 2159 2156
3 2158 2010 2006
3 2160 2010 2158
3 2008 2011 2161
3 2162 2008 2161
3 2159 2008 2162
3 2013 2161 2011
3 2160 2163 2010
3 2010 2163 2015
3 2016 2015 2163
3 2016 2163 2164
3 2165 2162 2161
3 2167 2165 2166
3 2166 2165 2017
3 2165 2161 2017
3 2161 2013 2017
3 2018 2166 2017
3 2164 2021 2016
3 2168 2021 2164
3 2167 2166 2169
3 2167 2169 2170
3 2023 2169 2018
3 2018 2169 2166
3 2024 2021 2171
3 2021 2172 2171
3 2021 2168 2172
3 2171 2025 2024
3 2173 2170 2169
3 2175 2173 2174
3 2174 2173 2026
3 2173 2169 2026
3 2169 2023 2026
3 2027 2174 2026
3 2172 2176 2171
3 2025 2171 2176
3 2177 2025 2176
3 2029 2025 2177
3 2175 2174 2178
3 2175 2178 2179
3 2032 2178 2027
3 2027 2178 2174
3 2177 2034 2029
3 2180 2034 2177
3 2182 2181 2036
3 2182 2036 2035
3 2178 2037 2179
3 2037 2181 2179
3 2037 2036 2181
3 2037 2178 2032
3 2180 2183 2034
3 2034 2183 2038
3 2035 2038 2182
3 2182 2038 2183
3 2184 2039 2040
3 2041 2184 2040
3 2186 2185 2043
3 2043 2185 2042
3 2043 2039 2184
3 2187 2043 2184
3 2186 2043 2187
3 2189 2187 2188
3 2188 2187 2044
3 2187 2184 2044
3 2184 2041 2044
3 2045 2188 2044
3 2185 2046 2042
3 2190 2046 2185
3 2189 2188 2191
3 2189 2191 2192
3 2048 2191 2045
3 2045 2191 2188
3 2194 2193 2051
3 2051 2193 2050
3 2051 2046 2190
3 2051 2190 2194
3 2192 2191 2195
3 2192 2195 2196
3 2052 2195 2048
3 2048 2195 2191
3 2053 2050 2197
3 2050 2198 2197
3 2050 2193 2198
3 2197 2054 2053
3 2196 2195 2199
3 2196 2199 2200
3 2055 2199 2052
3 2052 2199 2195
3 2198 2201 2197
3 2054 2197 2201
3 2202 2054 2201
3 2056 2054 2202
3 2203 2200 2199
3 2199 2055 2203
3 2055 2204 2203
3 2055 2058 2204
3 2202 2063 2056
3 2205 2063 2202
3 2206 2204 2058
3 2206 2058 2064
3 2208 2206 2207
3 2206 2065 2207
3 2206 2064 2065
3 2066 2209 2065
3 2065 2209 2207
3 2067 2210 2066
3 2066 2210 2209
3 2069 2210 2067
3 2205 2211 2063
3 2063 2211 2070
3 2071 2070 2211
3 2071 2211 2212
3 2213 2208 2207
3 2213 2207 2209
3 2213 2209 2214
3 2216 2215 2214
3 2209 2216 2214
3 2210 2216 2209
3 2073 2216 2069
3 2069 2216 2210
3 2212 2217 2071
3 2071 2217 2074
3 2076 2074 2217
3 2076 2217 2218
3 2219 2215 2216
3 2221 2219 2220
3 2220 2219 2077
3 2219 2216 2077
3 2216 2073 2077
3 2078 2220 2077
3 2218 2222 2076
3 2076 2222 2079
3 2079 2223 2080
3 2222 2223 2079
3 2082 2080 2223
3 2082 2223 2224
3 2221 2220 2225
3 2221 2225 2226
3 2084 2225 2078
3 2078 2225 2220
3 2224 2227 2082
3 2082 2227 2085
3 2086 2085 2227
3 2086 2227 2228
3 2229 2226 2225
3 2231 2229 2230
3 2230 2229 2087
3 2229 2225 2087
3 2225 2084 2087
3 2088 2230 2087
3 2228 2090 2086
3 2232 2090 2228
3 2231 2230 2233
3 2231 2233 2234
3 2091 2233 2088
3 2088 2233 2230
3 2232 2093 2090
3 2235 2093 2232
3 2234 2233 2236
3 2234 2236 2237
3 2095 2236 2091
3 2091 2236 2233
3 2096 2093 2238
3 2093 2239 2238
3 2093 2235 2239
3 2238 2097 2096
3 2240 2237 2236
3 2236 2095 2240
3 2095 2241 2240
3 2095 2099 2241
3 2239 2242 2238
3 2097 2238 2242
3 2243 2097 2242
3 2100 2097 2243
3 2101 2241 2099
3 2101 2244 2241
3 2243 2245 2100
3 2100 2245 2102
3 2103 2102 2245
3 2103 2245 2246
3 2247 2244 2101
3 2247 2101 2104
3 2104 2105 2247
3 2247 2105 2248
3 2246 2107 2103
3 2249 2107 2246
3 2250 2248 2105
3 2250 2105 2108
3 2108 2109 2250
3 2250 2109 2251
3 2249 2252 2107
3 2107 2252 2110
3 2111 2110 2252
3 2111 2252 2253
3 2254 2251 2109
3 2254 2109 2112
3 2256 2254 2255
3 2254 2113 2255
3 2254 2112 2113
3 2114 2255 2113
3 2253 2257 2111
3 2111 2257 2115
3 2116 2115 2257
3 2116 2257 2258
3 2259 2256 2255
3 2255 2114 2259
3 2114 2260 2259
3 2114 2118 2260
3 2258 2261 2116
3 2116 2261 2119
3 2120 2119 2261
3 2120 2261 2262
3 2118 2121 2263
3 2264 2118 2263
3 2260 2118 2264
3 2122 2263 2121
3 2123 2120 2265
3 2120 2266 2265
3 2120 2262 2266
3 2265 2124 2123
3 2264 2263 2267
3 2264 2267 2268
3 2126 2267 2122
3 2122 2267 2263
3 2266 2269 2265
3 2124 2265 2269
3 2270 2124 2269
3 2127 2124 2270
3 2268 2267 2271
3 2268 2271 2272
3 2129 2271 2126
3 2126 2271 2267
3 2270 2130 2127
3 2273 2130 2270
3 2272 2271 2274
3 2272 2274 2275
3 2131 2276 2129
3 2276 2271 2129
3 2276 2274 2271
3 2132 2276 2131
3 2273 2133 2130
3 2277 2133 2273
3 2135 2136 2278
3 2274 2279 2275
3 2278 2137 2135
3 2281 2279 2280
3 2274 2280 2279
3 2280 2274 2276
3 2138 2280 2132
3 2132 2280 2276
3 2277 2139 2133
3 2282 2139 2277
3 2141 2283 2278
3 2141 2278 2136
3 2283 2137 2278
3 2137 2283 2143
3 2281 2280 2284
3 2285 2284 2280
3 2145 2285 2138
3 2138 2285 2280
3 2282 2147 2139
3 2286 2147 2282
3 2148 2283 2141
3 2283 2148 2143
3 2149 2285 2150
3 2285 2149 2284
3 2287 2284 2149
3 2150 2285 2145
3 2151 2147 2288
3 2147 2289 2288
3 2147 2286 2289
3 2288 2152 2151
3 2153 2287 2149
3 2153 2290 2287
3 2289 2291 2288
3 2152 2288 2291
3 2292 2152 2291
3 2154 2152 2292
3 2293 2290 2153
3 2293 2153 2155
3 2155 2156 2293
3 2293 2156 2294
3 2157 2154 2295
3 2154 2296 2295
3 2154 2292 2296
3 2295 2158 2157
3 2159 2294 2156
3 2159 2297 2294
3 2296 2298 2295
3 2158 2295 2298
3 2299 2158 2298
3 2160 2158 2299
3 2162 2297 2159
3 2162 2300 2297
3 2299 2301 2160
3 2160 2301 2163
3 2164 2163 2301
3 2164 2301 2302
3 2303 2300 2162
3 2303 2162 2165
3 2165 2167 2303
3 2303 2167 2304
3 2302 2168 2164
3 2305 2168 2302
3 2170 2304 2167
3 2170 2306 2304
3 2305 2172 2168
3 2307 2172 2305
3 2170 2173 2308
3 2309 2170 2308
3 2306 2170 2309
3 2175 2308 2173
3 2307 2310 2172
3 2172 2310 2176
3 2177 2176 2310
3 2177 2310 2311
3 2309 2308 2312
3 2309 2312 2313
3 2179 2312 2175
3 2175 2312 2308
3 2315 2180 2314
3 2180 2311 2314
3 2180 2177 2311
3 2315 2314 2313
3 2315 2313 2312
3 2182 2315 2312
3 2181 2182 2312
3 2181 2312 2179
3 2315 2183 2180
3 2183 2315 2182
3 2316 2185 2186
3 2187 2317 2186
3 2186 2317 2316
3 2189 2317 2187
3 2318 2190 2316
3 2316 2190 2185
3 2319 2316 2317
3 2318 2316 2319
3 2192 2319 2189
3 2189 2319 2317
3 2320 2193 2194
3 2321 2320 2194
3 2321 2194 2190
3 2322 2321 2190
3 2318 2322 2190
3 2324 2323 2322
3 2318 2324 2322
3 2319 2324 2318
3 2196 2324 2192
3 2192 2324 2319
3 2326 2325 2320
3 2325 2193 2320
3 2325 2198 2193
3 2326 2320 2321
3 2327 2323 2324
3 2324 2196 2327
3 2196 2328 2327
3 2196 2200 2328
3 2325 2329 2198
3 2198 2329 2201
3 2202 2201 2329
3 2202 2329 2330
3 2200 2203 2331
3 2332 2200 2331
3 2328 2200 2332
3 2204 2331 2203
3 2330 2205 2202
3 2333 2205 2330
3 2334 2332 2331
3 2336 2334 2335
3 2335 2334 2206
3 2334 2331 2206
3 2331 2204 2206
3 2208 2335 2206
3 2333 2337 2205
3 2205 2337 2211
3 2212 2211 2337
3 2212 2337 2338
3 2339 2336 2335
3 2341 2339 2340
3 2340 2339 2213
3 2339 2335 2213
3 2335 2208 2213
3 2214 2342 2213
3 2213 2342 2340
3 2215 2342 2214
3 2338 2343 2212
3 2212 2343 2217
3 2218 2217 2343
3 2218 2343 2344
3 2345 2341 2340
3 2345 2340 2342
3 2345 2342 2346
3 2348 2346 2347
3 2347 2346 2219
3 2346 2342 2219
3 2342 2215 2219
3 2221 2347 2219
3 2344 2349 2218
3 2218 2349 2222
3 2349 2351 2350
3 2223 2349 2350
3 2222 2349 2223
3 2350 2224 2223
3 2348 2347 2352
3 2348 2352 2353
3 2226 2352 2221
3 2221 2352 2347
3 2351 2354 2350
3 2354 2356 2355
3 2354 2355 2227
3 2350 2354 2227
3 2224 2350 2227
3 2355 2228 2227
3 2357 2353 2352
3 2359 2357 2358
3 2358 2357 2229
3 2357 2352 2229
3 2352 2226 2229
3 2231 2358 2229
3 2356 2360 2355
3 2228 2355 2360
3 2361 2228 2360
3 2232 2228 2361
3 2359 2358 2362
3 2359 2362 2363
3 2234 2362 2231
3 2231 2362 2358
3 2361 2235 2232
3 2364 2235 2361
3 2363 2362 2365
3 2363 2365 2366
3 2237 2365 2234
3 2234 2365 2362
3 2368 2239 2367
3 2239 2364 2367
3 2239 2235 2364
3 2369 2368 2367
3 2370 2366 2365
3 2372 2370 2371
3 2371 2370 2240
3 2370 2365 2240
3 2365 2237 2240
3 2241 2371 2240
3 2368 2242 2239
3 2243 2242 2368
3 2369 2243 2368
3 2373 2243 2369
3 2374 2372 2371
3 2371 2241 2374
3 2241 2375 2374
3 2241 2244 2375
3 2373 2376 2243
3 2243 2376 2245
3 2246 2245 2376
3 2246 2376 2377
3 2244 2247 2378
3 2379 2244 2378
3 2375 2244 2379
3 2248 2378 2247
3 2377 2249 2246
3 2380 2249 2377
3 2381 2379 2378
3 2383 2381 2382
3 2382 2381 2250
3 2381 2378 2250
3 2378 2248 2250
3 2251 2382 2250
3 2380 2384 2249
3 2249 2384 2252
3 2253 2252 2384
3 2253 2384 2385
3 2386 2383 2382
3 2388 2386 2387
3 2387 2386 2254
3 2386 2382 2254
3 2382 2251 2254
3 2256 2387 2254
3 2385 2389 2253
3 2253 2389 2257
3 2258 2257 2389
3 2258 2389 2390
3 2391 2388 2387
3 2393 2391 2392
3 2392 2391 2259
3 2391 2387 2259
3 2387 2256 2259
3 2260 2392 2259
3 2390 2394 2258
3 2258 2394 2261
3 2262 2261 2394
3 2262 2394 2395
3 2396 2393 2392
3 2392 2260 2396
3 2260 2397 2396
3 2260 2264 2397
3 2395 2266 2262
3 2398 2266 2395
3 2268 2397 2264
3 2268 2399 2397
3 2398 2400 2266
3 2266 2400 2269
3 2270 2269 2400
3 2270 2400 2401
3 2272 2399 2268
3 2272 2402 2399
3 2401 2273 2270
3 2403 2273 2401
3 2275 2402 2272
3 2275 2404 2402
3 2403 2277 2273
3 2405 2277 2403
3 2275 2279 2406
3 2407 2275 2406
3 2404 2275 2407
3 2281 2406 2279
3 2405 2282 2277
3 2408 2282 2405
3 2407 2406 2409
3 2407 2409 2410
3 2284 2409 2281
3 2281 2409 2406
3 2408 2286 2282
3 2411 2286 2408
3 2412 2410 2409
3 2409 2284 2412
3 2284 2413 2412
3 2284 2287 2413
3 2415 2289 2414
3 2289 2411 2414
3 2289 2286 2411
3 2416 2415 2414
3 2290 2413 2287
3 2290 2417 2413
3 2415 2291 2289
3 2292 2291 2415
3 2416 2292 2415
3 2418 2292 2416
3 2290 2293 2419
3 2420 2290 2419
3 2417 2290 2420
3 2294 2419 2293
3 2422 2296 2421
3 2296 2418 2421
3 2296 2292 2418
3 2423 2422 2421
3 2420 2419 2424
3 2420 2424 2425
3 2297 2424 2294
3 2294 2424 2419
3 2422 2298 2296
3 2299 2298 2422
3 2423 2299 2422
3 2426 2299 2423
3 2427 2425 2424
3 2424 2297 2427
3 2297 2428 2427
3 2297 2300 2428
3 2426 2429 2299
3 2299 2429 2301
3 2431 2430 2302
3 2301 2431 2302
3 2429 2431 2301
3 2432 2430 2303
3 2430 2428 2303
3 2428 2300 2303
3 2428 2430 2431
3 2304 2432 2303
3 2433 2305 2430
3 2430 2305 2302
3 2434 2430 2432
3 2433 2430 2434
3 2306 2434 2304
3 2304 2434 2432
3 2435 2307 2433
3 2433 2307 2305
3 2436 2433 2434
3 2435 2433 2436
3 2309 2436 2306
3 2306 2436 2434
3 2435 2310 2307
3 2310 2435 2311
3 2435 2437 2311
3 2435 2436 2437
3 2313 2437 2309
3 2309 2437 2436
3 2437 2314 2311
3 2314 2437 2313
3 2438 2321 2322
3 2323 2438 2322
3 2439 2325 2326
3 2321 2438 2326
3 2438 2439 2326
3 2438 2440 2439
3 2327 2441 2323
3 2441 2438 2323
3 2441 2440 2438
3 2328 2441 2327
3 2439 2329 2325
3 2329 2439 2330
3 2439 2442 2330
3 2439 2440 2442
3 2443 2440 2441
3 2442 2440 2443
3 2332 2443 2328
3 2328 2443 2441
3 2444 2333 2442
3 2442 2333 2330
3 2445 2442 2443
3 2444 2442 2445
3 2334 2446 2332
3 2446 2443 2332
3 2446 2445 2443
3 2336 2446 2334
3 2444 2337 2333
3 2337 2444 2338
3 2444 2447 2338
3 2444 2445 2447
3 2448 2445 2446
3 2447 2445 2448
3 2339 2449 2336
3 2449 2446 2336
3 2449 2448 2446
3 2341 2449 2339
3 2447 2343 2338
3 2343 2447 2344
3 2447 2450 2344
3 2447 2448 2450
3 2451 2448 2449
3 2450 2448 2451
3 2345 2452 2341
3 2452 2449 2341
3 2452 2451 2449
3 2346 2453 2345
3 2345 2453 2452
3 2348 2453 2346
3 2450 2349 2344
3 2349 2450 2351
3 2450 2454 2351
3 2450 2451 2454
3 2455 2451 2452
3 2454 2451 2455
3 2456 2452 2453
3 2455 2452 2456
3 2353 2456 2348
3 2348 2456 2453
3 2454 2354 2351
3 2354 2454 2356
3 2454 2457 2356
3 2454 2455 2457
3 2458 2455 2456
3 2457 2455 2458
3 2357 2459 2353
3 2459 2456 2353
3 2459 2458 2456
3 2359 2459 2357
3 2457 2360 2356
3 2360 2457 2361
3 2457 2460 2361
3 2457 2458 2460
3 2461 2458 2459
3 2460 2458 2461
3 2363 2461 2359
3 2359 2461 2459
3 2462 2364 2460
3 2460 2364 2361
3 2463 2460 2461
3 2462 2460 2463
3 2366 2463 2363
3 2363 2463 2461
3 2462 2367 2364
3 2367 2462 2369
3 2462 2464 2369
3 2462 2463 2464
3 2370 2465 2366
3 2465 2463 2366
3 2465 2464 2463
3 2372 2465 2370
3 2466 2373 2464
3 2464 2373 2369
3 2467 2464 2465
3 2466 2464 2467
3 2374 2468 2372
3 2468 2465 2372
3 2468 2467 2465
3 2375 2468 2374
3 2466 2376 2373
3 2376 2466 2377
3 2466 2469 2377
3 2466 2467 2469
3 2470 2467 2468
3 2469 2467 2470
3 2379 2470 2375
3 2375 2470 2468
3 2471 2380 2469
3 2469 2380 2377
3 2472 2469 2470
3 2471 2469 2472
3 2381 2473 2379
3 2473 2470 2379
3 2473 2472 2470
3 2383 2473 2381
3 2471 2384 2380
3 2384 2471 2385
3 2471 2474 2385
3 2471 2472 2474
3 2475 2472 2473
3 2474 2472 2475
3 2386 2476 2383
3 2476 2473 2383
3 2476 2475 2473
3 2388 2476 2386
3 2474 2389 2385
3 2474 2475 2477
3 2390 2474 2477
3 2478 2390 2477
3 2474 2390 2389
3 2477 2475 2476
3 2477 2476 2479
3 2481 2479 2480
3 2480 2479 2391
3 2479 2476 2391
3 2476 2388 2391
3 2393 2480 2391
3 2478 2482 2390
3 2390 2482 2394
3 2395 2394 2482
3 2395 2482 2483
3 2484 2481 2480
3 2486 2484 2485
3 2485 2484 2396
3 2484 2480 2396
3 2480 2393 2396
3 2397 2485 2396
3 2488 2398 2487
3 2398 2483 2487
3 2398 2395 2483
3 2489 2488 2487
3 2486 2485 2490
3 2486 2490 2491
3 2399 2490 2397
3 2397 2490 2485
3 2488 2400 2398
3 2401 2400 2488
3 2489 2401 2488
3 2492 2401 2489
3 2491 2490 2493
3 2491 2493 2494
3 2402 2493 2399
3 2399 2493 2490
3 2492 2403 2401
3 2495 2403 2492
3 2494 2493 2496
3 2494 2496 2497
3 2404 2496 2402
3 2402 2496 2493
3 2495 2405 2403
3 2498 2405 2495
3 2497 2496 2499
3 2497 2499 2500
3 2407 2499 2404
3 2404 2499 2496
3 2498 2408 2405
3 2501 2408 2498
3 2500 2499 2502
3 2500 2502 2503
3 2410 2502 2407
3 2407 2502 2499
3 2505 2411 2504
3 2411 2501 2504
3 2411 2408 2501
3 2505 2504 2503
3 2502 2505 2503
3 2506 2505 2502
3 2412 2507 2410
3 2507 2502 2410
3 2507 2506 2502
3 2413 2507 2412
3 2505 2414 2411
3 2505 2506 2508
3 2416 2505 2508
3 2509 2416 2508
3 2505 2416 2414
3 2511 2510 2508
3 2506 2511 2508
3 2507 2511 2506
3 2417 2511 2413
3 2413 2511 2507
3 2513 2418 2512
3 2418 2509 2512
3 2418 2416 2509
3 2513 2512 2510
3 2511 2513 2510
3 2514 2513 2511
3 2420 2514 2417
3 2417 2514 2511
3 2513 2421 2418
3 2421 2513 2423
3 2513 2515 2423
3 2513 2514 2515
3 2425 2515 2420
3 2420 2515 2514
3 2516 2426 2515
3 2515 2426 2423
3 2427 2517 2425
3 2517 2515 2425
3 2517 2516 2515
3 2428 2517 2427
3 2516 2429 2426
3 2429 2516 2431
3 2431 2516 2517
3 2431 2517 2428
3 2518 2478 2477
3 2479 2519 2477
3 2477 2519 2518
3 2481 2519 2479
3 2518 2482 2478
3 2482 2518 2483
3 2518 2520 2483
3 2518 2519 2520
3 2484 2521 2481
3 2521 2519 2481
3 2521 2520 2519
3 2486 2521 2484
3 2520 2487 2483
3 2487 2520 2489
3 2520 2522 2489
3 2520 2521 2522
3 2491 2522 2486
3 2486 2522 2521
3 2523 2492 2522
3 2522 2492 2489
3 2494 2523 2491
3 2491 2523 2522
3 2524 2495 2523
3 2523 2495 2492
3 2497 2524 2494
3 2494 2524 2523
3 2525 2498 2524
3 2524 2498 2495
3 2500 2525 2497
3 2497 2525 2524
3 2526 2501 2525
3 2525 2501 2498
3 2503 2526 2500
3 2500 2526 2525
3 2526 2504 2501
3 2504 2526 2503
3 2527 2509 2508
3 2510 2527 2508
3 2527 2512 2509
3 2512 2527 2510
