ply
format ascii 1.0
element vertex 10270
property float x
property float y
property float z
element face 20576
property list uchar int vertex_indices
end_header
-21.70000 15.49999 -30.50000
-22.20000 15.49999 -31.00000
-22.20000 15.99999 -30.50000
-22.20000 15.49999 -30.00000
-22.20000 14.99999 -30.50000
-22.70000 18.49999 -31.50000
-23.20000 18.49999 -32.00000
-23.20000 18.99999 -31.50000
-23.20000 18.49999 -31.00000
-22.70000 17.49999 -31.50000
-23.20000 17.49999 -32.00000
-23.20000 17.49999 -31.00000
-22.70000 16.49999 -31.50000
-23.20000 16.49999 -32.00000
-23.20000 16.99999 -30.50000
-22.70000 16.49999 -30.50000
-23.20000 16.49999 -30.00000
-23.20000 15.99999 -31.50000
-23.20000 15.49999 -31.00000
-23.20000 15.99999 -29.50000
-22.70000 15.49999 -29.50000
-23.20000 15.49999 -29.00000
-23.20000 14.99999 -30.50000
-23.20000 14.99999 -29.50000
-22.70000 -33.50001 -4.50000
-23.20000 -33.50001 -5.00000
-23.20000 -33.00001 -4.50000
-23.20000 -33.50001 -4.00000
-23.20000 -34.00001 -4.50000
-22.70000 -35.50001 -5.50000
-23.20000 -35.50001 -6.00000
-23.20000 -35.00001 -5.50000
-23.20000 -35.50001 -5.00000
-23.20000 -36.00001 -5.50000
-22.70000 -58.50001 -10.50000
-23.20000 -58.50001 -11.00000
-23.20000 -58.00001 -10.50000
-23.20000 -58.50001 -10.00000
-23.20000 -59.00001 -10.50000
-23.20000 -59.50001 -10.00000
-22.70000 -59.50001 -9.50000
-23.20000 -59.00001 -9.50000
-23.20000 -59.50001 -9.00000
-23.20000 -60.00001 -9.50000
-23.70000 19.49999 -31.50000
-24.20000 19.49999 -32.00000
-24.20000 19.99999 -31.50000
-24.20000 19.49999 -31.00000
-24.20000 18.49999 -32.00000
-24.20000 18.99999 -30.50000
-23.70000 18.49999 -30.50000
-24.20000 18.49999 -30.00000
-24.20000 17.49999 -32.00000
-23.70000 17.49999 -30.50000
-24.20000 17.99999 -29.50000
-23.70000 17.49999 -29.50000
-24.20000 17.49999 -29.00000
-24.20000 16.49999 -32.00000
-23.70000 16.49999 -29.50000
-24.20000 16.99999 -28.50000
-23.70000 16.49999 -28.50000
-24.20000 16.49999 -28.00000
-24.20000 15.99999 -31.50000
-24.20000 15.49999 -31.00000
-23.70000 15.49999 -28.50000
-24.20000 15.49999 -28.00000
-24.20000 14.99999 -30.50000
-23.70000 14.49999 -29.50000
-24.20000 14.49999 -30.00000
-23.70000 14.49999 -28.50000
-24.20000 14.49999 -28.00000
-23.70000 13.49999 -29.50000
-24.20000 13.49999 -30.00000
-24.20000 13.49999 -29.00000
-24.20000 13.99999 -28.50000
-24.20000 12.99999 -29.50000
-23.70000 -24.50001 -7.50000
-24.20000 -24.50001 -8.00000
-24.20000 -24.00001 -7.50000
-24.20000 -24.50001 -7.00000
-24.20000 -25.00001 -7.50000
-23.70000 -27.50001 -5.50000
-24.20000 -27.50001 -6.00000
-24.20000 -27.00001 -5.50000
-24.20000 -27.50001 -5.00000
-23.70000 -28.50001 -5.50000
-24.20000 -28.50001 -6.00000
-24.20000 -28.50001 -5.00000
-23.70000 -29.50001 -6.50000
-24.20000 -29.50001 -7.00000
-24.20000 -29.00001 -6.50000
-23.70000 -29.50001 -5.50000
-24.20000 -29.50001 -5.00000
-23.70000 -30.50001 -7.50000
-24.20000 -30.50001 -8.00000
-24.20000 -30.00001 -7.50000
-23.70000 -30.50001 -6.50000
-23.70000 -30.50001 -5.50000
-24.20000 -30.50001 -5.00000
-23.70000 -31.50001 -7.50000
-24.20000 -31.50001 -8.00000
-23.70000 -31.50001 -6.50000
-23.70000 -31.50001 -5.50000
-24.20000 -31.00001 -4.50000
-23.70000 -31.50001 -4.50000
-24.20000 -31.50001 -4.00000
-24.20000 -32.00001 -7.50000
-23.70000 -32.50001 -6.50000
-24.20000 -32.50001 -7.00000
-23.70000 -32.50001 -5.50000
-23.70000 -32.50001 -4.50000
-24.20000 -32.00001 -3.50000
-23.70000 -32.50001 -3.50000
-24.20000 -32.50001 -3.00000
-23.70000 -33.50001 -6.50000
-24.20000 -33.50001 -7.00000
-23.70000 -33.50001 -5.50000
-23.70000 -33.50001 -3.50000
-24.20000 -33.50001 -3.00000
-23.70000 -34.50001 -6.50000
-24.20000 -34.50001 -7.00000
-23.70000 -34.50001 -5.50000
-23.70000 -34.50001 -4.50000
-24.20000 -34.50001 -4.00000
-24.20000 -34.00001 -3.50000
-23.70000 -35.50001 -6.50000
-24.20000 -35.50001 -7.00000
-23.70000 -35.50001 -4.50000
-24.20000 -35.50001 -4.00000
-24.20000 -36.00001 -6.50000
-23.70000 -36.50001 -5.50000
-24.20000 -36.50001 -6.00000
-24.20000 -36.50001 -5.00000
-24.20000 -36.00001 -4.50000
-24.20000 -37.00001 -5.50000
-23.70000 -57.50001 -9.50000
-24.20000 -57.50001 -10.00000
-24.20000 -57.00001 -9.50000
-24.20000 -57.00001 -8.50000
-23.70000 -57.50001 -8.50000
-24.20000 -57.50001 -8.00000
-24.20000 -58.50001 -11.00000
-24.20000 -58.00001 -10.50000
-23.70000 -58.50001 -9.50000
-23.70000 -58.50001 -8.50000
-24.20000 -58.00001 -7.50000
-23.70000 -58.50001 -7.50000
-24.20000 -58.50001 -7.00000
-24.20000 -59.00001 -10.50000
-23.70000 -59.00001 -10.00000
-24.20000 -59.50001 -10.00000
-23.70000 -59.50001 -8.50000
-23.70000 -59.50001 -7.50000
-24.20000 -59.00001 -6.50000
-23.70000 -59.50001 -6.50000
-24.20000 -59.50001 -6.00000
-24.20000 -60.00001 -9.50000
-23.70000 -60.50001 -8.50000
-24.20000 -60.50001 -9.00000
-23.70000 -60.50001 -7.50000
-23.70000 -60.50001 -6.50000
-24.20000 -60.00001 -5.50000
-23.70000 -60.50001 -5.50000
-24.20000 -60.00001 -4.50000
-23.70000 -60.50001 -4.50000
-24.20000 -60.50001 -4.00000
-24.20000 -61.00001 -8.50000
-24.20000 -61.00001 -7.50000
-23.70000 -61.50001 -6.50000
-24.20000 -61.50001 -7.00000
-23.70000 -61.50001 -5.50000
-23.70000 -61.50001 -4.50000
-24.20000 -61.50001 -4.00000
-24.20000 -62.00001 -6.50000
-24.20000 -62.00001 -5.50000
-24.20000 -62.00001 -4.50000
-25.20000 19.49999 -32.00000
-25.20000 19.99999 -31.50000
-25.20000 19.99999 -30.50000
-24.70000 19.49999 -30.50000
-25.20000 19.99999 -29.50000
-24.70000 19.49999 -29.50000
-25.20000 19.49999 -29.00000
-25.20000 18.49999 -32.00000
-24.70000 18.49999 -29.50000
-25.20000 18.99999 -28.50000
-24.70000 18.49999 -28.50000
-25.20000 18.49999 -28.00000
-25.20000 17.49999 -32.00000
-24.70000 17.49999 -28.50000
-25.20000 17.99999 -27.50000
-24.70000 17.49999 -27.50000
-25.20000 17.49999 -27.00000
-25.20000 16.49999 -32.00000
-24.70000 16.49999 -27.50000
-25.20000 16.99999 -26.50000
-24.70000 16.49999 -26.50000
-25.20000 16.49999 -26.00000
-24.70000 15.49999 -31.50000
-25.20000 15.49999 -32.00000
-24.70000 15.49999 -27.50000
-25.20000 15.49999 -27.00000
-25.20000 15.99999 -26.50000
-25.20000 14.99999 -31.50000
-24.70000 14.49999 -30.50000
-25.20000 14.49999 -31.00000
-24.70000 14.49999 -27.50000
-25.20000 14.49999 -27.00000
-24.70000 13.49999 -30.50000
-25.20000 13.49999 -31.00000
-24.70000 13.49999 -28.50000
-25.20000 13.49999 -28.00000
-25.20000 13.99999 -27.50000
-24.70000 12.49999 -30.50000
-25.20000 12.49999 -31.00000
-25.20000 12.99999 -29.50000
-25.20000 12.49999 -30.00000
-25.20000 12.99999 -28.50000
-24.70000 11.49999 -31.50000
-25.20000 11.49999 -32.00000
-25.20000 11.99999 -31.50000
-25.20000 11.99999 -30.50000
-25.20000 11.49999 -31.00000
-25.20000 10.99999 -31.50000
-24.70000 -21.50001 -8.50000
-25.20000 -21.50001 -9.00000
-25.20000 -21.00001 -8.50000
-25.20000 -21.50001 -8.00000
-24.70000 -22.50001 -8.50000
-25.20000 -22.50001 -9.00000
-25.20000 -22.50001 -8.00000
-24.70000 -23.50001 -8.50000
-25.20000 -23.50001 -9.00000
-25.20000 -23.00001 -7.50000
-24.70000 -23.50001 -7.50000
-25.20000 -23.50001 -7.00000
-24.70000 -24.50001 -8.50000
-25.20000 -24.50001 -9.00000
-25.20000 -24.50001 -7.00000
-25.20000 -25.00001 -8.50000
-25.20000 -25.00001 -7.50000
-25.20000 -25.00001 -6.50000
-24.70000 -25.50001 -6.50000
-25.20000 -25.50001 -7.00000
-25.20000 -25.50001 -6.00000
-25.20000 -26.00001 -6.50000
-25.20000 -26.50001 -6.00000
-24.70000 -26.50001 -5.50000
-25.20000 -26.00001 -5.50000
-25.20000 -26.50001 -5.00000
-24.70000 -27.50001 -7.50000
-25.20000 -27.50001 -8.00000
-25.20000 -27.00001 -7.50000
-25.20000 -27.00001 -6.50000
-24.70000 -27.50001 -6.50000
-25.20000 -27.00001 -4.50000
-24.70000 -27.50001 -4.50000
-25.20000 -27.50001 -4.00000
-24.70000 -28.50001 -7.50000
-25.20000 -28.50001 -8.00000
-24.70000 -28.50001 -6.50000
-24.70000 -28.50001 -4.50000
-25.20000 -28.50001 -4.00000
-24.70000 -29.50001 -7.50000
-25.20000 -29.50001 -8.00000
-24.70000 -29.50001 -4.50000
-25.20000 -29.50001 -4.00000
-25.20000 -30.50001 -8.00000
-24.70000 -30.50001 -4.50000
-25.20000 -30.50001 -4.00000
-25.20000 -31.50001 -8.00000
-25.20000 -31.00001 -3.50000
-24.70000 -31.50001 -3.50000
-25.20000 -31.00001 -2.50000
-24.70000 -31.50001 -2.50000
-25.20000 -31.50001 -2.00000
-24.70000 -32.50001 -7.50000
-25.20000 -32.50001 -8.00000
-24.70000 -32.50001 -2.50000
-25.20000 -32.50001 -2.00000
-24.70000 -33.50001 -7.50000
-25.20000 -33.50001 -8.00000
-25.20000 -33.00001 -2.50000
-25.20000 -33.50001 -3.00000
-24.70000 -34.50001 -7.50000
-25.20000 -34.50001 -8.00000
-24.70000 -34.50001 -3.50000
-25.20000 -34.50001 -3.00000
-24.70000 -35.50001 -7.50000
-25.20000 -35.50001 -8.00000
-25.20000 -35.00001 -3.50000
-25.20000 -35.50001 -4.00000
-24.70000 -36.50001 -7.50000
-25.20000 -36.50001 -8.00000
-24.70000 -36.50001 -6.50000
-24.70000 -36.50001 -4.50000
-25.20000 -36.50001 -4.00000
-25.20000 -37.00001 -7.50000
-24.70000 -37.50001 -6.50000
-25.20000 -37.50001 -7.00000
-24.70000 -37.50001 -5.50000
-25.20000 -37.50001 -5.00000
-25.20000 -37.00001 -4.50000
-25.20000 -38.00001 -6.50000
-24.70000 -38.50001 -5.50000
-25.20000 -38.50001 -6.00000
-25.20000 -38.50001 -5.00000
-25.20000 -39.00001 -5.50000
-24.70000 -41.50001 -6.50000
-25.20000 -41.50001 -7.00000
-25.20000 -41.00001 -6.50000
-25.20000 -41.50001 -6.00000
-25.20000 -42.00001 -6.50000
-24.70000 -49.50001 -8.50000
-25.20000 -49.50001 -9.00000
-25.20000 -49.00001 -8.50000
-25.20000 -49.50001 -8.00000
-24.70000 -50.50001 -8.50000
-25.20000 -50.50001 -9.00000
-25.20000 -50.50001 -8.00000
-24.70000 -51.50001 -8.50000
-25.20000 -51.50001 -9.00000
-25.20000 -51.50001 -8.00000
-24.70000 -52.50001 -8.50000
-25.20000 -52.50001 -9.00000
-25.20000 -52.00001 -7.50000
-24.70000 -52.50001 -7.50000
-25.20000 -52.50001 -7.00000
-24.70000 -53.50001 -8.50000
-25.20000 -53.50001 -9.00000
-24.70000 -53.50001 -7.50000
-25.20000 -53.00001 -6.50000
-24.70000 -53.50001 -6.50000
-25.20000 -53.50001 -6.00000
-24.70000 -54.50001 -9.50000
-25.20000 -54.50001 -10.00000
-25.20000 -54.00001 -9.50000
-24.70000 -54.50001 -8.50000
-24.70000 -54.50001 -7.50000
-24.70000 -54.50001 -6.50000
-25.20000 -54.00001 -5.50000
-24.70000 -54.50001 -5.50000
-25.20000 -54.00001 -4.50000
-24.70000 -54.50001 -4.50000
-25.20000 -54.50001 -4.00000
-24.70000 -54.50001 -1.50000
-25.20000 -54.50001 -2.00000
-25.20000 -54.00001 -1.50000
-25.20000 -54.50001 -1.00000
-24.70000 -55.50001 -9.50000
-25.20000 -55.50001 -10.00000
-24.70000 -55.50001 -8.50000
-24.70000 -55.50001 -7.50000
-24.70000 -55.50001 -6.50000
-24.70000 -55.50001 -5.50000
-24.70000 -55.50001 -4.50000
-25.20000 -55.00001 -3.50000
-24.70000 -55.50001 -3.50000
-25.20000 -55.00001 -2.50000
-24.70000 -55.50001 -2.50000
-24.70000 -55.50001 -1.50000
-25.20000 -55.00001 -0.50000
-24.70000 -55.50001 -0.50000
-25.20000 -55.50001 0.00000
-24.70000 -56.50001 -9.50000
-25.20000 -56.50001 -10.00000
-24.70000 -56.50001 -8.50000
-24.70000 -56.50001 -7.50000
-24.70000 -56.50001 -6.50000
-24.70000 -56.50001 -5.50000
-24.70000 -56.50001 -4.50000
-24.70000 -56.50001 -3.50000
-24.70000 -56.50001 -2.50000
-24.70000 -56.50001 -1.50000
-24.70000 -56.50001 -0.50000
-25.20000 -56.00001 0.50000
-24.70000 -56.50001 0.50000
-25.20000 -56.50001 1.00000
-25.20000 -57.50001 -10.00000
-24.70000 -57.50001 -7.50000
-25.20000 -57.50001 -7.00000
-25.20000 -57.00001 -6.50000
-25.20000 -57.00001 -5.50000
-25.20000 -57.00001 -4.50000
-25.20000 -57.00001 -3.50000
-25.20000 -57.00001 -2.50000
-25.20000 -57.00001 -1.50000
-24.70000 -57.50001 -0.50000
-25.20000 -57.50001 -1.00000
-24.70000 -57.50001 0.50000
-25.20000 -57.50001 1.00000
-24.70000 -58.50001 -11.50000
-25.20000 -58.50001 -12.00000
-25.20000 -58.00001 -11.50000
-25.20000 -58.00001 -10.50000
-25.20000 -58.00001 -6.50000
-24.70000 -58.50001 -6.50000
-25.20000 -58.50001 -6.00000
-24.70000 -58.50001 -0.50000
-25.20000 -58.50001 -1.00000
-24.70000 -58.50001 0.50000
-25.20000 -58.50001 1.00000
-25.20000 -59.00001 -11.50000
-25.20000 -59.00001 -10.50000
-25.20000 -59.50001 -10.00000
-25.20000 -59.00001 -5.50000
-24.70000 -59.50001 -5.50000
-25.20000 -59.50001 -5.00000
-24.70000 -59.50001 -0.50000
-25.20000 -59.50001 -1.00000
-24.70000 -59.50001 0.50000
-25.20000 -59.50001 1.00000
-25.20000 -60.00001 -9.50000
-25.20000 -60.50001 -9.00000
-25.20000 -60.00001 -4.50000
-25.20000 -60.00001 -3.50000
-24.70000 -60.50001 -3.50000
-25.20000 -60.00001 -2.50000
-24.70000 -60.50001 -2.50000
-25.20000 -60.00001 -1.50000
-24.70000 -60.50001 -1.50000
-24.70000 -60.50001 -0.50000
-24.70000 -60.50001 0.50000
-25.20000 -60.50001 1.00000
-25.20000 -61.00001 -8.50000
-24.70000 -61.50001 -7.50000
-25.20000 -61.50001 -8.00000
-24.70000 -61.50001 -3.50000
-24.70000 -61.50001 -2.50000
-24.70000 -61.50001 -1.50000
-24.70000 -61.50001 -0.50000
-24.70000 -61.50001 0.50000
-25.20000 -61.50001 1.00000
-25.20000 -62.00001 -7.50000
-25.20000 -62.00001 -6.50000
-25.20000 -62.00001 -5.50000
-25.20000 -62.00001 -4.50000
-25.20000 -62.00001 -3.50000
-25.20000 -62.00001 -2.50000
-25.20000 -62.00001 -1.50000
-25.20000 -62.00001 -0.50000
-25.20000 -62.00001 0.50000
-25.70000 21.49999 -30.50000
-26.20000 21.49999 -31.00000
-26.20000 21.99999 -30.50000
-26.20000 21.49999 -30.00000
-25.70000 20.49999 -31.50000
-26.20000 20.49999 -32.00000
-26.20000 20.99999 -31.50000
-25.70000 20.49999 -30.50000
-26.20000 20.99999 -29.50000
-25.70000 20.49999 -29.50000
-26.20000 20.49999 -29.00000
-26.20000 19.49999 -32.00000
-26.20000 19.99999 -28.50000
-25.70000 19.49999 -28.50000
-26.20000 19.49999 -28.00000
-26.20000 18.49999 -32.00000
-26.20000 18.99999 -27.50000
-25.70000 18.49999 -27.50000
-26.20000 18.49999 -27.00000
-26.20000 17.49999 -32.00000
-26.20000 17.49999 -27.00000
-26.20000 16.49999 -32.00000
-25.70000 16.49999 -26.50000
-26.20000 16.49999 -27.00000
-26.20000 15.49999 -32.00000
-25.70000 15.49999 -26.50000
-26.20000 15.99999 -26.50000
-26.20000 15.49999 -26.00000
-25.70000 14.49999 -31.50000
-26.20000 14.49999 -32.00000
-26.20000 14.99999 -26.50000
-26.20000 14.49999 -27.00000
-26.20000 13.99999 -31.50000
-26.20000 13.49999 -31.00000
-25.70000 13.49999 -27.50000
-26.20000 13.49999 -27.00000
-26.20000 12.49999 -31.00000
-25.70000 12.49999 -29.50000
-26.20000 12.49999 -29.00000
-26.20000 12.99999 -28.50000
-26.20000 12.99999 -27.50000
-26.20000 11.49999 -32.00000
-26.20000 11.99999 -31.50000
-26.20000 11.99999 -30.50000
-26.20000 11.49999 -31.00000
-26.20000 11.99999 -29.50000
-26.20000 10.99999 -31.50000
-25.70000 -20.50001 -8.50000
-26.20000 -20.50001 -9.00000
-26.20000 -20.00001 -8.50000
-26.20000 -20.50001 -8.00000
-25.70000 -21.50001 -10.50000
-26.20000 -21.50001 -11.00000
-26.20000 -21.00001 -10.50000
-26.20000 -21.00001 -9.50000
-25.70000 -21.50001 -9.50000
-26.20000 -21.50001 -8.00000
-25.70000 -22.50001 -10.50000
-26.20000 -22.50001 -11.00000
-25.70000 -22.50001 -9.50000
-26.20000 -22.00001 -7.50000
-25.70000 -22.50001 -7.50000
-26.20000 -22.50001 -7.00000
-25.70000 -23.50001 -10.50000
-26.20000 -23.50001 -11.00000
-25.70000 -23.50001 -9.50000
-26.20000 -23.50001 -7.00000
-26.20000 -24.00001 -10.50000
-25.70000 -24.50001 -9.50000
-26.20000 -24.50001 -10.00000
-26.20000 -24.00001 -6.50000
-25.70000 -24.50001 -6.50000
-26.20000 -24.50001 -6.00000
-25.70000 -25.50001 -9.50000
-26.20000 -25.50001 -10.00000
-25.70000 -25.50001 -8.50000
-25.70000 -25.50001 -7.50000
-26.20000 -25.00001 -6.50000
-26.20000 -25.50001 -7.00000
-25.70000 -25.50001 -6.50000
-25.70000 -26.50001 -9.50000
-26.20000 -26.50001 -10.00000
-25.70000 -26.50001 -8.50000
-25.70000 -26.50001 -7.50000
-26.20000 -26.00001 -6.50000
-25.70000 -26.50001 -6.50000
-26.20000 -26.00001 -5.50000
-26.20000 -26.50001 -5.00000
-26.20000 -27.00001 -9.50000
-25.70000 -27.50001 -8.50000
-26.20000 -27.50001 -9.00000
-26.20000 -27.00001 -4.50000
-26.20000 -27.50001 -4.00000
-25.70000 -28.50001 -8.50000
-26.20000 -28.50001 -9.00000
-26.20000 -28.50001 -4.00000
-25.70000 -29.50001 -8.50000
-26.20000 -29.50001 -9.00000
-26.20000 -29.00001 -3.50000
-25.70000 -29.50001 -3.50000
-26.20000 -29.50001 -3.00000
-25.70000 -30.50001 -8.50000
-26.20000 -30.50001 -9.00000
-25.70000 -30.50001 -3.50000
-26.20000 -30.00001 -2.50000
-25.70000 -30.50001 -2.50000
-26.20000 -30.00001 -1.50000
-25.70000 -30.50001 -1.50000
-26.20000 -30.50001 -1.00000
-25.70000 -31.50001 -8.50000
-26.20000 -31.50001 -9.00000
-26.20000 -31.00001 -1.50000
-26.20000 -31.50001 -2.00000
-25.70000 -32.50001 -8.50000
-26.20000 -32.50001 -9.00000
-26.20000 -32.50001 -2.00000
-26.20000 -33.00001 -8.50000
-26.20000 -33.50001 -8.00000
-25.70000 -33.50001 -2.50000
-26.20000 -33.50001 -2.00000
-26.20000 -34.50001 -8.00000
-26.20000 -34.00001 -2.50000
-26.20000 -34.50001 -3.00000
-26.20000 -35.50001 -8.00000
-25.70000 -35.50001 -3.50000
-26.20000 -35.50001 -3.00000
-26.20000 -36.50001 -8.00000
-25.70000 -36.50001 -3.50000
-26.20000 -36.50001 -3.00000
-25.70000 -37.50001 -7.50000
-26.20000 -37.50001 -8.00000
-25.70000 -37.50001 -4.50000
-26.20000 -37.50001 -4.00000
-26.20000 -37.00001 -3.50000
-25.70000 -38.50001 -7.50000
-26.20000 -38.50001 -8.00000
-25.70000 -38.50001 -6.50000
-25.70000 -38.50001 -4.50000
-26.20000 -38.50001 -4.00000
-25.70000 -39.50001 -7.50000
-26.20000 -39.50001 -8.00000
-25.70000 -39.50001 -6.50000
-25.70000 -39.50001 -5.50000
-25.70000 -39.50001 -4.50000
-26.20000 -39.50001 -4.00000
-25.70000 -40.50001 -7.50000
-26.20000 -40.50001 -8.00000
-25.70000 -40.50001 -6.50000
-25.70000 -40.50001 -5.50000
-25.70000 -40.50001 -4.50000
-26.20000 -40.50001 -4.00000
-25.70000 -41.50001 -7.50000
-26.20000 -41.50001 -8.00000
-25.70000 -41.50001 -5.50000
-26.20000 -41.50001 -5.00000
-26.20000 -41.00001 -4.50000
-25.70000 -42.50001 -7.50000
-26.20000 -42.50001 -8.00000
-25.70000 -42.50001 -6.50000
-25.70000 -42.50001 -5.50000
-26.20000 -42.50001 -5.00000
-25.70000 -43.50001 -7.50000
-26.20000 -43.50001 -8.00000
-25.70000 -43.50001 -6.50000
-26.20000 -43.50001 -6.00000
-26.20000 -43.00001 -5.50000
-25.70000 -44.50001 -7.50000
-26.20000 -44.50001 -8.00000
-25.70000 -44.50001 -6.50000
-26.20000 -44.50001 -6.00000
-26.20000 -45.00001 -7.50000
-26.20000 -45.00001 -6.50000
-25.70000 -47.50001 -7.50000
-26.20000 -47.50001 -8.00000
-26.20000 -47.00001 -7.50000
-26.20000 -47.50001 -7.00000
-25.70000 -48.50001 -8.50000
-26.20000 -48.50001 -9.00000
-26.20000 -48.00001 -8.50000
-25.70000 -48.50001 -7.50000
-26.20000 -48.50001 -7.00000
-25.70000 -49.50001 -9.50000
-26.20000 -49.50001 -10.00000
-26.20000 -49.00001 -9.50000
-25.70000 -49.50001 -7.50000
-26.20000 -49.00001 -6.50000
-25.70000 -49.50001 -6.50000
-26.20000 -49.50001 -6.00000
-25.70000 -50.50001 -9.50000
-26.20000 -50.50001 -10.00000
-25.70000 -50.50001 -7.50000
-25.70000 -50.50001 -6.50000
-26.20000 -50.50001 -6.00000
-25.70000 -51.50001 -10.50000
-26.20000 -51.50001 -11.00000
-26.20000 -51.00001 -10.50000
-25.70000 -51.50001 -9.50000
-25.70000 -51.50001 -7.50000
-25.70000 -51.50001 -6.50000
-26.20000 -51.00001 -5.50000
-25.70000 -51.50001 -5.50000
-26.20000 -51.50001 -5.00000
-25.70000 -52.50001 -10.50000
-26.20000 -52.50001 -11.00000
-25.70000 -52.50001 -9.50000
-25.70000 -52.50001 -6.50000
-25.70000 -52.50001 -5.50000
-26.20000 -52.00001 -4.50000
-25.70000 -52.50001 -4.50000
-26.20000 -52.00001 -3.50000
-25.70000 -52.50001 -3.50000
-26.20000 -52.50001 -3.00000
-25.70000 -53.50001 -10.50000
-26.20000 -53.50001 -11.00000
-25.70000 -53.50001 -9.50000
-25.70000 -53.50001 -5.50000
-25.70000 -53.50001 -4.50000
-25.70000 -53.50001 -3.50000
-26.20000 -53.00001 -2.50000
-25.70000 -53.50001 -2.50000
-26.20000 -53.00001 -1.50000
-25.70000 -53.50001 -1.50000
-26.20000 -53.00001 -0.50000
-25.70000 -53.50001 -0.50000
-26.20000 -53.50001 0.00000
-25.70000 -54.50001 -10.50000
-26.20000 -54.50001 -11.00000
-25.70000 -54.50001 -3.50000
-25.70000 -54.50001 -2.50000
-25.70000 -54.50001 -0.50000
-26.20000 -54.00001 0.50000
-25.70000 -54.50001 0.50000
-26.20000 -54.50001 1.00000
-26.20000 -55.00001 -10.50000
-26.20000 -55.50001 -10.00000
-25.70000 -55.50001 0.50000
-26.20000 -55.00001 1.50000
-25.70000 -55.50001 1.50000
-26.20000 -55.50001 2.00000
-26.20000 -56.50001 -10.00000
-25.70000 -56.50001 1.50000
-26.20000 -56.50001 2.00000
-26.20000 -57.00001 -9.50000
-25.70000 -57.50001 -9.50000
-25.70000 -57.50001 -8.50000
-26.20000 -57.00001 -8.50000
-25.70000 -57.50001 -7.50000
-26.20000 -57.00001 -7.50000
-26.20000 -57.00001 -6.50000
-26.20000 -57.00001 -5.50000
-26.20000 -57.00001 -4.50000
-26.20000 -57.00001 -3.50000
-26.20000 -57.00001 -2.50000
-25.70000 -57.50001 -1.50000
-26.20000 -57.50001 -2.00000
-25.70000 -57.50001 1.50000
-26.20000 -57.00001 2.50000
-25.70000 -57.50001 2.50000
-26.20000 -57.50001 3.00000
-26.20000 -58.50001 -12.00000
-26.20000 -58.00001 -11.50000
-26.20000 -58.00001 -10.50000
-26.20000 -58.00001 -9.50000
-26.20000 -58.00001 -8.50000
-26.20000 -58.00001 -7.50000
-25.70000 -58.50001 -6.50000
-26.20000 -58.50001 -7.00000
-25.70000 -58.50001 -1.50000
-26.20000 -58.50001 -2.00000
-25.70000 -58.50001 1.50000
-26.20000 -58.50001 2.00000
-26.20000 -58.00001 2.50000
-26.20000 -59.00001 -11.50000
-25.70000 -59.50001 -10.50000
-26.20000 -59.50001 -11.00000
-26.20000 -59.00001 -6.50000
-26.20000 -59.00001 -5.50000
-26.20000 -59.00001 -4.50000
-25.70000 -59.50001 -4.50000
-26.20000 -59.00001 -3.50000
-25.70000 -59.50001 -3.50000
-26.20000 -59.00001 -2.50000
-25.70000 -59.50001 -2.50000
-25.70000 -59.50001 -1.50000
-25.70000 -59.50001 1.50000
-26.20000 -59.50001 2.00000
-26.20000 -60.00001 -10.50000
-26.20000 -60.00001 -9.50000
-26.20000 -60.50001 -9.00000
-26.20000 -60.00001 1.50000
-26.20000 -60.50001 1.00000
-26.20000 -61.00001 -8.50000
-25.70000 -61.50001 -7.50000
-26.20000 -61.00001 -7.50000
-25.70000 -61.50001 -6.50000
-26.20000 -61.00001 -6.50000
-26.20000 -61.50001 -6.00000
-25.70000 -61.50001 -1.50000
-26.20000 -61.00001 -1.50000
-26.20000 -61.50001 -2.00000
-25.70000 -61.50001 -0.50000
-26.20000 -61.00001 -0.50000
-25.70000 -61.50001 0.50000
-26.20000 -61.00001 0.50000
-26.20000 -62.00001 -5.50000
-26.20000 -62.00001 -4.50000
-26.20000 -62.00001 -3.50000
-26.20000 -62.00001 -2.50000
-27.20000 21.49999 -31.00000
-27.20000 21.99999 -30.50000
-27.20000 21.99999 -29.50000
-26.70000 21.49999 -29.50000
-27.20000 21.49999 -29.00000
-26.70000 20.49999 -31.50000
-27.20000 20.49999 -31.00000
-27.20000 20.99999 -28.50000
-26.70000 20.49999 -28.50000
-27.20000 20.49999 -28.00000
-27.20000 19.49999 -32.00000
-27.20000 19.99999 -31.50000
-27.20000 19.99999 -27.50000
-26.70000 19.49999 -27.50000
-27.20000 19.49999 -27.00000
-27.20000 18.49999 -32.00000
-27.20000 18.49999 -27.00000
-27.20000 17.49999 -32.00000
-26.70000 17.49999 -27.50000
-27.20000 17.99999 -27.50000
-27.20000 17.49999 -28.00000
-27.20000 16.49999 -32.00000
-26.70000 16.49999 -27.50000
-27.20000 16.49999 -28.00000
-26.70000 15.49999 -32.50000
-27.20000 15.49999 -33.00000
-27.20000 15.99999 -32.50000
-26.70000 15.49999 -27.50000
-27.20000 15.49999 -28.00000
-26.70000 15.49999 -26.50000
-27.20000 14.99999 -32.50000
-27.20000 14.49999 -32.00000
-27.20000 14.99999 -27.50000
-27.20000 14.49999 -27.00000
-27.20000 13.99999 -31.50000
-27.20000 13.49999 -31.00000
-27.20000 13.49999 -27.00000
-27.20000 12.49999 -31.00000
-26.70000 12.49999 -28.50000
-27.20000 12.49999 -28.00000
-27.20000 12.99999 -27.50000
-26.70000 11.49999 -31.50000
-27.20000 11.99999 -30.50000
-27.20000 11.99999 -29.50000
-27.20000 11.99999 -28.50000
-26.70000 -17.50001 -10.50000
-27.20000 -17.50001 -11.00000
-27.20000 -17.00001 -10.50000
-27.20000 -17.50001 -10.00000
-26.70000 -18.50001 -11.50000
-27.20000 -18.50001 -12.00000
-27.20000 -18.00001 -11.50000
-26.70000 -18.50001 -10.50000
-27.20000 -18.00001 -9.50000
-26.70000 -18.50001 -9.50000
-27.20000 -18.50001 -9.00000
-26.70000 -19.50001 -11.50000
-27.20000 -19.50001 -12.00000
-26.70000 -19.50001 -10.50000
-26.70000 -19.50001 -9.50000
-27.20000 -19.00001 -8.50000
-26.70000 -19.50001 -8.50000
-27.20000 -19.50001 -8.00000
-26.70000 -20.50001 -11.50000
-27.20000 -20.50001 -12.00000
-26.70000 -20.50001 -10.50000
-26.70000 -20.50001 -9.50000
-27.20000 -20.50001 -8.00000
-26.70000 -21.50001 -11.50000
-27.20000 -21.50001 -12.00000
-27.20000 -21.00001 -7.50000
-26.70000 -21.50001 -7.50000
-27.20000 -21.50001 -7.00000
-26.70000 -22.50001 -11.50000
-27.20000 -22.50001 -12.00000
-27.20000 -22.50001 -7.00000
-26.70000 -23.50001 -11.50000
-27.20000 -23.50001 -12.00000
-27.20000 -23.00001 -6.50000
-26.70000 -23.50001 -6.50000
-27.20000 -23.50001 -6.00000
-27.20000 -24.00001 -11.50000
-26.70000 -24.50001 -10.50000
-27.20000 -24.50001 -11.00000
-27.20000 -24.50001 -6.00000
-26.70000 -25.50001 -10.50000
-27.20000 -25.50001 -11.00000
-26.70000 -25.50001 -6.50000
-27.20000 -25.50001 -6.00000
-27.20000 -26.00001 -10.50000
-27.20000 -26.50001 -10.00000
-27.20000 -26.50001 -6.00000
-26.70000 -26.50001 -5.50000
-26.70000 -27.50001 -9.50000
-27.20000 -27.50001 -10.00000
-27.20000 -27.00001 -5.50000
-27.20000 -27.00001 -4.50000
-27.20000 -27.00001 -3.50000
-26.70000 -27.50001 -3.50000
-27.20000 -27.50001 -3.00000
-26.70000 -28.50001 -9.50000
-27.20000 -28.50001 -10.00000
-26.70000 -28.50001 -3.50000
-27.20000 -28.50001 -3.00000
-27.20000 -29.00001 -9.50000
-27.20000 -29.50001 -9.00000
-27.20000 -29.50001 -3.00000
-27.20000 -30.50001 -9.00000
-27.20000 -30.00001 -2.50000
-27.20000 -30.00001 -1.50000
-27.20000 -30.50001 -1.00000
-27.20000 -31.50001 -9.00000
-26.70000 -31.50001 -1.50000
-27.20000 -31.50001 -1.00000
-27.20000 -32.50001 -9.00000
-26.70000 -32.50001 -1.50000
-27.20000 -32.50001 -1.00000
-26.70000 -33.50001 -8.50000
-27.20000 -33.50001 -9.00000
-27.20000 -33.00001 -1.50000
-27.20000 -33.50001 -2.00000
-26.70000 -34.50001 -8.50000
-27.20000 -34.50001 -9.00000
-26.70000 -34.50001 -2.50000
-27.20000 -34.50001 -2.00000
-26.70000 -35.50001 -8.50000
-27.20000 -35.50001 -9.00000
-26.70000 -35.50001 -2.50000
-27.20000 -35.50001 -2.00000
-26.70000 -36.50001 -8.50000
-27.20000 -36.50001 -9.00000
-27.20000 -36.00001 -2.50000
-27.20000 -36.50001 -3.00000
-26.70000 -37.50001 -8.50000
-27.20000 -37.50001 -9.00000
-26.70000 -37.50001 -3.50000
-27.20000 -37.50001 -3.00000
-26.70000 -38.50001 -8.50000
-27.20000 -38.50001 -9.00000
-26.70000 -38.50001 -3.50000
-27.20000 -38.50001 -3.00000
-26.70000 -39.50001 -8.50000
-27.20000 -39.50001 -9.00000
-26.70000 -39.50001 -3.50000
-27.20000 -39.50001 -3.00000
-26.70000 -40.50001 -8.50000
-27.20000 -40.50001 -9.00000
-26.70000 -40.50001 -3.50000
-27.20000 -40.50001 -3.00000
-26.70000 -41.50001 -8.50000
-27.20000 -41.50001 -9.00000
-26.70000 -41.50001 -4.50000
-26.70000 -41.50001 -3.50000
-27.20000 -41.50001 -3.00000
-26.70000 -42.50001 -8.50000
-27.20000 -42.50001 -9.00000
-26.70000 -42.50001 -4.50000
-27.20000 -42.50001 -4.00000
-27.20000 -42.00001 -3.50000
-26.70000 -43.50001 -8.50000
-27.20000 -43.50001 -9.00000
-26.70000 -43.50001 -5.50000
-26.70000 -43.50001 -4.50000
-27.20000 -43.50001 -4.00000
-26.70000 -44.50001 -8.50000
-27.20000 -44.50001 -9.00000
-26.70000 -44.50001 -5.50000
-27.20000 -44.50001 -5.00000
-27.20000 -44.00001 -4.50000
-26.70000 -45.50001 -9.50000
-27.20000 -45.50001 -10.00000
-27.20000 -45.00001 -9.50000
-26.70000 -45.50001 -8.50000
-26.70000 -45.50001 -7.50000
-26.70000 -45.50001 -6.50000
-26.70000 -45.50001 -5.50000
-27.20000 -45.50001 -5.00000
-26.70000 -46.50001 -9.50000
-27.20000 -46.50001 -10.00000
-26.70000 -46.50001 -8.50000
-26.70000 -46.50001 -7.50000
-26.70000 -46.50001 -6.50000
-27.20000 -46.50001 -6.00000
-27.20000 -46.00001 -5.50000
-26.70000 -47.50001 -9.50000
-27.20000 -47.50001 -10.00000
-26.70000 -47.50001 -8.50000
-26.70000 -47.50001 -6.50000
-27.20000 -47.50001 -6.00000
-26.70000 -48.50001 -9.50000
-27.20000 -48.50001 -10.00000
-26.70000 -48.50001 -6.50000
-27.20000 -48.50001 -6.00000
-26.70000 -49.50001 -10.50000
-27.20000 -49.50001 -11.00000
-27.20000 -49.00001 -10.50000
-27.20000 -49.50001 -6.00000
-26.70000 -50.50001 -10.50000
-27.20000 -50.50001 -11.00000
-27.20000 -50.50001 -6.00000
-27.20000 -51.50001 -11.00000
-26.70000 -51.50001 -5.50000
-27.20000 -51.50001 -6.00000
-26.70000 -51.50001 -1.50000
-27.20000 -51.50001 -2.00000
-27.20000 -51.00001 -1.50000
-27.20000 -51.50001 -1.00000
-27.20000 -52.50001 -11.00000
-27.20000 -52.00001 -5.50000
-27.20000 -52.00001 -4.50000
-27.20000 -52.00001 -3.50000
-27.20000 -52.00001 -2.50000
-26.70000 -52.50001 -2.50000
-26.70000 -52.50001 -1.50000
-27.20000 -52.00001 -0.50000
-26.70000 -52.50001 -0.50000
-27.20000 -52.50001 0.00000
-27.20000 -53.50001 -11.00000
-27.20000 -53.00001 0.50000
-26.70000 -53.50001 0.50000
-27.20000 -53.50001 1.00000
-27.20000 -54.50001 -11.00000
-27.20000 -54.00001 1.50000
-26.70000 -54.50001 1.50000
-27.20000 -54.50001 2.00000
-26.70000 -55.50001 -10.50000
-27.20000 -55.50001 -11.00000
-27.20000 -55.50001 2.00000
-26.70000 -56.50001 -10.50000
-27.20000 -56.50001 -11.00000
-27.20000 -56.50001 2.00000
-27.20000 -57.00001 -10.50000
-26.70000 -57.50001 -9.50000
-27.20000 -57.50001 -10.00000
-26.70000 -57.50001 -8.50000
-26.70000 -57.50001 -7.50000
-26.70000 -57.50001 -6.50000
-26.70000 -57.50001 -5.50000
-27.20000 -57.50001 -5.00000
-27.20000 -57.00001 -4.50000
-26.70000 -57.50001 -3.50000
-27.20000 -57.50001 -4.00000
-26.70000 -57.50001 -2.50000
-26.70000 -57.50001 2.50000
-27.20000 -57.50001 2.00000
-26.70000 -58.50001 -12.50000
-27.20000 -58.50001 -13.00000
-27.20000 -58.00001 -12.50000
-27.20000 -58.00001 -11.50000
-27.20000 -58.00001 -10.50000
-26.70000 -58.50001 -6.50000
-26.70000 -58.50001 -5.50000
-27.20000 -58.00001 -4.50000
-26.70000 -58.50001 -4.50000
-26.70000 -58.50001 -3.50000
-26.70000 -58.50001 -2.50000
-27.20000 -58.50001 2.00000
-27.20000 -59.00001 -12.50000
-26.70000 -59.50001 -11.50000
-27.20000 -59.50001 -12.00000
-26.70000 -59.50001 1.50000
-27.20000 -59.00001 1.50000
-27.20000 -59.50001 1.00000
-27.20000 -60.00001 -11.50000
-27.20000 -60.00001 -10.50000
-27.20000 -60.00001 -9.50000
-26.70000 -60.50001 -8.50000
-27.20000 -60.00001 -8.50000
-26.70000 -60.50001 -7.50000
-27.20000 -60.00001 -7.50000
-26.70000 -60.50001 -6.50000
-27.20000 -60.00001 -6.50000
-27.20000 -60.50001 -6.00000
-26.70000 -60.50001 0.50000
-27.20000 -60.00001 0.50000
-27.20000 -60.50001 0.00000
-26.70000 -61.50001 -5.50000
-27.20000 -61.00001 -5.50000
-26.70000 -61.50001 -4.50000
-27.20000 -61.00001 -4.50000
-26.70000 -61.50001 -3.50000
-27.20000 -61.00001 -3.50000
-26.70000 -61.50001 -2.50000
-27.20000 -61.00001 -2.50000
-27.20000 -61.00001 -1.50000
-27.20000 -61.00001 -0.50000
-27.70000 22.49999 -29.50000
-28.20000 22.49999 -30.00000
-28.20000 22.99999 -29.50000
-28.20000 22.49999 -29.00000
-28.20000 21.49999 -31.00000
-28.20000 21.99999 -30.50000
-28.20000 21.99999 -28.50000
-27.70000 21.49999 -28.50000
-28.20000 21.49999 -28.00000
-28.20000 20.49999 -31.00000
-28.20000 20.49999 -28.00000
-28.20000 19.49999 -32.00000
-28.20000 19.99999 -31.50000
-28.20000 19.99999 -27.50000
-28.20000 19.49999 -27.00000
-28.20000 18.49999 -32.00000
-27.70000 18.49999 -27.50000
-28.20000 18.99999 -27.50000
-28.20000 18.49999 -28.00000
-28.20000 17.49999 -32.00000
-28.20000 17.49999 -28.00000
-28.20000 16.49999 -32.00000
-28.20000 16.49999 -28.00000
-27.70000 15.49999 -32.50000
-28.20000 15.49999 -32.00000
-28.20000 15.49999 -28.00000
-28.20000 14.49999 -32.00000
-28.20000 14.99999 -27.50000
-28.20000 14.49999 -27.00000
-28.20000 13.99999 -31.50000
-28.20000 13.49999 -31.00000
-28.20000 13.49999 -27.00000
-28.20000 12.49999 -31.00000
-27.70000 12.49999 -27.50000
-28.20000 12.49999 -27.00000
-27.70000 11.49999 -30.50000
-28.20000 11.49999 -31.00000
-28.20000 11.49999 -30.00000
-28.20000 11.99999 -29.50000
-28.20000 11.99999 -28.50000
-28.20000 11.99999 -27.50000
-28.20000 10.99999 -30.50000
-27.70000 -14.50001 -14.50000
-28.20000 -14.50001 -15.00000
-28.20000 -14.00001 -14.50000
-28.20000 -14.50001 -14.00000
-28.20000 -15.00001 -14.50000
-27.70000 -15.50001 -11.50000
-28.20000 -15.50001 -12.00000
-28.20000 -15.00001 -11.50000
-28.20000 -15.50001 -11.00000
-27.70000 -16.50001 -13.50000
-28.20000 -16.50001 -14.00000
-28.20000 -16.00001 -13.50000
-28.20000 -16.00001 -12.50000
-27.70000 -16.50001 -12.50000
-27.70000 -16.50001 -11.50000
-28.20000 -16.00001 -10.50000
-27.70000 -16.50001 -10.50000
-28.20000 -16.50001 -10.00000
-27.70000 -17.50001 -13.50000
-28.20000 -17.50001 -14.00000
-27.70000 -17.50001 -12.50000
-27.70000 -17.50001 -11.50000
-28.20000 -17.00001 -9.50000
-27.70000 -17.50001 -9.50000
-28.20000 -17.50001 -9.00000
-27.70000 -18.50001 -13.50000
-28.20000 -18.50001 -14.00000
-27.70000 -18.50001 -12.50000
-28.20000 -18.00001 -8.50000
-27.70000 -18.50001 -8.50000
-28.20000 -18.50001 -8.00000
-28.20000 -19.00001 -13.50000
-27.70000 -19.50001 -12.50000
-28.20000 -19.50001 -13.00000
-28.20000 -19.50001 -8.00000
-27.70000 -20.50001 -12.50000
-28.20000 -20.50001 -13.00000
-28.20000 -20.00001 -7.50000
-27.70000 -20.50001 -7.50000
-28.20000 -20.50001 -7.00000
-27.70000 -21.50001 -12.50000
-28.20000 -21.50001 -13.00000
-28.20000 -21.00001 -6.50000
-27.70000 -21.50001 -6.50000
-28.20000 -21.50001 -6.00000
-27.70000 -22.50001 -12.50000
-28.20000 -22.50001 -13.00000
-27.70000 -22.50001 -6.50000
-28.20000 -22.50001 -6.00000
-28.20000 -23.00001 -12.50000
-28.20000 -23.50001 -12.00000
-28.20000 -23.50001 -6.00000
-27.70000 -24.50001 -11.50000
-28.20000 -24.50001 -12.00000
-28.20000 -24.00001 -5.50000
-27.70000 -24.50001 -5.50000
-28.20000 -24.50001 -5.00000
-28.20000 -25.00001 -11.50000
-28.20000 -25.50001 -11.00000
-28.20000 -25.00001 -5.50000
-28.20000 -25.50001 -6.00000
-27.70000 -26.50001 -10.50000
-28.20000 -26.50001 -11.00000
-28.20000 -26.00001 -5.50000
-27.70000 -26.50001 -5.50000
-28.20000 -26.50001 -5.00000
-28.20000 -27.00001 -10.50000
-28.20000 -27.50001 -10.00000
-28.20000 -27.00001 -4.50000
-28.20000 -27.00001 -3.50000
-28.20000 -27.50001 -3.00000
-28.20000 -28.50001 -10.00000
-28.20000 -28.00001 -2.50000
-27.70000 -28.50001 -2.50000
-28.20000 -28.50001 -2.00000
-27.70000 -29.50001 -9.50000
-28.20000 -29.50001 -10.00000
-27.70000 -29.50001 -6.50000
-28.20000 -29.00001 -6.50000
-28.20000 -29.50001 -7.00000
-28.20000 -29.50001 -6.00000
-27.70000 -29.50001 -2.50000
-28.20000 -29.50001 -2.00000
-27.70000 -30.50001 -9.50000
-28.20000 -30.50001 -10.00000
-27.70000 -30.50001 -6.50000
-28.20000 -30.50001 -7.00000
-28.20000 -30.50001 -6.00000
-28.20000 -30.00001 -1.50000
-28.20000 -30.50001 -1.00000
-27.70000 -31.50001 -9.50000
-28.20000 -31.50001 -10.00000
-28.20000 -31.00001 -6.50000
-28.20000 -31.50001 -1.00000
-27.70000 -32.50001 -9.50000
-28.20000 -32.50001 -10.00000
-28.20000 -32.50001 -1.00000
-28.20000 -33.00001 -9.50000
-28.20000 -33.50001 -9.00000
-27.70000 -33.50001 -1.50000
-28.20000 -33.50001 -1.00000
-28.20000 -34.50001 -9.00000
-28.20000 -34.00001 -1.50000
-28.20000 -34.50001 -2.00000
-28.20000 -35.50001 -9.00000
-28.20000 -35.50001 -2.00000
-28.20000 -36.50001 -9.00000
-27.70000 -36.50001 -2.50000
-28.20000 -36.50001 -2.00000
-28.20000 -37.50001 -9.00000
-27.70000 -37.50001 -2.50000
-28.20000 -37.50001 -2.00000
-28.20000 -38.50001 -9.00000
-27.70000 -38.50001 -2.50000
-28.20000 -38.50001 -2.00000
-28.20000 -39.50001 -9.00000
-27.70000 -39.50001 -2.50000
-28.20000 -39.50001 -2.00000
-28.20000 -40.50001 -9.00000
-27.70000 -40.50001 -2.50000
-28.20000 -40.50001 -2.00000
-28.20000 -41.50001 -9.00000
-27.70000 -41.50001 -2.50000
-28.20000 -41.50001 -2.00000
-28.20000 -42.50001 -9.00000
-27.70000 -42.50001 -3.50000
-27.70000 -42.50001 -2.50000
-28.20000 -42.50001 -2.00000
-28.20000 -43.50001 -9.00000
-27.70000 -43.50001 -3.50000
-27.70000 -43.50001 -2.50000
-28.20000 -43.50001 -2.00000
-27.70000 -44.50001 -9.50000
-28.20000 -44.50001 -10.00000
-28.20000 -44.00001 -9.50000
-27.70000 -44.50001 -4.50000
-27.70000 -44.50001 -3.50000
-28.20000 -44.50001 -3.00000
-28.20000 -44.00001 -2.50000
-28.20000 -45.50001 -10.00000
-27.70000 -45.50001 -4.50000
-27.70000 -45.50001 -3.50000
-28.20000 -45.50001 -3.00000
-28.20000 -46.50001 -10.00000
-27.70000 -46.50001 -5.50000
-27.70000 -46.50001 -4.50000
-27.70000 -46.50001 -3.50000
-28.20000 -46.50001 -3.00000
-27.70000 -47.50001 -10.50000
-28.20000 -47.50001 -11.00000
-28.20000 -47.00001 -10.50000
-27.70000 -47.50001 -5.50000
-27.70000 -47.50001 -4.50000
-27.70000 -47.50001 -3.50000
-28.20000 -47.50001 -3.00000
-27.70000 -48.50001 -10.50000
-28.20000 -48.50001 -11.00000
-27.70000 -48.50001 -5.50000
-28.20000 -48.50001 -5.00000
-28.20000 -48.00001 -4.50000
-28.20000 -48.00001 -3.50000
-28.20000 -49.50001 -11.00000
-28.20000 -49.00001 -5.50000
-28.20000 -49.50001 -6.00000
-28.20000 -50.50001 -11.00000
-28.20000 -50.50001 -6.00000
-27.70000 -50.50001 -1.50000
-28.20000 -50.50001 -2.00000
-28.20000 -50.00001 -1.50000
-28.20000 -50.50001 -1.00000
-28.20000 -51.50001 -11.00000
-28.20000 -51.00001 -5.50000
-27.70000 -51.50001 -5.50000
-28.20000 -51.00001 -4.50000
-27.70000 -51.50001 -4.50000
-28.20000 -51.00001 -3.50000
-27.70000 -51.50001 -3.50000
-28.20000 -51.00001 -2.50000
-27.70000 -51.50001 -2.50000
-28.20000 -51.00001 -0.50000
-27.70000 -51.50001 -0.50000
-28.20000 -51.50001 0.00000
-27.70000 -52.50001 -11.50000
-28.20000 -52.50001 -12.00000
-28.20000 -52.00001 -11.50000
-28.20000 -52.00001 0.50000
-27.70000 -52.50001 0.50000
-28.20000 -52.50001 1.00000
-27.70000 -53.50001 -11.50000
-28.20000 -53.50001 -12.00000
-28.20000 -53.00001 1.50000
-27.70000 -53.50001 1.50000
-28.20000 -53.50001 2.00000
-27.70000 -54.50001 -11.50000
-28.20000 -54.50001 -12.00000
-27.70000 -54.50001 -7.50000
-28.20000 -54.00001 -7.50000
-28.20000 -54.50001 -8.00000
-27.70000 -54.50001 -6.50000
-28.20000 -54.00001 -6.50000
-27.70000 -54.50001 -5.50000
-28.20000 -54.00001 -5.50000
-27.70000 -54.50001 -4.50000
-28.20000 -54.00001 -4.50000
-27.70000 -54.50001 -3.50000
-28.20000 -54.00001 -3.50000
-27.70000 -54.50001 -2.50000
-28.20000 -54.00001 -2.50000
-27.70000 -54.50001 -1.50000
-28.20000 -54.00001 -1.50000
-27.70000 -54.50001 -0.50000
-28.20000 -54.00001 -0.50000
-27.70000 -54.50001 0.50000
-28.20000 -54.00001 0.50000
-27.70000 -54.00001 1.00000
-28.20000 -54.00001 1.50000
-27.70000 -54.50001 1.50000
-27.70000 -55.50001 -11.50000
-28.20000 -55.50001 -12.00000
-28.20000 -55.00001 -7.50000
-28.20000 -55.50001 -7.00000
-27.70000 -55.50001 -6.50000
-27.70000 -55.50001 -5.50000
-27.70000 -55.50001 -4.50000
-27.70000 -55.50001 -3.50000
-27.70000 -55.50001 -2.50000
-27.70000 -55.50001 -1.50000
-27.70000 -55.50001 -0.50000
-27.70000 -55.50001 0.50000
-27.70000 -55.50001 1.50000
-28.20000 -56.00001 -11.50000
-28.20000 -56.50001 -11.00000
-28.20000 -56.00001 -6.50000
-28.20000 -56.00001 -5.50000
-28.20000 -56.00001 -4.50000
-28.20000 -56.00001 -3.50000
-28.20000 -56.00001 -2.50000
-28.20000 -56.50001 -2.00000
-27.70000 -56.50001 -1.50000
-27.70000 -56.50001 -0.50000
-27.70000 -56.50001 0.50000
-27.70000 -56.50001 1.50000
-28.20000 -57.00001 -10.50000
-28.20000 -57.50001 -10.00000
-27.70000 -57.50001 -4.50000
-28.20000 -57.00001 -1.50000
-28.20000 -57.00001 -0.50000
-28.20000 -57.50001 0.00000
-27.70000 -57.50001 0.50000
-27.70000 -57.50001 1.50000
-27.70000 -58.50001 -12.50000
-27.70000 -58.50001 -11.50000
-28.20000 -58.50001 -11.00000
-28.20000 -58.00001 -10.50000
-27.70000 -58.50001 0.50000
-28.20000 -58.50001 0.00000
-27.70000 -58.50001 1.50000
-28.20000 -59.00001 -11.50000
-28.20000 -59.50001 -12.00000
-27.70000 -59.50001 0.50000
-28.20000 -59.50001 0.00000
-28.20000 -60.00001 -11.50000
-28.20000 -60.00001 -10.50000
-27.70000 -60.50001 -9.50000
-28.20000 -60.50001 -10.00000
-27.70000 -60.50001 -8.50000
-28.20000 -60.50001 -8.00000
-28.20000 -60.00001 -7.50000
-28.20000 -60.00001 -6.50000
-27.70000 -60.50001 -5.50000
-28.20000 -60.00001 -5.50000
-27.70000 -60.50001 -4.50000
-28.20000 -60.00001 -4.50000
-27.70000 -60.50001 -3.50000
-28.20000 -60.00001 -3.50000
-27.70000 -60.50001 -2.50000
-28.20000 -60.00001 -2.50000
-27.70000 -60.50001 -1.50000
-28.20000 -60.00001 -1.50000
-27.70000 -60.50001 -0.50000
-28.20000 -60.00001 -0.50000
-28.20000 -61.00001 -9.50000
-28.20000 -61.00001 -8.50000
-29.20000 22.49999 -30.00000
-29.20000 22.99999 -29.50000
-29.20000 22.49999 -29.00000
-29.20000 21.49999 -31.00000
-29.20000 21.99999 -30.50000
-29.20000 21.99999 -28.50000
-29.20000 21.49999 -28.00000
-29.20000 20.49999 -31.00000
-29.20000 20.99999 -27.50000
-28.70000 20.49999 -27.50000
-29.20000 20.49999 -27.00000
-28.70000 19.49999 -31.50000
-29.20000 19.49999 -31.00000
-29.20000 19.49999 -27.00000
-29.20000 18.49999 -32.00000
-29.20000 18.99999 -31.50000
-29.20000 18.99999 -27.50000
-29.20000 18.49999 -28.00000
-29.20000 17.49999 -32.00000
-29.20000 17.49999 -28.00000
-29.20000 16.49999 -32.00000
-29.20000 16.99999 -27.50000
-28.70000 16.49999 -27.50000
-29.20000 16.49999 -27.00000
-29.20000 15.49999 -32.00000
-28.70000 15.49999 -27.50000
-29.20000 15.49999 -27.00000
-29.20000 14.49999 -32.00000
-29.20000 14.49999 -27.00000
-29.20000 13.99999 -31.50000
-29.20000 13.49999 -31.00000
-29.20000 13.99999 -26.50000
-28.70000 13.49999 -26.50000
-29.20000 13.49999 -26.00000
-29.20000 12.49999 -31.00000
-28.70000 12.49999 -26.50000
-29.20000 12.49999 -26.00000
-29.20000 11.49999 -31.00000
-28.70000 11.49999 -29.50000
-29.20000 11.49999 -29.00000
-29.20000 11.99999 -28.50000
-29.20000 11.99999 -27.50000
-29.20000 11.99999 -26.50000
-29.20000 10.99999 -30.50000
-29.20000 10.99999 -29.50000
-28.70000 -12.50001 -16.50000
-29.20000 -12.50001 -17.00000
-29.20000 -12.00001 -16.50000
-29.20000 -12.00001 -15.50000
-28.70000 -12.50001 -15.50000
-29.20000 -12.50001 -15.00000
-28.70000 -13.50001 -16.50000
-29.20000 -13.50001 -17.00000
-28.70000 -13.50001 -15.50000
-29.20000 -13.00001 -14.50000
-28.70000 -13.50001 -14.50000
-29.20000 -13.50001 -14.00000
-28.70000 -13.50001 -12.50000
-29.20000 -13.50001 -13.00000
-29.20000 -13.00001 -12.50000
-29.20000 -13.50001 -12.00000
-29.20000 -14.00001 -16.50000
-28.70000 -14.50001 -15.50000
-29.20000 -14.50001 -16.00000
-29.20000 -14.50001 -14.00000
-29.20000 -14.00001 -12.50000
-29.20000 -14.50001 -12.00000
-28.70000 -14.50001 -11.50000
-29.20000 -14.00001 -11.50000
-29.20000 -14.00001 -10.50000
-28.70000 -14.50001 -10.50000
-29.20000 -14.50001 -10.00000
-28.70000 -15.50001 -15.50000
-29.20000 -15.50001 -16.00000
-28.70000 -15.50001 -14.50000
-29.20000 -15.00001 -13.50000
-28.70000 -15.50001 -13.50000
-29.20000 -15.00001 -12.50000
-28.70000 -15.50001 -12.50000
-28.70000 -15.50001 -10.50000
-29.20000 -15.00001 -9.50000
-28.70000 -15.50001 -9.50000
-29.20000 -15.50001 -9.00000
-29.20000 -16.00001 -15.50000
-28.70000 -16.50001 -14.50000
-29.20000 -16.50001 -15.00000
-28.70000 -16.50001 -9.50000
-29.20000 -16.50001 -9.00000
-28.70000 -17.50001 -14.50000
-29.20000 -17.50001 -15.00000
-29.20000 -17.00001 -8.50000
-28.70000 -17.50001 -8.50000
-29.20000 -17.50001 -8.00000
-29.20000 -18.00001 -14.50000
-29.20000 -18.50001 -14.00000
-29.20000 -18.00001 -7.50000
-28.70000 -18.50001 -7.50000
-29.20000 -18.50001 -7.00000
-28.70000 -19.50001 -13.50000
-29.20000 -19.50001 -14.00000
-28.70000 -19.50001 -7.50000
-29.20000 -19.50001 -7.00000
-28.70000 -20.50001 -13.50000
-29.20000 -20.50001 -14.00000
-29.20000 -20.00001 -6.50000
-28.70000 -20.50001 -6.50000
-29.20000 -20.50001 -6.00000
-29.20000 -21.00001 -13.50000
-29.20000 -21.50001 -13.00000
-29.20000 -21.50001 -6.00000
-29.20000 -22.50001 -13.00000
-29.20000 -22.50001 -6.00000
-28.70000 -23.50001 -12.50000
-29.20000 -23.50001 -13.00000
-29.20000 -23.00001 -5.50000
-28.70000 -23.50001 -5.50000
-29.20000 -23.50001 -5.00000
-29.20000 -24.00001 -12.50000
-29.20000 -24.50001 -12.00000
-29.20000 -24.50001 -5.00000
-28.70000 -25.50001 -11.50000
-29.20000 -25.50001 -12.00000
-28.70000 -25.50001 -8.50000
-29.20000 -25.00001 -8.50000
-29.20000 -25.50001 -9.00000
-29.20000 -25.50001 -8.00000
-28.70000 -25.50001 -5.50000
-29.20000 -25.50001 -5.00000
-29.20000 -26.00001 -11.50000
-29.20000 -26.50001 -11.00000
-28.70000 -26.50001 -8.50000
-29.20000 -26.50001 -9.00000
-29.20000 -26.50001 -8.00000
-29.20000 -26.00001 -4.50000
-28.70000 -26.50001 -4.50000
-29.20000 -26.00001 -3.50000
-28.70000 -26.50001 -3.50000
-29.20000 -26.50001 -3.00000
-28.70000 -27.50001 -10.50000
-29.20000 -27.50001 -11.00000
-28.70000 -27.50001 -8.50000
-29.20000 -27.50001 -9.00000
-29.20000 -27.00001 -7.50000
-28.70000 -27.50001 -7.50000
-29.20000 -27.50001 -7.00000
-29.20000 -27.00001 -2.50000
-28.70000 -27.50001 -2.50000
-29.20000 -27.50001 -2.00000
-29.20000 -28.00001 -10.50000
-29.20000 -28.50001 -10.00000
-29.20000 -28.00001 -8.50000
-29.20000 -28.50001 -8.00000
-28.70000 -28.50001 -7.50000
-29.20000 -28.00001 -6.50000
-28.70000 -28.50001 -6.50000
-29.20000 -28.50001 -6.00000
-29.20000 -28.00001 -1.50000
-28.70000 -28.50001 -1.50000
-29.20000 -28.50001 -1.00000
-29.20000 -29.50001 -10.00000
-28.70000 -29.50001 -7.50000
-29.20000 -29.50001 -8.00000
-28.70000 -29.50001 -5.50000
-29.20000 -29.00001 -5.50000
-29.20000 -29.50001 -5.00000
-29.20000 -29.00001 -1.50000
-29.20000 -29.50001 -2.00000
-29.20000 -30.50001 -10.00000
-28.70000 -30.50001 -7.50000
-29.20000 -30.50001 -8.00000
-28.70000 -30.50001 -5.50000
-29.20000 -30.50001 -5.00000
-28.70000 -30.50001 -1.50000
-29.20000 -30.50001 -2.00000
-29.20000 -30.00001 -0.50000
-29.20000 -30.50001 -1.00000
-28.70000 -30.50001 -0.50000
-29.20000 -30.50001 0.00000
-29.20000 -31.50001 -10.00000
-28.70000 -31.50001 -7.50000
-29.20000 -31.50001 -8.00000
-28.70000 -31.50001 -6.50000
-29.20000 -31.50001 -6.00000
-29.20000 -31.00001 -5.50000
-28.70000 -31.50001 -2.50000
-29.20000 -31.00001 -2.50000
-29.20000 -31.50001 -3.00000
-29.20000 -31.00001 -1.50000
-29.20000 -31.50001 -2.00000
-29.20000 -31.50001 -1.00000
-29.20000 -31.00001 -0.50000
-29.20000 -32.50001 -10.00000
-28.70000 -32.50001 -7.50000
-29.20000 -32.50001 -8.00000
-28.70000 -32.50001 -6.50000
-29.20000 -32.50001 -6.00000
-29.20000 -32.00001 -2.50000
-29.20000 -32.50001 -1.00000
-28.70000 -33.50001 -9.50000
-29.20000 -33.50001 -10.00000
-29.20000 -33.00001 -7.50000
-29.20000 -33.00001 -6.50000
-29.20000 -33.50001 -1.00000
-28.70000 -34.50001 -9.50000
-29.20000 -34.50001 -10.00000
-28.70000 -34.50001 -1.50000
-29.20000 -34.50001 -1.00000
-28.70000 -35.50001 -9.50000
-29.20000 -35.50001 -10.00000
-28.70000 -35.50001 -1.50000
-29.20000 -35.50001 -1.00000
-28.70000 -36.50001 -9.50000
-29.20000 -36.50001 -10.00000
-28.70000 -36.50001 -1.50000
-29.20000 -36.50001 -1.00000
-28.70000 -37.50001 -9.50000
-29.20000 -37.50001 -10.00000
-28.70000 -37.50001 -1.50000
-29.20000 -37.50001 -1.00000
-28.70000 -38.50001 -9.50000
-29.20000 -38.50001 -10.00000
-28.70000 -38.50001 -1.50000
-29.20000 -38.50001 -1.00000
-28.70000 -39.50001 -9.50000
-29.20000 -39.50001 -10.00000
-28.70000 -39.50001 -6.50000
-29.20000 -39.00001 -6.50000
-29.20000 -39.50001 -7.00000
-29.20000 -39.50001 -6.00000
-28.70000 -39.50001 -1.50000
-29.20000 -39.50001 -1.00000
-28.70000 -40.50001 -9.50000
-29.20000 -40.50001 -10.00000
-28.70000 -40.50001 -6.50000
-29.20000 -40.50001 -7.00000
-29.20000 -40.00001 -5.50000
-28.70000 -40.50001 -5.50000
-29.20000 -40.50001 -5.00000
-28.70000 -40.50001 -1.50000
-29.20000 -40.50001 -1.00000
-28.70000 -41.50001 -9.50000
-29.20000 -41.50001 -10.00000
-28.70000 -41.50001 -6.50000
-29.20000 -41.50001 -7.00000
-28.70000 -41.50001 -5.50000
-29.20000 -41.50001 -5.00000
-28.70000 -41.50001 -1.50000
-29.20000 -41.50001 -1.00000
-28.70000 -42.50001 -9.50000
-29.20000 -42.50001 -10.00000
-28.70000 -42.50001 -6.50000
-29.20000 -42.50001 -7.00000
-28.70000 -42.50001 -5.50000
-29.20000 -42.50001 -5.00000
-28.70000 -42.50001 -1.50000
-29.20000 -42.50001 -1.00000
-28.70000 -43.50001 -9.50000
-29.20000 -43.50001 -10.00000
-28.70000 -43.50001 -6.50000
-29.20000 -43.50001 -7.00000
-28.70000 -43.50001 -5.50000
-29.20000 -43.50001 -5.00000
-28.70000 -43.50001 -1.50000
-29.20000 -43.50001 -1.00000
-29.20000 -44.50001 -10.00000
-28.70000 -44.50001 -7.50000
-29.20000 -44.00001 -7.50000
-29.20000 -44.50001 -8.00000
-28.70000 -44.50001 -6.50000
-29.20000 -44.50001 -6.00000
-29.20000 -44.00001 -5.50000
-28.70000 -44.50001 -2.50000
-29.20000 -44.50001 -2.00000
-29.20000 -44.00001 -1.50000
-29.20000 -45.50001 -10.00000
-28.70000 -45.50001 -7.50000
-29.20000 -45.50001 -8.00000
-28.70000 -45.50001 -6.50000
-29.20000 -45.50001 -6.00000
-28.70000 -45.50001 -2.50000
-29.20000 -45.50001 -2.00000
-28.70000 -46.50001 -10.50000
-29.20000 -46.50001 -11.00000
-29.20000 -46.00001 -10.50000
-28.70000 -46.50001 -7.50000
-29.20000 -46.50001 -8.00000
-28.70000 -46.50001 -6.50000
-29.20000 -46.50001 -6.00000
-28.70000 -46.50001 -2.50000
-29.20000 -46.50001 -2.00000
-29.20000 -47.50001 -11.00000
-28.70000 -47.50001 -7.50000
-29.20000 -47.50001 -8.00000
-29.20000 -47.50001 -7.00000
-29.20000 -47.00001 -6.50000
-28.70000 -47.50001 -2.50000
-29.20000 -47.50001 -2.00000
-28.70000 -47.50001 -0.50000
-29.20000 -47.50001 -1.00000
-29.20000 -47.00001 -0.50000
-29.20000 -47.50001 0.00000
-29.20000 -48.50001 -11.00000
-28.70000 -48.50001 -8.50000
-29.20000 -48.00001 -8.50000
-29.20000 -48.50001 -9.00000
-28.70000 -48.50001 -7.50000
-29.20000 -48.50001 -7.00000
-28.70000 -48.50001 -4.50000
-28.70000 -48.50001 -3.50000
-28.70000 -48.50001 -2.50000
-29.20000 -48.00001 -1.50000
-28.70000 -48.50001 -1.50000
-28.70000 -48.50001 -0.50000
-29.20000 -48.50001 0.00000
-29.20000 -49.50001 -11.00000
-28.70000 -49.50001 -8.50000
-29.20000 -49.50001 -9.00000
-28.70000 -49.50001 -7.50000
-29.20000 -49.50001 -7.00000
-28.70000 -49.50001 -5.50000
-29.20000 -49.50001 -5.00000
-29.20000 -49.00001 -4.50000
-29.20000 -49.00001 -3.50000
-29.20000 -49.00001 -2.50000
-28.70000 -49.50001 -1.50000
-29.20000 -49.50001 -2.00000
-28.70000 -49.50001 -0.50000
-29.20000 -49.00001 0.50000
-28.70000 -49.50001 0.50000
-29.20000 -49.50001 1.00000
-29.20000 -50.50001 -11.00000
-28.70000 -50.50001 -8.50000
-29.20000 -50.50001 -9.00000
-29.20000 -50.50001 -8.00000
-29.20000 -50.00001 -7.50000
-28.70000 -50.50001 -5.50000
-29.20000 -50.00001 -4.50000
-28.70000 -50.50001 -4.50000
-29.20000 -50.50001 -4.00000
-29.20000 -50.50001 -2.00000
-28.70000 -50.50001 -0.50000
-28.70000 -50.50001 0.50000
-29.20000 -50.50001 1.00000
-28.70000 -51.50001 -11.50000
-29.20000 -51.50001 -12.00000
-29.20000 -51.00001 -11.50000
-28.70000 -51.50001 -8.50000
-29.20000 -51.50001 -9.00000
-29.20000 -51.50001 -8.00000
-29.20000 -51.00001 -3.50000
-29.20000 -51.00001 -2.50000
-28.70000 -51.50001 0.50000
-29.20000 -51.50001 1.00000
-29.20000 -52.50001 -12.00000
-28.70000 -52.50001 -8.50000
-29.20000 -52.50001 -9.00000
-29.20000 -52.50001 -8.00000
-29.20000 -52.50001 1.00000
-29.20000 -53.50001 -12.00000
-28.70000 -53.50001 -9.50000
-29.20000 -53.00001 -9.50000
-29.20000 -53.50001 -10.00000
-28.70000 -53.50001 -8.50000
-29.20000 -53.00001 -7.50000
-28.70000 -53.50001 -7.50000
-28.70000 -53.50001 -6.50000
-29.20000 -53.00001 -6.50000
-28.70000 -53.50001 -5.50000
-29.20000 -53.00001 -5.50000
-28.70000 -53.50001 -4.50000
-29.20000 -53.00001 -4.50000
-28.70000 -53.50001 -3.50000
-29.20000 -53.00001 -3.50000
-28.70000 -53.50001 -2.50000
-29.20000 -53.00001 -2.50000
-28.70000 -53.50001 -1.50000
-29.20000 -53.00001 -1.50000
-28.70000 -53.50001 -0.50000
-29.20000 -53.00001 -0.50000
-28.70000 -53.50001 0.50000
-29.20000 -53.00001 0.50000
-28.70000 -53.50001 1.50000
-29.20000 -54.50001 -12.00000
-29.20000 -54.00001 -9.50000
-29.20000 -54.50001 -9.00000
-28.70000 -54.50001 -8.50000
-29.20000 -55.50001 -12.00000
-29.20000 -55.00001 -8.50000
-28.70000 -55.50001 -7.50000
-29.20000 -55.50001 -8.00000
-28.70000 -56.50001 -11.50000
-29.20000 -56.50001 -12.00000
-29.20000 -56.00001 -7.50000
-29.20000 -56.00001 -6.50000
-29.20000 -56.00001 -5.50000
-29.20000 -56.00001 -4.50000
-29.20000 -56.00001 -3.50000
-29.20000 -56.00001 -2.50000
-29.20000 -56.50001 -2.00000
-29.20000 -57.00001 -11.50000
-29.20000 -57.00001 -10.50000
-29.20000 -57.50001 -10.00000
-29.20000 -57.00001 -1.50000
-28.70000 -57.50001 -0.50000
-29.20000 -57.50001 -1.00000
-28.70000 -58.50001 -10.50000
-29.20000 -58.50001 -10.00000
-28.70000 -58.50001 -0.50000
-29.20000 -58.50001 -1.00000
-28.70000 -59.50001 -11.50000
-29.20000 -59.50001 -11.00000
-29.20000 -59.00001 -10.50000
-28.70000 -59.50001 -0.50000
-29.20000 -59.50001 -1.00000
-29.20000 -60.00001 -10.50000
-29.20000 -60.50001 -10.00000
-28.70000 -60.50001 -7.50000
-29.20000 -60.50001 -7.00000
-29.20000 -60.00001 -6.50000
-29.20000 -60.00001 -5.50000
-29.20000 -60.00001 -4.50000
-29.20000 -60.00001 -3.50000
-29.20000 -60.00001 -2.50000
-29.20000 -60.00001 -1.50000
-29.20000 -61.00001 -9.50000
-29.20000 -61.00001 -8.50000
-29.20000 -61.00001 -7.50000
-30.20000 22.49999 -30.00000
-30.20000 22.99999 -29.50000
-30.20000 22.99999 -28.50000
-29.70000 22.49999 -28.50000
-30.20000 22.49999 -28.00000
-30.20000 21.49999 -31.00000
-30.20000 21.99999 -30.50000
-30.20000 21.49999 -28.00000
-30.20000 20.49999 -31.00000
-30.20000 20.99999 -27.50000
-30.20000 20.49999 -27.00000
-30.20000 19.49999 -31.00000
-30.20000 19.99999 -26.50000
-29.70000 19.49999 -26.50000
-30.20000 19.49999 -26.00000
-30.20000 18.49999 -32.00000
-30.20000 18.99999 -31.50000
-29.70000 18.49999 -27.50000
-30.20000 18.49999 -27.00000
-30.20000 18.99999 -26.50000
-30.20000 17.49999 -32.00000
-29.70000 17.49999 -27.50000
-30.20000 17.49999 -27.00000
-30.20000 16.49999 -32.00000
-30.20000 16.99999 -26.50000
-29.70000 16.49999 -26.50000
-30.20000 16.49999 -26.00000
-30.20000 15.49999 -32.00000
-29.70000 15.49999 -26.50000
-30.20000 15.99999 -25.50000
-29.70000 15.49999 -25.50000
-30.20000 15.49999 -25.00000
-30.20000 14.99999 -31.50000
-29.70000 14.49999 -31.50000
-30.20000 14.49999 -31.00000
-29.70000 14.49999 -26.50000
-29.70000 14.49999 -25.50000
-30.20000 14.49999 -25.00000
-30.20000 13.49999 -31.00000
-29.70000 13.49999 -25.50000
-30.20000 13.99999 -24.50000
-29.70000 13.49999 -24.50000
-30.20000 13.49999 -24.00000
-30.20000 12.49999 -31.00000
-29.70000 12.49999 -25.50000
-29.70000 12.49999 -24.50000
-30.20000 12.49999 -24.00000
-30.20000 11.49999 -31.00000
-29.70000 11.49999 -28.50000
-29.70000 11.49999 -27.50000
-29.70000 11.49999 -26.50000
-29.70000 11.49999 -25.50000
-30.20000 11.49999 -25.00000
-30.20000 11.99999 -24.50000
-29.70000 10.49999 -30.50000
-30.20000 10.49999 -31.00000
-30.20000 10.49999 -30.00000
-30.20000 10.99999 -29.50000
-30.20000 10.99999 -28.50000
-30.20000 10.99999 -27.50000
-30.20000 10.99999 -26.50000
-30.20000 10.99999 -25.50000
-30.20000 9.99999 -30.50000
-29.70000 0.49999 -21.50000
-30.20000 0.49999 -22.00000
-30.20000 0.99999 -21.50000
-30.20000 0.99999 -20.50000
-29.70000 0.49999 -20.50000
-30.20000 0.49999 -20.00000
-30.20000 -0.00001 -21.50000
-29.70000 -0.50001 -20.50000
-30.20000 -0.50001 -21.00000
-30.20000 -0.50001 -20.00000
-30.20000 -1.00001 -20.50000
-30.20000 -1.50001 -20.00000
-29.70000 -1.50001 -19.50000
-30.20000 -1.00001 -19.50000
-30.20000 -1.50001 -19.00000
-29.70000 -2.50001 -19.50000
-30.20000 -2.50001 -20.00000
-30.20000 -2.00001 -18.50000
-29.70000 -2.50001 -18.50000
-30.20000 -2.50001 -18.00000
-30.20000 -3.00001 -19.50000
-29.70000 -3.50001 -18.50000
-30.20000 -3.50001 -19.00000
-30.20000 -3.50001 -18.00000
-29.70000 -4.50001 -18.50000
-30.20000 -4.50001 -19.00000
-30.20000 -4.50001 -18.00000
-30.20000 -5.00001 -18.50000
-29.70000 -11.50001 -12.50000
-30.20000 -11.50001 -13.00000
-30.20000 -11.00001 -12.50000
-30.20000 -11.50001 -12.00000
-30.20000 -12.50001 -17.00000
-30.20000 -12.00001 -16.50000
-30.20000 -12.00001 -15.50000
-30.20000 -12.00001 -14.50000
-29.70000 -12.50001 -14.50000
-30.20000 -12.00001 -13.50000
-29.70000 -12.50001 -13.50000
-29.70000 -12.50001 -12.50000
-30.20000 -12.00001 -11.50000
-29.70000 -12.50001 -11.50000
-30.20000 -12.50001 -11.00000
-30.20000 -13.50001 -17.00000
-29.70000 -13.50001 -13.50000
-29.70000 -13.50001 -11.50000
-30.20000 -13.00001 -10.50000
-29.70000 -13.50001 -10.50000
-30.20000 -13.50001 -10.00000
-29.70000 -14.50001 -16.50000
-30.20000 -14.50001 -17.00000
-29.70000 -14.50001 -13.50000
-29.70000 -14.50001 -12.50000
-30.20000 -14.00001 -9.50000
-29.70000 -14.50001 -9.50000
-30.20000 -14.50001 -9.00000
-30.20000 -15.00001 -16.50000
-30.20000 -15.50001 -16.00000
-30.20000 -15.50001 -9.00000
-29.70000 -16.50001 -15.50000
-30.20000 -16.50001 -16.00000
-30.20000 -16.00001 -8.50000
-29.70000 -16.50001 -8.50000
-30.20000 -16.50001 -8.00000
-29.70000 -17.50001 -15.50000
-30.20000 -17.50001 -16.00000
-30.20000 -17.00001 -7.50000
-29.70000 -17.50001 -7.50000
-30.20000 -17.50001 -7.00000
-30.20000 -18.00001 -15.50000
-29.70000 -18.50001 -14.50000
-30.20000 -18.50001 -15.00000
-30.20000 -18.50001 -7.00000
-30.20000 -19.00001 -14.50000
-30.20000 -19.50001 -14.00000
-30.20000 -19.00001 -6.50000
-29.70000 -19.50001 -6.50000
-30.20000 -19.50001 -6.00000
-30.20000 -20.50001 -14.00000
-30.20000 -20.50001 -6.00000
-29.70000 -21.50001 -13.50000
-30.20000 -21.50001 -14.00000
-30.20000 -21.50001 -6.00000
-30.20000 -22.00001 -13.50000
-30.20000 -22.50001 -13.00000
-30.20000 -22.00001 -5.50000
-29.70000 -22.50001 -5.50000
-30.20000 -22.50001 -5.00000
-30.20000 -23.50001 -13.00000
-29.70000 -23.50001 -9.50000
-30.20000 -23.00001 -9.50000
-30.20000 -23.50001 -10.00000
-30.20000 -23.50001 -9.00000
-30.20000 -23.50001 -5.00000
-29.70000 -24.50001 -12.50000
-30.20000 -24.50001 -13.00000
-29.70000 -24.50001 -9.50000
-30.20000 -24.50001 -10.00000
-30.20000 -24.50001 -9.00000
-30.20000 -24.00001 -4.50000
-29.70000 -24.50001 -4.50000
-30.20000 -24.50001 -4.00000
-30.20000 -25.00001 -12.50000
-30.20000 -25.50001 -12.00000
-29.70000 -25.50001 -9.50000
-30.20000 -25.50001 -10.00000
-30.20000 -25.00001 -8.50000
-30.20000 -25.50001 -8.00000
-29.70000 -25.50001 -4.50000
-30.20000 -25.00001 -3.50000
-29.70000 -25.50001 -3.50000
-30.20000 -25.50001 -3.00000
-29.70000 -26.50001 -11.50000
-30.20000 -26.50001 -12.00000
-29.70000 -26.50001 -9.50000
-30.20000 -26.50001 -10.00000
-30.20000 -26.50001 -8.00000
-30.20000 -26.00001 -2.50000
-29.70000 -26.50001 -2.50000
-30.20000 -26.50001 -2.00000
-30.20000 -27.00001 -11.50000
-30.20000 -27.50001 -11.00000
-30.20000 -27.00001 -9.50000
-30.20000 -27.50001 -9.00000
-30.20000 -27.00001 -7.50000
-30.20000 -27.50001 -7.00000
-30.20000 -27.00001 -1.50000
-29.70000 -27.50001 -1.50000
-30.20000 -27.50001 -1.00000
-29.70000 -28.50001 -10.50000
-30.20000 -28.50001 -11.00000
-29.70000 -28.50001 -8.50000
-30.20000 -28.50001 -9.00000
-30.20000 -28.00001 -6.50000
-30.20000 -28.50001 -6.00000
-30.20000 -28.00001 -0.50000
-29.70000 -28.50001 -0.50000
-30.20000 -28.50001 0.00000
-30.20000 -29.00001 -10.50000
-30.20000 -29.50001 -10.00000
-30.20000 -29.00001 -8.50000
-30.20000 -29.50001 -8.00000
-30.20000 -29.00001 -5.50000
-30.20000 -29.50001 -5.00000
-29.70000 -29.50001 -1.50000
-29.70000 -29.50001 -0.50000
-30.20000 -29.00001 0.50000
-29.70000 -29.50001 0.50000
-30.20000 -29.50001 1.00000
-30.20000 -30.50001 -10.00000
-30.20000 -30.50001 -8.00000
-30.20000 -30.50001 -5.00000
-30.20000 -30.00001 -1.50000
-30.20000 -30.50001 -2.00000
-30.20000 -30.50001 -1.00000
-29.70000 -30.50001 0.50000
-30.20000 -30.50001 1.00000
-30.20000 -31.50001 -10.00000
-30.20000 -31.50001 -8.00000
-30.20000 -31.50001 -6.00000
-30.20000 -31.00001 -5.50000
-30.20000 -31.00001 -2.50000
-30.20000 -31.50001 -3.00000
-30.20000 -31.50001 -2.00000
-30.20000 -31.00001 -1.50000
-29.70000 -31.00001 -1.00000
-29.70000 -31.50001 -0.50000
-30.20000 -31.50001 0.00000
-30.20000 -31.00001 0.50000
-30.20000 -32.50001 -10.00000
-30.20000 -32.50001 -8.00000
-30.20000 -32.50001 -6.00000
-29.70000 -32.50001 -2.50000
-30.20000 -32.50001 -3.00000
-30.20000 -32.50001 -2.00000
-29.70000 -32.50001 -0.50000
-30.20000 -32.50001 0.00000
-30.20000 -33.50001 -10.00000
-29.70000 -33.50001 -7.50000
-30.20000 -33.50001 -8.00000
-29.70000 -33.50001 -6.50000
-30.20000 -33.50001 -6.00000
-30.20000 -33.00001 -2.50000
-30.20000 -33.00001 -0.50000
-30.20000 -33.50001 -1.00000
-30.20000 -34.50001 -10.00000
-29.70000 -34.50001 -7.50000
-30.20000 -34.50001 -8.00000
-29.70000 -34.50001 -6.50000
-30.20000 -34.50001 -6.00000
-30.20000 -34.00001 -0.50000
-29.70000 -34.50001 -0.50000
-30.20000 -34.50001 0.00000
-30.20000 -35.50001 -10.00000
-29.70000 -35.50001 -7.50000
-30.20000 -35.50001 -8.00000
-29.70000 -35.50001 -6.50000
-30.20000 -35.50001 -6.00000
-29.70000 -35.50001 -0.50000
-30.20000 -35.50001 0.00000
-30.20000 -36.50001 -10.00000
-29.70000 -36.50001 -7.50000
-30.20000 -36.50001 -8.00000
-29.70000 -36.50001 -6.50000
-30.20000 -36.50001 -6.00000
-29.70000 -36.50001 -0.50000
-30.20000 -36.50001 0.00000
-30.20000 -37.50001 -10.00000
-29.70000 -37.50001 -7.50000
-30.20000 -37.50001 -8.00000
-29.70000 -37.50001 -6.50000
-30.20000 -37.50001 -6.00000
-29.70000 -37.50001 -0.50000
-30.20000 -37.50001 0.00000
-30.20000 -38.50001 -10.00000
-29.70000 -38.50001 -7.50000
-30.20000 -38.50001 -8.00000
-29.70000 -38.50001 -6.50000
-30.20000 -38.50001 -6.00000
-29.70000 -38.50001 -0.50000
-30.20000 -38.50001 0.00000
-30.20000 -39.50001 -10.00000
-29.70000 -39.50001 -7.50000
-30.20000 -39.50001 -8.00000
-29.70000 -39.50001 -5.50000
-30.20000 -39.00001 -5.50000
-30.20000 -39.50001 -5.00000
-29.70000 -39.50001 -0.50000
-30.20000 -39.50001 0.00000
-30.20000 -40.50001 -10.00000
-29.70000 -40.50001 -7.50000
-30.20000 -40.50001 -8.00000
-29.70000 -40.50001 -4.50000
-30.20000 -40.00001 -4.50000
-30.20000 -40.50001 -4.00000
-29.70000 -40.50001 -0.50000
-30.20000 -40.00001 0.50000
-29.70000 -40.50001 0.50000
-30.20000 -40.50001 1.00000
-30.20000 -41.50001 -10.00000
-30.20000 -41.00001 -7.50000
-30.20000 -41.50001 -7.00000
-29.70000 -41.50001 -4.50000
-30.20000 -41.50001 -4.00000
-29.70000 -41.50001 -0.50000
-29.70000 -41.50001 0.50000
-30.20000 -41.50001 1.00000
-30.20000 -42.50001 -10.00000
-30.20000 -42.50001 -7.00000
-29.70000 -42.50001 -4.50000
-30.20000 -42.50001 -4.00000
-29.70000 -42.50001 -0.50000
-29.70000 -42.50001 0.50000
-30.20000 -42.50001 1.00000
-30.20000 -43.50001 -10.00000
-30.20000 -43.50001 -7.00000
-29.70000 -43.50001 -4.50000
-30.20000 -43.50001 -4.00000
-29.70000 -43.50001 -0.50000
-29.70000 -43.50001 0.50000
-30.20000 -43.00001 1.50000
-29.70000 -43.50001 1.50000
-30.20000 -43.50001 2.00000
-30.20000 -44.50001 -10.00000
-30.20000 -44.00001 -7.50000
-30.20000 -44.50001 -8.00000
-29.70000 -44.50001 -5.50000
-30.20000 -44.50001 -5.00000
-30.20000 -44.00001 -4.50000
-29.70000 -44.50001 -1.50000
-29.70000 -44.50001 -0.50000
-29.70000 -44.50001 0.50000
-29.70000 -44.50001 1.50000
-30.20000 -44.50001 2.00000
-30.20000 -45.50001 -10.00000
-30.20000 -45.50001 -8.00000
-29.70000 -45.50001 -5.50000
-30.20000 -45.50001 -5.00000
-29.70000 -45.50001 -1.50000
-29.70000 -45.50001 -0.50000
-29.70000 -45.50001 0.50000
-29.70000 -45.50001 1.50000
-30.20000 -45.50001 2.00000
-30.20000 -46.50001 -11.00000
-30.20000 -46.00001 -10.50000
-30.20000 -46.50001 -8.00000
-30.20000 -46.50001 -6.00000
-30.20000 -46.00001 -5.50000
-29.70000 -46.50001 -1.50000
-29.70000 -46.50001 -0.50000
-29.70000 -46.50001 0.50000
-29.70000 -46.50001 1.50000
-30.20000 -46.50001 2.00000
-30.20000 -47.50001 -11.00000
-30.20000 -47.50001 -8.00000
-29.70000 -47.50001 -6.50000
-30.20000 -47.50001 -6.00000
-29.70000 -47.50001 -1.50000
-29.70000 -47.50001 0.50000
-29.70000 -47.50001 1.50000
-30.20000 -47.50001 2.00000
-30.20000 -48.50001 -11.00000
-30.20000 -48.00001 -8.50000
-30.20000 -48.50001 -9.00000
-29.70000 -48.50001 -6.50000
-30.20000 -48.50001 -6.00000
-29.70000 -48.50001 0.50000
-29.70000 -48.50001 1.50000
-30.20000 -48.50001 2.00000
-30.20000 -49.50001 -11.00000
-30.20000 -49.50001 -9.00000
-30.20000 -49.50001 -7.00000
-30.20000 -49.00001 -6.50000
-29.70000 -49.50001 -4.50000
-29.70000 -49.50001 -3.50000
-29.70000 -49.50001 -2.50000
-29.70000 -49.50001 1.50000
-30.20000 -49.50001 2.00000
-29.70000 -50.50001 -11.50000
-30.20000 -50.50001 -12.00000
-30.20000 -50.00001 -11.50000
-30.20000 -50.50001 -9.00000
-29.70000 -50.50001 -7.50000
-30.20000 -50.50001 -7.00000
-29.70000 -50.50001 -3.50000
-29.70000 -50.50001 -2.50000
-30.20000 -50.00001 1.50000
-30.20000 -50.50001 1.00000
-30.20000 -51.50001 -12.00000
-30.20000 -51.50001 -9.00000
-29.70000 -51.50001 -7.50000
-30.20000 -51.50001 -7.00000
-29.70000 -51.50001 0.50000
-30.20000 -51.00001 0.50000
-30.20000 -51.50001 0.00000
-30.20000 -52.50001 -12.00000
-29.70000 -52.50001 -9.50000
-30.20000 -52.00001 -9.50000
-30.20000 -52.50001 -10.00000
-29.70000 -52.50001 -7.50000
-30.20000 -52.00001 -6.50000
-29.70000 -52.50001 -6.50000
-30.20000 -52.50001 -6.00000
-29.70000 -52.50001 -2.50000
-30.20000 -52.00001 -2.50000
-30.20000 -52.50001 -3.00000
-29.70000 -52.50001 -1.50000
-30.20000 -52.00001 -1.50000
-29.70000 -52.50001 -0.50000
-30.20000 -52.00001 -0.50000
-29.70000 -52.50001 0.50000
-29.70000 -53.50001 -12.50000
-30.20000 -53.50001 -13.00000
-30.20000 -53.00001 -12.50000
-30.20000 -53.50001 -10.00000
-30.20000 -53.00001 -5.50000
-30.20000 -53.00001 -4.50000
-30.20000 -53.00001 -3.50000
-29.70000 -54.50001 -12.50000
-30.20000 -54.50001 -13.00000
-29.70000 -54.50001 -9.50000
-30.20000 -54.50001 -10.00000
-29.70000 -55.50001 -12.50000
-30.20000 -55.50001 -13.00000
-30.20000 -55.00001 -9.50000
-30.20000 -55.00001 -8.50000
-30.20000 -55.50001 -8.00000
-29.70000 -55.50001 -5.50000
-30.20000 -55.50001 -6.00000
-30.20000 -55.00001 -5.50000
-30.20000 -55.00001 -4.50000
-29.70000 -55.50001 -4.50000
-30.20000 -55.50001 -4.00000
-30.20000 -56.00001 -12.50000
-30.20000 -56.50001 -12.00000
-30.20000 -56.00001 -7.50000
-30.20000 -56.00001 -6.50000
-30.20000 -56.00001 -3.50000
-30.20000 -56.00001 -2.50000
-30.20000 -56.50001 -2.00000
-30.20000 -57.00001 -11.50000
-30.20000 -57.00001 -10.50000
-30.20000 -57.50001 -10.00000
-30.20000 -57.00001 -1.50000
-30.20000 -57.50001 -1.00000
-30.20000 -58.50001 -10.00000
-30.20000 -58.50001 -1.00000
-29.70000 -59.50001 -11.50000
-30.20000 -59.50001 -12.00000
-30.20000 -59.00001 -11.50000
-30.20000 -59.00001 -10.50000
-29.70000 -59.50001 -1.50000
-30.20000 -59.00001 -1.50000
-30.20000 -59.50001 -2.00000
-30.20000 -60.00001 -11.50000
-29.70000 -60.50001 -10.50000
-30.20000 -60.50001 -11.00000
-30.20000 -60.00001 -6.50000
-30.20000 -60.50001 -7.00000
-30.20000 -60.00001 -5.50000
-30.20000 -60.00001 -4.50000
-30.20000 -60.00001 -3.50000
-30.20000 -60.00001 -2.50000
-30.20000 -61.00001 -10.50000
-30.20000 -61.00001 -9.50000
-30.20000 -61.00001 -8.50000
-30.20000 -61.00001 -7.50000
-31.20000 22.49999 -30.00000
-31.20000 22.99999 -29.50000
-31.20000 22.99999 -28.50000
-31.20000 22.49999 -28.00000
-31.20000 21.49999 -31.00000
-31.20000 21.99999 -30.50000
-31.20000 21.99999 -27.50000
-30.70000 21.49999 -27.50000
-31.20000 21.49999 -27.00000
-31.20000 20.49999 -31.00000
-31.20000 20.49999 -27.00000
-31.20000 19.49999 -31.00000
-30.70000 19.49999 -26.50000
-31.20000 19.49999 -27.00000
-30.70000 18.49999 -31.50000
-31.20000 18.49999 -31.00000
-30.70000 18.49999 -27.50000
-31.20000 18.99999 -27.50000
-31.20000 18.49999 -28.00000
-30.70000 17.49999 -31.50000
-31.20000 17.49999 -31.00000
-31.20000 17.99999 -27.50000
-31.20000 17.49999 -27.00000
-31.20000 16.49999 -32.00000
-31.20000 16.99999 -31.50000
-31.20000 16.99999 -26.50000
-31.20000 16.49999 -26.00000
-31.20000 15.99999 -31.50000
-30.70000 15.49999 -31.50000
-31.20000 15.49999 -31.00000
-31.20000 15.99999 -25.50000
-31.20000 15.49999 -25.00000
-30.70000 14.49999 -30.50000
-31.20000 14.99999 -30.50000
-31.20000 14.49999 -30.00000
-31.20000 14.99999 -24.50000
-30.70000 14.49999 -24.50000
-31.20000 14.49999 -24.00000
-30.70000 13.49999 -30.50000
-31.20000 13.49999 -30.00000
-31.20000 13.99999 -23.50000
-30.70000 13.49999 -23.50000
-31.20000 13.49999 -23.00000
-30.70000 12.49999 -30.50000
-31.20000 12.99999 -29.50000
-30.70000 12.49999 -29.50000
-31.20000 12.49999 -29.00000
-30.70000 12.49999 -23.50000
-31.20000 12.99999 -22.50000
-30.70000 12.49999 -22.50000
-31.20000 12.49999 -22.00000
-30.70000 11.49999 -30.50000
-30.70000 11.49999 -29.50000
-31.20000 11.49999 -29.00000
-30.70000 11.49999 -24.50000
-31.20000 11.49999 -24.00000
-31.20000 11.99999 -23.50000
-31.20000 11.99999 -22.50000
-30.70000 10.49999 -30.50000
-31.20000 10.49999 -29.00000
-30.70000 10.49999 -28.50000
-30.70000 10.49999 -27.50000
-30.70000 10.49999 -26.50000
-30.70000 10.49999 -25.50000
-31.20000 10.49999 -25.00000
-31.20000 10.99999 -24.50000
-30.70000 9.49999 -28.50000
-31.20000 9.49999 -29.00000
-30.70000 9.49999 -27.50000
-30.70000 9.49999 -26.50000
-31.20000 9.49999 -26.00000
-31.20000 9.99999 -25.50000
-31.20000 8.99999 -28.50000
-30.70000 8.49999 -27.50000
-31.20000 8.49999 -28.00000
-30.70000 8.49999 -26.50000
-31.20000 8.49999 -26.00000
-31.20000 7.99999 -27.50000
-30.70000 7.49999 -26.50000
-31.20000 7.49999 -27.00000
-31.20000 7.99999 -25.50000
-30.70000 7.49999 -25.50000
-31.20000 7.49999 -25.00000
-31.20000 6.99999 -26.50000
-31.20000 6.99999 -25.50000
-30.70000 3.49999 -20.50000
-31.20000 3.49999 -21.00000
-31.20000 3.99999 -20.50000
-31.20000 3.49999 -20.00000
-30.70000 2.49999 -21.50000
-31.20000 2.49999 -22.00000
-31.20000 2.99999 -21.50000
-30.70000 2.49999 -20.50000
-31.20000 2.99999 -19.50000
-30.70000 2.49999 -19.50000
-31.20000 2.49999 -19.00000
-30.70000 1.49999 -21.50000
-31.20000 1.49999 -22.00000
-30.70000 1.49999 -20.50000
-30.70000 1.49999 -19.50000
-31.20000 1.49999 -19.00000
-31.20000 0.49999 -22.00000
-30.70000 0.49999 -19.50000
-31.20000 0.99999 -18.50000
-30.70000 0.49999 -18.50000
-31.20000 0.49999 -18.00000
-30.70000 -0.50001 -21.50000
-31.20000 -0.50001 -22.00000
-30.70000 -0.50001 -19.50000
-30.70000 -0.50001 -18.50000
-31.20000 -0.00001 -17.50000
-30.70000 -0.50001 -17.50000
-31.20000 -0.00001 -16.50000
-30.70000 -0.50001 -16.50000
-31.20000 -0.50001 -16.00000
-30.70000 -1.50001 -21.50000
-31.20000 -1.50001 -22.00000
-30.70000 -1.50001 -20.50000
-30.70000 -1.50001 -18.50000
-30.70000 -1.50001 -17.50000
-30.70000 -1.50001 -16.50000
-31.20000 -1.00001 -15.50000
-30.70000 -1.50001 -15.50000
-31.20000 -1.50001 -15.00000
-31.20000 -2.00001 -21.50000
-30.70000 -2.50001 -20.50000
-31.20000 -2.50001 -21.00000
-30.70000 -2.50001 -17.50000
-30.70000 -2.50001 -16.50000
-30.70000 -2.50001 -15.50000
-31.20000 -2.50001 -15.00000
-31.20000 -3.00001 -20.50000
-30.70000 -3.50001 -19.50000
-31.20000 -3.50001 -20.00000
-30.70000 -3.50001 -17.50000
-30.70000 -3.50001 -16.50000
-31.20000 -3.50001 -16.00000
-31.20000 -3.00001 -15.50000
-30.70000 -4.50001 -19.50000
-31.20000 -4.50001 -20.00000
-30.70000 -4.50001 -17.50000
-30.70000 -4.50001 -16.50000
-31.20000 -4.50001 -16.00000
-31.20000 -5.00001 -19.50000
-30.70000 -5.50001 -18.50000
-31.20000 -5.50001 -19.00000
-30.70000 -5.50001 -17.50000
-30.70000 -5.50001 -16.50000
-31.20000 -5.50001 -16.00000
-31.20000 -6.00001 -18.50000
-31.20000 -6.00001 -17.50000
-31.20000 -6.00001 -16.50000
-30.70000 -9.50001 -13.50000
-31.20000 -9.50001 -14.00000
-31.20000 -9.00001 -13.50000
-31.20000 -9.50001 -13.00000
-30.70000 -10.50001 -13.50000
-31.20000 -10.50001 -14.00000
-31.20000 -10.00001 -12.50000
-30.70000 -10.50001 -12.50000
-31.20000 -10.00001 -11.50000
-30.70000 -10.50001 -11.50000
-31.20000 -10.50001 -11.00000
-30.70000 -11.50001 -14.50000
-31.20000 -11.50001 -15.00000
-31.20000 -11.00001 -14.50000
-30.70000 -11.50001 -13.50000
-30.70000 -11.50001 -11.50000
-31.20000 -11.00001 -10.50000
-30.70000 -11.50001 -10.50000
-31.20000 -11.50001 -10.00000
-31.20000 -12.50001 -17.00000
-31.20000 -12.00001 -16.50000
-31.20000 -12.00001 -15.50000
-30.70000 -12.50001 -10.50000
-31.20000 -12.00001 -9.50000
-30.70000 -12.50001 -9.50000
-31.20000 -12.50001 -9.00000
-31.20000 -13.50001 -17.00000
-30.70000 -13.50001 -9.50000
-31.20000 -13.50001 -9.00000
-30.70000 -14.50001 -17.50000
-31.20000 -14.50001 -18.00000
-31.20000 -14.00001 -17.50000
-31.20000 -14.00001 -8.50000
-30.70000 -14.50001 -8.50000
-31.20000 -14.50001 -8.00000
-31.20000 -15.00001 -17.50000
-30.70000 -15.50001 -16.50000
-31.20000 -15.50001 -17.00000
-30.70000 -15.50001 -8.50000
-31.20000 -15.50001 -8.00000
-31.20000 -16.00001 -16.50000
-31.20000 -16.50001 -16.00000
-31.20000 -16.50001 -8.00000
-31.20000 -17.50001 -16.00000
-31.20000 -17.00001 -7.50000
-31.20000 -17.50001 -7.00000
-31.20000 -18.00001 -15.50000
-31.20000 -18.50001 -15.00000
-31.20000 -18.00001 -6.50000
-30.70000 -18.50001 -6.50000
-31.20000 -18.50001 -6.00000
-30.70000 -19.50001 -14.50000
-31.20000 -19.50001 -15.00000
-30.70000 -19.50001 -10.50000
-31.20000 -19.00001 -10.50000
-31.20000 -19.50001 -11.00000
-31.20000 -19.50001 -10.00000
-31.20000 -19.50001 -6.00000
-30.70000 -20.50001 -14.50000
-31.20000 -20.50001 -15.00000
-30.70000 -20.50001 -10.50000
-31.20000 -20.50001 -11.00000
-31.20000 -20.00001 -9.50000
-30.70000 -20.50001 -9.50000
-31.20000 -20.50001 -9.00000
-31.20000 -20.00001 -5.50000
-30.70000 -20.50001 -5.50000
-31.20000 -20.50001 -5.00000
-31.20000 -21.00001 -14.50000
-31.20000 -21.50001 -14.00000
-30.70000 -21.50001 -10.50000
-31.20000 -21.50001 -11.00000
-30.70000 -21.50001 -9.50000
-31.20000 -21.50001 -9.00000
-30.70000 -21.50001 -5.50000
-31.20000 -21.50001 -5.00000
-30.70000 -22.50001 -13.50000
-31.20000 -22.50001 -14.00000
-30.70000 -22.50001 -10.50000
-31.20000 -22.50001 -11.00000
-30.70000 -22.50001 -9.50000
-31.20000 -22.50001 -9.00000
-31.20000 -22.50001 -5.00000
-31.20000 -23.00001 -13.50000
-31.20000 -23.50001 -13.00000
-31.20000 -23.00001 -10.50000
-31.20000 -23.50001 -10.00000
-31.20000 -23.50001 -9.00000
-31.20000 -23.00001 -4.50000
-30.70000 -23.50001 -4.50000
-31.20000 -23.50001 -4.00000
-31.20000 -24.50001 -13.00000
-31.20000 -24.50001 -10.00000
-31.20000 -24.00001 -8.50000
-30.70000 -24.50001 -8.50000
-31.20000 -24.50001 -8.00000
-31.20000 -24.50001 -4.00000
-30.70000 -25.50001 -12.50000
-31.20000 -25.50001 -13.00000
-31.20000 -25.50001 -10.00000
-31.20000 -25.50001 -8.00000
-31.20000 -25.00001 -3.50000
-31.20000 -25.50001 -3.00000
-31.20000 -26.00001 -12.50000
-31.20000 -26.50001 -12.00000
-31.20000 -26.50001 -10.00000
-31.20000 -26.00001 -7.50000
-30.70000 -26.50001 -7.50000
-31.20000 -26.50001 -7.00000
-31.20000 -26.00001 -2.50000
-31.20000 -26.00001 -1.50000
-30.70000 -26.50001 -1.50000
-31.20000 -26.50001 -1.00000
-31.20000 -27.00001 -11.50000
-31.20000 -27.50001 -11.00000
-31.20000 -27.00001 -9.50000
-31.20000 -27.50001 -9.00000
-31.20000 -27.50001 -7.00000
-31.20000 -27.00001 -0.50000
-30.70000 -27.50001 -0.50000
-31.20000 -27.50001 0.00000
-31.20000 -28.50001 -11.00000
-31.20000 -28.50001 -9.00000
-31.20000 -28.00001 -6.50000
-30.70000 -28.50001 -5.50000
-31.20000 -28.00001 -5.50000
-31.20000 -28.50001 -5.00000
-31.20000 -28.00001 0.50000
-30.70000 -28.50001 0.50000
-31.20000 -28.00001 1.50000
-30.70000 -28.50001 1.50000
-31.20000 -28.50001 2.00000
-31.20000 -29.00001 -10.50000
-31.20000 -29.50001 -10.00000
-31.20000 -29.00001 -8.50000
-31.20000 -29.50001 -8.00000
-31.20000 -29.50001 -5.00000
-30.70000 -29.50001 1.50000
-31.20000 -29.50001 2.00000
-31.20000 -30.50001 -10.00000
-31.20000 -30.50001 -8.00000
-31.20000 -30.50001 -5.00000
-30.70000 -30.50001 -1.50000
-30.70000 -30.50001 1.50000
-31.20000 -30.50001 2.00000
-31.20000 -31.50001 -10.00000
-31.20000 -31.50001 -8.00000
-31.20000 -31.50001 -6.00000
-31.20000 -31.00001 -5.50000
-31.20000 -31.00001 -2.50000
-31.20000 -31.50001 -3.00000
-30.70000 -31.00001 -2.00000
-31.20000 -31.50001 -2.00000
-30.70000 -31.50001 0.50000
-30.70000 -31.50001 1.50000
-31.20000 -31.50001 2.00000
-31.20000 -32.50001 -10.00000
-31.20000 -32.50001 -8.00000
-31.20000 -32.50001 -6.00000
-31.20000 -32.50001 -3.00000
-31.20000 -32.50001 -2.00000
-30.70000 -32.50001 0.50000
-30.70000 -32.50001 1.50000
-31.20000 -32.50001 2.00000
-31.20000 -33.50001 -10.00000
-31.20000 -33.50001 -8.00000
-31.20000 -33.50001 -6.00000
-31.20000 -33.00001 -2.50000
-30.70000 -33.50001 -0.50000
-30.70000 -33.50001 0.50000
-31.20000 -33.50001 1.00000
-31.20000 -33.00001 1.50000
-31.20000 -34.50001 -10.00000
-31.20000 -34.50001 -8.00000
-31.20000 -34.50001 -6.00000
-30.70000 -34.50001 0.50000
-31.20000 -34.00001 1.50000
-30.70000 -34.50001 1.50000
-31.20000 -34.50001 2.00000
-31.20000 -35.50001 -10.00000
-31.20000 -35.50001 -8.00000
-31.20000 -35.50001 -6.00000
-30.70000 -35.50001 0.50000
-30.70000 -35.50001 1.50000
-31.20000 -35.50001 2.00000
-31.20000 -36.50001 -10.00000
-31.20000 -36.50001 -8.00000
-31.20000 -36.50001 -6.00000
-30.70000 -36.50001 0.50000
-30.70000 -36.50001 1.50000
-31.20000 -36.50001 2.00000
-31.20000 -37.50001 -10.00000
-31.20000 -37.50001 -8.00000
-31.20000 -37.00001 -5.50000
-30.70000 -37.50001 -5.50000
-31.20000 -37.50001 -5.00000
-30.70000 -37.50001 0.50000
-30.70000 -37.50001 1.50000
-31.20000 -37.50001 2.00000
-31.20000 -38.50001 -10.00000
-31.20000 -38.50001 -8.00000
-30.70000 -38.50001 -5.50000
-31.20000 -38.50001 -5.00000
-30.70000 -38.50001 0.50000
-30.70000 -38.50001 1.50000
-31.20000 -38.50001 2.00000
-31.20000 -39.50001 -10.00000
-31.20000 -39.50001 -8.00000
-30.70000 -39.50001 -4.50000
-31.20000 -39.00001 -4.50000
-31.20000 -39.50001 -4.00000
-30.70000 -39.50001 0.50000
-30.70000 -39.50001 1.50000
-31.20000 -39.50001 2.00000
-31.20000 -40.50001 -10.00000
-31.20000 -40.50001 -8.00000
-31.20000 -40.50001 -4.00000
-30.70000 -40.50001 1.50000
-31.20000 -40.50001 2.00000
-31.20000 -41.50001 -10.00000
-31.20000 -41.00001 -7.50000
-31.20000 -41.50001 -7.00000
-31.20000 -41.00001 -3.50000
-30.70000 -41.50001 -3.50000
-31.20000 -41.50001 -3.00000
-30.70000 -41.50001 1.50000
-31.20000 -41.50001 2.00000
-31.20000 -42.50001 -10.00000
-31.20000 -42.50001 -7.00000
-30.70000 -42.50001 -3.50000
-31.20000 -42.50001 -3.00000
-30.70000 -42.50001 1.50000
-31.20000 -42.50001 2.00000
-31.20000 -43.50001 -10.00000
-31.20000 -43.50001 -7.00000
-30.70000 -43.50001 -3.50000
-31.20000 -43.50001 -3.00000
-31.20000 -43.50001 2.00000
-31.20000 -44.50001 -10.00000
-30.70000 -44.50001 -7.50000
-31.20000 -44.50001 -7.00000
-30.70000 -44.50001 -4.50000
-31.20000 -44.50001 -4.00000
-31.20000 -44.00001 -3.50000
-31.20000 -44.50001 2.00000
-31.20000 -45.50001 -10.00000
-30.70000 -45.50001 -7.50000
-31.20000 -45.50001 -7.00000
-30.70000 -45.50001 -4.50000
-31.20000 -45.50001 -4.00000
-31.20000 -45.50001 2.00000
-30.70000 -46.50001 -10.50000
-31.20000 -46.50001 -10.00000
-30.70000 -46.50001 -7.50000
-31.20000 -46.50001 -7.00000
-30.70000 -46.50001 -5.50000
-31.20000 -46.50001 -5.00000
-31.20000 -46.00001 -4.50000
-31.20000 -46.50001 2.00000
-31.20000 -47.50001 -11.00000
-31.20000 -47.00001 -10.50000
-31.20000 -47.00001 -7.50000
-31.20000 -47.50001 -8.00000
-30.70000 -47.50001 -5.50000
-31.20000 -47.50001 -5.00000
-30.70000 -47.50001 1.50000
-31.20000 -47.00001 1.50000
-31.20000 -47.50001 1.00000
-31.20000 -48.50001 -11.00000
-30.70000 -48.50001 -8.50000
-31.20000 -48.50001 -8.00000
-30.70000 -48.50001 -5.50000
-31.20000 -48.50001 -5.00000
-30.70000 -48.50001 1.50000
-31.20000 -48.50001 1.00000
-30.70000 -49.50001 -11.50000
-31.20000 -49.50001 -12.00000
-31.20000 -49.00001 -11.50000
-30.70000 -49.50001 -8.50000
-31.20000 -49.50001 -8.00000
-30.70000 -49.50001 -6.50000
-31.20000 -49.50001 -6.00000
-31.20000 -49.00001 -5.50000
-30.70000 -49.50001 1.50000
-31.20000 -49.50001 1.00000
-31.20000 -50.50001 -12.00000
-31.20000 -50.00001 -8.50000
-31.20000 -50.50001 -9.00000
-30.70000 -50.50001 -6.50000
-31.20000 -50.50001 -6.00000
-30.70000 -50.50001 -0.50000
-31.20000 -50.00001 -0.50000
-31.20000 -50.50001 -1.00000
-30.70000 -50.50001 0.50000
-31.20000 -50.00001 0.50000
-30.70000 -51.50001 -12.50000
-31.20000 -51.50001 -13.00000
-31.20000 -51.00001 -12.50000
-30.70000 -51.50001 -9.50000
-31.20000 -51.00001 -9.50000
-31.20000 -51.50001 -10.00000
-30.70000 -51.50001 -6.50000
-31.20000 -51.00001 -5.50000
-30.70000 -51.50001 -5.50000
-31.20000 -51.50001 -5.00000
-30.70000 -51.50001 -2.50000
-31.20000 -51.00001 -2.50000
-31.20000 -51.50001 -3.00000
-30.70000 -51.50001 -1.50000
-31.20000 -51.00001 -1.50000
-30.70000 -51.50001 -0.50000
-30.70000 -52.50001 -12.50000
-31.20000 -52.50001 -13.00000
-31.20000 -52.50001 -10.00000
-30.70000 -52.50001 -5.50000
-31.20000 -52.00001 -4.50000
-30.70000 -52.50001 -4.50000
-30.70000 -52.50001 -3.50000
-31.20000 -52.00001 -3.50000
-31.20000 -53.50001 -13.00000
-30.70000 -53.50001 -10.50000
-31.20000 -53.00001 -10.50000
-31.20000 -53.50001 -11.00000
-31.20000 -54.50001 -13.00000
-31.20000 -54.00001 -10.50000
-31.20000 -54.50001 -10.00000
-31.20000 -55.50001 -13.00000
-31.20000 -55.00001 -9.50000
-31.20000 -55.00001 -8.50000
-31.20000 -55.00001 -7.50000
-30.70000 -55.50001 -7.50000
-31.20000 -55.00001 -6.50000
-30.70000 -55.50001 -6.50000
-31.20000 -55.00001 -5.50000
-31.20000 -55.00001 -4.50000
-31.20000 -55.50001 -4.00000
-31.20000 -56.00001 -12.50000
-31.20000 -56.50001 -12.00000
-31.20000 -56.00001 -3.50000
-31.20000 -56.00001 -2.50000
-31.20000 -56.50001 -2.00000
-31.20000 -57.00001 -11.50000
-30.70000 -57.50001 -10.50000
-31.20000 -57.50001 -11.00000
-30.70000 -57.50001 -1.50000
-31.20000 -57.50001 -2.00000
-30.70000 -58.50001 -11.50000
-31.20000 -58.50001 -12.00000
-31.20000 -58.00001 -11.50000
-30.70000 -58.50001 -10.50000
-30.70000 -58.50001 -1.50000
-31.20000 -58.50001 -2.00000
-30.70000 -59.50001 -12.50000
-31.20000 -59.50001 -13.00000
-31.20000 -59.00001 -12.50000
-30.70000 -59.50001 -3.50000
-31.20000 -59.00001 -3.50000
-31.20000 -59.50001 -4.00000
-30.70000 -59.50001 -2.50000
-31.20000 -59.00001 -2.50000
-31.20000 -60.00001 -12.50000
-31.20000 -60.00001 -11.50000
-31.20000 -60.50001 -11.00000
-30.70000 -60.50001 -7.50000
-31.20000 -60.00001 -7.50000
-31.20000 -60.50001 -8.00000
-31.20000 -60.00001 -6.50000
-31.20000 -60.00001 -5.50000
-31.20000 -60.00001 -4.50000
-31.20000 -61.00001 -10.50000
-31.20000 -61.00001 -9.50000
-31.20000 -61.00001 -8.50000
-32.20000 22.49999 -30.00000
-32.20000 22.99999 -29.50000
-32.20000 22.99999 -28.50000
-32.20000 22.49999 -28.00000
-32.20000 21.49999 -31.00000
-32.20000 21.99999 -30.50000
-32.20000 21.99999 -27.50000
-32.20000 21.49999 -27.00000
-32.20000 20.49999 -31.00000
-32.20000 20.49999 -27.00000
-32.20000 19.49999 -31.00000
-32.20000 19.49999 -27.00000
-32.20000 18.49999 -31.00000
-32.20000 18.99999 -27.50000
-32.20000 18.49999 -28.00000
-32.20000 17.49999 -31.00000
-31.70000 17.49999 -27.50000
-32.20000 17.49999 -28.00000
-31.70000 16.49999 -31.50000
-32.20000 16.49999 -31.00000
-32.20000 16.99999 -27.50000
-31.70000 16.49999 -26.50000
-32.20000 16.49999 -27.00000
-32.20000 15.49999 -31.00000
-32.20000 15.99999 -26.50000
-32.20000 15.99999 -25.50000
-32.20000 15.99999 -24.50000
-31.70000 15.49999 -24.50000
-32.20000 15.49999 -24.00000
-32.20000 14.99999 -30.50000
-32.20000 14.49999 -30.00000
-32.20000 14.99999 -23.50000
-31.70000 14.49999 -23.50000
-32.20000 14.49999 -23.00000
-32.20000 13.49999 -30.00000
-32.20000 13.99999 -22.50000
-31.70000 13.49999 -22.50000
-32.20000 13.49999 -22.00000
-32.20000 12.99999 -29.50000
-31.70000 12.49999 -28.50000
-32.20000 12.99999 -28.50000
-32.20000 12.49999 -28.00000
-32.20000 12.99999 -21.50000
-31.70000 12.49999 -21.50000
-32.20000 12.49999 -21.00000
-31.70000 11.49999 -28.50000
-32.20000 11.49999 -28.00000
-31.70000 11.49999 -23.50000
-31.70000 11.49999 -22.50000
-32.20000 11.49999 -22.00000
-32.20000 11.99999 -21.50000
-31.70000 10.49999 -28.50000
-32.20000 10.49999 -28.00000
-31.70000 10.49999 -24.50000
-32.20000 10.49999 -24.00000
-32.20000 10.99999 -23.50000
-32.20000 10.99999 -22.50000
-31.70000 9.49999 -28.50000
-32.20000 9.49999 -28.00000
-31.70000 9.49999 -25.50000
-31.70000 9.49999 -24.50000
-32.20000 9.49999 -24.00000
-32.20000 8.49999 -28.00000
-31.70000 8.49999 -25.50000
-31.70000 8.49999 -24.50000
-32.20000 8.49999 -24.00000
-32.20000 7.99999 -27.50000
-32.20000 7.49999 -27.00000
-31.70000 7.49999 -24.50000
-32.20000 7.49999 -24.00000
-31.70000 6.49999 -27.50000
-32.20000 6.49999 -28.00000
-32.20000 6.99999 -27.50000
-31.70000 6.49999 -26.50000
-31.70000 6.49999 -25.50000
-31.70000 6.49999 -24.50000
-32.20000 6.49999 -24.00000
-31.70000 5.49999 -29.50000
-32.20000 5.49999 -30.00000
-32.20000 5.99999 -29.50000
-32.20000 5.99999 -28.50000
-31.70000 5.49999 -28.50000
-31.70000 5.49999 -27.50000
-31.70000 5.49999 -26.50000
-31.70000 5.49999 -25.50000
-31.70000 5.49999 -24.50000
-32.20000 5.49999 -24.00000
-32.20000 4.99999 -29.50000
-31.70000 4.49999 -28.50000
-32.20000 4.49999 -29.00000
-31.70000 4.49999 -27.50000
-31.70000 4.49999 -26.50000
-31.70000 4.49999 -25.50000
-32.20000 4.49999 -25.00000
-32.20000 4.99999 -24.50000
-31.70000 4.49999 -22.50000
-32.20000 4.49999 -23.00000
-32.20000 4.99999 -22.50000
-32.20000 4.99999 -21.50000
-31.70000 4.49999 -21.50000
-32.20000 4.99999 -20.50000
-31.70000 4.49999 -20.50000
-32.20000 4.99999 -19.50000
-31.70000 4.49999 -19.50000
-32.20000 4.49999 -19.00000
-32.20000 3.99999 -28.50000
-31.70000 3.49999 -27.50000
-32.20000 3.49999 -28.00000
-32.20000 3.49999 -27.00000
-32.20000 3.99999 -26.50000
-32.20000 3.99999 -25.50000
-32.20000 3.99999 -22.50000
-31.70000 3.49999 -21.50000
-32.20000 3.49999 -22.00000
-31.70000 3.49999 -19.50000
-32.20000 3.99999 -18.50000
-31.70000 3.49999 -18.50000
-32.20000 3.49999 -18.00000
-32.20000 2.99999 -27.50000
-32.20000 2.49999 -22.00000
-31.70000 2.49999 -18.50000
-32.20000 2.99999 -17.50000
-31.70000 2.49999 -17.50000
-32.20000 2.49999 -17.00000
-31.70000 1.49999 -22.50000
-32.20000 1.49999 -23.00000
-32.20000 1.99999 -22.50000
-31.70000 1.49999 -18.50000
-31.70000 1.49999 -17.50000
-32.20000 1.99999 -16.50000
-31.70000 1.49999 -16.50000
-32.20000 1.49999 -16.00000
-31.70000 1.49999 -11.50000
-32.20000 1.49999 -12.00000
-32.20000 1.99999 -11.50000
-32.20000 1.99999 -10.50000
-31.70000 1.49999 -10.50000
-32.20000 1.49999 -10.00000
-31.70000 0.49999 -22.50000
-32.20000 0.49999 -23.00000
-31.70000 0.49999 -17.50000
-31.70000 0.49999 -16.50000
-32.20000 0.99999 -15.50000
-31.70000 0.49999 -15.50000
-32.20000 0.49999 -15.00000
-31.70000 0.49999 -12.50000
-32.20000 0.49999 -13.00000
-32.20000 0.99999 -12.50000
-31.70000 0.49999 -11.50000
-31.70000 0.49999 -10.50000
-32.20000 0.99999 -9.50000
-31.70000 0.49999 -9.50000
-32.20000 0.49999 -9.00000
-31.70000 -0.50001 -22.50000
-32.20000 -0.50001 -23.00000
-31.70000 -0.50001 -15.50000
-32.20000 -0.00001 -14.50000
-31.70000 -0.50001 -14.50000
-32.20000 -0.00001 -13.50000
-31.70000 -0.50001 -13.50000
-31.70000 -0.50001 -12.50000
-31.70000 -0.50001 -11.50000
-31.70000 -0.50001 -10.50000
-31.70000 -0.50001 -9.50000
-32.20000 -0.00001 -8.50000
-31.70000 -0.50001 -8.50000
-32.20000 -0.50001 -8.00000
-32.20000 -1.00001 -22.50000
-32.20000 -1.50001 -22.00000
-31.70000 -1.50001 -14.50000
-31.70000 -1.50001 -13.50000
-31.70000 -1.50001 -12.50000
-31.70000 -1.50001 -11.50000
-31.70000 -1.50001 -10.50000
-31.70000 -1.50001 -9.50000
-32.20000 -1.50001 -9.00000
-32.20000 -1.00001 -8.50000
-31.70000 -2.50001 -21.50000
-32.20000 -2.50001 -22.00000
-31.70000 -2.50001 -14.50000
-31.70000 -2.50001 -13.50000
-31.70000 -2.50001 -12.50000
-32.20000 -2.50001 -12.00000
-32.20000 -2.00001 -11.50000
-31.70000 -2.50001 -10.50000
-32.20000 -2.50001 -11.00000
-31.70000 -2.50001 -9.50000
-32.20000 -2.50001 -9.00000
-32.20000 -3.00001 -21.50000
-31.70000 -3.50001 -20.50000
-32.20000 -3.50001 -21.00000
-31.70000 -3.50001 -15.50000
-31.70000 -3.50001 -14.50000
-31.70000 -3.50001 -13.50000
-32.20000 -3.50001 -13.00000
-32.20000 -3.00001 -12.50000
-32.20000 -3.00001 -10.50000
-32.20000 -3.00001 -9.50000
-32.20000 -4.00001 -20.50000
-32.20000 -4.50001 -20.00000
-31.70000 -4.50001 -15.50000
-31.70000 -4.50001 -14.50000
-32.20000 -4.50001 -14.00000
-32.20000 -4.00001 -13.50000
-31.70000 -5.50001 -19.50000
-32.20000 -5.50001 -20.00000
-31.70000 -5.50001 -15.50000
-31.70000 -5.50001 -14.50000
-32.20000 -5.50001 -14.00000
-31.70000 -6.50001 -19.50000
-32.20000 -6.50001 -20.00000
-31.70000 -6.50001 -18.50000
-31.70000 -6.50001 -17.50000
-31.70000 -6.50001 -16.50000
-31.70000 -6.50001 -15.50000
-32.20000 -6.50001 -15.00000
-32.20000 -6.00001 -14.50000
-32.20000 -7.00001 -19.50000
-32.20000 -7.00001 -18.50000
-32.20000 -7.00001 -17.50000
-32.20000 -7.00001 -16.50000
-32.20000 -7.00001 -15.50000
-31.70000 -7.50001 -12.50000
-32.20000 -7.50001 -13.00000
-32.20000 -7.00001 -12.50000
-32.20000 -7.50001 -12.00000
-31.70000 -8.50001 -12.50000
-32.20000 -8.50001 -13.00000
-32.20000 -8.00001 -11.50000
-31.70000 -8.50001 -11.50000
-32.20000 -8.50001 -11.00000
-32.20000 -9.50001 -14.00000
-32.20000 -9.00001 -13.50000
-31.70000 -9.50001 -12.50000
-31.70000 -9.50001 -11.50000
-32.20000 -9.00001 -10.50000
-31.70000 -9.50001 -10.50000
-32.20000 -9.00001 -9.50000
-31.70000 -9.50001 -9.50000
-32.20000 -9.50001 -9.00000
-31.70000 -10.50001 -14.50000
-32.20000 -10.50001 -15.00000
-32.20000 -10.00001 -14.50000
-31.70000 -10.50001 -10.50000
-31.70000 -10.50001 -9.50000
-32.20000 -10.50001 -9.00000
-31.70000 -11.50001 -15.50000
-32.20000 -11.50001 -16.00000
-32.20000 -11.00001 -15.50000
-31.70000 -11.50001 -9.50000
-32.20000 -11.00001 -8.50000
-31.70000 -11.50001 -8.50000
-32.20000 -11.50001 -8.00000
-31.70000 -12.50001 -16.50000
-32.20000 -12.50001 -16.00000
-31.70000 -12.50001 -8.50000
-32.20000 -12.50001 -8.00000
-32.20000 -13.50001 -17.00000
-32.20000 -13.00001 -16.50000
-31.70000 -13.50001 -8.50000
-32.20000 -13.50001 -8.00000
-32.20000 -14.50001 -18.00000
-32.20000 -14.00001 -17.50000
-32.20000 -14.00001 -7.50000
-31.70000 -14.50001 -7.50000
-32.20000 -14.50001 -7.00000
-31.70000 -15.50001 -17.50000
-32.20000 -15.50001 -18.00000
-31.70000 -15.50001 -7.50000
-32.20000 -15.50001 -7.00000
-32.20000 -16.00001 -17.50000
-31.70000 -16.50001 -16.50000
-32.20000 -16.50001 -17.00000
-32.20000 -16.00001 -7.50000
-32.20000 -16.50001 -8.00000
-32.20000 -16.50001 -7.00000
-31.70000 -16.50001 -6.50000
-32.20000 -16.00001 -6.50000
-32.20000 -16.50001 -6.00000
-32.20000 -17.00001 -16.50000
-32.20000 -17.50001 -16.00000
-32.20000 -17.00001 -7.50000
-31.70000 -17.50001 -6.50000
-32.20000 -17.50001 -6.00000
-31.70000 -18.50001 -15.50000
-32.20000 -18.50001 -16.00000
-31.70000 -18.50001 -11.50000
-32.20000 -18.00001 -11.50000
-32.20000 -18.50001 -12.00000
-31.70000 -18.50001 -10.50000
-32.20000 -18.00001 -10.50000
-32.20000 -18.50001 -10.00000
-32.20000 -18.50001 -6.00000
-32.20000 -19.00001 -15.50000
-32.20000 -19.50001 -15.00000
-31.70000 -19.50001 -11.50000
-32.20000 -19.50001 -12.00000
-31.70000 -19.50001 -9.50000
-32.20000 -19.00001 -9.50000
-32.20000 -19.50001 -9.00000
-32.20000 -19.00001 -5.50000
-31.70000 -19.50001 -5.50000
-32.20000 -19.50001 -5.00000
-32.20000 -20.50001 -15.00000
-31.70000 -20.50001 -11.50000
-32.20000 -20.50001 -12.00000
-31.70000 -20.50001 -8.50000
-32.20000 -20.00001 -8.50000
-32.20000 -20.50001 -8.00000
-32.20000 -20.50001 -5.00000
-31.70000 -21.50001 -14.50000
-32.20000 -21.50001 -15.00000
-32.20000 -21.00001 -11.50000
-32.20000 -21.50001 -11.00000
-31.70000 -21.50001 -8.50000
-32.20000 -21.50001 -8.00000
-32.20000 -21.50001 -5.00000
-32.20000 -22.00001 -14.50000
-32.20000 -22.50001 -14.00000
-32.20000 -22.50001 -11.00000
-31.70000 -22.50001 -8.50000
-32.20000 -22.50001 -8.00000
-32.20000 -22.00001 -4.50000
-31.70000 -22.50001 -4.50000
-32.20000 -22.50001 -4.00000
-31.70000 -23.50001 -13.50000
-32.20000 -23.50001 -14.00000
-31.70000 -23.50001 -10.50000
-32.20000 -23.50001 -11.00000
-31.70000 -23.50001 -8.50000
-32.20000 -23.50001 -8.00000
-32.20000 -23.50001 -4.00000
-32.20000 -24.00001 -13.50000
-32.20000 -24.50001 -13.00000
-32.20000 -24.00001 -10.50000
-32.20000 -24.50001 -10.00000
-32.20000 -24.50001 -8.00000
-32.20000 -24.50001 -4.00000
-32.20000 -25.50001 -13.00000
-32.20000 -25.50001 -10.00000
-32.20000 -25.50001 -8.00000
-32.20000 -25.00001 -3.50000
-32.20000 -25.00001 -2.50000
-31.70000 -25.50001 -2.50000
-32.20000 -25.50001 -2.00000
-32.20000 -26.00001 -12.50000
-32.20000 -26.50001 -12.00000
-32.20000 -26.50001 -10.00000
-32.20000 -26.00001 -7.50000
-32.20000 -26.50001 -7.00000
-32.20000 -26.00001 -1.50000
-32.20000 -26.00001 -0.50000
-31.70000 -26.50001 -0.50000
-32.20000 -26.50001 0.00000
-32.20000 -27.00001 -11.50000
-32.20000 -27.50001 -11.00000
-32.20000 -27.00001 -9.50000
-32.20000 -27.50001 -9.00000
-32.20000 -27.00001 -6.50000
-31.70000 -27.50001 -6.50000
-32.20000 -27.50001 -6.00000
-32.20000 -27.00001 0.50000
-31.70000 -27.50001 0.50000
-32.20000 -27.00001 1.50000
-31.70000 -27.50001 1.50000
-32.20000 -27.00001 2.50000
-31.70000 -27.50001 2.50000
-32.20000 -27.00001 3.50000
-31.70000 -27.50001 3.50000
-32.20000 -27.50001 4.00000
-32.20000 -28.50001 -11.00000
-32.20000 -28.00001 -8.50000
-31.70000 -28.50001 -8.50000
-32.20000 -28.50001 -8.00000
-32.20000 -28.00001 -5.50000
-31.70000 -28.50001 -4.50000
-32.20000 -28.00001 -4.50000
-32.20000 -28.50001 -4.00000
-31.70000 -28.50001 2.50000
-31.70000 -28.50001 3.50000
-32.20000 -28.50001 4.00000
-32.20000 -29.00001 -10.50000
-32.20000 -29.50001 -10.00000
-32.20000 -29.50001 -8.00000
-31.70000 -29.50001 -4.50000
-32.20000 -29.50001 -4.00000
-31.70000 -29.50001 2.50000
-32.20000 -29.50001 3.00000
-32.20000 -29.00001 3.50000
-32.20000 -30.50001 -10.00000
-32.20000 -30.50001 -8.00000
-32.20000 -30.50001 -5.00000
-32.20000 -30.00001 -4.50000
-31.70000 -30.50001 2.50000
-32.20000 -30.50001 3.00000
-32.20000 -31.50001 -10.00000
-32.20000 -31.50001 -8.00000
-31.70000 -31.50001 -5.50000
-32.20000 -31.50001 -5.00000
-31.70000 -31.50001 -2.50000
-31.70000 -31.50001 2.50000
-32.20000 -31.50001 3.00000
-32.20000 -32.50001 -10.00000
-32.20000 -32.50001 -8.00000
-32.20000 -32.50001 -6.00000
-32.20000 -32.00001 -5.50000
-31.70000 -32.50001 -2.50000
-32.20000 -32.00001 2.50000
-32.20000 -32.50001 2.00000
-32.20000 -33.50001 -10.00000
-32.20000 -33.50001 -8.00000
-32.20000 -33.50001 -6.00000
-31.70000 -33.50001 1.50000
-32.20000 -33.50001 2.00000
-32.20000 -34.50001 -10.00000
-32.20000 -34.50001 -8.00000
-32.20000 -34.50001 -6.00000
-32.20000 -34.50001 2.00000
-32.20000 -35.50001 -10.00000
-32.20000 -35.50001 -8.00000
-32.20000 -35.50001 -6.00000
-32.20000 -35.50001 2.00000
-32.20000 -36.50001 -10.00000
-32.20000 -36.50001 -8.00000
-32.20000 -36.00001 -5.50000
-31.70000 -36.50001 -5.50000
-32.20000 -36.50001 -5.00000
-32.20000 -36.50001 2.00000
-32.20000 -37.50001 -10.00000
-32.20000 -37.50001 -8.00000
-32.20000 -37.50001 -5.00000
-32.20000 -37.50001 2.00000
-32.20000 -38.50001 -10.00000
-32.20000 -38.50001 -8.00000
-32.20000 -38.00001 -4.50000
-31.70000 -38.50001 -4.50000
-32.20000 -38.50001 -4.00000
-32.20000 -38.50001 2.00000
-32.20000 -39.50001 -10.00000
-32.20000 -39.50001 -8.00000
-31.70000 -39.50001 -3.50000
-32.20000 -39.00001 -3.50000
-32.20000 -39.50001 -3.00000
-32.20000 -39.50001 2.00000
-32.20000 -40.50001 -10.00000
-32.20000 -40.00001 -7.50000
-31.70000 -40.50001 -7.50000
-32.20000 -40.50001 -7.00000
-31.70000 -40.50001 -3.50000
-32.20000 -40.50001 -3.00000
-32.20000 -40.50001 2.00000
-32.20000 -41.50001 -10.00000
-32.20000 -41.00001 -6.50000
-31.70000 -41.50001 -6.50000
-32.20000 -41.50001 -6.00000
-31.70000 -41.50001 -2.50000
-32.20000 -41.00001 -2.50000
-32.20000 -41.50001 -2.00000
-31.70000 -41.50001 1.50000
-32.20000 -41.00001 1.50000
-32.20000 -41.50001 1.00000
-32.20000 -42.50001 -10.00000
-31.70000 -42.50001 -6.50000
-32.20000 -42.50001 -6.00000
-31.70000 -42.50001 -2.50000
-32.20000 -42.50001 -2.00000
-31.70000 -42.50001 1.50000
-32.20000 -42.50001 1.00000
-32.20000 -43.00001 -9.50000
-31.70000 -43.50001 -9.50000
-32.20000 -43.50001 -9.00000
-31.70000 -43.50001 -6.50000
-32.20000 -43.50001 -6.00000
-31.70000 -43.50001 -2.50000
-32.20000 -43.50001 -2.00000
-31.70000 -43.50001 1.50000
-32.20000 -43.50001 1.00000
-32.20000 -44.50001 -10.00000
-32.20000 -44.00001 -9.50000
-31.70000 -44.50001 -6.50000
-32.20000 -44.50001 -6.00000
-31.70000 -44.50001 -3.50000
-31.70000 -44.50001 -2.50000
-32.20000 -44.00001 -1.50000
-31.70000 -44.50001 -1.50000
-32.20000 -44.50001 -1.00000
-31.70000 -44.50001 1.50000
-32.20000 -44.50001 1.00000
-32.20000 -45.50001 -10.00000
-31.70000 -45.50001 -6.50000
-32.20000 -45.50001 -6.00000
-31.70000 -45.50001 -3.50000
-31.70000 -45.50001 -2.50000
-31.70000 -45.50001 -1.50000
-32.20000 -45.00001 -0.50000
-31.70000 -45.50001 -0.50000
-31.70000 -45.50001 0.50000
-32.20000 -45.00001 0.50000
-31.70000 -45.50001 1.50000
-31.70000 -46.50001 -10.50000
-32.20000 -46.50001 -11.00000
-32.20000 -46.00001 -10.50000
-32.20000 -46.00001 -6.50000
-32.20000 -46.50001 -7.00000
-31.70000 -46.50001 -4.50000
-31.70000 -46.50001 -3.50000
-31.70000 -46.50001 -2.50000
-31.70000 -46.50001 -1.50000
-31.70000 -46.50001 -0.50000
-31.70000 -46.50001 0.50000
-31.70000 -46.50001 1.50000
-32.20000 -47.50001 -11.00000
-31.70000 -47.50001 -7.50000
-32.20000 -47.50001 -7.00000
-31.70000 -47.50001 -4.50000
-31.70000 -47.50001 -3.50000
-31.70000 -47.50001 -2.50000
-31.70000 -47.50001 -1.50000
-31.70000 -47.50001 -0.50000
-31.70000 -47.50001 0.50000
-31.70000 -48.50001 -11.50000
-32.20000 -48.50001 -12.00000
-32.20000 -48.00001 -11.50000
-32.20000 -48.00001 -7.50000
-32.20000 -48.50001 -8.00000
-31.70000 -48.50001 -4.50000
-31.70000 -48.50001 -3.50000
-31.70000 -48.50001 -2.50000
-31.70000 -48.50001 -1.50000
-31.70000 -48.50001 -0.50000
-31.70000 -48.50001 0.50000
-32.20000 -49.50001 -12.00000
-32.20000 -49.50001 -8.00000
-31.70000 -49.50001 -5.50000
-31.70000 -49.50001 -4.50000
-31.70000 -49.50001 -3.50000
-31.70000 -49.50001 -2.50000
-31.70000 -49.50001 -1.50000
-31.70000 -49.50001 -0.50000
-31.70000 -49.50001 0.50000
-31.70000 -50.50001 -12.50000
-32.20000 -50.50001 -13.00000
-32.20000 -50.00001 -12.50000
-32.20000 -50.00001 -8.50000
-32.20000 -50.50001 -9.00000
-31.70000 -50.50001 -5.50000
-31.70000 -50.50001 -4.50000
-31.70000 -50.50001 -3.50000
-31.70000 -50.50001 -2.50000
-31.70000 -50.50001 -1.50000
-32.20000 -51.50001 -13.00000
-32.20000 -51.00001 -9.50000
-32.20000 -51.50001 -10.00000
-31.70000 -51.50001 -4.50000
-31.70000 -51.50001 -3.50000
-32.20000 -52.50001 -13.00000
-31.70000 -52.50001 -10.50000
-32.20000 -52.00001 -10.50000
-32.20000 -52.50001 -11.00000
-32.20000 -53.50001 -13.00000
-32.20000 -53.50001 -11.00000
-32.20000 -54.50001 -13.00000
-32.20000 -54.00001 -10.50000
-32.20000 -54.00001 -9.50000
-31.70000 -54.50001 -9.50000
-32.20000 -54.00001 -8.50000
-31.70000 -54.50001 -8.50000
-32.20000 -54.00001 -7.50000
-31.70000 -54.50001 -7.50000
-32.20000 -54.50001 -7.00000
-32.20000 -55.50001 -13.00000
-32.20000 -55.00001 -6.50000
-32.20000 -55.00001 -5.50000
-31.70000 -55.50001 -4.50000
-32.20000 -55.50001 -5.00000
-32.20000 -56.00001 -12.50000
-32.20000 -56.50001 -12.00000
-32.20000 -56.00001 -4.50000
-32.20000 -56.00001 -3.50000
-31.70000 -56.50001 -2.50000
-32.20000 -56.50001 -3.00000
-31.70000 -57.50001 -11.50000
-32.20000 -57.50001 -12.00000
-31.70000 -57.50001 -2.50000
-32.20000 -57.50001 -3.00000
-31.70000 -58.50001 -12.50000
-32.20000 -58.50001 -13.00000
-32.20000 -58.00001 -12.50000
-31.70000 -58.50001 -3.50000
-32.20000 -58.00001 -3.50000
-32.20000 -58.50001 -4.00000
-31.70000 -58.50001 -2.50000
-32.20000 -59.50001 -13.00000
-31.70000 -59.50001 -6.50000
-32.20000 -59.00001 -6.50000
-32.20000 -59.50001 -7.00000
-31.70000 -59.50001 -5.50000
-32.20000 -59.00001 -5.50000
-31.70000 -59.50001 -4.50000
-32.20000 -59.00001 -4.50000
-32.20000 -60.00001 -12.50000
-31.70000 -60.50001 -11.50000
-32.20000 -60.50001 -12.00000
-32.20000 -60.00001 -10.50000
-32.20000 -60.50001 -11.00000
-31.70000 -60.50001 -10.50000
-31.70000 -60.50001 -9.50000
-32.20000 -60.00001 -9.50000
-31.70000 -60.50001 -8.50000
-32.20000 -60.00001 -8.50000
-32.20000 -60.00001 -7.50000
-32.20000 -61.00001 -11.50000
-33.20000 22.49999 -30.00000
-33.20000 22.99999 -29.50000
-33.20000 22.99999 -28.50000
-33.20000 22.49999 -28.00000
-33.20000 21.49999 -31.00000
-33.20000 21.99999 -30.50000
-33.20000 21.99999 -27.50000
-33.20000 21.49999 -27.00000
-33.20000 20.49999 -31.00000
-33.20000 20.49999 -27.00000
-33.20000 19.49999 -31.00000
-33.20000 19.49999 -27.00000
-33.20000 18.49999 -31.00000
-33.20000 18.99999 -27.50000
-33.20000 18.49999 -28.00000
-32.70000 17.49999 -31.50000
-33.20000 17.49999 -32.00000
-33.20000 17.99999 -31.50000
-33.20000 17.49999 -28.00000
-32.70000 16.49999 -31.50000
-33.20000 16.49999 -32.00000
-33.20000 16.99999 -27.50000
-33.20000 16.49999 -27.00000
-33.20000 15.99999 -31.50000
-33.20000 15.49999 -31.00000
-33.20000 15.99999 -26.50000
-33.20000 15.99999 -25.50000
-32.70000 15.49999 -24.50000
-33.20000 15.49999 -25.00000
-32.70000 14.49999 -30.50000
-33.20000 14.49999 -31.00000
-33.20000 14.99999 -24.50000
-33.20000 14.99999 -23.50000
-33.20000 14.49999 -23.00000
-32.70000 13.49999 -31.50000
-33.20000 13.49999 -32.00000
-33.20000 13.99999 -31.50000
-32.70000 13.49999 -30.50000
-33.20000 13.99999 -22.50000
-33.20000 13.99999 -21.50000
-32.70000 13.49999 -21.50000
-33.20000 13.49999 -21.00000
-32.70000 12.49999 -31.50000
-33.20000 12.49999 -32.00000
-32.70000 12.49999 -30.50000
-32.70000 12.49999 -29.50000
-32.70000 12.49999 -28.50000
-32.70000 12.49999 -26.50000
-33.20000 12.99999 -26.50000
-33.20000 12.49999 -27.00000
-32.70000 12.49999 -25.50000
-33.20000 12.99999 -25.50000
-33.20000 12.49999 -25.00000
-33.20000 12.99999 -20.50000
-32.70000 12.49999 -20.50000
-33.20000 12.99999 -19.50000
-32.70000 12.49999 -19.50000
-33.20000 12.49999 -19.00000
-32.70000 11.49999 -31.50000
-33.20000 11.49999 -32.00000
-33.20000 11.49999 -31.00000
-33.20000 11.99999 -30.50000
-33.20000 11.99999 -29.50000
-33.20000 11.99999 -28.50000
-33.20000 11.99999 -27.50000
-32.70000 11.49999 -27.50000
-32.70000 11.49999 -26.50000
-32.70000 11.49999 -25.50000
-33.20000 11.49999 -25.00000
-32.70000 11.49999 -21.50000
-33.20000 11.49999 -21.00000
-33.20000 11.99999 -20.50000
-33.20000 11.99999 -19.50000
-33.20000 10.99999 -31.50000
-33.20000 10.49999 -28.00000
-33.20000 10.99999 -27.50000
-33.20000 10.99999 -26.50000
-33.20000 10.99999 -25.50000
-32.70000 10.49999 -23.50000
-33.20000 10.49999 -23.00000
-33.20000 10.99999 -22.50000
-33.20000 10.99999 -21.50000
-32.70000 9.49999 -28.50000
-33.20000 9.49999 -29.00000
-33.20000 9.99999 -28.50000
-32.70000 9.49999 -23.50000
-33.20000 9.49999 -23.00000
-32.70000 8.49999 -31.50000
-33.20000 8.49999 -32.00000
-33.20000 8.99999 -31.50000
-33.20000 8.99999 -30.50000
-32.70000 8.49999 -30.50000
-33.20000 8.99999 -29.50000
-32.70000 8.49999 -29.50000
-32.70000 8.49999 -28.50000
-32.70000 8.49999 -24.50000
-33.20000 8.99999 -24.50000
-33.20000 8.49999 -25.00000
-32.70000 8.99999 -24.00000
-33.20000 8.49999 -24.00000
-32.70000 8.49999 -23.50000
-33.20000 8.49999 -23.00000
-32.70000 7.49999 -32.50000
-33.20000 7.49999 -33.00000
-33.20000 7.99999 -32.50000
-32.70000 7.49999 -31.50000
-32.70000 7.49999 -30.50000
-32.70000 7.49999 -29.50000
-32.70000 7.49999 -28.50000
-32.70000 7.49999 -27.50000
-32.70000 7.49999 -24.50000
-33.20000 7.49999 -25.00000
-33.20000 7.99999 -23.50000
-32.70000 7.49999 -21.50000
-33.20000 7.49999 -22.00000
-33.20000 7.99999 -21.50000
-33.20000 7.49999 -21.00000
-32.70000 6.49999 -32.50000
-33.20000 6.49999 -33.00000
-32.70000 6.49999 -31.50000
-32.70000 6.49999 -30.50000
-32.70000 6.49999 -29.50000
-32.70000 6.49999 -28.50000
-33.20000 6.99999 -24.50000
-33.20000 6.99999 -23.50000
-32.70000 6.49999 -23.50000
-33.20000 6.99999 -22.50000
-32.70000 6.49999 -22.50000
-32.70000 6.49999 -21.50000
-33.20000 6.49999 -21.00000
-33.20000 5.99999 -32.50000
-33.20000 5.99999 -31.50000
-32.70000 5.49999 -30.50000
-33.20000 5.49999 -31.00000
-32.70000 5.49999 -23.50000
-32.70000 5.49999 -22.50000
-32.70000 5.49999 -21.50000
-33.20000 5.99999 -20.50000
-32.70000 5.49999 -20.50000
-33.20000 5.49999 -20.00000
-33.20000 4.99999 -30.50000
-32.70000 4.49999 -29.50000
-33.20000 4.49999 -30.00000
-32.70000 4.49999 -24.50000
-32.70000 4.49999 -23.50000
-33.20000 4.99999 -19.50000
-33.20000 4.99999 -18.50000
-32.70000 4.49999 -18.50000
-33.20000 4.99999 -17.50000
-32.70000 4.49999 -17.50000
-33.20000 4.99999 -16.50000
-32.70000 4.49999 -16.50000
-33.20000 4.49999 -16.00000
-33.20000 3.99999 -29.50000
-33.20000 3.99999 -28.50000
-33.20000 3.49999 -28.00000
-32.70000 3.49999 -26.50000
-33.20000 3.49999 -26.00000
-33.20000 3.99999 -25.50000
-33.20000 3.99999 -24.50000
-32.70000 3.49999 -23.50000
-33.20000 3.49999 -24.00000
-32.70000 3.49999 -22.50000
-32.70000 3.49999 -17.50000
-32.70000 3.49999 -16.50000
-33.20000 3.49999 -16.00000
-33.20000 2.99999 -27.50000
-33.20000 2.99999 -26.50000
-33.20000 2.99999 -23.50000
-32.70000 2.49999 -22.50000
-33.20000 2.49999 -23.00000
-32.70000 2.49999 -16.50000
-33.20000 2.99999 -15.50000
-32.70000 2.49999 -15.50000
-33.20000 2.49999 -15.00000
-32.70000 2.49999 -11.50000
-33.20000 2.49999 -12.00000
-33.20000 2.99999 -11.50000
-33.20000 2.99999 -10.50000
-32.70000 2.49999 -10.50000
-33.20000 2.49999 -10.00000
-32.70000 1.49999 -23.50000
-33.20000 1.49999 -24.00000
-33.20000 1.99999 -23.50000
-32.70000 1.49999 -15.50000
-33.20000 1.99999 -14.50000
-32.70000 1.49999 -14.50000
-33.20000 1.99999 -13.50000
-32.70000 1.49999 -13.50000
-33.20000 1.99999 -12.50000
-32.70000 1.49999 -12.50000
-33.20000 1.99999 -9.50000
-32.70000 1.49999 -9.50000
-33.20000 1.99999 -8.50000
-32.70000 1.49999 -8.50000
-33.20000 1.49999 -8.00000
-32.70000 0.49999 -23.50000
-33.20000 0.49999 -24.00000
-32.70000 0.49999 -14.50000
-32.70000 0.49999 -13.50000
-32.70000 0.49999 -8.50000
-33.20000 0.99999 -7.50000
-32.70000 0.49999 -7.50000
-33.20000 0.49999 -7.00000
-33.20000 -0.00001 -23.50000
-33.20000 -0.50001 -23.00000
-32.70000 -0.50001 -7.50000
-33.20000 -0.00001 -6.50000
-32.70000 -0.50001 -6.50000
-33.20000 -0.50001 -6.00000
-32.70000 -1.50001 -22.50000
-33.20000 -1.50001 -23.00000
-32.70000 -1.50001 -8.50000
-32.70000 -1.50001 -7.50000
-32.70000 -1.50001 -6.50000
-33.20000 -1.50001 -6.00000
-33.20000 -2.00001 -22.50000
-33.20000 -2.50001 -22.00000
-32.70000 -2.50001 -11.50000
-32.70000 -2.50001 -8.50000
-32.70000 -2.50001 -7.50000
-33.20000 -2.50001 -7.00000
-33.20000 -2.00001 -6.50000
-33.20000 -3.00001 -21.50000
-33.20000 -3.50001 -21.00000
-32.70000 -3.50001 -12.50000
-32.70000 -3.50001 -11.50000
-32.70000 -3.50001 -10.50000
-32.70000 -3.50001 -9.50000
-32.70000 -3.50001 -8.50000
-33.20000 -3.50001 -8.00000
-33.20000 -3.00001 -7.50000
-32.70000 -4.50001 -20.50000
-33.20000 -4.50001 -21.00000
-32.70000 -4.50001 -13.50000
-32.70000 -4.50001 -12.50000
-32.70000 -4.50001 -11.50000
-32.70000 -4.50001 -10.50000
-32.70000 -4.50001 -9.50000
-32.70000 -4.50001 -8.50000
-33.20000 -4.50001 -8.00000
-33.20000 -5.00001 -20.50000
-33.20000 -5.50001 -20.00000
-32.70000 -5.50001 -13.50000
-32.70000 -5.50001 -12.50000
-32.70000 -5.50001 -11.50000
-32.70000 -5.50001 -10.50000
-32.70000 -5.50001 -9.50000
-32.70000 -5.50001 -8.50000
-33.20000 -5.50001 -8.00000
-33.20000 -6.50001 -20.00000
-32.70000 -6.50001 -14.50000
-32.70000 -6.50001 -13.50000
-32.70000 -6.50001 -12.50000
-32.70000 -6.50001 -11.50000
-32.70000 -6.50001 -10.50000
-32.70000 -6.50001 -9.50000
-32.70000 -6.50001 -8.50000
-33.20000 -6.50001 -8.00000
-33.20000 -7.00001 -19.50000
-32.70000 -7.50001 -18.50000
-33.20000 -7.50001 -19.00000
-32.70000 -7.50001 -17.50000
-32.70000 -7.50001 -16.50000
-33.20000 -7.50001 -16.00000
-33.20000 -7.00001 -15.50000
-33.20000 -7.00001 -14.50000
-33.20000 -7.00001 -13.50000
-33.20000 -7.50001 -13.00000
-32.70000 -7.50001 -11.50000
-32.70000 -7.50001 -10.50000
-32.70000 -7.50001 -9.50000
-32.70000 -7.50001 -8.50000
-33.20000 -7.50001 -8.00000
-33.20000 -8.00001 -18.50000
-33.20000 -8.00001 -17.50000
-33.20000 -8.00001 -16.50000
-33.20000 -8.50001 -13.00000
-32.70000 -8.50001 -10.50000
-32.70000 -8.50001 -9.50000
-32.70000 -8.50001 -8.50000
-33.20000 -8.50001 -8.00000
-33.20000 -9.50001 -14.00000
-33.20000 -9.00001 -13.50000
-32.70000 -9.50001 -8.50000
-33.20000 -9.00001 -7.50000
-32.70000 -9.50001 -7.50000
-33.20000 -9.50001 -7.00000
-33.20000 -10.50001 -15.00000
-33.20000 -10.00001 -14.50000
-32.70000 -10.50001 -8.50000
-32.70000 -10.50001 -7.50000
-33.20000 -10.50001 -7.00000
-33.20000 -11.50001 -16.00000
-33.20000 -11.00001 -15.50000
-32.70000 -11.50001 -7.50000
-33.20000 -11.50001 -7.00000
-33.20000 -12.50001 -16.00000
-32.70000 -12.50001 -7.50000
-33.20000 -12.00001 -6.50000
-32.70000 -12.50001 -6.50000
-33.20000 -12.50001 -6.00000
-33.20000 -13.50001 -17.00000
-33.20000 -13.00001 -16.50000
-32.70000 -13.50001 -7.50000
-32.70000 -13.50001 -6.50000
-33.20000 -13.50001 -6.00000
-33.20000 -14.50001 -18.00000
-33.20000 -14.00001 -17.50000
-32.70000 -14.50001 -12.50000
-33.20000 -14.00001 -12.50000
-33.20000 -14.50001 -13.00000
-33.20000 -14.50001 -12.00000
-32.70000 -14.50001 -6.50000
-33.20000 -14.50001 -6.00000
-33.20000 -15.50001 -18.00000
-32.70000 -15.50001 -12.50000
-33.20000 -15.50001 -13.00000
-33.20000 -15.00001 -11.50000
-32.70000 -15.50001 -11.50000
-33.20000 -15.50001 -11.00000
-32.70000 -15.50001 -6.50000
-33.20000 -15.50001 -6.00000
-33.20000 -16.00001 -17.50000
-33.20000 -16.50001 -17.00000
-32.70000 -16.50001 -12.50000
-33.20000 -16.50001 -13.00000
-32.70000 -16.50001 -11.50000
-33.20000 -16.50001 -11.00000
-32.70000 -16.50001 -7.50000
-33.20000 -16.00001 -6.50000
-33.20000 -16.50001 -7.00000
-32.70000 -16.50001 -6.50000
-32.70000 -16.50001 -5.50000
-33.20000 -16.50001 -6.00000
-33.20000 -16.00001 -5.50000
-33.20000 -16.50001 -5.00000
-33.20000 -17.00001 -16.50000
-33.20000 -17.50001 -16.00000
-32.70000 -17.50001 -12.50000
-33.20000 -17.50001 -13.00000
-32.70000 -17.50001 -11.50000
-33.20000 -17.50001 -11.00000
-33.20000 -17.00001 -6.50000
-32.70000 -17.00001 -6.00000
-32.70000 -17.50001 -5.50000
-33.20000 -17.50001 -5.00000
-33.20000 -18.50001 -16.00000
-33.20000 -18.00001 -12.50000
-33.20000 -18.50001 -12.00000
-33.20000 -18.00001 -10.50000
-33.20000 -18.50001 -10.00000
-32.70000 -18.50001 -5.50000
-33.20000 -18.50001 -5.00000
-32.70000 -19.50001 -15.50000
-33.20000 -19.50001 -16.00000
-33.20000 -19.50001 -12.00000
-33.20000 -19.00001 -9.50000
-33.20000 -19.50001 -9.00000
-33.20000 -19.00001 -4.50000
-32.70000 -19.50001 -4.50000
-33.20000 -19.50001 -4.00000
-33.20000 -20.00001 -15.50000
-33.20000 -20.50001 -15.00000
-33.20000 -20.50001 -12.00000
-33.20000 -20.00001 -8.50000
-33.20000 -20.50001 -8.00000
-32.70000 -20.50001 -4.50000
-33.20000 -20.50001 -4.00000
-33.20000 -21.50001 -15.00000
-33.20000 -21.00001 -11.50000
-33.20000 -21.50001 -11.00000
-33.20000 -21.50001 -8.00000
-32.70000 -21.50001 -4.50000
-33.20000 -21.50001 -4.00000
-33.20000 -22.00001 -14.50000
-33.20000 -22.50001 -14.00000
-33.20000 -22.50001 -11.00000
-33.20000 -22.50001 -8.00000
-33.20000 -22.50001 -4.00000
-33.20000 -23.50001 -14.00000
-33.20000 -23.50001 -11.00000
-33.20000 -23.50001 -8.00000
-33.20000 -23.50001 -4.00000
-33.20000 -24.00001 -13.50000
-33.20000 -24.50001 -13.00000
-33.20000 -24.00001 -10.50000
-33.20000 -24.50001 -10.00000
-33.20000 -24.50001 -8.00000
-33.20000 -24.00001 -3.50000
-32.70000 -24.50001 -3.50000
-33.20000 -24.00001 -2.50000
-32.70000 -24.50001 -2.50000
-33.20000 -24.50001 -2.00000
-33.20000 -25.50001 -13.00000
-33.20000 -25.50001 -10.00000
-33.20000 -25.00001 -7.50000
-32.70000 -25.50001 -7.50000
-33.20000 -25.50001 -7.00000
-33.20000 -25.00001 -1.50000
-32.70000 -25.50001 -1.50000
-33.20000 -25.00001 -0.50000
-32.70000 -25.50001 -0.50000
-33.20000 -25.50001 0.00000
-33.20000 -26.00001 -12.50000
-33.20000 -26.50001 -12.00000
-33.20000 -26.00001 -9.50000
-32.70000 -26.50001 -9.50000
-33.20000 -26.50001 -9.00000
-33.20000 -26.50001 -7.00000
-33.20000 -26.00001 0.50000
-32.70000 -26.50001 0.50000
-33.20000 -26.00001 1.50000
-32.70000 -26.50001 1.50000
-33.20000 -26.00001 2.50000
-32.70000 -26.50001 2.50000
-33.20000 -26.50001 3.00000
-33.20000 -27.00001 -11.50000
-33.20000 -27.50001 -11.00000
-33.20000 -27.50001 -9.00000
-33.20000 -27.00001 -6.50000
-33.20000 -27.50001 -6.00000
-33.20000 -27.00001 3.50000
-33.20000 -27.50001 4.00000
-33.20000 -28.50001 -11.00000
-33.20000 -28.00001 -8.50000
-33.20000 -28.50001 -8.00000
-33.20000 -28.00001 -5.50000
-33.20000 -28.00001 -4.50000
-32.70000 -28.50001 -3.50000
-33.20000 -28.00001 -3.50000
-32.70000 -28.50001 -2.50000
-33.20000 -28.00001 -2.50000
-33.20000 -28.50001 -2.00000
-33.20000 -28.50001 4.00000
-33.20000 -29.00001 -10.50000
-33.20000 -29.50001 -10.00000
-33.20000 -29.00001 -7.50000
-32.70000 -29.50001 -7.50000
-33.20000 -29.50001 -7.00000
-32.70000 -29.50001 -3.50000
-33.20000 -29.50001 -3.00000
-33.20000 -29.00001 -2.50000
-33.20000 -29.00001 3.50000
-33.20000 -29.50001 3.00000
-33.20000 -30.50001 -10.00000
-32.70000 -30.50001 -7.50000
-33.20000 -30.50001 -7.00000
-32.70000 -30.50001 -4.50000
-33.20000 -30.50001 -4.00000
-33.20000 -30.00001 -3.50000
-33.20000 -30.50001 3.00000
-33.20000 -31.50001 -10.00000
-32.70000 -31.50001 -7.50000
-33.20000 -31.50001 -7.00000
-33.20000 -31.50001 -5.00000
-33.20000 -31.00001 -4.50000
-32.70000 -31.50001 2.50000
-33.20000 -31.00001 2.50000
-33.20000 -31.50001 2.00000
-33.20000 -32.50001 -10.00000
-32.70000 -32.50001 -7.50000
-33.20000 -32.50001 -7.00000
-32.70000 -32.50001 -5.50000
-33.20000 -32.50001 -5.00000
-33.20000 -32.50001 2.00000
-33.20000 -33.50001 -10.00000
-32.70000 -33.50001 -7.50000
-33.20000 -33.50001 -7.00000
-32.70000 -33.50001 -5.50000
-33.20000 -33.50001 -5.00000
-32.70000 -33.50001 1.50000
-33.20000 -33.00001 1.50000
-33.20000 -33.50001 1.00000
-33.20000 -34.50001 -10.00000
-32.70000 -34.50001 -7.50000
-33.20000 -34.50001 -7.00000
-32.70000 -34.50001 -5.50000
-33.20000 -34.50001 -5.00000
-32.70000 -34.50001 1.50000
-33.20000 -34.50001 1.00000
-32.70000 -35.50001 -10.50000
-33.20000 -35.50001 -11.00000
-33.20000 -35.00001 -10.50000
-33.20000 -35.00001 -7.50000
-33.20000 -35.50001 -8.00000
-32.70000 -35.50001 -5.50000
-33.20000 -35.50001 -5.00000
-32.70000 -35.50001 1.50000
-33.20000 -35.50001 1.00000
-32.70000 -36.50001 -10.50000
-33.20000 -36.50001 -11.00000
-33.20000 -36.50001 -8.00000
-32.70000 -36.50001 -4.50000
-33.20000 -36.00001 -4.50000
-33.20000 -36.50001 -4.00000
-32.70000 -36.50001 1.50000
-33.20000 -36.50001 1.00000
-32.70000 -37.50001 -10.50000
-33.20000 -37.50001 -11.00000
-33.20000 -37.50001 -8.00000
-32.70000 -37.50001 -4.50000
-33.20000 -37.50001 -4.00000
-32.70000 -37.50001 1.50000
-33.20000 -37.50001 1.00000
-32.70000 -38.50001 -10.50000
-33.20000 -38.50001 -11.00000
-33.20000 -38.50001 -8.00000
-32.70000 -38.50001 -3.50000
-33.20000 -38.00001 -3.50000
-33.20000 -38.50001 -3.00000
-32.70000 -38.50001 1.50000
-33.20000 -38.50001 1.00000
-32.70000 -39.50001 -10.50000
-33.20000 -39.50001 -11.00000
-33.20000 -39.00001 -7.50000
-32.70000 -39.50001 -7.50000
-33.20000 -39.50001 -7.00000
-32.70000 -39.50001 -2.50000
-33.20000 -39.00001 -2.50000
-33.20000 -39.50001 -2.00000
-32.70000 -39.50001 1.50000
-33.20000 -39.50001 1.00000
-32.70000 -40.50001 -10.50000
-33.20000 -40.50001 -11.00000
-33.20000 -40.00001 -6.50000
-32.70000 -40.50001 -6.50000
-33.20000 -40.50001 -6.00000
-32.70000 -40.50001 -2.50000
-33.20000 -40.00001 -1.50000
-32.70000 -40.50001 -1.50000
-33.20000 -40.50001 -1.00000
-32.70000 -40.50001 0.50000
-33.20000 -40.00001 0.50000
-33.20000 -40.50001 0.00000
-32.70000 -40.50001 1.50000
-33.20000 -41.00001 -10.50000
-33.20000 -41.50001 -10.00000
-33.20000 -41.00001 -5.50000
-32.70000 -41.50001 -5.50000
-33.20000 -41.50001 -5.00000
-32.70000 -41.50001 -1.50000
-33.20000 -41.00001 -0.50000
-32.70000 -41.50001 -0.50000
-32.70000 -41.50001 0.50000
-33.20000 -42.00001 -9.50000
-32.70000 -42.50001 -9.50000
-33.20000 -42.50001 -9.00000
-32.70000 -42.50001 -5.50000
-33.20000 -42.50001 -5.00000
-32.70000 -42.50001 -1.50000
-32.70000 -42.50001 -0.50000
-32.70000 -42.50001 0.50000
-33.20000 -43.50001 -9.00000
-32.70000 -43.50001 -5.50000
-33.20000 -43.50001 -5.00000
-32.70000 -43.50001 -1.50000
-32.70000 -43.50001 -0.50000
-32.70000 -43.50001 0.50000
-33.20000 -44.50001 -10.00000
-33.20000 -44.00001 -9.50000
-33.20000 -44.00001 -5.50000
-33.20000 -44.50001 -6.00000
-32.70000 -44.50001 -0.50000
-32.70000 -44.50001 0.50000
-32.70000 -45.50001 -10.50000
-33.20000 -45.50001 -11.00000
-33.20000 -45.00001 -10.50000
-33.20000 -45.50001 -6.00000
-33.20000 -46.50001 -11.00000
-33.20000 -46.00001 -6.50000
-33.20000 -46.50001 -7.00000
-32.70000 -47.50001 -11.50000
-33.20000 -47.50001 -12.00000
-33.20000 -47.00001 -11.50000
-33.20000 -47.50001 -7.00000
-33.20000 -48.50001 -12.00000
-33.20000 -48.00001 -7.50000
-33.20000 -48.50001 -8.00000
-32.70000 -49.50001 -12.50000
-33.20000 -49.50001 -13.00000
-33.20000 -49.00001 -12.50000
-33.20000 -49.50001 -8.00000
-33.20000 -50.50001 -13.00000
-32.70000 -50.50001 -9.50000
-33.20000 -50.00001 -9.50000
-33.20000 -50.50001 -10.00000
-33.20000 -50.00001 -8.50000
-33.20000 -51.50001 -13.00000
-32.70000 -51.50001 -10.50000
-33.20000 -51.00001 -10.50000
-33.20000 -51.50001 -11.00000
-32.70000 -52.50001 -13.50000
-33.20000 -52.50001 -14.00000
-33.20000 -52.00001 -13.50000
-33.20000 -52.50001 -11.00000
-33.20000 -53.00001 -13.50000
-33.20000 -53.50001 -13.00000
-33.20000 -53.00001 -10.50000
-32.70000 -53.50001 -10.50000
-33.20000 -53.00001 -9.50000
-32.70000 -53.50001 -9.50000
-33.20000 -53.00001 -8.50000
-32.70000 -53.50001 -8.50000
-33.20000 -53.50001 -8.00000
-33.20000 -54.50001 -13.00000
-33.20000 -54.00001 -7.50000
-33.20000 -54.00001 -6.50000
-32.70000 -54.50001 -6.50000
-33.20000 -54.50001 -6.00000
-33.20000 -55.50001 -13.00000
-33.20000 -55.00001 -5.50000
-33.20000 -55.50001 -5.00000
-32.70000 -56.50001 -12.50000
-33.20000 -56.50001 -13.00000
-32.70000 -56.50001 -4.50000
-33.20000 -56.50001 -5.00000
-32.70000 -56.50001 -3.50000
-32.70000 -57.50001 -13.50000
-33.20000 -57.50001 -14.00000
-33.20000 -57.00001 -13.50000
-32.70000 -57.50001 -12.50000
-32.70000 -57.50001 -4.50000
-33.20000 -57.50001 -5.00000
-32.70000 -57.50001 -3.50000
-32.70000 -58.50001 -13.50000
-33.20000 -58.50001 -14.00000
-32.70000 -58.50001 -4.50000
-33.20000 -58.50001 -5.00000
-32.70000 -59.50001 -13.50000
-33.20000 -59.50001 -14.00000
-32.70000 -59.50001 -9.50000
-33.20000 -59.00001 -9.50000
-33.20000 -59.50001 -10.00000
-32.70000 -59.50001 -8.50000
-33.20000 -59.00001 -8.50000
-32.70000 -59.50001 -7.50000
-33.20000 -59.00001 -7.50000
-33.20000 -59.00001 -6.50000
-33.20000 -59.00001 -5.50000
-33.20000 -60.00001 -13.50000
-32.70000 -60.50001 -12.50000
-33.20000 -60.50001 -13.00000
-33.20000 -60.00001 -11.50000
-33.20000 -60.50001 -12.00000
-32.70000 -60.50001 -11.50000
-33.20000 -60.00001 -10.50000
-33.20000 -61.00001 -12.50000
-33.70000 22.49999 -29.50000
-33.70000 22.49999 -28.50000
-34.20000 21.49999 -31.00000
-34.20000 21.99999 -30.50000
-34.20000 21.99999 -29.50000
-34.20000 21.99999 -28.50000
-33.70000 21.49999 -27.50000
-34.20000 21.49999 -28.00000
-34.20000 20.49999 -31.00000
-33.70000 20.49999 -27.50000
-34.20000 20.49999 -28.00000
-34.20000 19.49999 -31.00000
-34.20000 19.99999 -27.50000
-34.20000 19.49999 -27.00000
-34.20000 18.49999 -31.00000
-33.70000 18.49999 -27.50000
-34.20000 18.49999 -27.00000
-34.20000 17.49999 -32.00000
-34.20000 17.99999 -31.50000
-34.20000 17.99999 -27.50000
-34.20000 17.49999 -28.00000
-34.20000 16.49999 -32.00000
-33.70000 16.49999 -27.50000
-34.20000 16.49999 -28.00000
-33.70000 15.49999 -31.50000
-34.20000 15.49999 -32.00000
-34.20000 15.99999 -27.50000
-34.20000 15.99999 -26.50000
-33.70000 15.49999 -25.50000
-34.20000 15.49999 -26.00000
-33.70000 14.49999 -31.50000
-34.20000 14.49999 -32.00000
-34.20000 14.99999 -25.50000
-34.20000 14.99999 -24.50000
-34.20000 14.99999 -23.50000
-34.20000 14.49999 -23.00000
-33.70000 13.49999 -32.50000
-34.20000 13.49999 -33.00000
-34.20000 13.99999 -32.50000
-34.20000 13.99999 -22.50000
-34.20000 13.99999 -21.50000
-34.20000 13.99999 -20.50000
-33.70000 13.49999 -20.50000
-34.20000 13.49999 -20.00000
-33.70000 12.49999 -32.50000
-34.20000 12.49999 -33.00000
-33.70000 12.49999 -26.50000
-34.20000 12.49999 -26.00000
-34.20000 12.99999 -25.50000
-34.20000 12.49999 -25.00000
-34.20000 12.99999 -19.50000
-34.20000 12.49999 -19.00000
-34.20000 11.99999 -32.50000
-34.20000 11.49999 -32.00000
-33.70000 11.49999 -30.50000
-33.70000 11.49999 -29.50000
-33.70000 11.49999 -28.50000
-33.70000 11.49999 -27.50000
-34.20000 11.49999 -27.00000
-34.20000 11.99999 -26.50000
-34.20000 11.99999 -24.50000
-33.70000 11.49999 -24.50000
-34.20000 11.49999 -24.00000
-33.70000 11.49999 -20.50000
-33.70000 11.49999 -19.50000
-34.20000 11.99999 -18.50000
-33.70000 11.49999 -18.50000
-34.20000 11.49999 -18.00000
-33.70000 10.49999 -31.50000
-34.20000 10.49999 -32.00000
-33.70000 10.49999 -30.50000
-33.70000 10.49999 -29.50000
-33.70000 10.49999 -28.50000
-34.20000 10.99999 -26.50000
-33.70000 10.49999 -25.50000
-34.20000 10.49999 -26.00000
-33.70000 10.49999 -24.50000
-34.20000 10.99999 -23.50000
-33.70000 10.49999 -23.50000
-33.70000 10.49999 -22.50000
-34.20000 10.49999 -23.00000
-33.70000 10.49999 -21.50000
-33.70000 10.49999 -20.50000
-34.20000 10.49999 -20.00000
-34.20000 10.99999 -19.50000
-34.20000 10.99999 -18.50000
-33.70000 9.49999 -31.50000
-34.20000 9.49999 -32.00000
-33.70000 9.49999 -30.50000
-33.70000 9.49999 -29.50000
-34.20000 9.99999 -25.50000
-34.20000 9.49999 -25.00000
-33.70000 9.49999 -24.50000
-33.70000 9.49999 -23.50000
-34.20000 9.99999 -22.50000
-33.70000 9.49999 -21.50000
-34.20000 9.49999 -22.00000
-34.20000 9.49999 -21.00000
-34.20000 9.99999 -20.50000
-33.70000 8.49999 -32.50000
-34.20000 8.49999 -33.00000
-34.20000 8.99999 -32.50000
-33.70000 8.49999 -24.50000
-34.20000 8.99999 -24.50000
-33.70000 8.49999 -23.50000
-34.20000 8.49999 -24.00000
-34.20000 8.99999 -21.50000
-34.20000 7.49999 -33.00000
-33.70000 7.49999 -24.50000
-34.20000 7.99999 -23.50000
-33.70000 7.49999 -23.50000
-34.20000 7.99999 -22.50000
-33.70000 7.49999 -22.50000
-34.20000 7.49999 -22.00000
-33.70000 7.49999 -21.50000
-34.20000 6.49999 -33.00000
-34.20000 6.99999 -21.50000
-34.20000 6.99999 -20.50000
-33.70000 6.49999 -20.50000
-34.20000 6.49999 -20.00000
-33.70000 6.49999 -16.50000
-34.20000 6.49999 -17.00000
-34.20000 6.99999 -16.50000
-34.20000 6.49999 -16.00000
-33.70000 5.49999 -32.50000
-34.20000 5.49999 -33.00000
-33.70000 5.49999 -31.50000
-34.20000 5.99999 -19.50000
-33.70000 5.49999 -19.50000
-34.20000 5.99999 -18.50000
-33.70000 5.49999 -18.50000
-34.20000 5.99999 -17.50000
-33.70000 5.49999 -17.50000
-33.70000 5.49999 -16.50000
-34.20000 5.99999 -15.50000
-33.70000 5.49999 -15.50000
-34.20000 5.99999 -14.50000
-33.70000 5.49999 -14.50000
-34.20000 5.49999 -14.00000
-34.20000 4.99999 -32.50000
-34.20000 4.99999 -31.50000
-33.70000 4.49999 -30.50000
-34.20000 4.49999 -31.00000
-33.70000 4.49999 -15.50000
-33.70000 4.49999 -14.50000
-34.20000 4.99999 -13.50000
-33.70000 4.49999 -13.50000
-34.20000 4.99999 -12.50000
-33.70000 4.49999 -12.50000
-34.20000 4.99999 -11.50000
-33.70000 4.49999 -11.50000
-34.20000 4.49999 -11.00000
-34.20000 3.99999 -30.50000
-34.20000 3.99999 -29.50000
-33.70000 3.49999 -28.50000
-34.20000 3.49999 -29.00000
-33.70000 3.49999 -25.50000
-33.70000 3.49999 -24.50000
-33.70000 3.49999 -15.50000
-33.70000 3.49999 -14.50000
-33.70000 3.49999 -13.50000
-33.70000 3.49999 -12.50000
-33.70000 3.49999 -11.50000
-34.20000 3.99999 -10.50000
-33.70000 3.49999 -10.50000
-34.20000 3.49999 -10.00000
-34.20000 2.99999 -28.50000
-34.20000 2.99999 -27.50000
-34.20000 2.99999 -26.50000
-34.20000 2.99999 -25.50000
-33.70000 2.49999 -24.50000
-34.20000 2.49999 -25.00000
-33.70000 2.49999 -23.50000
-33.70000 2.49999 -14.50000
-33.70000 2.49999 -13.50000
-33.70000 2.49999 -12.50000
-34.20000 2.99999 -9.50000
-33.70000 2.49999 -9.50000
-34.20000 2.49999 -9.00000
-33.70000 1.49999 -24.50000
-34.20000 1.49999 -25.00000
-34.20000 1.99999 -8.50000
-34.20000 1.49999 -8.00000
-34.20000 0.99999 -24.50000
-34.20000 0.49999 -24.00000
-34.20000 0.99999 -7.50000
-34.20000 0.99999 -6.50000
-33.70000 0.49999 -6.50000
-34.20000 0.49999 -6.00000
-33.70000 -0.50001 -23.50000
-34.20000 -0.50001 -24.00000
-34.20000 -0.50001 -6.00000
-34.20000 -1.00001 -23.50000
-34.20000 -1.50001 -23.00000
-34.20000 -1.00001 -5.50000
-33.70000 -1.50001 -5.50000
-34.20000 -1.50001 -5.00000
-34.20000 -2.00001 -22.50000
-34.20000 -2.50001 -22.00000
-33.70000 -2.50001 -6.50000
-33.70000 -2.50001 -5.50000
-34.20000 -2.50001 -5.00000
-34.20000 -3.00001 -21.50000
-34.20000 -3.50001 -21.00000
-33.70000 -3.50001 -7.50000
-33.70000 -3.50001 -6.50000
-33.70000 -3.50001 -5.50000
-34.20000 -3.00001 -4.50000
-33.70000 -3.50001 -4.50000
-34.20000 -3.50001 -4.00000
-34.20000 -4.50001 -21.00000
-33.70000 -4.50001 -7.50000
-33.70000 -4.50001 -6.50000
-33.70000 -4.50001 -5.50000
-33.70000 -4.50001 -4.50000
-34.20000 -4.50001 -4.00000
-33.70000 -5.50001 -20.50000
-34.20000 -5.50001 -21.00000
-33.70000 -5.50001 -7.50000
-33.70000 -5.50001 -6.50000
-33.70000 -5.50001 -5.50000
-34.20000 -5.50001 -5.00000
-34.20000 -5.00001 -4.50000
-34.20000 -6.00001 -20.50000
-34.20000 -6.50001 -20.00000
-33.70000 -6.50001 -7.50000
-33.70000 -6.50001 -6.50000
-33.70000 -6.50001 -5.50000
-34.20000 -6.50001 -5.00000
-33.70000 -7.50001 -19.50000
-34.20000 -7.50001 -20.00000
-33.70000 -7.50001 -15.50000
-33.70000 -7.50001 -14.50000
-33.70000 -7.50001 -13.50000
-33.70000 -7.50001 -7.50000
-33.70000 -7.50001 -6.50000
-33.70000 -7.50001 -5.50000
-34.20000 -7.50001 -5.00000
-34.20000 -8.00001 -19.50000
-34.20000 -8.00001 -18.50000
-34.20000 -8.00001 -17.50000
-34.20000 -8.00001 -16.50000
-34.20000 -8.00001 -15.50000
-34.20000 -8.00001 -14.50000
-33.70000 -8.50001 -13.50000
-34.20000 -8.50001 -14.00000
-33.70000 -8.50001 -7.50000
-33.70000 -8.50001 -6.50000
-33.70000 -8.50001 -5.50000
-34.20000 -8.50001 -5.00000
-34.20000 -9.50001 -14.00000
-33.70000 -9.50001 -6.50000
-33.70000 -9.50001 -5.50000
-34.20000 -9.50001 -5.00000
-34.20000 -10.50001 -15.00000
-34.20000 -10.00001 -14.50000
-33.70000 -10.50001 -6.50000
-33.70000 -10.50001 -5.50000
-34.20000 -10.50001 -5.00000
-34.20000 -11.50001 -16.00000
-34.20000 -11.00001 -15.50000
-33.70000 -11.50001 -6.50000
-33.70000 -11.50001 -5.50000
-34.20000 -11.50001 -5.00000
-34.20000 -12.50001 -16.00000
-33.70000 -12.50001 -11.50000
-34.20000 -12.00001 -11.50000
-34.20000 -12.50001 -12.00000
-34.20000 -12.50001 -11.00000
-33.70000 -12.50001 -5.50000
-34.20000 -12.50001 -5.00000
-34.20000 -13.50001 -17.00000
-34.20000 -13.00001 -16.50000
-33.70000 -13.50001 -12.50000
-34.20000 -13.00001 -12.50000
-34.20000 -13.50001 -13.00000
-33.70000 -13.50001 -11.50000
-34.20000 -13.00001 -10.50000
-33.70000 -13.50001 -10.50000
-34.20000 -13.50001 -10.00000
-33.70000 -13.50001 -5.50000
-34.20000 -13.50001 -5.00000
-33.70000 -14.50001 -17.50000
-34.20000 -14.50001 -17.00000
-34.20000 -14.50001 -13.00000
-33.70000 -14.50001 -11.50000
-33.70000 -14.50001 -10.50000
-34.20000 -14.50001 -10.00000
-33.70000 -14.50001 -5.50000
-34.20000 -14.50001 -5.00000
-33.70000 -15.50001 -17.50000
-34.20000 -15.50001 -17.00000
-34.20000 -15.50001 -13.00000
-33.70000 -15.50001 -10.50000
-34.20000 -15.50001 -10.00000
-33.70000 -15.50001 -5.50000
-34.20000 -15.50001 -5.00000
-34.20000 -16.50001 -17.00000
-34.20000 -16.50001 -13.00000
-33.70000 -16.50001 -10.50000
-34.20000 -16.50001 -10.00000
-33.70000 -16.50001 -6.50000
-34.20000 -16.00001 -4.50000
-33.70000 -16.50001 -4.50000
-34.20000 -16.50001 -4.00000
-34.20000 -17.00001 -16.50000
-34.20000 -17.50001 -16.00000
-34.20000 -17.50001 -13.00000
-33.70000 -17.50001 -10.50000
-34.20000 -17.50001 -10.00000
-33.70000 -17.50001 -4.50000
-34.20000 -17.50001 -4.00000
-34.20000 -18.50001 -16.00000
-34.20000 -18.00001 -12.50000
-34.20000 -18.50001 -12.00000
-34.20000 -18.50001 -10.00000
-33.70000 -18.50001 -4.50000
-34.20000 -18.50001 -4.00000
-34.20000 -19.50001 -16.00000
-34.20000 -19.50001 -12.00000
-34.20000 -19.00001 -9.50000
-34.20000 -19.50001 -9.00000
-34.20000 -19.50001 -4.00000
-34.20000 -20.00001 -15.50000
-34.20000 -20.50001 -15.00000
-34.20000 -20.50001 -12.00000
-34.20000 -20.00001 -8.50000
-33.70000 -20.50001 -7.50000
-34.20000 -20.00001 -7.50000
-34.20000 -20.50001 -7.00000
-34.20000 -20.00001 -3.50000
-33.70000 -20.50001 -3.50000
-34.20000 -20.50001 -3.00000
-34.20000 -21.50001 -15.00000
-34.20000 -21.00001 -11.50000
-34.20000 -21.50001 -11.00000
-33.70000 -21.50001 -7.50000
-34.20000 -21.50001 -7.00000
-33.70000 -21.50001 -3.50000
-34.20000 -21.50001 -3.00000
-34.20000 -22.00001 -14.50000
-34.20000 -22.50001 -14.00000
-34.20000 -22.50001 -11.00000
-33.70000 -22.50001 -7.50000
-34.20000 -22.50001 -7.00000
-33.70000 -22.50001 -3.50000
-34.20000 -22.50001 -3.00000
-34.20000 -23.50001 -14.00000
-34.20000 -23.00001 -10.50000
-33.70000 -23.50001 -10.50000
-34.20000 -23.50001 -10.00000
-33.70000 -23.50001 -7.50000
-34.20000 -23.50001 -7.00000
-33.70000 -23.50001 -3.50000
-34.20000 -23.00001 -2.50000
-33.70000 -23.50001 -2.50000
-34.20000 -23.50001 -2.00000
-34.20000 -24.00001 -13.50000
-34.20000 -24.50001 -13.00000
-34.20000 -24.50001 -10.00000
-33.70000 -24.50001 -7.50000
-34.20000 -24.50001 -7.00000
-34.20000 -24.00001 -1.50000
-33.70000 -24.50001 -1.50000
-34.20000 -24.00001 -0.50000
-33.70000 -24.50001 -0.50000
-34.20000 -24.50001 0.00000
-34.20000 -25.00001 -12.50000
-33.70000 -25.50001 -12.50000
-34.20000 -25.50001 -12.00000
-34.20000 -25.00001 -9.50000
-33.70000 -25.50001 -9.50000
-34.20000 -25.50001 -9.00000
-34.20000 -25.50001 -7.00000
-34.20000 -25.00001 0.50000
-33.70000 -25.50001 0.50000
-34.20000 -25.00001 1.50000
-33.70000 -25.50001 1.50000
-34.20000 -25.00001 2.50000
-33.70000 -25.50001 2.50000
-34.20000 -25.50001 3.00000
-34.20000 -26.50001 -12.00000
-34.20000 -26.00001 -8.50000
-33.70000 -26.50001 -8.50000
-34.20000 -26.50001 -8.00000
-34.20000 -26.00001 -6.50000
-33.70000 -26.50001 -6.50000
-34.20000 -26.50001 -6.00000
-34.20000 -26.50001 3.00000
-34.20000 -27.00001 -11.50000
-34.20000 -27.50001 -11.00000
-33.70000 -27.50001 -8.50000
-34.20000 -27.50001 -8.00000
-33.70000 -27.50001 -5.50000
-34.20000 -27.00001 -5.50000
-33.70000 -27.50001 -4.50000
-34.20000 -27.00001 -4.50000
-33.70000 -27.50001 -3.50000
-34.20000 -27.00001 -3.50000
-33.70000 -27.50001 -2.50000
-34.20000 -27.00001 -2.50000
-34.20000 -27.50001 -2.00000
-33.70000 -27.50001 3.50000
-34.20000 -27.50001 3.00000
-34.20000 -28.50001 -11.00000
-34.20000 -28.00001 -7.50000
-33.70000 -28.50001 -7.50000
-34.20000 -28.50001 -7.00000
-34.20000 -28.50001 -2.00000
-33.70000 -28.50001 3.50000
-34.20000 -28.50001 3.00000
-33.70000 -29.50001 -10.50000
-34.20000 -29.50001 -11.00000
-34.20000 -29.00001 -6.50000
-33.70000 -29.50001 -6.50000
-34.20000 -29.50001 -6.00000
-33.70000 -29.50001 -2.50000
-34.20000 -29.50001 -2.00000
-34.20000 -29.50001 3.00000
-34.20000 -30.00001 -10.50000
-34.20000 -30.50001 -10.00000
-33.70000 -30.50001 -6.50000
-34.20000 -30.50001 -6.00000
-33.70000 -30.50001 -3.50000
-34.20000 -30.50001 -3.00000
-34.20000 -30.00001 -2.50000
-33.70000 -30.50001 2.50000
-34.20000 -30.00001 2.50000
-34.20000 -30.50001 2.00000
-34.20000 -31.50001 -10.00000
-33.70000 -31.50001 -6.50000
-34.20000 -31.50001 -6.00000
-33.70000 -31.50001 -4.50000
-34.20000 -31.50001 -4.00000
-34.20000 -31.00001 -3.50000
-34.20000 -31.50001 2.00000
-34.20000 -32.50001 -10.00000
-33.70000 -32.50001 -6.50000
-34.20000 -32.50001 -6.00000
-33.70000 -32.50001 -4.50000
-34.20000 -32.50001 -4.00000
-33.70000 -32.50001 1.50000
-34.20000 -32.00001 1.50000
-34.20000 -32.50001 1.00000
-34.20000 -33.50001 -10.00000
-34.20000 -33.00001 -6.50000
-34.20000 -33.50001 -7.00000
-33.70000 -33.50001 -4.50000
-34.20000 -33.50001 -4.00000
-34.20000 -33.50001 1.00000
-34.20000 -34.50001 -10.00000
-34.20000 -34.50001 -7.00000
-33.70000 -34.50001 -4.50000
-34.20000 -34.50001 -4.00000
-34.20000 -34.50001 1.00000
-34.20000 -35.50001 -11.00000
-34.20000 -35.00001 -10.50000
-34.20000 -35.00001 -7.50000
-34.20000 -35.50001 -8.00000
-33.70000 -35.50001 -4.50000
-34.20000 -35.00001 -3.50000
-33.70000 -35.50001 -3.50000
-34.20000 -35.50001 -3.00000
-33.70000 -35.50001 0.50000
-34.20000 -35.00001 0.50000
-34.20000 -35.50001 0.00000
-34.20000 -36.50001 -11.00000
-34.20000 -36.50001 -8.00000
-33.70000 -36.50001 -3.50000
-34.20000 -36.00001 -2.50000
-33.70000 -36.50001 -2.50000
-34.20000 -36.50001 -2.00000
-33.70000 -36.50001 0.50000
-34.20000 -36.50001 0.00000
-34.20000 -37.50001 -11.00000
-34.20000 -37.50001 -8.00000
-33.70000 -37.50001 -3.50000
-33.70000 -37.50001 -2.50000
-34.20000 -37.00001 -1.50000
-33.70000 -37.50001 -1.50000
-33.70000 -37.50001 -0.50000
-34.20000 -37.00001 -0.50000
-33.70000 -37.50001 0.50000
-34.20000 -38.50001 -11.00000
-34.20000 -38.00001 -7.50000
-33.70000 -38.50001 -7.50000
-34.20000 -38.50001 -7.00000
-33.70000 -38.50001 -2.50000
-33.70000 -38.50001 -1.50000
-33.70000 -38.50001 -0.50000
-33.70000 -38.50001 0.50000
-34.20000 -39.50001 -11.00000
-34.20000 -39.00001 -6.50000
-33.70000 -39.50001 -6.50000
-34.20000 -39.50001 -6.00000
-33.70000 -39.50001 -1.50000
-33.70000 -39.50001 -0.50000
-33.70000 -39.50001 0.50000
-34.20000 -40.00001 -10.50000
-33.70000 -40.50001 -10.50000
-34.20000 -40.50001 -10.00000
-34.20000 -40.00001 -5.50000
-33.70000 -40.50001 -5.50000
-34.20000 -40.50001 -5.00000
-33.70000 -40.50001 -0.50000
-33.70000 -41.50001 -9.50000
-34.20000 -41.00001 -9.50000
-34.20000 -41.50001 -9.00000
-34.20000 -41.50001 -5.00000
-34.20000 -42.50001 -9.00000
-34.20000 -42.50001 -5.00000
-33.70000 -43.50001 -10.50000
-34.20000 -43.50001 -11.00000
-34.20000 -43.00001 -10.50000
-34.20000 -43.00001 -9.50000
-33.70000 -43.50001 -9.50000
-34.20000 -43.50001 -5.00000
-33.70000 -44.50001 -11.50000
-34.20000 -44.50001 -12.00000
-34.20000 -44.00001 -11.50000
-33.70000 -44.50001 -10.50000
-34.20000 -44.00001 -5.50000
-34.20000 -44.50001 -6.00000
-33.70000 -45.50001 -11.50000
-34.20000 -45.50001 -12.00000
-34.20000 -45.50001 -6.00000
-33.70000 -46.50001 -11.50000
-34.20000 -46.50001 -12.00000
-34.20000 -46.00001 -6.50000
-34.20000 -46.50001 -7.00000
-34.20000 -47.50001 -12.00000
-33.70000 -47.50001 -7.50000
-34.20000 -47.00001 -7.50000
-34.20000 -47.50001 -8.00000
-33.70000 -48.50001 -12.50000
-34.20000 -48.50001 -13.00000
-34.20000 -48.00001 -12.50000
-33.70000 -48.50001 -8.50000
-34.20000 -48.00001 -8.50000
-34.20000 -48.50001 -9.00000
-34.20000 -49.50001 -13.00000
-33.70000 -49.50001 -9.50000
-34.20000 -49.00001 -9.50000
-34.20000 -49.50001 -10.00000
-33.70000 -49.50001 -8.50000
-33.70000 -50.50001 -13.50000
-34.20000 -50.50001 -14.00000
-34.20000 -50.00001 -13.50000
-33.70000 -50.50001 -10.50000
-34.20000 -50.00001 -10.50000
-34.20000 -50.50001 -11.00000
-33.70000 -51.50001 -13.50000
-34.20000 -51.50001 -14.00000
-34.20000 -51.50001 -11.00000
-34.20000 -52.50001 -14.00000
-34.20000 -52.50001 -11.00000
-33.70000 -53.50001 -13.50000
-34.20000 -53.50001 -14.00000
-34.20000 -53.00001 -10.50000
-34.20000 -53.00001 -9.50000
-34.20000 -53.00001 -8.50000
-34.20000 -53.50001 -8.00000
-34.20000 -54.00001 -13.50000
-34.20000 -54.50001 -13.00000
-34.20000 -54.00001 -7.50000
-33.70000 -54.50001 -6.50000
-34.20000 -54.50001 -7.00000
-34.20000 -55.50001 -13.00000
-34.20000 -55.00001 -6.50000
-33.70000 -55.50001 -5.50000
-34.20000 -55.50001 -6.00000
-34.20000 -56.50001 -13.00000
-33.70000 -56.50001 -5.50000
-34.20000 -56.50001 -6.00000
-34.20000 -57.50001 -14.00000
-34.20000 -57.00001 -13.50000
-33.70000 -57.50001 -5.50000
-34.20000 -57.50001 -6.00000
-33.70000 -58.50001 -14.50000
-34.20000 -58.50001 -15.00000
-34.20000 -58.00001 -14.50000
-33.70000 -58.50001 -7.50000
-34.20000 -58.00001 -7.50000
-34.20000 -58.50001 -8.00000
-33.70000 -58.50001 -6.50000
-34.20000 -58.00001 -6.50000
-33.70000 -58.50001 -5.50000
-33.70000 -59.50001 -14.50000
-34.20000 -59.50001 -15.00000
-33.70000 -59.50001 -11.50000
-34.20000 -59.00001 -11.50000
-34.20000 -59.50001 -12.00000
-33.70000 -59.50001 -10.50000
-34.20000 -59.00001 -10.50000
-34.20000 -59.00001 -9.50000
-34.20000 -59.00001 -8.50000
-34.20000 -60.00001 -14.50000
-34.20000 -60.00001 -13.50000
-33.70000 -60.50001 -12.50000
-34.20000 -60.00001 -12.50000
-35.20000 21.49999 -31.00000
-35.20000 21.99999 -30.50000
-35.20000 21.99999 -29.50000
-34.70000 21.49999 -28.50000
-35.20000 21.49999 -29.00000
-35.20000 20.49999 -31.00000
-35.20000 20.99999 -28.50000
-35.20000 20.49999 -28.00000
-35.20000 19.49999 -31.00000
-34.70000 19.49999 -27.50000
-35.20000 19.49999 -28.00000
-34.70000 18.49999 -31.50000
-35.20000 18.49999 -32.00000
-35.20000 18.99999 -31.50000
-35.20000 18.99999 -27.50000
-35.20000 18.49999 -27.00000
-35.20000 17.49999 -32.00000
-35.20000 17.99999 -27.50000
-35.20000 17.49999 -28.00000
-35.20000 16.49999 -32.00000
-35.20000 16.49999 -28.00000
-35.20000 15.49999 -32.00000
-34.70000 15.49999 -27.50000
-35.20000 15.49999 -28.00000
-34.70000 15.49999 -26.50000
-35.20000 14.49999 -32.00000
-35.20000 14.99999 -27.50000
-35.20000 14.99999 -26.50000
-35.20000 14.99999 -25.50000
-34.70000 14.49999 -24.50000
-35.20000 14.49999 -25.00000
-34.70000 14.49999 -23.50000
-35.20000 13.49999 -33.00000
-35.20000 13.99999 -32.50000
-35.20000 13.99999 -24.50000
-35.20000 13.99999 -23.50000
-35.20000 13.99999 -22.50000
-35.20000 13.99999 -21.50000
-35.20000 13.99999 -20.50000
-35.20000 13.49999 -20.00000
-35.20000 12.49999 -33.00000
-34.70000 12.49999 -25.50000
-35.20000 12.99999 -19.50000
-35.20000 12.49999 -19.00000
-35.20000 11.99999 -32.50000
-35.20000 11.49999 -32.00000
-34.70000 11.49999 -26.50000
-34.70000 11.49999 -25.50000
-35.20000 11.99999 -24.50000
-35.20000 11.49999 -25.00000
-35.20000 11.49999 -24.00000
-35.20000 11.99999 -18.50000
-35.20000 11.49999 -18.00000
-35.20000 10.49999 -32.00000
-34.70000 10.49999 -25.50000
-35.20000 10.49999 -25.00000
-35.20000 10.99999 -23.50000
-34.70000 10.49999 -22.50000
-35.20000 10.99999 -22.50000
-35.20000 10.49999 -22.00000
-34.70000 10.49999 -19.50000
-34.70000 10.49999 -18.50000
-35.20000 10.99999 -17.50000
-34.70000 10.49999 -17.50000
-35.20000 10.99999 -16.50000
-34.70000 10.49999 -16.50000
-35.20000 10.49999 -16.00000
-35.20000 9.99999 -31.50000
-34.70000 9.49999 -31.50000
-35.20000 9.49999 -31.00000
-35.20000 9.49999 -25.00000
-34.70000 9.49999 -21.50000
-35.20000 9.99999 -21.50000
-34.70000 9.49999 -20.50000
-35.20000 9.49999 -21.00000
-34.70000 9.49999 -19.50000
-34.70000 9.49999 -18.50000
-34.70000 9.49999 -17.50000
-34.70000 9.49999 -16.50000
-35.20000 9.99999 -15.50000
-34.70000 9.49999 -15.50000
-35.20000 9.49999 -15.00000
-35.20000 8.49999 -33.00000
-35.20000 8.99999 -32.50000
-35.20000 8.99999 -31.50000
-35.20000 8.99999 -24.50000
-35.20000 8.99999 -23.50000
-34.70000 8.49999 -23.50000
-35.20000 8.49999 -23.00000
-35.20000 8.99999 -20.50000
-35.20000 8.99999 -19.50000
-34.70000 8.49999 -18.50000
-35.20000 8.49999 -19.00000
-34.70000 8.49999 -17.50000
-34.70000 8.49999 -16.50000
-34.70000 8.49999 -15.50000
-35.20000 8.99999 -14.50000
-34.70000 8.49999 -14.50000
-35.20000 8.49999 -14.00000
-35.20000 7.49999 -33.00000
-35.20000 7.99999 -22.50000
-35.20000 7.99999 -21.50000
-34.70000 7.49999 -21.50000
-35.20000 7.99999 -20.50000
-34.70000 7.49999 -20.50000
-35.20000 7.49999 -20.00000
-35.20000 7.99999 -18.50000
-34.70000 7.49999 -17.50000
-35.20000 7.49999 -18.00000
-34.70000 7.49999 -16.50000
-34.70000 7.49999 -15.50000
-34.70000 7.49999 -14.50000
-35.20000 7.99999 -13.50000
-34.70000 7.49999 -13.50000
-35.20000 7.49999 -13.00000
-35.20000 6.49999 -33.00000
-35.20000 6.99999 -19.50000
-34.70000 6.49999 -19.50000
-35.20000 6.99999 -18.50000
-34.70000 6.49999 -18.50000
-34.70000 6.49999 -17.50000
-34.70000 6.49999 -15.50000
-34.70000 6.49999 -14.50000
-34.70000 6.49999 -13.50000
-35.20000 6.99999 -12.50000
-34.70000 6.49999 -12.50000
-35.20000 6.49999 -12.00000
-35.20000 5.49999 -33.00000
-34.70000 5.49999 -13.50000
-34.70000 5.49999 -12.50000
-35.20000 5.99999 -11.50000
-34.70000 5.49999 -11.50000
-35.20000 5.49999 -11.00000
-35.20000 4.99999 -32.50000
-35.20000 4.99999 -31.50000
-35.20000 4.49999 -31.00000
-35.20000 4.99999 -10.50000
-34.70000 4.49999 -10.50000
-35.20000 4.49999 -10.00000
-35.20000 3.99999 -30.50000
-34.70000 3.49999 -29.50000
-35.20000 3.49999 -30.00000
-35.20000 3.99999 -9.50000
-34.70000 3.49999 -9.50000
-35.20000 3.49999 -9.00000
-35.20000 2.99999 -29.50000
-35.20000 2.99999 -28.50000
-35.20000 2.99999 -27.50000
-35.20000 2.99999 -26.50000
-35.20000 2.99999 -25.50000
-35.20000 2.49999 -25.00000
-34.70000 2.49999 -20.50000
-35.20000 2.99999 -20.50000
-35.20000 2.49999 -21.00000
-35.20000 2.49999 -20.00000
-35.20000 2.99999 -8.50000
-34.70000 2.49999 -8.50000
-35.20000 2.49999 -8.00000
-35.20000 1.49999 -25.00000
-35.20000 1.99999 -20.50000
-35.20000 1.49999 -20.00000
-34.70000 1.49999 -19.50000
-35.20000 1.99999 -19.50000
-35.20000 1.49999 -19.00000
-34.70000 1.49999 -12.50000
-35.20000 1.99999 -12.50000
-35.20000 1.49999 -13.00000
-35.20000 1.49999 -12.00000
-35.20000 1.99999 -7.50000
-34.70000 1.49999 -7.50000
-35.20000 1.49999 -7.00000
-35.20000 0.99999 -24.50000
-35.20000 0.49999 -24.00000
-34.70000 0.49999 -19.50000
-35.20000 0.49999 -20.00000
-35.20000 0.99999 -18.50000
-34.70000 0.49999 -18.50000
-35.20000 0.49999 -18.00000
-35.20000 0.99999 -12.50000
-35.20000 0.99999 -6.50000
-35.20000 0.49999 -6.00000
-35.20000 -0.50001 -24.00000
-35.20000 -0.00001 -19.50000
-35.20000 -0.50001 -19.00000
-34.70000 -0.50001 -18.50000
-35.20000 -0.50001 -18.00000
-35.20000 -0.50001 -6.00000
-35.20000 -1.00001 -23.50000
-35.20000 -1.50001 -23.00000
-35.20000 -1.00001 -18.50000
-35.20000 -1.00001 -5.50000
-35.20000 -1.50001 -5.00000
-35.20000 -2.00001 -22.50000
-35.20000 -2.50001 -22.00000
-34.70000 -2.50001 -17.50000
-35.20000 -2.00001 -17.50000
-35.20000 -2.50001 -18.00000
-34.70000 -2.50001 -16.50000
-35.20000 -2.00001 -16.50000
-35.20000 -2.50001 -16.00000
-35.20000 -2.00001 -4.50000
-34.70000 -2.50001 -4.50000
-35.20000 -2.50001 -4.00000
-34.70000 -3.50001 -21.50000
-35.20000 -3.50001 -22.00000
-35.20000 -3.00001 -17.50000
-35.20000 -3.50001 -17.00000
-34.70000 -3.50001 -16.50000
-35.20000 -3.00001 -15.50000
-34.70000 -3.50001 -15.50000
-35.20000 -3.50001 -15.00000
-35.20000 -3.50001 -4.00000
-35.20000 -4.00001 -21.50000
-35.20000 -4.50001 -21.00000
-35.20000 -4.00001 -16.50000
-35.20000 -4.00001 -15.50000
-35.20000 -4.00001 -3.50000
-34.70000 -4.50001 -3.50000
-35.20000 -4.50001 -3.00000
-35.20000 -5.50001 -21.00000
-34.70000 -5.50001 -4.50000
-34.70000 -5.50001 -3.50000
-35.20000 -5.50001 -3.00000
-34.70000 -6.50001 -20.50000
-35.20000 -6.50001 -21.00000
-34.70000 -6.50001 -4.50000
-34.70000 -6.50001 -3.50000
-35.20000 -6.50001 -3.00000
-35.20000 -7.00001 -20.50000
-35.20000 -7.50001 -20.00000
-34.70000 -7.50001 -4.50000
-35.20000 -7.50001 -4.00000
-35.20000 -7.00001 -3.50000
-35.20000 -8.00001 -19.50000
-35.20000 -8.00001 -18.50000
-35.20000 -8.00001 -17.50000
-35.20000 -8.00001 -16.50000
-35.20000 -8.00001 -15.50000
-35.20000 -8.00001 -14.50000
-35.20000 -8.50001 -14.00000
-34.70000 -8.50001 -4.50000
-35.20000 -8.50001 -4.00000
-35.20000 -9.50001 -14.00000
-34.70000 -9.50001 -4.50000
-35.20000 -9.50001 -4.00000
-35.20000 -10.50001 -15.00000
-35.20000 -10.00001 -14.50000
-34.70000 -10.50001 -4.50000
-35.20000 -10.50001 -4.00000
-35.20000 -11.50001 -16.00000
-35.20000 -11.00001 -15.50000
-34.70000 -11.50001 -10.50000
-35.20000 -11.00001 -10.50000
-35.20000 -11.50001 -11.00000
-35.20000 -11.50001 -10.00000
-34.70000 -11.50001 -4.50000
-35.20000 -11.50001 -4.00000
-35.20000 -12.50001 -16.00000
-35.20000 -12.00001 -11.50000
-35.20000 -12.50001 -12.00000
-34.70000 -12.50001 -10.50000
-35.20000 -12.50001 -10.00000
-34.70000 -12.50001 -4.50000
-35.20000 -12.50001 -4.00000
-34.70000 -13.50001 -16.50000
-35.20000 -13.50001 -16.00000
-34.70000 -13.50001 -12.50000
-35.20000 -13.50001 -12.00000
-34.70000 -13.50001 -9.50000
-35.20000 -13.00001 -9.50000
-35.20000 -13.50001 -9.00000
-34.70000 -13.50001 -4.50000
-35.20000 -13.50001 -4.00000
-35.20000 -14.50001 -17.00000
-35.20000 -14.00001 -16.50000
-34.70000 -14.50001 -12.50000
-35.20000 -14.50001 -12.00000
-34.70000 -14.50001 -9.50000
-35.20000 -14.50001 -9.00000
-34.70000 -14.50001 -4.50000
-35.20000 -14.50001 -4.00000
-35.20000 -15.50001 -17.00000
-34.70000 -15.50001 -12.50000
-35.20000 -15.50001 -12.00000
-34.70000 -15.50001 -9.50000
-35.20000 -15.50001 -9.00000
-34.70000 -15.50001 -4.50000
-35.20000 -15.00001 -3.50000
-34.70000 -15.50001 -3.50000
-35.20000 -15.50001 -3.00000
-35.20000 -16.50001 -17.00000
-35.20000 -16.00001 -12.50000
-35.20000 -16.50001 -13.00000
-34.70000 -16.50001 -9.50000
-35.20000 -16.50001 -9.00000
-34.70000 -16.50001 -3.50000
-35.20000 -16.50001 -3.00000
-35.20000 -17.00001 -16.50000
-35.20000 -17.50001 -16.00000
-35.20000 -17.50001 -13.00000
-34.70000 -17.50001 -9.50000
-35.20000 -17.50001 -9.00000
-34.70000 -17.50001 -3.50000
-35.20000 -17.50001 -3.00000
-35.20000 -18.50001 -16.00000
-35.20000 -18.00001 -12.50000
-35.20000 -18.50001 -12.00000
-34.70000 -18.50001 -9.50000
-35.20000 -18.00001 -8.50000
-34.70000 -18.50001 -8.50000
-35.20000 -18.50001 -8.00000
-34.70000 -18.50001 -3.50000
-35.20000 -18.50001 -3.00000
-35.20000 -19.50001 -16.00000
-35.20000 -19.50001 -12.00000
-34.70000 -19.50001 -8.50000
-35.20000 -19.00001 -7.50000
-34.70000 -19.50001 -7.50000
-35.20000 -19.50001 -7.00000
-34.70000 -19.50001 -3.50000
-35.20000 -19.50001 -3.00000
-35.20000 -20.00001 -15.50000
-35.20000 -20.50001 -15.00000
-35.20000 -20.00001 -11.50000
-34.70000 -20.50001 -11.50000
-35.20000 -20.50001 -11.00000
-34.70000 -20.50001 -6.50000
-35.20000 -20.00001 -6.50000
-35.20000 -20.50001 -6.00000
-35.20000 -20.50001 -3.00000
-35.20000 -21.50001 -15.00000
-35.20000 -21.00001 -10.50000
-34.70000 -21.50001 -10.50000
-35.20000 -21.50001 -10.00000
-34.70000 -21.50001 -6.50000
-35.20000 -21.50001 -6.00000
-35.20000 -21.00001 -2.50000
-34.70000 -21.50001 -2.50000
-35.20000 -21.50001 -2.00000
-35.20000 -22.00001 -14.50000
-35.20000 -22.50001 -14.00000
-34.70000 -22.50001 -10.50000
-35.20000 -22.50001 -10.00000
-35.20000 -22.50001 -7.00000
-35.20000 -22.00001 -6.50000
-34.70000 -22.50001 -2.50000
-35.20000 -22.50001 -2.00000
-35.20000 -23.00001 -13.50000
-34.70000 -23.50001 -13.50000
-35.20000 -23.50001 -13.00000
-35.20000 -23.00001 -9.50000
-34.70000 -23.50001 -9.50000
-35.20000 -23.50001 -9.00000
-35.20000 -23.50001 -7.00000
-35.20000 -23.00001 -1.50000
-34.70000 -23.50001 -1.50000
-35.20000 -23.50001 -1.00000
-35.20000 -24.50001 -13.00000
-34.70000 -24.50001 -9.50000
-35.20000 -24.50001 -9.00000
-35.20000 -24.00001 -6.50000
-34.70000 -24.50001 -6.50000
-35.20000 -24.50001 -6.00000
-35.20000 -24.00001 -0.50000
-35.20000 -24.00001 0.50000
-34.70000 -24.50001 0.50000
-35.20000 -24.50001 1.00000
-35.20000 -25.00001 -12.50000
-35.20000 -25.50001 -12.00000
-35.20000 -25.00001 -8.50000
-34.70000 -25.50001 -8.50000
-35.20000 -25.50001 -8.00000
-34.70000 -25.50001 -6.50000
-35.20000 -25.50001 -6.00000
-35.20000 -25.50001 1.00000
-34.70000 -25.50001 1.50000
-34.70000 -25.50001 2.50000
-35.20000 -26.50001 -12.00000
-35.20000 -26.50001 -8.00000
-34.70000 -26.50001 -5.50000
-35.20000 -26.00001 -5.50000
-35.20000 -26.50001 -5.00000
-35.20000 -26.00001 1.50000
-35.20000 -26.50001 2.00000
-34.70000 -26.50001 2.50000
-34.70000 -27.50001 -11.50000
-35.20000 -27.50001 -12.00000
-35.20000 -27.00001 -7.50000
-34.70000 -27.50001 -7.50000
-35.20000 -27.50001 -7.00000
-35.20000 -27.00001 -4.50000
-35.20000 -27.00001 -3.50000
-35.20000 -27.00001 -2.50000
-34.70000 -27.50001 -1.50000
-35.20000 -27.00001 -1.50000
-34.70000 -27.50001 -0.50000
-35.20000 -27.00001 -0.50000
-35.20000 -27.50001 0.00000
-34.70000 -27.50001 2.50000
-35.20000 -27.50001 2.00000
-34.70000 -28.50001 -11.50000
-35.20000 -28.50001 -12.00000
-35.20000 -28.50001 -7.00000
-34.70000 -28.50001 -1.50000
-34.70000 -28.50001 -0.50000
-35.20000 -28.50001 0.00000
-34.70000 -28.50001 2.50000
-35.20000 -28.50001 2.00000
-34.70000 -29.50001 -11.50000
-35.20000 -29.50001 -12.00000
-35.20000 -29.00001 -6.50000
-35.20000 -29.50001 -6.00000
-34.70000 -29.50001 -1.50000
-35.20000 -29.50001 -1.00000
-35.20000 -29.00001 -0.50000
-34.70000 -29.50001 2.50000
-35.20000 -29.50001 2.00000
-34.70000 -30.50001 -11.50000
-35.20000 -30.50001 -12.00000
-34.70000 -30.50001 -10.50000
-35.20000 -30.50001 -6.00000
-34.70000 -30.50001 -2.50000
-35.20000 -30.50001 -2.00000
-35.20000 -30.00001 -1.50000
-35.20000 -30.50001 2.00000
-34.70000 -31.50001 -11.50000
-35.20000 -31.50001 -12.00000
-34.70000 -31.50001 -10.50000
-35.20000 -31.50001 -6.00000
-34.70000 -31.50001 -3.50000
-35.20000 -31.50001 -3.00000
-35.20000 -31.00001 -2.50000
-34.70000 -31.50001 1.50000
-35.20000 -31.00001 1.50000
-35.20000 -31.50001 1.00000
-34.70000 -32.50001 -11.50000
-35.20000 -32.50001 -12.00000
-34.70000 -32.50001 -10.50000
-35.20000 -32.50001 -6.00000
-34.70000 -32.50001 -3.50000
-35.20000 -32.50001 -3.00000
-35.20000 -32.50001 1.00000
-35.20000 -33.00001 -11.50000
-34.70000 -33.50001 -10.50000
-35.20000 -33.50001 -11.00000
-35.20000 -33.00001 -6.50000
-35.20000 -33.50001 -7.00000
-34.70000 -33.50001 -3.50000
-35.20000 -33.00001 -2.50000
-34.70000 -33.50001 -2.50000
-35.20000 -33.50001 -2.00000
-34.70000 -33.50001 0.50000
-35.20000 -33.00001 0.50000
-35.20000 -33.50001 0.00000
-34.70000 -34.50001 -10.50000
-35.20000 -34.50001 -11.00000
-35.20000 -34.50001 -7.00000
-34.70000 -34.50001 -3.50000
-34.70000 -34.50001 -2.50000
-35.20000 -34.00001 -1.50000
-34.70000 -34.50001 -1.50000
-34.70000 -34.50001 -0.50000
-35.20000 -34.00001 -0.50000
-34.70000 -34.50001 0.50000
-35.20000 -35.50001 -11.00000
-35.20000 -35.00001 -7.50000
-35.20000 -35.50001 -8.00000
-34.70000 -35.50001 -2.50000
-34.70000 -35.50001 -1.50000
-34.70000 -35.50001 -0.50000
-35.20000 -36.50001 -11.00000
-35.20000 -36.50001 -8.00000
-34.70000 -36.50001 -1.50000
-34.70000 -36.50001 -0.50000
-35.20000 -37.50001 -11.00000
-35.20000 -37.00001 -7.50000
-34.70000 -37.50001 -7.50000
-35.20000 -37.50001 -7.00000
-35.20000 -38.50001 -11.00000
-35.20000 -38.00001 -6.50000
-34.70000 -38.50001 -6.50000
-35.20000 -38.50001 -6.00000
-35.20000 -39.50001 -11.00000
-35.20000 -39.50001 -6.00000
-35.20000 -40.00001 -10.50000
-34.70000 -40.50001 -9.50000
-35.20000 -40.00001 -9.50000
-35.20000 -40.50001 -9.00000
-35.20000 -40.00001 -5.50000
-35.20000 -40.50001 -5.00000
-35.20000 -41.50001 -9.00000
-35.20000 -41.50001 -5.00000
-34.70000 -42.50001 -10.50000
-35.20000 -42.50001 -11.00000
-35.20000 -42.00001 -10.50000
-35.20000 -42.00001 -9.50000
-34.70000 -42.50001 -9.50000
-35.20000 -42.50001 -5.00000
-34.70000 -43.50001 -11.50000
-35.20000 -43.50001 -12.00000
-35.20000 -43.00001 -11.50000
-34.70000 -43.50001 -5.50000
-35.20000 -43.00001 -5.50000
-35.20000 -43.50001 -6.00000
-35.20000 -44.50001 -12.00000
-34.70000 -44.50001 -6.50000
-35.20000 -44.00001 -6.50000
-35.20000 -44.50001 -7.00000
-35.20000 -45.50001 -12.00000
-34.70000 -45.50001 -7.50000
-35.20000 -45.00001 -7.50000
-35.20000 -45.50001 -8.00000
-34.70000 -45.50001 -6.50000
-35.20000 -46.50001 -12.00000
-34.70000 -46.50001 -8.50000
-35.20000 -46.00001 -8.50000
-35.20000 -46.50001 -9.00000
-34.70000 -46.50001 -7.50000
-34.70000 -47.50001 -12.50000
-35.20000 -47.50001 -13.00000
-35.20000 -47.00001 -12.50000
-34.70000 -47.50001 -9.50000
-35.20000 -47.00001 -9.50000
-35.20000 -47.50001 -10.00000
-34.70000 -47.50001 -8.50000
-35.20000 -48.50001 -13.00000
-34.70000 -48.50001 -9.50000
-35.20000 -48.50001 -10.00000
-34.70000 -49.50001 -13.50000
-35.20000 -49.50001 -14.00000
-35.20000 -49.00001 -13.50000
-34.70000 -49.50001 -10.50000
-35.20000 -49.00001 -10.50000
-35.20000 -49.50001 -11.00000
-35.20000 -50.50001 -14.00000
-35.20000 -50.50001 -11.00000
-35.20000 -51.50001 -14.00000
-35.20000 -51.50001 -11.00000
-35.20000 -52.50001 -14.00000
-35.20000 -52.50001 -11.00000
-35.20000 -53.50001 -14.00000
-35.20000 -53.00001 -10.50000
-35.20000 -53.00001 -9.50000
-35.20000 -53.00001 -8.50000
-35.20000 -53.50001 -8.00000
-35.20000 -54.00001 -13.50000
-35.20000 -54.50001 -13.00000
-35.20000 -54.00001 -7.50000
-35.20000 -54.50001 -7.00000
-35.20000 -55.50001 -13.00000
-34.70000 -55.50001 -6.50000
-35.20000 -55.50001 -7.00000
-34.70000 -56.50001 -13.50000
-35.20000 -56.50001 -14.00000
-35.20000 -56.00001 -13.50000
-34.70000 -56.50001 -6.50000
-35.20000 -56.50001 -7.00000
-34.70000 -57.50001 -14.50000
-35.20000 -57.50001 -15.00000
-35.20000 -57.00001 -14.50000
-34.70000 -57.50001 -7.50000
-35.20000 -57.00001 -7.50000
-35.20000 -57.50001 -8.00000
-34.70000 -57.50001 -6.50000
-35.20000 -58.50001 -15.00000
-34.70000 -58.50001 -10.50000
-35.20000 -58.00001 -10.50000
-35.20000 -58.50001 -11.00000
-34.70000 -58.50001 -9.50000
-35.20000 -58.00001 -9.50000
-34.70000 -58.50001 -8.50000
-35.20000 -58.00001 -8.50000
-35.20000 -59.50001 -15.00000
-35.20000 -59.00001 -11.50000
-35.20000 -59.50001 -12.00000
-35.20000 -60.00001 -14.50000
-35.20000 -60.00001 -13.50000
-35.20000 -60.00001 -12.50000
-36.20000 21.49999 -31.00000
-36.20000 21.99999 -30.50000
-36.20000 21.99999 -29.50000
-36.20000 21.49999 -29.00000
-36.20000 20.49999 -31.00000
-35.70000 20.49999 -28.50000
-36.20000 20.49999 -29.00000
-36.20000 19.49999 -31.00000
-35.70000 19.49999 -29.50000
-36.20000 19.99999 -29.50000
-36.20000 19.49999 -30.00000
-35.70000 19.49999 -28.50000
-35.70000 18.49999 -31.50000
-36.20000 18.49999 -31.00000
-35.70000 18.49999 -29.50000
-36.20000 18.49999 -30.00000
-35.70000 18.49999 -28.50000
-35.70000 18.49999 -27.50000
-35.70000 17.49999 -31.50000
-36.20000 17.49999 -31.00000
-35.70000 17.49999 -29.50000
-36.20000 17.49999 -30.00000
-35.70000 17.49999 -28.50000
-35.70000 16.49999 -31.50000
-36.20000 16.49999 -31.00000
-36.20000 16.99999 -29.50000
-36.20000 16.49999 -29.00000
-35.70000 16.49999 -28.50000
-35.70000 15.49999 -31.50000
-36.20000 15.49999 -31.00000
-35.70000 15.49999 -28.50000
-36.20000 15.49999 -29.00000
-35.70000 14.49999 -31.50000
-36.20000 14.49999 -31.00000
-36.20000 14.99999 -28.50000
-35.70000 14.49999 -27.50000
-36.20000 14.49999 -28.00000
-35.70000 14.49999 -26.50000
-35.70000 14.49999 -25.50000
-35.70000 13.49999 -32.50000
-35.70000 13.49999 -31.50000
-36.20000 13.49999 -31.00000
-36.20000 13.99999 -27.50000
-36.20000 13.99999 -26.50000
-36.20000 13.99999 -25.50000
-36.20000 13.99999 -24.50000
-36.20000 13.99999 -23.50000
-36.20000 13.99999 -22.50000
-36.20000 13.99999 -21.50000
-35.70000 13.49999 -20.50000
-36.20000 13.49999 -21.00000
-35.70000 12.49999 -32.50000
-35.70000 12.49999 -31.50000
-36.20000 12.99999 -30.50000
-35.70000 12.49999 -30.50000
-36.20000 12.49999 -30.00000
-36.20000 12.99999 -20.50000
-36.20000 12.99999 -19.50000
-36.20000 12.49999 -19.00000
-35.70000 11.49999 -31.50000
-35.70000 11.49999 -30.50000
-36.20000 11.49999 -30.00000
-35.70000 11.49999 -24.50000
-36.20000 11.99999 -18.50000
-36.20000 11.49999 -18.00000
-35.70000 10.49999 -31.50000
-35.70000 10.49999 -30.50000
-36.20000 10.99999 -29.50000
-35.70000 10.49999 -29.50000
-36.20000 10.49999 -29.00000
-35.70000 10.49999 -24.50000
-35.70000 10.49999 -23.50000
-35.70000 10.49999 -22.50000
-36.20000 10.99999 -17.50000
-35.70000 10.49999 -16.50000
-36.20000 10.49999 -17.00000
-35.70000 9.49999 -30.50000
-35.70000 9.49999 -29.50000
-36.20000 9.49999 -29.00000
-35.70000 9.49999 -24.50000
-35.70000 9.49999 -23.50000
-35.70000 9.49999 -22.50000
-35.70000 9.49999 -21.50000
-36.20000 9.99999 -16.50000
-36.20000 9.99999 -15.50000
-36.20000 9.49999 -15.00000
-35.70000 8.49999 -32.50000
-35.70000 8.49999 -31.50000
-35.70000 8.49999 -30.50000
-35.70000 8.49999 -29.50000
-36.20000 8.99999 -28.50000
-35.70000 8.49999 -28.50000
-36.20000 8.49999 -28.00000
-35.70000 8.49999 -22.50000
-35.70000 8.49999 -21.50000
-35.70000 8.49999 -20.50000
-35.70000 8.49999 -19.50000
-36.20000 8.99999 -14.50000
-36.20000 8.49999 -14.00000
-35.70000 7.49999 -32.50000
-35.70000 7.49999 -31.50000
-35.70000 7.49999 -30.50000
-35.70000 7.49999 -29.50000
-35.70000 7.49999 -28.50000
-36.20000 7.49999 -28.00000
-35.70000 7.49999 -19.50000
-35.70000 7.49999 -18.50000
-36.20000 7.99999 -13.50000
-36.20000 7.49999 -13.00000
-36.20000 6.49999 -33.00000
-36.20000 6.99999 -32.50000
-36.20000 6.49999 -32.00000
-35.70000 6.49999 -31.50000
-35.70000 6.49999 -30.50000
-35.70000 6.49999 -29.50000
-35.70000 6.49999 -28.50000
-36.20000 6.49999 -28.00000
-36.20000 6.99999 -12.50000
-36.20000 6.49999 -12.00000
-36.20000 5.49999 -33.00000
-36.20000 5.99999 -31.50000
-36.20000 5.99999 -30.50000
-36.20000 5.99999 -29.50000
-36.20000 5.99999 -28.50000
-35.70000 5.49999 -23.50000
-36.20000 5.99999 -23.50000
-36.20000 5.49999 -24.00000
-36.20000 5.49999 -23.00000
-36.20000 5.99999 -11.50000
-36.20000 5.49999 -11.00000
-36.20000 4.99999 -32.50000
-36.20000 4.99999 -31.50000
-35.70000 4.49999 -30.50000
-36.20000 4.99999 -30.50000
-36.20000 4.49999 -30.00000
-36.20000 4.99999 -23.50000
-36.20000 4.49999 -23.00000
-35.70000 4.49999 -22.50000
-36.20000 4.99999 -22.50000
-35.70000 4.49999 -21.50000
-36.20000 4.99999 -21.50000
-36.20000 4.49999 -21.00000
-36.20000 4.99999 -10.50000
-36.20000 4.49999 -10.00000
-35.70000 3.49999 -29.50000
-36.20000 3.99999 -29.50000
-35.70000 3.49999 -28.50000
-36.20000 3.99999 -28.50000
-35.70000 3.49999 -27.50000
-36.20000 3.99999 -27.50000
-35.70000 3.49999 -26.50000
-36.20000 3.99999 -26.50000
-35.70000 3.49999 -25.50000
-36.20000 3.99999 -25.50000
-36.20000 3.49999 -25.00000
-35.70000 3.49999 -22.50000
-36.20000 3.49999 -23.00000
-35.70000 3.49999 -21.50000
-36.20000 3.99999 -20.50000
-35.70000 3.49999 -20.50000
-35.70000 3.49999 -19.50000
-36.20000 3.99999 -19.50000
-36.20000 3.49999 -19.00000
-36.20000 3.99999 -9.50000
-36.20000 3.49999 -9.00000
-35.70000 2.49999 -24.50000
-36.20000 2.99999 -24.50000
-36.20000 2.49999 -24.00000
-36.20000 2.99999 -22.50000
-36.20000 2.99999 -21.50000
-36.20000 2.49999 -21.00000
-35.70000 2.49999 -19.50000
-36.20000 2.99999 -18.50000
-35.70000 2.49999 -18.50000
-36.20000 2.49999 -18.00000
-36.20000 2.99999 -8.50000
-36.20000 2.49999 -8.00000
-35.70000 1.49999 -24.50000
-36.20000 1.49999 -24.00000
-36.20000 1.99999 -20.50000
-36.20000 1.49999 -20.00000
-35.70000 1.49999 -18.50000
-36.20000 1.49999 -18.00000
-35.70000 1.49999 -12.50000
-36.20000 1.99999 -7.50000
-36.20000 1.49999 -7.00000
-36.20000 0.49999 -24.00000
-36.20000 0.49999 -20.00000
-35.70000 0.49999 -17.50000
-36.20000 0.99999 -17.50000
-36.20000 0.49999 -17.00000
-36.20000 0.99999 -6.50000
-36.20000 0.49999 -6.00000
-36.20000 -0.50001 -24.00000
-36.20000 -0.00001 -19.50000
-36.20000 -0.50001 -19.00000
-35.70000 -0.50001 -17.50000
-36.20000 -0.50001 -17.00000
-36.20000 -0.50001 -6.00000
-36.20000 -1.00001 -23.50000
-36.20000 -1.50001 -23.00000
-36.20000 -1.00001 -18.50000
-35.70000 -1.50001 -17.50000
-36.20000 -1.50001 -18.00000
-36.20000 -1.00001 -16.50000
-35.70000 -1.50001 -16.50000
-36.20000 -1.50001 -16.00000
-36.20000 -1.00001 -5.50000
-36.20000 -1.50001 -5.00000
-35.70000 -2.50001 -22.50000
-36.20000 -2.50001 -23.00000
-36.20000 -2.50001 -18.00000
-35.70000 -2.50001 -15.50000
-36.20000 -2.00001 -15.50000
-35.70000 -2.50001 -14.50000
-36.20000 -2.00001 -14.50000
-36.20000 -2.50001 -14.00000
-36.20000 -2.00001 -4.50000
-36.20000 -2.50001 -4.00000
-36.20000 -3.00001 -22.50000
-36.20000 -3.50001 -22.00000
-35.70000 -3.50001 -17.50000
-36.20000 -3.50001 -18.00000
-36.20000 -3.00001 -14.50000
-36.20000 -3.50001 -15.00000
-36.20000 -3.50001 -4.00000
-36.20000 -4.00001 -21.50000
-36.20000 -4.50001 -21.00000
-36.20000 -4.00001 -17.50000
-35.70000 -4.50001 -16.50000
-36.20000 -4.50001 -17.00000
-36.20000 -4.50001 -16.00000
-36.20000 -4.00001 -15.50000
-35.70000 -4.50001 -3.50000
-36.20000 -4.50001 -4.00000
-36.20000 -5.50001 -21.00000
-36.20000 -5.00001 -16.50000
-36.20000 -5.00001 -3.50000
-36.20000 -5.50001 -3.00000
-36.20000 -6.50001 -21.00000
-36.20000 -6.50001 -3.00000
-36.20000 -7.00001 -20.50000
-36.20000 -7.50001 -20.00000
-35.70000 -7.50001 -3.50000
-36.20000 -7.50001 -3.00000
-36.20000 -8.00001 -19.50000
-36.20000 -8.00001 -18.50000
-36.20000 -8.00001 -17.50000
-36.20000 -8.00001 -16.50000
-36.20000 -8.00001 -15.50000
-36.20000 -8.00001 -14.50000
-36.20000 -8.50001 -14.00000
-35.70000 -8.50001 -3.50000
-36.20000 -8.50001 -3.00000
-36.20000 -9.50001 -14.00000
-35.70000 -9.50001 -3.50000
-36.20000 -9.50001 -3.00000
-36.20000 -10.50001 -15.00000
-36.20000 -10.00001 -14.50000
-35.70000 -10.50001 -10.50000
-36.20000 -10.00001 -10.50000
-36.20000 -10.50001 -11.00000
-35.70000 -10.50001 -9.50000
-36.20000 -10.00001 -9.50000
-36.20000 -10.50001 -9.00000
-35.70000 -10.50001 -3.50000
-36.20000 -10.50001 -3.00000
-35.70000 -11.50001 -15.50000
-36.20000 -11.50001 -15.00000
-36.20000 -11.50001 -11.00000
-35.70000 -11.50001 -9.50000
-36.20000 -11.00001 -8.50000
-35.70000 -11.50001 -8.50000
-36.20000 -11.50001 -8.00000
-35.70000 -11.50001 -3.50000
-36.20000 -11.50001 -3.00000
-36.20000 -12.50001 -16.00000
-36.20000 -12.00001 -15.50000
-35.70000 -12.50001 -11.50000
-36.20000 -12.50001 -11.00000
-35.70000 -12.50001 -9.50000
-35.70000 -12.50001 -8.50000
-36.20000 -12.50001 -8.00000
-35.70000 -12.50001 -3.50000
-36.20000 -12.50001 -3.00000
-36.20000 -13.50001 -16.00000
-35.70000 -13.50001 -11.50000
-36.20000 -13.50001 -11.00000
-35.70000 -13.50001 -8.50000
-36.20000 -13.50001 -8.00000
-35.70000 -13.50001 -3.50000
-36.20000 -13.50001 -3.00000
-35.70000 -14.50001 -16.50000
-36.20000 -14.50001 -16.00000
-35.70000 -14.50001 -11.50000
-36.20000 -14.00001 -10.50000
-35.70000 -14.50001 -10.50000
-36.20000 -14.50001 -10.00000
-35.70000 -14.50001 -8.50000
-36.20000 -14.00001 -7.50000
-35.70000 -14.50001 -7.50000
-36.20000 -14.50001 -7.00000
-35.70000 -14.50001 -3.50000
-36.20000 -14.00001 -2.50000
-35.70000 -14.50001 -2.50000
-36.20000 -14.50001 -2.00000
-36.20000 -15.50001 -17.00000
-36.20000 -15.00001 -16.50000
-35.70000 -15.50001 -11.50000
-35.70000 -15.50001 -10.50000
-36.20000 -15.50001 -10.00000
-35.70000 -15.50001 -8.50000
-35.70000 -15.50001 -7.50000
-36.20000 -15.50001 -7.00000
-35.70000 -15.50001 -2.50000
-36.20000 -15.50001 -2.00000
-36.20000 -16.50001 -17.00000
-35.70000 -16.50001 -12.50000
-35.70000 -16.50001 -11.50000
-36.20000 -16.50001 -11.00000
-36.20000 -16.00001 -10.50000
-35.70000 -16.50001 -8.50000
-35.70000 -16.50001 -7.50000
-36.20000 -16.50001 -7.00000
-35.70000 -16.50001 -2.50000
-36.20000 -16.50001 -2.00000
-35.70000 -17.50001 -16.50000
-36.20000 -17.50001 -17.00000
-36.20000 -17.00001 -12.50000
-36.20000 -17.50001 -13.00000
-36.20000 -17.00001 -11.50000
-35.70000 -17.50001 -8.50000
-35.70000 -17.50001 -7.50000
-36.20000 -17.50001 -7.00000
-35.70000 -17.50001 -2.50000
-36.20000 -17.50001 -2.00000
-36.20000 -18.00001 -16.50000
-36.20000 -18.50001 -16.00000
-35.70000 -18.50001 -12.50000
-36.20000 -18.50001 -13.00000
-35.70000 -18.50001 -7.50000
-36.20000 -18.50001 -7.00000
-36.20000 -18.00001 -2.50000
-36.20000 -18.50001 -3.00000
-36.20000 -19.50001 -16.00000
-36.20000 -19.00001 -12.50000
-36.20000 -19.50001 -12.00000
-35.70000 -19.50001 -6.50000
-36.20000 -19.00001 -6.50000
-35.70000 -19.50001 -5.50000
-36.20000 -19.00001 -5.50000
-36.20000 -19.50001 -5.00000
-36.20000 -19.50001 -3.00000
-36.20000 -20.00001 -15.50000
-36.20000 -20.50001 -15.00000
-36.20000 -20.00001 -11.50000
-36.20000 -20.50001 -11.00000
-35.70000 -20.50001 -5.50000
-36.20000 -20.50001 -5.00000
-36.20000 -20.50001 -3.00000
-36.20000 -21.00001 -14.50000
-35.70000 -21.50001 -14.50000
-36.20000 -21.50001 -14.00000
-36.20000 -21.00001 -10.50000
-36.20000 -21.50001 -10.00000
-35.70000 -21.50001 -5.50000
-36.20000 -21.50001 -5.00000
-35.70000 -21.50001 -2.50000
-36.20000 -21.50001 -3.00000
-35.70000 -22.50001 -13.50000
-36.20000 -22.00001 -13.50000
-36.20000 -22.50001 -13.00000
-36.20000 -22.00001 -9.50000
-35.70000 -22.50001 -9.50000
-36.20000 -22.50001 -9.00000
-35.70000 -22.50001 -6.50000
-36.20000 -22.50001 -6.00000
-36.20000 -22.00001 -5.50000
-36.20000 -22.00001 -2.50000
-36.20000 -22.50001 -2.00000
-36.20000 -23.50001 -13.00000
-36.20000 -23.50001 -9.00000
-35.70000 -23.50001 -6.50000
-36.20000 -23.50001 -6.00000
-35.70000 -23.50001 -1.50000
-36.20000 -23.50001 -2.00000
-36.20000 -24.50001 -13.00000
-36.20000 -24.00001 -8.50000
-35.70000 -24.50001 -8.50000
-36.20000 -24.50001 -8.00000
-36.20000 -24.50001 -6.00000
-36.20000 -24.00001 -1.50000
-35.70000 -24.50001 -0.50000
-36.20000 -24.50001 -1.00000
-35.70000 -24.50001 0.50000
-35.70000 -25.50001 -12.50000
-36.20000 -25.50001 -13.00000
-36.20000 -25.50001 -8.00000
-36.20000 -25.00001 -5.50000
-35.70000 -25.50001 -5.50000
-36.20000 -25.50001 -5.00000
-35.70000 -25.50001 -0.50000
-36.20000 -25.50001 -1.00000
-35.70000 -25.50001 0.50000
-36.20000 -26.00001 -12.50000
-36.20000 -26.50001 -12.00000
-36.20000 -26.50001 -8.00000
-35.70000 -26.50001 -4.50000
-36.20000 -26.00001 -4.50000
-35.70000 -26.50001 -3.50000
-36.20000 -26.00001 -3.50000
-35.70000 -26.50001 -2.50000
-36.20000 -26.00001 -2.50000
-35.70000 -26.50001 -1.50000
-36.20000 -26.00001 -1.50000
-35.70000 -26.50001 -0.50000
-35.70000 -26.50001 0.50000
-35.70000 -26.50001 1.50000
-36.20000 -27.50001 -12.00000
-36.20000 -27.00001 -7.50000
-36.20000 -27.50001 -7.00000
-35.70000 -27.50001 0.50000
-35.70000 -27.50001 1.50000
-36.20000 -28.50001 -12.00000
-36.20000 -28.50001 -7.00000
-35.70000 -28.50001 0.50000
-35.70000 -28.50001 1.50000
-36.20000 -29.50001 -12.00000
-36.20000 -29.00001 -6.50000
-36.20000 -29.50001 -6.00000
-35.70000 -29.50001 -0.50000
-35.70000 -29.50001 0.50000
-35.70000 -29.50001 1.50000
-36.20000 -30.50001 -12.00000
-36.20000 -30.50001 -6.00000
-35.70000 -30.50001 -1.50000
-35.70000 -30.50001 -0.50000
-35.70000 -30.50001 0.50000
-35.70000 -30.50001 1.50000
-36.20000 -31.50001 -12.00000
-36.20000 -31.50001 -6.00000
-35.70000 -31.50001 -2.50000
-35.70000 -31.50001 -1.50000
-35.70000 -31.50001 -0.50000
-35.70000 -31.50001 0.50000
-36.20000 -32.50001 -12.00000
-35.70000 -32.50001 -6.50000
-36.20000 -32.00001 -6.50000
-36.20000 -32.50001 -7.00000
-35.70000 -32.50001 -2.50000
-35.70000 -32.50001 -1.50000
-35.70000 -32.50001 -0.50000
-35.70000 -32.50001 0.50000
-35.70000 -33.50001 -11.50000
-36.20000 -33.50001 -12.00000
-36.20000 -33.50001 -7.00000
-35.70000 -33.50001 -1.50000
-35.70000 -33.50001 -0.50000
-35.70000 -34.50001 -11.50000
-36.20000 -34.50001 -12.00000
-35.70000 -34.50001 -7.50000
-36.20000 -34.00001 -7.50000
-36.20000 -34.50001 -8.00000
-35.70000 -35.50001 -11.50000
-36.20000 -35.50001 -12.00000
-36.20000 -35.50001 -8.00000
-35.70000 -36.50001 -11.50000
-36.20000 -36.50001 -12.00000
-36.20000 -36.50001 -8.00000
-36.20000 -37.00001 -11.50000
-36.20000 -37.50001 -11.00000
-36.20000 -37.00001 -7.50000
-36.20000 -37.50001 -7.00000
-36.20000 -38.50001 -11.00000
-36.20000 -38.00001 -6.50000
-36.20000 -38.50001 -6.00000
-36.20000 -39.00001 -10.50000
-35.70000 -39.50001 -10.50000
-36.20000 -39.50001 -10.00000
-36.20000 -39.50001 -6.00000
-36.20000 -40.50001 -10.00000
-35.70000 -40.50001 -9.50000
-35.70000 -40.50001 -5.50000
-36.20000 -40.50001 -6.00000
-35.70000 -41.50001 -9.50000
-36.20000 -41.50001 -10.00000
-35.70000 -41.50001 -5.50000
-36.20000 -41.50001 -6.00000
-36.20000 -42.50001 -11.00000
-36.20000 -42.00001 -10.50000
-35.70000 -42.50001 -6.50000
-36.20000 -42.00001 -6.50000
-36.20000 -42.50001 -7.00000
-35.70000 -42.50001 -5.50000
-36.20000 -43.50001 -12.00000
-36.20000 -43.00001 -11.50000
-35.70000 -43.50001 -7.50000
-36.20000 -43.00001 -7.50000
-36.20000 -43.50001 -8.00000
-35.70000 -43.50001 -6.50000
-36.20000 -44.50001 -12.00000
-35.70000 -44.50001 -8.50000
-36.20000 -44.00001 -8.50000
-36.20000 -44.50001 -9.00000
-35.70000 -44.50001 -7.50000
-36.20000 -45.50001 -12.00000
-35.70000 -45.50001 -9.50000
-36.20000 -45.00001 -9.50000
-36.20000 -45.50001 -10.00000
-35.70000 -45.50001 -8.50000
-35.70000 -46.50001 -12.50000
-36.20000 -46.50001 -13.00000
-36.20000 -46.00001 -12.50000
-35.70000 -46.50001 -9.50000
-36.20000 -46.50001 -10.00000
-36.20000 -47.50001 -13.00000
-36.20000 -47.50001 -10.00000
-35.70000 -48.50001 -13.50000
-36.20000 -48.50001 -14.00000
-36.20000 -48.00001 -13.50000
-35.70000 -48.50001 -10.50000
-36.20000 -48.00001 -10.50000
-36.20000 -48.50001 -11.00000
-36.20000 -49.50001 -14.00000
-36.20000 -49.50001 -11.00000
-36.20000 -50.50001 -14.00000
-36.20000 -50.50001 -11.00000
-36.20000 -51.50001 -14.00000
-35.70000 -51.50001 -11.50000
-36.20000 -51.00001 -11.50000
-36.20000 -51.50001 -12.00000
-36.20000 -52.50001 -14.00000
-36.20000 -52.00001 -11.50000
-36.20000 -52.50001 -11.00000
-36.20000 -53.50001 -14.00000
-36.20000 -53.00001 -10.50000
-36.20000 -53.00001 -9.50000
-35.70000 -53.50001 -8.50000
-36.20000 -53.50001 -9.00000
-35.70000 -54.50001 -13.50000
-36.20000 -54.50001 -14.00000
-36.20000 -54.00001 -8.50000
-35.70000 -54.50001 -7.50000
-36.20000 -54.50001 -8.00000
-36.20000 -55.00001 -13.50000
-36.20000 -55.50001 -13.00000
-35.70000 -55.50001 -7.50000
-36.20000 -55.50001 -8.00000
-36.20000 -56.50001 -14.00000
-36.20000 -56.00001 -13.50000
-35.70000 -56.50001 -7.50000
-36.20000 -56.50001 -8.00000
-36.20000 -57.50001 -15.00000
-36.20000 -57.00001 -14.50000
-35.70000 -57.50001 -9.50000
-36.20000 -57.00001 -9.50000
-36.20000 -57.50001 -10.00000
-35.70000 -57.50001 -8.50000
-36.20000 -57.00001 -8.50000
-36.20000 -58.50001 -15.00000
-36.20000 -58.00001 -10.50000
-36.20000 -58.50001 -11.00000
-36.20000 -59.50001 -15.00000
-35.70000 -59.50001 -12.50000
-36.20000 -59.00001 -12.50000
-36.20000 -59.50001 -13.00000
-36.20000 -59.00001 -11.50000
-35.70000 -60.50001 -14.50000
-36.20000 -60.50001 -15.00000
-36.20000 -60.50001 -14.00000
-36.20000 -60.00001 -13.50000
-36.20000 -61.00001 -14.50000
-36.70000 21.49999 -30.50000
-36.70000 21.49999 -29.50000
-36.70000 20.49999 -30.50000
-36.70000 20.49999 -29.50000
-36.70000 19.49999 -30.50000
-36.70000 18.49999 -30.50000
-36.70000 17.49999 -30.50000
-36.70000 16.49999 -30.50000
-36.70000 16.49999 -29.50000
-36.70000 15.49999 -30.50000
-36.70000 15.49999 -29.50000
-36.70000 14.49999 -30.50000
-36.70000 14.49999 -29.50000
-36.70000 14.49999 -28.50000
-36.70000 13.49999 -30.50000
-36.70000 13.49999 -29.50000
-36.70000 13.49999 -28.50000
-37.20000 13.99999 -27.50000
-37.20000 13.49999 -28.00000
-37.20000 13.99999 -26.50000
-37.20000 13.99999 -25.50000
-36.70000 13.49999 -24.50000
-37.20000 13.49999 -25.00000
-36.70000 13.49999 -23.50000
-36.70000 13.49999 -22.50000
-36.70000 13.49999 -21.50000
-36.70000 12.49999 -29.50000
-36.70000 12.49999 -28.50000
-37.20000 12.49999 -28.00000
-37.20000 12.99999 -24.50000
-37.20000 12.99999 -23.50000
-37.20000 12.99999 -22.50000
-37.20000 12.99999 -21.50000
-36.70000 12.49999 -20.50000
-37.20000 12.49999 -21.00000
-36.70000 12.49999 -19.50000
-36.70000 11.49999 -29.50000
-37.20000 11.49999 -29.00000
-37.20000 11.99999 -28.50000
-37.20000 11.99999 -20.50000
-37.20000 11.99999 -19.50000
-36.70000 11.49999 -18.50000
-37.20000 11.49999 -19.00000
-36.70000 10.49999 -28.50000
-37.20000 10.99999 -28.50000
-37.20000 10.49999 -28.00000
-37.20000 10.99999 -18.50000
-36.70000 10.49999 -17.50000
-37.20000 10.49999 -18.00000
-36.70000 9.49999 -28.50000
-37.20000 9.99999 -27.50000
-36.70000 9.49999 -27.50000
-37.20000 9.49999 -27.00000
-37.20000 9.99999 -17.50000
-37.20000 9.99999 -16.50000
-36.70000 9.49999 -15.50000
-37.20000 9.49999 -16.00000
-36.70000 8.49999 -27.50000
-37.20000 8.99999 -26.50000
-36.70000 8.49999 -26.50000
-37.20000 8.49999 -26.00000
-37.20000 8.99999 -15.50000
-36.70000 8.49999 -14.50000
-37.20000 8.49999 -15.00000
-36.70000 7.49999 -27.50000
-36.70000 7.49999 -26.50000
-37.20000 7.99999 -25.50000
-36.70000 7.49999 -25.50000
-37.20000 7.49999 -25.00000
-37.20000 7.99999 -14.50000
-36.70000 7.49999 -13.50000
-37.20000 7.49999 -14.00000
-36.70000 6.49999 -32.50000
-36.70000 6.49999 -27.50000
-36.70000 6.49999 -26.50000
-36.70000 6.49999 -25.50000
-37.20000 6.99999 -24.50000
-36.70000 6.49999 -24.50000
-36.70000 6.49999 -23.50000
-37.20000 6.99999 -23.50000
-37.20000 6.49999 -23.00000
-37.20000 6.99999 -13.50000
-36.70000 6.49999 -12.50000
-37.20000 6.49999 -13.00000
-36.70000 5.49999 -32.50000
-36.70000 5.49999 -31.50000
-36.70000 5.49999 -30.50000
-36.70000 5.49999 -29.50000
-36.70000 5.49999 -28.50000
-36.70000 5.49999 -27.50000
-36.70000 5.49999 -26.50000
-36.70000 5.49999 -25.50000
-36.70000 5.49999 -24.50000
-36.70000 5.49999 -22.50000
-37.20000 5.99999 -22.50000
-36.70000 5.49999 -21.50000
-37.20000 5.99999 -21.50000
-36.70000 5.49999 -20.50000
-37.20000 5.99999 -20.50000
-37.20000 5.49999 -20.00000
-37.20000 5.99999 -12.50000
-36.70000 5.49999 -11.50000
-37.20000 5.49999 -12.00000
-36.70000 4.49999 -29.50000
-36.70000 4.49999 -28.50000
-36.70000 4.49999 -27.50000
-36.70000 4.49999 -26.50000
-36.70000 4.49999 -25.50000
-36.70000 4.49999 -24.50000
-36.70000 4.49999 -23.50000
-36.70000 4.49999 -20.50000
-37.20000 4.99999 -19.50000
-36.70000 4.49999 -19.50000
-37.20000 4.49999 -19.00000
-37.20000 4.99999 -11.50000
-36.70000 4.49999 -10.50000
-37.20000 4.49999 -11.00000
-36.70000 3.49999 -24.50000
-36.70000 3.49999 -23.50000
-36.70000 3.49999 -18.50000
-37.20000 3.99999 -18.50000
-36.70000 3.49999 -17.50000
-37.20000 3.99999 -17.50000
-37.20000 3.49999 -17.00000
-37.20000 3.99999 -10.50000
-36.70000 3.49999 -9.50000
-37.20000 3.49999 -10.00000
-36.70000 2.49999 -23.50000
-36.70000 2.49999 -22.50000
-36.70000 2.49999 -21.50000
-36.70000 2.49999 -17.50000
-37.20000 2.49999 -17.00000
-37.20000 2.99999 -9.50000
-36.70000 2.49999 -8.50000
-37.20000 2.49999 -9.00000
-36.70000 1.49999 -23.50000
-37.20000 1.49999 -23.00000
-37.20000 1.99999 -22.50000
-37.20000 1.99999 -21.50000
-37.20000 1.99999 -20.50000
-37.20000 1.49999 -20.00000
-36.70000 1.49999 -17.50000
-37.20000 1.49999 -17.00000
-37.20000 1.99999 -8.50000
-36.70000 1.49999 -7.50000
-37.20000 1.49999 -8.00000
-36.70000 0.49999 -23.50000
-37.20000 0.49999 -23.00000
-37.20000 0.99999 -19.50000
-36.70000 0.49999 -19.50000
-37.20000 0.49999 -19.00000
-36.70000 0.49999 -16.50000
-37.20000 0.99999 -16.50000
-37.20000 0.49999 -16.00000
-37.20000 0.99999 -7.50000
-36.70000 0.49999 -6.50000
-37.20000 0.49999 -7.00000
-36.70000 -0.50001 -23.50000
-37.20000 -0.50001 -23.00000
-37.20000 -0.00001 -18.50000
-36.70000 -0.50001 -18.50000
-37.20000 -0.50001 -18.00000
-36.70000 -0.50001 -16.50000
-37.20000 -0.00001 -15.50000
-36.70000 -0.50001 -15.50000
-37.20000 -0.50001 -15.00000
-37.20000 -0.00001 -6.50000
-37.20000 -0.50001 -6.00000
-37.20000 -1.50001 -23.00000
-37.20000 -1.50001 -18.00000
-36.70000 -1.50001 -15.50000
-37.20000 -1.00001 -14.50000
-36.70000 -1.50001 -14.50000
-36.70000 -1.50001 -13.50000
-37.20000 -1.00001 -13.50000
-36.70000 -1.50001 -12.50000
-37.20000 -1.00001 -12.50000
-36.70000 -1.50001 -11.50000
-37.20000 -1.00001 -11.50000
-36.70000 -1.50001 -10.50000
-37.20000 -1.00001 -10.50000
-37.20000 -1.50001 -10.00000
-36.70000 -1.50001 -5.50000
-37.20000 -1.50001 -6.00000
-37.20000 -2.00001 -22.50000
-36.70000 -2.50001 -22.50000
-37.20000 -2.50001 -22.00000
-37.20000 -2.50001 -18.00000
-37.20000 -2.00001 -13.50000
-37.20000 -2.50001 -14.00000
-37.20000 -2.50001 -13.00000
-36.70000 -2.50001 -12.50000
-36.70000 -2.50001 -11.50000
-36.70000 -2.50001 -10.50000
-37.20000 -2.00001 -9.50000
-36.70000 -2.50001 -9.50000
-37.20000 -2.50001 -9.00000
-37.20000 -2.00001 -5.50000
-36.70000 -2.50001 -4.50000
-37.20000 -2.50001 -5.00000
-37.20000 -3.50001 -22.00000
-37.20000 -3.00001 -17.50000
-36.70000 -3.50001 -17.50000
-37.20000 -3.50001 -17.00000
-37.20000 -3.50001 -15.00000
-37.20000 -3.00001 -14.50000
-37.20000 -3.00001 -12.50000
-37.20000 -3.00001 -11.50000
-37.20000 -3.50001 -11.00000
-36.70000 -3.50001 -10.50000
-36.70000 -3.50001 -9.50000
-37.20000 -3.00001 -8.50000
-36.70000 -3.50001 -8.50000
-37.20000 -3.50001 -8.00000
-37.20000 -3.00001 -4.50000
-37.20000 -3.50001 -4.00000
-37.20000 -4.00001 -21.50000
-37.20000 -4.50001 -21.00000
-37.20000 -4.00001 -16.50000
-36.70000 -4.50001 -16.50000
-37.20000 -4.00001 -15.50000
-37.20000 -4.00001 -10.50000
-37.20000 -4.50001 -10.00000
-36.70000 -4.50001 -9.50000
-36.70000 -4.50001 -8.50000
-37.20000 -4.00001 -7.50000
-36.70000 -4.50001 -7.50000
-37.20000 -4.50001 -7.00000
-37.20000 -4.50001 -4.00000
-37.20000 -5.50001 -21.00000
-37.20000 -5.00001 -9.50000
-37.20000 -5.50001 -9.00000
-36.70000 -5.50001 -8.50000
-36.70000 -5.50001 -7.50000
-37.20000 -5.50001 -7.00000
-36.70000 -5.50001 -3.50000
-37.20000 -5.50001 -4.00000
-37.20000 -6.00001 -20.50000
-36.70000 -6.50001 -20.50000
-37.20000 -6.50001 -20.00000
-37.20000 -6.00001 -8.50000
-37.20000 -6.50001 -8.00000
-36.70000 -6.50001 -7.50000
-37.20000 -6.00001 -6.50000
-36.70000 -6.50001 -6.50000
-37.20000 -6.50001 -6.00000
-37.20000 -6.00001 -3.50000
-37.20000 -6.50001 -3.00000
-36.70000 -7.50001 -19.50000
-37.20000 -7.00001 -19.50000
-37.20000 -7.50001 -19.00000
-36.70000 -7.50001 -7.50000
-37.20000 -7.50001 -8.00000
-36.70000 -7.50001 -6.50000
-37.20000 -7.50001 -6.00000
-37.20000 -7.50001 -3.00000
-37.20000 -8.00001 -18.50000
-37.20000 -8.00001 -17.50000
-37.20000 -8.00001 -16.50000
-37.20000 -8.00001 -15.50000
-37.20000 -8.00001 -14.50000
-37.20000 -8.50001 -14.00000
-36.70000 -8.50001 -7.50000
-37.20000 -8.50001 -8.00000
-36.70000 -8.50001 -6.50000
-37.20000 -8.50001 -6.00000
-37.20000 -8.50001 -3.00000
-37.20000 -9.50001 -14.00000
-36.70000 -9.50001 -9.50000
-37.20000 -9.00001 -9.50000
-37.20000 -9.50001 -10.00000
-36.70000 -9.50001 -8.50000
-37.20000 -9.00001 -8.50000
-36.70000 -9.50001 -7.50000
-36.70000 -9.50001 -6.50000
-37.20000 -9.50001 -6.00000
-37.20000 -9.50001 -3.00000
-36.70000 -10.50001 -14.50000
-37.20000 -10.50001 -14.00000
-37.20000 -10.00001 -10.50000
-37.20000 -10.50001 -11.00000
-36.70000 -10.50001 -8.50000
-36.70000 -10.50001 -7.50000
-36.70000 -10.50001 -6.50000
-37.20000 -10.50001 -6.00000
-36.70000 -10.50001 -3.50000
-37.20000 -10.00001 -3.50000
-37.20000 -10.50001 -4.00000
-36.70000 -11.50001 -14.50000
-37.20000 -11.50001 -14.00000
-37.20000 -11.50001 -11.00000
-36.70000 -11.50001 -7.50000
-36.70000 -11.50001 -6.50000
-37.20000 -11.50001 -6.00000
-36.70000 -11.50001 -3.50000
-37.20000 -11.50001 -4.00000
-36.70000 -12.50001 -15.50000
-37.20000 -12.50001 -15.00000
-37.20000 -12.00001 -14.50000
-37.20000 -12.00001 -10.50000
-36.70000 -12.50001 -10.50000
-37.20000 -12.50001 -10.00000
-36.70000 -12.50001 -7.50000
-36.70000 -12.50001 -6.50000
-37.20000 -12.50001 -6.00000
-36.70000 -12.50001 -3.50000
-37.20000 -12.50001 -4.00000
-37.20000 -13.50001 -16.00000
-37.20000 -13.00001 -15.50000
-36.70000 -13.50001 -10.50000
-37.20000 -13.50001 -10.00000
-36.70000 -13.50001 -7.50000
-36.70000 -13.50001 -6.50000
-37.20000 -13.50001 -6.00000
-36.70000 -13.50001 -3.50000
-37.20000 -13.50001 -4.00000
-37.20000 -14.50001 -16.00000
-37.20000 -14.50001 -10.00000
-36.70000 -14.50001 -6.50000
-37.20000 -14.00001 -5.50000
-36.70000 -14.50001 -5.50000
-37.20000 -14.50001 -5.00000
-36.70000 -14.50001 -3.50000
-37.20000 -14.50001 -4.00000
-36.70000 -14.50001 -2.50000
-37.20000 -15.50001 -17.00000
-37.20000 -15.00001 -16.50000
-37.20000 -15.00001 -9.50000
-36.70000 -15.50001 -9.50000
-37.20000 -15.50001 -9.00000
-36.70000 -15.50001 -6.50000
-36.70000 -15.50001 -5.50000
-37.20000 -15.50001 -5.00000
-36.70000 -15.50001 -3.50000
-37.20000 -15.50001 -4.00000
-36.70000 -15.50001 -2.50000
-37.20000 -16.50001 -17.00000
-36.70000 -16.50001 -10.50000
-36.70000 -16.50001 -9.50000
-37.20000 -16.50001 -9.00000
-36.70000 -16.50001 -6.50000
-36.70000 -16.50001 -5.50000
-37.20000 -16.50001 -5.00000
-36.70000 -16.50001 -3.50000
-37.20000 -16.50001 -4.00000
-36.70000 -16.50001 -2.50000
-37.20000 -17.50001 -17.00000
-36.70000 -17.50001 -12.50000
-37.20000 -17.50001 -12.00000
-37.20000 -17.00001 -11.50000
-37.20000 -17.00001 -10.50000
-37.20000 -17.00001 -9.50000
-36.70000 -17.50001 -6.50000
-36.70000 -17.50001 -5.50000
-37.20000 -17.00001 -4.50000
-36.70000 -17.50001 -4.50000
-36.70000 -17.50001 -3.50000
-36.70000 -17.50001 -2.50000
-37.20000 -18.00001 -16.50000
-37.20000 -18.50001 -16.00000
-37.20000 -18.00001 -12.50000
-37.20000 -18.50001 -13.00000
-36.70000 -18.50001 -6.50000
-36.70000 -18.50001 -5.50000
-36.70000 -18.50001 -4.50000
-36.70000 -18.50001 -3.50000
-37.20000 -19.50001 -16.00000
-37.20000 -19.00001 -12.50000
-37.20000 -19.50001 -12.00000
-36.70000 -19.50001 -4.50000
-36.70000 -19.50001 -3.50000
-37.20000 -20.00001 -15.50000
-37.20000 -20.50001 -15.00000
-37.20000 -20.00001 -11.50000
-37.20000 -20.00001 -10.50000
-36.70000 -20.50001 -10.50000
-37.20000 -20.50001 -10.00000
-36.70000 -20.50001 -4.50000
-36.70000 -20.50001 -3.50000
-37.20000 -21.00001 -14.50000
-37.20000 -21.50001 -14.00000
-37.20000 -21.00001 -9.50000
-36.70000 -21.50001 -9.50000
-37.20000 -21.50001 -9.00000
-36.70000 -21.50001 -4.50000
-36.70000 -21.50001 -3.50000
-37.20000 -22.00001 -13.50000
-37.20000 -22.50001 -13.00000
-37.20000 -22.50001 -9.00000
-36.70000 -22.50001 -5.50000
-36.70000 -22.50001 -4.50000
-36.70000 -22.50001 -3.50000
-36.70000 -22.50001 -2.50000
-37.20000 -23.50001 -13.00000
-37.20000 -23.50001 -9.00000
-36.70000 -23.50001 -5.50000
-36.70000 -23.50001 -4.50000
-36.70000 -23.50001 -3.50000
-36.70000 -23.50001 -2.50000
-36.70000 -24.50001 -13.50000
-37.20000 -24.50001 -14.00000
-37.20000 -24.00001 -13.50000
-37.20000 -24.00001 -8.50000
-37.20000 -24.50001 -8.00000
-36.70000 -24.50001 -5.50000
-36.70000 -24.50001 -4.50000
-36.70000 -24.50001 -3.50000
-36.70000 -24.50001 -2.50000
-36.70000 -24.50001 -1.50000
-36.70000 -25.50001 -13.50000
-37.20000 -25.50001 -14.00000
-37.20000 -25.50001 -8.00000
-36.70000 -25.50001 -4.50000
-36.70000 -25.50001 -3.50000
-36.70000 -25.50001 -2.50000
-36.70000 -25.50001 -1.50000
-36.70000 -26.50001 -13.50000
-37.20000 -26.50001 -14.00000
-36.70000 -26.50001 -12.50000
-37.20000 -26.50001 -8.00000
-36.70000 -27.50001 -13.50000
-37.20000 -27.50001 -14.00000
-36.70000 -27.50001 -12.50000
-36.70000 -27.50001 -7.50000
-37.20000 -27.50001 -8.00000
-37.20000 -28.00001 -13.50000
-36.70000 -28.50001 -12.50000
-37.20000 -28.50001 -13.00000
-37.20000 -28.00001 -7.50000
-37.20000 -28.50001 -7.00000
-36.70000 -29.50001 -12.50000
-37.20000 -29.50001 -13.00000
-36.70000 -29.50001 -6.50000
-37.20000 -29.50001 -7.00000
-36.70000 -30.50001 -12.50000
-37.20000 -30.50001 -13.00000
-36.70000 -30.50001 -6.50000
-37.20000 -30.50001 -7.00000
-36.70000 -31.50001 -12.50000
-37.20000 -31.50001 -13.00000
-36.70000 -31.50001 -7.50000
-37.20000 -31.00001 -7.50000
-37.20000 -31.50001 -8.00000
-36.70000 -31.50001 -6.50000
-37.20000 -32.00001 -12.50000
-37.20000 -32.50001 -12.00000
-36.70000 -32.50001 -8.50000
-37.20000 -32.00001 -8.50000
-37.20000 -32.50001 -9.00000
-36.70000 -32.50001 -7.50000
-37.20000 -33.50001 -12.00000
-36.70000 -33.50001 -8.50000
-37.20000 -33.50001 -9.00000
-36.70000 -33.50001 -7.50000
-37.20000 -34.50001 -12.00000
-36.70000 -34.50001 -8.50000
-37.20000 -34.50001 -9.00000
-37.20000 -35.50001 -12.00000
-36.70000 -35.50001 -8.50000
-37.20000 -35.50001 -9.00000
-37.20000 -36.50001 -12.00000
-37.20000 -36.00001 -8.50000
-37.20000 -36.50001 -8.00000
-36.70000 -37.50001 -11.50000
-37.20000 -37.50001 -12.00000
-37.20000 -37.00001 -7.50000
-37.20000 -37.50001 -7.00000
-37.20000 -38.00001 -11.50000
-37.20000 -38.50001 -11.00000
-37.20000 -38.00001 -6.50000
-37.20000 -38.50001 -6.00000
-37.20000 -39.00001 -10.50000
-37.20000 -39.50001 -10.00000
-37.20000 -39.50001 -6.00000
-37.20000 -40.50001 -10.00000
-37.20000 -40.50001 -6.00000
-36.70000 -40.50001 -0.50000
-37.20000 -40.50001 -1.00000
-37.20000 -40.00001 -0.50000
-37.20000 -40.00001 0.50000
-36.70000 -40.50001 0.50000
-37.20000 -40.50001 1.00000
-36.70000 -41.50001 -10.50000
-37.20000 -41.50001 -11.00000
-37.20000 -41.00001 -10.50000
-36.70000 -41.50001 -6.50000
-37.20000 -41.00001 -6.50000
-37.20000 -41.50001 -7.00000
-36.70000 -41.50001 -1.50000
-37.20000 -41.50001 -2.00000
-37.20000 -41.00001 -1.50000
-36.70000 -41.50001 -0.50000
-36.70000 -41.50001 0.50000
-37.20000 -41.50001 1.00000
-36.70000 -42.50001 -11.50000
-37.20000 -42.50001 -12.00000
-37.20000 -42.00001 -11.50000
-36.70000 -42.50001 -7.50000
-37.20000 -42.00001 -7.50000
-37.20000 -42.50001 -8.00000
-36.70000 -42.50001 -2.50000
-37.20000 -42.50001 -3.00000
-37.20000 -42.00001 -2.50000
-36.70000 -42.50001 -1.50000
-36.70000 -42.50001 -0.50000
-37.20000 -42.50001 0.00000
-37.20000 -42.00001 0.50000
-37.20000 -43.50001 -12.00000
-36.70000 -43.50001 -8.50000
-37.20000 -43.00001 -8.50000
-37.20000 -43.50001 -9.00000
-36.70000 -43.50001 -3.50000
-37.20000 -43.50001 -4.00000
-37.20000 -43.00001 -3.50000
-36.70000 -43.50001 -2.50000
-36.70000 -43.50001 -1.50000
-36.70000 -43.50001 -0.50000
-37.20000 -43.50001 0.00000
-37.20000 -44.50001 -12.00000
-36.70000 -44.50001 -9.50000
-37.20000 -44.00001 -9.50000
-37.20000 -44.50001 -10.00000
-36.70000 -44.50001 -3.50000
-37.20000 -44.50001 -4.00000
-36.70000 -44.50001 -2.50000
-36.70000 -44.50001 -1.50000
-37.20000 -44.50001 -1.00000
-37.20000 -44.00001 -0.50000
-37.20000 -45.50001 -12.00000
-37.20000 -45.50001 -10.00000
-37.20000 -45.00001 -3.50000
-37.20000 -45.00001 -2.50000
-37.20000 -45.00001 -1.50000
-37.20000 -46.50001 -13.00000
-37.20000 -46.00001 -12.50000
-36.70000 -46.50001 -10.50000
-37.20000 -46.00001 -10.50000
-37.20000 -46.50001 -11.00000
-37.20000 -47.50001 -13.00000
-36.70000 -47.50001 -10.50000
-37.20000 -47.50001 -11.00000
-37.20000 -48.50001 -14.00000
-37.20000 -48.00001 -13.50000
-37.20000 -48.50001 -11.00000
-37.20000 -49.50001 -14.00000
-37.20000 -49.50001 -11.00000
-37.20000 -50.50001 -14.00000
-36.70000 -50.50001 -11.50000
-37.20000 -50.00001 -11.50000
-37.20000 -50.50001 -12.00000
-37.20000 -51.50001 -14.00000
-37.20000 -51.50001 -12.00000
-37.20000 -52.50001 -14.00000
-37.20000 -52.00001 -11.50000
-37.20000 -52.50001 -11.00000
-37.20000 -53.50001 -14.00000
-37.20000 -53.00001 -10.50000
-37.20000 -53.00001 -9.50000
-37.20000 -53.50001 -9.00000
-37.20000 -54.50001 -14.00000
-36.70000 -54.50001 -8.50000
-37.20000 -54.50001 -9.00000
-36.70000 -55.50001 -13.50000
-37.20000 -55.50001 -14.00000
-36.70000 -55.50001 -8.50000
-37.20000 -55.50001 -9.00000
-36.70000 -56.50001 -14.50000
-37.20000 -56.50001 -15.00000
-37.20000 -56.00001 -14.50000
-36.70000 -56.50001 -8.50000
-37.20000 -56.50001 -9.00000
-37.20000 -57.50001 -15.00000
-37.20000 -57.00001 -9.50000
-37.20000 -57.50001 -10.00000
-36.70000 -58.50001 -15.50000
-37.20000 -58.50001 -16.00000
-37.20000 -58.00001 -15.50000
-36.70000 -58.50001 -11.50000
-37.20000 -58.00001 -11.50000
-37.20000 -58.50001 -12.00000
-37.20000 -58.00001 -10.50000
-36.70000 -59.50001 -15.50000
-37.20000 -59.50001 -16.00000
-37.20000 -59.00001 -12.50000
-37.20000 -59.50001 -13.00000
-37.20000 -60.00001 -15.50000
-37.20000 -60.00001 -14.50000
-36.70000 -60.50001 -14.50000
-37.20000 -60.00001 -13.50000
-37.70000 13.49999 -27.50000
-37.70000 13.49999 -26.50000
-37.70000 13.49999 -25.50000
-37.70000 12.49999 -27.50000
-37.70000 12.49999 -26.50000
-38.20000 12.49999 -26.00000
-38.20000 12.99999 -25.50000
-37.70000 12.49999 -24.50000
-38.20000 12.49999 -25.00000
-37.70000 12.49999 -23.50000
-37.70000 12.49999 -22.50000
-37.70000 12.49999 -21.50000
-37.70000 11.49999 -28.50000
-37.70000 11.49999 -27.50000
-38.20000 11.49999 -27.00000
-38.20000 11.99999 -26.50000
-38.20000 11.99999 -24.50000
-38.20000 11.99999 -23.50000
-38.20000 11.99999 -22.50000
-38.20000 11.99999 -21.50000
-37.70000 11.49999 -20.50000
-38.20000 11.49999 -21.00000
-37.70000 11.49999 -19.50000
-37.70000 10.49999 -27.50000
-38.20000 10.99999 -26.50000
-37.70000 10.49999 -26.50000
-38.20000 10.49999 -26.00000
-38.20000 10.99999 -20.50000
-38.20000 10.49999 -20.00000
-37.70000 10.49999 -19.50000
-37.70000 10.49999 -18.50000
-37.70000 9.49999 -26.50000
-38.20000 9.99999 -25.50000
-37.70000 9.49999 -25.50000
-38.20000 9.49999 -25.00000
-38.20000 9.99999 -19.50000
-38.20000 9.49999 -19.00000
-37.70000 9.49999 -18.50000
-37.70000 9.49999 -17.50000
-37.70000 9.49999 -16.50000
-37.70000 8.49999 -25.50000
-38.20000 8.99999 -24.50000
-37.70000 8.49999 -24.50000
-38.20000 8.49999 -24.00000
-38.20000 8.99999 -18.50000
-38.20000 8.99999 -17.50000
-38.20000 8.49999 -17.00000
-37.70000 8.49999 -16.50000
-37.70000 8.49999 -15.50000
-37.70000 7.49999 -24.50000
-38.20000 7.99999 -23.50000
-37.70000 7.49999 -23.50000
-37.70000 7.49999 -22.50000
-38.20000 7.99999 -22.50000
-38.20000 7.49999 -22.00000
-38.20000 7.99999 -16.50000
-38.20000 7.49999 -16.00000
-37.70000 7.49999 -15.50000
-37.70000 7.49999 -14.50000
-37.70000 6.49999 -22.50000
-38.20000 6.99999 -21.50000
-37.70000 6.49999 -21.50000
-37.70000 6.49999 -20.50000
-38.20000 6.99999 -20.50000
-37.70000 6.49999 -19.50000
-38.20000 6.99999 -19.50000
-38.20000 6.49999 -19.00000
-38.20000 6.99999 -15.50000
-38.20000 6.49999 -15.00000
-37.70000 6.49999 -14.50000
-37.70000 6.49999 -13.50000
-37.70000 5.49999 -19.50000
-38.20000 5.99999 -18.50000
-37.70000 5.49999 -18.50000
-38.20000 5.49999 -18.00000
-38.20000 5.99999 -14.50000
-38.20000 5.99999 -13.50000
-37.70000 5.49999 -12.50000
-38.20000 5.49999 -13.00000
-37.70000 4.49999 -18.50000
-38.20000 4.99999 -17.50000
-37.70000 4.49999 -17.50000
-37.70000 4.49999 -16.50000
-38.20000 4.99999 -16.50000
-38.20000 4.49999 -16.00000
-38.20000 4.99999 -12.50000
-37.70000 4.49999 -11.50000
-38.20000 4.49999 -12.00000
-37.70000 3.49999 -16.50000
-38.20000 3.99999 -15.50000
-37.70000 3.49999 -15.50000
-38.20000 3.49999 -15.00000
-38.20000 3.99999 -11.50000
-37.70000 3.49999 -10.50000
-38.20000 3.49999 -11.00000
-37.70000 2.49999 -16.50000
-37.70000 2.49999 -15.50000
-38.20000 2.49999 -15.00000
-38.20000 2.99999 -10.50000
-37.70000 2.49999 -9.50000
-38.20000 2.49999 -10.00000
-37.70000 1.49999 -22.50000
-37.70000 1.49999 -21.50000
-37.70000 1.49999 -20.50000
-37.70000 1.49999 -16.50000
-37.70000 1.49999 -15.50000
-38.20000 1.49999 -15.00000
-38.20000 1.99999 -9.50000
-37.70000 1.49999 -8.50000
-38.20000 1.49999 -9.00000
-37.70000 0.49999 -22.50000
-37.70000 0.49999 -21.50000
-37.70000 0.49999 -20.50000
-37.70000 0.49999 -19.50000
-37.70000 0.49999 -15.50000
-38.20000 0.99999 -14.50000
-37.70000 0.49999 -14.50000
-38.20000 0.49999 -14.00000
-37.70000 0.49999 -8.50000
-38.20000 0.49999 -9.00000
-37.70000 0.49999 -7.50000
-37.70000 -0.50001 -22.50000
-37.70000 -0.50001 -21.50000
-38.20000 -0.50001 -21.00000
-38.20000 -0.00001 -20.50000
-38.20000 -0.00001 -19.50000
-37.70000 -0.50001 -18.50000
-38.20000 -0.50001 -19.00000
-37.70000 -0.50001 -14.50000
-38.20000 -0.00001 -13.50000
-37.70000 -0.50001 -13.50000
-37.70000 -0.50001 -12.50000
-38.20000 -0.00001 -12.50000
-37.70000 -0.50001 -11.50000
-38.20000 -0.00001 -11.50000
-37.70000 -0.50001 -10.50000
-38.20000 -0.00001 -10.50000
-38.20000 -0.50001 -10.00000
-38.20000 -0.00001 -8.50000
-38.20000 -0.50001 -8.00000
-37.70000 -0.50001 -7.50000
-37.70000 -0.50001 -6.50000
-37.70000 -1.50001 -22.50000
-38.20000 -1.50001 -22.00000
-38.20000 -1.00001 -21.50000
-37.70000 -1.50001 -18.50000
-38.20000 -1.50001 -19.00000
-37.70000 -1.50001 -9.50000
-38.20000 -1.00001 -9.50000
-37.70000 -1.50001 -8.50000
-38.20000 -1.00001 -8.50000
-37.70000 -1.50001 -7.50000
-37.70000 -1.50001 -6.50000
-38.20000 -2.50001 -22.00000
-38.20000 -2.00001 -18.50000
-38.20000 -2.50001 -18.00000
-37.70000 -2.50001 -14.50000
-38.20000 -2.50001 -15.00000
-38.20000 -2.00001 -14.50000
-38.20000 -2.00001 -13.50000
-38.20000 -2.00001 -12.50000
-37.70000 -2.50001 -12.50000
-38.20000 -2.50001 -12.00000
-37.70000 -2.50001 -8.50000
-37.70000 -2.50001 -7.50000
-37.70000 -2.50001 -6.50000
-37.70000 -2.50001 -5.50000
-38.20000 -3.00001 -21.50000
-37.70000 -3.50001 -21.50000
-38.20000 -3.50001 -21.00000
-37.70000 -3.50001 -17.50000
-38.20000 -3.50001 -18.00000
-38.20000 -3.50001 -15.00000
-38.20000 -3.00001 -11.50000
-38.20000 -3.50001 -11.00000
-37.70000 -3.50001 -7.50000
-37.70000 -3.50001 -6.50000
-37.70000 -3.50001 -5.50000
-37.70000 -3.50001 -4.50000
-38.20000 -4.50001 -21.00000
-38.20000 -4.00001 -17.50000
-38.20000 -4.00001 -16.50000
-38.20000 -4.00001 -15.50000
-38.20000 -4.00001 -10.50000
-38.20000 -4.50001 -10.00000
-37.70000 -4.50001 -6.50000
-37.70000 -4.50001 -5.50000
-37.70000 -4.50001 -4.50000
-38.20000 -5.00001 -20.50000
-37.70000 -5.50001 -20.50000
-38.20000 -5.50001 -20.00000
-38.20000 -5.00001 -9.50000
-38.20000 -5.50001 -9.00000
-37.70000 -5.50001 -6.50000
-37.70000 -5.50001 -5.50000
-37.70000 -5.50001 -4.50000
-37.70000 -6.50001 -19.50000
-38.20000 -6.00001 -19.50000
-38.20000 -6.50001 -19.00000
-37.70000 -6.50001 -8.50000
-38.20000 -6.50001 -9.00000
-37.70000 -6.50001 -5.50000
-37.70000 -6.50001 -4.50000
-37.70000 -6.50001 -3.50000
-37.70000 -7.50001 -18.50000
-38.20000 -7.00001 -18.50000
-38.20000 -7.50001 -18.00000
-37.70000 -7.50001 -8.50000
-38.20000 -7.50001 -9.00000
-37.70000 -7.50001 -5.50000
-37.70000 -7.50001 -4.50000
-37.70000 -7.50001 -3.50000
-38.20000 -8.00001 -17.50000
-37.70000 -8.50001 -16.50000
-38.20000 -8.50001 -17.00000
-37.70000 -8.50001 -15.50000
-37.70000 -8.50001 -14.50000
-37.70000 -8.50001 -8.50000
-38.20000 -8.50001 -9.00000
-37.70000 -8.50001 -5.50000
-37.70000 -8.50001 -4.50000
-37.70000 -8.50001 -3.50000
-38.20000 -9.00001 -16.50000
-38.20000 -9.00001 -15.50000
-38.20000 -9.00001 -14.50000
-38.20000 -9.50001 -14.00000
-38.20000 -9.00001 -9.50000
-38.20000 -9.50001 -10.00000
-37.70000 -9.50001 -5.50000
-37.70000 -9.50001 -4.50000
-37.70000 -9.50001 -3.50000
-38.20000 -10.50001 -14.00000
-37.70000 -10.50001 -10.50000
-38.20000 -10.50001 -10.00000
-37.70000 -10.50001 -5.50000
-37.70000 -10.50001 -4.50000
-38.20000 -11.50001 -14.00000
-37.70000 -11.50001 -10.50000
-38.20000 -11.50001 -10.00000
-37.70000 -11.50001 -5.50000
-37.70000 -11.50001 -4.50000
-37.70000 -12.50001 -14.50000
-38.20000 -12.50001 -14.00000
-38.20000 -12.50001 -10.00000
-37.70000 -12.50001 -5.50000
-37.70000 -12.50001 -4.50000
-38.20000 -13.50001 -16.00000
-38.20000 -13.00001 -15.50000
-38.20000 -13.00001 -14.50000
-38.20000 -13.00001 -9.50000
-37.70000 -13.50001 -9.50000
-38.20000 -13.50001 -9.00000
-37.70000 -13.50001 -5.50000
-37.70000 -13.50001 -4.50000
-38.20000 -14.50001 -16.00000
-37.70000 -14.50001 -9.50000
-38.20000 -14.00001 -8.50000
-37.70000 -14.50001 -8.50000
-38.20000 -14.50001 -8.00000
-37.70000 -14.50001 -4.50000
-37.70000 -15.50001 -16.50000
-38.20000 -15.50001 -16.00000
-37.70000 -15.50001 -8.50000
-38.20000 -15.50001 -8.00000
-37.70000 -15.50001 -4.50000
-38.20000 -16.50001 -17.00000
-38.20000 -16.00001 -16.50000
-37.70000 -16.50001 -8.50000
-38.20000 -16.50001 -8.00000
-37.70000 -16.50001 -4.50000
-38.20000 -17.50001 -17.00000
-37.70000 -17.50001 -11.50000
-37.70000 -17.50001 -10.50000
-37.70000 -17.50001 -9.50000
-37.70000 -17.50001 -8.50000
-38.20000 -17.50001 -8.00000
-37.70000 -18.50001 -16.50000
-38.20000 -18.50001 -17.00000
-38.20000 -18.00001 -12.50000
-38.20000 -18.50001 -13.00000
-38.20000 -18.00001 -11.50000
-38.20000 -18.00001 -10.50000
-38.20000 -18.00001 -9.50000
-38.20000 -18.00001 -8.50000
-38.20000 -19.00001 -16.50000
-38.20000 -19.50001 -16.00000
-38.20000 -19.00001 -12.50000
-38.20000 -19.00001 -11.50000
-37.70000 -19.50001 -11.50000
-38.20000 -19.50001 -11.00000
-38.20000 -20.00001 -15.50000
-38.20000 -20.50001 -15.00000
-38.20000 -20.00001 -10.50000
-38.20000 -20.50001 -10.00000
-38.20000 -21.00001 -14.50000
-38.20000 -21.50001 -14.00000
-37.70000 -21.50001 -9.50000
-38.20000 -21.50001 -10.00000
-37.70000 -22.50001 -13.50000
-38.20000 -22.50001 -14.00000
-38.20000 -22.00001 -9.50000
-38.20000 -22.50001 -9.00000
-37.70000 -23.50001 -14.50000
-38.20000 -23.50001 -15.00000
-38.20000 -23.00001 -14.50000
-37.70000 -23.50001 -13.50000
-38.20000 -23.50001 -9.00000
-37.70000 -24.50001 -14.50000
-38.20000 -24.50001 -15.00000
-37.70000 -24.50001 -8.50000
-38.20000 -24.50001 -9.00000
-37.70000 -25.50001 -14.50000
-38.20000 -25.50001 -15.00000
-37.70000 -25.50001 -10.50000
-38.20000 -25.00001 -10.50000
-38.20000 -25.50001 -11.00000
-37.70000 -25.50001 -9.50000
-38.20000 -25.00001 -9.50000
-37.70000 -25.50001 -8.50000
-37.70000 -26.50001 -14.50000
-38.20000 -26.50001 -15.00000
-37.70000 -26.50001 -11.50000
-38.20000 -26.00001 -11.50000
-38.20000 -26.50001 -12.00000
-37.70000 -26.50001 -10.50000
-37.70000 -26.50001 -9.50000
-37.70000 -26.50001 -8.50000
-38.20000 -27.00001 -14.50000
-38.20000 -27.50001 -14.00000
-37.70000 -27.50001 -11.50000
-38.20000 -27.50001 -12.00000
-37.70000 -27.50001 -10.50000
-37.70000 -27.50001 -9.50000
-37.70000 -27.50001 -8.50000
-37.70000 -28.50001 -13.50000
-38.20000 -28.50001 -14.00000
-37.70000 -28.50001 -11.50000
-38.20000 -28.50001 -12.00000
-37.70000 -28.50001 -10.50000
-37.70000 -28.50001 -9.50000
-37.70000 -28.50001 -8.50000
-37.70000 -28.50001 -7.50000
-38.20000 -29.00001 -13.50000
-38.20000 -29.50001 -13.00000
-38.20000 -29.00001 -11.50000
-38.20000 -29.50001 -11.00000
-37.70000 -29.50001 -10.50000
-37.70000 -29.50001 -9.50000
-37.70000 -29.50001 -8.50000
-37.70000 -29.50001 -7.50000
-38.20000 -30.50001 -13.00000
-37.70000 -30.50001 -10.50000
-38.20000 -30.50001 -11.00000
-37.70000 -30.50001 -9.50000
-37.70000 -30.50001 -8.50000
-37.70000 -30.50001 -7.50000
-38.20000 -31.50001 -13.00000
-37.70000 -31.50001 -10.50000
-38.20000 -31.50001 -11.00000
-37.70000 -31.50001 -9.50000
-37.70000 -31.50001 -8.50000
-37.70000 -32.50001 -12.50000
-38.20000 -32.50001 -13.00000
-38.20000 -32.00001 -10.50000
-38.20000 -32.50001 -10.00000
-37.70000 -32.50001 -9.50000
-37.70000 -33.50001 -12.50000
-38.20000 -33.50001 -13.00000
-37.70000 -33.50001 -9.50000
-38.20000 -33.50001 -10.00000
-37.70000 -34.50001 -12.50000
-38.20000 -34.50001 -13.00000
-37.70000 -34.50001 -9.50000
-38.20000 -34.50001 -10.00000
-37.70000 -35.50001 -12.50000
-38.20000 -35.50001 -13.00000
-38.20000 -35.00001 -9.50000
-38.20000 -35.50001 -9.00000
-37.70000 -35.50001 -1.50000
-38.20000 -35.50001 -2.00000
-38.20000 -35.00001 -1.50000
-38.20000 -35.00001 -0.50000
-37.70000 -35.50001 -0.50000
-38.20000 -35.00001 0.50000
-37.70000 -35.50001 0.50000
-38.20000 -35.50001 1.00000
-38.20000 -36.00001 -12.50000
-38.20000 -36.50001 -12.00000
-38.20000 -36.00001 -8.50000
-38.20000 -36.50001 -8.00000
-37.70000 -36.50001 -1.50000
-38.20000 -36.50001 -2.00000
-37.70000 -36.50001 -0.50000
-37.70000 -36.50001 0.50000
-38.20000 -36.50001 1.00000
-38.20000 -37.50001 -12.00000
-38.20000 -37.00001 -7.50000
-38.20000 -37.50001 -7.00000
-37.70000 -37.50001 -2.50000
-38.20000 -37.50001 -3.00000
-38.20000 -37.00001 -2.50000
-37.70000 -37.50001 -1.50000
-37.70000 -37.50001 -0.50000
-37.70000 -37.50001 0.50000
-38.20000 -37.50001 1.00000
-38.20000 -38.00001 -11.50000
-38.20000 -38.50001 -11.00000
-37.70000 -38.50001 -6.50000
-38.20000 -38.50001 -7.00000
-37.70000 -38.50001 -2.50000
-38.20000 -38.50001 -3.00000
-37.70000 -38.50001 -1.50000
-37.70000 -38.50001 -0.50000
-37.70000 -38.50001 0.50000
-38.20000 -38.50001 1.00000
-37.70000 -39.50001 -10.50000
-38.20000 -39.50001 -11.00000
-37.70000 -39.50001 -6.50000
-38.20000 -39.50001 -7.00000
-37.70000 -39.50001 -2.50000
-38.20000 -39.50001 -3.00000
-37.70000 -39.50001 -1.50000
-37.70000 -39.50001 -0.50000
-37.70000 -39.50001 0.50000
-38.20000 -39.00001 1.50000
-37.70000 -39.50001 1.50000
-38.20000 -39.50001 2.00000
-37.70000 -40.50001 -10.50000
-38.20000 -40.50001 -11.00000
-37.70000 -40.50001 -6.50000
-38.20000 -40.50001 -7.00000
-37.70000 -40.50001 -2.50000
-38.20000 -40.50001 -3.00000
-37.70000 -40.50001 -1.50000
-37.70000 -40.50001 1.50000
-38.20000 -40.50001 2.00000
-37.70000 -41.50001 -11.50000
-38.20000 -41.50001 -12.00000
-38.20000 -41.00001 -11.50000
-37.70000 -41.50001 -7.50000
-38.20000 -41.00001 -7.50000
-38.20000 -41.50001 -8.00000
-37.70000 -41.50001 -3.50000
-38.20000 -41.50001 -4.00000
-38.20000 -41.00001 -3.50000
-37.70000 -41.50001 -2.50000
-38.20000 -41.00001 1.50000
-38.20000 -41.50001 1.00000
-38.20000 -42.50001 -12.00000
-37.70000 -42.50001 -8.50000
-38.20000 -42.00001 -8.50000
-38.20000 -42.50001 -9.00000
-37.70000 -42.50001 -3.50000
-38.20000 -42.50001 -4.00000
-37.70000 -42.50001 0.50000
-38.20000 -42.50001 1.00000
-38.20000 -43.50001 -12.00000
-37.70000 -43.50001 -9.50000
-38.20000 -43.00001 -9.50000
-38.20000 -43.50001 -10.00000
-37.70000 -43.50001 -4.50000
-38.20000 -43.50001 -5.00000
-38.20000 -43.00001 -4.50000
-38.20000 -43.00001 0.50000
-38.20000 -43.50001 0.00000
-37.70000 -44.50001 -12.50000
-38.20000 -44.50001 -13.00000
-38.20000 -44.00001 -12.50000
-38.20000 -44.50001 -10.00000
-37.70000 -44.50001 -5.50000
-38.20000 -44.50001 -6.00000
-38.20000 -44.00001 -5.50000
-37.70000 -44.50001 -4.50000
-38.20000 -44.00001 -0.50000
-38.20000 -44.50001 -1.00000
-37.70000 -45.50001 -12.50000
-38.20000 -45.50001 -13.00000
-37.70000 -45.50001 -10.50000
-38.20000 -45.00001 -10.50000
-38.20000 -45.50001 -11.00000
-37.70000 -45.50001 -6.50000
-38.20000 -45.50001 -7.00000
-38.20000 -45.00001 -6.50000
-37.70000 -45.50001 -5.50000
-37.70000 -45.50001 -4.50000
-37.70000 -45.50001 -3.50000
-37.70000 -45.50001 -2.50000
-38.20000 -45.50001 -2.00000
-38.20000 -45.00001 -1.50000
-37.70000 -46.50001 -13.50000
-38.20000 -46.50001 -14.00000
-38.20000 -46.00001 -13.50000
-38.20000 -46.50001 -11.00000
-37.70000 -46.50001 -6.50000
-38.20000 -46.50001 -7.00000
-37.70000 -46.50001 -5.50000
-37.70000 -46.50001 -4.50000
-37.70000 -46.50001 -3.50000
-38.20000 -46.50001 -3.00000
-38.20000 -46.00001 -2.50000
-37.70000 -47.50001 -13.50000
-38.20000 -47.50001 -14.00000
-38.20000 -47.50001 -11.00000
-37.70000 -47.50001 -6.50000
-38.20000 -47.50001 -7.00000
-37.70000 -47.50001 -5.50000
-38.20000 -47.50001 -5.00000
-38.20000 -47.00001 -4.50000
-38.20000 -47.00001 -3.50000
-38.20000 -48.50001 -14.00000
-37.70000 -48.50001 -11.50000
-38.20000 -48.00001 -11.50000
-38.20000 -48.50001 -12.00000
-38.20000 -48.00001 -6.50000
-38.20000 -48.00001 -5.50000
-38.20000 -49.50001 -14.00000
-37.70000 -49.50001 -11.50000
-38.20000 -49.50001 -12.00000
-38.20000 -50.50001 -14.00000
-38.20000 -50.50001 -12.00000
-38.20000 -51.50001 -14.00000
-38.20000 -51.50001 -12.00000
-38.20000 -52.50001 -14.00000
-37.70000 -52.50001 -11.50000
-38.20000 -52.50001 -12.00000
-37.70000 -53.50001 -14.50000
-38.20000 -53.50001 -15.00000
-38.20000 -53.00001 -14.50000
-38.20000 -53.00001 -11.50000
-37.70000 -53.50001 -10.50000
-38.20000 -53.50001 -11.00000
-37.70000 -53.50001 -9.50000
-38.20000 -54.00001 -14.50000
-38.20000 -54.50001 -14.00000
-38.20000 -54.00001 -10.50000
-38.20000 -54.50001 -10.00000
-37.70000 -54.50001 -9.50000
-37.70000 -55.50001 -14.50000
-38.20000 -55.50001 -15.00000
-38.20000 -55.00001 -14.50000
-37.70000 -55.50001 -9.50000
-38.20000 -55.50001 -10.00000
-38.20000 -56.50001 -15.00000
-37.70000 -56.50001 -9.50000
-38.20000 -56.50001 -10.00000
-37.70000 -57.50001 -15.50000
-38.20000 -57.50001 -16.00000
-38.20000 -57.00001 -15.50000
-37.70000 -57.50001 -10.50000
-38.20000 -57.00001 -10.50000
-38.20000 -57.50001 -11.00000
-38.20000 -58.50001 -16.00000
-37.70000 -58.50001 -12.50000
-38.20000 -58.00001 -12.50000
-38.20000 -58.50001 -13.00000
-38.20000 -58.00001 -11.50000
-38.20000 -59.50001 -16.00000
-38.20000 -59.50001 -13.00000
-38.20000 -60.00001 -15.50000
-38.20000 -60.00001 -14.50000
-38.20000 -60.00001 -13.50000
-38.70000 12.49999 -25.50000
-38.70000 11.49999 -26.50000
-38.70000 11.49999 -25.50000
-38.70000 11.49999 -24.50000
-38.70000 11.49999 -23.50000
-38.70000 11.49999 -22.50000
-38.70000 11.49999 -21.50000
-38.70000 10.49999 -25.50000
-38.70000 10.49999 -24.50000
-38.70000 10.49999 -23.50000
-38.70000 10.49999 -22.50000
-38.70000 10.49999 -21.50000
-38.70000 10.49999 -20.50000
-38.70000 9.49999 -24.50000
-38.70000 9.49999 -23.50000
-38.70000 9.49999 -22.50000
-38.70000 9.49999 -21.50000
-38.70000 9.49999 -20.50000
-38.70000 9.49999 -19.50000
-38.70000 8.49999 -23.50000
-38.70000 8.49999 -22.50000
-38.70000 8.49999 -21.50000
-38.70000 8.49999 -20.50000
-38.70000 8.49999 -19.50000
-38.70000 8.49999 -18.50000
-38.70000 8.49999 -17.50000
-38.70000 7.49999 -21.50000
-38.70000 7.49999 -20.50000
-38.70000 7.49999 -19.50000
-38.70000 7.49999 -18.50000
-38.70000 7.49999 -17.50000
-38.70000 7.49999 -16.50000
-38.70000 6.49999 -18.50000
-38.70000 6.49999 -17.50000
-38.70000 6.49999 -16.50000
-38.70000 6.49999 -15.50000
-38.70000 5.49999 -17.50000
-38.70000 5.49999 -16.50000
-38.70000 5.49999 -15.50000
-38.70000 5.49999 -14.50000
-38.70000 5.49999 -13.50000
-38.70000 4.49999 -15.50000
-38.70000 4.49999 -14.50000
-38.70000 4.49999 -13.50000
-38.70000 4.49999 -12.50000
-38.70000 3.49999 -14.50000
-38.70000 3.49999 -13.50000
-38.70000 3.49999 -12.50000
-38.70000 3.49999 -11.50000
-38.70000 2.49999 -14.50000
-38.70000 2.49999 -13.50000
-38.70000 2.49999 -12.50000
-38.70000 2.49999 -11.50000
-38.70000 2.49999 -10.50000
-38.70000 1.49999 -14.50000
-38.70000 1.49999 -13.50000
-38.70000 1.49999 -12.50000
-38.70000 1.49999 -11.50000
-38.70000 1.49999 -10.50000
-38.70000 1.49999 -9.50000
-38.70000 0.49999 -13.50000
-38.70000 0.49999 -12.50000
-38.70000 0.49999 -11.50000
-38.70000 0.49999 -10.50000
-38.70000 0.49999 -9.50000
-38.70000 -0.50001 -20.50000
-38.70000 -0.50001 -19.50000
-38.70000 -0.50001 -9.50000
-38.70000 -0.50001 -8.50000
-38.70000 -1.50001 -21.50000
-38.70000 -1.50001 -20.50000
-38.70000 -1.50001 -19.50000
-38.70000 -1.50001 -13.50000
-39.20000 -1.50001 -14.00000
-39.20000 -1.00001 -13.50000
-39.20000 -1.00001 -12.50000
-38.70000 -1.50001 -12.50000
-39.20000 -1.50001 -12.00000
-38.70000 -2.50001 -21.50000
-38.70000 -2.50001 -20.50000
-38.70000 -2.50001 -19.50000
-38.70000 -2.50001 -18.50000
-39.20000 -2.50001 -15.00000
-39.20000 -2.00001 -14.50000
-39.20000 -2.00001 -11.50000
-38.70000 -2.50001 -11.50000
-39.20000 -2.50001 -11.00000
-38.70000 -3.50001 -20.50000
-38.70000 -3.50001 -19.50000
-38.70000 -3.50001 -18.50000
-39.20000 -3.50001 -15.00000
-39.20000 -3.00001 -10.50000
-38.70000 -3.50001 -10.50000
-39.20000 -3.50001 -10.00000
-38.70000 -4.50001 -20.50000
-38.70000 -4.50001 -19.50000
-38.70000 -4.50001 -18.50000
-38.70000 -4.50001 -17.50000
-38.70000 -4.50001 -16.50000
-38.70000 -4.50001 -15.50000
-39.20000 -4.50001 -15.00000
-39.20000 -4.50001 -10.00000
-38.70000 -5.50001 -19.50000
-38.70000 -5.50001 -18.50000
-38.70000 -5.50001 -17.50000
-38.70000 -5.50001 -16.50000
-39.20000 -5.50001 -16.00000
-39.20000 -5.00001 -15.50000
-38.70000 -5.50001 -9.50000
-39.20000 -5.50001 -10.00000
-38.70000 -6.50001 -18.50000
-39.20000 -6.50001 -18.00000
-39.20000 -6.00001 -17.50000
-39.20000 -6.00001 -16.50000
-39.20000 -6.00001 -9.50000
-39.20000 -6.50001 -9.00000
-39.20000 -7.50001 -18.00000
-39.20000 -7.50001 -9.00000
-39.20000 -8.00001 -17.50000
-38.70000 -8.50001 -16.50000
-39.20000 -8.00001 -16.50000
-39.20000 -8.50001 -16.00000
-39.20000 -8.50001 -9.00000
-39.20000 -9.00001 -15.50000
-38.70000 -9.50001 -14.50000
-39.20000 -9.50001 -15.00000
-38.70000 -9.50001 -9.50000
-39.20000 -9.50001 -9.00000
-39.20000 -10.00001 -14.50000
-39.20000 -10.50001 -14.00000
-38.70000 -10.50001 -9.50000
-39.20000 -10.50001 -9.00000
-39.20000 -11.00001 -13.50000
-38.70000 -11.50001 -13.50000
-39.20000 -11.50001 -13.00000
-38.70000 -11.50001 -9.50000
-39.20000 -11.50001 -9.00000
-38.70000 -12.50001 -13.50000
-39.20000 -12.50001 -13.00000
-38.70000 -12.50001 -9.50000
-39.20000 -12.00001 -8.50000
-38.70000 -12.50001 -8.50000
-39.20000 -12.50001 -8.00000
-38.70000 -13.50001 -15.50000
-38.70000 -13.50001 -14.50000
-39.20000 -13.50001 -14.00000
-39.20000 -13.00001 -13.50000
-38.70000 -13.50001 -8.50000
-39.20000 -13.00001 -7.50000
-38.70000 -13.50001 -7.50000
-39.20000 -13.50001 -7.00000
-39.20000 -14.50001 -16.00000
-39.20000 -14.00001 -15.50000
-39.20000 -14.00001 -14.50000
-38.70000 -14.50001 -7.50000
-39.20000 -14.50001 -7.00000
-39.20000 -15.50001 -16.00000
-38.70000 -15.50001 -7.50000
-39.20000 -15.50001 -7.00000
-38.70000 -16.50001 -16.50000
-39.20000 -16.50001 -16.00000
-38.70000 -16.50001 -7.50000
-39.20000 -16.50001 -7.00000
-39.20000 -17.50001 -17.00000
-39.20000 -17.00001 -16.50000
-38.70000 -17.50001 -7.50000
-39.20000 -17.50001 -7.00000
-39.20000 -18.50001 -17.00000
-38.70000 -18.50001 -12.50000
-39.20000 -18.50001 -12.00000
-39.20000 -18.00001 -11.50000
-38.70000 -18.50001 -10.50000
-39.20000 -18.50001 -11.00000
-38.70000 -18.50001 -9.50000
-38.70000 -18.50001 -8.50000
-39.20000 -18.50001 -8.00000
-39.20000 -18.00001 -7.50000
-38.70000 -19.50001 -16.50000
-39.20000 -19.50001 -17.00000
-39.20000 -19.00001 -11.50000
-39.20000 -19.00001 -10.50000
-39.20000 -19.50001 -11.00000
-39.20000 -19.00001 -9.50000
-39.20000 -19.00001 -8.50000
-39.20000 -20.00001 -16.50000
-39.20000 -20.00001 -15.50000
-39.20000 -20.50001 -15.00000
-38.70000 -20.50001 -10.50000
-39.20000 -20.50001 -11.00000
-38.70000 -21.50001 -14.50000
-39.20000 -21.50001 -15.00000
-39.20000 -21.00001 -10.50000
-39.20000 -21.50001 -10.00000
-38.70000 -22.50001 -14.50000
-39.20000 -22.50001 -15.00000
-38.70000 -22.50001 -9.50000
-39.20000 -22.50001 -10.00000
-39.20000 -23.50001 -15.00000
-38.70000 -23.50001 -10.50000
-39.20000 -23.00001 -10.50000
-39.20000 -23.50001 -11.00000
-38.70000 -23.50001 -9.50000
-39.20000 -24.50001 -15.00000
-38.70000 -24.50001 -11.50000
-39.20000 -24.00001 -11.50000
-39.20000 -24.50001 -12.00000
-38.70000 -24.50001 -10.50000
-38.70000 -24.50001 -9.50000
-39.20000 -25.50001 -15.00000
-38.70000 -25.50001 -12.50000
-39.20000 -25.00001 -12.50000
-39.20000 -25.50001 -13.00000
-38.70000 -25.50001 -11.50000
-38.70000 -25.50001 -7.50000
-39.20000 -25.50001 -8.00000
-39.20000 -25.00001 -7.50000
-39.20000 -25.50001 -7.00000
-39.20000 -26.50001 -15.00000
-38.70000 -26.50001 -12.50000
-39.20000 -26.50001 -13.00000
-38.70000 -26.50001 -7.50000
-39.20000 -26.50001 -8.00000
-39.20000 -26.00001 -6.50000
-38.70000 -26.50001 -6.50000
-39.20000 -26.50001 -6.00000
-38.70000 -27.50001 -14.50000
-39.20000 -27.50001 -15.00000
-39.20000 -27.00001 -12.50000
-39.20000 -27.50001 -12.00000
-38.70000 -27.50001 -7.50000
-39.20000 -27.50001 -8.00000
-38.70000 -27.50001 -6.50000
-39.20000 -27.00001 -5.50000
-38.70000 -27.50001 -5.50000
-39.20000 -27.50001 -5.00000
-39.20000 -28.00001 -14.50000
-39.20000 -28.50001 -14.00000
-39.20000 -28.50001 -12.00000
-39.20000 -28.00001 -7.50000
-38.70000 -28.50001 -6.50000
-39.20000 -28.50001 -7.00000
-38.70000 -28.50001 -5.50000
-39.20000 -28.50001 -5.00000
-38.70000 -29.50001 -13.50000
-39.20000 -29.50001 -14.00000
-39.20000 -29.00001 -11.50000
-39.20000 -29.50001 -11.00000
-39.20000 -29.00001 -6.50000
-39.20000 -29.00001 -5.50000
-38.70000 -30.50001 -13.50000
-39.20000 -30.50001 -14.00000
-39.20000 -30.50001 -11.00000
-39.20000 -31.00001 -13.50000
-39.20000 -31.50001 -13.00000
-39.20000 -31.00001 -10.50000
-38.70000 -31.50001 -10.50000
-39.20000 -31.50001 -10.00000
-39.20000 -32.50001 -13.00000
-39.20000 -32.50001 -10.00000
-39.20000 -33.50001 -13.00000
-39.20000 -33.50001 -10.00000
-38.70000 -33.50001 -2.50000
-39.20000 -33.50001 -3.00000
-39.20000 -33.00001 -2.50000
-39.20000 -33.00001 -1.50000
-38.70000 -33.50001 -1.50000
-39.20000 -33.00001 -0.50000
-38.70000 -33.50001 -0.50000
-39.20000 -33.00001 0.50000
-38.70000 -33.50001 0.50000
-39.20000 -33.50001 1.00000
-39.20000 -34.50001 -13.00000
-39.20000 -34.50001 -10.00000
-38.70000 -34.50001 -3.50000
-39.20000 -34.50001 -4.00000
-39.20000 -34.00001 -3.50000
-38.70000 -34.50001 -2.50000
-38.70000 -34.50001 -1.50000
-38.70000 -34.50001 -0.50000
-39.20000 -34.50001 0.00000
-39.20000 -34.00001 0.50000
-39.20000 -35.50001 -13.00000
-39.20000 -35.00001 -9.50000
-39.20000 -35.50001 -9.00000
-38.70000 -35.50001 -3.50000
-39.20000 -35.50001 -4.00000
-38.70000 -35.50001 -2.50000
-39.20000 -35.50001 0.00000
-38.70000 -35.50001 0.50000
-38.70000 -36.50001 -12.50000
-39.20000 -36.50001 -13.00000
-39.20000 -36.00001 -8.50000
-39.20000 -36.50001 -8.00000
-38.70000 -36.50001 -4.50000
-39.20000 -36.50001 -5.00000
-39.20000 -36.00001 -4.50000
-38.70000 -36.50001 -3.50000
-38.70000 -36.50001 -2.50000
-38.70000 -36.50001 0.50000
-39.20000 -36.50001 0.00000
-39.20000 -37.00001 -12.50000
-39.20000 -37.50001 -12.00000
-38.70000 -37.50001 -7.50000
-39.20000 -37.50001 -8.00000
-38.70000 -37.50001 -4.50000
-39.20000 -37.50001 -5.00000
-38.70000 -37.50001 -3.50000
-38.70000 -37.50001 0.50000
-39.20000 -37.50001 0.00000
-39.20000 -38.00001 -11.50000
-39.20000 -38.50001 -11.00000
-38.70000 -38.50001 -7.50000
-39.20000 -38.50001 -8.00000
-38.70000 -38.50001 -4.50000
-39.20000 -38.50001 -5.00000
-38.70000 -38.50001 -3.50000
-38.70000 -38.50001 0.50000
-39.20000 -38.50001 0.00000
-39.20000 -39.50001 -11.00000
-38.70000 -39.50001 -7.50000
-39.20000 -39.50001 -8.00000
-38.70000 -39.50001 -4.50000
-39.20000 -39.50001 -5.00000
-38.70000 -39.50001 -3.50000
-38.70000 -39.50001 0.50000
-39.20000 -39.50001 0.00000
-38.70000 -39.50001 1.50000
-39.20000 -40.50001 -11.00000
-38.70000 -40.50001 -7.50000
-39.20000 -40.50001 -8.00000
-38.70000 -40.50001 -4.50000
-39.20000 -40.50001 -5.00000
-38.70000 -40.50001 -3.50000
-39.20000 -40.00001 0.50000
-39.20000 -40.50001 1.00000
-38.70000 -40.50001 1.50000
-39.20000 -41.50001 -12.00000
-39.20000 -41.00001 -11.50000
-38.70000 -41.50001 -8.50000
-39.20000 -41.00001 -8.50000
-39.20000 -41.50001 -9.00000
-38.70000 -41.50001 -4.50000
-39.20000 -41.50001 -5.00000
-39.20000 -41.50001 1.00000
-39.20000 -42.50001 -12.00000
-38.70000 -42.50001 -9.50000
-39.20000 -42.00001 -9.50000
-39.20000 -42.50001 -10.00000
-38.70000 -42.50001 -4.50000
-39.20000 -42.50001 -5.00000
-38.70000 -42.50001 0.50000
-39.20000 -42.00001 0.50000
-39.20000 -42.50001 0.00000
-38.70000 -43.50001 -12.50000
-39.20000 -43.50001 -13.00000
-39.20000 -43.00001 -12.50000
-39.20000 -43.50001 -10.00000
-38.70000 -43.50001 -5.50000
-39.20000 -43.50001 -6.00000
-39.20000 -43.00001 -5.50000
-39.20000 -43.50001 0.00000
-39.20000 -44.50001 -13.00000
-38.70000 -44.50001 -10.50000
-39.20000 -44.00001 -10.50000
-39.20000 -44.50001 -11.00000
-38.70000 -44.50001 -6.50000
-39.20000 -44.50001 -7.00000
-39.20000 -44.00001 -6.50000
-38.70000 -44.50001 -0.50000
-39.20000 -44.50001 0.00000
-38.70000 -45.50001 -13.50000
-39.20000 -45.50001 -14.00000
-39.20000 -45.00001 -13.50000
-39.20000 -45.50001 -11.00000
-38.70000 -45.50001 -7.50000
-39.20000 -45.50001 -8.00000
-39.20000 -45.00001 -7.50000
-38.70000 -45.50001 -1.50000
-39.20000 -45.50001 -1.00000
-39.20000 -45.00001 -0.50000
-39.20000 -46.50001 -14.00000
-39.20000 -46.50001 -11.00000
-38.70000 -46.50001 -7.50000
-39.20000 -46.50001 -8.00000
-39.20000 -46.00001 -2.50000
-39.20000 -46.50001 -3.00000
-39.20000 -46.00001 -1.50000
-39.20000 -47.50001 -14.00000
-38.70000 -47.50001 -11.50000
-39.20000 -47.00001 -11.50000
-39.20000 -47.50001 -12.00000
-38.70000 -47.50001 -8.50000
-39.20000 -47.50001 -9.00000
-39.20000 -47.00001 -8.50000
-38.70000 -47.50001 -7.50000
-38.70000 -47.50001 -4.50000
-39.20000 -47.50001 -4.00000
-39.20000 -47.00001 -3.50000
-39.20000 -48.50001 -14.00000
-39.20000 -48.50001 -12.00000
-39.20000 -48.00001 -8.50000
-38.70000 -48.50001 -7.50000
-39.20000 -48.50001 -8.00000
-39.20000 -48.00001 -6.50000
-39.20000 -48.50001 -7.00000
-39.20000 -48.00001 -5.50000
-39.20000 -48.00001 -4.50000
-39.20000 -49.50001 -14.00000
-39.20000 -49.50001 -12.00000
-39.20000 -49.00001 -7.50000
-39.20000 -50.50001 -14.00000
-39.20000 -50.50001 -12.00000
-38.70000 -51.50001 -14.50000
-39.20000 -51.50001 -15.00000
-39.20000 -51.00001 -14.50000
-39.20000 -51.50001 -12.00000
-38.70000 -52.50001 -14.50000
-39.20000 -52.50001 -15.00000
-39.20000 -52.50001 -12.00000
-39.20000 -53.50001 -15.00000
-38.70000 -53.50001 -11.50000
-39.20000 -53.50001 -12.00000
-38.70000 -54.50001 -14.50000
-39.20000 -54.50001 -15.00000
-39.20000 -54.00001 -11.50000
-38.70000 -54.50001 -10.50000
-39.20000 -54.50001 -11.00000
-39.20000 -55.50001 -15.00000
-38.70000 -55.50001 -10.50000
-39.20000 -55.50001 -11.00000
-39.20000 -56.50001 -15.00000
-38.70000 -56.50001 -10.50000
-39.20000 -56.50001 -11.00000
-39.20000 -57.50001 -16.00000
-39.20000 -57.00001 -15.50000
-38.70000 -57.50001 -11.50000
-39.20000 -57.00001 -11.50000
-39.20000 -57.50001 -12.00000
-39.20000 -58.50001 -16.00000
-39.20000 -58.00001 -12.50000
-39.20000 -58.50001 -13.00000
-39.20000 -59.50001 -16.00000
-39.20000 -59.50001 -13.00000
-39.20000 -60.00001 -15.50000
-39.20000 -60.00001 -14.50000
-39.20000 -60.00001 -13.50000
-40.20000 -1.50001 -14.00000
-40.20000 -1.00001 -13.50000
-40.20000 -1.00001 -12.50000
-40.20000 -1.00001 -11.50000
-39.70000 -1.50001 -11.50000
-40.20000 -1.50001 -11.00000
-39.70000 -2.50001 -14.50000
-40.20000 -2.50001 -14.00000
-40.20000 -2.00001 -10.50000
-39.70000 -2.50001 -10.50000
-40.20000 -2.50001 -10.00000
-39.70000 -3.50001 -14.50000
-40.20000 -3.50001 -14.00000
-40.20000 -3.50001 -10.00000
-39.70000 -4.50001 -14.50000
-40.20000 -4.50001 -14.00000
-40.20000 -4.00001 -9.50000
-39.70000 -4.50001 -9.50000
-40.20000 -4.50001 -9.00000
-39.70000 -5.50001 -15.50000
-39.70000 -5.50001 -14.50000
-40.20000 -5.50001 -14.00000
-39.70000 -5.50001 -9.50000
-40.20000 -5.50001 -9.00000
-39.70000 -6.50001 -17.50000
-39.70000 -6.50001 -16.50000
-39.70000 -6.50001 -15.50000
-39.70000 -6.50001 -14.50000
-40.20000 -6.50001 -14.00000
-40.20000 -6.50001 -9.00000
-39.70000 -7.50001 -17.50000
-39.70000 -7.50001 -16.50000
-39.70000 -7.50001 -15.50000
-39.70000 -7.50001 -14.50000
-40.20000 -7.50001 -14.00000
-40.20000 -7.00001 -8.50000
-39.70000 -7.50001 -8.50000
-40.20000 -7.50001 -8.00000
-39.70000 -8.50001 -15.50000
-39.70000 -8.50001 -14.50000
-40.20000 -8.50001 -14.00000
-39.70000 -8.50001 -8.50000
-40.20000 -8.50001 -8.00000
-40.20000 -9.00001 -14.50000
-40.20000 -9.50001 -15.00000
-39.70000 -9.50001 -8.50000
-40.20000 -9.00001 -7.50000
-39.70000 -9.50001 -7.50000
-40.20000 -9.50001 -7.00000
-40.20000 -10.00001 -14.50000
-40.20000 -10.50001 -14.00000
-39.70000 -10.50001 -8.50000
-39.70000 -10.50001 -7.50000
-40.20000 -10.50001 -7.00000
-40.20000 -11.00001 -13.50000
-40.20000 -11.50001 -13.00000
-39.70000 -11.50001 -8.50000
-39.70000 -11.50001 -7.50000
-40.20000 -11.00001 -6.50000
-39.70000 -11.50001 -6.50000
-40.20000 -11.50001 -6.00000
-40.20000 -12.50001 -13.00000
-39.70000 -12.50001 -7.50000
-39.70000 -12.50001 -6.50000
-40.20000 -12.50001 -6.00000
-39.70000 -13.50001 -13.50000
-40.20000 -13.50001 -13.00000
-39.70000 -13.50001 -6.50000
-40.20000 -13.00001 -5.50000
-39.70000 -13.50001 -5.50000
-40.20000 -13.50001 -5.00000
-39.70000 -14.50001 -15.50000
-40.20000 -14.50001 -15.00000
-40.20000 -14.00001 -14.50000
-40.20000 -14.00001 -13.50000
-39.70000 -14.50001 -6.50000
-39.70000 -14.50001 -5.50000
-40.20000 -14.50001 -5.00000
-39.70000 -15.50001 -15.50000
-40.20000 -15.50001 -15.00000
-39.70000 -15.50001 -6.50000
-39.70000 -15.50001 -5.50000
-40.20000 -15.50001 -5.00000
-40.20000 -16.50001 -16.00000
-40.20000 -16.00001 -15.50000
-39.70000 -16.50001 -6.50000
-39.70000 -16.50001 -5.50000
-40.20000 -16.50001 -5.00000
-39.70000 -17.50001 -16.50000
-40.20000 -17.50001 -16.00000
-39.70000 -17.50001 -6.50000
-40.20000 -17.50001 -6.00000
-40.20000 -17.00001 -5.50000
-40.20000 -18.50001 -17.00000
-40.20000 -18.00001 -16.50000
-40.20000 -18.00001 -11.50000
-40.20000 -18.50001 -12.00000
-40.20000 -18.50001 -11.00000
-39.70000 -18.50001 -7.50000
-40.20000 -18.50001 -7.00000
-40.20000 -18.00001 -6.50000
-40.20000 -19.50001 -17.00000
-39.70000 -19.50001 -11.50000
-40.20000 -19.50001 -12.00000
-40.20000 -19.00001 -10.50000
-40.20000 -19.00001 -9.50000
-40.20000 -19.00001 -8.50000
-40.20000 -19.00001 -7.50000
-40.20000 -20.00001 -16.50000
-39.70000 -20.50001 -15.50000
-40.20000 -20.50001 -16.00000
-40.20000 -20.00001 -11.50000
-40.20000 -20.50001 -11.00000
-39.70000 -21.50001 -15.50000
-40.20000 -21.50001 -16.00000
-39.70000 -21.50001 -10.50000
-40.20000 -21.50001 -11.00000
-40.20000 -22.00001 -15.50000
-40.20000 -22.50001 -15.00000
-39.70000 -22.50001 -11.50000
-40.20000 -22.00001 -11.50000
-40.20000 -22.50001 -12.00000
-39.70000 -22.50001 -10.50000
-40.20000 -23.50001 -15.00000
-39.70000 -23.50001 -12.50000
-40.20000 -23.00001 -12.50000
-40.20000 -23.50001 -13.00000
-39.70000 -23.50001 -11.50000
-40.20000 -24.50001 -15.00000
-39.70000 -24.50001 -12.50000
-40.20000 -24.50001 -13.00000
-39.70000 -24.50001 -8.50000
-40.20000 -24.50001 -9.00000
-40.20000 -24.00001 -8.50000
-40.20000 -24.00001 -7.50000
-39.70000 -24.50001 -7.50000
-40.20000 -24.00001 -6.50000
-39.70000 -24.50001 -6.50000
-40.20000 -24.50001 -6.00000
-40.20000 -25.50001 -15.00000
-40.20000 -25.50001 -13.00000
-39.70000 -25.50001 -9.50000
-40.20000 -25.50001 -10.00000
-40.20000 -25.00001 -9.50000
-39.70000 -25.50001 -8.50000
-39.70000 -25.50001 -6.50000
-40.20000 -25.00001 -5.50000
-39.70000 -25.50001 -5.50000
-40.20000 -25.50001 -5.00000
-40.20000 -26.50001 -15.00000
-40.20000 -26.50001 -13.00000
-39.70000 -26.50001 -9.50000
-40.20000 -26.50001 -10.00000
-39.70000 -26.50001 -8.50000
-39.70000 -26.50001 -5.50000
-40.20000 -26.50001 -5.00000
-40.20000 -27.50001 -15.00000
-40.20000 -27.00001 -12.50000
-40.20000 -27.50001 -12.00000
-39.70000 -27.50001 -9.50000
-40.20000 -27.50001 -10.00000
-39.70000 -27.50001 -8.50000
-40.20000 -27.00001 -4.50000
-39.70000 -27.50001 -4.50000
-40.20000 -27.50001 -4.00000
-39.70000 -28.50001 -14.50000
-40.20000 -28.50001 -15.00000
-40.20000 -28.00001 -11.50000
-39.70000 -28.50001 -11.50000
-40.20000 -28.00001 -10.50000
-39.70000 -28.50001 -10.50000
-39.70000 -28.50001 -9.50000
-39.70000 -28.50001 -8.50000
-39.70000 -28.50001 -7.50000
-39.70000 -28.50001 -4.50000
-40.20000 -28.00001 -3.50000
-39.70000 -28.50001 -3.50000
-40.20000 -28.50001 -3.00000
-40.20000 -29.00001 -14.50000
-40.20000 -29.50001 -14.00000
-39.70000 -29.50001 -10.50000
-39.70000 -29.50001 -9.50000
-39.70000 -29.50001 -8.50000
-39.70000 -29.50001 -7.50000
-39.70000 -29.50001 -6.50000
-39.70000 -29.50001 -5.50000
-39.70000 -29.50001 -4.50000
-39.70000 -29.50001 -3.50000
-40.20000 -29.00001 -2.50000
-39.70000 -29.50001 -2.50000
-40.20000 -29.50001 -2.00000
-40.20000 -30.50001 -14.00000
-39.70000 -30.50001 -10.50000
-39.70000 -30.50001 -9.50000
-39.70000 -30.50001 -8.50000
-39.70000 -30.50001 -7.50000
-39.70000 -30.50001 -6.50000
-39.70000 -30.50001 -5.50000
-39.70000 -30.50001 -4.50000
-39.70000 -30.50001 -3.50000
-39.70000 -30.50001 -2.50000
-40.20000 -30.50001 -2.00000
-40.20000 -31.00001 -13.50000
-40.20000 -31.50001 -13.00000
-39.70000 -31.50001 -9.50000
-40.20000 -31.50001 -9.00000
-40.20000 -31.00001 -8.50000
-40.20000 -31.00001 -7.50000
-40.20000 -31.00001 -6.50000
-40.20000 -31.00001 -5.50000
-39.70000 -31.50001 -4.50000
-40.20000 -31.50001 -5.00000
-39.70000 -31.50001 -3.50000
-39.70000 -31.50001 -2.50000
-40.20000 -31.00001 -1.50000
-39.70000 -31.50001 -1.50000
-40.20000 -31.50001 -1.00000
-40.20000 -32.50001 -13.00000
-40.20000 -32.00001 -9.50000
-40.20000 -32.50001 -10.00000
-40.20000 -32.00001 -4.50000
-39.70000 -32.50001 -3.50000
-40.20000 -32.50001 -4.00000
-39.70000 -32.50001 -2.50000
-39.70000 -32.50001 -1.50000
-40.20000 -32.50001 -1.00000
-40.20000 -33.50001 -13.00000
-40.20000 -33.50001 -10.00000
-39.70000 -33.50001 -3.50000
-40.20000 -33.50001 -4.00000
-40.20000 -33.50001 -1.00000
-39.70000 -33.50001 -0.50000
-39.70000 -33.50001 0.50000
-40.20000 -34.50001 -13.00000
-40.20000 -34.50001 -10.00000
-39.70000 -34.50001 -4.50000
-40.20000 -34.50001 -5.00000
-40.20000 -34.00001 -4.50000
-39.70000 -34.50001 -0.50000
-40.20000 -34.50001 -1.00000
-39.70000 -35.50001 -13.50000
-40.20000 -35.50001 -14.00000
-40.20000 -35.00001 -13.50000
-40.20000 -35.00001 -9.50000
-40.20000 -35.50001 -9.00000
-39.70000 -35.50001 -5.50000
-40.20000 -35.50001 -6.00000
-40.20000 -35.00001 -5.50000
-39.70000 -35.50001 -4.50000
-39.70000 -35.50001 -0.50000
-40.20000 -35.50001 -1.00000
-40.20000 -36.00001 -13.50000
-40.20000 -36.50001 -13.00000
-39.70000 -36.50001 -8.50000
-40.20000 -36.50001 -9.00000
-39.70000 -36.50001 -5.50000
-40.20000 -36.50001 -6.00000
-39.70000 -36.50001 -0.50000
-40.20000 -36.50001 -1.00000
-39.70000 -37.50001 -12.50000
-40.20000 -37.50001 -13.00000
-40.20000 -37.00001 -8.50000
-40.20000 -37.50001 -8.00000
-39.70000 -37.50001 -5.50000
-40.20000 -37.50001 -6.00000
-39.70000 -37.50001 -0.50000
-40.20000 -37.50001 -1.00000
-40.20000 -38.00001 -12.50000
-39.70000 -38.50001 -11.50000
-40.20000 -38.50001 -12.00000
-39.70000 -38.50001 -8.50000
-40.20000 -38.00001 -8.50000
-40.20000 -38.50001 -9.00000
-39.70000 -38.50001 -5.50000
-40.20000 -38.50001 -6.00000
-39.70000 -38.50001 -0.50000
-40.20000 -38.50001 -1.00000
-40.20000 -39.00001 -11.50000
-40.20000 -39.50001 -11.00000
-39.70000 -39.50001 -8.50000
-40.20000 -39.50001 -9.00000
-39.70000 -39.50001 -5.50000
-40.20000 -39.50001 -6.00000
-39.70000 -39.50001 -1.50000
-40.20000 -39.00001 -1.50000
-40.20000 -39.50001 -2.00000
-39.70000 -39.50001 -0.50000
-39.70000 -40.50001 -11.50000
-40.20000 -40.50001 -12.00000
-40.20000 -40.00001 -11.50000
-39.70000 -40.50001 -9.50000
-40.20000 -40.00001 -9.50000
-40.20000 -40.50001 -10.00000
-39.70000 -40.50001 -8.50000
-39.70000 -40.50001 -5.50000
-40.20000 -40.50001 -6.00000
-39.70000 -40.50001 -1.50000
-40.20000 -40.50001 -2.00000
-39.70000 -40.50001 -0.50000
-39.70000 -40.50001 0.50000
-40.20000 -41.50001 -12.00000
-39.70000 -41.50001 -9.50000
-40.20000 -41.50001 -10.00000
-39.70000 -41.50001 -6.50000
-40.20000 -41.50001 -7.00000
-40.20000 -41.00001 -6.50000
-39.70000 -41.50001 -5.50000
-39.70000 -41.50001 -2.50000
-40.20000 -41.00001 -2.50000
-40.20000 -41.50001 -3.00000
-40.20000 -41.00001 -1.50000
-40.20000 -41.50001 -2.00000
-40.20000 -41.00001 -0.50000
-40.20000 -41.50001 0.00000
-39.70000 -41.50001 0.50000
-39.70000 -42.50001 -12.50000
-40.20000 -42.50001 -13.00000
-40.20000 -42.00001 -12.50000
-40.20000 -42.50001 -10.00000
-39.70000 -42.50001 -6.50000
-40.20000 -42.50001 -7.00000
-39.70000 -42.50001 -5.50000
-39.70000 -42.50001 -2.50000
-40.20000 -42.50001 -3.00000
-40.20000 -42.50001 -2.00000
-40.20000 -42.50001 0.00000
-40.20000 -43.50001 -13.00000
-39.70000 -43.50001 -10.50000
-40.20000 -43.00001 -10.50000
-40.20000 -43.50001 -11.00000
-39.70000 -43.50001 -6.50000
-40.20000 -43.50001 -7.00000
-40.20000 -43.00001 -2.50000
-39.70000 -43.50001 -0.50000
-40.20000 -43.00001 -0.50000
-40.20000 -43.50001 -1.00000
-39.70000 -44.50001 -13.50000
-40.20000 -44.50001 -14.00000
-40.20000 -44.00001 -13.50000
-40.20000 -44.50001 -11.00000
-39.70000 -44.50001 -7.50000
-40.20000 -44.50001 -8.00000
-40.20000 -44.00001 -7.50000
-39.70000 -44.50001 -0.50000
-40.20000 -44.50001 -1.00000
-40.20000 -45.50001 -14.00000
-39.70000 -45.50001 -11.50000
-40.20000 -45.00001 -11.50000
-40.20000 -45.50001 -12.00000
-39.70000 -45.50001 -8.50000
-40.20000 -45.50001 -9.00000
-40.20000 -45.00001 -8.50000
-39.70000 -45.50001 -1.50000
-40.20000 -45.00001 -1.50000
-40.20000 -45.50001 -2.00000
-40.20000 -46.50001 -14.00000
-39.70000 -46.50001 -11.50000
-40.20000 -46.50001 -12.00000
-39.70000 -46.50001 -8.50000
-40.20000 -46.50001 -9.00000
-40.20000 -46.00001 -2.50000
-40.20000 -46.50001 -3.00000
-40.20000 -47.50001 -14.00000
-40.20000 -47.50001 -12.00000
-40.20000 -47.50001 -9.00000
-40.20000 -47.00001 -3.50000
-40.20000 -47.50001 -4.00000
-40.20000 -48.50001 -14.00000
-40.20000 -48.00001 -11.50000
-39.70000 -48.50001 -11.50000
-40.20000 -48.50001 -11.00000
-39.70000 -48.50001 -8.50000
-40.20000 -48.50001 -9.00000
-39.70000 -48.50001 -6.50000
-40.20000 -48.50001 -6.00000
-40.20000 -48.00001 -5.50000
-40.20000 -48.00001 -4.50000
-40.20000 -49.50001 -14.00000
-39.70000 -49.50001 -11.50000
-40.20000 -49.50001 -11.00000
-40.20000 -49.00001 -8.50000
-40.20000 -49.00001 -7.50000
-40.20000 -49.00001 -6.50000
-40.20000 -50.50001 -14.00000
-39.70000 -50.50001 -11.50000
-40.20000 -50.50001 -11.00000
-40.20000 -51.50001 -15.00000
-40.20000 -51.00001 -14.50000
-40.20000 -51.00001 -11.50000
-40.20000 -51.50001 -12.00000
-40.20000 -52.50001 -15.00000
-40.20000 -52.50001 -12.00000
-40.20000 -53.50001 -15.00000
-40.20000 -53.50001 -12.00000
-40.20000 -54.50001 -15.00000
-39.70000 -54.50001 -11.50000
-40.20000 -54.50001 -12.00000
-40.20000 -55.50001 -15.00000
-39.70000 -55.50001 -11.50000
-40.20000 -55.50001 -12.00000
-39.70000 -56.50001 -15.50000
-40.20000 -56.50001 -16.00000
-40.20000 -56.00001 -15.50000
-39.70000 -56.50001 -11.50000
-40.20000 -56.50001 -12.00000
-40.20000 -57.50001 -16.00000
-40.20000 -57.50001 -12.00000
-40.20000 -58.50001 -16.00000
-40.20000 -58.00001 -12.50000
-40.20000 -58.50001 -13.00000
-40.20000 -59.50001 -16.00000
-40.20000 -59.50001 -13.00000
-40.20000 -60.00001 -15.50000
-40.20000 -60.00001 -14.50000
-40.20000 -60.00001 -13.50000
-40.70000 -1.50001 -13.50000
-41.20000 -1.50001 -13.00000
-41.20000 -1.00001 -12.50000
-41.20000 -1.00001 -11.50000
-41.20000 -1.50001 -11.00000
-40.70000 -2.50001 -13.50000
-41.20000 -2.50001 -13.00000
-41.20000 -2.00001 -10.50000
-41.20000 -2.50001 -10.00000
-40.70000 -3.50001 -13.50000
-41.20000 -3.50001 -13.00000
-41.20000 -3.00001 -9.50000
-40.70000 -3.50001 -9.50000
-41.20000 -3.50001 -9.00000
-40.70000 -4.50001 -13.50000
-41.20000 -4.50001 -13.00000
-41.20000 -4.00001 -8.50000
-40.70000 -4.50001 -8.50000
-41.20000 -4.50001 -8.00000
-40.70000 -5.50001 -13.50000
-41.20000 -5.50001 -13.00000
-40.70000 -5.50001 -8.50000
-41.20000 -5.00001 -7.50000
-40.70000 -5.50001 -7.50000
-41.20000 -5.50001 -7.00000
-40.70000 -6.50001 -13.50000
-41.20000 -6.00001 -12.50000
-40.70000 -6.50001 -12.50000
-41.20000 -6.50001 -12.00000
-40.70000 -6.50001 -8.50000
-40.70000 -6.50001 -7.50000
-41.20000 -6.50001 -7.00000
-40.70000 -7.50001 -13.50000
-40.70000 -7.50001 -12.50000
-41.20000 -7.50001 -12.00000
-40.70000 -7.50001 -7.50000
-41.20000 -7.00001 -6.50000
-40.70000 -7.50001 -6.50000
-41.20000 -7.50001 -6.00000
-40.70000 -8.50001 -13.50000
-41.20000 -8.50001 -13.00000
-41.20000 -8.00001 -12.50000
-40.70000 -8.50001 -7.50000
-40.70000 -8.50001 -6.50000
-41.20000 -8.50001 -6.00000
-40.70000 -9.50001 -14.50000
-40.70000 -9.50001 -13.50000
-41.20000 -9.50001 -13.00000
-40.70000 -9.50001 -6.50000
-41.20000 -9.00001 -5.50000
-40.70000 -9.50001 -5.50000
-41.20000 -9.50001 -5.00000
-40.70000 -10.50001 -13.50000
-41.20000 -10.50001 -13.00000
-40.70000 -10.50001 -6.50000
-40.70000 -10.50001 -5.50000
-41.20000 -10.50001 -5.00000
-40.70000 -11.50001 -12.50000
-41.20000 -11.00001 -12.50000
-41.20000 -11.50001 -12.00000
-40.70000 -11.50001 -5.50000
-41.20000 -11.00001 -4.50000
-40.70000 -11.50001 -4.50000
-41.20000 -11.50001 -4.00000
-40.70000 -12.50001 -12.50000
-41.20000 -12.50001 -12.00000
-40.70000 -12.50001 -5.50000
-40.70000 -12.50001 -4.50000
-41.20000 -12.50001 -4.00000
-41.20000 -13.50001 -13.00000
-41.20000 -13.00001 -12.50000
-40.70000 -13.50001 -4.50000
-41.20000 -13.50001 -4.00000
-40.70000 -14.50001 -14.50000
-41.20000 -14.50001 -14.00000
-41.20000 -14.00001 -13.50000
-40.70000 -14.50001 -4.50000
-41.20000 -14.00001 -3.50000
-40.70000 -14.50001 -3.50000
-41.20000 -14.50001 -3.00000
-41.20000 -15.50001 -15.00000
-41.20000 -15.00001 -14.50000
-40.70000 -15.50001 -4.50000
-40.70000 -15.50001 -3.50000
-41.20000 -15.50001 -3.00000
-40.70000 -16.50001 -15.50000
-41.20000 -16.50001 -15.00000
-40.70000 -16.50001 -4.50000
-40.70000 -16.50001 -3.50000
-41.20000 -16.50001 -3.00000
-41.20000 -17.50001 -16.00000
-41.20000 -17.00001 -15.50000
-40.70000 -17.50001 -5.50000
-40.70000 -17.50001 -4.50000
-40.70000 -17.50001 -3.50000
-41.20000 -17.50001 -3.00000
-40.70000 -18.50001 -16.50000
-41.20000 -18.50001 -16.00000
-41.20000 -18.00001 -11.50000
-41.20000 -18.50001 -12.00000
-40.70000 -18.50001 -10.50000
-41.20000 -18.00001 -10.50000
-41.20000 -18.50001 -10.00000
-40.70000 -18.50001 -6.50000
-40.70000 -18.50001 -5.50000
-40.70000 -18.50001 -4.50000
-40.70000 -18.50001 -3.50000
-41.20000 -18.50001 -3.00000
-41.20000 -19.50001 -17.00000
-41.20000 -19.00001 -16.50000
-41.20000 -19.50001 -12.00000
-41.20000 -19.00001 -9.50000
-41.20000 -19.00001 -8.50000
-41.20000 -19.00001 -7.50000
-41.20000 -19.00001 -6.50000
-41.20000 -19.00001 -5.50000
-40.70000 -19.50001 -4.50000
-41.20000 -19.50001 -5.00000
-40.70000 -19.50001 -3.50000
-41.20000 -19.50001 -3.00000
-40.70000 -20.50001 -16.50000
-41.20000 -20.50001 -17.00000
-40.70000 -20.50001 -11.50000
-41.20000 -20.50001 -12.00000
-41.20000 -20.00001 -4.50000
-41.20000 -20.00001 -3.50000
-41.20000 -21.00001 -16.50000
-41.20000 -21.50001 -16.00000
-40.70000 -21.50001 -11.50000
-41.20000 -21.50001 -12.00000
-40.70000 -22.50001 -15.50000
-41.20000 -22.50001 -16.00000
-40.70000 -22.50001 -12.50000
-41.20000 -22.00001 -12.50000
-41.20000 -22.50001 -13.00000
-41.20000 -23.00001 -15.50000
-41.20000 -23.50001 -15.00000
-41.20000 -23.50001 -13.00000
-40.70000 -23.50001 -9.50000
-41.20000 -23.50001 -10.00000
-41.20000 -23.00001 -9.50000
-41.20000 -23.00001 -8.50000
-40.70000 -23.50001 -8.50000
-41.20000 -23.00001 -7.50000
-40.70000 -23.50001 -7.50000
-41.20000 -23.50001 -7.00000
-41.20000 -24.50001 -15.00000
-41.20000 -24.50001 -13.00000
-40.70000 -24.50001 -10.50000
-41.20000 -24.50001 -11.00000
-41.20000 -24.00001 -10.50000
-40.70000 -24.50001 -9.50000
-41.20000 -24.00001 -6.50000
-41.20000 -24.50001 -6.00000
-41.20000 -25.50001 -15.00000
-41.20000 -25.50001 -13.00000
-40.70000 -25.50001 -10.50000
-41.20000 -25.50001 -11.00000
-41.20000 -25.00001 -5.50000
-41.20000 -25.50001 -5.00000
-41.20000 -26.50001 -15.00000
-41.20000 -26.00001 -12.50000
-40.70000 -26.50001 -12.50000
-41.20000 -26.00001 -11.50000
-40.70000 -26.50001 -11.50000
-40.70000 -26.50001 -10.50000
-41.20000 -26.00001 -4.50000
-40.70000 -26.50001 -4.50000
-41.20000 -26.50001 -4.00000
-40.70000 -27.50001 -15.50000
-41.20000 -27.50001 -16.00000
-41.20000 -27.00001 -15.50000
-40.70000 -27.50001 -11.50000
-40.70000 -27.50001 -10.50000
-41.20000 -27.00001 -3.50000
-40.70000 -27.50001 -3.50000
-41.20000 -27.50001 -3.00000
-41.20000 -28.00001 -15.50000
-41.20000 -28.50001 -15.00000
-41.20000 -28.00001 -2.50000
-40.70000 -28.50001 -2.50000
-41.20000 -28.50001 -2.00000
-40.70000 -29.50001 -14.50000
-41.20000 -29.50001 -15.00000
-41.20000 -29.00001 -1.50000
-40.70000 -29.50001 -1.50000
-41.20000 -29.50001 -1.00000
-41.20000 -30.00001 -14.50000
-41.20000 -30.00001 -13.50000
-40.70000 -30.50001 -13.50000
-41.20000 -30.50001 -13.00000
-40.70000 -30.50001 -1.50000
-41.20000 -30.50001 -1.00000
-41.20000 -31.50001 -13.00000
-40.70000 -31.50001 -8.50000
-40.70000 -31.50001 -7.50000
-40.70000 -31.50001 -6.50000
-40.70000 -31.50001 -5.50000
-41.20000 -31.50001 -2.00000
-40.70000 -31.50001 -1.50000
-41.20000 -31.00001 -1.50000
-41.20000 -32.50001 -13.00000
-40.70000 -32.50001 -9.50000
-40.70000 -32.50001 -8.50000
-41.20000 -32.50001 -8.00000
-41.20000 -32.00001 -7.50000
-41.20000 -32.00001 -6.50000
-40.70000 -32.50001 -5.50000
-41.20000 -32.50001 -6.00000
-40.70000 -32.50001 -4.50000
-40.70000 -32.50001 -1.50000
-41.20000 -32.50001 -2.00000
-40.70000 -33.50001 -13.50000
-41.20000 -33.50001 -14.00000
-41.20000 -33.00001 -13.50000
-41.20000 -33.00001 -9.50000
-41.20000 -33.50001 -10.00000
-41.20000 -33.00001 -8.50000
-40.70000 -33.50001 -5.50000
-41.20000 -33.50001 -6.00000
-40.70000 -33.50001 -4.50000
-40.70000 -33.50001 -1.50000
-41.20000 -33.50001 -2.00000
-40.70000 -34.50001 -13.50000
-41.20000 -34.50001 -14.00000
-41.20000 -34.50001 -10.00000
-40.70000 -34.50001 -6.50000
-41.20000 -34.50001 -7.00000
-41.20000 -34.00001 -6.50000
-40.70000 -34.50001 -5.50000
-40.70000 -34.50001 -1.50000
-41.20000 -34.50001 -2.00000
-41.20000 -35.50001 -14.00000
-40.70000 -35.50001 -9.50000
-41.20000 -35.50001 -10.00000
-40.70000 -35.50001 -6.50000
-41.20000 -35.50001 -7.00000
-40.70000 -35.50001 -1.50000
-41.20000 -35.50001 -2.00000
-40.70000 -36.50001 -13.50000
-41.20000 -36.50001 -14.00000
-40.70000 -36.50001 -9.50000
-41.20000 -36.50001 -10.00000
-40.70000 -36.50001 -6.50000
-41.20000 -36.50001 -7.00000
-40.70000 -36.50001 -2.50000
-41.20000 -36.00001 -2.50000
-41.20000 -36.50001 -3.00000
-40.70000 -36.50001 -1.50000
-41.20000 -37.00001 -13.50000
-41.20000 -37.50001 -13.00000
-41.20000 -37.00001 -9.50000
-40.70000 -37.50001 -8.50000
-41.20000 -37.50001 -9.00000
-40.70000 -37.50001 -6.50000
-41.20000 -37.50001 -7.00000
-40.70000 -37.50001 -2.50000
-41.20000 -37.50001 -3.00000
-40.70000 -37.50001 -1.50000
-41.20000 -38.00001 -12.50000
-41.20000 -38.50001 -12.00000
-40.70000 -38.50001 -9.50000
-41.20000 -38.00001 -9.50000
-41.20000 -38.50001 -10.00000
-40.70000 -38.50001 -6.50000
-41.20000 -38.50001 -7.00000
-40.70000 -38.50001 -2.50000
-41.20000 -38.50001 -3.00000
-40.70000 -38.50001 -1.50000
-40.70000 -39.50001 -11.50000
-41.20000 -39.50001 -12.00000
-40.70000 -39.50001 -9.50000
-41.20000 -39.50001 -10.00000
-40.70000 -39.50001 -6.50000
-41.20000 -39.50001 -7.00000
-40.70000 -39.50001 -2.50000
-41.20000 -39.50001 -3.00000
-41.20000 -40.50001 -12.00000
-41.20000 -40.50001 -11.00000
-40.70000 -40.50001 -10.50000
-41.20000 -40.00001 -10.50000
-40.70000 -40.50001 -7.50000
-41.20000 -40.50001 -8.00000
-41.20000 -40.00001 -7.50000
-40.70000 -40.50001 -6.50000
-40.70000 -40.50001 -2.50000
-41.20000 -40.50001 -3.00000
-40.70000 -41.50001 -12.50000
-41.20000 -41.50001 -13.00000
-41.20000 -41.00001 -12.50000
-40.70000 -41.50001 -10.50000
-41.20000 -41.50001 -11.00000
-40.70000 -41.50001 -7.50000
-41.20000 -41.50001 -8.00000
-40.70000 -41.50001 -3.50000
-41.20000 -41.00001 -3.50000
-41.20000 -41.50001 -4.00000
-40.70000 -41.50001 -1.50000
-40.70000 -41.50001 -0.50000
-41.20000 -42.50001 -13.00000
-40.70000 -42.50001 -10.50000
-41.20000 -42.50001 -11.00000
-40.70000 -42.50001 -7.50000
-41.20000 -42.50001 -8.00000
-40.70000 -42.50001 -3.50000
-41.20000 -42.50001 -4.00000
-40.70000 -42.50001 -1.50000
-40.70000 -42.50001 -0.50000
-40.70000 -43.50001 -13.50000
-41.20000 -43.50001 -14.00000
-41.20000 -43.00001 -13.50000
-41.20000 -43.50001 -11.00000
-40.70000 -43.50001 -7.50000
-41.20000 -43.50001 -8.00000
-40.70000 -43.50001 -4.50000
-41.20000 -43.00001 -4.50000
-41.20000 -43.50001 -5.00000
-40.70000 -43.50001 -3.50000
-41.20000 -43.00001 -2.50000
-41.20000 -43.50001 -3.00000
-41.20000 -43.00001 -1.50000
-41.20000 -43.50001 -1.00000
-41.20000 -44.50001 -14.00000
-40.70000 -44.50001 -11.50000
-41.20000 -44.00001 -11.50000
-41.20000 -44.50001 -12.00000
-40.70000 -44.50001 -8.50000
-41.20000 -44.50001 -9.00000
-41.20000 -44.00001 -8.50000
-40.70000 -44.50001 -5.50000
-41.20000 -44.00001 -5.50000
-41.20000 -44.50001 -6.00000
-40.70000 -44.50001 -4.50000
-41.20000 -44.50001 -4.00000
-41.20000 -44.00001 -3.50000
-40.70000 -44.50001 -1.50000
-41.20000 -44.00001 -1.50000
-41.20000 -44.50001 -2.00000
-41.20000 -45.50001 -14.00000
-41.20000 -45.50001 -12.00000
-40.70000 -45.50001 -9.50000
-41.20000 -45.50001 -10.00000
-41.20000 -45.00001 -9.50000
-40.70000 -45.50001 -6.50000
-41.20000 -45.00001 -6.50000
-41.20000 -45.50001 -7.00000
-40.70000 -45.50001 -5.50000
-41.20000 -45.50001 -5.00000
-41.20000 -45.00001 -4.50000
-41.20000 -45.50001 -2.00000
-41.20000 -46.50001 -14.00000
-41.20000 -46.50001 -12.00000
-40.70000 -46.50001 -9.50000
-41.20000 -46.50001 -10.00000
-41.20000 -46.00001 -6.50000
-41.20000 -46.00001 -5.50000
-41.20000 -46.00001 -2.50000
-41.20000 -46.50001 -3.00000
-41.20000 -47.50001 -14.00000
-41.20000 -47.00001 -11.50000
-40.70000 -47.50001 -11.50000
-41.20000 -47.00001 -10.50000
-40.70000 -47.50001 -10.50000
-40.70000 -47.50001 -9.50000
-41.20000 -47.00001 -3.50000
-41.20000 -47.50001 -4.00000
-41.20000 -48.50001 -14.00000
-40.70000 -48.50001 -10.50000
-40.70000 -48.50001 -9.50000
-41.20000 -48.00001 -5.50000
-41.20000 -48.50001 -6.00000
-41.20000 -48.00001 -4.50000
-41.20000 -49.50001 -14.00000
-40.70000 -49.50001 -10.50000
-40.70000 -49.50001 -9.50000
-41.20000 -49.00001 -8.50000
-41.20000 -49.50001 -9.00000
-41.20000 -49.00001 -7.50000
-41.20000 -49.00001 -6.50000
-41.20000 -50.50001 -14.00000
-40.70000 -50.50001 -10.50000
-41.20000 -50.50001 -10.00000
-41.20000 -50.00001 -9.50000
-41.20000 -51.50001 -15.00000
-41.20000 -51.00001 -14.50000
-41.20000 -51.00001 -11.50000
-41.20000 -51.50001 -12.00000
-41.20000 -51.00001 -10.50000
-41.20000 -52.50001 -15.00000
-41.20000 -52.50001 -12.00000
-41.20000 -53.50001 -15.00000
-41.20000 -53.50001 -12.00000
-41.20000 -54.50001 -15.00000
-40.70000 -54.50001 -12.50000
-41.20000 -54.00001 -12.50000
-41.20000 -54.50001 -13.00000
-40.70000 -55.50001 -15.50000
-41.20000 -55.50001 -16.00000
-41.20000 -55.00001 -15.50000
-40.70000 -55.50001 -12.50000
-41.20000 -55.50001 -13.00000
-41.20000 -56.50001 -16.00000
-40.70000 -56.50001 -12.50000
-41.20000 -56.50001 -13.00000
-41.20000 -57.50001 -16.00000
-40.70000 -57.50001 -12.50000
-41.20000 -57.50001 -13.00000
-41.20000 -58.50001 -16.00000
-41.20000 -58.50001 -13.00000
-41.20000 -59.50001 -16.00000
-40.70000 -59.50001 -13.50000
-41.20000 -59.00001 -13.50000
-41.20000 -59.50001 -14.00000
-41.20000 -60.00001 -15.50000
-41.20000 -60.00001 -14.50000
-41.70000 -1.50001 -12.50000
-42.20000 -1.50001 -12.00000
-42.20000 -1.00001 -11.50000
-42.20000 -1.50001 -11.00000
-41.70000 -2.50001 -12.50000
-42.20000 -2.50001 -12.00000
-41.70000 -2.50001 -10.50000
-42.20000 -2.50001 -11.00000
-41.70000 -3.50001 -12.50000
-42.20000 -3.00001 -11.50000
-41.70000 -3.50001 -11.50000
-41.70000 -3.50001 -10.50000
-41.70000 -3.50001 -9.50000
-41.70000 -4.50001 -12.50000
-41.70000 -4.50001 -11.50000
-41.70000 -4.50001 -10.50000
-42.20000 -4.50001 -10.00000
-42.20000 -4.00001 -9.50000
-41.70000 -4.50001 -8.50000
-42.20000 -4.50001 -9.00000
-41.70000 -5.50001 -12.50000
-41.70000 -5.50001 -11.50000
-41.70000 -5.50001 -10.50000
-42.20000 -5.50001 -10.00000
-42.20000 -5.00001 -8.50000
-41.70000 -5.50001 -7.50000
-42.20000 -5.50001 -8.00000
-41.70000 -6.50001 -11.50000
-41.70000 -6.50001 -10.50000
-42.20000 -6.50001 -10.00000
-41.70000 -6.50001 -7.50000
-42.20000 -6.50001 -8.00000
-41.70000 -7.50001 -11.50000
-41.70000 -7.50001 -10.50000
-42.20000 -7.50001 -10.00000
-42.20000 -7.00001 -7.50000
-41.70000 -7.50001 -6.50000
-42.20000 -7.50001 -7.00000
-41.70000 -8.50001 -12.50000
-41.70000 -8.50001 -11.50000
-41.70000 -8.50001 -10.50000
-42.20000 -8.50001 -10.00000
-42.20000 -8.00001 -6.50000
-42.20000 -8.50001 -6.00000
-41.70000 -9.50001 -12.50000
-41.70000 -9.50001 -11.50000
-41.70000 -9.50001 -10.50000
-42.20000 -9.50001 -10.00000
-42.20000 -9.00001 -5.50000
-42.20000 -9.50001 -5.00000
-41.70000 -10.50001 -12.50000
-42.20000 -10.50001 -12.00000
-42.20000 -10.00001 -11.50000
-42.20000 -10.00001 -10.50000
-42.20000 -10.00001 -4.50000
-41.70000 -10.50001 -4.50000
-42.20000 -10.50001 -4.00000
-41.70000 -11.50001 -11.50000
-42.20000 -11.00001 -11.50000
-42.20000 -11.50001 -11.00000
-42.20000 -11.50001 -4.00000
-41.70000 -12.50001 -11.50000
-42.20000 -12.00001 -10.50000
-41.70000 -12.50001 -10.50000
-42.20000 -12.50001 -10.00000
-42.20000 -12.00001 -3.50000
-41.70000 -12.50001 -3.50000
-42.20000 -12.50001 -3.00000
-41.70000 -13.50001 -12.50000
-41.70000 -13.50001 -11.50000
-41.70000 -13.50001 -10.50000
-42.20000 -13.00001 -9.50000
-41.70000 -13.50001 -9.50000
-42.20000 -13.50001 -9.00000
-41.70000 -13.50001 -3.50000
-42.20000 -13.50001 -3.00000
-42.20000 -14.50001 -14.00000
-42.20000 -14.00001 -13.50000
-42.20000 -14.00001 -12.50000
-42.20000 -14.00001 -11.50000
-42.20000 -14.00001 -10.50000
-42.20000 -14.00001 -9.50000
-42.20000 -14.50001 -3.00000
-42.20000 -15.50001 -15.00000
-42.20000 -15.00001 -14.50000
-42.20000 -15.00001 -2.50000
-41.70000 -15.50001 -2.50000
-42.20000 -15.50001 -2.00000
-42.20000 -16.50001 -15.00000
-41.70000 -16.50001 -2.50000
-42.20000 -16.50001 -2.00000
-41.70000 -17.50001 -15.50000
-42.20000 -17.50001 -15.00000
-41.70000 -17.50001 -2.50000
-42.20000 -17.50001 -2.00000
-42.20000 -18.50001 -16.00000
-42.20000 -18.00001 -15.50000
-42.20000 -18.00001 -11.50000
-42.20000 -18.50001 -12.00000
-42.20000 -18.00001 -10.50000
-41.70000 -18.50001 -9.50000
-42.20000 -18.00001 -9.50000
-42.20000 -18.50001 -9.00000
-41.70000 -18.50001 -2.50000
-42.20000 -18.50001 -2.00000
-41.70000 -19.50001 -16.50000
-42.20000 -19.50001 -16.00000
-42.20000 -19.50001 -12.00000
-42.20000 -19.00001 -8.50000
-41.70000 -19.50001 -7.50000
-42.20000 -19.50001 -8.00000
-41.70000 -19.50001 -6.50000
-41.70000 -19.50001 -5.50000
-41.70000 -19.50001 -2.50000
-42.20000 -19.50001 -2.00000
-42.20000 -20.50001 -17.00000
-42.20000 -20.00001 -16.50000
-42.20000 -20.50001 -12.00000
-42.20000 -20.00001 -7.50000
-42.20000 -20.00001 -6.50000
-41.70000 -20.50001 -5.50000
-42.20000 -20.50001 -6.00000
-41.70000 -20.50001 -4.50000
-41.70000 -20.50001 -3.50000
-42.20000 -20.50001 -3.00000
-42.20000 -20.00001 -2.50000
-41.70000 -21.50001 -16.50000
-42.20000 -21.50001 -17.00000
-42.20000 -21.50001 -12.00000
-42.20000 -21.00001 -5.50000
-41.70000 -21.50001 -4.50000
-42.20000 -21.50001 -5.00000
-41.70000 -21.50001 -3.50000
-42.20000 -21.50001 -3.00000
-42.20000 -22.00001 -16.50000
-42.20000 -22.50001 -16.00000
-42.20000 -22.00001 -12.50000
-42.20000 -22.50001 -13.00000
-41.70000 -22.50001 -9.50000
-42.20000 -22.50001 -10.00000
-42.20000 -22.00001 -9.50000
-42.20000 -22.50001 -9.00000
-42.20000 -22.00001 -4.50000
-42.20000 -22.00001 -3.50000
-42.20000 -23.00001 -15.50000
-42.20000 -23.50001 -15.00000
-42.20000 -23.50001 -13.00000
-41.70000 -23.50001 -10.50000
-42.20000 -23.50001 -11.00000
-42.20000 -23.00001 -10.50000
-42.20000 -23.00001 -8.50000
-42.20000 -23.00001 -7.50000
-42.20000 -23.50001 -7.00000
-41.70000 -24.50001 -15.50000
-42.20000 -24.50001 -16.00000
-42.20000 -24.00001 -15.50000
-42.20000 -24.00001 -12.50000
-41.70000 -24.50001 -12.50000
-42.20000 -24.00001 -11.50000
-41.70000 -24.50001 -11.50000
-42.20000 -24.00001 -6.50000
-42.20000 -24.50001 -6.00000
-41.70000 -25.50001 -15.50000
-42.20000 -25.50001 -16.00000
-41.70000 -25.50001 -12.50000
-41.70000 -25.50001 -11.50000
-42.20000 -25.00001 -5.50000
-42.20000 -25.50001 -5.00000
-41.70000 -26.50001 -15.50000
-42.20000 -26.50001 -16.00000
-42.20000 -26.00001 -4.50000
-42.20000 -26.50001 -4.00000
-42.20000 -27.50001 -16.00000
-42.20000 -27.00001 -3.50000
-42.20000 -27.50001 -3.00000
-41.70000 -28.50001 -15.50000
-42.20000 -28.50001 -16.00000
-41.70000 -28.50001 -9.50000
-42.20000 -28.00001 -9.50000
-42.20000 -28.50001 -10.00000
-41.70000 -28.50001 -8.50000
-42.20000 -28.00001 -8.50000
-41.70000 -28.50001 -7.50000
-42.20000 -28.00001 -7.50000
-42.20000 -28.50001 -7.00000
-41.70000 -28.50001 -2.50000
-42.20000 -28.50001 -3.00000
-42.20000 -29.00001 -15.50000
-42.20000 -29.00001 -14.50000
-41.70000 -29.50001 -14.50000
-42.20000 -29.50001 -14.00000
-42.20000 -29.00001 -9.50000
-42.20000 -29.00001 -8.50000
-42.20000 -29.00001 -7.50000
-41.70000 -29.50001 -2.50000
-42.20000 -29.50001 -3.00000
-41.70000 -29.50001 -1.50000
-42.20000 -30.00001 -13.50000
-42.20000 -30.50001 -13.00000
-41.70000 -30.50001 -2.50000
-42.20000 -30.50001 -3.00000
-41.70000 -30.50001 -1.50000
-42.20000 -31.50001 -13.00000
-41.70000 -31.50001 -2.50000
-42.20000 -31.50001 -3.00000
-42.20000 -32.50001 -13.00000
-41.70000 -32.50001 -7.50000
-41.70000 -32.50001 -6.50000
-41.70000 -32.50001 -2.50000
-42.20000 -32.50001 -3.00000
-42.20000 -33.50001 -14.00000
-42.20000 -33.00001 -13.50000
-41.70000 -33.50001 -9.50000
-41.70000 -33.50001 -8.50000
-41.70000 -33.50001 -7.50000
-41.70000 -33.50001 -6.50000
-41.70000 -33.50001 -2.50000
-42.20000 -33.50001 -3.00000
-42.20000 -34.50001 -14.00000
-42.20000 -34.00001 -9.50000
-42.20000 -34.50001 -10.00000
-42.20000 -34.00001 -8.50000
-41.70000 -34.50001 -7.50000
-42.20000 -34.50001 -8.00000
-41.70000 -34.50001 -2.50000
-42.20000 -34.50001 -3.00000
-42.20000 -35.50001 -14.00000
-42.20000 -35.50001 -10.00000
-41.70000 -35.50001 -7.50000
-42.20000 -35.50001 -8.00000
-41.70000 -35.50001 -3.50000
-42.20000 -35.00001 -3.50000
-42.20000 -35.50001 -4.00000
-41.70000 -35.50001 -2.50000
-42.20000 -36.50001 -14.00000
-42.20000 -36.50001 -10.00000
-41.70000 -36.50001 -7.50000
-42.20000 -36.50001 -8.00000
-41.70000 -36.50001 -4.50000
-42.20000 -36.00001 -4.50000
-42.20000 -36.50001 -5.00000
-41.70000 -36.50001 -3.50000
-42.20000 -37.00001 -13.50000
-42.20000 -37.50001 -13.00000
-41.70000 -37.50001 -9.50000
-42.20000 -37.50001 -10.00000
-41.70000 -37.50001 -7.50000
-42.20000 -37.50001 -8.00000
-41.70000 -37.50001 -4.50000
-42.20000 -37.50001 -5.00000
-41.70000 -37.50001 -3.50000
-41.70000 -38.50001 -12.50000
-42.20000 -38.50001 -13.00000
-41.70000 -38.50001 -10.50000
-42.20000 -38.00001 -10.50000
-42.20000 -38.50001 -11.00000
-41.70000 -38.50001 -7.50000
-42.20000 -38.50001 -8.00000
-41.70000 -38.50001 -4.50000
-42.20000 -38.50001 -5.00000
-41.70000 -38.50001 -3.50000
-42.20000 -39.00001 -12.50000
-42.20000 -39.50001 -12.00000
-41.70000 -39.50001 -10.50000
-42.20000 -39.50001 -11.00000
-41.70000 -39.50001 -7.50000
-42.20000 -39.50001 -8.00000
-41.70000 -39.50001 -4.50000
-42.20000 -39.50001 -5.00000
-41.70000 -39.50001 -3.50000
-42.20000 -40.50001 -12.00000
-42.20000 -40.50001 -11.00000
-41.70000 -40.50001 -8.50000
-42.20000 -40.50001 -9.00000
-42.20000 -40.00001 -8.50000
-41.70000 -40.50001 -4.50000
-42.20000 -40.50001 -5.00000
-41.70000 -40.50001 -3.50000
-42.20000 -41.50001 -13.00000
-42.20000 -41.00001 -12.50000
-42.20000 -41.50001 -11.00000
-41.70000 -41.50001 -8.50000
-42.20000 -41.50001 -9.00000
-41.70000 -41.50001 -4.50000
-42.20000 -41.50001 -5.00000
-42.20000 -42.50001 -13.00000
-42.20000 -42.50001 -11.00000
-41.70000 -42.50001 -8.50000
-42.20000 -42.50001 -9.00000
-41.70000 -42.50001 -4.50000
-42.20000 -42.50001 -5.00000
-42.20000 -43.50001 -14.00000
-42.20000 -43.00001 -13.50000
-42.20000 -43.50001 -11.00000
-41.70000 -43.50001 -8.50000
-42.20000 -43.50001 -9.00000
-41.70000 -43.50001 -5.50000
-42.20000 -43.00001 -5.50000
-42.20000 -43.50001 -6.00000
-41.70000 -43.50001 -2.50000
-41.70000 -43.50001 -1.50000
-42.20000 -44.50001 -14.00000
-42.20000 -44.00001 -11.50000
-42.20000 -44.50001 -12.00000
-41.70000 -44.50001 -9.50000
-42.20000 -44.50001 -10.00000
-42.20000 -44.00001 -9.50000
-41.70000 -44.50001 -6.50000
-42.20000 -44.00001 -6.50000
-42.20000 -44.50001 -7.00000
-42.20000 -44.50001 -4.00000
-42.20000 -44.00001 -3.50000
-42.20000 -44.00001 -2.50000
-42.20000 -44.50001 -2.00000
-42.20000 -45.50001 -14.00000
-42.20000 -45.50001 -12.00000
-42.20000 -45.50001 -10.00000
-41.70000 -45.50001 -7.50000
-42.20000 -45.00001 -7.50000
-42.20000 -45.50001 -8.00000
-42.20000 -45.50001 -5.00000
-42.20000 -45.00001 -4.50000
-41.70000 -45.50001 -2.50000
-42.20000 -45.00001 -2.50000
-42.20000 -45.50001 -3.00000
-42.20000 -46.50001 -14.00000
-42.20000 -46.00001 -11.50000
-41.70000 -46.50001 -11.50000
-42.20000 -46.00001 -10.50000
-41.70000 -46.50001 -10.50000
-41.70000 -46.50001 -7.50000
-42.20000 -46.50001 -8.00000
-41.70000 -46.50001 -6.50000
-42.20000 -46.50001 -6.00000
-42.20000 -46.00001 -5.50000
-42.20000 -46.50001 -3.00000
-42.20000 -47.50001 -14.00000
-42.20000 -47.00001 -7.50000
-42.20000 -47.00001 -6.50000
-42.20000 -47.00001 -3.50000
-42.20000 -47.50001 -4.00000
-42.20000 -48.50001 -14.00000
-42.20000 -48.00001 -5.50000
-42.20000 -48.50001 -6.00000
-42.20000 -48.00001 -4.50000
-42.20000 -49.50001 -14.00000
-41.70000 -49.50001 -8.50000
-42.20000 -49.50001 -8.00000
-42.20000 -49.00001 -7.50000
-42.20000 -49.00001 -6.50000
-42.20000 -50.50001 -14.00000
-42.20000 -50.00001 -9.50000
-42.20000 -50.50001 -10.00000
-42.20000 -50.00001 -8.50000
-42.20000 -51.50001 -15.00000
-42.20000 -51.00001 -14.50000
-42.20000 -51.00001 -11.50000
-42.20000 -51.50001 -12.00000
-42.20000 -51.00001 -10.50000
-42.20000 -52.50001 -15.00000
-41.70000 -52.50001 -12.50000
-42.20000 -52.00001 -12.50000
-42.20000 -52.50001 -13.00000
-42.20000 -53.50001 -15.00000
-41.70000 -53.50001 -12.50000
-42.20000 -53.50001 -13.00000
-41.70000 -54.50001 -15.50000
-42.20000 -54.50001 -16.00000
-42.20000 -54.00001 -15.50000
-42.20000 -54.50001 -13.00000
-42.20000 -55.50001 -16.00000
-42.20000 -55.50001 -13.00000
-42.20000 -56.50001 -16.00000
-42.20000 -56.50001 -13.00000
-42.20000 -57.50001 -16.00000
-42.20000 -57.50001 -13.00000
-42.20000 -58.50001 -16.00000
-42.20000 -58.50001 -13.00000
-42.20000 -59.00001 -15.50000
-41.70000 -59.50001 -15.50000
-42.20000 -59.50001 -15.00000
-42.20000 -59.00001 -13.50000
-42.20000 -59.50001 -14.00000
-42.20000 -60.00001 -14.50000
-42.70000 -1.50001 -11.50000
-42.70000 -2.50001 -11.50000
-42.70000 -4.50001 -9.50000
-42.70000 -5.50001 -9.50000
-42.70000 -5.50001 -8.50000
-42.70000 -6.50001 -9.50000
-42.70000 -6.50001 -8.50000
-42.70000 -7.50001 -9.50000
-42.70000 -7.50001 -8.50000
-42.70000 -7.50001 -7.50000
-42.70000 -8.50001 -9.50000
-42.70000 -8.50001 -8.50000
-42.70000 -8.50001 -7.50000
-42.70000 -8.50001 -6.50000
-42.70000 -9.50001 -9.50000
-42.70000 -9.50001 -8.50000
-42.70000 -9.50001 -7.50000
-42.70000 -9.50001 -6.50000
-42.70000 -9.50001 -5.50000
-42.70000 -10.50001 -11.50000
-42.70000 -10.50001 -10.50000
-42.70000 -10.50001 -9.50000
-42.70000 -10.50001 -8.50000
-42.70000 -10.50001 -7.50000
-42.70000 -10.50001 -6.50000
-42.70000 -10.50001 -5.50000
-42.70000 -10.50001 -4.50000
-42.70000 -11.50001 -10.50000
-42.70000 -11.50001 -9.50000
-42.70000 -11.50001 -8.50000
-42.70000 -11.50001 -7.50000
-42.70000 -11.50001 -6.50000
-42.70000 -11.50001 -5.50000
-42.70000 -11.50001 -4.50000
-42.70000 -12.50001 -9.50000
-42.70000 -12.50001 -8.50000
-42.70000 -12.50001 -7.50000
-42.70000 -12.50001 -6.50000
-42.70000 -12.50001 -5.50000
-42.70000 -12.50001 -4.50000
-42.70000 -12.50001 -3.50000
-43.20000 -13.00001 -8.50000
-43.20000 -13.50001 -9.00000
-43.20000 -13.00001 -7.50000
-43.20000 -13.00001 -6.50000
-43.20000 -13.50001 -6.00000
-42.70000 -13.50001 -5.50000
-42.70000 -13.50001 -4.50000
-42.70000 -13.50001 -3.50000
-42.70000 -14.50001 -13.50000
-43.20000 -14.50001 -13.00000
-43.20000 -14.00001 -12.50000
-43.20000 -14.00001 -11.50000
-43.20000 -14.00001 -10.50000
-43.20000 -14.00001 -9.50000
-42.70000 -14.50001 -5.50000
-43.20000 -14.50001 -6.00000
-42.70000 -14.50001 -4.50000
-42.70000 -14.50001 -3.50000
-42.70000 -15.50001 -14.50000
-43.20000 -15.50001 -14.00000
-43.20000 -15.00001 -13.50000
-43.20000 -15.00001 -5.50000
-43.20000 -15.00001 -4.50000
-43.20000 -15.50001 -4.00000
-42.70000 -15.50001 -3.50000
-42.70000 -15.50001 -2.50000
-43.20000 -16.50001 -15.00000
-43.20000 -16.00001 -14.50000
-43.20000 -16.00001 -3.50000
-43.20000 -16.50001 -3.00000
-42.70000 -16.50001 -2.50000
-43.20000 -17.50001 -15.00000
-42.70000 -17.50001 -2.50000
-43.20000 -17.50001 -3.00000
-42.70000 -18.50001 -15.50000
-43.20000 -18.50001 -15.00000
-42.70000 -18.50001 -11.50000
-43.20000 -18.50001 -11.00000
-43.20000 -18.00001 -10.50000
-42.70000 -18.50001 -9.50000
-43.20000 -18.50001 -10.00000
-43.20000 -18.00001 -2.50000
-43.20000 -18.50001 -2.00000
-43.20000 -19.50001 -16.00000
-43.20000 -19.00001 -15.50000
-43.20000 -19.00001 -11.50000
-43.20000 -19.50001 -12.00000
-43.20000 -19.00001 -9.50000
-42.70000 -19.50001 -8.50000
-43.20000 -19.50001 -9.00000
-43.20000 -19.50001 -2.00000
-42.70000 -20.50001 -16.50000
-43.20000 -20.50001 -16.00000
-43.20000 -20.50001 -12.00000
-43.20000 -20.00001 -8.50000
-42.70000 -20.50001 -7.50000
-43.20000 -20.50001 -8.00000
-42.70000 -20.50001 -6.50000
-42.70000 -20.50001 -2.50000
-43.20000 -20.50001 -2.00000
-42.70000 -21.50001 -16.50000
-43.20000 -21.50001 -16.00000
-43.20000 -21.50001 -12.00000
-43.20000 -21.00001 -7.50000
-42.70000 -21.50001 -6.50000
-43.20000 -21.50001 -7.00000
-42.70000 -21.50001 -5.50000
-42.70000 -21.50001 -2.50000
-43.20000 -21.50001 -2.00000
-43.20000 -22.50001 -16.00000
-43.20000 -22.00001 -12.50000
-43.20000 -22.50001 -13.00000
-42.70000 -22.50001 -10.50000
-43.20000 -22.50001 -11.00000
-43.20000 -22.00001 -10.50000
-43.20000 -22.00001 -9.50000
-43.20000 -22.50001 -9.00000
-43.20000 -22.00001 -6.50000
-42.70000 -22.50001 -5.50000
-43.20000 -22.50001 -6.00000
-42.70000 -22.50001 -4.50000
-43.20000 -22.50001 -4.00000
-43.20000 -22.00001 -3.50000
-43.20000 -22.00001 -2.50000
-42.70000 -23.50001 -15.50000
-43.20000 -23.50001 -16.00000
-43.20000 -23.00001 -12.50000
-42.70000 -23.50001 -12.50000
-43.20000 -23.00001 -11.50000
-42.70000 -23.50001 -11.50000
-43.20000 -23.00001 -8.50000
-42.70000 -23.50001 -7.50000
-43.20000 -23.50001 -8.00000
-43.20000 -23.00001 -5.50000
-43.20000 -23.00001 -4.50000
-43.20000 -24.50001 -16.00000
-43.20000 -24.00001 -7.50000
-42.70000 -24.50001 -6.50000
-43.20000 -24.50001 -7.00000
-43.20000 -25.50001 -16.00000
-42.70000 -25.50001 -6.50000
-43.20000 -25.50001 -7.00000
-42.70000 -25.50001 -5.50000
-43.20000 -26.50001 -16.00000
-43.20000 -26.00001 -6.50000
-43.20000 -26.00001 -5.50000
-42.70000 -26.50001 -4.50000
-43.20000 -26.50001 -5.00000
-43.20000 -27.50001 -16.00000
-42.70000 -27.50001 -4.50000
-43.20000 -27.50001 -5.00000
-42.70000 -27.50001 -3.50000
-43.20000 -28.00001 -15.50000
-42.70000 -28.50001 -15.50000
-43.20000 -28.50001 -15.00000
-42.70000 -28.50001 -10.50000
-43.20000 -28.00001 -10.50000
-43.20000 -28.50001 -11.00000
-43.20000 -28.00001 -9.50000
-42.70000 -28.50001 -8.50000
-43.20000 -28.50001 -9.00000
-42.70000 -28.50001 -7.50000
-42.70000 -28.50001 -5.50000
-43.20000 -28.00001 -5.50000
-43.20000 -28.50001 -6.00000
-42.70000 -28.50001 -4.50000
-42.70000 -28.50001 -3.50000
-43.20000 -29.00001 -14.50000
-42.70000 -29.50001 -13.50000
-43.20000 -29.00001 -13.50000
-42.70000 -29.50001 -12.50000
-43.20000 -29.00001 -12.50000
-42.70000 -29.50001 -11.50000
-43.20000 -29.00001 -11.50000
-42.70000 -29.50001 -10.50000
-42.70000 -29.50001 -9.50000
-43.20000 -29.00001 -8.50000
-42.70000 -29.50001 -8.50000
-42.70000 -29.50001 -7.50000
-43.20000 -29.00001 -7.50000
-43.20000 -29.50001 -7.00000
-43.20000 -29.00001 -5.50000
-43.20000 -29.50001 -5.00000
-42.70000 -29.50001 -4.50000
-42.70000 -29.50001 -3.50000
-42.70000 -30.50001 -12.50000
-42.70000 -30.50001 -11.50000
-42.70000 -30.50001 -10.50000
-42.70000 -30.50001 -9.50000
-43.20000 -30.50001 -9.00000
-43.20000 -30.00001 -8.50000
-43.20000 -30.00001 -7.50000
-42.70000 -30.50001 -4.50000
-43.20000 -30.50001 -5.00000
-42.70000 -30.50001 -3.50000
-43.20000 -31.50001 -13.00000
-43.20000 -31.00001 -12.50000
-43.20000 -31.00001 -11.50000
-43.20000 -31.00001 -10.50000
-43.20000 -31.00001 -9.50000
-42.70000 -31.50001 -4.50000
-43.20000 -31.50001 -5.00000
-42.70000 -31.50001 -3.50000
-43.20000 -32.50001 -13.00000
-42.70000 -32.50001 -4.50000
-43.20000 -32.50001 -5.00000
-42.70000 -32.50001 -3.50000
-43.20000 -33.50001 -14.00000
-43.20000 -33.00001 -13.50000
-42.70000 -33.50001 -4.50000
-43.20000 -33.50001 -5.00000
-42.70000 -33.50001 -3.50000
-43.20000 -34.50001 -14.00000
-42.70000 -34.50001 -9.50000
-42.70000 -34.50001 -8.50000
-42.70000 -34.50001 -4.50000
-43.20000 -34.50001 -5.00000
-42.70000 -34.50001 -3.50000
-43.20000 -35.50001 -14.00000
-42.70000 -35.50001 -9.50000
-42.70000 -35.50001 -8.50000
-42.70000 -35.50001 -4.50000
-43.20000 -35.50001 -5.00000
-43.20000 -36.50001 -14.00000
-43.20000 -36.00001 -9.50000
-43.20000 -36.50001 -10.00000
-42.70000 -36.50001 -8.50000
-43.20000 -36.50001 -9.00000
-42.70000 -36.50001 -5.50000
-43.20000 -36.00001 -5.50000
-43.20000 -36.50001 -6.00000
-43.20000 -37.00001 -13.50000
-43.20000 -37.50001 -13.00000
-43.20000 -37.50001 -10.00000
-42.70000 -37.50001 -8.50000
-43.20000 -37.50001 -9.00000
-42.70000 -37.50001 -5.50000
-43.20000 -37.50001 -6.00000
-43.20000 -38.50001 -13.00000
-43.20000 -38.00001 -10.50000
-43.20000 -38.50001 -11.00000
-42.70000 -38.50001 -8.50000
-43.20000 -38.50001 -9.00000
-42.70000 -38.50001 -5.50000
-43.20000 -38.50001 -6.00000
-42.70000 -39.50001 -12.50000
-43.20000 -39.50001 -13.00000
-43.20000 -39.50001 -11.00000
-42.70000 -39.50001 -8.50000
-43.20000 -39.50001 -9.00000
-42.70000 -39.50001 -5.50000
-43.20000 -39.50001 -6.00000
-42.70000 -40.50001 -12.50000
-43.20000 -40.50001 -13.00000
-43.20000 -40.50001 -11.00000
-43.20000 -40.50001 -9.00000
-42.70000 -40.50001 -5.50000
-43.20000 -40.50001 -6.00000
-43.20000 -41.50001 -13.00000
-43.20000 -41.50001 -11.00000
-42.70000 -41.50001 -9.50000
-43.20000 -41.50001 -10.00000
-43.20000 -41.00001 -9.50000
-42.70000 -41.50001 -5.50000
-43.20000 -41.50001 -6.00000
-43.20000 -42.50001 -13.00000
-43.20000 -42.50001 -11.00000
-42.70000 -42.50001 -9.50000
-43.20000 -42.50001 -10.00000
-42.70000 -42.50001 -5.50000
-43.20000 -42.50001 -6.00000
-43.20000 -43.50001 -14.00000
-43.20000 -43.00001 -13.50000
-43.20000 -43.00001 -10.50000
-42.70000 -43.50001 -10.50000
-42.70000 -43.50001 -9.50000
-42.70000 -43.50001 -6.50000
-43.20000 -43.00001 -6.50000
-43.20000 -43.50001 -7.00000
-43.20000 -44.50001 -14.00000
-42.70000 -44.50001 -11.50000
-42.70000 -44.50001 -10.50000
-42.70000 -44.50001 -7.50000
-43.20000 -44.00001 -7.50000
-43.20000 -44.50001 -8.00000
-43.20000 -44.50001 -4.00000
-43.20000 -44.00001 -3.50000
-42.70000 -44.50001 -2.50000
-43.20000 -44.50001 -3.00000
-43.20000 -45.50001 -14.00000
-42.70000 -45.50001 -11.50000
-42.70000 -45.50001 -10.50000
-43.20000 -45.50001 -8.00000
-43.20000 -45.50001 -5.00000
-43.20000 -45.00001 -4.50000
-42.70000 -45.50001 -2.50000
-43.20000 -45.00001 -2.50000
-43.20000 -45.50001 -2.00000
-43.20000 -46.50001 -14.00000
-43.20000 -46.50001 -8.00000
-43.20000 -46.50001 -6.00000
-43.20000 -46.00001 -5.50000
-43.20000 -46.00001 -2.50000
-43.20000 -46.50001 -3.00000
-43.20000 -47.50001 -14.00000
-43.20000 -47.00001 -7.50000
-43.20000 -47.00001 -6.50000
-42.70000 -47.50001 -3.50000
-43.20000 -47.50001 -3.00000
-43.20000 -48.50001 -14.00000
-42.70000 -48.50001 -6.50000
-43.20000 -48.00001 -6.50000
-43.20000 -48.50001 -7.00000
-43.20000 -48.00001 -5.50000
-43.20000 -48.00001 -4.50000
-43.20000 -48.00001 -3.50000
-43.20000 -49.00001 -13.50000
-42.70000 -49.50001 -13.50000
-43.20000 -49.50001 -13.00000
-43.20000 -49.00001 -7.50000
-43.20000 -49.50001 -8.00000
-43.20000 -50.50001 -14.00000
-43.20000 -50.00001 -13.50000
-43.20000 -50.00001 -9.50000
-43.20000 -50.50001 -10.00000
-43.20000 -50.00001 -8.50000
-43.20000 -51.50001 -15.00000
-43.20000 -51.00001 -14.50000
-43.20000 -51.00001 -11.50000
-43.20000 -51.50001 -12.00000
-43.20000 -51.00001 -10.50000
-42.70000 -52.50001 -15.50000
-43.20000 -52.50001 -16.00000
-43.20000 -52.00001 -15.50000
-43.20000 -52.00001 -12.50000
-43.20000 -52.50001 -13.00000
-42.70000 -53.50001 -15.50000
-43.20000 -53.50001 -16.00000
-43.20000 -53.50001 -13.00000
-43.20000 -54.50001 -16.00000
-43.20000 -54.50001 -13.00000
-43.20000 -55.50001 -16.00000
-43.20000 -55.50001 -13.00000
-43.20000 -56.50001 -16.00000
-43.20000 -56.50001 -13.00000
-43.20000 -57.50001 -16.00000
-43.20000 -57.50001 -13.00000
-43.20000 -58.50001 -16.00000
-43.20000 -58.50001 -13.00000
-43.20000 -59.00001 -15.50000
-42.70000 -59.50001 -14.50000
-43.20000 -59.00001 -14.50000
-43.20000 -59.00001 -13.50000
-43.70000 -13.50001 -8.50000
-43.70000 -13.50001 -7.50000
-43.70000 -13.50001 -6.50000
-44.20000 -14.50001 -13.00000
-44.20000 -14.00001 -12.50000
-44.20000 -14.00001 -11.50000
-44.20000 -14.00001 -10.50000
-43.70000 -14.50001 -9.50000
-44.20000 -14.50001 -10.00000
-43.70000 -14.50001 -8.50000
-43.70000 -14.50001 -7.50000
-43.70000 -14.50001 -6.50000
-44.20000 -15.50001 -14.00000
-44.20000 -15.00001 -13.50000
-44.20000 -15.00001 -9.50000
-44.20000 -15.00001 -8.50000
-44.20000 -15.50001 -8.00000
-43.70000 -15.50001 -7.50000
-43.70000 -15.50001 -6.50000
-43.70000 -15.50001 -5.50000
-43.70000 -15.50001 -4.50000
-43.70000 -16.50001 -14.50000
-44.20000 -16.50001 -14.00000
-44.20000 -16.00001 -7.50000
-44.20000 -16.50001 -7.00000
-43.70000 -16.50001 -6.50000
-43.70000 -16.50001 -5.50000
-43.70000 -16.50001 -4.50000
-43.70000 -16.50001 -3.50000
-44.20000 -17.50001 -15.00000
-44.20000 -17.00001 -14.50000
-44.20000 -17.00001 -6.50000
-44.20000 -17.50001 -6.00000
-43.70000 -17.50001 -5.50000
-43.70000 -17.50001 -4.50000
-43.70000 -17.50001 -3.50000
-44.20000 -18.50001 -15.00000
-43.70000 -18.50001 -10.50000
-44.20000 -18.00001 -5.50000
-44.20000 -18.50001 -5.00000
-43.70000 -18.50001 -4.50000
-43.70000 -18.50001 -3.50000
-43.70000 -18.50001 -2.50000
-43.70000 -19.50001 -15.50000
-44.20000 -19.50001 -15.00000
-43.70000 -19.50001 -11.50000
-44.20000 -19.50001 -11.00000
-44.20000 -19.00001 -10.50000
-44.20000 -19.00001 -9.50000
-44.20000 -19.50001 -9.00000
-43.70000 -19.50001 -4.50000
-44.20000 -19.50001 -5.00000
-43.70000 -19.50001 -3.50000
-43.70000 -19.50001 -2.50000
-44.20000 -20.50001 -16.00000
-44.20000 -20.00001 -15.50000
-44.20000 -20.00001 -11.50000
-44.20000 -20.50001 -12.00000
-44.20000 -20.00001 -8.50000
-44.20000 -20.50001 -8.00000
-43.70000 -20.50001 -4.50000
-44.20000 -20.50001 -5.00000
-43.70000 -20.50001 -3.50000
-43.70000 -20.50001 -2.50000
-44.20000 -21.50001 -16.00000
-44.20000 -21.50001 -12.00000
-44.20000 -21.00001 -7.50000
-44.20000 -21.50001 -7.00000
-43.70000 -21.50001 -4.50000
-44.20000 -21.50001 -5.00000
-43.70000 -21.50001 -3.50000
-43.70000 -21.50001 -2.50000
-44.20000 -22.50001 -16.00000
-43.70000 -22.50001 -12.50000
-44.20000 -22.00001 -11.50000
-43.70000 -22.50001 -11.50000
-44.20000 -22.00001 -10.50000
-44.20000 -22.00001 -9.50000
-44.20000 -22.50001 -9.00000
-44.20000 -22.00001 -6.50000
-43.70000 -22.50001 -5.50000
-44.20000 -22.00001 -5.50000
-43.70000 -22.50001 -4.50000
-44.20000 -23.50001 -16.00000
-44.20000 -23.00001 -8.50000
-44.20000 -23.50001 -8.00000
-44.20000 -24.50001 -16.00000
-43.70000 -24.50001 -7.50000
-44.20000 -24.50001 -8.00000
-44.20000 -25.50001 -16.00000
-43.70000 -25.50001 -7.50000
-44.20000 -25.50001 -8.00000
-44.20000 -26.00001 -15.50000
-43.70000 -26.50001 -15.50000
-44.20000 -26.50001 -15.00000
-44.20000 -26.00001 -7.50000
-43.70000 -26.50001 -6.50000
-44.20000 -26.50001 -7.00000
-43.70000 -26.50001 -5.50000
-43.70000 -27.50001 -15.50000
-44.20000 -27.50001 -15.00000
-43.70000 -27.50001 -7.50000
-44.20000 -27.00001 -7.50000
-44.20000 -27.50001 -8.00000
-43.70000 -27.50001 -6.50000
-43.70000 -27.50001 -5.50000
-43.70000 -28.50001 -14.50000
-44.20000 -28.00001 -14.50000
-44.20000 -28.50001 -14.00000
-43.70000 -28.50001 -10.50000
-43.70000 -28.50001 -9.50000
-44.20000 -28.00001 -8.50000
-44.20000 -28.50001 -9.00000
-43.70000 -28.50001 -8.50000
-43.70000 -28.50001 -7.50000
-43.70000 -28.50001 -6.50000
-44.20000 -29.00001 -13.50000
-43.70000 -29.50001 -12.50000
-44.20000 -29.50001 -13.00000
-43.70000 -29.50001 -11.50000
-43.70000 -29.50001 -10.50000
-43.70000 -29.50001 -9.50000
-44.20000 -29.50001 -9.00000
-43.70000 -29.50001 -6.50000
-43.70000 -29.50001 -5.50000
-44.20000 -30.00001 -12.50000
-43.70000 -30.50001 -11.50000
-44.20000 -30.50001 -12.00000
-43.70000 -30.50001 -10.50000
-43.70000 -30.50001 -9.50000
-44.20000 -30.50001 -9.00000
-43.70000 -30.50001 -8.50000
-43.70000 -30.50001 -7.50000
-43.70000 -30.50001 -6.50000
-43.70000 -30.50001 -5.50000
-44.20000 -31.50001 -13.00000
-44.20000 -31.00001 -12.50000
-44.20000 -31.50001 -9.00000
-43.70000 -31.00001 -9.00000
-43.70000 -31.50001 -8.50000
-43.70000 -31.50001 -7.50000
-43.70000 -31.50001 -6.50000
-43.70000 -31.50001 -5.50000
-44.20000 -32.50001 -13.00000
-44.20000 -32.00001 -8.50000
-44.20000 -32.00001 -7.50000
-44.20000 -32.50001 -7.00000
-43.70000 -32.50001 -6.50000
-43.70000 -32.50001 -5.50000
-43.70000 -33.50001 -13.50000
-44.20000 -33.50001 -13.00000
-43.70000 -33.50001 -6.50000
-44.20000 -33.50001 -7.00000
-43.70000 -33.50001 -5.50000
-43.70000 -34.50001 -13.50000
-44.20000 -34.50001 -13.00000
-43.70000 -34.50001 -6.50000
-44.20000 -34.50001 -7.00000
-43.70000 -34.50001 -5.50000
-43.70000 -35.50001 -13.50000
-44.20000 -35.50001 -13.00000
-43.70000 -35.50001 -6.50000
-44.20000 -35.50001 -7.00000
-43.70000 -35.50001 -5.50000
-43.70000 -36.50001 -13.50000
-44.20000 -36.50001 -13.00000
-43.70000 -36.50001 -9.50000
-43.70000 -36.50001 -6.50000
-44.20000 -36.50001 -7.00000
-44.20000 -37.50001 -13.00000
-43.70000 -37.50001 -9.50000
-43.70000 -37.50001 -6.50000
-44.20000 -37.50001 -7.00000
-44.20000 -38.50001 -13.00000
-43.70000 -38.50001 -10.50000
-43.70000 -38.50001 -9.50000
-43.70000 -38.50001 -6.50000
-44.20000 -38.50001 -7.00000
-44.20000 -39.50001 -13.00000
-43.70000 -39.50001 -10.50000
-43.70000 -39.50001 -9.50000
-44.20000 -39.00001 -6.50000
-44.20000 -39.50001 -6.00000
-44.20000 -40.50001 -13.00000
-43.70000 -40.50001 -10.50000
-43.70000 -40.50001 -9.50000
-44.20000 -40.50001 -6.00000
-44.20000 -41.50001 -13.00000
-43.70000 -41.50001 -10.50000
-44.20000 -41.50001 -6.00000
-44.20000 -42.50001 -13.00000
-43.70000 -42.50001 -10.50000
-43.70000 -42.50001 -6.50000
-44.20000 -42.00001 -6.50000
-44.20000 -42.50001 -7.00000
-44.20000 -43.50001 -14.00000
-44.20000 -43.00001 -13.50000
-43.70000 -43.50001 -7.50000
-44.20000 -43.00001 -7.50000
-44.20000 -43.50001 -8.00000
-44.20000 -44.50001 -14.00000
-43.70000 -44.50001 -8.50000
-44.20000 -44.00001 -8.50000
-44.20000 -44.50001 -9.00000
-43.70000 -44.50001 -3.50000
-44.20000 -45.50001 -14.00000
-44.20000 -45.00001 -8.50000
-44.20000 -45.50001 -8.00000
-44.20000 -45.50001 -5.00000
-44.20000 -45.00001 -4.50000
-44.20000 -45.00001 -3.50000
-43.70000 -45.50001 -2.50000
-44.20000 -45.50001 -3.00000
-44.20000 -46.00001 -13.50000
-43.70000 -46.50001 -13.50000
-44.20000 -46.50001 -13.00000
-44.20000 -46.00001 -7.50000
-43.70000 -46.50001 -7.50000
-44.20000 -46.00001 -6.50000
-43.70000 -46.50001 -6.50000
-44.20000 -46.00001 -5.50000
-44.20000 -46.50001 -3.00000
-43.70000 -47.50001 -13.50000
-44.20000 -47.50001 -13.00000
-44.20000 -47.50001 -3.00000
-43.70000 -48.50001 -13.50000
-44.20000 -48.50001 -13.00000
-44.20000 -48.00001 -6.50000
-44.20000 -48.50001 -7.00000
-44.20000 -48.00001 -5.50000
-44.20000 -48.00001 -4.50000
-44.20000 -48.00001 -3.50000
-44.20000 -49.50001 -13.00000
-44.20000 -49.00001 -7.50000
-44.20000 -49.50001 -8.00000
-44.20000 -50.50001 -14.00000
-44.20000 -50.00001 -13.50000
-44.20000 -50.00001 -9.50000
-44.20000 -50.50001 -10.00000
-44.20000 -50.00001 -8.50000
-44.20000 -51.50001 -15.00000
-44.20000 -51.00001 -14.50000
-44.20000 -51.00001 -11.50000
-44.20000 -51.50001 -12.00000
-44.20000 -51.00001 -10.50000
-44.20000 -52.50001 -16.00000
-44.20000 -52.00001 -15.50000
-44.20000 -52.00001 -12.50000
-44.20000 -52.50001 -13.00000
-44.20000 -53.50001 -16.00000
-44.20000 -53.50001 -13.00000
-44.20000 -54.50001 -16.00000
-44.20000 -54.50001 -13.00000
-44.20000 -55.50001 -16.00000
-44.20000 -55.50001 -13.00000
-44.20000 -56.50001 -16.00000
-44.20000 -56.50001 -13.00000
-44.20000 -57.50001 -16.00000
-44.20000 -57.50001 -13.00000
-44.20000 -58.50001 -16.00000
-43.70000 -58.50001 -13.50000
-44.20000 -58.00001 -13.50000
-44.20000 -58.50001 -14.00000
-44.20000 -59.00001 -15.50000
-44.20000 -59.00001 -14.50000
-44.70000 -14.50001 -12.50000
-44.70000 -14.50001 -11.50000
-44.70000 -14.50001 -10.50000
-44.70000 -15.50001 -13.50000
-45.20000 -15.50001 -13.00000
-45.20000 -15.00001 -12.50000
-45.20000 -15.00001 -11.50000
-45.20000 -15.00001 -10.50000
-44.70000 -15.50001 -9.50000
-45.20000 -15.50001 -10.00000
-44.70000 -15.50001 -8.50000
-45.20000 -16.50001 -14.00000
-45.20000 -16.00001 -13.50000
-45.20000 -16.00001 -9.50000
-45.20000 -16.00001 -8.50000
-44.70000 -16.50001 -7.50000
-45.20000 -16.50001 -8.00000
-44.70000 -17.50001 -14.50000
-45.20000 -17.50001 -14.00000
-45.20000 -17.00001 -7.50000
-44.70000 -17.50001 -6.50000
-45.20000 -17.50001 -7.00000
-44.70000 -18.50001 -14.50000
-45.20000 -18.50001 -14.00000
-45.20000 -18.00001 -6.50000
-44.70000 -18.50001 -5.50000
-45.20000 -18.50001 -6.00000
-45.20000 -19.50001 -15.00000
-45.20000 -19.00001 -14.50000
-44.70000 -19.50001 -10.50000
-44.70000 -19.50001 -9.50000
-44.70000 -19.50001 -5.50000
-45.20000 -19.50001 -6.00000
-44.70000 -20.50001 -15.50000
-45.20000 -20.50001 -15.00000
-44.70000 -20.50001 -11.50000
-45.20000 -20.50001 -11.00000
-45.20000 -20.00001 -10.50000
-45.20000 -20.00001 -9.50000
-44.70000 -20.50001 -8.50000
-45.20000 -20.50001 -9.00000
-44.70000 -20.50001 -5.50000
-45.20000 -20.50001 -6.00000
-45.20000 -21.50001 -16.00000
-45.20000 -21.00001 -15.50000
-44.70000 -21.50001 -11.50000
-45.20000 -21.50001 -11.00000
-45.20000 -21.00001 -8.50000
-44.70000 -21.50001 -7.50000
-45.20000 -21.50001 -8.00000
-45.20000 -21.00001 -6.50000
-45.20000 -21.50001 -7.00000
-44.70000 -21.50001 -6.50000
-44.70000 -21.50001 -5.50000
-45.20000 -22.50001 -16.00000
-45.20000 -22.00001 -10.50000
-45.20000 -22.00001 -9.50000
-45.20000 -22.50001 -9.00000
-45.20000 -22.00001 -7.50000
-45.20000 -23.50001 -16.00000
-45.20000 -23.00001 -8.50000
-45.20000 -23.50001 -8.00000
-45.20000 -24.50001 -16.00000
-45.20000 -24.50001 -8.00000
-45.20000 -25.00001 -15.50000
-44.70000 -25.50001 -15.50000
-45.20000 -25.50001 -15.00000
-45.20000 -25.50001 -8.00000
-44.70000 -26.50001 -14.50000
-45.20000 -26.00001 -14.50000
-44.70000 -26.50001 -13.50000
-45.20000 -26.00001 -13.50000
-45.20000 -26.50001 -13.00000
-44.70000 -26.50001 -8.50000
-45.20000 -26.00001 -8.50000
-45.20000 -26.50001 -9.00000
-44.70000 -26.50001 -7.50000
-44.70000 -27.50001 -14.50000
-44.70000 -27.50001 -13.50000
-45.20000 -27.50001 -13.00000
-44.70000 -27.50001 -8.50000
-45.20000 -27.50001 -9.00000
-45.20000 -28.00001 -13.50000
-45.20000 -28.50001 -14.00000
-45.20000 -28.50001 -13.00000
-44.70000 -28.50001 -12.50000
-45.20000 -28.00001 -12.50000
-44.70000 -28.50001 -11.50000
-45.20000 -28.00001 -11.50000
-44.70000 -28.50001 -10.50000
-45.20000 -28.00001 -10.50000
-44.70000 -28.50001 -9.50000
-45.20000 -28.00001 -9.50000
-45.20000 -29.00001 -13.50000
-44.70000 -29.50001 -12.50000
-44.70000 -29.50001 -11.50000
-44.70000 -29.50001 -10.50000
-44.70000 -29.50001 -9.50000
-44.70000 -30.50001 -11.50000
-44.70000 -30.50001 -10.50000
-44.70000 -30.50001 -9.50000
-44.70000 -31.50001 -12.50000
-44.70000 -31.50001 -11.50000
-45.20000 -31.50001 -11.00000
-45.20000 -31.00001 -10.50000
-45.20000 -31.00001 -9.50000
-45.20000 -31.50001 -9.00000
-45.20000 -32.50001 -13.00000
-45.20000 -32.00001 -12.50000
-45.20000 -32.00001 -11.50000
-44.70000 -32.50001 -9.50000
-45.20000 -32.00001 -9.50000
-45.20000 -32.50001 -10.00000
-44.70000 -32.50001 -8.50000
-44.70000 -32.50001 -7.50000
-45.20000 -33.50001 -13.00000
-44.70000 -33.50001 -9.50000
-45.20000 -33.50001 -10.00000
-44.70000 -33.50001 -8.50000
-44.70000 -33.50001 -7.50000
-45.20000 -34.50001 -13.00000
-45.20000 -34.00001 -9.50000
-45.20000 -34.50001 -9.00000
-44.70000 -34.50001 -8.50000
-44.70000 -34.50001 -7.50000
-45.20000 -35.50001 -13.00000
-45.20000 -35.00001 -8.50000
-45.20000 -35.50001 -8.00000
-44.70000 -35.50001 -7.50000
-45.20000 -36.50001 -13.00000
-44.70000 -36.50001 -7.50000
-45.20000 -36.50001 -8.00000
-45.20000 -37.50001 -13.00000
-45.20000 -37.00001 -7.50000
-45.20000 -37.50001 -7.00000
-45.20000 -38.50001 -13.00000
-45.20000 -38.50001 -7.00000
-45.20000 -39.50001 -13.00000
-44.70000 -39.50001 -7.50000
-45.20000 -39.00001 -7.50000
-45.20000 -39.50001 -8.00000
-44.70000 -39.50001 -6.50000
-45.20000 -40.50001 -13.00000
-45.20000 -40.00001 -7.50000
-45.20000 -40.50001 -7.00000
-44.70000 -40.50001 -6.50000
-45.20000 -41.50001 -13.00000
-44.70000 -41.50001 -6.50000
-45.20000 -41.50001 -7.00000
-45.20000 -42.50001 -13.00000
-45.20000 -42.50001 -7.00000
-44.70000 -43.50001 -13.50000
-45.20000 -43.50001 -13.00000
-44.70000 -43.50001 -8.50000
-45.20000 -43.00001 -8.50000
-45.20000 -43.50001 -9.00000
-45.20000 -43.00001 -7.50000
-44.70000 -44.50001 -13.50000
-45.20000 -44.50001 -13.00000
-44.70000 -44.50001 -9.50000
-45.20000 -44.00001 -9.50000
-45.20000 -44.50001 -10.00000
-44.70000 -45.50001 -13.50000
-45.20000 -45.50001 -13.00000
-45.20000 -45.00001 -9.50000
-44.70000 -45.50001 -8.50000
-45.20000 -45.50001 -9.00000
-44.70000 -45.50001 -4.50000
-45.20000 -45.50001 -4.00000
-45.20000 -45.00001 -3.50000
-45.20000 -45.50001 -3.00000
-44.70000 -46.50001 -12.50000
-45.20000 -46.00001 -12.50000
-45.20000 -46.50001 -12.00000
-45.20000 -46.00001 -8.50000
-45.20000 -46.00001 -7.50000
-45.20000 -46.00001 -6.50000
-45.20000 -46.00001 -5.50000
-45.20000 -46.00001 -4.50000
-45.20000 -46.50001 -3.00000
-45.20000 -47.50001 -13.00000
-45.20000 -47.00001 -12.50000
-45.20000 -47.50001 -3.00000
-45.20000 -48.50001 -13.00000
-44.70000 -48.50001 -7.50000
-45.20000 -48.00001 -7.50000
-45.20000 -48.50001 -8.00000
-45.20000 -48.00001 -6.50000
-44.70000 -48.50001 -5.50000
-45.20000 -48.50001 -6.00000
-44.70000 -48.50001 -4.50000
-45.20000 -48.50001 -4.00000
-45.20000 -48.00001 -3.50000
-44.70000 -49.50001 -13.50000
-45.20000 -49.50001 -14.00000
-45.20000 -49.00001 -13.50000
-44.70000 -49.50001 -8.50000
-45.20000 -49.00001 -8.50000
-45.20000 -49.50001 -9.00000
-45.20000 -49.00001 -5.50000
-45.20000 -49.00001 -4.50000
-44.70000 -50.50001 -14.50000
-45.20000 -50.50001 -15.00000
-45.20000 -50.00001 -14.50000
-44.70000 -50.50001 -10.50000
-45.20000 -50.00001 -10.50000
-45.20000 -50.50001 -11.00000
-45.20000 -50.00001 -9.50000
-45.20000 -51.50001 -15.00000
-45.20000 -51.00001 -11.50000
-45.20000 -51.50001 -12.00000
-44.70000 -51.50001 -4.50000
-45.20000 -51.50001 -5.00000
-45.20000 -51.00001 -4.50000
-45.20000 -51.50001 -4.00000
-44.70000 -52.50001 -15.50000
-45.20000 -52.50001 -15.00000
-45.20000 -52.00001 -12.50000
-45.20000 -52.50001 -13.00000
-45.20000 -52.00001 -4.50000
-45.20000 -53.50001 -16.00000
-45.20000 -53.00001 -15.50000
-45.20000 -53.50001 -13.00000
-45.20000 -54.50001 -16.00000
-45.20000 -54.50001 -13.00000
-45.20000 -55.50001 -16.00000
-45.20000 -55.50001 -13.00000
-45.20000 -56.50001 -16.00000
-45.20000 -56.50001 -13.00000
-45.20000 -57.50001 -16.00000
-45.20000 -57.50001 -13.00000
-45.20000 -58.50001 -16.00000
-45.20000 -58.00001 -13.50000
-45.20000 -58.50001 -14.00000
-45.20000 -59.00001 -15.50000
-45.20000 -59.00001 -14.50000
-45.70000 -15.50001 -12.50000
-45.70000 -15.50001 -11.50000
-45.70000 -15.50001 -10.50000
-45.70000 -16.50001 -13.50000
-46.20000 -16.50001 -13.00000
-46.20000 -16.00001 -12.50000
-46.20000 -16.00001 -11.50000
-46.20000 -16.00001 -10.50000
-45.70000 -16.50001 -9.50000
-46.20000 -16.50001 -10.00000
-45.70000 -16.50001 -8.50000
-45.70000 -17.50001 -13.50000
-46.20000 -17.50001 -13.00000
-46.20000 -17.00001 -9.50000
-46.20000 -17.00001 -8.50000
-45.70000 -17.50001 -7.50000
-46.20000 -17.50001 -8.00000
-46.20000 -18.50001 -14.00000
-46.20000 -18.00001 -13.50000
-45.70000 -18.50001 -7.50000
-46.20000 -18.50001 -8.00000
-45.70000 -18.50001 -6.50000
-45.70000 -19.50001 -14.50000
-46.20000 -19.50001 -14.00000
-46.20000 -19.00001 -7.50000
-46.20000 -19.50001 -7.00000
-45.70000 -19.50001 -6.50000
-46.20000 -20.50001 -15.00000
-46.20000 -20.00001 -14.50000
-45.70000 -20.50001 -10.50000
-45.70000 -20.50001 -9.50000
-45.70000 -20.50001 -6.50000
-46.20000 -20.50001 -7.00000
-45.70000 -21.50001 -15.50000
-46.20000 -21.50001 -15.00000
-45.70000 -21.50001 -10.50000
-46.20000 -21.50001 -10.00000
-46.20000 -21.00001 -9.50000
-46.20000 -21.00001 -8.50000
-45.70000 -21.50001 -7.50000
-46.20000 -21.00001 -7.50000
-46.20000 -22.50001 -16.00000
-46.20000 -22.00001 -15.50000
-46.20000 -22.00001 -9.50000
-46.20000 -22.50001 -9.00000
-46.20000 -23.50001 -16.00000
-45.70000 -23.50001 -8.50000
-46.20000 -23.50001 -9.00000
-46.20000 -24.00001 -15.50000
-45.70000 -24.50001 -15.50000
-46.20000 -24.50001 -15.00000
-45.70000 -24.50001 -8.50000
-46.20000 -24.50001 -9.00000
-45.70000 -25.50001 -14.50000
-46.20000 -25.00001 -14.50000
-45.70000 -25.50001 -13.50000
-46.20000 -25.00001 -13.50000
-46.20000 -25.50001 -13.00000
-45.70000 -25.50001 -8.50000
-46.20000 -25.50001 -9.00000
-46.20000 -26.50001 -13.00000
-46.20000 -26.50001 -9.00000
-46.20000 -27.00001 -12.50000
-45.70000 -27.50001 -12.50000
-45.70000 -27.50001 -11.50000
-46.20000 -27.00001 -11.50000
-45.70000 -27.50001 -10.50000
-46.20000 -27.00001 -10.50000
-45.70000 -27.50001 -9.50000
-46.20000 -27.00001 -9.50000
-45.70000 -28.50001 -13.50000
-45.70000 -31.50001 -10.50000
-45.70000 -31.50001 -9.50000
-45.70000 -32.50001 -12.50000
-45.70000 -32.50001 -11.50000
-45.70000 -32.50001 -10.50000
-45.70000 -33.50001 -12.50000
-45.70000 -33.50001 -11.50000
-45.70000 -33.50001 -10.50000
-45.70000 -34.50001 -12.50000
-45.70000 -34.50001 -11.50000
-46.20000 -34.50001 -11.00000
-46.20000 -34.00001 -10.50000
-45.70000 -34.50001 -9.50000
-46.20000 -34.50001 -10.00000
-45.70000 -35.50001 -12.50000
-45.70000 -35.50001 -11.50000
-46.20000 -35.00001 -10.50000
-45.70000 -35.50001 -10.50000
-45.70000 -35.50001 -9.50000
-45.70000 -35.50001 -8.50000
-45.70000 -36.50001 -12.50000
-46.20000 -36.50001 -12.00000
-46.20000 -36.00001 -11.50000
-46.20000 -36.00001 -10.50000
-46.20000 -36.50001 -10.00000
-45.70000 -36.50001 -9.50000
-45.70000 -36.50001 -8.50000
-46.20000 -37.50001 -13.00000
-46.20000 -37.00001 -12.50000
-45.70000 -37.50001 -9.50000
-46.20000 -37.50001 -10.00000
-45.70000 -37.50001 -8.50000
-45.70000 -37.50001 -7.50000
-46.20000 -38.50001 -13.00000
-45.70000 -38.50001 -9.50000
-46.20000 -38.50001 -10.00000
-45.70000 -38.50001 -8.50000
-45.70000 -38.50001 -7.50000
-46.20000 -39.50001 -13.00000
-45.70000 -39.50001 -9.50000
-46.20000 -39.50001 -10.00000
-45.70000 -39.50001 -8.50000
-46.20000 -40.50001 -13.00000
-46.20000 -40.00001 -9.50000
-46.20000 -40.50001 -9.00000
-45.70000 -40.50001 -8.50000
-45.70000 -40.50001 -7.50000
-46.20000 -41.00001 -12.50000
-45.70000 -41.50001 -12.50000
-46.20000 -41.50001 -12.00000
-45.70000 -41.50001 -8.50000
-46.20000 -41.50001 -9.00000
-45.70000 -41.50001 -7.50000
-45.70000 -42.50001 -12.50000
-46.20000 -42.50001 -12.00000
-46.20000 -42.00001 -8.50000
-46.20000 -42.50001 -8.00000
-45.70000 -42.50001 -7.50000
-45.70000 -43.50001 -12.50000
-46.20000 -43.00001 -11.50000
-45.70000 -43.50001 -11.50000
-46.20000 -43.50001 -11.00000
-45.70000 -43.50001 -8.50000
-46.20000 -43.50001 -8.00000
-45.70000 -44.50001 -12.50000
-45.70000 -44.50001 -11.50000
-46.20000 -44.00001 -10.50000
-45.70000 -44.50001 -10.50000
-46.20000 -44.00001 -9.50000
-46.20000 -44.00001 -8.50000
-45.70000 -45.50001 -12.50000
-45.70000 -45.50001 -11.50000
-45.70000 -45.50001 -10.50000
-45.70000 -45.50001 -9.50000
-45.70000 -45.50001 -3.50000
-46.20000 -46.00001 -11.50000
-46.20000 -46.50001 -12.00000
-46.20000 -46.00001 -10.50000
-46.20000 -46.00001 -9.50000
-46.20000 -46.00001 -8.50000
-46.20000 -46.00001 -7.50000
-46.20000 -46.00001 -6.50000
-46.20000 -46.00001 -5.50000
-46.20000 -46.00001 -4.50000
-46.20000 -46.00001 -3.50000
-46.20000 -46.50001 -3.00000
-46.20000 -47.50001 -13.00000
-46.20000 -47.00001 -12.50000
-46.20000 -47.50001 -3.00000
-45.70000 -48.50001 -13.50000
-46.20000 -48.50001 -14.00000
-46.20000 -48.00001 -13.50000
-46.20000 -48.00001 -7.50000
-46.20000 -48.50001 -8.00000
-45.70000 -48.50001 -6.50000
-46.20000 -48.50001 -7.00000
-45.70000 -48.50001 -3.50000
-46.20000 -48.50001 -3.00000
-46.20000 -49.50001 -14.00000
-45.70000 -49.50001 -9.50000
-46.20000 -49.00001 -9.50000
-46.20000 -49.50001 -10.00000
-46.20000 -49.00001 -8.50000
-46.20000 -49.00001 -6.50000
-46.20000 -49.00001 -5.50000
-46.20000 -49.00001 -4.50000
-46.20000 -49.00001 -3.50000
-46.20000 -50.50001 -15.00000
-46.20000 -50.00001 -14.50000
-46.20000 -50.00001 -10.50000
-46.20000 -50.50001 -11.00000
-45.70000 -50.50001 -4.50000
-46.20000 -50.50001 -5.00000
-46.20000 -50.00001 -4.50000
-46.20000 -50.50001 -4.00000
-46.20000 -51.50001 -15.00000
-46.20000 -51.00001 -11.50000
-46.20000 -51.50001 -12.00000
-45.70000 -51.50001 -5.50000
-46.20000 -51.50001 -6.00000
-46.20000 -51.00001 -5.50000
-46.20000 -51.50001 -4.00000
-46.20000 -52.50001 -15.00000
-46.20000 -52.00001 -12.50000
-46.20000 -52.50001 -13.00000
-46.20000 -52.00001 -5.50000
-46.20000 -52.00001 -4.50000
-45.70000 -53.50001 -15.50000
-46.20000 -53.50001 -15.00000
-46.20000 -53.50001 -13.00000
-46.20000 -54.50001 -16.00000
-46.20000 -54.00001 -15.50000
-46.20000 -54.50001 -13.00000
-46.20000 -55.50001 -16.00000
-46.20000 -55.50001 -13.00000
-46.20000 -56.00001 -15.50000
-45.70000 -56.50001 -15.50000
-46.20000 -56.50001 -15.00000
-46.20000 -56.50001 -13.00000
-45.70000 -57.50001 -15.50000
-46.20000 -57.50001 -15.00000
-46.20000 -57.50001 -13.00000
-46.20000 -58.50001 -16.00000
-46.20000 -58.00001 -15.50000
-46.20000 -58.00001 -13.50000
-46.20000 -58.50001 -14.00000
-46.20000 -59.00001 -15.50000
-46.20000 -59.00001 -14.50000
-46.70000 -16.50001 -12.50000
-46.70000 -16.50001 -11.50000
-46.70000 -16.50001 -10.50000
-46.70000 -17.50001 -12.50000
-47.20000 -17.50001 -12.00000
-47.20000 -17.00001 -11.50000
-47.20000 -17.00001 -10.50000
-47.20000 -17.00001 -9.50000
-46.70000 -17.50001 -8.50000
-47.20000 -17.50001 -9.00000
-46.70000 -18.50001 -13.50000
-47.20000 -18.50001 -13.00000
-47.20000 -18.00001 -12.50000
-47.20000 -18.00001 -8.50000
-47.20000 -18.50001 -8.00000
-47.20000 -19.50001 -14.00000
-47.20000 -19.00001 -13.50000
-46.70000 -19.50001 -7.50000
-47.20000 -19.50001 -8.00000
-46.70000 -20.50001 -14.50000
-47.20000 -20.50001 -14.00000
-46.70000 -20.50001 -7.50000
-47.20000 -20.50001 -8.00000
-47.20000 -21.50001 -15.00000
-47.20000 -21.00001 -14.50000
-46.70000 -21.50001 -9.50000
-46.70000 -21.50001 -8.50000
-47.20000 -21.50001 -8.00000
-46.70000 -22.50001 -15.50000
-47.20000 -22.50001 -15.00000
-47.20000 -22.00001 -8.50000
-47.20000 -22.50001 -9.00000
-46.70000 -23.50001 -15.50000
-47.20000 -23.50001 -15.00000
-47.20000 -23.50001 -9.00000
-46.70000 -24.50001 -14.50000
-47.20000 -24.00001 -14.50000
-47.20000 -24.50001 -14.00000
-47.20000 -24.50001 -9.00000
-47.20000 -25.00001 -13.50000
-47.20000 -25.50001 -13.00000
-47.20000 -25.50001 -9.00000
-47.20000 -26.00001 -12.50000
-46.70000 -26.50001 -12.50000
-46.70000 -26.50001 -11.50000
-47.20000 -26.00001 -11.50000
-46.70000 -26.50001 -10.50000
-47.20000 -26.00001 -10.50000
-46.70000 -26.50001 -9.50000
-47.20000 -26.00001 -9.50000
-46.70000 -34.50001 -10.50000
-46.70000 -36.50001 -11.50000
-46.70000 -36.50001 -10.50000
-46.70000 -37.50001 -12.50000
-46.70000 -37.50001 -11.50000
-46.70000 -37.50001 -10.50000
-46.70000 -38.50001 -12.50000
-46.70000 -38.50001 -11.50000
-46.70000 -38.50001 -10.50000
-46.70000 -39.50001 -12.50000
-46.70000 -39.50001 -11.50000
-46.70000 -39.50001 -10.50000
-46.70000 -40.50001 -12.50000
-46.70000 -40.50001 -11.50000
-46.70000 -40.50001 -10.50000
-46.70000 -40.50001 -9.50000
-46.70000 -41.50001 -11.50000
-46.70000 -41.50001 -10.50000
-46.70000 -41.50001 -9.50000
-46.70000 -42.50001 -11.50000
-46.70000 -42.50001 -10.50000
-46.70000 -42.50001 -9.50000
-46.70000 -42.50001 -8.50000
-46.70000 -43.50001 -10.50000
-46.70000 -43.50001 -9.50000
-46.70000 -43.50001 -8.50000
-47.20000 -46.50001 -12.00000
-47.20000 -46.00001 -11.50000
-47.20000 -46.00001 -10.50000
-47.20000 -46.00001 -9.50000
-47.20000 -46.00001 -8.50000
-47.20000 -46.00001 -7.50000
-47.20000 -46.00001 -6.50000
-47.20000 -46.00001 -5.50000
-47.20000 -46.00001 -4.50000
-47.20000 -46.00001 -3.50000
-47.20000 -46.50001 -3.00000
-47.20000 -47.50001 -13.00000
-47.20000 -47.00001 -12.50000
-47.20000 -47.50001 -3.00000
-47.20000 -48.50001 -14.00000
-47.20000 -48.00001 -13.50000
-46.70000 -48.50001 -7.50000
-47.20000 -48.50001 -3.00000
-47.20000 -49.50001 -14.00000
-47.20000 -49.00001 -9.50000
-47.20000 -49.50001 -10.00000
-47.20000 -49.00001 -8.50000
-47.20000 -49.00001 -7.50000
-47.20000 -49.00001 -6.50000
-46.70000 -49.50001 -5.50000
-47.20000 -49.50001 -6.00000
-46.70000 -49.50001 -4.50000
-47.20000 -49.50001 -4.00000
-47.20000 -49.00001 -3.50000
-47.20000 -50.50001 -15.00000
-47.20000 -50.00001 -14.50000
-47.20000 -50.00001 -10.50000
-47.20000 -50.50001 -11.00000
-46.70000 -50.50001 -6.50000
-47.20000 -50.50001 -7.00000
-47.20000 -50.00001 -6.50000
-46.70000 -50.50001 -5.50000
-47.20000 -50.50001 -4.00000
-47.20000 -51.50001 -15.00000
-47.20000 -51.00001 -11.50000
-47.20000 -51.50001 -12.00000
-46.70000 -51.50001 -7.50000
-47.20000 -51.50001 -8.00000
-47.20000 -51.00001 -7.50000
-46.70000 -51.50001 -6.50000
-47.20000 -51.50001 -4.00000
-47.20000 -52.50001 -15.00000
-46.70000 -52.50001 -12.50000
-47.20000 -52.50001 -12.00000
-47.20000 -52.00001 -7.50000
-47.20000 -52.00001 -6.50000
-46.70000 -52.50001 -5.50000
-47.20000 -52.50001 -6.00000
-46.70000 -52.50001 -4.50000
-47.20000 -52.50001 -4.00000
-47.20000 -53.50001 -15.00000
-46.70000 -53.50001 -12.50000
-47.20000 -53.50001 -12.00000
-47.20000 -53.00001 -5.50000
-47.20000 -53.00001 -4.50000
-46.70000 -54.50001 -15.50000
-47.20000 -54.50001 -15.00000
-46.70000 -54.50001 -12.50000
-47.20000 -54.50001 -12.00000
-46.70000 -55.50001 -15.50000
-47.20000 -55.50001 -15.00000
-46.70000 -55.50001 -12.50000
-47.20000 -55.50001 -12.00000
-47.20000 -56.50001 -15.00000
-47.20000 -56.00001 -12.50000
-47.20000 -56.50001 -13.00000
-47.20000 -57.50001 -15.00000
-46.70000 -57.50001 -13.50000
-47.20000 -57.00001 -13.50000
-47.20000 -57.50001 -14.00000
-47.20000 -58.50001 -16.00000
-47.20000 -58.00001 -15.50000
-47.20000 -58.50001 -14.00000
-47.20000 -59.00001 -15.50000
-47.20000 -59.00001 -14.50000
-47.70000 -17.50001 -11.50000
-47.70000 -17.50001 -10.50000
-47.70000 -17.50001 -9.50000
-47.70000 -18.50001 -12.50000
-48.20000 -18.50001 -12.00000
-48.20000 -18.00001 -11.50000
-48.20000 -18.00001 -10.50000
-48.20000 -18.00001 -9.50000
-47.70000 -18.50001 -8.50000
-48.20000 -18.50001 -9.00000
-47.70000 -19.50001 -13.50000
-48.20000 -19.50001 -13.00000
-48.20000 -19.00001 -12.50000
-47.70000 -19.50001 -8.50000
-48.20000 -19.50001 -9.00000
-48.20000 -20.50001 -14.00000
-48.20000 -20.00001 -13.50000
-48.20000 -20.00001 -8.50000
-48.20000 -20.50001 -8.00000
-47.70000 -21.50001 -14.50000
-48.20000 -21.50001 -14.00000
-48.20000 -21.50001 -8.00000
-47.70000 -22.50001 -14.50000
-48.20000 -22.50001 -14.00000
-48.20000 -22.00001 -8.50000
-48.20000 -22.50001 -9.00000
-48.20000 -23.50001 -15.00000
-48.20000 -23.00001 -14.50000
-48.20000 -23.50001 -9.00000
-48.20000 -24.00001 -14.50000
-47.70000 -24.50001 -13.50000
-48.20000 -24.00001 -13.50000
-48.20000 -24.50001 -13.00000
-48.20000 -24.50001 -9.00000
-48.20000 -25.50001 -13.00000
-48.20000 -25.50001 -9.00000
-48.20000 -26.00001 -12.50000
-48.20000 -26.00001 -11.50000
-48.20000 -26.00001 -10.50000
-48.20000 -26.00001 -9.50000
-48.20000 -46.50001 -12.00000
-48.20000 -46.00001 -11.50000
-48.20000 -46.00001 -10.50000
-48.20000 -46.00001 -9.50000
-48.20000 -46.00001 -8.50000
-48.20000 -46.00001 -7.50000
-48.20000 -46.00001 -6.50000
-47.70000 -46.50001 -5.50000
-48.20000 -46.50001 -6.00000
-48.20000 -46.50001 -5.00000
-48.20000 -46.00001 -4.50000
-47.70000 -46.50001 -3.50000
-48.20000 -46.50001 -4.00000
-48.20000 -47.50001 -13.00000
-48.20000 -47.00001 -12.50000
-48.20000 -47.00001 -5.50000
-47.70000 -47.50001 -3.50000
-48.20000 -47.50001 -4.00000
-48.20000 -48.50001 -14.00000
-48.20000 -48.00001 -13.50000
-47.70000 -48.50001 -3.50000
-48.20000 -48.50001 -4.00000
-48.20000 -49.50001 -14.00000
-47.70000 -49.50001 -9.50000
-47.70000 -49.50001 -8.50000
-47.70000 -49.50001 -7.50000
-47.70000 -49.50001 -6.50000
-48.20000 -49.50001 -4.00000
-47.70000 -50.50001 -14.50000
-48.20000 -50.50001 -14.00000
-48.20000 -50.00001 -10.50000
-48.20000 -50.50001 -11.00000
-48.20000 -50.00001 -9.50000
-47.70000 -50.50001 -8.50000
-48.20000 -50.50001 -9.00000
-47.70000 -50.50001 -7.50000
-48.20000 -50.50001 -4.00000
-47.70000 -51.50001 -14.50000
-48.20000 -51.50001 -14.00000
-47.70000 -51.50001 -11.50000
-48.20000 -51.50001 -11.00000
-47.70000 -51.50001 -8.50000
-48.20000 -51.50001 -9.00000
-48.20000 -51.50001 -4.00000
-48.20000 -52.50001 -15.00000
-48.20000 -52.00001 -14.50000
-47.70000 -52.50001 -11.50000
-48.20000 -52.50001 -11.00000
-47.70000 -52.50001 -9.50000
-48.20000 -52.50001 -10.00000
-48.20000 -52.00001 -9.50000
-47.70000 -52.50001 -8.50000
-47.70000 -52.50001 -7.50000
-47.70000 -52.50001 -6.50000
-48.20000 -52.50001 -4.00000
-48.20000 -53.50001 -15.00000
-47.70000 -53.50001 -11.50000
-48.20000 -53.00001 -10.50000
-47.70000 -53.50001 -10.50000
-47.70000 -53.50001 -9.50000
-48.20000 -53.50001 -9.00000
-48.20000 -53.00001 -8.50000
-48.20000 -53.00001 -7.50000
-48.20000 -53.00001 -6.50000
-48.20000 -53.00001 -5.50000
-48.20000 -53.00001 -4.50000
-48.20000 -54.50001 -15.00000
-47.70000 -54.50001 -11.50000
-48.20000 -54.50001 -11.00000
-48.20000 -54.00001 -10.50000
-48.20000 -54.00001 -9.50000
-48.20000 -55.50001 -15.00000
-48.20000 -55.00001 -11.50000
-48.20000 -55.50001 -12.00000
-48.20000 -56.50001 -15.00000
-48.20000 -56.00001 -12.50000
-48.20000 -56.50001 -13.00000
-48.20000 -57.50001 -15.00000
-48.20000 -57.00001 -13.50000
-48.20000 -57.50001 -14.00000
-47.70000 -58.50001 -15.50000
-48.20000 -58.50001 -15.00000
-48.20000 -58.50001 -14.00000
-48.20000 -59.00001 -14.50000
-48.70000 -18.50001 -11.50000
-48.70000 -18.50001 -10.50000
-48.70000 -18.50001 -9.50000
-48.70000 -19.50001 -12.50000
-48.70000 -19.50001 -11.50000
-49.20000 -19.50001 -11.00000
-49.20000 -19.00001 -10.50000
-49.20000 -19.50001 -10.00000
-48.70000 -19.50001 -9.50000
-48.70000 -20.50001 -13.50000
-48.70000 -20.50001 -12.50000
-49.20000 -20.50001 -12.00000
-49.20000 -20.00001 -11.50000
-48.70000 -20.50001 -9.50000
-49.20000 -20.50001 -10.00000
-48.70000 -20.50001 -8.50000
-48.70000 -21.50001 -13.50000
-49.20000 -21.50001 -13.00000
-49.20000 -21.00001 -12.50000
-48.70000 -21.50001 -9.50000
-49.20000 -21.50001 -10.00000
-48.70000 -21.50001 -8.50000
-48.70000 -22.50001 -13.50000
-49.20000 -22.50001 -13.00000
-49.20000 -22.00001 -9.50000
-49.20000 -22.50001 -9.00000
-48.70000 -23.50001 -14.50000
-48.70000 -23.50001 -13.50000
-49.20000 -23.50001 -13.00000
-49.20000 -23.50001 -9.00000
-49.20000 -24.50001 -13.00000
-48.70000 -24.50001 -9.50000
-49.20000 -24.00001 -9.50000
-49.20000 -24.50001 -10.00000
-49.20000 -25.00001 -12.50000
-48.70000 -25.50001 -12.50000
-48.70000 -25.50001 -11.50000
-49.20000 -25.00001 -11.50000
-48.70000 -25.50001 -10.50000
-49.20000 -25.00001 -10.50000
-48.70000 -25.50001 -9.50000
-48.70000 -46.50001 -11.50000
-49.20000 -46.50001 -11.00000
-49.20000 -46.00001 -10.50000
-49.20000 -46.00001 -9.50000
-49.20000 -46.00001 -8.50000
-48.70000 -46.50001 -7.50000
-49.20000 -46.50001 -8.00000
-48.70000 -46.50001 -6.50000
-48.70000 -46.50001 -4.50000
-49.20000 -47.50001 -13.00000
-49.20000 -47.00001 -12.50000
-49.20000 -47.00001 -11.50000
-49.20000 -47.00001 -7.50000
-49.20000 -47.00001 -6.50000
-49.20000 -47.00001 -5.50000
-49.20000 -47.00001 -4.50000
-49.20000 -47.50001 -4.00000
-48.70000 -48.50001 -13.50000
-49.20000 -48.50001 -13.00000
-49.20000 -48.50001 -4.00000
-49.20000 -49.50001 -14.00000
-49.20000 -49.00001 -13.50000
-49.20000 -49.50001 -4.00000
-49.20000 -50.50001 -14.00000
-48.70000 -50.50001 -10.50000
-48.70000 -50.50001 -9.50000
-48.70000 -50.50001 -4.50000
-49.20000 -50.00001 -4.50000
-49.20000 -50.50001 -5.00000
-49.20000 -51.50001 -14.00000
-48.70000 -51.50001 -10.50000
-48.70000 -51.50001 -9.50000
-48.70000 -51.50001 -4.50000
-49.20000 -51.50001 -5.00000
-48.70000 -52.50001 -14.50000
-49.20000 -52.50001 -14.00000
-48.70000 -52.50001 -10.50000
-48.70000 -52.50001 -4.50000
-49.20000 -52.50001 -5.00000
-48.70000 -53.50001 -14.50000
-49.20000 -53.50001 -14.00000
-48.70000 -53.50001 -8.50000
-48.70000 -53.50001 -7.50000
-49.20000 -53.50001 -7.00000
-49.20000 -53.00001 -6.50000
-49.20000 -53.00001 -5.50000
-48.70000 -54.50001 -14.50000
-49.20000 -54.50001 -14.00000
-48.70000 -54.50001 -10.50000
-48.70000 -54.50001 -9.50000
-49.20000 -54.50001 -9.00000
-49.20000 -54.00001 -8.50000
-49.20000 -54.00001 -7.50000
-48.70000 -55.50001 -14.50000
-49.20000 -55.50001 -14.00000
-48.70000 -55.50001 -11.50000
-49.20000 -55.50001 -11.00000
-49.20000 -55.00001 -10.50000
-49.20000 -55.00001 -9.50000
-48.70000 -56.50001 -14.50000
-49.20000 -56.50001 -14.00000
-48.70000 -56.50001 -12.50000
-49.20000 -56.50001 -12.00000
-49.20000 -56.00001 -11.50000
-48.70000 -57.50001 -14.50000
-48.70000 -57.00001 -14.00000
-49.20000 -57.50001 -14.00000
-48.70000 -57.50001 -13.50000
-48.70000 -57.50001 -12.50000
-49.20000 -57.50001 -12.00000
-48.70000 -58.50001 -14.50000
-49.20000 -58.00001 -13.50000
-49.20000 -58.00001 -12.50000
-49.70000 -19.50001 -10.50000
-49.70000 -20.50001 -11.50000
-49.70000 -20.50001 -10.50000
-49.70000 -21.50001 -12.50000
-50.20000 -21.50001 -12.00000
-50.20000 -21.00001 -11.50000
-50.20000 -21.50001 -11.00000
-49.70000 -21.50001 -10.50000
-49.70000 -22.50001 -12.50000
-50.20000 -22.50001 -12.00000
-49.70000 -22.50001 -10.50000
-50.20000 -22.50001 -11.00000
-49.70000 -22.50001 -9.50000
-49.70000 -23.50001 -12.50000
-50.20000 -23.50001 -12.00000
-49.70000 -23.50001 -10.50000
-50.20000 -23.50001 -11.00000
-49.70000 -23.50001 -9.50000
-49.70000 -24.50001 -12.50000
-50.20000 -24.50001 -12.00000
-49.70000 -24.50001 -10.50000
-50.20000 -24.50001 -11.00000
-50.20000 -25.00001 -11.50000
-49.70000 -46.50001 -10.50000
-49.70000 -46.50001 -9.50000
-49.70000 -46.50001 -8.50000
-49.70000 -47.50001 -12.50000
-50.20000 -47.50001 -12.00000
-50.20000 -47.00001 -11.50000
-50.20000 -47.00001 -10.50000
-50.20000 -47.00001 -9.50000
-50.20000 -47.00001 -8.50000
-50.20000 -47.00001 -7.50000
-50.20000 -47.00001 -6.50000
-49.70000 -47.50001 -5.50000
-50.20000 -47.50001 -6.00000
-49.70000 -47.50001 -4.50000
-50.20000 -48.50001 -13.00000
-50.20000 -48.00001 -12.50000
-50.20000 -48.00001 -5.50000
-50.20000 -48.50001 -5.00000
-49.70000 -48.50001 -4.50000
-49.70000 -49.50001 -13.50000
-50.20000 -49.50001 -13.00000
-49.70000 -49.50001 -4.50000
-50.20000 -49.50001 -5.00000
-49.70000 -50.50001 -13.50000
-50.20000 -50.50001 -13.00000
-50.20000 -50.50001 -5.00000
-49.70000 -51.50001 -13.50000
-50.20000 -51.50001 -13.00000
-50.20000 -51.50001 -5.00000
-49.70000 -52.50001 -13.50000
-50.20000 -52.50001 -13.00000
-49.70000 -52.50001 -5.50000
-50.20000 -52.00001 -5.50000
-50.20000 -52.50001 -6.00000
-50.20000 -53.50001 -14.00000
-50.20000 -53.00001 -13.50000
-50.20000 -53.00001 -6.50000
-50.20000 -53.50001 -7.00000
-50.20000 -54.50001 -14.00000
-49.70000 -54.50001 -8.50000
-50.20000 -54.50001 -8.00000
-50.20000 -54.00001 -7.50000
-50.20000 -55.50001 -14.00000
-49.70000 -55.50001 -10.50000
-50.20000 -55.50001 -10.00000
-50.20000 -55.00001 -9.50000
-50.20000 -55.00001 -8.50000
-50.20000 -56.50001 -14.00000
-49.70000 -56.50001 -11.50000
-50.20000 -56.50001 -11.00000
-50.20000 -56.00001 -10.50000
-50.20000 -57.00001 -13.50000
-49.70000 -57.50001 -13.50000
-50.20000 -57.50001 -13.00000
-50.20000 -57.00001 -11.50000
-50.20000 -57.50001 -12.00000
-50.20000 -58.00001 -12.50000
-50.70000 -21.50001 -11.50000
-50.70000 -22.50001 -11.50000
-50.70000 -23.50001 -11.50000
-50.70000 -24.50001 -11.50000
-50.70000 -47.50001 -11.50000
-50.70000 -47.50001 -10.50000
-50.70000 -47.50001 -9.50000
-51.20000 -47.50001 -9.00000
-51.20000 -47.00001 -8.50000
-51.20000 -47.00001 -7.50000
-50.70000 -47.50001 -6.50000
-51.20000 -47.50001 -7.00000
-50.70000 -48.50001 -12.50000
-50.70000 -48.50001 -11.50000
-50.70000 -48.50001 -10.50000
-51.20000 -48.50001 -10.00000
-51.20000 -48.00001 -9.50000
-50.70000 -48.50001 -6.50000
-51.20000 -48.50001 -7.00000
-50.70000 -48.50001 -5.50000
-50.70000 -49.50001 -12.50000
-51.20000 -49.50001 -12.00000
-51.20000 -49.00001 -11.50000
-51.20000 -49.00001 -10.50000
-51.20000 -49.00001 -6.50000
-51.20000 -49.50001 -6.00000
-50.70000 -49.50001 -5.50000
-50.70000 -50.50001 -12.50000
-51.20000 -50.50001 -12.00000
-50.70000 -50.50001 -5.50000
-51.20000 -50.50001 -6.00000
-51.20000 -51.50001 -13.00000
-51.20000 -51.00001 -12.50000
-50.70000 -51.50001 -5.50000
-51.20000 -51.50001 -6.00000
-51.20000 -52.50001 -13.00000
-50.70000 -52.50001 -7.50000
-51.20000 -52.00001 -7.50000
-51.20000 -52.50001 -8.00000
-50.70000 -52.50001 -6.50000
-51.20000 -52.00001 -6.50000
-50.70000 -53.50001 -13.50000
-51.20000 -53.50001 -13.00000
-50.70000 -53.50001 -7.50000
-51.20000 -53.50001 -8.00000
-50.70000 -54.50001 -13.50000
-51.20000 -54.50001 -13.00000
-50.70000 -54.50001 -8.50000
-51.20000 -54.00001 -8.50000
-51.20000 -54.50001 -9.00000
-50.70000 -55.50001 -13.50000
-51.20000 -55.50001 -13.00000
-50.70000 -55.50001 -9.50000
-51.20000 -55.50001 -9.00000
-50.70000 -56.50001 -13.50000
-51.20000 -56.00001 -12.50000
-50.70000 -56.50001 -12.50000
-51.20000 -56.50001 -12.00000
-51.20000 -56.00001 -10.50000
-51.20000 -56.50001 -11.00000
-51.20000 -56.00001 -9.50000
-50.70000 -57.50001 -12.50000
-51.20000 -57.00001 -11.50000
-51.70000 -47.50001 -8.50000
-51.70000 -47.50001 -7.50000
-51.70000 -48.50001 -9.50000
-51.70000 -48.50001 -8.50000
-51.70000 -48.50001 -7.50000
-51.70000 -49.50001 -11.50000
-51.70000 -49.50001 -10.50000
-51.70000 -49.50001 -9.50000
-51.70000 -49.50001 -8.50000
-51.70000 -49.50001 -7.50000
-51.70000 -49.50001 -6.50000
-51.70000 -50.50001 -11.50000
-51.70000 -50.50001 -10.50000
-51.70000 -50.50001 -9.50000
-51.70000 -50.50001 -8.50000
-51.70000 -50.50001 -7.50000
-51.70000 -50.50001 -6.50000
-51.70000 -51.50001 -12.50000
-52.20000 -51.50001 -12.00000
-52.20000 -51.00001 -11.50000
-52.20000 -51.00001 -10.50000
-52.20000 -51.50001 -10.00000
-51.70000 -51.50001 -9.50000
-51.70000 -51.50001 -8.50000
-51.70000 -51.50001 -7.50000
-51.70000 -51.50001 -6.50000
-51.70000 -52.50001 -12.50000
-52.20000 -52.50001 -12.00000
-52.20000 -52.00001 -9.50000
-52.20000 -52.50001 -9.00000
-51.70000 -52.50001 -8.50000
-51.70000 -53.50001 -12.50000
-52.20000 -53.50001 -12.00000
-51.70000 -53.50001 -8.50000
-52.20000 -53.50001 -9.00000
-51.70000 -54.50001 -12.50000
-52.20000 -54.00001 -11.50000
-51.70000 -54.50001 -11.50000
-52.20000 -54.50001 -11.00000
-51.70000 -54.50001 -9.50000
-52.20000 -54.00001 -9.50000
-52.20000 -54.50001 -10.00000
-51.70000 -55.50001 -12.50000
-51.70000 -55.50001 -11.50000
-52.20000 -55.00001 -10.50000
-51.70000 -55.50001 -10.50000
-51.70000 -55.50001 -9.50000
-51.70000 -56.50001 -11.50000
-52.70000 -51.50001 -11.50000
-52.70000 -51.50001 -10.50000
-52.70000 -52.50001 -11.50000
-52.70000 -52.50001 -10.50000
-52.70000 -52.50001 -9.50000
-52.70000 -53.50001 -11.50000
-52.70000 -53.50001 -10.50000
-52.70000 -53.50001 -9.50000
-52.70000 -54.50001 -10.50000
3 2 1 0
3 0 3 2
3 1 4 0
3 0 4 3
3 7 6 5
3 5 8 7
3 5 6 9
3 9 6 10
3 8 5 11
3 11 5 9
3 9 10 12
3 12 10 13
3 11 9 14
3 9 15 14
3 9 12 15
3 15 16 14
3 13 17 12
3 18 1 2
3 12 18 2
3 15 12 2
3 17 18 12
3 20 19 3
3 3 19 2
3 19 16 2
3 16 15 2
3 20 21 19
3 18 22 1
3 1 22 4
3 3 4 20
3 4 23 20
3 4 22 23
3 20 23 21
3 26 25 24
3 24 27 26
3 25 28 24
3 24 28 27
3 31 30 29
3 29 32 31
3 30 33 29
3 29 33 32
3 36 35 34
3 34 37 36
3 35 38 34
3 38 39 34
3 39 40 34
3 41 37 34
3 41 34 40
3 40 42 41
3 39 43 40
3 40 43 42
3 46 45 44
3 44 47 46
3 44 45 7
3 45 6 7
3 45 48 6
3 50 49 8
3 8 49 7
3 49 47 7
3 47 44 7
3 50 51 49
3 48 10 6
3 52 10 48
3 11 53 50
3 11 50 8
3 51 50 54
3 50 55 54
3 50 53 55
3 55 56 54
3 52 13 10
3 57 13 52
3 14 53 11
3 53 14 16
3 58 53 16
3 55 53 58
3 56 55 59
3 55 60 59
3 55 58 60
3 60 61 59
3 57 62 13
3 13 62 17
3 18 17 62
3 18 62 63
3 19 58 16
3 58 19 21
3 64 58 21
3 60 58 64
3 61 60 65
3 65 60 64
3 63 66 18
3 18 66 22
3 66 68 67
3 23 66 67
3 22 66 23
3 64 21 23
3 67 64 23
3 69 64 67
3 65 64 70
3 70 64 69
3 67 68 71
3 71 68 72
3 74 69 73
3 69 71 73
3 69 67 71
3 69 74 70
3 72 75 71
3 71 75 73
3 78 77 76
3 76 79 78
3 77 80 76
3 76 80 79
3 83 82 81
3 81 84 83
3 81 82 85
3 85 82 86
3 84 81 87
3 87 81 85
3 90 89 88
3 90 88 86
3 88 85 86
3 88 91 85
3 87 85 92
3 92 85 91
3 95 94 93
3 95 93 89
3 93 88 89
3 93 96 88
3 88 97 91
3 88 96 97
3 92 91 98
3 98 91 97
3 93 94 99
3 99 94 100
3 93 101 96
3 93 99 101
3 96 102 97
3 96 101 102
3 98 97 103
3 97 104 103
3 97 102 104
3 104 105 103
3 100 106 99
3 108 107 106
3 107 99 106
3 107 101 99
3 101 109 102
3 101 107 109
3 102 110 104
3 102 109 110
3 105 104 111
3 104 112 111
3 104 110 112
3 112 113 111
3 107 108 114
3 114 108 115
3 107 116 109
3 107 114 116
3 116 25 26
3 110 116 26
3 109 116 110
3 110 26 27
3 117 110 27
3 112 110 117
3 113 112 118
3 118 112 117
3 114 115 119
3 119 115 120
3 114 121 116
3 114 119 121
3 122 28 25
3 116 122 25
3 121 122 116
3 122 123 28
3 28 123 27
3 123 124 27
3 124 117 27
3 117 124 118
3 119 120 125
3 125 120 126
3 125 30 31
3 121 125 31
3 119 125 121
3 121 31 32
3 127 121 32
3 122 121 127
3 123 122 128
3 128 122 127
3 126 129 125
3 129 131 130
3 129 130 33
3 125 129 33
3 30 125 33
3 130 132 33
3 33 132 32
3 132 133 32
3 133 127 32
3 127 133 128
3 131 134 130
3 130 134 132
3 137 136 135
3 139 138 135
3 135 138 137
3 139 140 138
3 142 141 36
3 36 141 35
3 143 135 37
3 135 142 37
3 142 36 37
3 135 136 142
3 135 144 139
3 135 143 144
3 140 139 145
3 139 146 145
3 139 144 146
3 146 147 145
3 141 148 35
3 35 148 38
3 148 149 38
3 148 37 149
3 37 148 143
3 150 143 148
3 143 150 41
3 149 41 150
3 150 39 149
3 149 39 38
3 37 41 149
3 143 41 42
3 151 143 42
3 144 143 151
3 144 152 146
3 144 151 152
3 147 146 153
3 146 154 153
3 146 152 154
3 154 155 153
3 150 156 39
3 39 156 43
3 43 156 42
3 156 157 42
3 157 151 42
3 157 156 158
3 151 159 152
3 151 157 159
3 152 160 154
3 152 159 160
3 155 154 161
3 154 162 161
3 154 160 162
3 164 163 162
3 162 163 161
3 164 165 163
3 158 166 157
3 157 166 159
3 159 166 167
3 169 168 167
3 168 159 167
3 168 160 159
3 160 170 162
3 160 168 170
3 162 171 164
3 162 170 171
3 165 164 172
3 172 164 171
3 169 173 168
3 168 173 170
3 170 173 174
3 170 174 171
3 171 174 175
3 171 175 172
3 177 176 46
3 46 176 45
3 179 178 47
3 178 46 47
3 178 177 46
3 181 180 179
3 179 180 178
3 181 182 180
3 176 48 45
3 183 48 176
3 49 179 47
3 179 49 51
3 184 179 51
3 181 179 184
3 182 181 185
3 181 186 185
3 181 184 186
3 186 187 185
3 183 52 48
3 188 52 183
3 54 184 51
3 184 54 56
3 189 184 56
3 186 184 189
3 187 186 190
3 186 191 190
3 186 189 191
3 191 192 190
3 188 57 52
3 193 57 188
3 59 189 56
3 189 59 61
3 194 189 61
3 191 189 194
3 192 191 195
3 191 196 195
3 191 194 196
3 196 197 195
3 62 57 198
3 57 199 198
3 57 193 199
3 198 63 62
3 65 200 194
3 65 194 61
3 202 196 201
3 196 200 201
3 196 194 200
3 196 202 197
3 199 203 198
3 203 205 204
3 203 204 66
3 198 203 66
3 63 198 66
3 204 68 66
3 70 206 200
3 70 200 65
3 201 200 207
3 207 200 206
3 204 205 208
3 208 205 209
3 208 72 68
3 208 68 204
3 73 210 74
3 210 211 74
3 74 211 70
3 211 212 70
3 212 206 70
3 206 212 207
3 208 209 213
3 213 209 214
3 208 213 72
3 213 215 72
3 215 75 72
3 213 216 215
3 73 75 210
3 75 217 210
3 75 215 217
3 210 217 211
3 220 219 218
3 222 221 218
3 221 213 218
3 214 220 218
3 214 218 213
3 213 221 216
3 219 223 218
3 218 223 222
3 226 225 224
3 224 227 226
3 224 225 228
3 228 225 229
3 227 224 230
3 230 224 228
3 228 229 231
3 231 229 232
3 230 228 233
3 228 234 233
3 228 231 234
3 234 235 233
3 231 232 236
3 236 232 237
3 236 77 78
3 234 236 78
3 231 236 234
3 78 79 234
3 79 235 234
3 79 238 235
3 237 239 236
3 236 239 77
3 239 80 77
3 239 240 80
3 79 241 238
3 241 79 242
3 80 242 79
3 242 80 243
3 240 243 80
3 242 244 241
3 243 245 242
3 245 246 242
3 246 247 242
3 248 244 242
3 248 242 247
3 247 249 248
3 252 251 250
3 254 253 250
3 250 253 252
3 253 254 246
3 246 254 247
3 254 82 247
3 82 83 247
3 256 255 84
3 84 255 83
3 255 249 83
3 249 247 83
3 256 257 255
3 250 251 258
3 258 251 259
3 250 260 254
3 250 258 260
3 260 86 82
3 260 82 254
3 87 261 256
3 87 256 84
3 257 256 262
3 262 256 261
3 258 259 263
3 263 259 264
3 263 89 90
3 260 263 90
3 258 263 260
3 260 90 86
3 92 265 261
3 92 261 87
3 262 261 266
3 266 261 265
3 263 264 95
3 264 94 95
3 264 267 94
3 263 95 89
3 98 268 265
3 98 265 92
3 266 265 269
3 269 265 268
3 267 100 94
3 270 100 267
3 103 268 98
3 272 271 105
3 105 271 103
3 271 269 103
3 269 268 103
3 274 273 272
3 272 273 271
3 274 275 273
3 106 100 276
3 100 277 276
3 100 270 277
3 276 108 106
3 111 272 105
3 272 111 113
3 278 272 113
3 274 272 278
3 275 274 279
3 279 274 278
3 276 277 280
3 280 277 281
3 280 115 108
3 280 108 276
3 283 282 278
3 113 283 278
3 118 283 113
3 278 282 279
3 280 281 284
3 284 281 285
3 284 120 115
3 284 115 280
3 123 286 124
3 286 287 124
3 287 118 124
3 287 283 118
3 284 285 288
3 288 285 289
3 288 126 120
3 288 120 284
3 291 290 286
3 123 291 286
3 128 291 123
3 286 290 287
3 288 289 292
3 292 289 293
3 294 129 126
3 288 294 126
3 292 294 288
3 294 131 129
3 132 295 133
3 295 296 133
3 296 128 133
3 296 291 128
3 293 297 292
3 299 298 297
3 298 292 297
3 298 294 292
3 300 134 131
3 294 300 131
3 298 300 294
3 300 301 134
3 134 301 132
3 301 302 132
3 302 295 132
3 295 302 296
3 299 303 298
3 305 304 303
3 304 298 303
3 304 300 298
3 301 300 306
3 306 300 304
3 305 307 304
3 304 307 306
3 310 309 308
3 308 311 310
3 309 312 308
3 308 312 311
3 315 314 313
3 313 316 315
3 313 314 317
3 317 314 318
3 316 313 319
3 319 313 317
3 317 318 320
3 320 318 321
3 319 317 322
3 322 317 320
3 320 321 323
3 323 321 324
3 322 320 325
3 320 326 325
3 320 323 326
3 326 327 325
3 323 324 328
3 328 324 329
3 323 330 326
3 323 328 330
3 327 326 331
3 326 332 331
3 326 330 332
3 332 333 331
3 336 335 334
3 336 334 329
3 334 328 329
3 334 337 328
3 328 338 330
3 328 337 338
3 330 339 332
3 330 338 339
3 333 332 340
3 332 341 340
3 332 339 341
3 343 342 341
3 341 342 340
3 343 344 342
3 347 346 345
3 345 348 347
3 334 335 349
3 349 335 350
3 334 351 337
3 334 349 351
3 337 352 338
3 337 351 352
3 338 353 339
3 338 352 353
3 339 354 341
3 339 353 354
3 341 355 343
3 341 354 355
3 344 343 356
3 343 357 356
3 343 355 357
3 359 358 357
3 357 358 356
3 358 359 346
3 359 345 346
3 359 360 345
3 348 345 361
3 345 362 361
3 345 360 362
3 362 363 361
3 349 350 364
3 364 350 365
3 349 366 351
3 349 364 366
3 351 367 352
3 351 366 367
3 352 368 353
3 352 367 368
3 353 369 354
3 353 368 369
3 354 370 355
3 354 369 370
3 355 371 357
3 355 370 371
3 357 372 359
3 357 371 372
3 359 373 360
3 359 372 373
3 360 374 362
3 360 373 374
3 363 362 375
3 362 376 375
3 362 374 376
3 376 377 375
3 364 365 137
3 365 136 137
3 365 378 136
3 364 137 138
3 364 138 366
3 366 138 140
3 379 366 140
3 367 366 379
3 381 368 380
3 368 379 380
3 368 367 379
3 368 381 369
3 369 381 382
3 369 382 370
3 370 382 383
3 370 383 371
3 371 383 384
3 371 384 372
3 372 384 385
3 372 385 373
3 373 385 386
3 388 387 386
3 387 373 386
3 387 374 373
3 374 389 376
3 374 387 389
3 377 376 390
3 390 376 389
3 393 392 391
3 141 142 391
3 142 393 391
3 142 394 393
3 142 136 378
3 142 378 394
3 145 379 140
3 396 395 147
3 147 395 145
3 395 380 145
3 380 379 145
3 396 397 395
3 387 388 398
3 398 388 399
3 387 400 389
3 387 398 400
3 390 389 401
3 401 389 400
3 392 402 391
3 391 402 141
3 402 148 141
3 402 403 148
3 150 148 403
3 150 403 404
3 153 396 147
3 406 405 155
3 155 405 153
3 405 397 153
3 397 396 153
3 406 407 405
3 398 399 408
3 408 399 409
3 398 410 400
3 398 408 410
3 401 400 411
3 411 400 410
3 404 412 150
3 150 412 156
3 158 156 412
3 158 412 413
3 161 406 155
3 414 407 406
3 161 414 406
3 163 414 161
3 416 415 165
3 415 163 165
3 415 414 163
3 418 417 416
3 416 417 415
3 420 419 418
3 418 419 417
3 419 420 409
3 420 408 409
3 420 421 408
3 408 422 410
3 408 421 422
3 411 410 423
3 423 410 422
3 413 424 158
3 158 424 166
3 424 426 425
3 167 424 425
3 166 424 167
3 425 169 167
3 172 427 416
3 172 416 165
3 416 428 418
3 416 427 428
3 418 429 420
3 418 428 429
3 420 430 421
3 420 429 430
3 421 431 422
3 421 430 431
3 423 422 432
3 432 422 431
3 426 433 425
3 425 433 169
3 433 173 169
3 433 434 173
3 173 435 174
3 434 435 173
3 174 436 175
3 435 436 174
3 172 175 427
3 175 437 427
3 175 436 437
3 427 437 428
3 428 437 438
3 428 438 429
3 429 438 439
3 429 439 430
3 430 439 440
3 430 440 431
3 431 440 441
3 431 441 432
3 444 443 442
3 442 445 444
3 448 447 446
3 448 446 443
3 446 442 443
3 446 449 442
3 445 442 450
3 442 451 450
3 442 449 451
3 451 452 450
3 446 447 177
3 447 176 177
3 447 453 176
3 446 177 178
3 446 178 449
3 449 178 180
3 449 180 451
3 455 454 182
3 182 454 180
3 454 452 180
3 452 451 180
3 455 456 454
3 453 183 176
3 457 183 453
3 185 455 182
3 459 458 187
3 187 458 185
3 458 456 185
3 456 455 185
3 459 460 458
3 457 188 183
3 461 188 457
3 190 459 187
3 190 192 459
3 192 460 459
3 192 462 460
3 461 193 188
3 463 193 461
3 192 195 464
3 465 192 464
3 462 192 465
3 197 464 195
3 463 199 193
3 466 199 463
3 202 201 467
3 464 468 465
3 468 464 469
3 464 197 469
3 202 467 469
3 202 469 197
3 203 199 470
3 199 471 470
3 199 466 471
3 470 205 203
3 473 472 467
3 201 473 467
3 207 473 201
3 467 472 469
3 471 474 470
3 205 470 474
3 475 205 474
3 209 205 475
3 211 476 212
3 476 477 212
3 477 207 212
3 477 473 207
3 475 214 209
3 478 214 475
3 216 479 215
3 215 479 480
3 481 215 480
3 217 215 481
3 211 217 476
3 217 482 476
3 217 481 482
3 476 482 477
3 484 483 220
3 220 483 219
3 221 222 485
3 486 485 222
3 478 220 214
3 220 478 484
3 216 221 479
3 221 487 479
3 221 485 487
3 479 487 480
3 483 488 219
3 219 488 223
3 222 223 486
3 486 223 488
3 491 490 489
3 489 492 491
3 495 494 493
3 497 496 493
3 493 496 495
3 496 497 490
3 490 497 489
3 497 225 489
3 225 226 489
3 226 227 489
3 227 492 489
3 227 498 492
3 493 494 499
3 499 494 500
3 493 501 497
3 493 499 501
3 501 229 225
3 501 225 497
3 230 503 502
3 498 230 502
3 227 230 498
3 503 504 502
3 499 500 505
3 505 500 506
3 499 507 501
3 499 505 507
3 507 232 229
3 507 229 501
3 233 503 230
3 233 235 503
3 235 504 503
3 235 508 504
3 506 509 505
3 511 510 509
3 510 505 509
3 510 507 505
3 510 237 232
3 510 232 507
3 238 513 512
3 508 238 512
3 235 238 508
3 513 514 512
3 510 511 515
3 515 511 516
3 517 239 237
3 510 517 237
3 515 517 510
3 518 240 239
3 518 239 517
3 521 520 519
3 518 243 240
3 513 238 241
3 521 519 244
3 519 514 244
3 513 241 244
3 513 244 514
3 515 516 522
3 522 516 523
3 515 524 517
3 515 522 524
3 517 525 518
3 517 524 525
3 526 520 521
3 518 245 243
3 245 518 527
3 525 527 518
3 527 246 245
3 248 521 244
3 521 248 526
3 528 526 248
3 248 249 528
3 528 249 529
3 523 530 522
3 532 531 530
3 531 522 530
3 531 524 522
3 531 251 252
3 525 531 252
3 524 531 525
3 525 252 253
3 525 253 527
3 527 253 246
3 533 529 249
3 533 249 255
3 255 257 533
3 533 257 534
3 531 532 535
3 535 532 536
3 535 259 251
3 535 251 531
3 262 534 257
3 262 537 534
3 535 536 538
3 538 536 539
3 538 264 259
3 538 259 535
3 266 541 540
3 537 266 540
3 262 266 537
3 541 542 540
3 538 539 543
3 543 539 544
3 543 267 264
3 543 264 538
3 269 545 541
3 269 541 266
3 542 541 546
3 541 547 546
3 541 545 547
3 549 548 547
3 547 548 546
3 549 550 548
3 543 544 551
3 551 544 552
3 551 270 267
3 551 267 543
3 271 545 269
3 545 271 273
3 545 273 547
3 549 547 553
3 547 275 553
3 275 554 553
3 275 547 273
3 549 553 550
3 551 552 555
3 555 552 556
3 555 277 270
3 555 270 551
3 279 554 275
3 279 557 554
3 556 558 555
3 277 555 558
3 559 277 558
3 281 277 559
3 283 560 282
3 560 561 282
3 561 279 282
3 561 557 279
3 559 285 281
3 562 285 559
3 564 563 560
3 283 564 560
3 287 564 283
3 560 563 561
3 562 289 285
3 565 289 562
3 291 566 290
3 566 567 290
3 567 287 290
3 567 564 287
3 565 293 289
3 568 293 565
3 296 569 566
3 296 566 291
3 567 566 570
3 570 566 569
3 297 293 571
3 293 572 571
3 293 568 572
3 571 299 297
3 301 573 302
3 573 574 302
3 302 574 296
3 574 575 296
3 575 569 296
3 569 575 570
3 571 572 576
3 576 572 577
3 578 303 299
3 571 578 299
3 576 578 571
3 578 305 303
3 306 579 573
3 306 573 301
3 574 573 580
3 580 573 579
3 576 577 581
3 581 577 582
3 576 583 578
3 576 581 583
3 584 307 305
3 578 584 305
3 583 584 578
3 579 306 307
3 584 579 307
3 585 579 584
3 580 579 586
3 586 579 585
3 581 582 587
3 587 582 588
3 581 589 583
3 581 587 589
3 583 590 584
3 583 589 590
3 584 591 585
3 584 590 591
3 586 585 592
3 592 585 591
3 587 588 593
3 593 588 594
3 593 309 310
3 589 593 310
3 587 593 589
3 589 310 311
3 595 589 311
3 590 589 595
3 597 591 596
3 591 595 596
3 591 590 595
3 591 597 592
3 593 594 598
3 598 594 599
3 600 312 309
3 593 600 309
3 598 600 593
3 595 311 312
3 600 595 312
3 601 595 600
3 596 595 602
3 602 595 601
3 598 599 603
3 603 599 604
3 598 605 600
3 598 603 605
3 607 601 606
3 601 605 606
3 601 600 605
3 601 607 602
3 603 604 608
3 608 604 609
3 603 610 605
3 603 608 610
3 606 605 611
3 611 605 610
3 609 612 608
3 608 612 610
3 610 612 613
3 610 613 611
3 616 615 614
3 614 617 616
3 620 619 618
3 620 618 615
3 618 614 615
3 618 621 614
3 617 614 622
3 622 614 621
3 625 624 623
3 625 623 619
3 619 623 618
3 623 314 618
3 314 315 618
3 618 315 316
3 626 618 316
3 621 618 626
3 622 621 627
3 621 628 627
3 621 626 628
3 628 629 627
3 623 624 630
3 630 624 631
3 630 318 314
3 630 314 623
3 319 632 626
3 319 626 316
3 626 633 628
3 626 632 633
3 629 628 634
3 634 628 633
3 637 636 635
3 637 635 631
3 635 630 631
3 635 638 630
3 638 321 318
3 638 318 630
3 322 639 632
3 322 632 319
3 632 640 633
3 632 639 640
3 634 633 641
3 633 642 641
3 633 640 642
3 642 643 641
3 635 636 644
3 644 636 645
3 635 646 638
3 635 644 646
3 646 324 321
3 646 321 638
3 325 639 322
3 639 325 327
3 647 639 327
3 640 639 647
3 640 648 642
3 640 647 648
3 643 642 649
3 642 650 649
3 642 648 650
3 652 651 650
3 650 651 649
3 652 653 651
3 644 645 654
3 654 645 655
3 644 656 646
3 644 654 656
3 656 329 324
3 656 324 646
3 331 647 327
3 647 331 333
3 657 647 333
3 648 647 657
3 648 658 650
3 648 657 658
3 650 659 652
3 650 658 659
3 653 652 660
3 652 661 660
3 652 659 661
3 663 662 661
3 661 662 660
3 665 664 663
3 663 664 662
3 665 666 664
3 654 655 667
3 667 655 668
3 667 335 336
3 656 667 336
3 654 667 656
3 656 336 329
3 340 657 333
3 657 340 342
3 657 342 658
3 658 342 344
3 669 658 344
3 659 658 669
3 659 670 661
3 659 669 670
3 670 346 347
3 663 670 347
3 661 670 663
3 663 347 348
3 671 663 348
3 665 663 671
3 666 665 672
3 665 673 672
3 665 671 673
3 673 674 672
3 668 675 667
3 335 667 675
3 676 335 675
3 350 335 676
3 356 669 344
3 669 356 358
3 669 358 670
3 670 358 346
3 361 671 348
3 671 361 363
3 677 671 363
3 673 671 677
3 674 673 678
3 673 679 678
3 673 677 679
3 679 680 678
3 676 365 350
3 681 365 676
3 375 677 363
3 677 375 377
3 682 677 377
3 679 677 682
3 680 679 683
3 683 679 682
3 685 378 684
3 378 681 684
3 378 365 681
3 687 686 685
3 687 685 684
3 689 688 686
3 689 686 687
3 381 380 688
3 689 381 688
3 690 381 689
3 381 691 382
3 690 691 381
3 382 692 383
3 691 692 382
3 383 693 384
3 692 693 383
3 384 694 385
3 693 694 384
3 694 696 695
3 386 694 695
3 385 694 386
3 695 388 386
3 390 697 682
3 390 682 377
3 683 682 698
3 682 699 698
3 682 697 699
3 699 700 698
3 702 701 393
3 393 701 392
3 703 393 394
3 703 702 393
3 394 378 685
3 704 394 685
3 703 394 704
3 704 685 686
3 704 686 705
3 705 686 688
3 705 688 706
3 708 706 707
3 707 706 395
3 706 688 395
3 688 380 395
3 397 707 395
3 695 696 709
3 709 696 710
3 709 399 388
3 709 388 695
3 401 711 697
3 401 697 390
3 713 699 712
3 699 711 712
3 699 697 711
3 699 713 700
3 701 714 392
3 392 714 402
3 714 716 715
3 403 714 715
3 402 714 403
3 715 404 403
3 717 708 707
3 717 707 397
3 405 717 397
3 718 717 405
3 720 719 407
3 719 405 407
3 719 718 405
3 722 721 720
3 720 721 719
3 724 723 722
3 722 723 721
3 723 724 710
3 724 709 710
3 724 725 709
3 725 409 399
3 725 399 709
3 411 726 711
3 411 711 401
3 712 711 727
3 727 711 726
3 716 728 715
3 715 728 404
3 728 412 404
3 728 729 412
3 413 412 729
3 413 729 730
3 414 720 407
3 720 414 415
3 720 415 722
3 722 415 417
3 722 417 724
3 724 417 419
3 724 419 725
3 725 419 409
3 732 731 726
3 411 732 726
3 423 732 411
3 726 731 727
3 730 733 413
3 413 733 424
3 735 734 426
3 424 735 426
3 733 735 424
3 737 736 734
3 737 734 735
3 738 736 737
3 741 740 739
3 743 742 739
3 743 739 740
3 745 744 742
3 745 742 743
3 745 732 744
3 732 432 744
3 732 423 432
3 734 433 426
3 433 734 434
3 434 734 736
3 738 746 736
3 746 434 736
3 746 435 434
3 435 747 436
3 746 747 435
3 436 748 437
3 747 748 436
3 437 749 438
3 748 749 437
3 739 439 741
3 439 749 741
3 439 438 749
3 439 739 440
3 440 739 742
3 440 742 441
3 441 742 744
3 441 744 432
3 751 750 444
3 444 750 443
3 753 752 445
3 752 444 445
3 752 751 444
3 753 754 752
3 755 447 448
3 756 755 448
3 443 756 448
3 750 756 443
3 450 753 445
3 758 757 452
3 452 757 450
3 757 754 450
3 754 753 450
3 758 759 757
3 761 760 755
3 760 447 755
3 760 453 447
3 761 755 756
3 454 758 452
3 763 762 456
3 456 762 454
3 762 759 454
3 759 758 454
3 763 764 762
3 760 457 453
3 765 457 760
3 458 763 456
3 458 460 763
3 460 764 763
3 460 766 764
3 765 461 457
3 767 461 765
3 770 769 768
3 769 766 768
3 766 462 768
3 766 460 462
3 767 463 461
3 771 463 767
3 770 768 772
3 770 772 773
3 465 772 462
3 462 772 768
3 776 775 774
3 771 776 774
3 466 771 774
3 463 771 466
3 773 772 777
3 773 777 778
3 468 779 465
3 779 772 465
3 779 777 772
3 469 779 468
3 775 780 774
3 466 774 780
3 781 466 780
3 471 466 781
3 782 778 777
3 473 783 472
3 783 777 472
3 777 779 472
3 783 782 777
3 472 779 469
3 781 784 471
3 471 784 474
3 475 474 784
3 475 784 785
3 477 783 473
3 477 786 783
3 785 478 475
3 787 478 785
3 480 788 481
3 481 788 789
3 790 481 789
3 482 481 790
3 477 482 786
3 786 482 790
3 791 483 484
3 485 486 792
3 791 792 486
3 792 791 787
3 484 787 791
3 787 484 478
3 485 793 487
3 792 793 485
3 480 487 788
3 487 794 788
3 487 793 794
3 788 794 789
3 791 488 483
3 488 791 486
3 797 796 795
3 795 798 797
3 801 800 799
3 801 799 796
3 799 795 796
3 799 802 795
3 798 795 803
3 795 804 803
3 795 802 804
3 804 805 803
3 799 800 806
3 806 800 807
3 799 808 802
3 799 806 808
3 802 809 804
3 802 808 809
3 805 804 810
3 804 811 810
3 804 809 811
3 811 812 810
3 806 807 813
3 813 807 814
3 806 815 808
3 806 813 815
3 808 816 809
3 808 815 816
3 816 490 491
3 811 816 491
3 809 816 811
3 491 492 811
3 492 812 811
3 492 817 812
3 813 814 818
3 818 814 819
3 818 494 495
3 815 818 495
3 813 818 815
3 815 495 496
3 815 496 816
3 816 496 490
3 498 821 820
3 817 498 820
3 492 498 817
3 821 822 820
3 818 819 823
3 823 819 824
3 823 500 494
3 823 494 818
3 502 821 498
3 502 504 821
3 504 822 821
3 504 825 822
3 823 824 826
3 826 824 827
3 826 506 500
3 826 500 823
3 508 829 828
3 825 508 828
3 504 508 825
3 829 830 828
3 827 831 826
3 831 833 832
3 831 832 509
3 826 831 509
3 506 826 509
3 832 511 509
3 512 829 508
3 512 514 829
3 514 830 829
3 514 834 830
3 832 833 835
3 835 833 836
3 835 516 511
3 835 511 832
3 520 837 519
3 837 838 519
3 838 514 519
3 838 834 514
3 836 839 835
3 516 835 839
3 840 516 839
3 523 516 840
3 526 837 520
3 526 528 837
3 528 841 837
3 841 838 837
3 528 842 841
3 529 842 528
3 530 523 843
3 523 844 843
3 523 840 844
3 843 532 530
3 845 841 842
3 845 842 529
3 533 845 529
3 846 845 533
3 848 847 534
3 847 533 534
3 847 846 533
3 848 849 847
3 843 844 850
3 850 844 851
3 850 536 532
3 850 532 843
3 537 852 848
3 537 848 534
3 849 848 853
3 853 848 852
3 851 854 850
3 536 850 854
3 855 536 854
3 539 536 855
3 540 852 537
3 540 542 852
3 542 853 852
3 542 856 853
3 855 544 539
3 857 544 855
3 858 856 542
3 858 542 546
3 859 546 548
3 859 858 546
3 548 550 859
3 859 550 860
3 857 552 544
3 861 552 857
3 554 862 553
3 862 863 553
3 863 550 553
3 863 860 550
3 861 556 552
3 864 556 861
3 557 865 862
3 557 862 554
3 863 862 866
3 866 862 865
3 558 556 867
3 556 868 867
3 556 864 868
3 867 559 558
3 870 869 865
3 557 870 865
3 561 870 557
3 865 869 866
3 867 868 871
3 871 868 872
3 871 562 559
3 871 559 867
3 564 873 563
3 873 874 563
3 874 561 563
3 874 870 561
3 871 872 875
3 875 872 876
3 875 565 562
3 875 562 871
3 567 877 873
3 567 873 564
3 874 873 878
3 878 873 877
3 875 876 879
3 879 876 880
3 879 568 565
3 879 565 875
3 882 881 877
3 567 882 877
3 570 882 567
3 877 881 878
3 879 880 883
3 883 880 884
3 883 572 568
3 883 568 879
3 574 885 575
3 885 886 575
3 886 570 575
3 886 882 570
3 883 884 887
3 887 884 888
3 887 577 572
3 887 572 883
3 580 889 885
3 580 885 574
3 886 885 890
3 890 885 889
3 887 888 891
3 891 888 892
3 891 582 577
3 891 577 887
3 586 893 889
3 586 889 580
3 890 889 894
3 894 889 893
3 891 892 895
3 895 892 896
3 895 588 582
3 895 582 891
3 592 897 893
3 592 893 586
3 894 893 898
3 898 893 897
3 895 896 899
3 899 896 900
3 899 594 588
3 899 588 895
3 596 901 597
3 897 592 597
3 901 897 597
3 902 897 901
3 898 897 903
3 903 897 902
3 899 900 904
3 904 900 905
3 904 599 594
3 904 594 899
3 602 906 901
3 602 901 596
3 908 902 907
3 902 906 907
3 902 901 906
3 902 908 903
3 904 905 909
3 909 905 910
3 909 604 599
3 909 599 904
3 606 911 607
3 906 602 607
3 911 906 607
3 912 906 911
3 907 906 913
3 913 906 912
3 909 910 914
3 914 910 915
3 914 609 604
3 914 604 909
3 611 916 911
3 611 911 606
3 918 912 917
3 912 916 917
3 912 911 916
3 912 918 913
3 921 920 919
3 921 919 915
3 919 914 915
3 919 922 914
3 923 612 609
3 914 923 609
3 922 923 914
3 924 613 612
3 924 612 923
3 916 611 613
3 924 916 613
3 925 916 924
3 917 916 926
3 926 916 925
3 919 920 927
3 927 920 928
3 919 929 922
3 919 927 929
3 922 930 923
3 922 929 930
3 923 931 924
3 923 930 931
3 933 925 932
3 925 931 932
3 925 924 931
3 925 933 926
3 927 928 934
3 934 928 935
3 927 936 929
3 927 934 936
3 936 615 616
3 930 936 616
3 929 936 930
3 930 616 617
3 937 930 617
3 931 930 937
3 932 931 938
3 938 931 937
3 934 935 939
3 939 935 940
3 939 619 620
3 936 939 620
3 934 939 936
3 936 620 615
3 622 941 937
3 622 937 617
3 938 937 942
3 942 937 941
3 945 944 943
3 945 943 940
3 940 943 939
3 943 624 939
3 624 625 939
3 939 625 619
3 627 941 622
3 627 629 941
3 629 942 941
3 629 946 942
3 943 944 947
3 947 944 948
3 947 631 624
3 947 624 943
3 634 946 629
3 634 949 946
3 947 948 637
3 948 636 637
3 948 950 636
3 947 637 631
3 634 641 951
3 952 634 951
3 949 634 952
3 643 951 641
3 955 954 953
3 953 956 955
3 950 645 636
3 957 645 950
3 958 952 951
3 958 951 643
3 649 958 643
3 959 958 649
3 960 649 651
3 960 959 649
3 962 961 653
3 961 651 653
3 961 960 651
3 961 962 954
3 962 953 954
3 962 963 953
3 956 953 964
3 953 965 964
3 953 963 965
3 965 966 964
3 957 655 645
3 967 655 957
3 660 962 653
3 962 660 662
3 962 662 963
3 963 662 664
3 963 664 965
3 969 968 666
3 666 968 664
3 968 966 664
3 966 965 664
3 969 970 968
3 967 668 655
3 971 668 967
3 672 969 666
3 973 972 674
3 674 972 672
3 972 970 672
3 970 969 672
3 973 974 972
3 675 668 975
3 668 976 975
3 668 971 976
3 975 676 675
3 678 973 674
3 678 680 973
3 680 974 973
3 680 977 974
3 975 976 978
3 978 976 979
3 978 681 676
3 978 676 975
3 683 977 680
3 683 980 977
3 979 981 978
3 981 983 982
3 981 982 684
3 978 981 684
3 681 978 684
3 984 687 684
3 984 684 982
3 985 689 687
3 985 687 984
3 986 690 689
3 986 689 985
3 987 691 690
3 987 690 986
3 691 987 988
3 989 691 988
3 692 691 989
3 989 991 990
3 693 989 990
3 692 989 693
3 992 694 693
3 992 693 990
3 992 696 694
3 683 698 993
3 994 683 993
3 980 683 994
3 700 993 698
3 997 996 995
3 701 702 995
3 702 997 995
3 702 998 997
3 999 702 703
3 999 998 702
3 704 982 983
3 999 704 983
3 703 704 999
3 982 704 705
3 982 705 984
3 984 705 706
3 984 706 985
3 985 706 708
3 1000 985 708
3 986 985 1000
3 986 1001 987
3 986 1000 1001
3 988 987 1002
3 987 1003 1002
3 987 1001 1003
3 1002 1003 991
3 1003 990 991
3 1003 1004 990
3 990 1005 992
3 990 1004 1005
3 1005 710 696
3 1005 696 992
3 994 993 713
3 712 994 713
3 1006 994 712
3 713 993 700
3 996 1007 995
3 1007 1009 1008
3 1007 1008 714
3 995 1007 714
3 701 995 714
3 1008 716 714
3 717 1000 708
3 1000 717 718
3 1000 718 1001
3 1001 718 719
3 1001 719 1003
3 1003 719 721
3 1003 721 1004
3 1004 721 723
3 1004 723 1005
3 1005 723 710
3 1012 1011 1010
3 1011 1006 1010
3 1006 727 1010
3 1006 712 727
3 1009 1013 1008
3 1008 1013 716
3 1013 728 716
3 1013 1014 728
3 728 1015 729
3 1014 1015 728
3 1017 1016 730
3 729 1017 730
3 1015 1017 729
3 1019 1018 1016
3 1019 1016 1017
3 1021 1020 1018
3 1021 1018 1019
3 1022 1020 1021
3 1025 1024 1023
3 1023 1024 1012
3 1023 1012 1010
3 732 1023 1010
3 731 732 1010
3 731 1010 727
3 1016 733 730
3 733 1016 735
3 735 1016 1018
3 735 1018 737
3 737 1018 1020
3 1027 1026 738
3 1027 738 737
3 1022 1027 737
3 1020 1022 737
3 1029 1028 1026
3 1029 1026 1027
3 1031 1030 1028
3 1031 1028 1029
3 1033 1032 1030
3 1033 1030 1031
3 740 741 1032
3 1033 740 1032
3 1034 740 1033
3 740 1035 743
3 1034 1035 740
3 1023 745 1025
3 745 1035 1025
3 745 743 1035
3 745 1023 732
3 1026 746 738
3 746 1026 747
3 747 1026 1028
3 747 1028 748
3 748 1028 1030
3 748 1030 749
3 749 1030 1032
3 749 1032 741
3 1038 1037 1036
3 1036 1039 1038
3 1041 1040 751
3 751 1040 750
3 752 1036 1037
3 1041 752 1037
3 751 752 1041
3 1043 1042 754
3 754 1042 752
3 1042 1039 752
3 1039 1036 752
3 1043 1044 1042
3 1040 756 750
3 1045 756 1040
3 757 1043 754
3 757 759 1043
3 759 1044 1043
3 759 1046 1044
3 1048 1047 761
3 761 1047 760
3 761 756 1045
3 761 1045 1048
3 1049 1046 759
3 1049 759 762
3 762 764 1049
3 1049 764 1050
3 1047 765 760
3 1051 765 1047
3 1054 1053 1052
3 1053 1050 1052
3 1050 766 1052
3 1050 764 766
3 1051 767 765
3 1055 767 1051
3 1054 1052 769
3 770 1054 769
3 1056 1054 770
3 769 1052 766
3 1055 771 767
3 1057 771 1055
3 773 1056 770
3 773 1058 1056
3 1059 775 776
3 1060 1059 776
3 771 1060 776
3 1057 1060 771
3 778 1058 773
3 778 1061 1058
3 1059 780 775
3 781 780 1059
3 1060 781 1059
3 1062 781 1060
3 1063 1061 778
3 1063 778 782
3 782 783 1063
3 1063 783 1064
3 1062 1065 781
3 781 1065 784
3 785 784 1065
3 785 1065 1066
3 786 1064 783
3 786 1067 1064
3 1066 787 785
3 1068 787 1066
3 789 1069 790
3 1069 1070 790
3 1070 786 790
3 1070 1067 786
3 792 787 1071
3 787 1072 1071
3 787 1068 1072
3 792 1071 1073
3 1074 792 1073
3 793 792 1074
3 793 1075 794
3 1074 1075 793
3 789 794 1069
3 794 1076 1069
3 794 1075 1076
3 1069 1076 1070
3 1072 1077 1071
3 1071 1077 1073
3 1080 1079 1078
3 1078 1081 1080
3 1079 1082 1078
3 1078 1082 1081
3 1085 1084 1083
3 1083 1086 1085
3 1089 1088 1087
3 1091 1090 1087
3 1087 1090 1089
3 1090 1091 1084
3 1091 1083 1084
3 1091 1092 1083
3 1086 1083 1093
3 1083 1094 1093
3 1083 1092 1094
3 1094 1095 1093
3 1087 1088 1096
3 1096 1088 1097
3 1087 1098 1091
3 1087 1096 1098
3 1091 1099 1092
3 1091 1098 1099
3 1099 796 797
3 1094 1099 797
3 1092 1099 1094
3 1101 1100 798
3 798 1100 797
3 1100 1095 797
3 1095 1094 797
3 1101 1102 1100
3 1096 1097 1103
3 1103 1097 1104
3 1096 1105 1098
3 1096 1103 1105
3 1105 800 801
3 1099 1105 801
3 1098 1105 1099
3 1099 801 796
3 803 1101 798
3 1107 1106 805
3 805 1106 803
3 1106 1102 803
3 1102 1101 803
3 1107 1108 1106
3 1104 1109 1103
3 1111 1110 1109
3 1110 1103 1109
3 1110 1105 1103
3 1110 807 800
3 1110 800 1105
3 810 1107 805
3 810 812 1107
3 812 1108 1107
3 812 1112 1108
3 1110 1111 1113
3 1113 1111 1114
3 1113 814 807
3 1113 807 1110
3 817 1116 1115
3 1112 817 1115
3 812 817 1112
3 1116 1117 1115
3 1113 1114 1118
3 1118 1114 1119
3 1118 819 814
3 1118 814 1113
3 820 1116 817
3 1121 1120 822
3 822 1120 820
3 1120 1117 820
3 1117 1116 820
3 1121 1122 1120
3 1118 1119 1123
3 1123 1119 1124
3 1123 824 819
3 1123 819 1118
3 825 1125 1121
3 825 1121 822
3 1122 1121 1126
3 1126 1121 1125
3 1124 1127 1123
3 824 1123 1127
3 1128 824 1127
3 827 824 1128
3 828 1125 825
3 828 830 1125
3 830 1126 1125
3 830 1129 1126
3 831 827 1130
3 827 1131 1130
3 827 1128 1131
3 1130 833 831
3 834 1133 1132
3 1129 834 1132
3 830 834 1129
3 1133 1134 1132
3 1131 1135 1130
3 833 1130 1135
3 1136 833 1135
3 836 833 1136
3 1138 1137 1133
3 834 1138 1133
3 838 1138 834
3 1133 1137 1134
3 839 836 1139
3 836 1140 1139
3 836 1136 1140
3 1139 840 839
3 841 1142 1141
3 1138 841 1141
3 838 841 1138
3 1142 1143 1141
3 1140 1144 1139
3 840 1139 1144
3 1145 840 1144
3 844 840 1145
3 845 1142 841
3 1146 1143 1142
3 845 1146 1142
3 846 1146 845
3 1147 846 847
3 1147 1146 846
3 847 849 1147
3 1147 849 1148
3 1145 851 844
3 1149 851 1145
3 853 1151 1150
3 1148 853 1150
3 849 853 1148
3 1151 1152 1150
3 854 851 1153
3 851 1154 1153
3 851 1149 1154
3 1153 855 854
3 1157 1156 1155
3 1158 1155 1156
3 856 1159 1151
3 856 1151 853
3 1152 1151 1160
3 1160 1151 1159
3 1153 1154 1161
3 1161 1154 1162
3 1161 857 855
3 1161 855 1153
3 1157 1155 1163
3 1157 1163 1164
3 1155 1158 1165
3 1155 1165 1163
3 858 1159 856
3 1166 1160 1159
3 858 1166 1159
3 859 1166 858
3 859 860 1166
3 1166 860 1167
3 1161 1162 1168
3 1168 1162 1169
3 1168 861 857
3 1168 857 1161
3 1170 1164 1163
3 1170 1163 1165
3 863 1167 860
3 863 1171 1167
3 1168 1169 1172
3 1172 1169 1173
3 1172 864 861
3 1172 861 1168
3 866 1171 863
3 866 1174 1171
3 1173 1175 1172
3 864 1172 1175
3 1176 864 1175
3 868 864 1176
3 870 1177 869
3 1177 1178 869
3 1178 866 869
3 1178 1174 866
3 1176 872 868
3 1179 872 1176
3 1181 1180 1177
3 870 1181 1177
3 874 1181 870
3 1177 1180 1178
3 1179 876 872
3 1182 876 1179
3 878 1181 874
3 878 1183 1181
3 1182 880 876
3 1184 880 1182
3 882 1185 881
3 1185 1186 881
3 1186 878 881
3 1186 1183 878
3 1184 884 880
3 1187 884 1184
3 886 1188 1185
3 886 1185 882
3 1186 1185 1189
3 1189 1185 1188
3 1187 888 884
3 1190 888 1187
3 890 1191 1188
3 890 1188 886
3 1189 1188 1192
3 1192 1188 1191
3 1190 892 888
3 1193 892 1190
3 894 1194 1191
3 894 1191 890
3 1192 1191 1195
3 1195 1191 1194
3 1193 896 892
3 1196 896 1193
3 898 1197 1194
3 898 1194 894
3 1195 1194 1198
3 1198 1194 1197
3 1196 900 896
3 1199 900 1196
3 903 1200 1197
3 903 1197 898
3 1198 1197 1201
3 1201 1197 1200
3 1199 905 900
3 1202 905 1199
3 907 1203 908
3 1200 903 908
3 1203 1200 908
3 1204 1200 1203
3 1201 1200 1205
3 1205 1200 1204
3 1202 910 905
3 1206 910 1202
3 913 1207 1203
3 913 1203 907
3 1203 1208 1204
3 1203 1207 1208
3 1205 1204 1209
3 1209 1204 1208
3 1212 1211 1210
3 1206 1212 1210
3 915 1206 1210
3 910 1206 915
3 917 1213 918
3 1207 913 918
3 1213 1207 918
3 1214 1207 1213
3 1216 1208 1215
3 1208 1214 1215
3 1208 1207 1214
3 1208 1216 1209
3 1210 1211 921
3 1211 920 921
3 1211 1217 920
3 1210 921 915
3 926 1218 1213
3 926 1213 917
3 1213 1219 1214
3 1213 1218 1219
3 1215 1214 1220
3 1220 1214 1219
3 1217 928 920
3 1221 928 1217
3 932 1222 933
3 1218 926 933
3 1222 1218 933
3 1223 1218 1222
3 1218 1224 1219
3 1218 1223 1224
3 1220 1219 1225
3 1225 1219 1224
3 1228 1227 1226
3 1221 1228 1226
3 935 1221 1226
3 928 1221 935
3 938 1229 1222
3 938 1222 932
3 1222 1230 1223
3 1222 1229 1230
3 1223 1231 1224
3 1223 1230 1231
3 1225 1224 1232
3 1232 1224 1231
3 1226 1227 1233
3 1233 1227 1234
3 1233 940 935
3 1233 935 1226
3 942 1235 1229
3 942 1229 938
3 1237 1230 1236
3 1230 1235 1236
3 1230 1229 1235
3 1230 1237 1231
3 1231 1237 1238
3 1231 1238 1232
3 1233 1234 945
3 1234 944 945
3 1234 1239 944
3 1233 945 940
3 1241 1240 1235
3 942 1241 1235
3 946 1241 942
3 1235 1240 1236
3 1239 948 944
3 1242 948 1239
3 949 1241 946
3 949 1243 1241
3 1246 1245 1244
3 1244 1247 1246
3 1242 950 948
3 1248 950 1242
3 952 1250 1249
3 1243 952 1249
3 949 952 1243
3 1252 1251 1250
3 1250 1251 1249
3 1254 1253 1252
3 1252 1253 1251
3 1256 1255 1254
3 1254 1255 1253
3 1255 1256 1245
3 1245 1256 1244
3 1256 954 1244
3 954 955 1244
3 1258 1257 956
3 956 1257 955
3 1257 1247 955
3 1247 1244 955
3 1258 1259 1257
3 1262 1261 1260
3 1248 1262 1260
3 957 1248 1260
3 950 1248 957
3 958 1250 952
3 1250 958 959
3 1250 959 1252
3 1252 959 960
3 1252 960 1254
3 1254 960 961
3 1254 961 1256
3 1256 961 954
3 964 1258 956
3 1264 1263 966
3 966 1263 964
3 1263 1259 964
3 1259 1258 964
3 1264 1265 1263
3 1260 1261 1266
3 1266 1261 1267
3 1266 967 957
3 1266 957 1260
3 968 1264 966
3 1269 1268 970
3 970 1268 968
3 1268 1265 968
3 1265 1264 968
3 1269 1270 1268
3 1266 1267 1271
3 1271 1267 1272
3 1271 971 967
3 1271 967 1266
3 1275 1274 1273
3 1277 1276 1273
3 1277 1273 1274
3 1279 1278 1276
3 1279 1276 1277
3 1281 1280 1278
3 1281 1278 1279
3 1283 1282 1280
3 1283 1280 1281
3 1285 1284 1282
3 1285 1282 1283
3 1287 1286 1284
3 1287 1284 1285
3 1289 1288 1286
3 1289 1286 1287
3 1291 1290 1288
3 1291 1288 1289
3 1293 1292 1291
3 1292 1269 1291
3 970 1291 1269
3 1291 970 1290
3 972 1290 970
3 1290 972 1292
3 1292 1294 1290
3 1293 1294 1292
3 1292 972 1269
3 1294 1293 974
3 1293 1270 974
3 1269 972 974
3 1269 974 1270
3 1271 1272 1295
3 1295 1272 1296
3 1295 976 971
3 1295 971 1271
3 1297 1275 1273
3 1299 1298 1297
3 1273 1299 1297
3 1276 1299 1273
3 1300 1276 1278
3 1299 1276 1300
3 1301 1278 1280
3 1300 1278 1301
3 1302 1280 1282
3 1301 1280 1302
3 1303 1282 1284
3 1302 1282 1303
3 1304 1284 1286
3 1303 1284 1304
3 1305 1286 1288
3 1304 1286 1305
3 1306 1288 1290
3 1305 1288 1306
3 1307 1290 1294
3 1306 1290 1307
3 977 1307 974
3 974 1307 1294
3 1296 1308 1295
3 976 1295 1308
3 1309 976 1308
3 979 976 1309
3 1310 1298 1299
3 1310 1299 1300
3 1310 1300 1311
3 1311 1300 1301
3 1311 1301 1312
3 1312 1301 1302
3 1312 1302 1313
3 1313 1302 1303
3 1313 1303 1314
3 1316 1315 1314
3 1303 1316 1314
3 1304 1316 1303
3 1317 1304 1305
3 1316 1304 1317
3 1318 1305 1306
3 1317 1305 1318
3 1319 1306 1307
3 1318 1306 1319
3 980 1319 977
3 977 1319 1307
3 1309 1320 979
3 979 1320 981
3 983 981 1320
3 983 1320 1321
3 988 1322 989
3 1322 991 989
3 1323 1315 1316
3 1323 1316 1317
3 1323 1317 1324
3 1326 1325 1324
3 1317 1326 1324
3 1318 1326 1317
3 1327 1318 1319
3 1326 1318 1327
3 994 1327 980
3 980 1327 1319
3 1328 996 997
3 998 1329 997
3 997 1329 1328
3 1329 998 1330
3 998 1331 1330
3 998 999 1331
3 999 983 1321
3 999 1321 1331
3 1002 1322 988
3 1322 1002 991
3 1325 1326 1332
3 1325 1332 1333
3 1334 1326 1327
3 1332 1326 1334
3 1006 1334 994
3 994 1334 1327
3 1328 1007 996
3 1328 1329 1335
3 1009 1328 1335
3 1336 1009 1335
3 1328 1009 1007
3 1335 1329 1330
3 1333 1332 1337
3 1333 1337 1338
3 1012 1337 1011
3 1337 1334 1011
3 1337 1332 1334
3 1011 1334 1006
3 1336 1339 1009
3 1009 1339 1013
3 1013 1340 1014
3 1339 1340 1013
3 1340 1342 1341
3 1015 1340 1341
3 1014 1340 1015
3 1343 1017 1015
3 1343 1015 1341
3 1017 1343 1344
3 1345 1017 1344
3 1019 1017 1345
3 1019 1346 1021
3 1345 1346 1019
3 1348 1347 1022
3 1021 1348 1022
3 1346 1348 1021
3 1350 1349 1347
3 1350 1347 1348
3 1352 1351 1349
3 1352 1349 1350
3 1354 1353 1351
3 1354 1351 1352
3 1356 1355 1353
3 1356 1353 1354
3 1358 1357 1355
3 1358 1355 1356
3 1357 1358 1338
3 1357 1338 1337
3 1025 1357 1337
3 1024 1025 1337
3 1024 1337 1012
3 1342 1359 1341
3 1341 1359 1343
3 1343 1359 1360
3 1343 1360 1344
3 1347 1027 1022
3 1027 1347 1029
3 1029 1347 1349
3 1029 1349 1031
3 1031 1349 1351
3 1031 1351 1033
3 1033 1351 1353
3 1033 1353 1034
3 1034 1353 1355
3 1034 1355 1035
3 1035 1355 1357
3 1035 1357 1025
3 1362 1361 1038
3 1038 1361 1037
3 1038 1039 1362
3 1362 1039 1363
3 1365 1364 1041
3 1041 1364 1040
3 1041 1037 1361
3 1041 1361 1365
3 1366 1363 1039
3 1366 1039 1042
3 1042 1044 1366
3 1366 1044 1367
3 1364 1045 1040
3 1368 1045 1364
3 1046 1370 1369
3 1367 1046 1369
3 1044 1046 1367
3 1370 1371 1369
3 1372 1047 1048
3 1373 1372 1048
3 1045 1373 1048
3 1368 1373 1045
3 1049 1370 1046
3 1049 1050 1370
3 1050 1371 1370
3 1050 1374 1371
3 1376 1375 1372
3 1375 1047 1372
3 1375 1051 1047
3 1376 1372 1373
3 1378 1377 1053
3 1378 1053 1054
3 1050 1053 1374
3 1374 1053 1377
3 1375 1055 1051
3 1379 1055 1375
3 1056 1378 1054
3 1056 1380 1378
3 1379 1057 1055
3 1381 1057 1379
3 1058 1383 1382
3 1380 1058 1382
3 1056 1058 1380
3 1383 1384 1382
3 1381 1060 1057
3 1385 1060 1381
3 1061 1386 1383
3 1061 1383 1058
3 1384 1383 1387
3 1387 1383 1386
3 1385 1062 1060
3 1388 1062 1385
3 1063 1386 1061
3 1063 1064 1386
3 1064 1387 1386
3 1064 1389 1387
3 1388 1390 1062
3 1062 1390 1065
3 1066 1065 1390
3 1066 1390 1391
3 1067 1393 1392
3 1389 1067 1392
3 1064 1067 1389
3 1393 1394 1392
3 1391 1068 1066
3 1395 1068 1391
3 1070 1396 1393
3 1070 1393 1067
3 1394 1393 1397
3 1397 1393 1396
3 1395 1072 1068
3 1398 1072 1395
3 1073 1399 1074
3 1074 1399 1400
3 1401 1074 1400
3 1075 1074 1401
3 1075 1402 1076
3 1401 1402 1075
3 1070 1076 1396
3 1076 1403 1396
3 1076 1402 1403
3 1396 1403 1397
3 1398 1404 1072
3 1072 1404 1077
3 1073 1077 1399
3 1077 1405 1399
3 1077 1404 1405
3 1399 1405 1400
3 1408 1407 1406
3 1410 1409 1406
3 1406 1409 1408
3 1410 1411 1409
3 1406 1407 1412
3 1412 1407 1413
3 1406 1414 1410
3 1406 1412 1414
3 1411 1410 1415
3 1410 1416 1415
3 1410 1414 1416
3 1416 1417 1415
3 1420 1419 1418
3 1418 1421 1420
3 1413 1422 1412
3 1424 1423 1422
3 1423 1412 1422
3 1423 1414 1412
3 1423 1079 1080
3 1416 1423 1080
3 1414 1423 1416
3 1080 1081 1416
3 1081 1417 1416
3 1081 1425 1417
3 1419 1426 1418
3 1426 1427 1418
3 1427 1428 1418
3 1429 1421 1418
3 1429 1418 1428
3 1431 1430 1428
3 1428 1430 1429
3 1431 1432 1430
3 1423 1424 1433
3 1433 1424 1434
3 1435 1082 1079
3 1423 1435 1079
3 1433 1435 1423
3 1425 1081 1436
3 1081 1435 1436
3 1435 1437 1436
3 1081 1082 1435
3 1439 1438 1437
3 1437 1438 1436
3 1438 1439 1427
3 1427 1439 1428
3 1439 1084 1428
3 1084 1085 1428
3 1428 1085 1086
3 1440 1428 1086
3 1431 1428 1440
3 1432 1431 1441
3 1431 1442 1441
3 1431 1440 1442
3 1442 1443 1441
3 1434 1444 1433
3 1446 1445 1444
3 1445 1433 1444
3 1445 1435 1433
3 1445 1088 1089
3 1437 1445 1089
3 1435 1445 1437
3 1437 1089 1090
3 1437 1090 1439
3 1439 1090 1084
3 1093 1440 1086
3 1440 1093 1095
3 1447 1440 1095
3 1442 1440 1447
3 1443 1442 1448
3 1448 1442 1447
3 1445 1446 1449
3 1449 1446 1450
3 1449 1097 1088
3 1449 1088 1445
3 1100 1447 1095
3 1452 1451 1102
3 1102 1451 1100
3 1451 1448 1100
3 1448 1447 1100
3 1452 1453 1451
3 1450 1454 1449
3 1097 1449 1454
3 1455 1097 1454
3 1104 1097 1455
3 1106 1452 1102
3 1457 1456 1108
3 1108 1456 1106
3 1456 1453 1106
3 1453 1452 1106
3 1457 1458 1456
3 1109 1104 1459
3 1104 1460 1459
3 1104 1455 1460
3 1459 1111 1109
3 1112 1461 1457
3 1112 1457 1108
3 1458 1457 1462
3 1462 1457 1461
3 1459 1460 1463
3 1463 1460 1464
3 1463 1114 1111
3 1463 1111 1459
3 1115 1461 1112
3 1466 1465 1117
3 1117 1465 1115
3 1465 1462 1115
3 1462 1461 1115
3 1466 1467 1465
3 1464 1468 1463
3 1114 1463 1468
3 1469 1114 1468
3 1119 1114 1469
3 1120 1466 1117
3 1120 1122 1466
3 1122 1467 1466
3 1122 1470 1467
3 1469 1124 1119
3 1471 1124 1469
3 1126 1470 1122
3 1126 1472 1470
3 1127 1124 1473
3 1124 1474 1473
3 1124 1471 1474
3 1473 1128 1127
3 1129 1476 1475
3 1472 1129 1475
3 1126 1129 1472
3 1476 1477 1475
3 1474 1478 1473
3 1128 1473 1478
3 1479 1128 1478
3 1131 1128 1479
3 1132 1476 1129
3 1132 1134 1476
3 1134 1477 1476
3 1134 1480 1477
3 1135 1131 1481
3 1131 1482 1481
3 1131 1479 1482
3 1481 1136 1135
3 1485 1484 1483
3 1486 1483 1484
3 1138 1487 1137
3 1487 1488 1137
3 1488 1134 1137
3 1488 1480 1134
3 1482 1489 1481
3 1136 1481 1489
3 1490 1136 1489
3 1140 1136 1490
3 1485 1483 1491
3 1485 1491 1492
3 1483 1486 1493
3 1483 1493 1491
3 1141 1487 1138
3 1495 1494 1143
3 1143 1494 1141
3 1494 1488 1141
3 1488 1487 1141
3 1497 1496 1495
3 1495 1496 1494
3 1497 1498 1496
3 1144 1140 1499
3 1140 1500 1499
3 1140 1490 1500
3 1499 1145 1144
3 1492 1491 1501
3 1492 1501 1502
3 1491 1493 1503
3 1504 1491 1503
3 1501 1491 1504
3 1505 1504 1503
3 1146 1495 1143
3 1495 1146 1147
3 1495 1147 1497
3 1507 1506 1148
3 1148 1506 1147
3 1506 1498 1147
3 1498 1497 1147
3 1507 1508 1506
3 1500 1509 1499
3 1145 1499 1509
3 1510 1145 1509
3 1149 1145 1510
3 1511 1502 1501
3 1513 1512 1511
3 1501 1513 1511
3 1504 1513 1501
3 1504 1505 1514
3 1515 1504 1514
3 1513 1504 1515
3 1516 1515 1514
3 1150 1507 1148
3 1518 1517 1152
3 1152 1517 1150
3 1517 1508 1150
3 1508 1507 1150
3 1518 1519 1517
3 1510 1154 1149
3 1520 1154 1510
3 1512 1513 1521
3 1512 1521 1522
3 1157 1521 1156
3 1521 1515 1156
3 1521 1513 1515
3 1524 1523 1158
3 1524 1158 1156
3 1516 1524 1156
3 1515 1516 1156
3 1525 1523 1524
3 1527 1526 1518
3 1152 1527 1518
3 1160 1527 1152
3 1518 1526 1519
3 1520 1162 1154
3 1528 1162 1520
3 1522 1521 1529
3 1522 1529 1530
3 1164 1529 1157
3 1157 1529 1521
3 1531 1165 1523
3 1523 1165 1158
3 1523 1525 1532
3 1523 1532 1531
3 1160 1166 1533
3 1534 1160 1533
3 1527 1160 1534
3 1536 1533 1535
3 1533 1166 1535
3 1167 1537 1535
3 1167 1535 1166
3 1537 1538 1535
3 1528 1169 1162
3 1539 1169 1528
3 1530 1529 1540
3 1530 1540 1541
3 1170 1542 1164
3 1542 1529 1164
3 1542 1540 1529
3 1543 1542 1170
3 1543 1170 1165
3 1544 1543 1165
3 1531 1544 1165
3 1544 1531 1532
3 1547 1546 1545
3 1534 1533 1548
3 1546 1549 1545
3 1536 1548 1533
3 1551 1537 1550
3 1167 1550 1537
3 1550 1167 1171
3 1537 1551 1538
3 1539 1173 1169
3 1552 1173 1539
3 1541 1540 1553
3 1541 1553 1554
3 1555 1540 1542
3 1553 1540 1555
3 1542 1543 1556
3 1542 1556 1555
3 1557 1547 1545
3 1557 1545 1549
3 1174 1550 1171
3 1174 1558 1550
3 1175 1173 1559
3 1173 1560 1559
3 1173 1552 1560
3 1559 1176 1175
3 1561 1554 1553
3 1561 1553 1555
3 1561 1555 1562
3 1562 1555 1556
3 1178 1558 1174
3 1178 1563 1558
3 1559 1560 1564
3 1564 1560 1565
3 1564 1179 1176
3 1564 1176 1559
3 1181 1566 1180
3 1566 1567 1180
3 1567 1178 1180
3 1567 1563 1178
3 1564 1565 1568
3 1568 1565 1569
3 1568 1182 1179
3 1568 1179 1564
3 1183 1570 1566
3 1183 1566 1181
3 1567 1566 1571
3 1571 1566 1570
3 1568 1569 1572
3 1572 1569 1573
3 1572 1184 1182
3 1572 1182 1568
3 1186 1574 1570
3 1186 1570 1183
3 1571 1570 1575
3 1575 1570 1574
3 1572 1573 1576
3 1576 1573 1577
3 1576 1187 1184
3 1576 1184 1572
3 1189 1578 1574
3 1189 1574 1186
3 1575 1574 1579
3 1579 1574 1578
3 1576 1577 1580
3 1580 1577 1581
3 1580 1190 1187
3 1580 1187 1576
3 1192 1582 1578
3 1192 1578 1189
3 1579 1578 1583
3 1583 1578 1582
3 1580 1581 1584
3 1584 1581 1585
3 1584 1193 1190
3 1584 1190 1580
3 1588 1587 1586
3 1589 1586 1587
3 1195 1590 1582
3 1195 1582 1192
3 1583 1582 1591
3 1591 1582 1590
3 1584 1585 1592
3 1592 1585 1593
3 1592 1196 1193
3 1592 1193 1584
3 1588 1586 1594
3 1588 1594 1595
3 1586 1589 1596
3 1597 1586 1596
3 1594 1586 1597
3 1598 1597 1596
3 1198 1599 1590
3 1198 1590 1195
3 1591 1590 1600
3 1600 1590 1599
3 1592 1593 1601
3 1601 1593 1602
3 1601 1199 1196
3 1601 1196 1592
3 1595 1594 1603
3 1595 1603 1604
3 1605 1594 1597
3 1603 1594 1605
3 1597 1598 1606
3 1597 1606 1605
3 1201 1607 1599
3 1201 1599 1198
3 1600 1599 1608
3 1608 1599 1607
3 1601 1602 1609
3 1609 1602 1610
3 1609 1202 1199
3 1609 1199 1601
3 1604 1603 1611
3 1604 1611 1612
3 1613 1603 1605
3 1611 1603 1613
3 1605 1606 1614
3 1605 1614 1613
3 1205 1615 1607
3 1205 1607 1201
3 1608 1607 1616
3 1616 1607 1615
3 1609 1610 1617
3 1617 1610 1618
3 1617 1206 1202
3 1617 1202 1609
3 1612 1611 1619
3 1612 1619 1620
3 1621 1611 1613
3 1619 1611 1621
3 1613 1614 1622
3 1613 1622 1621
3 1209 1623 1615
3 1209 1615 1205
3 1616 1615 1624
3 1624 1615 1623
3 1617 1618 1212
3 1618 1211 1212
3 1618 1625 1211
3 1617 1212 1206
3 1628 1627 1626
3 1626 1627 1620
3 1619 1626 1620
3 1629 1626 1619
3 1621 1631 1630
3 1629 1621 1630
3 1619 1621 1629
3 1631 1621 1622
3 1215 1632 1216
3 1632 1633 1216
3 1216 1633 1209
3 1633 1634 1209
3 1634 1623 1209
3 1623 1634 1624
3 1625 1217 1211
3 1635 1217 1625
3 1628 1626 1636
3 1628 1636 1637
3 1638 1626 1629
3 1636 1626 1638
3 1629 1630 1639
3 1629 1639 1638
3 1220 1640 1632
3 1220 1632 1215
3 1633 1632 1641
3 1641 1632 1640
3 1644 1643 1642
3 1635 1644 1642
3 1221 1635 1642
3 1217 1635 1221
3 1637 1636 1645
3 1637 1645 1646
3 1647 1636 1638
3 1645 1636 1647
3 1638 1639 1648
3 1638 1648 1647
3 1225 1649 1640
3 1225 1640 1220
3 1641 1640 1650
3 1650 1640 1649
3 1642 1643 1228
3 1643 1227 1228
3 1643 1651 1227
3 1642 1228 1221
3 1646 1645 1652
3 1646 1652 1653
3 1647 1655 1654
3 1652 1647 1654
3 1645 1647 1652
3 1655 1647 1648
3 1232 1656 1649
3 1232 1649 1225
3 1650 1649 1657
3 1657 1649 1656
3 1660 1659 1658
3 1658 1661 1660
3 1651 1234 1227
3 1662 1234 1651
3 1665 1664 1663
3 1663 1664 1653
3 1652 1663 1653
3 1666 1663 1652
3 1652 1654 1667
3 1652 1667 1666
3 1236 1668 1237
3 1669 1238 1237
3 1669 1237 1668
3 1656 1232 1238
3 1669 1656 1238
3 1670 1656 1669
3 1657 1656 1671
3 1656 1672 1671
3 1656 1670 1672
3 1671 1672 1659
3 1672 1658 1659
3 1672 1673 1658
3 1661 1658 1674
3 1674 1658 1673
3 1662 1239 1234
3 1675 1239 1662
3 1665 1663 1676
3 1665 1676 1677
3 1678 1663 1666
3 1676 1663 1678
3 1666 1667 1679
3 1666 1679 1678
3 1241 1680 1240
3 1680 1681 1240
3 1240 1681 1236
3 1681 1682 1236
3 1682 1668 1236
3 1668 1682 1669
3 1669 1682 1683
3 1669 1683 1670
3 1670 1683 1684
3 1686 1685 1684
3 1685 1670 1684
3 1685 1672 1670
3 1672 1687 1673
3 1672 1685 1687
3 1674 1673 1688
3 1673 1689 1688
3 1673 1687 1689
3 1689 1690 1688
3 1675 1242 1239
3 1691 1242 1675
3 1677 1676 1692
3 1677 1692 1693
3 1678 1695 1694
3 1692 1678 1694
3 1676 1678 1692
3 1695 1678 1679
3 1243 1696 1680
3 1243 1680 1241
3 1681 1680 1697
3 1680 1698 1697
3 1680 1696 1698
3 1698 1699 1697
3 1685 1686 1246
3 1686 1245 1246
3 1686 1700 1245
3 1685 1246 1247
3 1701 1685 1247
3 1687 1685 1701
3 1687 1702 1689
3 1687 1701 1702
3 1690 1689 1703
3 1703 1689 1702
3 1706 1705 1704
3 1691 1706 1704
3 1248 1691 1704
3 1242 1691 1248
3 1693 1692 1707
3 1693 1707 1708
3 1692 1694 1709
3 1692 1709 1707
3 1249 1696 1243
3 1696 1249 1251
3 1696 1251 1698
3 1710 1699 1698
3 1251 1710 1698
3 1253 1710 1251
3 1711 1253 1255
3 1711 1710 1253
3 1255 1245 1700
3 1255 1700 1711
3 1257 1701 1247
3 1701 1257 1259
3 1712 1701 1259
3 1702 1701 1712
3 1703 1702 1713
3 1713 1702 1712
3 1704 1705 1262
3 1705 1261 1262
3 1705 1714 1261
3 1704 1262 1248
3 1708 1707 1715
3 1708 1715 1716
3 1707 1709 1717
3 1707 1717 1715
3 1263 1712 1259
3 1263 1265 1712
3 1265 1713 1712
3 1265 1718 1713
3 1714 1267 1261
3 1719 1267 1714
3 1722 1721 1720
3 1720 1721 1716
3 1715 1720 1716
3 1723 1720 1715
3 1715 1717 1724
3 1725 1715 1724
3 1723 1715 1725
3 1727 1726 1725
3 1727 1725 1724
3 1729 1728 1726
3 1729 1726 1727
3 1731 1730 1728
3 1731 1728 1729
3 1733 1732 1730
3 1733 1730 1731
3 1735 1734 1732
3 1735 1732 1733
3 1737 1736 1734
3 1737 1734 1735
3 1739 1738 1736
3 1739 1736 1737
3 1741 1740 1738
3 1741 1738 1739
3 1742 1740 1268
3 1740 1718 1268
3 1718 1265 1268
3 1718 1740 1741
3 1270 1742 1268
3 1719 1272 1267
3 1743 1272 1719
3 1744 1722 1720
3 1746 1745 1744
3 1720 1746 1744
3 1723 1746 1720
3 1275 1746 1274
3 1746 1725 1274
3 1746 1723 1725
3 1274 1725 1277
3 1277 1725 1726
3 1277 1726 1279
3 1279 1726 1728
3 1279 1728 1281
3 1281 1728 1730
3 1281 1730 1283
3 1283 1730 1732
3 1283 1732 1285
3 1285 1732 1734
3 1285 1734 1287
3 1287 1734 1736
3 1287 1736 1289
3 1289 1736 1738
3 1289 1738 1291
3 1291 1738 1740
3 1291 1740 1293
3 1293 1740 1742
3 1293 1742 1270
3 1743 1296 1272
3 1747 1296 1743
3 1748 1745 1746
3 1750 1748 1749
3 1749 1748 1297
3 1748 1746 1297
3 1746 1275 1297
3 1298 1749 1297
3 1308 1296 1751
3 1296 1752 1751
3 1296 1747 1752
3 1751 1309 1308
3 1753 1750 1749
3 1753 1749 1298
3 1310 1753 1298
3 1754 1753 1310
3 1755 1310 1311
3 1755 1754 1310
3 1756 1311 1312
3 1756 1755 1311
3 1757 1312 1313
3 1757 1756 1312
3 1758 1313 1314
3 1758 1757 1313
3 1314 1315 1758
3 1758 1315 1759
3 1752 1760 1751
3 1751 1760 1309
3 1760 1320 1309
3 1760 1761 1320
3 1321 1320 1761
3 1321 1761 1762
3 1763 1759 1315
3 1763 1315 1323
3 1765 1763 1764
3 1763 1324 1764
3 1763 1323 1324
3 1325 1764 1324
3 1766 1330 1331
3 1767 1766 1331
3 1321 1767 1331
3 1762 1767 1321
3 1765 1764 1768
3 1765 1768 1769
3 1333 1768 1325
3 1325 1768 1764
3 1770 1336 1335
3 1771 1770 1335
3 1771 1335 1330
3 1772 1771 1330
3 1766 1772 1330
3 1772 1766 1767
3 1769 1768 1773
3 1769 1773 1774
3 1338 1773 1333
3 1333 1773 1768
3 1770 1339 1336
3 1771 1775 1770
3 1775 1339 1770
3 1775 1340 1339
3 1342 1340 1775
3 1342 1775 1776
3 1344 1777 1345
3 1345 1777 1778
3 1779 1345 1778
3 1346 1345 1779
3 1346 1780 1348
3 1779 1780 1346
3 1348 1781 1350
3 1780 1781 1348
3 1350 1782 1352
3 1781 1782 1350
3 1352 1783 1354
3 1782 1783 1352
3 1354 1784 1356
3 1783 1784 1354
3 1773 1358 1774
3 1358 1784 1774
3 1358 1356 1784
3 1358 1773 1338
3 1776 1785 1342
3 1342 1785 1359
3 1359 1786 1360
3 1785 1786 1359
3 1344 1360 1777
3 1360 1787 1777
3 1360 1786 1787
3 1777 1787 1778
3 1789 1788 1362
3 1362 1788 1361
3 1791 1790 1363
3 1790 1362 1363
3 1790 1789 1362
3 1791 1792 1790
3 1794 1793 1365
3 1365 1793 1364
3 1365 1361 1788
3 1365 1788 1794
3 1366 1791 1363
3 1366 1367 1791
3 1367 1792 1791
3 1367 1795 1792
3 1793 1368 1364
3 1796 1368 1793
3 1797 1795 1367
3 1797 1367 1369
3 1369 1371 1797
3 1797 1371 1798
3 1796 1373 1368
3 1799 1373 1796
3 1374 1801 1800
3 1798 1374 1800
3 1371 1374 1798
3 1801 1802 1800
3 1804 1803 1376
3 1376 1803 1375
3 1376 1373 1799
3 1376 1799 1804
3 1378 1805 1377
3 1805 1806 1377
3 1377 1806 1374
3 1806 1807 1374
3 1807 1801 1374
3 1801 1807 1802
3 1803 1379 1375
3 1808 1379 1803
3 1380 1809 1805
3 1380 1805 1378
3 1806 1805 1810
3 1810 1805 1809
3 1808 1381 1379
3 1811 1381 1808
3 1382 1809 1380
3 1813 1812 1384
3 1384 1812 1382
3 1812 1810 1382
3 1810 1809 1382
3 1813 1814 1812
3 1811 1385 1381
3 1815 1385 1811
3 1387 1816 1813
3 1387 1813 1384
3 1814 1813 1817
3 1813 1818 1817
3 1813 1816 1818
3 1818 1819 1817
3 1821 1388 1820
3 1388 1815 1820
3 1388 1385 1815
3 1822 1821 1820
3 1389 1823 1816
3 1389 1816 1387
3 1816 1824 1818
3 1816 1823 1824
3 1819 1818 1825
3 1825 1818 1824
3 1821 1390 1388
3 1391 1390 1821
3 1822 1391 1821
3 1826 1391 1822
3 1392 1823 1389
3 1823 1392 1394
3 1827 1823 1394
3 1824 1823 1827
3 1825 1824 1828
3 1824 1829 1828
3 1824 1827 1829
3 1829 1830 1828
3 1826 1395 1391
3 1831 1395 1826
3 1397 1832 1827
3 1397 1827 1394
3 1827 1833 1829
3 1827 1832 1833
3 1830 1829 1834
3 1834 1829 1833
3 1831 1398 1395
3 1835 1398 1831
3 1400 1836 1401
3 1837 1402 1401
3 1837 1401 1836
3 1838 1403 1402
3 1838 1402 1837
3 1832 1397 1403
3 1838 1832 1403
3 1839 1832 1838
3 1841 1833 1840
3 1833 1839 1840
3 1833 1832 1839
3 1833 1841 1834
3 1404 1398 1842
3 1398 1843 1842
3 1398 1835 1843
3 1404 1842 1844
3 1845 1404 1844
3 1405 1404 1845
3 1400 1405 1836
3 1405 1846 1836
3 1405 1845 1846
3 1836 1846 1837
3 1837 1846 1847
3 1837 1847 1838
3 1838 1847 1848
3 1838 1848 1839
3 1839 1848 1849
3 1839 1849 1840
3 1843 1850 1842
3 1842 1850 1844
3 1853 1852 1851
3 1855 1854 1851
3 1851 1854 1853
3 1855 1856 1854
3 1852 1857 1851
3 1859 1858 1857
3 1858 1851 1857
3 1858 1855 1851
3 1856 1855 1860
3 1860 1855 1858
3 1859 1861 1858
3 1861 1862 1858
3 1862 1863 1858
3 1864 1860 1858
3 1864 1858 1863
3 1863 1865 1864
3 1863 1862 1866
3 1866 1862 1867
3 1865 1863 1868
3 1863 1869 1868
3 1863 1866 1869
3 1869 1870 1868
3 1867 1871 1866
3 1873 1872 1871
3 1872 1866 1871
3 1872 1869 1866
3 1870 1869 1874
3 1874 1869 1872
3 1872 1873 1875
3 1875 1873 1876
3 1874 1872 1877
3 1877 1872 1875
3 1876 1878 1875
3 1875 1878 1877
3 1881 1880 1879
3 1879 1882 1881
3 1884 1883 1408
3 1408 1883 1407
3 1885 1408 1409
3 1885 1884 1408
3 1887 1886 1411
3 1886 1409 1411
3 1886 1885 1409
3 1889 1888 1887
3 1887 1888 1886
3 1888 1889 1880
3 1889 1879 1880
3 1889 1890 1879
3 1882 1879 1891
3 1879 1892 1891
3 1879 1890 1892
3 1892 1893 1891
3 1883 1413 1407
3 1894 1413 1883
3 1415 1887 1411
3 1887 1415 1417
3 1895 1887 1417
3 1889 1887 1895
3 1895 1419 1420
3 1890 1895 1420
3 1889 1895 1890
3 1890 1420 1421
3 1896 1890 1421
3 1892 1890 1896
3 1893 1892 1897
3 1892 1898 1897
3 1892 1896 1898
3 1898 1899 1897
3 1422 1413 1900
3 1413 1901 1900
3 1413 1894 1901
3 1900 1424 1422
3 1425 1902 1895
3 1425 1895 1417
3 1903 1426 1419
3 1895 1903 1419
3 1902 1903 1895
3 1429 1896 1421
3 1427 1426 1903
3 1896 1429 1430
3 1896 1430 1898
3 1905 1904 1432
3 1432 1904 1430
3 1904 1899 1430
3 1899 1898 1430
3 1905 1906 1904
3 1901 1907 1900
3 1424 1900 1907
3 1908 1424 1907
3 1434 1424 1908
3 1436 1902 1425
3 1902 1436 1438
3 1902 1438 1903
3 1903 1438 1427
3 1441 1905 1432
3 1441 1443 1905
3 1443 1906 1905
3 1443 1909 1906
3 1444 1434 1910
3 1434 1911 1910
3 1434 1908 1911
3 1910 1446 1444
3 1448 1913 1912
3 1909 1448 1912
3 1443 1448 1909
3 1913 1914 1912
3 1910 1911 1915
3 1915 1911 1916
3 1915 1450 1446
3 1915 1446 1910
3 1451 1913 1448
3 1918 1917 1453
3 1453 1917 1451
3 1917 1914 1451
3 1914 1913 1451
3 1918 1919 1917
3 1916 1920 1915
3 1920 1922 1921
3 1920 1921 1454
3 1915 1920 1454
3 1450 1915 1454
3 1921 1455 1454
3 1456 1918 1453
3 1456 1458 1918
3 1458 1919 1918
3 1458 1923 1919
3 1922 1924 1921
3 1455 1921 1924
3 1925 1455 1924
3 1460 1455 1925
3 1462 1927 1926
3 1923 1462 1926
3 1458 1462 1923
3 1927 1928 1926
3 1925 1464 1460
3 1929 1464 1925
3 1465 1927 1462
3 1465 1467 1927
3 1467 1928 1927
3 1467 1930 1928
3 1468 1464 1931
3 1464 1932 1931
3 1464 1929 1932
3 1931 1469 1468
3 1470 1930 1467
3 1470 1933 1930
3 1932 1934 1931
3 1469 1931 1934
3 1935 1469 1934
3 1471 1469 1935
3 1472 1937 1936
3 1933 1472 1936
3 1470 1472 1933
3 1937 1938 1936
3 1935 1474 1471
3 1939 1474 1935
3 1942 1941 1940
3 1943 1940 1941
3 1475 1937 1472
3 1475 1477 1937
3 1477 1938 1937
3 1477 1944 1938
3 1478 1474 1945
3 1474 1946 1945
3 1474 1939 1946
3 1945 1479 1478
3 1942 1940 1947
3 1942 1947 1948
3 1940 1943 1949
3 1940 1949 1947
3 1480 1951 1950
3 1944 1480 1950
3 1477 1480 1944
3 1951 1952 1950
3 1946 1953 1945
3 1479 1945 1953
3 1954 1479 1953
3 1482 1479 1954
3 1948 1947 1955
3 1948 1955 1956
3 1957 1484 1485
3 1947 1957 1485
3 1955 1947 1485
3 1957 1947 1949
3 1486 1484 1957
3 1486 1957 1958
3 1488 1959 1951
3 1488 1951 1480
3 1952 1951 1960
3 1951 1961 1960
3 1951 1959 1961
3 1961 1962 1960
3 1489 1482 1963
3 1482 1964 1963
3 1482 1954 1964
3 1963 1490 1489
3 1956 1955 1965
3 1956 1965 1966
3 1492 1965 1485
3 1485 1965 1955
3 1958 1493 1486
3 1967 1493 1958
3 1494 1959 1488
3 1959 1494 1496
3 1959 1496 1961
3 1969 1968 1498
3 1498 1968 1496
3 1968 1962 1496
3 1962 1961 1496
3 1969 1970 1968
3 1964 1971 1963
3 1490 1963 1971
3 1972 1490 1971
3 1500 1490 1972
3 1973 1966 1965
3 1965 1492 1973
3 1492 1974 1973
3 1492 1502 1974
3 1967 1975 1493
3 1493 1975 1503
3 1505 1503 1975
3 1505 1975 1976
3 1506 1969 1498
3 1978 1977 1508
3 1508 1977 1506
3 1977 1970 1506
3 1970 1969 1506
3 1978 1979 1977
3 1509 1500 1980
3 1500 1981 1980
3 1500 1972 1981
3 1980 1510 1509
3 1502 1511 1982
3 1983 1502 1982
3 1974 1502 1983
3 1512 1982 1511
3 1976 1984 1505
3 1505 1984 1514
3 1516 1514 1984
3 1516 1984 1985
3 1517 1978 1508
3 1987 1986 1519
3 1519 1986 1517
3 1986 1979 1517
3 1979 1978 1517
3 1987 1988 1986
3 1981 1989 1980
3 1510 1980 1989
3 1990 1510 1989
3 1520 1510 1990
3 1991 1983 1982
3 1982 1512 1991
3 1512 1992 1991
3 1512 1522 1992
3 1985 1993 1516
3 1516 1993 1524
3 1525 1524 1993
3 1525 1993 1994
3 1527 1995 1526
3 1987 1519 1526
3 1995 1987 1526
3 1996 1987 1995
3 1988 1987 1997
3 1987 1998 1997
3 1987 1996 1998
3 1998 1999 1997
3 1990 1528 1520
3 2000 1528 1990
3 1530 1992 1522
3 1530 2001 1992
3 1994 1532 1525
3 2002 1532 1994
3 2004 2003 1995
3 1527 2004 1995
3 1534 2004 1527
3 2005 1536 1535
3 1995 2005 1535
3 1996 1995 1535
3 2003 2005 1995
3 1996 1535 1538
3 2006 1996 1538
3 1998 1996 2006
3 1999 1998 2007
3 2007 1998 2006
3 2000 1539 1528
3 2008 1539 2000
3 1541 2001 1530
3 1541 2009 2001
3 2011 2010 1544
3 1544 2010 1543
3 1544 1532 2002
3 1544 2002 2011
3 2013 2012 1546
3 2013 1546 1547
3 2012 1549 1546
3 1549 2012 2014
3 1534 1548 2004
3 2015 2004 1548
3 2005 2016 1536
3 2005 1551 2016
3 1551 2005 2017
3 2015 2017 2005
3 2017 2015 1550
3 2016 1550 2015
3 2015 1548 2016
3 2016 1548 1536
3 1551 1550 2016
3 2017 2018 1551
3 1551 2018 1538
3 2018 2019 1538
3 2019 2006 1538
3 2006 2019 2007
3 2008 1552 1539
3 2020 1552 2008
3 1554 2009 1541
3 1554 2021 2009
3 2010 1556 1543
3 2022 1556 2010
3 1547 1557 2023
3 2024 1547 2023
3 2013 1547 2024
3 2025 2023 1557
3 1549 2025 1557
3 2014 2025 1549
3 1558 2026 2017
3 1558 2017 1550
3 2018 2017 2027
3 2027 2017 2026
3 2020 1560 1552
3 2028 1560 2020
3 1554 1561 2029
3 2030 1554 2029
3 2021 1554 2030
3 1562 2031 1561
3 1561 2031 2029
3 2032 2031 1562
3 1556 2032 1562
3 2022 2032 1556
3 2033 2024 2023
3 2033 2023 2025
3 2035 2034 2026
3 1558 2035 2026
3 1563 2035 1558
3 2026 2034 2027
3 2028 1565 1560
3 2036 1565 2028
3 2030 2029 2037
3 2030 2037 2038
3 2039 2029 2031
3 2037 2029 2039
3 2031 2032 2040
3 2031 2040 2039
3 1567 2042 2041
3 2035 1567 2041
3 1563 1567 2035
3 2042 2043 2041
3 2036 1569 1565
3 2044 1569 2036
3 2038 2037 2045
3 2038 2045 2046
3 2047 2037 2039
3 2045 2037 2047
3 2039 2040 2048
3 2039 2048 2047
3 1571 2049 2042
3 1571 2042 1567
3 2043 2042 2050
3 2050 2042 2049
3 2044 1573 1569
3 2051 1573 2044
3 2046 2045 2052
3 2046 2052 2053
3 2054 2045 2047
3 2052 2045 2054
3 2047 2048 2055
3 2047 2055 2054
3 1575 2056 2049
3 1575 2049 1571
3 2050 2049 2057
3 2057 2049 2056
3 2051 1577 1573
3 2058 1577 2051
3 2053 2052 2059
3 2053 2059 2060
3 2061 2052 2054
3 2059 2052 2061
3 2054 2055 2062
3 2054 2062 2061
3 1579 2063 2056
3 1579 2056 1575
3 2057 2056 2064
3 2064 2056 2063
3 2058 1581 1577
3 2065 1581 2058
3 2060 2059 2066
3 2060 2066 2067
3 2068 2059 2061
3 2066 2059 2068
3 2061 2062 2069
3 2061 2069 2068
3 1583 2070 2063
3 1583 2063 1579
3 2064 2063 2071
3 2071 2063 2070
3 2065 1585 1581
3 2072 1585 2065
3 2067 2066 2073
3 2067 2073 2074
3 1588 2073 1587
3 2073 2068 1587
3 2073 2066 2068
3 2076 2075 1589
3 2076 1589 1587
3 2069 2076 1587
3 2068 2069 1587
3 2077 2075 2076
3 1591 2078 2070
3 1591 2070 1583
3 2071 2070 2079
3 2079 2070 2078
3 2072 1593 1585
3 2080 1593 2072
3 2074 2073 2081
3 2074 2081 2082
3 1595 2081 1588
3 1588 2081 2073
3 2075 1596 1589
3 2084 2083 1598
3 2084 1598 1596
3 2077 2084 1596
3 2075 2077 1596
3 2085 2083 2084
3 1600 2086 2078
3 1600 2078 1591
3 2079 2078 2087
3 2078 2088 2087
3 2078 2086 2088
3 2088 2089 2087
3 2080 1602 1593
3 2090 1602 2080
3 2091 2082 2081
3 2081 1595 2091
3 1595 2092 2091
3 1595 1604 2092
3 2093 1606 2083
3 2083 1606 1598
3 2083 2085 2094
3 2083 2094 2093
3 1608 2095 2086
3 1608 2086 1600
3 2086 2096 2088
3 2086 2095 2096
3 2089 2088 2097
3 2097 2088 2096
3 2090 1610 1602
3 2098 1610 2090
3 1612 2092 1604
3 1612 2099 2092
3 2100 1614 2093
3 2093 1614 1606
3 2093 2094 2101
3 2093 2101 2100
3 1616 2102 2095
3 1616 2095 1608
3 2095 2103 2096
3 2095 2102 2103
3 2097 2096 2104
3 2104 2096 2103
3 2098 1618 1610
3 2105 1618 2098
3 1620 2099 1612
3 1620 2106 2099
3 2107 1622 2100
3 2100 1622 1614
3 2100 2101 2108
3 2100 2108 2107
3 1624 2109 2102
3 1624 2102 1616
3 2102 2110 2103
3 2102 2109 2110
3 2104 2103 2111
3 2103 2112 2111
3 2103 2110 2112
3 2112 2113 2111
3 2105 1625 1618
3 2114 1625 2105
3 2116 2115 1627
3 2116 1627 1628
3 1620 1627 2106
3 2106 1627 2115
3 2117 1630 1631
3 2118 2117 1631
3 2118 1631 1622
3 2119 2118 1622
3 2107 2119 1622
3 2119 2107 2108
3 1633 2120 1634
3 2109 1624 1634
3 2120 2109 1634
3 2121 2109 2120
3 2109 2122 2110
3 2109 2121 2122
3 2110 2123 2112
3 2110 2122 2123
3 2113 2112 2124
3 2124 2112 2123
3 2114 1635 1625
3 2125 1635 2114
3 1637 2116 1628
3 1637 2126 2116
3 2127 1639 2117
3 2117 1639 1630
3 2117 2118 2128
3 2117 2128 2127
3 1641 2129 2120
3 1641 2120 1633
3 2120 2130 2121
3 2120 2129 2130
3 2121 2131 2122
3 2121 2130 2131
3 2122 2132 2123
3 2122 2131 2132
3 2124 2123 2133
3 2133 2123 2132
3 2135 2134 1644
3 1644 2134 1643
3 1644 1635 2125
3 1644 2125 2135
3 1646 2126 1637
3 1646 2136 2126
3 2138 2137 2127
3 2137 1639 2127
3 2137 1648 1639
3 2138 2127 2128
3 1650 2139 2129
3 1650 2129 1641
3 2129 2140 2130
3 2129 2139 2140
3 2130 2141 2131
3 2130 2140 2141
3 2131 2142 2132
3 2131 2141 2142
3 2133 2132 2143
3 2143 2132 2142
3 2134 1651 1643
3 2144 1651 2134
3 1653 2136 1646
3 1653 2145 2136
3 2146 1654 1655
3 2147 2146 1655
3 1648 2147 1655
3 2137 2147 1648
3 1657 2148 2139
3 1657 2139 1650
3 2148 1659 1660
3 2140 2148 1660
3 2139 2148 2140
3 2140 1660 1661
3 2149 2140 1661
3 2141 2140 2149
3 2141 2150 2142
3 2141 2149 2150
3 2143 2142 2151
3 2151 2142 2150
3 2144 1662 1651
3 2152 1662 2144
3 2154 2153 1664
3 2154 1664 1665
3 1653 1664 2145
3 2145 1664 2153
3 2155 1667 2146
3 2146 1667 1654
3 2146 2147 2156
3 2146 2156 2155
3 1671 2148 1657
3 2148 1671 1659
3 1674 2157 2149
3 1674 2149 1661
3 2149 2158 2150
3 2149 2157 2158
3 2151 2150 2159
3 2159 2150 2158
3 2152 1675 1662
3 2160 1675 2152
3 1677 2154 1665
3 1677 2161 2154
3 2163 2162 2155
3 2162 1667 2155
3 2162 1679 1667
3 2163 2155 2156
3 1681 2164 1682
3 2165 1683 1682
3 2165 1682 2164
3 2166 1684 1683
3 2166 1683 2165
3 2166 1686 1684
3 1688 2157 1674
3 2157 1688 1690
3 2167 2157 1690
3 2158 2157 2167
3 2159 2158 2168
3 2168 2158 2167
3 2171 2170 2169
3 2160 2171 2169
3 1691 2160 2169
3 1675 2160 1691
3 1693 2161 1677
3 1693 2172 2161
3 2173 1694 1695
3 2174 2173 1695
3 1679 2174 1695
3 2162 2174 1679
3 1697 2164 1681
3 2164 1697 1699
3 2175 2164 1699
3 2165 2164 2175
3 2165 2176 2166
3 2165 2175 2176
3 2176 1700 1686
3 2176 1686 2166
3 2178 2177 2167
3 1690 2178 2167
3 1703 2178 1690
3 2167 2177 2168
3 2169 2170 1706
3 2170 1705 1706
3 2170 2179 1705
3 2169 1706 1691
3 1708 2172 1693
3 1708 2180 2172
3 2181 1709 2173
3 2173 1709 1694
3 2173 2174 2182
3 2173 2182 2181
3 1710 2175 1699
3 2175 1710 1711
3 2175 1711 2176
3 2176 1711 1700
3 2185 2184 2183
3 2184 2178 2183
3 2178 1713 2183
3 2178 1703 1713
3 2179 1714 1705
3 2186 1714 2179
3 2189 2188 2187
3 2188 2180 2187
3 2180 1716 2187
3 2180 1708 1716
3 2190 1717 2181
3 2181 1717 1709
3 2181 2182 2191
3 2192 2181 2191
3 2190 2181 2192
3 2193 2192 2191
3 2196 2195 2194
3 2198 2197 2194
3 2198 2194 2195
3 2200 2199 2197
3 2200 2197 2198
3 2199 2200 2185
3 2183 2199 2185
3 2201 2199 2183
3 1718 2201 1713
3 1713 2201 2183
3 2204 2203 2202
3 2186 2204 2202
3 1719 2186 2202
3 1714 2186 1719
3 2189 2187 1721
3 1722 2189 1721
3 2205 2189 1722
3 1721 2187 1716
3 2190 1724 1717
3 1724 2190 1727
3 1727 2190 2192
3 2193 2206 2192
3 2206 1727 2192
3 2206 1729 1727
3 1729 2207 1731
3 2206 2207 1729
3 1731 2208 1733
3 2207 2208 1731
3 2194 1735 2196
3 1735 2208 2196
3 1735 1733 2208
3 1735 2194 1737
3 1737 2194 2197
3 1737 2197 1739
3 1739 2197 2199
3 1739 2199 1741
3 1741 2199 2201
3 1741 2201 1718
3 2202 2203 2209
3 2209 2203 2210
3 2209 1743 1719
3 2209 1719 2202
3 1722 1744 2211
3 2212 1722 2211
3 2205 1722 2212
3 1745 2211 1744
3 2209 2210 2213
3 2213 2210 2214
3 2213 1747 1743
3 2213 1743 2209
3 2215 2212 2211
3 2215 2211 1745
3 1748 2215 1745
3 2216 2215 1748
3 1748 1750 2216
3 2216 1750 2217
3 2220 2219 2218
3 2222 2221 2218
3 2218 2221 2220
3 2222 2223 2221
3 2214 2224 2213
3 1747 2213 2224
3 2225 1747 2224
3 1752 1747 2225
3 2226 2217 1750
3 2226 1750 1753
3 2227 1753 1754
3 2227 2226 1753
3 1755 2218 2219
3 2227 1755 2219
3 1754 1755 2227
3 2218 1755 1756
3 2218 1756 2222
3 2228 2223 2222
3 1756 2228 2222
3 1757 2228 1756
3 2229 1757 1758
3 2229 2228 1757
3 1758 1759 2229
3 2229 1759 2230
3 2225 2231 1752
3 1752 2231 1760
3 1760 2232 1761
3 2231 2232 1760
3 1762 1761 2232
3 1762 2232 2233
3 2234 2230 1759
3 2234 1759 1763
3 1763 1765 2234
3 2234 1765 2235
3 2233 1767 1762
3 2236 1767 2233
3 1769 2235 1765
3 1769 2237 2235
3 2240 2239 2238
3 1771 1772 2238
3 1772 2240 2238
3 1772 2241 2240
3 1772 1767 2236
3 1772 2236 2241
3 2244 2243 2242
3 2243 2237 2242
3 2237 1774 2242
3 2237 1769 1774
3 2239 2245 2238
3 2245 2247 2246
3 2245 2246 1775
3 2238 2245 1775
3 1771 2238 1775
3 2246 1776 1775
3 2249 2248 1779
3 2249 1779 1778
3 1779 2250 1780
3 2248 2250 1779
3 1780 2251 1781
3 2250 2251 1780
3 1781 2252 1782
3 2251 2252 1781
3 1782 2253 1783
3 2252 2253 1782
3 2242 1784 2244
3 1784 2253 2244
3 1784 1783 2253
3 1784 2242 1774
3 2247 2254 2246
3 2246 2254 1776
3 2254 1785 1776
3 2254 2255 1785
3 1785 2256 1786
3 2255 2256 1785
3 1786 2257 1787
3 2256 2257 1786
3 1778 1787 2249
3 2249 1787 2257
3 2259 2258 1789
3 1789 2258 1788
3 2260 1789 1790
3 2260 2259 1789
3 1790 1792 2260
3 2260 1792 2261
3 2263 2262 1794
3 1794 2262 1793
3 1794 1788 2258
3 1794 2258 2263
3 1795 2265 2264
3 2261 1795 2264
3 1792 1795 2261
3 2265 2266 2264
3 2262 1796 1793
3 2267 1796 2262
3 1797 2265 1795
3 1797 1798 2265
3 1798 2266 2265
3 1798 2268 2266
3 2267 1799 1796
3 2269 1799 2267
3 1798 1800 2270
3 2271 1798 2270
3 2268 1798 2271
3 1802 2270 1800
3 2272 1803 1804
3 2273 2272 1804
3 1799 2273 1804
3 2269 2273 1799
3 2276 2275 2274
3 2274 2275 2271
3 2274 2271 2270
3 1806 2274 2270
3 1807 1806 2270
3 1807 2270 1802
3 2277 1808 2272
3 2272 1808 1803
3 2272 2273 2278
3 2272 2278 2277
3 2279 2276 2274
3 2274 1806 2279
3 1806 2280 2279
3 1806 1810 2280
3 2282 2281 2277
3 2281 1808 2277
3 2281 1811 1808
3 2282 2277 2278
3 2283 2280 1810
3 2283 1810 1812
3 1812 1814 2283
3 2283 1814 2284
3 2286 1815 2285
3 1815 2281 2285
3 1815 1811 2281
3 2287 2286 2285
3 2288 2284 1814
3 2288 1814 1817
3 1817 1819 2288
3 2288 1819 2289
3 2286 1820 1815
3 2291 2290 1822
3 2291 1822 1820
3 2287 2291 1820
3 2286 2287 1820
3 2292 2290 2291
3 1825 2294 2293
3 2289 1825 2293
3 1819 1825 2289
3 2294 2295 2293
3 2296 1826 2290
3 2290 1826 1822
3 2290 2292 2297
3 2290 2297 2296
3 1828 2294 1825
3 2299 2298 1830
3 1830 2298 1828
3 2298 2295 1828
3 2295 2294 1828
3 2299 2300 2298
3 2301 1831 2296
3 2296 1831 1826
3 2296 2297 2302
3 2303 2296 2302
3 2301 2296 2303
3 2304 2303 2302
3 1834 2305 2299
3 1834 2299 1830
3 2300 2299 2306
3 2299 2307 2306
3 2299 2305 2307
3 2307 2308 2306
3 2309 1835 2301
3 2301 1835 1831
3 2310 2301 2303
3 2309 2301 2310
3 2303 2304 2311
3 2303 2311 2310
3 1840 2312 1841
3 2312 2313 1841
3 1841 2313 1834
3 2313 2314 1834
3 2314 2305 1834
3 2305 2314 2307
3 2307 2314 2315
3 2307 2315 2308
3 2316 1843 2309
3 2309 1843 1835
3 1844 2316 1845
3 2316 2310 1845
3 2316 2309 2310
3 1846 1845 2310
3 2317 1846 2310
3 2311 2317 2310
3 2318 1846 2317
3 2319 1847 1846
3 2319 1846 2318
3 2320 1848 1847
3 2320 1847 2319
3 2321 1849 1848
3 2321 1848 2320
3 2321 2322 1849
3 1849 2322 1840
3 2322 2323 1840
3 2323 2312 1840
3 2312 2323 2313
3 2316 1850 1843
3 1850 2316 1844
3 2318 2317 2324
3 2324 2317 2325
3 2318 2326 2319
3 2318 2324 2326
3 2319 2327 2320
3 2319 2326 2327
3 2329 2321 2328
3 2321 2327 2328
3 2321 2320 2327
3 2321 2329 2322
3 2325 2330 2324
3 2332 2331 2330
3 2331 2324 2330
3 2331 2326 2324
3 2326 2333 2327
3 2326 2331 2333
3 2328 2327 2334
3 2334 2327 2333
3 2332 2335 2331
3 2337 2336 2335
3 2336 2331 2335
3 2336 2333 2331
3 2334 2333 2338
3 2333 2339 2338
3 2333 2336 2339
3 2339 2340 2338
3 2337 2341 2336
3 2336 2341 2339
3 2339 2341 2342
3 2339 2342 2340
3 2345 2344 2343
3 2343 2346 2345
3 2349 2348 2347
3 2349 2347 2344
3 2347 2343 2344
3 2347 2350 2343
3 2346 2343 2351
3 2343 2352 2351
3 2343 2350 2352
3 2352 2353 2351
3 2347 2348 2354
3 2354 2348 2355
3 2347 2356 2350
3 2347 2354 2356
3 2350 2357 2352
3 2350 2356 2357
3 2353 2352 2358
3 2358 2352 2357
3 2354 2355 1853
3 2355 1852 1853
3 2355 2359 1852
3 2354 1853 1854
3 2354 1854 2356
3 2356 1854 1856
3 2360 2356 1856
3 2357 2356 2360
3 2358 2357 2361
3 2357 2362 2361
3 2357 2360 2362
3 2362 2363 2361
3 1857 1852 2364
3 1852 2365 2364
3 1852 2359 2365
3 2364 1859 1857
3 1860 2366 2360
3 1860 2360 1856
3 2360 2367 2362
3 2360 2366 2367
3 2363 2362 2368
3 2362 2369 2368
3 2362 2367 2369
3 2371 2370 2369
3 2369 2370 2368
3 2371 2372 2370
3 2364 2365 2373
3 2373 2365 2374
3 2375 1861 1859
3 2364 2375 1859
3 2373 2375 2364
3 1864 2366 1860
3 1862 1861 2375
3 2366 1864 1865
3 2376 2366 1865
3 2367 2366 2376
3 2367 2377 2369
3 2367 2376 2377
3 2369 2378 2371
3 2369 2377 2378
3 2372 2371 2379
3 2371 2380 2379
3 2371 2378 2380
3 2380 2381 2379
3 2374 2382 2373
3 2384 2383 2382
3 2383 2373 2382
3 2383 2375 2373
3 2383 1867 1862
3 2383 1862 2375
3 1868 2376 1865
3 2376 1868 1870
3 2385 2376 1870
3 2377 2376 2385
3 2377 2386 2378
3 2377 2385 2386
3 2378 2387 2380
3 2378 2386 2387
3 2381 2380 2388
3 2388 2380 2387
3 2384 2389 2383
3 2389 2391 2390
3 2389 2390 1871
3 2383 2389 1871
3 1867 2383 1871
3 2390 1873 1871
3 1874 2392 2385
3 1874 2385 1870
3 2385 2393 2386
3 2385 2392 2393
3 2395 2387 2394
3 2387 2393 2394
3 2387 2386 2393
3 2387 2395 2388
3 2390 2391 2396
3 2396 2391 2397
3 2396 1876 1873
3 2396 1873 2390
3 1877 2398 2392
3 1877 2392 1874
3 2392 2399 2393
3 2392 2398 2399
3 2394 2393 2400
3 2400 2393 2399
3 2397 2401 2396
3 2401 2403 2402
3 2401 2402 1878
3 2396 2401 1878
3 1876 2396 1878
3 2398 1877 1878
3 2402 2398 1878
3 2404 2398 2402
3 2398 2405 2399
3 2398 2404 2405
3 2400 2399 2406
3 2406 2399 2405
3 2403 2407 2402
3 2402 2407 2404
3 2404 2407 2408
3 2404 2408 2405
3 2405 2408 2409
3 2405 2409 2406
3 2412 2411 2410
3 2410 2413 2412
3 2410 2411 2414
3 2414 2411 2415
3 2413 2410 2416
3 2410 2417 2416
3 2410 2414 2417
3 2419 2418 2417
3 2417 2418 2416
3 2419 2420 2418
3 2423 2422 2421
3 2423 2421 2415
3 2421 2414 2415
3 2421 2424 2414
3 2424 1880 1881
3 2417 2424 1881
3 2414 2424 2417
3 2417 1881 1882
3 2425 2417 1882
3 2419 2417 2425
3 2420 2419 2426
3 2419 2427 2426
3 2419 2425 2427
3 2427 2428 2426
3 2430 2429 1884
3 1884 2429 1883
3 2431 1884 1885
3 2431 2430 1884
3 1886 2421 2422
3 2431 1886 2422
3 1885 1886 2431
3 2421 1886 1888
3 2421 1888 2424
3 2424 1888 1880
3 1891 2425 1882
3 2425 1891 1893
3 2432 2425 1893
3 2427 2425 2432
3 2428 2427 2433
3 2427 2434 2433
3 2427 2432 2434
3 2434 2435 2433
3 2429 1894 1883
3 2436 1894 2429
3 1897 2432 1893
3 2432 1897 1899
3 2437 2432 1899
3 2434 2432 2437
3 2435 2434 2438
3 2438 2434 2437
3 2441 2440 2439
3 2436 2441 2439
3 1901 2436 2439
3 1894 2436 1901
3 1904 2437 1899
3 2443 2442 1906
3 1906 2442 1904
3 2442 2438 1904
3 2438 2437 1904
3 2443 2444 2442
3 2440 2445 2439
3 2445 2447 2446
3 2445 2446 1907
3 2439 2445 1907
3 1901 2439 1907
3 2446 1908 1907
3 1909 2448 2443
3 1909 2443 1906
3 2444 2443 2449
3 2449 2443 2448
3 2447 2450 2446
3 1908 2446 2450
3 2451 1908 2450
3 1911 1908 2451
3 1912 2448 1909
3 1912 1914 2448
3 1914 2449 2448
3 1914 2452 2449
3 2451 1916 1911
3 2453 1916 2451
3 2454 2452 1914
3 2454 1914 1917
3 1917 1919 2454
3 2454 1919 2455
3 2453 2456 1916
3 1916 2456 1920
3 1922 1920 2456
3 1922 2456 2457
3 1923 2459 2458
3 2455 1923 2458
3 1919 1923 2455
3 2459 2460 2458
3 1924 1922 2461
3 1922 2462 2461
3 1922 2457 2462
3 2461 1925 1924
3 2465 2464 2463
3 2466 2463 2464
3 1926 2459 1923
3 1926 1928 2459
3 1928 2460 2459
3 1928 2467 2460
3 2461 2462 2468
3 2468 2462 2469
3 2468 1929 1925
3 2468 1925 2461
3 2465 2463 2470
3 2465 2470 2471
3 2463 2466 2472
3 2473 2463 2472
3 2470 2463 2473
3 2474 2473 2472
3 1930 2476 2475
3 2467 1930 2475
3 1928 1930 2467
3 2476 2477 2475
3 2469 2478 2468
3 1929 2468 2478
3 2479 1929 2478
3 1932 1929 2479
3 2471 2470 2480
3 2471 2480 2481
3 2482 2470 2473
3 2480 2470 2482
3 2473 2474 2483
3 2473 2483 2482
3 1933 2484 2476
3 1933 2476 1930
3 2477 2476 2485
3 2485 2476 2484
3 1934 1932 2486
3 1932 2487 2486
3 1932 2479 2487
3 2486 1935 1934
3 2481 2480 2488
3 2481 2488 2489
3 2490 2480 2482
3 2488 2480 2490
3 2482 2483 2491
3 2482 2491 2490
3 1936 2484 1933
3 1936 1938 2484
3 1938 2485 2484
3 1938 2492 2485
3 2487 2493 2486
3 1935 2486 2493
3 2494 1935 2493
3 1939 1935 2494
3 2495 2489 2488
3 1942 2496 1941
3 2496 2488 1941
3 2488 2490 1941
3 2496 2495 2488
3 1943 1941 2490
3 2491 1943 2490
3 2497 1943 2491
3 1944 2499 2498
3 2492 1944 2498
3 1938 1944 2492
3 2499 2500 2498
3 2494 1946 1939
3 2501 1946 2494
3 1948 2496 1942
3 1948 2502 2496
3 2504 1949 2503
3 1949 2497 2503
3 1949 1943 2497
3 2505 2504 2503
3 1950 2499 1944
3 1950 1952 2499
3 1952 2500 2499
3 1952 2506 2500
3 1953 1946 2507
3 1946 2508 2507
3 1946 2501 2508
3 2507 1954 1953
3 1956 2502 1948
3 1956 2509 2502
3 2504 1957 1949
3 1958 1957 2504
3 2505 1958 2504
3 2510 1958 2505
3 2511 2506 1952
3 2511 1952 1960
3 1960 1962 2511
3 2511 1962 2512
3 2508 2513 2507
3 1954 2507 2513
3 2514 1954 2513
3 1964 1954 2514
3 1966 2509 1956
3 1966 2515 2509
3 2517 1967 2516
3 1967 2510 2516
3 1967 1958 2510
3 2518 2517 2516
3 2519 2512 1962
3 2519 1962 1968
3 2521 2520 1970
3 2520 1968 1970
3 2520 2519 1968
3 2521 2522 2520
3 2514 2523 1964
3 1964 2523 1971
3 1972 1971 2523
3 1972 2523 2524
3 2525 2515 1966
3 2525 1966 1973
3 1973 1974 2525
3 2525 1974 2526
3 2517 1975 1967
3 1976 1975 2517
3 2518 1976 2517
3 2527 1976 2518
3 1977 2521 1970
3 2529 2528 1979
3 1979 2528 1977
3 2528 2522 1977
3 2522 2521 1977
3 2529 2530 2528
3 2524 1981 1972
3 2531 1981 2524
3 1983 2526 1974
3 1983 2532 2526
3 2527 2533 1976
3 1976 2533 1984
3 2535 2534 1985
3 1984 2535 1985
3 2533 2535 1984
3 2536 2534 2535
3 1986 2529 1979
3 2538 2537 1988
3 1988 2537 1986
3 2537 2530 1986
3 2530 2529 1986
3 2540 2539 2538
3 2538 2539 2537
3 2540 2541 2539
3 2531 2542 1981
3 1981 2542 1989
3 1990 1989 2542
3 1990 2542 2543
3 2544 2532 1983
3 2544 1983 1991
3 1991 1992 2544
3 2544 1992 2545
3 2534 1993 1985
3 1994 1993 2534
3 2536 1994 2534
3 2546 1994 2536
3 1997 2538 1988
3 2538 1997 1999
3 2547 2538 1999
3 2540 2538 2547
3 2541 2540 2548
3 2548 2540 2547
3 2543 2000 1990
3 2549 2000 2543
3 2001 2545 1992
3 2001 2550 2545
3 2546 2002 1994
3 2551 2002 2546
3 2004 2552 2003
3 2552 2005 2003
3 2007 2553 2547
3 2007 2547 1999
3 2548 2547 2554
3 2554 2547 2553
3 2549 2008 2000
3 2555 2008 2549
3 2009 2550 2001
3 2009 2556 2550
3 2558 2557 2011
3 2011 2557 2010
3 2011 2002 2551
3 2011 2551 2558
3 2560 2559 2012
3 2560 2012 2013
3 2559 2561 2012
3 2559 2004 2561
3 2004 2559 2552
3 2562 2552 2559
3 2552 2562 2015
3 2561 2015 2562
3 2562 2014 2561
3 2561 2014 2012
3 2004 2015 2561
3 2552 2015 2005
3 2018 2563 2019
3 2553 2007 2019
3 2563 2553 2019
3 2564 2553 2563
3 2554 2553 2565
3 2565 2553 2564
3 2555 2020 2008
3 2566 2020 2555
3 2021 2556 2009
3 2021 2567 2556
3 2557 2022 2010
3 2568 2022 2557
3 2024 2560 2013
3 2024 2569 2560
3 2562 2025 2014
3 2570 2025 2562
3 2027 2571 2563
3 2027 2563 2018
3 2563 2572 2564
3 2563 2571 2572
3 2565 2564 2573
3 2573 2564 2572
3 2566 2028 2020
3 2574 2028 2566
3 2030 2567 2021
3 2030 2575 2567
3 2568 2032 2022
3 2576 2032 2568
3 2577 2569 2024
3 2577 2024 2033
3 2033 2025 2570
3 2033 2570 2577
3 2035 2578 2034
3 2571 2027 2034
3 2578 2571 2034
3 2579 2571 2578
3 2581 2572 2580
3 2572 2579 2580
3 2572 2571 2579
3 2572 2581 2573
3 2574 2036 2028
3 2582 2036 2574
3 2038 2575 2030
3 2038 2583 2575
3 2576 2040 2032
3 2584 2040 2576
3 2041 2578 2035
3 2578 2041 2043
3 2585 2578 2043
3 2579 2578 2585
3 2580 2579 2586
3 2579 2587 2586
3 2579 2585 2587
3 2587 2588 2586
3 2582 2044 2036
3 2589 2044 2582
3 2046 2583 2038
3 2046 2590 2583
3 2584 2048 2040
3 2591 2048 2584
3 2050 2592 2585
3 2050 2585 2043
3 2585 2593 2587
3 2585 2592 2593
3 2588 2587 2594
3 2594 2587 2593
3 2589 2051 2044
3 2595 2051 2589
3 2053 2590 2046
3 2053 2596 2590
3 2591 2055 2048
3 2597 2055 2591
3 2057 2598 2592
3 2057 2592 2050
3 2592 2599 2593
3 2592 2598 2599
3 2594 2593 2600
3 2600 2593 2599
3 2595 2058 2051
3 2601 2058 2595
3 2060 2596 2053
3 2060 2602 2596
3 2604 2062 2603
3 2062 2597 2603
3 2062 2055 2597
3 2605 2604 2603
3 2064 2606 2598
3 2064 2598 2057
3 2598 2607 2599
3 2598 2606 2607
3 2600 2599 2608
3 2608 2599 2607
3 2601 2065 2058
3 2609 2065 2601
3 2067 2602 2060
3 2067 2610 2602
3 2611 2069 2604
3 2604 2069 2062
3 2604 2605 2612
3 2604 2612 2611
3 2071 2613 2606
3 2071 2606 2064
3 2606 2614 2607
3 2606 2613 2614
3 2608 2607 2615
3 2615 2607 2614
3 2609 2072 2065
3 2616 2072 2609
3 2074 2610 2067
3 2074 2617 2610
3 2611 2076 2069
3 2619 2618 2077
3 2619 2077 2076
3 2612 2619 2076
3 2611 2612 2076
3 2620 2618 2619
3 2079 2621 2613
3 2079 2613 2071
3 2613 2622 2614
3 2613 2621 2622
3 2615 2614 2623
3 2623 2614 2622
3 2616 2080 2072
3 2624 2080 2616
3 2082 2617 2074
3 2082 2625 2617
3 2618 2084 2077
3 2085 2084 2618
3 2620 2085 2618
3 2626 2085 2620
3 2087 2621 2079
3 2621 2087 2089
3 2627 2621 2089
3 2622 2621 2627
3 2623 2622 2628
3 2628 2622 2627
3 2624 2090 2080
3 2629 2090 2624
3 2630 2625 2082
3 2630 2082 2091
3 2091 2092 2630
3 2630 2092 2631
3 2633 2094 2632
3 2094 2626 2632
3 2094 2085 2626
3 2634 2633 2632
3 2097 2635 2627
3 2097 2627 2089
3 2628 2627 2636
3 2636 2627 2635
3 2629 2098 2090
3 2637 2098 2629
3 2099 2631 2092
3 2099 2638 2631
3 2639 2101 2633
3 2633 2101 2094
3 2633 2634 2640
3 2633 2640 2639
3 2104 2641 2635
3 2104 2635 2097
3 2636 2635 2642
3 2642 2635 2641
3 2637 2105 2098
3 2643 2105 2637
3 2106 2638 2099
3 2106 2644 2638
3 2645 2108 2639
3 2639 2108 2101
3 2639 2640 2646
3 2639 2646 2645
3 2111 2641 2104
3 2111 2113 2641
3 2113 2642 2641
3 2113 2647 2642
3 2643 2114 2105
3 2648 2114 2643
3 2116 2649 2115
3 2649 2650 2115
3 2650 2106 2115
3 2650 2644 2106
3 2651 2118 2119
3 2652 2651 2119
3 2652 2119 2108
3 2653 2652 2108
3 2645 2653 2108
3 2653 2645 2646
3 2124 2647 2113
3 2124 2654 2647
3 2648 2125 2114
3 2655 2125 2648
3 2126 2656 2649
3 2126 2649 2116
3 2650 2649 2657
3 2657 2649 2656
3 2658 2128 2651
3 2651 2128 2118
3 2651 2652 2659
3 2651 2659 2658
3 2133 2654 2124
3 2133 2660 2654
3 2661 2134 2135
3 2662 2661 2135
3 2125 2662 2135
3 2655 2662 2125
3 2136 2663 2656
3 2136 2656 2126
3 2657 2656 2664
3 2664 2656 2663
3 2665 2137 2138
3 2666 2665 2138
3 2666 2138 2128
3 2667 2666 2128
3 2658 2667 2128
3 2667 2658 2659
3 2143 2660 2133
3 2143 2668 2660
3 2670 2669 2661
3 2669 2134 2661
3 2669 2144 2134
3 2670 2661 2662
3 2672 2671 2663
3 2136 2672 2663
3 2145 2672 2136
3 2663 2671 2664
3 2673 2147 2665
3 2665 2147 2137
3 2665 2666 2674
3 2665 2674 2673
3 2677 2676 2675
3 2676 2668 2675
3 2668 2151 2675
3 2668 2143 2151
3 2669 2152 2144
3 2678 2152 2669
3 2154 2679 2153
3 2679 2680 2153
3 2680 2145 2153
3 2680 2672 2145
3 2681 2156 2673
3 2673 2156 2147
3 2673 2674 2682
3 2673 2682 2681
3 2677 2675 2683
3 2677 2683 2684
3 2159 2683 2151
3 2151 2683 2675
3 2687 2686 2685
3 2678 2687 2685
3 2160 2678 2685
3 2152 2678 2160
3 2161 2688 2679
3 2161 2679 2154
3 2680 2679 2689
3 2689 2679 2688
3 2690 2162 2163
3 2691 2690 2163
3 2691 2163 2156
3 2692 2691 2156
3 2681 2692 2156
3 2692 2681 2682
3 2684 2683 2693
3 2684 2693 2694
3 2168 2693 2159
3 2159 2693 2683
3 2685 2686 2171
3 2686 2170 2171
3 2686 2695 2170
3 2685 2171 2160
3 2697 2696 2688
3 2161 2697 2688
3 2172 2697 2161
3 2688 2696 2689
3 2698 2174 2690
3 2690 2174 2162
3 2690 2691 2699
3 2690 2699 2698
3 2702 2701 2700
3 2704 2703 2700
3 2704 2700 2701
3 2703 2704 2694
3 2703 2694 2693
3 2178 2703 2693
3 2177 2178 2693
3 2177 2693 2168
3 2707 2706 2705
3 2695 2707 2705
3 2179 2695 2705
3 2170 2695 2179
3 2710 2709 2708
3 2709 2697 2708
3 2697 2180 2708
3 2697 2172 2180
3 2711 2182 2698
3 2698 2182 2174
3 2698 2699 2712
3 2713 2698 2712
3 2711 2698 2713
3 2714 2713 2712
3 2717 2716 2715
3 2719 2718 2715
3 2719 2715 2716
3 2718 2719 2702
3 2700 2718 2702
3 2720 2718 2700
3 2185 2720 2184
3 2720 2703 2184
3 2720 2700 2703
3 2184 2703 2178
3 2705 2706 2721
3 2721 2706 2722
3 2721 2186 2179
3 2721 2179 2705
3 2710 2708 2188
3 2189 2710 2188
3 2723 2710 2189
3 2188 2708 2180
3 2711 2191 2182
3 2191 2711 2193
3 2711 2724 2193
3 2711 2713 2724
3 2713 2714 2725
3 2726 2713 2725
3 2724 2713 2726
3 2728 2727 2726
3 2728 2726 2725
3 2727 2728 2717
3 2727 2717 2715
3 2196 2727 2715
3 2195 2196 2715
3 2195 2715 2198
3 2198 2715 2718
3 2198 2718 2200
3 2200 2718 2720
3 2200 2720 2185
3 2721 2722 2204
3 2722 2203 2204
3 2722 2729 2203
3 2721 2204 2186
3 2732 2731 2730
3 2731 2723 2730
3 2723 2205 2730
3 2723 2189 2205
3 2724 2206 2193
3 2206 2724 2207
3 2207 2724 2726
3 2207 2726 2208
3 2208 2726 2727
3 2208 2727 2196
3 2729 2210 2203
3 2733 2210 2729
3 2734 2732 2730
3 2730 2205 2734
3 2205 2735 2734
3 2205 2212 2735
3 2733 2214 2210
3 2736 2214 2733
3 2737 2735 2212
3 2737 2212 2215
3 2738 2215 2216
3 2738 2737 2215
3 2740 2739 2217
3 2739 2216 2217
3 2739 2738 2216
3 2742 2741 2740
3 2740 2741 2739
3 2219 2220 2742
3 2220 2741 2742
3 2220 2743 2741
3 2744 2220 2221
3 2744 2743 2220
3 2221 2223 2744
3 2744 2223 2745
3 2736 2746 2214
3 2214 2746 2224
3 2225 2224 2746
3 2225 2746 2747
3 2226 2740 2217
3 2740 2226 2227
3 2740 2227 2742
3 2742 2227 2219
3 2748 2745 2223
3 2748 2223 2228
3 2749 2228 2229
3 2749 2748 2228
3 2229 2230 2749
3 2749 2230 2750
3 2747 2751 2225
3 2225 2751 2231
3 2751 2753 2752
3 2232 2751 2752
3 2231 2751 2232
3 2752 2233 2232
3 2230 2234 2754
3 2755 2230 2754
3 2750 2230 2755
3 2235 2754 2234
3 2758 2757 2756
3 2758 2756 2753
3 2756 2752 2753
3 2756 2759 2752
3 2759 2236 2233
3 2759 2233 2752
3 2755 2754 2760
3 2755 2760 2761
3 2237 2760 2235
3 2235 2760 2754
3 2764 2763 2762
3 2764 2762 2757
3 2757 2762 2756
3 2762 2239 2756
3 2239 2240 2756
3 2756 2240 2241
3 2756 2241 2759
3 2759 2241 2236
3 2767 2766 2765
3 2769 2768 2765
3 2769 2765 2766
3 2768 2769 2761
3 2768 2761 2760
3 2244 2768 2760
3 2243 2244 2760
3 2243 2760 2237
3 2763 2770 2762
3 2762 2770 2239
3 2770 2245 2239
3 2770 2771 2245
3 2247 2245 2771
3 2247 2771 2772
3 2775 2774 2773
3 2248 2249 2773
3 2774 2248 2773
3 2776 2248 2774
3 2248 2777 2250
3 2776 2777 2248
3 2250 2778 2251
3 2777 2778 2250
3 2765 2252 2767
3 2252 2778 2767
3 2252 2251 2778
3 2252 2765 2253
3 2253 2765 2768
3 2253 2768 2244
3 2772 2779 2247
3 2247 2779 2254
3 2254 2780 2255
3 2779 2780 2254
3 2255 2781 2256
3 2780 2781 2255
3 2773 2257 2775
3 2257 2781 2775
3 2257 2256 2781
3 2257 2773 2249
3 2783 2782 2259
3 2259 2782 2258
3 2784 2259 2260
3 2784 2783 2259
3 2260 2261 2784
3 2784 2261 2785
3 2787 2786 2263
3 2263 2786 2262
3 2263 2258 2782
3 2263 2782 2787
3 2788 2785 2261
3 2788 2261 2264
3 2264 2266 2788
3 2788 2266 2789
3 2786 2267 2262
3 2790 2267 2786
3 2268 2789 2266
3 2268 2791 2789
3 2790 2269 2267
3 2792 2269 2790
3 2271 2791 2268
3 2271 2793 2791
3 2792 2273 2269
3 2794 2273 2792
3 2796 2795 2275
3 2796 2275 2276
3 2271 2275 2793
3 2793 2275 2795
3 2794 2278 2273
3 2797 2278 2794
3 2276 2279 2798
3 2799 2276 2798
3 2796 2276 2799
3 2280 2798 2279
3 2800 2281 2282
3 2801 2800 2282
3 2278 2801 2282
3 2797 2801 2278
3 2802 2799 2798
3 2804 2802 2803
3 2803 2802 2283
3 2802 2798 2283
3 2798 2280 2283
3 2284 2803 2283
3 2800 2285 2281
3 2287 2285 2800
3 2801 2287 2800
3 2805 2287 2801
3 2806 2804 2803
3 2806 2803 2284
3 2288 2806 2284
3 2807 2806 2288
3 2809 2808 2289
3 2808 2288 2289
3 2808 2807 2288
3 2809 2810 2808
3 2805 2811 2287
3 2287 2811 2291
3 2292 2291 2811
3 2292 2811 2812
3 2293 2809 2289
3 2814 2813 2295
3 2295 2813 2293
3 2813 2810 2293
3 2810 2809 2293
3 2814 2815 2813
3 2812 2297 2292
3 2816 2297 2812
3 2298 2814 2295
3 2818 2817 2300
3 2300 2817 2298
3 2817 2815 2298
3 2815 2814 2298
3 2818 2819 2817
3 2816 2820 2297
3 2297 2820 2302
3 2822 2821 2304
3 2302 2822 2304
3 2820 2822 2302
3 2823 2821 2822
3 2306 2818 2300
3 2825 2824 2308
3 2308 2824 2306
3 2824 2819 2306
3 2819 2818 2306
3 2825 2826 2824
3 2827 2311 2821
3 2821 2311 2304
3 2821 2823 2828
3 2821 2828 2827
3 2313 2829 2314
3 2830 2315 2314
3 2830 2314 2829
3 2830 2831 2315
3 2315 2831 2308
3 2831 2832 2308
3 2832 2825 2308
3 2825 2832 2826
3 2833 2317 2827
3 2827 2317 2311
3 2827 2828 2834
3 2827 2834 2833
3 2322 2835 2323
3 2835 2836 2323
3 2323 2836 2313
3 2836 2837 2313
3 2837 2829 2313
3 2829 2837 2830
3 2830 2837 2838
3 2830 2838 2831
3 2839 2325 2833
3 2833 2325 2317
3 2833 2834 2840
3 2833 2840 2839
3 2328 2841 2329
3 2835 2322 2329
3 2841 2835 2329
3 2842 2835 2841
3 2836 2835 2843
3 2843 2835 2842
3 2839 2330 2325
3 2332 2330 2839
3 2840 2332 2839
3 2844 2332 2840
3 2334 2845 2841
3 2334 2841 2328
3 2841 2846 2842
3 2841 2845 2846
3 2843 2842 2847
3 2847 2842 2846
3 2844 2848 2332
3 2332 2848 2335
3 2337 2335 2848
3 2337 2848 2849
3 2338 2845 2334
3 2845 2338 2340
3 2850 2845 2340
3 2846 2845 2850
3 2847 2846 2851
3 2851 2846 2850
3 2854 2853 2852
3 2852 2855 2341
3 2849 2852 2341
3 2337 2849 2341
3 2852 2849 2854
3 2856 2342 2341
3 2856 2341 2855
3 2850 2340 2342
3 2856 2850 2342
3 2857 2850 2856
3 2851 2850 2858
3 2858 2850 2857
3 2861 2860 2859
3 2863 2862 2859
3 2859 2862 2861
3 2862 2863 2853
3 2863 2852 2853
3 2863 2864 2852
3 2852 2865 2855
3 2852 2864 2865
3 2855 2866 2856
3 2855 2865 2866
3 2856 2867 2857
3 2856 2866 2867
3 2858 2857 2868
3 2868 2857 2867
3 2860 2869 2859
3 2871 2870 2869
3 2870 2859 2869
3 2870 2863 2859
3 2863 2872 2864
3 2863 2870 2872
3 2864 2873 2865
3 2864 2872 2873
3 2865 2874 2866
3 2865 2873 2874
3 2876 2867 2875
3 2867 2874 2875
3 2867 2866 2874
3 2867 2876 2868
3 2879 2878 2877
3 2881 2880 2877
3 2877 2880 2879
3 2883 2882 2881
3 2881 2882 2880
3 2885 2884 2883
3 2883 2884 2882
3 2885 2886 2884
3 2871 2887 2870
3 2889 2888 2887
3 2888 2870 2887
3 2888 2872 2870
3 2891 2873 2890
3 2873 2888 2890
3 2873 2872 2888
3 2873 2891 2874
3 2874 2891 2892
3 2874 2892 2875
3 2878 2893 2877
3 2895 2894 2893
3 2894 2877 2893
3 2894 2881 2877
3 2894 2344 2345
3 2883 2894 2345
3 2881 2894 2883
3 2883 2345 2346
3 2896 2883 2346
3 2885 2883 2896
3 2886 2885 2897
3 2885 2898 2897
3 2885 2896 2898
3 2898 2899 2897
3 2889 2900 2888
3 2888 2900 2890
3 2894 2895 2349
3 2895 2348 2349
3 2895 2901 2348
3 2894 2349 2344
3 2351 2896 2346
3 2896 2351 2353
3 2902 2896 2353
3 2898 2896 2902
3 2899 2898 2903
3 2898 2904 2903
3 2898 2902 2904
3 2904 2905 2903
3 2908 2907 2906
3 2901 2908 2906
3 2355 2901 2906
3 2348 2901 2355
3 2358 2909 2902
3 2358 2902 2353
3 2902 2910 2904
3 2902 2909 2910
3 2905 2904 2911
3 2904 2912 2911
3 2904 2910 2912
3 2912 2913 2911
3 2916 2915 2914
3 2918 2917 2914
3 2914 2917 2916
3 2918 2919 2917
3 2906 2907 2920
3 2920 2907 2921
3 2920 2359 2355
3 2920 2355 2906
3 2361 2909 2358
3 2909 2361 2363
3 2922 2909 2363
3 2910 2909 2922
3 2910 2923 2912
3 2910 2922 2923
3 2913 2912 2924
3 2912 2925 2924
3 2912 2923 2925
3 2925 2926 2924
3 2929 2928 2927
3 2929 2927 2915
3 2927 2914 2915
3 2927 2930 2914
3 2914 2931 2918
3 2914 2930 2931
3 2919 2918 2932
3 2918 2933 2932
3 2918 2931 2933
3 2933 2934 2932
3 2920 2921 2935
3 2935 2921 2936
3 2935 2365 2359
3 2935 2359 2920
3 2368 2922 2363
3 2922 2368 2370
3 2922 2370 2923
3 2923 2370 2372
3 2937 2923 2372
3 2925 2923 2937
3 2926 2925 2938
3 2925 2939 2938
3 2925 2937 2939
3 2941 2940 2939
3 2939 2940 2938
3 2940 2941 2928
3 2941 2927 2928
3 2941 2942 2927
3 2927 2943 2930
3 2927 2942 2943
3 2930 2944 2931
3 2930 2943 2944
3 2931 2945 2933
3 2931 2944 2945
3 2934 2933 2946
3 2933 2947 2946
3 2933 2945 2947
3 2947 2948 2946
3 2936 2949 2935
3 2365 2935 2949
3 2950 2365 2949
3 2374 2365 2950
3 2379 2937 2372
3 2937 2379 2381
3 2951 2937 2381
3 2939 2937 2951
3 2939 2952 2941
3 2939 2951 2952
3 2941 2953 2942
3 2941 2952 2953
3 2942 2954 2943
3 2942 2953 2954
3 2943 2955 2944
3 2943 2954 2955
3 2944 2956 2945
3 2944 2955 2956
3 2958 2947 2957
3 2947 2956 2957
3 2947 2945 2956
3 2947 2958 2948
3 2382 2374 2959
3 2374 2960 2959
3 2374 2950 2960
3 2959 2384 2382
3 2388 2961 2951
3 2388 2951 2381
3 2951 2962 2952
3 2951 2961 2962
3 2952 2963 2953
3 2952 2962 2963
3 2965 2954 2964
3 2954 2963 2964
3 2954 2953 2963
3 2967 2966 2965
3 2966 2954 2965
3 2966 2955 2954
3 2955 2968 2956
3 2955 2966 2968
3 2957 2956 2969
3 2969 2956 2968
3 2960 2970 2959
3 2970 2972 2971
3 2970 2971 2389
3 2959 2970 2389
3 2384 2959 2389
3 2971 2391 2389
3 2394 2973 2395
3 2961 2388 2395
3 2973 2961 2395
3 2974 2961 2973
3 2961 2975 2962
3 2961 2974 2975
3 2977 2963 2976
3 2963 2975 2976
3 2963 2962 2975
3 2963 2977 2964
3 2967 2978 2966
3 2966 2978 2968
3 2968 2978 2979
3 2968 2979 2969
3 2972 2980 2971
3 2391 2971 2980
3 2981 2391 2980
3 2397 2391 2981
3 2400 2982 2973
3 2400 2973 2394
3 2973 2983 2974
3 2973 2982 2983
3 2985 2975 2984
3 2975 2983 2984
3 2975 2974 2983
3 2975 2985 2976
3 2401 2397 2986
3 2397 2987 2986
3 2397 2981 2987
3 2986 2403 2401
3 2406 2988 2982
3 2406 2982 2400
3 2982 2989 2983
3 2982 2988 2989
3 2984 2983 2990
3 2990 2983 2989
3 2986 2987 2991
3 2991 2987 2992
3 2993 2407 2403
3 2986 2993 2403
3 2991 2993 2986
3 2994 2408 2407
3 2994 2407 2993
3 2995 2409 2408
3 2995 2408 2994
3 2988 2406 2409
3 2995 2988 2409
3 2996 2988 2995
3 2998 2989 2997
3 2989 2996 2997
3 2989 2988 2996
3 2989 2998 2990
3 2992 2999 2991
3 2991 2999 2993
3 2993 2999 3000
3 2993 3000 2994
3 2994 3000 3001
3 2994 3001 2995
3 2995 3001 3002
3 2995 3002 2996
3 2996 3002 3003
3 2996 3003 2997
3 3006 3005 3004
3 3004 3007 3006
3 3004 3005 3008
3 3008 3005 3009
3 3007 3004 3010
3 3004 3011 3010
3 3004 3008 3011
3 3011 3012 3010
3 3014 3013 2412
3 2412 3013 2411
3 3015 3008 2413
3 3008 3014 2413
3 3014 2412 2413
3 3008 3009 3014
3 3008 3016 3011
3 3008 3015 3016
3 3012 3011 3017
3 3011 3018 3017
3 3011 3016 3018
3 3020 3019 3018
3 3018 3019 3017
3 3020 3021 3019
3 3024 3023 3022
3 3013 3024 3022
3 2415 3013 3022
3 2411 3013 2415
3 2416 3015 2413
3 3015 2416 2418
3 3015 2418 3016
3 3016 2418 2420
3 3025 3016 2420
3 3018 3016 3025
3 3018 3026 3020
3 3018 3025 3026
3 3021 3020 3027
3 3027 3020 3026
3 3030 3029 3028
3 3030 3028 3023
3 3023 3028 3022
3 3028 2422 3022
3 2422 2423 3022
3 3022 2423 2415
3 2426 3025 2420
3 3025 2426 2428
3 3031 3025 2428
3 3026 3025 3031
3 3027 3026 3032
3 3026 3033 3032
3 3026 3031 3033
3 3033 3034 3032
3 3035 2429 2430
3 3029 3036 3028
3 3036 2430 3028
3 2430 2431 3028
3 2430 3036 3035
3 3028 2431 2422
3 2433 3031 2428
3 3031 2433 2435
3 3037 3031 2435
3 3033 3031 3037
3 3034 3033 3038
3 3038 3033 3037
3 3040 3039 3035
3 3039 2429 3035
3 3039 2436 2429
3 3040 3035 3036
3 2438 3041 3037
3 2438 3037 2435
3 3038 3037 3042
3 3042 3037 3041
3 3044 3043 2441
3 2441 3043 2440
3 2441 2436 3039
3 2441 3039 3044
3 2442 3041 2438
3 3046 3045 2444
3 2444 3045 2442
3 3045 3042 2442
3 3042 3041 2442
3 3046 3047 3045
3 2445 2440 3048
3 2440 3049 3048
3 2440 3043 3049
3 3048 2447 2445
3 2449 3050 3046
3 2449 3046 2444
3 3047 3046 3051
3 3051 3046 3050
3 3049 3052 3048
3 3052 3054 3053
3 3052 3053 2450
3 3048 3052 2450
3 2447 3048 2450
3 3053 2451 2450
3 3056 3055 3050
3 2449 3056 3050
3 2452 3056 2449
3 3055 3057 3050
3 3057 3058 3050
3 3059 3051 3050
3 3059 3050 3058
3 3058 3060 3059
3 3054 3061 3053
3 2451 3053 3061
3 3062 2451 3061
3 2453 2451 3062
3 3063 3056 2452
3 3063 2452 2454
3 3064 3058 2455
3 3058 3063 2455
3 3063 2454 2455
3 3058 3057 3063
3 3060 3058 3065
3 3065 3058 3064
3 2456 2453 3066
3 2453 3067 3066
3 2453 3062 3067
3 3066 2457 2456
3 3070 3069 3068
3 3072 3071 3068
3 3072 3068 3069
3 3073 3071 3072
3 2458 3064 2455
3 2458 2460 3064
3 2460 3065 3064
3 2460 3074 3065
3 3067 3075 3066
3 2457 3066 3075
3 3076 2457 3075
3 2462 2457 3076
3 3070 3068 3077
3 3070 3077 3078
3 2465 3077 2464
3 3077 3071 2464
3 3077 3068 3071
3 3080 3079 2466
3 3080 2466 2464
3 3073 3080 2464
3 3071 3073 2464
3 3081 3079 3080
3 2467 3083 3082
3 3074 2467 3082
3 2460 2467 3074
3 3083 3084 3082
3 3076 2469 2462
3 3085 2469 3076
3 3078 3077 3086
3 3078 3086 3087
3 2471 3086 2465
3 2465 3086 3077
3 3079 2472 2466
3 3089 3088 2474
3 3089 2474 2472
3 3081 3089 2472
3 3079 3081 2472
3 3090 3088 3089
3 2475 3083 2467
3 2475 2477 3083
3 2477 3084 3083
3 2477 3091 3084
3 2478 2469 3092
3 2469 3093 3092
3 2469 3085 3093
3 3092 2479 2478
3 3094 3087 3086
3 3086 2471 3094
3 2471 3095 3094
3 2471 2481 3095
3 3096 2483 3088
3 3088 2483 2474
3 3088 3090 3097
3 3088 3097 3096
3 2485 3091 2477
3 2485 3098 3091
3 3093 3099 3092
3 2479 3092 3099
3 3100 2479 3099
3 2487 2479 3100
3 2489 3095 2481
3 2489 3101 3095
3 3102 2491 3096
3 3096 2491 2483
3 3096 3097 3103
3 3096 3103 3102
3 2492 3105 3104
3 3098 2492 3104
3 2485 2492 3098
3 3105 3106 3104
3 2493 2487 3107
3 2487 3108 3107
3 2487 3100 3108
3 3107 2494 2493
3 2489 2495 3109
3 3110 2489 3109
3 3101 2489 3110
3 2496 3109 2495
3 3111 2497 3102
3 3102 2497 2491
3 3102 3103 3112
3 3102 3112 3111
3 2498 3105 2492
3 2498 2500 3105
3 2500 3106 3105
3 2500 3113 3106
3 3108 3114 3107
3 2494 3107 3114
3 3115 2494 3114
3 2501 2494 3115
3 3116 3110 3109
3 3109 2496 3116
3 2496 3117 3116
3 2496 2502 3117
3 3111 2503 2497
3 2505 2503 3111
3 3112 2505 3111
3 3118 2505 3112
3 2506 3113 2500
3 2506 3119 3113
3 3115 2508 2501
3 3120 2508 3115
3 2509 3117 2502
3 2509 3121 3117
3 3118 2510 2505
3 3122 2510 3118
3 3123 3119 2506
3 3123 2506 2511
3 3125 3124 2512
3 3124 2511 2512
3 3124 3123 2511
3 3125 3126 3124
3 3120 3127 2508
3 2508 3127 2513
3 2514 2513 3127
3 2514 3127 3128
3 2515 3121 2509
3 2515 3129 3121
3 3122 3130 2510
3 2510 3130 2516
3 2518 2516 3130
3 2518 3130 3131
3 2519 3125 2512
3 3132 3126 3125
3 2519 3132 3125
3 2520 3132 2519
3 3134 3133 2522
3 3133 2520 2522
3 3133 3132 2520
3 3134 3135 3133
3 3128 3136 2514
3 2514 3136 2523
3 2524 2523 3136
3 2524 3136 3137
3 3138 3129 2515
3 3138 2515 2525
3 2525 2526 3138
3 3138 2526 3139
3 3141 2527 3140
3 2527 3131 3140
3 2527 2518 3131
3 3142 3141 3140
3 2528 3134 2522
3 3144 3143 2530
3 2530 3143 2528
3 3143 3135 2528
3 3135 3134 2528
3 3146 3145 3144
3 3144 3145 3143
3 3148 3147 3146
3 3146 3147 3145
3 3150 3149 3148
3 3148 3149 3147
3 3150 3151 3149
3 3137 2531 2524
3 3152 2531 3137
3 2532 3154 3153
3 3139 2532 3153
3 2526 2532 3139
3 3154 3155 3153
3 3141 2533 2527
3 3142 3156 3141
3 3156 2533 3141
3 3156 2535 2533
3 3158 3157 2536
3 2535 3158 2536
3 3156 3158 2535
3 3159 3157 3158
3 2537 3144 2530
3 3144 2537 2539
3 3144 2539 3146
3 3146 2539 2541
3 3160 3146 2541
3 3148 3146 3160
3 3148 3161 3150
3 3148 3160 3161
3 3151 3150 3162
3 3162 3150 3161
3 3152 3163 2531
3 2531 3163 2542
3 2543 2542 3163
3 2543 3163 3164
3 2544 3154 2532
3 2544 2545 3154
3 2545 3155 3154
3 2545 3165 3155
3 3166 2546 3157
3 3157 2546 2536
3 3157 3159 3167
3 3157 3167 3166
3 2548 3168 3160
3 2548 3160 2541
3 3170 3161 3169
3 3161 3168 3169
3 3161 3160 3168
3 3161 3170 3162
3 3164 2549 2543
3 3171 2549 3164
3 2550 3165 2545
3 2550 3172 3165
3 3174 3173 3166
3 3173 2546 3166
3 3173 2551 2546
3 3174 3166 3167
3 2554 3175 3168
3 2554 3168 2548
3 3169 3168 3176
3 3176 3168 3175
3 3171 2555 2549
3 3177 2555 3171
3 2556 3172 2550
3 2556 3178 3172
3 3179 2557 2558
3 3180 3179 2558
3 2551 3180 2558
3 3173 3180 2551
3 2560 3181 2559
3 3181 2562 2559
3 2565 3182 3175
3 2565 3175 2554
3 3176 3175 3183
3 3183 3175 3182
3 3177 2566 2555
3 3184 2566 3177
3 2567 3178 2556
3 2567 3185 3178
3 3187 3186 3179
3 3186 2557 3179
3 3186 2568 2557
3 3187 3179 3180
3 2569 3188 3181
3 2569 3181 2560
3 3188 2570 2562
3 3188 2562 3181
3 3190 3189 3182
3 2565 3190 3182
3 2573 3190 2565
3 3182 3189 3183
3 3184 2574 2566
3 3191 2574 3184
3 2575 3185 2567
3 2575 3192 3185
3 3186 2576 2568
3 3193 2576 3186
3 2577 3188 2569
3 3188 2577 2570
3 2580 3194 2581
3 3194 3195 2581
3 3195 2573 2581
3 3195 3190 2573
3 3191 2582 2574
3 3196 2582 3191
3 2583 3192 2575
3 2583 3197 3192
3 3193 2584 2576
3 3198 2584 3193
3 2586 3194 2580
3 2586 2588 3194
3 2588 3195 3194
3 2588 3199 3195
3 3196 2589 2582
3 3200 2589 3196
3 2590 3197 2583
3 2590 3201 3197
3 3198 2591 2584
3 3202 2591 3198
3 2594 3199 2588
3 2594 3203 3199
3 3200 2595 2589
3 3204 2595 3200
3 2596 3201 2590
3 2596 3205 3201
3 3207 2597 3206
3 2597 3202 3206
3 2597 2591 3202
3 3208 3207 3206
3 2600 3203 2594
3 2600 3209 3203
3 3204 2601 2595
3 3210 2601 3204
3 2602 3205 2596
3 2602 3211 3205
3 3207 2603 2597
3 2605 2603 3207
3 3208 2605 3207
3 3212 2605 3208
3 2608 3209 2600
3 2608 3213 3209
3 3210 2609 2601
3 3214 2609 3210
3 2610 3211 2602
3 2610 3215 3211
3 3217 2612 3216
3 2612 3212 3216
3 2612 2605 3212
3 3218 3217 3216
3 2615 3213 2608
3 2615 3219 3213
3 3214 2616 2609
3 3220 2616 3214
3 2617 3215 2610
3 2617 3221 3215
3 3217 2619 2612
3 3223 3222 2620
3 3223 2620 2619
3 3218 3223 2619
3 3217 3218 2619
3 3224 3222 3223
3 2623 3219 2615
3 2623 3225 3219
3 3220 2624 2616
3 3226 2624 3220
3 2625 3228 3227
3 3221 2625 3227
3 2617 2625 3221
3 3228 3229 3227
3 3230 2626 3222
3 3222 2626 2620
3 3222 3224 3231
3 3222 3231 3230
3 2628 3225 2623
3 2628 3232 3225
3 3226 2629 2624
3 3233 2629 3226
3 2630 3228 2625
3 3235 3234 2631
3 2631 3234 2630
3 3234 3229 2630
3 3229 3228 2630
3 3235 3236 3234
3 3230 2632 2626
3 3238 3237 2634
3 3238 2634 2632
3 3231 3238 2632
3 3230 3231 2632
3 3239 3237 3238
3 3242 3241 3240
3 3241 3232 3240
3 3232 2636 3240
3 3232 2628 2636
3 3233 2637 2629
3 3243 2637 3233
3 2638 3244 3235
3 2638 3235 2631
3 3236 3235 3245
3 3245 3235 3244
3 3246 2640 3237
3 3237 2640 2634
3 3237 3239 3247
3 3237 3247 3246
3 3242 3240 3248
3 3242 3248 3249
3 2642 3248 2636
3 2636 3248 3240
3 3251 2643 3250
3 2643 3243 3250
3 2643 2637 3243
3 3252 3251 3250
3 2644 3253 3244
3 2644 3244 2638
3 3245 3244 3254
3 3254 3244 3253
3 3255 2646 3246
3 3246 2646 2640
3 3246 3247 3256
3 3246 3256 3255
3 3249 3248 3257
3 3249 3257 3258
3 2647 3257 2642
3 2642 3257 3248
3 3260 3259 3251
3 3259 2643 3251
3 3259 2648 2643
3 3260 3251 3252
3 2650 3261 3253
3 2650 3253 2644
3 3254 3253 3262
3 3262 3253 3261
3 3263 2652 2653
3 2646 3255 2653
3 3255 3263 2653
3 3255 3264 3263
3 3255 3256 3265
3 3266 3255 3265
3 3264 3255 3266
3 3267 3266 3265
3 3258 3257 3268
3 3258 3268 3269
3 2654 3268 2647
3 2647 3268 3257
3 3259 2655 2648
3 3270 2655 3259
3 2657 3271 3261
3 2657 3261 2650
3 3262 3261 3272
3 3272 3261 3271
3 3273 2659 3263
3 3263 2659 2652
3 3274 3263 3264
3 3273 3263 3274
3 3275 3264 3266
3 3274 3264 3275
3 3266 3267 3276
3 3277 3266 3276
3 3275 3266 3277
3 3279 3278 3277
3 3279 3277 3276
3 3278 3279 3269
3 3268 3278 3269
3 3280 3278 3268
3 2660 3280 2654
3 2654 3280 3268
3 3283 3282 3281
3 3270 3283 3281
3 2662 3270 3281
3 2655 3270 2662
3 3285 3284 3271
3 2657 3285 3271
3 2664 3285 2657
3 3271 3284 3272
3 3286 2666 2667
3 2659 3273 2667
3 3273 3286 2667
3 3273 3287 3286
3 3288 3273 3274
3 3287 3273 3288
3 3289 3274 3275
3 3288 3274 3289
3 3290 3275 3277
3 3289 3275 3290
3 3291 3277 3278
3 3290 3277 3291
3 3292 3278 3280
3 3291 3278 3292
3 2668 3292 2660
3 2660 3292 3280
3 3281 3282 2670
3 3282 2669 2670
3 3282 3293 2669
3 3281 2670 2662
3 2672 3294 2671
3 3294 3295 2671
3 3295 2664 2671
3 3295 3285 2664
3 3296 2674 3286
3 3286 2674 2666
3 3297 3286 3287
3 3296 3286 3297
3 3298 3287 3288
3 3297 3287 3298
3 3299 3288 3289
3 3298 3288 3299
3 3300 3289 3290
3 3299 3289 3300
3 3301 3290 3291
3 3300 3290 3301
3 2677 3301 2676
3 3301 3292 2676
3 3301 3291 3292
3 2676 3292 2668
3 3304 3303 3302
3 3293 3304 3302
3 2678 3293 3302
3 2669 3293 2678
3 3306 3305 3294
3 2672 3306 3294
3 2680 3306 2672
3 3294 3305 3295
3 3307 2682 3296
3 3296 2682 2674
3 3308 3296 3297
3 3307 3296 3308
3 3309 3297 3298
3 3308 3297 3309
3 3310 3298 3299
3 3309 3298 3310
3 3311 3299 3300
3 3310 3299 3311
3 3312 3300 3301
3 3311 3300 3312
3 2684 3312 2677
3 2677 3312 3301
3 3302 3303 2687
3 3303 2686 2687
3 3303 3313 2686
3 3302 2687 2678
3 2689 3306 2680
3 2689 3314 3306
3 3315 2691 2692
3 2682 3307 2692
3 3307 3315 2692
3 3307 3316 3315
3 3317 3307 3308
3 3316 3307 3317
3 3318 3308 3309
3 3317 3308 3318
3 3319 3309 3310
3 3318 3309 3319
3 3320 3310 3311
3 3319 3310 3320
3 3321 3311 3312
3 3320 3311 3321
3 2694 3321 2684
3 2684 3321 3312
3 3324 3323 3322
3 3313 3324 3322
3 2695 3313 3322
3 2686 3313 2695
3 3326 3325 2696
3 3326 2696 2697
3 2689 2696 3314
3 3314 2696 3325
3 3327 2699 3315
3 3315 2699 2691
3 3328 3315 3316
3 3327 3315 3328
3 3329 3316 3317
3 3328 3316 3329
3 3330 3317 3318
3 3329 3317 3330
3 3331 3318 3319
3 3330 3318 3331
3 2702 3331 2701
3 3331 3320 2701
3 3331 3319 3320
3 2701 3320 2704
3 2704 3320 3321
3 2704 3321 2694
3 3322 3323 2707
3 3323 2706 2707
3 3323 3332 2706
3 3322 2707 2695
3 3334 3333 2709
3 3334 2709 2710
3 2697 2709 3326
3 3326 2709 3333
3 3327 2712 2699
3 2712 3327 2714
3 3327 3335 2714
3 3327 3328 3335
3 3336 3328 3329
3 3335 3328 3336
3 2717 3336 2716
3 3336 3330 2716
3 3336 3329 3330
3 2716 3330 2719
3 2719 3330 3331
3 2719 3331 2702
3 3332 2722 2706
3 3337 2722 3332
3 3340 3339 3338
3 3339 3334 3338
3 3334 2723 3338
3 3334 2710 2723
3 3335 2725 2714
3 2725 3335 2728
3 2728 3335 3336
3 2728 3336 2717
3 3337 2729 2722
3 3341 2729 3337
3 3340 3338 2731
3 2732 3340 2731
3 3342 3340 2732
3 2731 3338 2723
3 3341 2733 2729
3 3343 2733 3341
3 3344 3342 2732
3 3344 2732 2734
3 3346 3345 2735
3 3345 2734 2735
3 3345 3344 2734
3 3348 3347 3346
3 3346 3347 3345
3 3350 3349 3348
3 3348 3349 3347
3 3350 3351 3349
3 3343 2736 2733
3 3352 2736 3343
3 2737 3346 2735
3 3346 2737 2738
3 3346 2738 3348
3 3348 2738 2739
3 3348 2739 3350
3 3353 3351 3350
3 2739 3353 3350
3 2741 3353 2739
3 3354 2741 2743
3 3354 3353 2741
3 3356 3354 3355
3 3354 2744 3355
3 3354 2743 2744
3 2745 3355 2744
3 3352 3357 2736
3 2736 3357 2746
3 2747 2746 3357
3 2747 3357 3358
3 3359 3356 3355
3 3359 3355 2745
3 2748 3359 2745
3 3360 3359 2748
3 3362 3360 3361
3 3360 2749 3361
3 3360 2748 2749
3 2750 3361 2749
3 2751 2747 3363
3 2747 3364 3363
3 2747 3358 3364
3 3363 2753 2751
3 3362 3361 3365
3 3362 3365 3366
3 2755 3365 2750
3 2750 3365 3361
3 3369 3368 3367
3 3369 3367 3364
3 3364 3367 3363
3 3367 2757 3363
3 2757 2758 3363
3 3363 2758 2753
3 3372 3371 3370
3 3370 3371 3366
3 3365 3370 3366
3 3373 3370 3365
3 2761 3373 2755
3 2755 3373 3365
3 3367 3368 2764
3 3368 2763 2764
3 3368 3374 2763
3 3367 2764 2757
3 3377 3376 3375
3 3379 3378 3375
3 3379 3375 3376
3 3381 3380 3378
3 3381 3378 3379
3 3380 3381 3372
3 3380 3372 3370
3 2767 3380 3370
3 2766 2767 3370
3 2766 3370 2769
3 2769 3370 3373
3 2769 3373 2761
3 3374 3382 2763
3 2763 3382 2770
3 3382 3384 3383
3 2771 3382 3383
3 2770 3382 2771
3 2772 2771 3383
3 3387 3386 3385
3 3389 3388 3387
3 3389 3387 3385
3 3391 3390 3388
3 3391 3388 3389
3 2774 2775 3390
3 3391 2774 3390
3 3392 2774 3391
3 3375 2776 3377
3 2776 3392 3377
3 2776 2774 3392
3 2776 3375 2777
3 2777 3375 3378
3 2777 3378 2778
3 2778 3378 3380
3 2778 3380 2767
3 3384 3393 3383
3 3386 3387 3393
3 3387 2779 3393
3 2772 3383 3393
3 2772 3393 2779
3 2779 3387 2780
3 2780 3387 3388
3 2780 3388 2781
3 2781 3388 3390
3 2781 3390 2775
3 3395 3394 2783
3 2783 3394 2782
3 3396 2783 2784
3 3396 3395 2783
3 2784 2785 3396
3 3396 2785 3397
3 3399 3398 2787
3 2787 3398 2786
3 2787 2782 3394
3 2787 3394 3399
3 3400 3397 2785
3 3400 2785 2788
3 2788 2789 3400
3 3400 2789 3401
3 3398 2790 2786
3 3402 2790 3398
3 2791 3401 2789
3 2791 3403 3401
3 3402 2792 2790
3 3404 2792 3402
3 2793 3403 2791
3 2793 3405 3403
3 3404 2794 2792
3 3406 2794 3404
3 3408 3407 2795
3 3408 2795 2796
3 2793 2795 3405
3 3405 2795 3407
3 3411 3410 3409
3 3406 3411 3409
3 2797 3406 3409
3 2794 3406 2797
3 2799 3408 2796
3 2799 3412 3408
3 3409 3410 3413
3 3413 3410 3414
3 3413 2801 2797
3 3413 2797 3409
3 3415 3412 2799
3 3415 2799 2802
3 2802 2804 3415
3 3415 2804 3416
3 3414 3417 3413
3 2801 3413 3417
3 3418 2801 3417
3 2805 2801 3418
3 3419 3416 2804
3 3419 2804 2806
3 3420 2806 2807
3 3420 3419 2806
3 3422 3420 3421
3 3420 2808 3421
3 3420 2807 2808
3 2810 3421 2808
3 2811 2805 3423
3 2805 3424 3423
3 2805 3418 3424
3 3423 2812 2811
3 3425 3422 3421
3 3425 3421 2810
3 2813 3425 2810
3 3426 3425 2813
3 2813 2815 3426
3 3426 2815 3427
3 3430 3429 3428
3 3430 3428 3424
3 3428 3423 3424
3 3428 3431 3423
3 3431 2816 2812
3 3431 2812 3423
3 3432 3427 2815
3 3432 2815 2817
3 3434 3433 2819
3 3433 2817 2819
3 3433 3432 2817
3 3434 3435 3433
3 3428 3429 3436
3 3436 3429 3437
3 3428 3438 3431
3 3428 3436 3438
3 3439 2820 2816
3 3431 3439 2816
3 3438 3439 3431
3 3440 2822 2820
3 3440 2820 3439
3 3440 2823 2822
3 3443 3442 3441
3 3445 3444 3441
3 3445 3441 3442
3 3446 3444 3445
3 2824 3434 2819
3 3448 3447 2826
3 2826 3447 2824
3 3447 3435 2824
3 3435 3434 2824
3 3450 3449 3448
3 3448 3449 3447
3 3450 3451 3449
3 3436 3437 3452
3 3452 3437 3453
3 3455 3438 3454
3 3438 3452 3454
3 3438 3436 3452
3 3438 3455 3439
3 3439 3455 3456
3 3439 3456 3440
3 3440 3456 3457
3 2828 2823 3440
3 3458 2828 3440
3 3457 3458 3440
3 2828 3458 3459
3 3459 3458 3443
3 3441 3459 3443
3 3460 3459 3441
3 3461 3441 3444
3 3460 3441 3461
3 3444 3446 3462
3 3444 3462 3461
3 2831 3463 2832
3 3463 3464 2832
3 2832 3464 2826
3 3464 3465 2826
3 3465 3448 2826
3 3448 3465 3450
3 3450 3465 3466
3 3450 3466 3451
3 3453 3467 3452
3 3452 3467 3454
3 3469 3468 3459
3 3468 2828 3459
3 3468 2834 2828
3 3469 3459 3460
3 3469 3460 3470
3 3470 3460 3461
3 3470 3461 3471
3 3471 3461 3462
3 2836 3472 2837
3 2837 3472 3473
3 3474 2837 3473
3 2838 2837 3474
3 2831 2838 3463
3 2838 3475 3463
3 2838 3474 3475
3 3463 3475 3464
3 3478 3477 3476
3 3468 3478 3476
3 2840 3468 3476
3 2834 3468 2840
3 2843 3479 3472
3 2843 3472 2836
3 3473 3472 3480
3 3480 3472 3479
3 3483 3482 3481
3 3485 3484 3481
3 3481 3484 3483
3 3487 3486 3485
3 3485 3486 3484
3 3486 3487 3477
3 3487 3476 3477
3 3487 3488 3476
3 3488 2844 2840
3 3488 2840 3476
3 3491 3490 3489
3 2847 3492 2843
3 3492 3489 2843
3 3490 2843 3489
3 2843 3490 3479
3 3493 3479 3490
3 3479 3493 3492
3 3492 3494 3479
3 2847 3494 3492
3 3492 3493 3489
3 3480 3479 3495
3 3495 3479 3494
3 3498 3497 3496
3 3498 3496 3482
3 3496 3481 3482
3 3496 3499 3481
3 3481 3500 3485
3 3481 3499 3500
3 3485 3501 3487
3 3485 3500 3501
3 3487 3502 3488
3 3487 3501 3502
3 3503 2848 2844
3 3488 3503 2844
3 3502 3503 3488
3 3503 2849 2848
3 3491 3489 3504
3 3491 3504 3505
3 2851 3494 2847
3 3494 2851 3506
3 3504 3506 2851
3 3506 3504 3493
3 3489 3493 3504
3 3494 3506 3495
3 3509 3508 3507
3 3507 3510 3509
3 3496 3497 3511
3 3511 3497 3512
3 3496 3513 3499
3 3496 3511 3513
3 3499 3514 3500
3 3499 3513 3514
3 3500 3515 3501
3 3500 3514 3515
3 3501 3516 3502
3 3501 3515 3516
3 3516 2853 2854
3 3503 3516 2854
3 3502 3516 3503
3 3503 2854 2849
3 3517 3505 3504
3 2851 2858 3504
3 2858 3518 3504
3 3518 3517 3504
3 3518 2858 3519
3 3521 3520 3519
3 3519 3520 3518
3 3520 3521 3508
3 3521 3507 3508
3 3521 3522 3507
3 3510 3507 3523
3 3523 3507 3522
3 3512 3524 3511
3 3511 3524 3513
3 3513 3524 3525
3 3527 3526 3525
3 3526 3513 3525
3 3526 3514 3513
3 3526 2860 2861
3 3515 3526 2861
3 3514 3526 3515
3 3515 2861 2862
3 3515 2862 3516
3 3516 2862 2853
3 2868 3528 3519
3 2868 3519 2858
3 3519 3529 3521
3 3519 3528 3529
3 3521 3530 3522
3 3521 3529 3530
3 3523 3522 3531
3 3522 3532 3531
3 3522 3530 3532
3 3532 3533 3531
3 3527 3534 3526
3 3534 3536 3535
3 3534 3535 2869
3 3526 3534 2869
3 2860 3526 2869
3 3535 2871 2869
3 2875 3537 2876
3 3528 2868 2876
3 3537 3528 2876
3 3538 3528 3537
3 3538 2878 2879
3 3529 3538 2879
3 3528 3538 3529
3 3529 2879 2880
3 3529 2880 3530
3 3530 2880 2882
3 3530 2882 3532
3 3539 3533 3532
3 2882 3539 3532
3 2884 3539 2882
3 3541 3540 2886
3 3540 2884 2886
3 3540 3539 2884
3 3543 3542 3541
3 3541 3542 3540
3 3545 3544 3543
3 3543 3544 3542
3 3545 3546 3544
3 3536 3547 3535
3 3535 3547 2871
3 3547 2887 2871
3 3547 3548 2887
3 2889 2887 3548
3 2889 3548 3549
3 2890 3550 2891
3 2891 3550 3551
3 3552 2891 3551
3 2892 2891 3552
3 2875 2892 3537
3 2892 3553 3537
3 2892 3552 3553
3 3555 3554 3553
3 3554 3537 3553
3 3554 3538 3537
3 3556 2893 2878
3 3538 3556 2878
3 3554 3556 3538
3 3556 2895 2893
3 2897 3541 2886
3 3541 2897 2899
3 3557 3541 2899
3 3543 3541 3557
3 3543 3558 3545
3 3543 3557 3558
3 3546 3545 3559
3 3559 3545 3558
3 3549 3560 2889
3 2889 3560 2900
3 2890 2900 3550
3 2900 3561 3550
3 2900 3560 3561
3 3550 3561 3551
3 3555 3562 3554
3 3564 3563 3562
3 3563 3554 3562
3 3563 3556 3554
3 3563 2901 2895
3 3563 2895 3556
3 2903 3557 2899
3 3557 2903 2905
3 3565 3557 2905
3 3558 3557 3565
3 3559 3558 3566
3 3558 3567 3566
3 3558 3565 3567
3 3567 3568 3566
3 3571 3570 3569
3 3573 3572 3569
3 3569 3572 3571
3 3573 3574 3572
3 3577 3576 3575
3 3577 3575 3564
3 3564 3575 3563
3 3575 2907 3563
3 2907 2908 3563
3 3563 2908 2901
3 2911 3565 2905
3 3565 2911 2913
3 3578 3565 2913
3 3567 3565 3578
3 3568 3567 3579
3 3567 3580 3579
3 3567 3578 3580
3 3582 3581 3580
3 3580 3581 3579
3 3584 3583 3582
3 3582 3583 3581
3 3583 3584 3570
3 3570 3584 3569
3 3584 2915 3569
3 2915 2916 3569
3 3569 2916 2917
3 3569 2917 3573
3 3586 3585 2919
3 2919 3585 2917
3 3585 3574 2917
3 3574 3573 2917
3 3588 3587 3586
3 3586 3587 3585
3 3588 3589 3587
3 3575 3576 3590
3 3590 3576 3591
3 3590 2921 2907
3 3590 2907 3575
3 2924 3578 2913
3 3578 2924 2926
3 3592 3578 2926
3 3580 3578 3592
3 3580 3593 3582
3 3580 3592 3593
3 3593 2928 2929
3 3584 3593 2929
3 3582 3593 3584
3 3584 2929 2915
3 2932 3586 2919
3 3586 2932 2934
3 3594 3586 2934
3 3588 3586 3594
3 3589 3588 3595
3 3588 3596 3595
3 3588 3594 3596
3 3596 3597 3595
3 3591 3598 3590
3 2921 3590 3598
3 3599 2921 3598
3 2936 2921 3599
3 2938 3592 2926
3 3592 2938 2940
3 3592 2940 3593
3 3593 2940 2928
3 2946 3594 2934
3 3594 2946 2948
3 3600 3594 2948
3 3596 3594 3600
3 3597 3596 3601
3 3596 3602 3601
3 3596 3600 3602
3 3602 3603 3601
3 2949 2936 3604
3 2936 3605 3604
3 2936 3599 3605
3 3604 2950 2949
3 2957 3606 2958
3 3600 2948 2958
3 3606 3600 2958
3 3607 3600 3606
3 3600 3608 3602
3 3600 3607 3608
3 3603 3602 3609
3 3609 3602 3608
3 3605 3610 3604
3 2950 3604 3610
3 3611 2950 3610
3 2960 2950 3611
3 2964 3612 2965
3 3612 2967 2965
3 2969 3613 3606
3 2969 3606 2957
3 3606 3614 3607
3 3606 3613 3614
3 3616 3608 3615
3 3608 3614 3615
3 3608 3607 3614
3 3608 3616 3609
3 3611 3617 2960
3 2960 3617 2970
3 2972 2970 3617
3 2972 3617 3618
3 2976 3619 2977
3 3612 2964 2977
3 3619 3612 2977
3 3620 3612 3619
3 3621 2978 2967
3 3612 3621 2967
3 3620 3621 3612
3 3622 2979 2978
3 3622 2978 3621
3 3613 2969 2979
3 3622 3613 2979
3 3623 3613 3622
3 3625 3614 3624
3 3614 3623 3624
3 3614 3613 3623
3 3614 3625 3615
3 2980 2972 3626
3 2972 3627 3626
3 2972 3618 3627
3 3626 2981 2980
3 2984 3628 2985
3 3619 2976 2985
3 3628 3619 2985
3 3629 3619 3628
3 3619 3630 3620
3 3619 3629 3630
3 3620 3631 3621
3 3620 3630 3631
3 3621 3632 3622
3 3621 3631 3632
3 3622 3633 3623
3 3622 3632 3633
3 3624 3623 3634
3 3634 3623 3633
3 3627 3635 3626
3 2981 3626 3635
3 3636 2981 3635
3 2987 2981 3636
3 2990 3637 3628
3 2990 3628 2984
3 3628 3638 3629
3 3628 3637 3638
3 3629 3639 3630
3 3629 3638 3639
3 3630 3640 3631
3 3630 3639 3640
3 3631 3641 3632
3 3631 3640 3641
3 3632 3642 3633
3 3632 3641 3642
3 3634 3633 3643
3 3643 3633 3642
3 3636 2992 2987
3 3644 2992 3636
3 2997 3645 2998
3 3637 2990 2998
3 3645 3637 2998
3 3646 3637 3645
3 3637 3647 3638
3 3637 3646 3647
3 3638 3648 3639
3 3638 3647 3648
3 3639 3649 3640
3 3639 3648 3649
3 3640 3650 3641
3 3640 3649 3650
3 3641 3651 3642
3 3641 3650 3651
3 3643 3642 3652
3 3652 3642 3651
3 3644 3653 2992
3 2992 3653 2999
3 3653 3655 3654
3 3000 3653 3654
3 2999 3653 3000
3 3656 3001 3000
3 3656 3000 3654
3 3657 3002 3001
3 3657 3001 3656
3 3002 3657 3658
3 3659 3002 3658
3 3003 3002 3659
3 2997 3003 3645
3 3003 3660 3645
3 3003 3659 3660
3 3645 3660 3646
3 3646 3660 3661
3 3662 3005 3006
3 3646 3662 3006
3 3647 3646 3006
3 3661 3662 3646
3 3647 3006 3007
3 3663 3647 3007
3 3648 3647 3663
3 3648 3664 3649
3 3648 3663 3664
3 3649 3665 3650
3 3649 3664 3665
3 3650 3666 3651
3 3650 3665 3666
3 3652 3651 3667
3 3667 3651 3666
3 3655 3668 3654
3 3654 3668 3656
3 3656 3668 3669
3 3656 3669 3657
3 3657 3669 3670
3 3657 3670 3658
3 3662 3009 3005
3 3671 3009 3662
3 3010 3663 3007
3 3663 3010 3012
3 3672 3663 3012
3 3664 3663 3672
3 3664 3673 3665
3 3664 3672 3673
3 3665 3674 3666
3 3665 3673 3674
3 3667 3666 3675
3 3675 3666 3674
3 3677 3676 3014
3 3014 3676 3013
3 3014 3009 3671
3 3014 3671 3677
3 3017 3672 3012
3 3672 3017 3019
3 3672 3019 3673
3 3673 3019 3021
3 3678 3673 3021
3 3674 3673 3678
3 3675 3674 3679
3 3674 3680 3679
3 3674 3678 3680
3 3680 3681 3679
3 3683 3682 3024
3 3024 3682 3023
3 3024 3013 3676
3 3024 3676 3683
3 3027 3684 3678
3 3027 3678 3021
3 3678 3685 3680
3 3678 3684 3685
3 3681 3680 3686
3 3686 3680 3685
3 3688 3687 3030
3 3030 3687 3029
3 3030 3023 3682
3 3030 3682 3688
3 3032 3684 3027
3 3684 3032 3034
3 3689 3684 3034
3 3685 3684 3689
3 3686 3685 3690
3 3690 3685 3689
3 3687 3036 3029
3 3691 3036 3687
3 3038 3692 3689
3 3038 3689 3034
3 3690 3689 3693
3 3689 3694 3693
3 3689 3692 3694
3 3694 3695 3693
3 3697 3696 3040
3 3040 3696 3039
3 3040 3036 3691
3 3040 3691 3697
3 3042 3698 3692
3 3042 3692 3038
3 3692 3699 3694
3 3692 3698 3699
3 3695 3694 3700
3 3700 3694 3699
3 3702 3701 3044
3 3044 3701 3043
3 3044 3039 3696
3 3044 3696 3702
3 3705 3704 3703
3 3706 3703 3704
3 3045 3698 3042
3 3698 3045 3047
3 3707 3698 3047
3 3699 3698 3707
3 3700 3699 3708
3 3708 3699 3707
3 3701 3049 3043
3 3709 3049 3701
3 3705 3703 3710
3 3705 3710 3711
3 3703 3706 3712
3 3713 3703 3712
3 3710 3703 3713
3 3714 3713 3712
3 3051 3715 3707
3 3051 3707 3047
3 3708 3707 3716
3 3716 3707 3715
3 3709 3717 3049
3 3049 3717 3052
3 3054 3052 3717
3 3054 3717 3718
3 3711 3710 3719
3 3711 3719 3720
3 3721 3710 3713
3 3719 3710 3721
3 3713 3714 3722
3 3713 3722 3721
3 3056 3723 3055
3 3726 3725 3724
3 3723 3057 3055
3 3715 3051 3059
3 3726 3060 3727
3 3060 3726 3059
3 3715 3059 3726
3 3724 3715 3726
3 3715 3724 3716
3 3728 3716 3724
3 3716 3728 3729
3 3727 3729 3728
3 3726 3727 3728
3 3727 3730 3729
3 3718 3731 3054
3 3054 3731 3061
3 3062 3061 3731
3 3062 3731 3732
3 3720 3719 3733
3 3720 3733 3734
3 3735 3719 3721
3 3733 3719 3735
3 3721 3722 3736
3 3721 3736 3735
3 3063 3723 3056
3 3726 3737 3725
3 3057 3723 3063
3 3065 3738 3060
3 3065 3726 3738
3 3726 3065 3737
3 3739 3737 3065
3 3737 3739 3728
3 3738 3728 3739
3 3739 3727 3738
3 3738 3727 3060
3 3726 3728 3738
3 3730 3727 3740
3 3740 3727 3739
3 3732 3067 3062
3 3741 3067 3732
3 3742 3734 3733
3 3070 3743 3069
3 3743 3733 3069
3 3733 3735 3069
3 3743 3742 3733
3 3736 3744 3735
3 3744 3069 3735
3 3744 3072 3069
3 3073 3072 3744
3 3073 3744 3745
3 3074 3746 3739
3 3074 3739 3065
3 3740 3739 3747
3 3747 3739 3746
3 3075 3067 3748
3 3067 3749 3748
3 3067 3741 3749
3 3748 3076 3075
3 3078 3743 3070
3 3078 3750 3743
3 3745 3751 3073
3 3073 3751 3080
3 3081 3080 3751
3 3081 3751 3752
3 3082 3746 3074
3 3754 3753 3084
3 3084 3753 3082
3 3753 3747 3082
3 3747 3746 3082
3 3754 3755 3753
3 3749 3756 3748
3 3076 3748 3756
3 3757 3076 3756
3 3085 3076 3757
3 3087 3750 3078
3 3087 3758 3750
3 3752 3759 3081
3 3081 3759 3089
3 3090 3089 3759
3 3090 3759 3760
3 3091 3761 3754
3 3091 3754 3084
3 3755 3754 3762
3 3762 3754 3761
3 3757 3093 3085
3 3763 3093 3757
3 3764 3758 3087
3 3764 3087 3094
3 3094 3095 3764
3 3764 3095 3765
3 3760 3097 3090
3 3766 3097 3760
3 3098 3767 3761
3 3098 3761 3091
3 3762 3761 3768
3 3768 3761 3767
3 3763 3769 3093
3 3093 3769 3099
3 3100 3099 3769
3 3100 3769 3770
3 3101 3765 3095
3 3101 3771 3765
3 3766 3103 3097
3 3772 3103 3766
3 3104 3767 3098
3 3104 3106 3767
3 3106 3768 3767
3 3106 3773 3768
3 3770 3108 3100
3 3774 3108 3770
3 3110 3771 3101
3 3110 3775 3771
3 3772 3112 3103
3 3776 3112 3772
3 3113 3773 3106
3 3113 3777 3773
3 3774 3778 3108
3 3108 3778 3114
3 3115 3114 3778
3 3115 3778 3779
3 3780 3775 3110
3 3780 3110 3116
3 3116 3117 3780
3 3780 3117 3781
3 3776 3118 3112
3 3782 3118 3776
3 3119 3784 3783
3 3777 3119 3783
3 3113 3119 3777
3 3786 3785 3784
3 3784 3785 3783
3 3786 3787 3785
3 3779 3120 3115
3 3788 3120 3779
3 3121 3781 3117
3 3121 3789 3781
3 3791 3122 3790
3 3122 3782 3790
3 3122 3118 3782
3 3792 3791 3790
3 3123 3784 3119
3 3784 3123 3124
3 3784 3124 3786
3 3794 3793 3126
3 3126 3793 3124
3 3793 3787 3124
3 3787 3786 3124
3 3796 3795 3794
3 3794 3795 3793
3 3796 3797 3795
3 3788 3798 3120
3 3120 3798 3127
3 3128 3127 3798
3 3128 3798 3799
3 3129 3801 3800
3 3789 3129 3800
3 3121 3129 3789
3 3801 3802 3800
3 3791 3130 3122
3 3131 3130 3791
3 3792 3131 3791
3 3803 3131 3792
3 3132 3794 3126
3 3794 3132 3133
3 3794 3133 3796
3 3805 3804 3135
3 3135 3804 3133
3 3804 3797 3133
3 3797 3796 3133
3 3807 3806 3805
3 3805 3806 3804
3 3809 3808 3807
3 3807 3808 3806
3 3809 3810 3808
3 3799 3811 3128
3 3128 3811 3136
3 3137 3136 3811
3 3137 3811 3812
3 3138 3801 3129
3 3138 3139 3801
3 3139 3802 3801
3 3139 3813 3802
3 3803 3814 3131
3 3131 3814 3140
3 3142 3140 3814
3 3142 3814 3815
3 3143 3805 3135
3 3805 3143 3145
3 3805 3145 3807
3 3807 3145 3147
3 3807 3147 3809
3 3816 3810 3809
3 3147 3816 3809
3 3149 3816 3147
3 3149 3151 3816
3 3816 3151 3817
3 3812 3152 3137
3 3818 3152 3812
3 3819 3813 3139
3 3819 3139 3153
3 3153 3155 3819
3 3819 3155 3820
3 3815 3821 3142
3 3142 3821 3156
3 3156 3822 3158
3 3821 3822 3156
3 3824 3823 3159
3 3158 3824 3159
3 3822 3824 3158
3 3826 3825 3823
3 3826 3823 3824
3 3827 3825 3826
3 3162 3817 3151
3 3162 3828 3817
3 3818 3829 3152
3 3152 3829 3163
3 3164 3163 3829
3 3164 3829 3830
3 3165 3832 3831
3 3820 3165 3831
3 3155 3165 3820
3 3832 3833 3831
3 3834 3167 3823
3 3823 3167 3159
3 3825 3836 3835
3 3834 3825 3835
3 3823 3825 3834
3 3836 3825 3827
3 3838 3837 3170
3 3838 3170 3169
3 3162 3170 3828
3 3828 3170 3837
3 3830 3171 3164
3 3839 3171 3830
3 3172 3840 3832
3 3172 3832 3165
3 3833 3832 3841
3 3841 3832 3840
3 3842 3173 3174
3 3843 3842 3174
3 3843 3174 3167
3 3844 3843 3167
3 3834 3844 3167
3 3844 3834 3835
3 3176 3838 3169
3 3176 3845 3838
3 3839 3177 3171
3 3846 3177 3839
3 3178 3847 3840
3 3178 3840 3172
3 3841 3840 3848
3 3848 3840 3847
3 3850 3849 3842
3 3849 3173 3842
3 3849 3180 3173
3 3850 3842 3843
3 3853 3852 3851
3 3852 3845 3851
3 3845 3183 3851
3 3845 3176 3183
3 3846 3184 3177
3 3854 3184 3846
3 3185 3855 3847
3 3185 3847 3178
3 3848 3847 3856
3 3856 3847 3855
3 3857 3186 3187
3 3858 3857 3187
3 3180 3858 3187
3 3849 3858 3180
3 3853 3851 3189
3 3190 3853 3189
3 3859 3853 3190
3 3189 3851 3183
3 3854 3191 3184
3 3860 3191 3854
3 3192 3861 3855
3 3192 3855 3185
3 3856 3855 3862
3 3862 3855 3861
3 3863 3193 3857
3 3857 3193 3186
3 3857 3858 3864
3 3857 3864 3863
3 3867 3866 3865
3 3866 3859 3865
3 3859 3195 3865
3 3859 3190 3195
3 3860 3196 3191
3 3868 3196 3860
3 3197 3869 3861
3 3197 3861 3192
3 3862 3861 3870
3 3870 3861 3869
3 3871 3198 3863
3 3863 3198 3193
3 3863 3864 3872
3 3863 3872 3871
3 3867 3865 3873
3 3867 3873 3874
3 3199 3873 3195
3 3195 3873 3865
3 3877 3876 3875
3 3868 3877 3875
3 3200 3868 3875
3 3196 3868 3200
3 3879 3878 3869
3 3197 3879 3869
3 3201 3879 3197
3 3869 3878 3870
3 3880 3202 3871
3 3871 3202 3198
3 3871 3872 3881
3 3871 3881 3880
3 3874 3873 3882
3 3874 3882 3883
3 3203 3882 3199
3 3199 3882 3873
3 3875 3876 3884
3 3884 3876 3885
3 3884 3204 3200
3 3884 3200 3875
3 3205 3879 3201
3 3205 3886 3879
3 3880 3206 3202
3 3888 3887 3208
3 3888 3208 3206
3 3881 3888 3206
3 3880 3881 3206
3 3889 3887 3888
3 3883 3882 3890
3 3883 3890 3891
3 3209 3890 3203
3 3203 3890 3882
3 3884 3885 3892
3 3892 3885 3893
3 3892 3210 3204
3 3892 3204 3884
3 3211 3886 3205
3 3211 3894 3886
3 3895 3212 3887
3 3887 3212 3208
3 3887 3889 3896
3 3887 3896 3895
3 3891 3890 3897
3 3891 3897 3898
3 3213 3897 3209
3 3209 3897 3890
3 3892 3893 3899
3 3899 3893 3900
3 3899 3214 3210
3 3899 3210 3892
3 3215 3894 3211
3 3215 3901 3894
3 3895 3216 3212
3 3903 3902 3218
3 3903 3218 3216
3 3896 3903 3216
3 3895 3896 3216
3 3904 3902 3903
3 3898 3897 3905
3 3898 3905 3906
3 3219 3905 3213
3 3213 3905 3897
3 3899 3900 3907
3 3907 3900 3908
3 3907 3220 3214
3 3907 3214 3899
3 3221 3910 3909
3 3901 3221 3909
3 3215 3221 3901
3 3910 3911 3909
3 3902 3223 3218
3 3913 3912 3224
3 3913 3224 3223
3 3904 3913 3223
3 3902 3904 3223
3 3914 3912 3913
3 3906 3905 3915
3 3906 3915 3916
3 3225 3915 3219
3 3219 3915 3905
3 3907 3908 3917
3 3917 3908 3918
3 3917 3226 3220
3 3917 3220 3907
3 3227 3910 3221
3 3920 3919 3229
3 3229 3919 3227
3 3919 3911 3227
3 3911 3910 3227
3 3920 3921 3919
3 3922 3231 3912
3 3912 3231 3224
3 3912 3914 3923
3 3924 3912 3923
3 3922 3912 3924
3 3925 3924 3923
3 3928 3927 3926
3 3926 3927 3916
3 3915 3926 3916
3 3929 3926 3915
3 3232 3929 3225
3 3225 3929 3915
3 3918 3930 3917
3 3226 3917 3930
3 3931 3226 3930
3 3233 3226 3931
3 3234 3920 3229
3 3933 3932 3236
3 3236 3932 3234
3 3932 3921 3234
3 3921 3920 3234
3 3933 3934 3932
3 3922 3238 3231
3 3238 3922 3239
3 3922 3935 3239
3 3922 3924 3935
3 3924 3925 3936
3 3937 3924 3936
3 3935 3924 3937
3 3937 3936 3928
3 3926 3937 3928
3 3938 3937 3926
3 3242 3938 3241
3 3938 3929 3241
3 3938 3926 3929
3 3241 3929 3232
3 3940 3243 3939
3 3243 3931 3939
3 3243 3233 3931
3 3941 3940 3939
3 3245 3942 3933
3 3245 3933 3236
3 3934 3933 3943
3 3943 3933 3942
3 3944 3247 3935
3 3935 3247 3239
3 3945 3935 3937
3 3944 3935 3945
3 3946 3937 3938
3 3945 3937 3946
3 3249 3946 3242
3 3242 3946 3938
3 3940 3250 3243
3 3252 3250 3940
3 3941 3252 3940
3 3947 3252 3941
3 3254 3948 3942
3 3254 3942 3245
3 3943 3942 3949
3 3949 3942 3948
3 3950 3256 3944
3 3944 3256 3247
3 3951 3944 3945
3 3950 3944 3951
3 3952 3945 3946
3 3951 3945 3952
3 3258 3952 3249
3 3249 3952 3946
3 3954 3953 3260
3 3260 3953 3259
3 3260 3252 3947
3 3260 3947 3954
3 3956 3955 3948
3 3254 3956 3948
3 3262 3956 3254
3 3948 3955 3949
3 3950 3265 3256
3 3265 3950 3267
3 3950 3957 3267
3 3950 3951 3957
3 3958 3951 3952
3 3957 3951 3958
3 3269 3958 3258
3 3258 3958 3952
3 3961 3960 3959
3 3953 3961 3959
3 3270 3953 3959
3 3259 3953 3270
3 3272 3956 3262
3 3272 3962 3956
3 3957 3276 3267
3 3276 3957 3279
3 3279 3957 3958
3 3279 3958 3269
3 3959 3960 3283
3 3960 3282 3283
3 3960 3963 3282
3 3959 3283 3270
3 3965 3964 3284
3 3965 3284 3285
3 3272 3284 3962
3 3962 3284 3964
3 3968 3967 3966
3 3963 3968 3966
3 3293 3963 3966
3 3282 3963 3293
3 3295 3965 3285
3 3295 3969 3965
3 3966 3967 3304
3 3967 3303 3304
3 3967 3970 3303
3 3966 3304 3293
3 3972 3971 3305
3 3972 3305 3306
3 3295 3305 3969
3 3969 3305 3971
3 3975 3974 3973
3 3970 3975 3973
3 3313 3970 3973
3 3303 3970 3313
3 3314 3972 3306
3 3314 3976 3972
3 3973 3974 3324
3 3974 3323 3324
3 3974 3977 3323
3 3973 3324 3313
3 3980 3979 3978
3 3325 3326 3978
3 3979 3325 3978
3 3981 3325 3979
3 3314 3325 3976
3 3976 3325 3981
3 3977 3332 3323
3 3982 3332 3977
3 3985 3984 3983
3 3983 3984 3980
3 3983 3980 3978
3 3334 3983 3978
3 3333 3334 3978
3 3333 3978 3326
3 3988 3987 3986
3 3982 3988 3986
3 3337 3982 3986
3 3332 3982 3337
3 3985 3983 3339
3 3340 3985 3339
3 3989 3985 3340
3 3339 3983 3334
3 3987 3990 3986
3 3337 3986 3990
3 3991 3337 3990
3 3341 3337 3991
3 3342 3993 3992
3 3989 3342 3992
3 3340 3342 3989
3 3995 3994 3993
3 3993 3994 3992
3 3997 3996 3995
3 3995 3996 3994
3 3997 3998 3996
3 3991 3343 3341
3 3999 3343 3991
3 3344 3993 3342
3 3993 3344 3345
3 3993 3345 3995
3 3995 3345 3347
3 3995 3347 3997
3 4000 3998 3997
3 3347 4000 3997
3 3349 4000 3347
3 4002 4001 3351
3 4001 3349 3351
3 4001 4000 3349
3 4002 4003 4001
3 3999 3352 3343
3 4004 3352 3999
3 3353 4002 3351
3 4005 4003 4002
3 3353 4005 4002
3 3354 4005 3353
3 3354 3356 4005
3 4005 3356 4006
3 3357 3352 4007
3 3352 4008 4007
3 3352 4004 4008
3 4007 3358 3357
3 3356 3359 4009
3 4010 3356 4009
3 4006 3356 4010
3 3360 4011 3359
3 3359 4011 4009
3 3362 4011 3360
3 4014 4013 4012
3 4014 4012 4008
3 4012 4007 4008
3 4012 4015 4007
3 4015 3364 3358
3 4015 3358 4007
3 4010 4009 4016
3 4010 4016 4017
3 4018 4009 4011
3 4016 4009 4018
3 3366 4018 3362
3 3362 4018 4011
3 4012 4013 4019
3 4019 4013 4020
3 4019 3368 3369
3 4015 4019 3369
3 4012 4019 4015
3 4015 3369 3364
3 4017 4016 4021
3 4017 4021 4022
3 3372 4021 3371
3 4021 4018 3371
3 4021 4016 4018
3 3371 4018 3366
3 4019 4020 4023
3 4023 4020 4024
3 4023 3374 3368
3 4023 3368 4019
3 4027 4026 4025
3 4029 4028 4025
3 4029 4025 4026
3 4031 4030 4028
3 4031 4028 4029
3 3376 3377 4030
3 4031 3376 4030
3 4032 3376 4031
3 3376 4033 3379
3 4032 4033 3376
3 4021 3381 4022
3 3381 4033 4022
3 3381 3379 4033
3 3381 4021 3372
3 4024 4034 4023
3 4034 4036 4035
3 4034 4035 3382
3 4023 4034 3382
3 3374 4023 3382
3 3384 3382 4035
3 4039 4038 4037
3 3385 3386 4039
3 4037 3385 4039
3 4040 3385 4037
3 4025 3389 4027
3 3389 4040 4027
3 3389 3385 4040
3 3389 4025 3391
3 3391 4025 4028
3 3391 4028 3392
3 3392 4028 4030
3 3392 4030 3377
3 4036 4041 4035
3 4038 4039 4041
3 4039 3393 4041
3 3384 4035 4041
3 3384 4041 3393
3 3393 4039 3386
3 4042 3394 3395
3 3396 4043 3395
3 3395 4043 4042
3 3397 4043 3396
3 4045 4044 3399
3 3399 4044 3398
3 3399 3394 4042
3 4046 3399 4042
3 4045 3399 4046
3 4046 4042 4043
3 4046 4043 4047
3 4049 4047 4048
3 4048 4047 3400
3 4047 4043 3400
3 4043 3397 3400
3 3401 4048 3400
3 4044 3402 3398
3 4050 3402 4044
3 4049 4048 4051
3 4049 4051 4052
3 3403 4051 3401
3 3401 4051 4048
3 4050 3404 3402
3 4053 3404 4050
3 4054 4052 4051
3 4051 3403 4054
3 3403 4055 4054
3 3403 3405 4055
3 4053 3406 3404
3 4056 3406 4053
3 3408 4057 3407
3 4057 4058 3407
3 4058 3405 3407
3 4058 4055 3405
3 4060 4059 3411
3 3411 4059 3410
3 3411 3406 4056
3 3411 4056 4060
3 4062 4061 4057
3 3408 4062 4057
3 3412 4062 3408
3 4057 4061 4058
3 4059 3414 3410
3 4063 3414 4059
3 3412 3415 4064
3 4065 3412 4064
3 4062 3412 4065
3 3416 4064 3415
3 3417 3414 4066
3 3414 4067 4066
3 3414 4063 4067
3 4066 3418 3417
3 4068 4065 4064
3 4068 4064 3416
3 3419 4068 3416
3 4069 4068 3419
3 4071 4069 4070
3 4069 3420 4070
3 4069 3419 3420
3 3422 4070 3420
3 4066 4067 4072
3 4072 4067 4073
3 4072 3424 3418
3 4072 3418 4066
3 4074 4071 4070
3 4074 4070 3422
3 3425 4074 3422
3 4075 4074 3425
3 4076 3425 3426
3 4076 4075 3425
3 3426 3427 4076
3 4076 3427 4077
3 4080 4079 4078
3 4080 4078 4073
3 4073 4078 4072
3 4078 3429 4072
3 3429 3430 4072
3 4072 3430 3424
3 4081 4077 3427
3 4081 3427 3432
3 4082 3432 3433
3 4082 4081 3432
3 4084 4083 3435
3 4083 3433 3435
3 4083 4082 3433
3 4084 4085 4083
3 4078 4079 4086
3 4086 4079 4087
3 4086 3437 3429
3 4086 3429 4078
3 3443 4088 3442
3 3442 4088 4089
3 4090 3442 4089
3 3445 3442 4090
3 3446 3445 4090
3 3446 4090 4091
3 3447 4084 3435
3 4092 4085 4084
3 3447 4092 4084
3 3449 4092 3447
3 3449 3451 4092
3 4092 3451 4093
3 4087 4094 4086
3 3437 4086 4094
3 4095 3437 4094
3 3453 3437 4095
3 3454 4096 3455
3 4097 3456 3455
3 4097 3455 4096
3 4098 3457 3456
3 4098 3456 4097
3 4099 3458 3457
3 4099 3457 4098
3 4099 4100 3458
3 3458 4100 3443
3 4100 4101 3443
3 4101 4088 3443
3 4088 4101 4089
3 4103 3462 4102
3 3462 4091 4102
3 3462 3446 4091
3 4104 4103 4102
3 3464 4105 3465
3 4106 3466 3465
3 4106 3465 4105
3 4093 3451 4107
3 3451 4106 4107
3 4106 4108 4107
3 3451 3466 4106
3 4108 4109 4107
3 3467 3453 4110
3 3453 4111 4110
3 3453 4095 4111
3 4096 3454 3467
3 4110 4096 3467
3 4112 4096 4110
3 4096 4113 4097
3 4096 4112 4113
3 4097 4114 4098
3 4097 4113 4114
3 4114 3468 3469
3 4099 4114 3469
3 4098 4114 4099
3 4115 4100 4099
3 3469 4115 4099
3 3470 4115 3469
3 4117 4115 4116
3 4115 3471 4116
3 4115 3470 3471
3 3462 4103 3471
3 4103 4116 3471
3 4103 4118 4116
3 4103 4104 4119
3 4120 4103 4119
3 4118 4103 4120
3 4121 3474 3473
3 4122 4120 4119
3 4123 3475 3474
3 4123 3474 4121
3 4105 3464 3475
3 4123 4105 3475
3 4124 4105 4123
3 4126 4106 4125
3 4106 4124 4125
3 4106 4105 4124
3 4106 4126 4108
3 4108 4126 4127
3 4108 4127 4109
3 4110 4111 4128
3 4128 4111 4129
3 4110 4130 4112
3 4110 4128 4130
3 4112 4131 4113
3 4112 4130 4131
3 4131 3477 3478
3 4114 4131 3478
3 4113 4131 4114
3 4114 3478 3468
3 4132 4117 4116
3 4134 4133 4132
3 4116 4134 4132
3 4118 4134 4116
3 4135 4118 4120
3 4134 4118 4135
3 3480 4121 3473
3 4121 3480 4136
3 4135 4136 3480
3 4136 4135 4122
3 4120 4122 4135
3 4138 4137 4136
3 4137 4121 4136
3 4137 4123 4121
3 4140 4124 4139
3 4124 4137 4139
3 4124 4123 4137
3 4124 4140 4125
3 4143 4142 4141
3 4143 4141 4129
3 4129 4141 4128
3 4141 3482 4128
3 3482 3483 4128
3 4128 3483 3484
3 4128 3484 4130
3 4130 3484 3486
3 4130 3486 4131
3 4131 3486 3477
3 3490 3491 4144
3 4134 4145 4133
3 4144 3493 3490
3 4147 4145 4146
3 4134 4146 4145
3 4146 4134 4135
3 3495 4146 3480
3 3480 4146 4135
3 4138 4148 4137
3 4137 4148 4139
3 4141 4142 3498
3 4142 3497 3498
3 4142 4149 3497
3 4141 3498 3482
3 3505 4150 4144
3 3505 4144 3491
3 4151 4147 4146
3 4144 3506 3493
3 3506 4144 4152
3 4150 4152 4144
3 4151 4146 4153
3 3495 4153 4146
3 4153 3495 4154
3 3506 4154 3495
3 4154 3506 4152
3 4154 3508 4153
3 3508 3509 4153
3 4156 4155 4153
3 4156 4153 3509
3 3510 4156 3509
3 4149 3512 3497
3 4157 3512 4149
3 3517 4150 3505
3 4150 3517 3518
3 4150 3518 4152
3 4152 3518 3520
3 4152 3520 4154
3 4156 4158 4155
3 3508 4154 3520
3 3510 3523 4156
3 3523 4159 4156
3 4159 4158 4156
3 4159 3523 4160
3 4160 4161 4159
3 4164 4163 4162
3 4162 4165 4164
3 3524 3512 4166
3 3512 4167 4166
3 3512 4157 4167
3 4168 3525 3524
3 4168 3524 4166
3 4168 3527 3525
3 3531 4160 3523
3 4170 4169 3533
3 3533 4169 3531
3 4169 4161 3531
3 4161 4160 3531
3 4172 4171 4170
3 4170 4171 4169
3 4174 4173 4172
3 4172 4173 4171
3 4173 4174 4163
3 4174 4162 4163
3 4174 4175 4162
3 4165 4162 4176
3 4162 4177 4176
3 4162 4175 4177
3 4179 4178 4177
3 4177 4178 4176
3 4179 4180 4178
3 4167 4181 4166
3 4166 4181 4168
3 4168 4181 4182
3 4182 4184 4183
3 4182 4183 3534
3 4168 4182 3534
3 3527 4168 3534
3 4183 3536 3534
3 3539 4170 3533
3 4170 3539 3540
3 4170 3540 4172
3 4172 3540 3542
3 4172 3542 4174
3 4174 3542 3544
3 4174 3544 4175
3 4175 3544 3546
3 4185 4175 3546
3 4177 4175 4185
3 4177 4186 4179
3 4177 4185 4186
3 4180 4179 4187
3 4179 4188 4187
3 4179 4186 4188
3 4190 4189 4188
3 4188 4189 4187
3 4192 4191 4190
3 4190 4191 4189
3 4192 4193 4191
3 4184 4194 4183
3 4183 4194 3536
3 4194 3547 3536
3 4194 4195 3547
3 4195 4197 4196
3 3548 4195 4196
3 3547 4195 3548
3 4196 3549 3548
3 3551 4198 3552
3 4199 3553 3552
3 4199 3552 4198
3 4199 3555 3553
3 3559 4200 4185
3 3559 4185 3546
3 4185 4201 4186
3 4185 4200 4201
3 4186 4202 4188
3 4186 4201 4202
3 4188 4203 4190
3 4188 4202 4203
3 4190 4204 4192
3 4190 4203 4204
3 4193 4192 4205
3 4192 4206 4205
3 4192 4204 4206
3 4206 4207 4205
3 4197 4208 4196
3 4196 4208 3549
3 4208 3560 3549
3 4208 4209 3560
3 3560 4210 3561
3 4209 4210 3560
3 3551 3561 4198
3 3561 4211 4198
3 3561 4210 4211
3 4213 4212 4211
3 4212 4198 4211
3 4212 4199 4198
3 4214 3562 3555
3 4199 4214 3555
3 4212 4214 4199
3 4214 3564 3562
3 3566 4200 3559
3 4200 3566 3568
3 4215 4200 3568
3 4201 4200 4215
3 4201 4216 4202
3 4201 4215 4216
3 4202 4217 4203
3 4202 4216 4217
3 4217 3570 3571
3 4204 4217 3571
3 4203 4217 4204
3 4204 3571 3572
3 4204 3572 4206
3 4219 4218 3574
3 3574 4218 3572
3 4218 4207 3572
3 4207 4206 3572
3 4219 4220 4218
3 4212 4213 4221
3 4221 4213 4222
3 4221 3576 3577
3 4214 4221 3577
3 4212 4221 4214
3 4214 3577 3564
3 3579 4215 3568
3 4215 3579 3581
3 4215 3581 4216
3 4216 3581 3583
3 4216 3583 4217
3 4217 3583 3570
3 3585 4219 3574
3 4223 4220 4219
3 3585 4223 4219
3 3587 4223 3585
3 3587 3589 4223
3 4223 3589 4224
3 4222 4225 4221
3 3576 4221 4225
3 4226 3576 4225
3 3591 3576 4226
3 4227 4224 3589
3 4227 3589 3595
3 4229 4228 3597
3 4228 3595 3597
3 4228 4227 3595
3 4229 4230 4228
3 3598 3591 4231
3 3591 4232 4231
3 3591 4226 4232
3 4231 3599 3598
3 3601 4229 3597
3 3601 3603 4229
3 3603 4230 4229
3 3603 4233 4230
3 4232 4234 4231
3 3599 4231 4234
3 4235 3599 4234
3 3605 3599 4235
3 3609 4237 4236
3 4233 3609 4236
3 3603 3609 4233
3 4237 4238 4236
3 4235 4239 3605
3 3605 4239 3610
3 3611 3610 4239
3 3611 4239 4240
3 3615 4241 3616
3 4237 3609 3616
3 4241 4237 3616
3 4242 4237 4241
3 4238 4237 4243
3 4243 4237 4242
3 4240 4244 3611
3 3611 4244 3617
3 3618 3617 4244
3 3618 4244 4245
3 3624 4246 3625
3 4241 3615 3625
3 4246 4241 3625
3 4247 4241 4246
3 4241 4248 4242
3 4241 4247 4248
3 4243 4242 4249
3 4242 4250 4249
3 4242 4248 4250
3 4250 4251 4249
3 4245 3627 3618
3 4252 3627 4245
3 3634 4253 4246
3 3634 4246 3624
3 4246 4254 4247
3 4246 4253 4254
3 4247 4255 4248
3 4247 4254 4255
3 4248 4256 4250
3 4248 4255 4256
3 4251 4250 4257
3 4257 4250 4256
3 3635 3627 4258
3 3627 4259 4258
3 3627 4252 4259
3 4258 3636 3635
3 3643 4260 4253
3 3643 4253 3634
3 4253 4261 4254
3 4253 4260 4261
3 4254 4262 4255
3 4254 4261 4262
3 4264 4256 4263
3 4256 4262 4263
3 4256 4255 4262
3 4256 4264 4257
3 4259 4265 4258
3 3636 4258 4265
3 4266 3636 4265
3 3644 3636 4266
3 3652 4267 4260
3 3652 4260 3643
3 4260 4268 4261
3 4260 4267 4268
3 4261 4269 4262
3 4261 4268 4269
3 4263 4262 4270
3 4270 4262 4269
3 3653 3644 4271
3 3644 4272 4271
3 3644 4266 4272
3 4271 3655 3653
3 3658 4273 3659
3 4274 3660 3659
3 4274 3659 4273
3 4275 3661 3660
3 4275 3660 4274
3 4275 3662 3661
3 3667 4276 4267
3 3667 4267 3652
3 4267 4277 4268
3 4267 4276 4277
3 4268 4278 4269
3 4268 4277 4278
3 4270 4269 4279
3 4279 4269 4278
3 4272 4280 4271
3 4271 4280 3655
3 4280 3668 3655
3 4280 4281 3668
3 3668 4282 3669
3 4281 4282 3668
3 3669 4283 3670
3 4282 4283 3669
3 3658 3670 4273
3 3670 4284 4273
3 3670 4283 4284
3 4273 4284 4274
3 4274 4284 4285
3 4287 4286 4285
3 4286 4274 4285
3 4286 4275 4274
3 4286 3671 3662
3 4286 3662 4275
3 3675 4288 4276
3 3675 4276 3667
3 4276 4289 4277
3 4276 4288 4289
3 4277 4290 4278
3 4277 4289 4290
3 4279 4278 4291
3 4291 4278 4290
3 4286 4287 3677
3 4287 3676 3677
3 4287 4292 3676
3 4286 3677 3671
3 3679 4288 3675
3 4288 3679 3681
3 4293 4288 3681
3 4289 4288 4293
3 4289 4294 4290
3 4289 4293 4294
3 4291 4290 4295
3 4295 4290 4294
3 4297 4296 3683
3 3683 4296 3682
3 3683 3676 4292
3 3683 4292 4297
3 3686 4298 4293
3 3686 4293 3681
3 4293 4299 4294
3 4293 4298 4299
3 4295 4294 4300
3 4300 4294 4299
3 4302 4301 3688
3 3688 4301 3687
3 3688 3682 4296
3 3688 4296 4302
3 3690 4303 4298
3 3690 4298 3686
3 4298 4304 4299
3 4298 4303 4304
3 4300 4299 4305
3 4305 4299 4304
3 4301 3691 3687
3 4306 3691 4301
3 4309 4308 4307
3 4310 4307 4308
3 3693 4303 3690
3 4303 3693 3695
3 4311 4303 3695
3 4304 4303 4311
3 4305 4304 4312
3 4312 4304 4311
3 4314 4313 3697
3 3697 4313 3696
3 3697 3691 4306
3 3697 4306 4314
3 4317 4316 4315
3 4315 4316 4309
3 4307 4315 4309
3 4318 4315 4307
3 4307 4310 4319
3 4320 4307 4319
3 4318 4307 4320
3 4321 4320 4319
3 3700 4322 4311
3 3700 4311 3695
3 4312 4311 4323
3 4323 4311 4322
3 4324 3701 3702
3 4325 4324 3702
3 3696 4325 3702
3 4313 4325 3696
3 4317 4315 3704
3 3705 4317 3704
3 4326 4317 3705
3 3704 4315 3706
3 4315 4327 3706
3 4315 4318 4327
3 4328 4318 4320
3 4327 4318 4328
3 4320 4321 4329
3 4320 4329 4328
3 3708 4330 4322
3 3708 4322 3700
3 4323 4322 4331
3 4331 4322 4330
3 4332 3709 4324
3 4324 3709 3701
3 4324 4325 4333
3 4324 4333 4332
3 3711 4326 3705
3 3711 4334 4326
3 4327 3712 3706
3 3712 4327 3714
3 4327 4335 3714
3 4327 4328 4335
3 4328 4329 4336
3 4328 4336 4335
3 3716 4337 4330
3 3716 4330 3708
3 4331 4330 4338
3 4338 4330 4337
3 4332 3717 3709
3 3718 3717 4332
3 4333 3718 4332
3 4339 3718 4333
3 3720 4334 3711
3 3720 4340 4334
3 4341 3722 4335
3 4335 3722 3714
3 4335 4336 4342
3 4335 4342 4341
3 3725 4343 3724
3 3729 4337 3716
3 3728 3724 4343
3 4345 4344 3730
3 3730 4344 3729
3 4344 4338 3729
3 4338 4337 3729
3 4345 4346 4344
3 4339 4347 3718
3 3718 4347 3731
3 3732 3731 4347
3 3732 4347 4348
3 3734 4340 3720
3 3734 4349 4340
3 4350 3736 4341
3 4341 3736 3722
3 4341 4342 4351
3 4341 4351 4350
3 3737 4343 3725
3 4343 3737 3728
3 3740 4352 4345
3 3740 4345 3730
3 4346 4345 4353
3 4353 4345 4352
3 4348 3741 3732
3 4354 3741 4348
3 4355 4349 3734
3 4355 3734 3742
3 3742 3743 4355
3 4355 3743 4356
3 4350 3744 3736
3 3745 3744 4350
3 4351 3745 4350
3 4357 3745 4351
3 3747 4358 4352
3 3747 4352 3740
3 4353 4352 4359
3 4359 4352 4358
3 4354 3749 3741
3 4360 3749 4354
3 3750 4356 3743
3 3750 4361 4356
3 4357 4362 3745
3 3745 4362 3751
3 3752 3751 4362
3 3752 4362 4363
3 3753 4358 3747
3 3753 3755 4358
3 3755 4359 4358
3 3755 4364 4359
3 4360 4365 3749
3 3749 4365 3756
3 3757 3756 4365
3 3757 4365 4366
3 3758 4361 3750
3 3758 4367 4361
3 4363 4368 3752
3 3752 4368 3759
3 4370 4369 3760
3 3759 4370 3760
3 4368 4370 3759
3 4371 4369 4370
3 3762 4373 4372
3 4364 3762 4372
3 3755 3762 4364
3 4373 4374 4372
3 4366 3763 3757
3 4375 3763 4366
3 4376 4367 3758
3 4376 3758 3764
3 3764 3765 4376
3 4376 3765 4377
3 4378 3766 4369
3 4369 3766 3760
3 4369 4371 4379
3 4369 4379 4378
3 3768 4380 4373
3 3768 4373 3762
3 4374 4373 4381
3 4381 4373 4380
3 4375 4382 3763
3 3763 4382 3769
3 3770 3769 4382
3 3770 4382 4383
3 3771 4377 3765
3 3771 4384 4377
3 4385 3772 4378
3 4378 3772 3766
3 4378 4379 4386
3 4378 4386 4385
3 3773 4387 4380
3 3773 4380 3768
3 4381 4380 4388
3 4388 4380 4387
3 4383 3774 3770
3 4389 3774 4383
3 3775 4391 4390
3 4384 3775 4390
3 3771 3775 4384
3 4391 4392 4390
3 4393 3776 4385
3 4385 3776 3772
3 4385 4386 4394
3 4385 4394 4393
3 3777 4395 4387
3 3777 4387 3773
3 4388 4387 4396
3 4387 4397 4396
3 4387 4395 4397
3 4397 4398 4396
3 4389 4399 3774
3 3774 4399 3778
3 3779 3778 4399
3 3779 4399 4400
3 3780 4391 3775
3 3780 3781 4391
3 3781 4392 4391
3 3781 4401 4392
3 4402 3782 4393
3 4393 3782 3776
3 4393 4394 4403
3 4393 4403 4402
3 3783 4395 3777
3 4395 3783 3785
3 4395 3785 4397
3 4405 4404 3787
3 3787 4404 3785
3 4404 4398 3785
3 4398 4397 3785
3 4407 4406 4405
3 4405 4406 4404
3 4407 4408 4406
3 4410 3788 4409
3 3788 4400 4409
3 3788 3779 4400
3 4411 4410 4409
3 3789 4413 4412
3 4401 3789 4412
3 3781 3789 4401
3 4413 4414 4412
3 4402 3790 3782
3 3792 3790 4402
3 4403 3792 4402
3 4415 3792 4403
3 3793 4405 3787
3 4405 3793 3795
3 4405 3795 4407
3 4417 4416 3797
3 3797 4416 3795
3 4416 4408 3795
3 4408 4407 3795
3 4419 4418 4417
3 4417 4418 4416
3 4421 4420 4419
3 4419 4420 4418
3 4421 4422 4420
3 4410 3798 3788
3 3799 3798 4410
3 4411 3799 4410
3 4423 3799 4411
3 3800 4413 3789
3 4425 4424 3802
3 3802 4424 3800
3 4424 4414 3800
3 4414 4413 3800
3 4425 4426 4424
3 4428 3803 4427
3 3803 4415 4427
3 3803 3792 4415
3 4429 4428 4427
3 3804 4417 3797
3 4417 3804 3806
3 4417 3806 4419
3 4419 3806 3808
3 4419 3808 4421
3 3808 3810 4421
3 3810 4422 4421
3 3810 4430 4422
3 4423 4431 3799
3 3799 4431 3811
3 3812 3811 4431
3 3812 4431 4432
3 3813 4433 4425
3 3813 4425 3802
3 4426 4425 4434
3 4434 4425 4433
3 4428 3814 3803
3 4436 4435 3815
3 4436 3815 3814
3 4429 4436 3814
3 4428 4429 3814
3 4438 4437 4435
3 4438 4435 4436
3 4440 4439 4437
3 4440 4437 4438
3 4442 4441 4439
3 4442 4439 4440
3 4443 4441 4442
3 3810 3816 4444
3 4445 3810 4444
3 4430 3810 4445
3 3817 4444 3816
3 4432 3818 3812
3 4446 3818 4432
3 3819 4433 3813
3 4448 4447 3820
3 3820 4447 3819
3 4447 4434 3819
3 4434 4433 3819
3 4448 4449 4447
3 4435 3821 3815
3 3821 4435 3822
3 3822 4435 4437
3 3822 4437 3824
3 3824 4437 4439
3 3824 4439 3826
3 3826 4439 4441
3 3827 3826 4441
3 4443 3827 4441
3 4450 3827 4443
3 4445 4444 4451
3 4445 4451 4452
3 3828 4451 3817
3 3817 4451 4444
3 3829 3818 4453
3 3818 4454 4453
3 3818 4446 4454
3 4453 3830 3829
3 3831 4448 3820
3 4456 4455 3833
3 3833 4455 3831
3 4455 4449 3831
3 4449 4448 3831
3 4456 4457 4455
3 4458 3835 3836
3 4459 4458 3836
3 3827 4459 3836
3 4450 4459 3827
3 4452 4451 3837
3 3838 4452 3837
3 4460 4452 3838
3 3837 4451 3828
3 4454 4461 4453
3 3830 4453 4461
3 4462 3830 4461
3 3839 3830 4462
3 3841 4463 4456
3 3841 4456 3833
3 4457 4456 4464
3 4464 4456 4463
3 4465 3843 3844
3 4466 4465 3844
3 4466 3844 3835
3 4467 4466 3835
3 4458 4467 3835
3 4467 4458 4459
3 4470 4469 4468
3 4469 4460 4468
3 4460 3845 4468
3 4460 3838 3845
3 4462 3846 3839
3 4471 3846 4462
3 3848 4472 4463
3 3848 4463 3841
3 4464 4463 4473
3 4473 4463 4472
3 4474 3849 3850
3 4475 4474 3850
3 4475 3850 3843
3 4476 4475 3843
3 4465 4476 3843
3 4476 4465 4466
3 4470 4468 3852
3 3853 4470 3852
3 4477 4470 3853
3 3852 4468 3845
3 4471 3854 3846
3 4478 3854 4471
3 3856 4479 4472
3 3856 4472 3848
3 4473 4472 4480
3 4480 4472 4479
3 4481 3858 4474
3 4474 3858 3849
3 4474 4475 4482
3 4474 4482 4481
3 4485 4484 4483
3 4484 4477 4483
3 4477 3859 4483
3 4477 3853 3859
3 4478 3860 3854
3 4486 3860 4478
3 4488 4487 4479
3 3856 4488 4479
3 3862 4488 3856
3 4479 4487 4480
3 4489 3864 4481
3 4481 3864 3858
3 4481 4482 4490
3 4481 4490 4489
3 4485 4483 3866
3 3867 4485 3866
3 4491 4485 3867
3 3866 4483 3859
3 4486 3868 3860
3 4492 3868 4486
3 3870 4488 3862
3 3870 4493 4488
3 4494 3872 4489
3 4489 3872 3864
3 4489 4490 4495
3 4489 4495 4494
3 3874 4491 3867
3 3874 4496 4491
3 4498 4497 3877
3 3877 4497 3876
3 3877 3868 4492
3 3877 4492 4498
3 4500 4499 3878
3 4500 3878 3879
3 3870 3878 4493
3 4493 3878 4499
3 4501 3881 4494
3 4494 3881 3872
3 4494 4495 4502
3 4503 4494 4502
3 4501 4494 4503
3 4504 4503 4502
3 4507 4506 4505
3 4506 4496 4505
3 4496 3883 4505
3 4496 3874 3883
3 4497 3885 3876
3 4508 3885 4497
3 3886 4500 3879
3 3886 4509 4500
3 4501 3888 3881
3 3888 4501 3889
3 4501 4510 3889
3 4501 4503 4510
3 4503 4504 4511
3 4512 4503 4511
3 4510 4503 4512
3 4513 4512 4511
3 4507 4505 4514
3 4507 4514 4515
3 3891 4514 3883
3 3883 4514 4505
3 4508 3893 3885
3 4516 3893 4508
3 3894 4509 3886
3 3894 4517 4509
3 4518 3896 4510
3 4510 3896 3889
3 4519 4510 4512
3 4518 4510 4519
3 4512 4513 4520
3 4521 4512 4520
3 4519 4512 4521
3 4523 4522 4521
3 4523 4521 4520
3 4522 4523 4515
3 4514 4522 4515
3 4524 4522 4514
3 3898 4524 3891
3 3891 4524 4514
3 4516 3900 3893
3 4525 3900 4516
3 3901 4527 4526
3 4517 3901 4526
3 3894 3901 4517
3 4527 4528 4526
3 4518 3903 3896
3 3903 4518 3904
3 4518 4529 3904
3 4518 4519 4529
3 4530 4519 4521
3 4529 4519 4530
3 4531 4521 4522
3 4530 4521 4531
3 4532 4522 4524
3 4531 4522 4532
3 3906 4532 3898
3 3898 4532 4524
3 4525 3908 3900
3 4533 3908 4525
3 3909 4527 3901
3 4535 4534 3911
3 3911 4534 3909
3 4534 4528 3909
3 4528 4527 3909
3 4535 4536 4534
3 4529 3913 3904
3 3913 4529 3914
3 4529 4537 3914
3 4529 4530 4537
3 4538 4530 4531
3 4537 4530 4538
3 4539 4531 4532
3 4538 4531 4539
3 3916 4539 3906
3 3906 4539 4532
3 4541 3918 4540
3 3918 4533 4540
3 3918 3908 4533
3 4542 4541 4540
3 3919 4535 3911
3 4544 4543 3921
3 3921 4543 3919
3 4543 4536 3919
3 4536 4535 3919
3 4544 4545 4543
3 4537 3923 3914
3 3923 4537 3925
3 4537 4546 3925
3 4537 4538 4546
3 3928 4546 3927
3 4546 4539 3927
3 4546 4538 4539
3 3927 4539 3916
3 4541 3930 3918
3 4548 4547 3931
3 4548 3931 3930
3 4542 4548 3930
3 4541 4542 3930
3 4549 4547 4548
3 3932 4544 3921
3 3932 3934 4544
3 3934 4545 4544
3 3934 4550 4545
3 4546 3936 3925
3 3936 4546 3928
3 4547 3939 3931
3 3941 3939 4547
3 4549 3941 4547
3 4551 3941 4549
3 3943 4550 3934
3 3943 4552 4550
3 4555 4554 4553
3 4557 4556 4553
3 4553 4556 4555
3 4551 4556 4557
3 3947 4551 4557
3 3941 4551 3947
3 3949 4552 3943
3 3949 4558 4552
3 4561 4560 4559
3 4561 4559 4554
3 4559 4553 4554
3 4559 4562 4553
3 4562 3953 3954
3 4557 4562 3954
3 4553 4562 4557
3 4557 3954 3947
3 4564 4563 3955
3 4564 3955 3956
3 3949 3955 4558
3 4558 3955 4563
3 4559 4560 4565
3 4565 4560 4566
3 4565 3960 3961
3 4562 4565 3961
3 4559 4565 4562
3 4562 3961 3953
3 3962 4564 3956
3 3962 4567 4564
3 4565 4566 4568
3 4568 4566 4569
3 4568 3963 3960
3 4568 3960 4565
3 4571 4570 3964
3 4571 3964 3965
3 3962 3964 4567
3 4567 3964 4570
3 4568 4569 3968
3 4569 3967 3968
3 4569 4572 3967
3 4568 3968 3963
3 4575 4574 4573
3 4574 4571 4573
3 4571 3969 4573
3 4571 3965 3969
3 4578 4577 4576
3 4572 4578 4576
3 3970 4572 4576
3 3967 4572 3970
3 4581 4580 4579
3 4579 4580 4575
3 4579 4575 4573
3 3972 4579 4573
3 3971 3972 4573
3 3971 4573 3969
3 4576 4577 3975
3 4577 3974 3975
3 4577 4582 3974
3 4576 3975 3970
3 4585 4584 4583
3 4583 4584 4581
3 4579 4583 4581
3 4586 4583 4579
3 3976 4586 3972
3 3972 4586 4579
3 4589 4588 4587
3 4582 4589 4587
3 3977 4582 4587
3 3974 4582 3977
3 4592 4591 4590
3 4590 4591 4585
3 4590 4585 4583
3 3980 4590 4583
3 3979 3980 4583
3 3979 4583 3981
3 3981 4583 4586
3 3981 4586 3976
3 4587 4588 4593
3 4593 4588 4594
3 4593 3982 3977
3 4593 3977 4587
3 4592 4590 3984
3 3985 4592 3984
3 4595 4592 3985
3 3984 4590 3980
3 4593 4594 3988
3 4594 3987 3988
3 4594 4596 3987
3 4593 3988 3982
3 3989 4595 3985
3 3989 4597 4595
3 3990 3987 4598
3 3987 4599 4598
3 3987 4596 4599
3 4598 3991 3990
3 4600 4597 3989
3 4600 3989 3992
3 4601 3992 3994
3 4601 4600 3992
3 4602 3994 3996
3 4602 4601 3994
3 3996 3998 4602
3 4602 3998 4603
3 4599 4604 4598
3 3991 4598 4604
3 4605 3991 4604
3 3999 3991 4605
3 4606 4603 3998
3 4606 3998 4000
3 4608 4606 4607
3 4606 4001 4607
3 4606 4000 4001
3 4003 4607 4001
3 4605 4004 3999
3 4609 4004 4605
3 4610 4608 4607
3 4612 4610 4611
3 4611 4610 4005
3 4610 4607 4005
3 4607 4003 4005
3 4006 4611 4005
3 4609 4008 4004
3 4613 4008 4609
3 4612 4611 4614
3 4612 4614 4615
3 4010 4614 4006
3 4006 4614 4611
3 4617 4616 4014
3 4014 4616 4013
3 4014 4008 4613
3 4014 4613 4617
3 4615 4614 4618
3 4615 4618 4619
3 4017 4618 4010
3 4010 4618 4614
3 4622 4621 4620
3 4616 4622 4620
3 4020 4616 4620
3 4013 4616 4020
3 4625 4624 4623
3 4627 4626 4623
3 4627 4623 4624
3 4626 4627 4619
3 4618 4626 4619
3 4628 4626 4618
3 4022 4628 4017
3 4017 4628 4618
3 4620 4621 4629
3 4629 4621 4630
3 4629 4024 4020
3 4629 4020 4620
3 4633 4632 4631
3 4635 4634 4631
3 4635 4631 4632
3 4026 4027 4634
3 4635 4026 4634
3 4636 4026 4635
3 4026 4637 4029
3 4636 4637 4026
3 4623 4031 4625
3 4031 4637 4625
3 4031 4029 4637
3 4031 4623 4032
3 4032 4623 4626
3 4032 4626 4033
3 4033 4626 4628
3 4033 4628 4022
3 4630 4638 4629
3 4629 4638 4024
3 4638 4034 4024
3 4638 4639 4034
3 4641 4640 4036
3 4034 4641 4036
3 4639 4641 4034
3 4640 4641 4633
3 4640 4633 4631
3 4038 4640 4631
3 4037 4038 4631
3 4037 4631 4040
3 4040 4631 4634
3 4040 4634 4027
3 4640 4041 4036
3 4041 4640 4038
3 4643 4642 4045
3 4045 4642 4044
3 4644 4045 4046
3 4644 4643 4045
3 4646 4644 4645
3 4644 4047 4645
3 4644 4046 4047
3 4049 4645 4047
3 4642 4050 4044
3 4647 4050 4642
3 4648 4646 4645
3 4645 4049 4648
3 4049 4649 4648
3 4049 4052 4649
3 4647 4053 4050
3 4650 4053 4647
3 4052 4054 4651
3 4652 4052 4651
3 4649 4052 4652
3 4055 4651 4054
3 4655 4654 4653
3 4650 4655 4653
3 4056 4650 4653
3 4053 4650 4056
3 4656 4652 4651
3 4651 4055 4656
3 4055 4657 4656
3 4055 4058 4657
3 4653 4654 4060
3 4654 4059 4060
3 4654 4658 4059
3 4653 4060 4056
3 4660 4659 4061
3 4660 4061 4062
3 4058 4061 4657
3 4657 4061 4659
3 4658 4063 4059
3 4661 4063 4658
3 4065 4660 4062
3 4065 4662 4660
3 4661 4067 4063
3 4663 4067 4661
3 4065 4068 4664
3 4665 4065 4664
3 4662 4065 4665
3 4069 4666 4068
3 4068 4666 4664
3 4071 4666 4069
3 4663 4073 4067
3 4667 4073 4663
3 4668 4665 4664
3 4668 4664 4666
3 4668 4666 4669
3 4669 4666 4071
3 4074 4669 4071
3 4670 4669 4074
3 4672 4670 4671
3 4670 4075 4671
3 4670 4074 4075
3 4076 4673 4075
3 4075 4673 4671
3 4077 4673 4076
3 4675 4674 4080
3 4080 4674 4079
3 4080 4073 4667
3 4080 4667 4675
3 4676 4672 4671
3 4676 4671 4673
3 4676 4673 4677
3 4677 4673 4077
3 4081 4677 4077
3 4678 4677 4081
3 4679 4081 4082
3 4679 4678 4081
3 4680 4082 4083
3 4680 4679 4082
3 4083 4085 4680
3 4680 4085 4681
3 4674 4087 4079
3 4682 4087 4674
3 4089 4683 4090
3 4683 4091 4090
3 4684 4681 4085
3 4684 4085 4092
3 4092 4093 4684
3 4684 4093 4685
3 4682 4686 4087
3 4087 4686 4094
3 4095 4094 4686
3 4095 4686 4687
3 4100 4688 4101
3 4683 4089 4101
3 4688 4683 4101
3 4689 4683 4688
3 4683 4689 4091
3 4689 4690 4091
3 4690 4102 4091
3 4689 4691 4690
3 4104 4102 4690
3 4104 4690 4692
3 4693 4685 4093
3 4693 4093 4107
3 4107 4109 4693
3 4693 4109 4694
3 4687 4111 4095
3 4695 4111 4687
3 4115 4688 4100
3 4688 4115 4117
3 4696 4688 4117
3 4689 4688 4696
3 4691 4689 4697
3 4697 4689 4696
3 4692 4698 4104
3 4104 4698 4119
3 4700 4699 4122
3 4119 4700 4122
3 4698 4700 4119
3 4701 4699 4700
3 4125 4702 4126
3 4703 4127 4126
3 4703 4126 4702
3 4694 4109 4704
3 4109 4703 4704
3 4703 4705 4704
3 4109 4127 4703
3 4707 4706 4705
3 4705 4706 4704
3 4707 4708 4706
3 4710 4129 4709
3 4129 4695 4709
3 4129 4111 4695
3 4711 4710 4709
3 4132 4696 4117
3 4132 4133 4696
3 4133 4697 4696
3 4133 4712 4697
3 4699 4136 4122
3 4714 4713 4138
3 4714 4138 4136
3 4701 4714 4136
3 4699 4701 4136
3 4715 4140 4139
3 4716 4713 4714
3 4702 4125 4140
3 4715 4702 4140
3 4717 4702 4715
3 4702 4718 4703
3 4702 4717 4718
3 4703 4719 4705
3 4703 4718 4719
3 4705 4720 4707
3 4705 4719 4720
3 4708 4707 4721
3 4707 4722 4721
3 4707 4720 4722
3 4722 4723 4721
3 4725 4724 4143
3 4143 4724 4142
3 4143 4129 4710
3 4726 4143 4710
3 4725 4143 4726
3 4726 4710 4711
3 4727 4712 4133
3 4727 4133 4145
3 4729 4728 4147
3 4728 4145 4147
3 4728 4727 4145
3 4729 4730 4728
3 4713 4148 4138
3 4713 4716 4148
3 4716 4731 4148
3 4715 4139 4148
3 4715 4148 4731
3 4715 4731 4717
3 4717 4731 4732
3 4734 4733 4732
3 4733 4717 4732
3 4733 4718 4717
3 4718 4735 4719
3 4718 4733 4735
3 4719 4736 4720
3 4719 4735 4736
3 4720 4737 4722
3 4720 4736 4737
3 4723 4722 4738
3 4722 4739 4738
3 4722 4737 4739
3 4739 4740 4738
3 4724 4149 4142
3 4741 4149 4724
3 4151 4729 4147
3 4742 4730 4729
3 4151 4742 4729
3 4153 4742 4151
3 4744 4743 4155
3 4743 4153 4155
3 4743 4742 4153
3 4746 4745 4744
3 4744 4745 4743
3 4746 4747 4745
3 4734 4748 4733
3 4750 4749 4748
3 4749 4733 4748
3 4749 4735 4733
3 4735 4751 4736
3 4735 4749 4751
3 4736 4752 4737
3 4736 4751 4752
3 4737 4753 4739
3 4737 4752 4753
3 4740 4739 4754
3 4739 4755 4754
3 4739 4753 4755
3 4755 4756 4754
3 4741 4157 4149
3 4757 4157 4741
3 4158 4744 4155
3 4744 4158 4159
3 4744 4159 4746
3 4759 4758 4161
3 4161 4758 4159
3 4758 4747 4159
3 4747 4746 4159
3 4761 4760 4759
3 4759 4760 4758
3 4760 4761 4750
3 4761 4749 4750
3 4761 4762 4749
3 4762 4163 4164
3 4751 4762 4164
3 4749 4762 4751
3 4751 4164 4165
3 4763 4751 4165
3 4752 4751 4763
3 4752 4764 4753
3 4752 4763 4764
3 4753 4765 4755
3 4753 4764 4765
3 4756 4755 4766
3 4755 4767 4766
3 4755 4765 4767
3 4767 4768 4766
3 4757 4167 4157
3 4769 4167 4757
3 4169 4759 4161
3 4759 4169 4171
3 4759 4171 4761
3 4761 4171 4173
3 4761 4173 4762
3 4762 4173 4163
3 4176 4763 4165
3 4763 4176 4178
3 4763 4178 4764
3 4764 4178 4180
3 4770 4764 4180
3 4765 4764 4770
3 4765 4771 4767
3 4765 4770 4771
3 4768 4767 4772
3 4767 4773 4772
3 4767 4771 4773
3 4773 4774 4772
3 4769 4775 4167
3 4167 4775 4181
3 4181 4776 4182
3 4775 4776 4181
3 4184 4182 4776
3 4184 4776 4777
3 4187 4770 4180
3 4770 4187 4189
3 4770 4189 4771
3 4771 4189 4191
3 4771 4191 4773
3 4779 4778 4193
3 4193 4778 4191
3 4778 4774 4191
3 4774 4773 4191
3 4779 4780 4778
3 4777 4781 4184
3 4184 4781 4194
3 4781 4783 4782
3 4195 4781 4782
3 4194 4781 4195
3 4782 4197 4195
3 4205 4779 4193
3 4785 4784 4207
3 4207 4784 4205
3 4784 4780 4205
3 4780 4779 4205
3 4785 4786 4784
3 4783 4787 4782
3 4782 4787 4197
3 4787 4208 4197
3 4787 4788 4208
3 4208 4789 4209
3 4788 4789 4208
3 4209 4790 4210
3 4789 4790 4209
3 4210 4791 4211
3 4790 4791 4210
3 4213 4211 4791
3 4213 4791 4792
3 4795 4794 4793
3 4796 4793 4794
3 4218 4785 4207
3 4798 4797 4220
3 4220 4797 4218
3 4797 4786 4218
3 4786 4785 4218
3 4798 4799 4797
3 4792 4222 4213
3 4800 4222 4792
3 4801 4795 4793
3 4804 4803 4802
3 4796 4801 4793
3 4805 4803 4804
3 4808 4807 4806
3 4809 4806 4807
3 4223 4798 4220
3 4811 4810 4224
3 4224 4810 4223
3 4810 4799 4223
3 4799 4798 4223
3 4811 4812 4810
3 4800 4813 4222
3 4222 4813 4225
3 4226 4225 4813
3 4226 4813 4814
3 4802 4803 4815
3 4802 4815 4816
3 4803 4805 4817
3 4818 4803 4817
3 4815 4803 4818
3 4819 4818 4817
3 4820 4808 4806
3 4820 4806 4809
3 4227 4811 4224
3 4821 4812 4811
3 4227 4821 4811
3 4228 4821 4227
3 4228 4230 4821
3 4821 4230 4822
3 4814 4232 4226
3 4823 4232 4814
3 4824 4816 4815
3 4826 4825 4824
3 4815 4826 4824
3 4818 4826 4815
3 4818 4819 4827
3 4818 4827 4826
3 4233 4822 4230
3 4233 4828 4822
3 4823 4829 4232
3 4232 4829 4234
3 4235 4234 4829
3 4235 4829 4830
3 4831 4825 4826
3 4831 4826 4827
3 4832 4828 4233
3 4832 4233 4236
3 4236 4238 4832
3 4832 4238 4833
3 4830 4834 4235
3 4235 4834 4239
3 4240 4239 4834
3 4240 4834 4835
3 4838 4837 4836
3 4840 4839 4836
3 4840 4836 4837
3 4841 4839 4840
3 4243 4843 4842
3 4833 4243 4842
3 4238 4243 4833
3 4843 4844 4842
3 4244 4240 4845
3 4240 4846 4845
3 4240 4835 4846
3 4845 4245 4244
3 4847 4838 4836
3 4849 4848 4847
3 4836 4849 4847
3 4839 4849 4836
3 4839 4841 4850
3 4851 4839 4850
3 4849 4839 4851
3 4852 4851 4850
3 4249 4843 4243
3 4249 4251 4843
3 4251 4844 4843
3 4251 4853 4844
3 4846 4854 4845
3 4245 4845 4854
3 4855 4245 4854
3 4252 4245 4855
3 4856 4848 4849
3 4856 4849 4851
3 4856 4851 4857
3 4857 4851 4852
3 4257 4859 4858
3 4853 4257 4858
3 4251 4257 4853
3 4859 4860 4858
3 4855 4259 4252
3 4861 4259 4855
3 4263 4862 4264
3 4859 4257 4264
3 4862 4859 4264
3 4863 4859 4862
3 4860 4859 4864
3 4864 4859 4863
3 4265 4259 4865
3 4259 4866 4865
3 4259 4861 4866
3 4865 4266 4265
3 4270 4867 4862
3 4270 4862 4263
3 4862 4868 4863
3 4862 4867 4868
3 4864 4863 4869
3 4869 4863 4868
3 4866 4870 4865
3 4266 4865 4870
3 4871 4266 4870
3 4272 4266 4871
3 4279 4872 4867
3 4279 4867 4270
3 4874 4868 4873
3 4868 4872 4873
3 4868 4867 4872
3 4868 4874 4869
3 4871 4875 4272
3 4272 4875 4280
3 4280 4876 4281
3 4875 4876 4280
3 4281 4877 4282
3 4876 4877 4281
3 4282 4878 4283
3 4877 4878 4282
3 4283 4879 4284
3 4878 4879 4283
3 4284 4880 4285
3 4879 4880 4284
3 4287 4285 4880
3 4287 4880 4881
3 4291 4882 4872
3 4291 4872 4279
3 4873 4872 4883
3 4883 4872 4882
3 4881 4292 4287
3 4884 4292 4881
3 4295 4885 4882
3 4295 4882 4291
3 4883 4882 4886
3 4886 4882 4885
3 4888 4887 4297
3 4297 4887 4296
3 4297 4292 4884
3 4297 4884 4888
3 4300 4889 4885
3 4300 4885 4295
3 4886 4885 4890
3 4890 4885 4889
3 4892 4891 4302
3 4302 4891 4301
3 4302 4296 4887
3 4302 4887 4892
3 4895 4894 4893
3 4896 4893 4894
3 4305 4897 4889
3 4305 4889 4300
3 4890 4889 4898
3 4898 4889 4897
3 4891 4306 4301
3 4899 4306 4891
3 4901 4900 4308
3 4901 4308 4309
3 4893 4902 4310
3 4900 4893 4310
3 4308 4900 4310
3 4895 4893 4900
3 4893 4896 4903
3 4893 4903 4902
3 4312 4904 4897
3 4312 4897 4305
3 4898 4897 4905
3 4905 4897 4904
3 4906 4313 4314
3 4907 4906 4314
3 4306 4907 4314
3 4899 4907 4306
3 4317 4908 4316
3 4908 4909 4316
3 4909 4309 4316
3 4909 4901 4309
3 4902 4319 4310
3 4911 4910 4321
3 4911 4321 4319
3 4903 4911 4319
3 4902 4903 4319
3 4912 4910 4911
3 4323 4913 4904
3 4323 4904 4312
3 4905 4904 4914
3 4914 4904 4913
3 4916 4915 4906
3 4915 4313 4906
3 4915 4325 4313
3 4916 4906 4907
3 4326 4917 4908
3 4326 4908 4317
3 4909 4908 4918
3 4918 4908 4917
3 4919 4329 4910
3 4910 4329 4321
3 4910 4912 4920
3 4910 4920 4919
3 4331 4921 4913
3 4331 4913 4323
3 4914 4913 4922
3 4922 4913 4921
3 4915 4333 4325
3 4923 4333 4915
3 4334 4924 4917
3 4334 4917 4326
3 4918 4917 4925
3 4925 4917 4924
3 4926 4336 4919
3 4919 4336 4329
3 4919 4920 4927
3 4919 4927 4926
3 4338 4928 4921
3 4338 4921 4331
3 4922 4921 4929
3 4921 4930 4929
3 4921 4928 4930
3 4930 4931 4929
3 4923 4339 4333
3 4932 4339 4923
3 4934 4933 4924
3 4334 4934 4924
3 4340 4934 4334
3 4924 4933 4925
3 4935 4342 4926
3 4926 4342 4336
3 4926 4927 4936
3 4926 4936 4935
3 4344 4928 4338
3 4928 4344 4346
3 4937 4928 4346
3 4930 4928 4937
3 4931 4930 4938
3 4938 4930 4937
3 4932 4939 4339
3 4339 4939 4347
3 4348 4347 4939
3 4348 4939 4940
3 4349 4934 4340
3 4349 4941 4934
3 4942 4351 4935
3 4935 4351 4342
3 4935 4936 4943
3 4935 4943 4942
3 4353 4944 4937
3 4353 4937 4346
3 4938 4937 4945
3 4945 4937 4944
3 4940 4354 4348
3 4946 4354 4940
3 4947 4941 4349
3 4947 4349 4355
3 4355 4356 4947
3 4947 4356 4948
3 4949 4357 4942
3 4942 4357 4351
3 4942 4943 4950
3 4951 4942 4950
3 4949 4942 4951
3 4952 4951 4950
3 4359 4953 4944
3 4359 4944 4353
3 4945 4944 4954
3 4954 4944 4953
3 4946 4360 4354
3 4955 4360 4946
3 4361 4948 4356
3 4361 4956 4948
3 4949 4362 4357
3 4362 4949 4363
3 4949 4957 4363
3 4949 4951 4957
3 4951 4952 4958
3 4959 4951 4958
3 4957 4951 4959
3 4960 4959 4958
3 4364 4961 4953
3 4364 4953 4359
3 4954 4953 4962
3 4962 4953 4961
3 4955 4963 4360
3 4360 4963 4365
3 4366 4365 4963
3 4366 4963 4964
3 4367 4966 4965
3 4956 4367 4965
3 4361 4367 4956
3 4966 4967 4965
3 4957 4368 4363
3 4368 4957 4370
3 4370 4957 4959
3 4969 4968 4371
3 4969 4371 4370
3 4960 4969 4370
3 4959 4960 4370
3 4970 4968 4969
3 4372 4961 4364
3 4372 4374 4961
3 4374 4962 4961
3 4374 4971 4962
3 4964 4375 4366
3 4972 4375 4964
3 4376 4966 4367
3 4974 4973 4377
3 4377 4973 4376
3 4973 4967 4376
3 4967 4966 4376
3 4974 4975 4973
3 4976 4379 4968
3 4968 4379 4371
3 4968 4970 4977
3 4968 4977 4976
3 4381 4979 4978
3 4971 4381 4978
3 4374 4381 4971
3 4979 4980 4978
3 4972 4981 4375
3 4375 4981 4382
3 4383 4382 4981
3 4383 4981 4982
3 4384 4983 4974
3 4384 4974 4377
3 4975 4974 4984
3 4984 4974 4983
3 4986 4985 4976
3 4985 4379 4976
3 4985 4386 4379
3 4986 4976 4977
3 4388 4987 4979
3 4388 4979 4381
3 4980 4979 4988
3 4988 4979 4987
3 4990 4389 4989
3 4389 4982 4989
3 4389 4383 4982
3 4991 4990 4989
3 4390 4983 4384
3 4993 4992 4392
3 4392 4992 4390
3 4992 4984 4390
3 4984 4983 4390
3 4993 4994 4992
3 4985 4394 4386
3 4995 4394 4985
3 4396 4987 4388
3 4997 4996 4398
3 4398 4996 4396
3 4996 4988 4396
3 4988 4987 4396
3 4997 4998 4996
3 4990 4399 4389
3 4400 4399 4990
3 4991 4400 4990
3 4999 4400 4991
3 4401 5000 4993
3 4401 4993 4392
3 4994 4993 5001
3 5001 4993 5000
3 5003 4403 5002
3 4403 4995 5002
3 4403 4394 4995
3 5004 5003 5002
3 4404 4997 4398
3 5005 4998 4997
3 4404 5005 4997
3 4406 5005 4404
3 5007 5006 4408
3 5006 4406 4408
3 5006 5005 4406
3 5007 5008 5006
3 4999 5009 4400
3 4400 5009 4409
3 4411 4409 5009
3 4411 5009 5010
3 4412 5000 4401
3 5012 5011 4414
3 4414 5011 4412
3 5011 5001 4412
3 5001 5000 4412
3 5012 5013 5011
3 5014 4415 5003
3 5003 4415 4403
3 5003 5004 5015
3 5003 5015 5014
3 4416 5007 4408
3 4416 4418 5007
3 4418 5016 5007
3 5016 5008 5007
3 4418 5017 5016
3 4420 5018 4418
3 4418 5018 5017
3 4422 5018 4420
3 5010 4423 4411
3 5019 4423 5010
3 4424 5012 4414
3 4424 4426 5012
3 4426 5013 5012
3 4426 5020 5013
3 5014 4427 4415
3 5022 5021 4429
3 5022 4429 4427
3 5015 5022 4427
3 5014 5015 4427
3 5023 5021 5022
3 5024 5016 5017
3 5026 5025 5024
3 5017 5026 5024
3 5018 5026 5017
3 4430 5026 4422
3 4422 5026 5018
3 4431 4423 5027
3 4423 5028 5027
3 4423 5019 5028
3 5027 4432 4431
3 4434 5030 5029
3 5020 4434 5029
3 4426 4434 5020
3 5030 5031 5029
3 5021 4436 4429
3 5023 5032 5021
3 5032 4436 5021
3 5032 4438 4436
3 4438 5033 4440
3 5032 5033 4438
3 4440 5034 4442
3 5033 5034 4440
3 5036 5035 4443
3 4442 5036 4443
3 5034 5036 4442
3 5038 5037 5035
3 5038 5035 5036
3 5039 5037 5038
3 5025 5026 5040
3 5025 5040 5041
3 4445 5040 4430
3 4430 5040 5026
3 5027 5028 5042
3 5042 5028 5043
3 5042 4446 4432
3 5042 4432 5027
3 4447 5030 4434
3 4447 4449 5030
3 4449 5031 5030
3 4449 5044 5031
3 5045 4450 5035
3 5035 4450 4443
3 5046 5035 5037
3 5045 5035 5046
3 5037 5039 5047
3 5037 5047 5046
3 5041 5040 5048
3 5041 5048 5049
3 4452 5048 4445
3 4445 5048 5040
3 5042 5043 5050
3 5050 5043 5051
3 5050 4454 4446
3 5050 4446 5042
3 5052 5044 4449
3 5052 4449 4455
3 4455 4457 5052
3 5052 4457 5053
3 5054 4459 5045
3 5045 4459 4450
3 5046 5056 5055
3 5054 5046 5055
3 5045 5046 5054
3 5056 5046 5047
3 5049 5048 5057
3 5049 5057 5058
3 4460 5057 4452
3 4452 5057 5048
3 5050 5051 5059
3 5059 5051 5060
3 5061 4461 4454
3 5050 5061 4454
3 5059 5061 5050
3 5061 4462 4461
3 4464 5053 4457
3 4464 5062 5053
3 5063 4466 4467
3 5064 5063 4467
3 5064 4467 4459
3 5065 5064 4459
3 5054 5065 4459
3 5065 5054 5055
3 5058 5057 4469
3 4470 5058 4469
3 5066 5058 4470
3 4469 5057 4460
3 5059 5060 5067
3 5067 5060 5068
3 5059 5069 5061
3 5059 5067 5069
3 5069 4471 4462
3 5069 4462 5061
3 4473 5062 4464
3 4473 5070 5062
3 5071 4475 4476
3 5072 5071 4476
3 5072 4476 4466
3 5073 5072 4466
3 5063 5073 4466
3 5073 5063 5064
3 5076 5075 5074
3 5075 5066 5074
3 5066 4477 5074
3 5066 4470 4477
3 5067 5068 5077
3 5077 5068 5078
3 5067 5079 5069
3 5067 5077 5079
3 5079 4478 4471
3 5079 4471 5069
3 4480 5070 4473
3 4480 5080 5070
3 5081 4482 5071
3 5071 4482 4475
3 5071 5072 5082
3 5071 5082 5081
3 5076 5074 4484
3 4485 5076 4484
3 5083 5076 4485
3 4484 5074 4477
3 5078 5084 5077
3 5086 5085 5084
3 5085 5077 5084
3 5085 5079 5077
3 5085 4486 4478
3 5085 4478 5079
3 5088 5087 4487
3 5088 4487 4488
3 4480 4487 5080
3 5080 4487 5087
3 5089 4490 5081
3 5081 4490 4482
3 5081 5082 5090
3 5091 5081 5090
3 5089 5081 5091
3 5092 5091 5090
3 5095 5094 5093
3 5094 5083 5093
3 5083 4491 5093
3 5083 4485 4491
3 5085 5086 5096
3 5096 5086 5097
3 5096 4492 4486
3 5096 4486 5085
3 4493 5088 4488
3 4493 5098 5088
3 5099 4495 5089
3 5089 4495 4490
3 5100 5089 5091
3 5099 5089 5100
3 5091 5092 5101
3 5102 5091 5101
3 5100 5091 5102
3 5104 5103 5102
3 5104 5102 5101
3 5103 5104 5095
3 5093 5103 5095
3 5105 5103 5093
3 4496 5105 4491
3 4491 5105 5093
3 5096 5097 4498
3 5097 4497 4498
3 5097 5106 4497
3 5096 4498 4492
3 5108 5107 4499
3 5108 4499 4500
3 4493 4499 5098
3 5098 4499 5107
3 5099 4502 4495
3 4502 5099 4504
3 5099 5109 4504
3 5099 5100 5109
3 5110 5100 5102
3 5109 5100 5110
3 5111 5102 5103
3 5110 5102 5111
3 4507 5111 4506
3 5111 5105 4506
3 5111 5103 5105
3 4506 5105 4496
3 5106 4508 4497
3 5112 4508 5106
3 4509 5108 4500
3 4509 5113 5108
3 5109 4511 4504
3 4511 5109 4513
3 5109 5114 4513
3 5109 5110 5114
3 5115 5110 5111
3 5114 5110 5115
3 4515 5115 4507
3 4507 5115 5111
3 5112 4516 4508
3 5116 4516 5112
3 4517 5118 5117
3 5113 4517 5117
3 4509 4517 5113
3 5118 5119 5117
3 5114 4520 4513
3 4520 5114 4523
3 4523 5114 5115
3 4523 5115 4515
3 5116 4525 4516
3 5120 4525 5116
3 4526 5118 4517
3 5122 5121 4528
3 4528 5121 4526
3 5121 5119 4526
3 5119 5118 4526
3 5122 5123 5121
3 5120 4533 4525
3 5124 4533 5120
3 4534 5122 4528
3 4534 4536 5122
3 4536 5123 5122
3 4536 5125 5123
3 5124 5126 4533
3 4533 5126 4540
3 5128 5127 4542
3 4540 5128 4542
3 5126 5128 4540
3 5129 5127 5128
3 5130 5125 4536
3 5130 4536 4543
3 4543 4545 5130
3 5130 4545 5131
3 5127 4548 4542
3 4549 4548 5127
3 5129 4549 5127
3 5132 4549 5129
3 4550 5131 4545
3 4550 5133 5131
3 5136 5135 5134
3 5138 5137 5134
3 5134 5137 5136
3 5132 5137 5138
3 4551 5132 5138
3 4549 5132 4551
3 4552 5133 4550
3 4552 5139 5133
3 5142 5141 5140
3 5142 5140 5135
3 5135 5140 5134
3 5140 4554 5134
3 4554 4555 5134
3 5134 4555 4556
3 5134 4556 5138
3 5138 4556 4551
3 5145 5144 5143
3 5144 5139 5143
3 5139 4558 5143
3 5139 4552 4558
3 5140 5141 4561
3 5141 4560 4561
3 5141 5146 4560
3 5140 4561 4554
3 5149 5148 5147
3 5147 5148 5145
3 5147 5145 5143
3 4564 5147 5143
3 4563 4564 5143
3 4563 5143 4558
3 5146 4566 4560
3 5150 4566 5146
3 5153 5152 5151
3 5151 5152 5149
3 5147 5151 5149
3 5154 5151 5147
3 4567 5154 4564
3 4564 5154 5147
3 5150 4569 4566
3 5155 4569 5150
3 5158 5157 5156
3 5156 5157 5153
3 5151 5156 5153
3 5159 5156 5151
3 4571 5159 4570
3 5159 5154 4570
3 5159 5151 5154
3 4570 5154 4567
3 5162 5161 5160
3 5155 5162 5160
3 4572 5155 5160
3 4569 5155 4572
3 5165 5164 5163
3 5163 5164 5158
3 5156 5163 5158
3 5166 5163 5156
3 4575 5166 4574
3 5166 5159 4574
3 5166 5156 5159
3 4574 5159 4571
3 5160 5161 4578
3 5161 4577 4578
3 5161 5167 4577
3 5160 4578 4572
3 5165 5163 5168
3 5165 5168 5169
3 4581 5168 4580
3 5168 5166 4580
3 5168 5163 5166
3 4580 5166 4575
3 5172 5171 5170
3 5167 5172 5170
3 4582 5167 5170
3 4577 5167 4582
3 5175 5174 5173
3 5173 5174 5169
3 5173 5169 5168
3 4585 5173 5168
3 4584 4585 5168
3 4584 5168 4581
3 5170 5171 4589
3 5171 4588 4589
3 5171 5176 4588
3 5170 4589 4582
3 5175 5173 4591
3 4592 5175 4591
3 5177 5175 4592
3 4591 5173 4585
3 5176 4594 4588
3 5178 4594 5176
3 4595 5177 4592
3 4595 5179 5177
3 5178 4596 4594
3 5180 4596 5178
3 4597 5179 4595
3 4597 5181 5179
3 5180 4599 4596
3 5182 4599 5180
3 5183 5181 4597
3 5183 4597 4600
3 5184 4600 4601
3 5184 5183 4600
3 5185 4601 4602
3 5185 5184 4601
3 4602 4603 5185
3 5185 4603 5186
3 5182 5187 4599
3 4599 5187 4604
3 4605 4604 5187
3 4605 5187 5188
3 5189 5186 4603
3 5189 4603 4606
3 4606 4608 5189
3 5189 4608 5190
3 5188 4609 4605
3 5191 4609 5188
3 4608 4610 5192
3 5193 4608 5192
3 5190 4608 5193
3 4612 5192 4610
3 5196 5195 5194
3 5191 5196 5194
3 4613 5191 5194
3 4609 5191 4613
3 5193 5192 5197
3 5193 5197 5198
3 4615 5197 4612
3 4612 5197 5192
3 5201 5200 5199
3 5201 5199 5195
3 5195 5199 5194
3 5199 4616 5194
3 4616 4617 5194
3 5194 4617 4613
3 5204 5203 5202
3 5202 5203 5198
3 5197 5202 5198
3 5205 5202 5197
3 4619 5205 4615
3 4615 5205 5197
3 5199 5200 4622
3 5200 4621 4622
3 5200 5206 4621
3 5199 4622 4616
3 5209 5208 5207
3 5211 5210 5207
3 5211 5207 5208
3 5213 5212 5210
3 5213 5210 5211
3 5212 5213 5204
3 5212 5204 5202
3 4625 5212 5202
3 4624 4625 5202
3 4624 5202 4627
3 4627 5202 5205
3 4627 5205 4619
3 5206 4630 4621
3 5214 4630 5206
3 5216 5215 4632
3 5216 4632 4633
3 5207 4635 5209
3 4635 5215 5209
3 4635 4632 5215
3 4635 5207 4636
3 4636 5207 5210
3 4636 5210 4637
3 4637 5210 5212
3 4637 5212 4625
3 5214 5217 4630
3 4630 5217 4638
3 4638 5218 4639
3 5217 5218 4638
3 4639 5219 4641
3 5218 5219 4639
3 4633 4641 5216
3 5216 4641 5219
3 5221 5220 4643
3 4643 5220 4642
3 5222 4643 4644
3 5222 5221 4643
3 4644 4646 5222
3 5222 4646 5223
3 5220 4647 4642
3 5224 4647 5220
3 4646 4648 5225
3 5226 4646 5225
3 5223 4646 5226
3 4649 5225 4648
3 5224 4650 4647
3 5227 4650 5224
3 5230 5229 5228
3 5228 5229 5226
3 5225 5228 5226
3 5231 5228 5225
3 4652 5231 4649
3 4649 5231 5225
3 5232 4654 4655
3 5233 5232 4655
3 4650 5233 4655
3 5227 5233 4650
3 5230 5228 5234
3 5230 5234 5235
3 5236 5228 5231
3 5234 5228 5236
3 4656 5237 4652
3 5237 5231 4652
3 5237 5236 5231
3 4657 5237 4656
3 5238 4658 5232
3 5232 4658 4654
3 5232 5233 5239
3 5232 5239 5238
3 5235 5234 5240
3 5235 5240 5241
3 5242 5234 5236
3 5240 5234 5242
3 4660 5242 4659
3 5242 5237 4659
3 5242 5236 5237
3 4659 5237 4657
3 5243 4661 5238
3 5238 4661 4658
3 5238 5239 5244
3 5238 5244 5243
3 5245 5241 5240
3 5247 5246 5245
3 5240 5247 5245
3 5242 5247 5240
3 4662 5247 4660
3 4660 5247 5242
3 5248 4663 5243
3 5243 4663 4661
3 5243 5244 5249
3 5243 5249 5248
3 5246 5247 5250
3 5246 5250 5251
3 4665 5250 4662
3 4662 5250 5247
3 5252 4667 5248
3 5248 4667 4663
3 5248 5249 5253
3 5248 5253 5252
3 5254 5251 5250
3 5256 5254 5255
3 5255 5254 4668
3 5254 5250 4668
3 5250 4665 4668
3 4669 5257 4668
3 4668 5257 5255
3 4670 5258 4669
3 4669 5258 5257
3 4672 5258 4670
3 5259 4674 4675
3 4667 5252 4675
3 5252 5259 4675
3 5252 5260 5259
3 5252 5253 5261
3 5252 5261 5260
3 5262 5256 5255
3 5262 5255 5257
3 5262 5257 5263
3 5263 5257 5258
3 5263 5258 5264
3 5264 5258 4672
3 4676 5264 4672
3 5265 5264 4676
3 5266 4676 4677
3 5266 5265 4676
3 5267 4677 4678
3 5267 5266 4677
3 5268 4678 4679
3 5268 5267 4678
3 5270 5268 5269
3 5268 4680 5269
3 5268 4679 4680
3 4681 5269 4680
3 5271 4682 5259
3 5259 4682 4674
3 5272 5259 5260
3 5271 5259 5272
3 5260 5261 5273
3 5274 5260 5273
3 5272 5260 5274
3 5275 5274 5273
3 5276 5270 5269
3 5276 5269 4681
3 4684 5276 4681
3 5277 5276 4684
3 4684 4685 5277
3 5277 4685 5278
3 5271 4686 4682
3 4686 5271 4687
3 5271 5279 4687
3 5271 5272 5279
3 5280 5272 5274
3 5279 5272 5280
3 5274 5275 5281
3 5274 5281 5280
3 4691 5282 4690
3 5282 4692 4690
3 5283 5278 4685
3 5283 4685 4693
3 4693 4694 5283
3 5283 4694 5284
3 5285 4695 5279
3 5279 4695 4687
3 5286 5279 5280
3 5285 5279 5286
3 5280 5281 5287
3 5288 5280 5287
3 5286 5280 5288
3 5289 5288 5287
3 4697 5290 5282
3 4697 5282 4691
3 5291 4698 4692
3 5282 5291 4692
3 5290 5291 5282
3 5292 4700 4698
3 5292 4698 5291
3 5292 4701 4700
3 5293 5284 4694
3 5293 4694 4704
3 5295 5293 5294
3 5293 4706 5294
3 5293 4704 4706
3 4708 5294 4706
3 5285 4709 4695
3 4709 5285 4711
3 5285 5296 4711
3 5285 5286 5296
3 5297 5286 5288
3 5296 5286 5297
3 5288 5289 5298
3 5288 5298 5297
3 4712 5299 5290
3 4712 5290 4697
3 5290 5300 5291
3 5290 5299 5300
3 5291 5301 5292
3 5291 5300 5301
3 5302 4714 4701
3 5292 5302 4701
3 5301 5302 5292
3 5302 4716 4714
3 5303 5295 5294
3 5303 5294 4708
3 4721 5303 4708
3 5304 5303 4721
3 4721 4723 5304
3 5304 4723 5305
3 5306 4724 4725
3 4726 5307 4725
3 4725 5307 5306
3 4711 5296 4726
3 5296 5307 4726
3 5296 5308 5307
3 5309 5296 5297
3 5308 5296 5309
3 5297 5298 5310
3 5311 5297 5310
3 5309 5297 5311
3 5312 5311 5310
3 4727 5299 4712
3 5299 4727 4728
3 5299 4728 5300
3 5300 4728 4730
3 5313 5300 4730
3 5301 5300 5313
3 5301 5314 5302
3 5301 5313 5314
3 5315 4731 4716
3 5302 5315 4716
3 5314 5315 5302
3 5316 4732 4731
3 5316 4731 5315
3 5316 4734 4732
3 5317 5305 4723
3 5317 4723 4738
3 4738 4740 5317
3 5317 4740 5318
3 5319 4741 5306
3 5306 4741 4724
3 5320 5306 5307
3 5319 5306 5320
3 5321 5307 5308
3 5320 5307 5321
3 5322 5308 5309
3 5321 5308 5322
3 5323 5309 5311
3 5322 5309 5323
3 5311 5312 5324
3 5311 5324 5323
3 4742 5313 4730
3 5313 4742 4743
3 5313 4743 5314
3 5314 4743 4745
3 5314 4745 5315
3 5315 4745 4747
3 5325 5315 4747
3 5316 5315 5325
3 5326 4748 4734
3 5316 5326 4734
3 5325 5326 5316
3 5326 4750 4748
3 5327 5318 4740
3 5327 4740 4754
3 4754 4756 5327
3 5327 4756 5328
3 5330 5329 5319
3 5329 4741 5319
3 5329 4757 4741
3 5332 5331 5330
3 5319 5332 5330
3 5320 5332 5319
3 5333 5320 5321
3 5332 5320 5333
3 5334 5321 5322
3 5333 5321 5334
3 5335 5322 5323
3 5334 5322 5335
3 5323 5324 5336
3 5323 5336 5335
3 4758 5325 4747
3 5325 4758 4760
3 5325 4760 5326
3 5326 4760 4750
3 5337 5328 4756
3 5337 4756 4766
3 4766 4768 5337
3 5337 4768 5338
3 5329 4769 4757
3 5339 4769 5329
3 5340 5331 5332
3 5340 5332 5333
3 5340 5333 5341
3 5341 5333 5334
3 5341 5334 5342
3 5342 5334 5335
3 5342 5335 5343
3 5343 5335 5336
3 5346 5345 5344
3 5347 5344 5345
3 5348 5338 4768
3 5348 4768 4772
3 4772 4774 5348
3 5348 4774 5349
3 5339 5350 4769
3 4769 5350 4775
3 4775 5351 4776
3 5350 5351 4775
3 5353 5352 4777
3 4776 5353 4777
3 5351 5353 4776
3 5354 5352 5353
3 5355 5346 5344
3 5358 5357 5356
3 5347 5355 5344
3 5360 5359 5357
3 5360 5357 5358
3 5361 5359 5360
3 5362 5349 4774
3 5362 4774 4778
3 4778 4780 5362
3 5362 4780 5363
3 5352 4781 4777
3 5365 5364 4783
3 5365 4783 4781
3 5354 5365 4781
3 5352 5354 4781
3 5367 5366 5364
3 5367 5364 5365
3 5369 5368 5366
3 5369 5366 5367
3 5371 5370 5368
3 5371 5368 5369
3 5373 5372 5370
3 5373 5370 5371
3 5374 5372 5373
3 5356 5357 5375
3 5356 5375 5376
3 5377 5357 5359
3 5375 5357 5377
3 5359 5361 5378
3 5379 5359 5378
3 5377 5359 5379
3 5381 5380 5379
3 5381 5379 5378
3 5382 5380 5381
3 5383 5363 4780
3 5383 4780 4784
3 4784 4786 5383
3 5383 4786 5384
3 5364 4787 4783
3 4787 5364 4788
3 4788 5364 5366
3 4788 5366 4789
3 4789 5366 5368
3 4789 5368 4790
3 4790 5368 5370
3 4790 5370 4791
3 4791 5370 5372
3 5386 5385 4792
3 5386 4792 4791
3 5374 5386 4791
3 5372 5374 4791
3 5387 5385 5386
3 5388 5376 5375
3 5388 5375 5377
3 5388 5377 5389
3 4795 5390 4794
3 5390 5377 4794
3 5377 5379 4794
3 5390 5389 5377
3 4794 5379 4796
3 5379 5391 4796
3 5379 5380 5391
3 5380 5382 5392
3 5393 5380 5392
3 5391 5380 5393
3 5394 5393 5392
3 5395 5384 4786
3 5395 4786 4797
3 4797 4799 5395
3 5395 4799 5396
3 5397 4800 5385
3 5385 4800 4792
3 5385 5387 5398
3 5385 5398 5397
3 5399 5390 4795
3 5399 4795 4801
3 4801 4796 5399
3 5391 5399 4796
3 5399 5391 5400
3 4804 5400 5391
3 5400 4804 4802
3 4804 5391 4805
3 5391 5401 4805
3 5391 5393 5401
3 5393 5394 5402
3 5393 5402 5401
3 4808 5403 4807
3 5403 4809 4807
3 5404 5396 4799
3 5404 4799 4810
3 4810 4812 5404
3 5404 4812 5405
3 5397 4813 4800
3 4814 4813 5397
3 5398 4814 5397
3 5406 4814 5398
3 4816 5400 4802
3 4816 5407 5400
3 5401 4817 4805
3 5409 5408 4819
3 5409 4819 4817
3 5402 5409 4817
3 5401 5402 4817
3 5410 5408 5409
3 4820 5403 4808
3 5403 4820 4809
3 5411 5405 4812
3 5411 4812 4821
3 4821 4822 5411
3 5411 4822 5412
3 5406 4823 4814
3 5413 4823 5406
3 5414 5407 4816
3 5414 4816 4824
3 4824 4825 5414
3 5414 4825 5415
3 5416 4827 5408
3 5408 4827 4819
3 5408 5410 5417
3 5408 5417 5416
3 4828 5412 4822
3 4828 5418 5412
3 5413 5419 4823
3 4823 5419 4829
3 4830 4829 5419
3 4830 5419 5420
3 5421 5415 4825
3 5421 4825 4831
3 5421 4831 4827
3 5422 5421 4827
3 5416 5422 4827
3 5421 5422 5423
3 5416 5417 5424
3 5425 5416 5424
3 5422 5416 5425
3 5426 5425 5424
3 5427 5418 4828
3 5427 4828 4832
3 4832 4833 5427
3 5427 4833 5428
3 4834 4830 5429
3 4830 5430 5429
3 4830 5420 5430
3 5429 4835 4834
3 5423 5422 4837
3 4838 5423 4837
3 5431 5423 4838
3 4837 5422 4840
3 4840 5422 5425
3 5433 5432 4841
3 5433 4841 4840
3 5426 5433 4840
3 5425 5426 4840
3 5435 5434 5432
3 5435 5432 5433
3 5436 5434 5435
3 5437 5428 4833
3 5437 4833 4842
3 4842 4844 5437
3 5437 4844 5438
3 5430 5439 5429
3 4835 5429 5439
3 5440 4835 5439
3 4846 4835 5440
3 4838 4847 5441
3 5442 4838 5441
3 5431 4838 5442
3 4848 5441 4847
3 5432 4850 4841
3 5432 5434 5443
3 4852 5432 5443
3 5444 4852 5443
3 5432 4852 4850
3 5443 5434 5436
3 4853 5438 4844
3 4853 5445 5438
3 5440 5446 4846
3 4846 5446 4854
3 4855 4854 5446
3 4855 5446 5447
3 5448 5442 5441
3 5450 5448 5449
3 5449 5448 4856
3 5448 5441 4856
3 5441 4848 4856
3 5449 4856 5451
3 4856 5452 5451
3 4856 4857 5452
3 4857 4852 5444
3 4857 5444 5452
3 4853 4858 5453
3 5454 4853 5453
3 5445 4853 5454
3 4860 5453 4858
3 5447 4861 4855
3 5455 4861 5447
3 5456 5450 5449
3 5456 5449 5451
3 5457 5454 5453
3 5453 4860 5457
3 4860 5458 5457
3 4860 4864 5458
3 5455 4866 4861
3 5459 4866 5455
3 4869 5458 4864
3 4869 5460 5458
3 5459 5461 4866
3 4866 5461 4870
3 4871 4870 5461
3 4871 5461 5462
3 4873 5463 4874
3 5463 5464 4874
3 5464 4869 4874
3 5464 5460 4869
3 5462 5465 4871
3 4871 5465 4875
3 4875 5466 4876
3 5465 5466 4875
3 4876 5467 4877
3 5466 5467 4876
3 4877 5468 4878
3 5467 5468 4877
3 4878 5469 4879
3 5468 5469 4878
3 4879 5470 4880
3 5469 5470 4879
3 4881 4880 5470
3 4881 5470 5471
3 4883 5472 5463
3 4883 5463 4873
3 5464 5463 5473
3 5473 5463 5472
3 5471 4884 4881
3 5474 4884 5471
3 4886 5475 5472
3 4886 5472 4883
3 5473 5472 5476
3 5476 5472 5475
3 5478 5477 4888
3 4888 5477 4887
3 4888 4884 5474
3 4888 5474 5478
3 5481 5480 5479
3 5483 5482 5479
3 5483 5479 5480
3 5484 5482 5483
3 4890 5485 5475
3 4890 5475 4886
3 5476 5475 5486
3 5486 5475 5485
3 5487 4891 4892
3 5488 5487 4892
3 4887 5488 4892
3 5477 5488 4887
3 5481 5479 4894
3 4895 5481 4894
3 5489 5481 4895
3 4894 5479 4896
3 5479 5490 4896
3 5479 5482 5490
3 5482 5484 5491
3 5492 5482 5491
3 5490 5482 5492
3 5493 5492 5491
3 4898 5494 5485
3 4898 5485 4890
3 5486 5485 5495
3 5495 5485 5494
3 5497 5496 5487
3 5496 4891 5487
3 5496 4899 4891
3 5497 5487 5488
3 4901 5498 4900
3 5498 5499 4900
3 5499 4895 4900
3 5499 5489 4895
3 5500 4903 5490
3 5490 4903 4896
3 5501 5490 5492
3 5500 5490 5501
3 5492 5493 5502
3 5492 5502 5501
3 4905 5503 5494
3 4905 5494 4898
3 5495 5494 5504
3 5504 5494 5503
3 5496 4907 4899
3 5505 4907 5496
3 4909 5506 5498
3 4909 5498 4901
3 5499 5498 5507
3 5507 5498 5506
3 5500 4911 4903
3 4911 5500 4912
3 5500 5508 4912
3 5500 5501 5508
3 5501 5502 5509
3 5501 5509 5508
3 4914 5510 5503
3 4914 5503 4905
3 5504 5503 5511
3 5511 5503 5510
3 5512 4915 4916
3 5513 5512 4916
3 4907 5513 4916
3 5505 5513 4907
3 4918 5514 5506
3 4918 5506 4909
3 5507 5506 5515
3 5506 5516 5515
3 5506 5514 5516
3 5516 5517 5515
3 5518 4920 5508
3 5508 4920 4912
3 5508 5509 5519
3 5520 5508 5519
3 5518 5508 5520
3 5521 5520 5519
3 4922 5522 5510
3 4922 5510 4914
3 5511 5510 5523
3 5510 5524 5523
3 5510 5522 5524
3 5524 5525 5523
3 5527 5526 5512
3 5526 4915 5512
3 5526 4923 4915
3 5527 5512 5513
3 4925 5528 5514
3 4925 5514 4918
3 5514 5529 5516
3 5514 5528 5529
3 5517 5516 5530
3 5530 5516 5529
3 5531 4927 5518
3 5518 4927 4920
3 5532 5518 5520
3 5531 5518 5532
3 5520 5521 5533
3 5520 5533 5532
3 4929 5522 4922
3 5522 4929 4931
3 5534 5522 4931
3 5524 5522 5534
3 5525 5524 5535
3 5535 5524 5534
3 5526 4932 4923
3 5536 4932 5526
3 4934 5537 4933
3 5528 4925 4933
3 5537 5528 4933
3 5538 5528 5537
3 5540 5529 5539
3 5529 5538 5539
3 5529 5528 5538
3 5529 5540 5530
3 5541 4936 5531
3 5531 4936 4927
3 5542 5531 5532
3 5541 5531 5542
3 5532 5533 5543
3 5532 5543 5542
3 4938 5544 5534
3 4938 5534 4931
3 5535 5534 5545
3 5545 5534 5544
3 4939 4932 5546
3 4932 5547 5546
3 4932 5536 5547
3 5546 4940 4939
3 5549 5548 5537
3 4934 5549 5537
3 4941 5549 4934
3 5537 5548 5538
3 5538 5548 5550
3 5538 5550 5539
3 5551 4943 5541
3 5541 4943 4936
3 5552 5541 5542
3 5551 5541 5552
3 5542 5543 5553
3 5542 5553 5552
3 4945 5554 5544
3 4945 5544 4938
3 5545 5544 5555
3 5555 5544 5554
3 5547 5556 5546
3 4940 5546 5556
3 5557 4940 5556
3 4946 4940 5557
3 4941 4947 5558
3 5559 4941 5558
3 5549 4941 5559
3 4948 5558 4947
3 5551 4950 4943
3 4950 5551 4952
3 5551 5560 4952
3 5551 5552 5560
3 5552 5553 5561
3 5552 5561 5560
3 5563 5562 5554
3 4945 5563 5554
3 4954 5563 4945
3 5554 5562 5555
3 5557 4955 4946
3 5564 4955 5557
3 5565 5559 5558
3 5558 4948 5565
3 4948 5566 5565
3 4948 4956 5566
3 5560 4958 4952
3 5568 5567 4960
3 5568 4960 4958
3 5561 5568 4958
3 5560 5561 4958
3 5570 5569 5567
3 5570 5567 5568
3 5571 5569 5570
3 4962 5563 4954
3 4962 5572 5563
3 5564 5573 4955
3 4955 5573 4963
3 4964 4963 5573
3 4964 5573 5574
3 5575 5566 4956
3 5575 4956 4965
3 4965 4967 5575
3 5575 4967 5576
3 5567 4969 4960
3 4969 5567 4970
3 5567 5577 4970
3 5567 5569 5577
3 5569 5571 5578
3 5569 5578 5577
3 4971 5572 4962
3 4971 5579 5572
3 5581 4972 5580
3 4972 5574 5580
3 4972 4964 5574
3 5582 5581 5580
3 5583 5576 4967
3 5583 4967 4973
3 4973 4975 5583
3 5583 4975 5584
3 5585 4977 5577
3 5577 4977 4970
3 5577 5578 5586
3 5577 5586 5585
3 4971 4978 5587
3 5588 4971 5587
3 5579 4971 5588
3 4980 5587 4978
3 5581 4981 4972
3 5590 5589 4982
3 5590 4982 4981
3 5582 5590 4981
3 5581 5582 4981
3 5591 5589 5590
3 4984 5593 5592
3 5584 4984 5592
3 4975 4984 5584
3 5593 5594 5592
3 5595 4985 4986
3 5596 5595 4986
3 5596 4986 4977
3 5597 5596 4977
3 5585 5597 4977
3 5597 5585 5586
3 5598 5588 5587
3 5587 4980 5598
3 4980 5599 5598
3 4980 4988 5599
3 5589 4989 4982
3 4991 4989 5589
3 5591 4991 5589
3 5600 4991 5591
3 4992 5593 4984
3 4992 4994 5593
3 4994 5594 5593
3 4994 5601 5594
3 5602 4995 5595
3 5595 4995 4985
3 5595 5596 5603
3 5595 5603 5602
3 4988 4996 5604
3 5605 4988 5604
3 5599 4988 5605
3 4998 5604 4996
3 5600 4999 4991
3 5606 4999 5600
3 5001 5608 5607
3 5601 5001 5607
3 4994 5001 5601
3 5608 5609 5607
3 5602 5002 4995
3 5004 5002 5602
3 5603 5004 5602
3 5610 5004 5603
3 5611 5605 5604
3 5613 5611 5612
3 5612 5611 5005
3 5611 5604 5005
3 5604 4998 5005
3 5006 5614 5005
3 5005 5614 5612
3 5008 5614 5006
3 5009 4999 5615
3 4999 5616 5615
3 4999 5606 5616
3 5615 5010 5009
3 5011 5608 5001
3 5011 5013 5608
3 5013 5609 5608
3 5013 5617 5609
3 5619 5015 5618
3 5015 5610 5618
3 5015 5004 5610
3 5620 5619 5618
3 5613 5612 5621
3 5613 5621 5622
3 5623 5612 5614
3 5621 5612 5623
3 5016 5623 5008
3 5008 5623 5614
3 5616 5624 5615
3 5010 5615 5624
3 5625 5010 5624
3 5019 5010 5625
3 5020 5617 5013
3 5020 5626 5617
3 5619 5022 5015
3 5628 5627 5023
3 5628 5023 5022
3 5620 5628 5022
3 5619 5620 5022
3 5630 5629 5627
3 5630 5627 5628
3 5632 5631 5629
3 5632 5629 5630
3 5634 5633 5631
3 5634 5631 5632
3 5633 5634 5622
3 5621 5633 5622
3 5635 5633 5621
3 5636 5621 5623
3 5635 5621 5636
3 5024 5637 5016
3 5637 5623 5016
3 5637 5636 5623
3 5025 5637 5024
3 5625 5028 5019
3 5638 5028 5625
3 5639 5626 5020
3 5639 5020 5029
3 5029 5031 5639
3 5639 5031 5640
3 5627 5032 5023
3 5032 5627 5033
3 5033 5627 5629
3 5033 5629 5034
3 5034 5629 5631
3 5034 5631 5036
3 5036 5631 5633
3 5036 5633 5038
3 5038 5633 5635
3 5038 5635 5039
3 5635 5641 5039
3 5635 5636 5641
3 5642 5636 5637
3 5641 5636 5642
3 5041 5642 5025
3 5025 5642 5637
3 5638 5043 5028
3 5643 5043 5638
3 5044 5640 5031
3 5044 5644 5640
3 5645 5047 5641
3 5641 5047 5039
3 5646 5641 5642
3 5645 5641 5646
3 5049 5646 5041
3 5041 5646 5642
3 5643 5051 5043
3 5647 5051 5643
3 5648 5644 5044
3 5648 5044 5052
3 5052 5053 5648
3 5648 5053 5649
3 5650 5055 5056
3 5047 5645 5056
3 5645 5650 5056
3 5645 5651 5650
3 5652 5645 5646
3 5651 5645 5652
3 5058 5652 5049
3 5049 5652 5646
3 5647 5060 5051
3 5653 5060 5647
3 5062 5649 5053
3 5062 5654 5649
3 5655 5064 5065
3 5055 5650 5065
3 5650 5655 5065
3 5650 5656 5655
3 5657 5650 5651
3 5656 5650 5657
3 5658 5651 5652
3 5657 5651 5658
3 5066 5658 5058
3 5058 5658 5652
3 5653 5068 5060
3 5659 5068 5653
3 5070 5654 5062
3 5070 5660 5654
3 5661 5072 5073
3 5064 5655 5073
3 5655 5661 5073
3 5655 5662 5661
3 5663 5655 5656
3 5662 5655 5663
3 5664 5656 5657
3 5663 5656 5664
3 5076 5664 5075
3 5664 5658 5075
3 5664 5657 5658
3 5075 5658 5066
3 5659 5078 5068
3 5665 5078 5659
3 5668 5667 5666
3 5667 5660 5666
3 5660 5080 5666
3 5660 5070 5080
3 5669 5082 5661
3 5661 5082 5072
3 5670 5661 5662
3 5669 5661 5670
3 5671 5662 5663
3 5670 5662 5671
3 5672 5663 5664
3 5671 5663 5672
3 5083 5672 5076
3 5076 5672 5664
3 5084 5078 5673
3 5078 5674 5673
3 5078 5665 5674
3 5673 5086 5084
3 5668 5666 5087
3 5088 5668 5087
3 5675 5668 5088
3 5087 5666 5080
3 5669 5090 5082
3 5090 5669 5092
3 5669 5676 5092
3 5669 5670 5676
3 5677 5670 5671
3 5676 5670 5677
3 5095 5677 5094
3 5677 5672 5094
3 5677 5671 5672
3 5094 5672 5083
3 5673 5674 5678
3 5678 5674 5679
3 5678 5097 5086
3 5678 5086 5673
3 5682 5681 5680
3 5681 5675 5680
3 5675 5098 5680
3 5675 5088 5098
3 5676 5101 5092
3 5101 5676 5104
3 5104 5676 5677
3 5104 5677 5095
3 5678 5679 5683
3 5683 5679 5684
3 5683 5106 5097
3 5683 5097 5678
3 5682 5680 5107
3 5108 5682 5107
3 5685 5682 5108
3 5107 5680 5098
3 5683 5684 5686
3 5686 5684 5687
3 5686 5112 5106
3 5686 5106 5683
3 5113 5685 5108
3 5113 5688 5685
3 5687 5689 5686
3 5112 5686 5689
3 5690 5112 5689
3 5116 5112 5690
3 5691 5688 5113
3 5691 5113 5117
3 5117 5119 5691
3 5691 5119 5692
3 5690 5120 5116
3 5693 5120 5690
3 5694 5692 5119
3 5694 5119 5121
3 5121 5123 5694
3 5694 5123 5695
3 5697 5124 5696
3 5124 5693 5696
3 5124 5120 5693
3 5698 5697 5696
3 5125 5695 5123
3 5125 5699 5695
3 5697 5126 5124
3 5128 5126 5697
3 5700 5128 5697
3 5698 5700 5697
3 5701 5128 5700
3 5701 5129 5128
3 5125 5130 5702
3 5703 5125 5702
3 5699 5125 5703
3 5131 5702 5130
3 5701 5700 5704
3 5704 5700 5705
3 5704 5132 5129
3 5704 5129 5701
3 5703 5702 5706
3 5703 5706 5707
3 5133 5706 5131
3 5131 5706 5702
3 5709 5708 5136
3 5136 5708 5135
3 5137 5704 5705
3 5709 5137 5705
3 5136 5137 5709
3 5704 5137 5132
3 5712 5711 5710
3 5710 5711 5707
3 5706 5710 5707
3 5713 5710 5706
3 5139 5713 5133
3 5133 5713 5706
3 5715 5714 5142
3 5142 5714 5141
3 5142 5135 5708
3 5142 5708 5715
3 5718 5717 5716
3 5716 5717 5712
3 5710 5716 5712
3 5719 5716 5710
3 5145 5719 5144
3 5719 5713 5144
3 5719 5710 5713
3 5144 5713 5139
3 5714 5146 5141
3 5720 5146 5714
3 5723 5722 5721
3 5721 5722 5718
3 5716 5721 5718
3 5724 5721 5716
3 5149 5724 5148
3 5724 5719 5148
3 5724 5716 5719
3 5148 5719 5145
3 5720 5150 5146
3 5725 5150 5720
3 5728 5727 5726
3 5726 5727 5723
3 5721 5726 5723
3 5729 5726 5721
3 5153 5729 5152
3 5729 5724 5152
3 5729 5721 5724
3 5152 5724 5149
3 5732 5731 5730
3 5725 5732 5730
3 5155 5725 5730
3 5150 5725 5155
3 5728 5726 5733
3 5728 5733 5734
3 5158 5733 5157
3 5733 5729 5157
3 5733 5726 5729
3 5157 5729 5153
3 5730 5731 5162
3 5731 5161 5162
3 5731 5735 5161
3 5730 5162 5155
3 5734 5733 5164
3 5165 5734 5164
3 5736 5734 5165
3 5164 5733 5158
3 5739 5738 5737
3 5735 5739 5737
3 5167 5735 5737
3 5161 5735 5167
3 5742 5741 5740
3 5741 5736 5740
3 5736 5169 5740
3 5736 5165 5169
3 5737 5738 5172
3 5738 5171 5172
3 5738 5743 5171
3 5737 5172 5167
3 5742 5740 5174
3 5175 5742 5174
3 5744 5742 5175
3 5174 5740 5169
3 5743 5176 5171
3 5745 5176 5743
3 5177 5744 5175
3 5177 5746 5744
3 5745 5178 5176
3 5747 5178 5745
3 5750 5749 5748
3 5749 5746 5748
3 5746 5179 5748
3 5746 5177 5179
3 5747 5180 5178
3 5751 5180 5747
3 5752 5750 5748
3 5748 5179 5752
3 5179 5753 5752
3 5179 5181 5753
3 5751 5182 5180
3 5754 5182 5751
3 5755 5753 5181
3 5755 5181 5183
3 5756 5183 5184
3 5756 5755 5183
3 5758 5756 5757
3 5756 5185 5757
3 5756 5184 5185
3 5186 5757 5185
3 5187 5182 5759
3 5182 5760 5759
3 5182 5754 5760
3 5759 5188 5187
3 5761 5758 5757
3 5763 5761 5762
3 5762 5761 5189
3 5761 5757 5189
3 5757 5186 5189
3 5190 5762 5189
3 5760 5764 5759
3 5188 5759 5764
3 5765 5188 5764
3 5191 5188 5765
3 5763 5762 5766
3 5763 5766 5767
3 5193 5766 5190
3 5190 5766 5762
3 5769 5768 5196
3 5196 5768 5195
3 5196 5191 5765
3 5196 5765 5769
3 5767 5766 5770
3 5767 5770 5771
3 5198 5770 5193
3 5193 5770 5766
3 5773 5772 5201
3 5201 5772 5200
3 5201 5195 5768
3 5201 5768 5773
3 5776 5775 5774
3 5778 5777 5774
3 5778 5774 5775
3 5777 5778 5771
3 5777 5771 5770
3 5204 5777 5770
3 5203 5204 5770
3 5203 5770 5198
3 5772 5206 5200
3 5779 5206 5772
3 5781 5780 5208
3 5781 5208 5209
3 5774 5211 5776
3 5211 5780 5776
3 5211 5208 5780
3 5211 5774 5213
3 5213 5774 5777
3 5213 5777 5204
3 5779 5214 5206
3 5782 5214 5779
3 5785 5784 5783
3 5215 5216 5783
3 5784 5215 5783
3 5786 5215 5784
3 5209 5215 5781
3 5781 5215 5786
3 5217 5214 5787
3 5214 5788 5787
3 5214 5782 5788
3 5217 5787 5789
3 5790 5217 5789
3 5218 5217 5790
3 5783 5219 5785
3 5219 5790 5785
3 5219 5218 5790
3 5219 5783 5216
3 5788 5791 5787
3 5787 5791 5789
3 5792 5220 5221
3 5222 5793 5221
3 5221 5793 5792
3 5223 5793 5222
3 5794 5224 5792
3 5792 5224 5220
3 5795 5792 5793
3 5794 5792 5795
3 5226 5795 5223
3 5223 5795 5793
3 5796 5227 5794
3 5794 5227 5224
3 5230 5796 5229
3 5796 5795 5229
3 5796 5794 5795
3 5229 5795 5226
3 5797 5233 5796
3 5796 5233 5227
3 5235 5797 5230
3 5230 5797 5796
3 5798 5239 5797
3 5797 5239 5233
3 5241 5798 5235
3 5235 5798 5797
3 5799 5244 5798
3 5798 5244 5239
3 5245 5800 5241
3 5800 5798 5241
3 5800 5799 5798
3 5246 5800 5245
3 5801 5249 5799
3 5799 5249 5244
3 5802 5799 5800
3 5801 5799 5802
3 5251 5802 5246
3 5246 5802 5800
3 5803 5253 5801
3 5801 5253 5249
3 5804 5801 5802
3 5803 5801 5804
3 5254 5805 5251
3 5805 5802 5251
3 5805 5804 5802
3 5256 5805 5254
3 5806 5261 5803
3 5803 5261 5253
3 5807 5803 5804
3 5806 5803 5807
3 5808 5804 5805
3 5807 5804 5808
3 5808 5805 5256
3 5809 5808 5256
3 5262 5809 5256
3 5810 5808 5809
3 5811 5262 5263
3 5811 5809 5262
3 5812 5263 5264
3 5812 5811 5263
3 5814 5812 5813
3 5812 5265 5813
3 5812 5264 5265
3 5266 5815 5265
3 5265 5815 5813
3 5267 5816 5266
3 5266 5816 5815
3 5268 5817 5267
3 5267 5817 5816
3 5270 5817 5268
3 5806 5273 5261
3 5273 5806 5275
3 5806 5818 5275
3 5806 5807 5818
3 5819 5807 5808
3 5818 5807 5819
3 5808 5810 5820
3 5808 5820 5819
3 5821 5814 5813
3 5821 5813 5815
3 5821 5815 5822
3 5822 5815 5816
3 5822 5816 5823
3 5823 5816 5817
3 5823 5817 5824
3 5826 5824 5825
3 5825 5824 5276
3 5824 5817 5276
3 5817 5270 5276
3 5277 5827 5276
3 5276 5827 5825
3 5278 5827 5277
3 5828 5281 5818
3 5818 5281 5275
3 5819 5830 5829
3 5828 5819 5829
3 5818 5819 5828
3 5830 5819 5820
3 5831 5826 5825
3 5831 5825 5827
3 5831 5827 5832
3 5834 5832 5833
3 5833 5832 5283
3 5832 5827 5283
3 5827 5278 5283
3 5284 5833 5283
3 5828 5287 5281
3 5836 5835 5289
3 5836 5289 5287
3 5829 5836 5287
3 5828 5829 5287
3 5837 5835 5836
3 5838 5834 5833
3 5840 5838 5839
3 5839 5838 5293
3 5838 5833 5293
3 5833 5284 5293
3 5295 5839 5293
3 5841 5298 5835
3 5835 5298 5289
3 5835 5837 5842
3 5843 5835 5842
3 5841 5835 5843
3 5844 5843 5842
3 5845 5840 5839
3 5845 5839 5295
3 5303 5845 5295
3 5846 5845 5303
3 5848 5846 5847
3 5846 5304 5847
3 5846 5303 5304
3 5305 5847 5304
3 5841 5310 5298
3 5310 5841 5312
3 5841 5849 5312
3 5841 5843 5849
3 5843 5844 5850
3 5851 5843 5850
3 5849 5843 5851
3 5852 5851 5850
3 5853 5848 5847
3 5855 5853 5854
3 5854 5853 5317
3 5853 5847 5317
3 5847 5305 5317
3 5318 5854 5317
3 5856 5324 5849
3 5849 5324 5312
3 5857 5849 5851
3 5856 5849 5857
3 5851 5852 5858
3 5859 5851 5858
3 5857 5851 5859
3 5860 5859 5858
3 5861 5855 5854
3 5863 5861 5862
3 5862 5861 5327
3 5861 5854 5327
3 5854 5318 5327
3 5328 5862 5327
3 5864 5329 5330
3 5331 5864 5330
3 5865 5336 5856
3 5856 5336 5324
3 5866 5856 5857
3 5865 5856 5866
3 5867 5857 5859
3 5866 5857 5867
3 5859 5860 5868
3 5869 5859 5868
3 5867 5859 5869
3 5871 5870 5869
3 5871 5869 5868
3 5872 5870 5871
3 5873 5863 5862
3 5875 5873 5874
3 5874 5873 5337
3 5873 5862 5337
3 5862 5328 5337
3 5338 5874 5337
3 5876 5339 5864
3 5864 5339 5329
3 5340 5877 5331
3 5877 5864 5331
3 5877 5876 5864
3 5341 5878 5340
3 5340 5878 5877
3 5342 5879 5341
3 5341 5879 5878
3 5343 5880 5342
3 5342 5880 5879
3 5336 5865 5343
3 5865 5880 5343
3 5865 5881 5880
3 5882 5865 5866
3 5881 5865 5882
3 5883 5866 5867
3 5882 5866 5883
3 5884 5867 5869
3 5883 5867 5884
3 5346 5884 5345
3 5884 5870 5345
3 5884 5869 5870
3 5886 5885 5347
3 5886 5347 5345
3 5872 5886 5345
3 5870 5872 5345
3 5888 5887 5885
3 5888 5885 5886
3 5890 5889 5887
3 5890 5887 5888
3 5891 5889 5890
3 5892 5875 5874
3 5894 5892 5893
3 5893 5892 5348
3 5892 5874 5348
3 5874 5338 5348
3 5349 5893 5348
3 5876 5350 5339
3 5350 5876 5351
3 5351 5876 5877
3 5351 5877 5353
3 5353 5877 5878
3 5353 5878 5354
3 5878 5895 5354
3 5878 5879 5895
3 5896 5879 5880
3 5895 5879 5896
3 5897 5880 5881
3 5896 5880 5897
3 5898 5881 5882
3 5897 5881 5898
3 5899 5882 5883
3 5898 5882 5899
3 5900 5883 5884
3 5899 5883 5900
3 5355 5901 5346
3 5901 5884 5346
3 5901 5900 5884
3 5355 5347 5901
3 5347 5885 5901
3 5358 5356 5901
3 5358 5901 5885
3 5358 5885 5360
3 5360 5885 5887
3 5360 5887 5361
3 5887 5902 5361
3 5887 5889 5902
3 5889 5891 5903
3 5904 5889 5903
3 5902 5889 5904
3 5905 5904 5903
3 5906 5894 5893
3 5908 5906 5907
3 5907 5906 5362
3 5906 5893 5362
3 5893 5349 5362
3 5363 5907 5362
3 5895 5365 5354
3 5365 5895 5367
3 5367 5895 5896
3 5367 5896 5369
3 5369 5896 5897
3 5369 5897 5371
3 5371 5897 5898
3 5371 5898 5373
3 5373 5898 5899
3 5373 5899 5374
3 5899 5909 5374
3 5899 5900 5909
3 5910 5900 5901
3 5909 5900 5910
3 5376 5910 5356
3 5356 5910 5901
3 5902 5378 5361
3 5378 5902 5381
3 5381 5902 5904
3 5912 5911 5382
3 5912 5382 5381
3 5905 5912 5381
3 5904 5905 5381
3 5914 5913 5911
3 5914 5911 5912
3 5915 5913 5914
3 5916 5908 5907
3 5918 5916 5917
3 5917 5916 5383
3 5916 5907 5383
3 5907 5363 5383
3 5384 5917 5383
3 5909 5386 5374
3 5386 5909 5387
3 5909 5919 5387
3 5909 5910 5919
3 5388 5920 5376
3 5920 5910 5376
3 5920 5919 5910
3 5389 5921 5388
3 5388 5921 5920
3 5390 5921 5389
3 5911 5392 5382
3 5392 5911 5394
3 5911 5922 5394
3 5911 5913 5922
3 5913 5915 5923
3 5913 5923 5922
3 5924 5918 5917
3 5926 5924 5925
3 5925 5924 5395
3 5924 5917 5395
3 5917 5384 5395
3 5396 5925 5395
3 5927 5398 5919
3 5919 5398 5387
3 5920 5929 5928
3 5927 5920 5928
3 5919 5920 5927
3 5929 5920 5921
3 5929 5921 5930
3 5930 5921 5390
3 5399 5930 5390
3 5931 5930 5399
3 5399 5400 5931
3 5931 5400 5932
3 5933 5402 5922
3 5922 5402 5394
3 5922 5923 5934
3 5922 5934 5933
3 5935 5926 5925
3 5937 5935 5936
3 5936 5935 5404
3 5935 5925 5404
3 5925 5396 5404
3 5405 5936 5404
3 5938 5406 5927
3 5927 5406 5398
3 5927 5928 5939
3 5927 5939 5938
3 5407 5941 5940
3 5932 5407 5940
3 5400 5407 5932
3 5941 5942 5940
3 5933 5409 5402
3 5944 5943 5410
3 5944 5410 5409
3 5934 5944 5409
3 5933 5934 5409
3 5945 5943 5944
3 5946 5937 5936
3 5948 5946 5947
3 5947 5946 5411
3 5946 5936 5411
3 5936 5405 5411
3 5412 5947 5411
3 5949 5413 5938
3 5938 5413 5406
3 5938 5939 5950
3 5938 5950 5949
3 5414 5941 5407
3 5952 5951 5415
3 5415 5951 5414
3 5951 5942 5414
3 5942 5941 5414
3 5952 5953 5951
3 5954 5417 5943
3 5943 5417 5410
3 5943 5945 5955
3 5956 5943 5955
3 5954 5943 5956
3 5957 5956 5955
3 5958 5948 5947
3 5947 5412 5958
3 5412 5959 5958
3 5412 5418 5959
3 5949 5419 5413
3 5420 5419 5949
3 5950 5420 5949
3 5960 5420 5950
3 5421 5952 5415
3 5421 5423 5952
3 5423 5953 5952
3 5423 5961 5953
3 5954 5424 5417
3 5424 5954 5426
3 5954 5962 5426
3 5954 5956 5962
3 5956 5957 5963
3 5964 5956 5963
3 5962 5956 5964
3 5966 5965 5964
3 5966 5964 5963
3 5968 5967 5965
3 5968 5965 5966
3 5970 5969 5967
3 5970 5967 5968
3 5972 5971 5969
3 5972 5969 5970
3 5973 5971 5972
3 5418 5427 5974
3 5975 5418 5974
3 5959 5418 5975
3 5428 5974 5427
3 5977 5430 5976
3 5430 5960 5976
3 5430 5420 5960
3 5978 5977 5976
3 5431 5961 5423
3 5431 5979 5961
3 5962 5433 5426
3 5433 5962 5435
3 5435 5962 5964
3 5964 5965 5980
3 5436 5964 5980
3 5981 5436 5980
3 5964 5436 5435
3 5983 5982 5980
3 5965 5983 5980
3 5967 5983 5965
3 5984 5967 5969
3 5983 5967 5984
3 5985 5969 5971
3 5984 5969 5985
3 5971 5973 5986
3 5987 5971 5986
3 5985 5971 5987
3 5988 5987 5986
3 5989 5975 5974
3 5991 5989 5990
3 5990 5989 5437
3 5989 5974 5437
3 5974 5428 5437
3 5438 5990 5437
3 5977 5439 5430
3 5440 5439 5977
3 5978 5440 5977
3 5992 5440 5978
3 5442 5994 5993
3 5979 5442 5993
3 5431 5442 5979
3 5994 5995 5993
3 5997 5996 5443
3 5443 5996 5444
3 5443 5436 5981
3 5443 5981 5997
3 5998 5982 5983
3 5998 5983 5984
3 5998 5984 5999
3 6001 6000 5999
3 5984 6001 5999
3 5985 6001 5984
3 6002 5985 5987
3 6001 5985 6002
3 5987 5988 6003
3 6004 5987 6003
3 6002 5987 6004
3 6005 6004 6003
3 6006 5991 5990
3 5990 5438 6006
3 5438 6007 6006
3 5438 5445 6007
3 5992 6008 5440
3 5440 6008 5446
3 5447 5446 6008
3 5447 6008 6009
3 5448 5994 5442
3 6011 6010 5450
3 5450 6010 5448
3 6010 5995 5448
3 5995 5994 5448
3 5451 5452 6011
3 5452 6010 6011
3 5452 6012 6010
3 5452 5444 5996
3 5452 5996 6012
3 6013 6000 6001
3 6015 6014 6013
3 6001 6015 6013
3 6002 6015 6001
3 6016 6002 6004
3 6015 6002 6016
3 6004 6005 6017
3 6018 6004 6017
3 6016 6004 6018
3 6019 6018 6017
3 5454 6007 5445
3 5454 6020 6007
3 6009 5455 5447
3 6021 5455 6009
3 5456 6011 5450
3 6011 5456 5451
3 6022 6014 6015
3 6024 6023 6022
3 6015 6024 6022
3 6016 6024 6015
3 6025 6016 6018
3 6024 6016 6025
3 6018 6019 6026
3 6018 6026 6025
3 5454 5457 6027
3 6028 5454 6027
3 6020 5454 6028
3 5458 6027 5457
3 6030 5459 6029
3 5459 6021 6029
3 5459 5455 6021
3 6031 6030 6029
3 6032 6023 6024
3 6034 6033 6032
3 6024 6034 6032
3 6025 6034 6024
3 6025 6026 6035
3 6036 6025 6035
3 6034 6025 6036
3 6037 6036 6035
3 6038 6028 6027
3 6027 5458 6038
3 5458 6039 6038
3 5458 5460 6039
3 6030 5461 5459
3 6041 6040 5462
3 6041 5462 5461
3 6031 6041 5461
3 6030 6031 5461
3 6042 6040 6041
3 6033 6034 6043
3 6033 6043 6044
3 6045 6034 6036
3 6043 6034 6045
3 6036 6037 6046
3 6036 6046 6045
3 5464 6039 5460
3 5464 6047 6039
3 6040 5465 5462
3 6042 6048 6040
3 6048 5465 6040
3 6048 5466 5465
3 5466 6049 5467
3 6048 6049 5466
3 5467 6050 5468
3 6049 6050 5467
3 5468 6051 5469
3 6050 6051 5468
3 5469 6052 5470
3 6051 6052 5469
3 5471 5470 6052
3 5471 6052 6053
3 6044 6043 6054
3 6044 6054 6055
3 6056 6043 6045
3 6054 6043 6056
3 6045 6046 6057
3 6045 6057 6056
3 5473 6047 5464
3 5473 6058 6047
3 6053 5474 5471
3 6059 5474 6053
3 6062 6061 6060
3 6064 6063 6060
3 6064 6060 6061
3 6063 6064 6055
3 6054 6063 6055
3 6065 6063 6054
3 6066 6054 6056
3 6065 6054 6066
3 6056 6057 6067
3 6056 6067 6066
3 5476 6058 5473
3 5476 6068 6058
3 6069 5477 5478
3 6070 6069 5478
3 5474 6070 5478
3 6059 6070 5474
3 6072 6071 5480
3 6072 5480 5481
3 6060 5483 6062
3 5483 6071 6062
3 5483 5480 6071
3 5483 6060 5484
3 6060 6073 5484
3 6060 6063 6073
3 6074 6063 6065
3 6073 6063 6074
3 6075 6065 6066
3 6074 6065 6075
3 6066 6067 6076
3 6066 6076 6075
3 6079 6078 6077
3 6078 6068 6077
3 6068 5486 6077
3 6068 5476 5486
3 6080 5488 6069
3 6069 5488 5477
3 6069 6070 6081
3 6069 6081 6080
3 5489 6072 5481
3 5489 6082 6072
3 6073 5491 5484
3 5491 6073 5493
3 6073 6083 5493
3 6073 6074 6083
3 6084 6074 6075
3 6083 6074 6084
3 6075 6076 6085
3 6075 6085 6084
3 6079 6077 6086
3 6079 6086 6087
3 5495 6086 5486
3 5486 6086 6077
3 6088 5496 5497
3 6089 6088 5497
3 6089 5497 5488
3 6090 6089 5488
3 6080 6090 5488
3 6090 6080 6081
3 5499 6092 6091
3 6082 5499 6091
3 5489 5499 6082
3 6092 6093 6091
3 6094 5502 6083
3 6083 5502 5493
3 6095 6083 6084
3 6094 6083 6095
3 6084 6085 6096
3 6084 6096 6095
3 6087 6086 6097
3 6087 6097 6098
3 5504 6097 5495
3 5495 6097 6086
3 6100 6099 6088
3 6099 5496 6088
3 6099 5505 5496
3 6100 6088 6089
3 5507 6101 6092
3 5507 6092 5499
3 6093 6092 6102
3 6102 6092 6101
3 6103 5509 6094
3 6094 5509 5502
3 6104 6094 6095
3 6103 6094 6104
3 6095 6096 6105
3 6095 6105 6104
3 6098 6097 6106
3 6098 6106 6107
3 5511 6106 5504
3 5504 6106 6097
3 6099 5513 5505
3 6108 5513 6099
3 5515 6101 5507
3 5515 5517 6101
3 5517 6102 6101
3 5517 6109 6102
3 6103 5519 5509
3 5519 6103 5521
3 6103 6110 5521
3 6103 6104 6110
3 6104 6105 6111
3 6112 6104 6111
3 6110 6104 6112
3 6113 6112 6111
3 6107 6106 6114
3 6107 6114 6115
3 5523 6116 5511
3 6116 6106 5511
3 6116 6114 6106
3 5525 6116 5523
3 6118 6117 5527
3 5527 6117 5526
3 5527 5513 6108
3 5527 6108 6118
3 5530 6120 6119
3 6109 5530 6119
3 5517 5530 6109
3 6120 6121 6119
3 6122 5533 6110
3 6110 5533 5521
3 6123 6110 6112
3 6122 6110 6123
3 6112 6113 6124
3 6112 6124 6123
3 6115 6114 6125
3 6115 6125 6126
3 6127 6114 6116
3 6125 6114 6127
3 5535 6127 5525
3 5525 6127 6116
3 6117 5536 5526
3 6128 5536 6117
3 5539 6129 5540
3 6120 5530 5540
3 6129 6120 5540
3 6130 6120 6129
3 6121 6120 6131
3 6131 6120 6130
3 6132 5543 6122
3 6122 5543 5533
3 6133 6122 6123
3 6132 6122 6133
3 6123 6124 6134
3 6123 6134 6133
3 6126 6125 6135
3 6126 6135 6136
3 6137 6125 6127
3 6135 6125 6137
3 5545 6137 5535
3 5535 6137 6127
3 6128 5547 5536
3 6138 5547 6128
3 5549 6139 5548
3 5548 6139 6140
3 6141 5548 6140
3 5550 5548 6141
3 5539 5550 6129
3 5550 6142 6129
3 5550 6141 6142
3 6129 6142 6130
3 6130 6142 6143
3 6130 6143 6131
3 6144 5553 6132
3 6132 5553 5543
3 6145 6132 6133
3 6144 6132 6145
3 6133 6134 6146
3 6147 6133 6146
3 6145 6133 6147
3 6147 6146 6136
3 6135 6147 6136
3 6148 6147 6135
3 6149 6135 6137
3 6148 6135 6149
3 5555 6149 5545
3 5545 6149 6137
3 6138 6150 5547
3 5547 6150 5556
3 5557 5556 6150
3 5557 6150 6151
3 6153 6152 6139
3 5549 6153 6139
3 5559 6153 5549
3 6139 6152 6140
3 6154 5561 6144
3 6144 5561 5553
3 6155 6144 6145
3 6154 6144 6155
3 6156 6145 6147
3 6155 6145 6156
3 6157 6147 6148
3 6156 6147 6157
3 5563 6157 5562
3 6157 6149 5562
3 6157 6148 6149
3 5562 6149 5555
3 6151 5564 5557
3 6158 5564 6151
3 6159 6153 5559
3 6159 5559 5565
3 5565 5566 6159
3 6159 5566 6160
3 6154 5568 5561
3 5568 6154 5570
3 5570 6154 6155
3 5570 6155 5571
3 6155 6161 5571
3 6155 6156 6161
3 6162 6156 6157
3 6161 6156 6162
3 5572 6162 5563
3 5563 6162 6157
3 6158 6163 5564
3 5564 6163 5573
3 5574 5573 6163
3 5574 6163 6164
3 6165 6160 5566
3 6165 5566 5575
3 6167 6166 5576
3 6166 5575 5576
3 6166 6165 5575
3 6167 6168 6166
3 6169 5578 6161
3 6161 5578 5571
3 6170 6161 6162
3 6169 6161 6170
3 5579 6170 5572
3 5572 6170 6162
3 6164 6171 5574
3 5574 6171 5580
3 5582 5580 6171
3 5582 6171 6172
3 5583 6167 5576
3 6174 6173 5584
3 5584 6173 5583
3 6173 6168 5583
3 6168 6167 5583
3 6174 6175 6173
3 6176 5586 6169
3 6169 5586 5578
3 6177 6169 6170
3 6176 6169 6177
3 5588 6177 5579
3 5579 6177 6170
3 6172 6178 5582
3 5582 6178 5590
3 5591 5590 6178
3 5591 6178 6179
3 5592 6174 5584
3 5592 5594 6174
3 5594 6175 6174
3 5594 6180 6175
3 6181 5596 5597
3 5586 6176 5597
3 6176 6181 5597
3 6176 6182 6181
3 6183 6176 6177
3 6182 6176 6183
3 5598 6184 5588
3 6184 6177 5588
3 6184 6183 6177
3 5599 6184 5598
3 6179 5600 5591
3 6185 5600 6179
3 5601 6180 5594
3 5601 6186 6180
3 6187 5603 6181
3 6181 5603 5596
3 6188 6181 6182
3 6187 6181 6188
3 6189 6182 6183
3 6188 6182 6189
3 6190 6183 6184
3 6189 6183 6190
3 5605 6190 5599
3 5599 6190 6184
3 6193 6192 6191
3 6185 6193 6191
3 5606 6185 6191
3 5600 6185 5606
3 6194 6186 5601
3 6194 5601 5607
3 5607 5609 6194
3 6194 5609 6195
3 6196 5610 6187
3 6187 5610 5603
3 6197 6187 6188
3 6196 6187 6197
3 6198 6188 6189
3 6197 6188 6198
3 6199 6189 6190
3 6198 6189 6199
3 5611 6200 5605
3 6200 6190 5605
3 6200 6199 6190
3 5613 6200 5611
3 6191 6192 6201
3 6201 6192 6202
3 6201 5616 5606
3 6201 5606 6191
3 5617 6195 5609
3 5617 6203 6195
3 6196 5618 5610
3 5618 6196 5620
3 6196 6204 5620
3 6196 6197 6204
3 6205 6197 6198
3 6204 6197 6205
3 6206 6198 6199
3 6205 6198 6206
3 6207 6199 6200
3 6206 6199 6207
3 5622 6207 5613
3 5613 6207 6200
3 6201 6202 6208
3 6208 6202 6209
3 6210 5624 5616
3 6201 6210 5616
3 6208 6210 6201
3 6210 5625 5624
3 5626 6203 5617
3 5626 6211 6203
3 6204 5628 5620
3 5628 6204 5630
3 5630 6204 6205
3 5630 6205 5632
3 5632 6205 6206
3 5632 6206 5634
3 5634 6206 6207
3 5634 6207 5622
3 6208 6209 6212
3 6212 6209 6213
3 6208 6214 6210
3 6208 6212 6214
3 6214 5638 5625
3 6214 5625 6210
3 5626 5639 6215
3 6216 5626 6215
3 6211 5626 6216
3 5640 6215 5639
3 6213 6217 6212
3 6219 6218 6217
3 6218 6212 6217
3 6218 6214 6212
3 6218 5643 5638
3 6218 5638 6214
3 6220 6216 6215
3 6215 5640 6220
3 5640 6221 6220
3 5640 5644 6221
3 6218 6219 6222
3 6222 6219 6223
3 6222 5647 5643
3 6222 5643 6218
3 5644 5648 6224
3 6225 5644 6224
3 6221 5644 6225
3 5649 6224 5648
3 6222 6223 6226
3 6226 6223 6227
3 6226 5653 5647
3 6226 5647 6222
3 6225 6224 6228
3 6225 6228 6229
3 5654 6228 5649
3 5649 6228 6224
3 6226 6227 6230
3 6230 6227 6231
3 6230 5659 5653
3 6230 5653 6226
3 6234 6233 6232
3 6232 6233 6229
3 6228 6232 6229
3 6235 6232 6228
3 5660 6235 5654
3 5654 6235 6228
3 6231 6236 6230
3 5659 6230 6236
3 6237 5659 6236
3 5665 5659 6237
3 6240 6239 6238
3 6238 6239 6234
3 6232 6238 6234
3 6241 6238 6232
3 5668 6241 5667
3 6241 6235 5667
3 6241 6232 6235
3 5667 6235 5660
3 6237 5674 5665
3 6242 5674 6237
3 6240 6238 6243
3 6240 6243 6244
3 6245 6238 6241
3 6243 6238 6245
3 5675 6245 5668
3 5668 6245 6241
3 6242 5679 5674
3 6246 5679 6242
3 6244 6243 6247
3 6244 6247 6248
3 5682 6247 5681
3 6247 6245 5681
3 6247 6243 6245
3 5681 6245 5675
3 6246 5684 5679
3 6249 5684 6246
3 6248 6247 6250
3 6248 6250 6251
3 5685 6250 5682
3 5682 6250 6247
3 6249 5687 5684
3 6252 5687 6249
3 6253 6251 6250
3 6250 5685 6253
3 5685 6254 6253
3 5685 5688 6254
3 5689 5687 6255
3 5687 6256 6255
3 5687 6252 6256
3 6255 5690 5689
3 6257 6254 5688
3 6257 5688 5691
3 5691 5692 6257
3 6257 5692 6258
3 6256 6259 6255
3 5690 6255 6259
3 6260 5690 6259
3 5693 5690 6260
3 6261 6258 5692
3 6261 5692 5694
3 5694 5695 6261
3 6261 5695 6262
3 6260 6263 5693
3 5693 6263 5696
3 5698 5696 6263
3 5698 6263 6264
3 5699 6262 5695
3 5699 6265 6262
3 6264 5700 5698
3 6266 5700 6264
3 5703 6265 5699
3 5703 6267 6265
3 6270 6269 6268
3 6272 6271 6268
3 6268 6271 6270
3 6272 6273 6271
3 6276 6275 6274
3 6266 6276 6274
3 5705 6266 6274
3 5700 6266 5705
3 6279 6278 6277
3 6278 6267 6277
3 6267 5707 6277
3 6267 5703 5707
3 6282 6281 6280
3 6282 6280 6269
3 6280 6268 6269
3 6280 6283 6268
3 6268 6284 6272
3 6268 6283 6284
3 6273 6272 6285
3 6285 6272 6284
3 6288 6287 6286
3 6288 6286 6275
3 6275 6286 6274
3 6286 5708 6274
3 5708 5709 6274
3 6274 5709 5705
3 6291 6290 6289
3 6289 6290 6279
3 6289 6279 6277
3 5712 6289 6277
3 5711 5712 6277
3 5711 6277 5707
3 6294 6293 6292
3 6294 6292 6281
3 6292 6280 6281
3 6292 6295 6280
3 6280 6296 6283
3 6280 6295 6296
3 6298 6284 6297
3 6284 6296 6297
3 6284 6283 6296
3 6284 6298 6285
3 6286 6287 5715
3 6287 5714 5715
3 6287 6299 5714
3 6286 5715 5708
3 6302 6301 6300
3 6300 6301 6291
3 6300 6291 6289
3 5718 6300 6289
3 5717 5718 6289
3 5717 6289 5712
3 6305 6304 6303
3 6305 6303 6293
3 6303 6292 6293
3 6303 6306 6292
3 6292 6307 6295
3 6292 6306 6307
3 6295 6308 6296
3 6295 6307 6308
3 6297 6296 6309
3 6309 6296 6308
3 6299 5720 5714
3 6310 5720 6299
3 6313 6312 6311
3 6311 6312 6302
3 6311 6302 6300
3 5723 6311 6300
3 5722 5723 6300
3 5722 6300 5718
3 6303 6304 6314
3 6314 6304 6315
3 6303 6316 6306
3 6303 6314 6316
3 6306 6317 6307
3 6306 6316 6317
3 6319 6308 6318
3 6308 6317 6318
3 6308 6307 6317
3 6308 6319 6309
3 6310 5725 5720
3 6320 5725 6310
3 6313 6311 5727
3 5728 6313 5727
3 6321 6313 5728
3 5727 6311 5723
3 6315 6322 6314
3 6314 6322 6316
3 6316 6322 6323
3 6316 6323 6317
3 6317 6323 6324
3 6317 6324 6318
3 6326 6325 5732
3 5732 6325 5731
3 5732 5725 6320
3 5732 6320 6326
3 6329 6328 6327
3 6328 6321 6327
3 6321 5734 6327
3 6321 5728 5734
3 6325 5735 5731
3 6330 5735 6325
3 6329 6327 6331
3 6329 6331 6332
3 5736 6331 5734
3 5734 6331 6327
3 6334 6333 5739
3 5739 6333 5738
3 5739 5735 6330
3 5739 6330 6334
3 6332 6331 5741
3 5742 6332 5741
3 6335 6332 5742
3 5741 6331 5736
3 6333 5743 5738
3 6336 5743 6333
3 5744 6335 5742
3 5744 6337 6335
3 6336 5745 5743
3 6338 5745 6336
3 6341 6340 6339
3 6340 6337 6339
3 6337 5746 6339
3 6337 5744 5746
3 6338 5747 5745
3 6342 5747 6338
3 6341 6339 5749
3 5750 6341 5749
3 6343 6341 5750
3 5749 6339 5746
3 6342 5751 5747
3 6344 5751 6342
3 6345 6343 5750
3 6345 5750 5752
3 5752 5753 6345
3 6345 5753 6346
3 6344 5754 5751
3 6347 5754 6344
3 6348 6346 5753
3 6348 5753 5755
3 6349 5755 5756
3 6349 6348 5755
3 5756 5758 6349
3 6349 5758 6350
3 6347 5760 5754
3 6351 5760 6347
3 5758 5761 6352
3 6353 5758 6352
3 6350 5758 6353
3 5763 6352 5761
3 5764 5760 6354
3 5760 6355 6354
3 5760 6351 6355
3 6354 5765 5764
3 6353 6352 6356
3 6353 6356 6357
3 5767 6356 5763
3 5763 6356 6352
3 6360 6359 6358
3 6360 6358 6355
3 6355 6358 6354
3 6358 5768 6354
3 5768 5769 6354
3 6354 5769 5765
3 6357 6356 6361
3 6357 6361 6362
3 5771 6361 5767
3 5767 6361 6356
3 6358 6359 5773
3 6359 5772 5773
3 6359 6363 5772
3 6358 5773 5768
3 6365 6364 5775
3 6365 5775 5776
3 6361 5778 6362
3 5778 6364 6362
3 5778 5775 6364
3 5778 6361 5771
3 6368 6367 6366
3 6363 6368 6366
3 5779 6363 6366
3 5772 6363 5779
3 6371 6370 6369
3 5780 5781 6369
3 6370 5780 6369
3 6372 5780 6370
3 5776 5780 6365
3 6365 5780 6372
3 6366 6367 6373
3 6373 6367 6374
3 6373 5782 5779
3 6373 5779 6366
3 6376 6375 5784
3 6376 5784 5785
3 6369 5786 6371
3 5786 6375 6371
3 5786 5784 6375
3 5786 6369 5781
3 6374 6377 6373
3 5788 5782 6373
3 6378 5788 6373
3 6377 6378 6373
3 5788 6378 6379
3 5790 5789 6379
3 6378 5790 6379
3 6380 5790 6378
3 5785 5790 6376
3 6376 5790 6380
3 6379 5791 5788
3 5791 6379 5789
3 6381 5810 5809
3 5811 6382 5809
3 5809 6382 6381
3 5812 6383 5811
3 5811 6383 6382
3 5814 6383 5812
3 6384 5820 6381
3 6381 5820 5810
3 6385 6381 6382
3 6384 6381 6385
3 6383 6387 6386
3 6385 6383 6386
3 6382 6383 6385
3 6389 6387 6388
3 6388 6387 5821
3 6387 6383 5821
3 6383 5814 5821
3 5822 6390 5821
3 5821 6390 6388
3 5823 6391 5822
3 5822 6391 6390
3 5824 6392 5823
3 5823 6392 6391
3 5826 6392 5824
3 6393 5829 5830
3 5820 6384 5830
3 6384 6393 5830
3 6384 6394 6393
3 6385 6396 6395
3 6394 6385 6395
3 6384 6385 6394
3 6396 6385 6386
3 6397 6389 6388
3 6397 6388 6390
3 6397 6390 6398
3 6398 6390 6391
3 6398 6391 6399
3 6399 6391 6392
3 6399 6392 6400
3 6402 6400 6401
3 6401 6400 5831
3 6400 6392 5831
3 6392 5826 5831
3 5832 6403 5831
3 5831 6403 6401
3 5834 6403 5832
3 6393 5836 5829
3 5836 6393 5837
3 6393 6404 5837
3 6393 6394 6404
3 6394 6395 6405
3 6406 6394 6405
3 6404 6394 6406
3 6407 6406 6405
3 6408 6402 6401
3 6410 6409 6408
3 6401 6410 6408
3 6403 6410 6401
3 5838 6411 5834
3 6411 6403 5834
3 6411 6410 6403
3 5840 6411 5838
3 6404 5842 5837
3 5842 6404 5844
3 6404 6412 5844
3 6404 6406 6412
3 6406 6407 6413
3 6414 6406 6413
3 6412 6406 6414
3 6415 6414 6413
3 6416 6409 6410
3 6418 6417 6416
3 6410 6418 6416
3 6411 6418 6410
3 5845 6419 5840
3 6419 6411 5840
3 6419 6418 6411
3 5846 6420 5845
3 5845 6420 6419
3 5848 6420 5846
3 6412 5850 5844
3 5850 6412 5852
3 6412 6421 5852
3 6412 6414 6421
3 6414 6415 6422
3 6423 6414 6422
3 6421 6414 6423
3 6424 6423 6422
3 6425 6417 6418
3 6425 6418 6419
3 6425 6419 6426
3 6428 6427 6426
3 6419 6428 6426
3 6420 6428 6419
3 5853 6429 5848
3 6429 6420 5848
3 6429 6428 6420
3 5855 6429 5853
3 6421 5858 5852
3 5858 6421 5860
3 6421 6430 5860
3 6421 6423 6430
3 6423 6424 6431
3 6432 6423 6431
3 6430 6423 6432
3 6434 6433 6432
3 6434 6432 6431
3 6435 6433 6434
3 6436 6427 6428
3 6438 6437 6436
3 6428 6438 6436
3 6429 6438 6428
3 5861 6439 5855
3 6439 6429 5855
3 6439 6438 6429
3 5863 6439 5861
3 6430 5868 5860
3 5868 6430 5871
3 5871 6430 6432
3 5871 6432 5872
3 6432 6440 5872
3 6432 6433 6440
3 6433 6435 6441
3 6442 6433 6441
3 6440 6433 6442
3 6444 6443 6442
3 6444 6442 6441
3 6446 6445 6443
3 6446 6443 6444
3 6447 6445 6446
3 6448 6437 6438
3 6450 6449 6448
3 6438 6450 6448
3 6439 6450 6438
3 5873 6451 5863
3 6451 6439 5863
3 6451 6450 6439
3 5875 6451 5873
3 6440 5886 5872
3 5886 6440 5888
3 5888 6440 6442
3 5888 6442 5890
3 5890 6442 6443
3 5890 6443 5891
3 6443 6452 5891
3 6443 6445 6452
3 6445 6447 6453
3 6454 6445 6453
3 6452 6445 6454
3 6455 6454 6453
3 6456 6449 6450
3 6456 6450 6451
3 6456 6451 6457
3 6459 6457 6458
3 6458 6457 5892
3 6457 6451 5892
3 6451 5875 5892
3 5894 6458 5892
3 6452 5903 5891
3 5903 6452 5905
3 6452 6460 5905
3 6452 6454 6460
3 6454 6455 6461
3 6462 6454 6461
3 6460 6454 6462
3 6464 6463 6462
3 6464 6462 6461
3 6465 6463 6464
3 6466 6459 6458
3 6468 6466 6467
3 6467 6466 5906
3 6466 6458 5906
3 6458 5894 5906
3 5908 6467 5906
3 6460 5912 5905
3 5912 6460 5914
3 5914 6460 6462
3 5914 6462 5915
3 6462 6469 5915
3 6462 6463 6469
3 6463 6465 6470
3 6471 6463 6470
3 6469 6463 6471
3 6472 6471 6470
3 6473 6468 6467
3 6475 6473 6474
3 6474 6473 5916
3 6473 6467 5916
3 6467 5908 5916
3 5918 6474 5916
3 6476 5923 6469
3 6469 5923 5915
3 6477 6469 6471
3 6476 6469 6477
3 6471 6472 6478
3 6471 6478 6477
3 6479 6475 6474
3 6481 6479 6480
3 6480 6479 5924
3 6479 6474 5924
3 6474 5918 5924
3 5926 6480 5924
3 6482 5928 5929
3 5930 6483 5929
3 5929 6483 6482
3 5931 6484 5930
3 5930 6484 6483
3 5932 6484 5931
3 6485 5934 6476
3 6476 5934 5923
3 6486 6476 6477
3 6485 6476 6486
3 6477 6478 6487
3 6477 6487 6486
3 6488 6481 6480
3 6490 6488 6489
3 6489 6488 5935
3 6488 6480 5935
3 6480 5926 5935
3 5937 6489 5935
3 6491 5939 6482
3 6482 5939 5928
3 6492 6482 6483
3 6491 6482 6492
3 6493 6483 6484
3 6492 6483 6493
3 5940 6494 5932
3 6494 6484 5932
3 6494 6493 6484
3 5942 6494 5940
3 6485 5944 5934
3 5944 6485 5945
3 6485 6495 5945
3 6485 6486 6495
3 6486 6487 6496
3 6497 6486 6496
3 6495 6486 6497
3 6498 6497 6496
3 6490 6489 6499
3 6490 6499 6500
3 5946 6501 5937
3 6501 6489 5937
3 6501 6499 6489
3 5948 6501 5946
3 6502 5950 6491
3 6491 5950 5939
3 6503 6491 6492
3 6502 6491 6503
3 6493 6505 6504
3 6503 6493 6504
3 6492 6493 6503
3 6505 6493 6494
3 6505 6494 6506
3 6508 6506 6507
3 6507 6506 5951
3 6506 6494 5951
3 6494 5942 5951
3 5953 6507 5951
3 6495 5955 5945
3 5955 6495 5957
3 6495 6509 5957
3 6495 6497 6509
3 6497 6498 6510
3 6511 6497 6510
3 6509 6497 6511
3 6513 6512 6511
3 6513 6511 6510
3 6515 6514 6512
3 6515 6512 6513
3 6517 6516 6514
3 6517 6514 6515
3 6518 6516 6517
3 6519 6500 6499
3 6521 6520 6519
3 6499 6521 6519
3 6501 6521 6499
3 5958 6522 5948
3 6522 6501 5948
3 6522 6521 6501
3 5959 6522 5958
3 6523 5960 6502
3 6502 5960 5950
3 6503 6525 6524
3 6523 6503 6524
3 6502 6503 6523
3 6525 6503 6504
3 6508 6507 6526
3 6508 6526 6527
3 5961 6526 5953
3 5953 6526 6507
3 6509 5963 5957
3 5963 6509 5966
3 5966 6509 6511
3 5966 6511 5968
3 5968 6511 6512
3 5968 6512 5970
3 5970 6512 6514
3 5970 6514 5972
3 5972 6514 6516
3 6529 6528 5973
3 6529 5973 5972
3 6518 6529 5972
3 6516 6518 5972
3 6531 6530 6528
3 6531 6528 6529
3 6530 6531 6520
3 6521 6530 6520
3 6532 6530 6521
3 6533 6521 6522
3 6532 6521 6533
3 5975 6533 5959
3 5959 6533 6522
3 6523 5976 5960
3 5978 5976 6523
3 6524 5978 6523
3 6534 5978 6524
3 6535 6527 6526
3 6526 5961 6535
3 5961 6536 6535
3 5961 5979 6536
3 6539 6538 6537
3 5981 5980 6537
3 5980 6539 6537
3 5980 6540 6539
3 6542 6541 5982
3 6541 5980 5982
3 6541 6540 5980
3 6542 6543 6541
3 6528 5986 5973
3 5986 6528 5988
3 6528 6544 5988
3 6528 6530 6544
3 6545 6530 6532
3 6544 6530 6545
3 6546 6532 6533
3 6545 6532 6546
3 5989 6547 5975
3 6547 6533 5975
3 6547 6546 6533
3 5991 6547 5989
3 6549 5992 6548
3 5992 6534 6548
3 5992 5978 6534
3 6550 6549 6548
3 5979 5993 6551
3 6552 5979 6551
3 6536 5979 6552
3 5995 6551 5993
3 6537 6538 5997
3 6538 5996 5997
3 6538 6553 5996
3 6537 5997 5981
3 5998 6542 5982
3 6554 6543 6542
3 5998 6554 6542
3 5999 6554 5998
3 5999 6000 6554
3 6554 6000 6555
3 6544 6003 5988
3 6003 6544 6005
3 6544 6556 6005
3 6544 6545 6556
3 6557 6545 6546
3 6556 6545 6557
3 6558 6546 6547
3 6557 6546 6558
3 6006 6559 5991
3 6559 6547 5991
3 6559 6558 6547
3 6007 6559 6006
3 6549 6008 5992
3 6009 6008 6549
3 6550 6009 6549
3 6560 6009 6550
3 6561 6552 6551
3 6561 6551 5995
3 6010 6561 5995
3 6562 6561 6010
3 6563 6010 6012
3 6563 6562 6010
3 6012 5996 6553
3 6012 6553 6563
3 6564 6555 6000
3 6564 6000 6013
3 6013 6014 6564
3 6564 6014 6565
3 6556 6017 6005
3 6017 6556 6019
3 6556 6566 6019
3 6556 6557 6566
3 6567 6557 6558
3 6566 6557 6567
3 6568 6558 6559
3 6567 6558 6568
3 6020 6568 6007
3 6007 6568 6559
3 6570 6021 6569
3 6021 6560 6569
3 6021 6009 6560
3 6571 6570 6569
3 6572 6565 6014
3 6572 6014 6022
3 6022 6023 6572
3 6572 6023 6573
3 6574 6026 6566
3 6566 6026 6019
3 6575 6566 6567
3 6574 6566 6575
3 6576 6567 6568
3 6575 6567 6576
3 6028 6576 6020
3 6020 6576 6568
3 6570 6029 6021
3 6578 6577 6031
3 6578 6031 6029
3 6571 6578 6029
3 6570 6571 6029
3 6579 6577 6578
3 6023 6032 6580
3 6581 6023 6580
3 6573 6023 6581
3 6033 6580 6032
3 6574 6035 6026
3 6035 6574 6037
3 6574 6582 6037
3 6574 6575 6582
3 6583 6575 6576
3 6582 6575 6583
3 6038 6584 6028
3 6584 6576 6028
3 6584 6583 6576
3 6039 6584 6038
3 6577 6041 6031
3 6586 6585 6042
3 6586 6042 6041
3 6579 6586 6041
3 6577 6579 6041
3 6587 6585 6586
3 6581 6580 6588
3 6581 6588 6589
3 6044 6588 6033
3 6033 6588 6580
3 6590 6046 6582
3 6582 6046 6037
3 6591 6582 6583
3 6590 6582 6591
3 6592 6583 6584
3 6591 6583 6592
3 6047 6592 6039
3 6039 6592 6584
3 6585 6048 6042
3 6587 6593 6585
3 6593 6048 6585
3 6593 6049 6048
3 6593 6595 6594
3 6050 6593 6594
3 6049 6593 6050
3 6596 6051 6050
3 6596 6050 6594
3 6597 6052 6051
3 6597 6051 6596
3 6597 6053 6052
3 6589 6588 6598
3 6589 6598 6599
3 6055 6598 6044
3 6044 6598 6588
3 6600 6057 6590
3 6590 6057 6046
3 6601 6590 6591
3 6600 6590 6601
3 6602 6591 6592
3 6601 6591 6602
3 6058 6602 6047
3 6047 6602 6592
3 6595 6603 6594
3 6594 6603 6596
3 6596 6603 6604
3 6596 6604 6597
3 6597 6604 6605
3 6053 6597 6605
3 6606 6053 6605
3 6059 6053 6606
3 6608 6607 6061
3 6608 6061 6062
3 6598 6064 6599
3 6064 6607 6599
3 6064 6061 6607
3 6064 6598 6055
3 6609 6067 6600
3 6600 6067 6057
3 6610 6600 6601
3 6609 6600 6610
3 6611 6601 6602
3 6610 6601 6611
3 6068 6611 6058
3 6058 6611 6602
3 6606 6070 6059
3 6612 6070 6606
3 6072 6613 6071
3 6613 6614 6071
3 6614 6062 6071
3 6614 6608 6062
3 6615 6076 6609
3 6609 6076 6067
3 6616 6609 6610
3 6615 6609 6616
3 6079 6616 6078
3 6616 6611 6078
3 6616 6610 6611
3 6078 6611 6068
3 6612 6081 6070
3 6617 6081 6612
3 6082 6618 6613
3 6082 6613 6072
3 6614 6613 6619
3 6619 6613 6618
3 6620 6085 6615
3 6615 6085 6076
3 6621 6615 6616
3 6620 6615 6621
3 6087 6621 6079
3 6079 6621 6616
3 6622 6089 6090
3 6623 6622 6090
3 6081 6623 6090
3 6617 6623 6081
3 6091 6618 6082
3 6091 6093 6618
3 6093 6619 6618
3 6093 6624 6619
3 6625 6096 6620
3 6620 6096 6085
3 6626 6620 6621
3 6625 6620 6626
3 6098 6626 6087
3 6087 6626 6621
3 6628 6627 6100
3 6100 6627 6099
3 6100 6089 6622
3 6629 6100 6622
3 6628 6100 6629
3 6629 6622 6623
3 6102 6631 6630
3 6624 6102 6630
3 6093 6102 6624
3 6631 6632 6630
3 6633 6105 6625
3 6625 6105 6096
3 6634 6625 6626
3 6633 6625 6634
3 6107 6634 6098
3 6098 6634 6626
3 6627 6108 6099
3 6635 6108 6627
3 6109 6636 6631
3 6109 6631 6102
3 6632 6631 6637
3 6631 6638 6637
3 6631 6636 6638
3 6638 6639 6637
3 6633 6111 6105
3 6111 6633 6113
3 6633 6640 6113
3 6633 6634 6640
3 6115 6640 6107
3 6107 6640 6634
3 6641 6117 6118
3 6642 6641 6118
3 6108 6642 6118
3 6635 6642 6108
3 6119 6636 6109
3 6636 6119 6121
3 6643 6636 6121
3 6638 6636 6643
3 6639 6638 6644
3 6644 6638 6643
3 6645 6124 6640
3 6640 6124 6113
3 6126 6645 6115
3 6115 6645 6640
3 6647 6646 6641
3 6646 6117 6641
3 6646 6128 6117
3 6647 6641 6642
3 6131 6648 6643
3 6131 6643 6121
3 6644 6643 6649
3 6649 6643 6648
3 6650 6134 6645
3 6645 6134 6124
3 6136 6650 6126
3 6126 6650 6645
3 6646 6138 6128
3 6651 6138 6646
3 6140 6652 6141
3 6653 6142 6141
3 6653 6141 6652
3 6654 6143 6142
3 6654 6142 6653
3 6648 6131 6143
3 6654 6648 6143
3 6655 6648 6654
3 6649 6648 6656
3 6656 6648 6655
3 6650 6146 6134
3 6146 6650 6136
3 6150 6138 6657
3 6138 6658 6657
3 6138 6651 6658
3 6657 6151 6150
3 6660 6659 6152
3 6660 6152 6153
3 6140 6152 6652
3 6152 6661 6652
3 6152 6659 6661
3 6652 6661 6653
3 6653 6661 6662
3 6653 6662 6654
3 6654 6662 6663
3 6654 6663 6655
3 6655 6663 6664
3 6655 6664 6656
3 6658 6665 6657
3 6151 6657 6665
3 6666 6151 6665
3 6158 6151 6666
3 6667 6660 6153
3 6667 6153 6159
3 6669 6668 6160
3 6668 6159 6160
3 6668 6667 6159
3 6669 6670 6668
3 6666 6671 6158
3 6158 6671 6163
3 6164 6163 6671
3 6164 6671 6672
3 6165 6669 6160
3 6673 6670 6669
3 6165 6673 6669
3 6166 6673 6165
3 6166 6168 6673
3 6673 6168 6674
3 6672 6675 6164
3 6164 6675 6171
3 6172 6171 6675
3 6172 6675 6676
3 6168 6173 6677
3 6678 6168 6677
3 6674 6168 6678
3 6175 6677 6173
3 6178 6172 6679
3 6172 6680 6679
3 6172 6676 6680
3 6679 6179 6178
3 6681 6678 6677
3 6677 6175 6681
3 6175 6682 6681
3 6175 6180 6682
3 6685 6684 6683
3 6685 6683 6680
3 6683 6679 6680
3 6683 6686 6679
3 6686 6185 6179
3 6686 6179 6679
3 6186 6682 6180
3 6186 6687 6682
3 6683 6684 6688
3 6688 6684 6689
3 6688 6192 6193
3 6686 6688 6193
3 6683 6688 6686
3 6686 6193 6185
3 6186 6194 6690
3 6691 6186 6690
3 6687 6186 6691
3 6195 6690 6194
3 6688 6689 6692
3 6692 6689 6693
3 6692 6202 6192
3 6692 6192 6688
3 6696 6695 6694
3 6698 6697 6694
3 6698 6694 6695
3 6697 6698 6691
3 6690 6697 6691
3 6699 6697 6690
3 6203 6699 6195
3 6195 6699 6690
3 6692 6693 6700
3 6700 6693 6701
3 6700 6209 6202
3 6700 6202 6692
3 6704 6703 6702
3 6702 6703 6696
3 6694 6702 6696
3 6705 6702 6694
3 6706 6694 6697
3 6705 6694 6706
3 6707 6697 6699
3 6706 6697 6707
3 6211 6707 6203
3 6203 6707 6699
3 6701 6708 6700
3 6209 6700 6708
3 6709 6209 6708
3 6213 6209 6709
3 6704 6702 6710
3 6704 6710 6711
3 6712 6702 6705
3 6710 6702 6712
3 6713 6705 6706
3 6712 6705 6713
3 6714 6706 6707
3 6713 6706 6714
3 6216 6714 6211
3 6211 6714 6707
3 6217 6213 6715
3 6213 6716 6715
3 6213 6709 6716
3 6715 6219 6217
3 6711 6710 6717
3 6711 6717 6718
3 6719 6710 6712
3 6717 6710 6719
3 6720 6712 6713
3 6719 6712 6720
3 6721 6713 6714
3 6720 6713 6721
3 6220 6722 6216
3 6722 6714 6216
3 6722 6721 6714
3 6221 6722 6220
3 6716 6723 6715
3 6219 6715 6723
3 6724 6219 6723
3 6223 6219 6724
3 6725 6718 6717
3 6727 6726 6725
3 6717 6727 6725
3 6719 6727 6717
3 6728 6719 6720
3 6727 6719 6728
3 6729 6720 6721
3 6728 6720 6729
3 6730 6721 6722
3 6729 6721 6730
3 6225 6730 6221
3 6221 6730 6722
3 6724 6227 6223
3 6731 6227 6724
3 6726 6727 6732
3 6726 6732 6733
3 6734 6727 6728
3 6732 6727 6734
3 6735 6728 6729
3 6734 6728 6735
3 6736 6729 6730
3 6735 6729 6736
3 6229 6736 6225
3 6225 6736 6730
3 6731 6231 6227
3 6737 6231 6731
3 6733 6732 6738
3 6733 6738 6739
3 6740 6732 6734
3 6738 6732 6740
3 6741 6734 6735
3 6740 6734 6741
3 6234 6741 6233
3 6741 6736 6233
3 6741 6735 6736
3 6233 6736 6229
3 6236 6231 6742
3 6231 6743 6742
3 6231 6737 6743
3 6742 6237 6236
3 6744 6739 6738
3 6746 6745 6744
3 6738 6746 6744
3 6740 6746 6738
3 6240 6746 6239
3 6746 6741 6239
3 6746 6740 6741
3 6239 6741 6234
3 6742 6743 6747
3 6747 6743 6748
3 6747 6242 6237
3 6747 6237 6742
3 6745 6746 6749
3 6745 6749 6750
3 6244 6749 6240
3 6240 6749 6746
3 6747 6748 6751
3 6751 6748 6752
3 6751 6246 6242
3 6751 6242 6747
3 6750 6749 6753
3 6750 6753 6754
3 6248 6753 6244
3 6244 6753 6749
3 6751 6752 6755
3 6755 6752 6756
3 6755 6249 6246
3 6755 6246 6751
3 6757 6754 6753
3 6753 6248 6757
3 6248 6758 6757
3 6248 6251 6758
3 6761 6760 6759
3 6763 6762 6759
3 6759 6762 6761
3 6765 6764 6763
3 6763 6764 6762
3 6765 6766 6764
3 6756 6767 6755
3 6249 6755 6767
3 6768 6249 6767
3 6252 6249 6768
3 6769 6758 6251
3 6769 6251 6253
3 6253 6254 6769
3 6769 6254 6770
3 6759 6760 6771
3 6771 6760 6772
3 6759 6773 6763
3 6759 6771 6773
3 6763 6774 6765
3 6763 6773 6774
3 6766 6765 6775
3 6775 6765 6774
3 6768 6256 6252
3 6776 6256 6768
3 6777 6770 6254
3 6777 6254 6257
3 6257 6258 6777
3 6777 6258 6778
3 6781 6780 6779
3 6781 6779 6772
3 6779 6771 6772
3 6779 6782 6771
3 6771 6783 6773
3 6771 6782 6783
3 6773 6784 6774
3 6773 6783 6784
3 6775 6774 6785
3 6785 6774 6784
3 6776 6786 6256
3 6256 6786 6259
3 6260 6259 6786
3 6260 6786 6787
3 6258 6261 6788
3 6789 6258 6788
3 6778 6258 6789
3 6262 6788 6261
3 6779 6780 6790
3 6790 6780 6791
3 6779 6792 6782
3 6779 6790 6792
3 6782 6793 6783
3 6782 6792 6793
3 6783 6794 6784
3 6783 6793 6794
3 6785 6784 6795
3 6795 6784 6794
3 6263 6260 6796
3 6260 6797 6796
3 6260 6787 6797
3 6796 6264 6263
3 6789 6788 6798
3 6789 6798 6799
3 6265 6798 6262
3 6262 6798 6788
3 6790 6791 6800
3 6800 6791 6801
3 6790 6802 6792
3 6790 6800 6802
3 6792 6803 6793
3 6792 6802 6803
3 6793 6804 6794
3 6793 6803 6804
3 6795 6794 6805
3 6794 6806 6805
3 6794 6804 6806
3 6806 6807 6805
3 6796 6797 6808
3 6808 6797 6809
3 6808 6266 6264
3 6808 6264 6796
3 6799 6798 6810
3 6799 6810 6811
3 6267 6810 6265
3 6265 6810 6798
3 6800 6801 6812
3 6812 6801 6813
3 6800 6814 6802
3 6800 6812 6814
3 6814 6269 6270
3 6803 6814 6270
3 6802 6814 6803
3 6803 6270 6271
3 6803 6271 6804
3 6804 6271 6273
3 6815 6804 6273
3 6806 6804 6815
3 6807 6806 6816
3 6816 6806 6815
3 6819 6818 6817
3 6819 6817 6809
3 6809 6817 6808
3 6817 6275 6808
3 6275 6276 6808
3 6808 6276 6266
3 6822 6821 6820
3 6820 6821 6811
3 6820 6811 6810
3 6279 6820 6810
3 6278 6279 6810
3 6278 6810 6267
3 6825 6824 6823
3 6825 6823 6813
3 6823 6812 6813
3 6823 6826 6812
3 6826 6281 6282
3 6814 6826 6282
3 6812 6826 6814
3 6814 6282 6269
3 6828 6827 6815
3 6273 6828 6815
3 6285 6828 6273
3 6815 6827 6816
3 6817 6818 6288
3 6818 6287 6288
3 6818 6829 6287
3 6817 6288 6275
3 6832 6831 6830
3 6830 6831 6822
3 6830 6822 6820
3 6291 6830 6820
3 6290 6291 6820
3 6290 6820 6279
3 6823 6824 6833
3 6833 6824 6834
3 6833 6293 6294
3 6826 6833 6294
3 6823 6833 6826
3 6826 6294 6281
3 6297 6835 6298
3 6835 6836 6298
3 6836 6285 6298
3 6836 6828 6285
3 6829 6299 6287
3 6837 6299 6829
3 6840 6839 6838
3 6838 6839 6832
3 6838 6832 6830
3 6302 6838 6830
3 6301 6302 6830
3 6301 6830 6291
3 6843 6842 6841
3 6843 6841 6834
3 6834 6841 6833
3 6841 6304 6833
3 6304 6305 6833
3 6833 6305 6293
3 6845 6844 6835
3 6297 6845 6835
3 6309 6845 6297
3 6835 6844 6836
3 6848 6847 6846
3 6837 6848 6846
3 6310 6837 6846
3 6299 6837 6310
3 6840 6838 6312
3 6313 6840 6312
3 6849 6840 6313
3 6312 6838 6302
3 6852 6851 6850
3 6852 6850 6842
3 6850 6841 6842
3 6850 6853 6841
3 6853 6315 6304
3 6853 6304 6841
3 6855 6854 6319
3 6855 6319 6318
3 6309 6319 6845
3 6845 6319 6854
3 6846 6847 6856
3 6856 6847 6857
3 6856 6320 6310
3 6856 6310 6846
3 6860 6859 6858
3 6859 6849 6858
3 6849 6321 6858
3 6849 6313 6321
3 6863 6862 6861
3 6863 6861 6851
3 6861 6850 6851
3 6861 6864 6850
3 6850 6865 6853
3 6850 6864 6865
3 6866 6322 6315
3 6853 6866 6315
3 6865 6866 6853
3 6867 6323 6322
3 6867 6322 6866
3 6323 6867 6868
3 6869 6323 6868
3 6324 6323 6869
3 6318 6324 6855
3 6855 6324 6869
3 6872 6871 6870
3 6872 6870 6857
3 6857 6870 6856
3 6870 6325 6856
3 6325 6326 6856
3 6856 6326 6320
3 6860 6858 6328
3 6329 6860 6328
3 6873 6860 6329
3 6328 6858 6321
3 6861 6862 6874
3 6874 6862 6875
3 6861 6876 6864
3 6861 6874 6876
3 6864 6877 6865
3 6864 6876 6877
3 6865 6878 6866
3 6865 6877 6878
3 6880 6867 6879
3 6867 6878 6879
3 6867 6866 6878
3 6867 6880 6868
3 6870 6871 6881
3 6881 6871 6882
3 6881 6330 6325
3 6881 6325 6870
3 6332 6873 6329
3 6332 6883 6873
3 6874 6875 6884
3 6884 6875 6885
3 6874 6886 6876
3 6874 6884 6886
3 6888 6877 6887
3 6877 6886 6887
3 6877 6876 6886
3 6877 6888 6878
3 6878 6888 6889
3 6878 6889 6879
3 6881 6882 6334
3 6882 6333 6334
3 6882 6890 6333
3 6881 6334 6330
3 6893 6892 6891
3 6892 6883 6891
3 6883 6335 6891
3 6883 6332 6335
3 6885 6894 6884
3 6884 6894 6886
3 6886 6894 6895
3 6886 6895 6887
3 6890 6336 6333
3 6896 6336 6890
3 6893 6891 6897
3 6893 6897 6898
3 6337 6897 6335
3 6335 6897 6891
3 6896 6338 6336
3 6899 6338 6896
3 6898 6897 6340
3 6341 6898 6340
3 6900 6898 6341
3 6340 6897 6337
3 6899 6342 6338
3 6901 6342 6899
3 6343 6900 6341
3 6343 6902 6900
3 6901 6344 6342
3 6903 6344 6901
3 6343 6345 6904
3 6905 6343 6904
3 6902 6343 6905
3 6346 6904 6345
3 6908 6907 6906
3 6903 6908 6906
3 6347 6903 6906
3 6344 6903 6347
3 6909 6905 6904
3 6911 6909 6910
3 6910 6909 6348
3 6909 6904 6348
3 6904 6346 6348
3 6349 6912 6348
3 6348 6912 6910
3 6350 6912 6349
3 6907 6913 6906
3 6347 6906 6913
3 6914 6347 6913
3 6351 6347 6914
3 6915 6911 6910
3 6917 6916 6915
3 6910 6917 6915
3 6912 6917 6910
3 6353 6917 6350
3 6350 6917 6912
3 6920 6919 6918
3 6914 6920 6918
3 6355 6914 6918
3 6351 6914 6355
3 6916 6917 6921
3 6916 6921 6922
3 6357 6921 6353
3 6353 6921 6917
3 6918 6919 6360
3 6919 6359 6360
3 6919 6923 6359
3 6918 6360 6355
3 6922 6921 6924
3 6922 6924 6925
3 6362 6924 6357
3 6357 6924 6921
3 6928 6927 6926
3 6923 6928 6926
3 6363 6923 6926
3 6359 6923 6363
3 6931 6930 6929
3 6929 6930 6925
3 6929 6925 6924
3 6365 6929 6924
3 6364 6365 6924
3 6364 6924 6362
3 6926 6927 6368
3 6927 6367 6368
3 6927 6932 6367
3 6926 6368 6363
3 6935 6934 6933
3 6370 6371 6933
3 6934 6370 6933
3 6936 6370 6934
3 6929 6372 6931
3 6372 6936 6931
3 6372 6370 6936
3 6372 6929 6365
3 6932 6374 6367
3 6937 6374 6932
3 6935 6933 6375
3 6376 6935 6375
3 6938 6935 6376
3 6375 6933 6371
3 6937 6939 6374
3 6374 6939 6377
3 6377 6940 6378
3 6939 6940 6377
3 6378 6941 6380
3 6940 6941 6378
3 6376 6380 6938
3 6938 6380 6941
3 6942 6386 6387
3 6389 6942 6387
3 6943 6395 6396
3 6386 6942 6396
3 6942 6943 6396
3 6942 6944 6943
3 6397 6945 6389
3 6945 6942 6389
3 6945 6944 6942
3 6398 6946 6397
3 6397 6946 6945
3 6399 6947 6398
3 6398 6947 6946
3 6400 6948 6399
3 6399 6948 6947
3 6402 6948 6400
3 6943 6405 6395
3 6405 6943 6407
3 6943 6949 6407
3 6943 6944 6949
3 6950 6944 6945
3 6949 6944 6950
3 6951 6945 6946
3 6950 6945 6951
3 6952 6946 6947
3 6951 6946 6952
3 6953 6947 6948
3 6952 6947 6953
3 6408 6954 6402
3 6954 6948 6402
3 6954 6953 6948
3 6409 6954 6408
3 6949 6413 6407
3 6413 6949 6415
3 6949 6955 6415
3 6949 6950 6955
3 6956 6950 6951
3 6955 6950 6956
3 6957 6951 6952
3 6956 6951 6957
3 6958 6952 6953
3 6957 6952 6958
3 6959 6953 6954
3 6958 6953 6959
3 6416 6960 6409
3 6960 6954 6409
3 6960 6959 6954
3 6417 6960 6416
3 6955 6422 6415
3 6422 6955 6424
3 6955 6961 6424
3 6955 6956 6961
3 6962 6956 6957
3 6961 6956 6962
3 6963 6957 6958
3 6962 6957 6963
3 6964 6958 6959
3 6963 6958 6964
3 6965 6959 6960
3 6964 6959 6965
3 6425 6966 6417
3 6966 6960 6417
3 6966 6965 6960
3 6426 6967 6425
3 6425 6967 6966
3 6427 6967 6426
3 6961 6431 6424
3 6431 6961 6434
3 6434 6961 6962
3 6434 6962 6435
3 6962 6968 6435
3 6962 6963 6968
3 6969 6963 6964
3 6968 6963 6969
3 6970 6964 6965
3 6969 6964 6970
3 6971 6965 6966
3 6970 6965 6971
3 6972 6966 6967
3 6971 6966 6972
3 6436 6973 6427
3 6973 6967 6427
3 6973 6972 6967
3 6437 6973 6436
3 6968 6441 6435
3 6441 6968 6444
3 6444 6968 6969
3 6444 6969 6446
3 6446 6969 6970
3 6446 6970 6447
3 6970 6974 6447
3 6970 6971 6974
3 6975 6971 6972
3 6974 6971 6975
3 6976 6972 6973
3 6975 6972 6976
3 6448 6977 6437
3 6977 6973 6437
3 6977 6976 6973
3 6449 6977 6448
3 6974 6453 6447
3 6453 6974 6455
3 6974 6978 6455
3 6974 6975 6978
3 6979 6975 6976
3 6978 6975 6979
3 6980 6976 6977
3 6979 6976 6980
3 6456 6981 6449
3 6981 6977 6449
3 6981 6980 6977
3 6457 6982 6456
3 6456 6982 6981
3 6459 6982 6457
3 6978 6461 6455
3 6461 6978 6464
3 6464 6978 6979
3 6464 6979 6465
3 6979 6983 6465
3 6979 6980 6983
3 6984 6980 6981
3 6983 6980 6984
3 6985 6981 6982
3 6984 6981 6985
3 6466 6986 6459
3 6986 6982 6459
3 6986 6985 6982
3 6468 6986 6466
3 6983 6470 6465
3 6470 6983 6472
3 6983 6987 6472
3 6983 6984 6987
3 6988 6984 6985
3 6987 6984 6988
3 6989 6985 6986
3 6988 6985 6989
3 6473 6990 6468
3 6990 6986 6468
3 6990 6989 6986
3 6475 6990 6473
3 6991 6478 6987
3 6987 6478 6472
3 6992 6987 6988
3 6991 6987 6992
3 6993 6988 6989
3 6992 6988 6993
3 6994 6989 6990
3 6993 6989 6994
3 6479 6995 6475
3 6995 6990 6475
3 6995 6994 6990
3 6481 6995 6479
3 6996 6487 6991
3 6991 6487 6478
3 6997 6991 6992
3 6996 6991 6997
3 6998 6992 6993
3 6997 6992 6998
3 6999 6993 6994
3 6998 6993 6999
3 7000 6994 6995
3 6999 6994 7000
3 6488 7001 6481
3 7001 6995 6481
3 7001 7000 6995
3 6490 7001 6488
3 6996 6496 6487
3 6496 6996 6498
3 6996 7002 6498
3 6996 6997 7002
3 7003 6997 6998
3 7002 6997 7003
3 7004 6998 6999
3 7003 6998 7004
3 7005 6999 7000
3 7004 6999 7005
3 7006 7000 7001
3 7005 7000 7006
3 6500 7006 6490
3 6490 7006 7001
3 7007 6504 6505
3 6506 7008 6505
3 6505 7008 7007
3 6508 7008 6506
3 7002 6510 6498
3 6510 7002 6513
3 6513 7002 7003
3 6513 7003 6515
3 6515 7003 7004
3 6515 7004 6517
3 6517 7004 7005
3 6517 7005 6518
3 7005 7009 6518
3 7005 7006 7009
3 6519 7010 6500
3 7010 7006 6500
3 7010 7009 7006
3 6520 7010 6519
3 7011 6524 6525
3 6504 7007 6525
3 7007 7011 6525
3 7007 7012 7011
3 7013 7007 7008
3 7012 7007 7013
3 6527 7013 6508
3 6508 7013 7008
3 7016 7015 7014
3 7018 7017 7014
3 7014 7017 7016
3 7018 7019 7017
3 7009 6529 6518
3 6529 7009 6531
3 6531 7009 7010
3 6531 7010 6520
3 7020 6534 7011
3 7011 6534 6524
3 7021 7011 7012
3 7020 7011 7021
3 7022 7012 7013
3 7021 7012 7022
3 6535 7023 6527
3 7023 7013 6527
3 7023 7022 7013
3 6536 7023 6535
3 7025 7024 6539
3 6539 7024 6538
3 6540 7014 7015
3 7025 6540 7015
3 6539 6540 7025
3 7014 6540 6541
3 7014 6541 7018
3 7027 7026 6543
3 6543 7026 6541
3 7026 7019 6541
3 7019 7018 6541
3 7027 7028 7026
3 7020 6548 6534
3 6548 7020 6550
3 7020 7029 6550
3 7020 7021 7029
3 7030 7021 7022
3 7029 7021 7030
3 7031 7022 7023
3 7030 7022 7031
3 6552 7031 6536
3 6536 7031 7023
3 7024 6553 6538
3 7032 6553 7024
3 6554 7027 6543
3 7034 7033 6555
3 6555 7033 6554
3 7033 7028 6554
3 7028 7027 6554
3 7034 7035 7033
3 7036 6560 7029
3 7029 6560 6550
3 7037 7029 7030
3 7036 7029 7037
3 7038 7030 7031
3 7037 7030 7038
3 6561 7039 6552
3 7039 7031 6552
3 7039 7038 7031
3 6562 7040 6561
3 6561 7040 7039
3 6563 7041 6562
3 6562 7041 7040
3 7042 7041 6563
3 6553 7042 6563
3 7032 7042 6553
3 6564 7034 6555
3 6564 6565 7034
3 6565 7035 7034
3 6565 7043 7035
3 7036 6569 6560
3 6569 7036 6571
3 7036 7044 6571
3 7036 7037 7044
3 7045 7037 7038
3 7044 7037 7045
3 7046 7038 7039
3 7045 7038 7046
3 7047 7039 7040
3 7046 7039 7047
3 7041 7049 7048
3 7047 7041 7048
3 7040 7041 7047
3 7049 7041 7042
3 6565 6572 7050
3 7051 6565 7050
3 7043 6565 7051
3 6573 7050 6572
3 7044 6578 6571
3 6578 7044 6579
3 7044 7052 6579
3 7044 7045 7052
3 7046 7054 7053
3 7052 7046 7053
3 7045 7046 7052
3 7054 7046 7047
3 7054 7047 7055
3 7055 7047 7048
3 7056 7051 7050
3 7050 6573 7056
3 6573 7057 7056
3 6573 6581 7057
3 7052 6586 6579
3 6587 6586 7052
3 7053 6587 7052
3 7058 6587 7053
3 6589 7057 6581
3 6589 7059 7057
3 7058 7060 6587
3 6587 7060 6593
3 7062 7061 6595
3 6593 7062 6595
3 7060 7062 6593
3 7063 7061 7062
3 6599 7059 6589
3 6599 7064 7059
3 7061 6603 6595
3 7063 7065 7061
3 7065 6603 7061
3 7065 6604 6603
3 7065 7067 7066
3 6605 7065 7066
3 6604 7065 6605
3 7066 6606 6605
3 6608 7068 6607
3 7068 7069 6607
3 7069 6599 6607
3 7069 7064 6599
3 7067 7070 7066
3 6606 7066 7070
3 7071 6606 7070
3 6612 6606 7071
3 6614 7072 7068
3 6614 7068 6608
3 7069 7068 7073
3 7073 7068 7072
3 7075 6617 7074
3 6617 7071 7074
3 6617 6612 7071
3 7076 7075 7074
3 6619 7077 7072
3 6619 7072 6614
3 7073 7072 7078
3 7078 7072 7077
3 7079 6623 7075
3 7075 6623 6617
3 7075 7076 7080
3 7075 7080 7079
3 6624 7081 7077
3 6624 7077 6619
3 7078 7077 7082
3 7077 7083 7082
3 7077 7081 7083
3 7083 7084 7082
3 7085 6627 6628
3 6629 7086 6628
3 6628 7086 7085
3 7087 7086 6629
3 7087 6629 6623
3 7088 7087 6623
3 7079 7088 6623
3 7088 7079 7080
3 6630 7081 6624
3 7081 6630 6632
3 7089 7081 6632
3 7083 7081 7089
3 7084 7083 7090
3 7083 7091 7090
3 7083 7089 7091
3 7091 7092 7090
3 7094 7093 7085
3 7093 6627 7085
3 7093 6635 6627
3 7094 7085 7086
3 7094 7086 7095
3 7095 7086 7087
3 6637 7089 6632
3 7089 6637 6639
3 7096 7089 6639
3 7091 7089 7096
3 7092 7091 7097
3 7097 7091 7096
3 7093 6642 6635
3 7098 6642 7093
3 6644 7099 7096
3 6644 7096 6639
3 7097 7096 7100
3 7100 7096 7099
3 7101 6646 6647
3 7102 7101 6647
3 6642 7102 6647
3 7098 7102 6642
3 6649 7103 7099
3 6649 7099 6644
3 7100 7099 7104
3 7104 7099 7103
3 7106 7105 7101
3 7105 6646 7101
3 7105 6651 6646
3 7106 7101 7102
3 6656 7107 7103
3 6656 7103 6649
3 7104 7103 7108
3 7108 7103 7107
3 7105 6658 6651
3 7109 6658 7105
3 6660 7110 6659
3 6659 7110 7111
3 7112 6659 7111
3 6661 6659 7112
3 7112 7114 7113
3 6662 7112 7113
3 6661 7112 6662
3 7115 6663 6662
3 7115 6662 7113
3 7116 6664 6663
3 7116 6663 7115
3 7116 7117 6664
3 6664 7117 6656
3 7117 7118 6656
3 7118 7107 6656
3 7107 7118 7108
3 6665 6658 7119
3 6658 7120 7119
3 6658 7109 7120
3 7119 6666 6665
3 6667 7110 6660
3 7121 7111 7110
3 6667 7121 7110
3 6668 7121 6667
3 6668 7114 7121
3 7114 6668 7113
3 6670 7113 6668
3 7113 6670 7122
3 7123 7122 6670
3 7113 7122 7115
3 7115 7122 7124
3 7115 7124 7116
3 7116 7124 7125
3 7116 7125 7117
3 7120 7126 7119
3 7119 7126 6666
3 7126 6671 6666
3 7126 7127 6671
3 6672 6671 7127
3 6672 7127 7128
3 6670 6673 7129
3 7130 6670 7129
3 7123 6670 7130
3 6674 7129 6673
3 6675 6672 7131
3 6672 7132 7131
3 6672 7128 7132
3 7131 6676 6675
3 7133 7130 7129
3 7129 6674 7133
3 6674 7134 7133
3 6674 6678 7134
3 7131 7132 7135
3 7135 7132 7136
3 7135 6680 6676
3 7135 6676 7131
3 6678 6681 7137
3 7138 6678 7137
3 7134 6678 7138
3 6682 7137 6681
3 7135 7136 6685
3 7136 6684 6685
3 7136 7139 6684
3 7135 6685 6680
3 7142 7141 7140
3 7140 7141 7138
3 7137 7140 7138
3 7143 7140 7137
3 6687 7143 6682
3 6682 7143 7137
3 7139 6689 6684
3 7144 6689 7139
3 7147 7146 7145
3 7145 7146 7142
3 7140 7145 7142
3 7148 7145 7140
3 7149 7140 7143
3 7148 7140 7149
3 6691 7149 6687
3 6687 7149 7143
3 7144 6693 6689
3 7150 6693 7144
3 7153 7152 7151
3 7151 7152 7147
3 7145 7151 7147
3 7154 7151 7145
3 6696 7154 6695
3 7154 7148 6695
3 7154 7145 7148
3 6695 7148 6698
3 6698 7148 7149
3 6698 7149 6691
3 7157 7156 7155
3 7155 7158 7157
3 7150 6701 6693
3 7159 6701 7150
3 7153 7151 7160
3 7153 7160 7161
3 6704 7160 6703
3 7160 7154 6703
3 7160 7151 7154
3 6703 7154 6696
3 7155 7156 7162
3 7162 7156 7163
3 7158 7155 7164
3 7155 7165 7164
3 7155 7162 7165
3 7165 7166 7164
3 6708 6701 7167
3 6701 7168 7167
3 6701 7159 7168
3 7167 6709 6708
3 7169 7161 7160
3 7160 6704 7169
3 6704 7170 7169
3 6704 6711 7170
3 7162 7163 7171
3 7171 7163 7172
3 7162 7173 7165
3 7162 7171 7173
3 7166 7165 7174
3 7165 7175 7174
3 7165 7173 7175
3 7175 7176 7174
3 7168 7177 7167
3 6709 7167 7177
3 7178 6709 7177
3 6716 6709 7178
3 6718 7170 6711
3 6718 7179 7170
3 7172 7180 7171
3 7182 7181 7180
3 7181 7171 7180
3 7181 7173 7171
3 7173 7183 7175
3 7173 7181 7183
3 7176 7175 7184
3 7184 7175 7183
3 6723 6716 7185
3 6716 7186 7185
3 6716 7178 7186
3 7185 6724 6723
3 7187 7179 6718
3 7187 6718 6725
3 6725 6726 7187
3 7187 6726 7188
3 7182 7189 7181
3 7181 7189 7183
3 7183 7189 7190
3 7183 7190 7184
3 7185 7186 7191
3 7191 7186 7192
3 7191 6731 6724
3 7191 6724 7185
3 6733 7188 6726
3 6733 7193 7188
3 7192 7194 7191
3 6731 7191 7194
3 7195 6731 7194
3 6737 6731 7195
3 6739 7197 7196
3 7193 6739 7196
3 6733 6739 7193
3 7197 7198 7196
3 7195 6743 6737
3 7199 6743 7195
3 6744 7197 6739
3 6744 6745 7197
3 6745 7198 7197
3 6745 7200 7198
3 7199 6748 6743
3 7201 6748 7199
3 6750 7200 6745
3 6750 7202 7200
3 7205 7204 7203
3 7207 7206 7203
3 7203 7206 7205
3 7209 7208 7207
3 7207 7208 7206
3 7211 7210 7209
3 7209 7210 7208
3 7211 7212 7210
3 7201 6752 6748
3 7213 6752 7201
3 6754 7202 6750
3 6754 7214 7202
3 7217 7216 7215
3 7217 7215 7204
3 7215 7203 7204
3 7215 7218 7203
3 7203 7219 7207
3 7203 7218 7219
3 7207 7220 7209
3 7207 7219 7220
3 7222 7211 7221
3 7211 7220 7221
3 7211 7209 7220
3 7211 7222 7212
3 7213 6756 6752
3 7223 6756 7213
3 7224 7214 6754
3 7224 6754 6757
3 6757 6758 7224
3 7224 6758 7225
3 7215 7216 7226
3 7226 7216 7227
3 7215 7228 7218
3 7215 7226 7228
3 7228 6760 6761
3 7219 7228 6761
3 7218 7228 7219
3 7219 6761 6762
3 7219 6762 7220
3 6762 6764 7220
3 6764 7229 7220
3 7229 7221 7220
3 6764 7230 7229
3 6766 7230 6764
3 6767 6756 7231
3 6756 7232 7231
3 6756 7223 7232
3 7231 6768 6767
3 7233 7225 6758
3 7233 6758 6769
3 6769 6770 7233
3 7233 6770 7234
3 7237 7236 7235
3 7237 7235 7227
3 7235 7226 7227
3 7235 7238 7226
3 7226 7239 7228
3 7226 7238 7239
3 7239 6772 6760
3 7239 6760 7228
3 7229 7230 7240
3 7229 7240 7241
3 6775 7240 6766
3 6766 7240 7230
3 7232 7242 7231
3 6768 7231 7242
3 7243 6768 7242
3 6776 6768 7243
3 6770 6777 7244
3 7245 6770 7244
3 7234 6770 7245
3 6778 7244 6777
3 7235 7236 7246
3 7246 7236 7247
3 7235 7248 7238
3 7235 7246 7248
3 7248 6780 6781
3 7239 7248 6781
3 7238 7248 7239
3 7239 6781 6772
3 7241 7240 7249
3 7241 7249 7250
3 6785 7249 6775
3 6775 7249 7240
3 7243 7251 6776
3 6776 7251 6786
3 6787 6786 7251
3 6787 7251 7252
3 7245 7244 7253
3 7245 7253 7254
3 6789 7253 6778
3 6778 7253 7244
3 7246 7247 7255
3 7255 7247 7256
3 7246 7257 7248
3 7246 7255 7257
3 7257 6791 6780
3 7257 6780 7248
3 7250 7249 7258
3 7250 7258 7259
3 6795 7258 6785
3 6785 7258 7249
3 7252 6797 6787
3 7260 6797 7252
3 7254 7253 7261
3 7254 7261 7262
3 6799 7261 6789
3 6789 7261 7253
3 7255 7256 7263
3 7263 7256 7264
3 7255 7265 7257
3 7255 7263 7265
3 7265 6801 6791
3 7265 6791 7257
3 7259 7258 7266
3 7259 7266 7267
3 6805 7268 6795
3 7268 7258 6795
3 7268 7266 7258
3 6807 7268 6805
3 7260 6809 6797
3 7269 6809 7260
3 7262 7261 7270
3 7262 7270 7271
3 6811 7270 6799
3 6799 7270 7261
3 7263 7264 7272
3 7272 7264 7273
3 7263 7274 7265
3 7263 7272 7274
3 7274 6813 6801
3 7274 6801 7265
3 7275 7267 7266
3 7277 7276 7275
3 7266 7277 7275
3 7268 7277 7266
3 6816 7277 6807
3 6807 7277 7268
3 7279 7278 6819
3 6819 7278 6818
3 6819 6809 7269
3 6819 7269 7279
3 7282 7281 7280
3 7280 7281 7271
3 7280 7271 7270
3 6822 7280 7270
3 6821 6822 7270
3 6821 7270 6811
3 7272 7273 7283
3 7283 7273 7284
3 7283 6824 6825
3 7274 7283 6825
3 7272 7283 7274
3 7274 6825 6813
3 7276 7277 6827
3 6828 7276 6827
3 7285 7276 6828
3 6827 7277 6816
3 7278 6829 6818
3 7286 6829 7278
3 7289 7288 7287
3 7287 7288 7282
3 7287 7282 7280
3 6832 7287 7280
3 6831 6832 7280
3 6831 7280 6822
3 7283 7284 7290
3 7290 7284 7291
3 7290 6834 6824
3 7290 6824 7283
3 7294 7293 7292
3 7293 7285 7292
3 7285 6836 7292
3 7285 6828 6836
3 7297 7296 7295
3 7286 7297 7295
3 6837 7286 7295
3 6829 7286 6837
3 7289 7287 6839
3 6840 7289 6839
3 7298 7289 6840
3 6839 7287 6832
3 7301 7300 7299
3 7301 7299 7291
3 7291 7299 7290
3 7299 6842 7290
3 6842 6843 7290
3 7290 6843 6834
3 7294 7292 6844
3 6845 7294 6844
3 7302 7294 6845
3 6844 7292 6836
3 7295 7296 6848
3 7296 6847 6848
3 7296 7303 6847
3 7295 6848 6837
3 7306 7305 7304
3 7305 7298 7304
3 7298 6849 7304
3 7298 6840 6849
3 7309 7308 7307
3 7309 7307 7300
3 7300 7307 7299
3 7307 6851 7299
3 6851 6852 7299
3 7299 6852 6842
3 6855 7310 6854
3 7310 7311 6854
3 7311 6845 6854
3 7311 7302 6845
3 7314 7313 7312
3 7303 7314 7312
3 6857 7303 7312
3 6847 7303 6857
3 7306 7304 6859
3 6860 7306 6859
3 7315 7306 6860
3 6859 7304 6849
3 7318 7317 7316
3 7318 7316 7308
3 7308 7316 7307
3 7316 6862 7307
3 6862 6863 7307
3 7307 6863 6851
3 6868 7319 6869
3 7319 7320 6869
3 6869 7320 6855
3 7320 7321 6855
3 7321 7310 6855
3 7310 7321 7311
3 7312 7313 6872
3 7313 6871 6872
3 7313 7322 6871
3 7312 6872 6857
3 6873 7315 6860
3 6873 7323 7315
3 7316 7317 7324
3 7324 7317 7325
3 7324 6875 6862
3 7324 6862 7316
3 7327 7326 6880
3 7327 6880 6879
3 6868 6880 7319
3 6880 7328 7319
3 6880 7326 7328
3 7319 7328 7320
3 7322 6882 6871
3 7329 6882 7322
3 7332 7331 7330
3 7331 7323 7330
3 7323 6883 7330
3 7323 6873 6883
3 7335 7334 7333
3 7335 7333 7325
3 7333 7324 7325
3 7333 7336 7324
3 7336 6885 6875
3 7336 6875 7324
3 6887 7337 6888
3 6888 7337 7338
3 7339 6888 7338
3 6889 6888 7339
3 6879 6889 7327
3 7327 6889 7339
3 7329 6890 6882
3 7340 6890 7329
3 7332 7330 6892
3 6893 7332 6892
3 7341 7332 6893
3 6892 7330 6883
3 7334 7342 7333
3 7344 7343 7342
3 7343 7333 7342
3 7343 7336 7333
3 7336 7343 6885
3 7343 7345 6885
3 7345 6894 6885
3 7343 7346 7345
3 6894 7347 6895
3 7345 7347 6894
3 6887 6895 7337
3 6895 7348 7337
3 6895 7347 7348
3 7337 7348 7338
3 7340 6896 6890
3 7349 6896 7340
3 6898 7341 6893
3 6898 7350 7341
3 7344 7351 7343
3 7343 7351 7346
3 7349 6899 6896
3 7352 6899 7349
3 6900 7350 6898
3 6900 7353 7350
3 7356 7355 7354
3 7352 7356 7354
3 6901 7352 7354
3 6899 7352 6901
3 6902 7353 6900
3 6902 7357 7353
3 7354 7355 7358
3 7358 7355 7359
3 7358 6903 6901
3 7358 6901 7354
3 6905 7357 6902
3 6905 7360 7357
3 7358 7359 6908
3 7359 6907 6908
3 7359 7361 6907
3 7358 6908 6903
3 6905 6909 7362
3 7363 6905 7362
3 7360 6905 7363
3 6911 7362 6909
3 6913 6907 7364
3 6907 7365 7364
3 6907 7361 7365
3 7364 6914 6913
3 7366 7363 7362
3 7368 7366 7367
3 7367 7366 6915
3 7366 7362 6915
3 7362 6911 6915
3 6916 7367 6915
3 7364 7365 6920
3 7365 6919 6920
3 7365 7369 6919
3 7364 6920 6914
3 7368 7367 7370
3 7368 7370 7371
3 6922 7370 6916
3 6916 7370 7367
3 7369 6923 6919
3 7372 6923 7369
3 7371 7370 7373
3 7371 7373 7374
3 6925 7373 6922
3 6922 7373 7370
3 7376 7375 6928
3 6928 7375 6927
3 6928 6923 7372
3 6928 7372 7376
3 7379 7378 7377
3 7377 7378 7374
3 7377 7374 7373
3 6931 7377 7373
3 6930 6931 7373
3 6930 7373 6925
3 7375 6932 6927
3 7380 6932 7375
3 7382 7381 6934
3 7382 6934 6935
3 7377 6936 7379
3 6936 7381 7379
3 6936 6934 7381
3 6936 7377 6931
3 7380 6937 6932
3 7383 6937 7380
3 6938 7382 6935
3 6938 7384 7382
3 7383 7385 6937
3 6937 7385 6939
3 6939 7386 6940
3 7385 7386 6939
3 6940 7387 6941
3 7386 7387 6940
3 6938 6941 7384
3 7384 6941 7387
3 7389 7388 7016
3 7016 7388 7015
3 7390 7016 7017
3 7390 7389 7016
3 7392 7391 7019
3 7391 7017 7019
3 7391 7390 7017
3 7392 7393 7391
3 7394 7024 7025
3 7395 7394 7025
3 7015 7395 7025
3 7388 7395 7015
3 7026 7392 7019
3 7397 7396 7028
3 7028 7396 7026
3 7396 7393 7026
3 7393 7392 7026
3 7397 7398 7396
3 7399 7032 7394
3 7394 7032 7024
3 7394 7395 7400
3 7394 7400 7399
3 7033 7397 7028
3 7033 7035 7397
3 7035 7398 7397
3 7035 7401 7398
3 7402 7042 7399
3 7399 7042 7032
3 7399 7400 7403
3 7399 7403 7402
3 7043 7405 7404
3 7401 7043 7404
3 7035 7043 7401
3 7405 7406 7404
3 7407 7048 7049
3 7042 7402 7049
3 7402 7407 7049
3 7402 7408 7407
3 7402 7403 7409
3 7402 7409 7408
3 7051 7410 7405
3 7051 7405 7043
3 7406 7405 7411
3 7411 7405 7410
3 7412 7053 7054
3 7055 7413 7054
3 7054 7413 7412
3 7048 7407 7055
3 7407 7413 7055
3 7407 7414 7413
3 7415 7407 7408
3 7414 7407 7415
3 7408 7409 7416
3 7408 7416 7415
3 7056 7410 7051
3 7056 7057 7410
3 7057 7411 7410
3 7057 7417 7411
3 7418 7058 7412
3 7412 7058 7053
3 7419 7412 7413
3 7418 7412 7419
3 7420 7413 7414
3 7419 7413 7420
3 7421 7414 7415
3 7420 7414 7421
3 7415 7416 7422
3 7415 7422 7421
3 7059 7424 7423
3 7417 7059 7423
3 7057 7059 7417
3 7424 7425 7423
3 7418 7060 7058
3 7060 7418 7062
3 7062 7418 7419
3 7062 7419 7063
3 7419 7426 7063
3 7419 7420 7426
3 7427 7420 7421
3 7426 7420 7427
3 7421 7422 7428
3 7421 7428 7427
3 7064 7429 7424
3 7064 7424 7059
3 7425 7424 7430
3 7430 7424 7429
3 7426 7065 7063
3 7426 7427 7431
3 7067 7426 7431
3 7432 7067 7431
3 7426 7067 7065
3 7431 7427 7428
3 7069 7433 7429
3 7069 7429 7064
3 7430 7429 7434
3 7429 7435 7434
3 7429 7433 7435
3 7435 7436 7434
3 7432 7437 7067
3 7067 7437 7070
3 7071 7070 7437
3 7071 7437 7438
3 7073 7439 7433
3 7073 7433 7069
3 7433 7440 7435
3 7433 7439 7440
3 7436 7435 7441
3 7441 7435 7440
3 7438 7442 7071
3 7071 7442 7074
3 7076 7074 7442
3 7076 7442 7443
3 7078 7444 7439
3 7078 7439 7073
3 7439 7445 7440
3 7439 7444 7445
3 7441 7440 7446
3 7440 7447 7446
3 7440 7445 7447
3 7447 7448 7446
3 7443 7080 7076
3 7449 7080 7443
3 7082 7444 7078
3 7444 7082 7084
3 7450 7444 7084
3 7445 7444 7450
3 7445 7451 7447
3 7445 7450 7451
3 7448 7447 7452
3 7452 7447 7451
3 7453 7087 7088
3 7454 7453 7088
3 7080 7454 7088
3 7449 7454 7080
3 7090 7450 7084
3 7450 7090 7092
3 7455 7450 7092
3 7451 7450 7455
3 7452 7451 7456
3 7451 7457 7456
3 7451 7455 7457
3 7457 7458 7456
3 7459 7093 7094
3 7459 7094 7460
3 7094 7461 7460
3 7094 7095 7461
3 7095 7087 7453
3 7462 7095 7453
3 7461 7095 7462
3 7462 7453 7454
3 7097 7463 7455
3 7097 7455 7092
3 7455 7464 7457
3 7455 7463 7464
3 7458 7457 7465
3 7465 7457 7464
3 7466 7098 7459
3 7459 7098 7093
3 7459 7460 7467
3 7459 7467 7466
3 7100 7468 7463
3 7100 7463 7097
3 7463 7469 7464
3 7463 7468 7469
3 7465 7464 7470
3 7470 7464 7469
3 7472 7471 7466
3 7471 7098 7466
3 7471 7102 7098
3 7472 7466 7467
3 7104 7473 7468
3 7104 7468 7100
3 7468 7474 7469
3 7468 7473 7474
3 7470 7469 7475
3 7475 7469 7474
3 7476 7105 7106
3 7477 7476 7106
3 7102 7477 7106
3 7471 7477 7102
3 7108 7478 7473
3 7108 7473 7104
3 7480 7474 7479
3 7474 7478 7479
3 7474 7473 7478
3 7474 7480 7475
3 7482 7481 7476
3 7481 7105 7476
3 7481 7109 7105
3 7482 7476 7477
3 7484 7483 7112
3 7484 7112 7111
3 7114 7112 7483
3 7114 7483 7485
3 7117 7486 7118
3 7486 7487 7118
3 7118 7487 7108
3 7487 7488 7108
3 7488 7478 7108
3 7478 7488 7479
3 7481 7120 7109
3 7489 7120 7481
3 7111 7121 7490
3 7491 7111 7490
3 7484 7111 7491
3 7122 7123 7492
3 7490 7492 7123
3 7492 7490 7485
3 7121 7485 7490
3 7485 7121 7114
3 7122 7493 7124
3 7492 7493 7122
3 7124 7494 7125
3 7493 7494 7124
3 7117 7125 7486
3 7125 7495 7486
3 7125 7494 7495
3 7486 7495 7487
3 7489 7496 7120
3 7120 7496 7126
3 7496 7498 7497
3 7127 7496 7497
3 7126 7496 7127
3 7497 7128 7127
3 7499 7491 7490
3 7490 7123 7499
3 7123 7500 7499
3 7123 7130 7500
3 7497 7498 7501
3 7501 7498 7502
3 7501 7132 7128
3 7501 7128 7497
3 7130 7133 7503
3 7504 7130 7503
3 7500 7130 7504
3 7134 7503 7133
3 7502 7505 7501
3 7132 7501 7505
3 7506 7132 7505
3 7136 7132 7506
3 7509 7508 7507
3 7507 7508 7504
3 7503 7507 7504
3 7510 7507 7503
3 7138 7510 7134
3 7134 7510 7503
3 7506 7139 7136
3 7511 7139 7506
3 7514 7513 7512
3 7512 7513 7509
3 7507 7512 7509
3 7515 7512 7507
3 7142 7515 7141
3 7515 7510 7141
3 7515 7507 7510
3 7141 7510 7138
3 7511 7144 7139
3 7516 7144 7511
3 7514 7512 7517
3 7514 7517 7518
3 7147 7517 7146
3 7517 7515 7146
3 7517 7512 7515
3 7146 7515 7142
3 7521 7520 7519
3 7523 7522 7519
3 7519 7522 7521
3 7525 7524 7523
3 7523 7524 7522
3 7525 7526 7524
3 7516 7150 7144
3 7527 7150 7516
3 7518 7517 7152
3 7153 7518 7152
3 7528 7518 7153
3 7152 7517 7147
3 7531 7530 7529
3 7531 7529 7520
3 7529 7519 7520
3 7529 7532 7519
3 7532 7156 7157
3 7523 7532 7157
3 7519 7532 7523
3 7523 7157 7158
3 7533 7523 7158
3 7525 7523 7533
3 7526 7525 7534
3 7525 7535 7534
3 7525 7533 7535
3 7535 7536 7534
3 7527 7159 7150
3 7537 7159 7527
3 7161 7528 7153
3 7161 7538 7528
3 7529 7530 7539
3 7539 7530 7540
3 7529 7541 7532
3 7529 7539 7541
3 7541 7163 7156
3 7541 7156 7532
3 7164 7533 7158
3 7533 7164 7166
3 7542 7533 7166
3 7535 7533 7542
3 7536 7535 7543
3 7543 7535 7542
3 7537 7168 7159
3 7544 7168 7537
3 7545 7538 7161
3 7545 7161 7169
3 7169 7170 7545
3 7545 7170 7546
3 7539 7540 7547
3 7547 7540 7548
3 7539 7549 7541
3 7539 7547 7549
3 7549 7172 7163
3 7549 7163 7541
3 7174 7542 7166
3 7551 7550 7176
3 7176 7550 7174
3 7550 7543 7174
3 7543 7542 7174
3 7551 7552 7550
3 7177 7168 7553
3 7168 7554 7553
3 7168 7544 7554
3 7553 7178 7177
3 7179 7556 7555
3 7546 7179 7555
3 7170 7179 7546
3 7558 7557 7556
3 7556 7557 7555
3 7557 7558 7548
3 7558 7547 7548
3 7558 7559 7547
3 7547 7560 7549
3 7547 7559 7560
3 7561 7180 7172
3 7549 7561 7172
3 7560 7561 7549
3 7561 7182 7180
3 7184 7562 7551
3 7184 7551 7176
3 7552 7551 7563
3 7551 7564 7563
3 7551 7562 7564
3 7564 7565 7563
3 7554 7566 7553
3 7178 7553 7566
3 7567 7178 7566
3 7186 7178 7567
3 7187 7556 7179
3 7556 7187 7188
3 7568 7556 7188
3 7558 7556 7568
3 7558 7569 7559
3 7558 7568 7569
3 7559 7570 7560
3 7559 7569 7570
3 7560 7571 7561
3 7560 7570 7571
3 7572 7189 7182
3 7561 7572 7182
3 7571 7572 7561
3 7573 7190 7189
3 7573 7189 7572
3 7562 7184 7190
3 7573 7562 7190
3 7574 7562 7573
3 7562 7575 7564
3 7562 7574 7575
3 7565 7564 7576
3 7564 7577 7576
3 7564 7575 7577
3 7577 7578 7576
3 7567 7192 7186
3 7579 7192 7567
3 7193 7580 7568
3 7193 7568 7188
3 7568 7581 7569
3 7568 7580 7581
3 7569 7582 7570
3 7569 7581 7582
3 7570 7583 7571
3 7570 7582 7583
3 7571 7584 7572
3 7571 7583 7584
3 7572 7585 7573
3 7572 7584 7585
3 7573 7586 7574
3 7573 7585 7586
3 7574 7587 7575
3 7574 7586 7587
3 7575 7588 7577
3 7575 7587 7588
3 7578 7577 7589
3 7589 7577 7588
3 7579 7590 7192
3 7192 7590 7194
3 7195 7194 7590
3 7195 7590 7591
3 7196 7580 7193
3 7580 7196 7198
3 7592 7580 7198
3 7581 7580 7592
3 7594 7582 7593
3 7582 7592 7593
3 7582 7581 7592
3 7582 7594 7583
3 7583 7594 7595
3 7583 7595 7584
3 7584 7595 7596
3 7584 7596 7585
3 7585 7596 7597
3 7599 7598 7597
3 7598 7585 7597
3 7598 7586 7585
3 7586 7600 7587
3 7586 7598 7600
3 7587 7601 7588
3 7587 7600 7601
3 7589 7588 7602
3 7588 7603 7602
3 7588 7601 7603
3 7603 7604 7602
3 7591 7199 7195
3 7605 7199 7591
3 7607 7606 7592
3 7198 7607 7592
3 7200 7607 7198
3 7592 7606 7593
3 7599 7608 7598
3 7610 7609 7608
3 7609 7598 7608
3 7609 7600 7598
3 7600 7611 7601
3 7600 7609 7611
3 7601 7612 7603
3 7601 7611 7612
3 7604 7603 7613
3 7613 7603 7612
3 7605 7201 7199
3 7614 7201 7605
3 7202 7607 7200
3 7202 7615 7607
3 7609 7610 7616
3 7616 7610 7617
3 7616 7204 7205
3 7611 7616 7205
3 7609 7616 7611
3 7611 7205 7206
3 7611 7206 7612
3 7206 7208 7612
3 7208 7618 7612
3 7618 7613 7612
3 7208 7619 7618
3 7210 7620 7208
3 7208 7620 7619
3 7212 7620 7210
3 7614 7213 7201
3 7621 7213 7614
3 7214 7615 7202
3 7214 7622 7615
3 7625 7624 7623
3 7625 7623 7617
3 7617 7623 7616
3 7623 7216 7616
3 7216 7217 7616
3 7616 7217 7204
3 7618 7619 7626
3 7618 7626 7627
3 7221 7626 7222
3 7626 7620 7222
3 7626 7619 7620
3 7222 7620 7212
3 7630 7629 7628
3 7621 7630 7628
3 7223 7621 7628
3 7213 7621 7223
3 7631 7622 7214
3 7631 7214 7224
3 7224 7225 7631
3 7631 7225 7632
3 7635 7634 7633
3 7635 7633 7624
3 7633 7623 7624
3 7633 7636 7623
3 7636 7227 7216
3 7636 7216 7623
3 7627 7626 7637
3 7627 7637 7638
3 7229 7637 7221
3 7221 7637 7626
3 7629 7639 7628
3 7223 7628 7639
3 7640 7223 7639
3 7232 7223 7640
3 7225 7233 7641
3 7642 7225 7641
3 7632 7225 7642
3 7234 7641 7233
3 7633 7634 7643
3 7643 7634 7644
3 7643 7236 7237
3 7636 7643 7237
3 7633 7643 7636
3 7636 7237 7227
3 7638 7637 7645
3 7638 7645 7646
3 7241 7645 7229
3 7229 7645 7637
3 7242 7232 7647
3 7232 7648 7647
3 7232 7640 7648
3 7647 7243 7242
3 7649 7642 7641
3 7641 7234 7649
3 7234 7650 7649
3 7234 7245 7650
3 7643 7644 7651
3 7651 7644 7652
3 7651 7247 7236
3 7651 7236 7643
3 7646 7645 7653
3 7646 7653 7654
3 7250 7653 7241
3 7241 7653 7645
3 7648 7655 7647
3 7655 7657 7656
3 7655 7656 7251
3 7647 7655 7251
3 7243 7647 7251
3 7656 7252 7251
3 7660 7659 7658
3 7659 7650 7658
3 7650 7254 7658
3 7650 7245 7254
3 7651 7652 7661
3 7661 7652 7662
3 7661 7256 7247
3 7661 7247 7651
3 7654 7653 7663
3 7654 7663 7664
3 7259 7663 7250
3 7250 7663 7653
3 7657 7665 7656
3 7252 7656 7665
3 7666 7252 7665
3 7260 7252 7666
3 7660 7658 7667
3 7660 7667 7668
3 7262 7667 7254
3 7254 7667 7658
3 7661 7662 7669
3 7669 7662 7670
3 7669 7264 7256
3 7669 7256 7661
3 7673 7672 7671
3 7671 7672 7664
3 7663 7671 7664
3 7674 7671 7663
3 7267 7674 7259
3 7259 7674 7663
3 7677 7676 7675
3 7666 7677 7675
3 7269 7666 7675
3 7260 7666 7269
3 7680 7679 7678
3 7678 7679 7668
3 7667 7678 7668
3 7681 7678 7667
3 7271 7681 7262
3 7262 7681 7667
3 7669 7670 7682
3 7682 7670 7683
3 7682 7273 7264
3 7682 7264 7669
3 7673 7671 7684
3 7673 7684 7685
3 7686 7671 7674
3 7684 7671 7686
3 7275 7687 7267
3 7687 7674 7267
3 7687 7686 7674
3 7276 7687 7275
3 7675 7676 7279
3 7676 7278 7279
3 7676 7688 7278
3 7675 7279 7269
3 7680 7678 7689
3 7680 7689 7690
3 7282 7689 7281
3 7689 7681 7281
3 7689 7678 7681
3 7281 7681 7271
3 7693 7692 7691
3 7693 7691 7683
3 7691 7682 7683
3 7691 7694 7682
3 7694 7284 7273
3 7694 7273 7682
3 7697 7696 7695
3 7685 7684 7698
3 7696 7699 7695
3 7698 7684 7686
3 7698 7686 7700
3 7702 7701 7700
3 7686 7702 7700
3 7687 7702 7686
3 7285 7702 7276
3 7276 7702 7687
3 7705 7704 7703
3 7688 7705 7703
3 7286 7688 7703
3 7278 7688 7286
3 7690 7689 7288
3 7289 7690 7288
3 7706 7690 7289
3 7288 7689 7282
3 7691 7692 7707
3 7707 7692 7708
3 7691 7709 7694
3 7691 7707 7709
3 7709 7291 7284
3 7709 7284 7694
3 7697 7695 7710
3 7697 7710 7711
3 7695 7699 7712
3 7695 7712 7710
3 7701 7702 7293
3 7294 7701 7293
3 7713 7701 7294
3 7293 7702 7285
3 7703 7704 7297
3 7704 7296 7297
3 7704 7714 7296
3 7703 7297 7286
3 7717 7716 7715
3 7716 7706 7715
3 7706 7298 7715
3 7706 7289 7298
3 7707 7708 7718
3 7718 7708 7719
3 7718 7300 7301
3 7709 7718 7301
3 7707 7718 7709
3 7709 7301 7291
3 7720 7711 7710
3 7720 7710 7712
3 7723 7722 7721
3 7722 7713 7721
3 7713 7302 7721
3 7713 7294 7302
3 7726 7725 7724
3 7714 7726 7724
3 7303 7714 7724
3 7296 7714 7303
3 7717 7715 7305
3 7306 7717 7305
3 7727 7717 7306
3 7305 7715 7298
3 7730 7729 7728
3 7730 7728 7719
3 7719 7728 7718
3 7728 7308 7718
3 7308 7309 7718
3 7718 7309 7300
3 7723 7721 7731
3 7723 7731 7732
3 7311 7731 7302
3 7302 7731 7721
3 7724 7725 7314
3 7725 7313 7314
3 7725 7733 7313
3 7724 7314 7303
3 7736 7735 7734
3 7735 7727 7734
3 7727 7315 7734
3 7727 7306 7315
3 7739 7738 7737
3 7739 7737 7729
3 7729 7737 7728
3 7737 7317 7728
3 7317 7318 7728
3 7728 7318 7308
3 7742 7741 7740
3 7740 7741 7732
3 7740 7732 7731
3 7320 7740 7731
3 7321 7320 7731
3 7321 7731 7311
3 7733 7322 7313
3 7743 7322 7733
3 7736 7734 7744
3 7736 7744 7745
3 7323 7744 7315
3 7315 7744 7734
3 7737 7738 7746
3 7746 7738 7747
3 7746 7325 7317
3 7746 7317 7737
3 7749 7748 7326
3 7749 7326 7327
3 7740 7328 7742
3 7328 7748 7742
3 7328 7326 7748
3 7328 7740 7320
3 7743 7329 7322
3 7750 7329 7743
3 7745 7744 7331
3 7332 7745 7331
3 7751 7745 7332
3 7331 7744 7323
3 7746 7747 7335
3 7747 7334 7335
3 7747 7752 7334
3 7746 7335 7325
3 7754 7753 7339
3 7754 7339 7338
3 7327 7339 7749
3 7749 7339 7753
3 7750 7340 7329
3 7755 7340 7750
3 7341 7757 7756
3 7751 7341 7756
3 7332 7341 7751
3 7757 7758 7756
3 7342 7334 7759
3 7334 7760 7759
3 7334 7752 7760
3 7759 7344 7342
3 7346 7761 7345
3 7345 7761 7762
3 7763 7345 7762
3 7347 7345 7763
3 7347 7764 7348
3 7763 7764 7347
3 7338 7348 7754
3 7754 7348 7764
3 7755 7349 7340
3 7765 7349 7755
3 7350 7766 7757
3 7350 7757 7341
3 7758 7757 7767
3 7767 7757 7766
3 7760 7768 7759
3 7759 7768 7344
3 7768 7351 7344
3 7768 7769 7351
3 7346 7351 7761
3 7351 7770 7761
3 7351 7769 7770
3 7761 7770 7762
3 7765 7352 7349
3 7771 7352 7765
3 7353 7772 7766
3 7353 7766 7350
3 7767 7766 7773
3 7773 7766 7772
3 7775 7774 7356
3 7356 7774 7355
3 7356 7352 7771
3 7356 7771 7775
3 7777 7776 7772
3 7353 7777 7772
3 7357 7777 7353
3 7772 7776 7773
3 7774 7359 7355
3 7778 7359 7774
3 7360 7777 7357
3 7360 7779 7777
3 7778 7361 7359
3 7780 7361 7778
3 7363 7779 7360
3 7363 7781 7779
3 7780 7365 7361
3 7782 7365 7780
3 7363 7366 7783
3 7784 7363 7783
3 7781 7363 7784
3 7368 7783 7366
3 7782 7369 7365
3 7785 7369 7782
3 7784 7783 7786
3 7784 7786 7787
3 7371 7786 7368
3 7368 7786 7783
3 7790 7789 7788
3 7785 7790 7788
3 7372 7785 7788
3 7369 7785 7372
3 7787 7786 7791
3 7787 7791 7792
3 7374 7791 7371
3 7371 7791 7786
3 7788 7789 7376
3 7789 7375 7376
3 7789 7793 7375
3 7788 7376 7372
3 7792 7791 7378
3 7379 7792 7378
3 7794 7792 7379
3 7378 7791 7374
3 7793 7380 7375
3 7795 7380 7793
3 7797 7796 7381
3 7797 7381 7382
3 7379 7381 7794
3 7794 7381 7796
3 7795 7383 7380
3 7798 7383 7795
3 7384 7797 7382
3 7384 7799 7797
3 7798 7800 7383
3 7383 7800 7385
3 7385 7801 7386
3 7800 7801 7385
3 7386 7802 7387
3 7801 7802 7386
3 7384 7387 7799
3 7799 7387 7802
3 7803 7388 7389
3 7803 7389 7804
3 7389 7805 7804
3 7389 7390 7805
3 7806 7390 7391
3 7806 7805 7390
3 7391 7393 7806
3 7806 7393 7807
3 7808 7395 7803
3 7803 7395 7388
3 7803 7804 7809
3 7803 7809 7808
3 7810 7807 7393
3 7810 7393 7396
3 7396 7398 7810
3 7810 7398 7811
3 7812 7400 7808
3 7808 7400 7395
3 7808 7809 7813
3 7808 7813 7812
3 7401 7815 7814
3 7811 7401 7814
3 7398 7401 7811
3 7815 7816 7814
3 7817 7403 7812
3 7812 7403 7400
3 7812 7813 7818
3 7812 7818 7817
3 7404 7815 7401
3 7820 7819 7406
3 7406 7819 7404
3 7819 7816 7404
3 7816 7815 7404
3 7820 7821 7819
3 7822 7409 7817
3 7817 7409 7403
3 7817 7818 7823
3 7817 7823 7822
3 7411 7824 7820
3 7411 7820 7406
3 7821 7820 7825
3 7820 7826 7825
3 7820 7824 7826
3 7826 7827 7825
3 7828 7416 7822
3 7822 7416 7409
3 7822 7823 7829
3 7830 7822 7829
3 7828 7822 7830
3 7831 7830 7829
3 7417 7832 7824
3 7417 7824 7411
3 7824 7833 7826
3 7824 7832 7833
3 7827 7826 7834
3 7834 7826 7833
3 7835 7422 7828
3 7828 7422 7416
3 7836 7828 7830
3 7835 7828 7836
3 7830 7831 7837
3 7830 7837 7836
3 7423 7832 7417
3 7832 7423 7425
3 7838 7832 7425
3 7833 7832 7838
3 7834 7833 7839
3 7833 7840 7839
3 7833 7838 7840
3 7840 7841 7839
3 7842 7428 7835
3 7835 7428 7422
3 7836 7844 7843
3 7842 7836 7843
3 7835 7836 7842
3 7844 7836 7837
3 7430 7845 7838
3 7430 7838 7425
3 7838 7846 7840
3 7838 7845 7846
3 7841 7840 7847
3 7847 7840 7846
3 7848 7432 7431
3 7428 7842 7431
3 7842 7848 7431
3 7842 7849 7848
3 7842 7843 7850
3 7842 7850 7849
3 7434 7845 7430
3 7845 7434 7436
3 7851 7845 7436
3 7846 7845 7851
3 7847 7846 7852
3 7846 7853 7852
3 7846 7851 7853
3 7853 7854 7852
3 7848 7437 7432
3 7437 7848 7438
3 7848 7855 7438
3 7848 7849 7855
3 7849 7850 7856
3 7849 7856 7855
3 7441 7857 7851
3 7441 7851 7436
3 7851 7858 7853
3 7851 7857 7858
3 7854 7853 7859
3 7859 7853 7858
3 7855 7442 7438
3 7861 7860 7443
3 7861 7443 7442
3 7856 7861 7442
3 7855 7856 7442
3 7862 7860 7861
3 7446 7857 7441
3 7857 7446 7448
3 7863 7857 7448
3 7858 7857 7863
3 7859 7858 7864
3 7858 7865 7864
3 7858 7863 7865
3 7865 7866 7864
3 7867 7449 7860
3 7860 7449 7443
3 7860 7862 7868
3 7860 7868 7867
3 7452 7869 7863
3 7452 7863 7448
3 7863 7870 7865
3 7863 7869 7870
3 7866 7865 7871
3 7871 7865 7870
3 7873 7872 7867
3 7872 7449 7867
3 7872 7454 7449
3 7873 7867 7868
3 7456 7869 7452
3 7869 7456 7458
3 7874 7869 7458
3 7870 7869 7874
3 7871 7870 7875
3 7875 7870 7874
3 7876 7460 7461
3 7876 7461 7877
3 7461 7878 7877
3 7461 7462 7878
3 7462 7454 7872
3 7462 7872 7878
3 7465 7879 7874
3 7465 7874 7458
3 7875 7874 7880
3 7874 7881 7880
3 7874 7879 7881
3 7881 7882 7880
3 7884 7883 7876
3 7883 7460 7876
3 7883 7467 7460
3 7884 7876 7877
3 7470 7885 7879
3 7470 7879 7465
3 7879 7886 7881
3 7879 7885 7886
3 7882 7881 7887
3 7887 7881 7886
3 7888 7471 7472
3 7889 7888 7472
3 7467 7889 7472
3 7883 7889 7467
3 7475 7890 7885
3 7475 7885 7470
3 7885 7891 7886
3 7885 7890 7891
3 7887 7886 7892
3 7892 7886 7891
3 7894 7893 7888
3 7893 7471 7888
3 7893 7477 7471
3 7894 7888 7889
3 7479 7895 7480
3 7890 7475 7480
3 7895 7890 7480
3 7896 7890 7895
3 7890 7897 7891
3 7890 7896 7897
3 7892 7891 7898
3 7898 7891 7897
3 7899 7481 7482
3 7900 7899 7482
3 7477 7900 7482
3 7893 7900 7477
3 7902 7901 7483
3 7902 7483 7484
3 7904 7903 7485
3 7483 7904 7485
3 7901 7904 7483
3 7905 7903 7904
3 7487 7906 7488
3 7895 7479 7488
3 7906 7895 7488
3 7907 7895 7906
3 7895 7908 7896
3 7895 7907 7908
3 7896 7909 7897
3 7896 7908 7909
3 7898 7897 7910
3 7910 7897 7909
3 7912 7911 7899
3 7911 7481 7899
3 7911 7489 7481
3 7912 7899 7900
3 7491 7902 7484
3 7491 7913 7902
3 7903 7492 7485
3 7905 7914 7903
3 7914 7492 7903
3 7914 7493 7492
3 7493 7915 7494
3 7914 7915 7493
3 7494 7916 7495
3 7915 7916 7494
3 7487 7495 7906
3 7495 7917 7906
3 7495 7916 7917
3 7906 7917 7907
3 7907 7917 7918
3 7920 7919 7918
3 7919 7907 7918
3 7919 7908 7907
3 7908 7921 7909
3 7908 7919 7921
3 7910 7909 7922
3 7922 7909 7921
3 7496 7489 7923
3 7489 7924 7923
3 7489 7911 7924
3 7923 7498 7496
3 7491 7499 7925
3 7926 7491 7925
3 7913 7491 7926
3 7500 7925 7499
3 7920 7927 7919
3 7919 7927 7921
3 7921 7927 7928
3 7921 7928 7922
3 7924 7929 7923
3 7498 7923 7929
3 7930 7498 7929
3 7502 7498 7930
3 7926 7925 7931
3 7926 7931 7932
3 7504 7931 7500
3 7500 7931 7925
3 7505 7502 7933
3 7502 7934 7933
3 7502 7930 7934
3 7933 7506 7505
3 7937 7936 7935
3 7935 7936 7932
3 7935 7932 7931
3 7509 7935 7931
3 7508 7509 7931
3 7508 7931 7504
3 7934 7938 7933
3 7506 7933 7938
3 7939 7506 7938
3 7511 7506 7939
3 7937 7935 7513
3 7514 7937 7513
3 7940 7937 7514
3 7513 7935 7509
3 7943 7942 7941
3 7945 7944 7941
3 7941 7944 7943
3 7947 7946 7945
3 7945 7946 7944
3 7947 7948 7946
3 7939 7516 7511
3 7949 7516 7939
3 7518 7940 7514
3 7518 7950 7940
3 7953 7952 7951
3 7953 7951 7942
3 7951 7941 7942
3 7951 7954 7941
3 7954 7520 7521
3 7945 7954 7521
3 7941 7954 7945
3 7945 7521 7522
3 7945 7522 7947
3 7955 7948 7947
3 7522 7955 7947
3 7524 7955 7522
3 7524 7526 7955
3 7955 7526 7956
3 7949 7527 7516
3 7957 7527 7949
3 7528 7950 7518
3 7528 7958 7950
3 7951 7952 7959
3 7959 7952 7960
3 7959 7530 7531
3 7954 7959 7531
3 7951 7959 7954
3 7954 7531 7520
3 7961 7956 7526
3 7961 7526 7534
3 7534 7536 7961
3 7961 7536 7962
3 7957 7537 7527
3 7963 7537 7957
3 7538 7965 7964
3 7958 7538 7964
3 7528 7538 7958
3 7967 7966 7965
3 7965 7966 7964
3 7966 7967 7960
3 7967 7959 7960
3 7967 7968 7959
3 7968 7540 7530
3 7968 7530 7959
3 7543 7970 7969
3 7962 7543 7969
3 7536 7543 7962
3 7970 7971 7969
3 7974 7973 7972
3 7963 7974 7972
3 7544 7963 7972
3 7537 7963 7544
3 7545 7965 7538
3 7965 7545 7546
3 7975 7965 7546
3 7967 7965 7975
3 7967 7976 7968
3 7967 7975 7976
3 7976 7548 7540
3 7976 7540 7968
3 7550 7970 7543
3 7978 7977 7552
3 7552 7977 7550
3 7977 7971 7550
3 7971 7970 7550
3 7978 7979 7977
3 7973 7980 7972
3 7544 7972 7980
3 7981 7544 7980
3 7554 7544 7981
3 7555 7975 7546
3 7975 7555 7557
3 7975 7557 7976
3 7976 7557 7548
3 7563 7978 7552
3 7983 7982 7565
3 7565 7982 7563
3 7982 7979 7563
3 7979 7978 7563
3 7983 7984 7982
3 7566 7554 7985
3 7554 7986 7985
3 7554 7981 7986
3 7985 7567 7566
3 7576 7983 7565
3 7988 7987 7578
3 7578 7987 7576
3 7987 7984 7576
3 7984 7983 7576
3 7988 7989 7987
3 7986 7990 7985
3 7579 7567 7985
3 7991 7579 7985
3 7990 7991 7985
3 7579 7991 7992
3 7993 7992 7991
3 7589 7994 7988
3 7589 7988 7578
3 7989 7988 7995
3 7995 7988 7994
3 7992 7590 7579
3 7591 7590 7992
3 7993 7591 7992
3 7996 7591 7993
3 7593 7997 7594
3 7998 7595 7594
3 7998 7594 7997
3 7999 7596 7595
3 7999 7595 7998
3 8000 7597 7596
3 8000 7596 7999
3 8000 7599 7597
3 7994 7589 7602
3 8003 8002 8001
3 8002 8003 7604
3 8003 7995 7604
3 7994 7602 7604
3 7994 7604 7995
3 7996 7605 7591
3 8004 7605 7996
3 7607 8005 7606
3 7997 7593 7606
3 8005 7997 7606
3 8006 7997 8005
3 8008 7998 8007
3 7998 8006 8007
3 7998 7997 8006
3 7998 8008 7999
3 7999 8008 8009
3 8011 8010 8009
3 8010 7999 8009
3 8010 8000 7999
3 8012 7608 7599
3 8000 8012 7599
3 8010 8012 8000
3 8012 7610 7608
3 8001 8002 8013
3 8001 8013 8014
3 7613 8013 7604
3 7604 8013 8002
3 8017 8016 8015
3 8004 8017 8015
3 7614 8004 8015
3 7605 8004 7614
3 8019 8018 8005
3 7607 8019 8005
3 7615 8019 7607
3 8005 8018 8006
3 8006 8018 8020
3 8006 8020 8007
3 8010 8011 8021
3 8021 8011 8022
3 8010 8023 8012
3 8010 8021 8023
3 8023 7617 7610
3 8023 7610 8012
3 8014 8013 8024
3 8014 8024 8025
3 7618 8024 7613
3 7613 8024 8013
3 8015 8016 8026
3 8026 8016 8027
3 8026 7621 7614
3 8026 7614 8015
3 7622 8019 7615
3 7622 8028 8019
3 8031 8030 8029
3 8031 8029 8022
3 8029 8021 8022
3 8029 8032 8021
3 8032 7624 7625
3 8023 8032 7625
3 8021 8032 8023
3 8023 7625 7617
3 8025 8024 8033
3 8025 8033 8034
3 7627 8033 7618
3 7618 8033 8024
3 8026 8027 7630
3 8027 7629 7630
3 8027 8035 7629
3 8026 7630 7621
3 7622 7631 8036
3 8037 7622 8036
3 8028 7622 8037
3 7632 8036 7631
3 8029 8030 8038
3 8038 8030 8039
3 8038 7634 7635
3 8032 8038 7635
3 8029 8038 8032
3 8032 7635 7624
3 8034 8033 8040
3 8034 8040 8041
3 7638 8040 7627
3 7627 8040 8033
3 7639 7629 8042
3 7629 8043 8042
3 7629 8035 8043
3 8042 7640 7639
3 8037 8036 8044
3 8037 8044 8045
3 7642 8044 7632
3 7632 8044 8036
3 8038 8039 8046
3 8046 8039 8047
3 8046 7644 7634
3 8046 7634 8038
3 8050 8049 8048
3 8048 8049 8041
3 8040 8048 8041
3 8051 8048 8040
3 7646 8051 7638
3 7638 8051 8040
3 8043 8052 8042
3 7640 8042 8052
3 8053 7640 8052
3 7648 7640 8053
3 8054 8045 8044
3 8056 8054 8055
3 8055 8054 7649
3 8054 8044 7649
3 8044 7642 7649
3 7650 8055 7649
3 8046 8047 8057
3 8057 8047 8058
3 8057 7652 7644
3 8057 7644 8046
3 8050 8048 8059
3 8050 8059 8060
3 8061 8048 8051
3 8059 8048 8061
3 7654 8061 7646
3 7646 8061 8051
3 8053 8062 7648
3 7648 8062 7655
3 7657 7655 8062
3 7657 8062 8063
3 8066 8065 8064
3 8064 8065 8056
3 8064 8056 8055
3 7660 8064 8055
3 7659 7660 8055
3 7659 8055 7650
3 8057 8058 8067
3 8067 8058 8068
3 8067 7662 7652
3 8067 7652 8057
3 8060 8059 8069
3 8060 8069 8070
3 8071 8059 8061
3 8069 8059 8071
3 7664 8071 7654
3 7654 8071 8061
3 7665 7657 8072
3 7657 8073 8072
3 7657 8063 8073
3 8072 7666 7665
3 8066 8064 8074
3 8066 8074 8075
3 7668 8074 7660
3 7660 8074 8064
3 8067 8068 8076
3 8076 8068 8077
3 8076 7670 7662
3 8076 7662 8067
3 8070 8069 8078
3 8070 8078 8079
3 7673 8078 7672
3 8078 8071 7672
3 8078 8069 8071
3 7672 8071 7664
3 8072 8073 7677
3 8073 7676 7677
3 8073 8080 7676
3 7666 8072 7677
3 8083 8082 8081
3 8082 8083 8075
3 8082 8075 8074
3 7680 8082 8074
3 7679 7680 8074
3 7679 8074 7668
3 8086 8085 8084
3 8086 8084 8077
3 8084 8076 8077
3 8084 8087 8076
3 8087 7683 7670
3 8087 7670 8076
3 8079 8078 8088
3 8079 8088 8089
3 7685 8088 7673
3 7673 8088 8078
3 8092 8091 8090
3 8080 8092 8090
3 7688 8080 8090
3 7676 8080 7688
3 8081 8082 8093
3 8081 8093 8094
3 7690 8093 7680
3 7680 8093 8082
3 8084 8085 8095
3 8095 8085 8096
3 8095 7692 7693
3 8087 8095 7693
3 8084 8095 8087
3 8087 7693 7683
3 8099 8098 8097
3 8097 8098 8089
3 8097 8089 8088
3 7697 8097 8088
3 7696 7697 8088
3 7699 7696 8100
3 7696 8088 8100
3 7685 7698 8100
3 7685 8100 8088
3 7700 8101 7698
3 7698 8101 8100
3 7701 8101 7700
3 8090 8091 7705
3 8091 7704 7705
3 8091 8102 7704
3 8090 7705 7688
3 8094 8093 8103
3 8094 8103 8104
3 7706 8103 7690
3 7690 8103 8093
3 8095 8096 8105
3 8105 8096 8106
3 8105 7708 7692
3 8105 7692 8095
3 8099 8097 8107
3 8099 8107 8108
3 7711 8107 7697
3 7697 8107 8097
3 8109 7712 8100
3 8100 7712 7699
3 8110 8100 8101
3 8109 8100 8110
3 7713 8110 7701
3 7701 8110 8101
3 8113 8112 8111
3 8102 8113 8111
3 7714 8102 8111
3 7704 8102 7714
3 8104 8103 7716
3 7717 8104 7716
3 8114 8104 7717
3 7716 8103 7706
3 8105 8106 8115
3 8115 8106 8116
3 8115 7719 7708
3 8115 7708 8105
3 8119 8118 8117
3 8117 8118 8108
3 8107 8117 8108
3 8120 8117 8107
3 8120 8107 7711
3 8121 8120 7711
3 7720 8121 7711
3 8122 8120 8121
3 7720 7712 8109
3 8123 7720 8109
3 8121 7720 8123
3 7723 8124 7722
3 8124 8109 7722
3 8109 8110 7722
3 8124 8123 8109
3 7722 8110 7713
3 8111 8112 7726
3 8112 7725 7726
3 8112 8125 7725
3 8111 7726 7714
3 8128 8127 8126
3 8127 8114 8126
3 8114 7727 8126
3 8114 7717 7727
3 8131 8130 8129
3 8131 8129 8116
3 8116 8129 8115
3 8129 7729 8115
3 7729 7730 8115
3 8115 7730 7719
3 8134 8133 8132
3 8132 8133 8119
3 8117 8132 8119
3 8135 8132 8117
3 8120 8137 8136
3 8135 8120 8136
3 8117 8120 8135
3 8137 8120 8122
3 8140 8139 8138
3 8139 8124 8138
3 8124 7732 8138
3 8124 7723 7732
3 8125 7733 7725
3 8141 7733 8125
3 8128 8126 7735
3 7736 8128 7735
3 8142 8128 7736
3 7735 8126 7727
3 8145 8144 8143
3 8145 8143 8130
3 8130 8143 8129
3 8143 7738 8129
3 7738 7739 8129
3 8129 7739 7729
3 8148 8147 8146
3 8146 8147 8134
3 8132 8146 8134
3 8149 8146 8132
3 8135 8151 8150
3 8149 8135 8150
3 8132 8135 8149
3 8151 8135 8136
3 8140 8138 7741
3 7742 8140 7741
3 8152 8140 7742
3 7741 8138 7732
3 8141 7743 7733
3 8153 7743 8141
3 7745 8142 7736
3 7745 8154 8142
3 8143 8144 8155
3 8155 8144 8156
3 8155 7747 7738
3 8155 7738 8143
3 8157 8148 8146
3 8157 8146 8149
3 8157 8149 8158
3 8158 8149 8150
3 8160 8159 7748
3 8160 7748 7749
3 7742 7748 8152
3 8152 7748 8159
3 8153 7750 7743
3 8161 7750 8153
3 7751 8163 8162
3 8154 7751 8162
3 7745 7751 8154
3 8165 8164 8163
3 8163 8164 8162
3 8164 8165 8156
3 8165 8155 8156
3 8165 8166 8155
3 8166 7752 7747
3 8166 7747 8155
3 8168 8167 7753
3 8168 7753 7754
3 7749 7753 8160
3 8160 7753 8167
3 8161 7755 7750
3 8169 7755 8161
3 7756 8163 7751
3 8163 7756 7758
3 8170 8163 7758
3 8165 8163 8170
3 8165 8171 8166
3 8165 8170 8171
3 8171 7760 7752
3 8171 7752 8166
3 8173 8172 7763
3 8173 7763 7762
3 7763 8174 7764
3 8172 8174 7763
3 7754 7764 8168
3 8168 7764 8174
3 8169 7765 7755
3 8175 7765 8169
3 7767 8176 8170
3 7767 8170 7758
3 8170 8177 8171
3 8170 8176 8177
3 8171 8177 7760
3 8177 8178 7760
3 8178 7768 7760
3 8177 8179 8178
3 7768 8180 7769
3 8178 8180 7768
3 7769 8181 7770
3 8180 8181 7769
3 7762 7770 8173
3 8173 7770 8181
3 8175 7771 7765
3 8182 7771 8175
3 7773 8183 8176
3 7773 8176 7767
3 8185 8177 8184
3 8177 8183 8184
3 8177 8176 8183
3 8177 8185 8179
3 8187 8186 7775
3 7775 8186 7774
3 7775 7771 8182
3 7775 8182 8187
3 8189 8188 7776
3 8189 7776 7777
3 7773 7776 8183
3 7776 8190 8183
3 7776 8188 8190
3 8183 8190 8184
3 8186 7778 7774
3 8191 7778 8186
3 7779 8189 7777
3 7779 8192 8189
3 8191 7780 7778
3 8193 7780 8191
3 7781 8192 7779
3 7781 8194 8192
3 8193 7782 7780
3 8195 7782 8193
3 8198 8197 8196
3 8197 8194 8196
3 8194 7784 8196
3 8194 7781 7784
3 8201 8200 8199
3 8195 8201 8199
3 7785 8195 8199
3 7782 8195 7785
3 8198 8196 8202
3 8198 8202 8203
3 7787 8202 7784
3 7784 8202 8196
3 8199 8200 7790
3 8200 7789 7790
3 8200 8204 7789
3 8199 7790 7785
3 8203 8202 8205
3 8203 8205 8206
3 7792 8205 7787
3 7787 8205 8202
3 8204 7793 7789
3 8207 7793 8204
3 8206 8205 8208
3 8206 8208 8209
3 7794 8208 7792
3 7792 8208 8205
3 8207 7795 7793
3 8210 7795 8207
3 8209 8208 7796
3 7797 8209 7796
3 8211 8209 7797
3 7796 8208 7794
3 8210 7798 7795
3 8212 7798 8210
3 8215 8214 8213
3 8214 8211 8213
3 8211 7799 8213
3 8211 7797 7799
3 8212 8216 7798
3 7798 8216 7800
3 7800 8217 7801
3 8216 8217 7800
3 8213 7802 8215
3 7802 8217 8215
3 7802 7801 8217
3 7802 8213 7799
3 8218 7804 7805
3 8218 7805 8219
3 7805 8220 8219
3 7805 7806 8220
3 7806 7807 8220
3 8220 7807 8221
3 8222 7809 8218
3 8218 7809 7804
3 8218 8219 8223
3 8218 8223 8222
3 7807 7810 8224
3 8225 7807 8224
3 8221 7807 8225
3 7811 8224 7810
3 8226 7813 8222
3 8222 7813 7809
3 8222 8223 8227
3 8228 8222 8227
3 8226 8222 8228
3 8228 8227 8225
3 8224 8228 8225
3 8229 8228 8224
3 7814 8230 7811
3 8230 8224 7811
3 8230 8229 8224
3 7816 8230 7814
3 8231 7818 8226
3 8226 7818 7813
3 8232 8226 8228
3 8231 8226 8232
3 8233 8228 8229
3 8232 8228 8233
3 8230 8235 8234
3 8233 8230 8234
3 8229 8230 8233
3 8237 8235 8236
3 8236 8235 7819
3 8235 8230 7819
3 8230 7816 7819
3 7821 8236 7819
3 8238 7823 8231
3 8231 7823 7818
3 8239 8231 8232
3 8238 8231 8239
3 8240 8232 8233
3 8239 8232 8240
3 8233 8234 8241
3 8233 8241 8240
3 8242 8237 8236
3 8244 8242 8243
3 8243 8242 7825
3 8242 8236 7825
3 8236 7821 7825
3 7827 8243 7825
3 8238 7829 7823
3 7829 8238 7831
3 8238 8245 7831
3 8238 8239 8245
3 8246 8239 8240
3 8245 8239 8246
3 8240 8241 8247
3 8240 8247 8246
3 8244 8243 8248
3 8244 8248 8249
3 7834 8248 7827
3 7827 8248 8243
3 8250 7837 8245
3 8245 7837 7831
3 8251 8245 8246
3 8250 8245 8251
3 8246 8247 8252
3 8246 8252 8251
3 8253 8249 8248
3 8255 8253 8254
3 8254 8253 7839
3 8253 8248 7839
3 8248 7834 7839
3 7841 8254 7839
3 8256 7843 7844
3 7837 8250 7844
3 8250 8256 7844
3 8250 8257 8256
3 8258 8250 8251
3 8257 8250 8258
3 8251 8252 8259
3 8251 8259 8258
3 8260 8255 8254
3 8254 7841 8260
3 7841 8261 8260
3 7841 7847 8261
3 8262 7850 8256
3 8256 7850 7843
3 8263 8256 8257
3 8262 8256 8263
3 8264 8257 8258
3 8263 8257 8264
3 8258 8259 8265
3 8258 8265 8264
3 8266 8261 7847
3 8266 7847 7852
3 7852 7854 8266
3 8266 7854 8267
3 8268 7856 8262
3 8262 7856 7850
3 8263 8270 8269
3 8268 8263 8269
3 8262 8263 8268
3 8270 8263 8264
3 8270 8264 8271
3 8271 8264 8265
3 7859 8273 8272
3 8267 7859 8272
3 7854 7859 8267
3 8273 8274 8272
3 8268 7861 7856
3 8276 8275 7862
3 8276 7862 7861
3 8269 8276 7861
3 8268 8269 7861
3 8277 8275 8276
3 7864 8273 7859
3 7864 7866 8273
3 7866 8274 8273
3 7866 8278 8274
3 8279 7868 8275
3 8275 7868 7862
3 8275 8277 8280
3 8281 8275 8280
3 8279 8275 8281
3 8282 8281 8280
3 7871 8284 8283
3 8278 7871 8283
3 7866 7871 8278
3 8284 8285 8283
3 8286 7872 7873
3 7868 8279 7873
3 8279 8286 7873
3 8279 8287 8286
3 8288 8279 8281
3 8287 8279 8288
3 8281 8282 8289
3 8290 8281 8289
3 8288 8281 8290
3 8291 8290 8289
3 7875 8292 8284
3 7875 8284 7871
3 8285 8284 8293
3 8293 8284 8292
3 8295 8294 7878
3 7878 8294 7877
3 7878 7872 8286
3 8296 7878 8286
3 8295 7878 8296
3 8296 8286 8287
3 8296 8287 8297
3 8297 8287 8288
3 8297 8288 8298
3 8298 8288 8290
3 8298 8290 8299
3 8299 8290 8291
3 7880 8292 7875
3 7880 7882 8292
3 7882 8293 8292
3 7882 8300 8293
3 8302 8301 7884
3 7884 8301 7883
3 7884 7877 8294
3 7884 8294 8302
3 7887 8304 8303
3 8300 7887 8303
3 7882 7887 8300
3 8304 8305 8303
3 8301 7889 7883
3 8306 7889 8301
3 7892 8307 8304
3 7892 8304 7887
3 8305 8304 8308
3 8308 8304 8307
3 8309 7893 7894
3 8310 8309 7894
3 7889 8310 7894
3 8306 8310 7889
3 7898 8311 8307
3 7898 8307 7892
3 8308 8307 8312
3 8312 8307 8311
3 8314 8313 8309
3 8313 7893 8309
3 8313 7900 7893
3 8314 8309 8310
3 8316 8315 7901
3 8316 7901 7902
3 7901 8317 7904
3 8315 8317 7901
3 8319 8318 7905
3 7904 8319 7905
3 8317 8319 7904
3 8320 8318 8319
3 7910 8321 8311
3 7910 8311 7898
3 8312 8311 8322
3 8322 8311 8321
3 8323 7911 7912
3 8324 8323 7912
3 7900 8324 7912
3 8313 8324 7900
3 7913 8316 7902
3 7913 8325 8316
3 8318 7914 7905
3 8320 8326 8318
3 8326 7914 8318
3 8326 7915 7914
3 8326 8328 8327
3 7916 8326 8327
3 7915 8326 7916
3 8329 7917 7916
3 8329 7916 8327
3 8330 7918 7917
3 8330 7917 8329
3 8330 7920 7918
3 7922 8331 8321
3 7922 8321 7910
3 8322 8321 8332
3 8332 8321 8331
3 8334 8333 8323
3 8333 7911 8323
3 8333 7924 7911
3 8334 8323 8324
3 7926 8325 7913
3 7926 8335 8325
3 8328 8336 8327
3 8327 8336 8329
3 8329 8336 8337
3 8339 8338 8337
3 8338 8329 8337
3 8338 8330 8329
3 8340 7927 7920
3 8330 8340 7920
3 8338 8340 8330
3 8341 7928 7927
3 8341 7927 8340
3 8341 8342 7928
3 7928 8342 7922
3 8342 8343 7922
3 8343 8331 7922
3 8331 8343 8332
3 7929 7924 8344
3 7924 8345 8344
3 7924 8333 8345
3 8344 7930 7929
3 7932 8335 7926
3 7932 8346 8335
3 8339 8347 8338
3 8349 8348 8347
3 8348 8338 8347
3 8348 8340 8338
3 8340 8350 8341
3 8340 8348 8350
3 8342 8341 8351
3 8351 8341 8350
3 8345 8352 8344
3 7930 8344 8352
3 8353 7930 8352
3 7934 7930 8353
3 8355 8354 7936
3 8355 7936 7937
3 7932 7936 8346
3 8346 7936 8354
3 8358 8357 8356
3 8356 8359 8358
3 8349 8360 8348
3 8348 8360 8350
3 8350 8360 8361
3 8350 8361 8351
3 8353 8362 7934
3 7934 8362 7938
3 7939 7938 8362
3 7939 8362 8363
3 7940 8355 7937
3 7940 8364 8355
3 8367 8366 8365
3 8367 8365 8357
3 8357 8365 8356
3 8365 7942 8356
3 7942 7943 8356
3 8368 8359 8356
3 7943 8368 8356
3 7944 8368 7943
3 8369 7944 7946
3 8369 8368 7944
3 7946 7948 8369
3 8369 7948 8370
3 8373 8372 8371
3 8363 8373 8371
3 7949 8363 8371
3 7939 8363 7949
3 7950 8375 8374
3 8364 7950 8374
3 7940 7950 8364
3 8377 8376 8375
3 8375 8376 8374
3 8376 8377 8366
3 8366 8377 8365
3 8377 7952 8365
3 7952 7953 8365
3 8365 7953 7942
3 8378 8370 7948
3 8378 7948 7955
3 7955 7956 8378
3 8378 7956 8379
3 8371 8372 8380
3 8380 8372 8381
3 8380 7957 7949
3 8380 7949 8371
3 7958 8382 8375
3 7958 8375 7950
3 8375 8383 8377
3 8375 8382 8383
3 8383 7960 7952
3 8383 7952 8377
3 8384 8379 7956
3 8384 7956 7961
3 7961 7962 8384
3 8384 7962 8385
3 8380 8381 8386
3 8386 8381 8387
3 8386 7963 7957
3 8386 7957 8380
3 7964 8382 7958
3 8382 7964 7966
3 8382 7966 8383
3 8383 7966 7960
3 8388 8385 7962
3 8388 7962 7969
3 7969 7971 8388
3 8388 7971 8389
3 8386 8387 7974
3 8387 7973 7974
3 8387 8390 7973
3 8386 7974 7963
3 8391 8389 7971
3 8391 7971 7977
3 7977 7979 8391
3 8391 7979 8392
3 7980 7973 8393
3 7973 8394 8393
3 7973 8390 8394
3 8393 7981 7980
3 8397 8396 8395
3 8399 8398 8395
3 8399 8395 8396
3 8401 8400 8398
3 8401 8398 8399
3 8402 8400 8401
3 7979 7982 8403
3 8404 7979 8403
3 8392 7979 8404
3 7984 8403 7982
3 8394 8405 8393
3 7986 7981 8393
3 8406 7986 8393
3 8405 8406 8393
3 7986 8406 8407
3 8408 8407 8406
3 8409 8397 8395
3 8409 8395 8398
3 8409 8398 8410
3 8410 8398 8400
3 8410 8400 8411
3 8411 8400 8402
3 8404 8403 8412
3 8404 8412 8413
3 7987 8414 7984
3 8414 8403 7984
3 8414 8412 8403
3 7989 8414 7987
3 8407 7990 7986
3 8408 8415 8407
3 8415 7990 8407
3 8415 7991 7990
3 7993 7991 8415
3 7993 8415 8416
3 8413 8412 8417
3 8413 8417 8418
3 8419 8412 8414
3 8417 8412 8419
3 7995 8419 7989
3 7989 8419 8414
3 8416 7996 7993
3 8420 7996 8416
3 8418 8417 8421
3 8418 8421 8422
3 8001 8421 8003
3 8421 8419 8003
3 8421 8417 8419
3 8003 8419 7995
3 8420 8004 7996
3 8423 8004 8420
3 8007 8424 8008
3 8425 8009 8008
3 8425 8008 8424
3 8425 8011 8009
3 8422 8421 8426
3 8422 8426 8427
3 8014 8426 8001
3 8001 8426 8421
3 8429 8428 8017
3 8017 8428 8016
3 8017 8004 8423
3 8017 8423 8429
3 8019 8430 8018
3 8431 8020 8018
3 8431 8018 8430
3 8424 8007 8020
3 8431 8424 8020
3 8432 8424 8431
3 8424 8433 8425
3 8424 8432 8433
3 8433 8022 8011
3 8433 8011 8425
3 8427 8426 8434
3 8427 8434 8435
3 8025 8434 8014
3 8014 8434 8426
3 8428 8027 8016
3 8436 8027 8428
3 8438 8437 8430
3 8019 8438 8430
3 8028 8438 8019
3 8430 8437 8431
3 8431 8437 8439
3 8441 8440 8439
3 8440 8431 8439
3 8440 8432 8431
3 8440 8030 8031
3 8433 8440 8031
3 8432 8440 8433
3 8433 8031 8022
3 8435 8434 8442
3 8435 8442 8443
3 8034 8442 8025
3 8025 8442 8434
3 8436 8035 8027
3 8444 8035 8436
3 8037 8438 8028
3 8037 8445 8438
3 8440 8441 8446
3 8446 8441 8447
3 8446 8039 8030
3 8446 8030 8440
3 8450 8449 8448
3 8448 8449 8443
3 8442 8448 8443
3 8451 8448 8442
3 8041 8451 8034
3 8034 8451 8442
3 8444 8043 8035
3 8452 8043 8444
3 8045 8445 8037
3 8045 8453 8445
3 8446 8447 8454
3 8454 8447 8455
3 8454 8047 8039
3 8454 8039 8446
3 8458 8457 8456
3 8456 8457 8450
3 8448 8456 8450
3 8459 8456 8448
3 8050 8459 8049
3 8459 8451 8049
3 8459 8448 8451
3 8049 8451 8041
3 8452 8460 8043
3 8043 8460 8052
3 8053 8052 8460
3 8053 8460 8461
3 8045 8054 8462
3 8463 8045 8462
3 8453 8045 8463
3 8056 8462 8054
3 8454 8455 8464
3 8464 8455 8465
3 8464 8058 8047
3 8464 8047 8454
3 8458 8456 8466
3 8458 8466 8467
3 8468 8456 8459
3 8466 8456 8468
3 8060 8468 8050
3 8050 8468 8459
3 8062 8053 8469
3 8053 8470 8469
3 8053 8461 8470
3 8469 8063 8062
3 8473 8472 8471
3 8471 8472 8463
3 8471 8463 8462
3 8066 8471 8462
3 8065 8066 8462
3 8065 8462 8056
3 8464 8465 8474
3 8474 8465 8475
3 8474 8068 8058
3 8474 8058 8464
3 8467 8466 8476
3 8467 8476 8477
3 8478 8466 8468
3 8476 8466 8478
3 8070 8478 8060
3 8060 8478 8468
3 8470 8479 8469
3 8063 8469 8479
3 8480 8063 8479
3 8073 8063 8480
3 8473 8471 8481
3 8473 8481 8482
3 8075 8481 8066
3 8066 8481 8471
3 8474 8475 8483
3 8483 8475 8484
3 8483 8077 8068
3 8483 8068 8474
3 8477 8476 8485
3 8477 8485 8486
3 8487 8476 8478
3 8485 8476 8487
3 8079 8487 8070
3 8070 8487 8478
3 8480 8080 8073
3 8488 8080 8480
3 8482 8481 8083
3 8081 8482 8083
3 8489 8482 8081
3 8083 8481 8075
3 8492 8491 8490
3 8492 8490 8484
3 8484 8490 8483
3 8490 8085 8483
3 8085 8086 8483
3 8483 8086 8077
3 8486 8485 8493
3 8486 8493 8494
3 8495 8485 8487
3 8493 8485 8495
3 8089 8495 8079
3 8079 8495 8487
3 8497 8496 8092
3 8092 8496 8091
3 8092 8080 8488
3 8092 8488 8497
3 8094 8489 8081
3 8094 8498 8489
3 8490 8491 8499
3 8499 8491 8500
3 8499 8096 8085
3 8499 8085 8490
3 8494 8493 8501
3 8494 8501 8502
3 8099 8501 8098
3 8501 8495 8098
3 8501 8493 8495
3 8098 8495 8089
3 8496 8102 8091
3 8503 8102 8496
3 8104 8498 8094
3 8104 8504 8498
3 8499 8500 8505
3 8505 8500 8506
3 8505 8106 8096
3 8505 8096 8499
3 8502 8501 8507
3 8502 8507 8508
3 8108 8507 8099
3 8099 8507 8501
3 8510 8509 8113
3 8113 8509 8112
3 8113 8102 8503
3 8113 8503 8510
3 8114 8504 8104
3 8114 8511 8504
3 8505 8506 8512
3 8512 8506 8513
3 8512 8116 8106
3 8512 8106 8505
3 8516 8515 8514
3 8514 8515 8508
3 8514 8508 8507
3 8119 8514 8507
3 8118 8119 8507
3 8118 8507 8108
3 8517 8122 8121
3 8123 8518 8121
3 8121 8518 8517
3 8124 8518 8123
3 8509 8125 8112
3 8519 8125 8509
3 8521 8520 8127
3 8521 8127 8128
3 8114 8127 8511
3 8511 8127 8520
3 8524 8523 8522
3 8524 8522 8513
3 8513 8522 8512
3 8522 8130 8512
3 8130 8131 8512
3 8512 8131 8116
3 8527 8526 8525
3 8525 8526 8516
3 8525 8516 8514
3 8134 8525 8514
3 8133 8134 8514
3 8133 8514 8119
3 8529 8528 8137
3 8137 8528 8136
3 8137 8122 8517
3 8530 8137 8517
3 8529 8137 8530
3 8140 8531 8139
3 8531 8517 8139
3 8517 8518 8139
3 8531 8530 8517
3 8139 8518 8124
3 8519 8141 8125
3 8532 8141 8519
3 8142 8521 8128
3 8142 8533 8521
3 8522 8523 8145
3 8523 8144 8145
3 8523 8534 8144
3 8522 8145 8130
3 8537 8536 8535
3 8535 8536 8527
3 8535 8527 8525
3 8148 8535 8525
3 8147 8148 8525
3 8147 8525 8134
3 8539 8538 8151
3 8151 8538 8150
3 8151 8136 8528
3 8151 8528 8539
3 8542 8541 8540
3 8541 8531 8540
3 8531 8152 8540
3 8531 8140 8152
3 8532 8153 8141
3 8543 8153 8532
3 8154 8545 8544
3 8533 8154 8544
3 8142 8154 8533
3 8547 8546 8545
3 8545 8546 8544
3 8534 8546 8547
3 8156 8534 8547
3 8144 8534 8156
3 8537 8535 8548
3 8537 8548 8549
3 8157 8550 8148
3 8550 8535 8148
3 8550 8548 8535
3 8550 8157 8551
3 8157 8552 8551
3 8157 8158 8552
3 8158 8150 8538
3 8158 8538 8552
3 8542 8540 8159
3 8160 8542 8159
3 8553 8542 8160
3 8159 8540 8152
3 8543 8161 8153
3 8554 8161 8543
3 8162 8545 8154
3 8545 8162 8164
3 8545 8164 8547
3 8547 8164 8156
3 8555 8549 8548
3 8555 8548 8550
3 8555 8550 8556
3 8556 8550 8551
3 8558 8557 8167
3 8558 8167 8168
3 8160 8167 8553
3 8553 8167 8557
3 8554 8169 8161
3 8559 8169 8554
3 8561 8560 8172
3 8561 8172 8173
3 8172 8562 8174
3 8560 8562 8172
3 8168 8174 8558
3 8558 8174 8562
3 8559 8175 8169
3 8563 8175 8559
3 8179 8564 8178
3 8178 8564 8565
3 8566 8178 8565
3 8180 8178 8566
3 8180 8567 8181
3 8566 8567 8180
3 8173 8181 8561
3 8561 8181 8567
3 8563 8182 8175
3 8568 8182 8563
3 8570 8569 8185
3 8570 8185 8184
3 8179 8185 8564
3 8185 8571 8564
3 8185 8569 8571
3 8564 8571 8565
3 8573 8572 8187
3 8187 8572 8186
3 8187 8182 8568
3 8187 8568 8573
3 8575 8574 8188
3 8575 8188 8189
3 8188 8576 8190
3 8574 8576 8188
3 8184 8190 8570
3 8570 8190 8576
3 8572 8191 8186
3 8577 8191 8572
3 8580 8579 8578
3 8579 8575 8578
3 8575 8192 8578
3 8575 8189 8192
3 8577 8193 8191
3 8581 8193 8577
3 8580 8578 8582
3 8580 8582 8583
3 8194 8582 8192
3 8192 8582 8578
3 8586 8585 8584
3 8581 8586 8584
3 8195 8581 8584
3 8193 8581 8195
3 8583 8582 8197
3 8198 8583 8197
3 8587 8583 8198
3 8197 8582 8194
3 8584 8585 8201
3 8585 8200 8201
3 8585 8588 8200
3 8584 8201 8195
3 8203 8587 8198
3 8203 8589 8587
3 8588 8204 8200
3 8590 8204 8588
3 8206 8589 8203
3 8206 8591 8589
3 8590 8207 8204
3 8592 8207 8590
3 8209 8591 8206
3 8209 8593 8591
3 8592 8210 8207
3 8594 8210 8592
3 8211 8593 8209
3 8211 8595 8593
3 8597 8212 8596
3 8212 8594 8596
3 8212 8210 8594
3 8598 8597 8596
3 8600 8599 8214
3 8600 8214 8215
3 8211 8214 8595
3 8595 8214 8599
3 8597 8216 8212
3 8598 8601 8597
3 8601 8216 8597
3 8601 8217 8216
3 8215 8217 8600
3 8600 8217 8601
3 8602 8219 8220
3 8221 8602 8220
3 8603 8223 8602
3 8602 8223 8219
3 8225 8603 8221
3 8221 8603 8602
3 8603 8227 8223
3 8227 8603 8225
3 8604 8234 8235
3 8237 8604 8235
3 8605 8241 8604
3 8604 8241 8234
3 8242 8606 8237
3 8606 8604 8237
3 8606 8605 8604
3 8244 8606 8242
3 8607 8247 8605
3 8605 8247 8241
3 8608 8605 8606
3 8607 8605 8608
3 8249 8608 8244
3 8244 8608 8606
3 8609 8252 8607
3 8607 8252 8247
3 8610 8607 8608
3 8609 8607 8610
3 8253 8611 8249
3 8611 8608 8249
3 8611 8610 8608
3 8255 8611 8253
3 8612 8259 8609
3 8609 8259 8252
3 8613 8609 8610
3 8612 8609 8613
3 8614 8610 8611
3 8613 8610 8614
3 8260 8615 8255
3 8615 8611 8255
3 8615 8614 8611
3 8261 8615 8260
3 8616 8265 8612
3 8612 8265 8259
3 8617 8612 8613
3 8616 8612 8617
3 8618 8613 8614
3 8617 8613 8618
3 8619 8614 8615
3 8618 8614 8619
3 8266 8620 8261
3 8620 8615 8261
3 8620 8619 8615
3 8267 8620 8266
3 8621 8269 8270
3 8271 8622 8270
3 8270 8622 8621
3 8265 8616 8271
3 8616 8622 8271
3 8616 8623 8622
3 8624 8616 8617
3 8623 8616 8624
3 8625 8617 8618
3 8624 8617 8625
3 8626 8618 8619
3 8625 8618 8626
3 8627 8619 8620
3 8626 8619 8627
3 8272 8628 8267
3 8628 8620 8267
3 8628 8627 8620
3 8274 8628 8272
3 8621 8276 8269
3 8276 8621 8277
3 8621 8629 8277
3 8621 8622 8629
3 8630 8622 8623
3 8629 8622 8630
3 8631 8623 8624
3 8630 8623 8631
3 8632 8624 8625
3 8631 8624 8632
3 8633 8625 8626
3 8632 8625 8633
3 8634 8626 8627
3 8633 8626 8634
3 8635 8627 8628
3 8634 8627 8635
3 8278 8635 8274
3 8274 8635 8628
3 8629 8280 8277
3 8280 8629 8282
3 8629 8636 8282
3 8629 8630 8636
3 8637 8630 8631
3 8636 8630 8637
3 8638 8631 8632
3 8637 8631 8638
3 8639 8632 8633
3 8638 8632 8639
3 8640 8633 8634
3 8639 8633 8640
3 8641 8634 8635
3 8640 8634 8641
3 8283 8642 8278
3 8642 8635 8278
3 8642 8641 8635
3 8285 8642 8283
3 8636 8289 8282
3 8636 8637 8643
3 8291 8636 8643
3 8644 8291 8643
3 8636 8291 8289
3 8643 8637 8638
3 8643 8638 8645
3 8645 8638 8639
3 8645 8639 8646
3 8648 8647 8646
3 8639 8648 8646
3 8640 8648 8639
3 8649 8640 8641
3 8648 8640 8649
3 8650 8641 8642
3 8649 8641 8650
3 8293 8650 8285
3 8285 8650 8642
3 8651 8294 8295
3 8651 8295 8652
3 8295 8653 8652
3 8295 8296 8653
3 8654 8296 8297
3 8654 8653 8296
3 8655 8297 8298
3 8655 8654 8297
3 8656 8298 8299
3 8656 8655 8298
3 8299 8291 8644
3 8299 8644 8656
3 8647 8648 8657
3 8647 8657 8658
3 8659 8648 8649
3 8657 8648 8659
3 8660 8649 8650
3 8659 8649 8660
3 8300 8660 8293
3 8293 8660 8650
3 8661 8301 8302
3 8662 8661 8302
3 8662 8302 8294
3 8663 8662 8294
3 8651 8663 8294
3 8663 8651 8652
3 8664 8658 8657
3 8664 8657 8659
3 8664 8659 8665
3 8667 8666 8665
3 8659 8667 8665
3 8660 8667 8659
3 8303 8668 8300
3 8668 8660 8300
3 8668 8667 8660
3 8305 8668 8303
3 8670 8669 8661
3 8669 8301 8661
3 8669 8306 8301
3 8670 8661 8662
3 8671 8666 8667
3 8673 8672 8671
3 8667 8673 8671
3 8668 8673 8667
3 8308 8673 8305
3 8305 8673 8668
3 8669 8310 8306
3 8674 8310 8669
3 8672 8673 8675
3 8672 8675 8676
3 8312 8675 8308
3 8308 8675 8673
3 8677 8313 8314
3 8678 8677 8314
3 8310 8678 8314
3 8674 8678 8310
3 8316 8679 8315
3 8315 8679 8680
3 8681 8315 8680
3 8317 8315 8681
3 8681 8683 8682
3 8319 8681 8682
3 8317 8681 8319
3 8682 8320 8319
3 8684 8676 8675
3 8675 8312 8684
3 8312 8685 8684
3 8312 8322 8685
3 8687 8686 8677
3 8686 8313 8677
3 8686 8324 8313
3 8687 8677 8678
3 8689 8688 8679
3 8316 8689 8679
3 8325 8689 8316
3 8679 8688 8680
3 8683 8690 8682
3 8690 8692 8691
3 8690 8691 8326
3 8682 8690 8326
3 8320 8682 8326
3 8691 8328 8326
3 8332 8685 8322
3 8332 8693 8685
3 8694 8333 8334
3 8695 8694 8334
3 8324 8695 8334
3 8686 8695 8324
3 8335 8689 8325
3 8335 8696 8689
3 8692 8697 8691
3 8697 8699 8698
3 8697 8698 8336
3 8691 8697 8336
3 8328 8691 8336
3 8700 8337 8336
3 8700 8336 8698
3 8700 8339 8337
3 8342 8701 8343
3 8701 8702 8343
3 8702 8332 8343
3 8702 8693 8332
3 8703 8345 8694
3 8694 8345 8333
3 8694 8695 8704
3 8694 8704 8703
3 8346 8696 8335
3 8346 8705 8696
3 8699 8706 8698
3 8708 8707 8706
3 8707 8698 8706
3 8707 8700 8698
3 8709 8347 8339
3 8700 8709 8339
3 8707 8709 8700
3 8709 8349 8347
3 8351 8710 8701
3 8351 8701 8342
3 8702 8701 8711
3 8711 8701 8710
3 8703 8352 8345
3 8353 8352 8703
3 8704 8353 8703
3 8712 8353 8704
3 8714 8713 8354
3 8714 8354 8355
3 8346 8354 8705
3 8705 8354 8713
3 8717 8716 8715
3 8357 8358 8715
3 8358 8717 8715
3 8358 8718 8717
3 8358 8359 8718
3 8718 8359 8719
3 8708 8720 8707
3 8722 8721 8720
3 8721 8707 8720
3 8721 8709 8707
3 8723 8360 8349
3 8709 8723 8349
3 8721 8723 8709
3 8360 8723 8724
3 8725 8360 8724
3 8361 8360 8725
3 8351 8361 8710
3 8361 8726 8710
3 8361 8725 8726
3 8710 8726 8711
3 8362 8353 8727
3 8353 8728 8727
3 8353 8712 8728
3 8727 8363 8362
3 8364 8730 8729
3 8714 8364 8729
3 8355 8364 8714
3 8732 8731 8730
3 8730 8731 8729
3 8731 8732 8716
3 8716 8732 8715
3 8732 8366 8715
3 8366 8367 8715
3 8715 8367 8357
3 8733 8719 8359
3 8733 8359 8368
3 8735 8733 8734
3 8733 8369 8734
3 8733 8368 8369
3 8370 8734 8369
3 8722 8736 8721
3 8721 8736 8723
3 8723 8736 8737
3 8723 8737 8724
3 8727 8728 8373
3 8728 8372 8373
3 8728 8738 8372
3 8727 8373 8363
3 8374 8730 8364
3 8730 8374 8376
3 8730 8376 8732
3 8732 8376 8366
3 8739 8735 8734
3 8741 8739 8740
3 8740 8739 8378
3 8739 8734 8378
3 8734 8370 8378
3 8379 8740 8378
3 8738 8381 8372
3 8742 8381 8738
3 8741 8740 8743
3 8741 8743 8744
3 8384 8745 8379
3 8745 8740 8379
3 8745 8743 8740
3 8385 8745 8384
3 8742 8387 8381
3 8746 8387 8742
3 8747 8744 8743
3 8747 8743 8745
3 8747 8745 8748
3 8750 8748 8749
3 8749 8748 8388
3 8748 8745 8388
3 8745 8385 8388
3 8389 8749 8388
3 8746 8390 8387
3 8751 8390 8746
3 8750 8749 8752
3 8750 8752 8753
3 8391 8754 8389
3 8754 8749 8389
3 8754 8752 8749
3 8392 8754 8391
3 8756 8394 8755
3 8394 8751 8755
3 8394 8390 8751
3 8757 8756 8755
3 8760 8759 8758
3 8396 8397 8758
3 8759 8396 8758
3 8761 8396 8759
3 8761 8763 8762
3 8399 8761 8762
3 8396 8761 8399
3 8764 8401 8399
3 8764 8399 8762
3 8764 8402 8401
3 8767 8766 8765
3 8765 8766 8753
3 8752 8765 8753
3 8768 8765 8752
3 8769 8752 8754
3 8768 8752 8769
3 8404 8769 8392
3 8392 8769 8754
3 8756 8405 8394
3 8757 8770 8756
3 8770 8405 8756
3 8770 8406 8405
3 8772 8771 8408
3 8406 8772 8408
3 8770 8772 8406
3 8774 8773 8771
3 8774 8771 8772
3 8776 8775 8773
3 8776 8773 8774
3 8775 8776 8760
3 8758 8775 8760
3 8777 8775 8758
3 8409 8778 8397
3 8778 8758 8397
3 8778 8777 8758
3 8410 8762 8409
3 8763 8409 8762
3 8409 8763 8778
3 8779 8778 8763
3 8778 8779 8780
3 8782 8781 8779
3 8780 8779 8781
3 8762 8411 8764
3 8411 8762 8410
3 8411 8402 8764
3 8781 8782 8783
3 8784 8767 8765
3 8786 8785 8784
3 8765 8786 8784
3 8768 8786 8765
3 8787 8768 8769
3 8786 8768 8787
3 8413 8787 8404
3 8404 8787 8769
3 8771 8415 8408
3 8415 8771 8416
3 8771 8788 8416
3 8771 8773 8788
3 8789 8773 8775
3 8788 8773 8789
3 8790 8775 8777
3 8789 8775 8790
3 8791 8777 8778
3 8790 8777 8791
3 8780 8793 8792
3 8791 8780 8792
3 8778 8780 8791
3 8793 8780 8781
3 8793 8781 8794
3 8794 8781 8783
3 8785 8786 8795
3 8785 8795 8796
3 8797 8786 8787
3 8795 8786 8797
3 8418 8797 8413
3 8413 8797 8787
3 8799 8798 8788
3 8798 8416 8788
3 8798 8420 8416
3 8799 8788 8789
3 8799 8789 8800
3 8800 8789 8790
3 8800 8790 8801
3 8801 8790 8791
3 8801 8791 8802
3 8802 8791 8792
3 8796 8795 8803
3 8796 8803 8804
3 8805 8795 8797
3 8803 8795 8805
3 8422 8805 8418
3 8418 8805 8797
3 8798 8423 8420
3 8806 8423 8798
3 8804 8803 8807
3 8804 8807 8808
3 8809 8803 8805
3 8807 8803 8809
3 8427 8809 8422
3 8422 8809 8805
3 8811 8810 8429
3 8429 8810 8428
3 8429 8423 8806
3 8429 8806 8811
3 8808 8807 8812
3 8808 8812 8813
3 8814 8807 8809
3 8812 8807 8814
3 8435 8814 8427
3 8427 8814 8809
3 8810 8436 8428
3 8815 8436 8810
3 8438 8816 8437
3 8817 8439 8437
3 8817 8437 8816
3 8817 8441 8439
3 8813 8812 8818
3 8813 8818 8819
3 8820 8812 8814
3 8818 8812 8820
3 8443 8820 8435
3 8435 8820 8814
3 8815 8444 8436
3 8821 8444 8815
3 8445 8822 8816
3 8445 8816 8438
3 8816 8823 8817
3 8816 8822 8823
3 8823 8447 8441
3 8823 8441 8817
3 8819 8818 8824
3 8819 8824 8825
3 8450 8824 8449
3 8824 8820 8449
3 8824 8818 8820
3 8449 8820 8443
3 8821 8452 8444
3 8826 8452 8821
3 8828 8827 8822
3 8445 8828 8822
3 8453 8828 8445
3 8830 8829 8827
3 8829 8822 8827
3 8829 8823 8822
3 8829 8455 8447
3 8829 8447 8823
3 8833 8832 8831
3 8831 8832 8825
3 8831 8825 8824
3 8458 8831 8824
3 8457 8458 8824
3 8457 8824 8450
3 8826 8834 8452
3 8452 8834 8460
3 8461 8460 8834
3 8461 8834 8835
3 8463 8828 8453
3 8463 8836 8828
3 8829 8830 8837
3 8837 8830 8838
3 8837 8465 8455
3 8837 8455 8829
3 8833 8831 8839
3 8833 8839 8840
3 8467 8839 8458
3 8458 8839 8831
3 8835 8470 8461
3 8841 8470 8835
3 8843 8842 8472
3 8843 8472 8473
3 8463 8472 8836
3 8836 8472 8842
3 8837 8838 8844
3 8844 8838 8845
3 8844 8475 8465
3 8844 8465 8837
3 8840 8839 8846
3 8840 8846 8847
3 8477 8846 8467
3 8467 8846 8839
3 8479 8470 8848
3 8470 8849 8848
3 8470 8841 8849
3 8848 8480 8479
3 8482 8843 8473
3 8482 8850 8843
3 8844 8845 8851
3 8851 8845 8852
3 8851 8484 8475
3 8851 8475 8844
3 8847 8846 8853
3 8847 8853 8854
3 8486 8853 8477
3 8477 8853 8846
3 8848 8849 8855
3 8855 8849 8856
3 8855 8488 8480
3 8855 8480 8848
3 8489 8850 8482
3 8489 8857 8850
3 8851 8852 8492
3 8852 8491 8492
3 8852 8858 8491
3 8851 8492 8484
3 8854 8853 8859
3 8854 8859 8860
3 8494 8859 8486
3 8486 8859 8853
3 8855 8856 8497
3 8856 8496 8497
3 8856 8861 8496
3 8855 8497 8488
3 8498 8857 8489
3 8498 8862 8857
3 8865 8864 8863
3 8858 8865 8863
3 8500 8858 8863
3 8491 8858 8500
3 8860 8859 8866
3 8860 8866 8867
3 8502 8866 8494
3 8494 8866 8859
3 8861 8503 8496
3 8868 8503 8861
3 8504 8862 8498
3 8504 8869 8862
3 8863 8864 8870
3 8870 8864 8871
3 8870 8506 8500
3 8870 8500 8863
3 8867 8866 8872
3 8867 8872 8873
3 8508 8872 8502
3 8502 8872 8866
3 8875 8874 8510
3 8510 8874 8509
3 8510 8503 8868
3 8510 8868 8875
3 8511 8877 8876
3 8869 8511 8876
3 8504 8511 8869
3 8876 8877 8871
3 8877 8870 8871
3 8877 8878 8870
3 8878 8513 8506
3 8878 8506 8870
3 8881 8880 8879
3 8879 8880 8873
3 8879 8873 8872
3 8516 8879 8872
3 8515 8516 8872
3 8515 8872 8508
3 8874 8519 8509
3 8882 8519 8874
3 8521 8883 8520
3 8877 8511 8520
3 8883 8877 8520
3 8884 8877 8883
3 8884 8523 8524
3 8878 8884 8524
3 8877 8884 8878
3 8878 8524 8513
3 8887 8886 8885
3 8885 8886 8881
3 8885 8881 8879
3 8527 8885 8879
3 8526 8527 8879
3 8526 8879 8516
3 8889 8888 8529
3 8529 8888 8528
3 8891 8889 8890
3 8889 8530 8890
3 8889 8529 8530
3 8531 8890 8530
3 8882 8532 8519
3 8892 8532 8882
3 8533 8893 8883
3 8533 8883 8521
3 8883 8894 8884
3 8883 8893 8894
3 8894 8534 8523
3 8894 8523 8884
3 8887 8885 8536
3 8537 8887 8536
3 8895 8887 8537
3 8536 8885 8527
3 8897 8896 8539
3 8539 8896 8538
3 8539 8528 8888
3 8539 8888 8897
3 8541 8542 8898
3 8890 8899 8891
3 8899 8890 8900
3 8890 8531 8900
3 8541 8898 8900
3 8541 8900 8531
3 8892 8543 8532
3 8901 8543 8892
3 8544 8893 8533
3 8893 8544 8546
3 8893 8546 8894
3 8894 8546 8534
3 8549 8895 8537
3 8549 8902 8895
3 8904 8903 8552
3 8552 8903 8551
3 8552 8538 8896
3 8552 8896 8904
3 8906 8905 8898
3 8542 8906 8898
3 8553 8906 8542
3 8898 8905 8900
3 8901 8554 8543
3 8907 8554 8901
3 8908 8902 8549
3 8908 8549 8555
3 8909 8555 8556
3 8909 8908 8555
3 8556 8551 8903
3 8556 8903 8909
3 8558 8910 8557
3 8910 8911 8557
3 8911 8553 8557
3 8911 8906 8553
3 8907 8559 8554
3 8912 8559 8907
3 8915 8914 8913
3 8560 8561 8913
3 8914 8560 8913
3 8916 8560 8914
3 8560 8917 8562
3 8916 8917 8560
3 8558 8562 8910
3 8562 8918 8910
3 8562 8917 8918
3 8910 8918 8911
3 8920 8563 8919
3 8563 8912 8919
3 8563 8559 8912
3 8921 8920 8919
3 8923 8922 8566
3 8923 8566 8565
3 8913 8567 8915
3 8567 8922 8915
3 8567 8566 8922
3 8567 8913 8561
3 8925 8924 8920
3 8924 8563 8920
3 8924 8568 8563
3 8925 8920 8921
3 8927 8926 8569
3 8927 8569 8570
3 8569 8928 8571
3 8926 8928 8569
3 8565 8571 8923
3 8923 8571 8928
3 8930 8929 8573
3 8573 8929 8572
3 8573 8568 8924
3 8573 8924 8930
3 8932 8931 8574
3 8932 8574 8575
3 8574 8933 8576
3 8931 8933 8574
3 8570 8576 8927
3 8927 8576 8933
3 8936 8935 8934
3 8929 8936 8934
3 8577 8929 8934
3 8572 8929 8577
3 8938 8937 8579
3 8938 8579 8580
3 8575 8579 8932
3 8932 8579 8937
3 8934 8935 8939
3 8939 8935 8940
3 8939 8581 8577
3 8939 8577 8934
3 8583 8938 8580
3 8583 8941 8938
3 8939 8940 8586
3 8940 8585 8586
3 8940 8942 8585
3 8939 8586 8581
3 8587 8941 8583
3 8587 8943 8941
3 8942 8588 8585
3 8944 8588 8942
3 8589 8943 8587
3 8589 8945 8943
3 8944 8590 8588
3 8946 8590 8944
3 8591 8945 8589
3 8591 8947 8945
3 8946 8592 8590
3 8948 8592 8946
3 8593 8947 8591
3 8593 8949 8947
3 8948 8594 8592
3 8950 8594 8948
3 8595 8949 8593
3 8595 8951 8949
3 8950 8952 8594
3 8594 8952 8596
3 8954 8953 8598
3 8596 8954 8598
3 8952 8954 8596
3 8599 8600 8953
3 8954 8599 8953
3 8955 8599 8954
3 8595 8599 8951
3 8951 8599 8955
3 8953 8601 8598
3 8601 8953 8600
3 8956 8644 8643
3 8645 8957 8643
3 8643 8957 8956
3 8646 8958 8645
3 8645 8958 8957
3 8647 8958 8646
3 8960 8959 8653
3 8653 8959 8652
3 8961 8653 8654
3 8961 8960 8653
3 8962 8654 8655
3 8962 8961 8654
3 8964 8962 8963
3 8962 8656 8963
3 8962 8655 8656
3 8644 8956 8656
3 8956 8963 8656
3 8956 8965 8963
3 8966 8956 8957
3 8965 8956 8966
3 8967 8957 8958
3 8966 8957 8967
3 8658 8967 8647
3 8647 8967 8958
3 8969 8968 8663
3 8663 8968 8662
3 8663 8652 8959
3 8663 8959 8969
3 8970 8964 8963
3 8970 8963 8965
3 8970 8965 8971
3 8973 8972 8971
3 8965 8973 8971
3 8966 8973 8965
3 8974 8966 8967
3 8973 8966 8974
3 8664 8975 8658
3 8975 8967 8658
3 8975 8974 8967
3 8665 8976 8664
3 8664 8976 8975
3 8666 8976 8665
3 8977 8669 8670
3 8978 8977 8670
3 8662 8978 8670
3 8968 8978 8662
3 8979 8972 8973
3 8981 8980 8979
3 8973 8981 8979
3 8974 8981 8973
3 8982 8974 8975
3 8981 8974 8982
3 8983 8975 8976
3 8982 8975 8983
3 8671 8984 8666
3 8984 8976 8666
3 8984 8983 8976
3 8672 8984 8671
3 8986 8985 8977
3 8985 8669 8977
3 8985 8674 8669
3 8986 8977 8978
3 8987 8980 8981
3 8989 8988 8987
3 8981 8989 8987
3 8982 8989 8981
3 8990 8982 8983
3 8989 8982 8990
3 8991 8983 8984
3 8990 8983 8991
3 8676 8991 8672
3 8672 8991 8984
3 8985 8678 8674
3 8992 8678 8985
3 8680 8993 8681
3 8993 8683 8681
3 8994 8988 8989
3 8996 8995 8994
3 8989 8996 8994
3 8990 8996 8989
3 8997 8990 8991
3 8996 8990 8997
3 8684 8998 8676
3 8998 8991 8676
3 8998 8997 8991
3 8685 8998 8684
3 8999 8686 8687
3 9000 8999 8687
3 8678 9000 8687
3 8992 9000 8678
3 8689 9001 8688
3 9001 9002 8688
3 8688 9002 8680
3 9002 9003 8680
3 9003 8993 8680
3 8993 9003 8683
3 9003 8690 8683
3 9003 9004 8690
3 8692 8690 9004
3 8692 9004 9005
3 8995 8996 9006
3 8995 9006 9007
3 9008 8996 8997
3 9006 8996 9008
3 9009 8997 8998
3 9008 8997 9009
3 8693 9009 8685
3 8685 9009 8998
3 9011 9010 8999
3 9010 8686 8999
3 9010 8695 8686
3 9011 8999 9000
3 9013 9012 9001
3 8689 9013 9001
3 8696 9013 8689
3 9001 9012 9002
3 9005 9014 8692
3 8692 9014 8697
3 8699 8697 9014
3 8699 9014 9015
3 9007 9006 9016
3 9007 9016 9017
3 9018 9006 9008
3 9016 9006 9018
3 9019 9008 9009
3 9018 9008 9019
3 8702 9019 8693
3 8693 9019 9009
3 9010 8704 8695
3 9020 8704 9010
3 8705 9013 8696
3 8705 9021 9013
3 9015 9022 8699
3 8699 9022 8706
3 8708 8706 9022
3 8708 9022 9023
3 9017 9016 9024
3 9017 9024 9025
3 9026 9016 9018
3 9024 9016 9026
3 9027 9018 9019
3 9026 9018 9027
3 8711 9027 8702
3 8702 9027 9019
3 9020 8712 8704
3 9028 8712 9020
3 8714 9029 8713
3 9021 8705 9030
3 8705 9029 9030
3 9029 9031 9030
3 8705 8713 9029
3 8716 8717 9031
3 8717 9030 9031
3 8717 9032 9030
3 9033 8717 8718
3 9033 9032 8717
3 8718 8719 9033
3 9033 8719 9034
3 9023 9035 8708
3 8708 9035 8720
3 9037 9036 8722
3 8720 9037 8722
3 9035 9037 8720
3 9036 9037 9025
3 9024 9036 9025
3 9038 9036 9024
3 8724 9038 8725
3 9038 9026 8725
3 9038 9024 9026
3 8725 9026 8726
3 8726 9026 9027
3 8726 9027 8711
3 9028 8728 8712
3 9039 8728 9028
3 8729 9029 8714
3 9029 8729 8731
3 9029 8731 9031
3 9031 8731 8716
3 9040 9034 8719
3 9040 8719 8733
3 8733 8735 9040
3 9040 8735 9041
3 9036 8736 8722
3 8736 9036 8737
3 8737 9036 9038
3 8737 9038 8724
3 9039 8738 8728
3 9042 8738 9039
3 8735 8739 9043
3 9044 8735 9043
3 9041 8735 9044
3 8741 9043 8739
3 9042 8742 8738
3 9045 8742 9042
3 9044 9043 9046
3 9044 9046 9047
3 8744 9046 8741
3 8741 9046 9043
3 9049 8746 9048
3 8746 9045 9048
3 8746 8742 9045
3 9050 9049 9048
3 9051 9047 9046
3 9053 9051 9052
3 9052 9051 8747
3 9051 9046 8747
3 9046 8744 8747
3 8748 9054 8747
3 8747 9054 9052
3 8750 9054 8748
3 9055 8751 9049
3 9049 8751 8746
3 9049 9050 9056
3 9049 9056 9055
3 9059 9058 9057
3 9057 9058 9053
3 9052 9057 9053
3 9060 9057 9052
3 9061 9052 9054
3 9060 9052 9061
3 8753 9061 8750
3 8750 9061 9054
3 9055 8755 8751
3 9063 9062 8757
3 9063 8757 8755
3 9056 9063 8755
3 9055 9056 8755
3 9064 9062 9063
3 8760 9065 8759
3 9066 8761 8759
3 9066 8759 9065
3 8763 8761 9066
3 9069 9068 9067
3 9069 9067 9059
3 9057 9069 9059
3 9070 9069 9057
3 9071 9057 9060
3 9070 9057 9071
3 8767 9071 8766
3 9071 9061 8766
3 9071 9060 9061
3 8766 9061 8753
3 9062 8770 8757
3 9064 9072 9062
3 9072 8770 9062
3 9072 8772 8770
3 9072 9074 9073
3 8774 9072 9073
3 8772 9072 8774
3 9075 8776 8774
3 9075 8774 9073
3 9065 8760 8776
3 9075 9065 8776
3 9076 9065 9075
3 9065 9077 9066
3 9065 9076 9077
3 9068 9069 9078
3 8779 9078 9069
3 9078 8779 9077
3 8763 9077 8779
3 9077 8763 9066
3 8779 9069 8782
3 8782 9069 9070
3 8782 9070 8783
3 9070 9079 8783
3 9070 9071 9079
3 8784 9080 8767
3 9080 9071 8767
3 9080 9079 9071
3 8785 9080 8784
3 9074 9081 9073
3 9083 9082 9081
3 9082 9073 9081
3 9082 9075 9073
3 9075 9084 9076
3 9075 9082 9084
3 9076 9085 9077
3 9076 9084 9085
3 9078 9087 9086
3 9087 9078 8793
3 9077 8793 9078
3 8793 9077 8792
3 9085 8792 9077
3 8794 9088 8793
3 8793 9088 9087
3 8783 9079 8794
3 9079 9088 8794
3 9079 9089 9088
3 9090 9079 9080
3 9089 9079 9090
3 8796 9090 8785
3 8785 9090 9080
3 9092 9091 8799
3 8799 9091 8798
3 8800 9082 9083
3 9092 8800 9083
3 8799 8800 9092
3 9082 8800 8801
3 9082 8801 9084
3 9084 8801 8802
3 9084 8802 9085
3 9086 9094 9093
3 9094 9085 9093
3 8802 9093 9085
3 9093 8802 9095
3 8792 9095 8802
3 9095 8792 9094
3 9094 9087 9095
3 9086 9087 9094
3 9094 8792 9085
3 9096 9087 9088
3 9095 9087 9096
3 9097 9088 9089
3 9096 9088 9097
3 9098 9089 9090
3 9097 9089 9098
3 8804 9098 8796
3 8796 9098 9090
3 9091 8806 8798
3 9099 8806 9091
3 9100 9093 9095
3 9100 9095 9096
3 9100 9096 9101
3 9103 9102 9101
3 9096 9103 9101
3 9097 9103 9096
3 9104 9097 9098
3 9103 9097 9104
3 8808 9104 8804
3 8804 9104 9098
3 9105 8810 8811
3 9106 9105 8811
3 8806 9106 8811
3 9099 9106 8806
3 9102 9103 9107
3 9102 9107 9108
3 9109 9103 9104
3 9107 9103 9109
3 8813 9109 8808
3 8808 9109 9104
3 9110 8815 9105
3 9105 8815 8810
3 9105 9106 9111
3 9105 9111 9110
3 9108 9107 9112
3 9108 9112 9113
3 9114 9107 9109
3 9112 9107 9114
3 8819 9114 8813
3 8813 9114 9109
3 9115 8821 9110
3 9110 8821 8815
3 9110 9111 9116
3 9110 9116 9115
3 9113 9112 9117
3 9113 9117 9118
3 9119 9112 9114
3 9117 9112 9119
3 8825 9119 8819
3 8819 9119 9114
3 9120 8826 9115
3 9115 8826 8821
3 9115 9116 9121
3 9115 9121 9120
3 8828 9122 8827
3 9122 8830 8827
3 9118 9117 9123
3 9118 9123 9124
3 8833 9123 8832
3 9123 9119 8832
3 9123 9117 9119
3 8832 9119 8825
3 9120 8834 8826
3 8835 8834 9120
3 9121 8835 9120
3 9125 8835 9121
3 8836 9126 9122
3 8836 9122 8828
3 9126 8838 8830
3 9126 8830 9122
3 9124 9123 9127
3 9124 9127 9128
3 8840 9127 8833
3 8833 9127 9123
3 9125 8841 8835
3 9129 8841 9125
3 8843 9130 8842
3 9126 8836 8842
3 9130 9126 8842
3 9131 9126 9130
3 9131 8845 8838
3 9131 8838 9126
3 9128 9127 9132
3 9128 9132 9133
3 8847 9132 8840
3 8840 9132 9127
3 9129 8849 8841
3 9134 8849 9129
3 8850 9135 9130
3 8850 9130 8843
3 9130 9136 9131
3 9130 9135 9136
3 9136 8852 8845
3 9136 8845 9131
3 9137 9133 9132
3 9132 8847 9137
3 8847 9138 9137
3 8847 8854 9138
3 9134 8856 8849
3 9139 8856 9134
3 8857 9140 9135
3 8857 9135 8850
3 9135 9141 9136
3 9135 9140 9141
3 9141 8858 8852
3 9141 8852 9136
3 8860 9138 8854
3 8860 9142 9138
3 9139 8861 8856
3 9143 8861 9139
3 8862 9144 9140
3 8862 9140 8857
3 9144 8864 8865
3 9141 9144 8865
3 9140 9144 9141
3 9141 8865 8858
3 8867 9142 8860
3 8867 9145 9142
3 9143 8868 8861
3 9146 8868 9143
3 8869 9147 9144
3 8869 9144 8862
3 9147 8871 8864
3 9147 8864 9144
3 9150 9149 9148
3 9149 9145 9148
3 9145 8873 9148
3 9145 8867 8873
3 9152 9151 8875
3 8875 9151 8874
3 8875 8868 9146
3 8875 9146 9152
3 8876 9147 8869
3 9147 8876 8871
3 9155 9154 9153
3 9153 9154 9150
3 9153 9150 9148
3 8881 9153 9148
3 8880 8881 9148
3 8880 9148 8873
3 9151 8882 8874
3 9156 8882 9151
3 9159 9158 9157
3 9157 9158 9155
3 9157 9155 9153
3 8887 9157 9153
3 8886 8887 9153
3 8886 9153 8881
3 9160 8888 8889
3 8891 9160 8889
3 9156 8892 8882
3 9161 8892 9156
3 9162 9159 9157
3 9157 8887 9162
3 8887 9163 9162
3 8887 8895 9163
3 9165 9164 8897
3 8897 9164 8896
3 8897 8888 9160
3 9166 8897 9160
3 9165 8897 9166
3 9168 9166 9167
3 9167 9166 8899
3 9166 9160 8899
3 9160 8891 8899
3 8900 9167 8899
3 9170 8901 9169
3 8901 9161 9169
3 8901 8892 9161
3 9171 9170 9169
3 8902 9173 9172
3 9163 8902 9172
3 8895 8902 9163
3 9175 9174 9173
3 9173 9174 9172
3 8903 8904 9175
3 8904 9174 9175
3 8904 9176 9174
3 8904 8896 9164
3 8904 9164 9176
3 9168 9167 8905
3 8906 9168 8905
3 9177 9168 8906
3 8905 9167 8900
3 9178 8907 9170
3 9170 8907 8901
3 9170 9171 9179
3 9170 9179 9178
3 8908 9173 8902
3 9173 8908 8909
3 9173 8909 9175
3 9175 8909 8903
3 8911 9177 8906
3 8911 9180 9177
3 9181 8912 9178
3 9178 8912 8907
3 9178 9179 9182
3 9178 9182 9181
3 9184 9183 8914
3 9184 8914 8915
3 8914 9185 8916
3 9183 9185 8914
3 8916 9186 8917
3 9185 9186 8916
3 8917 9187 8918
3 9186 9187 8917
3 8911 8918 9180
3 9180 8918 9187
3 9181 8919 8912
3 8921 8919 9181
3 9182 8921 9181
3 9188 8921 9182
3 9190 9189 8922
3 9190 8922 8923
3 8915 8922 9184
3 9184 8922 9189
3 9192 9191 8925
3 8925 9191 8924
3 8925 8921 9188
3 8925 9188 9192
3 9194 9193 8926
3 9194 8926 8927
3 8926 9195 8928
3 9193 9195 8926
3 8923 8928 9190
3 9190 8928 9195
3 9197 9196 8930
3 8930 9196 8929
3 8930 8924 9191
3 8930 9191 9197
3 9199 9198 8931
3 9199 8931 8932
3 8931 9200 8933
3 9198 9200 8931
3 8927 8933 9194
3 9194 8933 9200
3 9202 9201 8936
3 8936 9201 8935
3 8936 8929 9196
3 8936 9196 9202
3 9204 9203 8937
3 9204 8937 8938
3 8932 8937 9199
3 9199 8937 9203
3 9201 8940 8935
3 9205 8940 9201
3 8941 9204 8938
3 8941 9206 9204
3 9205 8942 8940
3 9207 8942 9205
3 8943 9206 8941
3 8943 9208 9206
3 9207 8944 8942
3 9209 8944 9207
3 8945 9208 8943
3 8945 9210 9208
3 9209 8946 8944
3 9211 8946 9209
3 8947 9210 8945
3 8947 9212 9210
3 9211 8948 8946
3 9213 8948 9211
3 8949 9212 8947
3 8949 9214 9212
3 9213 8950 8948
3 9215 8950 9213
3 9218 9217 9216
3 9217 9214 9216
3 9214 8951 9216
3 9214 8949 8951
3 9215 9219 8950
3 8950 9219 8952
3 8952 9220 8954
3 9219 9220 8952
3 9216 8955 9218
3 8955 9220 9218
3 8955 8954 9220
3 8955 9216 8951
3 9221 8959 8960
3 8961 9222 8960
3 8960 9222 9221
3 8962 9223 8961
3 8961 9223 9222
3 8964 9223 8962
3 9224 8968 8969
3 9225 9224 8969
3 9225 8969 8959
3 9226 9225 8959
3 9221 9226 8959
3 9226 9221 9222
3 9226 9222 9227
3 9227 9222 9223
3 9227 9223 9228
3 9230 9228 9229
3 9229 9228 8970
3 9228 9223 8970
3 9223 8964 8970
3 8971 9231 8970
3 8970 9231 9229
3 8972 9231 8971
3 9233 9232 9224
3 9232 8968 9224
3 9232 8978 8968
3 9233 9224 9225
3 9234 9230 9229
3 9234 9229 9231
3 9234 9231 9235
3 9237 9235 9236
3 9236 9235 8979
3 9235 9231 8979
3 9231 8972 8979
3 8980 9236 8979
3 9238 8985 8986
3 9239 9238 8986
3 8978 9239 8986
3 9232 9239 8978
3 9240 9237 9236
3 9242 9240 9241
3 9241 9240 8987
3 9240 9236 8987
3 9236 8980 8987
3 8988 9241 8987
3 9243 8992 9238
3 9238 8992 8985
3 9238 9239 9244
3 9238 9244 9243
3 9245 9242 9241
3 9247 9245 9246
3 9246 9245 8994
3 9245 9241 8994
3 9241 8988 8994
3 8995 9246 8994
3 9249 9248 9243
3 9248 8992 9243
3 9248 9000 8992
3 9249 9243 9244
3 9002 9250 9003
3 9251 9004 9003
3 9251 9003 9250
3 9251 9005 9004
3 9247 9246 9252
3 9247 9252 9253
3 9007 9252 8995
3 8995 9252 9246
3 9254 9010 9011
3 9255 9254 9011
3 9000 9255 9011
3 9248 9255 9000
3 9013 9256 9012
3 9256 9257 9012
3 9012 9257 9002
3 9257 9258 9002
3 9258 9250 9002
3 9250 9258 9251
3 9251 9258 9259
3 9259 9261 9260
3 9259 9260 9014
3 9251 9259 9014
3 9005 9251 9014
3 9260 9015 9014
3 9253 9252 9262
3 9253 9262 9263
3 9017 9262 9007
3 9007 9262 9252
3 9265 9264 9254
3 9264 9010 9254
3 9264 9020 9010
3 9265 9254 9255
3 9021 9266 9256
3 9021 9256 9013
3 9257 9256 9267
3 9267 9256 9266
3 9261 9268 9260
3 9268 9270 9269
3 9268 9269 9022
3 9260 9268 9022
3 9015 9260 9022
3 9023 9022 9269
3 9273 9272 9271
3 9273 9271 9263
3 9262 9273 9263
3 9274 9273 9262
3 9025 9274 9017
3 9017 9274 9262
3 9264 9028 9020
3 9275 9028 9264
3 9030 9266 9021
3 9276 9267 9266
3 9030 9276 9266
3 9032 9276 9030
3 9277 9032 9033
3 9277 9276 9032
3 9033 9034 9277
3 9277 9034 9278
3 9270 9279 9269
3 9272 9273 9279
3 9273 9035 9279
3 9023 9269 9279
3 9023 9279 9035
3 9035 9273 9037
3 9037 9273 9274
3 9037 9274 9025
3 9275 9039 9028
3 9280 9039 9275
3 9281 9278 9034
3 9281 9034 9040
3 9040 9041 9281
3 9281 9041 9282
3 9280 9042 9039
3 9283 9042 9280
3 9044 9282 9041
3 9044 9284 9282
3 9286 9045 9285
3 9045 9283 9285
3 9045 9042 9283
3 9287 9286 9285
3 9047 9284 9044
3 9047 9288 9284
3 9286 9048 9045
3 9290 9289 9050
3 9290 9050 9048
3 9287 9290 9048
3 9286 9287 9048
3 9292 9291 9289
3 9292 9289 9290
3 9293 9291 9292
3 9296 9295 9294
3 9297 9294 9051
3 9294 9288 9051
3 9288 9047 9051
3 9288 9294 9295
3 9053 9297 9051
3 9298 9056 9289
3 9289 9056 9050
3 9299 9289 9291
3 9298 9289 9299
3 9291 9293 9300
3 9291 9300 9299
3 9296 9294 9301
3 9296 9301 9302
3 9059 9301 9058
3 9301 9297 9058
3 9301 9294 9297
3 9058 9297 9053
3 9298 9063 9056
3 9298 9299 9303
3 9064 9298 9303
3 9304 9064 9303
3 9298 9064 9063
3 9307 9306 9305
3 9300 9303 9299
3 9309 9308 9306
3 9309 9306 9307
3 9311 9310 9308
3 9311 9308 9309
3 9313 9312 9310
3 9313 9310 9311
3 9312 9313 9302
3 9312 9302 9301
3 9068 9312 9301
3 9067 9068 9301
3 9067 9301 9059
3 9304 9314 9064
3 9064 9314 9072
3 9306 9315 9074
3 9314 9306 9074
3 9072 9314 9074
3 9305 9306 9314
3 9316 9306 9308
3 9315 9306 9316
3 9317 9308 9310
3 9316 9308 9317
3 9318 9310 9312
3 9317 9310 9318
3 9078 9318 9068
3 9068 9318 9312
3 9315 9081 9074
3 9081 9315 9083
3 9315 9319 9083
3 9315 9316 9319
3 9320 9316 9317
3 9319 9316 9320
3 9321 9317 9318
3 9320 9317 9321
3 9086 9321 9078
3 9078 9321 9318
3 9322 9091 9092
3 9083 9319 9092
3 9319 9322 9092
3 9319 9323 9322
3 9320 9325 9324
3 9323 9320 9324
3 9319 9320 9323
3 9325 9320 9321
3 9325 9321 9326
3 9321 9086 9326
3 9086 9327 9326
3 9086 9093 9327
3 9329 9328 9322
3 9328 9091 9322
3 9328 9099 9091
3 9329 9322 9323
3 9329 9323 9330
3 9330 9323 9324
3 9333 9332 9331
3 9334 9331 9100
3 9331 9327 9100
3 9327 9093 9100
3 9327 9331 9332
3 9101 9335 9100
3 9100 9335 9334
3 9102 9335 9101
3 9328 9106 9099
3 9336 9106 9328
3 9333 9331 9337
3 9333 9337 9338
3 9339 9331 9334
3 9337 9331 9339
3 9340 9334 9335
3 9339 9334 9340
3 9108 9340 9102
3 9102 9340 9335
3 9336 9111 9106
3 9341 9111 9336
3 9342 9338 9337
3 9344 9343 9342
3 9337 9344 9342
3 9339 9344 9337
3 9345 9339 9340
3 9344 9339 9345
3 9113 9345 9108
3 9108 9345 9340
3 9341 9116 9111
3 9346 9116 9341
3 9347 9343 9344
3 9349 9348 9347
3 9344 9349 9347
3 9345 9349 9344
3 9118 9349 9113
3 9113 9349 9345
3 9346 9121 9116
3 9350 9121 9346
3 9348 9349 9351
3 9348 9351 9352
3 9124 9351 9118
3 9118 9351 9349
3 9350 9125 9121
3 9353 9125 9350
3 9354 9352 9351
3 9351 9124 9354
3 9124 9355 9354
3 9124 9128 9355
3 9353 9129 9125
3 9356 9129 9353
3 9133 9355 9128
3 9133 9357 9355
3 9356 9134 9129
3 9358 9134 9356
3 9361 9360 9359
3 9362 9359 9137
3 9359 9357 9137
3 9357 9133 9137
3 9357 9359 9360
3 9138 9362 9137
3 9358 9139 9134
3 9363 9139 9358
3 9364 9361 9359
3 9366 9365 9364
3 9359 9366 9364
3 9362 9366 9359
3 9142 9366 9138
3 9138 9366 9362
3 9363 9143 9139
3 9367 9143 9363
3 9365 9366 9368
3 9365 9368 9369
3 9145 9368 9142
3 9142 9368 9366
3 9367 9146 9143
3 9370 9146 9367
3 9369 9368 9149
3 9150 9369 9149
3 9371 9369 9150
3 9149 9368 9145
3 9372 9151 9152
3 9373 9372 9152
3 9146 9373 9152
3 9370 9373 9146
3 9376 9375 9374
3 9154 9155 9374
3 9375 9154 9374
3 9377 9154 9375
3 9150 9154 9371
3 9371 9154 9377
3 9378 9156 9372
3 9372 9156 9151
3 9372 9373 9379
3 9372 9379 9378
3 9382 9381 9380
3 9380 9381 9376
3 9380 9376 9374
3 9159 9380 9374
3 9158 9159 9374
3 9158 9374 9155
3 9383 9161 9378
3 9378 9161 9156
3 9378 9379 9384
3 9378 9384 9383
3 9385 9382 9380
3 9387 9385 9386
3 9386 9385 9162
3 9385 9380 9162
3 9380 9159 9162
3 9163 9386 9162
3 9388 9164 9165
3 9388 9165 9389
3 9165 9390 9389
3 9165 9166 9390
3 9166 9168 9390
3 9390 9168 9391
3 9383 9169 9161
3 9393 9392 9171
3 9393 9171 9169
3 9384 9393 9169
3 9383 9384 9169
3 9394 9392 9393
3 9395 9387 9386
3 9395 9386 9163
3 9172 9395 9163
3 9396 9395 9172
3 9397 9172 9174
3 9397 9396 9172
3 9398 9174 9176
3 9398 9397 9174
3 9176 9164 9388
3 9399 9176 9388
3 9398 9176 9399
3 9399 9388 9389
3 9177 9391 9168
3 9177 9400 9391
3 9402 9401 9392
3 9401 9171 9392
3 9401 9179 9171
3 9402 9392 9394
3 9180 9400 9177
3 9180 9403 9400
3 9401 9182 9179
3 9404 9182 9401
3 9407 9406 9405
3 9183 9184 9405
3 9406 9183 9405
3 9408 9183 9406
3 9408 9410 9409
3 9185 9408 9409
3 9183 9408 9185
3 9411 9186 9185
3 9411 9185 9409
3 9186 9411 9412
3 9413 9186 9412
3 9187 9186 9413
3 9180 9187 9403
3 9403 9187 9413
3 9416 9415 9414
3 9404 9416 9414
3 9188 9404 9414
3 9182 9404 9188
3 9419 9418 9417
3 9417 9418 9407
3 9417 9407 9405
3 9190 9417 9405
3 9189 9190 9405
3 9189 9405 9184
3 9410 9420 9409
3 9409 9420 9411
3 9411 9420 9421
3 9411 9421 9412
3 9424 9423 9422
3 9424 9422 9415
3 9415 9422 9414
3 9422 9191 9414
3 9191 9192 9414
3 9414 9192 9188
3 9427 9426 9425
3 9193 9194 9425
3 9426 9193 9425
3 9428 9193 9426
3 9417 9195 9419
3 9195 9428 9419
3 9195 9193 9428
3 9195 9417 9190
3 9422 9423 9197
3 9423 9196 9197
3 9423 9429 9196
3 9422 9197 9191
3 9431 9430 9198
3 9431 9198 9199
3 9425 9200 9427
3 9200 9430 9427
3 9200 9198 9430
3 9200 9425 9194
3 9434 9433 9432
3 9432 9435 9434
3 9436 9201 9202
3 9437 9436 9202
3 9196 9437 9202
3 9429 9437 9196
3 9439 9438 9203
3 9439 9203 9204
3 9199 9203 9431
3 9431 9203 9438
3 9433 9440 9432
3 9432 9440 9435
3 9442 9441 9436
3 9441 9201 9436
3 9441 9205 9201
3 9442 9436 9437
3 9206 9439 9204
3 9206 9443 9439
3 9441 9207 9205
3 9444 9207 9441
3 9208 9443 9206
3 9208 9445 9443
3 9444 9209 9207
3 9446 9209 9444
3 9210 9445 9208
3 9210 9447 9445
3 9446 9211 9209
3 9448 9211 9446
3 9212 9447 9210
3 9212 9449 9447
3 9448 9213 9211
3 9450 9213 9448
3 9214 9449 9212
3 9214 9451 9449
3 9450 9215 9213
3 9452 9215 9450
3 9454 9453 9217
3 9454 9217 9218
3 9214 9217 9451
3 9451 9217 9453
3 9452 9455 9215
3 9215 9455 9219
3 9219 9456 9220
3 9455 9456 9219
3 9218 9220 9454
3 9454 9220 9456
3 9457 9225 9226
3 9227 9458 9226
3 9226 9458 9457
3 9228 9459 9227
3 9227 9459 9458
3 9230 9459 9228
3 9460 9232 9233
3 9461 9460 9233
3 9461 9233 9225
3 9462 9461 9225
3 9457 9462 9225
3 9462 9457 9458
3 9462 9458 9463
3 9463 9458 9459
3 9463 9459 9464
3 9466 9464 9465
3 9465 9464 9234
3 9464 9459 9234
3 9459 9230 9234
3 9235 9467 9234
3 9234 9467 9465
3 9237 9467 9235
3 9468 9239 9460
3 9460 9239 9232
3 9460 9461 9469
3 9460 9469 9468
3 9470 9466 9465
3 9470 9465 9467
3 9470 9467 9471
3 9473 9471 9472
3 9472 9471 9240
3 9471 9467 9240
3 9467 9237 9240
3 9242 9472 9240
3 9475 9474 9468
3 9474 9239 9468
3 9474 9244 9239
3 9475 9468 9469
3 9473 9472 9476
3 9473 9476 9477
3 9245 9478 9242
3 9478 9472 9242
3 9478 9476 9472
3 9247 9478 9245
3 9479 9248 9249
3 9480 9479 9249
3 9244 9480 9249
3 9474 9480 9244
3 9481 9477 9476
3 9483 9482 9481
3 9476 9483 9481
3 9478 9483 9476
3 9253 9483 9247
3 9247 9483 9478
3 9485 9484 9479
3 9484 9248 9479
3 9484 9255 9248
3 9485 9479 9480
3 9257 9486 9258
3 9487 9259 9258
3 9487 9258 9486
3 9487 9261 9259
3 9482 9483 9488
3 9482 9488 9489
3 9263 9488 9253
3 9253 9488 9483
3 9490 9264 9265
3 9491 9490 9265
3 9255 9491 9265
3 9484 9491 9255
3 9267 9492 9486
3 9267 9486 9257
3 9494 9487 9493
3 9487 9492 9493
3 9487 9486 9492
3 9487 9494 9261
3 9494 9268 9261
3 9494 9495 9268
3 9497 9496 9270
3 9268 9497 9270
3 9495 9497 9268
3 9496 9497 9489
3 9496 9489 9488
3 9272 9496 9488
3 9271 9272 9488
3 9271 9488 9263
3 9499 9498 9490
3 9498 9264 9490
3 9498 9275 9264
3 9499 9490 9491
3 9276 9492 9267
3 9500 9493 9492
3 9276 9500 9492
3 9277 9500 9276
3 9277 9278 9500
3 9500 9278 9501
3 9496 9279 9270
3 9279 9496 9272
3 9498 9280 9275
3 9502 9280 9498
3 9278 9281 9503
3 9504 9278 9503
3 9501 9278 9504
3 9282 9503 9281
3 9506 9283 9505
3 9283 9502 9505
3 9283 9280 9502
3 9507 9506 9505
3 9504 9503 9508
3 9504 9508 9509
3 9284 9508 9282
3 9282 9508 9503
3 9506 9285 9283
3 9511 9510 9287
3 9511 9287 9285
3 9507 9511 9285
3 9506 9507 9285
3 9513 9512 9510
3 9513 9510 9511
3 9514 9512 9513
3 9509 9508 9515
3 9509 9515 9516
3 9288 9515 9284
3 9284 9515 9508
3 9510 9290 9287
3 9290 9510 9292
3 9292 9510 9512
3 9293 9292 9512
3 9514 9293 9512
3 9517 9293 9514
3 9516 9515 9295
3 9296 9516 9295
3 9518 9516 9296
3 9295 9515 9288
3 9520 9300 9519
3 9300 9517 9519
3 9300 9293 9517
3 9522 9521 9520
3 9522 9520 9519
3 9524 9523 9521
3 9524 9521 9522
3 9526 9525 9523
3 9526 9523 9524
3 9526 9518 9525
3 9518 9302 9525
3 9518 9296 9302
3 9527 9304 9303
3 9303 9300 9527
3 9300 9520 9527
3 9307 9305 9527
3 9307 9527 9520
3 9307 9520 9309
3 9309 9520 9521
3 9309 9521 9311
3 9311 9521 9523
3 9311 9523 9313
3 9313 9523 9525
3 9313 9525 9302
3 9527 9314 9304
3 9314 9527 9305
3 9528 9324 9325
3 9326 9529 9325
3 9325 9529 9528
3 9327 9529 9326
3 9530 9328 9329
3 9330 9531 9329
3 9329 9531 9530
3 9324 9528 9330
3 9528 9531 9330
3 9528 9532 9531
3 9333 9532 9332
3 9532 9529 9332
3 9532 9528 9529
3 9332 9529 9327
3 9533 9336 9530
3 9530 9336 9328
3 9534 9530 9531
3 9533 9530 9534
3 9535 9531 9532
3 9534 9531 9535
3 9338 9535 9333
3 9333 9535 9532
3 9536 9341 9533
3 9533 9341 9336
3 9537 9533 9534
3 9536 9533 9537
3 9535 9539 9538
3 9537 9535 9538
3 9534 9535 9537
3 9541 9539 9540
3 9540 9539 9342
3 9539 9535 9342
3 9535 9338 9342
3 9343 9540 9342
3 9542 9346 9536
3 9536 9346 9341
3 9543 9536 9537
3 9542 9536 9543
3 9537 9538 9544
3 9545 9537 9544
3 9543 9537 9545
3 9545 9544 9541
3 9540 9545 9541
3 9546 9545 9540
3 9347 9547 9343
3 9547 9540 9343
3 9547 9546 9540
3 9348 9547 9347
3 9548 9350 9542
3 9542 9350 9346
3 9543 9550 9549
3 9548 9543 9549
3 9542 9543 9548
3 9550 9543 9545
3 9550 9545 9551
3 9553 9552 9551
3 9545 9553 9551
3 9546 9553 9545
3 9554 9546 9547
3 9553 9546 9554
3 9352 9554 9348
3 9348 9554 9547
3 9556 9555 9548
3 9555 9350 9548
3 9555 9353 9350
3 9556 9548 9549
3 9552 9553 9557
3 9552 9557 9558
3 9559 9553 9554
3 9557 9553 9559
3 9354 9560 9352
3 9560 9554 9352
3 9560 9559 9554
3 9355 9560 9354
3 9555 9356 9353
3 9561 9356 9555
3 9558 9557 9562
3 9558 9562 9563
3 9564 9557 9559
3 9562 9557 9564
3 9565 9559 9560
3 9564 9559 9565
3 9357 9565 9355
3 9355 9565 9560
3 9561 9358 9356
3 9566 9358 9561
3 9563 9562 9567
3 9563 9567 9568
3 9569 9562 9564
3 9567 9562 9569
3 9361 9569 9360
3 9569 9565 9360
3 9569 9564 9565
3 9360 9565 9357
3 9566 9363 9358
3 9570 9363 9566
3 9571 9568 9567
3 9573 9572 9571
3 9567 9573 9571
3 9569 9573 9567
3 9364 9574 9361
3 9574 9569 9361
3 9574 9573 9569
3 9365 9574 9364
3 9576 9367 9575
3 9367 9570 9575
3 9367 9363 9570
3 9577 9576 9575
3 9572 9573 9578
3 9572 9578 9579
3 9580 9573 9574
3 9578 9573 9580
3 9369 9580 9365
3 9365 9580 9574
3 9581 9370 9576
3 9576 9370 9367
3 9576 9577 9582
3 9576 9582 9581
3 9583 9579 9578
3 9585 9584 9583
3 9578 9585 9583
3 9580 9585 9578
3 9371 9585 9369
3 9369 9585 9580
3 9586 9373 9581
3 9581 9373 9370
3 9581 9582 9587
3 9588 9581 9587
3 9586 9581 9588
3 9589 9588 9587
3 9376 9590 9375
3 9591 9584 9585
3 9375 9591 9585
3 9377 9375 9585
3 9591 9375 9590
3 9377 9585 9371
3 9592 9379 9586
3 9586 9379 9373
3 9593 9586 9588
3 9592 9586 9593
3 9588 9589 9594
3 9595 9588 9594
3 9593 9588 9595
3 9381 9382 9595
3 9594 9381 9595
3 9596 9381 9594
3 9376 9381 9590
3 9381 9597 9590
3 9381 9596 9597
3 9590 9597 9591
3 9598 9384 9592
3 9592 9384 9379
3 9599 9592 9593
3 9598 9592 9599
3 9600 9593 9595
3 9599 9593 9600
3 9385 9601 9382
3 9601 9595 9382
3 9601 9600 9595
3 9387 9601 9385
3 9602 9389 9390
3 9391 9602 9390
3 9598 9393 9384
3 9598 9599 9603
3 9394 9598 9603
3 9604 9394 9603
3 9598 9394 9393
3 9603 9599 9600
3 9603 9600 9605
3 9605 9600 9601
3 9605 9601 9606
3 9606 9601 9387
3 9395 9606 9387
3 9607 9606 9395
3 9608 9395 9396
3 9608 9607 9395
3 9609 9396 9397
3 9609 9608 9396
3 9610 9397 9398
3 9610 9609 9397
3 9611 9398 9399
3 9611 9610 9398
3 9399 9389 9602
3 9612 9399 9602
3 9611 9399 9612
3 9602 9391 9612
3 9391 9613 9612
3 9391 9400 9613
3 9615 9614 9402
3 9402 9614 9401
3 9402 9394 9604
3 9402 9604 9615
3 9403 9613 9400
3 9403 9616 9613
3 9619 9618 9617
3 9614 9619 9617
3 9404 9614 9617
3 9401 9614 9404
3 9621 9620 9406
3 9621 9406 9407
3 9620 9623 9622
3 9408 9620 9622
3 9406 9620 9408
3 9622 9410 9408
3 9412 9624 9413
3 9624 9625 9413
3 9625 9403 9413
3 9625 9616 9403
3 9617 9618 9416
3 9618 9415 9416
3 9618 9626 9415
3 9617 9416 9404
3 9629 9628 9627
3 9418 9419 9627
3 9628 9418 9627
3 9630 9418 9628
3 9407 9418 9621
3 9621 9418 9630
3 9623 9631 9622
3 9622 9631 9410
3 9631 9420 9410
3 9631 9632 9420
3 9420 9633 9421
3 9632 9633 9420
3 9412 9421 9624
3 9421 9634 9624
3 9421 9633 9634
3 9624 9634 9625
3 9636 9635 9424
3 9424 9635 9423
3 9424 9415 9626
3 9424 9626 9636
3 9638 9637 9426
3 9638 9426 9427
3 9627 9428 9629
3 9428 9637 9629
3 9428 9426 9637
3 9428 9627 9419
3 9641 9640 9639
3 9639 9642 9641
3 9635 9429 9423
3 9643 9429 9635
3 9645 9644 9430
3 9645 9430 9431
3 9427 9430 9638
3 9638 9430 9644
3 9648 9647 9646
3 9648 9646 9640
3 9640 9646 9639
3 9646 9433 9639
3 9433 9434 9639
3 9434 9435 9639
3 9435 9642 9639
3 9435 9649 9642
3 9643 9437 9429
3 9650 9437 9643
3 9652 9651 9438
3 9652 9438 9439
3 9431 9438 9645
3 9645 9438 9651
3 9647 9653 9646
3 9646 9653 9433
3 9653 9440 9433
3 9653 9654 9440
3 9435 9440 9649
3 9649 9440 9654
3 9655 9441 9442
3 9656 9655 9442
3 9437 9656 9442
3 9650 9656 9437
3 9443 9652 9439
3 9443 9657 9652
3 9659 9658 9655
3 9658 9441 9655
3 9658 9444 9441
3 9659 9655 9656
3 9445 9657 9443
3 9445 9660 9657
3 9658 9446 9444
3 9661 9446 9658
3 9447 9660 9445
3 9447 9662 9660
3 9664 9448 9663
3 9448 9661 9663
3 9448 9446 9661
3 9665 9664 9663
3 9449 9662 9447
3 9449 9666 9662
3 9667 9450 9664
3 9664 9450 9448
3 9664 9665 9668
3 9664 9668 9667
3 9451 9666 9449
3 9451 9669 9666
3 9671 9670 9667
3 9670 9450 9667
3 9670 9452 9450
3 9671 9667 9668
3 9673 9672 9453
3 9673 9453 9454
3 9451 9453 9669
3 9669 9453 9672
3 9670 9674 9452
3 9452 9674 9455
3 9455 9675 9456
3 9674 9675 9455
3 9454 9456 9673
3 9673 9456 9675
3 9676 9461 9462
3 9463 9677 9462
3 9462 9677 9676
3 9464 9678 9463
3 9463 9678 9677
3 9466 9678 9464
3 9679 9469 9676
3 9676 9469 9461
3 9677 9681 9680
3 9679 9677 9680
3 9676 9677 9679
3 9681 9677 9678
3 9681 9678 9682
3 9682 9678 9466
3 9470 9682 9466
3 9683 9682 9470
3 9685 9683 9684
3 9683 9471 9684
3 9683 9470 9471
3 9473 9684 9471
3 9686 9474 9475
3 9687 9686 9475
3 9687 9475 9469
3 9688 9687 9469
3 9679 9688 9469
3 9688 9679 9680
3 9689 9685 9684
3 9684 9473 9689
3 9473 9690 9689
3 9473 9477 9690
3 9692 9691 9686
3 9691 9474 9686
3 9691 9480 9474
3 9692 9686 9687
3 9477 9481 9693
3 9694 9477 9693
3 9690 9477 9694
3 9482 9693 9481
3 9695 9484 9485
3 9696 9695 9485
3 9480 9696 9485
3 9691 9696 9480
3 9694 9693 9697
3 9694 9697 9698
3 9489 9697 9482
3 9482 9697 9693
3 9700 9699 9695
3 9699 9484 9695
3 9699 9491 9484
3 9700 9695 9696
3 9493 9701 9494
3 9702 9495 9494
3 9702 9494 9701
3 9703 9698 9697
3 9495 9703 9697
3 9497 9495 9697
3 9703 9495 9702
3 9497 9697 9489
3 9704 9498 9499
3 9705 9704 9499
3 9491 9705 9499
3 9699 9705 9491
3 9500 9701 9493
3 9702 9701 9706
3 9701 9501 9706
3 9501 9707 9706
3 9501 9701 9500
3 9702 9706 9703
3 9708 9502 9704
3 9704 9502 9498
3 9704 9705 9709
3 9704 9709 9708
3 9504 9707 9501
3 9504 9710 9707
3 9708 9505 9502
3 9712 9711 9507
3 9712 9507 9505
3 9709 9712 9505
3 9708 9709 9505
3 9713 9711 9712
3 9509 9710 9504
3 9509 9714 9710
3 9711 9511 9507
3 9713 9715 9711
3 9715 9511 9711
3 9715 9513 9511
3 9514 9513 9715
3 9514 9715 9716
3 9516 9714 9509
3 9516 9717 9714
3 9719 9517 9718
3 9517 9716 9718
3 9517 9514 9716
3 9721 9720 9719
3 9721 9719 9718
3 9723 9722 9720
3 9723 9720 9721
3 9725 9724 9722
3 9725 9722 9723
3 9725 9717 9724
3 9717 9518 9724
3 9717 9516 9518
3 9719 9519 9517
3 9519 9719 9522
3 9522 9719 9720
3 9522 9720 9524
3 9524 9720 9722
3 9524 9722 9526
3 9526 9722 9724
3 9526 9724 9518
3 9726 9538 9539
3 9541 9726 9539
3 9726 9544 9538
3 9544 9726 9541
3 9727 9549 9550
3 9551 9728 9550
3 9550 9728 9727
3 9552 9728 9551
3 9729 9555 9556
3 9549 9727 9556
3 9727 9729 9556
3 9727 9730 9729
3 9731 9727 9728
3 9730 9727 9731
3 9558 9731 9552
3 9552 9731 9728
3 9732 9561 9729
3 9729 9561 9555
3 9733 9729 9730
3 9732 9729 9733
3 9734 9730 9731
3 9733 9730 9734
3 9563 9734 9558
3 9558 9734 9731
3 9735 9566 9732
3 9732 9566 9561
3 9736 9732 9733
3 9735 9732 9736
3 9737 9733 9734
3 9736 9733 9737
3 9568 9737 9563
3 9563 9737 9734
3 9738 9570 9735
3 9735 9570 9566
3 9739 9735 9736
3 9738 9735 9739
3 9740 9736 9737
3 9739 9736 9740
3 9571 9741 9568
3 9741 9737 9568
3 9741 9740 9737
3 9572 9741 9571
3 9738 9575 9570
3 9575 9738 9577
3 9738 9742 9577
3 9738 9739 9742
3 9743 9739 9740
3 9742 9739 9743
3 9744 9740 9741
3 9743 9740 9744
3 9579 9744 9572
3 9572 9744 9741
3 9745 9582 9742
3 9742 9582 9577
3 9746 9742 9743
3 9745 9742 9746
3 9747 9743 9744
3 9746 9743 9747
3 9583 9748 9579
3 9748 9744 9579
3 9748 9747 9744
3 9584 9748 9583
3 9745 9587 9582
3 9587 9745 9589
3 9745 9749 9589
3 9745 9746 9749
3 9750 9746 9747
3 9749 9746 9750
3 9751 9747 9748
3 9750 9747 9751
3 9591 9751 9584
3 9584 9751 9748
3 9749 9594 9589
3 9594 9749 9596
3 9596 9749 9750
3 9596 9750 9597
3 9597 9750 9751
3 9597 9751 9591
3 9753 9752 9603
3 9603 9752 9604
3 9754 9603 9605
3 9754 9753 9603
3 9755 9605 9606
3 9755 9754 9605
3 9756 9606 9607
3 9756 9755 9606
3 9757 9607 9608
3 9757 9756 9607
3 9758 9608 9609
3 9758 9757 9608
3 9759 9609 9610
3 9759 9758 9609
3 9760 9610 9611
3 9760 9759 9610
3 9761 9611 9612
3 9761 9760 9611
3 9612 9613 9761
3 9761 9613 9762
3 9764 9763 9615
3 9615 9763 9614
3 9615 9604 9752
3 9615 9752 9764
3 9616 9762 9613
3 9616 9765 9762
3 9767 9766 9619
3 9619 9766 9618
3 9619 9614 9763
3 9619 9763 9767
3 9621 9768 9620
3 9768 9623 9620
3 9625 9765 9616
3 9625 9769 9765
3 9766 9626 9618
3 9770 9626 9766
3 9772 9771 9628
3 9772 9628 9629
3 9628 9773 9630
3 9771 9773 9628
3 9621 9630 9768
3 9630 9774 9768
3 9630 9773 9774
3 9768 9774 9623
3 9774 9631 9623
3 9774 9775 9631
3 9775 9777 9776
3 9632 9775 9776
3 9631 9775 9632
3 9778 9633 9632
3 9778 9632 9776
3 9633 9778 9779
3 9780 9633 9779
3 9634 9633 9780
3 9625 9634 9769
3 9769 9634 9780
3 9782 9781 9636
3 9636 9781 9635
3 9636 9626 9770
3 9636 9770 9782
3 9784 9783 9637
3 9784 9637 9638
3 9629 9637 9772
3 9772 9637 9783
3 9787 9786 9785
3 9787 9785 9777
3 9785 9776 9777
3 9785 9788 9776
3 9788 9640 9641
3 9778 9788 9641
3 9776 9788 9778
3 9641 9642 9778
3 9642 9779 9778
3 9642 9789 9779
3 9781 9643 9635
3 9790 9643 9781
3 9792 9791 9644
3 9792 9644 9645
3 9638 9644 9784
3 9784 9644 9791
3 9795 9794 9793
3 9795 9793 9786
3 9793 9785 9786
3 9793 9796 9785
3 9796 9647 9648
3 9788 9796 9648
3 9785 9796 9788
3 9788 9648 9640
3 9649 9789 9642
3 9649 9797 9789
3 9790 9650 9643
3 9798 9650 9790
3 9652 9799 9651
3 9799 9800 9651
3 9800 9645 9651
3 9800 9792 9645
3 9794 9801 9793
3 9793 9801 9796
3 9796 9801 9802
3 9802 9804 9803
3 9802 9803 9653
3 9796 9802 9653
3 9647 9796 9653
3 9805 9654 9653
3 9805 9653 9803
3 9805 9806 9654
3 9806 9649 9654
3 9806 9797 9649
3 9798 9656 9650
3 9807 9656 9798
3 9657 9808 9799
3 9657 9799 9652
3 9800 9799 9809
3 9809 9799 9808
3 9804 9810 9803
3 9803 9810 9805
3 9805 9810 9811
3 9805 9811 9806
3 9812 9658 9659
3 9813 9812 9659
3 9656 9813 9659
3 9807 9813 9656
3 9660 9814 9808
3 9660 9808 9657
3 9809 9808 9815
3 9815 9808 9814
3 9816 9661 9812
3 9812 9661 9658
3 9812 9813 9817
3 9812 9817 9816
3 9662 9818 9814
3 9662 9814 9660
3 9815 9814 9819
3 9819 9814 9818
3 9816 9663 9661
3 9665 9663 9816
3 9817 9665 9816
3 9820 9665 9817
3 9822 9821 9818
3 9662 9822 9818
3 9666 9822 9662
3 9818 9821 9819
3 9820 9668 9665
3 9823 9668 9820
3 9826 9825 9824
3 9825 9822 9824
3 9822 9669 9824
3 9822 9666 9669
3 9828 9827 9671
3 9671 9827 9670
3 9671 9668 9823
3 9671 9823 9828
3 9826 9824 9672
3 9673 9826 9672
3 9829 9826 9673
3 9672 9824 9669
3 9827 9830 9670
3 9670 9830 9674
3 9674 9831 9675
3 9830 9831 9674
3 9673 9675 9829
3 9829 9675 9831
3 9832 9680 9681
3 9682 9833 9681
3 9681 9833 9832
3 9683 9834 9682
3 9682 9834 9833
3 9685 9834 9683
3 9835 9687 9688
3 9836 9835 9688
3 9836 9688 9680
3 9837 9836 9680
3 9832 9837 9680
3 9837 9832 9833
3 9837 9833 9838
3 9838 9833 9834
3 9838 9834 9839
3 9841 9839 9840
3 9840 9839 9689
3 9839 9834 9689
3 9834 9685 9689
3 9690 9840 9689
3 9842 9691 9692
3 9843 9842 9692
3 9843 9692 9687
3 9844 9843 9687
3 9835 9844 9687
3 9844 9835 9836
3 9841 9840 9845
3 9841 9845 9846
3 9694 9845 9690
3 9690 9845 9840
3 9848 9847 9842
3 9847 9691 9842
3 9847 9696 9691
3 9848 9842 9843
3 9849 9846 9845
3 9845 9694 9849
3 9694 9850 9849
3 9694 9698 9850
3 9851 9699 9700
3 9852 9851 9700
3 9696 9852 9700
3 9847 9852 9696
3 9703 9850 9698
3 9703 9853 9850
3 9854 9705 9851
3 9851 9705 9699
3 9851 9852 9855
3 9851 9855 9854
3 9857 9856 9706
3 9857 9706 9707
3 9703 9706 9853
3 9853 9706 9856
3 9859 9858 9854
3 9858 9705 9854
3 9858 9709 9705
3 9859 9854 9855
3 9710 9857 9707
3 9710 9860 9857
3 9858 9861 9709
3 9709 9861 9712
3 9863 9862 9713
3 9712 9863 9713
3 9861 9863 9712
3 9864 9862 9863
3 9714 9860 9710
3 9714 9865 9860
3 9862 9715 9713
3 9716 9715 9862
3 9864 9716 9862
3 9866 9716 9864
3 9717 9865 9714
3 9717 9867 9865
3 9866 9868 9716
3 9716 9868 9718
3 9718 9869 9721
3 9868 9869 9718
3 9721 9870 9723
3 9869 9870 9721
3 9723 9871 9725
3 9870 9871 9723
3 9717 9725 9867
3 9867 9725 9871
3 9873 9872 9753
3 9753 9872 9752
3 9874 9753 9754
3 9874 9873 9753
3 9875 9754 9755
3 9875 9874 9754
3 9876 9755 9756
3 9876 9875 9755
3 9877 9756 9757
3 9877 9876 9756
3 9878 9757 9758
3 9878 9877 9757
3 9880 9878 9879
3 9878 9759 9879
3 9878 9758 9759
3 9879 9759 9881
3 9759 9882 9881
3 9759 9760 9882
3 9884 9882 9883
3 9882 9761 9883
3 9882 9760 9761
3 9762 9883 9761
3 9886 9885 9764
3 9764 9885 9763
3 9764 9752 9872
3 9764 9872 9886
3 9887 9880 9879
3 9887 9879 9881
3 9884 9883 9888
3 9884 9888 9889
3 9765 9888 9762
3 9762 9888 9883
3 9891 9890 9767
3 9767 9890 9766
3 9767 9763 9885
3 9767 9885 9891
3 9889 9888 9892
3 9889 9892 9893
3 9769 9892 9765
3 9765 9892 9888
3 9890 9770 9766
3 9894 9770 9890
3 9772 9895 9771
3 9896 9773 9771
3 9896 9771 9895
3 9897 9774 9773
3 9897 9773 9896
3 9898 9775 9774
3 9898 9774 9897
3 9898 9777 9775
3 9893 9892 9780
3 9779 9893 9780
3 9899 9893 9779
3 9780 9892 9769
3 9900 9781 9782
3 9901 9900 9782
3 9770 9901 9782
3 9894 9901 9770
3 9903 9902 9783
3 9903 9783 9784
3 9772 9783 9895
3 9783 9904 9895
3 9783 9902 9904
3 9906 9905 9904
3 9905 9895 9904
3 9905 9896 9895
3 9896 9907 9897
3 9896 9905 9907
3 9907 9786 9787
3 9898 9907 9787
3 9897 9907 9898
3 9898 9787 9777
3 9789 9899 9779
3 9789 9908 9899
3 9909 9790 9900
3 9900 9790 9781
3 9900 9901 9910
3 9900 9910 9909
3 9792 9911 9791
3 9911 9912 9791
3 9912 9784 9791
3 9912 9903 9784
3 9905 9906 9913
3 9913 9906 9914
3 9913 9794 9795
3 9907 9913 9795
3 9905 9913 9907
3 9907 9795 9786
3 9797 9908 9789
3 9797 9915 9908
3 9917 9916 9909
3 9916 9790 9909
3 9916 9798 9790
3 9917 9909 9910
3 9800 9918 9911
3 9800 9911 9792
3 9912 9911 9919
3 9919 9911 9918
3 9922 9921 9920
3 9922 9920 9914
3 9920 9913 9914
3 9920 9923 9913
3 9924 9801 9794
3 9913 9924 9794
3 9923 9924 9913
3 9925 9802 9801
3 9925 9801 9924
3 9925 9804 9802
3 9806 9915 9797
3 9806 9926 9915
3 9916 9807 9798
3 9927 9807 9916
3 9809 9928 9918
3 9809 9918 9800
3 9919 9918 9929
3 9918 9930 9929
3 9918 9928 9930
3 9929 9930 9921
3 9930 9920 9921
3 9930 9931 9920
3 9933 9923 9932
3 9923 9931 9932
3 9923 9920 9931
3 9923 9933 9924
3 9924 9933 9934
3 9924 9934 9925
3 9925 9934 9935
3 9925 9935 9804
3 9935 9810 9804
3 9935 9936 9810
3 9810 9937 9811
3 9936 9937 9810
3 9806 9811 9926
3 9926 9811 9937
3 9927 9813 9807
3 9938 9813 9927
3 9815 9939 9928
3 9815 9928 9809
3 9941 9930 9940
3 9930 9939 9940
3 9930 9928 9939
3 9930 9941 9931
3 9931 9941 9942
3 9931 9942 9932
3 9938 9817 9813
3 9943 9817 9938
3 9945 9944 9939
3 9815 9945 9939
3 9819 9945 9815
3 9939 9944 9940
3 9943 9820 9817
3 9946 9820 9943
3 9948 9947 9821
3 9948 9821 9822
3 9819 9821 9945
3 9945 9821 9947
3 9946 9823 9820
3 9949 9823 9946
3 9951 9950 9825
3 9951 9825 9826
3 9822 9825 9948
3 9948 9825 9950
3 9952 9827 9828
3 9953 9952 9828
3 9823 9953 9828
3 9949 9953 9823
3 9829 9951 9826
3 9829 9954 9951
3 9952 9830 9827
3 9953 9955 9952
3 9955 9830 9952
3 9955 9831 9830
3 9829 9831 9954
3 9954 9831 9955
3 9956 9836 9837
3 9838 9957 9837
3 9837 9957 9956
3 9839 9958 9838
3 9838 9958 9957
3 9841 9958 9839
3 9959 9843 9844
3 9836 9956 9844
3 9956 9959 9844
3 9956 9960 9959
3 9957 9962 9961
3 9960 9957 9961
3 9956 9957 9960
3 9964 9963 9962
3 9957 9964 9962
3 9958 9964 9957
3 9846 9964 9841
3 9841 9964 9958
3 9965 9847 9848
3 9843 9959 9848
3 9959 9965 9848
3 9959 9966 9965
3 9960 9968 9967
3 9966 9960 9967
3 9959 9960 9966
3 9968 9960 9961
3 9963 9964 9969
3 9963 9969 9970
3 9849 9971 9846
3 9971 9964 9846
3 9971 9969 9964
3 9850 9971 9849
3 9972 9852 9965
3 9965 9852 9847
3 9966 9974 9973
3 9972 9966 9973
3 9965 9966 9972
3 9974 9966 9967
3 9970 9969 9975
3 9970 9975 9976
3 9977 9969 9971
3 9975 9969 9977
3 9853 9977 9850
3 9850 9977 9971
3 9978 9855 9972
3 9972 9855 9852
3 9972 9973 9979
3 9972 9979 9978
3 9980 9976 9975
3 9857 9981 9856
3 9981 9975 9856
3 9975 9977 9856
3 9981 9980 9975
3 9856 9977 9853
3 9982 9858 9859
3 9855 9978 9859
3 9978 9982 9859
3 9978 9983 9982
3 9978 9979 9984
3 9978 9984 9983
3 9860 9981 9857
3 9860 9985 9981
3 9982 9861 9858
3 9861 9982 9863
3 9863 9982 9983
3 9864 9863 9983
3 9984 9864 9983
3 9986 9864 9984
3 9989 9988 9987
3 9988 9985 9987
3 9985 9865 9987
3 9985 9860 9865
3 9991 9866 9990
3 9866 9986 9990
3 9866 9864 9986
3 9993 9992 9991
3 9993 9991 9990
3 9995 9994 9992
3 9995 9992 9993
3 9994 9995 9989
3 9987 9994 9989
3 9996 9994 9987
3 9867 9996 9865
3 9865 9996 9987
3 9991 9868 9866
3 9868 9991 9869
3 9869 9991 9992
3 9869 9992 9870
3 9870 9992 9994
3 9870 9994 9871
3 9871 9994 9996
3 9871 9996 9867
3 9997 9872 9873
3 9997 9873 9998
3 9873 9999 9998
3 9873 9874 9999
3 10000 9874 9875
3 10000 9999 9874
3 10001 9875 9876
3 10001 10000 9875
3 10003 10001 10002
3 10001 9877 10002
3 10001 9876 9877
3 9878 10004 9877
3 9877 10004 10002
3 9880 10004 9878
3 10005 9881 9882
3 9884 10005 9882
3 10007 10006 9886
3 9886 10006 9885
3 9886 9872 9997
3 10008 9886 9997
3 10007 9886 10008
3 10008 9997 9998
3 10009 10003 10002
3 10009 10002 10004
3 10009 10004 10010
3 10010 10004 9880
3 9887 10010 9880
3 10011 10010 9887
3 9887 9881 10005
3 10012 9887 10005
3 10011 9887 10012
3 10005 9884 10012
3 9884 10013 10012
3 9884 9889 10013
3 10014 9890 9891
3 10015 10014 9891
3 9885 10015 9891
3 10006 10015 9885
3 9893 10013 9889
3 9893 10016 10013
3 10018 10017 10014
3 10017 9890 10014
3 10017 9894 9890
3 10018 10014 10015
3 9899 10016 9893
3 9899 10019 10016
3 10017 9901 9894
3 10020 9901 10017
3 9903 10021 9902
3 10022 9904 9902
3 10022 9902 10021
3 10022 9906 9904
3 10025 10024 10023
3 10024 10019 10023
3 10019 9908 10023
3 10019 9899 9908
3 10020 9910 9901
3 10026 9910 10020
3 9912 10027 10021
3 9912 10021 9903
3 10021 10028 10022
3 10021 10027 10028
3 10028 9914 9906
3 10028 9906 10022
3 10025 10023 10029
3 10025 10029 10030
3 9915 10029 9908
3 9908 10029 10023
3 10031 9916 9917
3 10032 10031 9917
3 9910 10032 9917
3 10026 10032 9910
3 9919 10033 10027
3 9919 10027 9912
3 10033 9921 9922
3 10028 10033 9922
3 10027 10033 10028
3 10028 9922 9914
3 10030 10029 10034
3 10030 10034 10035
3 9926 10034 9915
3 9915 10034 10029
3 10036 9927 10031
3 10031 9927 9916
3 10031 10032 10037
3 10031 10037 10036
3 9929 10033 9919
3 10033 9929 9921
3 9932 10038 9933
3 10039 9934 9933
3 10039 9933 10038
3 9934 10039 10040
3 10041 9934 10040
3 9935 9934 10041
3 9935 10042 9936
3 10041 10042 9935
3 10034 9937 10035
3 9937 10042 10035
3 9937 9936 10042
3 9937 10034 9926
3 10043 9938 10036
3 10036 9938 9927
3 10036 10037 10044
3 10036 10044 10043
3 9940 10045 9941
3 10046 9942 9941
3 10046 9941 10045
3 10046 10047 9942
3 9942 10047 9932
3 10047 10048 9932
3 10048 10038 9932
3 10038 10048 10039
3 10039 10048 10049
3 10039 10049 10040
3 10050 9943 10043
3 10043 9943 9938
3 10043 10044 10051
3 10043 10051 10050
3 9945 10052 9944
3 10052 10053 9944
3 9944 10053 9940
3 10053 10054 9940
3 10054 10045 9940
3 10045 10054 10046
3 10046 10054 10055
3 10046 10055 10047
3 10056 9946 10050
3 10050 9946 9943
3 10050 10051 10057
3 10050 10057 10056
3 9948 10058 9947
3 10058 10059 9947
3 9947 10059 9945
3 10059 10060 9945
3 10060 10052 9945
3 10052 10060 10053
3 10061 9949 10056
3 10056 9949 9946
3 10063 10062 10057
3 10062 10064 10057
3 9950 10057 10064
3 10057 9950 10056
3 9951 10056 9950
3 10056 9951 10062
3 10062 10061 10056
3 10063 10061 10062
3 10062 9951 10064
3 10058 9948 9950
3 10064 10058 9950
3 10065 10058 10064
3 10059 10058 10066
3 10066 10058 10065
3 10067 9953 10061
3 10061 9953 9949
3 9954 10064 9951
3 10064 9954 10068
3 10067 10068 9954
3 10068 10067 10063
3 10061 10063 10067
3 10064 10068 10065
3 10065 10068 10069
3 10065 10069 10066
3 10067 9955 9953
3 9955 10067 9954
3 10070 9961 9962
3 9963 10070 9962
3 10071 9967 9968
3 9961 10070 9968
3 10070 10071 9968
3 10070 10072 10071
3 9970 10072 9963
3 9963 10072 10070
3 10073 9973 9974
3 10074 10073 9974
3 10074 9974 9967
3 10075 10074 9967
3 10071 10075 9967
3 10077 10076 10075
3 10071 10077 10075
3 10072 10077 10071
3 9976 10077 9970
3 9970 10077 10072
3 10078 9979 10073
3 10073 9979 9973
3 10073 10074 10079
3 10073 10079 10078
3 10076 10077 10080
3 10076 10080 10081
3 9980 10082 9976
3 10082 10077 9976
3 10082 10080 10077
3 9981 10082 9980
3 10083 9984 10078
3 10078 9984 9979
3 10078 10079 10084
3 10078 10084 10083
3 10081 10080 10085
3 10081 10085 10086
3 10087 10080 10082
3 10085 10080 10087
3 9985 10087 9981
3 9981 10087 10082
3 10088 9986 10083
3 10083 9986 9984
3 10083 10084 10089
3 10083 10089 10088
3 10086 10085 10090
3 10086 10090 10091
3 9989 10090 9988
3 10090 10087 9988
3 10090 10085 10087
3 9988 10087 9985
3 10088 9990 9986
3 10089 10092 10088
3 10092 9990 10088
3 10092 9993 9990
3 10090 9995 10091
3 9995 10092 10091
3 9995 9993 10092
3 9995 10090 9989
3 10093 9998 9999
3 10000 10094 9999
3 9999 10094 10093
3 10001 10095 10000
3 10000 10095 10094
3 10003 10095 10001
3 10096 10006 10007
3 10096 10007 10097
3 10007 10098 10097
3 10007 10008 10098
3 10008 9998 10093
3 10099 10008 10093
3 10098 10008 10099
3 10099 10093 10094
3 10099 10094 10100
3 10100 10094 10095
3 10100 10095 10101
3 10101 10095 10003
3 10009 10101 10003
3 10102 10101 10009
3 10103 10009 10010
3 10103 10102 10009
3 10105 10103 10104
3 10103 10011 10104
3 10103 10010 10011
3 10012 10106 10011
3 10011 10106 10104
3 10013 10106 10012
3 10108 10107 10096
3 10107 10006 10096
3 10107 10015 10006
3 10108 10096 10097
3 10109 10105 10104
3 10111 10110 10109
3 10104 10111 10109
3 10106 10111 10104
3 10016 10111 10013
3 10013 10111 10106
3 10112 10017 10018
3 10113 10112 10018
3 10015 10113 10018
3 10107 10113 10015
3 10110 10111 10114
3 10110 10114 10115
3 10019 10114 10016
3 10016 10114 10111
3 10116 10020 10112
3 10112 10020 10017
3 10112 10113 10117
3 10112 10117 10116
3 10115 10114 10024
3 10025 10115 10024
3 10118 10115 10025
3 10024 10114 10019
3 10119 10026 10116
3 10116 10026 10020
3 10116 10117 10120
3 10116 10120 10119
3 10030 10118 10025
3 10030 10121 10118
3 10122 10032 10119
3 10119 10032 10026
3 10119 10120 10123
3 10119 10123 10122
3 10126 10125 10124
3 10125 10121 10124
3 10121 10035 10124
3 10121 10030 10035
3 10128 10127 10122
3 10127 10032 10122
3 10127 10037 10032
3 10128 10122 10123
3 10130 10129 10041
3 10130 10041 10040
3 10124 10042 10126
3 10042 10129 10126
3 10042 10041 10129
3 10042 10124 10035
3 10127 10044 10037
3 10131 10044 10127
3 10047 10132 10048
3 10048 10132 10133
3 10134 10048 10133
3 10049 10048 10134
3 10040 10049 10130
3 10130 10049 10134
3 10131 10051 10044
3 10135 10051 10131
3 10053 10136 10054
3 10054 10136 10137
3 10138 10054 10137
3 10055 10054 10138
3 10047 10055 10132
3 10055 10139 10132
3 10055 10138 10139
3 10132 10139 10133
3 10135 10057 10051
3 10140 10057 10135
3 10059 10141 10060
3 10141 10142 10060
3 10060 10142 10053
3 10142 10143 10053
3 10143 10136 10053
3 10136 10143 10137
3 10145 10063 10144
3 10063 10140 10144
3 10063 10057 10140
3 10146 10145 10144
3 10148 10147 10141
3 10059 10148 10141
3 10066 10148 10059
3 10141 10147 10142
3 10145 10068 10063
3 10146 10149 10145
3 10149 10068 10145
3 10149 10069 10068
3 10066 10069 10148
3 10148 10069 10149
3 10150 10074 10075
3 10076 10150 10075
3 10151 10079 10150
3 10150 10079 10074
3 10081 10151 10076
3 10076 10151 10150
3 10152 10084 10151
3 10151 10084 10079
3 10086 10152 10081
3 10081 10152 10151
3 10153 10089 10152
3 10152 10089 10084
3 10091 10153 10086
3 10086 10153 10152
3 10153 10092 10089
3 10092 10153 10091
3 10154 10097 10098
3 10099 10155 10098
3 10098 10155 10154
3 10100 10156 10099
3 10099 10156 10155
3 10156 10100 10157
3 10100 10158 10157
3 10100 10101 10158
3 10159 10101 10102
3 10159 10158 10101
3 10161 10159 10160
3 10159 10103 10160
3 10159 10102 10103
3 10105 10160 10103
3 10162 10107 10108
3 10097 10154 10108
3 10154 10162 10108
3 10154 10163 10162
3 10164 10154 10155
3 10163 10154 10164
3 10156 10166 10165
3 10164 10156 10165
3 10155 10156 10164
3 10166 10156 10157
3 10161 10160 10167
3 10161 10167 10168
3 10109 10169 10105
3 10169 10160 10105
3 10169 10167 10160
3 10110 10169 10109
3 10170 10113 10162
3 10162 10113 10107
3 10163 10172 10171
3 10170 10163 10171
3 10162 10163 10170
3 10172 10163 10164
3 10172 10164 10173
3 10173 10164 10165
3 10174 10168 10167
3 10176 10175 10174
3 10167 10176 10174
3 10169 10176 10167
3 10115 10176 10110
3 10110 10176 10169
3 10177 10117 10170
3 10170 10117 10113
3 10170 10171 10178
3 10170 10178 10177
3 10175 10176 10179
3 10175 10179 10180
3 10118 10179 10115
3 10115 10179 10176
3 10182 10181 10177
3 10181 10117 10177
3 10181 10120 10117
3 10182 10177 10178
3 10180 10179 10183
3 10180 10183 10184
3 10121 10183 10118
3 10118 10183 10179
3 10181 10123 10120
3 10185 10123 10181
3 10188 10187 10186
3 10190 10189 10186
3 10190 10186 10187
3 10189 10190 10184
3 10189 10184 10183
3 10126 10189 10183
3 10125 10126 10183
3 10125 10183 10121
3 10191 10127 10128
3 10192 10191 10128
3 10123 10192 10128
3 10185 10192 10123
3 10188 10186 10193
3 10188 10193 10194
3 10130 10193 10129
3 10193 10189 10129
3 10193 10186 10189
3 10129 10189 10126
3 10195 10131 10191
3 10191 10131 10127
3 10191 10192 10196
3 10191 10196 10195
3 10199 10198 10197
3 10197 10198 10194
3 10197 10194 10193
3 10133 10197 10193
3 10134 10133 10193
3 10134 10193 10130
3 10200 10135 10195
3 10195 10135 10131
3 10195 10196 10201
3 10195 10201 10200
3 10137 10202 10138
3 10203 10199 10197
3 10138 10203 10197
3 10139 10138 10197
3 10203 10138 10202
3 10139 10197 10133
3 10204 10140 10200
3 10200 10140 10135
3 10200 10201 10205
3 10206 10200 10205
3 10204 10200 10206
3 10207 10206 10205
3 10209 10208 10143
3 10209 10143 10142
3 10137 10143 10202
3 10143 10210 10202
3 10143 10208 10210
3 10202 10210 10203
3 10204 10144 10140
3 10144 10204 10146
3 10204 10211 10146
3 10204 10206 10211
3 10212 10147 10148
3 10206 10212 10148
3 10211 10206 10148
3 10212 10206 10207
3 10142 10147 10209
3 10209 10147 10212
3 10211 10149 10146
3 10149 10211 10148
3 10213 10157 10158
3 10159 10214 10158
3 10158 10214 10213
3 10161 10214 10159
3 10215 10165 10166
3 10157 10213 10166
3 10213 10215 10166
3 10213 10216 10215
3 10217 10213 10214
3 10216 10213 10217
3 10168 10217 10161
3 10161 10217 10214
3 10218 10171 10172
3 10173 10219 10172
3 10172 10219 10218
3 10165 10215 10173
3 10215 10219 10173
3 10215 10220 10219
3 10221 10215 10216
3 10220 10215 10221
3 10222 10216 10217
3 10221 10216 10222
3 10174 10223 10168
3 10223 10217 10168
3 10223 10222 10217
3 10175 10223 10174
3 10224 10178 10218
3 10218 10178 10171
3 10225 10218 10219
3 10224 10218 10225
3 10226 10219 10220
3 10225 10219 10226
3 10227 10220 10221
3 10226 10220 10227
3 10228 10221 10222
3 10227 10221 10228
3 10229 10222 10223
3 10228 10222 10229
3 10180 10229 10175
3 10175 10229 10223
3 10230 10181 10182
3 10231 10230 10182
3 10231 10182 10178
3 10232 10231 10178
3 10224 10232 10178
3 10232 10224 10225
3 10232 10225 10233
3 10235 10234 10233
3 10225 10235 10233
3 10226 10235 10225
3 10236 10226 10227
3 10235 10226 10236
3 10237 10227 10228
3 10236 10227 10237
3 10238 10228 10229
3 10237 10228 10238
3 10184 10238 10180
3 10180 10238 10229
3 10239 10185 10230
3 10230 10185 10181
3 10230 10231 10240
3 10230 10240 10239
3 10241 10234 10235
3 10243 10242 10241
3 10235 10243 10241
3 10236 10243 10235
3 10188 10243 10187
3 10243 10237 10187
3 10243 10236 10237
3 10187 10237 10190
3 10190 10237 10238
3 10190 10238 10184
3 10244 10192 10239
3 10239 10192 10185
3 10239 10240 10245
3 10239 10245 10244
3 10242 10243 10246
3 10242 10246 10247
3 10194 10246 10188
3 10188 10246 10243
3 10248 10196 10244
3 10244 10196 10192
3 10244 10245 10249
3 10250 10244 10249
3 10248 10244 10250
3 10251 10250 10249
3 10254 10253 10252
3 10252 10253 10247
3 10252 10247 10246
3 10199 10252 10246
3 10198 10199 10246
3 10198 10246 10194
3 10255 10201 10248
3 10248 10201 10196
3 10256 10248 10250
3 10255 10248 10256
3 10250 10251 10257
3 10258 10250 10257
3 10256 10250 10258
3 10258 10257 10254
3 10252 10258 10254
3 10259 10258 10252
3 10203 10259 10199
3 10199 10259 10252
3 10255 10205 10201
3 10205 10255 10207
3 10255 10260 10207
3 10255 10256 10260
3 10209 10260 10208
3 10260 10258 10208
3 10260 10256 10258
3 10208 10258 10210
3 10210 10258 10259
3 10210 10259 10203
3 10260 10212 10207
3 10212 10260 10209
3 10261 10231 10232
3 10233 10262 10232
3 10232 10262 10261
3 10234 10262 10233
3 10263 10240 10261
3 10261 10240 10231
3 10264 10261 10262
3 10263 10261 10264
3 10241 10265 10234
3 10265 10262 10234
3 10265 10264 10262
3 10242 10265 10241
3 10266 10245 10263
3 10263 10245 10240
3 10267 10263 10264
3 10266 10263 10267
3 10268 10264 10265
3 10267 10264 10268
3 10247 10268 10242
3 10242 10268 10265
3 10266 10249 10245
3 10249 10266 10251
3 10266 10269 10251
3 10266 10267 10269
3 10254 10269 10253
3 10269 10268 10253
3 10269 10267 10268
3 10253 10268 10247
3 10269 10257 10251
3 10257 10269 10254
